step,system_total_stopped,system_total_waiting_time,system_mean_waiting_time,system_mean_speed,cluster_10564135163_13571629282_5146149679_stopped,cluster_10564135163_13571629282_5146149679_accumulated_waiting_time,cluster_10564135163_13571629282_5146149679_average_speed,cluster_10564135205_11749189839_3266988437_5129187741_#3more_stopped,cluster_10564135205_11749189839_3266988437_5129187741_#3more_accumulated_waiting_time,cluster_10564135205_11749189839_3266988437_5129187741_#3more_average_speed,cluster_10564135211_11749189838_12136544949_12136544951_#7more_stopped,cluster_10564135211_11749189838_12136544949_12136544951_#7more_accumulated_waiting_time,cluster_10564135211_11749189838_12136544949_12136544951_#7more_average_speed,cluster_10564135212_13571629279_13571629299_stopped,cluster_10564135212_13571629279_13571629299_accumulated_waiting_time,cluster_10564135212_13571629279_13571629299_average_speed,agents_total_stopped,agents_total_accumulated_waiting_time
0.0,0,0.0,0.0,0.0,0,0.0,1.0,0,0.0,1.0,0,0.0,1.0,0,0.0,1.0,0,0.0
5.0,0,0.0,0.0,10.441350276638254,0,0.0,1.0,0,0.0,0.9871330692487007,0,0.0,1.0,0,0.0,0.9863227597448099,0,0.0
10.0,0,0.0,0.0,9.44140053397751,0,0.0,1.0,0,0.0,0.9906518987692279,0,0.0,1.0,0,0.0,0.9900631915307232,0,0.0
15.0,0,0.0,0.0,8.683568267636824,0,0.0,1.0,0,0.0,0.9453641205311972,0,0.0,1.0,0,0.0,0.9419233642822731,0,0.0
20.0,0,0.0,0.0,9.058438783474966,0,0.0,1.0,0,0.0,0.9839784138523525,0,0.0,1.0,0,0.0,0.9933107105266935,0,0.0
25.0,0,0.0,0.0,8.188166331604693,0,0.0,1.0,0,0.0,0.9597272244258179,0,0.0,0.971395563917159,0,0.0,0.5409572053894874,0,0.0
30.0,2,8.0,0.6153846153846154,7.218223863187934,0,0.0,1.0,0,0.0,0.99318173313464,1,3.0,0.472918515750988,1,5.0,0.47082372726073335,2,8.0
35.0,2,18.0,1.2857142857142858,7.131609233468135,0,0.0,1.0,0,0.0,0.9385000999722308,1,8.0,0.4987185731661064,1,10.0,0.4726995077550975,2,18.0
40.0,2,28.0,1.6470588235294117,6.421325445098883,0,0.0,1.0,0,0.0,0.7856523015641763,1,13.0,0.48503167607862935,1,15.0,0.34284298984900996,2,28.0
45.0,3,26.0,1.4444444444444444,6.804860285757324,0,0.0,1.0,1,3.0,0.4936241327960525,0,0.0,0.9708638075794148,2,23.0,0.22176138831407674,3,26.0
50.0,3,41.0,2.05,7.50286522520058,0,0.0,1.0,1,8.0,0.494671890886446,0,0.0,0.5160895419036944,2,33.0,0.32896856216366815,3,41.0
55.0,5,60.0,2.727272727272727,7.5838265636998665,0,0.0,1.0,2,13.0,0.32984280670100335,1,4.0,0.4833625819321628,2,43.0,0.4643784709096929,5,60.0
60.0,5,83.0,3.608695652173913,6.947176081068781,0,0.0,1.0,2,21.0,0.12786286544213823,1,9.0,0.44780577672960836,2,53.0,0.48835608493987637,5,83.0
65.0,2,16.0,0.7272727272727273,6.424743846510288,0,0.0,1.0,0,0.0,0.8106060122095591,2,16.0,0.00036530993879754293,0,0.0,0.7300239669629428,2,16.0
70.0,1,7.0,0.30434782608695654,7.583298463124711,0,0.0,1.0,0,0.0,0.9789421437204905,1,13.0,0.4184145274463999,0,0.0,0.9932020646644957,1,13.0
75.0,2,12.0,0.46153846153846156,8.407936668721344,0,3.0,0.6776665771989843,0,0.0,0.8831587713362897,2,18.0,0.48195437075094794,0,0.0,0.9631703118641065,2,21.0
80.0,1,17.0,0.6296296296296297,9.026284457992448,0,0.0,1.0,0,0.0,0.9575325490904797,1,23.0,0.7175339802851977,0,0.0,0.9702346993294323,1,23.0
85.0,1,22.0,0.7586206896551724,9.126884928677391,0,0.0,1.0,0,0.0,0.8459642999349218,1,28.0,0.8009279556240134,0,0.0,0.977633794134823,1,28.0
90.0,1,5.0,0.1724137931034483,8.738599733675846,0,0.0,1.0,1,5.0,0.7408036415700966,0,6.0,0.7938162673636283,0,0.0,0.96442426253021,1,11.0
95.0,3,17.0,0.5483870967741935,8.758480170428975,0,0.0,1.0,2,14.0,0.652332252425344,1,9.0,0.7531435638762176,0,0.0,0.9187969708274959,3,23.0
100.0,4,35.0,1.0606060606060606,8.84068277830977,0,0.0,1.0,2,24.0,0.6321591340213588,2,11.0,0.45201060135749893,0,0.0,0.9714144022000435,4,35.0
105.0,7,64.0,1.9393939393939394,7.062533078212193,0,0.0,1.0,4,39.0,0.27242523799400964,3,25.0,0.3352575080748294,0,0.0,0.9920188270313073,7,64.0
110.0,10,91.0,2.5277777777777777,6.262046084399696,0,0.0,1.0,5,61.0,0.24115239566075927,3,27.0,0.16571408866830714,0,0.0,0.9435658331905996,8,88.0
115.0,12,145.0,3.918918918918919,5.994458963502106,0,3.0,0.9014180255722669,6,87.0,0.29439555961156993,3,42.0,0.00921403421663913,0,0.0,0.7875151575213238,9,132.0
120.0,14,200.0,5.405405405405405,5.599666384739917,0,0.0,1.0,7,119.0,0.3010761935041492,4,58.0,0.0019493974738876445,1,4.0,0.39619216526910356,12,181.0
125.0,15,264.0,7.135135135135135,4.983120835611078,0,0.0,1.0,8,155.0,0.2647664479462651,4,78.0,0.025318161226666448,0,0.0,0.9423986369739392,12,233.0
130.0,18,348.0,9.157894736842104,3.7501595435120207,0,0.0,1.0,9,198.0,0.07772996699890349,4,102.0,0.09843032936849735,0,0.0,0.9464359527801162,13,300.0
135.0,21,450.0,11.538461538461538,3.391664440751885,0,0.0,1.0,10,250.0,0.07370775552393724,6,129.0,0.2047747475942273,0,0.0,0.9860681480586281,16,379.0
140.0,22,520.0,13.333333333333334,3.8136208382403094,0,0.0,1.0,10,298.0,0.08508760541866746,8,167.0,0.10710476652009535,0,0.0,0.9364358488066093,18,465.0
145.0,18,477.0,11.093023255813954,4.690723111741452,0,0.0,1.0,9,287.0,0.09381183347321306,8,207.0,0.0,0,0.0,0.9216573454905886,17,494.0
150.0,9,303.0,6.886363636363637,5.797560068301811,0,0.0,1.0,7,284.0,0.14503907900474242,1,67.0,0.02298064368826667,0,0.0,0.6430635018200527,8,351.0
155.0,10,328.0,7.130434782608695,6.282717666638364,0,6.0,0.677249317240632,7,328.0,0.232033648011331,0,22.0,0.6909933615299276,1,4.0,0.6645247876468617,8,360.0
160.0,10,365.0,7.934782608695652,7.09895435132257,2,8.0,0.16798128021570272,7,363.0,0.36547409507887674,0,3.0,0.7061856050562187,1,9.0,0.5626449799878839,10,383.0
165.0,6,24.0,0.4897959183673469,6.370284378252908,2,18.0,0.03028141889680631,0,63.0,0.5949630281757754,1,8.0,0.7225089854209191,0,0.0,0.13399622273047185,3,89.0
170.0,11,67.0,1.34,6.361981899122779,2,28.0,0.004627713975569088,1,14.0,0.7751252983248378,2,18.0,0.5976155133774169,0,0.0,0.5424151876418599,5,60.0
175.0,16,141.0,2.82,6.236764979149696,3,42.0,0.0009586291687269491,1,19.0,0.7566558719133676,3,42.0,0.5824699309769401,0,0.0,0.9052215024399048,7,103.0
180.0,17,203.0,4.06,5.932606770975611,3,57.0,0.00019529750279874143,1,18.0,0.7752825921004761,7,70.0,0.4454392773732542,0,0.0,0.9470540363142042,11,145.0
185.0,15,221.0,4.25,6.546577531880382,3,72.0,6.290393166716016e-05,1,20.0,0.6316104441868332,8,102.0,0.39852113025673536,0,0.0,0.9704947858903866,12,194.0
190.0,10,185.0,3.490566037735849,7.659713248738828,3,87.0,6.843314789714741e-06,1,25.0,0.6310699024196623,6,91.0,0.5020731175266427,0,0.0,0.9426985416138806,10,203.0
195.0,11,236.0,4.72,7.38017078525095,3,102.0,3.518953121811011e-06,1,33.0,0.7316740918765746,7,122.0,0.4000532969045431,0,0.0,0.9559218997590072,11,257.0
200.0,14,296.0,5.6923076923076925,6.561068650247843,3,117.0,0.0,2,39.0,0.575354434700492,9,161.0,0.23554607153093182,0,0.0,0.6842946805558444,14,317.0
205.0,18,382.0,7.2075471698113205,5.718741276436013,3,132.0,0.0,2,49.0,0.48712842235983456,9,206.0,0.16053558214092442,2,8.0,0.46769030509269305,16,395.0
210.0,11,279.0,5.365384615384615,6.092863378651081,3,147.0,0.0,2,59.0,0.485082768637664,2,80.0,0.24399650706178763,2,18.0,0.46951155116541954,9,304.0
215.0,12,335.0,6.320754716981132,6.987211550847245,3,168.0,0.1446611643217485,2,86.0,0.5116900414670343,2,59.0,0.4630367327160269,3,29.0,0.24551601530577127,10,342.0
220.0,8,204.0,3.7777777777777777,6.769597604298502,0,51.0,0.1997962499169283,2,93.0,0.6558230718638035,2,86.0,0.6531097728975791,3,44.0,0.306991838764371,7,274.0
225.0,9,226.0,4.346153846153846,6.988094405043129,0,0.0,0.36342144572546853,2,109.0,0.5751813345709074,3,99.0,0.3314550727511784,4,61.0,0.19258284740453785,9,269.0
230.0,12,280.0,5.283018867924528,6.951808611559852,0,0.0,0.6347784602006207,3,117.0,0.5551208833114304,5,119.0,0.27481027974851574,4,81.0,0.19196514329873796,12,317.0
235.0,14,341.0,6.2,7.125851593732541,0,0.0,0.962191380656871,4,133.0,0.5005435296754515,5,144.0,0.2688606466530502,5,101.0,0.16167721363856788,14,378.0
240.0,13,378.0,6.631578947368421,7.06087550777526,0,0.0,1.0,5,155.0,0.3698239817622524,4,135.0,0.1803024191242627,4,121.0,0.23357955638031913,13,411.0
245.0,16,446.0,8.415094339622641,6.664075161020527,0,0.0,1.0,8,188.0,0.16113490834196717,4,134.0,0.0014819306494388233,4,141.0,0.24454525570368654,16,463.0
250.0,17,528.0,9.962264150943396,6.436843650827167,0,0.0,1.0,9,232.0,0.2027299586399214,4,153.0,5.038384066174322e-06,4,161.0,0.17050124463300656,17,546.0
255.0,18,614.0,12.03921568627451,5.793492319674026,0,0.0,1.0,10,278.0,0.15253029494787093,4,173.0,0.0,4,181.0,0.16877527153874067,18,632.0
260.0,14,490.0,9.8,5.501618963645582,0,0.0,1.0,11,329.0,0.11529727938273665,3,178.0,0.0,0,49.0,0.32513729862171104,14,556.0
265.0,14,560.0,11.428571428571429,6.282520852380796,0,3.0,0.5701776449872114,11,384.0,0.2037167432915323,3,199.0,0.3432301070247928,0,0.0,0.6943835724329291,14,586.0
270.0,14,630.0,12.6,6.404042617928215,0,0.0,1.0,11,439.0,0.24013966914879611,3,208.0,0.38677612497265834,0,0.0,0.9654292139498962,14,647.0
275.0,15,704.0,13.803921568627452,6.820034116019766,0,0.0,1.0,12,498.0,0.3215788510214458,3,223.0,0.19101191287217745,0,0.0,0.9797079958579558,15,721.0
280.0,16,601.0,12.02,6.045906305504393,0,0.0,1.0,13,562.0,0.25643396822339676,3,141.0,0.20143251928024136,0,0.0,0.5920484012276807,16,703.0
285.0,11,415.0,8.3,6.327068721964497,0,0.0,1.0,7,411.0,0.35299259301934277,3,18.0,0.23379334040814873,1,5.0,0.469412694189971,11,434.0
290.0,12,472.0,9.254901960784315,7.125915414764878,0,0.0,1.0,7,438.0,0.4080246689422871,3,33.0,0.39110853955431485,1,10.0,0.6400141732029044,11,481.0
295.0,12,527.0,9.943396226415095,7.220796373441374,0,0.0,1.0,7,475.0,0.39190575260114374,3,54.0,0.6204686660318963,2,17.0,0.3258864073229177,12,546.0
300.0,9,539.0,9.981481481481481,7.634694896122404,0,0.0,1.0,7,510.0,0.2866790383540945,2,48.0,0.7311923676892403,0,0.0,0.9322332671857687,9,558.0
305.0,12,590.0,11.132075471698114,6.721809006942709,0,0.0,1.0,8,544.0,0.19432514435274467,3,66.0,0.5535808333275175,0,0.0,0.9928850840282031,11,610.0
310.0,12,641.0,12.09433962264151,6.875901773696828,0,0.0,1.0,8,581.0,0.2535598948156117,4,78.0,0.4254060655476776,0,0.0,0.9699818127574407,12,659.0
315.0,13,706.0,13.320754716981131,6.6018685731223785,0,0.0,1.0,8,621.0,0.3127657952085083,5,103.0,0.5264440442279062,0,0.0,0.9704735563264403,13,724.0
320.0,16,751.0,14.169811320754716,5.451371202410867,0,0.0,0.34074659145924,9,664.0,0.24565405105463614,5,113.0,0.18706136177124794,0,0.0,0.9355866838353935,14,777.0
325.0,17,825.0,14.732142857142858,6.333458093821426,1,4.0,0.00015330599967557941,9,709.0,0.2968744621400266,5,116.0,0.14827438665645606,0,0.0,0.9747515502077351,15,829.0
330.0,17,910.0,17.169811320754718,5.821488496522379,1,9.0,0.0,9,757.0,0.34693005130261817,5,141.0,0.13526498852240676,0,0.0,0.5361511724209034,15,907.0
335.0,20,1009.0,18.345454545454544,5.812431819725299,1,14.0,0.0,9,802.0,0.17762630961952064,6,171.0,0.24152525221635485,1,4.0,0.6218734766036689,17,991.0
340.0,20,1104.0,20.444444444444443,5.509434233347505,1,19.0,0.0,10,851.0,0.15126060233392288,6,201.0,0.23911570593790565,0,0.0,0.930951909204522,17,1071.0
345.0,17,636.0,10.96551724137931,5.398887959104486,1,24.0,0.0,7,575.0,0.23583709805989858,7,235.0,0.16291059495609309,0,0.0,0.9209945104494368,15,834.0
350.0,13,389.0,6.706896551724138,5.917139181446843,1,29.0,0.0,2,170.0,0.37495907113244253,8,271.0,0.139645180832285,0,0.0,0.9559632338978667,11,470.0
355.0,13,454.0,7.694915254237288,6.862082787498245,1,34.0,0.0,2,47.0,0.4920166723491873,8,314.0,0.2157231047896313,0,0.0,0.9516048879756092,11,395.0
360.0,7,339.0,5.844827586206897,6.770200346645927,1,39.0,0.0,2,57.0,0.3181882567520329,2,194.0,0.48032159867866564,0,0.0,0.5539507481681368,5,290.0
365.0,10,338.0,5.633333333333334,6.817532115822052,1,50.0,0.3945553757361571,2,76.0,0.4590020049149248,3,177.0,0.5851417435326807,1,4.0,0.6500160689341371,7,307.0
370.0,7,299.0,4.983333333333333,6.582517303250901,1,58.0,0.09961169575284459,1,65.0,0.7407517084883981,3,192.0,0.5744667295999345,1,9.0,0.36551839382649903,6,324.0
375.0,14,359.0,6.298245614035087,5.8854585200350815,3,73.0,0.0219396408391719,2,67.0,0.6886536503231051,3,207.0,0.561277616429277,2,18.0,0.3309724056339627,10,365.0
380.0,15,218.0,3.694915254237288,5.817054334758208,4,92.0,0.006351062938651693,3,79.0,0.6052047018188099,1,123.0,0.619603396796233,0,0.0,0.8771966970781429,8,294.0
385.0,18,287.0,4.783333333333333,6.065245820256197,6,119.0,0.0018792531474232774,3,97.0,0.6399405833873791,2,20.0,0.7111778334343031,0,0.0,0.9558026580398469,11,236.0
390.0,13,217.0,3.6779661016949152,6.341768775217405,1,32.0,0.012710807946656738,1,86.0,0.7533299351815504,3,28.0,0.5615966907034761,0,0.0,0.9763885828022587,5,146.0
395.0,15,277.0,4.859649122807017,6.2311064958531635,0,8.0,0.17558963523546045,2,91.0,0.6399765618856996,5,48.0,0.327863814701748,0,0.0,0.9723448184369197,7,147.0
400.0,14,262.0,4.517241379310345,6.796047420472379,0,0.0,1.0,4,104.0,0.4958783549276249,4,57.0,0.4468384113401308,0,0.0,0.9624811348775303,8,161.0
405.0,9,167.0,2.830508474576271,7.260934885265936,0,0.0,1.0,5,127.0,0.40625480360102756,2,44.0,0.5606300953200817,1,1.0,0.6174748154763794,8,172.0
410.0,9,191.0,3.3508771929824563,7.221964752453973,0,0.0,1.0,5,152.0,0.22981055154413246,3,49.0,0.36914318021350473,1,6.0,0.5737404397757325,9,207.0
415.0,14,249.0,4.293103448275862,6.777176455605649,0,0.0,1.0,7,180.0,0.05683786653972519,5,71.0,0.40353310335588527,2,14.0,0.4823245033021713,14,265.0
420.0,13,297.0,5.5,6.421351640944652,0,0.0,1.0,7,213.0,0.04181067517428807,6,100.0,0.38207055235495696,0,0.0,0.9616282310101512,13,313.0
425.0,14,363.0,7.26,5.45023137071119,0,0.0,1.0,7,249.0,0.1835905547514687,6,136.0,0.38196194431875147,0,0.0,0.9345908586438533,13,385.0
430.0,12,286.0,5.836734693877551,5.041452955442194,0,0.0,1.0,1,134.0,0.4935036558311677,8,173.0,0.23344519112069748,0,0.0,0.9840679198938018,9,307.0
435.0,15,360.0,7.0588235294117645,6.081511607603117,0,0.0,1.0,1,118.0,0.64599908510522,10,222.0,0.20077223982827275,0,0.0,0.959706158761118,11,340.0
440.0,17,441.0,8.82,5.816756079996658,0,0.0,1.0,1,123.0,0.6468545412660585,10,278.0,0.2314436908206513,0,0.0,0.9207485270186506,11,401.0
445.0,18,504.0,9.882352941176471,5.566330448768352,0,0.0,1.0,1,132.0,0.5272275549692033,13,340.0,0.21301605576586355,1,3.0,0.48140781129421306,15,475.0
450.0,16,528.0,10.153846153846153,5.89062928134028,0,0.0,1.0,1,140.0,0.7023000211070984,14,406.0,0.1730091407452635,1,8.0,0.4787218471461902,16,554.0
455.0,19,616.0,11.407407407407407,5.540404419262942,0,0.0,1.0,1,141.0,0.5006263677938296,14,476.0,0.17278624313455268,1,13.0,0.4300458022407011,16,630.0
460.0,21,719.0,14.098039215686274,5.240114975540578,0,0.0,1.0,2,147.0,0.3295503973610427,14,546.0,0.18100305951444504,2,22.0,0.4843578062282437,18,715.0
465.0,8,268.0,5.469387755102041,5.237959521500719,0,0.0,1.0,2,157.0,0.3173799987717047,3,253.0,0.20035176480174324,2,32.0,0.489463726596285,7,442.0
470.0,3,188.0,3.6862745098039214,6.8968612515138075,0,3.0,0.5895178924956425,2,176.0,0.556485260036067,1,119.0,0.4774746177409858,0,0.0,0.9708676781173345,3,298.0
475.0,4,205.0,4.1,7.4006219752340225,0,9.0,0.23577521941219085,3,188.0,0.578916634856147,1,59.0,0.4605530781773381,0,0.0,0.9645249569983906,4,256.0
480.0,8,242.0,4.745098039215686,7.137198001284897,3,21.0,0.09344022370115725,3,203.0,0.6456334182337753,2,63.0,0.34525184075753695,0,0.0,0.9394033050764309,8,287.0
485.0,13,290.0,5.686274509803922,6.4211233888193435,3,36.0,0.010731856204578416,3,218.0,0.722518793766803,4,77.0,0.1868208646277983,0,0.0,0.926284809155188,10,331.0
490.0,17,319.0,6.134615384615385,4.79294008511487,6,59.0,0.0021506437573002024,1,182.0,0.7101417771306843,5,98.0,0.0012461460757863256,0,0.0,0.9582206789489315,12,339.0
495.0,15,381.0,7.326923076923077,5.247196547484639,6,89.0,0.0007052585134460634,2,191.0,0.7462103022115033,5,123.0,0.15817556579961553,0,0.0,0.9383439437343858,13,403.0
500.0,12,338.0,6.377358490566038,5.7409380361418805,0,35.0,0.027123922364547238,3,199.0,0.6618121957020234,6,155.0,0.31555070283361286,0,0.0,0.987028561908299,9,389.0
505.0,7,307.0,5.482142857142857,6.652033797276019,0,0.0,1.0,3,208.0,0.6095891025669258,4,127.0,0.3663067402238585,0,0.0,0.9984274461968607,7,335.0
510.0,7,126.0,2.210526315789474,7.276504826793621,0,0.0,1.0,3,35.0,0.5254820468134033,3,93.0,0.48521679502736875,0,0.0,0.49874709271625345,6,128.0
515.0,11,167.0,2.830508474576271,7.5296455466284895,0,0.0,1.0,6,57.0,0.3152582046163149,3,111.0,0.5395226852979131,1,4.0,0.4802217764761302,10,172.0
520.0,9,207.0,3.5084745762711864,7.819202605458942,0,0.0,1.0,6,87.0,0.3162248423302599,3,122.0,0.5382456450264803,0,0.0,0.9630845677623473,9,209.0
525.0,7,190.0,3.1147540983606556,7.9788910547147225,0,0.0,1.0,6,117.0,0.2591671601039961,1,85.0,0.5713312517683264,0,0.0,0.9694209001439347,7,202.0
530.0,6,178.0,3.0689655172413794,7.355563398199616,0,0.0,0.7297755120072258,3,95.0,0.4522510256865964,1,84.0,0.7170300269302112,0,0.0,0.9524832587545858,4,179.0
535.0,7,205.0,4.019607843137255,6.531575527031712,1,2.0,0.034077828490456784,3,113.0,0.6078506007549753,1,89.0,0.45619750412143856,0,0.0,0.9855897239731701,5,204.0
540.0,9,248.0,4.862745098039215,6.93033588823922,3,15.0,0.0003139006707224717,3,131.0,0.6532382662866459,1,95.0,0.6433140655837678,0,0.0,0.9672133773602055,7,241.0
545.0,11,205.0,3.9423076923076925,6.79818379541613,3,30.0,0.0,3,146.0,0.6711481261073831,0,4.0,0.9362793333726874,0,0.0,0.6087379078108061,6,180.0
550.0,11,119.0,2.38,6.5594007674322725,3,48.0,0.11048845210104011,0,65.0,0.6374442616224216,0,4.0,0.6589528904445403,1,5.0,0.6443025592214853,4,122.0
555.0,10,128.0,2.56,7.164144680455472,4,66.0,9.868443451099074e-06,1,13.0,0.7360796212519481,1,9.0,0.6611601436953048,1,10.0,0.6355436703158075,7,98.0
560.0,10,166.0,3.2549019607843137,7.237219698202905,4,86.0,0.0,2,12.0,0.5829142607559631,1,17.0,0.7985700119645339,0,0.0,0.8742485864927988,7,115.0
565.0,8,120.0,2.3529411764705883,7.366903467276099,0,15.0,0.043803142847085835,4,29.0,0.26923302389549864,1,24.0,0.7369792007075564,0,0.0,0.9474044777922879,5,68.0
570.0,2,41.0,0.8367346938775511,7.109530059439825,0,0.0,0.6746359945094056,0,2.0,0.5897093504680728,1,23.0,0.7931349275041367,0,0.0,0.9527193384172148,1,25.0
575.0,4,33.0,0.66,8.063875518013166,0,0.0,1.0,0,0.0,0.9621586807705295,1,28.0,0.6623120233697232,0,0.0,0.9716356754237695,1,28.0
580.0,3,45.0,0.8653846153846154,8.29394325884446,0,0.0,1.0,0,0.0,0.6002873210113819,2,44.0,0.7560951498398031,0,0.0,0.9496361238326183,2,44.0
585.0,5,68.0,1.36,8.264115726789433,0,0.0,1.0,2,8.0,0.5931060044989793,2,54.0,0.7353348390850204,0,0.0,0.5993901890633333,4,62.0
590.0,7,100.0,1.9230769230769231,7.764472040384076,0,0.0,0.9919173677315665,2,18.0,0.5811652083202413,3,63.0,0.6510800603137724,1,5.0,0.4698963642433757,6,86.0
595.0,10,145.0,2.9,6.712133109609914,1,2.0,0.0008447280428988615,2,28.0,0.4460684840508545,3,78.0,0.5982248002864236,1,10.0,0.6628916573190111,7,118.0
600.0,9,122.0,2.7111111111111112,6.208038626486439,1,7.0,0.0,4,42.0,0.31982341484619103,1,64.0,0.6469853981421283,0,0.0,0.977888475115481,6,113.0
605.0,6,129.0,3.1463414634146343,6.158502501864262,1,12.0,0.0,4,62.0,0.3198677592592119,1,61.0,0.5258033366345657,0,0.0,0.929383549654816,6,135.0
610.0,7,95.0,2.317073170731707,6.161054163515318,0,0.0,1.0,2,51.0,0.4216617944061655,5,77.0,0.31526104933642013,0,0.0,0.9703909986159385,7,128.0
615.0,8,134.0,3.116279069767442,6.68462156049799,0,0.0,1.0,3,38.0,0.2626138791356359,5,102.0,0.13367031609012206,0,0.0,0.9604436148468903,8,140.0
620.0,9,113.0,2.5681818181818183,6.93407710175508,0,0.0,1.0,4,57.0,0.27835831381692294,5,65.0,0.2944047890983072,0,0.0,0.9440555460615968,9,122.0
625.0,10,160.0,3.5555555555555554,6.193063283568724,0,3.0,0.9346631328856724,4,77.0,0.31963081165790963,6,92.0,0.2103987289617318,0,0.0,0.9537648352329675,10,172.0
630.0,7,115.0,2.5555555555555554,5.771892669961033,1,5.0,0.00026600736747780477,0,0.0,0.9622053171319407,6,122.0,0.1830496710134594,0,0.0,0.5849494983741829,7,127.0
635.0,10,160.0,3.404255319148936,6.291209902952262,1,10.0,0.0,0,0.0,0.941734638705906,8,158.0,0.16381378952710318,1,4.0,0.48667235461220565,10,172.0
640.0,5,48.0,1.0,6.851429145864381,1,15.0,0.0,0,0.0,0.951376144479152,2,68.0,0.46063087241541467,2,12.0,0.31692472675751465,5,95.0
645.0,2,39.0,0.7959183673469388,7.680891426901526,1,26.0,0.3977570121797625,0,8.0,0.8237335979044382,1,39.0,0.6653017206259069,0,0.0,0.9896800120591044,2,73.0
650.0,3,50.0,0.9615384615384616,7.893767490612202,2,32.0,0.22839274855399364,0,11.0,0.9209843964595144,1,36.0,0.7348514753631298,0,0.0,0.9482983100040987,3,79.0
655.0,5,67.0,1.34,7.433334166937644,2,43.0,0.005733080356622157,1,7.0,0.7945910550717615,1,38.0,0.7305504100447994,0,0.0,0.9874221711842697,4,88.0
660.0,9,108.0,2.204081632653061,7.454376752658788,4,63.0,0.0004395769353196176,1,12.0,0.8072418816300017,1,43.0,0.7052667174299353,0,0.0,0.9477710800909894,6,118.0
665.0,10,155.0,3.297872340425532,6.871035266551844,4,83.0,0.0001613614426883539,1,17.0,0.829410428583346,1,48.0,0.27546732231123194,0,0.0,0.9606447654967007,6,148.0
670.0,4,72.0,1.5,7.3925326707266,0,17.0,0.055199002587659404,1,19.0,0.8336897523387176,3,62.0,0.16861942790322137,0,0.0,0.9799112726865145,4,98.0
675.0,7,97.0,1.9795918367346939,7.048331413114121,0,0.0,1.0,3,28.0,0.6041389372607848,3,77.0,0.01155950223402621,1,1.0,0.48468431402780676,7,106.0
680.0,10,138.0,2.875,6.375703716133248,0,0.0,1.0,3,43.0,0.33919668316098395,3,92.0,0.0066026574590197055,1,6.0,0.49717160260929033,7,141.0
685.0,7,123.0,2.411764705882353,6.736425790874102,0,0.0,1.0,6,64.0,0.14122374539398092,1,65.0,0.04955771353526214,0,0.0,0.9452257479288267,7,129.0
690.0,9,165.0,3.235294117647059,7.236307698635257,0,6.0,0.558375634905654,7,99.0,0.1926387429957389,1,70.0,0.5647691045757207,0,0.0,0.9670046307154124,8,175.0
695.0,2,74.0,1.3962264150943395,6.986388639095354,0,6.0,0.1825895160617458,0,12.0,0.38971555681080167,2,74.0,0.4605211966977818,0,0.0,0.9364480667478374,2,92.0
700.0,6,97.0,1.94,6.304870749194586,2,16.0,0.019799294525249717,1,2.0,0.7359771036935387,3,85.0,0.021575945967496932,0,0.0,0.9381187336553973,6,103.0
705.0,7,130.0,2.5,7.063382619870292,2,26.0,0.004292899491522218,1,7.0,0.7240149053443604,4,112.0,0.3983163536482345,0,0.0,0.9288917208368992,7,145.0
710.0,11,177.0,3.4705882352941178,6.473389917114972,3,41.0,0.0007078849399658962,1,12.0,0.795580517233704,4,132.0,0.345280520201931,0,0.0,0.9643649213606579,8,185.0
715.0,9,201.0,3.792452830188679,6.51040803475239,3,56.0,0.00014662136817973224,0,3.0,0.8352196832292403,6,160.0,0.39731975876016373,0,0.0,0.9712051178599279,9,219.0
720.0,10,249.0,4.69811320754717,6.585423473814763,3,71.0,4.9250525077454685e-05,0,3.0,0.9544180550831316,7,190.0,0.3265491621876615,0,0.0,0.9402534578162434,10,264.0
725.0,11,301.0,5.901960784313726,6.371235186632166,3,86.0,5.047114786396448e-06,1,3.0,0.40005000527744483,7,228.0,0.4335807657654997,0,0.0,0.9492926741630804,11,317.0
730.0,10,227.0,4.450980392156863,5.83664386174419,0,24.0,0.02065380694360843,3,15.0,0.3732962944902426,4,221.0,0.4767335543864702,0,0.0,0.6055168347767026,7,260.0
735.0,11,259.0,5.078431372549019,6.202440192592128,0,0.0,0.7368429351712051,1,5.0,0.6148690201705768,4,226.0,0.29521030689983097,2,6.0,0.3184764682829975,7,237.0
740.0,13,317.0,5.981132075471698,6.692649824540403,0,0.0,1.0,1,10.0,0.7747722991151457,5,249.0,0.1596039311729565,3,16.0,0.3780991572009403,9,275.0
745.0,14,384.0,7.384615384615385,6.676893861904533,0,0.0,1.0,1,15.0,0.7199587177452018,5,277.0,0.3064160669768835,2,26.0,0.4954850328575719,8,318.0
750.0,10,335.0,6.4423076923076925,7.110739113884163,0,0.0,1.0,1,20.0,0.7192266407674659,6,301.0,0.24501595496832695,0,0.0,0.9461604902039388,7,321.0
755.0,8,350.0,6.730769230769231,7.470091019617339,0,0.0,1.0,1,25.0,0.6248559199305425,7,338.0,0.3301493776339481,0,0.0,0.9586524893930597,8,363.0
760.0,9,394.0,7.576923076923077,6.548042200855959,0,0.0,1.0,1,30.0,0.5150248252846438,8,377.0,0.28870855585170846,0,0.0,0.961107537029887,9,407.0
765.0,12,447.0,9.3125,5.702153713329732,0,0.0,1.0,3,42.0,0.24328602608824207,9,438.0,0.2621070368015331,0,0.0,0.9712485597190905,12,480.0
770.0,15,516.0,11.727272727272727,5.490799122511801,0,0.0,1.0,3,57.0,0.24161874851024528,12,492.0,0.133221274775059,0,0.0,0.9728873014770547,15,549.0
775.0,13,533.0,11.58695652173913,5.938677909483574,0,0.0,1.0,3,72.0,0.467890536458986,8,505.0,0.23278809500923403,2,2.0,0.32557775419552376,13,579.0
780.0,14,587.0,12.48936170212766,5.795689269087127,0,1.0,0.58663671556405,4,91.0,0.34492320165196866,8,531.0,0.11338679502632006,2,9.0,0.14138408383005663,14,632.0
785.0,13,607.0,12.387755102040817,5.852911608129281,1,3.0,0.1318094837526798,1,58.0,0.6065599258344468,8,565.0,0.14189059884788607,2,19.0,0.25652446321777184,12,645.0
790.0,15,655.0,13.36734693877551,5.843928639834287,3,15.0,8.129611915495916e-05,1,63.0,0.6928297966732718,8,605.0,0.09976827235574566,0,0.0,0.9945124877037278,12,683.0
795.0,12,688.0,13.490196078431373,7.0164895666058715,0,0.0,1.0,2,73.0,0.7143428308058354,8,654.0,0.27520852786777,0,0.0,0.9547881411077244,10,727.0
800.0,10,462.0,8.716981132075471,7.135434533075399,0,0.0,1.0,3,81.0,0.6098333363766573,6,516.0,0.3421970919177654,0,0.0,0.9493733221298257,9,597.0
805.0,10,361.0,6.811320754716981,7.272303905837033,0,0.0,1.0,0,9.0,0.565272476872076,7,385.0,0.2900764166675566,0,0.0,0.9595263648414366,7,394.0
810.0,12,419.0,7.7592592592592595,7.737829672529398,0,0.0,1.0,1,4.0,0.763369869504128,7,420.0,0.26287426631721156,0,0.0,0.9140021497738746,8,424.0
815.0,15,485.0,8.981481481481481,7.470480238608106,0,0.0,1.0,3,11.0,0.4597897104935767,8,462.0,0.3401057254153631,0,0.0,0.9476577908486731,11,473.0
820.0,17,565.0,10.272727272727273,6.780899659853211,0,0.0,1.0,3,26.0,0.33385403856215384,8,502.0,0.3725231661530684,1,3.0,0.6420796805682174,12,531.0
825.0,20,403.0,7.901960784313726,5.48587969490107,0,0.0,1.0,4,42.0,0.26307164570270847,9,416.0,0.15435525346367787,1,8.0,0.6278550199332757,14,466.0
830.0,17,280.0,5.384615384615385,5.840872232482847,0,0.0,1.0,4,62.0,0.4756286504182323,5,249.0,0.23291274618360608,1,13.0,0.7229977688349002,10,324.0
835.0,17,365.0,7.1568627450980395,6.195031019887351,0,0.0,1.0,4,82.0,0.40849994629854613,5,134.0,0.40024005003036506,1,18.0,0.45747423681766963,10,234.0
840.0,18,431.0,8.288461538461538,6.071324076445242,0,0.0,0.9078662916158386,5,103.0,0.15855498872841442,5,130.0,0.36451047490938276,0,4.0,0.5291660564012699,10,237.0
845.0,8,201.0,3.8653846153846154,5.667307359548762,0,0.0,1.0,0,20.0,0.4019978371773148,1,9.0,0.48758675607468166,0,0.0,0.984122710717359,1,29.0
850.0,9,244.0,4.784313725490196,6.406590085111803,0,3.0,0.5796227068724902,0,3.0,0.8298831485650756,1,6.0,0.1277538736000174,0,0.0,0.9566789559516615,1,12.0
855.0,11,296.0,5.803921568627451,7.357072435974946,0,0.0,1.0,0,6.0,0.9041480534649603,2,21.0,0.5786286907296931,0,0.0,0.9474911223610628,2,27.0
860.0,11,351.0,7.02,7.310391548116051,0,0.0,1.0,0,6.0,0.945940669146675,2,31.0,0.5701035383756208,0,0.0,0.9421214204266443,2,37.0
865.0,11,376.0,7.673469387755102,7.2553705696890205,0,0.0,1.0,1,7.0,0.8458556798429273,0,19.0,0.7772402669687569,0,0.0,0.9561273794931711,1,26.0
870.0,9,224.0,4.666666666666667,7.062712973698581,0,0.0,1.0,2,13.0,0.7194420771821152,0,3.0,0.7777992766406334,0,0.0,0.818904263193153,2,16.0
875.0,7,62.0,1.2916666666666667,6.89458982386478,0,0.0,1.0,2,23.0,0.6638176870252345,1,6.0,0.5957265740738743,1,3.0,0.4748950822791473,4,32.0
880.0,8,56.0,1.2173913043478262,6.14513163355098,0,0.0,1.0,3,36.0,0.32932947419702585,2,13.0,0.38166838285958915,1,8.0,0.4866709544745627,6,57.0
885.0,7,61.0,1.2708333333333333,5.203349900170248,0,0.0,1.0,1,21.0,0.25782694851562676,2,23.0,0.5082538521808002,1,13.0,0.38609340477587106,4,57.0
890.0,9,85.0,1.7346938775510203,6.12536834017385,0,0.0,1.0,1,32.0,0.6092109403653188,2,33.0,0.6767319518814234,0,0.0,0.6845078052266619,3,65.0
895.0,11,109.0,2.18,5.907801674390047,1,3.0,0.20190263196608071,1,37.0,0.5812735812846107,3,54.0,0.41678620964791635,0,0.0,0.9595654975086185,5,94.0
900.0,11,126.0,2.625,6.111767719091099,2,13.0,0.03074361229022835,2,38.0,0.5123730303199893,6,76.0,0.27253846320967434,0,0.0,0.9809002605304941,10,127.0
905.0,10,158.0,3.16,6.793834086563532,3,24.0,0.003053650843919503,2,70.0,0.7107588545572417,5,99.0,0.25834036877198463,0,0.0,0.9777267191174396,10,193.0
910.0,8,153.0,3.1875,7.641368293668687,3,39.0,0.0006985466033575764,1,12.0,0.8059615864843821,4,110.0,0.32550647103254665,0,0.0,0.9719661806404029,8,161.0
915.0,12,200.0,4.166666666666667,6.562356110703813,3,54.0,0.0002603954800555037,2,19.0,0.5343817531942284,4,190.0,0.31080452448372897,0,0.0,0.5276637358576225,9,263.0
920.0,21,294.0,6.0,5.416735619653076,3,69.0,4.939246355427032e-05,5,41.0,0.34591473229740716,6,214.0,0.22645612445586547,2,7.0,0.3542837456855167,16,331.0
925.0,26,312.0,6.117647058823529,4.406667119701368,3,84.0,8.84068215179728e-06,10,77.0,0.1827874145496735,5,192.0,0.15336746043281946,3,20.0,0.24987606934343126,21,373.0
930.0,12,213.0,4.26,5.404465162654228,3,99.0,0.0,6,91.0,0.2718258848015183,2,124.0,0.31255959051349985,0,12.0,0.5179678275436668,11,326.0
935.0,9,153.0,3.06,6.331249108942623,0,30.0,0.1889953280655901,7,123.0,0.20253382494447136,2,39.0,0.41655141156200265,0,0.0,0.98350144210414,9,192.0
940.0,12,201.0,3.9411764705882355,6.429017456596121,0,0.0,0.48309984331869693,7,158.0,0.288180650239066,4,57.0,0.3051750512670346,0,0.0,0.9576015316055355,11,215.0
945.0,14,266.0,5.32,6.5421647520004695,0,0.0,1.0,7,193.0,0.263635735512568,7,123.0,0.2862135772322888,0,0.0,0.9874370418990837,14,316.0
950.0,10,182.0,3.64,6.743336081549855,0,0.0,1.0,3,139.0,0.3798998884380571,7,158.0,0.2794483770960906,0,0.0,0.9874783912330086,10,297.0
955.0,8,147.0,2.94,7.053336569823375,0,0.0,1.0,0,29.0,0.4454425445005327,8,194.0,0.26705820691166265,0,0.0,0.9943293994486443,8,223.0
960.0,9,192.0,4.085106382978723,7.782549219982326,0,0.0,1.0,1,5.0,0.49227246017474235,8,237.0,0.314127747923265,0,0.0,0.702598705894173,9,242.0
965.0,3,28.0,0.6222222222222222,7.972003944546656,0,0.0,1.0,1,10.0,0.7205576966291235,1,105.0,0.6163795932794325,1,4.0,0.4978102996559975,3,119.0
970.0,2,34.0,0.7727272727272727,7.916888868278898,0,6.0,0.6610817722714093,1,21.0,0.5719525678995118,1,57.0,0.7320410095936281,0,0.0,0.9802568689074492,2,84.0
975.0,4,49.0,1.0425531914893618,8.11349467435008,0,0.0,0.5525716886964005,2,32.0,0.6436601347345097,1,65.0,0.6430449883997443,0,0.0,0.9687130103771697,3,97.0
980.0,7,72.0,1.565217391304348,7.560252414642689,0,0.0,0.940073991029912,5,45.0,0.4808110748462638,1,67.0,0.7346928437332937,0,0.0,0.9331854359240948,6,112.0
985.0,9,110.0,2.4444444444444446,7.20994514894619,0,0.0,1.0,6,69.0,0.5195682169246189,2,73.0,0.5362502790597816,0,0.0,0.9707234354287363,8,142.0
990.0,7,109.0,2.3191489361702127,7.169663292591211,0,0.0,1.0,4,50.0,0.6324369541036609,2,83.0,0.4728992001512128,0,0.0,0.9926230001306355,6,133.0
995.0,8,128.0,2.6122448979591835,7.337139537259357,0,0.0,1.0,5,137.0,0.5596923669270816,3,92.0,9.974818469328323e-05,0,0.0,0.9749715142895103,8,229.0
1000.0,10,173.0,3.6041666666666665,7.1909000277120905,0,0.0,1.0,6,165.0,0.415476225783824,3,113.0,0.3439922651230072,1,2.0,0.4951539710831876,10,280.0
1005.0,11,218.0,4.739130434782608,7.20142061610054,0,0.0,1.0,8,199.0,0.3228786522090992,2,116.0,0.5697664522642203,1,7.0,0.582827909898337,11,322.0
1010.0,12,275.0,6.111111111111111,7.178814776086738,0,0.0,1.0,9,241.0,0.2856538868894545,2,126.0,0.5786723695680601,1,12.0,0.6728574972200638,12,379.0
1015.0,12,335.0,7.790697674418604,6.467641366102403,0,0.0,1.0,9,286.0,0.1489374111206905,2,136.0,0.5775948012461185,1,17.0,0.5901170621052162,12,439.0
1020.0,13,379.0,8.613636363636363,6.194095211843017,0,0.0,1.0,11,337.0,0.08054669164753696,2,146.0,0.5822382232379277,0,0.0,0.9514203517914317,13,483.0
1025.0,13,444.0,10.090909090909092,5.854961305470915,0,0.0,1.0,11,392.0,0.1475241159191458,2,159.0,0.2595908502180961,0,0.0,0.9431983279700721,13,551.0
1030.0,16,519.0,11.042553191489361,4.564065415264224,0,0.0,1.0,11,447.0,0.09222170700041055,5,179.0,0.015731322478168355,0,0.0,0.925805756513143,16,626.0
1035.0,17,390.0,8.297872340425531,4.7711893548039725,0,0.0,1.0,9,388.0,0.2022225091095629,8,215.0,0.0809895889780791,0,0.0,0.9342117200493302,17,603.0
1040.0,12,295.0,6.555555555555555,5.612429961922691,0,0.0,1.0,4,224.0,0.4208546640598962,8,254.0,0.0019539591447789704,0,0.0,0.9672714954926684,12,478.0
1045.0,12,204.0,4.25,6.558852939103608,0,0.0,1.0,5,106.0,0.39878561051415784,7,171.0,0.10657229158626107,0,0.0,0.952573052475945,12,277.0
1050.0,13,263.0,5.36734693877551,6.641731437135942,0,0.0,1.0,6,133.0,0.29549341608616136,7,146.0,0.2770659235957198,0,0.0,0.9545124197460084,13,279.0
1055.0,12,320.0,6.2745098039215685,6.552981680531774,0,0.0,1.0,5,155.0,0.34122492385719316,7,181.0,0.27868221739065324,0,0.0,0.934926257263786,12,336.0
1060.0,13,382.0,7.64,6.339736007755375,0,0.0,1.0,5,180.0,0.3634743088865875,7,218.0,0.34902447088265526,1,2.0,0.48540020926468225,13,400.0
1065.0,6,209.0,4.18,5.991919308211092,0,0.0,1.0,5,205.0,0.33619060407730783,0,68.0,0.6185259246442333,1,8.0,0.5241768819233175,6,281.0
1070.0,8,244.0,5.191489361702128,6.187295920559701,0,3.0,0.4511072184078762,5,236.0,0.35828718507590085,0,2.0,0.9456688791839482,3,18.0,0.28946845441748836,8,259.0
1075.0,5,36.0,0.782608695652174,6.232860912156187,1,7.0,0.16028819581462875,0,12.0,0.7632571123612371,0,0.0,0.8959835038516631,4,36.0,0.191883081005949,5,55.0
1080.0,7,67.0,1.4565217391304348,6.619494757761774,2,15.0,0.020298243147200398,0,9.0,0.8668846568746117,0,0.0,0.961567186757394,4,56.0,0.29309709932155265,6,80.0
1085.0,7,102.0,2.217391304347826,6.939097338511078,2,25.0,0.004551824479758929,0,9.0,0.955885006889076,0,9.0,0.9207368277836927,4,76.0,0.22154926178071496,6,119.0
1090.0,2,18.0,0.4,7.134698459352551,0,4.0,0.02293294531143471,0,9.0,0.8759752736502079,0,9.0,0.9599534015548732,0,20.0,0.4522892953462133,0,42.0
1095.0,4,33.0,0.7021276595744681,7.875622623859717,0,0.0,1.0,2,14.0,0.662144322531287,0,15.0,0.863794562269295,0,0.0,0.9820503262775959,2,29.0
1100.0,5,54.0,1.08,8.544603128002224,0,0.0,1.0,2,15.0,0.43830024924858413,1,10.0,0.6778076383780928,0,0.0,0.9607356440621228,3,25.0
1105.0,6,41.0,0.8541666666666666,8.225466366778363,0,0.0,1.0,3,27.0,0.245167878587347,3,23.0,0.6685637158214577,0,0.0,0.9599177184097352,6,50.0
1110.0,9,76.0,1.6170212765957446,7.202024429733749,0,0.0,1.0,3,42.0,0.24864915383421818,4,33.0,0.46313984524917623,1,1.0,0.4834746459395931,8,76.0
1115.0,13,134.0,2.7916666666666665,5.921952564830673,0,0.0,1.0,3,57.0,0.30212680059093855,6,60.0,0.16134477644482553,1,6.0,0.6555670008995377,10,123.0
1120.0,17,215.0,4.574468085106383,5.070820902715909,0,0.0,1.0,4,75.0,0.24166450591233132,7,95.0,0.10300964151195106,1,11.0,0.7250879874322889,12,181.0
1125.0,19,305.0,6.931818181818182,4.5192516593699,0,0.0,1.0,4,95.0,0.3632323587391686,9,135.0,0.07283340252941585,1,16.0,0.48471248642352727,14,246.0
1130.0,17,344.0,7.644444444444445,3.88395441245301,0,0.0,1.0,4,115.0,0.16243264899132023,9,180.0,0.04697862782420732,0,0.0,0.9469289884040533,13,295.0
1135.0,18,368.0,7.829787234042553,3.8895731497312007,0,0.0,0.9712158903800011,5,140.0,0.20342502278625973,9,231.0,0.1717007182512147,1,1.0,0.48914676706800325,15,372.0
1140.0,15,435.0,8.7,4.749569774071765,0,0.0,0.047579398621198414,5,165.0,0.3359076440452509,10,279.0,0.1424206929058692,0,0.0,0.927750450823732,15,444.0
1145.0,16,489.0,9.588235294117647,4.955613346185224,1,5.0,1.229263110672655e-05,4,162.0,0.4103843033226848,11,336.0,0.12138283674062701,0,0.0,0.9328492195014054,16,503.0
1150.0,8,214.0,4.196078431372549,5.257996016454683,1,10.0,0.0,4,182.0,0.19867661671168232,3,132.0,0.1955100267429197,0,0.0,0.9490760052035733,8,324.0
1155.0,7,226.0,4.264150943396227,6.927125180862952,1,21.0,0.39806011747586645,6,220.0,0.35706671970239756,0,34.0,0.6539026279210957,0,0.0,0.9694109689627268,7,275.0
1160.0,7,261.0,5.22,7.940052666316063,1,20.0,0.5125857668069528,6,250.0,0.4461067406494395,0,10.0,0.8057159267241744,0,0.0,0.6464626712911213,7,280.0
1165.0,8,291.0,5.705882352941177,8.39160735742964,1,25.0,0.0,5,266.0,0.5732629244420072,1,15.0,0.7587535357794324,1,4.0,0.6417030021619602,8,310.0
1170.0,8,331.0,6.490196078431373,8.584904301142629,1,30.0,0.0,5,285.0,0.6059348391668314,1,23.0,0.7569865583226267,1,9.0,0.6327165258483851,8,347.0
1175.0,8,359.0,6.648148148148148,7.899190420623148,1,35.0,0.0,6,312.0,0.5493509493614396,1,47.0,0.7842519257853645,0,0.0,0.9216084744048416,8,394.0
1180.0,11,402.0,7.584905660377358,6.864571811384695,1,40.0,0.0,7,343.0,0.504396591659775,3,57.0,0.3241263715688135,0,0.0,0.9402400372829103,11,440.0
1185.0,13,455.0,9.1,6.113438299796753,1,45.0,0.0,6,381.0,0.3748193543402654,6,82.0,0.20202163742654178,0,0.0,0.9507270720854134,13,508.0
1190.0,10,487.0,10.145833333333334,6.69925787660707,1,50.0,0.0,7,415.0,0.3736785137228778,2,71.0,0.220409685223242,0,0.0,0.9669561266622994,10,536.0
1195.0,12,541.0,10.82,7.401889154214018,1,58.0,0.2523956971914763,9,457.0,0.17824897328679848,2,77.0,0.2996410334222467,0,0.0,0.9549496146345732,12,592.0
1200.0,12,601.0,11.557692307692308,8.321368975226436,1,60.0,0.3879116333855306,9,502.0,0.23982503114138579,2,87.0,0.5827129046010686,0,0.0,0.8955101274885006,12,649.0
1205.0,12,661.0,12.471698113207546,7.869642217932542,1,65.0,0.0,9,547.0,0.2985387813100694,2,97.0,0.47433053858687024,0,0.0,0.9851720326360927,12,709.0
1210.0,14,725.0,13.679245283018869,7.430433690606718,1,70.0,0.0,9,592.0,0.29851158021439494,2,107.0,0.487751373749843,0,0.0,0.9275682579300044,12,769.0
1215.0,14,795.0,15.588235294117647,7.009246287179802,1,75.0,0.0,9,637.0,0.3003061994710101,2,117.0,0.5705702528821741,0,0.0,0.4588434706201568,12,829.0
1220.0,16,872.0,17.098039215686274,6.5365905440648175,1,80.0,0.0,9,682.0,0.2988331572117511,2,127.0,0.4576669551909669,2,7.0,0.3279810471135837,14,896.0
1225.0,20,963.0,18.88235294117647,5.366025111450348,1,85.0,0.0,10,726.0,0.1973910301174492,3,141.0,0.3923462845273256,3,17.0,0.23675021216286463,17,969.0
1230.0,23,1062.0,21.24,4.054068911801704,1,90.0,0.0,11,775.0,0.14898033807746647,3,148.0,0.21863689954177756,3,28.0,0.11270459061387986,18,1041.0
1235.0,24,1175.0,23.03921568627451,4.455442697379389,1,96.0,0.3102437605258566,12,831.0,0.0755184397620128,4,166.0,0.19944522580327276,3,43.0,0.23475635303016526,20,1136.0
1240.0,25,1300.0,24.074074074074073,4.62028117661119,1,100.0,0.0,12,891.0,0.07689876537320538,4,186.0,0.19509604785890428,3,58.0,0.2437632209270473,20,1235.0
1245.0,18,1229.0,22.75925925925926,4.423972959738884,1,105.0,0.46461537638954703,9,901.0,0.020830631017447178,4,206.0,0.0,0,27.0,0.5820120552043708,14,1239.0
1250.0,15,1251.0,23.166666666666668,5.338317831507417,1,110.0,0.0,9,946.0,0.0670180448650202,4,232.0,0.2960209714625133,0,0.0,0.9966727578913923,14,1288.0
1255.0,14,1313.0,23.87272727272727,6.318802778574705,1,115.0,0.0,9,991.0,0.23958164346707544,4,249.0,0.3963201202131789,0,0.0,0.9385250711494522,14,1355.0
1260.0,13,1263.0,22.157894736842106,6.498077374072126,0,0.0,1.0,9,1036.0,0.2849351925202051,4,269.0,0.2721758424588651,0,0.0,0.9557046235171135,13,1305.0
1265.0,11,741.0,13.722222222222221,6.517550766726294,0,0.0,1.0,5,751.0,0.49026250678828626,6,330.0,0.2886860979239161,0,0.0,0.9055356357051753,11,1081.0
1270.0,8,301.0,5.472727272727273,7.0638544902456735,0,0.0,1.0,1,209.0,0.5791328020069505,7,362.0,0.2268336542005774,0,0.0,0.9224223780362466,8,571.0
1275.0,9,343.0,6.471698113207547,7.059846536316287,0,0.0,1.0,1,23.0,0.7466631610805275,8,402.0,0.20880994088307922,0,0.0,0.5824984906859152,9,425.0
1280.0,10,180.0,3.272727272727273,7.151566461751061,0,0.0,1.0,1,11.0,0.684612123420898,7,317.0,0.32161382626054014,2,8.0,0.5585795558246295,10,336.0
1285.0,12,151.0,2.849056603773585,7.06322431773516,0,3.0,0.9078869770651649,4,25.0,0.3690570133134664,5,172.0,0.47610700388384,2,18.0,0.5083488499386352,11,218.0
1290.0,15,220.0,4.230769230769231,6.028624090467634,0,0.0,1.0,6,51.0,0.19835471109737335,5,131.0,0.4503877063580946,3,31.0,0.19777757708067276,14,213.0
1295.0,14,246.0,4.823529411764706,5.983641650892598,0,0.0,1.0,7,82.0,0.11887906863224705,6,159.0,0.4596880571680962,1,25.0,0.3360974333976805,14,266.0
1300.0,9,193.0,3.641509433962264,6.391406570488145,0,0.0,1.0,7,117.0,0.1264094375409674,2,111.0,0.6017015129122455,0,25.0,0.5630217637820015,9,253.0
1305.0,4,118.0,2.269230769230769,7.124551951910534,0,0.0,1.0,2,52.0,0.46351945606154504,2,89.0,0.4929695434977843,0,0.0,0.9597296365207562,4,141.0
1310.0,5,139.0,2.6226415094339623,8.042512398481264,0,0.0,1.0,3,46.0,0.6071070070107211,2,96.0,0.5402969863179162,0,0.0,0.9474665242149684,5,142.0
1315.0,5,164.0,2.981818181818182,8.737688673005197,0,0.0,1.0,3,97.0,0.6802722226594325,2,115.0,0.6685355860900014,0,0.0,0.9495758195470805,5,212.0
1320.0,5,189.0,3.7058823529411766,8.256234509703352,0,0.0,1.0,3,114.0,0.6811544977667664,2,125.0,0.6240556935400123,0,0.0,0.49690552592539194,5,239.0
1325.0,9,230.0,4.6938775510204085,7.760633366632752,0,0.0,1.0,3,129.0,0.5530399382555063,2,135.0,0.6463796344045757,2,8.0,0.4610146174432408,7,272.0
1330.0,12,287.0,5.979166666666667,7.291506276865406,0,0.0,1.0,6,154.0,0.4788880404340788,2,145.0,0.7167103378155857,2,18.0,0.28904956830253153,10,317.0
1335.0,10,177.0,3.6875,5.770186658692981,0,0.0,1.0,8,188.0,0.2864683784831119,0,51.0,0.6331816658579884,0,3.0,0.39748911309405344,8,242.0
1340.0,16,232.0,4.73469387755102,6.0474994121481105,0,0.0,1.0,13,234.0,0.1757036058636437,1,16.0,0.5758531037871291,0,0.0,0.6311430715324399,14,250.0
1345.0,22,305.0,6.1,4.889941186527715,0,0.0,1.0,14,304.0,0.177766573672039,7,34.0,0.003065928980591594,0,0.0,0.9825843848500492,21,338.0
1350.0,25,402.0,8.04,3.9999931498312247,0,0.0,1.0,15,379.0,0.1193854602383198,9,77.0,0.03410095753049186,0,0.0,0.953387227004409,24,456.0
1355.0,17,344.0,6.37037037037037,3.9578494851130794,0,0.0,1.0,11,357.0,0.15213337300980148,2,29.0,0.03810582253022683,0,0.0,0.9740399283171084,13,386.0
1360.0,16,416.0,7.5636363636363635,5.664065200945005,0,6.0,0.5686852285364272,11,417.0,0.19016249472858054,1,7.0,0.0,0,0.0,0.9427194953261222,12,430.0
1365.0,18,498.0,9.222222222222221,5.886434657283849,0,0.0,1.0,11,472.0,0.24941853496193594,1,18.0,0.7316517924702277,1,1.0,0.6349692057285972,13,491.0
1370.0,16,536.0,9.241379310344827,6.2247631724898955,0,0.0,1.0,11,527.0,0.39480414621867943,1,23.0,0.7274406254719226,1,6.0,0.7192680945998816,13,556.0
1375.0,16,600.0,10.169491525423728,6.102447882072121,0,0.0,1.0,12,583.0,0.2341947744408407,1,28.0,0.7141557383072432,0,0.0,0.9307861479535381,13,611.0
1380.0,18,687.0,11.844827586206897,5.979855449536533,0,0.0,1.0,14,658.0,0.2047865126039931,1,33.0,0.7091240140990153,0,0.0,0.9410924963331477,15,691.0
1385.0,19,719.0,12.186440677966102,5.270383882979364,0,0.0,1.0,15,732.0,0.20547681709696497,3,43.0,0.48831619235988494,0,0.0,0.8870248869312443,18,775.0
1390.0,24,824.0,14.206896551724139,4.349212628488721,0,0.0,1.0,18,812.0,0.021300759386751262,3,58.0,0.4663051303661951,0,0.0,0.9413830520725575,21,870.0
1395.0,29,951.0,16.68421052631579,3.7506527836008083,0,0.0,1.0,20,909.0,0.057481474932446715,6,77.0,0.14990159785352494,0,0.0,0.952277923981288,26,986.0
1400.0,22,1005.0,17.63157894736842,3.878401213607036,0,0.0,1.0,20,1009.0,0.054843905204789704,1,52.0,0.28663299526950015,0,0.0,0.9190309659466606,21,1061.0
1405.0,23,1118.0,18.327868852459016,4.763226904789082,0,6.0,0.6331854279329829,20,1112.0,0.1203527725522805,1,52.0,0.6505574960260264,0,0.0,0.9766556766448462,21,1170.0
1410.0,24,1236.0,20.262295081967213,5.1147959128242135,0,6.0,0.20217907568634894,21,1220.0,0.20517432699770458,1,60.0,0.5302368474887632,0,0.0,0.9644375712871054,22,1286.0
1415.0,24,932.0,15.533333333333333,4.466198837103274,2,16.0,0.018964598868661916,18,1088.0,0.19243166177621446,2,68.0,0.08406085345700723,0,0.0,0.5186473498508045,22,1172.0
1420.0,17,322.0,5.366666666666666,5.383347987475384,3,27.0,0.003091949344787067,9,763.0,0.2700931549460406,4,86.0,2.5268801535381412e-05,1,5.0,0.4936273719334576,17,881.0
1425.0,13,305.0,4.841269841269841,5.958479335254917,3,42.0,0.0006241668262371706,5,482.0,0.3462448795891354,4,109.0,0.2584872308482557,1,10.0,0.5443804779473824,13,643.0
1430.0,15,375.0,5.681818181818182,6.346109330313884,3,57.0,0.00019923624098316275,6,280.0,0.3914787872278213,4,129.0,0.3954094652258782,2,16.0,0.4639620053778727,15,482.0
1435.0,10,215.0,3.3076923076923075,5.758450725263961,3,72.0,0.22961784119732437,3,305.0,0.14789176200491744,4,149.0,0.5009879002984297,0,0.0,0.9593381535766242,10,526.0
1440.0,11,162.0,2.4545454545454546,6.148132105698227,3,87.0,0.0,6,130.0,0.11625810121748488,2,87.0,0.6128590180260444,0,0.0,0.9679165477513307,11,304.0
1445.0,11,212.0,3.212121212121212,6.596654270400098,3,102.0,0.0,5,140.0,0.17961608223378092,3,73.0,0.6099865069039432,0,0.0,0.9505406536941928,11,315.0
1450.0,12,271.0,4.106060606060606,6.647656248297777,3,117.0,0.07322753424018799,5,159.0,0.12739878570752255,4,104.0,0.5942292909985709,0,0.0,0.9508626211025318,12,380.0
1455.0,13,335.0,5.075757575757576,6.965370169540628,3,132.0,0.0,5,185.0,0.26281291627863973,5,128.0,0.533032537984021,0,0.0,0.9924802011222535,13,445.0
1460.0,16,412.0,6.0588235294117645,7.076457612724869,3,147.0,0.0,5,209.0,0.38061234187491727,8,165.0,0.44682525515955607,0,0.0,0.9805417628876847,16,521.0
1465.0,17,344.0,4.9855072463768115,6.900507942538537,0,45.0,0.054179973199533535,6,235.0,0.30944953052611734,11,212.0,0.4106132209656358,0,0.0,0.7668920255226226,17,492.0
1470.0,21,441.0,6.681818181818182,6.008135695367034,0,0.0,1.0,7,267.0,0.2058424393368466,13,272.0,0.28182081271243564,1,5.0,0.6276044688142809,21,544.0
1475.0,12,368.0,5.661538461538462,5.841301345031522,0,0.0,1.0,6,295.0,0.2080690870237062,5,205.0,0.24552837619024687,1,10.0,0.6415514986231524,12,510.0
1480.0,11,405.0,6.532258064516129,6.876701136268347,0,0.0,1.0,6,334.0,0.4071764906318238,4,177.0,0.30335653788702766,1,15.0,0.7066179668335003,11,526.0
1485.0,13,466.0,7.396825396825397,7.192217747519629,0,0.0,0.9299544045907678,7,366.0,0.35225891833251644,5,174.0,0.157910160614027,1,20.0,0.48119661028302696,13,560.0
1490.0,14,534.0,8.476190476190476,6.974328829575058,0,0.0,1.0,7,401.0,0.34647068829364064,5,199.0,0.27225246736419345,2,28.0,0.40587141516520175,14,628.0
1495.0,13,366.0,5.809523809523809,6.519333401183026,0,0.0,1.0,3,261.0,0.5162379425189806,5,224.0,0.2750943666667434,4,41.0,0.306673199407872,12,526.0
1500.0,8,302.0,5.11864406779661,7.419840906392557,0,0.0,1.0,0,19.0,0.7151455952675044,5,249.0,0.27451898086114823,3,56.0,0.24205998812118643,8,324.0
1505.0,10,349.0,6.12280701754386,8.005367251192812,0,0.0,1.0,1,10.0,0.7782594631914693,5,274.0,0.355924035163631,4,74.0,0.29828445261879616,10,358.0
1510.0,12,401.0,7.160714285714286,8.016773295794355,0,0.0,1.0,3,14.0,0.34084030550159927,5,296.0,0.27744699383880667,4,94.0,0.3221175333263042,12,404.0
1515.0,11,427.0,7.907407407407407,7.104550519643631,0,0.0,0.5199106140905237,3,29.0,0.30312732273452353,4,287.0,0.31696780606034153,4,114.0,0.40089117480762054,11,430.0
1520.0,14,491.0,9.627450980392156,6.4729796282012675,1,4.0,0.0,4,47.0,0.16860085819716517,4,307.0,0.16263664387387972,5,136.0,0.3431740323306586,14,494.0
1525.0,16,571.0,11.196078431372548,6.429149434937131,1,9.0,0.0,5,72.0,0.16287122358547998,5,332.0,0.14989050594542744,5,161.0,0.2435096744137279,16,574.0
1530.0,12,477.0,9.173076923076923,6.76744373365989,1,14.0,0.0,5,97.0,0.20326269303263572,5,357.0,0.26124395064618977,1,49.0,0.39013987681590373,12,517.0
1535.0,5,386.0,7.423076923076923,6.449011024302158,1,19.0,0.0,0,49.0,0.5575462137976468,4,376.0,0.3222673653423793,0,12.0,0.7791190966983136,5,456.0
1540.0,6,413.0,7.9423076923076925,7.447159274813132,1,27.0,0.3308215303107122,0,19.0,0.9170043497296466,5,389.0,0.22126874972013663,0,0.0,0.8092147329526248,6,435.0
1545.0,5,414.0,7.811320754716981,8.571404173692267,0,0.0,1.0,0,19.0,0.774372438594165,5,420.0,0.3594166447113283,0,0.0,0.9728287180372578,5,439.0
1550.0,8,448.0,8.296296296296296,8.192365644719038,0,0.0,1.0,3,28.0,0.6735707215847644,5,445.0,0.4321003714048731,0,0.0,0.9621402690471897,8,473.0
1555.0,10,493.0,8.803571428571429,7.605724100092867,0,0.0,1.0,5,48.0,0.6259463429974909,5,470.0,0.4250408918609318,0,0.0,0.9457053010742534,10,518.0
1560.0,12,547.0,9.945454545454545,6.666221173835992,0,0.0,1.0,5,73.0,0.5703599499781818,6,496.0,0.3847287719400441,0,0.0,0.6745907941066077,11,569.0
1565.0,18,627.0,11.61111111111111,6.325621979841179,0,0.0,1.0,6,103.0,0.5563307579484077,6,526.0,0.3905441642253818,2,7.0,0.4787942557601388,14,636.0
1570.0,24,730.0,13.272727272727273,4.8374276850238775,0,0.0,1.0,9,139.0,0.23059589194847838,7,557.0,0.34594742239926213,2,17.0,0.5329393972655361,18,713.0
1575.0,28,855.0,16.132075471698112,3.6224097288976673,0,0.0,1.0,11,189.0,0.12872791713787188,7,584.0,0.20826729019482726,3,28.0,0.3662046971643281,21,801.0
1580.0,23,935.0,17.641509433962263,3.8652305273481495,0,3.0,0.6724651169407019,6,187.0,0.11480737947373995,7,616.0,0.25514625116969036,3,43.0,0.39976895653853795,16,849.0
1585.0,24,1053.0,18.803571428571427,4.69502088673888,0,0.0,0.5969343730823358,6,214.0,0.24267328206532726,8,654.0,0.11035940705803021,3,58.0,0.43638301769486004,17,926.0
1590.0,23,1113.0,19.875,5.3122239219595,0,0.0,0.9886540553547524,6,244.0,0.23385207300610267,8,697.0,0.19224825415233204,4,76.0,0.25232002348897353,18,1017.0
1595.0,24,1232.0,22.4,5.079403125340446,0,0.0,1.0,6,274.0,0.1324455710593715,8,737.0,0.19221224057665715,5,100.0,0.15653119506409705,19,1111.0
1600.0,24,1327.0,24.12727272727273,4.782907437845949,0,0.0,1.0,6,304.0,0.13795438586967912,7,751.0,0.21610916806714398,5,125.0,0.16348466806636158,18,1180.0
1605.0,20,1288.0,23.0,5.240533924543137,0,0.0,1.0,6,334.0,0.1773588557951039,7,788.0,0.2821241507085059,5,150.0,0.12559629038160172,18,1272.0
1610.0,21,1345.0,24.454545454545453,5.2357054021770395,0,0.0,1.0,7,368.0,0.2554920996379,7,823.0,0.2971859807018927,5,175.0,0.19118765105676375,19,1366.0
1615.0,19,1437.0,28.176470588235293,4.578600205853162,0,0.0,1.0,7,403.0,0.22123966861850142,7,858.0,0.1492940243278025,5,200.0,0.2333707717886417,19,1461.0
1620.0,14,1068.0,21.36,4.593566972279579,0,0.0,1.0,4,274.0,0.2294107587179242,9,901.0,0.09828393083206505,1,92.0,0.40184463694125416,14,1267.0
1625.0,9,944.0,18.50980392156863,6.42458544362848,0,0.0,1.0,2,28.0,0.36648988672525457,7,934.0,0.2598211321509169,0,33.0,0.7810448657601274,9,995.0
1630.0,9,989.0,19.01923076923077,7.2738422444283195,0,3.0,0.594981234927624,2,31.0,0.6746880334371677,7,998.0,0.33678282649316277,0,0.0,0.9498575308982222,9,1032.0
1635.0,11,1036.0,19.547169811320753,7.453299651712019,1,7.0,0.11281527954617289,2,41.0,0.7361086713254701,8,1040.0,0.18852243465978133,0,0.0,0.9869969936766844,11,1088.0
1640.0,14,1097.0,19.589285714285715,6.832651319633248,2,16.0,0.129867743937576,2,51.0,0.7387720619992464,9,1081.0,0.1654030069858251,0,0.0,0.9282995368148412,13,1148.0
1645.0,11,1132.0,21.76923076923077,6.239931788113831,0,3.0,0.05705990119443262,2,90.0,0.7279534948700707,7,1076.0,0.17653285465803906,0,0.0,0.9432426979872848,9,1169.0
1650.0,12,1188.0,22.41509433962264,6.296600205290359,0,0.0,1.0,2,100.0,0.6458814964614396,7,1098.0,0.19276354696888673,1,1.0,0.4946289764987908,10,1199.0
1655.0,13,1236.0,23.76923076923077,7.074299265418104,0,0.0,1.0,3,82.0,0.6075543686916783,7,1133.0,0.18423945908231232,1,6.0,0.4977228559649791,11,1221.0
1660.0,13,1276.0,24.07547169811321,5.72254671288747,0,0.0,1.0,4,98.0,0.15679950792467048,8,1168.0,0.1667228934528689,1,11.0,0.6078089654562749,13,1277.0
1665.0,17,1355.0,27.1,5.313612181196279,0,0.0,1.0,9,149.0,0.12658476901933063,7,1203.0,0.1352546987611224,1,16.0,0.3369464086763767,17,1368.0
1670.0,18,1421.0,26.81132075471698,5.619817305531276,0,0.0,1.0,11,196.0,0.15127296276677663,7,1238.0,0.11768464265074702,0,0.0,0.7199817075665979,18,1434.0
1675.0,19,1510.0,28.49056603773585,5.546385455174768,0,0.0,1.0,11,250.0,0.09335466332490495,8,1280.0,0.12154217643267942,0,0.0,0.9734962751774369,19,1530.0
1680.0,10,1337.0,25.22641509433962,6.021219948262614,0,0.0,1.0,2,96.0,0.3712848621224742,8,1314.0,0.10611343173509057,0,0.0,0.9192677625245886,10,1410.0
1685.0,11,1388.0,27.215686274509803,5.961919931477213,0,0.0,1.0,2,45.0,0.6236071996417154,8,1354.0,0.0,0,0.0,0.9766256953040462,10,1399.0
1690.0,12,1438.0,30.595744680851062,6.77438553732143,0,0.0,1.0,1,33.0,0.6765188350038779,8,1403.0,0.3001378340208032,0,0.0,0.9097041782089286,9,1436.0
1695.0,14,946.0,18.54901960784314,6.70696617838653,0,0.0,1.0,2,39.0,0.7052690876948388,6,1159.0,0.47075756877908115,1,3.0,0.5638264480872048,9,1201.0
1700.0,8,125.0,2.5,7.095869409262242,0,0.0,1.0,3,50.0,0.5812451270685763,1,673.0,0.5802270988409887,1,8.0,0.4750628011734793,5,731.0
1705.0,9,142.0,2.784313725490196,7.4748390181944995,0,0.0,1.0,4,68.0,0.530520576822154,0,291.0,0.7899937463975124,2,18.0,0.470727807541318,6,377.0
1710.0,7,159.0,3.2448979591836733,7.148133957524852,0,0.0,1.0,4,88.0,0.17416819233038816,0,9.0,0.9312250725175061,0,0.0,0.9939290829660538,4,97.0
1715.0,12,213.0,4.26,6.120925845113052,0,0.0,1.0,8,123.0,0.28233741279381636,0,9.0,0.7457989267818208,0,0.0,0.9398176658700468,8,132.0
1720.0,13,236.0,4.72,5.676001953716008,0,0.0,0.40318708280085236,9,167.0,0.2891108386749163,1,1.0,0.6574678828696409,0,0.0,0.9378757221144671,10,168.0
1725.0,16,308.0,6.03921568627451,5.105056386460917,3,12.0,0.15847769037175855,10,213.0,0.27511173958582463,1,6.0,0.4446382248693401,0,0.0,0.9985463170286497,14,231.0
1730.0,16,388.0,7.320754716981132,5.187594645729506,3,27.0,0.02125206067009936,10,263.0,0.25186607891548973,1,11.0,0.0,0,0.0,0.9524018781764967,14,301.0
1735.0,19,462.0,8.716981132075471,5.028434454558285,4,46.0,0.003363904004385332,11,315.0,0.26287440810162155,0,0.0,1.0,0,0.0,0.8737281517096478,15,361.0
1740.0,17,384.0,7.384615384615385,4.894249127012251,5,70.0,0.000618281496625328,7,239.0,0.24138183091758367,0,0.0,1.0,1,2.0,0.4811615574263191,13,311.0
1745.0,19,442.0,8.339622641509434,4.929311983193787,5,95.0,8.138259651991009e-05,7,192.0,0.23919468202805386,0,0.0,1.0,1,7.0,0.47156676109093565,13,294.0
1750.0,15,359.0,6.648148148148148,5.015328572315902,5,120.0,1.877532233754782e-05,7,227.0,0.12231222032688552,0,0.0,0.6230214347907217,0,0.0,0.8774962008913765,12,347.0
1755.0,12,273.0,5.150943396226415,5.069509792643984,0,41.0,0.02875397579132899,8,263.0,0.06666994061455706,0,3.0,0.7649046266523637,0,0.0,0.9923731138385009,8,307.0
1760.0,13,310.0,5.849056603773585,5.52403229603182,0,0.0,1.0,9,304.0,0.08251542667067951,2,7.0,0.46467985634551434,0,0.0,0.9687200871508148,11,311.0
1765.0,13,366.0,6.90566037735849,5.857125914360749,0,0.0,1.0,11,353.0,0.08126335271800927,2,17.0,0.4553854073345027,0,0.0,0.9679633962627943,13,370.0
1770.0,12,426.0,8.037735849056604,6.044198159925413,0,0.0,1.0,10,403.0,0.07196131514885275,2,27.0,0.4528977752911121,0,0.0,0.9677159878661297,12,430.0
1775.0,12,486.0,9.169811320754716,5.775756451118111,0,0.0,1.0,10,453.0,0.07431277023033628,2,54.0,0.49733783292678235,0,0.0,0.9612473211548982,12,507.0
1780.0,5,70.0,1.2962962962962963,5.897912490557223,0,0.0,1.0,1,102.0,0.19101158236497115,4,51.0,0.014134045670579095,0,0.0,0.8515043122806109,5,153.0
1785.0,5,69.0,1.3018867924528301,6.836877831238496,0,0.0,1.0,0,22.0,0.5089488343375033,5,72.0,0.0035618665612959168,0,0.0,0.9535245355900464,5,94.0
1790.0,6,98.0,1.8846153846153846,7.865888768785444,0,0.0,1.0,0,0.0,0.8734589550349959,6,110.0,0.31530384865814415,0,0.0,0.9631315558722164,6,110.0
1795.0,2,10.0,0.19230769230769232,8.355201110458198,0,0.0,1.0,0,0.0,0.8904527119936176,1,29.0,0.707747789863134,0,0.0,0.9270708377305531,1,29.0
1800.0,2,2.0,0.04,8.247849077393381,0,3.0,0.5845153784131983,1,7.0,0.5872814111889297,0,19.0,0.7127342392483773,1,1.0,0.4773142254826914,2,30.0
1805.0,5,25.0,0.46296296296296297,8.70195996674831,1,7.0,7.480091355537261e-05,1,12.0,0.7139611008423045,1,15.0,0.7685243008100038,2,10.0,0.4714453366490067,5,44.0
1810.0,7,54.0,1.148936170212766,8.26811829937923,1,12.0,0.0,2,20.0,0.6487897262840407,1,17.0,0.7843026934400169,3,21.0,0.24990084996009992,7,70.0
1815.0,6,74.0,1.574468085106383,8.143048517637641,1,17.0,0.0,2,30.0,0.6402125220182078,0,6.0,0.6435949054426141,3,36.0,0.24972099170954742,6,89.0
1820.0,9,112.0,2.24,6.961946199999277,1,22.0,0.0,2,40.0,0.5863182655470369,3,14.0,0.11462095286848713,3,51.0,0.21136184815707745,9,127.0
1825.0,11,161.0,3.0961538461538463,7.009971607862525,1,27.0,0.0,3,52.0,0.5435529212944871,3,29.0,0.145828380550143,4,68.0,0.11392832105616624,11,176.0
1830.0,15,224.0,4.3076923076923075,6.748707355755967,1,32.0,0.4124058268102357,4,68.0,0.3884490451756447,6,51.0,0.23739097167550915,4,88.0,0.19656259161788797,15,239.0
1835.0,12,161.0,3.0961538461538463,6.501517755302057,0,0.0,1.0,6,92.0,0.34868688806615455,6,81.0,0.1181622429592141,0,33.0,0.5184772371593648,12,206.0
1840.0,12,182.0,3.5,6.5096312080343965,0,0.0,1.0,5,81.0,0.47654874263438973,7,122.0,0.17200070033998277,0,0.0,0.944720852009322,12,203.0
1845.0,15,246.0,4.6415094339622645,5.961742231035152,0,0.0,1.0,5,106.0,0.34070729421463797,10,161.0,0.0559449948496042,0,0.0,0.9528490528324105,15,267.0
1850.0,17,327.0,6.411764705882353,5.839194541157825,0,0.0,1.0,5,131.0,0.3045976405318045,12,217.0,0.03019155965399562,0,0.0,0.9935632336704558,17,348.0
1855.0,19,414.0,7.811320754716981,5.798817071169729,0,0.0,1.0,7,158.0,0.2539149734569188,12,277.0,0.004413650515231279,0,0.0,0.9448844799677978,19,435.0
1860.0,20,492.0,9.647058823529411,4.8418454035019,0,0.0,1.0,8,196.0,0.25309810922767145,12,317.0,0.0006982492575947718,0,0.0,0.6900524583449296,20,513.0
1865.0,24,603.0,11.377358490566039,4.625631165608078,0,3.0,0.9591714442879203,8,236.0,0.275539467407711,12,377.0,0.00010314570907128777,1,4.0,0.47287607038903423,21,620.0
1870.0,27,729.0,13.754716981132075,4.119144335023061,0,0.0,1.0,9,279.0,0.21257901951161232,12,437.0,6.354254071153761e-06,1,9.0,0.46504586417944066,22,725.0
1875.0,26,856.0,15.563636363636364,4.3000913582938525,0,0.0,1.0,10,332.0,0.160185220351191,12,497.0,1.7058422464419943e-06,1,14.0,0.5119834364441244,23,843.0
1880.0,26,970.0,18.30188679245283,4.533206474499678,0,0.0,1.0,11,385.0,0.15864552502658005,12,557.0,0.0,0,0.0,0.9397324582042563,23,942.0
1885.0,6,128.0,2.4150943396226414,4.696214988879635,0,0.0,1.0,2,164.0,0.2660734254325363,1,276.0,0.06142859849730509,0,0.0,0.9431903315395277,3,440.0
1890.0,7,146.0,2.6545454545454548,6.331165692719442,0,6.0,0.5112813091291315,2,100.0,0.41156579959334433,1,46.0,0.13818203476467208,0,0.0,0.9491604220346633,3,152.0
1895.0,7,181.0,3.175438596491228,7.371549214155843,0,9.0,0.2696502741717161,2,101.0,0.6410329772115732,1,57.0,0.7311390745022514,0,0.0,0.9544007567177197,3,167.0
1900.0,12,235.0,4.2727272727272725,7.431176943487444,3,24.0,0.0249724746528366,3,114.0,0.6971500468787272,1,62.0,0.7983180875633445,1,1.0,0.4913906589890085,8,201.0
1905.0,13,296.0,5.481481481481482,6.387382242020448,3,39.0,0.006277866045574895,4,124.0,0.6117421484673035,1,67.0,0.8214922475522989,1,6.0,0.4837556442058048,9,236.0
1910.0,15,323.0,5.767857142857143,6.524999381671125,6,65.0,0.0014412718240428791,4,144.0,0.5958084198003345,1,72.0,0.8266979783159903,1,11.0,0.36667975889090615,12,292.0
1915.0,15,272.0,5.132075471698113,6.624850121673924,6,95.0,0.00022843554483536807,5,166.0,0.5919615265470889,2,75.0,0.7439408880297691,2,18.0,0.16788036495669967,15,354.0
1920.0,14,322.0,6.0754716981132075,6.024496294736881,6,125.0,4.697677216981745e-05,6,194.0,0.42101347910376086,2,82.0,0.551048943928548,0,0.0,0.9386567717995735,14,401.0
1925.0,19,408.0,7.846153846153846,4.899283710854299,6,155.0,8.019749230765601e-06,9,233.0,0.18230850277949512,4,105.0,0.32870810881291074,0,0.0,0.9397238791701228,19,493.0
1930.0,22,511.0,9.125,4.577620785959985,6,185.0,0.0,10,306.0,0.12502282134985523,5,130.0,0.14084882371533022,0,0.0,0.9906584808547518,21,621.0
1935.0,25,528.0,9.6,4.30579382688055,6,215.0,0.0,9,301.0,0.20267503516281848,7,161.0,0.13392763279222616,0,0.0,0.9594955996569612,22,677.0
1940.0,24,524.0,9.192982456140351,4.699176972989394,6,245.0,0.0,7,164.0,0.28329917761525336,10,207.0,0.1122710369538981,0,0.0,0.9913912073903451,23,616.0
1945.0,29,651.0,10.85,4.5668002518645645,6,275.0,0.0,8,143.0,0.2062485584276713,13,270.0,0.12412670529833754,0,0.0,0.9887647990829287,27,688.0
1950.0,20,598.0,10.135593220338983,4.206839376824285,6,305.0,0.0,8,161.0,0.03498173015482494,3,177.0,0.30257126755509417,0,0.0,0.7774081789884981,17,643.0
1955.0,15,632.0,10.711864406779661,5.716166888458888,6,341.0,0.11620362618988353,8,201.0,0.17636246921779725,1,133.0,0.6411640725265675,0,0.0,0.8156735650733327,15,675.0
1960.0,15,707.0,12.189655172413794,5.772354433831398,6,374.0,0.018362848770805323,8,247.0,0.38834633553353204,1,128.0,0.7132157684483539,0,0.0,0.868444972589872,15,749.0
1965.0,18,790.0,12.950819672131148,5.553997068109766,6,404.0,0.01470966094531046,9,289.0,0.42465014327636846,2,137.0,0.6334949266111269,0,0.0,0.9385962493883562,17,830.0
1970.0,24,903.0,14.564516129032258,4.874870549735491,9,447.0,0.004128253347961955,9,331.0,0.38469127543557047,3,198.0,0.5694198767492186,0,0.0,0.8912955528194825,21,976.0
1975.0,30,1043.0,16.822580645161292,3.9925699736460456,12,504.0,0.0011453468188765633,10,377.0,0.3022517080492647,4,217.0,0.42924667075810374,0,0.0,0.5276381405309593,26,1098.0
1980.0,32,1184.0,19.096774193548388,3.427062597567877,12,564.0,0.0001937677969550297,8,409.0,0.28480164616112774,5,239.0,0.15183548004727956,2,7.0,0.32992529627310635,27,1219.0
1985.0,35,1353.0,21.822580645161292,2.7350969334419117,12,624.0,7.82038138410929e-05,10,450.0,0.16589742548151626,6,267.0,0.0013811201089186894,2,17.0,0.4121154569431588,30,1358.0
1990.0,34,1489.0,23.634920634920636,2.695783625600782,12,684.0,1.3657937609041251e-05,10,500.0,0.12828086234264224,7,302.0,0.0,0,12.0,0.5013911895285911,29,1498.0
1995.0,32,1556.0,24.6984126984127,3.4491708448226666,12,744.0,2.0430859025745444e-06,12,558.0,0.16256328180881907,7,341.0,0.15325923870222605,0,0.0,0.9830589722533597,31,1643.0
2000.0,35,1717.0,26.015151515151516,3.794881463528989,12,804.0,7.843333857414836e-07,14,625.0,0.19153599244202688,9,379.0,0.09255440328974857,0,0.0,0.9497643137311612,35,1808.0
2005.0,36,1896.0,30.095238095238095,3.776649264762633,12,864.0,0.0,14,695.0,0.10147268515037326,10,428.0,0.156877930841515,0,0.0,0.9807337258491746,36,1987.0
2010.0,35,1875.0,29.761904761904763,3.625693421584502,12,924.0,0.0,14,765.0,0.1036185328158233,8,314.0,0.18339649031150154,1,1.0,0.4933903997499284,35,2004.0
2015.0,30,1365.0,22.37704918032787,3.9535270825913225,6,612.0,0.007197113185160025,15,839.0,0.1317147226986531,8,287.0,0.19682331724667776,1,6.0,0.47825165610572107,30,1744.0
2020.0,25,1207.0,18.859375,4.606941585809631,0,301.0,0.09684163790411389,15,913.0,0.18088785590007714,9,313.0,0.09907661584125985,1,11.0,0.650229156321755,25,1538.0
2025.0,16,482.0,7.303030303030303,5.331502461954986,0,141.0,0.36261225371918243,5,459.0,0.19469444023605012,9,358.0,0.021616574513199406,2,6.0,0.32537209791746696,16,964.0
2030.0,7,146.0,2.212121212121212,6.376820053920386,0,0.0,1.0,2,149.0,0.27299114582747985,3,201.0,0.014781983669574872,2,16.0,0.4600582268710993,7,366.0
2035.0,4,44.0,0.6567164179104478,8.079633809540155,0,3.0,0.5188766041988709,3,44.0,0.4199631759447245,1,122.0,0.652359195194255,0,0.0,0.9868558484642517,4,169.0
2040.0,6,73.0,1.106060606060606,8.818344959550721,1,10.0,0.012050450353809382,4,67.0,0.4413074411250814,1,39.0,0.7991257429752695,0,0.0,0.8646629566170937,6,116.0
2045.0,9,113.0,1.7384615384615385,8.576021826577684,2,20.0,1.4328435665055519e-05,6,92.0,0.43518678424543383,1,38.0,0.7230763197794252,0,0.0,0.9750651563150677,9,150.0
2050.0,9,128.0,2.064516129032258,8.468021988883095,2,30.0,0.0,6,119.0,0.4328121210293764,1,13.0,0.6901855149134413,0,0.0,0.9922158198121556,9,162.0
2055.0,9,147.0,2.625,7.4186483948010835,0,0.0,1.0,6,150.0,0.3759536236562228,3,26.0,0.6441605703167648,0,0.0,0.913373863450847,9,176.0
2060.0,12,198.0,3.8823529411764706,6.385509478173582,0,0.0,1.0,7,181.0,0.3218231662493752,4,43.0,0.37933052274064283,0,0.0,0.9955076329395011,11,224.0
2065.0,13,132.0,2.588235294117647,5.451352529633861,0,0.0,0.9434723296845711,4,141.0,0.3756602924794178,8,77.0,0.03462768999313266,0,0.0,0.969118274663116,12,218.0
2070.0,10,94.0,1.8076923076923077,6.190208333492093,0,0.0,1.0,3,44.0,0.46562070089269153,5,75.0,0.030810939611991304,0,0.0,0.6862152313480099,8,119.0
2075.0,12,132.0,2.5384615384615383,7.122221071747989,0,0.0,1.0,3,59.0,0.3575398735720851,6,64.0,0.14612210318021834,1,2.0,0.46269246135905556,10,125.0
2080.0,15,200.0,4.081632653061225,6.897679678271936,0,0.0,1.0,5,82.0,0.33536875771844954,6,89.0,0.13720216996380277,1,7.0,0.4923223610138091,12,178.0
2085.0,11,173.0,3.46,6.2695229150067915,0,0.0,1.0,0,10.0,0.5151671060558136,6,119.0,0.1391140159129626,1,12.0,0.47319710209927446,7,141.0
2090.0,13,219.0,4.38,6.306685493163831,0,0.0,1.0,0,10.0,0.7504073246932608,6,149.0,0.14252152735970353,0,0.0,0.988360302937014,6,159.0
2095.0,14,289.0,5.5576923076923075,5.99163403288902,0,0.0,1.0,0,0.0,0.9674383109607604,6,188.0,0.3565007994889019,0,0.0,0.9299813591353938,6,188.0
2100.0,17,366.0,7.469387755102041,4.845605357864846,0,0.0,1.0,0,0.0,0.9038409305641668,7,220.0,0.3082404109888293,0,0.0,0.9402441469552202,7,220.0
2105.0,21,466.0,9.137254901960784,4.765054513351582,0,0.0,1.0,0,0.0,0.695502379034511,9,264.0,0.29507358732061817,0,0.0,0.9417265365295264,9,264.0
2110.0,17,442.0,8.185185185185185,5.361458252325188,0,0.0,1.0,1,5.0,0.6199517033455004,9,309.0,0.2983763336879035,0,0.0,0.8526135223995523,10,314.0
2115.0,18,453.0,8.38888888888889,4.881859827699105,0,0.0,1.0,3,15.0,0.3501705026561358,9,351.0,0.36066457646388633,0,0.0,0.9699583294220095,12,366.0
2120.0,15,422.0,8.115384615384615,4.492758186372321,0,0.0,1.0,4,35.0,0.22075980007001408,9,393.0,0.2170246677398909,0,0.0,0.9325722783759967,13,428.0
2125.0,16,488.0,9.037037037037036,4.578224070740933,0,0.0,1.0,4,55.0,0.2780897872152155,9,438.0,0.16791299429400602,0,0.0,0.966223637341173,13,493.0
2130.0,18,557.0,9.946428571428571,4.595862644730515,0,0.0,1.0,5,77.0,0.24570612043332818,12,492.0,0.12673440565823407,0,0.0,0.8066903062460636,17,569.0
2135.0,13,172.0,3.017543859649123,4.9072641888548265,0,0.0,1.0,6,106.0,0.12840188358266624,5,253.0,0.22386448651576676,2,5.0,0.3202980472388054,13,364.0
2140.0,8,150.0,2.6785714285714284,6.1889672507015945,0,6.0,0.5638049263877568,7,143.0,0.1713973353686975,1,70.0,0.2965629020752609,0,0.0,0.9370124043169202,8,219.0
2145.0,9,192.0,3.3684210526315788,6.463773561636566,0,9.0,0.2406875822385376,7,178.0,0.2607818762627729,1,24.0,0.5854813321361398,0,0.0,0.9698893921194307,8,211.0
2150.0,8,107.0,1.8135593220338984,6.159592246367544,3,24.0,0.06242280731639908,3,136.0,0.46041615993483276,1,20.0,0.5582611847759377,0,0.0,0.9992086247877172,7,180.0
2155.0,11,73.0,1.2372881355932204,5.942248384808943,5,43.0,0.014518134075069144,0,42.0,0.7989163257413866,2,28.0,0.2997782973563006,0,0.0,0.9936412898309996,7,113.0
2160.0,17,147.0,2.45,6.146484867196818,8,77.0,0.01121517018900865,0,3.0,0.9613042814526684,4,49.0,0.37039488729056247,0,0.0,0.9616983776063343,12,129.0
2165.0,21,244.0,3.935483870967742,6.011128386473001,10,124.0,0.003499334191875331,1,36.0,0.765043417778041,4,69.0,0.49627085011471866,0,0.0,0.47178198903282786,15,229.0
2170.0,22,353.0,5.603174603174603,5.475695403314793,11,179.0,0.0006057641441311834,0,21.0,0.8143328273248317,4,89.0,0.5340507402884191,1,5.0,0.4910143637025377,16,294.0
2175.0,13,223.0,3.596774193548387,5.7271144043169135,5,132.0,0.009239901635889934,1,24.0,0.6895043807581043,2,67.0,0.6474522693046268,1,10.0,0.4609261788355173,9,233.0
2180.0,4,85.0,1.3076923076923077,6.600333490248655,0,77.0,0.1301062491844845,2,35.0,0.6073706742345902,2,80.0,0.6131280344178551,0,0.0,0.5494957530155515,4,192.0
2185.0,3,76.0,1.2063492063492063,7.853267722909879,0,31.0,0.4536512666576427,2,45.0,0.5308221785714452,1,61.0,0.7429179157154151,0,0.0,0.7130001607205045,3,137.0
2190.0,4,93.0,1.4761904761904763,8.414958332793125,0,0.0,0.6492144225272967,3,57.0,0.4864182298259273,1,63.0,0.8111483022192637,0,0.0,0.9160018845100861,4,120.0
2195.0,9,123.0,1.9838709677419355,7.76043054748702,2,5.0,0.0005222416506228307,4,74.0,0.419221690053646,3,71.0,0.4841957489649334,0,0.0,0.9394669129061824,9,150.0
2200.0,9,168.0,2.625,8.199918735533426,2,15.0,0.0,4,97.0,0.4199052129092401,3,136.0,0.6289426192501186,0,0.0,0.952877695824312,9,248.0
2205.0,11,215.0,3.5245901639344264,7.749960961799349,2,25.0,0.0,4,117.0,0.4369520197883684,4,167.0,0.4575588487017776,0,0.0,0.950130625003547,10,309.0
2210.0,8,162.0,2.8421052631578947,6.544779126955979,2,35.0,0.0,0,43.0,0.37184525878544167,6,205.0,0.25374311618174383,0,0.0,0.6335202936842599,8,283.0
2215.0,9,168.0,3.0545454545454547,6.134531629087806,2,45.0,0.0,1,11.0,0.4222984769615179,5,197.0,0.17276495752017074,1,5.0,0.7239175434810778,9,258.0
2220.0,14,222.0,4.269230769230769,6.249761174973889,2,58.0,0.11022207112351351,3,20.0,0.23818689335398713,7,229.0,0.12059478836518996,0,0.0,0.9522565463182443,12,307.0
2225.0,16,299.0,5.75,6.267677862523263,3,75.0,0.07909303282472366,3,38.0,0.37246738895845694,7,267.0,0.2490244752308796,0,0.0,0.939210914327246,13,380.0
2230.0,17,383.0,7.509803921568627,6.227945213202079,4,94.0,0.06622500639070718,3,53.0,0.5441090421778949,7,299.0,0.0,0,0.0,0.9436525936291563,14,446.0
2235.0,12,225.0,4.166666666666667,5.828694226824035,0,17.0,0.05075771427445314,3,68.0,0.5061751548815925,5,228.0,0.01613895896668457,0,0.0,0.961981243196163,8,313.0
2240.0,11,179.0,3.314814814814815,6.706026202094455,0,0.0,0.3325759903616853,4,87.0,0.5359245408896249,1,127.0,0.43193327787126207,0,0.0,0.9393699783706907,5,214.0
2245.0,9,190.0,3.392857142857143,7.731639000265786,0,0.0,1.0,4,107.0,0.6315312205049148,1,50.0,0.5410367389057342,0,0.0,0.8757160553690667,5,157.0
2250.0,11,243.0,4.339285714285714,7.423490090561283,0,0.0,0.8657295278126907,4,127.0,0.6731876532224776,1,6.0,0.36599879469693947,1,3.0,0.33646907092488076,6,136.0
2255.0,13,237.0,4.086206896551724,6.892825661203199,1,1.0,0.0016172752989701005,4,147.0,0.5496519311168894,2,12.0,0.0901554186733005,2,13.0,0.41338866905951,9,173.0
2260.0,11,217.0,3.875,6.417709230751016,1,6.0,0.0,4,167.0,0.3921526964453597,3,26.0,0.16605309243555424,3,24.0,0.24603695429821976,11,223.0
2265.0,10,236.0,4.452830188679245,6.304058140956841,1,11.0,0.0,6,191.0,0.3145632110351521,3,41.0,0.2292981628317724,0,14.0,0.5286334376211637,10,257.0
2270.0,5,73.0,1.4038461538461537,6.1391923069175265,1,16.0,0.0,1,11.0,0.32594262689799,3,62.0,0.29690650257647905,0,0.0,0.9817775042060939,5,89.0
2275.0,8,77.0,1.54,5.720918895232492,1,21.0,0.0,0,1.0,0.6287102613973646,3,64.0,0.41066218536517773,0,0.0,0.9757253729814008,4,86.0
2280.0,9,108.0,2.16,6.526697176758701,1,26.0,0.0,0,0.0,0.6441662696401462,2,73.0,0.5832404785593581,0,0.0,0.9326293304453978,3,99.0
2285.0,6,107.0,2.276595744680851,7.622722622072592,1,31.0,0.0,1,8.0,0.7659552335276009,3,84.0,0.5939187189222848,0,0.0,0.9930407374762298,5,123.0
2290.0,5,119.0,2.4285714285714284,8.158145396051538,1,36.0,0.0,1,6.0,0.8072585782190229,3,99.0,0.5435979250942403,0,0.0,0.9404513864589839,5,141.0
2295.0,8,147.0,2.94,7.3629709136043395,1,41.0,0.2424710420229023,2,12.0,0.6502580161709693,3,114.0,0.6018617630395958,0,0.0,0.9553108514734893,6,167.0
2300.0,7,178.0,3.9555555555555557,7.0332170707277255,2,49.0,3.824005501555976e-05,2,49.0,0.6910332667626354,3,129.0,0.594766194201029,0,0.0,0.952458747172379,7,227.0
2305.0,9,214.0,4.7555555555555555,7.254877100438842,2,59.0,0.12266195035631539,3,32.0,0.6443309880473649,3,144.0,0.36069680642360574,0,0.0,0.9351452465780886,8,235.0
2310.0,12,262.0,5.822222222222222,5.999903550904777,2,69.0,0.017939947906653278,4,45.0,0.38109788627013697,5,164.0,0.026933938385819357,0,0.0,0.6543687733652297,11,278.0
2315.0,14,330.0,7.0212765957446805,6.0338761001789365,2,79.0,0.003978495944858858,5,69.0,0.34729285730109144,5,197.0,0.12310234121166248,1,4.0,0.46942593018310014,13,349.0
2320.0,18,411.0,8.74468085106383,4.694739763922176,3,94.0,0.000520966723205703,5,94.0,0.3257950105900762,8,228.0,0.05612785316820142,1,9.0,0.4764607952106668,17,425.0
2325.0,16,452.0,9.04,5.0037609054839445,3,109.0,7.676621034166015e-05,5,121.0,0.37802914024288853,6,229.0,0.005820249754120906,0,0.0,0.9182780836573156,14,459.0
2330.0,18,541.0,10.607843137254902,5.20747321560061,3,127.0,0.17016423771298972,6,156.0,0.3079865122150824,7,259.0,0.2515041304461043,0,0.0,0.9928913743762066,16,542.0
2335.0,14,448.0,8.615384615384615,5.8454094276812985,0,22.0,0.20781413071224283,7,183.0,0.3388616709293907,7,291.0,0.12077192488446535,0,0.0,0.9357610501041667,14,496.0
2340.0,15,521.0,9.830188679245284,6.8864238473368635,0,0.0,0.31862501638707963,8,221.0,0.269152592306952,7,326.0,0.17798782846855699,0,0.0,0.9646163597543749,15,547.0
2345.0,16,427.0,7.763636363636364,6.565496853172939,0,0.0,1.0,10,269.0,0.17409547894251395,6,272.0,0.1220189938423824,0,0.0,0.8678403852188664,16,541.0
2350.0,4,76.0,1.4074074074074074,7.3261354272680235,0,3.0,0.9500173571234422,1,110.0,0.4035293791088751,2,123.0,0.2458970600541571,1,3.0,0.624054473084377,4,239.0
2355.0,4,96.0,1.7777777777777777,8.50409496078025,0,0.0,1.0,1,68.0,0.7698974602297208,2,69.0,0.4930505248697358,1,8.0,0.3938517475843235,4,145.0
2360.0,5,121.0,2.1228070175438596,8.987700627822859,0,0.0,0.1743125863213434,1,73.0,0.811450465402973,2,39.0,0.6326777752696793,2,18.0,0.48456363412947023,5,130.0
2365.0,6,150.0,3.0,8.190227728022938,1,4.0,0.00023176346096569165,1,78.0,0.6062246434752108,2,49.0,0.7125001387590013,2,28.0,0.48552252010989316,6,159.0
2370.0,6,149.0,3.239130434782609,7.978308143133458,1,9.0,0.0,2,88.0,0.5214966782071287,3,61.0,0.648762677272132,0,14.0,0.5261317815025873,6,172.0
2375.0,6,179.0,4.261904761904762,8.351204900656402,1,14.0,0.0,2,98.0,0.5940633723476614,3,77.0,0.623840362290305,0,0.0,0.9732996442976728,6,189.0
2380.0,6,209.0,4.8604651162790695,8.401364541093743,1,19.0,0.0,2,108.0,0.5495502312856704,3,88.0,0.6366373657721625,0,0.0,0.9451131992184638,6,215.0
2385.0,8,230.0,5.609756097560975,7.491811702632607,1,24.0,0.0,3,122.0,0.5531475114189232,4,87.0,0.4852796191515013,0,0.0,0.9829510688908296,8,233.0
2390.0,9,153.0,3.923076923076923,7.357290345118886,1,32.0,0.41577683044468333,1,71.0,0.6577479144406337,7,118.0,0.3370749009276092,0,0.0,0.93204257089164,9,221.0
2395.0,10,199.0,4.738095238095238,7.31045339562448,2,38.0,0.0021006070353760276,1,14.0,0.8021462039811947,7,156.0,0.2526399561865463,0,0.0,0.9508016718968056,10,208.0
2400.0,10,210.0,5.0,6.434677449366397,0,0.0,0.32961867029144454,2,22.0,0.5394836897632714,8,194.0,0.3190559644770865,0,0.0,0.9219408508569135,10,216.0
2405.0,12,267.0,6.357142857142857,6.033491756151564,0,0.0,1.0,3,37.0,0.5981307448507724,8,234.0,0.243853365959828,1,2.0,0.3371070803963072,12,273.0
2410.0,14,333.0,7.744186046511628,5.398088876842369,0,0.0,1.0,4,54.0,0.4152241387000774,9,278.0,0.1511317030170027,1,6.0,0.4833412102473924,14,338.0
2415.0,18,416.0,9.454545454545455,5.235307350958909,0,0.0,1.0,6,80.0,0.26821800127726386,10,326.0,0.1896740331993613,2,15.0,0.5356970315368631,18,421.0
2420.0,21,517.0,11.23913043478261,4.523678032365692,0,0.0,1.0,8,117.0,0.10534516917244294,11,377.0,0.15440699916031328,2,25.0,0.5046937141718838,21,519.0
2425.0,21,471.0,10.466666666666667,3.5652866430693306,0,0.0,1.0,9,161.0,0.09324779768375271,10,353.0,0.07463086107104039,2,35.0,0.4805064697759498,21,549.0
2430.0,19,487.0,10.58695652173913,4.803009483363792,0,0.0,1.0,9,206.0,0.09431961844789934,10,284.0,0.08735686484836482,0,0.0,0.7292866719775304,19,490.0
2435.0,22,586.0,12.208333333333334,4.840927815822539,0,0.0,1.0,10,253.0,0.03624786293747111,11,341.0,0.11731075540190092,1,1.0,0.6814692540936236,22,595.0
2440.0,23,692.0,14.122448979591837,4.7220339572159835,0,0.0,1.0,10,303.0,0.08535753505193398,12,397.0,0.12891111141742678,0,0.0,0.9470595908895412,22,700.0
2445.0,27,818.0,16.693877551020407,3.6891012428111725,0,0.0,1.0,10,353.0,0.08938559673074048,14,466.0,0.027741244591706286,0,0.0,0.9389332427314466,24,819.0
2450.0,25,782.0,15.038461538461538,3.235941784462802,0,0.0,1.0,5,223.0,0.16120748523650216,14,536.0,0.003351444266664687,1,2.0,0.5023742488627526,20,761.0
2455.0,26,897.0,16.92452830188679,4.132831768090481,0,0.0,1.0,5,248.0,0.22405638179902895,15,607.0,0.0003845122480364821,1,7.0,0.5381224124778595,21,862.0
2460.0,25,1007.0,19.0,4.732099782478556,0,0.0,1.0,5,281.0,0.22950201570388876,15,691.0,0.19971788773685864,2,15.0,0.3093809321525148,22,987.0
2465.0,22,1068.0,19.418181818181818,4.959062008958576,0,0.0,1.0,5,298.0,0.2805415471032956,15,766.0,0.24225805692330393,2,25.0,0.32565569729740385,22,1089.0
2470.0,11,509.0,8.775862068965518,5.364032795281861,0,0.0,1.0,6,325.0,0.23694818852472646,4,433.0,0.3543886723275345,1,22.0,0.6418598052870846,11,780.0
2475.0,8,360.0,5.901639344262295,6.447129966672435,0,3.0,0.4992810123429654,7,365.0,0.24552637051584966,1,113.0,0.5804568644662815,0,0.0,0.9841674614267739,8,481.0
2480.0,9,402.0,6.813559322033898,7.619525134584322,0,0.0,0.711207444219127,7,400.0,0.4810276361443873,2,15.0,0.6679775380260112,0,0.0,0.9633332128629226,9,415.0
2485.0,13,453.0,7.306451612903226,6.781493723073767,2,4.0,0.08443401825669483,8,435.0,0.42385966097696903,3,26.0,0.3415280870432729,0,0.0,0.9203066115543763,13,465.0
2490.0,17,533.0,8.46031746031746,5.365378173339393,4,24.0,0.04972948613780376,9,476.0,0.40522407506146924,4,42.0,7.84697365834825e-06,0,0.0,0.9443298576907553,17,542.0
2495.0,18,616.0,9.625,5.313948065889592,4,44.0,0.041880378066907184,9,521.0,0.4510072604176643,3,53.0,0.0,0,0.0,0.9774245040964789,16,618.0
2500.0,21,718.0,11.396825396825397,5.121551181712905,6,74.0,0.008009157464824848,10,568.0,0.433322158354956,3,68.0,0.24649299477627434,0,0.0,0.9896156026267636,19,710.0
2505.0,21,708.0,11.419354838709678,4.274369723004482,3,45.0,0.026364779629737944,13,622.0,0.22293954140894312,4,84.0,0.000963846958232245,0,0.0,0.9863256550495737,20,751.0
2510.0,19,793.0,12.790322580645162,4.614735450258665,0,10.0,0.19149757089993838,14,690.0,0.11968027537971503,4,104.0,0.1607935148883085,0,0.0,0.9430376220549788,18,804.0
2515.0,21,896.0,14.451612903225806,4.924462368548692,0,0.0,1.0,14,760.0,0.059299021188951716,5,127.0,0.1573877108831255,0,0.0,0.9747249411880655,19,887.0
2520.0,21,953.0,15.370967741935484,5.42188464224409,0,0.0,1.0,18,834.0,0.14097581473030157,3,128.0,0.0,0,0.0,0.933427713935114,21,962.0
2525.0,22,1059.0,16.045454545454547,5.702956933678159,0,0.0,1.0,18,927.0,0.16090276284602362,3,143.0,0.0,0,0.0,0.9678596542658506,21,1070.0
2530.0,16,964.0,14.830769230769231,5.86014835784376,0,0.0,1.0,10,839.0,0.20384183689597868,3,158.0,0.24398407256174745,0,0.0,0.9959844278225649,13,997.0
2535.0,17,1047.0,16.61904761904762,6.098384371348417,0,0.0,1.0,11,849.0,0.29990388835606924,3,173.0,0.24204180961715552,0,0.0,0.9897658088718124,14,1022.0
2540.0,15,1101.0,17.758064516129032,6.226021340457056,0,0.0,1.0,11,904.0,0.2882676038109817,3,194.0,0.4816983540128832,0,0.0,0.9509534441656617,14,1098.0
2545.0,15,1164.0,19.081967213114755,6.765695501301294,0,0.0,1.0,12,964.0,0.2412719923628519,3,206.0,0.606562374619669,0,0.0,0.983280077088604,15,1170.0
2550.0,16,1240.0,20.327868852459016,6.645856386728779,0,0.0,1.0,12,1024.0,0.27639891829959823,3,221.0,0.6073094769476078,0,0.0,0.9211202563232419,15,1245.0
2555.0,14,1291.0,21.88135593220339,7.078767078748843,0,0.0,1.0,11,1061.0,0.2938823444469669,3,236.0,0.6051463876313354,0,0.0,0.9194372948341691,14,1297.0
2560.0,15,1363.0,22.716666666666665,6.473858357498343,0,0.0,1.0,11,1116.0,0.23779676887594584,3,254.0,0.6374997847892488,0,0.0,0.8883803360164025,14,1370.0
2565.0,18,1444.0,24.47457627118644,5.981423174771371,0,0.0,1.0,15,1184.0,0.1391365321685939,3,269.0,0.488748374003511,0,0.0,0.9556827457541057,18,1453.0
2570.0,21,1543.0,26.603448275862068,5.453155502463524,0,0.0,1.0,15,1259.0,0.12070283004826808,6,293.0,0.2695663515957992,0,0.0,0.9941999888190259,21,1552.0
2575.0,15,1585.0,26.864406779661017,4.97838280131339,0,0.0,1.0,12,1292.0,0.16656747283982032,3,296.0,0.1666093716326483,0,0.0,0.9748523931909483,15,1588.0
2580.0,15,1660.0,28.620689655172413,5.745233950714095,0,9.0,0.5971423146450664,12,1353.0,0.1281685582199567,3,311.0,0.24772292802770696,0,0.0,0.9417932313924673,15,1673.0
2585.0,16,1736.0,29.423728813559322,6.401936502411062,1,10.0,0.20630063366806833,12,1413.0,0.2264875109445158,3,329.0,0.4794010965677103,0,0.0,0.9271799852858001,16,1752.0
2590.0,19,1829.0,30.483333333333334,5.865799390148711,3,25.0,0.014048797609618155,12,1473.0,0.20141347021836703,3,341.0,0.3878915410334195,0,0.0,0.9244166495732095,18,1839.0
2595.0,16,1148.0,19.133333333333333,5.760897094154335,4,42.0,0.0037783035940383188,9,1135.0,0.23429807865461094,3,356.0,0.3932299120195987,0,0.0,0.9278554271349386,16,1533.0
2600.0,9,430.0,7.049180327868853,6.597829097815042,5,66.0,0.0006304349294124904,1,495.0,0.3935981522166736,3,371.0,0.43108327293996246,0,0.0,0.9135297579499968,9,932.0
2605.0,6,398.0,6.862068965517241,7.723352496041419,0,19.0,0.030239263374277098,1,126.0,0.6274138516523432,4,392.0,0.4207973524696097,1,2.0,0.7042254192145622,6,539.0
2610.0,8,431.0,7.56140350877193,8.092006126305037,0,11.0,0.25047767493862055,2,18.0,0.47955520432517196,4,412.0,0.3070560402418687,2,8.0,0.3607181081959746,8,449.0
2615.0,9,462.0,7.830508474576271,7.842574522520912,0,0.0,1.0,3,29.0,0.30009256302314685,3,416.0,0.33416883336496134,3,21.0,0.3777028095552072,9,466.0
2620.0,12,515.0,9.196428571428571,7.050241089337839,0,3.0,0.5985550737044243,4,60.0,0.36953580546321785,3,431.0,0.38325008097222285,3,36.0,0.20703519949220758,10,530.0
2625.0,9,530.0,9.814814814814815,7.721511765658334,0,0.0,1.0,4,74.0,0.46591212763949597,3,446.0,0.370686622769569,1,28.0,0.3495203474387922,8,548.0
2630.0,8,557.0,10.127272727272727,7.215921261667118,0,0.0,1.0,4,94.0,0.2619171649885279,3,470.0,0.4926647214212514,0,13.0,0.7733380419843551,7,577.0
2635.0,15,614.0,12.28,5.539077191168293,0,0.0,1.0,5,113.0,0.25949871597036905,7,492.0,0.12888856578788477,0,0.0,0.9731747869188079,12,605.0
2640.0,15,662.0,13.24,5.810892551121001,0,0.0,1.0,5,138.0,0.45764106366604745,10,537.0,0.09109404235567226,0,0.0,0.9553848101772646,15,675.0
2645.0,15,737.0,15.354166666666666,6.569435437496783,0,0.0,1.0,5,163.0,0.41814670049564295,10,588.0,0.16297778148364378,0,0.0,0.9474135517365767,15,751.0
2650.0,16,813.0,16.591836734693878,6.281640749096501,0,0.0,1.0,6,189.0,0.30798932924954464,10,638.0,0.2507736390044978,0,0.0,0.5707874083926792,16,827.0
2655.0,10,324.0,6.612244897959184,5.8206685291558315,0,0.0,1.0,0,8.0,0.4003254030916032,9,505.0,0.22605422757010551,1,5.0,0.4625154396214868,10,518.0
2660.0,7,141.0,2.9375,7.157804372721677,0,3.0,0.9780767809992063,0,0.0,0.7381271761537004,6,190.0,0.31339367174435945,1,10.0,0.6579643489760922,7,203.0
2665.0,9,180.0,3.9130434782608696,7.662765341620453,0,0.0,1.0,0,0.0,0.9510987243146012,7,180.0,0.43338148166302426,2,15.0,0.4708696853100709,9,195.0
2670.0,9,221.0,4.604166666666667,7.99506639197529,0,0.0,1.0,1,1.0,0.7708711005017308,7,215.0,0.513914656750682,1,20.0,0.6164407281150045,9,236.0
2675.0,8,109.0,2.2244897959183674,6.697688351494441,0,0.0,1.0,1,6.0,0.7292016286106552,5,125.0,0.4439897498327744,1,25.0,0.4635955157903725,7,156.0
2680.0,9,111.0,2.2653061224489797,6.880745768755673,0,0.0,1.0,1,17.0,0.7141159874464635,4,106.0,0.5197144298268827,2,33.0,0.2801855601793959,7,156.0
2685.0,6,102.0,2.0816326530612246,7.2820567007582,0,0.0,1.0,1,25.0,0.7608025935967337,4,89.0,0.5783766038123406,0,3.0,0.4009812365520224,5,117.0
2690.0,7,135.0,3.0681818181818183,7.640000129198213,0,0.0,0.9568361921245191,2,30.0,0.6970937103478365,4,109.0,0.5162275235603648,0,0.0,0.793314104821595,6,139.0
2695.0,13,157.0,3.4130434782608696,5.7132551154336895,1,1.0,0.2782602207618364,3,41.0,0.5219748274873889,8,111.0,0.28322139944365704,0,0.0,0.978930925003836,12,153.0
2700.0,18,218.0,4.739130434782608,5.036555010628532,2,9.0,4.858007161454369e-05,5,67.0,0.5143420730515141,11,157.0,0.0819260072066539,0,0.0,0.9343241369005446,18,233.0
2705.0,15,267.0,5.5625,5.66583594470969,0,0.0,1.0,4,70.0,0.5914288207307571,11,212.0,0.10425434960845109,0,0.0,0.9862094942192421,15,282.0
2710.0,17,345.0,7.040816326530612,5.559707505703795,0,0.0,1.0,6,93.0,0.37262738124586786,11,267.0,0.15045166616817873,0,0.0,0.7123673583062928,17,360.0
2715.0,19,438.0,8.588235294117647,5.33317472028195,0,0.0,1.0,7,121.0,0.20168200951529297,11,325.0,0.24268351124628085,1,4.0,0.48578914420690306,19,450.0
2720.0,21,538.0,9.962962962962964,5.394960718812134,0,0.0,1.0,7,156.0,0.2834978119064675,13,385.0,0.13161810764930543,1,9.0,0.6455383550245783,21,550.0
2725.0,18,495.0,8.839285714285714,5.456822241365268,0,0.0,1.0,4,105.0,0.27346785147975994,14,454.0,0.11705514678074647,0,0.0,0.5330059124749719,18,559.0
2730.0,18,533.0,9.87037037037037,5.913876616574225,0,0.0,1.0,2,30.0,0.44113153312440145,14,527.0,0.1373036482992174,1,5.0,0.4687289483281512,17,562.0
2735.0,17,613.0,11.788461538461538,5.852237536266391,0,0.0,1.0,2,25.0,0.44041061437266543,14,600.0,0.18397984128943823,0,0.0,0.9277084714626024,16,625.0
2740.0,17,690.0,13.26923076923077,5.922528731847283,0,0.0,1.0,3,38.0,0.22017299787295533,14,671.0,0.22906082702925698,0,0.0,0.9874261682051146,17,709.0
2745.0,16,730.0,14.038461538461538,5.673194659231806,0,0.0,1.0,1,1.0,0.2496998322490639,15,745.0,0.17365441688084488,0,0.0,0.9571804447501984,16,746.0
2750.0,17,811.0,15.30188679245283,5.654233438625917,0,0.0,1.0,1,6.0,0.41653525530227026,16,821.0,0.14256789647089183,0,0.0,0.9743062756163622,17,827.0
2755.0,20,907.0,16.490909090909092,5.500804756430359,0,0.0,1.0,1,11.0,0.6584762718907804,18,914.0,0.21285780579509656,0,0.0,0.9756786472524117,19,925.0
2760.0,9,464.0,8.285714285714286,5.9669545286217955,0,0.0,1.0,1,16.0,0.6512587901235523,8,604.0,0.25960384305864703,0,0.0,0.95884596140609,9,620.0
2765.0,7,445.0,7.672413793103448,6.650265833034854,0,9.0,0.6293655618722981,2,31.0,0.45595043769543414,5,483.0,0.3297556496201764,0,0.0,0.48298405464483796,7,523.0
2770.0,9,488.0,8.413793103448276,7.615895071411668,0,0.0,0.7916192721292495,2,41.0,0.6864134864443121,6,457.0,0.35786811782722167,1,5.0,0.4697322906422345,9,503.0
2775.0,9,533.0,9.033898305084746,8.244657893711567,0,0.0,1.0,2,51.0,0.6597951425500252,6,487.0,0.4358073748175577,1,10.0,0.586264740654551,9,548.0
2780.0,9,323.0,5.47457627118644,7.780367844241832,0,0.0,0.8588800025624272,3,61.0,0.6328285580603361,6,392.0,0.25600448755102456,0,0.0,0.9516600561581615,9,453.0
2785.0,6,40.0,0.7017543859649122,7.824973366293484,0,0.0,1.0,2,35.0,0.7494316228508446,4,189.0,0.1716329266571497,0,0.0,0.9565184785190346,6,224.0
2790.0,7,68.0,1.1724137931034482,8.436036074500818,0,0.0,1.0,2,45.0,0.6821564382102299,5,61.0,0.2704306345417973,0,0.0,0.9609859406269504,7,106.0
2795.0,9,108.0,1.894736842105263,7.601581509661768,0,0.0,1.0,4,60.0,0.4483632352605196,5,63.0,0.006343244257948134,0,0.0,0.9594709720351573,9,123.0
2800.0,8,101.0,1.8035714285714286,6.589916564622811,0,0.0,1.0,5,83.0,0.275994716603978,2,21.0,0.42405512278702756,0,0.0,0.9363997253575064,7,104.0
2805.0,6,48.0,0.9056603773584906,5.611547685079142,0,6.0,0.5684754010835109,0,6.0,0.39020725580001725,2,31.0,0.31225233400146757,0,0.0,0.9768072327378352,2,43.0
2810.0,15,103.0,1.8392857142857142,5.3453004879722625,1,7.0,0.010201872599200808,1,7.0,0.702266694587032,4,49.0,0.22703404902539334,0,0.0,0.9552841482443732,6,63.0
2815.0,16,156.0,2.736842105263158,5.680450901345198,2,16.0,5.3485047541419735e-05,1,12.0,0.7999734669115214,6,82.0,0.36741939986858607,0,0.0,0.5035859276524978,9,110.0
2820.0,13,174.0,3.0526315789473686,6.550797218279863,2,26.0,0.0,1,17.0,0.7954596129459972,6,112.0,0.4336260421855094,1,4.0,0.4706023298677854,10,159.0
2825.0,13,213.0,3.736842105263158,6.251606905823462,0,0.0,1.0,1,22.0,0.7975888857497218,7,144.0,0.3492950225844157,1,9.0,0.49918039773991263,9,175.0
2830.0,10,183.0,2.9516129032258065,6.695567340530105,0,0.0,1.0,1,27.0,0.7739169077641723,5,132.0,0.44923640970262,0,0.0,0.606759478055064,6,159.0
2835.0,9,137.0,2.3220338983050848,6.941526285179466,0,3.0,0.8776045939309636,0,6.0,0.9439425683502861,2,89.0,0.6365469843530391,0,0.0,0.698945128785665,2,98.0
2840.0,13,193.0,3.3275862068965516,6.190925163317887,0,0.0,1.0,2,11.0,0.5475917328841179,4,62.0,0.4342418896841698,0,0.0,0.9028997919136352,6,73.0
2845.0,18,272.0,4.533333333333333,5.477653218915589,0,0.0,1.0,2,21.0,0.5744817833057273,8,98.0,0.20664689127605707,0,0.0,0.9908735623319546,10,119.0
2850.0,17,323.0,5.295081967213115,5.460726672451305,0,0.0,1.0,2,32.0,0.6235467421612488,4,80.0,0.284757824152848,0,0.0,0.9189297849523803,6,112.0
2855.0,19,417.0,7.315789473684211,5.488480776200453,0,9.0,0.5770220142578313,3,50.0,0.570699047068543,4,100.0,0.30853555184544657,0,0.0,0.84787673382808,7,159.0
2860.0,21,488.0,8.413793103448276,4.902748676439377,2,11.0,0.19153290098881864,4,72.0,0.5715368965101829,4,120.0,0.19282618459194295,0,0.0,0.8367882078404655,10,203.0
2865.0,23,455.0,7.711864406779661,4.638201451946453,3,26.0,0.019848492867361414,5,94.0,0.5364087889296506,4,140.0,0.19569054993996132,0,0.0,0.6462687882864515,12,260.0
2870.0,19,386.0,6.5423728813559325,4.795191353199935,3,42.0,0.0047209309409994085,5,119.0,0.4416003205842706,4,157.0,0.0,1,5.0,0.6426346552425457,13,323.0
2875.0,12,288.0,4.88135593220339,5.462094042480973,5,67.0,0.0004150960429894194,0,44.0,0.6926964809255775,4,177.0,0.0,1,10.0,0.687246301539925,10,298.0
2880.0,12,337.0,6.017857142857143,5.814071313065531,5,92.0,0.0001363593626557414,1,23.0,0.8011347059181295,4,197.0,0.0,0,0.0,0.4960763632229243,10,312.0
2885.0,6,227.0,3.783333333333333,6.532087862875348,0,29.0,0.026215410271704088,2,37.0,0.6374435717776145,4,223.0,0.46169464043495445,0,0.0,0.6569956726876215,6,289.0
2890.0,7,260.0,4.406779661016949,6.931414026301305,0,0.0,1.0,2,47.0,0.5042708960944912,4,264.0,0.4742018997999071,0,0.0,0.9235571134485745,6,311.0
2895.0,4,257.0,4.283333333333333,7.468793468466261,0,0.0,1.0,0,7.0,0.610107274763404,4,260.0,0.42220486829649956,0,0.0,0.9762800578816621,4,267.0
2900.0,6,280.0,4.590163934426229,7.639063940741291,0,0.0,1.0,0,0.0,0.8267177612632997,4,280.0,0.4145109484925865,0,0.0,0.9732232898495332,4,280.0
2905.0,5,301.0,5.280701754385965,8.115708260916085,0,0.0,1.0,1,4.0,0.716764419766668,4,300.0,0.3165793623125049,0,0.0,0.7922126042245493,5,304.0
2910.0,7,330.0,6.0,7.437336552090533,0,0.0,1.0,1,9.0,0.7217508311535163,4,320.0,0.3209578745074306,1,3.0,0.651432855895259,6,332.0
2915.0,6,359.0,7.18,6.53215882651032,0,0.0,1.0,1,14.0,0.6878731706624793,4,340.0,0.17010553204111437,1,8.0,0.32281963364342664,6,362.0
2920.0,9,400.0,8.0,6.4938443749054215,0,0.0,1.0,2,21.0,0.41622344822304497,5,361.0,0.09386161905215623,2,18.0,0.4826912009960823,9,400.0
2925.0,11,452.0,9.224489795918368,6.1422345256416255,0,0.0,1.0,3,34.0,0.3575819945006207,6,390.0,0.13880804525016335,2,28.0,0.2383850469521185,11,452.0
2930.0,13,514.0,10.489795918367347,6.3260641386107785,0,0.0,1.0,4,51.0,0.38154504236438713,6,420.0,0.0,3,43.0,0.2338488831022079,13,514.0
2935.0,9,482.0,9.26923076923077,6.18973497932276,0,0.0,1.0,1,7.0,0.7402880927501836,4,419.0,0.2670742978705046,4,58.0,0.19469431566971326,9,484.0
2940.0,5,449.0,8.634615384615385,6.839313531352109,0,6.0,0.6561524116421875,1,12.0,0.710222324414809,4,441.0,0.25025259592624216,0,24.0,0.3077996417661731,5,483.0
2945.0,10,485.0,9.150943396226415,6.6932608185006295,2,8.0,0.002263997617755221,1,17.0,0.6987240607128791,6,480.0,0.26218541782125987,0,0.0,0.9949755087936344,9,505.0
2950.0,15,555.0,10.471698113207546,6.586012219634416,2,18.0,0.0,1,22.0,0.7394940078113565,7,509.0,0.31742781104704,0,0.0,0.8351914134335457,10,549.0
2955.0,13,580.0,10.357142857142858,6.650813631273672,2,28.0,0.0,0,0.0,0.821742541627324,5,526.0,0.4039725406441638,0,0.0,0.9671546970734909,7,554.0
2960.0,15,650.0,11.818181818181818,6.660173808850255,2,38.0,0.0,1,6.0,0.8041337372984317,5,538.0,0.3713609306632899,0,0.0,0.9630818916462912,8,582.0
2965.0,15,686.0,12.25,6.286535280131664,0,0.0,0.12880257782865412,1,11.0,0.8029043487210463,5,563.0,0.4142399289479397,0,0.0,0.6409624240615658,6,574.0
2970.0,18,769.0,14.50943396226415,6.1123846437913585,0,0.0,1.0,2,18.0,0.6994417815921307,6,589.0,0.19610987754579223,1,5.0,0.6183637738191413,9,612.0
2975.0,20,553.0,9.875,4.993039920038602,0,0.0,1.0,3,29.0,0.3493149102717133,6,461.0,0.057930495975544276,1,10.0,0.499021674274134,10,500.0
2980.0,14,265.0,4.818181818181818,5.451347872430379,0,3.0,0.9589933923689243,4,49.0,0.19960296611809894,3,195.0,0.1625421882123681,0,3.0,0.5258012600054194,7,250.0
2985.0,16,324.0,5.890909090909091,6.283415035248924,0,0.0,1.0,5,71.0,0.2764087960627885,3,53.0,0.14149398107143404,0,0.0,0.9677220634884314,8,124.0
2990.0,21,410.0,7.192982456140351,6.05438887775705,0,0.0,1.0,6,101.0,0.3186693884240141,6,76.0,0.00040410205890265726,0,0.0,0.9665404438790379,12,177.0
2995.0,8,272.0,4.771929824561403,5.743284283139609,0,0.0,1.0,0,9.0,0.4658763212386723,0,5.0,0.060309676105548354,0,0.0,0.9699215391530022,0,14.0
3000.0,11,323.0,5.666666666666667,6.025154653217055,0,6.0,0.5590601573159979,1,8.0,0.5603651420070244,0,3.0,0.9291690796891465,0,0.0,0.9473174703186859,1,17.0
3005.0,17,396.0,6.947368421052632,5.936313932362306,1,10.0,0.031631705526445765,2,18.0,0.6591004623072438,0,9.0,0.9158974270872433,0,0.0,0.9681494057261214,3,37.0
3010.0,20,493.0,8.5,5.328683234857622,3,25.0,2.1328918867878236e-05,2,28.0,0.6449932080268357,0,9.0,0.7244925926440215,0,0.0,0.6015113994998486,5,62.0
3015.0,22,601.0,10.186440677966102,4.957457882497472,3,40.0,0.0,2,38.0,0.6269755722751486,0,9.0,0.927345608611543,1,4.0,0.4760721892010652,6,91.0
3020.0,23,715.0,11.721311475409836,5.31479331994271,3,55.0,0.0,2,51.0,0.6752655625631666,0,9.0,0.9254156615183917,1,9.0,0.4972203520384379,6,124.0
3025.0,23,830.0,13.387096774193548,5.049935918578262,3,70.0,0.0,2,61.0,0.7048683808354513,0,9.0,0.9327731522383859,1,14.0,0.48085810348392105,6,154.0
3030.0,19,813.0,13.112903225806452,4.965311713306096,3,85.0,0.0,2,65.0,0.6097002750145162,0,6.0,0.764004194306907,1,19.0,0.3902705005888261,6,175.0
3035.0,21,820.0,13.442622950819672,4.464479909526747,3,100.0,0.0,2,75.0,0.4013765619751921,2,9.0,0.35613524952213,2,29.0,0.3267252364609369,9,213.0
3040.0,25,935.0,15.327868852459016,4.7463726979319,3,115.0,0.0,3,88.0,0.4788578734528674,3,21.0,0.1976254389131728,2,39.0,0.3328017820583382,11,263.0
3045.0,24,1016.0,16.65573770491803,4.733166198504898,3,130.0,0.0,3,103.0,0.478834249115517,4,41.0,0.27817100236339837,0,0.0,0.9656897382645812,10,274.0
3050.0,25,1139.0,18.672131147540984,4.852802232298681,3,145.0,0.0,4,138.0,0.3572263270610133,4,67.0,0.3819790282216647,0,0.0,0.9787138202407406,11,350.0
3055.0,17,647.0,10.966101694915254,4.759534135335778,3,160.0,0.0,5,177.0,0.3610197464363014,0,14.0,0.44964489854524714,0,0.0,0.9420486458124723,8,351.0
3060.0,12,337.0,5.616666666666666,5.736125833078486,3,181.0,0.2310861576968429,2,90.0,0.4003324364649789,0,0.0,0.9460793403505153,0,0.0,0.9731776474062221,5,271.0
3065.0,5,62.0,1.0,6.471071037038683,0,9.0,0.176484638669768,3,54.0,0.5349791964301224,0,108.0,0.9587770269924346,0,0.0,0.4845801393023483,3,171.0
3070.0,4,62.0,1.0163934426229508,7.0912758775080444,0,0.0,0.23212607881146718,3,58.0,0.6038736089018205,0,108.0,0.5222970622385251,1,4.0,0.484248826653466,4,170.0
3075.0,4,82.0,1.3225806451612903,7.8282618624263645,0,0.0,0.446257879788113,3,73.0,0.5957917308692684,0,0.0,0.3195928995107221,1,9.0,0.49512468421794054,4,82.0
3080.0,3,34.0,0.5396825396825397,8.066890666078507,0,2.0,0.8937281502528968,1,44.0,0.5609706482065253,1,85.0,0.6393329194972024,1,14.0,0.6263968704638566,3,145.0
3085.0,4,54.0,0.9,7.5140504623822855,0,2.0,0.010069815146963892,2,27.0,0.44227868732764086,1,67.0,0.6741988318951527,1,19.0,0.32644856965101504,4,115.0
3090.0,9,95.0,1.5833333333333333,7.285947335164152,1,7.0,1.2386784494226035e-05,5,48.0,0.16970852842936807,1,8.0,0.6528669513032587,2,29.0,0.3245967180353556,9,92.0
3095.0,7,101.0,1.7413793103448276,7.199563157555641,1,12.0,0.0,5,101.0,0.25168442897965587,1,13.0,0.6265999182821349,0,0.0,0.9713809467475341,7,126.0
3100.0,9,140.0,2.5925925925925926,7.007720260269684,1,17.0,0.0,6,128.0,0.2924428862705341,1,24.0,0.5882860922544281,0,0.0,0.9100771354711934,8,169.0
3105.0,13,177.0,3.2777777777777777,7.0440003554147745,0,0.0,1.0,6,158.0,0.34773797997655836,4,58.0,0.4110066553649282,0,0.0,0.970635491849974,10,216.0
3110.0,10,120.0,2.2641509433962264,6.440590668122266,0,0.0,1.0,2,73.0,0.4144708095946011,4,107.0,0.21680099756220278,0,0.0,0.9627091791968181,6,180.0
3115.0,13,181.0,3.290909090909091,6.596687647203466,0,0.0,1.0,3,76.0,0.4515189799486186,6,131.0,0.013055138764691679,0,0.0,0.8648665304069105,9,207.0
3120.0,13,180.0,3.1578947368421053,6.907049750836501,0,0.0,1.0,5,99.0,0.27224655564693245,7,170.0,0.2000117711780871,1,2.0,0.6530975298116618,13,271.0
3125.0,17,258.0,4.448275862068965,6.662689458284115,0,0.0,1.0,5,124.0,0.19037185340093796,8,210.0,0.37283021627942436,2,9.0,0.3310192817376249,15,343.0
3130.0,18,344.0,5.733333333333333,6.342441382596543,0,0.0,1.0,5,146.0,0.15288957936549405,8,267.0,0.39178636069824363,2,19.0,0.3172174756219636,15,432.0
3135.0,16,258.0,4.229508196721311,5.972845816446587,0,0.0,1.0,6,175.0,0.14233284925928963,4,142.0,0.47868891931777807,2,29.0,0.2675324961135245,12,346.0
3140.0,16,334.0,5.964285714285714,5.9223900347713725,0,6.0,0.7410801197277083,6,208.0,0.18362782940077546,4,148.0,0.5677603774507107,3,41.0,0.15018674575167043,13,403.0
3145.0,13,358.0,6.392857142857143,6.294323724901919,0,0.0,0.6918986527304347,6,244.0,0.34710055196316086,4,162.0,0.47331654992350003,0,0.0,0.9848664943026809,10,406.0
3150.0,14,426.0,7.473684210526316,6.514696613891302,0,0.0,1.0,6,274.0,0.38222836280735945,4,188.0,0.4299280863671183,0,0.0,0.941481678492799,10,462.0
3155.0,17,503.0,8.245901639344263,6.3436679609780855,0,0.0,1.0,6,304.0,0.4263263901746752,4,202.0,0.1939895304716661,0,0.0,0.9785646573850468,10,506.0
3160.0,14,368.0,5.935483870967742,6.9222839666067255,0,0.0,1.0,2,171.0,0.624240926373547,4,222.0,0.40331767957301273,0,0.0,0.9713910995937858,6,393.0
3165.0,12,210.0,3.442622950819672,7.095302561981872,0,0.0,1.0,0,3.0,0.8943971378807883,2,160.0,0.36947334629495665,1,1.0,0.48927278592765105,3,164.0
3170.0,9,117.0,1.95,7.132176995487963,0,0.0,1.0,2,10.0,0.6121400817814775,1,34.0,0.6183076329099758,1,6.0,0.3725900660765014,4,50.0
3175.0,12,169.0,3.0727272727272728,5.773646873118709,0,0.0,1.0,3,129.0,0.5466981182551952,1,7.0,0.4898415415783537,1,11.0,0.1873521118120297,5,147.0
3180.0,17,243.0,4.5,5.509289405650878,0,0.0,1.0,4,145.0,0.5469777933243679,2,17.0,0.47312577414985346,2,21.0,0.3263836281042688,8,183.0
3185.0,20,321.0,6.173076923076923,4.470560290902802,0,0.0,1.0,5,61.0,0.3489446408078876,1,10.0,0.48144014087312825,2,31.0,0.31926237330428026,8,102.0
3190.0,18,374.0,6.8,4.152216709442305,0,3.0,0.3438535982839297,5,86.0,0.3729380341686158,1,15.0,0.46692835657887005,0,0.0,0.5673901244255204,6,104.0
3195.0,19,452.0,8.071428571428571,4.375904745912303,1,7.0,0.009846807657812194,7,115.0,0.2549463632246792,1,26.0,0.49190433378028753,0,0.0,0.7721003790089206,9,148.0
3200.0,21,343.0,6.236363636363636,4.388189509765708,2,17.0,5.105519621390238e-05,8,154.0,0.3380781704953299,2,25.0,0.32821052869887596,0,0.0,0.9414392514549014,12,196.0
3205.0,6,82.0,1.4137931034482758,5.01223628108425,0,0.0,1.0,1,50.0,0.47426965551810935,1,30.0,0.3031444651366165,0,0.0,0.962499767044532,2,80.0
3210.0,4,46.0,0.8070175438596491,5.933644956941642,0,0.0,1.0,2,6.0,0.5481096216170754,2,40.0,0.4852213253703401,0,0.0,0.9419450498171036,4,46.0
3215.0,5,68.0,1.1929824561403508,6.4758937404343255,0,0.0,1.0,2,16.0,0.5848656973489431,2,56.0,0.4976865558621663,0,0.0,0.990176370057398,4,72.0
3220.0,8,100.0,1.7543859649122806,6.704201914038356,0,0.0,1.0,2,26.0,0.5993438127992262,4,71.0,0.4180122104904326,1,2.0,0.49414371532158563,7,99.0
3225.0,7,120.0,2.0338983050847457,7.633730829889551,0,0.0,1.0,1,59.0,0.7980584263825011,4,91.0,0.40259146938884893,1,7.0,0.6543104911742615,6,157.0
3230.0,8,157.0,2.6610169491525424,7.050150738586303,0,0.0,1.0,2,108.0,0.46620210889895897,4,111.0,0.4117862977459393,1,12.0,0.33444655093941655,7,231.0
3235.0,9,189.0,3.3157894736842106,6.836738232501342,0,0.0,1.0,4,110.0,0.41585328573541724,4,131.0,0.305137532812759,0,0.0,0.9816590627460979,8,241.0
3240.0,10,238.0,4.576923076923077,7.236040938021625,0,0.0,1.0,4,132.0,0.5285631599504768,5,161.0,0.3491257214632595,0,0.0,0.9867794471778768,9,293.0
3245.0,11,289.0,5.5576923076923075,6.34687378353936,0,0.0,1.0,4,126.0,0.3548524188177977,6,184.0,0.13802954381324803,0,0.0,0.9579028622425887,10,310.0
3250.0,11,256.0,4.923076923076923,6.35975665078565,0,0.0,1.0,1,68.0,0.6806672491596334,8,231.0,0.2420809849567335,0,0.0,0.9713259695970838,9,299.0
3255.0,3,164.0,3.215686274509804,6.432066268626649,0,0.0,1.0,1,73.0,0.5727382310606601,2,170.0,0.19665180620569195,0,0.0,0.9613717462104798,3,243.0
3260.0,7,191.0,3.537037037037037,7.6424175206286336,0,3.0,0.5204180521105723,2,88.0,0.6187959237284599,5,152.0,0.3591238679350127,0,0.0,0.9753755940888045,7,243.0
3265.0,8,223.0,4.372549019607843,7.702983763301659,1,7.0,0.37237057265211004,3,75.0,0.6331982028270454,4,175.0,0.46210364932187303,0,0.0,0.9650478627739086,8,257.0
3270.0,12,273.0,5.150943396226415,7.484983829163808,3,18.0,0.015366775013481798,3,90.0,0.6034260410826235,5,197.0,0.35092422977408433,1,2.0,0.46944386448573455,12,307.0
3275.0,13,334.0,6.423076923076923,6.735531532308361,4,34.0,0.0021293151358003884,3,105.0,0.6013129856866775,5,222.0,0.3683457208858589,1,7.0,0.47220607437054807,13,368.0
3280.0,14,403.0,7.75,6.654883886303518,4,54.0,0.0007998716408276568,3,120.0,0.6057406783803012,6,248.0,0.33358086266936726,1,12.0,0.6535488982151029,14,434.0
3285.0,12,400.0,7.2727272727272725,6.745912419571165,4,74.0,6.159681348516738e-05,3,135.0,0.6109211921086579,5,249.0,0.3638218315074855,0,0.0,0.9475189896318713,12,458.0
3290.0,11,329.0,5.875,6.314246800349055,4,94.0,1.622090942403002e-05,3,71.0,0.4646148616901327,4,210.0,0.3103496439974789,0,0.0,0.9538177338998822,11,375.0
3295.0,14,396.0,6.711864406779661,6.152421872070531,4,114.0,0.09011642196177097,4,64.0,0.28024590501544705,6,239.0,0.3503154793586058,0,0.0,0.9881703054597677,14,417.0
3300.0,16,474.0,8.033898305084746,6.1517118246173945,4,134.0,0.022118189379561594,5,87.0,0.2360940917168369,7,274.0,0.3961993544265174,0,0.0,0.9325625483846666,16,495.0
3305.0,14,409.0,7.303571428571429,5.845238499911501,0,33.0,0.0499791851715661,6,114.0,0.2421316748789577,8,310.0,0.2519742141431414,0,0.0,0.9735482865431307,14,457.0
3310.0,14,479.0,8.553571428571429,6.238818465758159,0,0.0,1.0,6,144.0,0.23661495593585016,8,350.0,0.206304771270095,0,0.0,0.9472095561258578,14,494.0
3315.0,17,559.0,9.637931034482758,6.5031524029337096,0,0.0,1.0,6,174.0,0.2701898080630197,11,400.0,0.18597099702683453,0,0.0,0.9513935627781014,17,574.0
3320.0,20,649.0,11.189655172413794,5.483014655150035,0,0.0,1.0,8,208.0,0.11123661078298773,12,456.0,0.08777823665564141,0,0.0,0.7484706646064689,20,664.0
3325.0,22,756.0,12.813559322033898,5.032713161837201,0,0.0,1.0,8,248.0,0.1765504991844527,13,520.0,0.010353295064482475,1,3.0,0.6339216003247164,22,771.0
3330.0,22,796.0,13.724137931034482,5.399771950696192,0,0.0,1.0,7,214.0,0.18706466273484082,14,589.0,0.06649260311569138,1,8.0,0.6286343193006316,22,811.0
3335.0,24,912.0,15.2,5.236184031328543,0,0.0,1.0,8,251.0,0.17295069292990958,14,659.0,0.07548589034707309,1,13.0,0.7412043899578119,23,923.0
3340.0,23,1014.0,17.482758620689655,5.304039600573358,0,0.0,1.0,8,291.0,0.30890660861156055,14,732.0,0.1198961005209562,0,0.0,0.9698593176454857,22,1023.0
3345.0,16,795.0,13.474576271186441,5.7953859013746865,0,0.0,1.0,9,399.0,0.3150285682292166,6,548.0,0.22266987164464813,0,0.0,0.959291979488607,15,947.0
3350.0,17,850.0,14.166666666666666,5.831826232851487,0,6.0,0.6271142625733616,9,444.0,0.3259259330850506,7,493.0,0.23086816445905908,0,0.0,0.9712420133375907,16,943.0
3355.0,15,900.0,14.754098360655737,6.667271145278976,0,0.0,0.9883531363967399,8,484.0,0.4685713052045931,7,501.0,0.17788493245676626,0,0.0,0.9672464780295255,15,985.0
3360.0,17,980.0,16.333333333333332,6.634680080267092,0,0.0,1.0,9,459.0,0.43810770152980555,8,542.0,0.16796197212726457,0,0.0,0.9171227386513335,17,1001.0
3365.0,17,1049.0,16.919354838709676,6.269627405499964,0,0.0,1.0,10,505.0,0.3685115339730626,7,565.0,0.1935511113912602,0,0.0,0.9329803472122781,17,1070.0
3370.0,20,1148.0,18.81967213114754,6.017889918635344,0,3.0,0.9695235418295755,12,564.0,0.3569442472848323,8,602.0,0.09953588270277056,0,0.0,0.9496593819784036,20,1169.0
3375.0,21,1252.0,20.866666666666667,5.602698020210804,0,0.0,1.0,13,628.0,0.3268462449180115,8,642.0,0.10692641746443345,0,0.0,0.7713290931286196,21,1270.0
3380.0,22,1360.0,22.666666666666668,4.854015861646393,0,0.0,1.0,13,693.0,0.1432052509673031,8,682.0,0.11404550795484616,1,3.0,0.49605574895614285,22,1378.0
3385.0,23,1451.0,23.78688524590164,4.407413917315693,0,0.0,1.0,15,760.0,0.06770094100041131,7,699.0,0.11001787688210797,1,9.0,0.5408147928241995,23,1468.0
3390.0,27,1577.0,26.283333333333335,4.616532653012276,0,0.0,1.0,18,848.0,0.06257135627415476,7,734.0,0.11825025998650865,2,15.0,0.39198174202644215,27,1597.0
3395.0,20,935.0,15.327868852459016,4.867595038298021,0,0.0,1.0,9,375.0,0.12783873570009277,7,769.0,0.21859695136790563,4,31.0,0.19362040703444833,20,1175.0
3400.0,14,944.0,16.0,5.656151807144362,0,0.0,1.0,3,168.0,0.27749199819228393,7,804.0,0.1081170336651009,4,51.0,0.1942331608384637,14,1023.0
3405.0,11,949.0,16.362068965517242,6.202573960918499,0,0.0,1.0,3,135.0,0.451771479813614,8,853.0,0.3419076641606218,0,13.0,0.30362046574472207,11,1001.0
3410.0,13,1012.0,16.866666666666667,7.172721354282694,0,0.0,1.0,3,123.0,0.535930927800811,8,899.0,0.5149498073614869,0,0.0,0.8139353472319103,11,1022.0
3415.0,16,1086.0,18.1,6.528918329082448,0,0.0,1.0,3,138.0,0.38760161680842253,10,940.0,0.3721484163395337,0,0.0,0.9805248033808351,13,1078.0
3420.0,18,1176.0,18.967741935483872,6.294103324251939,0,0.0,1.0,4,158.0,0.35522372787436557,11,995.0,0.3536431400791523,0,0.0,0.9545516715130632,15,1153.0
3425.0,17,1218.0,19.9672131147541,6.3366270229121415,0,0.0,1.0,6,181.0,0.2705789891220281,8,1013.0,0.4346677611119751,0,0.0,0.9652556962078793,14,1194.0
3430.0,17,1303.0,21.716666666666665,6.318803182540626,0,0.0,0.9700296213715456,6,217.0,0.3665952721241166,8,1044.0,0.30694319180547497,0,0.0,0.9368798682927926,14,1261.0
3435.0,14,1176.0,20.63157894736842,6.732168321040017,0,0.0,0.9440242787887394,3,104.0,0.4885690568123192,8,1084.0,0.3231213111225471,0,0.0,0.9733483912408323,11,1188.0
3440.0,13,1238.0,20.633333333333333,7.474590941090724,0,0.0,1.0,2,45.0,0.7102577251821234,8,1124.0,0.26392451118956356,0,0.0,0.9423879157002516,10,1169.0
3445.0,11,1230.0,21.57894736842105,6.9649287761838155,0,0.0,0.9823058912315658,2,55.0,0.7007149532723715,8,1167.0,0.2434539569594033,0,0.0,0.9524325864134515,10,1222.0
3450.0,12,1262.0,21.75862068965517,6.837810066124786,0,0.0,1.0,3,66.0,0.5963875209220963,9,1211.0,0.17549362997341156,0,0.0,0.9453849686706902,12,1277.0
3455.0,13,1323.0,24.054545454545455,6.7814342644279755,0,0.0,1.0,3,81.0,0.6513946870336562,9,1256.0,0.1210670272638529,0,0.0,0.9263982431837533,12,1337.0
3460.0,11,856.0,15.285714285714286,6.101297512127486,0,0.0,1.0,4,98.0,0.3858798675010941,7,1015.0,0.20125311186307426,0,0.0,0.9501847622662238,11,1113.0
3465.0,10,203.0,3.759259259259259,6.591360598033327,0,0.0,1.0,6,129.0,0.4244019504390091,4,615.0,0.27868081774105763,0,0.0,0.9710438873056276,10,744.0
3470.0,8,153.0,2.6842105263157894,6.9345563688856435,0,0.0,1.0,6,160.0,0.3188766440734167,2,321.0,0.3026063323983814,0,0.0,0.9646280825845689,8,481.0
3475.0,13,208.0,3.7142857142857144,6.612779752084774,0,0.0,1.0,8,194.0,0.2498749235980224,3,49.0,0.29745090570164673,0,0.0,0.9853251396557996,11,243.0
3480.0,12,248.0,4.350877192982456,6.457273905247066,0,0.0,1.0,7,232.0,0.3119678984849635,2,39.0,0.3268552667844738,0,0.0,0.47863621657398725,9,271.0
3485.0,15,320.0,5.925925925925926,5.642894815790089,0,0.0,1.0,8,274.0,0.3212729730662085,4,57.0,0.20920510605157253,0,0.0,0.988102773182786,12,331.0
3490.0,19,407.0,7.4,5.421033290649453,0,0.0,1.0,9,309.0,0.2392390357855944,6,88.0,0.19428416846404414,0,0.0,0.9295154719231602,15,397.0
3495.0,12,169.0,2.9649122807017543,5.5870538283170115,0,0.0,1.0,1,51.0,0.45030023477793196,6,115.0,0.13445745298137918,0,0.0,0.9662744756122286,7,166.0
3500.0,13,222.0,4.036363636363636,6.105998506498084,0,0.0,1.0,0,7.0,0.7643508561920175,6,145.0,0.05433406320926436,0,0.0,0.9970135672495799,6,152.0
3505.0,14,271.0,4.754385964912281,6.580563179084892,0,0.0,1.0,1,13.0,0.6740644143948562,8,189.0,0.2546867500167942,0,0.0,0.983011317942507,9,202.0
3510.0,13,302.0,5.490909090909091,6.986679604907119,0,0.0,1.0,1,16.0,0.7738795225951708,8,229.0,0.39726219664724166,0,0.0,0.9893486173071073,9,245.0
3515.0,9,246.0,4.392857142857143,6.972632585018071,0,0.0,1.0,1,18.0,0.51972725765736,8,269.0,0.40386106643648423,0,0.0,0.8379203065093548,9,287.0
3520.0,13,277.0,4.859649122807017,6.713056427606018,0,0.0,1.0,3,31.0,0.40813827070043307,6,274.0,0.46460611827272913,1,3.0,0.49302635836602327,10,308.0
3525.0,16,355.0,6.69811320754717,6.543250088319739,0,0.0,1.0,4,53.0,0.4407325757892725,7,308.0,0.46742341253421094,1,8.0,0.49867989013652636,12,369.0
3530.0,17,438.0,7.963636363636364,6.126318197636497,0,0.0,0.7353307793456825,5,76.0,0.35507877631982254,7,340.0,0.4324337209380414,1,5.0,0.4853569586648591,13,421.0
3535.0,12,385.0,7.12962962962963,6.13799545705572,1,1.0,0.48764825271003875,3,56.0,0.40904055649348575,7,369.0,0.3277829528473511,0,0.0,0.966618932740604,11,426.0
3540.0,9,273.0,5.352941176470588,5.496494421000688,2,8.0,0.08506523936320222,0,13.0,0.5357136899149685,5,326.0,0.2391900734537649,0,0.0,0.9332863936027495,7,347.0
3545.0,10,293.0,5.634615384615385,6.684058093591351,3,21.0,0.011213610650433251,0,3.0,0.9067582373831806,5,275.0,0.3771356208440473,0,0.0,0.9752133901302905,8,299.0
3550.0,8,300.0,5.555555555555555,7.0067760228155445,0,3.0,0.02242161216604951,1,4.0,0.7220967145691106,7,306.0,0.340839362090571,0,0.0,0.9749543863558126,8,313.0
3555.0,8,340.0,6.415094339622642,6.955336703943337,0,0.0,1.0,1,9.0,0.4585541867748943,7,341.0,0.37690205072410615,0,0.0,0.937772284850516,8,350.0
3560.0,7,338.0,6.8979591836734695,6.4394148162168445,0,0.0,1.0,2,17.0,0.41025616560569733,4,326.0,0.43243479902454574,0,0.0,0.9931537167524334,6,343.0
3565.0,10,382.0,7.346153846153846,7.083794382963469,0,0.0,0.9756290999996338,2,30.0,0.5626700484520725,4,346.0,0.43695727375078014,0,0.0,0.950367281242566,6,376.0
3570.0,9,401.0,7.862745098039215,7.358669127742009,1,4.0,0.006008055146855035,3,46.0,0.5685196419423979,5,364.0,0.354651309701379,0,0.0,0.8180367330612324,9,414.0
3575.0,11,453.0,9.06,7.210601190273931,1,9.0,0.0,4,64.0,0.475900501052025,5,389.0,0.17496062038547658,1,4.0,0.6557751999627744,11,466.0
3580.0,13,517.0,11.0,6.848864659281962,1,14.0,0.0,4,84.0,0.4854799002915853,7,423.0,1.0147199733317714e-05,1,9.0,0.6275267303164221,13,530.0
3585.0,13,582.0,12.933333333333334,6.107264286370053,1,19.0,0.0,4,104.0,0.3504397481404031,7,458.0,0.0,1,14.0,0.6766463607787252,13,595.0
3590.0,11,399.0,8.48936170212766,5.971063735408028,1,24.0,0.0,5,129.0,0.3981716035209246,5,371.0,0.061387325618538505,0,0.0,0.5152439705205937,11,524.0
3595.0,3,68.0,1.5454545454545454,6.746603497496299,1,29.0,0.0,1,29.0,0.6437183618383613,1,168.0,0.3755866468943903,0,0.0,0.9293019453924262,3,226.0
3600.0,5,87.0,1.9333333333333333,7.172015424294739,1,34.0,0.0,1,31.0,0.6963535975084405,3,50.0,0.2899502977884395,0,0.0,0.9849640692733843,5,115.0
