step,system_total_stopped,system_total_waiting_time,system_mean_waiting_time,system_mean_speed,cluster_10564135163_13571629282_5146149679_stopped,cluster_10564135163_13571629282_5146149679_accumulated_waiting_time,cluster_10564135163_13571629282_5146149679_average_speed,cluster_10564135205_11749189839_3266988437_5129187741_#3more_stopped,cluster_10564135205_11749189839_3266988437_5129187741_#3more_accumulated_waiting_time,cluster_10564135205_11749189839_3266988437_5129187741_#3more_average_speed,cluster_10564135211_11749189838_12136544949_12136544951_#7more_stopped,cluster_10564135211_11749189838_12136544949_12136544951_#7more_accumulated_waiting_time,cluster_10564135211_11749189838_12136544949_12136544951_#7more_average_speed,cluster_10564135212_13571629279_13571629299_stopped,cluster_10564135212_13571629279_13571629299_accumulated_waiting_time,cluster_10564135212_13571629279_13571629299_average_speed,agents_total_stopped,agents_total_accumulated_waiting_time
0.0,0,0.0,0.0,0.0,0,0.0,1.0,0,0.0,1.0,0,0.0,1.0,0,0.0,1.0,0,0.0
5.0,0,0.0,0.0,11.39373169234648,0,0.0,1.0,0,0.0,0.946143878461755,0,0.0,1.0,0,0.0,0.9366958089901221,0,0.0
10.0,0,0.0,0.0,9.196676057237699,0,0.0,1.0,0,0.0,0.9657963513740151,0,0.0,1.0,0,0.0,0.9597959480926138,0,0.0
15.0,0,0.0,0.0,9.040137333086724,0,0.0,1.0,0,0.0,0.9886028529744394,0,0.0,1.0,0,0.0,0.9866034324109025,0,0.0
20.0,0,0.0,0.0,9.039266143472808,0,0.0,1.0,0,0.0,0.9577703935679945,0,0.0,1.0,0,0.0,0.949152922682049,0,0.0
25.0,0,0.0,0.0,8.432323109706509,0,0.0,1.0,0,0.0,0.9644695856442629,0,0.0,0.9541600452605576,0,0.0,0.4854195149713463,0,0.0
30.0,1,5.0,0.4166666666666667,8.234174041601628,0,0.0,1.0,0,0.0,0.9402289973694183,0,0.0,0.9679265748334567,1,5.0,0.4767146368023288,1,5.0
35.0,1,10.0,0.7142857142857143,8.171047807592034,0,0.0,1.0,0,0.0,0.9616526126218942,0,0.0,0.9599236915903235,1,10.0,0.4667955515431624,1,10.0
40.0,2,17.0,1.0,7.510864705237077,0,0.0,1.0,1,2.0,0.3470656219215472,0,0.0,0.9587308172717438,1,15.0,0.6420608055838931,2,17.0
45.0,0,0.0,0.0,7.457260390383447,0,0.0,1.0,0,0.0,0.9295549139648699,0,0.0,1.0,0,0.0,0.9566650994010373,0,0.0
50.0,0,0.0,0.0,8.34221248556922,0,0.0,1.0,0,0.0,0.9283190092184814,0,3.0,0.8188047590322829,0,0.0,0.9463457698814157,0,3.0
55.0,0,0.0,0.0,9.661096851681725,0,0.0,1.0,0,0.0,0.9371922953922613,0,3.0,0.8909431743666618,0,0.0,0.9696536736604936,0,3.0
60.0,0,0.0,0.0,9.152357817132538,0,0.0,1.0,0,0.0,0.9695677726287947,0,3.0,0.9823264483758224,0,0.0,0.9737378571725746,0,3.0
65.0,1,1.0,0.045454545454545456,8.500145421072032,0,0.0,1.0,0,0.0,0.9633502699411853,1,4.0,0.5093655315992074,0,0.0,0.972703196505531,1,4.0
70.0,2,11.0,0.5,8.04562390969154,0,0.0,1.0,0,0.0,0.9629544338921622,2,14.0,0.47508347269186646,0,0.0,0.9926456741555759,2,14.0
75.0,3,21.0,0.84,6.811235025821183,0,0.0,1.0,0,0.0,0.6651707152055369,3,24.0,0.37683083105210313,0,0.0,0.9717778394429235,3,24.0
80.0,3,36.0,1.3846153846153846,7.036195083045396,0,0.0,1.0,1,5.0,0.7275905278844513,2,34.0,0.3499803694923504,0,0.0,0.9607170410360882,3,39.0
85.0,4,35.0,1.25,6.857619702364962,0,0.0,1.0,2,11.0,0.5284546851550751,2,27.0,0.4876005348931438,0,0.0,0.9479133529303972,4,38.0
90.0,6,61.0,2.103448275862069,7.018038355372846,0,0.0,1.0,3,22.0,0.37853809731841226,3,42.0,0.44685037758853774,0,0.0,0.9691464870792258,6,64.0
95.0,8,95.0,3.1666666666666665,6.319202028018692,0,0.0,1.0,4,38.0,0.2565362460282293,4,60.0,0.16249105607939132,0,0.0,0.781471819088849,8,98.0
100.0,12,147.0,4.741935483870968,5.7417407782599215,0,0.0,1.0,5,62.0,0.1614124358205599,6,86.0,0.0006509428447358873,1,2.0,0.6418791533598358,12,150.0
105.0,9,181.0,5.838709677419355,5.77702577239572,0,0.0,1.0,5,87.0,0.16476082187989632,4,102.0,0.019695947450628273,0,0.0,0.8991039614258116,9,189.0
110.0,5,130.0,3.7142857142857144,6.3553280196004795,0,3.0,0.9541055160686748,1,16.0,0.3866155395237343,4,120.0,0.07156373189094531,0,0.0,0.9275330956428588,5,139.0
115.0,6,156.0,4.588235294117647,6.65324528644384,0,0.0,1.0,1,21.0,0.3639316313838707,4,140.0,0.16382894887027052,0,0.0,0.9452932713094281,5,161.0
120.0,6,186.0,5.314285714285714,7.455725730618492,0,0.0,1.0,1,26.0,0.7024071653641469,4,166.0,0.42183191185987107,0,0.0,0.956095711879631,5,192.0
125.0,2,32.0,0.9411764705882353,6.753408761891504,0,0.0,1.0,1,31.0,0.6038710311596006,1,14.0,0.5784387920879251,0,0.0,0.9635902740357822,2,45.0
130.0,1,2.0,0.05263157894736842,6.890806696572452,0,3.0,0.5601606407581545,1,7.0,0.5094605959130469,0,7.0,0.6567123096300173,0,0.0,0.9362192852796367,1,17.0
135.0,0,0.0,0.0,8.61602352407245,0,0.0,1.0,0,6.0,0.6816474380784733,0,3.0,0.8879824069616754,0,0.0,0.9301856282521501,0,9.0
140.0,2,7.0,0.1891891891891892,9.101500070634959,0,0.0,1.0,1,11.0,0.7994790504403486,0,6.0,0.9203381846582287,1,2.0,0.6341576483381054,2,19.0
145.0,1,10.0,0.2564102564102564,8.999007697713619,0,0.0,0.9653882648499669,1,16.0,0.8341929611047584,0,3.0,0.8806407680527979,0,0.0,0.9165344198097222,1,19.0
150.0,5,28.0,0.6829268292682927,8.57987379808658,0,0.0,1.0,2,22.0,0.683795070059067,1,8.0,0.71115241630534,0,0.0,0.9640682402547563,3,30.0
155.0,3,27.0,0.6585365853658537,8.152096015559295,0,0.0,1.0,2,32.0,0.6850729676017755,1,7.0,0.7280767688564872,0,0.0,0.9476108016460796,3,39.0
160.0,7,48.0,1.170731707317073,7.261840654414687,0,0.0,1.0,3,44.0,0.4098828990257101,3,14.0,0.422622060753104,0,0.0,0.939542912678033,6,58.0
165.0,10,90.0,2.0454545454545454,6.464466476420509,0,0.0,1.0,5,62.0,0.03475503747501726,4,33.0,0.31629509599987454,0,0.0,0.9645425975305139,9,95.0
170.0,14,141.0,3.0652173913043477,5.300644792732967,0,0.0,1.0,6,91.0,0.1710290746632227,7,60.0,0.1569308992617465,0,0.0,0.9405932778397643,13,151.0
175.0,9,143.0,3.25,5.532873970700382,0,0.0,1.0,7,126.0,0.21387831135300528,2,40.0,0.2457569483090672,0,0.0,0.9693450998006027,9,166.0
180.0,8,176.0,4.0,6.384781341136088,0,0.0,1.0,7,168.0,0.2543819296686552,1,28.0,0.1345087825274475,0,0.0,0.9808733029036498,8,196.0
185.0,9,221.0,4.911111111111111,7.4655106345296725,0,0.0,1.0,7,203.0,0.34651606979275557,2,32.0,0.32329064861271545,0,0.0,0.9597514935753766,9,235.0
190.0,10,268.0,5.955555555555556,7.751973830787133,0,0.0,1.0,7,238.0,0.40792884557614645,3,44.0,0.2348818219686889,0,0.0,0.917388998917974,10,282.0
195.0,10,318.0,7.2272727272727275,6.934277055613624,0,0.0,1.0,7,273.0,0.40851870701141635,3,59.0,0.0033549429346047452,0,0.0,0.961950626568776,10,332.0
200.0,10,321.0,6.978260869565218,6.27079612827001,0,0.0,1.0,8,308.0,0.3493050437231519,2,37.0,0.025923199898221606,0,0.0,0.9588148525992325,10,345.0
205.0,10,371.0,7.8936170212765955,6.808054670859114,0,0.0,1.0,8,351.0,0.3752332119849457,2,35.0,0.302589788067885,0,0.0,0.9535777616574839,10,386.0
210.0,10,421.0,9.152173913043478,6.805268226755843,0,0.0,1.0,8,388.0,0.33959206272946074,2,45.0,0.3940406614058731,0,0.0,0.9636433914211412,10,433.0
215.0,12,475.0,10.106382978723405,6.417343987166976,0,0.0,1.0,9,430.0,0.1603676633817128,3,57.0,0.42005757837126306,0,0.0,0.9623771893232989,12,487.0
220.0,12,475.0,9.5,5.99408333614519,0,0.0,1.0,10,479.0,0.15434428600635605,2,32.0,0.39299475178219884,0,0.0,0.9763161102571953,12,511.0
225.0,14,544.0,11.333333333333334,5.232955233593391,0,0.0,1.0,12,538.0,0.10716923977116832,2,18.0,0.4424847752098868,0,0.0,0.9789782070737835,14,556.0
230.0,16,622.0,13.23404255319149,5.0873144865390705,0,0.0,1.0,14,606.0,0.06186917682950309,2,28.0,0.012556306892142934,0,0.0,0.9893216537910784,16,634.0
235.0,11,90.0,1.8,5.0539858709398455,0,0.0,1.0,4,194.0,0.10388076756703293,3,47.0,0.2493448483743533,0,0.0,0.9079186802120585,7,241.0
240.0,6,39.0,0.75,5.614077542297285,0,0.0,1.0,0,46.0,0.4246150549794802,0,13.0,0.3845560034126821,0,0.0,0.9613904729479227,0,59.0
245.0,9,80.0,1.5686274509803921,6.840085004441636,0,0.0,1.0,0,16.0,0.7788417294740719,1,20.0,0.6965072338474679,0,0.0,0.9665600839639351,1,36.0
250.0,7,98.0,1.849056603773585,7.190618176264543,0,0.0,1.0,0,3.0,0.6564373374176677,1,25.0,0.8256651788223401,0,0.0,0.9557441346263594,1,28.0
255.0,9,142.0,2.5357142857142856,7.6543320926348155,0,0.0,1.0,1,7.0,0.8339473511060489,1,30.0,0.82944778238664,0,0.0,0.9266975549228967,2,37.0
260.0,6,99.0,1.7678571428571428,7.469121267922312,0,0.0,1.0,1,12.0,0.724668753234492,1,35.0,0.757794834728202,0,0.0,0.9530788068007446,2,47.0
265.0,6,51.0,0.9622641509433962,7.228738102282633,0,0.0,1.0,4,25.0,0.5208802128876895,2,45.0,0.7421180756350467,0,0.0,0.9844600093098168,6,70.0
270.0,7,84.0,1.68,6.634942477582469,0,0.0,1.0,5,48.0,0.41438415500528103,2,55.0,0.5728557982105148,0,0.0,0.9745538571162196,7,103.0
275.0,13,138.0,2.7058823529411766,4.846658589470558,0,0.0,1.0,5,74.0,0.22414140828468243,5,75.0,0.19384481521918476,0,0.0,0.9700117894761956,10,149.0
280.0,13,136.0,2.72,4.5650778474657,0,0.0,1.0,4,60.0,0.18079851864854046,6,101.0,0.029269736828168674,0,0.0,0.9760182719798182,10,161.0
285.0,14,187.0,3.74,5.66950962581493,0,0.0,1.0,5,62.0,0.2796193503915635,8,135.0,0.1683038200391353,0,0.0,0.9421909726752373,13,197.0
290.0,18,268.0,5.056603773584905,5.765922696930896,0,0.0,1.0,5,87.0,0.18064965878845937,12,222.0,0.2371679135530408,0,0.0,0.9518930490767709,17,309.0
295.0,20,364.0,6.618181818181818,5.857792569561948,0,0.0,1.0,6,116.0,0.17818759742608295,13,284.0,0.20712387147539818,0,0.0,0.6387128401860622,19,400.0
300.0,13,262.0,4.763636363636364,5.000980660035507,0,0.0,1.0,6,155.0,0.16400112914918952,5,217.0,0.26891558228616014,1,5.0,0.47605631792840114,12,377.0
305.0,14,318.0,5.781818181818182,5.877609735232266,0,3.0,0.5998168382933828,6,188.0,0.29284785779442435,6,178.0,0.2948508161279547,1,10.0,0.4690182691579039,13,379.0
310.0,15,390.0,6.964285714285714,6.126975916629001,0,0.0,0.6960488780466875,6,212.0,0.34284686863541397,7,199.0,0.11459446305424748,1,5.0,0.4217378711067033,14,416.0
315.0,14,410.0,7.192982456140351,6.371057629173282,0,0.0,0.9333587188503036,6,245.0,0.4042703740494921,8,236.0,9.304090880200173e-06,0,0.0,0.7251622736431376,14,481.0
320.0,12,370.0,6.491228070175438,6.789367133083284,0,0.0,1.0,6,272.0,0.3905761660046602,6,192.0,0.09860677331186918,0,0.0,0.9935039663266162,12,464.0
325.0,14,382.0,6.586206896551724,7.039162511542108,0,0.0,1.0,9,306.0,0.294574747880931,5,126.0,0.06968160841116337,0,0.0,0.976401921893616,14,432.0
330.0,14,452.0,7.661016949152542,6.781810891994418,0,0.0,1.0,8,343.0,0.33119713188697436,6,120.0,0.1333985110334586,0,0.0,0.9943856347891324,14,463.0
335.0,15,524.0,9.703703703703704,6.303186216433871,0,0.0,1.0,9,388.0,0.24953253525559357,6,150.0,0.12736973773472252,0,0.0,0.9671498137714675,15,538.0
340.0,14,568.0,11.833333333333334,5.177522543705654,0,0.0,1.0,9,433.0,0.2594944400011062,4,144.0,0.21344111323788595,0,0.0,0.9589438104081083,13,577.0
345.0,16,644.0,12.627450980392156,5.235384023876864,0,0.0,1.0,10,481.0,0.24429843920351438,4,164.0,0.2075732507189306,0,0.0,0.9491438502271925,14,645.0
350.0,20,741.0,13.981132075471699,4.840956455361167,0,0.0,1.0,11,542.0,0.3138970142846456,4,184.0,0.19046126749354705,1,2.0,0.614906309145277,16,728.0
355.0,21,843.0,15.90566037735849,4.66923534730788,0,0.0,1.0,11,597.0,0.31092503493379153,4,204.0,0.2993244077870178,1,7.0,0.6145339298789266,16,808.0
360.0,12,317.0,5.981132075471698,4.887033048115618,0,0.0,1.0,3,201.0,0.4080023303789832,4,224.0,0.19699195366375152,0,0.0,0.5708951351034769,7,425.0
365.0,11,365.0,6.4035087719298245,6.097376958756918,0,0.0,1.0,2,55.0,0.624301626757018,4,247.0,0.29745086884903077,0,0.0,0.9443392437720965,6,302.0
370.0,13,392.0,7.0,6.572077782914218,0,0.0,1.0,3,62.0,0.5460735886050501,6,279.0,0.45736984129185015,0,0.0,0.9966238671829651,9,341.0
375.0,13,410.0,7.068965517241379,6.7588293644661155,0,0.0,1.0,3,74.0,0.4846207670340476,7,311.0,0.4900677834206316,0,0.0,0.9555000859814418,10,385.0
380.0,8,375.0,6.048387096774194,6.445206705860492,0,0.0,1.0,1,69.0,0.3370395955563912,4,323.0,0.5409631214569447,0,0.0,0.9209801196125613,5,392.0
385.0,11,430.0,7.413793103448276,6.697795634014551,0,0.0,1.0,3,77.0,0.49493486986163365,4,333.0,0.5865168358147206,0,0.0,0.9095128856524917,7,410.0
390.0,12,486.0,8.23728813559322,7.165496855642617,0,0.0,1.0,4,96.0,0.5276269588809286,4,356.0,0.5738836067565126,0,0.0,0.953336428677511,8,452.0
395.0,13,551.0,9.5,7.27564014542206,0,0.0,1.0,4,116.0,0.5239730918716066,5,397.0,0.5835217267459697,0,0.0,0.9434054576241707,9,513.0
400.0,11,563.0,9.383333333333333,6.498223648771503,0,0.0,0.5223273234253478,4,136.0,0.4186364302060557,5,416.0,0.38719559921662605,0,0.0,0.9572819249154478,9,552.0
405.0,17,590.0,10.0,5.643656256433613,2,4.0,0.1797257311287065,5,161.0,0.519181104825434,6,446.0,0.2859690853586664,0,0.0,0.9308732813090131,13,611.0
410.0,18,656.0,11.11864406779661,5.17283631093745,3,18.0,0.038359571671336926,5,186.0,0.4909214802155902,4,455.0,0.33356900043634,0,0.0,0.9872577751121261,12,659.0
415.0,9,646.0,10.419354838709678,5.998107755779057,0,3.0,0.03627369566727759,5,208.0,0.4179555036246021,4,447.0,0.4790470238032111,0,0.0,0.9185638544831349,9,658.0
420.0,10,696.0,11.796610169491526,6.915770141203403,0,0.0,0.1317049569714276,6,266.0,0.3637687368183267,4,467.0,0.5005073657937233,0,0.0,0.9546077082104854,10,733.0
425.0,11,747.0,12.879310344827585,6.33614025888576,0,0.0,1.0,6,298.0,0.23635303580563952,5,488.0,0.29533731123667806,0,0.0,0.9519906346323082,11,786.0
430.0,6,611.0,10.910714285714286,6.260175726685762,0,0.0,1.0,1,115.0,0.20224083856188133,4,514.0,0.4018769124029838,0,0.0,0.9731736725053386,5,629.0
435.0,9,646.0,11.333333333333334,6.897909285496684,0,0.0,1.0,1,113.0,0.4491263992044639,5,524.0,0.2802292799455498,0,0.0,0.964722945178921,6,637.0
440.0,10,692.0,12.140350877192983,7.804815101107625,0,0.0,1.0,1,118.0,0.6644473588231126,5,553.0,0.49059332382404014,0,0.0,0.9770201817841708,6,671.0
445.0,9,734.0,13.345454545454546,8.072482317865843,0,0.0,1.0,1,127.0,0.7099019008887545,5,575.0,0.4831755918332267,0,0.0,0.9934315984655354,6,702.0
450.0,8,766.0,14.185185185185185,7.625086953214789,0,0.0,1.0,1,132.0,0.7948054328324973,4,587.0,0.41768889707884727,0,0.0,0.9755687571634492,5,719.0
455.0,10,814.0,15.358490566037736,7.187044035649843,0,3.0,0.9367959327405794,2,136.0,0.6080907054846295,5,612.0,0.430164894845135,0,0.0,0.8452998334191293,7,751.0
460.0,9,809.0,16.510204081632654,7.295471744939065,0,0.0,1.0,2,146.0,0.5882704210621469,5,661.0,0.462571572978912,0,0.0,0.9800660967137937,7,807.0
465.0,9,819.0,17.425531914893618,6.932919334858725,0,0.0,1.0,3,157.0,0.477464017689397,6,667.0,0.274027390474506,0,0.0,0.9818684222864302,9,824.0
470.0,11,534.0,10.470588235294118,6.421265265978137,0,0.0,1.0,4,174.0,0.28012888398664393,7,534.0,0.1958812739572108,0,0.0,0.9382193252353171,11,708.0
475.0,8,84.0,1.68,7.186007190048119,0,0.0,1.0,4,46.0,0.24597898366934293,4,226.0,0.2796170221365676,0,0.0,0.9139304160457334,8,272.0
480.0,9,126.0,2.625,6.212133931034065,0,0.0,1.0,4,66.0,0.31003059670002947,4,66.0,0.2380648312184326,1,2.0,0.3349756010082731,9,134.0
485.0,15,200.0,4.166666666666667,5.238411135691714,0,0.0,0.1937910587933936,4,86.0,0.35949662635249313,7,100.0,0.10961675049998537,2,12.0,0.3156211623342988,13,198.0
490.0,17,267.0,5.134615384615385,4.657711921344844,1,5.0,0.0,4,106.0,0.37996341774602127,8,138.0,0.09826572654094806,0,9.0,0.6460300009270932,13,258.0
495.0,13,204.0,3.849056603773585,4.521746432035545,1,10.0,0.0,0,1.0,0.3924411710950549,6,165.0,0.25657917572002054,0,0.0,0.9366974426520001,7,176.0
500.0,13,251.0,5.02,5.229554850304365,1,15.0,0.0,1,7.0,0.7228968237263812,6,182.0,0.0992133998169159,0,0.0,0.9772808336919682,8,204.0
505.0,11,245.0,4.537037037037037,6.5048421626365265,1,20.0,0.0,1,12.0,0.6448813927799785,7,223.0,0.2760367651094555,0,0.0,0.940070206524031,9,255.0
510.0,12,295.0,5.462962962962963,7.007544263731227,1,25.0,0.0,2,22.0,0.6252892495074519,9,266.0,0.3388262456678396,0,0.0,0.9473185281835114,12,313.0
515.0,1,8.0,0.1509433962264151,6.764211895043416,0,0.0,1.0,0,3.0,0.7779414920175167,1,93.0,0.45210492819176223,0,0.0,0.9476164307920193,1,96.0
520.0,1,4.0,0.07547169811320754,7.732094021235798,0,3.0,0.5308994541666305,0,3.0,0.8499529750196051,0,26.0,0.6588516167507796,0,0.0,0.9927075043901226,0,32.0
525.0,1,9.0,0.16981132075471697,9.029795995446088,0,0.0,0.8847676454328979,0,27.0,0.7421897475050527,0,9.0,0.8831364230619552,0,0.0,0.9295591241965322,0,36.0
530.0,2,19.0,0.3584905660377358,9.19831387137036,0,0.0,0.9399193653404185,1,32.0,0.8366355457144161,0,3.0,0.944241875746135,0,0.0,0.475731321173131,1,35.0
535.0,4,28.0,0.5283018867924528,8.123984097887565,0,0.0,1.0,0,27.0,0.7125814761429794,1,4.0,0.6225920020127119,1,5.0,0.47837669562631413,2,36.0
540.0,5,49.0,0.9245283018867925,7.580490763191998,0,0.0,1.0,2,36.0,0.6847021656120533,1,9.0,0.5341327609935206,1,10.0,0.4787475252365908,4,55.0
545.0,4,35.0,0.660377358490566,7.76858617234316,0,0.0,1.0,2,54.0,0.6874506125503709,2,24.0,0.43993017522759537,0,0.0,0.9842472837414167,4,78.0
550.0,6,64.0,1.3061224489795917,7.613202551194763,0,0.0,1.0,2,58.0,0.6363049378209698,4,46.0,0.27831266727566,0,0.0,0.967208554107524,6,104.0
555.0,4,54.0,1.08,7.4944685814397465,0,0.0,1.0,2,60.0,0.600032309465189,2,31.0,0.3935962554534891,0,0.0,0.9349881479484516,4,91.0
560.0,5,75.0,1.530612244897959,8.08097790060206,0,3.0,0.5699715742486281,2,73.0,0.5769055267836468,2,30.0,0.5905564843981879,0,0.0,0.9266914403265617,4,106.0
565.0,7,104.0,2.0,8.35034786156481,0,0.0,1.0,3,84.0,0.4825757099643068,2,40.0,0.6433880177360597,0,0.0,0.9196053167262146,5,124.0
570.0,8,142.0,2.84,8.33574908882534,0,0.0,0.9851158395331178,3,99.0,0.5976713450450459,2,47.0,0.5576791826954166,0,0.0,0.9130625402019126,5,146.0
575.0,7,129.0,2.6875,8.023717092035534,0,0.0,1.0,3,114.0,0.5953091662666296,1,28.0,0.6023894749815373,0,0.0,0.9505540379391655,4,142.0
580.0,5,55.0,1.1702127659574468,7.858662248083205,0,3.0,0.9733195738906429,2,63.0,0.5794942749959384,1,7.0,0.7449230485481688,0,0.0,0.957799201400757,3,73.0
585.0,2,17.0,0.37777777777777777,8.287265317960557,0,0.0,1.0,1,10.0,0.6221805760156199,1,12.0,0.6510593812772811,0,0.0,0.9747143599946768,2,22.0
590.0,6,36.0,0.8,7.199051969585268,0,0.0,1.0,3,19.0,0.4393691345730435,2,22.0,0.43577139118606056,1,1.0,0.49716671638212456,6,42.0
595.0,5,41.0,0.9318181818181818,7.077026993237217,0,0.0,1.0,3,34.0,0.2185651199683835,1,13.0,0.6217127338505531,1,6.0,0.5475415206486577,5,53.0
600.0,1,9.0,0.21428571428571427,7.638883278115651,0,0.0,1.0,0,0.0,0.5188630676801252,1,12.0,0.8261850620953609,0,0.0,0.9240997691851811,1,12.0
605.0,2,15.0,0.35714285714285715,7.523931404282768,0,0.0,1.0,0,0.0,0.946169930631432,2,21.0,0.6884032899142798,0,0.0,0.9614092853071967,2,21.0
610.0,2,25.0,0.5952380952380952,8.500778786781,0,0.0,1.0,0,0.0,0.9701580285112549,2,36.0,0.6717932133482772,0,0.0,0.9469486259309675,2,36.0
615.0,0,0.0,0.0,8.925452476426848,0,0.0,1.0,0,0.0,0.9389357116522228,0,8.0,0.9071940984113697,0,0.0,0.9494917979745615,0,8.0
620.0,0,0.0,0.0,9.20305461875802,0,0.0,1.0,0,3.0,0.8197242949053356,0,5.0,0.9214258167121988,0,0.0,0.9849074118773998,0,8.0
625.0,0,0.0,0.0,8.955709460603115,0,0.0,0.949631497236295,0,6.0,0.9444750290580153,0,5.0,0.7987850587455599,0,0.0,0.9411414938678642,0,11.0
630.0,1,4.0,0.1,8.619308724215013,0,0.0,1.0,0,6.0,0.9449329395372459,1,9.0,0.7228390904929204,0,0.0,0.9502823190495387,1,15.0
635.0,2,12.0,0.27906976744186046,8.315045534135493,0,0.0,1.0,0,3.0,0.9499748980273323,2,17.0,0.2952800511023082,0,0.0,0.9602335966301272,2,20.0
640.0,5,30.0,0.7142857142857143,7.5873195339921695,0,0.0,1.0,0,3.0,0.9781101939501208,3,31.0,0.19634758892722956,1,2.0,0.4718749983148864,4,36.0
645.0,9,63.0,1.4318181818181819,7.140961943315703,0,0.0,1.0,0,3.0,0.9514399383820227,5,51.0,0.16157792944256122,1,7.0,0.49883491845110167,6,61.0
650.0,10,101.0,2.2954545454545454,6.235713760927006,0,0.0,1.0,1,5.0,0.755762673254263,5,76.0,0.1592657338267827,1,12.0,0.6343444031386983,7,93.0
655.0,6,57.0,1.2666666666666666,6.219889273663264,0,0.0,1.0,2,15.0,0.5181572002268833,1,42.0,0.3411996771397225,0,0.0,0.9414475727740543,3,57.0
660.0,7,67.0,1.5227272727272727,6.871834333292444,0,6.0,0.5001990389416779,3,31.0,0.40032741566984936,1,55.0,0.7068888729004126,0,0.0,0.9627715840316526,4,92.0
665.0,7,88.0,2.0,6.559116958099597,0,0.0,0.9538424500301576,3,46.0,0.485329497514817,1,39.0,0.0,0,0.0,0.9353772927114478,4,85.0
670.0,8,115.0,2.3958333333333335,7.031729696328507,0,0.0,1.0,4,60.0,0.3650722994382599,1,44.0,0.0,0,0.0,0.9380114883959456,5,104.0
675.0,7,99.0,2.106382978723404,7.781140605497134,0,0.0,1.0,5,85.0,0.40792452799352313,0,0.0,0.9656077574531075,0,0.0,0.9673116757918471,5,85.0
680.0,6,106.0,2.25531914893617,7.72683098615569,0,0.0,1.0,5,110.0,0.426171009076386,1,2.0,0.0007020975759375441,0,0.0,0.9453359755516622,6,112.0
685.0,9,144.0,2.938775510204082,7.016311865002046,0,0.0,1.0,6,135.0,0.2913467822793556,1,7.0,0.5870794922155347,0,0.0,0.9236540016975613,7,142.0
690.0,12,197.0,4.104166666666667,6.395365953678062,0,0.0,1.0,6,163.0,0.33768115385836983,2,13.0,0.4362448839048902,0,0.0,0.9516149163199792,8,176.0
695.0,12,243.0,5.170212765957447,5.937946344398597,0,0.0,1.0,6,193.0,0.25929492630305867,2,9.0,0.2983191376680546,0,0.0,0.975648072925033,8,202.0
700.0,12,288.0,6.4,5.81838895913299,0,0.0,1.0,7,228.0,0.17316137445411056,2,19.0,0.2594740585438581,0,0.0,0.9439496318413578,9,247.0
705.0,11,293.0,5.979591836734694,6.293224155188738,0,0.0,1.0,8,268.0,0.34285259699631226,3,34.0,0.35032928124606993,0,0.0,0.947448351130636,11,302.0
710.0,12,350.0,7.142857142857143,6.642289179469733,0,0.0,1.0,8,308.0,0.34610008451565466,4,51.0,0.19560998445294414,0,0.0,0.9530714492855765,12,359.0
715.0,10,361.0,7.22,6.560995573486071,0,0.0,1.0,8,348.0,0.3074495650427924,2,44.0,0.26293186804583396,0,0.0,0.9531192274088659,10,392.0
720.0,9,399.0,8.142857142857142,6.955379176702302,0,0.0,1.0,8,388.0,0.3495873355660688,1,20.0,0.36158810864594654,0,0.0,0.9461946337534289,9,408.0
725.0,10,449.0,8.803921568627452,7.091356306102358,0,0.0,1.0,9,430.0,0.293373646508414,1,25.0,0.7107055655850618,0,0.0,0.950818502821051,10,455.0
730.0,10,499.0,9.596153846153847,6.466890753531692,0,0.0,1.0,9,475.0,0.16035960050445547,1,30.0,0.7620452243600856,0,0.0,0.998386787634994,10,505.0
735.0,11,551.0,11.02,5.95893558954625,0,0.0,1.0,10,522.0,0.09306293829863586,1,35.0,0.512545087247332,0,0.0,0.9754623428004784,11,557.0
740.0,13,613.0,12.019607843137255,5.782747283836268,0,0.0,1.0,10,574.0,0.22340426776348332,2,44.0,0.4950764881419991,0,0.0,0.9477086058591144,12,618.0
745.0,17,697.0,13.666666666666666,4.969706256561485,0,0.0,1.0,13,638.0,0.1482996571218603,2,54.0,0.23556723031340013,0,0.0,0.9359694844677471,15,692.0
750.0,19,787.0,15.431372549019608,5.101655359879356,0,0.0,1.0,13,703.0,0.16031506909513576,3,68.0,0.235241499868295,0,0.0,0.8834220880930053,16,771.0
755.0,21,886.0,17.03846153846154,5.163019158959309,0,0.0,1.0,14,772.0,0.17229366374040084,2,74.0,0.2993856927796058,0,0.0,0.9548202932163422,16,846.0
760.0,24,998.0,19.192307692307693,4.437610967793029,0,3.0,0.8969617155211541,15,847.0,0.14125150945963513,3,85.0,0.002432608128995413,0,0.0,0.9822033270710138,18,935.0
765.0,13,256.0,5.019607843137255,3.908975119937356,0,0.0,1.0,3,330.0,0.16775340698868046,3,100.0,0.0,1,2.0,0.4787080292156716,7,432.0
770.0,9,229.0,4.490196078431373,5.385087984384543,0,0.0,1.0,0,72.0,0.4349731798114031,3,115.0,0.22942634779560062,0,0.0,0.9707200162438873,3,187.0
775.0,5,148.0,2.690909090909091,7.323389338376262,0,0.0,1.0,0,0.0,0.7945752117723673,3,142.0,0.6053637531735129,0,0.0,0.9145014212625209,3,142.0
780.0,7,38.0,0.7037037037037037,7.6492839825967325,0,0.0,1.0,0,0.0,0.6949401525886354,3,81.0,0.6271518387576918,0,0.0,0.9815976999668892,3,81.0
785.0,11,69.0,1.2105263157894737,7.417816360003397,0,0.0,1.0,1,4.0,0.6485399915739061,4,56.0,0.6354650891868083,0,0.0,0.9865851201097228,5,60.0
790.0,14,107.0,1.8771929824561404,6.855714290298377,0,0.0,1.0,2,10.0,0.33369990930143506,5,79.0,0.6023937320518675,0,0.0,0.9379331270415219,7,89.0
795.0,10,117.0,2.0526315789473686,7.310617585989879,0,0.0,1.0,2,20.0,0.47140798853822297,6,107.0,0.619557680328056,0,0.0,0.9508438312560048,8,127.0
800.0,10,105.0,1.9444444444444444,6.409334653450306,0,0.0,1.0,2,30.0,0.4865242317961193,3,94.0,0.5234761785958375,0,0.0,0.9268305765274468,5,124.0
805.0,13,121.0,2.372549019607843,5.721057471436937,0,0.0,1.0,0,1.0,0.6775902837118655,6,107.0,0.3165542326876889,0,0.0,0.9941716025837353,6,108.0
810.0,13,150.0,2.9411764705882355,6.166621431324805,0,0.0,1.0,0,0.0,0.898794234877014,8,143.0,0.15134559476137677,0,0.0,0.9711643452523497,8,143.0
815.0,16,192.0,3.6226415094339623,5.838931596881458,0,0.0,1.0,0,0.0,0.6742088070547402,10,190.0,0.1068137432845715,0,0.0,0.9428989356040827,10,190.0
820.0,15,242.0,4.653846153846154,5.421213773386987,0,0.0,1.0,1,3.0,0.44189459428425754,12,245.0,0.0936824019006622,0,0.0,0.9367315765089508,13,248.0
825.0,14,293.0,5.979591836734694,5.574420149987281,0,0.0,1.0,0,0.0,0.8165230603052601,14,313.0,0.06188187833748585,0,0.0,0.951975540920476,14,313.0
830.0,16,368.0,7.510204081632653,6.056003401180806,0,0.0,1.0,0,0.0,0.7694766075344243,16,388.0,0.05929096924582796,0,0.0,0.9876352441137244,16,388.0
835.0,17,451.0,8.673076923076923,6.305616870530695,0,0.0,1.0,1,3.0,0.4519091196768199,16,471.0,0.2010835053463276,0,0.0,0.9674382137287219,17,474.0
840.0,19,543.0,10.245283018867925,6.197439628732685,0,0.0,1.0,2,12.0,0.311289921751271,17,554.0,0.22226228328040026,0,0.0,0.9940635542406794,19,566.0
845.0,8,161.0,3.0377358490566038,6.602281922253301,0,0.0,1.0,0,0.0,0.9871236213968317,8,295.0,0.19941050346617273,0,0.0,0.9426891023526599,8,295.0
850.0,1,1.0,0.018518518518518517,7.380535859872957,0,6.0,0.5649987542012125,1,7.0,0.5114621434635059,0,176.0,0.3392766682819433,0,0.0,0.951199558758863,1,189.0
855.0,5,20.0,0.36363636363636365,7.9465881099848135,0,0.0,0.7733011315245795,1,15.0,0.7775641471198119,1,83.0,0.3717618972967537,0,0.0,0.733154908413884,2,98.0
860.0,7,52.0,0.9629629629629629,8.709878625342073,0,0.0,0.7850430370922314,1,20.0,0.8370717040086021,2,16.0,0.3026184921318413,1,3.0,0.4886250542921797,4,39.0
865.0,8,87.0,1.5263157894736843,8.225378300176867,0,0.0,0.9692073246222036,2,25.0,0.6033686055137852,2,23.0,0.3243496784286273,1,8.0,0.6388987735472145,5,56.0
870.0,8,97.0,1.6440677966101696,7.641940027574409,0,0.0,0.03507660928154985,3,38.0,0.5681943959006623,1,18.0,0.10685377733519132,1,13.0,0.6156672508606179,5,69.0
875.0,7,76.0,1.3333333333333333,7.879349183100314,1,5.0,0.00012654368908903387,3,50.0,0.6400738598324331,3,31.0,1.2350407179956212e-05,0,0.0,0.9746497440123315,7,86.0
880.0,10,119.0,2.2452830188679247,7.5301381080879795,1,10.0,0.0,4,64.0,0.43320973225558934,3,50.0,0.25204474745515426,0,0.0,0.9348456275944578,8,124.0
885.0,7,95.0,1.7924528301886793,6.871641823851255,1,15.0,0.0,2,117.0,0.24137355172814728,4,67.0,0.3403947304110916,0,0.0,0.942603642009709,7,199.0
890.0,6,99.0,1.98,7.13181694670576,0,0.0,1.0,1,58.0,0.5072188354597843,4,77.0,0.4689067817844117,0,0.0,0.9809148407113859,5,135.0
895.0,5,123.0,2.5625,7.694221775921153,0,0.0,1.0,1,33.0,0.6348601530233028,4,97.0,0.4454407384160538,0,0.0,0.9579139361810767,5,130.0
900.0,7,154.0,3.2083333333333335,8.350976626424762,0,0.0,1.0,1,41.0,0.7405916432379788,6,123.0,0.4396473357427684,0,0.0,0.946397724053371,7,164.0
905.0,8,190.0,3.7254901960784315,7.675429092897743,0,0.0,1.0,1,46.0,0.6734230800262611,7,163.0,0.33463168303389135,0,0.0,0.6767381028245891,8,209.0
910.0,11,242.0,4.938775510204081,7.390819115176397,0,0.0,1.0,2,54.0,0.6604445717402457,8,202.0,0.32020911409724584,1,5.0,0.6274395304410688,11,261.0
915.0,12,291.0,6.326086956521739,6.457405428526085,0,0.0,1.0,2,64.0,0.6805363288807568,8,242.0,0.2665708171468937,0,0.0,0.9656367767184457,10,306.0
920.0,11,344.0,7.319148936170213,5.868968950188989,0,0.0,1.0,2,74.0,0.500660284909088,8,285.0,0.18140623177157825,0,0.0,0.9552864508179777,10,359.0
925.0,11,376.0,8.545454545454545,5.852250139172907,0,0.0,1.0,1,63.0,0.7414500170148225,10,332.0,0.04565454062079662,0,0.0,0.9775118608783488,11,395.0
930.0,13,440.0,10.232558139534884,5.704793872060292,0,0.0,1.0,1,65.0,0.5164140687742348,12,391.0,0.040615048921784906,0,0.0,0.9497799907316371,13,456.0
935.0,17,520.0,12.380952380952381,5.644364813694615,0,0.0,1.0,3,85.0,0.4748308213487738,14,464.0,0.11051053724406955,0,0.0,0.9586625350935583,17,549.0
940.0,11,522.0,11.6,6.0018682848284195,0,0.0,1.0,3,93.0,0.4583029480144932,8,470.0,0.16715375801869248,0,0.0,0.9672369532651706,11,563.0
945.0,13,583.0,13.25,6.382251759350077,0,3.0,0.5700661293876726,4,118.0,0.38758041178824515,8,488.0,0.19322262847160485,1,2.0,0.4896703624624578,13,611.0
950.0,10,601.0,13.976744186046512,6.888920136937782,0,0.0,0.6466563161360445,1,99.0,0.6398675026663642,8,525.0,0.2648565564495585,1,7.0,0.47382294769214306,10,631.0
955.0,10,651.0,15.5,7.194005742400799,0,0.0,1.0,1,96.0,0.8107505410105386,8,565.0,0.26260579128120337,1,12.0,0.5481931322869195,10,673.0
960.0,11,690.0,16.046511627906977,6.7911910408777585,0,0.0,1.0,1,101.0,0.6574507030493052,8,608.0,0.2636534439692241,0,0.0,0.9531880069372454,9,709.0
965.0,11,615.0,14.30232558139535,6.66451743214395,0,0.0,1.0,2,112.0,0.6454460016137288,7,583.0,0.21364681056583698,0,0.0,0.9419614647532762,9,695.0
970.0,12,508.0,11.813953488372093,7.109876765981937,0,0.0,1.0,1,17.0,0.7856465020540897,8,492.0,0.17786820992360036,0,0.0,0.9463726936940675,9,509.0
975.0,14,572.0,13.0,6.20445675152584,0,0.0,1.0,2,28.0,0.33640632085069033,9,536.0,0.16969526361547693,0,0.0,0.9402913660651717,11,564.0
980.0,18,654.0,14.863636363636363,4.695831805637344,0,0.0,1.0,5,49.0,0.16456554415271268,9,581.0,0.23275401696953998,0,0.0,0.9655222898057539,14,630.0
985.0,19,510.0,11.08695652173913,4.936709272051112,0,0.0,1.0,6,79.0,0.3111090609199677,7,495.0,0.24380430046688387,0,0.0,0.97857345893463,13,574.0
990.0,16,213.0,5.071428571428571,4.398656158435311,0,0.0,1.0,3,31.0,0.4237260767407058,6,294.0,0.21827299650897888,0,0.0,0.9859535017686837,9,325.0
995.0,16,265.0,5.888888888888889,5.0407505663338075,0,0.0,0.8878043108748364,4,48.0,0.3061617071729553,7,140.0,0.11368627544708912,0,0.0,0.8153310523910158,11,188.0
1000.0,18,275.0,6.395348837209302,5.073185398502742,0,0.0,1.0,5,69.0,0.27234313155681134,8,184.0,0.25938926526294465,1,4.0,0.4971311191653251,14,257.0
1005.0,7,111.0,2.522727272727273,6.023842408423289,0,0.0,1.0,5,94.0,0.26670094618068985,1,44.0,0.4953115608420846,1,9.0,0.6291733896620259,7,147.0
1010.0,7,146.0,3.2444444444444445,7.114597606124687,0,6.0,0.40577482938791415,5,128.0,0.4030544235784849,1,24.0,0.6992289081893776,1,14.0,0.7142728344445266,7,172.0
1015.0,8,167.0,3.7954545454545454,7.244393873496992,2,11.0,0.015499665972610294,5,153.0,0.5220298357938993,1,62.0,0.7552122322033372,0,0.0,0.9419930622078074,8,226.0
1020.0,10,213.0,4.733333333333333,7.197127959731988,3,25.0,0.0,5,178.0,0.5425232158969853,2,69.0,0.6169146540668085,0,0.0,0.9510998704955509,10,272.0
1025.0,6,196.0,4.454545454545454,6.8621740175735715,0,0.0,1.0,5,203.0,0.5354464149671099,1,46.0,0.4964435129881011,0,0.0,0.9538539056058668,6,249.0
1030.0,9,239.0,4.979166666666667,6.942165611330943,0,0.0,1.0,5,228.0,0.4877960318323158,4,64.0,0.24535548596732637,0,0.0,0.9495162596651963,9,292.0
1035.0,12,290.0,6.041666666666667,6.878997704001303,0,0.0,1.0,6,252.0,0.5037032502119518,6,88.0,0.1935738449192249,0,0.0,0.9777247185425646,12,340.0
1040.0,13,353.0,7.204081632653061,6.700592129329368,0,0.0,1.0,6,276.0,0.47691895559671127,7,122.0,0.11010727819088756,0,0.0,0.9711255709429094,13,398.0
1045.0,16,424.0,8.153846153846153,5.9978666526789475,0,0.0,1.0,8,315.0,0.3216363773762633,8,161.0,0.10628140385146854,0,0.0,0.9105279252372026,16,476.0
1050.0,9,375.0,7.0754716981132075,6.391134776895557,0,0.0,1.0,8,355.0,0.24198488809847227,1,104.0,0.4730522338391332,0,0.0,0.946442783993389,9,459.0
1055.0,10,425.0,8.333333333333334,6.367115098696466,0,6.0,0.6238432690183313,9,410.0,0.2556200692166865,1,70.0,0.6321813999999989,0,0.0,0.9460130317356112,10,486.0
1060.0,12,484.0,9.877551020408163,7.2491609787079145,0,0.0,0.8262639742182342,11,460.0,0.3021591651215051,1,75.0,0.6600118361005572,0,0.0,0.9045849371789068,12,535.0
1065.0,15,549.0,10.557692307692308,6.707378079700292,1,1.0,0.1930871355106438,13,519.0,0.2628372589440853,1,80.0,0.48555838798728357,0,0.0,0.9550609607118202,15,600.0
1070.0,16,627.0,12.294117647058824,6.349668964706041,2,9.0,1.8299817488059314e-05,13,584.0,0.22743447112900064,1,85.0,0.0,0,0.0,0.9667210746684685,16,678.0
1075.0,16,661.0,12.711538461538462,5.87447014062264,2,19.0,0.026337161262814865,11,599.0,0.3037951413288078,1,90.0,0.6330538269730595,0,0.0,0.9639261093703304,14,708.0
1080.0,18,686.0,13.192307692307692,5.611812446906272,2,29.0,0.0040196383627868785,11,654.0,0.28907110016886256,0,3.0,0.977339381842991,0,0.0,0.9400117757071582,13,686.0
1085.0,20,745.0,14.9,4.467095490543381,0,1.0,0.013403598775363729,15,720.0,0.10603850658557075,0,3.0,0.6173776423681031,0,0.0,0.9714373479453823,15,724.0
1090.0,23,852.0,16.384615384615383,4.480736652273604,0,0.0,1.0,17,804.0,0.10034587219056361,1,5.0,0.5981782726298209,0,0.0,0.978296062919807,18,809.0
1095.0,18,912.0,17.20754716981132,4.8353521964669905,0,0.0,1.0,13,837.0,0.16410227683179757,1,10.0,0.5265722771291,0,0.0,0.9370186740480129,14,847.0
1100.0,20,1009.0,17.70175438596491,5.6615638000006765,0,0.0,1.0,13,902.0,0.13537340904160008,2,19.0,0.5002249982353574,0,0.0,0.9361802619094779,15,921.0
1105.0,17,987.0,17.31578947368421,6.121801395842321,0,0.0,1.0,14,972.0,0.11941305699451867,3,33.0,0.5336584248656014,0,0.0,0.986136908386455,17,1005.0
1110.0,17,1072.0,18.80701754385965,5.863373787894732,0,0.0,1.0,14,1042.0,0.11929592676625256,3,48.0,0.3532141943434567,0,0.0,0.9725660810548318,17,1090.0
1115.0,20,1166.0,21.2,5.95642390715054,0,0.0,1.0,14,1109.0,0.1130173489170169,6,72.0,0.24468618391921348,0,0.0,0.9352871802331459,20,1181.0
1120.0,21,1268.0,23.054545454545455,5.788976998073278,0,0.0,1.0,15,1181.0,0.13299147715478216,6,102.0,0.24062812007553663,0,0.0,0.9626942580326254,21,1283.0
1125.0,22,1376.0,25.01818181818182,5.190626525012901,0,0.0,1.0,15,1256.0,0.1081186061310064,6,132.0,0.1960017289354365,1,3.0,0.6513503102241261,22,1391.0
1130.0,24,1492.0,26.642857142857142,4.651258786267325,0,0.0,1.0,16,1334.0,0.057703013267543624,7,165.0,0.1881329525542423,1,8.0,0.6448756541470142,24,1507.0
1135.0,20,1002.0,18.21818181818182,4.6754251604113435,0,0.0,0.8721007964102285,13,1092.0,0.03716822619010086,7,200.0,0.19348299245580358,0,0.0,0.9846341960755766,20,1292.0
1140.0,3,37.0,0.6981132075471698,5.8754709998656525,0,0.0,0.012267480417402924,3,600.0,0.20588415709657162,0,42.0,0.5502383948708053,0,0.0,0.9128027949165645,3,642.0
1145.0,3,39.0,0.7358490566037735,8.003128397980575,1,8.0,0.4957047856258159,2,275.0,0.570860549729383,0,3.0,0.6914395278354682,0,0.0,0.9574166847388595,3,286.0
1150.0,4,57.0,1.0754716981132075,8.2266993260198,1,16.0,0.22866329885776251,2,53.0,0.6383476136207381,1,6.0,0.7604133030271744,0,0.0,0.9581187401884202,4,75.0
1155.0,6,39.0,0.7090909090909091,8.120908788510624,4,33.0,0.0003742587369722901,1,63.0,0.6018340494738278,1,11.0,0.75993911393168,0,0.0,0.864307872186498,6,107.0
1160.0,6,69.0,1.3018867924528301,8.201419522679569,4,53.0,3.0052587986401626e-06,1,18.0,0.7343545393948362,1,16.0,0.8073083246052162,0,0.0,0.8474609638185262,6,87.0
1165.0,8,101.0,1.9423076923076923,7.924663415083794,4,73.0,0.0,2,24.0,0.6442549472896059,2,22.0,0.7134175167252583,0,0.0,0.8873701890984353,8,119.0
1170.0,6,89.0,1.7450980392156863,8.058405662628985,1,30.0,0.0,3,39.0,0.6487902450308259,2,39.0,0.7509809675127024,0,0.0,0.8249823649529805,6,108.0
1175.0,7,104.0,2.08,7.445922332370838,1,35.0,0.0,1,27.0,0.8374476069533597,4,54.0,0.5474113565862369,0,0.0,0.9086771354701436,6,116.0
1180.0,9,142.0,2.784313725490196,7.0217657931671225,1,40.0,0.0,2,35.0,0.47471686613966335,6,80.0,0.43925454634434735,0,0.0,0.9397079903614406,9,155.0
1185.0,15,205.0,4.019607843137255,6.014498243940498,1,45.0,0.0,6,60.0,0.20409731713462423,8,116.0,0.34599586157809065,0,0.0,0.9373593430961333,15,221.0
1190.0,18,237.0,4.471698113207547,6.195669750728329,0,0.0,1.0,8,92.0,0.15460521956052903,10,161.0,0.20794679057106813,0,0.0,0.9734622459822866,18,253.0
1195.0,4,127.0,2.3518518518518516,6.942033713810747,0,0.0,1.0,1,67.0,0.2306300990477387,3,118.0,0.27965693093495403,0,0.0,0.9682291278218602,4,185.0
1200.0,3,130.0,2.6,8.256482553285295,0,3.0,0.7079150376365482,1,52.0,0.6711075099576745,2,91.0,0.3225569584917936,0,0.0,0.938793072556702,3,146.0
1205.0,4,148.0,2.96,9.112957398318203,1,3.0,0.36539013692886274,1,60.0,0.7802483449013049,2,105.0,0.5621848038519898,0,0.0,0.9167067678304123,4,168.0
1210.0,3,160.0,3.2,8.520340885201968,0,0.0,0.17346339888108636,1,65.0,0.7574839072590891,2,112.0,0.566473376617691,0,0.0,0.9621454036889061,3,177.0
1215.0,3,175.0,3.5714285714285716,8.47680074497078,0,0.0,1.0,1,70.0,0.7639947017124313,2,122.0,0.6254691096040766,0,0.0,0.9575278120516346,3,192.0
1220.0,1,69.0,1.38,8.958218964683928,0,0.0,1.0,1,75.0,0.8105934437616379,0,58.0,0.6865246417871865,0,0.0,0.9453382019668591,1,133.0
1225.0,2,75.0,1.5957446808510638,9.081176761553483,0,3.0,0.9338289420312686,1,80.0,0.7400199843018151,0,4.0,0.962620011988539,0,0.0,0.9786943374302601,1,87.0
1230.0,3,83.0,1.9761904761904763,8.02217820582723,0,0.0,1.0,2,88.0,0.5091413631545898,1,5.0,0.5566056347914989,0,0.0,0.9993151721074296,3,93.0
1235.0,4,97.0,2.3658536585365852,7.314876975571681,0,0.0,1.0,1,87.0,0.49095878359894285,3,17.0,0.08192535801194527,0,0.0,0.9426406074880498,4,104.0
1240.0,2,97.0,2.4871794871794872,7.788069410477651,0,0.0,1.0,1,89.0,0.7008370162744748,1,12.0,0.35130992947442397,0,0.0,0.9448278263277715,2,101.0
1245.0,2,107.0,2.5476190476190474,8.176122708043408,0,6.0,0.5770128992855279,1,97.0,0.5329854438138351,1,19.0,0.48664548818730285,0,0.0,0.9660640239104286,2,122.0
1250.0,4,123.0,3.0,8.00072951655797,0,0.0,0.6900517965990751,2,105.0,0.47887651296933176,2,27.0,0.6147430429126072,0,0.0,0.9899386387480454,4,132.0
1255.0,7,151.0,3.5952380952380953,7.912493613700844,0,0.0,1.0,2,115.0,0.5992147714470005,3,38.0,0.3856926544844031,0,0.0,0.9456904291238879,5,153.0
1260.0,7,186.0,4.325581395348837,7.73357404273838,0,0.0,1.0,2,125.0,0.635114560903263,3,53.0,0.3907153664341713,0,0.0,0.9356380368143348,5,178.0
1265.0,5,162.0,3.857142857142857,7.815822384887536,0,0.0,1.0,2,135.0,0.543568004690173,2,35.0,0.5691885420123247,0,0.0,0.9454295881560101,4,170.0
1270.0,6,192.0,4.571428571428571,7.5363342037946515,0,0.0,1.0,3,150.0,0.5443989079542958,2,45.0,0.3870593434881158,0,0.0,0.9668376370848447,5,195.0
1275.0,6,183.0,4.575,7.012090963784931,0,0.0,1.0,1,124.0,0.6830816994533073,5,63.0,0.30918829996848873,0,0.0,0.6153290142054234,6,187.0
1280.0,8,221.0,5.1395348837209305,7.12843500633953,0,0.0,1.0,1,129.0,0.8070050965640361,6,91.0,0.3244051575124548,1,5.0,0.6035010128541436,8,225.0
1285.0,9,198.0,4.4,6.288069257122746,0,0.0,1.0,2,136.0,0.4777570082799149,4,81.0,0.44605206007699866,3,14.0,0.2469181426157244,9,231.0
1290.0,10,248.0,5.636363636363637,6.168049186397504,0,3.0,0.9229836767829733,3,151.0,0.3149692213617318,4,71.0,0.38875285573662527,3,29.0,0.24698271749338746,10,254.0
1295.0,6,235.0,5.595238095238095,6.122726543250164,0,0.0,0.10287137189091357,1,144.0,0.6089037878749296,5,94.0,0.4800187815422756,0,11.0,0.5087240176469474,6,249.0
1300.0,10,275.0,5.978260869565218,6.789156450653161,1,4.0,2.2513768376150757e-05,1,152.0,0.5645188341764772,6,128.0,0.39650898999529205,1,13.0,0.7023087413809789,9,297.0
1305.0,9,308.0,6.844444444444444,6.429148451138621,0,0.0,1.0,2,162.0,0.5708087006462272,5,146.0,0.39023584795653526,1,18.0,0.6327528587480145,8,326.0
1310.0,14,373.0,8.28888888888889,6.321585295118022,0,0.0,1.0,3,174.0,0.21889399637709647,9,186.0,0.33818769476882166,1,23.0,0.7021971375866702,13,383.0
1315.0,12,406.0,8.458333333333334,6.561256150821021,0,0.0,1.0,1,169.0,0.3548410624819144,10,234.0,0.30101001710358105,1,28.0,0.7638164631353499,12,431.0
1320.0,15,470.0,9.591836734693878,6.060015765410124,0,0.0,1.0,2,171.0,0.47593866567258286,10,284.0,0.3013386368678981,2,34.0,0.47676663207458325,14,489.0
1325.0,5,240.0,4.8,6.97211771020962,0,0.0,1.0,2,181.0,0.5637643615077487,1,107.0,0.5072300527267612,2,44.0,0.4727574403584408,5,332.0
1330.0,2,191.0,4.0638297872340425,8.26506305683055,0,0.0,1.0,2,200.0,0.5049815870163975,0,36.0,0.774296472920497,0,0.0,0.6871265861347124,2,236.0
1335.0,2,201.0,4.1875,7.261641896864625,0,6.0,0.2226698974059462,2,210.0,0.5273805219396409,0,6.0,0.672211121043374,0,0.0,0.9465670899565586,2,222.0
1340.0,9,238.0,5.173913043478261,7.582348932856234,2,16.0,0.17417258480325443,3,223.0,0.607738963864538,2,8.0,0.5305302932695952,0,0.0,0.985246662514853,7,247.0
1345.0,7,74.0,1.574468085106383,8.091746604134304,3,30.0,0.03749198571114306,2,44.0,0.7780511294174354,2,18.0,0.6214750276666599,0,0.0,0.9909282262329712,7,92.0
1350.0,9,115.0,2.5,7.087260858897691,4,50.0,0.007459207368422057,3,55.0,0.5838917540407675,2,31.0,0.5290947721072381,0,0.0,0.9715459850910959,9,136.0
1355.0,13,175.0,3.5714285714285716,6.435994131013217,5,73.0,0.0014310887782639412,5,77.0,0.42497265400166345,3,46.0,0.5441855434851204,0,0.0,0.5245169445191188,13,196.0
1360.0,17,250.0,5.1020408163265305,5.4318609200762396,5,98.0,0.00023539238788683323,8,110.0,0.23861847607472514,3,58.0,0.4720978540274065,1,2.0,0.6249872101119326,17,268.0
1365.0,6,113.0,2.306122448979592,5.710327228877247,0,31.0,0.01810363633061355,3,43.0,0.34033422093294163,3,73.0,0.4669142252991465,0,0.0,0.9567052604278784,6,147.0
1370.0,6,124.0,2.339622641509434,6.979857107143967,0,0.0,1.0,4,62.0,0.3665704174146091,2,71.0,0.3667272552947741,0,0.0,0.9809017142071698,6,133.0
1375.0,7,156.0,3.0,8.561672697838016,0,0.0,1.0,5,84.0,0.42208217307350493,2,81.0,0.5567809995249832,0,0.0,0.9701394595559127,7,165.0
1380.0,8,192.0,3.6923076923076925,8.374776056276103,0,0.0,1.0,6,110.0,0.36617233181315634,2,91.0,0.6817201915943921,0,0.0,0.9917845856691602,8,201.0
1385.0,5,118.0,2.2264150943396226,8.671050245850486,0,0.0,1.0,2,68.0,0.5711691861805586,2,101.0,0.6472753860255862,0,0.0,0.9647404531132694,4,169.0
1390.0,2,105.0,1.9444444444444444,9.100612268621083,0,0.0,1.0,0,0.0,0.6017238104358299,2,111.0,0.6400768579983543,0,0.0,0.9665783155282685,2,111.0
1395.0,3,120.0,2.4,9.139732014896321,0,0.0,1.0,1,5.0,0.7754791995521977,2,121.0,0.5622142294205946,0,0.0,0.9634948938243149,3,126.0
1400.0,9,153.0,3.1875,6.882810977449073,0,0.0,1.0,1,10.0,0.37814928472550696,5,140.0,0.33860319200631833,0,0.0,0.9455471993365624,6,150.0
1405.0,14,212.0,4.326530612244898,6.180604884890811,0,0.0,0.8995750545382099,4,24.0,0.27827548966246196,6,170.0,0.4103418344923914,0,0.0,0.9523933879531702,10,194.0
1410.0,9,224.0,4.76595744680851,5.970824212418211,0,0.0,1.0,4,40.0,0.2283026649021137,2,145.0,0.6511344518911245,0,0.0,0.9581185114770021,6,185.0
1415.0,9,269.0,5.723404255319149,6.494587215712999,0,6.0,0.6001258917147041,4,63.0,0.34471280804675475,2,155.0,0.4585105094751706,0,0.0,0.9637445206425972,6,224.0
1420.0,12,326.0,6.9361702127659575,6.386709731562973,0,0.0,0.9443055118639111,4,83.0,0.4589550472092496,4,174.0,0.32337433747951455,0,0.0,0.9938395158827237,8,257.0
1425.0,8,286.0,5.958333333333333,6.729095022728909,0,0.0,1.0,0,3.0,0.8126105677001159,4,194.0,0.308405114723954,0,0.0,0.8015233382476804,4,197.0
1430.0,6,228.0,4.653061224489796,6.946764964762371,0,0.0,1.0,0,3.0,0.7211451387041549,4,214.0,0.18632158649598735,0,0.0,0.9591330294328873,4,217.0
1435.0,5,239.0,4.979166666666667,7.846194616774791,0,0.0,1.0,1,8.0,0.7697765711113501,4,240.0,0.3036635403577104,0,0.0,0.9574804004406697,5,248.0
1440.0,5,264.0,5.617021276595745,8.073843628871568,0,0.0,0.9225739214548778,1,13.0,0.7191758891924913,4,260.0,0.4199277655183461,0,0.0,0.9378475298281886,5,273.0
1445.0,4,274.0,5.829787234042553,8.1642466824816,0,0.0,0.3939438571050654,0,0.0,0.9401646031636748,4,280.0,0.41107009694932917,0,0.0,0.9451623463551191,4,280.0
1450.0,5,295.0,6.555555555555555,7.554889941199579,0,0.0,1.0,0,0.0,0.6738517784480759,4,300.0,0.47758562417404543,0,0.0,0.9413643540234174,4,300.0
1455.0,5,91.0,2.0681818181818183,6.6709526439437274,0,0.0,1.0,1,3.0,0.40951018012366563,2,200.0,0.3794711207124032,1,3.0,0.3903163959427131,4,206.0
1460.0,6,30.0,0.6818181818181818,8.078800398844807,0,0.0,1.0,2,12.0,0.38937646408538573,2,52.0,0.5272020744123361,2,12.0,0.4541801424860443,6,76.0
1465.0,9,68.0,1.511111111111111,7.001734220749152,0,0.0,1.0,3,25.0,0.5211787294250962,3,25.0,0.3611044282165663,2,22.0,0.2388175264569173,8,72.0
1470.0,9,111.0,2.466666666666667,7.1922286885967965,0,0.0,1.0,3,40.0,0.4681208291534112,3,40.0,0.2020157945512973,3,37.0,0.38879576718180475,9,117.0
1475.0,10,118.0,2.6818181818181817,6.981378330509381,0,0.0,1.0,3,55.0,0.48518193604310206,4,56.0,0.038860160571292615,0,18.0,0.6608100838349482,7,129.0
1480.0,11,172.0,3.8222222222222224,6.754641223582014,0,0.0,1.0,3,70.0,0.4258398818862421,5,86.0,0.26163261041507696,0,0.0,0.978692868784534,8,156.0
1485.0,12,150.0,3.260869565217391,5.827798533524124,0,0.0,1.0,0,3.0,0.6541501969366321,9,119.0,0.0012181883549409944,0,0.0,0.9585113340668175,9,122.0
1490.0,11,156.0,3.25,6.8716506771867785,0,0.0,1.0,1,3.0,0.6269826768341914,9,164.0,0.09595315951483549,0,0.0,0.9494816924800498,10,167.0
1495.0,13,215.0,4.3,7.1166295582408035,0,0.0,1.0,1,8.0,0.723530208562262,9,215.0,0.23769275732608272,1,2.0,0.5992512841663159,11,225.0
1500.0,7,89.0,1.7115384615384615,7.009845817918153,0,0.0,1.0,2,14.0,0.48883195805982077,3,94.0,0.4547618458414001,1,7.0,0.5926300322687909,6,115.0
1505.0,3,53.0,1.0,8.038888707230539,0,3.0,0.6286214561641248,2,34.0,0.4994376634311911,1,99.0,0.6835360730967581,0,0.0,0.9678709828707686,3,136.0
1510.0,1,34.0,0.6415094339622641,8.741435658567504,0,6.0,0.31283555497886956,0,10.0,0.9126848013731529,1,60.0,0.6770975992389299,0,0.0,0.9773912969745553,1,76.0
1515.0,7,61.0,1.196078431372549,8.584198367619772,2,15.0,0.029358987359506632,0,9.0,0.876765317557254,2,67.0,0.6948839923429,0,0.0,0.9416439102355912,4,91.0
1520.0,7,55.0,1.0784313725490196,7.413909651273955,2,25.0,0.004486938092392616,1,12.0,0.7955786995500166,1,33.0,0.6500864740576325,0,0.0,0.9773760875466104,4,70.0
1525.0,14,108.0,2.1176470588235294,6.967531661039835,3,37.0,0.0016068088928587962,1,11.0,0.7955153960740833,4,45.0,0.16602039580534786,0,0.0,0.9668415092843022,8,93.0
1530.0,14,144.0,2.823529411764706,6.285239527359086,0,6.0,0.02658278945517926,1,16.0,0.7178912061250872,5,70.0,0.2709669692194144,0,0.0,0.9689044010337773,6,92.0
1535.0,19,226.0,4.52,5.07740435502535,0,0.0,1.0,4,28.0,0.31414076291797655,5,95.0,0.3056558176702947,0,0.0,0.9884688911086695,9,123.0
1540.0,21,306.0,5.884615384615385,4.55796199506525,0,0.0,1.0,5,52.0,0.2841640791507997,5,76.0,0.04415573676845012,0,0.0,0.9331439998466123,10,128.0
1545.0,23,415.0,7.685185185185185,5.3937981296148285,0,0.0,1.0,6,78.0,0.37759611252782915,6,104.0,0.001696253147409723,0,0.0,0.9108150530569515,12,182.0
1550.0,20,434.0,7.75,5.141093163716939,0,0.0,1.0,6,108.0,0.31588859600577424,7,139.0,0.11503633132764253,0,0.0,0.9201890399402574,13,247.0
1555.0,22,518.0,9.087719298245615,5.369037237564375,0,0.0,1.0,8,141.0,0.15983994157986658,7,174.0,0.12274147642072128,0,0.0,0.9589718874856132,15,315.0
1560.0,20,452.0,8.528301886792454,4.467738509517583,0,0.0,1.0,8,180.0,0.2520179278884435,1,32.0,0.16733197598672128,0,0.0,0.9171983316341354,9,212.0
1565.0,24,566.0,10.884615384615385,5.014295008445618,0,3.0,0.6052361298278554,8,226.0,0.3068104747241808,2,25.0,0.0001503295051877063,0,0.0,0.9222939468234199,10,254.0
1570.0,24,686.0,12.472727272727273,5.0195474921450165,0,9.0,0.17972275342702343,8,269.0,0.4504255566500962,2,35.0,0.47099511109603975,0,0.0,0.9195586480040703,10,313.0
1575.0,28,820.0,15.471698113207546,4.3806706233197055,3,22.0,0.011284807192732463,8,306.0,0.40173786745959755,2,45.0,0.3074993994692787,0,0.0,0.9354976304649751,13,373.0
1580.0,21,624.0,11.555555555555555,4.705073159821553,4,38.0,0.0016353439626427674,0,71.0,0.5810864163967332,2,55.0,0.4850702538166025,0,0.0,0.9911362185056112,6,164.0
1585.0,23,733.0,12.859649122807017,4.99205078377672,4,58.0,0.0005905104322641628,0,6.0,0.9195619491708167,2,65.0,0.34681634013653023,0,0.0,0.980924742642452,6,129.0
1590.0,20,781.0,13.46551724137931,5.795391214771701,0,10.0,0.028116315485953853,0,3.0,0.8842315115382515,3,86.0,0.48331623102580834,0,0.0,0.9615748242224158,3,99.0
1595.0,19,804.0,13.862068965517242,6.054655686205269,0,0.0,1.0,0,3.0,0.7257371361327702,3,101.0,0.6107349849743768,0,0.0,0.9782755699860349,3,104.0
1600.0,18,808.0,14.175438596491228,5.890134019834986,0,0.0,1.0,1,4.0,0.4669729132328195,4,119.0,0.531809284437953,0,0.0,0.9727183817096524,5,123.0
1605.0,19,892.0,14.866666666666667,5.817189998762283,0,0.0,1.0,1,9.0,0.5277510426963263,3,133.0,0.5345904060231019,0,0.0,0.9827376762602146,4,142.0
1610.0,17,975.0,16.810344827586206,6.352876124890853,0,0.0,1.0,1,14.0,0.6693169058937669,3,146.0,0.6800233633922819,0,0.0,0.958752931130096,4,160.0
1615.0,17,1060.0,18.596491228070175,6.6737276982421765,0,0.0,1.0,1,22.0,0.7127109768119834,3,155.0,0.554602846203675,0,0.0,0.9484025293366869,4,177.0
1620.0,17,1123.0,21.18867924528302,5.555735203116021,0,0.0,0.217104607396711,1,5.0,0.5861063574835058,3,167.0,0.38816738530055833,0,0.0,0.9462262879003629,4,172.0
1625.0,19,885.0,16.69811320754717,5.343916247962936,3,12.0,0.05822866709322728,2,15.0,0.5582890811171112,3,185.0,0.3621632465289193,1,1.0,0.6067001962255467,9,213.0
1630.0,15,535.0,9.907407407407407,5.464801222150263,3,27.0,0.044346637155005274,3,30.0,0.5171326132392255,3,223.0,0.48231944669714455,1,6.0,0.4777126677485979,10,286.0
1635.0,7,135.0,2.547169811320755,5.396551210562196,0,1.0,0.046227849530563185,4,71.0,0.5212769489185194,2,145.0,0.279213968951451,0,0.0,0.5233425945360773,6,217.0
1640.0,3,25.0,0.44642857142857145,6.692210502582055,0,0.0,1.0,1,25.0,0.5697239054488415,2,150.0,0.48781556257363734,0,0.0,0.9891936703736572,3,175.0
1645.0,8,49.0,0.8448275862068966,6.552088716203861,0,0.0,1.0,3,29.0,0.4335785251700286,3,158.0,0.2630357627028365,0,0.0,0.9603717241881408,6,187.0
1650.0,11,92.0,1.6140350877192982,6.195770456602117,0,0.0,1.0,4,106.0,0.4926973103688774,7,187.0,0.16601611824142817,0,0.0,0.9945584704553947,11,293.0
1655.0,12,149.0,2.5689655172413794,6.480114711634411,0,0.0,1.0,4,126.0,0.41607891011914977,7,222.0,0.21203358946823941,0,0.0,0.9850646037246379,11,348.0
1660.0,6,55.0,0.9322033898305084,6.242772391707426,0,0.0,1.0,0,3.0,0.33350065659288003,2,189.0,0.49177635020926996,0,0.0,0.9645745281571083,2,192.0
1665.0,5,57.0,1.0555555555555556,6.518693804744988,0,3.0,0.5530052400782991,1,7.0,0.5646445411554022,2,186.0,0.5995987394848284,0,0.0,0.9554533778455236,3,196.0
1670.0,4,69.0,1.3529411764705883,7.949572013421941,0,0.0,1.0,1,15.0,0.8253708105985619,2,202.0,0.7128939477425735,0,0.0,0.9237915192472955,3,217.0
1675.0,3,83.0,1.5660377358490567,8.06671718507521,0,0.0,1.0,1,20.0,0.7631830360876324,2,212.0,0.62048842914468,0,0.0,0.9541256199166614,3,232.0
1680.0,5,106.0,1.962962962962963,7.476501212392118,0,0.0,1.0,2,29.0,0.719644863346731,3,226.0,0.4695841909233784,0,0.0,0.9696056274877274,5,255.0
1685.0,13,159.0,2.890909090909091,7.245598410073672,0,0.0,1.0,2,39.0,0.7009028459925541,6,327.0,0.4325968222863056,0,0.0,0.9650861498190841,8,366.0
1690.0,11,199.0,3.826923076923077,6.624331201012012,0,0.0,1.0,2,46.0,0.5756910906985019,7,360.0,0.3622519960927511,0,0.0,0.9275572098239397,9,406.0
1695.0,10,234.0,4.415094339622642,6.563752893939476,0,0.0,1.0,2,53.0,0.3232018909980345,8,412.0,0.26419383977711797,0,0.0,0.9634401181068248,10,465.0
1700.0,11,231.0,4.3584905660377355,5.926492389979127,0,0.0,1.0,0,0.0,0.8532658955822024,11,456.0,0.17620421245621742,0,0.0,0.9398672497530186,11,456.0
1705.0,12,170.0,3.090909090909091,6.55225850224797,0,0.0,1.0,0,0.0,0.9615827139920313,12,429.0,0.1302415169891799,0,0.0,0.9686525511720575,12,429.0
1710.0,10,181.0,3.549019607843137,6.572790694463146,0,0.0,1.0,0,0.0,0.984823390607537,10,271.0,0.19272268024752184,0,0.0,0.9797925888120527,10,271.0
1715.0,12,233.0,4.568627450980392,6.852616701606824,0,0.0,1.0,1,1.0,0.4814641754266641,11,235.0,0.27778050099288754,0,0.0,0.8811878582069304,12,236.0
1720.0,14,296.0,6.166666666666667,6.1586368848969935,0,0.0,1.0,1,6.0,0.6460164583403497,12,292.0,0.1782721295026896,1,1.0,0.484121254406166,14,299.0
1725.0,11,228.0,4.851063829787234,6.067860384017868,0,0.0,1.0,1,11.0,0.6447560877239672,9,254.0,0.15619868554931085,1,6.0,0.4758430727295212,11,271.0
1730.0,10,254.0,5.08,6.217443084196632,0,0.0,1.0,1,16.0,0.10141137610076811,8,194.0,0.16403922154826608,1,11.0,0.643218102583226,10,221.0
1735.0,11,284.0,5.916666666666667,5.7540087491466645,0,0.0,1.0,2,25.0,0.34476137448065786,8,234.0,0.16995207027159195,1,16.0,0.6236803877748006,11,275.0
1740.0,12,311.0,6.617021276595745,5.839240186810515,0,0.0,1.0,0,0.0,0.9742804322001687,9,279.0,0.15183027173613395,1,21.0,0.51678204175524,10,300.0
1745.0,3,59.0,1.2553191489361701,5.577271344641607,0,0.0,1.0,1,2.0,0.47885534748480724,1,93.0,0.07134826801346987,1,26.0,0.4646161577329126,3,121.0
1750.0,1,7.0,0.14285714285714285,7.076165862058939,0,9.0,0.6338762404374632,1,10.0,0.6270628580555941,0,39.0,0.6600158145992275,0,0.0,0.9850121254540593,1,58.0
1755.0,2,15.0,0.3,7.414416815256801,0,9.0,0.26470373521515855,1,21.0,0.7352348559829227,0,6.0,0.9555400146673172,0,0.0,0.9908570195704056,1,36.0
1760.0,6,35.0,0.7291666666666666,7.737205001208834,5,27.0,0.020187117197760274,1,26.0,0.8124768977700473,0,8.0,0.9478214623568867,0,0.0,0.965167822931923,6,61.0
1765.0,9,54.0,1.0588235294117647,7.510797538527635,6,53.0,0.003596283580288517,0,9.0,0.9560751444157654,1,7.0,0.7179427125818116,0,0.0,0.951950400803367,7,69.0
1770.0,11,102.0,2.0816326530612246,7.013091033335078,7,85.0,0.0009175971884296223,1,11.0,0.8049520643635013,1,12.0,0.7120454399363094,0,0.0,0.8378985688730485,9,108.0
1775.0,11,132.0,2.64,6.496284583629313,7,120.0,0.00010372535581246364,1,16.0,0.7196817576453224,2,18.0,0.4488446286887295,1,3.0,0.4789095143809821,11,157.0
1780.0,10,75.0,1.4705882352941178,6.254080543603712,1,68.0,0.024656240281583978,4,27.0,0.32107348260586743,4,34.0,0.19801626024368713,1,5.0,0.6188923146184787,10,134.0
1785.0,5,51.0,1.02,6.541222796645228,0,0.0,1.0,4,47.0,0.30620555519645504,0,6.0,0.4708877830399058,1,10.0,0.53283615379077,5,63.0
1790.0,5,60.0,1.2244897959183674,7.249631443543468,0,6.0,0.6504748553603427,5,72.0,0.20873431145606725,0,0.0,1.0,0,0.0,0.7704077782933381,5,78.0
1795.0,5,85.0,1.7346938775510203,7.498648854222616,0,0.0,0.9346240097356542,5,100.0,0.3167726411963448,0,3.0,0.6682976206125505,0,0.0,0.9628418745747125,5,103.0
1800.0,7,112.0,2.2857142857142856,7.868150393009356,0,0.0,1.0,6,126.0,0.47074315292777585,1,1.0,0.0005611619111910538,0,0.0,0.946580973061661,7,127.0
1805.0,7,147.0,2.7735849056603774,8.051844585854827,0,0.0,1.0,6,153.0,0.48723011669627225,1,6.0,0.1533616333686832,0,0.0,0.9586548576818398,7,159.0
1810.0,8,186.0,3.72,7.508606963538759,0,0.0,1.0,6,183.0,0.37557111985951314,2,15.0,0.2906088495266906,0,0.0,0.9690427175133562,8,198.0
1815.0,9,227.0,4.829787234042553,7.292249325203292,0,0.0,1.0,6,213.0,0.37196882777055357,3,26.0,0.21512918002974343,0,0.0,0.9958478609015974,9,239.0
1820.0,10,275.0,5.978260869565218,7.017656335413892,0,0.0,1.0,7,246.0,0.26697088515589756,3,41.0,0.0057814346431428005,0,0.0,0.9744494470843472,10,287.0
1825.0,9,278.0,6.177777777777778,6.184122341185139,0,0.0,1.0,8,285.0,0.16207196789025438,1,23.0,0.3387204920257439,0,0.0,0.9972966153118501,9,308.0
1830.0,10,328.0,7.130434782608695,7.16307290833269,0,0.0,1.0,8,325.0,0.22672294851300498,2,15.0,0.46730263585782333,0,0.0,0.9350176309932241,10,340.0
1835.0,12,382.0,7.958333333333333,6.798762486279784,0,0.0,0.878927880489836,10,369.0,0.2876665696261691,2,10.0,0.32183432624765146,0,0.0,0.9761280313368749,12,379.0
1840.0,12,440.0,8.8,6.000448881570556,0,0.0,1.0,10,418.0,0.28265362581081965,2,20.0,0.019988819305975992,0,0.0,0.9789329807626168,12,438.0
1845.0,5,65.0,1.3,6.189732183957478,0,0.0,1.0,2,105.0,0.35151639339362156,2,30.0,0.0,0,0.0,0.9533232296071208,4,135.0
1850.0,5,77.0,1.54,6.40969129270509,0,3.0,0.9627079861738725,2,15.0,0.45110867186900944,2,40.0,0.13873012713860733,0,0.0,0.9520021848528214,4,58.0
1855.0,6,107.0,2.0980392156862746,7.635743627320951,0,0.0,1.0,3,29.0,0.5931808219383821,2,59.0,0.5290078537557014,0,0.0,0.9529328472056339,5,88.0
1860.0,9,143.0,2.75,7.204982717929507,0,0.0,1.0,3,44.0,0.5705830744163146,2,70.0,0.6050441305544921,0,0.0,0.9952424520833323,5,114.0
1865.0,2,12.0,0.23076923076923078,7.424052331459606,0,0.0,1.0,0,19.0,0.5669124201427802,0,14.0,0.8473039212215422,0,0.0,0.9543802354529876,0,33.0
1870.0,2,17.0,0.3333333333333333,7.925705512606016,0,0.0,1.0,1,10.0,0.5409802112856518,0,9.0,0.9683017395614916,0,0.0,0.9940815515903054,1,19.0
1875.0,3,32.0,0.6530612244897959,8.093064405659597,0,0.0,1.0,2,26.0,0.7080868893509258,0,12.0,0.9483248763422188,0,0.0,0.9808351573979114,2,38.0
1880.0,4,48.0,0.9795918367346939,8.045184067130904,0,0.0,1.0,2,36.0,0.6976046990868027,0,9.0,0.9629830490976922,1,1.0,0.4860529341703883,3,46.0
1885.0,7,81.0,1.8,7.541994204017187,0,0.0,0.9718473838298352,3,41.0,0.5739746257984719,0,3.0,0.9646538819461092,1,6.0,0.467964099180619,4,50.0
1890.0,6,77.0,1.711111111111111,7.626899564154542,0,0.0,0.9294786729694735,4,60.0,0.5767602443757692,0,3.0,0.9519257782210652,1,11.0,0.49106478853897073,5,74.0
1895.0,7,95.0,2.021276595744681,7.423281321009132,0,0.0,1.0,6,82.0,0.406161660334203,0,3.0,0.90346186415917,1,16.0,0.46822282708174945,7,101.0
1900.0,13,150.0,3.3333333333333335,5.752966582647177,0,0.0,1.0,8,118.0,0.2129501020313673,1,3.0,0.49239113281633096,2,24.0,0.307254634824127,11,145.0
1905.0,9,98.0,2.3333333333333335,5.837907563634046,0,0.0,1.0,2,33.0,0.39675150649397956,1,8.0,0.46104542424131173,2,34.0,0.32146865084295156,5,75.0
1910.0,8,128.0,2.8444444444444446,6.6420576161573255,0,0.0,1.0,2,40.0,0.5929534155379294,1,13.0,0.6240291658059035,2,44.0,0.26457440855291015,5,97.0
1915.0,3,68.0,1.6585365853658536,7.191957299192215,0,0.0,1.0,2,64.0,0.4920399533027334,1,24.0,0.6316528974509805,0,0.0,0.6541774335542301,3,88.0
1920.0,4,86.0,2.15,8.075059886490315,0,0.0,1.0,3,77.0,0.3914495866394283,1,35.0,0.6785704603152078,0,0.0,0.9633069793695954,4,112.0
1925.0,8,113.0,2.973684210526316,7.220829020792009,0,0.0,1.0,4,95.0,0.31079995340455596,3,43.0,0.4532059460856499,0,0.0,0.9734160610014366,7,138.0
1930.0,11,156.0,3.8048780487804876,6.625970174135478,0,0.0,1.0,5,116.0,0.15537284531194404,3,58.0,0.4201484974585036,0,0.0,0.9629451718696906,8,174.0
1935.0,6,133.0,3.325,6.8782779475764855,0,0.0,1.0,5,141.0,0.17646778229476803,0,7.0,0.8148626371527931,0,0.0,0.9574713181455835,5,148.0
1940.0,6,163.0,3.975609756097561,7.554778208630125,0,3.0,0.6802908594159232,5,174.0,0.3745025021838553,0,6.0,0.839530559492057,0,0.0,0.9428243340008308,5,183.0
1945.0,6,193.0,4.595238095238095,7.350703198825629,0,0.0,1.0,5,202.0,0.4846680988991177,0,0.0,0.49363405737955096,0,0.0,0.9511164962208206,5,202.0
1950.0,7,210.0,5.0,7.307798789539843,0,0.0,1.0,6,225.0,0.40737574247806546,1,5.0,0.47572690854946287,0,0.0,0.974541105618956,7,230.0
1955.0,8,250.0,6.097560975609756,7.360619830135948,0,0.0,1.0,7,260.0,0.4442788580382749,1,10.0,0.7227520550782167,0,0.0,0.9668470855702985,8,270.0
1960.0,11,297.0,7.2439024390243905,6.233965696888565,0,0.0,1.0,7,295.0,0.3770306467194841,3,41.0,0.3871853703072519,0,0.0,0.9156176253776384,10,336.0
1965.0,8,144.0,3.5121951219512195,6.065568745235201,0,0.0,1.0,5,204.0,0.41160747824552507,3,33.0,0.2326888895661554,0,0.0,0.9599330315917701,8,237.0
1970.0,7,59.0,1.3409090909090908,6.834285339607428,0,0.0,1.0,3,64.0,0.5005206862982251,3,48.0,0.2451897843304307,1,2.0,0.4002969905270288,7,114.0
1975.0,6,65.0,1.4772727272727273,6.552750140904064,0,0.0,1.0,3,30.0,0.32976258614644466,1,33.0,0.5946804680876633,2,11.0,0.32910963975377966,6,74.0
1980.0,7,99.0,2.357142857142857,6.846185077328427,0,0.0,1.0,4,49.0,0.29901330074256083,1,38.0,0.7720269880498398,2,21.0,0.2880757985585492,7,108.0
1985.0,2,41.0,0.9534883720930233,7.250684762432749,1,4.0,0.001017972285132593,0,5.0,0.5964840483788771,1,43.0,0.8016060178201361,0,0.0,0.26675585662443163,2,52.0
1990.0,3,53.0,1.2325581395348837,8.196585953681774,1,9.0,0.4890592525673729,1,5.0,0.7164474640361039,1,51.0,0.7695213813165142,0,0.0,0.6573495335880908,3,65.0
1995.0,6,71.0,1.6904761904761905,8.146906570827364,2,15.0,0.000653138135682146,3,12.0,0.6021471662983423,1,59.0,0.6993969172121719,0,0.0,0.9605305656034884,6,86.0
2000.0,7,106.0,2.409090909090909,7.877594732528448,2,25.0,0.0,3,27.0,0.4951265223970457,2,66.0,0.6753940521449715,0,0.0,0.9647044217942837,7,118.0
2005.0,10,149.0,3.311111111111111,7.415507120092933,2,35.0,0.0,5,49.0,0.42170669631364766,3,77.0,0.5236066828004865,0,0.0,0.9574012365418165,10,161.0
2010.0,12,203.0,4.413043478260869,7.188395809405704,2,45.0,0.0,5,78.0,0.36130973074255046,5,96.0,0.39710808079940785,0,0.0,0.9933737692668065,12,219.0
2015.0,9,132.0,3.0697674418604652,6.906897285372268,0,0.0,1.0,6,104.0,0.2081325096261264,3,37.0,0.38326742883078424,0,0.0,0.9344611630183827,9,141.0
2020.0,11,180.0,4.0,7.45556608487562,0,0.0,1.0,7,137.0,0.2895979943018832,4,47.0,0.17155767594779106,0,0.0,0.8395408530544748,11,184.0
2025.0,12,239.0,5.085106382978723,7.417042642575811,0,0.0,1.0,7,172.0,0.2588872972692475,4,70.0,0.30860898129133524,1,4.0,0.4839391904778008,12,246.0
2030.0,15,309.0,6.4375,6.543947692342694,0,0.0,1.0,9,213.0,0.09137942920144436,5,94.0,0.2763986861188539,1,9.0,0.6345342136348777,15,316.0
2035.0,18,382.0,7.795918367346939,5.259730580126981,0,0.0,1.0,10,262.0,0.08656359827565313,5,119.0,0.15325246653854802,0,0.0,0.9164387655832651,15,381.0
2040.0,19,474.0,10.085106382978724,4.852046217152278,0,0.0,1.0,10,312.0,0.1379533847421858,5,147.0,0.2570661974171226,0,0.0,0.9415255718164857,15,459.0
2045.0,20,550.0,11.224489795918368,5.169876002102814,0,0.0,1.0,10,362.0,0.15779825483887513,6,176.0,0.16560510157625702,0,0.0,0.8308871265772582,16,538.0
2050.0,17,610.0,12.708333333333334,5.3526727661123985,0,0.0,1.0,11,417.0,0.13064300234892887,6,207.0,0.18269708548982705,0,0.0,0.9082699601121234,17,624.0
2055.0,20,705.0,13.823529411764707,5.134086915761774,0,0.0,1.0,11,472.0,0.14654286973389083,9,248.0,0.13551550481870347,0,0.0,0.300176720430479,20,720.0
2060.0,15,542.0,10.627450980392156,5.063233525638204,0,0.0,1.0,13,536.0,0.0759340096485643,1,52.0,0.2927456372008154,1,5.0,0.49970933313294436,15,593.0
2065.0,15,602.0,11.803921568627452,5.546195293775673,0,6.0,0.6441991449199838,14,612.0,0.1290637908673404,1,26.0,0.3024266021323952,0,0.0,0.9471073917763569,15,644.0
2070.0,15,385.0,7.403846153846154,5.613651177774171,2,14.0,0.1649102254111085,10,525.0,0.2946981899724636,3,28.0,0.005307723493516977,0,0.0,0.999138795894258,15,567.0
2075.0,9,78.0,1.5,6.079801529986156,3,29.0,0.059974987584086335,2,279.0,0.42129116654197524,4,48.0,0.03981575130384775,0,0.0,0.9451330832332095,9,356.0
2080.0,7,91.0,1.6545454545454545,7.2096830215370815,0,3.0,0.03212440097060183,2,101.0,0.6501438306984788,5,74.0,0.15790011469479628,0,0.0,0.9971057407258505,7,178.0
2085.0,5,84.0,1.5849056603773586,7.693811663645454,0,0.0,0.44283764145545274,2,52.0,0.7380877923392242,3,75.0,0.3599011944486061,0,0.0,0.9558501238243646,5,127.0
2090.0,7,88.0,1.6,8.586169201413844,0,0.0,1.0,2,65.0,0.7870451031806657,1,35.0,0.6466492398170981,0,0.0,0.9607123315518609,3,100.0
2095.0,7,123.0,2.3653846153846154,7.742737032646948,0,0.0,1.0,2,75.0,0.6257780264616055,1,31.0,0.7103507500107702,0,0.0,0.4812767908524409,3,106.0
2100.0,12,172.0,3.2452830188679247,6.560429483779506,0,0.0,1.0,4,92.0,0.3867629084711659,1,36.0,0.7174839619946594,0,0.0,0.9861901285986374,5,128.0
2105.0,15,204.0,3.849056603773585,6.140072371556459,0,0.0,1.0,8,122.0,0.21751617176648416,0,6.0,0.8116204196191387,0,0.0,0.994202256271009,8,128.0
2110.0,21,291.0,5.705882352941177,5.399487610450126,0,0.0,1.0,12,170.0,0.12211491571130792,2,11.0,0.47010283604102193,0,0.0,0.8574484531418372,14,181.0
2115.0,21,370.0,7.872340425531915,4.138362436349266,0,0.0,1.0,12,229.0,0.10744430492028022,2,21.0,0.024164958066878805,0,0.0,0.9591301566212589,14,250.0
2120.0,24,465.0,9.6875,3.435464607886415,0,0.0,1.0,14,297.0,0.06273749144106623,3,33.0,0.08748785991237562,0,0.0,0.9739025606685274,17,330.0
2125.0,26,523.0,10.254901960784315,4.1151999583636005,0,0.0,1.0,15,372.0,0.12810307796590897,4,51.0,0.1413073945164246,0,0.0,0.9588640658685791,19,423.0
2130.0,9,119.0,2.2884615384615383,5.278170613468636,0,0.0,1.0,5,184.0,0.2789459804088462,1,2.0,0.0001403897657254718,0,0.0,0.9251555478356945,6,186.0
2135.0,5,110.0,2.2916666666666665,6.604725935725496,0,3.0,0.8958246182447099,4,127.0,0.33201950360149035,1,7.0,0.45974688722820983,0,0.0,0.4928196125694608,5,137.0
2140.0,8,147.0,3.0625,7.677298816246188,0,0.0,1.0,6,136.0,0.3694132327993537,1,21.0,0.7462321313939886,1,5.0,0.4677376084759153,8,162.0
2145.0,8,187.0,3.74,8.342454802856981,0,0.0,1.0,6,166.0,0.437943754081099,1,26.0,0.8047698225971212,1,10.0,0.647261103875386,8,202.0
2150.0,5,32.0,0.6274509803921569,7.83648606409563,0,0.0,1.0,2,102.0,0.46426117055069266,1,11.0,0.8266141937258186,0,0.0,0.9758701325010115,3,113.0
2155.0,3,12.0,0.23529411764705882,8.324645937101117,0,0.0,1.0,2,8.0,0.5782839121285959,1,16.0,0.7882315358522187,0,0.0,0.9567217933418568,3,24.0
2160.0,5,30.0,0.625,8.32687510310762,0,0.0,1.0,2,18.0,0.43776339093782657,3,27.0,0.6726191310287992,0,0.0,0.9269258164239446,5,45.0
2165.0,10,71.0,1.4791666666666667,6.929895290473716,0,0.0,1.0,4,33.0,0.1578069714603467,3,42.0,0.3959964672637877,0,0.0,0.9626632927799064,7,75.0
2170.0,8,96.0,2.0425531914893615,5.963046221056181,0,0.0,1.0,4,82.0,0.23668387525986517,2,37.0,0.49634388276677754,0,0.0,0.9412355661395341,6,119.0
2175.0,6,114.0,2.326530612244898,7.189504293442974,0,8.0,0.5458974385496855,4,105.0,0.3828823651956486,2,47.0,0.5623121340947721,0,0.0,0.9370591914951805,6,160.0
2180.0,7,147.0,2.8823529411764706,7.960042951638918,0,0.0,0.7398147131940851,5,100.0,0.3829349626513553,2,57.0,0.5536586420725638,0,0.0,0.9693242498574632,7,157.0
2185.0,9,185.0,3.627450980392157,7.783151989314027,2,3.0,0.000255314496269684,5,125.0,0.3744142482756266,2,90.0,0.5462883717891445,0,0.0,0.8101790763676785,9,218.0
2190.0,7,23.0,0.46,7.231559115654281,2,13.0,0.0,0,16.0,0.6374161181594102,2,62.0,0.11245773799647507,1,3.0,0.4898819978648986,5,94.0
2195.0,6,49.0,1.0,7.592991165975024,2,23.0,0.0,0,3.0,0.9342885436157841,3,50.0,0.1753606577006204,1,8.0,0.48610439460276794,6,84.0
2200.0,8,72.0,1.3846153846153846,8.301446335530487,2,33.0,0.0,0,3.0,0.9811830324152457,5,92.0,0.4364114349658355,0,0.0,0.9746149199720407,7,128.0
2205.0,10,112.0,2.382978723404255,8.09643592629222,2,43.0,0.0,0,3.0,0.9646267815363153,7,129.0,0.4188368041466217,0,0.0,0.996962496863545,9,175.0
2210.0,9,119.0,2.5319148936170213,7.504599008784981,2,53.0,0.0,0,0.0,0.9982963279672818,6,122.0,0.3419912740374059,0,0.0,0.9381540687274519,8,175.0
2215.0,7,113.0,2.3541666666666665,8.092919079135553,2,63.0,0.0,0,0.0,0.9172500276011679,4,97.0,0.4269100723489553,0,0.0,0.9841675357657191,6,160.0
2220.0,9,153.0,3.06,7.541598304859577,2,73.0,0.312130399983747,1,3.0,0.7316979334010449,4,81.0,0.461765150067186,0,0.0,0.9560745021059762,7,157.0
2225.0,10,123.0,2.617021276595745,7.018808809492989,0,0.0,0.04642126010214195,2,9.0,0.6155562230291388,5,90.0,0.3117892219977548,0,0.0,0.9683208618783293,7,99.0
2230.0,12,177.0,3.765957446808511,6.337956581142368,0,0.0,1.0,2,19.0,0.6600885636725613,6,117.0,0.0814254016157593,1,2.0,0.7321059976502308,9,138.0
2235.0,14,230.0,4.6,6.613791655379634,0,0.0,1.0,1,11.0,0.8191760095967694,7,152.0,0.007424453138117951,1,7.0,0.7732218820055617,9,170.0
2240.0,6,122.0,2.5416666666666665,6.004512430167696,0,0.0,1.0,1,16.0,0.5678782695963315,1,46.0,0.0705384891680264,1,12.0,0.6466258780793995,3,74.0
2245.0,6,140.0,2.9166666666666665,6.792138428019213,0,6.0,0.651277025786603,2,32.0,0.5722078006764193,1,37.0,0.7367801400715615,0,0.0,0.8266033677199993,3,75.0
2250.0,8,143.0,2.9183673469387754,7.031418352110091,2,12.0,0.1720876651092729,2,42.0,0.49893035821780735,1,43.0,0.7673158355664099,0,0.0,0.9544606556624062,5,97.0
2255.0,6,107.0,2.183673469387755,7.002294361978442,3,26.0,0.020935605353168435,2,55.0,0.7021538913258392,1,47.0,0.644818565086966,0,0.0,0.9425659876307245,6,128.0
2260.0,9,148.0,2.96,6.913254868470016,4,42.0,0.0035219688230682306,2,65.0,0.7137176551731222,3,62.0,0.41809690648707887,0,0.0,0.9749193759477929,9,169.0
2265.0,9,187.0,3.816326530612245,6.804564161111235,5,66.0,0.000577787946687615,2,75.0,0.7250232198938904,2,70.0,0.4860297066958683,0,0.0,0.9820518710980024,9,211.0
2270.0,9,232.0,4.73469387755102,7.047385744282342,5,91.0,8.779137233596551e-05,2,85.0,0.7029783676623026,2,81.0,0.5176915740875171,0,0.0,0.9878586282142365,9,257.0
2275.0,11,284.0,5.795918367346939,6.493330911831607,6,118.0,0.00015974087083458916,2,89.0,0.6628514335336134,3,89.0,0.41703537603357804,0,0.0,0.9494238556524917,11,296.0
2280.0,12,344.0,7.319148936170213,6.268091804059144,6,148.0,2.9902374516265124e-06,2,99.0,0.7076376690887436,4,109.0,0.16666503271117414,0,0.0,0.9634715771163289,12,356.0
2285.0,5,222.0,4.826086956521739,5.98012834648527,1,60.0,0.019144370539998217,2,106.0,0.12820914719983056,2,104.0,0.3274235141293212,0,0.0,0.985881860783081,5,270.0
2290.0,6,236.0,4.816326530612245,7.251507230751691,0,14.0,0.4888271864147006,4,125.0,0.25320188606456256,2,114.0,0.48765809351914674,0,0.0,0.9460123482013716,6,253.0
2295.0,4,134.0,2.7346938775510203,7.484341791005048,0,0.0,1.0,1,18.0,0.48214326800740925,2,124.0,0.4179484416999949,0,0.0,0.961557882210492,3,142.0
2300.0,3,148.0,3.217391304347826,8.928030832194564,0,0.0,1.0,1,34.0,0.5738659333701962,2,134.0,0.4754281593870389,0,0.0,0.9877413524828415,3,168.0
2305.0,3,163.0,3.4680851063829787,8.978199467629445,0,0.0,1.0,1,39.0,0.5366880639155867,2,147.0,0.58469007972799,0,0.0,0.9920903366983478,3,186.0
2310.0,4,181.0,4.113636363636363,8.34095636498318,0,0.0,1.0,2,30.0,0.5187324802557295,2,157.0,0.28859102353571053,0,0.0,0.5044063201137013,4,187.0
2315.0,7,215.0,5.119047619047619,7.63569118513839,0,0.0,1.0,2,40.0,0.49918363709304303,4,176.0,0.3973696305237064,1,5.0,0.49090751985346964,7,221.0
2320.0,6,237.0,5.925,7.298093598790061,0,0.0,1.0,1,34.0,0.6357638620881662,4,196.0,0.1909036677369003,1,10.0,0.4934817270703437,6,240.0
2325.0,5,252.0,6.146341463414634,7.285961401403515,0,0.0,0.879974412094856,1,39.0,0.7340352383031056,4,216.0,0.21264377470463258,0,0.0,0.9380657783053716,5,255.0
2330.0,6,280.0,7.368421052631579,7.460475705595902,0,0.0,1.0,1,44.0,0.6339147160039952,5,242.0,0.28082754618765204,0,0.0,0.9948725511688784,6,286.0
2335.0,9,316.0,8.31578947368421,7.275608079145854,0,0.0,1.0,1,49.0,0.4820422341971654,8,273.0,0.2437572017833852,0,0.0,0.9848343302766166,9,322.0
2340.0,9,361.0,9.256410256410257,7.040655933328722,0,0.0,1.0,1,54.0,0.49518597813012155,8,313.0,0.2916140856867198,0,0.0,0.9372933915439707,9,367.0
2345.0,6,339.0,8.268292682926829,7.420524657288856,0,0.0,1.0,2,62.0,0.4483002418421231,4,280.0,0.3488973436625385,0,0.0,0.9905468317494508,6,342.0
2350.0,8,375.0,8.928571428571429,7.5911435558854965,0,6.0,0.7112235140926808,2,78.0,0.5251193530611369,6,303.0,0.2176844349244803,0,0.0,0.9623726427745671,8,387.0
2355.0,8,415.0,9.880952380952381,7.491445998331606,0,3.0,0.349671462267796,2,88.0,0.6896834216497003,6,333.0,0.14011427185613898,0,0.0,0.9717419832664438,8,424.0
2360.0,10,391.0,9.093023255813954,7.125193987584629,2,11.0,0.0005816509574674073,1,24.0,0.6650142672818623,6,363.0,0.2136406374855151,0,0.0,0.9704397600812498,9,398.0
2365.0,10,401.0,9.78048780487805,6.780144803360948,2,21.0,0.12178549464443705,2,32.0,0.5977443059466241,5,358.0,0.4066694254742672,0,0.0,0.9809504915172108,9,411.0
2370.0,11,454.0,11.073170731707316,6.965598067398483,2,31.0,0.007223533767913783,2,45.0,0.7329765461896,5,380.0,0.35327073007571114,0,0.0,0.9866142358941105,9,456.0
2375.0,10,475.0,11.585365853658537,6.779584005764369,0,1.0,0.5011241338034755,2,55.0,0.5365881093377272,6,409.0,0.38114144750629625,0,0.0,0.9905500007686565,8,465.0
2380.0,9,473.0,11.261904761904763,6.277040814925235,0,0.0,1.0,1,7.0,0.48656819890440284,6,439.0,0.2882708027121509,0,0.0,0.981609213815247,7,446.0
2385.0,11,524.0,11.909090909090908,7.016629732765524,0,0.0,1.0,1,12.0,0.5267917310971573,7,473.0,0.3079312712665433,0,0.0,0.9313883324462604,8,485.0
2390.0,10,267.0,5.933333333333334,7.453383824736471,0,0.0,1.0,1,64.0,0.6828100537071556,6,339.0,0.3664900946058966,0,0.0,0.9737469723612042,7,403.0
2395.0,8,128.0,2.723404255319149,7.752889884328872,0,0.0,1.0,1,69.0,0.7682542343534473,4,147.0,0.43517809949749503,0,0.0,0.9541993199007693,5,216.0
2400.0,8,148.0,3.217391304347826,8.2673774555379,0,0.0,1.0,0,0.0,0.8639279635964136,5,82.0,0.40626886387018,0,0.0,0.9394178920848217,5,82.0
2405.0,10,193.0,4.595238095238095,6.712720672234959,0,0.0,1.0,1,2.0,0.8151517975841621,6,98.0,0.307684677153923,0,0.0,0.9315578754528435,7,100.0
2410.0,3,37.0,0.925,6.612908817777376,0,0.0,1.0,1,7.0,0.7122383679171199,2,39.0,0.48872063741292937,0,0.0,0.9712675322815596,3,46.0
2415.0,5,54.0,1.255813953488372,6.9026428372574555,0,3.0,0.9678447915890808,2,16.0,0.4966386734146901,2,43.0,0.39962560402548664,0,0.0,0.9370835419366067,4,62.0
2420.0,4,62.0,1.4761904761904763,7.41246210675467,0,0.0,1.0,1,12.0,0.7354994684385098,2,53.0,0.3063916450283725,0,0.0,0.6747147602161241,3,65.0
2425.0,5,87.0,2.0714285714285716,8.278990666665335,0,0.0,1.0,1,17.0,0.796892675920514,2,63.0,0.30366001563244654,1,5.0,0.7176241932288018,4,85.0
2430.0,4,102.0,2.4285714285714284,8.117551634943439,0,0.0,1.0,1,22.0,0.7774133591147361,2,79.0,0.5795682003499847,0,0.0,0.9604924461222377,3,101.0
2435.0,5,124.0,2.8181818181818183,7.789957429642842,0,0.0,1.0,1,27.0,0.7782198396121351,2,89.0,0.6050728865188683,0,0.0,0.9262635215886078,3,116.0
2440.0,4,118.0,2.744186046511628,7.942650878709741,0,0.0,1.0,1,32.0,0.7875281185294577,3,101.0,0.46727535932626346,0,0.0,0.9332468207498142,4,133.0
2445.0,5,141.0,3.357142857142857,7.2809009195628365,0,0.0,1.0,1,37.0,0.3670312880991606,4,119.0,0.4792548106110995,0,0.0,0.9288574441228449,5,156.0
2450.0,8,176.0,4.093023255813954,6.277679359921064,0,0.0,1.0,3,51.0,0.33227528487898733,4,139.0,0.33468671555620827,0,0.0,0.9803761277764929,7,190.0
2455.0,9,197.0,4.5813953488372094,5.796269434124571,0,0.0,1.0,4,68.0,0.16213872010599784,3,128.0,0.20836652861794952,0,0.0,0.7855250611076615,7,196.0
2460.0,7,175.0,3.977272727272727,6.70348244937056,0,0.0,0.4750765240993399,4,95.0,0.2553113651670266,2,134.0,0.13528941059284422,0,0.0,0.98621869490766,6,229.0
2465.0,9,215.0,4.886363636363637,6.98174584367836,2,5.0,0.0971460699151264,4,121.0,0.5395434638695035,2,143.0,0.3070304835223862,0,0.0,0.947266115550094,8,269.0
2470.0,9,260.0,5.6521739130434785,7.354817604938417,2,15.0,0.01441175286291566,4,94.0,0.58675454621082,2,153.0,0.4669496196472246,0,0.0,0.5738809529690405,8,262.0
2475.0,11,311.0,6.617021276595745,6.517952667465723,2,25.0,0.003076208915452898,5,115.0,0.4567245234119348,2,163.0,0.5101134676513615,1,5.0,0.49921941641302137,10,308.0
2480.0,7,213.0,4.4375,6.349176867718412,0,4.0,0.016038356021927665,2,37.0,0.6318456845604793,3,176.0,0.2003029504535939,1,10.0,0.49444484206925987,6,227.0
2485.0,10,253.0,5.06,7.1471019076179365,0,4.0,0.26915332402364206,3,24.0,0.6229209363254287,4,195.0,0.176111051087006,2,15.0,0.3310226564793713,9,238.0
2490.0,8,247.0,4.75,7.379816571864809,0,0.0,1.0,4,36.0,0.41353344276931114,4,221.0,0.39710250274076103,0,0.0,0.4568149553118345,8,257.0
2495.0,7,90.0,1.7307692307692308,7.094124583594418,0,0.0,1.0,4,56.0,0.262064317903046,2,139.0,0.4565532243818011,0,0.0,0.8353450573757444,6,195.0
2500.0,10,101.0,1.8703703703703705,7.34771565319306,0,0.0,1.0,5,79.0,0.1656314231130995,2,31.0,0.5427092772182579,0,0.0,0.9786857094186046,7,110.0
2505.0,11,156.0,2.8363636363636364,7.751966646061482,0,0.0,1.0,5,104.0,0.35053786211634097,2,26.0,0.5801182514063834,0,0.0,0.9407167404930289,7,130.0
2510.0,13,217.0,4.254901960784314,7.1673325787677555,0,0.0,1.0,5,129.0,0.3544674147443092,2,60.0,0.7196941850241657,0,0.0,0.9776253339440251,7,189.0
2515.0,14,283.0,6.0212765957446805,6.028246099875313,0,0.0,0.8967318377647459,5,154.0,0.4225696435357209,2,46.0,0.6807837897981829,1,1.0,0.4642801976091812,8,201.0
2520.0,10,271.0,6.159090909090909,5.762017643984719,0,0.0,1.0,5,179.0,0.41381668655885945,0,0.0,0.6996636238998897,1,6.0,0.48277826482481623,6,185.0
2525.0,3,41.0,0.8723404255319149,7.007797207885253,0,0.0,0.6145430962609509,1,105.0,0.4782579014992029,0,0.0,0.9809885085343831,1,11.0,0.5754910422834368,2,116.0
2530.0,7,35.0,0.7777777777777778,6.724357762494041,1,3.0,0.016082842877650622,2,13.0,0.5385662220945829,0,0.0,0.980340174536448,2,17.0,0.32920471561467163,5,33.0
2535.0,8,55.0,1.2222222222222223,7.407964029784033,3,16.0,4.019474309018846e-06,2,23.0,0.6680107657456225,0,0.0,1.0,0,0.0,0.9841886156654875,5,39.0
2540.0,10,101.0,2.148936170212766,7.665508814776261,3,31.0,0.05312894810188515,2,33.0,0.5548555036569881,0,6.0,0.5546240768151096,0,0.0,0.9496929666441647,5,70.0
2545.0,12,137.0,2.8541666666666665,6.48749914591761,3,46.0,0.00834720892058781,3,28.0,0.5083365195431523,1,7.0,0.04350308398181935,0,0.0,0.966928779881024,7,81.0
2550.0,11,125.0,2.6595744680851063,6.352332068963429,4,63.0,0.0011775288000945247,3,42.0,0.4135309423359598,3,23.0,0.23502176907044964,0,0.0,0.966139002187488,10,128.0
2555.0,13,170.0,3.7777777777777777,6.328963265864954,4,83.0,0.00015030723787283912,6,63.0,0.13892005969705204,3,38.0,0.2305334006677227,0,0.0,0.9618902246830283,13,184.0
2560.0,15,238.0,4.958333333333333,5.412096409598203,4,103.0,3.538957370116623e-05,6,93.0,0.14957335963475407,3,53.0,0.24335102416459584,0,0.0,0.9349920015092201,13,249.0
2565.0,7,143.0,3.0425531914893615,5.486729494122071,0,16.0,0.024079616911524507,4,94.0,0.4007616623627389,3,68.0,0.22440744340863117,0,0.0,0.6524213179841531,7,178.0
2570.0,8,183.0,3.893617021276596,6.574639760711717,0,0.0,1.0,4,114.0,0.36372694476456735,3,83.0,0.23978406068863686,1,5.0,0.6134970639683405,8,202.0
2575.0,9,224.0,4.571428571428571,6.892282253633986,0,0.0,1.0,5,131.0,0.28009357780907257,3,101.0,0.33845227648183146,1,10.0,0.29572825716493034,9,242.0
2580.0,12,276.0,5.52,6.813868836356948,0,0.0,1.0,5,156.0,0.34130411261858346,4,117.0,0.1925973693766617,3,21.0,0.14635152701235815,12,294.0
2585.0,5,175.0,3.5,7.046095527350174,0,0.0,1.0,5,181.0,0.2226232911506293,0,3.0,0.947936531604602,0,9.0,0.6577699359517499,5,193.0
2590.0,7,209.0,4.18,7.533437499063434,0,0.0,1.0,7,221.0,0.2859798182357974,0,9.0,0.6329781519971978,0,0.0,0.8440309124528232,7,230.0
2595.0,7,244.0,4.784313725490196,8.000344757948485,0,0.0,1.0,7,259.0,0.3351327610821449,0,3.0,0.8670167993574207,0,0.0,0.8877881662184367,7,262.0
2600.0,7,279.0,5.8125,7.4363631997718995,0,0.0,1.0,7,294.0,0.38857605624576885,0,0.0,0.9797473553018288,0,0.0,0.9017745227339012,7,294.0
2605.0,1,19.0,0.41304347826086957,7.561668858322356,0,0.0,1.0,1,58.0,0.6793905043818538,0,0.0,1.0,0,0.0,0.8641032019626779,1,58.0
2610.0,1,3.0,0.0625,8.001375259083092,0,0.0,1.0,0,25.0,0.8579024468439576,0,0.0,1.0,0,0.0,0.8931175646933317,0,25.0
2615.0,1,1.0,0.02040816326530612,8.209631664128347,0,0.0,1.0,0,6.0,0.973413008537848,0,9.0,0.9302953939833906,0,0.0,0.8949378299736358,0,15.0
2620.0,0,0.0,0.0,8.690795804265615,0,0.0,1.0,0,3.0,0.9611631944025602,0,9.0,0.8712894221544145,0,0.0,0.9437358993343915,0,12.0
2625.0,2,5.0,0.10416666666666667,8.702000992948756,0,0.0,1.0,0,0.0,0.9414572081029321,1,13.0,0.823011261915536,0,0.0,0.9802873090361738,1,13.0
2630.0,2,10.0,0.20833333333333334,8.60808327203083,0,0.0,1.0,0,0.0,0.966358267731814,1,14.0,0.8410591711969414,0,0.0,0.9366767894819104,1,14.0
2635.0,4,30.0,0.625,8.378366039703243,0,0.0,1.0,0,0.0,0.837121599602503,1,19.0,0.8552609794121612,0,0.0,0.9662340093736759,1,19.0
2640.0,2,29.0,0.6170212765957447,8.428757607959914,0,0.0,1.0,0,0.0,0.9470355901892169,1,24.0,0.8468538421047499,0,0.0,0.995064781523763,1,24.0
2645.0,5,32.0,0.6956521739130435,7.689700216205102,0,0.0,1.0,1,1.0,0.7097968697288952,4,36.0,0.47369624415944617,0,0.0,0.9531361214389479,5,37.0
2650.0,6,60.0,1.2765957446808511,7.469335434012884,0,0.0,1.0,1,34.0,0.5392260583490638,5,59.0,0.34557599354560364,0,0.0,0.9729117666861198,6,93.0
2655.0,8,96.0,2.0869565217391304,6.715657206645376,0,0.0,1.0,2,60.0,0.4925210506636735,5,97.0,0.30273201188780746,0,0.0,0.9486992387871563,7,157.0
2660.0,11,141.0,3.1333333333333333,6.442172916273262,0,0.0,1.0,3,45.0,0.4167843898450488,8,131.0,0.22591449248704398,0,0.0,0.9419540522954906,11,176.0
2665.0,14,203.0,4.142857142857143,6.40572822240158,0,0.0,1.0,4,43.0,0.31821880729422175,10,178.0,0.15182933773604368,0,0.0,0.9128593269623848,14,221.0
2670.0,15,271.0,5.891304347826087,6.256979726820033,0,0.0,1.0,4,60.0,0.22197084513190404,11,230.0,0.20353978003577608,0,0.0,0.6407236085563491,15,290.0
2675.0,9,111.0,2.3125,5.722067478469875,0,0.0,1.0,4,80.0,0.3944136351654827,2,97.0,0.29973200847486864,1,5.0,0.6388959005858125,7,182.0
2680.0,9,150.0,3.1914893617021276,5.8381623615734926,0,9.0,0.6294819522214267,4,106.0,0.48271731626048503,2,47.0,0.3247076483903006,1,10.0,0.37271880289246156,7,172.0
2685.0,6,59.0,1.2040816326530612,6.344024660338592,0,0.0,0.6899863908221581,1,120.0,0.5332854917520614,3,52.0,0.4705963239775861,2,18.0,0.10404123162190018,6,190.0
2690.0,3,55.0,1.0784313725490196,7.57776459178164,0,0.0,0.659105197513985,0,6.0,0.7507190686683678,3,67.0,0.5443775425036768,0,0.0,0.6362103560189295,3,73.0
2695.0,5,76.0,1.52,7.783216823085919,0,0.0,1.0,2,12.0,0.688629368504767,3,87.0,0.487669736163578,0,0.0,0.9661304820039641,5,99.0
2700.0,5,78.0,1.5294117647058822,7.670597439062432,0,0.0,1.0,2,22.0,0.5635520780370689,3,79.0,0.48878915391045147,0,0.0,0.9401954703166172,5,101.0
2705.0,5,85.0,1.6037735849056605,7.8013965114657555,0,0.0,1.0,1,10.0,0.7739707582796305,4,91.0,0.564851470925577,0,0.0,0.9889026248255055,5,101.0
2710.0,7,117.0,2.1272727272727274,7.60807412260763,0,0.0,1.0,1,12.0,0.5554804974359044,4,111.0,0.5586213517594002,0,0.0,0.7259192674044668,5,123.0
2715.0,13,172.0,3.44,6.260910180732634,0,0.0,1.0,4,29.0,0.28453675055260547,5,137.0,0.43294058677519853,1,3.0,0.48009275402750134,10,169.0
2720.0,16,241.0,4.82,5.5356324865528155,0,0.0,1.0,4,49.0,0.293230228008602,7,161.0,0.3092147330607425,1,5.0,0.6526460720275059,12,215.0
2725.0,9,178.0,3.56,5.4952466150695685,0,0.0,1.0,5,52.0,0.16317989756414614,3,136.0,0.3005917014928486,1,5.0,0.4005876754884889,9,193.0
2730.0,9,207.0,4.5,6.04258655626291,0,2.0,0.8055451447767757,5,83.0,0.25537599342531236,3,149.0,0.36564628293897006,0,0.0,0.9942896271065421,8,234.0
2735.0,8,245.0,5.104166666666667,7.145719681289886,0,0.0,0.8271169122455709,5,108.0,0.37923513993692454,3,170.0,0.42749110565224907,0,0.0,0.958120347879174,8,278.0
2740.0,8,285.0,5.480769230769231,7.433902542511792,0,0.0,1.0,5,133.0,0.42999720327558927,3,179.0,0.33443230135603097,0,0.0,0.9788627046360501,8,312.0
2745.0,4,177.0,3.2777777777777777,7.798100192552979,0,0.0,1.0,0,31.0,0.694387922868158,3,191.0,0.22902137204535744,0,0.0,0.961598793402006,3,222.0
2750.0,8,207.0,3.7636363636363637,7.812825829796364,0,0.0,1.0,1,12.0,0.8316054266287339,3,206.0,0.24187110678286686,0,0.0,0.938394385538802,4,218.0
2755.0,10,252.0,4.421052631578948,7.6093794602287765,0,0.0,1.0,1,14.0,0.7409682022782901,3,230.0,0.5850185716524268,0,0.0,0.9812480874610627,4,244.0
2760.0,14,313.0,5.6909090909090905,6.824715995657155,0,0.0,1.0,3,22.0,0.6003273127348477,3,245.0,0.6371871336981338,0,0.0,0.9288565585998613,6,267.0
2765.0,14,357.0,6.865384615384615,6.305969390984526,0,0.0,1.0,0,6.0,0.7788151647154418,4,260.0,0.48443600068648585,0,0.0,0.9976335805858905,4,266.0
2770.0,10,366.0,6.654545454545454,6.822613183432558,0,0.0,1.0,1,2.0,0.4647431629312477,3,272.0,0.6036530449734977,0,0.0,0.9765279685424467,4,274.0
2775.0,7,315.0,5.943396226415095,7.429271841503109,0,0.0,1.0,2,23.0,0.5113221987152353,3,287.0,0.6361354136480333,0,0.0,0.9693317565246775,5,310.0
2780.0,6,305.0,5.754716981132075,7.309558134129042,0,0.0,0.9427700984661996,3,27.0,0.4196717152150125,3,296.0,0.41974792002345673,0,0.0,0.9469105553266066,6,323.0
2785.0,8,341.0,6.82,7.090855150772549,0,0.0,0.954916935520253,4,43.0,0.32787442482207924,4,313.0,0.2793055878385509,0,0.0,0.9474980332568769,8,356.0
2790.0,9,386.0,7.72,6.691489976609825,0,0.0,1.0,4,63.0,0.31970908739776777,5,338.0,0.1579705604336391,0,0.0,0.9346287761436012,9,401.0
2795.0,11,191.0,3.6037735849056602,6.612819246369731,0,0.0,1.0,5,85.0,0.2906097836383248,4,214.0,0.02286786354522255,0,0.0,0.9323237251901548,9,299.0
2800.0,8,148.0,2.792452830188679,7.48218534370833,0,0.0,1.0,5,110.0,0.44162823058912093,3,41.0,0.5126730874069902,0,0.0,0.9146127613616106,8,151.0
2805.0,10,194.0,3.730769230769231,7.146538840038058,0,0.0,0.6627317240743497,6,138.0,0.42128223472474213,4,80.0,0.30059934885130435,0,0.0,0.9265150956873606,10,218.0
2810.0,5,81.0,1.5,6.683362746308272,1,2.0,0.0014074249742508042,0,28.0,0.8141752903374114,4,79.0,0.011276127594532333,0,0.0,0.974382826734109,5,109.0
2815.0,6,111.0,2.0555555555555554,7.509572704902361,1,7.0,0.0,0,3.0,0.9369300674418997,5,106.0,0.3327320909418939,0,0.0,0.9619453020380987,6,116.0
2820.0,4,97.0,1.7962962962962963,7.626892399787848,1,12.0,0.0,0,3.0,0.9372468165561274,3,93.0,0.4764449490088927,0,0.0,0.9372851389732618,4,108.0
2825.0,5,122.0,2.259259259259259,7.862299044812207,1,17.0,0.0,0,17.0,0.8282596660946133,4,113.0,0.36669575159392914,0,0.0,0.9536798450851288,5,147.0
2830.0,9,161.0,2.9814814814814814,7.671394786770346,2,26.0,0.0033400330638557593,1,17.0,0.8340503726156303,5,138.0,0.44357934758191486,0,0.0,0.9340464690341781,8,181.0
2835.0,10,200.0,3.7735849056603774,7.114462635719064,2,36.0,0.0,2,12.0,0.5674999979898089,6,166.0,0.48183192158369775,0,0.0,0.9447434615363589,10,214.0
2840.0,13,261.0,5.117647058823529,6.68402401119376,2,46.0,0.0,5,33.0,0.46937391260452277,6,196.0,0.435291387797019,0,0.0,0.9616613055360022,13,275.0
2845.0,13,274.0,5.169811320754717,6.195913840376344,0,0.0,1.0,6,58.0,0.42798112150837436,7,227.0,0.34126201620866786,0,0.0,0.9800844092753885,13,285.0
2850.0,8,257.0,4.672727272727273,6.810292428564067,0,0.0,0.94195473191151,0,12.0,0.7164788453201831,8,259.0,0.1992081227278608,0,0.0,0.9022408360067374,8,271.0
2855.0,7,155.0,2.980769230769231,6.700754718622712,0,0.0,1.0,0,0.0,0.9349697366111019,6,223.0,0.13463174963215133,0,0.0,0.9455326943087901,6,223.0
2860.0,7,91.0,1.8571428571428572,7.533875330967219,0,0.0,1.0,0,0.0,0.966774354191968,4,135.0,0.41930298843973407,0,0.0,0.9218141435196214,4,135.0
2865.0,5,96.0,1.8113207547169812,8.077741623420986,0,0.0,1.0,0,12.0,0.9721069267221928,5,110.0,0.34817204577655964,0,0.0,0.9275815269539236,5,122.0
2870.0,8,131.0,2.519230769230769,8.053298718684038,0,0.0,1.0,0,0.0,0.9481066740694438,6,126.0,0.3249894237197116,0,0.0,0.9443830005777589,6,126.0
2875.0,6,60.0,1.2,7.29484531259869,0,0.0,1.0,0,7.0,0.6523867630956267,5,99.0,0.23817258854531653,0,0.0,0.9626674008787697,5,106.0
2880.0,7,83.0,1.8444444444444446,7.364226279800206,0,0.0,1.0,1,12.0,0.6417192887407562,5,70.0,0.34783326163209416,0,0.0,0.9629543612703116,6,82.0
2885.0,11,125.0,2.6041666666666665,6.740006030411269,0,0.0,1.0,2,18.0,0.32410074316557513,5,95.0,0.31141722203699007,0,0.0,0.8262020431015895,7,113.0
2890.0,11,163.0,3.5434782608695654,6.070851324390759,0,0.0,1.0,0,0.0,0.8550508992512056,6,124.0,0.2767725887306025,0,0.0,0.9635485466983436,6,124.0
2895.0,10,191.0,4.2444444444444445,6.353963923397017,0,0.0,1.0,0,0.0,0.9454764598219315,7,156.0,0.19652741998006784,0,0.0,0.9400768241059474,7,156.0
2900.0,4,50.0,1.0638297872340425,5.817037554756413,0,0.0,1.0,0,0.0,0.10955287879304912,1,61.0,0.40295094729120884,0,0.0,0.9616498497100078,1,61.0
2905.0,1,5.0,0.1111111111111111,7.197859377022322,0,6.0,0.6651367579553265,1,39.0,0.4800033962589237,0,24.0,0.8083855960051478,0,0.0,0.6486934345280244,1,69.0
2910.0,1,5.0,0.11627906976744186,8.265003637770807,0,0.0,0.9033818679909522,0,34.0,0.9376650586495948,0,0.0,0.9817699607224302,1,5.0,0.4965284210574798,1,39.0
2915.0,5,20.0,0.4878048780487805,8.1588040027999,0,0.0,1.0,0,34.0,0.8819671381690064,0,0.0,1.0,2,11.0,0.3287912210799219,2,45.0
2920.0,2,3.0,0.06382978723404255,7.870186696359426,0,0.0,1.0,1,11.0,0.8361771682188583,0,3.0,0.8745854246505144,0,0.0,0.6211530618326675,1,14.0
2925.0,1,7.0,0.15217391304347827,8.39101404364804,0,0.0,1.0,1,16.0,0.7904954569654853,0,6.0,0.7353886913531622,0,0.0,0.794442371576769,1,22.0
2930.0,0,0.0,0.0,8.448023601727213,0,0.0,1.0,0,9.0,0.9711211481018853,0,18.0,0.5794243739049604,0,0.0,0.9723241088696023,0,27.0
2935.0,4,14.0,0.27450980392156865,8.068942350611628,0,0.0,1.0,1,10.0,0.4098144322060932,3,27.0,0.5473585371682356,0,0.0,0.9388020510478792,4,37.0
2940.0,5,20.0,0.4,7.188552294883141,0,0.0,1.0,4,28.0,0.3000001362507381,0,19.0,0.6013499038203978,0,0.0,0.9612083160014182,4,47.0
2945.0,7,53.0,1.127659574468085,7.2891466087758525,0,0.0,1.0,5,58.0,0.4093210305532552,1,12.0,0.4064669263695178,0,0.0,0.9410033872591144,6,70.0
2950.0,11,99.0,2.106382978723404,6.613681557701214,0,0.0,1.0,5,83.0,0.5177927869506842,2,21.0,0.465705201460791,0,0.0,0.8284038525242801,7,104.0
2955.0,11,142.0,2.784313725490196,6.956797670936651,0,0.0,1.0,5,108.0,0.5507612534041083,2,31.0,0.2532923548140375,0,0.0,0.941561867912098,7,139.0
2960.0,6,61.0,1.196078431372549,6.329864059416573,0,0.0,1.0,0,24.0,0.8087949376718164,2,19.0,0.03702266387659631,0,0.0,0.9620941783298294,2,43.0
2965.0,8,98.0,1.9215686274509804,7.410782780509539,0,3.0,0.9636359290057865,0,6.0,0.9455922464744045,3,30.0,0.2487215581978616,0,0.0,0.927277421380778,3,39.0
2970.0,8,138.0,2.76,7.631770863963479,0,0.0,0.16939045531491506,0,6.0,0.9543891373130536,3,48.0,0.5272373664481058,0,0.0,0.9741793729987663,3,54.0
2975.0,9,183.0,3.588235294117647,7.4375855656601155,1,5.0,0.0,0,3.0,0.9828114086136707,3,63.0,0.5136880910737601,0,0.0,0.9664410662132643,4,71.0
2980.0,11,201.0,3.8653846153846154,7.048286550334366,1,10.0,0.0,1,6.0,0.42236882104521656,4,50.0,0.486807592191776,0,0.0,0.9825764778687239,6,66.0
2985.0,12,247.0,4.75,6.92195547158489,0,0.0,1.0,2,15.0,0.47285489672291836,4,68.0,0.4188036259619239,0,0.0,0.971028229744115,6,83.0
2990.0,12,305.0,6.1,6.491617551110946,0,0.0,1.0,2,25.0,0.403348005533182,5,93.0,0.38216220439855036,0,0.0,0.9307866869142001,7,118.0
2995.0,15,373.0,7.46,5.696698205375067,0,0.0,1.0,3,38.0,0.23226824776345517,6,121.0,0.2582951986242337,0,0.0,0.5561248870877027,9,159.0
3000.0,13,291.0,6.191489361702128,4.629667961072295,0,0.0,1.0,0,14.0,0.8359226535846531,2,54.0,0.21932554356278003,1,5.0,0.46601657278811903,3,73.0
3005.0,13,303.0,6.3125,5.477021371602006,0,3.0,0.6876903978265938,0,17.0,0.8275382864135813,2,39.0,0.27547569055958715,1,10.0,0.45813637155102915,3,69.0
3010.0,11,326.0,6.392156862745098,5.855561111780571,0,3.0,0.1554939361288017,0,20.0,0.6736126983563474,2,52.0,0.3140289863330682,0,0.0,0.652433989186283,2,75.0
3015.0,18,407.0,8.14,5.300476955382624,2,12.0,0.017630921829958023,1,10.0,0.7857282052220739,2,65.0,0.514359730881039,0,0.0,0.8925389190023241,5,87.0
3020.0,17,407.0,7.980392156862745,5.290917848816877,3,27.0,0.002370059572692805,1,40.0,0.7774370759152838,1,35.0,0.6628028771587438,0,0.0,0.9227867056326906,5,102.0
3025.0,13,425.0,7.87037037037037,5.985059462844021,0,4.0,0.01668846909170677,1,45.0,0.8516317891992659,1,13.0,0.5792864027979754,0,0.0,0.9659443345383327,2,62.0
3030.0,13,446.0,8.415094339622641,6.1223102001380845,0,0.0,1.0,2,49.0,0.5694132886712759,2,23.0,0.6487101003267531,0,0.0,0.974696738042163,4,72.0
3035.0,14,502.0,9.653846153846153,6.321621875511673,0,0.0,1.0,3,60.0,0.387536687054462,4,35.0,0.3263308994235403,0,0.0,0.9323558400853793,7,95.0
3040.0,10,160.0,3.2,6.703433890678841,0,0.0,1.0,3,75.0,0.47297552244189495,3,49.0,0.44552674584155944,0,0.0,0.9541016639232379,6,124.0
3045.0,7,127.0,2.4423076923076925,6.6578552794896,0,0.0,1.0,3,90.0,0.3935061590407567,3,64.0,0.2642775637726282,0,0.0,0.9546595863992928,6,154.0
3050.0,8,161.0,3.0961538461538463,6.712337933207947,0,0.0,1.0,4,113.0,0.373969415014106,4,83.0,0.42079593061519105,0,0.0,0.9589136590575231,8,196.0
3055.0,10,207.0,4.224489795918367,6.946555838832295,0,0.0,1.0,4,133.0,0.391354337553953,6,110.0,0.25500977956523196,0,0.0,0.9933647485547221,10,243.0
3060.0,11,260.0,5.416666666666667,6.38659363498584,0,0.0,1.0,5,156.0,0.13500245610080003,6,228.0,0.28409489325171844,0,0.0,0.9605302094953605,11,384.0
3065.0,4,115.0,2.3,6.360587339917462,0,0.0,1.0,4,151.0,0.15253119676572832,0,49.0,0.5705902560095978,0,0.0,0.48255002000589087,4,200.0
3070.0,6,145.0,2.843137254901961,6.885620369145536,0,6.0,0.5781176459710959,5,172.0,0.2450966748038493,0,39.0,0.7298201089378864,1,5.0,0.48584402046026703,6,222.0
3075.0,10,188.0,3.6153846153846154,6.505672786001328,1,7.0,0.3079535055950974,5,203.0,0.4623532843963808,1,44.0,0.7064555856415561,1,5.0,0.4831411300166411,8,259.0
3080.0,12,235.0,4.2727272727272725,6.307678371026205,3,18.0,0.10032513910760976,6,248.0,0.40862493307110287,1,49.0,0.7322526812970359,1,10.0,0.5401247347341553,11,325.0
3085.0,5,53.0,0.9298245614035088,6.979295263697352,3,33.0,0.012814365357787164,2,120.0,0.5287411133838487,0,8.0,0.8964243548997856,0,0.0,0.9966512039180387,5,161.0
3090.0,8,85.0,1.5454545454545454,8.12676059293521,5,54.0,0.001399606119292433,2,39.0,0.6976551116641001,1,7.0,0.6669341967470211,0,0.0,0.8330883697081477,8,100.0
3095.0,10,128.0,2.2857142857142856,8.247822013009294,5,79.0,0.0002458901894535743,2,49.0,0.6871199171360902,3,27.0,0.37259321851269145,0,0.0,0.9714655435984301,10,155.0
3100.0,11,181.0,3.480769230769231,7.286403848904717,5,104.0,3.837338284677528e-05,2,59.0,0.6058782961591909,4,33.0,2.9603194905575475e-05,0,0.0,0.9893634302525642,11,196.0
3105.0,1,12.0,0.24,7.269451082950049,0,34.0,0.022226067556028795,0,0.0,0.7460476736304072,1,12.0,0.0,0,0.0,0.9665639191555129,1,46.0
3110.0,1,17.0,0.3269230769230769,8.047110002195772,0,3.0,0.48300928286591044,0,9.0,0.7163321118415206,1,17.0,0.0,0,0.0,0.6765887766419595,1,29.0
3115.0,4,33.0,0.6111111111111112,8.896526210807304,0,0.0,1.0,1,14.0,0.7073829018096852,1,28.0,0.6200613877236971,2,6.0,0.4950341693203101,4,48.0
3120.0,4,53.0,0.9636363636363636,8.864999917571458,0,0.0,1.0,1,18.0,0.639063175990589,1,41.0,0.764107654763167,2,16.0,0.4846761378426405,4,75.0
3125.0,6,81.0,1.4210526315789473,8.178625307713448,0,0.0,1.0,2,28.0,0.5416025504042347,1,46.0,0.710114648319794,2,26.0,0.24435409233757477,5,100.0
3130.0,7,52.0,0.9454545454545454,8.20847646949432,0,0.0,1.0,3,41.0,0.47535307216757877,1,16.0,0.7752019341066922,0,16.0,0.5211347344392508,4,73.0
3135.0,9,92.0,1.7358490566037736,7.509223397107055,0,0.0,1.0,3,56.0,0.4925447163896819,2,29.0,0.6646069416633946,0,0.0,0.6529390294978893,5,85.0
3140.0,12,142.0,2.9583333333333335,6.40284777667793,0,0.0,1.0,3,65.0,0.24832285499501863,5,44.0,0.42736324340359655,0,0.0,0.8018670671431617,8,109.0
3145.0,14,166.0,3.4583333333333335,5.80382791645165,0,0.0,1.0,3,80.0,0.2437305860019851,8,75.0,0.2485358724198934,0,0.0,0.9647313091235733,11,155.0
3150.0,12,194.0,3.9591836734693877,5.958442486464713,0,0.0,1.0,3,95.0,0.24984460818312895,8,116.0,0.2167722978009287,0,0.0,0.9541002368449027,11,211.0
3155.0,19,277.0,5.326923076923077,5.2541138816821915,0,0.0,1.0,3,110.0,0.34698598851256907,9,160.0,0.15959598850277232,0,0.0,0.9771273975781005,12,270.0
3160.0,21,380.0,7.450980392156863,5.024106159017635,0,0.0,1.0,3,125.0,0.3902860872964745,10,210.0,0.21095173893328537,0,0.0,0.9764236176967874,13,335.0
3165.0,23,488.0,9.384615384615385,4.370950102706799,0,0.0,1.0,3,140.0,0.23491134499562402,11,262.0,0.1820885935191486,0,0.0,0.9801225350886497,14,402.0
3170.0,16,398.0,7.37037037037037,4.581811974526168,0,0.0,1.0,4,249.0,0.3934867644419837,3,146.0,0.2377892238916232,0,0.0,0.9569671226696612,7,395.0
3175.0,15,466.0,8.472727272727273,5.257582157537736,0,6.0,0.5814887882235635,4,275.0,0.4153009263882934,2,107.0,0.44637693229545367,0,0.0,0.9375716293248539,6,388.0
3180.0,13,428.0,7.781818181818182,5.999913904487479,0,0.0,0.726596910022625,4,298.0,0.4875830296734197,3,112.0,0.37538309146416793,0,0.0,0.9546309918561232,7,410.0
3185.0,14,498.0,8.892857142857142,6.052766621330128,0,0.0,1.0,5,323.0,0.5203475833456866,3,127.0,0.3908228545935861,0,0.0,0.9499900260270223,8,450.0
3190.0,14,416.0,7.0508474576271185,5.99844559650807,0,0.0,1.0,5,348.0,0.5772565279011928,2,70.0,0.2751015021947576,0,0.0,0.8086237170870116,7,418.0
3195.0,7,62.0,1.0508474576271187,6.660093219134692,0,0.0,1.0,1,211.0,0.6162482640662984,2,24.0,0.4821291494620908,1,2.0,0.4696187792502531,4,237.0
3200.0,4,41.0,0.7068965517241379,7.538300809914945,0,0.0,1.0,0,27.0,0.8621606106240515,3,34.0,0.37595348451428084,1,7.0,0.49709301584755444,4,68.0
3205.0,2,44.0,0.7857142857142857,8.110433766420275,0,0.0,1.0,0,27.0,0.8317031748248973,2,47.0,0.5194836662053851,0,0.0,0.9790398196391956,2,74.0
3210.0,3,38.0,0.6909090909090909,7.301712167281761,0,0.0,1.0,2,9.0,0.4251628685998055,1,38.0,0.7163192526703361,0,0.0,0.9596849044026401,3,47.0
3215.0,3,41.0,0.7735849056603774,7.356726996573881,0,3.0,0.6519102481812222,2,11.0,0.548769797717029,1,58.0,0.6178746558714836,0,0.0,0.9603418221377602,3,72.0
3220.0,6,67.0,1.2641509433962264,7.83437059750429,0,0.0,1.0,2,21.0,0.7152064328558952,3,69.0,0.3833780813946463,0,0.0,0.9728408917294259,5,90.0
3225.0,6,97.0,1.7636363636363637,7.882671059552215,0,0.0,1.0,2,71.0,0.6365093734461558,3,87.0,0.4681131040582132,0,0.0,0.9563374543841439,5,158.0
3230.0,11,138.0,2.5555555555555554,7.412911740207294,0,0.0,0.9669912636263222,4,127.0,0.5217351605248022,3,102.0,0.38240806386306775,0,0.0,0.9557036704171642,7,229.0
3235.0,9,160.0,2.909090909090909,7.211088619300576,0,0.0,1.0,4,127.0,0.4366884540055149,3,117.0,0.47113192418508687,0,0.0,0.9603876012956926,7,244.0
3240.0,7,152.0,2.923076923076923,7.389146966772675,0,0.0,1.0,5,112.0,0.3519187657294399,2,95.0,0.47573383651006446,0,0.0,0.9443637670395434,7,207.0
3245.0,11,194.0,3.803921568627451,7.577031731262659,0,0.0,1.0,9,147.0,0.2989347976798111,2,106.0,0.6321652739663572,0,0.0,0.9447227231557221,11,253.0
3250.0,12,251.0,5.02,6.835459598179982,0,0.0,0.9553806096423373,10,194.0,0.26759894434175957,2,113.0,0.4930547505756892,0,0.0,0.9573915687646544,12,307.0
3255.0,9,192.0,4.0,6.331997492998972,0,0.0,1.0,6,171.0,0.385334012783101,3,125.0,0.46275722617948817,0,0.0,0.976224575279318,9,296.0
3260.0,6,178.0,3.56,7.361873355613376,0,0.0,1.0,3,62.0,0.510648036790959,3,130.0,0.3799284632153113,0,0.0,0.9744109582010753,6,192.0
3265.0,7,206.0,4.204081632653061,7.828339689812247,0,3.0,0.5829316918667559,5,72.0,0.3777639964874224,2,143.0,0.5946335750528015,0,0.0,0.9895803613094721,7,218.0
3270.0,8,242.0,4.745098039215686,7.788113557098452,0,0.0,0.9815115026827432,5,95.0,0.4424819459008282,2,150.0,0.5584817454958441,0,0.0,0.98284060471085,7,245.0
3275.0,3,168.0,3.5,7.505734938088568,0,0.0,1.0,1,28.0,0.5910385199145592,2,160.0,0.4952236502763035,0,0.0,0.9597360564968341,3,188.0
3280.0,4,186.0,3.9574468085106385,7.880890066015471,0,0.0,1.0,1,33.0,0.8040100517529666,3,173.0,0.360571595116415,0,0.0,0.9738606257723363,4,206.0
3285.0,5,207.0,4.5,7.7963157022201015,0,0.0,1.0,1,38.0,0.6709223911680672,3,194.0,0.5488058491203922,1,1.0,0.47228344646708276,5,233.0
3290.0,6,235.0,5.222222222222222,7.908939895751132,0,0.0,1.0,2,30.0,0.5802478991158142,3,209.0,0.4932975603672497,1,6.0,0.47886432730657474,6,245.0
3295.0,8,268.0,6.090909090909091,7.884014305500074,0,0.0,1.0,2,40.0,0.5770747871531774,4,227.0,0.48864514222082417,2,11.0,0.3323716459675237,8,278.0
3300.0,7,253.0,5.622222222222222,7.021009993408172,0,0.0,1.0,2,15.0,0.31130295753147447,4,247.0,0.48052579943552143,0,0.0,0.4141125733177503,6,262.0
3305.0,6,273.0,6.204545454545454,7.338186683462293,0,0.0,1.0,3,29.0,0.24283297129922435,3,257.0,0.4801349767150188,0,0.0,0.8606942493364231,6,286.0
3310.0,7,307.0,6.9772727272727275,7.692648722920629,0,0.0,1.0,3,44.0,0.3824323330364695,4,267.0,0.4159065571225965,0,0.0,0.9432546311769064,7,311.0
3315.0,7,342.0,7.434782608695652,7.582852924896745,0,0.0,1.0,3,59.0,0.4155449593487829,4,287.0,0.44106458494602374,0,0.0,0.9675905596875489,7,346.0
3320.0,9,354.0,7.695652173913044,7.2213985241262,0,0.0,1.0,3,44.0,0.48541027978771467,5,311.0,0.2387531326089285,0,0.0,0.9502260335776673,8,355.0
3325.0,9,395.0,8.404255319148936,7.884574297642185,0,0.0,1.0,3,59.0,0.5615812400087614,6,340.0,0.1323567606958159,0,0.0,0.949938793440981,9,399.0
3330.0,11,444.0,9.061224489795919,6.8963227834923835,0,0.0,1.0,3,74.0,0.4502317373465527,6,367.0,0.132637061135565,1,3.0,0.6354488258302516,10,444.0
3335.0,11,479.0,9.58,5.991066948330888,0,0.0,1.0,5,94.0,0.24349719302250797,5,378.0,0.12259785002876333,1,8.0,0.5495758703484106,11,480.0
3340.0,7,420.0,8.936170212765957,6.6486976398133155,0,0.0,1.0,0,3.0,0.7442975310942911,5,403.0,0.1512816281644731,2,17.0,0.461108741638751,7,423.0
3345.0,7,455.0,9.891304347826088,7.086613699260706,0,0.0,1.0,0,3.0,0.8877705248761641,5,428.0,0.06149318593504246,2,27.0,0.34362800248469705,7,458.0
3350.0,7,458.0,9.74468085106383,7.142422986516613,0,0.0,1.0,1,4.0,0.6394331135503143,6,466.0,0.3757299347963158,0,2.0,0.6514227587895464,7,472.0
3355.0,10,502.0,10.680851063829786,7.2324567766046455,0,0.0,1.0,2,14.0,0.6554606459519984,7,503.0,0.3402979598411475,0,0.0,0.9447132741714183,9,517.0
3360.0,11,548.0,11.659574468085106,6.945670723270943,0,0.0,1.0,2,24.0,0.5743674704132893,9,542.0,0.2616204593077177,0,0.0,0.9481775996954913,11,566.0
3365.0,13,607.0,12.645833333333334,6.898221133998265,0,0.0,1.0,2,34.0,0.6223998281372746,11,585.0,0.24181190247651368,0,0.0,0.9527710903235936,13,619.0
3370.0,14,676.0,14.695652173913043,6.163537499322849,0,0.0,1.0,2,41.0,0.3925624463402599,12,644.0,0.21013688883435316,0,0.0,0.9219016966994863,14,685.0
3375.0,15,723.0,16.066666666666666,5.512763750573858,0,0.0,1.0,3,56.0,0.4267784383609101,12,687.0,0.19424141014907112,0,0.0,0.9062765077887042,15,743.0
3380.0,13,744.0,16.533333333333335,5.1532493036004405,0,0.0,1.0,1,31.0,0.30445448018522964,12,743.0,0.12947564991176538,0,0.0,0.9214648345455922,13,774.0
3385.0,16,816.0,17.361702127659573,5.460578402931349,0,0.0,1.0,2,37.0,0.43325866455005413,13,807.0,0.11170365433637783,1,1.0,0.6536026718173472,16,845.0
3390.0,22,912.0,18.612244897959183,5.473149754694583,0,0.0,1.0,3,48.0,0.35861704520220866,16,888.0,0.1487646897144781,1,6.0,0.6278791139355109,20,942.0
3395.0,15,863.0,17.612244897959183,5.42384188413747,0,0.0,1.0,3,63.0,0.3760631160519996,8,818.0,0.20799398071300343,2,14.0,0.3138946564810197,13,895.0
3400.0,12,856.0,17.833333333333332,5.7757014643085585,0,3.0,0.6028479283763948,1,36.0,0.48694254645926877,7,812.0,0.21829955327272754,2,24.0,0.33053179492571166,10,875.0
3405.0,13,889.0,17.096153846153847,5.7619527170456415,2,9.0,0.1342611369252566,1,25.0,0.5483789417539098,8,844.0,0.1822775174019744,0,0.0,0.5997119803461658,11,878.0
3410.0,15,964.0,18.18867924528302,6.188860850607903,3,24.0,0.027888394784918204,2,35.0,0.6383018961426238,8,887.0,0.37622396372716016,0,0.0,0.6351122124124557,13,946.0
3415.0,14,984.0,18.566037735849058,5.446704725410313,0,0.0,0.030248478037316097,2,42.0,0.750444036030373,9,923.0,0.16996817408355105,0,0.0,0.988709620174228,11,965.0
3420.0,11,1002.0,18.90566037735849,6.044758352981293,0,0.0,1.0,0,6.0,0.9709561371917221,9,968.0,0.16072881473607348,0,0.0,0.9142235372538332,9,974.0
3425.0,12,1058.0,18.56140350877193,6.898383999987073,0,0.0,1.0,0,6.0,0.9659255978243931,9,1013.0,0.16123750875739098,0,0.0,0.9515866008176477,9,1019.0
3430.0,9,1055.0,18.50877192982456,7.628316762484636,0,0.0,1.0,0,6.0,0.9304766595884003,9,1064.0,0.28083050164746004,0,0.0,0.9443806507936123,9,1070.0
3435.0,9,1100.0,18.64406779661017,7.675445645385098,0,0.0,1.0,0,0.0,0.9802596252554063,9,1109.0,0.3057661341819659,0,0.0,0.9212954011040705,9,1109.0
3440.0,9,1145.0,18.770491803278688,7.563917062304771,0,0.0,1.0,0,0.0,0.7386427902401422,9,1152.0,0.2801972401371213,0,0.0,0.9728649923958106,9,1152.0
3445.0,9,1190.0,20.87719298245614,7.485331485767021,0,0.0,1.0,0,0.0,0.501396175971695,9,1196.0,0.27588556545234344,0,0.0,0.9576876709598379,9,1196.0
3450.0,11,1244.0,22.214285714285715,7.658446097670799,0,0.0,1.0,1,8.0,0.5973231610098261,10,1245.0,0.3572399720477968,0,0.0,0.987572559048557,11,1253.0
3455.0,11,1299.0,23.618181818181817,7.279858807228806,0,0.0,0.9887629985865636,1,13.0,0.7288665605697188,10,1289.0,0.18574598033620834,0,0.0,0.9688223672826424,11,1302.0
3460.0,14,1364.0,25.25925925925926,6.297005030243728,1,3.0,0.012464771334182704,1,18.0,0.6163015259045264,10,1339.0,0.28037465479377055,0,0.0,0.9671143013735515,12,1360.0
3465.0,16,1432.0,28.64,5.8283330283116745,2,13.0,0.0,2,55.0,0.6849614932390351,11,1391.0,0.134902984744478,0,0.0,0.9845481424077713,15,1459.0
3470.0,18,1516.0,29.725490196078432,5.113732799976521,2,23.0,0.2065401941762224,2,37.0,0.6845248025095437,13,1456.0,0.0,0,0.0,0.9458131439539391,17,1516.0
3475.0,20,1609.0,29.796296296296298,4.948154001097862,3,36.0,0.007128991407613194,3,44.0,0.46085122951492996,13,1521.0,0.04927588065507824,0,0.0,0.9512842733597968,19,1601.0
3480.0,17,1578.0,28.178571428571427,5.1780019488661555,0,2.0,0.042806043153780914,4,58.0,0.4388566875313134,12,1523.0,0.07436120733736926,0,0.0,0.9571093768026466,16,1583.0
3485.0,12,1541.0,27.035087719298247,5.732956558435759,0,0.0,1.0,0,3.0,0.7173131968287978,10,1543.0,0.11738587915867559,1,3.0,0.47548119287376966,11,1549.0
3490.0,11,1590.0,27.413793103448278,6.534102949341159,0,0.0,1.0,1,6.0,0.734401253894965,10,1587.0,0.16407491227018264,0,0.0,0.9447232119812043,11,1593.0
3495.0,15,1658.0,26.741935483870968,6.625072663165781,0,0.0,0.9914693703282836,3,17.0,0.5875583840210584,10,1646.0,0.2535221060783226,0,0.0,0.9519528108349539,13,1663.0
3500.0,19,1740.0,28.524590163934427,5.935888463327829,1,1.0,0.008201456060372937,4,34.0,0.5595765571422806,11,1698.0,0.25831355443267306,0,0.0,0.9530377122022985,16,1733.0
3505.0,20,1836.0,29.612903225806452,5.615709644914576,1,6.0,2.096911414209693e-05,4,54.0,0.5233288873917656,12,1756.0,0.1832498797811604,0,0.0,0.9883793808558834,17,1816.0
3510.0,21,1941.0,33.46551724137931,5.303097334303823,1,11.0,0.0,4,75.0,0.5284340565730089,13,1821.0,0.22622123011296003,0,0.0,0.9335238581367208,18,1907.0
3515.0,22,2049.0,37.25454545454546,4.59117418554256,1,16.0,0.0,4,95.0,0.40461405151372115,13,1886.0,0.2620772070798614,0,0.0,0.9647513888394341,18,1997.0
3520.0,20,2017.0,37.351851851851855,4.146627823935061,0,0.0,1.0,5,118.0,0.3148263850619763,11,1891.0,0.17418137270017545,1,1.0,0.4825724868980442,17,2010.0
3525.0,14,1961.0,36.31481481481482,5.472992541802535,0,0.0,1.0,2,79.0,0.5145635239206979,11,1943.0,0.20482713376321943,1,6.0,0.48468056425482253,14,2028.0
3530.0,15,2019.0,37.388888888888886,5.564039308677284,0,0.0,1.0,0,12.0,0.5028595339208073,11,1998.0,0.1735662855640809,1,11.0,0.25827885283403546,12,2021.0
3535.0,17,2085.0,37.90909090909091,5.880257088034092,0,0.0,0.9502216680275788,1,16.0,0.6831801860176587,12,2056.0,0.11153375423636332,0,0.0,0.5306151061359611,13,2072.0
3540.0,18,2171.0,38.767857142857146,6.416035599590835,1,1.0,0.44972705628771037,1,21.0,0.8053264967248251,12,2120.0,0.20620354683583705,0,0.0,0.9582892590640424,14,2142.0
3545.0,20,2263.0,43.51923076923077,5.920396415086343,2,7.0,0.0015767725011326234,1,26.0,0.7474422537141135,13,2181.0,0.17073919749480332,0,0.0,0.9622076296472282,16,2214.0
3550.0,18,2285.0,43.94230769230769,5.614049973843043,2,17.0,7.594634319995123e-06,2,24.0,0.4759277060876132,14,2251.0,0.1714913542652997,0,0.0,0.9859767813397962,18,2292.0
3555.0,20,2383.0,48.63265306122449,5.306801263840594,2,27.0,0.0,4,39.0,0.2671237071332995,14,2321.0,0.16823324301998582,0,0.0,0.9644577018456589,20,2387.0
3560.0,19,2449.0,49.97959183673469,4.506670540544045,0,0.0,1.0,5,62.0,0.34684699569692545,14,2391.0,0.12624459929374654,0,0.0,0.9557916727109531,19,2453.0
3565.0,17,2481.0,47.71153846153846,5.068325019806646,0,0.0,1.0,2,20.0,0.5885870959548336,15,2465.0,0.14578219518715557,0,0.0,0.9816091698073832,17,2485.0
3570.0,19,2570.0,50.3921568627451,5.250377221024231,0,0.0,1.0,3,57.0,0.4361614892822573,16,2543.0,0.129424473943447,0,0.0,0.9518730722260232,19,2600.0
3575.0,20,2667.0,51.28846153846154,5.706145184863471,0,0.0,0.9029555629835196,3,72.0,0.4787560939073659,17,2631.0,0.13222351598787754,0,0.0,0.9688752466345457,20,2703.0
3580.0,20,2767.0,53.21153846153846,5.676818338480205,0,0.0,1.0,3,61.0,0.3257493787661684,17,2716.0,0.1656989580390336,0,0.0,0.9457433943083519,20,2777.0
3585.0,17,2749.0,49.981818181818184,5.881987671426032,0,0.0,1.0,4,81.0,0.31567676163280806,13,2691.0,0.1704816653135366,0,0.0,0.9937568222337613,17,2772.0
3590.0,14,2754.0,52.96153846153846,6.3001489468714515,0,0.0,1.0,1,36.0,0.5392707825320844,13,2739.0,0.3066635933766475,0,0.0,0.946100667581065,14,2775.0
3595.0,14,2824.0,55.372549019607845,7.109700750676157,0,0.0,1.0,1,33.0,0.8223775494056198,13,2804.0,0.2664556245090486,0,0.0,0.9397676520681439,14,2837.0
3600.0,16,2900.0,56.86274509803921,6.37747018593912,0,0.0,0.9490950996983283,1,38.0,0.775785434024886,15,2869.0,0.11177655532052204,0,0.0,0.9728445336652767,16,2907.0
