step,system_total_stopped,system_total_waiting_time,system_mean_waiting_time,system_mean_speed,cluster_10564135163_13571629282_5146149679_stopped,cluster_10564135163_13571629282_5146149679_accumulated_waiting_time,cluster_10564135163_13571629282_5146149679_average_speed,cluster_10564135205_11749189839_3266988437_5129187741_#3more_stopped,cluster_10564135205_11749189839_3266988437_5129187741_#3more_accumulated_waiting_time,cluster_10564135205_11749189839_3266988437_5129187741_#3more_average_speed,cluster_10564135211_11749189838_12136544949_12136544951_#7more_stopped,cluster_10564135211_11749189838_12136544949_12136544951_#7more_accumulated_waiting_time,cluster_10564135211_11749189838_12136544949_12136544951_#7more_average_speed,cluster_10564135212_13571629279_13571629299_stopped,cluster_10564135212_13571629279_13571629299_accumulated_waiting_time,cluster_10564135212_13571629279_13571629299_average_speed,agents_total_stopped,agents_total_accumulated_waiting_time
0.0,0,0.0,0.0,0.0,0,0.0,1.0,0,0.0,1.0,0,0.0,1.0,0,0.0,1.0,0,0.0
5.0,0,0.0,0.0,10.460960024748461,0,0.0,1.0,0,0.0,0.9810389280467379,0,0.0,1.0,0,0.0,0.975232929679982,0,0.0
10.0,0,0.0,0.0,9.124908984990402,0,0.0,1.0,0,0.0,0.9402396140240873,0,0.0,1.0,0,0.0,0.9219406115084009,0,0.0
15.0,0,0.0,0.0,8.737339254715708,0,0.0,1.0,0,0.0,0.9578121040783631,0,0.0,1.0,0,0.0,0.9448939075005715,0,0.0
20.0,0,0.0,0.0,8.855318190367242,0,0.0,1.0,0,0.0,0.9820084869202264,0,0.0,1.0,0,0.0,0.9603019389286016,0,0.0
25.0,0,0.0,0.0,9.341091818795777,0,0.0,1.0,0,0.0,0.9319901094584228,0,0.0,0.9897726674365394,0,0.0,0.934422917505686,0,0.0
30.0,1,1.0,0.07692307692307693,8.347630275189925,0,0.0,1.0,0,0.0,0.9952810300794906,0,0.0,0.9459696181618042,1,1.0,0.46935993199492565,1,1.0
35.0,1,6.0,0.42857142857142855,8.187896992485285,0,0.0,1.0,0,0.0,0.9548180026786389,0,0.0,0.93590540687322,1,6.0,0.48183920508442424,1,6.0
40.0,1,11.0,0.6875,7.919340934936689,0,0.0,1.0,0,0.0,0.9903649219606964,0,0.0,0.9823135298288845,1,11.0,0.6087634703121027,1,11.0
45.0,2,17.0,1.0,7.4772065921431405,0,0.0,1.0,0,0.0,0.9918672284039061,0,0.0,0.9786904823963933,2,17.0,0.3133282926685641,2,17.0
50.0,2,27.0,1.4210526315789473,8.15742856416891,0,0.0,0.9564258931550368,0,0.0,0.9914696193083212,0,0.0,0.9319138254976838,2,27.0,0.32757235119238665,2,27.0
55.0,1,1.0,0.045454545454545456,7.8900852744180785,1,1.0,0.0006335003531920992,0,0.0,0.4120958310328364,0,0.0,0.9754548928090432,0,0.0,0.9663883583835193,1,1.0
60.0,2,9.0,0.4090909090909091,7.612055269563754,1,6.0,0.0,1,3.0,0.43384521358057937,0,6.0,0.809750655328123,0,0.0,0.9781567909658307,2,15.0
65.0,1,1.0,0.047619047619047616,7.502496838318277,0,0.0,1.0,0,0.0,0.9614210437402273,1,1.0,0.4846056579074089,0,0.0,0.9733216304042491,1,1.0
70.0,0,0.0,0.0,7.942976901965174,0,0.0,1.0,0,0.0,0.876897843622044,0,0.0,0.5916473595650517,0,0.0,0.9561406823869008,0,0.0
75.0,1,3.0,0.11538461538461539,8.968630399181913,0,0.0,1.0,0,0.0,0.9788670756810604,1,6.0,0.6236004523202225,0,0.0,0.9751343568446973,1,6.0
80.0,1,8.0,0.2962962962962963,8.197765915799948,0,0.0,1.0,0,0.0,0.9608072729864563,1,11.0,0.7582420171163274,0,0.0,0.49125454072999686,1,11.0
85.0,2,17.0,0.5862068965517241,7.174779882343186,0,0.0,1.0,0,0.0,0.9508233566127311,1,16.0,0.7602804657798826,1,4.0,0.496702178215754,2,20.0
90.0,4,33.0,1.1,7.011572794893553,0,0.0,1.0,0,0.0,0.9268673611945482,1,21.0,0.589805167465528,1,9.0,0.4776035035064315,2,30.0
95.0,6,36.0,1.1612903225806452,6.1677328746545905,0,0.0,1.0,3,8.0,0.3795243493461699,3,28.0,0.3558351113474914,0,0.0,0.828632599630576,6,36.0
100.0,6,66.0,2.0,6.912994650698893,0,0.0,1.0,3,26.0,0.32712979756354094,3,47.0,0.4310325725998109,0,0.0,0.888711790163291,6,73.0
105.0,5,63.0,2.032258064516129,6.852333239662841,0,0.0,1.0,0,3.0,0.6449538594158173,5,66.0,0.10609115393491565,0,0.0,0.8717628760181044,5,69.0
110.0,2,35.0,0.9722222222222222,7.178737721162758,0,0.0,0.953168085503131,0,3.0,0.47651621735625116,2,36.0,0.14994211517838826,0,0.0,0.921300553064046,2,39.0
115.0,4,52.0,1.4857142857142858,7.940994276451643,0,6.0,0.5478353079116522,1,11.0,0.596268217335208,3,51.0,0.37481801509659896,0,0.0,0.9252834963857367,4,68.0
120.0,4,72.0,1.945945945945946,8.891019363476117,0,0.0,0.7846377951720247,1,19.0,0.7370219413353337,3,66.0,0.37953039804710886,0,0.0,0.5534202197813988,4,85.0
125.0,7,103.0,2.7837837837837838,8.191907587886405,1,3.0,0.0006685974650323433,1,24.0,0.6758604793387438,3,81.0,0.4820257259699227,2,8.0,0.33285062139617,7,116.0
130.0,10,147.0,3.675,6.873207188385661,1,8.0,0.0,3,36.0,0.4851926719057897,4,98.0,0.31628651674108327,2,18.0,0.11512601292313662,10,160.0
135.0,12,205.0,5.394736842105263,5.848379424923012,1,13.0,0.0,4,56.0,0.4059852078984724,4,118.0,0.21245987817912812,3,32.0,0.137935967992907,12,219.0
140.0,13,267.0,7.216216216216216,6.042233352509259,1,18.0,0.0,4,75.0,0.41597632848724536,5,137.0,0.15699426192251692,3,47.0,0.31108291903120106,13,277.0
145.0,11,259.0,6.641025641025641,6.169579188522344,0,0.0,1.0,2,56.0,0.3159140950928078,6,166.0,0.13947844990808883,3,62.0,0.4700496180827392,11,284.0
150.0,12,243.0,6.075,6.3862841488041235,0,0.0,1.0,4,35.0,0.1896741783721478,5,137.0,0.0012264727131148672,3,77.0,0.48743048663117056,12,249.0
155.0,12,303.0,7.390243902439025,6.576418611804115,0,3.0,0.9756398700033373,4,55.0,0.19039215000816945,5,165.0,0.3365052963706988,3,92.0,0.452402196911103,12,315.0
160.0,13,365.0,8.902439024390244,6.773396522156605,0,0.0,1.0,4,75.0,0.19908603758457416,5,190.0,0.3502236405940301,4,109.0,0.2963422130571555,13,374.0
165.0,11,345.0,7.840909090909091,5.662981918087798,0,0.0,1.0,0,0.0,0.5819409934631735,5,215.0,0.34303837571327145,5,131.0,0.06283004002162906,10,346.0
170.0,8,332.0,7.217391304347826,6.558781852437482,0,0.0,1.0,0,0.0,0.8297366596572671,3,179.0,0.5292329860300908,5,156.0,0.09260130243962618,8,335.0
175.0,4,203.0,4.413043478260869,7.580048911739587,0,3.0,0.466846565455186,0,0.0,0.9880522181096951,3,200.0,0.6428374977816758,1,65.0,0.25856744965848816,4,268.0
180.0,5,209.0,4.354166666666667,7.7804113935266885,1,7.0,0.026465234812777384,0,0.0,0.994231552855035,3,224.0,0.5932068982253446,0,12.0,0.7463453048140064,4,243.0
185.0,4,223.0,4.645833333333333,8.127812850071905,0,0.0,1.0,0,0.0,0.9000650777653888,4,229.0,0.5594822534247194,0,0.0,0.9571046199963368,4,229.0
190.0,7,248.0,5.391304347826087,8.136773829759942,0,0.0,1.0,1,2.0,0.80684938277119,6,252.0,0.43971299608792497,0,0.0,0.9691828494147867,7,254.0
195.0,10,288.0,6.545454545454546,7.699039063370287,0,0.0,1.0,2,8.0,0.6889032612121851,7,282.0,0.20020462816958345,1,2.0,0.7208555143241279,10,292.0
200.0,11,343.0,7.297872340425532,7.050094020252028,0,0.0,1.0,2,18.0,0.6015043415390455,8,322.0,0.06578494413701234,1,7.0,0.6798382739852287,11,347.0
205.0,16,413.0,8.604166666666666,5.806632543146335,0,0.0,1.0,4,34.0,0.4151728330522633,9,367.0,0.004424491295191519,3,16.0,0.38499325537016044,16,417.0
210.0,13,427.0,8.54,5.798775208473989,0,0.0,1.0,4,57.0,0.4333378048500762,5,343.0,0.14561658528682972,3,31.0,0.23498331224690747,12,431.0
215.0,11,444.0,9.446808510638299,6.376054208516363,0,3.0,0.5331290864714148,5,78.0,0.3774376263565219,5,365.0,0.06570473139343727,1,15.0,0.3499797262194108,11,461.0
220.0,13,498.0,9.96,5.911388935595682,0,6.0,0.30935114985065865,7,110.0,0.2103195862068179,6,401.0,0.23459513924498251,0,4.0,0.4156034846799871,13,521.0
225.0,9,455.0,9.1,5.86142655387582,0,0.0,1.0,3,42.0,0.48200971339280774,6,425.0,0.0739970494444102,0,0.0,0.8961932697541024,9,467.0
230.0,10,505.0,9.901960784313726,7.017482475137156,0,0.0,1.0,3,43.0,0.6054171182512317,7,460.0,0.0,0,0.0,0.9501646019189833,10,503.0
235.0,10,555.0,10.277777777777779,7.7437951125155235,0,0.0,1.0,3,58.0,0.6411559319347394,7,501.0,0.21665293373741867,0,0.0,0.983783648424411,10,559.0
240.0,8,310.0,5.7407407407407405,7.806040744623175,0,0.0,1.0,3,70.0,0.5980083780576708,5,386.0,0.39662761687886505,0,0.0,0.9718652498257365,8,456.0
245.0,7,131.0,2.519230769230769,7.781593927866317,0,0.0,1.0,3,85.0,0.5174596758105542,1,161.0,0.4904341915922311,0,0.0,0.7246461116821964,4,246.0
250.0,12,181.0,3.480769230769231,7.477345519389647,0,0.0,1.0,5,106.0,0.38267808621890226,2,46.0,0.5841462437567152,1,2.0,0.4988947888235237,8,154.0
255.0,15,246.0,4.92,6.228057423640429,0,0.0,1.0,7,135.0,0.13044024264248816,2,56.0,0.5817668440388853,1,7.0,0.6022727328888345,10,198.0
260.0,16,291.0,6.0625,4.6885376134644785,0,0.0,1.0,8,174.0,0.06125117006794011,2,66.0,0.577217289556419,2,13.0,0.32049135520579897,12,253.0
265.0,10,265.0,5.520833333333333,5.508313763636593,0,0.0,0.7492180704941255,5,162.0,0.23542690997735466,2,70.0,0.32035044912007654,0,0.0,0.9766426153546828,7,232.0
270.0,12,318.0,6.625,5.4866995852347245,0,0.0,0.4139399303285796,5,184.0,0.2552927683286653,2,86.0,0.29355237814925894,0,0.0,0.95999674940627,7,270.0
275.0,16,388.0,7.76,6.2390606458081255,0,0.0,1.0,6,210.0,0.39106963588337396,2,96.0,0.5488025467722814,0,0.0,0.9596480632915152,8,306.0
280.0,17,469.0,9.196078431372548,6.076379634681787,0,0.0,1.0,6,240.0,0.37960300528589774,3,107.0,0.4054777542973886,0,0.0,0.9605169381739184,9,347.0
285.0,15,320.0,6.153846153846154,6.151604077700093,0,0.0,1.0,2,123.0,0.466855704452282,5,127.0,0.4285650982048358,0,0.0,0.9354484384299391,7,250.0
290.0,13,349.0,6.711538461538462,6.851792673715299,0,0.0,1.0,0,0.0,0.739694954910006,5,152.0,0.4781404161873333,0,0.0,0.9884169201931965,5,152.0
295.0,14,418.0,7.886792452830188,7.237082412619795,0,0.0,1.0,1,4.0,0.7037655911703204,5,177.0,0.5420762514143794,0,0.0,0.8653505338602805,6,181.0
300.0,16,493.0,9.86,6.278237350614763,0,0.0,1.0,1,9.0,0.7357098300571956,6,201.0,0.46700614813361163,1,3.0,0.47845400137721683,8,213.0
305.0,16,560.0,11.666666666666666,5.597248096804435,0,0.0,1.0,0,0.0,0.949098113332128,7,232.0,0.3920553135627074,1,8.0,0.49602166975972606,8,240.0
310.0,11,510.0,10.2,5.037107080236801,0,0.0,1.0,0,0.0,0.8962084108868202,3,217.0,0.36119199458476037,0,0.0,0.9290570474244101,3,217.0
315.0,11,445.0,8.9,5.67913750390675,0,6.0,0.6268960526524203,0,3.0,0.8489872104463925,5,216.0,0.4773343493242501,0,0.0,0.9326468401808833,5,225.0
320.0,12,492.0,9.461538461538462,5.757131989969919,1,7.0,0.17293563079532845,0,44.0,0.7273740012035494,5,238.0,0.4365085177899254,0,0.0,0.9622545924504111,6,289.0
325.0,14,561.0,10.2,6.294799182366224,2,17.0,0.0143635730016246,1,48.0,0.8531241292305795,5,260.0,0.3473857193716196,0,0.0,0.9859115191631211,8,325.0
330.0,9,311.0,5.654545454545454,6.69314961070515,2,27.0,0.004277716041679721,1,12.0,0.6666012490110249,3,265.0,0.3527678961924054,0,0.0,0.9547095221396871,6,304.0
335.0,9,317.0,6.096153846153846,6.81414884560826,3,41.0,0.0009624224110368697,2,22.0,0.683978453806582,3,264.0,0.4252288622446185,1,3.0,0.5127073555846698,9,330.0
340.0,13,374.0,7.48,6.032587070362195,3,56.0,8.431346127548235e-05,2,32.0,0.6347091980422386,4,353.0,0.3008339656855922,1,8.0,0.6431821589610452,10,449.0
345.0,19,455.0,8.584905660377359,5.12714533439564,3,71.0,1.6222610850394042e-05,3,44.0,0.40103585345459614,6,378.0,0.2209440912651474,1,13.0,0.7183692966929596,13,506.0
350.0,15,420.0,8.076923076923077,4.797090988507943,0,18.0,0.03045098090058188,5,65.0,0.2745996754267894,6,408.0,0.2400535062987681,0,0.0,0.9285400835020695,11,491.0
355.0,11,449.0,8.314814814814815,5.3221916548481545,0,0.0,1.0,5,90.0,0.24938394545563175,6,441.0,0.2515499729652486,0,0.0,0.948711244158488,11,531.0
360.0,12,505.0,9.181818181818182,5.475002675468874,0,0.0,1.0,6,116.0,0.12194632729197392,6,471.0,0.25503698949011144,0,0.0,0.9507992225388858,12,587.0
365.0,10,478.0,8.385964912280702,5.508319142079756,0,0.0,1.0,1,95.0,0.300510859920441,9,513.0,0.1554017089293977,0,0.0,0.9434752319637995,10,608.0
370.0,9,253.0,4.43859649122807,6.537373232038772,0,0.0,1.0,1,95.0,0.512598768711327,8,407.0,0.14346801449989277,0,0.0,0.965026547223207,9,502.0
375.0,10,181.0,3.1206896551724137,7.325267518231232,0,0.0,1.0,2,96.0,0.5242690094434987,7,237.0,0.34259456257306686,1,1.0,0.49833381716503317,10,334.0
380.0,11,233.0,4.017241379310345,7.148306289741374,0,0.0,1.0,2,106.0,0.6606656318291868,7,172.0,0.3309512582410586,1,6.0,0.6781686265254054,10,284.0
385.0,11,226.0,4.035714285714286,6.992127580894281,0,0.0,1.0,1,52.0,0.6606276829296909,8,209.0,0.3172341421075568,1,5.0,0.6907068353848919,10,266.0
390.0,8,68.0,1.1724137931034482,6.898367377738671,0,0.0,1.0,3,63.0,0.4667617309139289,2,86.0,0.5415649088227907,0,0.0,0.634150987709739,5,149.0
395.0,8,81.0,1.4727272727272727,6.803854335044029,0,3.0,0.5925302212116885,5,89.0,0.4687004293958874,0,21.0,0.7183000494529426,0,0.0,0.9460813841658762,5,113.0
400.0,10,94.0,1.6206896551724137,6.768875815561313,0,6.0,0.02729565309457333,6,121.0,0.5165060617569355,1,12.0,0.5452168886224349,0,0.0,0.961007638417982,7,139.0
405.0,10,113.0,1.9152542372881356,6.540006303373743,2,16.0,0.18114351153363087,6,133.0,0.4700883141565512,2,19.0,0.46427058408723143,0,0.0,0.984827207099062,10,168.0
410.0,9,127.0,2.189655172413793,6.243093625971323,0,0.0,0.06875967845809507,8,166.0,0.3868286377183328,0,12.0,0.652975281792981,0,0.0,0.8902870154948511,8,178.0
415.0,11,173.0,2.8833333333333333,6.994843041476796,0,0.0,1.0,9,210.0,0.3543404389405425,0,6.0,0.8361981793295007,2,4.0,0.31636131762874425,11,220.0
420.0,10,223.0,3.7796610169491527,7.475685726985468,0,0.0,1.0,9,255.0,0.34604126596588364,0,6.0,0.958851915526103,1,9.0,0.166241143638236,10,270.0
425.0,12,280.0,4.590163934426229,7.425375353316611,0,0.0,1.0,9,300.0,0.3516557369100971,1,8.0,0.713811357894433,2,19.0,0.29468612635074515,12,327.0
430.0,12,315.0,5.526315789473684,6.795977223059991,0,0.0,1.0,10,350.0,0.2616787454599544,1,13.0,0.72693357525014,0,0.0,0.9453418089087918,11,363.0
435.0,14,382.0,6.262295081967213,6.904454866152774,0,0.0,1.0,12,407.0,0.16886325456198514,1,24.0,0.7512995637361234,0,0.0,0.9788101792640818,13,431.0
440.0,19,463.0,8.267857142857142,5.118843397667619,0,0.0,1.0,14,471.0,0.06339480015243386,3,32.0,0.36780545046071755,0,0.0,0.9380879400980467,17,503.0
445.0,17,322.0,5.962962962962963,5.120142856977709,0,0.0,1.0,11,378.0,0.16383744178270412,5,57.0,0.19614816364983811,0,0.0,0.956134632463745,16,435.0
450.0,7,93.0,1.7547169811320755,6.01780081721126,0,0.0,1.0,5,224.0,0.2955753373491404,1,12.0,0.07478433242141427,0,0.0,0.9599142471726063,6,236.0
455.0,8,122.0,2.392156862745098,6.727070545080173,0,4.0,0.5822260049620311,6,151.0,0.2802736846078474,2,21.0,9.392392849905346e-06,0,0.0,0.8479675044633032,8,176.0
460.0,9,164.0,3.215686274509804,6.510947724333342,0,4.0,0.23167672464539824,6,143.0,0.3010297901835546,2,31.0,0.4081063778494952,1,2.0,0.6452816448177028,9,180.0
465.0,12,223.0,4.288461538461538,6.33521671331833,3,18.0,6.475033514055552e-06,6,173.0,0.37866329064867194,2,41.0,0.5763038525148471,1,7.0,0.6217404128451259,12,239.0
470.0,9,254.0,4.618181818181818,6.7895865101869015,0,0.0,1.0,6,200.0,0.40857162271104913,2,51.0,0.6554612037573406,1,12.0,0.7121061588668609,9,263.0
475.0,8,262.0,4.851851851851852,7.526529764139279,0,0.0,1.0,6,230.0,0.41214502574069994,1,24.0,0.8110511272098748,1,17.0,0.7163411735479569,8,271.0
480.0,8,282.0,5.222222222222222,6.658506529833391,0,3.0,0.8629576398379606,6,263.0,0.3791017160930312,1,29.0,0.7186387488171692,0,0.0,0.5359024916489863,7,295.0
485.0,11,333.0,6.403846153846154,6.491774569218901,0,0.0,1.0,6,293.0,0.36530321417091716,1,51.0,0.7582745217736839,0,0.0,0.9572629152703788,7,344.0
490.0,9,82.0,1.5471698113207548,5.401333919191838,0,0.0,1.0,0,55.0,0.4012349734396647,4,46.0,0.36614605068811623,0,0.0,0.9811673627664729,4,101.0
495.0,11,92.0,1.7358490566037736,5.545762049035813,0,0.0,1.0,1,8.0,0.6305558910842638,4,26.0,0.14771239976497227,0,0.0,0.9739229533987641,5,34.0
500.0,14,156.0,3.0,6.0871501499181075,0,3.0,0.971288254205141,1,10.0,0.752785917484864,5,52.0,0.3218929798651414,0,0.0,0.9362873351718598,6,65.0
505.0,14,224.0,4.072727272727272,6.556266194100347,0,0.0,1.0,1,15.0,0.685759036909238,6,78.0,0.3826253468678562,0,0.0,0.9483202233503893,7,93.0
510.0,15,299.0,5.339285714285714,6.376449251032462,0,0.0,1.0,2,25.0,0.6314075382429346,6,104.0,0.39534095021568,0,0.0,0.48967418452620237,8,129.0
515.0,15,245.0,4.622641509433962,5.358860725835309,0,0.0,1.0,4,39.0,0.2955455820411873,6,134.0,0.3810110667633871,1,4.0,0.47177412121965184,11,177.0
520.0,12,235.0,4.433962264150943,5.34488433207159,0,0.0,1.0,5,64.0,0.2600288132288739,6,161.0,0.35454310116306725,1,9.0,0.46744451463863457,12,234.0
525.0,14,301.0,5.901960784313726,5.654530827260132,0,0.0,1.0,5,94.0,0.39995928504375483,8,197.0,0.13227506865257663,1,14.0,0.6645717698119213,14,305.0
530.0,16,375.0,7.5,5.041163779035402,0,0.0,1.0,6,122.0,0.3104978511429362,8,237.0,0.014261847772004222,2,20.0,0.31140427421238753,16,379.0
535.0,18,459.0,9.18,4.4117963736983015,0,0.0,1.0,7,154.0,0.10887040903013752,9,280.0,0.0026377724467937596,2,30.0,0.32831365481680447,18,464.0
540.0,13,252.0,4.846153846153846,4.679679979497034,0,0.0,1.0,8,193.0,0.046703989643892656,1,85.0,0.15165833929327954,2,40.0,0.3157532218111109,11,318.0
545.0,14,298.0,5.622641509433962,5.539940014207097,0,3.0,0.9256977474542736,9,242.0,0.1760383496930699,1,21.0,0.22770944522705852,2,50.0,0.39202486391346925,12,316.0
550.0,14,368.0,7.215686274509804,6.14924867289433,0,0.0,0.78203185251542,9,290.0,0.3452455297304759,1,7.0,0.0,2,60.0,0.395265048771316,12,357.0
555.0,10,208.0,3.9245283018867925,6.699344354140836,0,0.0,1.0,6,220.0,0.3987548659456001,1,15.0,0.48106541650182444,2,70.0,0.3783312568905849,9,305.0
560.0,5,115.0,2.090909090909091,7.366187234113649,0,0.0,1.0,3,127.0,0.527700860475946,1,20.0,0.3396462204064709,0,4.0,0.5196473209317719,4,151.0
565.0,9,158.0,2.8727272727272726,7.9481257407013866,0,0.0,1.0,3,118.0,0.6359335841531688,2,36.0,0.45252585941645035,0,0.0,0.7863726530110813,5,154.0
570.0,9,186.0,3.381818181818182,7.0838911328942,0,0.0,1.0,3,133.0,0.4256186465790249,4,49.0,0.40294710809799944,0,0.0,0.9285620726931373,7,182.0
575.0,4,60.0,1.1320754716981132,7.096326402074604,0,0.0,1.0,0,4.0,0.5028483458991161,4,69.0,0.4683511193488346,0,0.0,0.9395812118959529,4,73.0
580.0,7,91.0,1.82,8.134070522724477,0,0.0,1.0,1,4.0,0.7273611146320447,6,96.0,0.4035991584405146,0,0.0,0.9810085681095388,7,100.0
585.0,4,79.0,1.6122448979591837,7.870709281071197,0,0.0,1.0,1,9.0,0.3500164623325996,3,89.0,0.6139079514344999,0,0.0,0.7719044495561411,4,98.0
590.0,6,102.0,2.1702127659574466,7.922249689550055,0,0.0,0.9317770721033843,2,27.0,0.4535348548118731,3,96.0,0.6604969342149392,1,3.0,0.4733224770606792,6,126.0
595.0,5,105.0,2.0588235294117645,8.491863024205866,1,1.0,0.0022298592339967315,0,17.0,0.7868313114977115,3,108.0,0.7133991042421086,1,8.0,0.5563290083483721,5,134.0
600.0,6,127.0,2.54,8.204652702172224,0,0.0,1.0,1,11.0,0.7996160757418022,3,123.0,0.6671622582295825,2,14.0,0.4571795508502974,6,148.0
605.0,4,133.0,2.9555555555555557,8.182948979987222,0,0.0,1.0,1,16.0,0.8141864901663922,3,138.0,0.6822513449545737,0,0.0,0.9667781956778487,4,154.0
610.0,6,159.0,3.4565217391304346,7.7676517824023446,0,0.0,1.0,1,18.0,0.7946331609886466,3,156.0,0.582065949927685,0,0.0,0.959549848113817,4,174.0
615.0,10,195.0,4.0625,7.518839636076529,0,0.0,0.9359547205685513,2,24.0,0.608633015274971,4,164.0,0.5258068287122971,0,0.0,0.9318755215151661,6,188.0
620.0,5,167.0,3.4081632653061225,7.605141717327364,0,0.0,0.955116693050716,3,39.0,0.441600642676787,2,149.0,0.6078972750631991,0,0.0,0.933174282488285,5,188.0
625.0,7,200.0,4.0,6.964958728290476,1,3.0,0.0007161719883196992,4,62.0,0.3988971214423986,2,153.0,0.502501030368728,0,0.0,0.9446880139507645,7,218.0
630.0,11,249.0,5.081632653061225,6.631663985463362,1,8.0,0.0,5,87.0,0.3804737076886278,5,172.0,0.1682904141055825,0,0.0,0.9460905039357987,11,267.0
635.0,13,313.0,6.137254901960785,6.8698462986809945,1,13.0,0.0,6,117.0,0.4188474943734412,6,201.0,0.18687135628257767,0,0.0,0.9762193916543361,13,331.0
640.0,13,363.0,7.117647058823529,5.978666573156843,0,0.0,1.0,6,147.0,0.2632877268230682,7,234.0,0.0014964079060630392,0,0.0,0.9491295152379051,13,381.0
645.0,14,433.0,8.490196078431373,6.2648416163712906,0,0.0,1.0,6,177.0,0.18905739001404784,8,277.0,0.10090303628123953,0,0.0,0.9463675640319996,14,454.0
650.0,17,515.0,9.537037037037036,5.8413750036794445,0,0.0,1.0,7,209.0,0.11414607059544717,10,324.0,5.08368753292181e-05,0,0.0,0.9379184748324569,17,533.0
655.0,23,623.0,11.327272727272728,4.909090575022375,0,0.0,1.0,10,258.0,0.053272937320280045,10,374.0,0.0,1,1.0,0.4733004344364441,21,633.0
660.0,22,476.0,8.654545454545454,4.8803098545817365,0,0.0,1.0,11,336.0,0.14461630199405665,6,270.0,0.03286093726328014,1,6.0,0.482365894224983,18,612.0
665.0,21,568.0,10.518518518518519,5.744354270842433,0,3.0,0.965850604285156,11,368.0,0.11723072817797806,5,123.0,0.0,1,11.0,0.4920758255996122,17,505.0
670.0,22,676.0,11.859649122807017,4.966774126071595,0,3.0,0.014914359109817232,12,426.0,0.07423592695819517,5,129.0,0.04002048142701373,1,5.0,0.39865563492974765,18,563.0
675.0,27,803.0,14.6,3.878335774534349,1,8.0,2.1074312847370038e-05,12,486.0,0.08871605719654145,6,157.0,0.0,2,15.0,0.31792968446016284,21,666.0
680.0,21,448.0,8.0,4.048195636020912,0,0.0,1.0,2,183.0,0.2178284177975833,6,187.0,0.0,2,25.0,0.4828966899688462,10,395.0
685.0,21,517.0,8.913793103448276,5.084964631453669,0,0.0,1.0,1,49.0,0.4388966496101556,6,217.0,0.2466414583105408,3,35.0,0.382764245388902,10,301.0
690.0,21,612.0,10.372881355932204,5.699701745181934,0,0.0,1.0,2,26.0,0.559126839046981,7,257.0,0.33782137048496175,2,45.0,0.3693697191992409,11,328.0
695.0,17,505.0,8.706896551724139,5.991203294319799,0,0.0,1.0,2,36.0,0.4752756498500791,8,295.0,0.44813243947679665,0,0.0,0.8931147188431703,10,331.0
700.0,8,374.0,6.338983050847458,6.984643651600577,0,0.0,1.0,0,12.0,0.5888697456679105,8,342.0,0.4088792876054437,0,0.0,0.9027330073697748,8,354.0
705.0,6,100.0,1.5873015873015872,7.103202855891016,0,0.0,1.0,0,0.0,0.9302978023322228,3,215.0,0.488526231898141,1,3.0,0.7124966650235036,4,218.0
710.0,3,42.0,0.7241379310344828,7.768331119939255,0,3.0,0.7372406583364728,1,9.0,0.6474210454219621,2,114.0,0.6567850899222085,0,0.0,0.9505036991792575,3,126.0
715.0,3,57.0,1.0,8.320000231193763,0,0.0,1.0,1,18.0,0.774113003069,2,49.0,0.6405119097555113,0,0.0,0.9797594426658245,3,67.0
720.0,4,73.0,1.280701754385965,8.360543308355021,1,1.0,0.26245284536975144,1,23.0,0.846629356564521,2,59.0,0.5530591380318457,0,0.0,0.9427538560169362,4,83.0
725.0,7,103.0,1.8392857142857142,7.163842257917632,3,14.0,0.06675020337082876,1,24.0,0.8530783168642407,3,71.0,0.37607031761027154,0,0.0,0.8145119866661541,7,109.0
730.0,10,146.0,2.5172413793103448,7.001109152038383,3,29.0,0.007771401228443969,2,31.0,0.7574696851838045,3,86.0,0.4506418836421601,2,6.0,0.3135534582744615,10,152.0
735.0,14,204.0,3.709090909090909,6.45630880619429,6,51.0,0.0016246694447637586,2,41.0,0.7076313468303874,4,102.0,0.3062736339452308,2,16.0,0.32443079191691754,14,210.0
740.0,12,229.0,4.2407407407407405,5.617627636792222,6,81.0,0.0005884891291771058,0,6.0,0.7391141961657149,4,122.0,0.30002336152310993,2,26.0,0.362665943221437,12,235.0
745.0,13,282.0,5.222222222222222,6.193768546780758,6,111.0,0.00011170709578364197,0,0.0,0.7749876833366811,5,135.0,0.15281984824573372,2,36.0,0.4310648274923877,13,282.0
750.0,15,351.0,6.75,6.933957993897366,6,141.0,1.5446761219996238e-05,0,0.0,0.9469233020171404,5,166.0,0.4231609747890854,3,48.0,0.43273888738139926,14,355.0
755.0,14,419.0,8.215686274509803,6.900263295579878,6,171.0,0.0,0,22.0,0.8887895831679958,5,191.0,0.32694428541993714,3,63.0,0.45034327272653935,14,447.0
760.0,15,492.0,9.283018867924529,7.119120429890422,6,201.0,0.0,0,22.0,0.9564938760752515,6,219.0,0.3770892265092027,3,78.0,0.4952394643921941,15,520.0
765.0,6,239.0,4.596153846153846,6.255764890563477,0,94.0,0.030333343579001245,0,22.0,0.36583661720292776,5,241.0,0.4157920536328504,0,36.0,0.7685351655190314,5,393.0
770.0,10,287.0,5.74,6.812749050674712,0,0.0,1.0,2,10.0,0.3181467992754941,5,272.0,0.49403731872231965,0,0.0,0.7440331177666559,7,282.0
775.0,7,305.0,5.980392156862745,7.46605903815986,0,0.0,1.0,2,20.0,0.5492491235156929,5,288.0,0.47417854653249353,0,0.0,0.9804674884815967,7,308.0
780.0,6,325.0,6.372549019607843,7.5581801224731935,0,0.0,0.9519687168603562,1,15.0,0.7964973287573112,5,337.0,0.35650973472734604,0,0.0,0.9819063245963466,6,352.0
785.0,10,365.0,7.019230769230769,7.358426695681321,1,2.0,0.028366419715499098,1,20.0,0.655644195011571,8,370.0,0.2228098213113836,0,0.0,0.9409426624228439,10,392.0
790.0,14,429.0,8.411764705882353,7.279362746657158,2,12.0,0.00019792532699173732,2,29.0,0.7244501979427566,10,418.0,0.21984100788493938,0,0.0,0.9466800704833075,14,459.0
795.0,15,500.0,9.803921568627452,7.019799191932889,2,22.0,0.0,3,40.0,0.5835921124664329,10,468.0,0.2720886597734249,0,0.0,0.9598155527026124,15,530.0
800.0,18,579.0,11.58,6.3283623911360225,2,32.0,0.0,4,57.0,0.47981986311265096,10,518.0,0.2809273632542865,1,1.0,0.47629271174559934,17,608.0
805.0,11,516.0,10.117647058823529,6.0049229232214945,2,42.0,5.47882361361594e-06,1,19.0,0.36353397957627115,6,489.0,0.33035505020196576,1,6.0,0.4853256581087466,10,556.0
810.0,14,576.0,11.076923076923077,6.699153590068914,2,58.0,0.3221994212205668,2,16.0,0.38291823237716444,7,522.0,0.29152495418801777,0,0.0,0.9595743498420939,11,596.0
815.0,15,647.0,11.981481481481481,6.099624005848335,3,69.0,0.030655693188869803,2,23.0,0.497197253946029,7,560.0,0.23954293494217954,0,0.0,0.934930065424736,12,652.0
820.0,17,699.0,12.709090909090909,5.810823665346023,3,84.0,0.08578548561137177,4,40.0,0.32138301655201756,7,589.0,0.21289707677667893,0,0.0,0.9616778315118342,14,713.0
825.0,13,667.0,12.127272727272727,5.710698470942228,0,7.0,0.03491228852207015,4,60.0,0.41637244506032217,8,626.0,0.11048054385294155,0,0.0,0.9427761483130497,12,693.0
830.0,13,732.0,13.555555555555555,6.4859755099217455,0,7.0,0.2679162261391911,4,80.0,0.5739214399513952,8,664.0,0.1056296669657101,0,0.0,0.9568378809640862,12,751.0
835.0,15,799.0,14.267857142857142,7.1827375785836365,0,0.0,1.0,5,112.0,0.5240306188208171,8,704.0,0.18875055118192047,1,1.0,0.40192097306885555,14,817.0
840.0,17,879.0,15.421052631578947,6.601519785144381,0,0.0,1.0,6,127.0,0.2982917165395804,8,744.0,0.25067934365145933,2,10.0,0.3313299857153245,16,881.0
845.0,16,655.0,11.696428571428571,6.073561602556501,0,0.0,1.0,6,156.0,0.2054331056260385,6,627.0,0.11330591925420909,2,20.0,0.3311758248736251,14,803.0
850.0,17,299.0,5.155172413793103,5.891229690885555,0,0.0,1.0,7,185.0,0.045315918206406285,2,373.0,0.1513842194473863,2,30.0,0.2964630057685508,11,588.0
855.0,17,335.0,6.203703703703703,5.8933201477673425,0,0.0,1.0,7,220.0,0.1570041573374817,3,213.0,0.26373117326899714,3,43.0,0.15495691755982843,13,476.0
860.0,18,423.0,8.294117647058824,6.538829952506883,0,0.0,1.0,8,258.0,0.18463439115462396,3,68.0,0.21755298883171534,3,58.0,0.2366121581443226,14,384.0
865.0,9,180.0,3.75,5.977919248852477,0,0.0,1.0,0,55.0,0.46064483330331196,3,74.0,0.0,4,73.0,0.1899504815050303,7,202.0
870.0,5,50.0,1.0416666666666667,6.63795503254508,0,0.0,1.0,1,4.0,0.6818349017292865,2,44.0,0.32798521938162567,0,0.0,0.5249022029279702,3,48.0
875.0,4,64.0,1.391304347826087,8.136835061269204,0,0.0,1.0,1,12.0,0.5996010879424383,3,70.0,0.5485780710105651,0,0.0,0.8603671725528501,4,82.0
880.0,5,85.0,1.9767441860465116,8.409563475426125,0,0.0,1.0,1,17.0,0.7779320659167835,3,79.0,0.505456851254543,0,0.0,0.9775134913824499,4,96.0
885.0,6,109.0,2.369565217391304,8.362031673980646,0,0.0,1.0,1,22.0,0.6676674617141864,4,98.0,0.568321509123525,0,0.0,0.9612219443234639,5,120.0
890.0,8,149.0,3.1702127659574466,8.159542519403255,0,0.0,1.0,2,32.0,0.6569965530862157,4,118.0,0.6201044593336079,0,0.0,0.9444079083137835,6,150.0
895.0,9,194.0,4.409090909090909,7.711976320869895,0,0.0,1.0,2,42.0,0.6922231876162603,4,135.0,0.5974022816913245,0,0.0,0.749309512672205,6,177.0
900.0,10,202.0,4.809523809523809,6.743925121800219,0,0.0,1.0,2,52.0,0.7018208432071447,4,132.0,0.4099328298330802,1,4.0,0.6567407565872204,7,188.0
905.0,13,243.0,5.5227272727272725,6.350616669186649,0,0.0,1.0,2,43.0,0.589043523155704,7,141.0,0.12138538289808616,1,9.0,0.693797570509368,10,193.0
910.0,18,321.0,7.642857142857143,4.130156185301831,0,0.0,1.0,5,67.0,0.28457386309202776,8,181.0,0.1008238019733084,2,17.0,0.4828165620430982,15,265.0
915.0,21,421.0,9.568181818181818,4.763599680411932,0,0.0,1.0,5,92.0,0.3972008571849912,9,227.0,0.15908447222518038,2,27.0,0.4509296466161385,16,346.0
920.0,23,530.0,11.521739130434783,4.13771763570207,0,0.0,1.0,6,113.0,0.2041783639585438,9,272.0,0.09755467452058454,3,39.0,0.39665614321135917,18,424.0
925.0,22,542.0,11.53191489361702,4.000275932868697,0,0.0,1.0,7,89.0,0.07264613560777836,9,317.0,0.0852913681348955,3,54.0,0.2947200613187217,19,460.0
930.0,22,551.0,11.978260869565217,3.9863632438005006,0,0.0,1.0,7,122.0,0.2160932385734765,10,369.0,0.14542498090683512,4,72.0,0.1881064299796214,21,563.0
935.0,21,653.0,13.893617021276595,4.184431345556543,0,0.0,1.0,7,157.0,0.20512383997166223,10,419.0,0.1587024225201437,4,92.0,0.19360753664838454,21,668.0
940.0,17,603.0,12.5625,4.258514382443393,0,0.0,1.0,7,192.0,0.21256591660568885,6,402.0,0.19778069044126362,4,112.0,0.10388084301518806,17,706.0
945.0,16,682.0,14.208333333333334,4.815191495666478,0,6.0,0.5693622941594512,7,227.0,0.2309721217145497,5,380.0,0.19009638040001264,4,132.0,0.10838012178928046,16,745.0
950.0,17,767.0,16.67391304347826,4.510909162155984,0,9.0,0.2160525933449556,7,262.0,0.2619497236781647,6,410.0,0.1379562480630001,4,152.0,0.16387112105314244,17,833.0
955.0,15,609.0,12.957446808510639,4.279976914551401,3,24.0,0.02692786155048941,1,67.0,0.3257469326672439,6,440.0,0.13317067730623483,5,177.0,0.18974747281732635,15,708.0
960.0,9,262.0,5.346938775510204,5.493715149488856,3,39.0,0.0051620705049665845,2,37.0,0.559263382645059,4,354.0,0.01628255298115588,0,50.0,0.4725880763041852,9,480.0
965.0,9,127.0,2.5918367346938775,6.918885932149316,5,64.0,0.0004887349376751178,2,47.0,0.4393741991499157,2,211.0,0.49551513399399283,0,0.0,0.8689448897910583,9,322.0
970.0,12,178.0,3.7872340425531914,6.799494061210864,5,89.0,0.00016432640164860892,3,59.0,0.4838490247114891,4,105.0,0.3797744713571032,0,0.0,0.9983943982240272,12,253.0
975.0,9,141.0,2.877551020408163,7.244180962060541,0,28.0,0.04211002403633406,3,74.0,0.5359429459490591,6,133.0,0.32265452406169576,0,0.0,0.9824608715770221,9,235.0
980.0,14,195.0,3.979591836734694,6.432308314355396,0,0.0,1.0,6,143.0,0.2866590988646913,8,167.0,0.37470281194912697,0,0.0,0.6461382579434478,14,310.0
985.0,16,232.0,4.73469387755102,6.158055448037356,0,0.0,1.0,6,173.0,0.3523630540980829,8,122.0,0.32591811504389356,1,4.0,0.46686365069887065,15,299.0
990.0,19,319.0,6.645833333333333,5.836926098914426,0,0.0,1.0,8,210.0,0.3361777692591675,9,163.0,0.23594980335629884,1,9.0,0.4845370301862921,18,382.0
995.0,17,266.0,5.115384615384615,5.328735319915438,0,0.0,1.0,5,142.0,0.29255871651326254,10,209.0,0.11144998077663813,1,14.0,0.6486569736864151,16,365.0
1000.0,15,291.0,5.490566037735849,5.883327385537071,0,0.0,1.0,2,53.0,0.48104310702350744,12,264.0,0.003773311714209324,1,19.0,0.3240155461850035,15,336.0
1005.0,5,73.0,1.4313725490196079,6.6610129787113035,0,0.0,1.0,2,40.0,0.5820394992698715,2,128.0,0.13824830617503864,1,5.0,0.4994126867070336,5,173.0
1010.0,3,62.0,1.169811320754717,7.745034424812044,0,6.0,0.6152767373091201,2,55.0,0.4972437411365303,1,43.0,0.5724788848144043,0,0.0,0.977417596663296,3,104.0
1015.0,6,83.0,1.5961538461538463,7.787041491589924,2,12.0,0.16893348986945117,3,68.0,0.609355120599107,1,25.0,0.7748805483827905,0,0.0,0.9750973268983654,6,105.0
1020.0,7,117.0,2.207547169811321,7.1695668385081905,3,26.0,0.02230722975925504,3,83.0,0.6984813508970256,1,29.0,0.7510971058795948,0,0.0,0.9223476798380523,7,138.0
1025.0,8,155.0,2.8703703703703702,7.334617890949172,3,41.0,0.0054369276063563,4,101.0,0.6869414583933149,1,34.0,0.7169755098275461,0,0.0,0.9555528167873565,8,176.0
1030.0,6,149.0,2.6140350877192984,6.910859160391826,0,8.0,0.039287039741123464,4,121.0,0.6852743687206994,2,40.0,0.6315407969287795,0,0.0,0.9740205957419941,6,169.0
1035.0,3,49.0,0.9074074074074074,7.388012523976742,0,0.0,1.0,1,11.0,0.8316745289672017,2,50.0,0.3816645500723334,0,0.0,0.9473491006001926,3,61.0
1040.0,4,68.0,1.2142857142857142,7.868919595695315,0,0.0,1.0,1,7.0,0.7363883016375367,3,64.0,0.2980355523608216,0,0.0,0.9377965626967295,4,71.0
1045.0,4,29.0,0.5087719298245614,7.823721374890597,0,0.0,1.0,2,17.0,0.6155981306334134,2,21.0,0.526951216128298,0,0.0,0.9350680194759342,4,38.0
1050.0,7,58.0,1.0175438596491229,8.023743090368448,0,0.0,1.0,3,32.0,0.558247073131157,3,33.0,0.5507946296391111,1,2.0,0.710194985568779,7,67.0
1055.0,5,61.0,1.0701754385964912,8.457436007489422,0,0.0,1.0,1,15.0,0.6825189535586083,3,48.0,0.6037124272140654,1,7.0,0.6585342223871365,5,70.0
1060.0,6,88.0,1.6923076923076923,8.574511656434934,0,0.0,1.0,1,20.0,0.5053734901807241,3,63.0,0.6039602354946322,2,14.0,0.4865638392865803,6,97.0
1065.0,7,123.0,2.617021276595745,8.093997245905175,0,0.0,1.0,2,30.0,0.32094719268769617,3,78.0,0.6036844378937472,2,24.0,0.5088870340061209,7,132.0
1070.0,10,164.0,3.813953488372093,6.701306830007771,0,0.0,1.0,3,43.0,0.247560698909168,3,93.0,0.4228578771302277,4,37.0,0.1909987356787505,10,173.0
1075.0,6,153.0,3.923076923076923,5.99139529967365,0,0.0,1.0,2,50.0,0.3216720230814601,4,112.0,0.1605530507267222,0,6.0,0.5590621949548018,6,168.0
1080.0,7,185.0,4.868421052631579,6.128813277566574,0,0.0,1.0,2,60.0,0.3296645981464733,5,143.0,0.1631015934575387,0,0.0,0.9434096311231281,7,203.0
1085.0,3,73.0,1.7804878048780488,5.884760339735333,0,0.0,1.0,2,70.0,0.38424168307115025,1,29.0,0.15152459464103582,0,0.0,0.95860166021292,3,99.0
1090.0,4,86.0,2.097560975609756,7.682236166773118,0,3.0,0.6609233347293062,2,83.0,0.5735566618479202,0,6.0,0.7114088303715224,0,0.0,0.95683805173577,2,92.0
1095.0,4,106.0,2.5853658536585367,8.588049956480571,0,0.0,0.806384540841589,2,93.0,0.6845885268148317,0,3.0,0.9729938936616753,0,0.0,0.9264275444269383,2,96.0
1100.0,7,134.0,2.977777777777778,8.412006970138938,0,0.0,1.0,4,107.0,0.5730711565174387,0,3.0,0.963167538816632,0,0.0,0.6526084410334091,4,110.0
1105.0,8,133.0,2.9555555555555557,7.451467056084662,0,0.0,1.0,5,128.0,0.47215460520276215,0,3.0,0.9659022656540831,1,5.0,0.6372348043185209,6,136.0
1110.0,10,178.0,4.045454545454546,6.840485058296641,0,0.0,1.0,5,153.0,0.4744144962699762,0,3.0,0.8369852647382201,2,11.0,0.32715030747622265,7,167.0
1115.0,10,103.0,2.2888888888888888,6.7135474421844314,0,0.0,1.0,3,48.0,0.5976338049647254,1,5.0,0.5899740797575207,2,21.0,0.47039071541102084,6,74.0
1120.0,11,129.0,2.9318181818181817,5.588818444371661,0,0.0,1.0,5,65.0,0.26403692185692973,1,13.0,0.4721095042649002,2,31.0,0.355418360141464,8,109.0
1125.0,12,153.0,3.558139534883721,5.989318934987539,0,0.0,1.0,7,96.0,0.20315792547147338,2,23.0,0.4668487112190898,3,43.0,0.3276728920057149,12,162.0
1130.0,12,213.0,4.840909090909091,5.966728099719737,0,0.0,1.0,7,131.0,0.20841066048313606,2,33.0,0.49834585221103406,3,58.0,0.380372886485833,12,222.0
1135.0,15,276.0,6.133333333333334,5.605187513949825,0,0.0,0.9819606081694471,10,169.0,0.0009162757087138717,2,43.0,0.45390843693897165,3,73.0,0.43950611815766466,15,285.0
1140.0,7,175.0,3.888888888888889,6.055720843687913,0,0.0,1.0,4,126.0,0.232750371865592,3,55.0,0.4603172793714046,0,1.0,0.6670651263287287,7,182.0
1145.0,7,210.0,4.7727272727272725,7.417715116249135,0,0.0,1.0,4,146.0,0.35903860151336325,3,79.0,0.5197044828438874,0,0.0,0.8162158832025828,7,225.0
1150.0,11,255.0,5.795454545454546,6.902125068880028,0,0.0,1.0,4,166.0,0.2787189560810916,7,107.0,0.37094170052914616,0,0.0,0.9432926631476627,11,273.0
1155.0,15,324.0,6.8936170212765955,6.1506962476317115,0,0.0,1.0,5,191.0,0.24283802606783564,9,147.0,0.17442521879757542,0,0.0,0.8630752546708561,14,338.0
1160.0,16,233.0,4.854166666666667,5.756322881775968,0,0.0,1.0,3,96.0,0.2645231951269864,12,201.0,0.14104139685177214,0,0.0,0.7272172206783462,15,297.0
1165.0,7,66.0,1.346938775510204,6.616663058665438,0,0.0,1.0,2,24.0,0.4777880051082162,3,90.0,0.3511215147111079,1,4.0,0.6630153755004632,6,118.0
1170.0,4,55.0,1.2222222222222223,7.449114274116597,0,6.0,0.6757665038947065,2,46.0,0.5686120837467741,1,45.0,0.43986551808141694,1,9.0,0.623646006021274,4,106.0
1175.0,8,83.0,1.7291666666666667,7.5253034468042586,2,12.0,0.2039416529461129,3,59.0,0.5646036140137358,2,34.0,0.5802074587314892,1,14.0,0.5384850260657613,8,119.0
1180.0,9,113.0,2.511111111111111,7.156455821635742,3,27.0,0.023066900472806417,3,62.0,0.6089217305087975,2,44.0,0.631137263030006,0,0.0,0.5492063787453987,8,133.0
1185.0,10,152.0,3.234042553191489,7.413957155122102,5,46.0,0.00422170644983156,3,74.0,0.6277732120653159,2,59.0,0.6024993311740308,0,0.0,0.9946972959250217,10,179.0
1190.0,12,205.0,4.183673469387755,7.439877218886525,6,75.0,0.001121069549301387,3,89.0,0.5799283025025164,3,70.0,0.4273458047663087,0,0.0,0.9819240491211287,12,234.0
1195.0,14,274.0,5.591836734693878,7.1564169926541155,6,105.0,0.00017546003006784148,3,104.0,0.5130125450377822,5,94.0,0.4464118108282501,0,0.0,0.9748526610567307,14,303.0
1200.0,13,279.0,5.58,6.718180383050045,6,135.0,5.0666597769608266e-05,1,53.0,0.5625274403007728,6,120.0,0.21951325171862165,0,0.0,0.9708997604133847,13,308.0
1205.0,15,351.0,6.75,5.918049046208198,6,165.0,7.557080728426636e-06,1,55.0,0.48295724386062155,8,157.0,0.10175481290905916,0,0.0,0.9663124945838382,15,377.0
1210.0,9,234.0,4.415094339622642,6.772272796359718,0,78.0,0.0302368679920855,1,60.0,0.6501028139078469,7,193.0,0.1988473254928927,0,0.0,0.9335037128775379,8,331.0
1215.0,11,282.0,5.320754716981132,6.726761544593461,0,0.0,1.0,1,65.0,0.47581123367456063,7,221.0,0.28962674878014255,1,2.0,0.3609275936821703,9,288.0
1220.0,13,342.0,6.333333333333333,7.0014282193766295,0,0.0,1.0,1,70.0,0.4805376042963298,7,246.0,0.37992779005071414,2,11.0,0.33187259860368173,10,327.0
1225.0,14,407.0,7.826923076923077,6.835060350726836,0,0.0,1.0,1,75.0,0.6325707974572086,7,281.0,0.3958654736125352,3,21.0,0.20503229296724093,11,377.0
1230.0,11,304.0,5.96078431372549,6.215157757216795,0,0.0,1.0,2,81.0,0.32205978997445167,3,189.0,0.4906009844472249,3,32.0,0.12145957390078199,8,302.0
1235.0,13,367.0,7.34,6.576189531107534,0,3.0,0.9306767720878778,2,97.0,0.4615593526925686,4,163.0,0.3153814619473013,3,47.0,0.22426094128117718,9,310.0
1240.0,11,386.0,8.041666666666666,6.612373270808678,0,0.0,1.0,1,99.0,0.7357946069938226,4,183.0,0.3190000051168877,3,62.0,0.2432753404536744,8,344.0
1245.0,10,370.0,7.708333333333333,6.74374314292288,0,0.0,0.9620604395976726,1,104.0,0.7617135194539622,4,203.0,0.1801106701585326,0,0.0,0.5426207581686532,5,307.0
1250.0,11,254.0,5.183673469387755,6.221484534929106,0,0.0,0.03030791334949568,1,109.0,0.7713430022881016,3,136.0,0.38393694424121594,0,0.0,0.7155128500540994,4,245.0
1255.0,16,292.0,5.959183673469388,5.998550753553225,1,8.0,0.44549588098845433,1,122.0,0.7657207837574572,4,36.0,0.31995095959703473,0,0.0,0.8401610904719249,6,166.0
1260.0,15,359.0,7.479166666666667,6.211168475509215,1,10.0,0.2134519509513414,1,127.0,0.8191178855651139,4,50.0,0.3056908145515789,0,0.0,0.9081705409285358,6,187.0
1265.0,15,305.0,6.224489795918367,5.484136058575045,1,15.0,0.0,4,127.0,0.2599306339076344,4,70.0,0.2794102953086108,0,0.0,0.9821874493143051,9,212.0
1270.0,9,235.0,4.895833333333333,6.01876362322513,1,20.0,0.0,5,152.0,0.2606161450808979,1,43.0,0.45841447568677046,0,0.0,0.939227846969386,7,215.0
1275.0,10,281.0,5.73469387755102,6.39690945863592,1,28.0,0.4263359932290253,5,183.0,0.33384542427525227,1,43.0,0.4720407534857567,1,1.0,0.595128775497373,8,255.0
1280.0,9,276.0,5.52,6.662501963173031,2,37.0,0.13002789714882101,1,136.0,0.8074319908127837,1,48.0,0.6989011107550315,2,8.0,0.49051334658271956,6,229.0
1285.0,11,325.0,6.63265306122449,6.613820809083718,3,50.0,0.007769198676165897,1,174.0,0.7771444085997085,1,112.0,0.7537018318496801,3,19.0,0.29092888576953946,8,355.0
1290.0,13,304.0,5.96078431372549,6.394777784057711,4,68.0,0.000792070341568602,2,182.0,0.6141634822402652,3,123.0,0.49514712843353836,4,35.0,0.18850843406559675,13,408.0
1295.0,17,384.0,7.384615384615385,6.130054212688682,4,88.0,0.00014626439603331008,3,197.0,0.5368966042387253,4,143.0,0.521608099721729,4,55.0,0.261266969317137,15,483.0
1300.0,16,394.0,7.296296296296297,6.543449137408817,4,108.0,2.5882339866712353e-05,4,216.0,0.4776708936928288,2,94.0,0.6550150379540021,4,75.0,0.30999610881329015,14,493.0
1305.0,13,212.0,4.0,6.1494559789395264,4,128.0,3.336232770965333e-06,6,91.0,0.3588292509848585,3,97.0,0.508982985713325,0,20.0,0.5137091742700346,13,336.0
1310.0,10,135.0,2.6470588235294117,6.618608163202903,0,25.0,0.03840421214834607,6,121.0,0.24999122262144766,4,127.0,0.535000643659526,0,0.0,0.9354859239676007,10,273.0
1315.0,16,201.0,3.7222222222222223,5.926582658162432,0,0.0,1.0,8,156.0,0.1607987411062422,8,155.0,0.3012617186103154,0,0.0,0.93566892144283,16,311.0
1320.0,13,221.0,4.092592592592593,5.850337039032809,0,0.0,1.0,10,197.0,0.12718414922629406,2,131.0,0.2766584452799437,0,0.0,0.9665067853193113,12,328.0
1325.0,8,219.0,4.055555555555555,6.779631643741669,0,0.0,0.7187198934429506,6,193.0,0.33461194610928763,2,134.0,0.5753520729865952,0,0.0,0.7838160833225379,8,327.0
1330.0,11,263.0,5.0576923076923075,6.980815424815176,2,2.0,0.14613506949378122,6,218.0,0.4353594304055488,2,144.0,0.568839653410451,1,2.0,0.4795586050969685,11,366.0
1335.0,15,328.0,5.857142857142857,6.876739348347369,3,16.0,0.0,7,250.0,0.3741825276910815,2,154.0,0.46170088467735654,2,10.0,0.20133780378414504,14,430.0
1340.0,18,409.0,7.716981132075472,5.923170456736346,3,31.0,0.0,8,289.0,0.2972528232969915,4,171.0,0.2810932048285723,3,24.0,0.16558437296327858,18,515.0
1345.0,20,508.0,9.96078431372549,5.886412641043351,3,46.0,0.0,9,337.0,0.3737812887277309,5,195.0,0.3600947523782788,3,39.0,0.2377942580286951,20,617.0
1350.0,17,547.0,10.72549019607843,5.465441406804291,0,0.0,1.0,9,382.0,0.25314532016248037,5,220.0,0.27295968143911575,3,54.0,0.24385625172677705,17,656.0
1355.0,18,511.0,9.826923076923077,5.1645131760321625,0,0.0,1.0,12,438.0,0.12908516467206302,3,142.0,0.3360767701624139,3,69.0,0.25872710444002145,18,649.0
1360.0,19,591.0,11.150943396226415,5.283160650010575,0,3.0,0.8962678147249503,14,507.0,0.11626589367600919,2,47.0,0.2540557986812372,3,84.0,0.4079216401428229,19,641.0
1365.0,19,593.0,11.403846153846153,4.928248739896631,0,0.0,1.0,14,577.0,0.17582573555042655,3,60.0,0.08198701746353311,0,32.0,0.6542103855954918,17,669.0
1370.0,18,648.0,11.781818181818181,4.874715667137794,0,0.0,1.0,11,594.0,0.1702914950670804,4,85.0,0.14866579738165167,0,0.0,0.9871185127514707,15,679.0
1375.0,19,728.0,12.771929824561404,4.893443964860044,0,0.0,1.0,14,661.0,0.06460207952475541,2,74.0,0.2913096127753604,0,0.0,0.9529372512560538,16,735.0
1380.0,20,827.0,15.036363636363637,5.634950162163994,0,6.0,0.5902465122150107,14,734.0,0.17286407159708275,2,87.0,0.48535100059040126,0,0.0,0.9439703727599631,16,827.0
1385.0,21,928.0,16.280701754385966,5.6718857840595405,1,7.0,0.01938528982145555,14,807.0,0.29321544219499546,2,97.0,0.580078472199534,0,0.0,0.9303509700596218,17,911.0
1390.0,25,1042.0,17.366666666666667,4.7656879468047855,2,17.0,5.979599570877229e-05,15,878.0,0.21510002654311142,2,107.0,0.4777148918616646,0,0.0,0.9617960618791801,19,1002.0
1395.0,29,1182.0,19.7,4.301299278452304,2,27.0,0.0,17,961.0,0.22665676086868686,2,117.0,0.4877040671064302,0,0.0,0.9528916075792782,21,1105.0
1400.0,29,1327.0,22.491525423728813,4.269634821802472,2,37.0,0.0,17,1046.0,0.22161700317566718,2,127.0,0.5332825745604195,0,0.0,0.9415849934183703,21,1210.0
1405.0,30,1420.0,22.903225806451612,3.6990840178023596,2,47.0,0.0,18,1128.0,0.13744852620222028,3,139.0,0.23126940964545087,0,0.0,0.8937307341941689,23,1314.0
1410.0,29,1506.0,23.904761904761905,3.843663809715084,2,57.0,0.0,17,1196.0,0.04833279355350686,5,164.0,0.27218929151613985,0,0.0,0.9898254312505173,24,1417.0
1415.0,21,1398.0,22.548387096774192,4.101298330519667,0,0.0,1.0,17,1281.0,0.05162920141267478,3,156.0,0.22086824149400747,0,0.0,0.9460697097719988,20,1437.0
1420.0,22,1503.0,23.857142857142858,4.9637405451648835,0,0.0,1.0,17,1392.0,0.15912055292199007,4,178.0,0.29962548682355494,0,0.0,0.9613161754581404,21,1570.0
1425.0,22,1613.0,24.439393939393938,5.60571718172703,0,0.0,1.0,17,1497.0,0.22393277809721743,4,198.0,0.32507407246880476,0,0.0,0.6222738771356616,21,1695.0
1430.0,23,1716.0,25.611940298507463,5.657360018451025,0,0.0,1.0,18,1585.0,0.1888294170473612,4,218.0,0.3146209248790551,1,3.0,0.5963447128394664,23,1806.0
1435.0,24,1836.0,27.818181818181817,5.513806812816329,0,0.0,0.873623168715761,19,1680.0,0.13364398692017057,4,262.0,0.4133244494308065,1,8.0,0.6910458689386092,24,1950.0
1440.0,27,1966.0,30.246153846153845,5.012277216422079,0,0.0,0.8835336437894115,21,1784.0,0.1198548346716632,4,282.0,0.16699468659265895,1,13.0,0.7109130385255761,26,2079.0
1445.0,27,2083.0,32.04615384615385,4.638691331987935,0,0.0,0.525307409398903,22,1890.0,0.07235608428489841,5,304.0,0.0,0,0.0,0.9734881854402717,27,2194.0
1450.0,27,2202.0,34.40625,4.311986967023199,2,5.0,0.0015421340309752052,20,1979.0,0.07747278892264273,5,332.0,0.07816305645618027,0,0.0,0.9699580020712557,27,2316.0
1455.0,28,2342.0,36.59375,4.669685072741283,2,15.0,1.99424452232555e-05,21,2081.0,0.11536339136606588,5,354.0,0.16355787858923393,0,0.0,0.932001313902026,28,2450.0
1460.0,27,2462.0,37.303030303030305,5.543114793694344,2,25.0,0.0,21,2186.0,0.1883100855769418,4,341.0,0.4025219989159757,0,0.0,0.9952035037429958,27,2552.0
1465.0,28,2599.0,38.791044776119406,5.494511138401694,2,38.0,0.2796839176690488,21,2291.0,0.18492370351794085,4,361.0,0.48053519236048675,0,0.0,0.5795257135421805,27,2690.0
1470.0,27,2051.0,31.075757575757574,4.694045289961955,3,50.0,0.0004187945220168584,18,2042.0,0.17266642905010487,5,383.0,0.3307517941301422,1,5.0,0.6502579687691039,27,2480.0
1475.0,15,815.0,12.164179104477611,5.852075297563783,0,9.0,0.05107855832298188,8,1405.0,0.2688134294137869,6,411.0,0.24032956798187738,1,10.0,0.6256966369833475,15,1835.0
1480.0,9,463.0,6.8088235294117645,6.716854759179484,0,0.0,1.0,2,895.0,0.36644175183375116,6,441.0,0.3588123299394592,1,15.0,0.7193430213008148,9,1351.0
1485.0,11,498.0,7.217391304347826,7.421916703001092,0,0.0,1.0,5,414.0,0.32888209825492515,6,473.0,0.40915902369965346,0,0.0,0.7430245703837998,11,887.0
1490.0,12,554.0,8.523076923076923,7.393134018678688,0,0.0,0.9308643886642164,6,440.0,0.18656542719607366,6,503.0,0.3900479600570916,0,0.0,0.9502234939817151,12,943.0
1495.0,19,637.0,9.8,6.426421631080153,0,0.0,0.022719725041368995,12,488.0,0.18762209727685492,7,535.0,0.4247357384010676,0,0.0,0.9028440189977275,19,1023.0
1500.0,21,737.0,11.0,6.545508158047357,1,4.0,1.691954289827263e-05,13,549.0,0.1470731723321639,7,570.0,0.4323450422888938,0,0.0,0.9533174354713321,21,1123.0
1505.0,21,842.0,12.567164179104477,6.387761181128345,1,9.0,0.0,13,614.0,0.17998350394608884,7,605.0,0.46068840917792403,0,0.0,0.9596275653115742,21,1228.0
1510.0,17,439.0,6.552238805970149,6.059429455954643,1,14.0,0.0,7,538.0,0.2638053651682356,6,464.0,0.3457447096846472,0,0.0,0.9513324155286383,14,1016.0
1515.0,10,211.0,3.0579710144927534,7.009607191189756,1,19.0,0.0,7,542.0,0.3553824184776099,2,213.0,0.48116450820599066,0,0.0,0.9321152043630594,10,774.0
1520.0,11,262.0,3.742857142857143,7.512317672011279,1,24.0,0.0,7,577.0,0.35322836098482463,2,93.0,0.5961886401247984,1,1.0,0.7139516122912781,11,695.0
1525.0,13,322.0,4.735294117647059,7.235494238160899,1,29.0,0.0,7,612.0,0.21742406832155714,4,74.0,0.5401112100549444,1,5.0,0.5811018994055469,13,720.0
1530.0,16,251.0,3.6911764705882355,6.76959231815739,1,34.0,0.0,3,410.0,0.29747005998487214,6,98.0,0.4413799536141436,2,15.0,0.46066954438270385,12,557.0
1535.0,11,118.0,1.7352941176470589,7.119758062102158,0,0.0,1.0,1,36.0,0.685022244847104,2,69.0,0.6844586677968681,2,25.0,0.49686617474973627,5,130.0
1540.0,13,177.0,2.765625,6.9749098781494965,0,3.0,0.9663137515654608,1,11.0,0.6966285691507075,3,83.0,0.5900483242887723,2,35.0,0.34660354552231215,6,132.0
1545.0,13,242.0,3.903225806451613,7.197436850535653,0,0.0,0.9732368441541354,1,16.0,0.6632489101618395,3,95.0,0.597272108326548,2,45.0,0.38045073467255347,6,156.0
1550.0,16,315.0,5.080645161290323,6.335518101823623,0,0.0,0.9681680864931258,3,25.0,0.6075153894789617,3,104.0,0.5516978445430469,3,59.0,0.37570610885265937,9,188.0
1555.0,15,240.0,3.870967741935484,5.332950891080392,1,2.0,0.007007886734378306,3,40.0,0.5065219481963161,1,51.0,0.6981577863530389,0,8.0,0.6326936404345629,5,101.0
1560.0,21,338.0,5.540983606557377,5.218143710580609,2,12.0,0.0,5,64.0,0.38736720144079234,1,27.0,0.5744076632988707,0,0.0,0.9651830752253903,8,103.0
1565.0,21,343.0,5.622950819672131,5.068105210814398,2,22.0,0.0,6,94.0,0.328769842927524,3,39.0,0.3356009353741672,0,0.0,0.9324069900333583,11,155.0
1570.0,13,135.0,2.3275862068965516,4.690383877189305,2,32.0,0.0,2,28.0,0.2916851059694735,8,70.0,0.0009951253807197217,0,0.0,0.9631911388432632,12,130.0
1575.0,10,142.0,2.491228070175439,5.817265295321525,0,0.0,1.0,2,35.0,0.3936557410020512,8,110.0,0.10560868341713107,0,0.0,0.9494394516076547,10,145.0
1580.0,6,109.0,1.912280701754386,6.527499412770832,0,0.0,1.0,2,45.0,0.48063052384540156,2,89.0,0.407078167460736,1,2.0,0.6137392511371058,5,136.0
1585.0,12,159.0,2.890909090909091,7.016557895365511,0,3.0,0.7169437434539038,2,104.0,0.5934038643201228,3,80.0,0.48179736440808557,1,7.0,0.701216648821572,6,194.0
1590.0,12,219.0,4.055555555555555,7.801560651517195,0,0.0,1.0,2,142.0,0.7264080079714212,3,95.0,0.4775302592168766,1,12.0,0.46520986069084747,6,249.0
1595.0,15,287.0,5.74,6.900928541902541,0,0.0,1.0,3,153.0,0.6323419461619173,3,110.0,0.5591325494966745,3,24.0,0.2495400140427473,9,287.0
1600.0,10,145.0,2.9,5.611186665761812,0,0.0,1.0,1,82.0,0.51767965915032,1,63.0,0.5252355240706783,0,0.0,0.938599676628852,2,145.0
1605.0,15,190.0,3.7254901960784315,5.940197768554096,0,0.0,1.0,2,21.0,0.6134309943124493,3,23.0,0.24753759498606867,0,0.0,0.9695271503029449,5,44.0
1610.0,18,276.0,5.52,5.920935290533361,0,0.0,1.0,2,32.0,0.7025535264876306,6,46.0,0.16533519300210198,0,0.0,0.9653857190373939,8,78.0
1615.0,15,287.0,5.519230769230769,5.117147458141387,0,0.0,1.0,2,41.0,0.43834820300235267,7,77.0,0.11780586835389034,0,0.0,0.9668946770308645,9,118.0
1620.0,10,250.0,4.901960784313726,5.195420034690665,0,0.0,1.0,4,37.0,0.35656264968950796,0,16.0,0.1209967969419337,0,0.0,0.94082554203014,4,53.0
1625.0,12,305.0,5.865384615384615,6.313881307637245,0,9.0,0.5473597008158917,6,68.0,0.39147680572118215,0,3.0,0.8094499639448853,0,0.0,0.9929718102802791,6,80.0
1630.0,15,368.0,7.076923076923077,6.18857632696807,2,11.0,0.10793656083735034,7,99.0,0.46164732345916853,0,3.0,0.9467011344245839,0,0.0,0.9410734418534219,9,113.0
1635.0,17,449.0,8.634615384615385,5.8187341901041485,3,26.0,0.017150738637166,8,135.0,0.378837597927108,0,3.0,0.9628383537808076,0,0.0,0.98970067747554,11,164.0
1640.0,20,543.0,10.055555555555555,5.543390190311028,4,42.0,0.027139743260786508,10,180.0,0.37610986866311724,0,3.0,0.9993388498028234,0,0.0,0.9656723388595106,14,225.0
1645.0,19,514.0,9.345454545454546,5.241362399093987,5,65.0,0.00027782565074851984,10,230.0,0.38509177903910685,0,3.0,0.9642275344628113,0,0.0,0.5072750745140947,15,298.0
1650.0,18,355.0,6.339285714285714,4.412294646442395,5,90.0,6.039767287418581e-05,10,280.0,0.29550379310887476,1,4.0,0.0031877302205244934,1,4.0,0.4929558833480587,17,378.0
1655.0,20,442.0,7.892857142857143,4.634763747481974,5,115.0,2.663071387564484e-05,13,334.0,0.15817667918325445,1,9.0,0.0,1,9.0,0.4861001182607001,20,467.0
1660.0,10,258.0,4.372881355932203,5.1780144768334955,5,140.0,4.554179864120816e-06,5,158.0,0.10850355738377435,0,0.0,1.0,0,0.0,0.303071225513685,10,298.0
1665.0,10,308.0,5.4035087719298245,6.11542460069713,5,165.0,0.0,5,156.0,0.23361441405672703,0,80.0,0.8250668699375249,0,0.0,0.7788384573838816,10,401.0
1670.0,11,359.0,6.298245614035087,6.920225085408342,5,190.0,0.0,5,178.0,0.3385399718878679,1,84.0,0.8088847560528561,0,0.0,0.9436751225501656,11,452.0
1675.0,11,414.0,6.67741935483871,7.618045739097792,5,215.0,0.0,5,234.0,0.4792387347110328,1,141.0,0.7190346440367871,0,0.0,0.9391587570354941,11,590.0
1680.0,12,471.0,7.721311475409836,7.712828348113399,5,240.0,0.0,5,272.0,0.5507690047486357,2,148.0,0.6892313272747957,0,0.0,0.9687417832393072,12,660.0
1685.0,10,282.0,4.548387096774194,6.887394157961281,0,87.0,0.04636573893269056,7,301.0,0.3246820075061983,2,158.0,0.6836098243853356,0,0.0,0.9065876300772729,9,546.0
1690.0,11,330.0,5.892857142857143,7.076195808841041,0,0.0,1.0,8,339.0,0.21447712548699122,2,184.0,0.6623094839525937,1,2.0,0.42542872676108506,11,525.0
1695.0,16,398.0,6.982456140350878,6.355533583566718,0,0.0,1.0,9,383.0,0.09270229753144277,4,196.0,0.3064696209022712,2,11.0,0.23184572376940257,15,590.0
1700.0,13,173.0,3.0892857142857144,6.048741443733568,0,0.0,1.0,7,282.0,0.15775798386724396,3,204.0,0.05515503182785169,0,8.0,0.44373736595868635,10,494.0
1705.0,10,146.0,2.607142857142857,7.550838465684356,0,6.0,0.5915399410206783,4,79.0,0.34667006675159434,3,222.0,0.22745291147829533,0,0.0,0.9401802007977761,7,307.0
1710.0,10,196.0,3.5636363636363635,7.719550726016105,0,0.0,0.7814042955696294,4,72.0,0.4772616350177064,3,240.0,0.3770364130173901,0,0.0,0.9444497106272589,7,312.0
1715.0,12,252.0,4.581818181818182,7.2181904000113875,0,0.0,1.0,4,92.0,0.4920151338902106,5,261.0,0.3223509265741833,0,0.0,0.9596924798014813,9,353.0
1720.0,12,312.0,5.886792452830188,6.714539371814568,0,0.0,1.0,4,112.0,0.4375116937568367,5,286.0,0.3842739513073357,0,0.0,0.9127578320255374,9,398.0
1725.0,12,350.0,6.862745098039215,6.0945677401357825,0,0.0,1.0,4,132.0,0.36314272847139173,6,315.0,0.4172467268246276,0,0.0,0.9827121846900498,10,447.0
1730.0,12,351.0,6.381818181818182,6.095156673662243,0,0.0,1.0,5,155.0,0.3055892730978216,7,347.0,0.3280655726107806,0,0.0,0.9882245618244461,12,502.0
1735.0,13,415.0,8.46938775510204,5.826866572371106,0,0.0,1.0,5,180.0,0.2112223618537344,8,386.0,0.31369772834796716,0,0.0,0.9688917293877948,13,566.0
1740.0,5,235.0,4.795918367346939,6.2070716530636485,0,0.0,1.0,0,12.0,0.49293632934553666,5,391.0,0.23488077610615776,0,0.0,0.9810800264476266,5,403.0
1745.0,5,260.0,5.531914893617022,7.34876904905777,0,0.0,1.0,0,3.0,0.6103335066524244,5,408.0,0.25501417491085465,0,0.0,0.9789143836658878,5,411.0
1750.0,6,289.0,5.78,8.113362791400776,0,0.0,0.9404538742234899,1,7.0,0.7646351985927422,5,442.0,0.34735061198298234,0,0.0,0.7683773407167783,6,449.0
1755.0,9,326.0,6.653061224489796,7.255926188745054,0,0.0,1.0,1,12.0,0.7240640844868967,5,467.0,0.3819703178015924,1,4.0,0.4658325084198451,7,483.0
1760.0,8,353.0,7.354166666666667,7.248627953700204,0,0.0,1.0,0,3.0,0.9637306693104146,6,495.0,0.43638846945898707,1,9.0,0.48547923798109827,7,507.0
1765.0,11,405.0,8.1,7.018747100895119,0,0.0,1.0,0,3.0,0.8912889688622672,6,525.0,0.4385612235595717,1,14.0,0.6429049795324596,7,542.0
1770.0,10,434.0,9.041666666666666,6.405462116600217,0,0.0,1.0,1,5.0,0.7118383382299814,6,555.0,0.4451600448750396,0,0.0,0.9583909104989148,7,560.0
1775.0,10,455.0,9.680851063829786,5.403776970878512,0,0.0,1.0,1,10.0,0.5679230589350783,6,588.0,0.35520400705406197,0,0.0,0.9613510530603004,7,598.0
1780.0,14,489.0,9.979591836734693,5.065379692469466,0,0.0,1.0,2,44.0,0.4770610688133545,11,630.0,0.08349113876174932,0,0.0,0.9303800965015909,13,674.0
1785.0,12,530.0,10.816326530612244,5.484907328243097,0,0.0,1.0,0,25.0,0.5839132558935669,12,690.0,0.03224317625582403,0,0.0,0.9511948041349556,12,715.0
1790.0,14,594.0,12.122448979591837,6.248520033567026,0,0.0,1.0,0,25.0,0.7219480235980206,13,752.0,0.0633624696455013,1,2.0,0.6508446276985199,14,779.0
1795.0,16,667.0,13.34,6.548034124687234,0,0.0,1.0,1,1.0,0.6447962171163126,14,822.0,0.11836446028664117,1,7.0,0.6530716299421836,16,830.0
1800.0,17,749.0,14.98,6.36926309498025,0,0.0,1.0,1,6.0,0.4979547932538741,15,900.0,0.11369419640205128,1,12.0,0.4855453880471545,17,918.0
1805.0,18,828.0,16.56,5.865457400599714,0,0.0,1.0,0,0.0,0.9676401919972479,15,975.0,0.1155321557764474,3,22.0,0.13300722925145061,18,997.0
1810.0,14,612.0,12.24,5.886516811312827,0,0.0,1.0,0,0.0,0.5027759734358465,13,831.0,0.12149332357656709,0,0.0,0.9669595397979813,13,831.0
1815.0,11,286.0,5.72,6.748939411012901,0,0.0,1.0,1,9.0,0.6076179503900626,9,573.0,0.16340721580397166,0,0.0,0.9592716478544996,10,582.0
1820.0,11,328.0,6.56,6.946377639193227,0,0.0,1.0,1,14.0,0.7602792182100684,10,426.0,0.1234452226364348,0,0.0,0.9798896082074422,11,440.0
1825.0,11,371.0,7.42,6.813242823850467,0,0.0,1.0,0,4.0,0.7265358118465258,11,393.0,0.12456410096461762,0,0.0,0.9736553992636818,11,397.0
1830.0,4,28.0,0.5714285714285714,6.7828306421157105,0,0.0,1.0,1,7.0,0.6615434438153095,3,164.0,0.2783213391928194,0,0.0,0.9550773134137305,4,171.0
1835.0,3,15.0,0.3125,7.377502122607237,0,6.0,0.6054775146111286,1,18.0,0.70069659529342,2,39.0,0.529497705268649,0,0.0,0.9264982776426289,3,63.0
1840.0,3,30.0,0.6,7.538784790853539,0,9.0,0.23516785941622523,1,26.0,0.7969621748013179,2,20.0,0.35809931518548227,0,0.0,0.9866448368001,3,55.0
1845.0,7,51.0,1.02,7.014306205880948,3,24.0,0.04694892975546732,0,9.0,0.8997928600204643,4,39.0,0.4168671952198207,0,0.0,0.9799291996000214,7,72.0
1850.0,5,59.0,1.18,6.95140635722246,0,0.0,0.030842076464154888,0,9.0,0.92006446157242,4,59.0,0.4091409988147615,1,3.0,0.489165615870177,5,71.0
1855.0,2,29.0,0.5576923076923077,7.844525514699155,0,0.0,0.17648341716501362,0,6.0,0.8464624290775346,2,55.0,0.5674438117205138,0,0.0,0.9931738363913802,2,61.0
1860.0,2,22.0,0.43137254901960786,8.38205965931353,0,3.0,0.9768945521154544,1,6.0,0.7529221289905694,1,28.0,0.6430789140151056,0,0.0,0.960415870115049,2,37.0
1865.0,7,45.0,0.8653846153846154,7.390218272397158,0,0.0,1.0,3,17.0,0.46950539227667315,4,40.0,0.2798827558790938,0,0.0,0.923940146061317,7,57.0
1870.0,11,94.0,1.7735849056603774,6.701147245662908,0,0.0,1.0,4,36.0,0.3820013733105476,5,65.0,0.2741803781179591,0,0.0,0.9782409484636618,9,101.0
1875.0,9,108.0,1.9285714285714286,6.478359230905499,0,0.0,1.0,6,62.0,0.2553420335327643,1,37.0,0.3646794099155106,0,0.0,0.9941253260904255,7,99.0
1880.0,13,162.0,3.1153846153846154,6.392393724151731,0,6.0,0.6334139521490392,9,109.0,0.2656561022890083,1,39.0,0.42663036657924885,0,0.0,0.7177988374426527,10,154.0
1885.0,6,89.0,1.8541666666666667,6.092146806850262,1,7.0,0.16697069863902225,1,50.0,0.48093421089417693,1,44.0,0.5907451406360714,1,2.0,0.4720947438698231,4,103.0
1890.0,4,67.0,1.4565217391304348,7.236920718466305,2,17.0,0.008965898545854533,0,15.0,0.8256695254789846,1,49.0,0.6275727899496081,1,7.0,0.4896422573948683,4,88.0
1895.0,5,88.0,1.8333333333333333,8.259558232977335,2,28.0,0.0034907516998990457,1,4.0,0.7662876559061248,1,60.0,0.7549543978655281,1,12.0,0.6154701899772226,5,104.0
1900.0,6,102.0,2.2666666666666666,7.870598229128034,3,43.0,0.000865225438386428,1,9.0,0.7053329975121633,1,65.0,0.7941172216406032,0,0.0,0.943834334252465,5,117.0
1905.0,9,140.0,3.3333333333333335,7.404293693563989,3,58.0,0.0001133209929650957,1,14.0,0.657749041792038,1,73.0,0.7387450171759354,0,0.0,0.9704879067530595,5,145.0
1910.0,13,194.0,4.409090909090909,6.149713272521139,3,73.0,1.048813312568475e-05,2,19.0,0.49399266174546963,4,81.0,0.39519449323929384,0,0.0,0.952453308150144,9,173.0
1915.0,9,193.0,4.825,6.038817112370467,3,88.0,0.0,5,38.0,0.3624072126896603,1,77.0,0.576491063556637,0,0.0,0.9723878628111331,9,203.0
1920.0,9,238.0,5.804878048780488,6.808192789273028,3,103.0,0.0,5,80.0,0.3931089591360168,1,82.0,0.6341443771439751,0,0.0,0.9547567331507592,9,265.0
1925.0,9,247.0,6.175,5.6572577815266225,3,118.0,0.008078545882704645,3,75.0,0.43750034752214795,1,84.0,0.4906283645663888,0,0.0,0.9656742072795459,7,277.0
1930.0,14,308.0,7.162790697674419,5.701864332056146,4,138.0,0.024965770812326538,4,67.0,0.44068169832418264,1,89.0,0.0,0,0.0,0.952247911032712,9,294.0
1935.0,13,359.0,8.348837209302326,5.69721211641379,4,158.0,0.013077714070388399,4,87.0,0.5554096175089284,1,97.0,0.6835548589895472,1,1.0,0.4986017817728405,10,343.0
1940.0,13,393.0,8.733333333333333,6.047381325707785,5,181.0,0.0038920914811025405,4,107.0,0.5263953279193108,1,102.0,0.6958046969166874,1,5.0,0.49388351586746987,11,395.0
1945.0,9,322.0,6.851063829787234,6.583860274349038,6,210.0,0.0007502230914422664,0,6.0,0.9673641717916347,2,111.0,0.4992131552308325,1,10.0,0.6062824002915279,9,337.0
1950.0,9,355.0,7.553191489361702,6.907745389508331,6,240.0,0.0001716572966216092,0,0.0,0.9648973865042854,3,125.0,0.4818714667299362,0,0.0,0.9748239725267894,9,365.0
1955.0,9,400.0,9.090909090909092,6.8676192509709635,6,270.0,3.234742679074062e-05,0,0.0,0.973556035023029,3,149.0,0.5151783877948656,0,0.0,0.9372833380432474,9,419.0
1960.0,3,152.0,3.3043478260869565,6.767154727108779,1,106.0,0.014127034946930917,0,0.0,0.9686650698393773,2,139.0,0.6603405382245108,0,0.0,0.9380987557127872,3,245.0
1965.0,2,143.0,2.9183673469387754,7.9384016019168975,0,20.0,0.10366235055001415,0,0.0,0.7328096892029317,2,149.0,0.68725575100173,0,0.0,0.9911280254765567,2,169.0
1970.0,3,156.0,3.3191489361702127,8.399125989423396,0,0.0,1.0,1,6.0,0.7513265494311974,2,159.0,0.5724445020471233,0,0.0,0.9282364589431441,3,165.0
1975.0,4,174.0,3.8666666666666667,7.896280463706186,0,0.0,1.0,2,14.0,0.5538980126511767,2,169.0,0.5800300257658301,0,0.0,0.9848520831495988,4,183.0
1980.0,5,199.0,4.5227272727272725,7.926497421194823,0,0.0,0.9883530483348051,3,29.0,0.5260155160843591,2,173.0,0.32320707859828196,0,0.0,0.9263815545503852,5,202.0
1985.0,5,43.0,0.9347826086956522,8.529214843683716,0,0.0,1.0,4,45.0,0.5877689866330201,0,38.0,0.4813030017272681,0,0.0,0.9519921112759705,4,83.0
1990.0,6,66.0,1.5348837209302326,8.036428348653487,0,3.0,0.8808048389993774,4,65.0,0.5581246368286407,1,2.0,0.47595047854271677,1,2.0,0.4990593352260695,6,72.0
1995.0,10,97.0,2.6216216216216215,6.048483744336283,0,0.0,1.0,8,96.0,0.22559759741730162,2,8.0,0.003401426793362855,0,0.0,0.9694489350699225,10,104.0
2000.0,14,158.0,4.051282051282051,5.566485143752819,0,0.0,1.0,12,147.0,0.053172753801764304,2,21.0,0.20499409262017632,0,0.0,0.9635093979954052,14,168.0
2005.0,14,213.0,5.461538461538462,5.361682635768149,0,0.0,1.0,13,209.0,0.03287815740935304,1,11.0,0.6342091275347096,0,0.0,0.9910488345958403,14,220.0
2010.0,14,283.0,7.075,5.742765891262091,0,3.0,0.6648443687980727,13,274.0,0.16014647345098776,1,16.0,0.49343648320483036,0,0.0,0.9709752544388389,14,293.0
2015.0,14,353.0,8.609756097560975,5.114139305115728,0,3.0,0.030240713358623265,13,343.0,0.22662989809434742,1,21.0,0.1208715571140949,0,0.0,0.952006363099093,14,367.0
2020.0,16,431.0,9.795454545454545,5.550289011781749,1,8.0,0.0,13,408.0,0.25007952710315523,2,29.0,0.0002048373469978717,0,0.0,0.9433562039074375,16,445.0
2025.0,17,513.0,11.152173913043478,5.953785693418503,1,13.0,0.0,14,478.0,0.2600350542196827,2,39.0,0.0,0,0.0,0.9692583568966988,17,530.0
2030.0,12,318.0,6.913043478260869,5.503048344313924,1,18.0,0.0,9,300.0,0.3140382636932484,1,13.0,0.0,1,1.0,0.655627022193201,12,332.0
2035.0,14,383.0,7.66,5.6975702474480245,1,23.0,0.0,11,350.0,0.22556528173417145,1,18.0,0.0,1,6.0,0.6898080817563322,14,397.0
2040.0,16,458.0,9.16,6.754789326877264,1,28.0,0.0,12,408.0,0.1477053842168137,1,32.0,0.7275717692193833,2,13.0,0.4885443410615114,16,481.0
2045.0,16,511.0,9.826923076923077,6.639124853586096,0,0.0,1.0,13,471.0,0.10933264589253705,1,37.0,0.8098235553125664,2,23.0,0.46154848772457296,16,531.0
2050.0,12,326.0,6.392156862745098,6.688994698119288,0,0.0,1.0,9,399.0,0.14542894862678604,1,42.0,0.7967518225670446,2,33.0,0.3356096705293369,12,474.0
2055.0,4,85.0,1.6346153846153846,7.3507006209020656,0,0.0,1.0,0,180.0,0.35597578225947685,1,44.0,0.765268427409623,3,47.0,0.19514162010171612,4,271.0
2060.0,6,112.0,2.2857142857142856,8.76592831257455,0,0.0,1.0,1,54.0,0.6883838289400641,2,53.0,0.7476111852410029,3,62.0,0.20121865148828716,6,169.0
2065.0,9,147.0,3.0625,7.874657946875529,0,0.0,0.8388927677644757,1,8.0,0.6238230672043036,3,64.0,0.4985457208991513,4,80.0,0.19169011316716947,8,152.0
2070.0,13,195.0,3.9,6.886998089295504,2,5.0,0.2028777083595803,1,1.0,0.4727332243573187,5,83.0,0.3248372150300156,4,100.0,0.18870838437844564,12,189.0
2075.0,14,261.0,5.673913043478261,5.804192835804012,3,16.0,0.0636152240504466,1,5.0,0.4841870203400321,5,108.0,0.35865527889041093,4,120.0,0.28627329795359074,13,249.0
2080.0,11,237.0,5.1521739130434785,5.973112638283741,3,31.0,0.011595222265862766,1,10.0,0.5489012100103822,3,72.0,0.5203993947618276,4,140.0,0.21600616939347683,11,253.0
2085.0,8,246.0,5.23404255319149,6.337110846565524,0,8.0,0.0301453374415504,1,15.0,0.5496763868080925,3,73.0,0.5059530695728267,4,160.0,0.1700741832951976,8,256.0
2090.0,9,268.0,5.583333333333333,6.506487175463015,0,0.0,0.21514660909206806,0,1.0,0.6376513656858797,4,90.0,0.4667728032253745,5,181.0,0.2199006421944747,9,272.0
2095.0,11,316.0,6.448979591836735,6.5781534491164875,0,0.0,1.0,1,2.0,0.6262029121001221,4,110.0,0.3585188736597094,5,206.0,0.1682705434935294,10,318.0
2100.0,12,365.0,7.3,6.125538147225431,0,0.0,1.0,1,7.0,0.6474420269184621,3,118.0,0.33845366650685693,5,231.0,0.13698310054817617,9,356.0
2105.0,15,436.0,8.72,6.475007139882622,0,3.0,0.891462562331,1,12.0,0.6184802803848339,3,130.0,0.24285537991533032,6,259.0,0.13212544410521881,10,404.0
2110.0,16,515.0,10.098039215686274,6.200973007160698,0,0.0,0.5974573620937265,1,17.0,0.7244304934232548,3,145.0,0.21100350033125695,6,289.0,0.22084582720434065,10,451.0
2115.0,20,605.0,12.872340425531915,4.818408723513716,2,5.0,0.001493382420040071,2,25.0,0.4437201498418815,3,160.0,0.2373177427125277,6,319.0,0.2817583285750139,13,509.0
2120.0,19,589.0,12.53191489361702,4.476290839615093,2,15.0,1.328868194772522e-05,2,35.0,0.4954178409534524,1,110.0,0.4932582921955795,6,349.0,0.219031440624007,11,509.0
2125.0,20,576.0,12.8,3.996696514893185,2,25.0,0.0,3,45.0,0.3033088696139319,0,0.0,0.8234395563689784,6,379.0,0.22211236554672747,11,449.0
2130.0,18,605.0,12.872340425531915,4.970530107391049,0,0.0,1.0,3,59.0,0.3858568616958911,0,0.0,0.940399665998161,7,412.0,0.1916870587546858,10,471.0
2135.0,11,185.0,4.111111111111111,5.867296196882949,0,0.0,1.0,3,74.0,0.42868046890442985,0,0.0,0.9600956203675126,2,172.0,0.1800092647631177,5,246.0
2140.0,4,99.0,2.2,7.339171696024381,0,0.0,1.0,3,89.0,0.47671714905835394,0,9.0,0.7200411008298933,0,39.0,0.38264351107096606,3,137.0
2145.0,5,106.0,2.3043478260869565,6.8027910831609315,0,0.0,1.0,3,104.0,0.34153014194886255,2,11.0,0.3905850776837141,0,6.0,0.6991527495009796,5,121.0
2150.0,6,24.0,0.5106382978723404,6.356156768217908,0,0.0,1.0,0,0.0,0.6834203628288664,4,29.0,0.2074163645959321,1,9.0,0.6015192527250699,5,38.0
2155.0,8,53.0,1.1041666666666667,6.750958464247465,0,0.0,1.0,0,0.0,0.9551545798391488,7,54.0,0.18346827512046496,1,14.0,0.4964695449406119,8,68.0
2160.0,2,19.0,0.41304347826086957,7.270602867592832,0,0.0,1.0,0,0.0,0.9364304896705918,1,40.0,0.3841448465629449,1,19.0,0.48412432345871187,2,59.0
2165.0,6,30.0,0.6382978723404256,6.892028642550178,0,0.0,1.0,0,9.0,0.7758630166383722,0,16.0,0.6646152110101268,1,24.0,0.1525097793869283,1,49.0
2170.0,9,66.0,1.375,6.661011947680779,0,0.0,1.0,1,11.0,0.7566871943297759,0,9.0,0.9689866581817623,2,33.0,0.21282240532517413,3,53.0
2175.0,9,101.0,2.02,7.105798543629103,0,0.0,1.0,1,16.0,0.850425798849609,0,6.0,0.9617341740878992,2,43.0,0.32414223583026625,3,65.0
2180.0,6,66.0,1.32,7.423866970520358,0,0.0,1.0,1,15.0,0.7714669247706322,0,6.0,0.9633771355683388,0,0.0,0.9334617553338445,1,21.0
2185.0,2,20.0,0.39215686274509803,7.640497737100978,0,0.0,0.9722579472312551,2,23.0,0.704562646805321,0,9.0,0.8274115963528557,0,0.0,0.9677391535235499,2,32.0
2190.0,2,30.0,0.5660377358490566,8.56018922319123,0,0.0,0.9416992891215045,2,33.0,0.7112132862244932,0,0.0,0.9371665497762557,0,0.0,0.9975799884175949,2,33.0
2195.0,5,46.0,0.8679245283018868,8.441114318895108,0,0.0,1.0,4,47.0,0.6044118227393119,1,28.0,0.49351101254053364,0,0.0,0.9879993475745353,5,75.0
2200.0,8,81.0,1.4727272727272727,7.8209792235878135,0,0.0,1.0,5,71.0,0.40197295137879063,3,55.0,0.5555325824334137,0,0.0,0.9481182846311194,8,126.0
2205.0,11,125.0,2.232142857142857,7.112089814784595,0,0.0,1.0,5,96.0,0.20740241944990115,5,87.0,0.27739785019442775,0,0.0,0.9398671516517647,10,183.0
2210.0,5,55.0,1.0185185185185186,7.08495267096289,0,0.0,1.0,0,7.0,0.2659263625279459,5,121.0,0.16878620141651618,0,0.0,0.9585730469692362,5,128.0
2215.0,7,64.0,1.1636363636363636,6.7831285551084886,0,0.0,1.0,0,0.0,0.4279449696951296,6,134.0,0.13486584045816508,0,0.0,0.981578693106217,6,134.0
2220.0,7,87.0,1.5535714285714286,7.619720985027135,0,0.0,1.0,0,0.0,0.7285111902355769,4,126.0,0.35980173627960743,1,1.0,0.6171510716568355,5,127.0
2225.0,8,124.0,2.2962962962962963,8.085478622713778,0,0.0,1.0,0,0.0,0.931538243666789,4,110.0,0.5039818501172009,1,6.0,0.6800353623775903,5,116.0
2230.0,9,166.0,3.1320754716981134,8.21167750688378,0,0.0,0.9128310363487286,0,0.0,0.8863117000809666,4,120.0,0.4927180836026852,2,13.0,0.5608802609255288,6,133.0
2235.0,9,104.0,1.8909090909090909,8.356057192930031,0,0.0,1.0,1,1.0,0.8328043495795899,1,27.0,0.7740900426749309,2,23.0,0.63705556524023,4,51.0
2240.0,5,73.0,1.4038461538461537,8.164734499579133,0,3.0,0.5799122565599718,1,12.0,0.7144869467594722,1,32.0,0.7339627291895977,2,33.0,0.5825882956212722,4,80.0
2245.0,4,44.0,0.9166666666666666,8.201283931466245,1,4.0,0.32716274274081036,1,17.0,0.804356908780069,2,32.0,0.5725016839363304,0,0.0,0.717462450561139,4,53.0
2250.0,6,70.0,1.5217391304347827,7.214824212555139,2,13.0,0.20577911015879818,1,22.0,0.7860662717063258,3,47.0,0.3725979543935602,0,0.0,0.39959232291102686,6,82.0
2255.0,7,84.0,1.75,6.559205287067787,3,27.0,0.02279029702934054,0,9.0,0.7818530699920354,4,60.0,0.3031713531140107,0,0.0,0.568165349922497,7,96.0
2260.0,7,96.0,2.0869565217391304,6.350553766141812,4,45.0,0.0028065414378256647,0,9.0,0.8970759867649434,3,65.0,0.2428025974981315,0,0.0,0.9283692864325259,7,119.0
2265.0,11,146.0,3.2444444444444445,6.930232343483299,5,68.0,0.0007264146636325867,0,6.0,0.9505043998843028,6,87.0,0.36699717867010123,0,0.0,0.9698963466316376,11,161.0
2270.0,12,202.0,4.208333333333333,7.016438253191393,5,93.0,0.0048800394431977945,0,3.0,0.94758524644341,6,114.0,0.3262528272246812,0,0.0,0.9718199042989202,11,210.0
2275.0,13,267.0,5.5625,6.271296703120609,6,123.0,3.8038276312970237e-05,0,3.0,0.9557009543706694,6,144.0,0.3215071372384237,0,0.0,0.9645684344327469,12,270.0
2280.0,13,322.0,6.571428571428571,6.2673607292421885,6,153.0,5.747847405086828e-06,1,4.0,0.7741375835482668,6,174.0,0.2343045481496804,0,0.0,0.4770458445791061,13,331.0
2285.0,15,392.0,8.909090909090908,5.251523243868317,6,183.0,0.0,2,7.0,0.5227363521801427,7,208.0,0.21123663603973647,0,0.0,0.9463218175911658,15,398.0
2290.0,17,470.0,10.444444444444445,4.893218179011951,6,213.0,0.0,3,17.0,0.2234875581809772,8,247.0,0.08395703441645631,0,0.0,0.9620730185649711,17,477.0
2295.0,15,526.0,11.688888888888888,4.695210862264314,6,243.0,0.0,1,4.0,0.491078519589238,8,287.0,0.1219217225971086,0,0.0,0.96154543123844,15,534.0
2300.0,10,448.0,9.955555555555556,5.594768054532655,6,273.0,0.0,1,9.0,0.4946238866348875,3,219.0,0.3232139660612075,0,0.0,0.9705257158698222,10,501.0
2305.0,9,456.0,9.702127659574469,6.96902975379158,6,306.0,0.059258463390982244,1,17.0,0.5503050913680282,2,185.0,0.5898156696817124,0,0.0,0.9616433184526001,9,508.0
2310.0,13,510.0,10.625,6.506863019555727,7,342.0,0.018002154236781365,1,28.0,0.7565632101798756,3,159.0,0.5954065291303339,0,0.0,0.6646366270215402,11,529.0
2315.0,13,563.0,11.489795918367347,6.07291327298886,7,377.0,0.004031158285756246,1,66.0,0.7422729886314358,3,174.0,0.45429220675730964,1,2.0,0.4713880585543719,12,619.0
2320.0,17,641.0,12.568627450980392,5.8573322085161195,9,419.0,0.0005370449718552481,1,71.0,0.8138169964608412,3,191.0,0.5072867292828556,1,7.0,0.4706717058371918,14,688.0
2325.0,10,309.0,5.830188679245283,5.596070225974503,3,224.0,0.01994835102716203,1,40.0,0.7009865632225716,5,211.0,0.3293642065280516,0,0.0,0.5524102578185398,9,475.0
2330.0,9,277.0,5.12962962962963,5.94095524240609,0,66.0,0.15311321916894713,3,50.0,0.593089775745538,6,244.0,0.22954203299445497,0,0.0,0.5438996657484626,9,360.0
2335.0,11,312.0,6.117647058823529,6.47924367769117,0,10.0,0.4240012401413101,4,67.0,0.47601668650652784,7,260.0,0.08389014010769891,0,0.0,0.9139880393542056,11,337.0
2340.0,9,101.0,1.9056603773584906,7.016206365438838,0,0.0,1.0,3,41.0,0.3487263337254236,6,173.0,0.19769541182649414,0,0.0,0.9314302604064555,9,214.0
2345.0,10,119.0,2.2884615384615383,7.643269983514897,0,0.0,1.0,4,49.0,0.3137254916577075,6,86.0,0.17825145166128673,0,0.0,0.9551894620052305,10,135.0
2350.0,12,176.0,3.259259259259259,7.9520574185001385,0,0.0,1.0,6,76.0,0.36175787717545943,6,116.0,0.24078667384817432,0,0.0,0.9413809935327374,12,192.0
2355.0,13,238.0,4.666666666666667,7.331499168434773,0,0.0,1.0,6,106.0,0.37982338207988847,6,146.0,0.1336672398031893,1,2.0,0.3699755893641273,13,254.0
2360.0,3,17.0,0.3695652173913043,6.447983997225748,0,0.0,1.0,0,17.0,0.7348340575601792,0,21.0,0.5249325497041953,2,12.0,0.4847279124230772,2,50.0
2365.0,3,32.0,0.7441860465116279,7.552990973164675,0,3.0,0.5597155541521629,0,6.0,0.7964520887148971,0,0.0,0.9443367565955394,2,22.0,0.3684457189399412,2,31.0
2370.0,4,37.0,0.8409090909090909,8.027135520965794,0,0.0,0.39375250140125523,1,7.0,0.7530074857177904,0,6.0,0.9570332786252334,3,36.0,0.24764453075065326,4,49.0
2375.0,5,61.0,1.3863636363636365,8.025640217801937,0,0.0,1.0,2,16.0,0.6442425257897829,0,6.0,0.9565323720334141,3,51.0,0.2484096044968755,5,73.0
2380.0,5,77.0,1.6382978723404256,8.111450416018286,0,0.0,1.0,2,17.0,0.5812763553422207,0,6.0,0.8541001223731008,3,66.0,0.2411083048161457,5,89.0
2385.0,7,107.0,2.2291666666666665,8.075342187693936,0,0.0,1.0,2,57.0,0.6158601144723886,1,12.0,0.7853716954040256,4,83.0,0.24078517007337383,7,152.0
2390.0,7,142.0,3.0869565217391304,7.912707896179876,0,0.0,0.5819743537137955,2,67.0,0.623775861222293,1,17.0,0.8223632429745412,4,103.0,0.32623203705432896,7,187.0
2395.0,5,57.0,1.2666666666666666,6.879561370535626,1,2.0,0.0013398757969996025,3,48.0,0.3596531112355672,1,19.0,0.611457911814047,0,39.0,0.6703376512608251,5,108.0
2400.0,4,56.0,1.302325581395349,6.510533722347756,1,7.0,0.20354640894585455,2,34.0,0.28677696761311383,1,30.0,0.5271806490175946,0,0.0,0.9418144447495816,4,71.0
2405.0,4,76.0,1.7674418604651163,7.765221057360878,1,14.0,0.53346199335708,2,41.0,0.7536636968873784,1,26.0,0.6394121462497089,0,0.0,0.9425550969028446,4,81.0
2410.0,3,79.0,1.7555555555555555,7.311914480766338,0,1.0,0.4656866752088921,2,51.0,0.665944132279109,1,31.0,0.699863986213707,0,0.0,0.9762304859305081,3,83.0
2415.0,6,104.0,2.1666666666666665,7.468100770110226,0,0.0,1.0,4,67.0,0.5285304946244798,1,33.0,0.48865068968712416,0,0.0,0.9506146598761918,5,100.0
2420.0,5,59.0,1.2040816326530612,7.9110822118071455,0,0.0,1.0,1,16.0,0.6672219013453904,1,38.0,0.6371993925601207,0,0.0,0.923005997047674,2,54.0
2425.0,4,61.0,1.3555555555555556,8.426660851493608,0,0.0,1.0,1,7.0,0.834318744805421,1,43.0,0.6371783633153503,1,1.0,0.708251069386722,3,51.0
2430.0,3,66.0,1.5,8.544088087033133,0,0.0,1.0,1,12.0,0.8266415581153452,1,51.0,0.7361728366088834,1,6.0,0.7060820590079931,3,69.0
2435.0,4,82.0,1.8222222222222222,7.465834048457689,0,0.0,1.0,2,18.0,0.25235795889648044,1,56.0,0.5130764668808866,1,11.0,0.7666115742156586,4,85.0
2440.0,4,43.0,0.9772727272727273,6.946932835295335,0,0.0,1.0,1,22.0,0.3567357038059625,1,7.0,0.6176411091174383,2,17.0,0.4041001241570985,4,46.0
2445.0,5,68.0,1.7,7.4059634663400775,0,0.0,1.0,1,27.0,0.4788998346262609,1,12.0,0.7372596802071713,3,32.0,0.2655605702281868,5,71.0
2450.0,8,101.0,2.4047619047619047,6.6157454999115,0,0.0,1.0,1,32.0,0.49613542727609483,3,25.0,0.3797996125319686,4,50.0,0.1406469664686013,8,107.0
2455.0,9,144.0,3.5121951219512195,6.133799977152556,0,0.0,1.0,1,37.0,0.48682027962494484,3,40.0,0.31803885824949063,5,73.0,0.07375429816063465,9,150.0
2460.0,2,14.0,0.32558139534883723,6.887412336756086,0,0.0,1.0,0,0.0,0.9784849135194306,0,10.0,0.66972256958976,1,32.0,0.29526938077189097,1,42.0
2465.0,0,0.0,0.0,8.340487514207732,0,3.0,0.612251818773812,0,0.0,0.9328263679360188,0,15.0,0.7740729537295842,0,0.0,0.9390773578120182,0,18.0
2470.0,0,0.0,0.0,8.1957305513083,0,0.0,1.0,0,0.0,0.7791355492958337,0,6.0,0.9678653958005214,0,0.0,0.9852506643180412,0,6.0
2475.0,1,4.0,0.1,8.557371515244165,0,0.0,1.0,1,4.0,0.7566545429313632,0,6.0,0.9730217035148685,0,0.0,0.9966816527525612,1,10.0
2480.0,0,0.0,0.0,8.550102730381491,0,0.0,0.9361506357984384,0,0.0,0.9628757490058049,0,3.0,0.9728135046836619,0,0.0,0.9843167569916633,0,3.0
2485.0,0,0.0,0.0,8.023919603920177,0,0.0,1.0,0,0.0,0.963017056022213,0,3.0,0.35919189518348454,0,0.0,0.978014468542429,0,3.0
2490.0,4,14.0,0.3111111111111111,7.793345739962111,0,0.0,1.0,0,0.0,0.8985135854440129,3,17.0,0.38297401872673165,0,0.0,0.8120088553459687,3,17.0
2495.0,8,43.0,0.9772727272727273,7.354134255226859,0,0.0,1.0,0,0.0,0.9496213405525175,3,32.0,0.4849159925278368,1,3.0,0.48384734585570605,4,35.0
2500.0,10,82.0,1.8222222222222222,6.398891545363401,0,0.0,1.0,1,4.0,0.7558401340077686,3,44.0,0.38721273486456,1,8.0,0.47104813258710976,5,56.0
2505.0,12,128.0,2.6666666666666665,6.664392592986161,0,0.0,1.0,2,7.0,0.5496674026336053,4,62.0,0.32067780464142887,0,0.0,0.9496548697693643,6,69.0
2510.0,12,167.0,3.7111111111111112,5.947558591222464,0,0.0,1.0,2,17.0,0.21129315299879634,4,85.0,0.42811943297575783,0,0.0,0.9563784836516326,6,102.0
2515.0,11,172.0,3.909090909090909,5.54184231227869,0,0.0,1.0,3,32.0,0.32298330735810254,4,99.0,0.3198911677184157,0,0.0,0.9890795195226847,7,131.0
2520.0,8,170.0,3.953488372093023,5.5178032966026205,0,0.0,0.13396633804148755,4,51.0,0.4818149402730044,4,119.0,0.16350321698671563,0,0.0,0.943408957558767,8,170.0
2525.0,11,220.0,5.0,5.982366638874113,1,3.0,0.4352662558857379,4,71.0,0.3850262400567056,5,143.0,0.0,0,0.0,0.9290746569261934,10,217.0
2530.0,13,281.0,6.386363636363637,5.990929428545885,2,9.0,0.0035885341636237617,5,96.0,0.4283170002505559,5,168.0,0.1551250799348137,0,0.0,0.9982986040501821,12,273.0
2535.0,13,335.0,7.282608695652174,5.973473815604273,2,19.0,0.0,5,121.0,0.5226248939596253,5,193.0,0.15641224148776514,0,0.0,0.9320604741486276,12,333.0
2540.0,7,247.0,5.145833333333333,6.275130904262878,2,29.0,0.0,0,23.0,0.644925511615585,5,218.0,0.1644551179971655,0,0.0,0.9681455217565421,7,270.0
2545.0,10,289.0,5.8979591836734695,6.641974303924348,2,39.0,0.0,2,6.0,0.5855373111486568,5,243.0,0.27204123841694916,0,0.0,0.9399890948512364,9,288.0
2550.0,11,340.0,6.8,6.999655511065688,2,49.0,0.0,2,16.0,0.4820644669522952,5,274.0,0.4371461325421326,0,0.0,0.991652373861527,9,339.0
2555.0,10,379.0,7.58,6.9111003586261,2,59.0,0.0,2,28.0,0.5030144432337005,6,300.0,0.33463933246781047,0,0.0,0.97078653794533,10,387.0
2560.0,12,434.0,8.037037037037036,6.503722943843832,2,69.0,0.0,2,38.0,0.4659864110603943,7,333.0,0.28853124959790055,0,0.0,0.9636070596370542,11,440.0
2565.0,9,363.0,6.849056603773585,6.673768354270552,2,79.0,0.0,2,48.0,0.5050019194965062,5,287.0,0.39341053613124977,0,0.0,0.9261215621998868,9,414.0
2570.0,10,324.0,6.48,6.474872322892473,0,0.0,1.0,3,61.0,0.37508636751943725,6,270.0,0.3257152860435235,1,1.0,0.33207278833184545,10,332.0
2575.0,12,379.0,8.063829787234043,6.706448106032424,0,0.0,1.0,3,76.0,0.471816507919481,6,297.0,0.32399421628005404,3,11.0,0.23475062345834521,12,384.0
2580.0,13,436.0,8.89795918367347,5.747244917110811,0,0.0,1.0,4,92.0,0.24518984515584583,7,328.0,0.13682928956764978,2,21.0,0.09323104905821995,13,441.0
2585.0,13,313.0,6.387755102040816,6.153726237839185,0,0.0,1.0,5,116.0,0.30564560308356054,5,263.0,0.12910178918341103,3,35.0,0.34838930530234086,13,414.0
2590.0,10,241.0,4.918367346938775,6.708373686804389,0,0.0,1.0,5,144.0,0.4384797262526675,5,105.0,0.029605905010852442,0,19.0,0.7070001278447297,10,268.0
2595.0,10,291.0,5.490566037735849,6.199830957072588,0,0.0,0.98760810416961,5,170.0,0.26724847898500026,5,136.0,0.13747822664835604,0,0.0,0.9054602612503592,10,306.0
2600.0,14,352.0,7.04,6.002162499875208,0,0.0,1.0,8,204.0,0.23161826543602856,6,164.0,0.016866244344516942,0,0.0,0.9249334506221841,14,368.0
2605.0,8,238.0,4.666666666666667,5.976215923279735,0,0.0,1.0,8,244.0,0.249729023970743,0,28.0,0.2232334416620358,0,0.0,0.8796060321781253,8,272.0
2610.0,11,283.0,5.4423076923076925,5.922985159692145,0,3.0,0.5933897138474182,8,290.0,0.3773912832563729,0,0.0,0.3111124103729064,0,0.0,0.3569243076948066,8,293.0
2615.0,16,351.0,6.381818181818182,6.14568962372845,1,7.0,0.34831854252280187,8,330.0,0.458860604663301,0,0.0,0.6456598275110582,2,6.0,0.4417258041371033,11,343.0
2620.0,15,211.0,3.9074074074074074,5.856971925938337,2,17.0,0.016099002240846497,4,209.0,0.5293274627755916,0,0.0,0.6374814534061765,3,18.0,0.2357466562288522,9,244.0
2625.0,16,264.0,4.888888888888889,5.974043722710616,3,33.0,0.002349359473523567,4,126.0,0.5741188536296309,0,0.0,1.0,3,33.0,0.24023994848728566,10,192.0
2630.0,18,353.0,6.418181818181818,5.817707625830089,4,53.0,0.0004764791084523113,4,143.0,0.5591831853079632,0,0.0,0.9207280062674867,3,48.0,0.17296043415779344,11,244.0
2635.0,13,317.0,5.763636363636364,5.501989434403095,0,10.0,0.017236633380885377,5,167.0,0.5034637441808085,0,0.0,0.9789025452218271,0,21.0,0.2576700685191356,5,198.0
2640.0,5,151.0,2.7454545454545456,6.094019786581401,0,0.0,1.0,0,61.0,0.7359245333201171,0,3.0,0.6845581848888113,0,0.0,0.7799227483078759,0,64.0
2645.0,4,139.0,2.673076923076923,6.895021862225542,0,0.0,1.0,0,3.0,0.672594883601934,0,0.0,0.9691301147198905,0,0.0,0.9928047756722631,0,3.0
2650.0,2,7.0,0.12962962962962962,8.137759293475469,0,0.0,1.0,2,10.0,0.6243817482285962,0,9.0,0.9380711758517526,0,0.0,0.9507553877953498,2,19.0
2655.0,5,22.0,0.4074074074074074,7.650292225886039,0,0.0,1.0,2,20.0,0.6334010168285595,0,9.0,0.816728433196326,0,0.0,0.9785967617689032,2,29.0
2660.0,8,44.0,0.8461538461538461,7.573595655570373,0,0.0,1.0,3,52.0,0.5454358053150051,1,13.0,0.8527659134542884,1,1.0,0.6515527045468498,5,66.0
2665.0,6,59.0,1.0727272727272728,7.848050729786918,0,0.0,1.0,3,67.0,0.5628881816108513,2,19.0,0.7240523818460475,1,6.0,0.7333719796493263,6,92.0
2670.0,7,93.0,1.8979591836734695,7.573198206358689,0,0.0,1.0,4,65.0,0.4283152413082519,2,29.0,0.7054238604989196,1,11.0,0.6253527221693215,7,105.0
2675.0,11,139.0,2.673076923076923,7.089997812629245,0,0.0,1.0,5,98.0,0.46361623833126964,3,41.0,0.49001379106277765,2,19.0,0.4796147984615207,10,158.0
2680.0,13,178.0,3.63265306122449,5.703714244825596,0,0.0,1.0,7,129.0,0.2767154596206108,5,63.0,0.14063757047659764,0,0.0,0.5460084004188532,12,192.0
2685.0,16,256.0,5.019607843137255,5.36234898311379,0,0.0,1.0,9,210.0,0.2348192977009864,6,99.0,0.2824783911643527,0,0.0,0.9049487160747117,15,309.0
2690.0,17,254.0,4.884615384615385,5.487630230229332,0,0.0,1.0,7,181.0,0.38417186910195406,10,137.0,0.14509253881856157,0,0.0,0.9720864757412124,17,318.0
2695.0,19,344.0,6.745098039215686,4.926595542918925,0,0.0,1.0,8,219.0,0.33984803613730913,11,189.0,0.016219828710970025,0,0.0,0.9391887998552211,19,408.0
2700.0,24,453.0,8.547169811320755,5.061924228533133,0,0.0,1.0,11,266.0,0.22601865813324415,13,257.0,0.12309779811932733,0,0.0,0.998224420313235,24,523.0
2705.0,24,573.0,10.418181818181818,5.115320973490358,0,0.0,1.0,11,321.0,0.28305265762739173,13,316.0,0.1436208984456541,0,0.0,0.9464486082856194,24,637.0
2710.0,24,682.0,12.4,4.879779245479055,0,0.0,1.0,11,365.0,0.14314565584966232,13,381.0,0.18230890733641403,0,0.0,0.9386625839537408,24,746.0
2715.0,24,702.0,12.31578947368421,4.731749091811812,0,0.0,1.0,13,427.0,0.12806248160809297,11,389.0,0.22027202863163897,0,0.0,0.9735901162583314,24,816.0
2720.0,25,758.0,12.847457627118644,5.118966338636344,0,0.0,1.0,14,495.0,0.11736097563366854,11,350.0,0.20495612780491437,0,0.0,0.972923880443903,25,845.0
2725.0,27,886.0,14.766666666666667,5.286741368034592,0,0.0,1.0,15,567.0,0.062072115005332384,11,385.0,0.08452321498040387,1,1.0,0.47138046616216694,27,953.0
2730.0,22,955.0,15.916666666666666,4.901080508052153,0,0.0,1.0,11,542.0,0.08245751790907165,11,440.0,0.07106787646621811,0,0.0,0.968599912815431,22,982.0
2735.0,16,624.0,10.064516129032258,5.445440275848636,0,0.0,1.0,11,597.0,0.1479271219104422,2,176.0,0.23205592539441633,0,0.0,0.9869413767397744,13,773.0
2740.0,13,658.0,10.28125,6.1882056502591,0,9.0,0.6853712914200726,11,658.0,0.1926623255240107,1,35.0,0.5926356238076421,0,0.0,0.9611836744170905,12,702.0
2745.0,18,737.0,11.338461538461539,5.9225486244510055,2,12.0,0.23671049762443475,12,721.0,0.26538183905522367,1,16.0,0.6631035936432973,0,0.0,0.9370564629784733,15,749.0
2750.0,18,488.0,7.393939393939394,5.7384470014294875,3,27.0,0.0481426250428668,9,572.0,0.37910684655876076,1,18.0,0.7063898151154974,0,0.0,0.9340707594661211,13,617.0
2755.0,13,114.0,1.7014925373134329,5.956657249573714,5,44.0,0.011224527305903249,0,303.0,0.5966237749806708,1,23.0,0.7656641522866082,0,0.0,0.9884388214895647,6,370.0
2760.0,12,154.0,2.40625,6.921583863409603,6,72.0,0.002845798070288584,1,82.0,0.7926797815119813,1,31.0,0.7888816052078259,0,0.0,0.97695631902931,8,185.0
2765.0,14,221.0,3.3484848484848486,6.697072967978874,7,104.0,0.0008690148436105811,1,16.0,0.8447971878276306,1,33.0,0.5294132746937565,0,0.0,0.9790963413995168,9,153.0
2770.0,21,274.0,4.2153846153846155,5.822049176685953,7,139.0,0.00012262597274463277,4,24.0,0.39237083556271085,6,58.0,0.43400204891296273,0,0.0,0.9503174444597892,17,221.0
2775.0,11,129.0,1.9545454545454546,5.6352251091591095,1,69.0,0.015079609093694917,4,44.0,0.04912417735338658,6,88.0,0.4978781208400491,0,0.0,0.9795978612507701,11,201.0
2780.0,8,119.0,1.8307692307692307,6.055834765714078,0,13.0,0.15216161260832414,6,71.0,0.058678844540278434,2,60.0,0.7332374198243847,0,0.0,0.712793730308871,8,144.0
2785.0,12,167.0,2.609375,6.41529279736642,0,6.0,0.5823023302027373,8,108.0,0.15389205683155732,3,69.0,0.4763780559908551,1,3.0,0.6519610619395061,12,186.0
2790.0,13,232.0,3.5692307692307694,7.0020732573267725,0,0.0,1.0,8,148.0,0.19119128097502208,4,89.0,0.47640705880765555,1,8.0,0.6159261282926316,13,245.0
2795.0,12,284.0,4.115942028985507,7.3129038618305975,0,0.0,1.0,8,188.0,0.23494090093463715,4,122.0,0.38260119586569746,0,0.0,0.946216215151534,12,310.0
2800.0,12,344.0,5.292307692307692,7.0951123149509465,0,0.0,0.9424157125808241,8,270.0,0.23976251976597668,4,145.0,0.27823667978773486,0,0.0,0.9243276822168105,12,415.0
2805.0,16,413.0,6.555555555555555,6.155099030115282,0,0.0,1.0,9,312.0,0.3174839862602461,6,168.0,0.1359966390292913,0,0.0,0.9830327574031232,15,480.0
2810.0,20,499.0,8.048387096774194,5.8767982706312525,0,0.0,1.0,10,361.0,0.2929172487017644,7,199.0,0.11742856411184087,0,0.0,0.9634822291053695,17,560.0
2815.0,17,497.0,9.036363636363637,5.152470751484419,0,0.0,1.0,11,415.0,0.22659679898921511,5,156.0,0.22408432865486289,0,0.0,0.9546310294521124,16,571.0
2820.0,18,572.0,10.592592592592593,5.343777615808488,0,3.0,0.9366045279328352,12,475.0,0.26159327030319385,5,145.0,0.206617816117148,0,0.0,0.9789458375136378,17,623.0
2825.0,20,653.0,12.092592592592593,5.84232259840522,0,0.0,1.0,13,537.0,0.3248317080205087,7,173.0,0.00015419525399729085,0,0.0,0.9944995194432861,20,710.0
2830.0,18,707.0,12.189655172413794,5.750947367620788,0,0.0,1.0,11,516.0,0.2954484831863583,7,208.0,0.12233022952973838,0,0.0,0.7169078671118074,18,724.0
2835.0,17,767.0,13.224137931034482,5.927542840788396,0,0.0,1.0,11,567.0,0.22603651534826097,5,210.0,0.3488863080917801,1,3.0,0.49728327350186624,17,780.0
2840.0,17,846.0,14.1,5.934295007310846,0,0.0,1.0,12,630.0,0.2624140930092698,5,235.0,0.21657556009922005,0,0.0,0.9535722132467939,17,865.0
2845.0,22,950.0,15.573770491803279,5.463358356797304,0,0.0,1.0,15,699.0,0.23291004470136306,7,273.0,0.16562163829101115,0,0.0,0.9936884510044001,22,972.0
2850.0,12,362.0,5.746031746031746,5.327011164466172,0,0.0,1.0,4,317.0,0.23685003864106066,8,309.0,0.10162198411369965,0,0.0,0.9552734369737237,12,626.0
2855.0,9,350.0,5.737704918032787,5.937384135037534,0,0.0,1.0,0,66.0,0.43955062056302036,8,349.0,0.23792434027730563,0,0.0,0.921929300542418,8,415.0
2860.0,11,400.0,6.666666666666667,6.770101833046027,0,0.0,1.0,0,18.0,0.7856254359134697,10,403.0,0.2960474647558053,0,0.0,0.8920822526496452,10,421.0
2865.0,11,445.0,7.17741935483871,7.738868860462447,0,0.0,1.0,0,11.0,0.8899423715415,11,454.0,0.3638873462881306,0,0.0,0.9671174171418863,11,465.0
2870.0,11,500.0,8.064516129032258,7.902316126907381,0,0.0,1.0,0,6.0,0.8904261522732568,11,509.0,0.40836087360471085,0,0.0,0.9156655834150802,11,515.0
2875.0,12,507.0,8.311475409836065,7.664189404829625,0,0.0,1.0,1,2.0,0.5588460027186536,11,530.0,0.36382575672441697,0,0.0,0.9496270242258543,12,532.0
2880.0,13,571.0,10.196428571428571,7.425177469782923,0,0.0,1.0,2,11.0,0.33283244922359617,11,569.0,0.37555231546725565,0,0.0,0.9975737052669318,13,580.0
2885.0,13,636.0,11.777777777777779,6.661834257967755,0,0.0,1.0,2,21.0,0.32334200135005525,11,624.0,0.2811123685013761,0,0.0,0.6329323712570996,13,645.0
2890.0,15,686.0,12.703703703703704,6.14910314826089,0,0.0,1.0,0,13.0,0.5264500343356926,14,692.0,0.15674330149837915,1,3.0,0.6464342068438668,15,708.0
2895.0,9,643.0,11.690909090909091,6.237783952768047,0,0.0,1.0,0,0.0,0.9070946348734419,8,665.0,0.1505895461959293,1,8.0,0.6446203777922954,9,673.0
2900.0,7,649.0,12.018518518518519,7.118689890596433,0,6.0,0.5833131654753714,0,3.0,0.8999431400506278,7,670.0,0.21941838400759114,0,0.0,0.9561838862278013,7,679.0
2905.0,8,686.0,13.192307692307692,7.571301151528811,0,0.0,0.7899611841793934,1,32.0,0.7168583448376978,7,687.0,0.16685840586510642,0,0.0,0.964152427043412,8,719.0
2910.0,7,719.0,14.38,8.481314518004346,0,0.0,1.0,0,30.0,0.9500701786281001,7,719.0,0.214236357897269,0,0.0,0.9927427102840045,7,749.0
2915.0,8,756.0,14.823529411764707,7.858817246078505,0,0.0,1.0,1,32.0,0.8139833785278,7,754.0,0.12648737632481136,0,0.0,0.9831652327447485,8,786.0
2920.0,13,809.0,15.557692307692308,7.258407194825584,0,0.0,1.0,1,11.0,0.790071113190289,9,797.0,0.0978701917896459,0,0.0,0.9753678554828584,10,808.0
2925.0,12,855.0,16.132075471698112,7.091657549482156,0,0.0,1.0,1,16.0,0.8476634777546799,7,832.0,0.1936682653388922,0,0.0,0.6955205828666243,8,848.0
2930.0,10,885.0,17.7,7.305864573084973,0,0.0,1.0,1,21.0,0.7719064208732338,7,862.0,0.20984577164594434,1,3.0,0.4578140627720277,9,886.0
2935.0,10,927.0,18.54,7.428131002617964,0,0.0,1.0,2,26.0,0.6897736731955832,7,897.0,0.25067031765035724,1,8.0,0.5961508390481153,10,931.0
2940.0,10,977.0,20.354166666666668,7.099009674298958,0,0.0,1.0,2,36.0,0.5730823719556559,7,942.0,0.4009311253261738,1,13.0,0.6408710535384881,10,991.0
2945.0,11,1029.0,20.176470588235293,7.102898995722528,0,0.0,1.0,2,46.0,0.5489300048609386,8,969.0,0.261741596469472,1,18.0,0.5802735906313629,11,1033.0
2950.0,12,1088.0,20.923076923076923,6.955654311560209,0,0.0,0.33638560554215696,2,56.0,0.5678350276055228,8,1006.0,0.1927009069907269,2,27.0,0.32203680263845935,12,1089.0
2955.0,13,1153.0,21.35185185185185,6.9081038192679065,1,5.0,0.3496107245222878,2,66.0,0.639615351627195,8,1046.0,0.18932051525190557,2,37.0,0.22685594023821679,13,1154.0
2960.0,13,1149.0,22.529411764705884,6.444454500593123,1,10.0,0.00741655546397614,1,1.0,0.6387353181981269,8,1086.0,0.19870984713405548,3,52.0,0.2808105752310881,13,1149.0
2965.0,10,1134.0,22.235294117647058,6.220485395635198,0,0.0,0.19589222829241656,1,6.0,0.3194786577955515,8,1126.0,0.2207211857316189,0,0.0,0.9221599449766607,9,1132.0
2970.0,11,1186.0,23.72,6.178788610541164,0,0.0,0.9093896477385274,2,16.0,0.4863289857927192,9,1179.0,0.2193625250871255,0,0.0,0.945346509698221,11,1195.0
2975.0,11,843.0,16.86,6.015144064316092,0,0.0,1.0,2,26.0,0.2830217926079724,9,1017.0,0.01712389458550369,0,0.0,0.9709072152884931,11,1043.0
2980.0,9,112.0,2.3333333333333335,6.645850902123615,0,0.0,1.0,2,36.0,0.2453085301442966,7,677.0,0.12206661594740548,0,0.0,0.9988552059832737,9,713.0
2985.0,8,105.0,2.142857142857143,7.919244054117754,0,0.0,0.9087769091823359,3,47.0,0.3770360098706992,5,244.0,0.25021824540875925,0,0.0,0.9557447304492923,8,291.0
2990.0,9,146.0,2.92,7.243641225961784,0,0.0,1.0,3,62.0,0.18125857635786968,6,100.0,0.10792839385609343,0,0.0,0.8989210677257677,9,162.0
2995.0,12,204.0,4.08,6.372974890139713,0,0.0,1.0,4,82.0,0.10057672745525599,7,127.0,0.0004266336605595129,0,0.0,0.9811350272035047,11,209.0
3000.0,11,169.0,3.6739130434782608,5.274811778802969,0,0.0,1.0,4,102.0,0.26885763330186957,2,73.0,0.12593136838227953,0,0.0,0.9736774687295293,6,175.0
3005.0,15,236.0,5.0212765957446805,5.576643167374782,0,0.0,1.0,4,125.0,0.404817312207381,3,58.0,0.0722492093997029,0,0.0,0.9467178911235874,7,183.0
3010.0,17,317.0,6.469387755102041,6.048786154535794,0,0.0,1.0,4,151.0,0.5013266222502765,3,73.0,0.0,1,1.0,0.489781046886442,8,225.0
3015.0,16,383.0,7.816326530612245,4.994749643884149,0,0.0,1.0,4,171.0,0.4835918326905464,3,88.0,0.21656779681326024,1,6.0,0.4748526986864349,8,265.0
3020.0,19,468.0,9.36,4.930937349839113,0,0.0,1.0,4,188.0,0.5503541414300629,4,105.0,0.1839134898989069,0,0.0,0.9592661635397715,8,293.0
3025.0,21,564.0,10.846153846153847,5.007644124992632,0,0.0,1.0,6,210.0,0.5232872060934437,4,128.0,0.24213773779125783,0,0.0,0.9457065319349811,10,338.0
3030.0,22,666.0,12.566037735849056,4.1031129917983735,0,0.0,1.0,5,235.0,0.4104539657092448,5,149.0,0.2128704405156832,0,0.0,0.9923474309336696,10,384.0
3035.0,21,693.0,12.833333333333334,3.890287450708979,0,0.0,1.0,6,266.0,0.31494075774497304,6,178.0,0.1252422165326222,0,0.0,0.9943522511949605,12,444.0
3040.0,20,612.0,11.127272727272727,4.199069327481774,0,0.0,1.0,8,300.0,0.2631054469600546,7,213.0,0.12052442911481066,0,0.0,0.9246000383271642,15,513.0
3045.0,19,623.0,10.741379310344827,4.339749098713981,0,0.0,1.0,9,341.0,0.17693161027635726,5,215.0,0.2785753187200619,0,0.0,0.9745603293886516,14,556.0
3050.0,21,725.0,12.288135593220339,4.449580083611699,0,0.0,1.0,11,399.0,0.14949043062751913,5,240.0,0.2583971555991233,0,0.0,0.9867616156183223,16,639.0
3055.0,24,838.0,14.203389830508474,4.728282412675936,0,0.0,1.0,13,461.0,0.18864639174443887,5,265.0,0.2796451888078881,1,1.0,0.5006190091072897,19,727.0
3060.0,15,425.0,7.327586206896552,5.086149728744769,0,0.0,0.9502337371586891,4,185.0,0.25584525521781626,5,290.0,0.15480613027965512,1,6.0,0.4996700844324325,10,481.0
3065.0,6,174.0,2.8524590163934427,6.638935103323267,0,0.0,1.0,2,34.0,0.4791431616887167,3,218.0,0.35758534165731987,1,11.0,0.6226194467568426,6,263.0
3070.0,7,90.0,1.5,7.526909356453129,0,0.0,1.0,3,45.0,0.49079463627676173,1,89.0,0.576488600479585,2,18.0,0.3127458346883166,6,152.0
3075.0,7,100.0,1.6129032258064515,7.882738380720942,0,0.0,1.0,3,62.0,0.5369996606025457,2,48.0,0.7337857871190834,0,0.0,0.9873537608064141,5,110.0
3080.0,8,139.0,2.171875,8.406812612080302,0,0.0,1.0,3,83.0,0.5608545704529655,2,61.0,0.6834768375557455,0,0.0,0.9577058769637723,5,144.0
3085.0,6,113.0,1.7936507936507937,7.6881654093471115,0,0.0,1.0,2,41.0,0.37015695079400085,1,75.0,0.8456564032462258,0,0.0,0.9745612143559099,3,116.0
3090.0,6,143.0,2.3833333333333333,8.551952085799028,0,3.0,0.5564196643546808,2,120.0,0.6368951159578435,1,80.0,0.7729403485305859,0,0.0,0.8559967267390493,3,203.0
3095.0,9,179.0,3.1403508771929824,7.564672074706451,1,5.0,0.4828453527787143,3,85.0,0.6163945109361361,2,89.0,0.6507520003921474,0,0.0,0.9305652327485423,6,179.0
3100.0,9,219.0,3.8421052631578947,7.635355396658279,0,0.0,0.7303753160576698,3,60.0,0.5591367356920189,3,100.0,0.38770389335945243,0,0.0,0.9175553489468924,6,160.0
3105.0,8,205.0,3.7962962962962963,7.827553848399402,0,0.0,1.0,2,29.0,0.7039552696444699,3,80.0,0.1610419361170426,0,0.0,0.9504912324467493,5,109.0
3110.0,10,253.0,4.685185185185185,8.044259066237109,0,0.0,1.0,2,42.0,0.6632634017436391,5,106.0,0.16279162136810524,0,0.0,0.9628260120657048,7,148.0
3115.0,10,182.0,3.25,7.9903775197927445,0,0.0,1.0,4,56.0,0.585874223823828,5,131.0,0.26618328103962136,0,0.0,0.9966337396255163,9,187.0
3120.0,11,228.0,4.071428571428571,7.282855202904126,0,0.0,1.0,5,77.0,0.3962461423465004,6,157.0,0.11770102506278216,0,0.0,0.9503824382467028,11,234.0
3125.0,11,228.0,4.071428571428571,6.6303574506918475,0,0.0,1.0,8,107.0,0.17417569829116183,3,132.0,0.3175752260609999,0,0.0,0.9208355688420399,11,239.0
3130.0,12,280.0,5.090909090909091,6.7110958236240625,0,3.0,0.7136536422944111,9,154.0,0.24370364246954218,2,137.0,0.4280296042156591,0,0.0,0.9839188684532489,11,294.0
3135.0,15,350.0,6.481481481481482,6.284584551042546,1,7.0,0.021185812244302105,10,200.0,0.24084439099623225,2,142.0,0.5645676826962492,0,0.0,0.9357191019354918,13,349.0
3140.0,17,430.0,8.26923076923077,5.804418437214538,2,16.0,4.107449299610841e-05,11,251.0,0.18899873462902242,2,149.0,0.3208468506747673,0,0.0,0.9395588645246877,15,416.0
3145.0,21,526.0,9.924528301886792,4.635584459825521,2,26.0,0.0,11,306.0,0.1943575533117006,3,163.0,0.23248595109421452,0,0.0,0.9790341233496088,16,495.0
3150.0,14,367.0,6.9245283018867925,5.051521492065561,2,36.0,0.0,3,145.0,0.2907136082771362,3,178.0,0.3075105548326921,0,0.0,0.9621805035036667,8,359.0
3155.0,17,443.0,7.910714285714286,5.102039594522521,2,46.0,0.0,3,104.0,0.3577466127698547,4,194.0,0.18285594690651594,0,0.0,0.9753598653944643,9,344.0
3160.0,20,508.0,8.912280701754385,5.253488182119831,2,56.0,0.0,3,119.0,0.21773477785748455,4,223.0,0.4329274038003093,0,0.0,0.9933860408489938,9,398.0
3165.0,17,492.0,8.482758620689655,5.938647228124904,0,0.0,1.0,3,134.0,0.34516820510807944,6,250.0,0.4742379247158563,0,0.0,0.9633659185217552,9,384.0
3170.0,18,579.0,9.491803278688524,5.946661652725219,0,0.0,1.0,3,153.0,0.5231861494695368,6,280.0,0.48133073341147314,0,0.0,0.983004442816627,9,433.0
3175.0,20,632.0,10.89655172413793,5.201480527259577,0,0.0,1.0,4,170.0,0.3606893389429914,4,261.0,0.5381356780590871,1,1.0,0.4697569013928476,9,432.0
3180.0,21,718.0,12.379310344827585,5.21539174463498,0,0.0,1.0,6,197.0,0.248843061414869,4,281.0,0.529540093892956,1,6.0,0.4899491563395954,11,484.0
3185.0,21,813.0,14.017241379310345,4.885786405194162,0,0.0,1.0,6,230.0,0.37222696961951146,4,295.0,0.31851499064700245,0,0.0,0.9651505476097463,10,525.0
3190.0,18,698.0,11.633333333333333,5.1398813672887105,0,0.0,1.0,6,260.0,0.35509093842435385,4,318.0,0.23360107061453042,0,0.0,0.9474211665283312,10,578.0
3195.0,16,655.0,11.101694915254237,5.233092720666527,0,0.0,1.0,8,297.0,0.2619147830756241,4,335.0,0.19319288794323008,0,0.0,0.9915282044651877,12,632.0
3200.0,15,688.0,11.862068965517242,5.697059431125568,0,0.0,0.9187686791541668,8,337.0,0.4095436878481734,5,355.0,0.0,0,0.0,0.995967480045305,13,692.0
3205.0,12,464.0,7.733333333333333,6.3979232753127455,1,1.0,0.009172522077549454,9,377.0,0.36882170744456616,2,204.0,0.1838714955509072,0,0.0,0.9876651071855878,12,582.0
3210.0,11,484.0,8.344827586206897,6.823952842297153,1,6.0,1.457543441408507e-05,9,441.0,0.2673398763832859,1,69.0,0.5343711135914047,0,0.0,0.9861943302133451,11,516.0
3215.0,14,546.0,9.578947368421053,6.481559431569381,1,11.0,0.0,11,492.0,0.32288189802633216,1,74.0,0.3141186940444452,1,1.0,0.48484135613643736,14,578.0
3220.0,15,620.0,11.071428571428571,5.9352955938550735,1,16.0,0.0,11,579.0,0.2426092247238198,2,102.0,0.3904675268851346,1,6.0,0.4688679614222323,15,703.0
3225.0,20,680.0,11.724137931034482,4.9289349752000735,0,0.0,1.0,14,643.0,0.15520282667375118,3,113.0,0.2311894274915416,0,0.0,0.858571900130883,17,756.0
3230.0,21,784.0,13.288135593220339,4.55028778888263,0,0.0,1.0,14,682.0,0.14302790589370798,3,131.0,0.3819798584883849,0,0.0,0.932228611831018,17,813.0
3235.0,21,855.0,14.491525423728813,4.9873369659205755,0,0.0,1.0,16,758.0,0.13526561670128695,4,148.0,0.17194973803840463,0,0.0,0.9431033012338259,20,906.0
3240.0,24,960.0,16.551724137931036,5.035353602614453,0,0.0,1.0,18,868.0,0.1587293145234913,6,171.0,0.0007871977830041089,0,0.0,0.9622042909536817,24,1039.0
3245.0,24,1080.0,17.704918032786885,5.252104447877755,0,0.0,1.0,18,958.0,0.07261773844727192,6,201.0,0.00024454617493299306,0,0.0,0.9782518113651675,24,1159.0
3250.0,21,674.0,10.870967741935484,5.089615139543797,0,0.0,1.0,16,766.0,0.0872769125471205,2,185.0,0.26866330065338134,0,0.0,0.9605431973709859,18,951.0
3255.0,14,505.0,8.278688524590164,6.507182774960556,0,0.0,1.0,9,490.0,0.1959168139412622,4,184.0,0.0009212343567055437,1,2.0,0.47806145299661484,14,676.0
3260.0,15,580.0,9.206349206349206,7.640952158429092,0,0.0,1.0,10,425.0,0.3118102238155982,4,207.0,0.31917449849433405,1,7.0,0.3402971603623097,15,639.0
3265.0,16,656.0,10.412698412698413,6.392975713336382,0,0.0,1.0,11,466.0,0.16920286506230536,4,235.0,0.43409249957887713,1,12.0,0.18182588560001076,16,713.0
3270.0,9,244.0,3.873015873015873,6.283229239810359,0,0.0,1.0,1,118.0,0.36904735947624057,5,258.0,0.3930711941117801,2,22.0,0.3227270296437041,8,398.0
3275.0,7,257.0,4.283333333333333,7.190749194952811,0,0.0,1.0,1,14.0,0.7598406056422927,5,283.0,0.32442551859240204,0,0.0,0.9550569960313856,6,297.0
3280.0,10,303.0,5.05,7.578141189291073,0,0.0,1.0,1,19.0,0.6905313087924508,6,328.0,0.49597433085604803,0,0.0,0.9661913624974056,7,347.0
3285.0,12,333.0,5.741379310344827,7.389513952268696,0,0.0,1.0,2,25.0,0.6405574057670392,7,352.0,0.49633097508602925,0,0.0,0.9836367773216803,9,377.0
3290.0,10,375.0,6.578947368421052,7.168369247552917,0,0.0,1.0,2,35.0,0.5840286017400225,7,387.0,0.5439987745888303,0,0.0,0.9691384818575689,9,422.0
3295.0,10,417.0,7.067796610169491,7.387470650989456,0,0.0,0.8995961107067159,2,45.0,0.6958605161858086,7,419.0,0.4946932316765134,0,0.0,0.9933269160950673,9,464.0
3300.0,9,442.0,8.185185185185185,7.204149757331159,0,0.0,1.0,2,55.0,0.6483318502801919,6,429.0,0.5456593616249628,0,0.0,0.9875817351870739,8,484.0
3305.0,10,480.0,8.727272727272727,7.0127277018584895,0,0.0,1.0,2,65.0,0.6330182895770912,7,460.0,0.4554722714720608,0,0.0,0.9877415636992591,9,525.0
3310.0,12,527.0,9.943396226415095,6.611130120838192,0,0.0,1.0,2,130.0,0.6277076265202535,10,502.0,0.20865403004332872,0,0.0,0.9675245240565873,12,632.0
3315.0,11,536.0,9.745454545454546,6.9432270277072226,0,0.0,1.0,1,89.0,0.657080654489285,10,552.0,0.17748481843492223,0,0.0,0.9716957498904106,11,641.0
3320.0,10,544.0,9.89090909090909,6.279569821771899,0,0.0,1.0,3,99.0,0.3265617656392664,6,554.0,0.1631171426555872,1,1.0,0.46924809529314554,10,654.0
3325.0,12,599.0,11.30188679245283,6.128142193107294,0,6.0,0.5731211262813242,4,122.0,0.22406391129391148,8,583.0,0.17859248986260673,0,0.0,0.962830578711394,12,711.0
3330.0,15,666.0,12.10909090909091,5.752172631428117,2,11.0,0.22773448377409602,5,147.0,0.2692174243906634,8,626.0,0.1505032748458483,0,0.0,0.9877559679565002,15,784.0
3335.0,15,712.0,12.491228070175438,5.402438847257169,3,26.0,0.06856564295623908,2,136.0,0.5960231757035167,8,663.0,0.194782211687996,0,0.0,0.9554304217872344,13,825.0
3340.0,15,466.0,7.898305084745763,5.771923384293958,5,44.0,0.017518910920436632,2,138.0,0.6780646799145691,7,504.0,0.2493051469536379,0,0.0,0.9501321768766062,14,686.0
3345.0,14,206.0,3.6140350877192984,6.358658546181071,7,75.0,0.0032826111453622365,3,153.0,0.6588373562798214,2,306.0,0.4520678649225214,0,0.0,0.9845055045423212,12,534.0
3350.0,11,166.0,2.8620689655172415,6.793786488349437,2,40.0,0.011915003379030616,4,171.0,0.6228338533620222,5,150.0,0.39207457766115605,0,0.0,0.9461407862892806,11,361.0
3355.0,11,204.0,3.5172413793103448,7.07950644464166,0,11.0,0.13941614435865904,5,189.0,0.5203678769984701,6,97.0,0.38109791079794847,0,0.0,0.7056091396694416,11,297.0
3360.0,10,245.0,4.375,7.960294456617754,0,0.0,0.5763854563489812,5,214.0,0.5786390463898032,4,79.0,0.42402365235225226,1,3.0,0.7109789324072867,10,296.0
3365.0,9,253.0,4.685185185185185,8.446301901947445,0,0.0,1.0,5,239.0,0.5484187983878773,3,67.0,0.47758789505886234,1,8.0,0.7318548927908942,9,314.0
3370.0,9,286.0,5.296296296296297,8.077151008979666,0,0.0,0.9348111837989019,6,262.0,0.43709317560255573,3,79.0,0.24020335720293748,0,0.0,0.9474273657201754,9,341.0
3375.0,6,129.0,2.388888888888889,7.8039440467796295,1,1.0,0.20890545988827638,2,88.0,0.5748057808272441,3,97.0,0.4911640446684306,0,0.0,0.9542900344996095,6,186.0
3380.0,8,158.0,3.0980392156862746,8.23858733327169,2,9.0,0.00035634983205526025,1,36.0,0.7912684848283837,3,109.0,0.47504777641613544,0,0.0,0.9610069139464175,6,154.0
3385.0,11,205.0,4.019607843137255,7.755455684364732,2,19.0,0.0,2,44.0,0.7186345954163674,3,124.0,0.4697604952161582,0,0.0,0.9239703693130212,7,187.0
3390.0,13,262.0,5.458333333333333,7.243896289540373,2,29.0,0.0,3,55.0,0.5552418232787187,3,139.0,0.42413608452861545,0,0.0,0.9809853385674249,8,223.0
3395.0,14,331.0,7.195652173913044,6.17636582724855,2,39.0,0.0,3,70.0,0.5475717265540186,4,158.0,0.3910048951183211,0,0.0,0.9386362790844762,9,267.0
3400.0,17,411.0,9.133333333333333,5.28639050022772,2,49.0,0.0,3,85.0,0.42505237828706466,5,182.0,0.34761889047030126,0,0.0,0.988571116959222,10,316.0
3405.0,20,506.0,10.76595744680851,4.31626239238954,2,59.0,0.0,4,116.0,0.34475437247028384,7,212.0,0.12072742176635443,0,0.0,0.8385304315972271,13,387.0
3410.0,16,384.0,7.836734693877551,4.842029993973054,2,69.0,0.0,5,141.0,0.22460948955014037,5,156.0,0.24850892909561145,1,4.0,0.6146148949216657,13,370.0
3415.0,10,271.0,5.42,5.183273075235709,0,0.0,1.0,2,112.0,0.1955857676814459,3,64.0,0.09886140160628083,1,9.0,0.6451916846960152,6,185.0
3420.0,9,210.0,4.2,6.20688281985442,0,0.0,1.0,3,116.0,0.22585510794507127,5,80.0,0.0,1,14.0,0.6389626219354708,9,210.0
3425.0,11,260.0,5.0,5.981495420298531,0,0.0,1.0,3,131.0,0.23426352108529103,5,111.0,0.26997359851317787,1,19.0,0.5971547043643227,9,261.0
3430.0,8,185.0,3.5576923076923075,6.555986914956164,0,0.0,1.0,3,146.0,0.24075798183755495,1,34.0,0.588171611340899,0,0.0,0.8723714066513418,4,180.0
3435.0,5,190.0,3.5185185185185186,7.522014234307402,0,3.0,0.6794873845995307,3,164.0,0.3090286152827386,1,31.0,0.682657616711855,0,0.0,0.8646822565706419,4,198.0
3440.0,7,205.0,3.5964912280701755,7.689584851766533,1,7.0,0.01638155920310845,3,179.0,0.5795755958005538,1,28.0,0.7746765386830121,0,0.0,0.9089364165514389,5,214.0
3445.0,6,232.0,4.296296296296297,7.952743366597658,2,17.0,9.706137988835363e-06,3,195.0,0.5740036806990684,1,34.0,0.6578158026079258,0,0.0,0.90108490582779,6,246.0
3450.0,9,267.0,5.134615384615385,7.400009984390423,2,27.0,0.0,3,210.0,0.5936133218854577,2,42.0,0.5552333682295383,1,1.0,0.6124887794702198,8,280.0
3455.0,12,139.0,2.7254901960784315,6.1534442001659055,2,37.0,0.10371955005772908,2,146.0,0.6471608340058791,3,45.0,0.37991401022725313,1,6.0,0.4085576170520508,8,234.0
3460.0,12,177.0,3.2777777777777777,7.011120652180876,2,47.0,0.011537471205703963,3,75.0,0.6428603087930266,4,66.0,0.4319529328850256,2,16.0,0.47136027991673823,11,204.0
3465.0,14,231.0,4.277777777777778,6.50121364510499,3,59.0,0.0026914501330434267,4,91.0,0.390506336411478,4,86.0,0.479016900097065,3,27.0,0.23900615495778268,14,263.0
3470.0,16,275.0,5.0,5.7722781708135935,3,74.0,0.0006283000991262787,8,123.0,0.17689276453625238,4,108.0,0.4399956436078003,0,14.0,0.5245543097930111,15,319.0
3475.0,13,314.0,5.508771929824562,6.652040797453977,3,89.0,8.722525979763805e-05,5,126.0,0.3811945175956334,5,136.0,0.3597941985069903,0,0.0,0.9200475037044824,13,351.0
3480.0,11,286.0,4.8474576271186445,5.7436364943825176,3,104.0,1.2037469676397077e-05,5,151.0,0.2459380558890018,3,95.0,0.2979149150631917,0,0.0,0.9964468571705163,11,350.0
3485.0,12,335.0,5.775862068965517,6.6275546559367795,3,119.0,3.304144354439012e-06,5,179.0,0.3030918259069416,4,77.0,0.39311813332560486,0,0.0,0.9664078724396751,12,375.0
3490.0,15,407.0,7.017241379310345,6.815390740612014,3,134.0,0.0,6,209.0,0.4357516927289465,6,102.0,0.2459927724018872,0,0.0,0.9969084374423663,15,445.0
3495.0,15,346.0,5.766666666666667,5.854749965355308,0,31.0,0.39045762551509644,7,241.0,0.3603300401820639,7,123.0,0.21526759950007837,0,0.0,0.6592115196267709,14,395.0
3500.0,13,291.0,4.85,5.523958393990236,0,0.0,1.0,8,278.0,0.35977229811571687,2,43.0,0.48965106509832296,1,3.0,0.4903939837817753,11,324.0
3505.0,14,337.0,5.711864406779661,5.916403256803423,0,3.0,0.7318290601123305,8,321.0,0.3834256430097878,0,29.0,0.586580874812012,1,8.0,0.46320595010234145,9,361.0
3510.0,11,366.0,6.203389830508475,7.158027109069238,0,0.0,0.8944868672988598,8,364.0,0.4847565669472144,0,0.0,0.9026560378107203,1,5.0,0.4917123106163036,9,369.0
3515.0,8,122.0,2.0677966101694913,6.85395995176449,2,4.0,0.18556947354147998,5,238.0,0.44533762708390906,0,0.0,0.9881093782329904,0,0.0,0.9407186886912282,7,242.0
3520.0,8,41.0,0.7068965517241379,7.56499605582767,3,18.0,7.469060650791673e-06,1,54.0,0.5965348170955089,0,3.0,0.8079354177375894,0,0.0,0.9374307901055415,4,75.0
3525.0,9,83.0,1.4821428571428572,7.766433939192076,3,33.0,0.0,1,14.0,0.7314879307119653,1,5.0,0.4081757542572114,0,0.0,0.9863706423651178,5,52.0
3530.0,11,136.0,2.4727272727272727,7.9608840062265624,3,48.0,0.0,1,19.0,0.7840376863507547,3,18.0,0.45671664443824533,0,0.0,0.9540282629777939,7,85.0
3535.0,7,107.0,2.018867924528302,7.0766849401670955,0,0.0,1.0,0,40.0,0.7181685911340169,3,33.0,0.5317282362162783,0,0.0,0.5543194398484158,3,73.0
3540.0,8,109.0,2.3191489361702127,7.096121222831577,0,0.0,1.0,3,48.0,0.4019184674359828,0,0.0,0.9710712254474091,1,4.0,0.479684750821884,4,52.0
3545.0,7,91.0,2.116279069767442,7.108070187310061,0,3.0,0.5410986146067865,4,73.0,0.4117872326821664,0,4.0,0.9683981781481357,1,9.0,0.46593797606632337,5,89.0
3550.0,5,61.0,1.2708333333333333,8.045474149497606,0,0.0,1.0,4,93.0,0.46129984533185336,0,4.0,0.9506399926356562,1,14.0,0.6502954481583955,5,111.0
3555.0,1,14.0,0.2978723404255319,8.63511938607067,0,0.0,1.0,1,77.0,0.5057943699213547,0,4.0,0.9545614452001099,0,0.0,0.9342671377085703,1,81.0
3560.0,1,1.0,0.022727272727272728,9.175475847889917,0,0.0,1.0,0,3.0,0.978538833556501,0,7.0,0.8636029107749814,0,0.0,0.9871219095760544,0,10.0
3565.0,1,4.0,0.09302325581395349,9.350853521467076,0,0.0,1.0,0,3.0,0.8334397324830544,0,4.0,0.960468919309743,0,0.0,0.9220386969235512,0,7.0
3570.0,2,4.0,0.1,9.237610437206573,0,0.0,1.0,1,6.0,0.777336531528939,1,4.0,0.8063179158548626,0,0.0,0.9536634161559787,2,10.0
3575.0,2,7.0,0.175,7.8794131030974714,0,0.0,0.5141716422885261,0,3.0,0.7842892509500612,2,7.0,0.5272064570396189,0,0.0,0.9529692975503693,2,10.0
3580.0,4,14.0,0.358974358974359,7.783526858044303,2,5.0,0.10481916532143508,1,5.0,0.7805832235459071,1,9.0,0.35911595761440673,0,0.0,0.9228203455069011,4,19.0
3585.0,4,34.0,0.85,8.353825440360364,2,15.0,0.014465141377565447,1,13.0,0.8010976920307212,1,12.0,0.685629133941379,0,0.0,0.9235089607203242,4,40.0
3590.0,5,56.0,1.4,8.06555868251029,3,27.0,0.07183022204282483,1,18.0,0.7364065359851216,1,17.0,0.48089450678817736,0,0.0,0.9408450615223827,5,62.0
3595.0,4,45.0,1.1842105263157894,8.05033359443737,0,6.0,0.015778444431489794,2,24.0,0.6569583834270196,2,27.0,0.6137694869398468,0,0.0,0.9449460763456887,4,57.0
3600.0,4,43.0,1.1025641025641026,8.051833763453631,0,0.0,1.0,2,33.0,0.6368545134344995,2,15.0,0.49521192748115245,0,0.0,0.9554461635540002,4,48.0
