step,system_total_stopped,system_total_waiting_time,system_mean_waiting_time,system_mean_speed,cluster_10564135163_13571629282_5146149679_stopped,cluster_10564135163_13571629282_5146149679_accumulated_waiting_time,cluster_10564135163_13571629282_5146149679_average_speed,cluster_10564135205_11749189839_3266988437_5129187741_#3more_stopped,cluster_10564135205_11749189839_3266988437_5129187741_#3more_accumulated_waiting_time,cluster_10564135205_11749189839_3266988437_5129187741_#3more_average_speed,cluster_10564135211_11749189838_12136544949_12136544951_#7more_stopped,cluster_10564135211_11749189838_12136544949_12136544951_#7more_accumulated_waiting_time,cluster_10564135211_11749189838_12136544949_12136544951_#7more_average_speed,cluster_10564135212_13571629279_13571629299_stopped,cluster_10564135212_13571629279_13571629299_accumulated_waiting_time,cluster_10564135212_13571629279_13571629299_average_speed,agents_total_stopped,agents_total_accumulated_waiting_time
0.0,0,0.0,0.0,0.0,0,0.0,1.0,0,0.0,1.0,0,0.0,1.0,0,0.0,1.0,0,0.0
5.0,0,0.0,0.0,10.071124529053773,0,0.0,1.0,0,0.0,0.9971311713940347,0,0.0,1.0,0,0.0,0.9975796618119586,0,0.0
10.0,0,0.0,0.0,8.632748228652577,0,0.0,1.0,0,0.0,0.988392218289787,0,0.0,1.0,0,0.0,0.9902068888698129,0,0.0
15.0,0,0.0,0.0,8.103140462472764,0,0.0,1.0,0,0.0,0.9672464907358347,0,0.0,1.0,0,0.0,0.9723669203870912,0,0.0
20.0,0,0.0,0.0,8.413881221738512,0,0.0,1.0,0,0.0,0.9634869515368552,0,0.0,1.0,0,0.0,0.9672003409424423,0,0.0
25.0,0,0.0,0.0,8.179206246090777,0,0.0,1.0,0,0.0,0.7952533347077416,0,0.0,0.6191467939417812,0,0.0,0.9612445401937445,0,0.0
30.0,2,6.0,0.5,6.070487015122301,0,0.0,1.0,1,3.0,0.46562702918965526,1,3.0,0.0312132928940979,0,0.0,0.978949699265388,2,6.0
35.0,3,21.0,1.5,6.207567180657177,0,0.0,1.0,1,8.0,0.4924822853209166,2,13.0,2.6937829147336534e-05,0,0.0,0.9698214270508336,3,21.0
40.0,3,36.0,2.1176470588235294,5.537402025995565,0,0.0,1.0,1,13.0,0.09496027193811112,2,23.0,0.0,0,0.0,0.9711960720914187,3,36.0
45.0,1,18.0,1.0,6.0625259872324735,0,0.0,1.0,0,0.0,0.7258490954374186,1,18.0,0.0,0,0.0,0.9523145812715486,1,18.0
50.0,1,23.0,1.2105263157894737,7.716047615446054,0,0.0,1.0,0,3.0,0.8302135347430974,1,23.0,0.5,0,0.0,0.9588927908886655,1,26.0
55.0,1,28.0,1.2727272727272727,8.79421884510302,0,0.0,1.0,0,3.0,0.9710782330830998,1,33.0,0.7182197550299533,0,0.0,0.9644156027405646,1,36.0
60.0,1,33.0,1.434782608695652,8.512183954674066,0,0.0,1.0,0,3.0,0.9712750599531017,1,36.0,0.7262826542854507,0,0.0,0.98910820803026,1,39.0
65.0,1,38.0,1.6521739130434783,8.08485146997943,0,0.0,1.0,0,3.0,0.9731005261534587,1,41.0,0.7183150925195881,0,0.0,0.9443174846235153,1,44.0
70.0,3,49.0,2.0416666666666665,7.589002861119845,0,0.0,1.0,1,7.0,0.716493745530168,2,48.0,0.4749315656393053,0,0.0,0.9586517066694625,3,55.0
75.0,3,64.0,2.3703703703703702,7.092043332737436,0,0.0,1.0,1,12.0,0.39771683217298504,2,58.0,0.549852596128997,0,0.0,0.9515160597389525,3,70.0
80.0,6,89.0,3.0689655172413794,6.496190593231148,0,0.0,1.0,3,23.0,0.3417434560183898,2,68.0,0.5897875218484662,0,0.0,0.9842074079387841,5,91.0
85.0,5,99.0,3.193548387096774,6.482212395779678,0,0.0,1.0,4,41.0,0.4143995318316635,1,58.0,0.6129119643127634,0,0.0,0.9991002086258254,5,99.0
90.0,2,65.0,2.096774193548387,6.900276273534793,0,2.0,0.7840502550155845,0,3.0,0.828182537149771,2,65.0,0.3175768825881838,0,0.0,0.9786061044941952,2,70.0
95.0,4,77.0,2.3333333333333335,7.547567109241067,0,0.0,1.0,1,4.0,0.7300340834972083,3,76.0,0.4835957410595358,0,0.0,0.9515208845539914,4,80.0
100.0,5,98.0,2.8823529411764706,8.215188444524685,0,0.0,1.0,1,9.0,0.7822320076299489,4,98.0,0.40139056281269553,0,0.0,0.9816069209303155,5,107.0
105.0,3,95.0,2.878787878787879,8.684782956155795,0,0.0,1.0,1,14.0,0.7555685772557317,2,100.0,0.4916681098977857,0,0.0,0.9689099558428786,3,114.0
110.0,3,110.0,3.0555555555555554,9.232766389562029,0,0.0,1.0,1,19.0,0.810590502212568,2,97.0,0.606639553359214,0,0.0,0.9349589073216258,3,116.0
115.0,5,131.0,3.5405405405405403,8.581280172966,0,0.0,1.0,1,24.0,0.6838264840111827,3,110.0,0.44744405013252003,0,0.0,0.9329420350261229,4,134.0
120.0,7,163.0,4.527777777777778,8.024784965485296,0,0.0,1.0,1,29.0,0.7749265275880673,4,130.0,0.42368513206208475,0,0.0,0.9582777406671495,5,159.0
125.0,7,189.0,5.25,6.5914884864406575,0,0.0,1.0,1,31.0,0.6486029314385264,3,141.0,0.3058906817514014,0,0.0,0.9981206399535564,4,172.0
130.0,7,199.0,5.378378378378378,6.9000706125540034,0,0.0,1.0,2,40.0,0.4310977365505928,3,155.0,0.4726162924334988,0,0.0,0.9924985800479948,5,195.0
135.0,10,247.0,6.5,7.433402341026767,0,0.0,0.9926142501639977,3,54.0,0.5424188032469285,3,167.0,0.4889735304235782,0,0.0,0.9495903138467093,6,221.0
140.0,10,297.0,7.815789473684211,7.028257897775521,0,0.0,1.0,3,69.0,0.486739675869285,3,182.0,0.47735550503873814,0,0.0,0.9530831452380049,6,251.0
145.0,10,184.0,4.487804878048781,6.894367113401198,0,0.0,1.0,3,84.0,0.47647163211803556,1,78.0,0.5802298713850765,0,0.0,0.9628780532801282,4,162.0
150.0,9,195.0,4.875,7.099954821121199,0,0.0,1.0,3,99.0,0.4806788938776409,0,0.0,0.6030890547006895,0,0.0,0.9523895142216037,3,99.0
155.0,11,248.0,6.2,6.1796288175066225,0,0.0,0.9610969374900583,3,111.0,0.38176287916864415,2,8.0,0.4170610681712125,0,0.0,0.9461802026130216,5,119.0
160.0,16,320.0,8.205128205128204,5.485267917085246,0,0.0,1.0,3,126.0,0.2461460896296525,5,29.0,0.16254059443835195,0,0.0,0.9879204956035662,8,155.0
165.0,11,262.0,6.390243902439025,6.226267882116296,0,0.0,1.0,3,141.0,0.37175463436726075,4,33.0,0.31566793955744704,0,0.0,0.9378373330096694,7,174.0
170.0,13,322.0,7.666666666666667,6.3315683713465365,0,0.0,1.0,3,156.0,0.388154105639755,5,56.0,0.3691269724594625,0,0.0,0.9539794767064864,8,212.0
175.0,7,130.0,3.1707317073170733,6.032078577751758,0,0.0,1.0,1,89.0,0.4934674452470468,6,83.0,0.21696316506695532,0,0.0,0.9626558920413828,7,172.0
180.0,7,117.0,2.7209302325581395,6.884516356760511,0,0.0,1.0,0,0.0,0.9726874666191119,7,114.0,0.21747336771288617,0,0.0,0.9425805396357835,7,114.0
185.0,8,118.0,2.6818181818181817,6.385430209193854,0,0.0,1.0,1,1.0,0.6405529423587594,5,128.0,0.37789479685738264,0,0.0,0.9629300078629548,6,129.0
190.0,13,176.0,3.8260869565217392,6.608403865357962,0,0.0,1.0,1,6.0,0.6545335271309792,5,116.0,0.4330366930302408,0,0.0,0.9651180246882195,6,122.0
195.0,17,245.0,5.326086956521739,5.725125359192882,0,0.0,1.0,2,14.0,0.4860830379246971,7,145.0,0.26324408288465,0,0.0,0.9433341676928797,9,159.0
200.0,18,327.0,6.957446808510638,5.10411765699746,0,0.0,1.0,3,25.0,0.08145540111307932,8,185.0,0.26291659155832536,0,0.0,0.9564743225282463,11,210.0
205.0,12,164.0,3.4166666666666665,4.95124377532266,0,0.0,1.0,4,44.0,0.07734830221758641,1,38.0,0.4904938852571979,0,0.0,0.9886997964231736,5,82.0
210.0,7,102.0,2.125,5.657616195385965,0,6.0,0.635824372873923,4,103.0,0.2789808380891681,1,15.0,0.5435827796349173,0,0.0,0.9478341298415732,5,124.0
215.0,5,104.0,2.122448979591837,7.241026414028844,0,0.0,0.7990167275115256,4,146.0,0.5500538587313851,1,20.0,0.6224549595597841,0,0.0,0.9757697169596364,5,166.0
220.0,4,108.0,2.204081632653061,7.571255821036806,0,0.0,1.0,3,145.0,0.6178974600001448,1,25.0,0.4697318033939345,0,0.0,0.9823258569275461,4,170.0
225.0,10,146.0,2.92,7.121716741253038,0,0.0,1.0,3,104.0,0.554085227893305,1,30.0,0.467198659501579,0,0.0,0.9743288945735293,4,134.0
230.0,13,171.0,3.489795918367347,6.646760551665687,0,0.0,1.0,3,119.0,0.551162806202391,0,3.0,0.5629561987948549,0,0.0,0.9790809921779589,3,122.0
235.0,18,247.0,4.8431372549019605,6.459697338604031,0,0.0,1.0,5,138.0,0.4128709158936358,1,6.0,0.4808057805214442,0,0.0,0.9789641108688285,6,144.0
240.0,14,184.0,3.8333333333333335,5.261210033944484,0,0.0,1.0,0,8.0,0.4409243224084778,1,11.0,0.541615432804381,0,0.0,0.9816541015227717,1,19.0
245.0,17,263.0,5.717391304347826,5.315184126358652,0,0.0,1.0,0,0.0,0.9159284899243512,2,18.0,0.32318308253677414,0,0.0,0.970224636499974,2,18.0
250.0,17,332.0,6.775510204081633,5.496817092035897,0,0.0,1.0,0,0.0,0.49373930799019733,0,9.0,0.9244371513731515,0,0.0,0.987073998557552,0,9.0
255.0,17,365.0,7.1568627450980395,6.009819211248236,0,0.0,1.0,1,10.0,0.6921531490326075,0,6.0,0.94818446727821,0,0.0,0.946445543471577,1,16.0
260.0,15,421.0,7.943396226415095,6.616299802477824,0,0.0,1.0,1,18.0,0.6765646543786215,0,6.0,0.9447414432327613,0,0.0,0.9566918170981774,1,24.0
265.0,13,366.0,7.176470588235294,6.597206257327856,0,0.0,1.0,2,24.0,0.6268918634036683,0,6.0,0.979512798058836,0,0.0,0.9862117061974696,2,30.0
270.0,8,209.0,4.354166666666667,6.51554108357733,0,0.0,1.0,2,34.0,0.6667108273091306,0,6.0,0.96744950394037,0,0.0,0.9672661452121736,2,40.0
275.0,6,69.0,1.3529411764705883,6.159804560062181,0,0.0,1.0,3,46.0,0.5213897628321813,0,6.0,0.6572059549690102,0,0.0,0.9638902397021561,3,52.0
280.0,9,71.0,1.42,5.970507372270882,0,0.0,1.0,4,65.0,0.48104620141010873,3,16.0,0.349413594034675,0,0.0,0.957509915758362,7,81.0
285.0,6,33.0,0.6346153846153846,5.950555330660934,0,0.0,1.0,1,26.0,0.5152991436420218,5,102.0,0.37610878844145545,0,0.0,0.9459864386910987,6,128.0
290.0,8,69.0,1.3018867924528301,6.8582901761387856,0,0.0,1.0,1,5.0,0.5913065105903772,6,131.0,0.4577092167229118,0,0.0,0.974454330579166,7,136.0
295.0,3,12.0,0.22641509433962265,7.102044776527098,0,0.0,1.0,2,14.0,0.48607836072314514,1,90.0,0.48583850701011627,0,0.0,0.9549385374691661,3,104.0
300.0,5,33.0,0.6226415094339622,7.36856202481289,0,9.0,0.6353533795951419,3,28.0,0.30159381659176177,2,77.0,0.5083573135099784,0,0.0,0.973589592048124,5,114.0
305.0,7,62.0,1.1923076923076923,6.907955669179585,0,9.0,0.18906801701294365,3,72.0,0.49725178278225796,3,90.0,0.43132261953821205,0,0.0,0.9740656210008667,6,171.0
310.0,9,60.0,1.1538461538461537,5.981715399210798,3,22.0,0.046444212077617925,0,57.0,0.8437473296671915,4,146.0,0.16226634150463012,0,0.0,0.9449109599684602,7,225.0
315.0,6,68.0,1.2830188679245282,6.713803636689609,0,0.0,0.03650071655546374,0,57.0,0.8329505017466493,6,174.0,0.22557320947290044,0,0.0,0.9424276715600721,6,231.0
320.0,6,69.0,1.2545454545454546,7.306159636106839,0,0.0,1.0,2,50.0,0.6079500878285072,4,118.0,0.3102253558122503,0,0.0,0.9709046882424602,6,168.0
325.0,8,107.0,1.9107142857142858,8.102691896764908,0,0.0,1.0,3,67.0,0.6354753842237862,5,94.0,0.2832954011899191,0,0.0,0.9876179519926516,8,161.0
330.0,9,149.0,2.6607142857142856,7.912959015691271,0,0.0,1.0,4,81.0,0.559869708766886,5,152.0,0.36725290917111203,0,0.0,0.9881725001913343,9,233.0
335.0,9,194.0,3.4642857142857144,8.173059169841943,0,0.0,1.0,4,101.0,0.5324202461849044,5,144.0,0.26954055936777593,0,0.0,0.9668101345524267,9,245.0
340.0,12,247.0,4.574074074074074,7.163620736290493,0,0.0,1.0,5,122.0,0.3628852673786188,6,174.0,0.25866434823097023,0,0.0,0.9585833693305379,11,296.0
345.0,14,315.0,5.833333333333333,6.812232759761673,0,0.0,1.0,5,147.0,0.3855871071169113,7,207.0,0.11813558081980961,0,0.0,0.9544678860069693,12,354.0
350.0,9,169.0,3.38,6.738325755002387,0,0.0,1.0,2,84.0,0.5555071304640424,4,153.0,0.3083987715473444,0,0.0,0.946434260783569,6,237.0
355.0,8,113.0,2.306122448979592,7.81599707029372,0,0.0,1.0,1,37.0,0.6212158394709484,3,77.0,0.3402709141506474,0,0.0,0.9698810777901077,4,114.0
360.0,10,159.0,3.3125,7.813537218384927,0,0.0,1.0,1,42.0,0.6960633734067974,4,60.0,0.41198675491136105,0,0.0,0.971123939445869,5,102.0
365.0,12,216.0,4.32,7.61306796895958,0,0.0,1.0,2,50.0,0.4886970413578581,5,84.0,0.47106299870255414,0,0.0,0.9747000327298216,7,134.0
370.0,7,166.0,3.4583333333333335,5.857012412065646,0,0.0,1.0,1,52.0,0.4696993357329801,0,11.0,0.6866071720490162,0,0.0,0.9993619848547676,1,63.0
375.0,11,217.0,4.520833333333333,6.580090242625258,0,0.0,0.9900806000983932,1,63.0,0.6313046262172227,0,3.0,0.9634080388513441,0,0.0,0.9460051950779432,1,66.0
380.0,11,272.0,5.132075471698113,7.314938941769333,0,0.0,0.7862111631197729,1,68.0,0.8331115526461063,0,6.0,0.9396753396057737,0,0.0,0.9632420426217617,1,74.0
385.0,10,302.0,5.69811320754717,7.465107900734355,0,0.0,1.0,1,73.0,0.8157176663458647,0,6.0,0.9527791206523785,0,0.0,0.9741870295623536,1,79.0
390.0,8,196.0,3.6296296296296298,7.2908875706307,0,0.0,1.0,0,6.0,0.8219715563079618,0,3.0,0.9328415379636723,0,0.0,0.9827913886162074,0,9.0
395.0,8,156.0,2.8363636363636364,7.176034293718196,0,0.0,1.0,2,12.0,0.6974099895193945,0,6.0,0.7106759650504586,0,0.0,0.9524645540031467,2,18.0
400.0,4,27.0,0.47368421052631576,7.574295674394673,0,0.0,1.0,2,22.0,0.622161965542491,1,10.0,0.6296325470695894,0,0.0,0.9349741202753944,3,32.0
405.0,10,50.0,0.9433962264150944,6.966011630753536,0,0.0,1.0,6,40.0,0.38855286283653817,3,20.0,0.46332599426769483,0,0.0,0.9333059645971074,9,60.0
410.0,8,73.0,1.3773584905660377,6.222203347398563,0,0.0,1.0,2,36.0,0.42859069153963114,4,38.0,0.32148368952240464,0,0.0,0.9707355338272576,6,74.0
415.0,5,69.0,1.3269230769230769,6.33305331457261,0,0.0,1.0,4,50.0,0.3224941422822014,1,67.0,0.612214340479378,0,0.0,0.9701730595138047,5,117.0
420.0,6,95.0,1.8627450980392157,6.883533880913279,0,0.0,0.5658111383018465,4,70.0,0.18793220151862217,2,73.0,0.2923821510152696,0,0.0,0.9831702483359575,6,143.0
425.0,7,126.0,2.4705882352941178,6.844886102697226,0,3.0,0.06027963100092196,4,94.0,0.38482376571243565,2,83.0,0.49535782348138974,0,0.0,0.950668827061304,6,180.0
430.0,8,164.0,3.28,6.766398582579614,2,12.0,0.0003359668604042021,4,114.0,0.48750405532263547,2,93.0,0.4879094446322192,0,0.0,0.9394102460380366,8,219.0
435.0,6,96.0,1.8461538461538463,7.132884462272759,2,22.0,0.0,1,47.0,0.48160973205266117,2,103.0,0.5708268916996911,0,0.0,0.9423453774547682,5,172.0
440.0,2,5.0,0.1,7.186772595952843,0,0.0,1.0,1,6.0,0.7146002966627517,1,70.0,0.6083247592175378,0,0.0,0.4839178855809747,2,76.0
445.0,2,12.0,0.23529411764705882,7.753768187161336,0,0.0,1.0,1,58.0,0.7154568750300604,0,11.0,0.7647067298770561,1,4.0,0.49256258339457376,2,73.0
450.0,6,28.0,0.5714285714285714,7.724718797848491,0,0.0,0.9379119529323703,2,64.0,0.5107009189331134,1,9.0,0.6372453730604548,0,0.0,0.9912690122159751,3,73.0
455.0,9,51.0,1.0851063829787233,7.4015942438533795,0,0.0,1.0,0,0.0,0.3334608713175898,3,36.0,0.5741535198493666,0,0.0,0.8207302032463133,3,36.0
460.0,7,44.0,0.9166666666666666,7.083902585063217,0,0.0,1.0,0,29.0,0.7330096293452036,4,39.0,0.3459934367172825,0,0.0,0.9658605497334024,4,68.0
465.0,5,55.0,1.1458333333333333,8.111457523503484,0,0.0,1.0,0,29.0,0.9468469323296403,5,70.0,0.4377616340463365,0,0.0,0.9860130528210181,5,99.0
470.0,2,24.0,0.4897959183673469,8.229844555925773,0,0.0,1.0,0,15.0,0.8617728837412992,1,28.0,0.6809950932695175,0,0.0,0.9464848820946389,1,43.0
475.0,3,38.0,0.7916666666666666,8.423935296127205,0,0.0,1.0,0,21.0,0.7906786016599876,1,30.0,0.5853529465290528,0,0.0,0.9407843107685621,1,51.0
480.0,6,65.0,1.4130434782608696,7.626281160312584,0,0.0,1.0,1,14.0,0.7716456120154077,2,37.0,0.4115249486277473,0,0.0,0.9642051368238825,3,51.0
485.0,6,91.0,2.0681818181818183,7.932078773656346,0,0.0,1.0,1,15.0,0.7529837433873153,3,51.0,0.4767302693165571,0,0.0,0.9817384981252429,4,66.0
490.0,7,101.0,2.148936170212766,8.017681020411613,0,0.0,1.0,1,20.0,0.7644001732195335,2,48.0,0.41139752048904554,0,0.0,0.9817190618069509,3,68.0
495.0,5,106.0,2.25531914893617,8.13781218714264,0,0.0,1.0,0,6.0,0.8693335521269503,3,52.0,0.2131859458445069,0,0.0,0.9851196799929985,3,58.0
500.0,5,76.0,1.6170212765957446,8.425391774730485,0,0.0,1.0,1,7.0,0.7709687243635777,4,72.0,0.19234210551205388,0,0.0,0.9900037267343257,5,79.0
505.0,6,103.0,2.239130434782609,8.192650546683131,0,0.0,1.0,2,11.0,0.5753404885825669,4,96.0,0.3969705769241209,0,0.0,0.963532550096581,6,107.0
510.0,4,81.0,1.7234042553191489,8.168001073294429,0,0.0,1.0,3,22.0,0.3828443802616441,1,65.0,0.584299627909902,0,0.0,0.9641974461054765,4,87.0
515.0,4,101.0,2.148936170212766,8.645675054192239,0,3.0,0.6239057733276095,3,40.0,0.41851392863888776,1,68.0,0.7840149950905982,0,0.0,0.9504715886606877,4,111.0
520.0,4,121.0,2.5208333333333335,7.959877574245333,0,0.0,0.6855197230719154,3,55.0,0.5408020889669521,1,72.0,0.7366229855835416,0,0.0,0.9676449355961877,4,127.0
525.0,5,142.0,3.0869565217391304,8.44818599852356,0,0.0,1.0,4,119.0,0.45734932023926267,1,77.0,0.7264381470604512,0,0.0,0.9599355087043377,5,196.0
530.0,6,170.0,3.617021276595745,7.6997237005983745,0,0.0,0.9505734997725553,4,139.0,0.43113167334978053,1,79.0,0.7618221204731428,0,0.0,0.9903558264271463,5,218.0
535.0,6,185.0,4.111111111111111,7.390608851705397,0,0.0,0.9999180987674272,4,151.0,0.4908406841413727,1,84.0,0.0,0,0.0,0.9696372789597018,5,235.0
540.0,6,215.0,4.886363636363637,7.824134725753823,0,0.0,1.0,4,171.0,0.4842117572191341,1,89.0,0.0,0,0.0,0.9326658882310535,5,260.0
545.0,6,154.0,3.347826086956522,8.1659098591043,0,0.0,1.0,4,188.0,0.47197887870922417,0,3.0,0.9261239008030988,0,0.0,0.9748422400990028,4,191.0
550.0,8,190.0,4.130434782608695,7.336194969659766,0,0.0,1.0,4,208.0,0.47851257658222146,1,6.0,0.6306004248087145,0,0.0,0.9466726099383087,5,214.0
555.0,12,243.0,5.282608695652174,7.027489072777267,0,0.0,1.0,4,249.0,0.45405873931838964,2,13.0,0.48206212674129945,0,0.0,0.9344792846849124,6,262.0
560.0,12,303.0,6.183673469387755,7.474993555705041,0,0.0,1.0,4,269.0,0.5429708781600742,2,23.0,0.5724226763032901,0,0.0,0.9643463378664147,6,292.0
565.0,12,352.0,7.333333333333333,6.773968978957,0,0.0,1.0,5,290.0,0.3616453848836062,1,21.0,0.7740012564696512,0,0.0,0.9975184426576439,6,311.0
570.0,15,386.0,8.041666666666666,5.89406655780022,0,0.0,0.9527128196069659,6,320.0,0.33336484850580317,1,23.0,0.7647782081998675,0,0.0,0.9763459037346667,7,343.0
575.0,14,372.0,7.914893617021277,5.852260327844567,1,3.0,1.529204292111195e-05,8,355.0,0.3076933270271023,2,29.0,0.5777929418509214,0,0.0,0.9457808895755347,11,387.0
580.0,8,132.0,3.0,6.478608277593378,1,8.0,0.11139559921654572,5,233.0,0.3258388796129424,2,39.0,0.565528105834267,0,0.0,0.9892449992608998,8,280.0
585.0,5,73.0,1.6590909090909092,7.529341094775543,2,18.0,0.0,1,72.0,0.4824521712915591,2,49.0,0.5599857408192443,0,0.0,0.9295459492347439,5,139.0
590.0,4,73.0,1.6590909090909092,7.944997614910378,0,0.0,0.6645134736453154,1,25.0,0.7095729054977605,3,62.0,0.39739582913150406,0,0.0,0.9886423885171322,4,87.0
595.0,2,64.0,1.5238095238095237,8.067280336096829,0,0.0,1.0,1,19.0,0.6288894676215921,1,55.0,0.5758344601123166,0,0.0,0.8517668841129664,2,74.0
600.0,2,54.0,1.3170731707317074,7.789294350775433,0,0.0,1.0,1,23.0,0.3498026948630351,1,53.0,0.7338716568595264,0,0.0,0.938850473702816,2,76.0
605.0,2,60.0,1.4634146341463414,8.362119485190036,0,0.0,1.0,0,0.0,0.9690668483035952,1,58.0,0.7408595950877684,0,0.0,0.9449100145981842,1,58.0
610.0,2,68.0,1.619047619047619,8.981582277721348,0,0.0,1.0,0,0.0,0.9068157405205156,2,68.0,0.7134869705869987,0,0.0,0.9367594673470131,2,68.0
615.0,1,10.0,0.22727272727272727,9.52411278094799,0,0.0,1.0,0,0.0,0.9697904973565743,1,14.0,0.7599117281693002,0,0.0,0.957547095105453,1,14.0
620.0,2,20.0,0.4878048780487805,9.15649502928088,0,3.0,0.966896289561089,0,0.0,0.9224543151367173,2,24.0,0.692054384579809,0,0.0,0.9817530759941968,2,27.0
625.0,5,37.0,0.8604651162790697,7.75171436033523,0,0.0,1.0,0,0.0,0.9190620046045265,5,41.0,0.5306675198715501,0,0.0,0.9895470261617474,5,41.0
630.0,6,63.0,1.5,7.907686869274985,0,0.0,1.0,1,1.0,0.46989644872201447,5,66.0,0.3928957181041485,0,0.0,0.9778799131199147,6,67.0
635.0,10,93.0,2.1627906976744184,7.111330506378815,0,0.0,1.0,2,7.0,0.32201966312696456,8,90.0,0.20388438043378596,0,0.0,0.9604596005783702,10,97.0
640.0,11,144.0,3.272727272727273,6.744163744630092,0,0.0,1.0,2,17.0,0.42343361587639294,9,135.0,0.1593485203668038,0,0.0,0.984846471906652,11,152.0
645.0,12,201.0,4.466666666666667,6.19209808784998,0,0.0,1.0,2,27.0,0.4804109996792072,10,176.0,0.016372461127817754,0,0.0,0.9919893662043692,12,203.0
650.0,14,263.0,5.595744680851064,6.354147119309641,0,0.0,1.0,3,38.0,0.23588778928090903,11,228.0,0.0013060122366762314,0,0.0,0.9227442175075591,14,266.0
655.0,5,96.0,2.0425531914893615,6.569445243624062,0,0.0,1.0,3,53.0,0.2420789186619768,2,106.0,0.10211434959852804,0,0.0,0.9966614336003735,5,159.0
660.0,2,6.0,0.1276595744680851,7.581230515102457,0,6.0,0.7540011842030885,0,9.0,0.6838625711608398,0,21.0,0.428417037564428,0,0.0,0.9688847072045433,0,36.0
665.0,3,17.0,0.3617021276595745,8.693449117620535,0,0.0,0.7330089047644976,0,9.0,0.9364688842896544,0,0.0,1.0,0,0.0,0.9607956005405266,0,9.0
670.0,3,32.0,0.6666666666666666,9.386149264773259,0,0.0,1.0,0,9.0,0.963980831665881,0,6.0,0.9684122190582116,0,0.0,0.935861044673642,0,15.0
675.0,6,51.0,1.0851063829787233,8.100492806290202,0,0.0,1.0,0,9.0,0.8148819124140297,1,7.0,0.7254313634825607,0,0.0,0.999422013693882,1,16.0
680.0,10,95.0,2.021276595744681,7.143986433006198,0,0.0,1.0,1,14.0,0.8146135672088254,1,11.0,0.7270351790944918,0,0.0,0.9632198880923546,2,25.0
685.0,12,153.0,3.3260869565217392,7.066195278121922,0,0.0,1.0,1,16.0,0.8213144373868261,1,13.0,0.7836935469149264,0,0.0,0.9850008602052837,2,29.0
690.0,9,153.0,3.4,7.172586259518059,0,0.0,1.0,1,18.0,0.7238524295094417,1,18.0,0.8114159882915447,0,0.0,0.9513977686295824,2,36.0
695.0,7,152.0,3.4545454545454546,7.027487999544987,0,0.0,1.0,1,20.0,0.561714722642899,2,25.0,0.3121759452943605,0,0.0,0.9682418464686907,3,45.0
700.0,10,197.0,4.282608695652174,6.553204394070937,0,0.0,1.0,2,27.0,0.3082291110210335,4,43.0,0.17170625918051322,0,0.0,0.9685662541004388,6,70.0
705.0,12,252.0,5.04,6.56478065117031,0,0.0,1.0,2,37.0,0.4794504469018593,6,68.0,0.13722681779665447,0,0.0,0.886107579024098,8,105.0
710.0,11,267.0,5.448979591836735,6.506629391519505,0,0.0,1.0,1,3.0,0.6623382473471326,6,98.0,0.13907117480561945,0,0.0,0.9672216007406096,7,101.0
715.0,7,95.0,1.9387755102040816,6.4980386352082,0,0.0,1.0,1,8.0,0.7555985309669706,1,27.0,0.33408516141340316,0,0.0,0.9822244409374421,2,35.0
720.0,2,13.0,0.2826086956521739,7.354659727743508,0,6.0,0.678431641743094,1,13.0,0.560680183708571,0,7.0,0.7602704060963803,0,0.0,0.9544152532659848,1,26.0
725.0,3,22.0,0.4583333333333333,7.772634274639486,0,0.0,0.6924907053256687,2,27.0,0.4933996578684621,1,7.0,0.7291004769387771,0,0.0,0.9594762680775519,3,34.0
730.0,3,37.0,0.8043478260869565,8.275152140872986,0,0.0,1.0,2,37.0,0.6023690297688912,1,54.0,0.796511443556156,0,0.0,0.9576023490867372,3,91.0
735.0,7,60.0,1.2765957446808511,7.778310537373312,0,0.0,1.0,2,47.0,0.7055667753926689,2,100.0,0.4745829917219175,0,0.0,0.9731850156177444,4,147.0
740.0,10,103.0,2.1020408163265305,7.6599063190883205,0,0.0,1.0,2,57.0,0.7582335122328748,3,112.0,0.37717799937642765,0,0.0,0.9490716801570737,5,169.0
745.0,9,124.0,2.5306122448979593,7.556955869779927,0,0.0,1.0,2,81.0,0.6626560024534744,3,124.0,0.23358395820865455,0,0.0,0.9501393993806788,5,205.0
750.0,3,54.0,1.173913043478261,7.641952507371263,0,0.0,1.0,0,14.0,0.7600099453735958,3,139.0,0.3715102731864787,0,0.0,0.9151961129700732,3,153.0
755.0,2,18.0,0.4186046511627907,7.568668327486159,0,0.0,1.0,0,14.0,0.6829426718466758,2,120.0,0.2767343723153183,0,0.0,0.9490710153362408,2,134.0
760.0,3,13.0,0.29545454545454547,8.321567696075038,0,0.0,1.0,1,5.0,0.49395226499195705,1,12.0,0.723424936201235,0,0.0,0.9606493649163241,2,17.0
765.0,4,29.0,0.6304347826086957,8.720781489031948,0,0.0,1.0,1,10.0,0.617502742234758,2,29.0,0.7081595638928802,0,0.0,0.960772036956802,3,39.0
770.0,2,22.0,0.4888888888888889,8.838785774882753,0,0.0,1.0,0,0.0,0.951460872960452,2,40.0,0.5249293871013564,0,0.0,0.965330742622712,2,40.0
775.0,1,2.0,0.045454545454545456,8.705881663193232,0,0.0,1.0,0,0.0,0.869103821124427,1,23.0,0.5930589683836195,0,0.0,0.3349979034449282,1,23.0
780.0,1,5.0,0.12195121951219512,9.66008786563987,0,0.0,1.0,0,5.0,0.5827751289667145,1,34.0,0.7592523932267021,0,0.0,0.43073547989159094,1,39.0
785.0,3,17.0,0.4358974358974359,8.958445246461421,0,0.0,0.5633499014739349,1,10.0,0.7579906268392216,2,38.0,0.6046431439670398,0,0.0,0.8805394320989182,3,48.0
790.0,3,24.0,0.631578947368421,8.253797769951092,0,0.0,1.0,0,5.0,0.9699728605000463,2,45.0,0.5363548182727509,0,0.0,0.9551273749988142,2,50.0
795.0,5,44.0,1.0731707317073171,8.61269693535381,0,0.0,1.0,0,5.0,0.9641333783934695,2,55.0,0.482983326963358,0,0.0,0.9669761386386415,2,60.0
800.0,3,48.0,1.1162790697674418,8.869355842807643,0,0.0,1.0,0,5.0,0.9109488004369932,2,68.0,0.6359197542105546,0,0.0,0.9384756235444652,2,73.0
805.0,2,6.0,0.13333333333333333,8.06813595470208,0,0.0,1.0,1,8.0,0.7587607956277681,1,35.0,0.4968262610375466,0,0.0,0.5560098962333371,2,43.0
810.0,3,13.0,0.28888888888888886,8.936690041793797,0,0.0,1.0,1,13.0,0.8193071082636858,1,5.0,0.5540626087826637,1,4.0,0.6079111872550911,3,22.0
815.0,3,21.0,0.4772727272727273,8.94429420159991,0,0.0,1.0,2,15.0,0.3506081076828705,1,9.0,0.5394374055563033,0,0.0,0.9056462431682178,3,24.0
820.0,5,43.0,0.9555555555555556,9.294552167189586,0,0.0,1.0,3,30.0,0.28127638969736807,2,19.0,0.6040602762109839,0,0.0,0.929805569041017,5,49.0
825.0,8,63.0,1.5,7.925040703744949,0,0.0,1.0,5,52.0,0.19939121210319197,3,17.0,0.27010512612888143,0,0.0,0.9813836524776345,8,69.0
830.0,9,104.0,2.5365853658536586,7.813875754213556,0,0.0,1.0,5,77.0,0.2725052863176329,4,33.0,0.19223887388287497,0,0.0,0.9485920395530805,9,110.0
835.0,9,149.0,3.5476190476190474,7.29526847994727,0,0.0,1.0,5,102.0,0.21770822335675774,4,53.0,0.3452795431222744,0,0.0,0.9614367439180658,9,155.0
840.0,12,205.0,4.880952380952381,7.147708954847885,0,0.0,1.0,6,130.0,0.13469009354454337,6,81.0,0.4349602746853995,0,0.0,0.9347780427142532,12,211.0
845.0,12,265.0,6.309523809523809,6.416115265153347,0,0.0,1.0,6,160.0,0.14253730184033458,6,111.0,0.23380730059245097,0,0.0,0.9346593717916751,12,271.0
850.0,13,329.0,8.024390243902438,6.55587159669166,0,0.0,1.0,6,190.0,0.1381686055135049,7,145.0,0.15164917702936825,0,0.0,0.9538410841723972,13,335.0
855.0,14,397.0,9.232558139534884,6.058788107984369,0,0.0,1.0,6,220.0,0.23141409620193581,8,183.0,0.17615998377860706,0,0.0,0.9977593541980005,14,403.0
860.0,18,482.0,10.954545454545455,5.8628481897961215,0,0.0,1.0,6,250.0,0.23184946288090577,10,228.0,0.08801409367031117,0,0.0,0.9620360610274458,16,478.0
865.0,10,332.0,7.0638297872340425,6.173177789824242,0,0.0,1.0,6,280.0,0.2296668443140692,2,67.0,0.19444518802691355,0,0.0,0.9149759216665354,8,347.0
870.0,12,388.0,8.25531914893617,6.673785780682749,0,6.0,0.5439638503255201,7,322.0,0.24780378644812712,2,42.0,0.31600038408200176,0,0.0,0.9443359318536574,9,370.0
875.0,12,448.0,9.955555555555556,7.32124286991163,0,0.0,0.7849201732915709,7,357.0,0.4036915919462046,2,52.0,0.671333011325647,0,0.0,0.9738068769772593,9,409.0
880.0,12,508.0,11.043478260869565,7.242286049347299,0,0.0,0.9973933140926522,7,392.0,0.4746529736221234,2,62.0,0.2292309708660401,0,0.0,0.9485539333286673,9,454.0
885.0,17,581.0,11.857142857142858,6.503166451595558,0,0.0,1.0,8,425.0,0.41060978686995486,4,81.0,0.5341734609714792,0,0.0,0.9705717259855929,12,506.0
890.0,17,666.0,13.32,6.643545157094073,0,0.0,1.0,8,465.0,0.4091344757491498,4,101.0,0.4799585954571592,0,0.0,0.9795827083196214,12,566.0
895.0,12,359.0,7.18,6.116974822610976,0,0.0,1.0,4,328.0,0.4909844566330317,4,111.0,0.36169093784845363,0,0.0,0.9743249843374291,8,439.0
900.0,8,224.0,4.977777777777778,7.019030531678339,0,0.0,1.0,2,51.0,0.6104347053410109,4,110.0,0.20003529978582174,0,0.0,0.988225612310627,6,161.0
905.0,10,189.0,4.108695652173913,7.402592681351017,0,0.0,0.9981944563292137,4,54.0,0.4329240415602764,6,141.0,0.23060485970113734,0,0.0,0.9197538714657587,10,195.0
910.0,12,242.0,5.761904761904762,6.2060407301270955,0,0.0,1.0,6,77.0,0.2507090719043355,6,171.0,0.25944207641903383,0,0.0,0.920349316618851,12,248.0
915.0,6,232.0,5.658536585365853,5.983552461584606,0,0.0,1.0,1,60.0,0.4133282642944905,5,222.0,0.36068194542169474,0,0.0,0.9569318480307156,6,282.0
920.0,6,262.0,6.093023255813954,6.9366195028629285,0,5.0,0.5754414416792824,1,62.0,0.6481602539027204,5,247.0,0.22614087284476758,0,0.0,0.9558617322729596,6,314.0
925.0,7,297.0,6.6,7.550031331503015,0,0.0,1.0,1,60.0,0.6915120785102219,6,280.0,0.3884935843242969,0,0.0,0.6249535128144522,7,340.0
930.0,10,342.0,7.434782608695652,7.211964892970342,0,0.0,1.0,2,67.0,0.5197260307144858,6,310.0,0.39332488201208476,2,8.0,0.3210488068777072,10,385.0
935.0,7,213.0,4.733333333333333,7.273421560722118,0,0.0,1.0,1,73.0,0.7768975193212662,4,247.0,0.38666857845564234,2,18.0,0.32669927565448714,7,338.0
940.0,4,121.0,2.630434782608696,7.680568290123583,0,0.0,1.0,1,75.0,0.642445669182243,1,132.0,0.5223369012300388,2,28.0,0.17207466465439086,4,235.0
945.0,3,107.0,2.5476190476190474,7.7855463798088795,0,0.0,1.0,2,84.0,0.5798478024720907,1,64.0,0.4960476829228619,0,0.0,0.5978567598739187,3,148.0
950.0,4,126.0,3.3157894736842106,8.015442593017754,0,0.0,1.0,2,145.0,0.51526231579605,2,76.0,0.5165155472909978,0,0.0,0.9716935055248296,4,221.0
955.0,2,123.0,3.324324324324324,7.226592926470801,0,0.0,1.0,1,100.0,0.6552384601071299,1,71.0,0.45126684592179467,0,0.0,0.9781502770455721,2,171.0
960.0,4,137.0,3.7027027027027026,7.856054934611863,0,3.0,0.5052367471734326,2,107.0,0.5696811717004705,1,76.0,0.4484493003218971,0,0.0,0.9623743918455177,3,186.0
965.0,5,162.0,4.378378378378378,7.746797466369521,0,0.0,1.0,3,122.0,0.48398605961490637,1,84.0,0.7235523152547697,0,0.0,0.9882378685947593,4,206.0
970.0,8,194.0,5.105263157894737,7.126655146996234,0,0.0,1.0,5,142.0,0.4326820553043645,1,88.0,0.6626928742653185,0,0.0,0.9375415219576394,6,230.0
975.0,2,113.0,2.6904761904761907,7.275765362280422,0,0.0,1.0,2,127.0,0.48903934915751257,0,3.0,0.9400149940010087,0,0.0,0.9777805206848651,2,130.0
980.0,2,117.0,3.0,8.829879448823938,0,0.0,1.0,2,121.0,0.6997329036359758,0,3.0,0.9569216248983521,0,0.0,0.9289577660093635,2,124.0
985.0,3,128.0,3.3684210526315788,9.189142028464008,0,0.0,1.0,2,131.0,0.6944286156752155,1,4.0,0.6958532693576022,0,0.0,0.970246486556577,3,135.0
990.0,7,153.0,4.25,8.087373554920937,0,0.0,1.0,4,146.0,0.5228372851521764,3,14.0,0.38842920026698685,0,0.0,0.9919326303030905,7,160.0
995.0,4,36.0,0.9,6.748511950551202,0,0.0,1.0,4,45.0,0.43812470177114565,0,0.0,0.5620550042800075,0,0.0,0.9772472712050517,4,45.0
1000.0,8,66.0,1.6097560975609757,6.761768477047962,0,4.0,0.6536179533689306,6,74.0,0.34611727727150826,1,6.0,0.7342069982791445,1,1.0,0.492063409237607,8,85.0
1005.0,9,107.0,2.675,6.934315868527588,0,0.0,1.0,7,105.0,0.34392541725792325,1,11.0,0.6950201248733563,1,6.0,0.6180439519529055,9,122.0
1010.0,8,141.0,3.2790697674418605,6.721029945938745,0,0.0,1.0,7,140.0,0.33419407122713385,1,16.0,0.6443098559123692,0,0.0,0.9364195585487435,8,156.0
1015.0,7,145.0,3.2954545454545454,7.196621318995318,0,0.0,1.0,6,139.0,0.4614588943797911,1,24.0,0.6432005473382904,0,0.0,0.9846083136393013,7,163.0
1020.0,8,182.0,3.9565217391304346,7.074318673880889,0,0.0,1.0,6,164.0,0.34764854962644504,2,31.0,0.5619978231975897,0,0.0,0.9542451447749378,8,195.0
1025.0,11,227.0,5.159090909090909,6.693826425847809,0,0.0,1.0,7,197.0,0.3183841208447555,3,45.0,0.32112892167886614,0,0.0,0.9328224581040913,10,242.0
1030.0,13,290.0,6.444444444444445,6.185856480764241,0,0.0,1.0,8,235.0,0.20544022476985668,4,62.0,0.3370487825140036,0,0.0,0.9700587856515039,12,297.0
1035.0,14,322.0,7.318181818181818,5.648609843000424,0,0.0,1.0,8,275.0,0.22348083465520355,5,49.0,0.2712103974949789,0,0.0,0.9314669185244085,13,324.0
1040.0,8,99.0,2.25,5.77688702846437,0,0.0,1.0,1,55.0,0.47284429840629005,6,76.0,0.13226526145860834,0,0.0,0.9386754460030511,7,131.0
1045.0,7,101.0,2.148936170212766,6.617445165769743,0,0.0,1.0,1,17.0,0.6011728329302231,6,106.0,0.1359249978918934,0,0.0,0.9487120375776555,7,123.0
1050.0,8,140.0,3.0434782608695654,7.160761748500498,0,0.0,1.0,2,10.0,0.5913730734781423,6,145.0,0.39029203796510165,0,0.0,0.6979970385878085,8,155.0
1055.0,4,28.0,0.6222222222222222,7.005060768329112,0,0.0,1.0,3,23.0,0.2513580644301497,0,35.0,0.724838643206907,1,5.0,0.7309610649322009,4,63.0
1060.0,4,32.0,0.7619047619047619,7.941424101800233,0,3.0,0.8799880035744797,2,26.0,0.46802790041503695,0,9.0,0.9561270183429086,2,12.0,0.48880926904898203,4,50.0
1065.0,4,32.0,0.7111111111111111,7.856048999411515,1,4.0,0.00329481538157979,3,40.0,0.5045741721163941,0,6.0,0.9594812687066527,0,0.0,0.46300882416428407,4,50.0
1070.0,5,55.0,1.2790697674418605,7.81883528131707,1,9.0,0.0,3,55.0,0.5481848852362194,0,9.0,0.8964339156254699,0,0.0,0.7769909674380364,4,73.0
1075.0,6,82.0,1.9523809523809523,7.74787038095207,1,14.0,0.3068020299765263,3,70.0,0.625898708055701,0,3.0,0.9432846503556279,0,0.0,0.9231502485709993,4,87.0
1080.0,4,92.0,2.090909090909091,7.6389280587950905,1,19.0,0.23991382068564987,3,85.0,0.6364453306177255,0,3.0,0.9424749971646043,0,0.0,0.9881803884554823,4,107.0
1085.0,7,100.0,2.2222222222222223,6.736920466994348,2,28.0,0.009369614939556164,2,76.0,0.6403730447538218,3,8.0,0.24993678987128512,0,0.0,0.9503636399426719,7,112.0
1090.0,12,149.0,3.3863636363636362,6.065980930667504,4,47.0,0.0006568874609127451,4,89.0,0.41359032174707366,4,23.0,0.3163470309756282,0,0.0,0.9650193309234791,12,159.0
1095.0,12,209.0,4.75,6.1725716502085355,4,67.0,0.0001292662221922797,4,106.0,0.3822270479811921,4,46.0,0.2526931183548728,0,0.0,0.946089760255402,12,219.0
1100.0,13,274.0,5.956521739130435,6.679137689908347,4,87.0,2.3135035133782525e-05,4,126.0,0.3248849419801605,5,71.0,0.3857545736393388,0,0.0,0.9564376570814701,13,284.0
1105.0,7,94.0,2.0,6.692493348200164,0,18.0,0.055246265938251694,1,36.0,0.2965960937209088,6,99.0,0.3110108327259317,0,0.0,0.9539606859093634,7,153.0
1110.0,0,0.0,0.0,7.804517124016139,0,0.0,1.0,0,0.0,0.9913928403352064,0,30.0,0.6008634447519505,0,0.0,0.948129170343845,0,30.0
1115.0,0,0.0,0.0,8.884403187545159,0,3.0,0.6158280182745565,0,6.0,0.8452839267723677,0,0.0,0.848152590581363,0,0.0,0.9018980701335573,0,9.0
1120.0,0,0.0,0.0,9.713947493919298,0,0.0,0.9070292939323177,0,3.0,0.8588927129748404,0,0.0,0.961858559600462,0,0.0,0.9580302694811412,0,3.0
1125.0,1,1.0,0.021739130434782608,8.92638936248318,0,0.0,0.9755994811741794,1,4.0,0.7437694767428153,0,0.0,0.9846451530078741,0,0.0,0.9577193936642564,1,4.0
1130.0,2,9.0,0.20454545454545456,8.875453195555334,0,0.0,1.0,2,12.0,0.6421984132845907,0,0.0,0.9224905523661375,0,0.0,0.9701760960952309,2,12.0
1135.0,2,19.0,0.4318181818181818,8.19457661846762,0,0.0,0.8670197802328964,2,25.0,0.6835390318489943,0,2.0,0.761832720595871,0,0.0,0.9419293657617916,2,27.0
1140.0,3,33.0,0.75,8.40014612050525,0,0.0,0.06696429849259719,2,35.0,0.7213025181108677,1,6.0,0.7590690209344397,0,0.0,0.9780541848820768,3,41.0
1145.0,5,37.0,0.8809523809523809,8.038883029491204,1,4.0,0.0,3,30.0,0.6181328101849043,1,11.0,0.709306439917445,0,0.0,0.9403642866885233,5,45.0
1150.0,8,71.0,1.7317073170731707,7.159616790396981,1,9.0,0.0,4,46.0,0.33724043919951907,3,24.0,0.48865963714294025,0,0.0,0.945091804787574,8,79.0
1155.0,6,78.0,1.813953488372093,6.8835160606611785,1,14.0,0.0,4,66.0,0.15087565654512544,1,13.0,0.5746668507766314,0,0.0,0.8717223541310469,6,93.0
1160.0,8,113.0,2.627906976744186,7.654052740349994,1,19.0,0.0,6,94.0,0.2711149489334712,1,14.0,0.7834531047406771,0,0.0,0.9501186691705716,8,127.0
1165.0,4,95.0,2.261904761904762,7.805887191580363,1,24.0,0.4966567626995655,2,71.0,0.6053439824438895,1,17.0,0.7208921482997624,0,0.0,0.9682431748434068,4,112.0
1170.0,6,119.0,2.8333333333333335,7.443321105496293,2,31.0,0.0028210927751841585,3,75.0,0.5740342944380706,1,22.0,0.5928108551340704,0,0.0,0.9606388821327232,6,128.0
1175.0,7,150.0,3.488372093023256,7.777809163014973,2,41.0,0.1112012082836828,3,88.0,0.5865374585609103,1,30.0,0.7637060854338784,0,0.0,0.9095262416810728,6,159.0
1180.0,7,182.0,4.232558139534884,7.283345988569541,3,54.0,5.548232517224952e-06,3,100.0,0.5893997332022465,1,35.0,0.5071201253176991,0,0.0,0.9859495643311014,7,189.0
1185.0,8,130.0,3.0952380952380953,6.879317138483851,3,69.0,0.0,1,53.0,0.6747136697521412,4,50.0,0.4023999550780677,0,0.0,0.9467810913477456,8,172.0
1190.0,6,135.0,3.292682926829268,7.949272433061542,1,49.0,0.0,1,23.0,0.7963838245772786,4,73.0,0.4155937466739274,0,0.0,0.9890391056251061,6,145.0
1195.0,8,134.0,3.1904761904761907,7.216987878573357,1,54.0,0.0,6,37.0,0.20654016724590576,1,60.0,0.6428982136445441,0,0.0,0.9412884827136002,8,151.0
1200.0,9,175.0,4.166666666666667,7.558099970918677,1,62.0,0.44931595173392314,7,68.0,0.10787621087188054,1,52.0,0.6881056170029599,0,0.0,0.9308585071462532,9,182.0
1205.0,5,173.0,4.119047619047619,7.810394101813549,1,64.0,0.0,3,60.0,0.42387095307509964,1,57.0,0.6312038537230896,0,0.0,0.9748374222531156,5,181.0
1210.0,5,198.0,4.304347826086956,8.185777059178887,1,69.0,0.0,3,71.0,0.4864930477975675,1,62.0,0.6182710293859383,0,0.0,0.9496835844494482,5,202.0
1215.0,4,159.0,3.382978723404255,8.160359429541534,1,74.0,0.0,3,86.0,0.4826575893786043,0,6.0,0.7890329306071958,0,0.0,0.9832923760950711,4,166.0
1220.0,5,183.0,3.9782608695652173,8.263891367244922,1,82.0,0.4916915523660659,3,101.0,0.47316203669434015,1,10.0,0.5386086111515825,0,0.0,0.9366992702239403,5,193.0
1225.0,4,102.0,2.3181818181818183,8.519103632274453,1,84.0,0.0,0,34.0,0.8039259340737388,3,24.0,0.49245061236734067,0,0.0,0.9384327532950103,4,142.0
1230.0,6,124.0,2.8181818181818183,8.635621560108731,1,89.0,0.0,2,5.0,0.483511490047257,3,39.0,0.4759046714589974,0,0.0,0.9876530426879307,6,133.0
1235.0,4,107.0,2.5476190476190474,7.843582410121222,1,94.0,0.0,2,15.0,0.26148031493249513,1,4.0,0.7249537897171101,0,0.0,0.9630897408626277,4,113.0
1240.0,6,133.0,3.2439024390243905,7.523163342707583,1,99.0,0.0,3,30.0,0.3854708738068225,1,9.0,0.5325628574063356,0,0.0,0.9794917007461191,5,138.0
1245.0,4,125.0,2.9761904761904763,7.249068528953837,1,104.0,0.6294674338145665,0,3.0,0.7385012153696114,2,15.0,1.240107130828122e-05,0,0.0,0.9641984551032776,3,122.0
1250.0,3,134.0,3.0454545454545454,7.961510808338352,1,109.0,0.0,0,3.0,0.792991707051622,2,25.0,0.4196439749686314,0,0.0,0.9538078279276629,3,137.0
1255.0,5,154.0,3.6666666666666665,8.01042135857106,1,114.0,0.0,0,3.0,0.9320485002320039,3,41.0,0.36966638011311626,0,0.0,0.9519626501713111,4,158.0
1260.0,5,155.0,3.875,7.494320722902384,1,119.0,0.0,1,5.0,0.6814255341180405,2,30.0,0.4847625627614936,0,0.0,0.9724489796922212,4,154.0
1265.0,5,172.0,4.0,8.150781928459486,1,124.0,0.0,2,14.0,0.6836314965714734,2,40.0,0.5818554011851911,0,0.0,0.9328085894860526,5,178.0
1270.0,5,197.0,4.4772727272727275,8.152120065033687,1,129.0,0.0,2,21.0,0.7008769961648025,2,50.0,0.41515685070231595,0,0.0,0.9431049724007545,5,200.0
1275.0,7,230.0,5.609756097560975,7.473795959508708,1,134.0,0.0,2,31.0,0.4900024737463938,4,68.0,0.4463193867604257,0,0.0,0.9338128501763456,7,233.0
1280.0,11,212.0,4.930232558139535,6.326280479640196,1,139.0,0.0,4,47.0,0.41379463921317283,4,51.0,0.43199278355245047,0,0.0,0.7805416453100564,9,237.0
1285.0,11,264.0,6.1395348837209305,6.6408596132204085,1,147.0,0.4573462610131158,4,67.0,0.4056543669236564,4,41.0,0.47346229899759285,1,4.0,0.4766762607268416,10,259.0
1290.0,12,163.0,3.975609756097561,5.75244470510162,0,0.0,0.1673499307491649,5,89.0,0.28015355723332275,6,65.0,0.33587738738350337,1,9.0,0.4916936956176445,12,163.0
1295.0,15,230.0,5.609756097560975,5.6748382881080595,1,4.0,0.0,6,115.0,0.26460063641834386,7,97.0,0.34722107724783513,1,14.0,0.5925179439078866,15,230.0
1300.0,11,203.0,4.72093023255814,5.838267812053942,1,9.0,0.0,7,146.0,0.1996535993917572,2,56.0,0.4975213300111989,1,19.0,0.6446971942086852,11,230.0
1305.0,11,233.0,5.295454545454546,6.148568117237699,1,17.0,0.39551763289228664,8,186.0,0.18109819742797675,1,34.0,0.5630499333437309,1,24.0,0.47296892695178794,11,261.0
1310.0,8,210.0,4.666666666666667,6.3591402573048175,0,3.0,0.1574251254580146,7,199.0,0.2736812816968222,1,17.0,0.4655657847799231,0,0.0,0.9448502952113444,8,219.0
1315.0,8,250.0,5.434782608695652,7.605282614685962,0,0.0,1.0,7,234.0,0.3542944719607611,1,27.0,0.6076827199997605,0,0.0,0.9818305158841057,8,261.0
1320.0,8,290.0,6.444444444444445,7.919257626266719,0,0.0,1.0,7,269.0,0.44163261563998807,1,33.0,0.6993205782474656,0,0.0,0.9618278286387604,8,302.0
1325.0,9,333.0,7.239130434782608,7.765960146998525,0,0.0,1.0,7,304.0,0.36981508563784105,2,41.0,0.555913609061136,0,0.0,0.938612870934349,9,345.0
1330.0,10,381.0,8.659090909090908,7.685899046557543,0,0.0,1.0,8,342.0,0.36968052718208866,2,51.0,0.6580705167437831,0,0.0,0.9304575864114142,10,393.0
1335.0,12,434.0,9.041666666666666,6.646422012486542,0,0.0,1.0,10,385.0,0.21221924265292255,2,61.0,0.5642695462723089,0,0.0,0.9670157082408093,12,446.0
1340.0,18,510.0,10.851063829787234,5.060792139103398,0,0.0,1.0,11,439.0,0.13548967355867267,5,78.0,0.4261063328128034,0,0.0,0.9633114889195706,16,517.0
1345.0,18,564.0,12.26086956521739,4.403399522575099,0,0.0,1.0,12,499.0,0.18780376701200657,3,73.0,0.19676411674568617,0,0.0,0.97006507444209,15,572.0
1350.0,16,640.0,13.617021276595745,5.259115949116154,0,0.0,1.0,12,572.0,0.22299189158662194,3,81.0,0.28080119735063824,0,0.0,0.9745979141363229,15,653.0
1355.0,13,393.0,7.86,6.231981549899768,0,0.0,1.0,10,443.0,0.23076727396809113,3,96.0,0.24500866351198772,0,0.0,0.956356027996428,13,539.0
1360.0,8,194.0,3.730769230769231,7.076534899019884,0,0.0,1.0,5,215.0,0.32260785489246685,3,111.0,0.2460643908061501,0,0.0,0.9401567775790521,8,326.0
1365.0,10,240.0,4.615384615384615,7.432497272704053,0,0.0,1.0,5,142.0,0.5553932159238627,3,129.0,0.3164409079666455,0,0.0,0.934388355783913,8,271.0
1370.0,9,279.0,5.166666666666667,7.954376845270944,0,0.0,1.0,5,142.0,0.5457801053244359,4,149.0,0.4437927056698685,0,0.0,0.994347941537343,9,291.0
1375.0,8,170.0,3.1481481481481484,6.855813195526829,0,0.0,1.0,3,161.0,0.40169450817235686,4,169.0,0.4963929450678923,1,1.0,0.6396484512624826,8,331.0
1380.0,6,193.0,3.574074074074074,6.508250809675616,0,0.0,1.0,2,25.0,0.246808789164778,4,189.0,0.5697841734350472,0,0.0,0.9428396508100207,6,214.0
1385.0,6,207.0,3.7636363636363637,7.338823660402744,0,0.0,1.0,3,21.0,0.4069231713772084,3,189.0,0.6437296934732699,0,0.0,0.9977079194807054,6,210.0
1390.0,6,237.0,4.3090909090909095,8.18213091717374,0,0.0,1.0,3,36.0,0.5674272031125667,3,207.0,0.680938807281413,0,0.0,0.979399413661121,6,243.0
1395.0,5,218.0,3.963636363636364,8.282787923371064,0,0.0,1.0,2,15.0,0.5207921832142611,3,222.0,0.7233067097421467,0,0.0,0.9721889460516059,5,237.0
1400.0,6,239.0,4.509433962264151,8.421549411172153,0,0.0,1.0,1,6.0,0.7607728092417442,3,234.0,0.6211843075379674,0,0.0,0.9711798655144042,4,240.0
1405.0,7,269.0,4.981481481481482,7.874443680382519,0,0.0,1.0,2,11.0,0.4311496520472612,3,249.0,0.623894493366287,0,0.0,0.9768132113379788,5,260.0
1410.0,9,301.0,5.901960784313726,7.234177906536306,0,0.0,1.0,2,20.0,0.4590667058601384,6,273.0,0.5481229911243629,0,0.0,0.9763685060979578,8,293.0
1415.0,8,330.0,7.5,6.014149093372025,0,0.0,1.0,2,30.0,0.4684499304100457,6,303.0,0.2734005649072523,0,0.0,0.9815024134585827,8,333.0
1420.0,12,386.0,8.772727272727273,5.924606729567086,0,0.0,1.0,3,43.0,0.3789637507722733,9,346.0,0.161544998661245,0,0.0,0.9446402534726125,12,389.0
1425.0,5,324.0,6.8936170212765955,6.422459164071817,0,0.0,1.0,0,0.0,0.8381246644866696,5,329.0,0.21041229789094035,0,0.0,0.8857261771010593,5,329.0
1430.0,5,349.0,7.586956521739131,7.232553618003949,0,3.0,0.5418591616368491,0,3.0,0.728095623683549,5,352.0,0.2658817250282491,0,0.0,0.9555931064927784,5,358.0
1435.0,6,376.0,8.173913043478262,7.8245780873697415,1,2.0,0.4588862365834267,0,3.0,0.8805899761181879,5,380.0,0.24345661941474592,0,0.0,0.9498769150907048,6,385.0
1440.0,5,399.0,8.48936170212766,7.688002620661326,0,0.0,0.5669247026304178,0,3.0,0.9604173652455276,5,405.0,0.3506830144179986,0,0.0,0.9645450875234477,5,408.0
1445.0,3,164.0,3.4166666666666665,7.90761033738239,0,0.0,0.1431169396031774,0,3.0,0.8661173684922352,3,277.0,0.43603580968910755,0,0.0,0.9762802023987461,3,280.0
1450.0,2,5.0,0.10204081632653061,8.809591894356286,1,2.0,0.0005619107124642155,1,6.0,0.7138963193944174,0,64.0,0.6653377830213634,0,0.0,0.9477862686631848,2,72.0
1455.0,4,22.0,0.4583333333333333,8.32061955860898,1,7.0,0.0,1,11.0,0.7847749490089635,1,8.0,0.7002407095868807,0,0.0,0.922241798782959,3,26.0
1460.0,4,40.0,0.7843137254901961,8.57978631117752,1,12.0,0.0,1,13.0,0.7965284351494245,2,18.0,0.465055873985444,0,0.0,0.9942252949861188,4,43.0
1465.0,8,55.0,1.0377358490566038,7.783895464373674,1,17.0,0.0,1,2.0,0.7685396981291022,4,37.0,0.3294471535050224,0,0.0,0.9492458505396983,6,56.0
1470.0,4,40.0,0.8333333333333334,7.485621458401454,1,22.0,0.0,1,7.0,0.740748457598528,2,28.0,0.34076247302012436,0,0.0,0.9296495060561294,4,57.0
1475.0,3,45.0,0.9375,8.232445123645357,1,32.0,0.38951525656526603,1,16.0,0.5818590288399474,1,16.0,0.388702817247889,0,0.0,0.9719678885386773,3,64.0
1480.0,5,67.0,1.3137254901960784,8.264987251744705,1,32.0,0.6451239429736666,2,24.0,0.42693169148705756,2,20.0,0.31128229685822983,0,0.0,0.8997319473672635,5,76.0
1485.0,4,65.0,1.3265306122448979,8.04031269943085,1,37.0,0.0,0,11.0,0.7207200821562427,2,30.0,0.0392444394171595,1,3.0,0.6292269868487755,4,81.0
1490.0,6,50.0,1.0,7.634927381186218,0,0.0,1.0,0,9.0,0.6752309187813028,2,35.0,0.0,2,9.0,0.3330715080634649,4,53.0
1495.0,9,83.0,1.66,8.185844998197119,0,0.0,1.0,1,13.0,0.7784183867366521,2,50.0,0.48353019135101494,2,19.0,0.4359433034174621,5,82.0
1500.0,7,99.0,1.9411764705882353,8.014772111802973,0,0.0,1.0,1,12.0,0.643216938326974,2,60.0,0.4763862777769542,0,10.0,0.5325278797905008,3,82.0
1505.0,10,141.0,2.764705882352941,7.211797049397414,0,0.0,1.0,4,24.0,0.1579615380682126,2,74.0,0.49522977785724837,0,0.0,0.9772380423186615,6,98.0
1510.0,12,123.0,2.617021276595745,6.198541486241431,0,0.0,1.0,5,48.0,0.15895821813490627,2,44.0,0.3524391544255432,0,0.0,0.9784126192563463,7,92.0
1515.0,14,191.0,4.1521739130434785,6.370955820419641,0,0.0,1.0,5,76.0,0.3558177957880845,3,25.0,0.3925041360907315,0,0.0,0.9366481968793314,8,101.0
1520.0,15,235.0,4.895833333333333,5.644004365031022,0,0.0,1.0,4,87.0,0.23714674443948713,4,42.0,0.303287029917282,0,0.0,0.9567479483380916,8,129.0
1525.0,17,277.0,5.770833333333333,4.739402515599319,0,0.0,1.0,4,66.0,0.19378493248616419,5,63.0,0.011105265227491801,0,0.0,0.981200128175642,9,129.0
1530.0,16,304.0,6.204081632653061,4.974697139612919,0,0.0,1.0,4,86.0,0.3164546474914105,1,30.0,0.34045209029590867,0,0.0,0.9896966326671623,5,116.0
1535.0,14,359.0,7.03921568627451,5.9412707170292975,0,3.0,0.7618640317873233,4,114.0,0.4012796503294564,0,18.0,0.86379062407683,0,0.0,0.9720593557570568,4,135.0
1540.0,12,287.0,5.627450980392157,6.217879673021625,0,6.0,0.06745855960817156,4,134.0,0.5627930748986016,0,6.0,0.7056644050674987,0,0.0,0.8406558218862389,4,146.0
1545.0,13,300.0,5.882352941176471,5.850414862770185,2,16.0,0.0,4,154.0,0.49183860336354857,1,11.0,0.718091550097475,0,0.0,0.6783754447968685,7,181.0
1550.0,15,355.0,6.69811320754717,5.807631467335706,0,0.0,1.0,5,178.0,0.5245860655098649,0,6.0,0.9466812605648471,1,5.0,0.7162521120596589,6,189.0
1555.0,21,445.0,8.24074074074074,5.453334522929857,0,0.0,1.0,5,203.0,0.5633062537893945,0,6.0,0.9497819942203888,2,12.0,0.47219346456573935,7,221.0
1560.0,20,535.0,9.907407407407407,5.385314687737532,0,0.0,1.0,5,225.0,0.47846487178089064,0,6.0,0.8271690733347893,2,22.0,0.46505869721731863,7,253.0
1565.0,18,537.0,10.132075471698114,4.828960356824697,0,0.0,1.0,7,253.0,0.27356985807623607,2,9.0,0.25503512426005887,0,0.0,0.6691742431036779,9,262.0
1570.0,16,594.0,10.421052631578947,5.454737364028603,0,0.0,1.0,8,289.0,0.2761774780504587,0,6.0,0.7007135675130316,0,0.0,0.9235522904963362,8,295.0
1575.0,19,684.0,11.793103448275861,6.006345916533342,0,3.0,0.6088146150920676,9,332.0,0.378791848546671,0,0.0,0.9364501157127039,0,0.0,0.9905876855180584,9,335.0
1580.0,20,784.0,14.0,5.309064584440084,0,9.0,0.07079401511254377,9,377.0,0.36961292388994965,0,0.0,0.9711488896923453,0,0.0,0.9407202760645905,9,386.0
1585.0,18,521.0,8.982758620689655,5.090064886059307,3,21.0,0.0570206543326316,7,363.0,0.3512765515476826,1,1.0,0.4833769175780057,0,0.0,0.967950015764534,11,385.0
1590.0,14,431.0,7.431034482758621,5.604440182404763,3,36.0,0.006474688616716829,7,386.0,0.39408412926069253,2,7.0,0.315979343890369,0,0.0,0.9998011323125149,12,429.0
1595.0,9,416.0,7.298245614035087,5.968946109017737,0,2.0,0.026723257620596536,7,421.0,0.32657993287436793,2,20.0,0.423683576668153,0,0.0,0.9885802530149064,9,443.0
1600.0,14,478.0,8.241379310344827,6.0062102194908045,0,0.0,1.0,8,460.0,0.2624152208631505,3,106.0,0.4673987287102777,0,0.0,0.9747884092968134,11,566.0
1605.0,11,170.0,2.7868852459016393,6.241549864946024,0,0.0,1.0,4,294.0,0.2926161795169021,4,51.0,0.32598414419417066,0,0.0,0.9455885121203969,8,345.0
1610.0,5,45.0,0.7627118644067796,7.394687626297852,0,0.0,1.0,3,42.0,0.4396649840175795,1,35.0,0.5799874998066086,0,0.0,0.9347706203293691,4,77.0
1615.0,6,65.0,1.0833333333333333,8.291264836657861,0,0.0,0.9848965095493281,3,35.0,0.5958978305473733,1,34.0,0.46794853442312107,0,0.0,0.8415216728133843,4,69.0
1620.0,9,103.0,1.7166666666666666,7.456034898841687,0,0.0,0.9564461903633876,3,50.0,0.4894035488726413,1,36.0,0.0,0,0.0,0.8478902099848518,4,86.0
1625.0,10,125.0,2.192982456140351,6.9564517528300405,0,0.0,1.0,1,91.0,0.6169889906436136,1,88.0,0.41544160152847387,0,0.0,0.9054895066076933,2,179.0
1630.0,9,136.0,2.5660377358490565,7.17345158941638,0,0.0,1.0,2,108.0,0.67068295946683,2,96.0,0.3046884228849615,0,0.0,0.8717174656713166,4,204.0
1635.0,4,107.0,2.018867924528302,7.357974466371498,0,0.0,1.0,2,118.0,0.6031931979027606,2,111.0,0.5500649606345132,0,0.0,0.4529671820885916,4,229.0
1640.0,8,138.0,2.7058823529411766,6.957391778699778,0,0.0,1.0,4,121.0,0.44993529646153874,2,121.0,0.5645086267468349,2,7.0,0.2626776409533041,8,249.0
1645.0,7,90.0,1.7647058823529411,6.429510382231556,0,0.0,1.0,3,118.0,0.29890537111119364,1,70.0,0.7600810227880298,2,17.0,0.19552733881217624,6,205.0
1650.0,10,137.0,2.6862745098039214,6.98447498255922,0,0.0,1.0,3,70.0,0.48410396651841864,1,112.0,0.7730643795013515,3,31.0,0.23019649846043563,7,213.0
1655.0,6,114.0,2.326530612244898,7.2862959772811955,0,0.0,1.0,4,87.0,0.3615375233280748,2,122.0,0.6383548923595419,0,16.0,0.5108096679905406,6,225.0
1660.0,7,145.0,2.7884615384615383,7.271125705304593,0,0.0,1.0,5,115.0,0.3394654092733144,2,138.0,0.5497964157197397,0,0.0,0.9525180158845867,7,253.0
1665.0,4,78.0,1.56,7.000545916707868,0,0.0,1.0,1,79.0,0.5546704036749773,3,71.0,0.27982563106880476,0,0.0,0.9658616999069827,4,150.0
1670.0,9,116.0,2.32,7.164916051479321,0,0.0,1.0,3,88.0,0.39225176046930776,6,69.0,0.33391792918290675,0,0.0,0.9466826758233233,9,157.0
1675.0,9,161.0,3.0961538461538463,7.077509697266698,0,0.0,1.0,3,103.0,0.4893478901117881,6,88.0,0.23869417492089182,0,0.0,0.9849347190035115,9,191.0
1680.0,12,221.0,4.42,6.82830012639196,0,0.0,1.0,3,115.0,0.39925146047305154,9,133.0,0.28337529814528345,0,0.0,0.9552319385654913,12,248.0
1685.0,12,272.0,5.551020408163265,6.460770133396908,0,0.0,1.0,3,130.0,0.38405853380903643,9,169.0,0.1607274701133611,0,0.0,0.9606547685932029,12,299.0
1690.0,13,333.0,7.239130434782608,6.82410439247662,0,0.0,1.0,3,145.0,0.3601590868828142,10,215.0,0.22344902742741976,0,0.0,0.9627665868105839,13,360.0
1695.0,11,342.0,7.7727272727272725,6.829696607667461,0,0.0,1.0,1,99.0,0.6298064400278237,10,264.0,0.2155565557001237,0,0.0,0.6577845985856953,11,363.0
1700.0,13,403.0,9.159090909090908,6.120271622867426,0,0.0,1.0,1,104.0,0.46260472725469903,11,317.0,0.14644835048115487,1,3.0,0.7367157281251535,13,424.0
1705.0,6,164.0,3.813953488372093,5.8607909670723695,0,0.0,1.0,2,114.0,0.5526443801117383,2,119.0,0.17522928061530463,1,8.0,0.6271465180675981,5,241.0
1710.0,4,146.0,3.395348837209302,7.261334419655546,0,6.0,0.5137471411282797,2,130.0,0.48849137336924237,0,41.0,0.6477455681906761,1,13.0,0.6259136923796019,3,190.0
1715.0,5,50.0,1.1627906976744187,7.476558377895676,1,10.0,0.14862846488915687,1,24.0,0.702114011998516,0,0.0,0.8941165115499147,2,20.0,0.4767213286340961,4,54.0
1720.0,5,74.0,1.6444444444444444,7.6273361060552425,0,0.0,0.18860455634853013,2,31.0,0.7371953033606322,0,4.0,0.8181621264741574,2,30.0,0.4618525620770292,4,65.0
1725.0,4,62.0,1.3777777777777778,6.860418040607694,0,0.0,1.0,2,41.0,0.654306038385095,0,1.0,0.9861091214113925,0,0.0,0.8528232783176835,2,42.0
1730.0,7,92.0,1.9574468085106382,7.0723120073667785,0,0.0,1.0,3,55.0,0.5430582859666273,0,4.0,0.8381127949478258,0,0.0,0.9317547130382986,3,59.0
1735.0,9,82.0,1.7446808510638299,6.974853567434773,0,0.0,1.0,1,15.0,0.7935546676532903,1,6.0,0.7283339802491344,0,0.0,0.9677966761254224,2,21.0
1740.0,10,132.0,2.693877551020408,7.267628362518238,0,0.0,1.0,1,20.0,0.7107485183471031,1,6.0,0.7601293571788705,0,0.0,0.973993018947178,2,26.0
1745.0,9,108.0,2.16,6.935634294440563,0,0.0,1.0,2,25.0,0.5885128747589693,0,8.0,0.949744802689203,0,0.0,0.9493703497226447,2,33.0
1750.0,6,86.0,1.8297872340425532,6.703849151118333,0,0.0,0.9682519420401697,2,35.0,0.5718879675674379,0,8.0,0.9710615535695372,0,0.0,0.6258006496002955,2,43.0
1755.0,12,135.0,2.9347826086956523,6.391830601715242,0,0.0,1.0,2,45.0,0.5591087058321536,0,8.0,0.9575197104158795,1,5.0,0.4733921467702233,3,58.0
1760.0,10,179.0,3.891304347826087,6.805916373248105,0,0.0,1.0,2,55.0,0.5891244975587128,0,8.0,0.9745801618172869,1,10.0,0.48715685248837837,3,73.0
1765.0,8,153.0,3.4,6.335142233607201,0,0.0,1.0,0,25.0,0.5731877322425528,0,8.0,0.9762807155440992,0,0.0,0.9229261459072118,0,33.0
1770.0,9,194.0,4.311111111111111,6.169037369564813,0,0.0,1.0,1,6.0,0.6975148220700687,0,11.0,0.7675833531671791,0,0.0,0.9694547343139936,1,17.0
1775.0,13,164.0,3.813953488372093,5.177963318332113,0,0.0,1.0,2,12.0,0.4852324263284895,5,21.0,0.15587422263933176,0,0.0,0.9994258793685876,7,33.0
1780.0,12,154.0,3.5813953488372094,5.620305324617527,0,0.0,1.0,2,22.0,0.46413229930522737,6,49.0,0.12067001739553772,0,0.0,0.9395425621702971,8,71.0
1785.0,9,98.0,2.1777777777777776,5.74943848646302,0,0.0,1.0,3,33.0,0.2956336824572611,6,119.0,0.13857736362578096,0,0.0,0.9565604652596601,9,152.0
1790.0,10,146.0,3.395348837209302,5.58052514354186,0,0.0,1.0,4,51.0,0.19698249866763115,6,109.0,0.09805130101958466,0,0.0,0.9366060436549297,10,160.0
1795.0,12,204.0,4.636363636363637,5.418990984969152,0,0.0,1.0,4,116.0,0.2666752246303448,8,147.0,0.00027080621756054646,0,0.0,0.9591975406341129,12,263.0
1800.0,12,264.0,5.866666666666666,6.2301690306275965,0,0.0,1.0,4,137.0,0.3244734178147043,8,187.0,4.4580033562301115e-05,0,0.0,0.9809296750522345,12,324.0
1805.0,14,328.0,6.9787234042553195,6.094152442143173,0,0.0,1.0,5,115.0,0.19005389475302867,9,228.0,0.0005203276083713566,0,0.0,0.9701744902404852,14,343.0
1810.0,14,398.0,8.652173913043478,6.366620482926019,0,0.0,1.0,5,139.0,0.1434225632703016,9,290.0,0.09863257090845506,0,0.0,0.6999060636324146,14,429.0
1815.0,15,473.0,10.75,6.0361724872456595,0,0.0,1.0,5,164.0,0.15569674341898038,9,318.0,0.0,1,5.0,0.4936527019235195,15,487.0
1820.0,15,548.0,11.659574468085106,6.2316342418963355,0,0.0,1.0,5,193.0,0.22173065304437267,9,363.0,0.09089259301435718,1,10.0,0.6441647465960115,15,566.0
1825.0,14,608.0,12.408163265306122,6.619529179425055,0,0.0,1.0,5,218.0,0.3954245873782357,9,408.0,0.17439419195329942,0,0.0,0.9892354858334096,14,626.0
1830.0,14,678.0,14.425531914893616,5.9870994290345765,0,0.0,1.0,5,239.0,0.3924655594692893,9,456.0,0.19464396152771096,0,0.0,0.5313129695303672,14,695.0
1835.0,16,754.0,15.387755102040817,5.451734920772294,0,0.0,1.0,5,264.0,0.3133182210726366,11,507.0,0.08052305493530174,0,0.0,0.9865548457326138,16,771.0
1840.0,17,838.0,16.115384615384617,5.571135741123284,0,0.0,1.0,6,293.0,0.23480237167308193,11,565.0,0.16080435435629503,0,0.0,0.9949606558128941,17,858.0
1845.0,12,608.0,12.16,5.265484676728001,0,0.0,1.0,0,8.0,0.5119008424666015,12,625.0,0.07900506228594864,0,0.0,0.9879369279123463,12,633.0
1850.0,4,87.0,1.7058823529411764,6.121129236825832,0,0.0,1.0,0,0.0,0.9343244347244688,4,233.0,0.1098346312975101,0,0.0,0.9883421713464261,4,233.0
1855.0,3,56.0,1.018181818181818,7.889336652697183,0,6.0,0.5926929106210269,0,6.0,0.8214528953397693,3,111.0,0.5191396584996057,0,0.0,0.9338025481592678,3,123.0
1860.0,3,71.0,1.3148148148148149,9.006862555028011,0,0.0,0.6734547062819,0,9.0,0.8360760560362454,3,80.0,0.6399448807118855,0,0.0,0.5466986500049428,3,89.0
1865.0,6,95.0,1.7592592592592593,8.408266951121286,0,0.0,1.0,1,12.0,0.8381394523004309,3,95.0,0.6747750699162469,1,4.0,0.49661751897713446,5,111.0
1870.0,6,54.0,1.0,7.812044342653911,0,0.0,1.0,2,18.0,0.7425138972124872,1,69.0,0.7586040068488485,1,9.0,0.49055354345533575,4,96.0
1875.0,8,52.0,0.9285714285714286,7.37590850356323,0,3.0,0.9119776428548261,3,30.0,0.6235820728869476,0,9.0,0.9534859832142007,0,0.0,0.5577949804752159,3,42.0
1880.0,11,100.0,1.8181818181818181,6.9340214141193615,0,0.0,1.0,3,45.0,0.6747074770890619,2,16.0,0.5150605402350537,0,0.0,0.64334142711049,5,61.0
1885.0,12,95.0,1.7592592592592593,5.634772009587511,0,0.0,1.0,0,3.0,0.6592414387018452,5,35.0,0.28712561597439623,0,0.0,0.9315269503349171,5,38.0
1890.0,7,68.0,1.36,6.021254618484302,0,0.0,1.0,2,7.0,0.602599962984042,0,0.0,0.3732744419890627,0,0.0,0.9633815268614561,2,7.0
1895.0,6,71.0,1.392156862745098,7.166837633512199,0,3.0,0.6061299049558847,2,23.0,0.5996175793124513,0,3.0,0.6281304704339167,0,0.0,0.9633166136688602,2,29.0
1900.0,3,28.0,0.5833333333333334,7.306474764179558,1,10.0,0.23466710580058026,2,33.0,0.6674933870099239,0,3.0,0.9614875348635834,0,0.0,0.9554955895464607,3,46.0
1905.0,5,51.0,1.0625,7.497936488365814,3,23.0,0.05663209726263798,2,43.0,0.6103035229620131,0,3.0,0.9662706739565586,0,0.0,0.9794440592593073,5,69.0
1910.0,1,2.0,0.04,7.014969807024029,0,1.0,0.05578174012775283,0,27.0,0.4612763950726918,1,5.0,0.6181967153557484,0,0.0,0.8229977513453682,1,33.0
1915.0,3,14.0,0.30434782608695654,7.788526262290604,0,0.0,1.0,1,11.0,0.7610650377783976,2,12.0,0.39553567025884584,0,0.0,0.9540484369746298,3,23.0
1920.0,4,34.0,0.7727272727272727,8.432245767573058,0,0.0,1.0,1,16.0,0.7280610415696033,3,30.0,0.3453052193707973,0,0.0,0.9465884383159464,4,46.0
1925.0,7,64.0,1.5238095238095237,8.183937598345512,0,0.0,1.0,3,26.0,0.39369810020482776,4,50.0,0.4400567580008881,0,0.0,0.9979321165707584,7,76.0
1930.0,4,36.0,0.8,7.936750299385949,0,0.0,1.0,3,41.0,0.33614782869215437,0,17.0,0.7628895113127231,0,0.0,0.9501742025509186,3,58.0
1935.0,5,60.0,1.3636363636363635,8.106941203786478,0,3.0,0.6801684089242451,4,63.0,0.41583431252050895,0,3.0,0.9128320117302546,0,0.0,0.9378133201322394,4,69.0
1940.0,6,77.0,1.7906976744186047,8.27997891100373,2,6.0,0.004792707599010305,4,86.0,0.5081898782953088,0,3.0,0.9030343530975993,0,0.0,0.9721411115620157,6,95.0
1945.0,7,107.0,2.5476190476190474,7.068902932387749,2,16.0,0.0,5,106.0,0.36431925690756445,0,3.0,0.7197947168490874,0,0.0,0.9722341739128217,7,125.0
1950.0,7,141.0,3.4390243902439024,6.624356525311745,2,26.0,5.12667404186003e-06,5,151.0,0.44163017772087493,0,0.0,0.4531132367515497,0,0.0,0.7247936320700802,7,177.0
1955.0,7,151.0,3.5952380952380953,7.300379785373573,0,0.0,1.0,5,176.0,0.4249603982518879,1,5.0,0.4699971231677994,1,3.0,0.591139328829803,7,184.0
1960.0,7,182.0,4.55,6.872438002166453,0,0.0,1.0,6,186.0,0.34311179058326097,1,5.0,0.0,0,0.0,0.9158123634631343,7,191.0
1965.0,8,219.0,5.093023255813954,7.144116009103248,0,0.0,1.0,7,215.0,0.22912511002847133,1,13.0,0.2686266572481586,0,0.0,0.9514414602349742,8,228.0
1970.0,3,30.0,0.7692307692307693,6.636218265404788,0,0.0,1.0,2,16.0,0.2336085047739712,1,18.0,0.006661243195917188,0,0.0,0.9136216956727741,3,34.0
1975.0,5,51.0,1.2142857142857142,7.052983095861365,0,0.0,1.0,3,26.0,0.25001508873281225,2,28.0,0.058608910109284,0,0.0,0.9407350117636674,5,54.0
1980.0,7,85.0,2.0238095238095237,8.122276154182384,0,0.0,1.0,3,41.0,0.2709014078951869,4,56.0,0.39915457506683744,0,0.0,0.9837695764500857,7,97.0
1985.0,7,120.0,2.857142857142857,8.045516514931078,0,0.0,1.0,3,56.0,0.5048956921646266,4,76.0,0.48115113554280486,0,0.0,0.9850097468087223,7,132.0
1990.0,4,89.0,2.0697674418604652,7.252733176664235,0,0.0,1.0,0,15.0,0.552091718436898,4,96.0,0.42971701359854436,0,0.0,0.9623151371155002,4,111.0
1995.0,6,117.0,2.925,7.989351442771158,0,0.0,1.0,1,7.0,0.7215088938726402,5,120.0,0.435118791096021,0,0.0,0.991937420209578,6,127.0
2000.0,7,151.0,3.682926829268293,7.89973185950663,0,0.0,1.0,1,12.0,0.6003687504793582,6,146.0,0.42363153277841475,0,0.0,0.9455545896854285,7,158.0
2005.0,9,189.0,4.609756097560975,6.639082759562148,0,0.0,1.0,2,15.0,0.3528494520103823,7,178.0,0.21229661180018142,0,0.0,0.9499948229328814,9,193.0
2010.0,10,239.0,6.45945945945946,6.573107525694276,0,0.0,1.0,2,25.0,0.4804717289901787,8,218.0,0.18632100115789393,0,0.0,0.9621712352838103,10,243.0
2015.0,11,272.0,7.157894736842105,5.7351768015166575,0,0.0,1.0,2,35.0,0.2446312916143423,9,241.0,0.11349906633567752,0,0.0,0.9342406014181797,11,276.0
2020.0,13,335.0,8.375,5.746779795554188,0,0.0,1.0,3,50.0,0.492777848305582,10,289.0,0.08091910299907853,0,0.0,0.9480678516629546,13,339.0
2025.0,14,404.0,9.853658536585366,5.854332499970492,0,0.0,1.0,3,65.0,0.5024015900112372,11,343.0,0.08112830730581744,0,0.0,0.9621504109363764,14,408.0
2030.0,13,459.0,10.928571428571429,5.594884255849694,0,0.0,1.0,2,65.0,0.3540381292273816,11,398.0,0.0730196425581957,0,0.0,0.9743484595909415,13,463.0
2035.0,4,96.0,2.1333333333333333,5.854193229561372,0,0.0,1.0,2,75.0,0.3681929694413014,2,135.0,0.10672989172331401,0,0.0,0.9526478235112376,4,210.0
2040.0,4,113.0,2.511111111111111,7.131628415247544,0,3.0,0.9842152306673807,3,99.0,0.4040260436990937,1,26.0,0.35011906244876956,0,0.0,0.9702233678750605,4,128.0
2045.0,5,136.0,3.022222222222222,8.420857273805613,0,0.0,0.6702842656735255,4,132.0,0.5809765881554693,1,28.0,0.49115632535513554,0,0.0,0.9808411350954676,5,160.0
2050.0,2,35.0,0.7608695652173914,8.73659215293974,0,0.0,1.0,0,38.0,0.801883817994322,1,33.0,0.63123093461992,0,0.0,0.9617981940640795,1,71.0
2055.0,4,51.0,1.0408163265306123,8.598295654030856,0,0.0,1.0,0,24.0,0.9573436532751247,1,38.0,0.6809395268551681,0,0.0,0.9614804231783798,1,62.0
2060.0,4,53.0,1.1521739130434783,8.844264444587344,0,0.0,1.0,0,9.0,0.8929825137962742,1,52.0,0.7778449005291809,0,0.0,0.9425283321543149,1,61.0
2065.0,6,78.0,1.6956521739130435,7.829514549928541,0,0.0,0.9491163049549026,1,13.0,0.8584458781585852,1,57.0,0.6432774818437862,1,1.0,0.48771977783999515,3,71.0
2070.0,9,111.0,2.522727272727273,6.562135745628577,0,0.0,1.0,1,10.0,0.6084598444829403,3,71.0,0.5729223124033838,1,6.0,0.4808865765424117,5,87.0
2075.0,10,96.0,2.1333333333333333,6.3451109137533965,0,0.0,1.0,4,23.0,0.2937719184207921,1,27.0,0.6760554965783866,1,11.0,0.6396347618425187,6,61.0
2080.0,10,131.0,2.7872340425531914,6.592984532732999,0,0.0,1.0,5,44.0,0.28704934840475327,1,23.0,0.7748451267836578,0,0.0,0.9604676040940902,6,67.0
2085.0,9,108.0,2.297872340425532,6.960716113585828,0,0.0,1.0,7,71.0,0.2910369566942546,1,31.0,0.712188081198392,0,0.0,0.9422261181724225,8,102.0
2090.0,14,165.0,3.5106382978723403,5.4810415526748795,0,0.0,1.0,8,107.0,0.14670267053014324,3,40.0,0.08712694202680582,0,0.0,0.9684151221641393,11,147.0
2095.0,17,248.0,5.276595744680851,5.1217766735893075,0,0.0,1.0,9,150.0,0.18112208947683048,5,65.0,0.06485736997277627,0,0.0,0.9753882239350468,14,215.0
2100.0,16,270.0,5.625,5.169033190273942,0,0.0,1.0,9,195.0,0.24281018728004009,7,96.0,0.012794723979806065,0,0.0,0.9257740887786242,16,291.0
2105.0,18,353.0,7.354166666666667,5.15904099024528,0,0.0,1.0,9,240.0,0.171356532391707,9,134.0,0.001514174893598576,0,0.0,0.9582272434389081,18,374.0
2110.0,18,441.0,8.647058823529411,5.155387100283729,0,0.0,1.0,9,285.0,0.09575222151088138,9,178.0,0.09412990183926204,0,0.0,0.9503996443741729,18,463.0
2115.0,14,347.0,6.673076923076923,4.752389048212592,0,0.0,1.0,11,340.0,0.08982040213471747,1,58.0,0.20279894822269767,0,0.0,0.6516663674777952,12,398.0
2120.0,13,393.0,7.705882352941177,5.614456183574,0,9.0,0.7222499660016378,12,403.0,0.1550715160610422,0,13.0,0.5898486961243048,1,5.0,0.6115621110851197,13,430.0
2125.0,13,458.0,8.807692307692308,6.490311276041677,0,0.0,0.709463114981174,12,463.0,0.2394828474570987,0,0.0,0.7678224508567479,1,10.0,0.7308884385059853,13,473.0
2130.0,4,74.0,1.3962264150943395,7.004209734054999,0,0.0,1.0,3,219.0,0.41713575762554567,1,1.0,0.4877925184116298,0,0.0,0.9825514471662219,4,220.0
2135.0,2,42.0,0.7777777777777778,8.261637004004566,0,0.0,1.0,2,115.0,0.6413704660398387,0,3.0,0.7938664922206087,0,0.0,0.9056652785391326,2,118.0
2140.0,5,59.0,1.1346153846153846,8.869149906460919,0,0.0,1.0,3,101.0,0.6596485497500003,2,16.0,0.6292648277041847,0,0.0,0.9119280338271232,5,117.0
2145.0,7,88.0,1.6296296296296295,8.72852779429134,0,0.0,1.0,5,120.0,0.40077570350902,2,26.0,0.714750145969144,0,0.0,0.9422222222628255,7,146.0
2150.0,8,125.0,2.314814814814815,8.071737518824678,0,0.0,1.0,5,131.0,0.31512952913651326,3,38.0,0.65097472874871,0,0.0,0.9566753703260875,8,169.0
2155.0,10,138.0,2.6538461538461537,7.256744281049065,0,0.0,1.0,9,166.0,0.0986321695892434,1,19.0,0.6182738619177555,0,0.0,0.9987920907562226,10,185.0
2160.0,12,196.0,4.083333333333333,7.011930466425415,0,0.0,1.0,9,217.0,0.24845005643751947,3,26.0,0.6080670102418756,0,0.0,0.948715344993384,12,243.0
2165.0,12,256.0,5.224489795918367,6.9238327489069675,0,0.0,1.0,9,262.0,0.3040728357225448,3,35.0,0.47580291968884025,0,0.0,0.9858121966628199,12,297.0
2170.0,9,265.0,5.3,6.417913183147057,0,0.0,0.910324396817674,6,250.0,0.3786169538775061,3,47.0,0.45612931835924403,0,0.0,0.9800484907630695,9,297.0
2175.0,9,272.0,5.230769230769231,6.572746900848134,0,0.0,1.0,7,280.0,0.4010512610408261,2,41.0,0.13419219654601416,0,0.0,0.9439378364533566,9,321.0
2180.0,12,328.0,5.963636363636364,7.092456043510485,0,0.0,1.0,6,310.0,0.5019738341071357,4,42.0,0.2925516397483152,0,0.0,0.9644023052679619,10,352.0
2185.0,12,381.0,7.055555555555555,7.023630795199538,0,0.0,1.0,6,340.0,0.4837202203986424,4,62.0,0.3159451010799668,0,0.0,0.9568220012021043,10,402.0
2190.0,10,184.0,3.3454545454545452,7.046953446582026,0,0.0,1.0,3,218.0,0.37533094354278235,6,89.0,0.34322044774007965,0,0.0,0.9901998582117272,9,307.0
2195.0,9,122.0,2.392156862745098,6.793413124692392,0,0.0,1.0,3,17.0,0.38367666570856274,5,102.0,0.33824025157572213,0,0.0,0.9287662236629572,8,119.0
2200.0,9,152.0,3.04,7.248347735250702,0,0.0,1.0,3,29.0,0.29903553616449363,6,133.0,0.3888123890065107,0,0.0,0.9485274060803106,9,162.0
2205.0,12,207.0,4.224489795918367,6.98809174491766,1,4.0,0.004418503790287649,4,49.0,0.28855304317577046,7,167.0,0.4394924261358559,0,0.0,0.9134664102551285,12,220.0
2210.0,12,262.0,5.24,6.472127050499036,0,0.0,0.9516085261598155,5,70.0,0.2771194618351012,7,201.0,0.3358765404148741,0,0.0,0.9107791396295053,12,271.0
2215.0,13,225.0,4.411764705882353,6.283139544111672,0,0.0,1.0,5,95.0,0.3612555087574048,7,181.0,0.27192202511122443,0,0.0,0.9880649843896486,12,276.0
2220.0,9,151.0,2.9038461538461537,7.092635409318556,0,0.0,1.0,6,122.0,0.3701878086543423,3,119.0,0.4093071195142819,0,0.0,0.9555149769169158,9,241.0
2225.0,9,196.0,3.69811320754717,7.598577045848043,0,0.0,1.0,6,152.0,0.4810892338814236,3,74.0,0.55337063317248,0,0.0,0.9404951488453811,9,226.0
2230.0,5,67.0,1.2641509433962264,6.918011764461286,0,0.0,1.0,1,21.0,0.6439673326778932,4,69.0,0.21115043202147704,0,0.0,0.9209031343008031,5,90.0
2235.0,5,68.0,1.2592592592592593,7.058011376995217,0,0.0,1.0,1,6.0,0.8175300531508126,2,66.0,0.3967280272942863,0,0.0,0.967285858043145,3,72.0
2240.0,4,81.0,1.5,7.482423264807651,0,3.0,0.9102447907141661,1,14.0,0.7954883542164143,3,76.0,0.4468101172023337,0,0.0,0.9128885322848531,4,93.0
2245.0,5,102.0,2.0,8.194671953523441,0,0.0,1.0,1,24.0,0.8091115493873835,4,92.0,0.486213714860843,0,0.0,0.8994232444345561,5,116.0
2250.0,4,106.0,2.0784313725490198,7.974141279838186,0,0.0,1.0,0,8.0,0.9305541316983433,4,112.0,0.484592994254891,0,0.0,0.7199167995403742,4,120.0
2255.0,5,104.0,1.9622641509433962,7.532337238556519,0,0.0,1.0,1,6.0,0.8293802184715531,2,114.0,0.4344031850359219,2,3.0,0.34224948280500245,5,123.0
2260.0,9,140.0,3.0434782608695654,7.199399166813903,0,0.0,1.0,2,12.0,0.6354671573721352,4,120.0,0.4159690259664707,3,17.0,0.2444040098484234,9,149.0
2265.0,7,155.0,3.369565217391304,6.750591109248701,0,0.0,1.0,2,22.0,0.6169623239041155,5,142.0,0.179049839533278,0,10.0,0.5728485655407755,7,174.0
2270.0,5,161.0,3.5,7.0117626643953255,0,0.0,1.0,0,0.0,0.9564360725756829,5,170.0,0.26403932618306486,0,0.0,0.9802891904267921,5,170.0
2275.0,11,201.0,4.276595744680851,6.4990940333093254,0,0.0,1.0,0,0.0,0.8766461765286248,7,199.0,0.27153210066066963,0,0.0,0.9562829677706015,7,199.0
2280.0,7,200.0,4.166666666666667,6.5127410358561635,0,0.0,1.0,0,0.0,0.9773561369595932,3,185.0,0.4731643875606142,0,0.0,0.9981271436739061,3,185.0
2285.0,10,244.0,5.545454545454546,5.895637500508541,0,6.0,0.5937966422430732,1,6.0,0.643457385784791,3,191.0,0.38211318842602715,0,0.0,0.9595427874923395,4,203.0
2290.0,13,268.0,5.826086956521739,5.673076100657172,2,8.0,0.18481668220766095,2,13.0,0.5734356017379003,3,206.0,0.38521209735797957,0,0.0,0.9491946401386111,7,227.0
2295.0,10,262.0,5.822222222222222,5.740609403836904,3,21.0,0.013506318469914732,3,25.0,0.48366073541000626,3,221.0,0.47627602696524896,0,0.0,0.9653940463593534,9,267.0
2300.0,9,114.0,2.7142857142857144,6.195322263995145,4,37.0,0.0019209928487141082,3,40.0,0.47855456646135547,2,138.0,0.5663347344400533,0,0.0,0.9821324962173102,9,215.0
2305.0,6,59.0,1.3111111111111111,6.4125785342783725,0,5.0,0.024371509485064866,4,55.0,0.4128380619293461,2,11.0,0.3909041454631387,0,0.0,0.9675536366147394,6,71.0
2310.0,7,90.0,2.0454545454545454,6.825119796793003,0,0.0,1.0,4,72.0,0.3355930722572854,3,25.0,0.2345548139684811,0,0.0,0.9453017478252206,7,97.0
2315.0,6,69.0,1.5333333333333334,6.64597796727866,0,0.0,1.0,3,36.0,0.32002665440510253,3,40.0,0.22066515167056333,0,0.0,0.9318538720548082,6,76.0
2320.0,9,111.0,2.466666666666667,6.651105304242027,0,0.0,1.0,4,56.0,0.3147354139526772,5,77.0,0.2613211816287001,0,0.0,0.9967725445277351,9,133.0
2325.0,11,155.0,3.2291666666666665,6.379260240096703,0,0.0,1.0,4,76.0,0.39796350153314325,5,103.0,0.12949926964690786,0,0.0,0.9731681821927968,9,179.0
2330.0,9,194.0,4.041666666666667,6.5684381724624865,0,3.0,0.9558354018536629,4,98.0,0.4052625687335109,5,105.0,0.23592269369980898,0,0.0,0.9845026940248646,9,206.0
2335.0,5,127.0,2.8222222222222224,6.303773701113938,0,3.0,0.019204565863402676,0,2.0,0.7394993348907714,5,130.0,0.147894122113519,0,0.0,0.9147921477930893,5,135.0
2340.0,6,157.0,3.5681818181818183,7.277108283772279,1,8.0,0.0,0,0.0,0.7936979658775207,5,159.0,0.27957617180985517,0,0.0,0.9681097694657069,6,167.0
2345.0,7,184.0,4.088888888888889,7.709214925847944,0,0.0,1.0,1,3.0,0.6549442955928293,6,190.0,0.38083858276030214,0,0.0,0.9434420169529107,7,193.0
2350.0,7,219.0,4.760869565217392,8.34629767644149,0,0.0,1.0,1,8.0,0.7045551816374224,6,220.0,0.41971222219162957,0,0.0,0.954931126010849,7,228.0
2355.0,7,254.0,5.644444444444445,8.31884590289365,0,0.0,1.0,1,13.0,0.7275487421745234,6,250.0,0.34812409633023195,0,0.0,0.952796736343576,7,263.0
2360.0,8,293.0,6.104166666666667,8.1608559404384,0,0.0,1.0,1,18.0,0.6925015164774253,7,284.0,0.39488066052807363,0,0.0,0.9491236548001215,8,302.0
2365.0,4,33.0,0.717391304347826,7.2355151059019,0,0.0,1.0,2,27.0,0.2959257548413637,1,74.0,0.6254658983083313,0,0.0,0.9508974025278929,3,101.0
2370.0,9,66.0,1.5,6.744052002036583,0,3.0,0.7961734205175397,5,59.0,0.3617837855045797,1,10.0,0.7606064758175022,0,0.0,0.967079108840495,6,72.0
2375.0,9,57.0,1.2954545454545454,6.6404035395651615,3,9.0,0.23741704637828429,2,36.0,0.6635751549882424,1,8.0,0.7338928391739139,0,0.0,0.9481733922375944,6,53.0
2380.0,9,92.0,2.0,7.367059139272439,4,28.0,0.018842429381047934,1,23.0,0.7665190021788296,1,13.0,0.6272910581941569,0,0.0,0.959456223274943,6,64.0
2385.0,7,101.0,2.1956521739130435,6.652378812353407,0,8.0,0.04407761167757093,2,32.0,0.7270637273300427,2,23.0,0.3635268327855888,0,0.0,0.9142412271644089,4,63.0
2390.0,7,116.0,2.5217391304347827,6.929419267205497,0,0.0,0.2088057705729252,2,42.0,0.7462949379161984,1,10.0,0.6162781503405711,0,0.0,0.958435427160008,3,52.0
2395.0,5,87.0,1.851063829787234,8.056741823402191,0,3.0,0.9889833740956798,3,52.0,0.6719491648044608,1,15.0,0.7078422083808629,0,0.0,0.9598566863208564,4,70.0
2400.0,4,71.0,1.4791666666666667,7.607550732300805,0,0.0,0.9551372689079715,3,63.0,0.43346167092081545,1,20.0,0.6185453039667634,0,0.0,0.9708755122029897,4,83.0
2405.0,7,101.0,2.1041666666666665,7.561214131222752,0,0.0,1.0,6,88.0,0.41354370309821414,1,25.0,0.619847658875614,0,0.0,0.9559667830177299,7,113.0
2410.0,8,141.0,2.9375,6.846384349095698,0,0.0,1.0,6,118.0,0.22589064355734018,2,35.0,0.22573494424992901,0,0.0,0.9165789565669868,8,153.0
2415.0,4,68.0,1.4782608695652173,6.4923449146884185,0,0.0,1.0,1,52.0,0.21517591185801319,3,22.0,0.21393472610969233,0,0.0,0.9775585579970013,4,74.0
2420.0,5,91.0,2.1666666666666665,7.578346131466127,0,0.0,1.0,2,57.0,0.4327124188498835,3,34.0,0.0,0,0.0,0.9758147984719037,5,91.0
2425.0,5,116.0,2.9743589743589745,7.559362071189499,0,0.0,1.0,2,67.0,0.4490344470744635,3,55.0,0.3755856086732098,0,0.0,0.7770878879189229,5,122.0
2430.0,6,145.0,3.8157894736842106,7.175283280205279,0,0.0,1.0,2,77.0,0.24732958799789106,3,70.0,0.4934505771171552,1,4.0,0.6469327662974279,6,151.0
2435.0,7,180.0,4.285714285714286,7.390432395718681,0,0.0,1.0,3,92.0,0.3896246013777325,3,85.0,0.4821886128870638,1,9.0,0.7288973171100253,7,186.0
2440.0,8,218.0,5.069767441860465,7.294316967560311,0,0.0,1.0,3,107.0,0.24637277444508404,3,100.0,0.4697270393672745,2,17.0,0.46704674150884967,8,224.0
2445.0,8,258.0,6.45,6.7941995365872785,0,0.0,1.0,3,147.0,0.32199043576616215,3,115.0,0.5459103868105941,2,27.0,0.2487509715985533,8,289.0
2450.0,8,278.0,7.128205128205129,6.5933981117137686,0,0.0,1.0,3,162.0,0.4858634220165621,3,130.0,0.4989301257400471,2,17.0,0.28854274155930565,8,309.0
2455.0,10,324.0,8.1,5.989754018271069,0,0.0,1.0,3,152.0,0.24465011510337753,5,154.0,0.3442677309391602,2,27.0,0.16520700811211997,10,333.0
2460.0,4,216.0,5.4,6.129854324854939,0,0.0,1.0,3,167.0,0.23397770132658263,1,98.0,0.40680135857657473,0,11.0,0.4359885014505616,4,276.0
2465.0,3,182.0,4.439024390243903,7.4374464972682,0,6.0,0.600968170916117,3,182.0,0.3480533432648903,0,51.0,0.724406521296847,0,0.0,0.9763976641665958,3,239.0
2470.0,4,199.0,4.326086956521739,8.183759448320664,0,0.0,0.8032561939861361,3,200.0,0.6158226393957393,0,0.0,0.9092933259941534,0,0.0,0.9742648756334852,3,200.0
2475.0,6,226.0,4.913043478260869,8.51591644164209,0,0.0,0.9486506264733799,3,215.0,0.6401021911725597,0,0.0,0.7123869387097951,0,0.0,0.9500013839069459,3,215.0
2480.0,5,199.0,4.145833333333333,8.540792426238735,0,0.0,1.0,2,180.0,0.7402184042772832,1,11.0,0.7793545199752666,0,0.0,0.9653032060632525,3,191.0
2485.0,7,203.0,4.06,7.775303036140941,0,0.0,1.0,2,193.0,0.7511902992361117,3,18.0,0.2972383994404727,0,0.0,0.9899058009790722,5,211.0
2490.0,11,251.0,4.826923076923077,7.074698836567473,0,0.0,1.0,3,203.0,0.6330596812835774,5,39.0,0.15376458337966067,0,0.0,0.9561485109401837,8,242.0
2495.0,15,315.0,6.176470588235294,5.782148981673785,0,0.0,1.0,4,221.0,0.39524937973475127,6,65.0,0.1350944290536124,0,0.0,0.9335142321506291,10,286.0
2500.0,17,362.0,7.24,4.795896676989372,0,0.0,1.0,6,247.0,0.14769545205750745,4,69.0,0.1810065779643041,0,0.0,0.9716454952497986,10,316.0
2505.0,12,356.0,6.980392156862745,5.172228725045909,0,0.0,1.0,6,280.0,0.11662502550408334,3,52.0,0.23497745441994697,0,0.0,0.9481975628476573,9,332.0
2510.0,16,428.0,8.56,5.517431677442122,0,0.0,1.0,8,318.0,0.224390439879073,4,68.0,0.18454845711975423,0,0.0,0.9459715743194161,12,386.0
2515.0,14,449.0,8.803921568627452,5.6654166347881505,0,0.0,1.0,8,358.0,0.25417956863289937,4,88.0,0.18815612973845586,0,0.0,0.9994088139166484,12,446.0
2520.0,13,506.0,10.12,5.711777178000498,0,0.0,1.0,8,398.0,0.31436426155547975,4,108.0,0.0025833306361612886,0,0.0,0.9680967293514995,12,506.0
2525.0,15,575.0,11.057692307692308,5.943319451391419,0,0.0,1.0,8,435.0,0.36222594510489003,5,132.0,0.0008045388155606013,0,0.0,0.9670595761061096,13,567.0
2530.0,15,633.0,12.411764705882353,5.703826611430307,0,0.0,1.0,10,480.0,0.21873472717918646,5,157.0,0.011338636429166972,0,0.0,0.9550362478121208,15,637.0
2535.0,17,712.0,13.433962264150944,5.112710099729786,0,0.0,1.0,10,530.0,0.16084388308283779,6,185.0,3.906301856822337e-05,0,0.0,0.961516375357869,16,715.0
2540.0,20,515.0,9.716981132075471,5.004101892237278,0,0.0,1.0,11,415.0,0.09842284911971265,6,215.0,9.917164113847187e-06,0,0.0,0.9230416251976251,17,630.0
2545.0,19,597.0,11.705882352941176,5.312783877347594,0,0.0,1.0,10,330.0,0.09111102100751407,6,248.0,0.20042913450863484,0,0.0,0.9859622935785293,16,578.0
2550.0,11,379.0,7.288461538461538,5.479765882806801,0,0.0,1.0,11,382.0,0.1667807863493664,0,31.0,0.5734097859870905,0,0.0,0.9198838514666985,11,413.0
2555.0,11,434.0,8.68,6.381074274140563,0,0.0,1.0,11,446.0,0.2584061997909875,0,3.0,0.9834852045748761,0,0.0,0.9647391628124236,11,449.0
2560.0,10,467.0,8.49090909090909,6.523174178417992,0,6.0,0.01589787150233215,10,479.0,0.31104952722425777,0,3.0,0.9648727151066226,0,0.0,0.9500234930709786,10,488.0
2565.0,12,527.0,9.581818181818182,6.780986977634109,2,16.0,2.093334130092638e-05,10,529.0,0.3268700351321162,0,3.0,0.9239968301846293,0,0.0,0.9625406061120826,12,548.0
2570.0,12,587.0,10.87037037037037,7.239277701342831,2,26.0,0.0,10,579.0,0.3707397617365971,0,1.0,0.9187098229608581,0,0.0,0.9866299343615488,12,606.0
2575.0,12,624.0,11.555555555555555,6.71841774164826,0,0.0,0.11982573117565279,11,633.0,0.37069877993770883,1,4.0,0.5877324994113808,0,0.0,0.9347510615942246,12,637.0
2580.0,13,688.0,13.23076923076923,6.12748141449057,0,0.0,1.0,11,688.0,0.31419689878523716,2,13.0,0.27195950794496765,0,0.0,0.9560079374438439,13,701.0
2585.0,14,757.0,14.283018867924529,5.887068209194111,0,0.0,1.0,11,743.0,0.1687481973950006,3,27.0,0.22871119686658659,0,0.0,0.9310160005369446,14,770.0
2590.0,18,835.0,15.462962962962964,5.449482339409969,0,0.0,1.0,14,805.0,0.06005186863052264,4,43.0,0.19481008423287363,0,0.0,0.9693046166128333,18,848.0
2595.0,16,871.0,14.76271186440678,5.482332688101182,0,0.0,1.0,16,883.0,0.030895619638409498,0,19.0,0.30548639631774044,0,0.0,0.9433520717286662,16,902.0
2600.0,18,956.0,16.203389830508474,5.991299190545921,0,0.0,1.0,18,973.0,0.06933266346692887,0,0.0,0.8891276433100928,0,0.0,0.8989093438851854,18,973.0
2605.0,19,1047.0,18.36842105263158,6.083511386831198,0,0.0,1.0,19,1067.0,0.19733491715645646,0,0.0,1.0,0,0.0,0.9562301365901341,19,1067.0
2610.0,19,1142.0,20.392857142857142,6.00241764421731,0,0.0,1.0,19,1162.0,0.20004919669618182,0,0.0,1.0,0,0.0,0.9270721964150813,19,1162.0
2615.0,19,1237.0,22.490909090909092,5.844761413890542,0,0.0,1.0,19,1257.0,0.19411812848962773,0,0.0,0.9700880068430591,0,0.0,0.9757286384462753,19,1257.0
2620.0,20,1336.0,23.857142857142858,5.510948152591977,0,0.0,1.0,19,1352.0,0.18846904417175486,0,0.0,0.7040442974300533,0,0.0,0.9342723900610385,19,1352.0
2625.0,21,1438.0,26.62962962962963,5.304165009840253,0,0.0,1.0,19,1447.0,0.18195498314397876,1,2.0,0.4479300191374745,0,0.0,0.964766642245484,20,1449.0
2630.0,23,1551.0,26.74137931034483,4.826506681935005,0,0.0,1.0,20,1546.0,0.1567722416094837,1,7.0,0.0,0,0.0,0.9576618357752218,21,1553.0
2635.0,24,1659.0,29.105263157894736,3.97457676641089,0,0.0,1.0,20,1667.0,0.13528730425455607,0,0.0,1.0,0,0.0,0.9669979066177081,20,1667.0
2640.0,26,1768.0,29.966101694915253,4.2071783732705175,0,0.0,1.0,22,1760.0,0.16220481900071373,0,0.0,0.8847991505928153,0,0.0,0.9977294172180253,22,1760.0
2645.0,27,1878.0,31.3,4.605697238685914,0,0.0,1.0,24,1882.0,0.20545584695878916,0,0.0,0.9891715412368088,0,0.0,0.9517385762759223,24,1882.0
2650.0,25,1976.0,31.870967741935484,5.144284177478694,0,0.0,1.0,25,1999.0,0.1885762302626373,0,0.0,0.8258895523647409,0,0.0,0.9708944770896539,25,1999.0
2655.0,27,2106.0,34.52459016393443,4.745035787378948,0,0.0,1.0,26,2126.0,0.10618045302592236,1,3.0,0.6064652356955795,0,0.0,0.549432414730662,27,2129.0
2660.0,29,2249.0,36.274193548387096,4.771936187859744,0,0.0,1.0,27,2261.0,0.0960969758253479,1,8.0,0.6351699039016926,1,3.0,0.644428283249588,29,2272.0
2665.0,32,2402.0,36.95384615384615,4.293711946123344,0,0.0,1.0,29,2397.0,0.05980098693468335,2,17.0,0.5622784813068933,1,8.0,0.6350466827845792,32,2422.0
2670.0,31,2557.0,39.953125,3.9541260840004795,0,0.0,1.0,28,2540.0,0.08760689813542492,2,27.0,0.49434122786169654,1,13.0,0.5495779288349485,31,2580.0
2675.0,32,2698.0,41.50769230769231,3.8480116200090846,0,0.0,1.0,29,2681.0,0.10087109698643762,3,40.0,0.3752245442541911,0,0.0,0.548623743352333,32,2721.0
2680.0,33,2862.0,44.71875,3.7253799908006093,0,0.0,1.0,30,2830.0,0.10203172189355587,3,58.0,0.43426091644649206,0,0.0,0.6366885222542809,33,2888.0
2685.0,22,1159.0,18.109375,3.9501064182144603,0,0.0,1.0,19,1888.0,0.141480261978574,3,70.0,0.47202902079390646,0,0.0,0.9637639290926125,22,1958.0
2690.0,9,207.0,3.234375,4.196051227353958,0,0.0,1.0,6,1257.0,0.1553671950113214,3,85.0,0.28244586493516693,0,0.0,0.9530377850875761,9,1342.0
2695.0,9,136.0,2.125,6.072803774697924,0,0.0,1.0,5,625.0,0.2741939611932653,4,114.0,0.44296376199719895,0,0.0,0.9527812543998725,9,739.0
2700.0,8,96.0,1.5,7.58714923728261,0,0.0,1.0,5,221.0,0.43370446125485496,3,87.0,0.605991208096416,0,0.0,0.9419659892294305,8,308.0
2705.0,6,96.0,1.4328358208955223,8.433101547691447,0,0.0,1.0,5,88.0,0.4655700124414437,1,24.0,0.7926377686784647,0,0.0,0.9659692657718959,6,112.0
2710.0,10,138.0,2.0597014925373136,8.173588828355367,0,0.0,1.0,6,109.0,0.21973464251286576,2,27.0,0.7739648008770064,0,0.0,0.9682145948342594,8,136.0
2715.0,11,193.0,3.015625,7.2866643636194794,0,0.0,1.0,7,144.0,0.12055115229763205,2,37.0,0.7348126618820793,0,0.0,0.9855227396136556,9,181.0
2720.0,13,242.0,3.723076923076923,6.686149674367782,0,0.0,1.0,7,179.0,0.21305880224522747,2,37.0,0.6970812819724664,0,0.0,0.967224383116168,9,216.0
2725.0,10,176.0,2.838709677419355,6.698451478694135,0,1.0,0.7159111285704587,4,133.0,0.17335926285977793,2,41.0,0.6993173693711582,0,0.0,0.972319704282395,6,175.0
2730.0,8,169.0,2.9649122807017543,7.325082607147208,0,0.0,0.6521401662791663,2,46.0,0.39735757238224934,2,51.0,0.6590180976881653,0,0.0,0.9290215433250861,4,97.0
2735.0,8,180.0,3.0508474576271185,7.801062826795689,0,0.0,0.8301968533888383,2,56.0,0.5189119634586945,2,64.0,0.6106713883469954,0,0.0,0.9917278821529882,4,120.0
2740.0,10,226.0,3.7666666666666666,7.246452360143445,0,0.0,0.858456521443734,2,66.0,0.3506485482841623,2,84.0,0.5160158570556881,0,0.0,0.9539123901083497,4,150.0
2745.0,11,209.0,3.4833333333333334,7.012175462076419,0,0.0,1.0,1,54.0,0.4565896877467856,1,42.0,0.6319590408959658,0,0.0,0.967389552644019,2,96.0
2750.0,13,269.0,4.483333333333333,7.033965769864691,0,0.0,1.0,3,67.0,0.41491552998803066,1,34.0,0.7008429136934928,0,0.0,0.9505749191231043,4,101.0
2755.0,15,338.0,5.728813559322034,6.730449943699809,0,0.0,1.0,3,82.0,0.5504328682466465,1,45.0,0.6875346393841254,0,0.0,0.9193324731559003,4,127.0
2760.0,16,414.0,7.2631578947368425,6.377084190454801,0,0.0,1.0,3,97.0,0.4384040323164638,1,50.0,0.7957726287524917,0,0.0,0.9752884952464502,4,147.0
2765.0,14,331.0,5.807017543859649,5.77544357153439,0,0.0,1.0,1,92.0,0.33614426876463005,1,52.0,0.7665202173689335,1,2.0,0.4911457444136054,3,146.0
2770.0,9,223.0,4.12962962962963,6.330725547321929,0,0.0,0.9932404593302682,2,86.0,0.45147039079504037,2,59.0,0.55408255751427,1,7.0,0.4732201991078083,5,152.0
2775.0,8,232.0,4.461538461538462,6.780539486484999,0,0.0,1.0,2,110.0,0.38618245119466615,2,69.0,0.6451701750510334,1,12.0,0.2736862148290371,5,191.0
2780.0,6,179.0,3.3773584905660377,7.226521299558534,0,0.0,1.0,3,127.0,0.46352400982706693,2,76.0,0.37493212145328514,0,0.0,0.6295304633684227,5,203.0
2785.0,9,197.0,3.8627450980392157,6.655780144417297,0,0.0,0.9962019268431529,2,117.0,0.40716464600706354,4,92.0,0.17288782626881238,0,0.0,0.9726567617827774,6,209.0
2790.0,9,242.0,4.84,6.740214703348375,0,0.0,1.0,2,126.0,0.46216700652753306,4,109.0,0.0,0,0.0,0.9697245962278693,6,235.0
2795.0,7,249.0,4.69811320754717,7.815558727274786,0,0.0,1.0,3,141.0,0.5132953658148546,4,135.0,0.40817934953638385,0,0.0,0.9568947501926303,7,276.0
2800.0,9,288.0,5.333333333333333,7.51048398110654,0,0.0,1.0,3,156.0,0.31214142421921953,4,155.0,0.4824897151661986,0,0.0,0.9834654491610957,7,311.0
2805.0,9,333.0,6.166666666666667,6.8079499721388474,0,0.0,1.0,3,171.0,0.41939694800226734,4,175.0,0.5254137259876372,0,0.0,0.9412625756117264,7,346.0
2810.0,12,368.0,6.6909090909090905,6.693610431316167,0,0.0,1.0,5,204.0,0.4917078431603938,6,199.0,0.34648033642778536,0,0.0,0.9731277299600041,11,403.0
2815.0,12,419.0,7.7592592592592595,6.5025849520847885,0,0.0,1.0,6,231.0,0.3856051434949342,6,224.0,0.44842531095175636,0,0.0,0.92929014104968,12,455.0
2820.0,13,484.0,8.962962962962964,6.863453064744391,0,0.0,1.0,7,269.0,0.3750502264490291,6,254.0,0.43463987486561667,0,0.0,0.9526247654593436,13,523.0
2825.0,13,418.0,7.6,6.9503533273207445,0,0.0,0.9462174341155666,6,170.0,0.46561116228798255,7,281.0,0.28202156395752936,0,0.0,0.9406050367388128,13,451.0
2830.0,14,486.0,8.379310344827585,7.03271153810463,0,0.0,1.0,7,203.0,0.4632023528751068,7,319.0,0.31236366484218214,0,0.0,0.9564034784277111,14,522.0
2835.0,15,538.0,9.607142857142858,6.742355917630152,0,0.0,1.0,8,241.0,0.3049705249792743,7,337.0,0.3731548279709929,0,0.0,0.9594233803216288,15,578.0
2840.0,18,620.0,11.272727272727273,6.384737123753999,0,0.0,1.0,9,284.0,0.2977640712555515,9,372.0,0.20156036242632283,0,0.0,0.9139227756011582,18,656.0
2845.0,21,715.0,12.11864406779661,5.532404282099863,0,0.0,1.0,10,332.0,0.1311634663722005,11,422.0,0.08238330818176268,0,0.0,0.9700446630238059,21,754.0
2850.0,18,619.0,10.147540983606557,5.69409254552614,0,0.0,1.0,7,235.0,0.13720751502065476,11,477.0,0.0762650741455367,0,0.0,0.9471945822488164,18,712.0
2855.0,17,373.0,6.322033898305085,5.648018999194559,0,0.0,1.0,5,138.0,0.14399590113920915,10,396.0,0.020462790130674594,0,0.0,0.9708920793274117,15,534.0
2860.0,12,186.0,3.263157894736842,6.3393588599486,0,0.0,1.0,6,128.0,0.16251961015856056,6,275.0,0.158950200728893,0,0.0,0.9176182583882119,12,403.0
2865.0,11,225.0,3.8135593220338984,6.894844010925343,0,0.0,1.0,6,136.0,0.24628942437610313,5,179.0,0.3140743362508876,0,0.0,0.9613305519089529,11,315.0
2870.0,8,136.0,2.305084745762712,6.613627752196187,0,0.0,1.0,0,15.0,0.544126097483559,5,132.0,0.21090194844407384,0,0.0,0.9640636894785528,5,147.0
2875.0,6,29.0,0.5178571428571429,6.629136852628743,0,0.0,1.0,0,3.0,0.6492601677876191,0,26.0,0.531841821950859,0,0.0,0.9353641559228343,0,29.0
2880.0,9,67.0,1.2181818181818183,6.715696263287521,0,6.0,0.5993558355287312,1,9.0,0.5797546212164515,0,6.0,0.7566299712212596,0,0.0,0.953091349090612,1,21.0
2885.0,13,122.0,2.103448275862069,6.805639969869444,0,0.0,1.0,1,17.0,0.7558029487674977,0,3.0,0.9526474027921576,0,0.0,0.9666193901594955,1,20.0
2890.0,14,178.0,3.1785714285714284,6.372103230398247,0,0.0,1.0,0,6.0,0.9547429584041559,0,3.0,0.9925183297882327,0,0.0,0.9548329210041374,0,9.0
2895.0,11,197.0,3.6481481481481484,6.268081664597978,0,0.0,1.0,0,6.0,0.9148343660822332,0,3.0,0.9630872161308335,0,0.0,0.9268584766026662,0,9.0
2900.0,9,232.0,4.296296296296297,6.700948426793898,0,0.0,1.0,0,6.0,0.9109210402628664,0,3.0,0.8714017112818906,0,0.0,0.966397208144051,0,9.0
2905.0,13,293.0,5.327272727272727,6.678981148624138,0,0.0,1.0,1,57.0,0.8044029519427177,1,7.0,0.7070935334812674,0,0.0,0.9452890569561356,2,64.0
2910.0,15,361.0,7.078431372549019,5.41387121400307,0,0.0,1.0,2,110.0,0.5448165047398581,2,13.0,0.3062124488174211,0,0.0,0.9661886471782017,4,123.0
2915.0,15,337.0,6.480769230769231,5.233454863343291,0,0.0,1.0,4,81.0,0.3668412100411081,0,3.0,0.6502323897135148,0,0.0,0.9920477992077709,4,84.0
2920.0,10,175.0,3.4313725490196076,5.840609452991098,0,6.0,0.5795445559956576,4,81.0,0.31388228952994596,0,0.0,1.0,0,0.0,0.9700715708481725,4,87.0
2925.0,7,88.0,1.6923076923076923,6.502822509733128,0,6.0,0.2606284679558753,5,106.0,0.42638961784937807,0,0.0,0.8918832354977062,0,0.0,0.930636457015316,5,112.0
2930.0,11,115.0,2.2549019607843137,5.929585040646562,3,18.0,0.01579532823273757,7,133.0,0.3646374262754014,0,0.0,1.0,0,0.0,0.9884776038012556,10,151.0
2935.0,10,141.0,2.660377358490566,5.5283238283988885,0,0.0,0.02189393381354888,10,173.0,0.2765125027916256,0,0.0,0.9868083463548389,0,0.0,0.9561291206927691,10,173.0
2940.0,9,186.0,3.4444444444444446,5.835889047980465,0,0.0,1.0,9,218.0,0.2812515086337921,0,0.0,0.9140998795761185,0,0.0,0.9391200027959214,9,218.0
2945.0,10,232.0,4.142857142857143,6.129282844357522,0,0.0,1.0,9,263.0,0.2636885007690395,0,0.0,0.3787329304772538,0,0.0,0.9739176756742253,9,263.0
2950.0,6,220.0,3.7288135593220337,6.307245921826005,0,0.0,1.0,6,241.0,0.31363574817070117,0,0.0,1.0,0,0.0,0.8356435357051593,6,241.0
2955.0,7,253.0,4.015873015873016,7.382322688697488,0,0.0,1.0,7,260.0,0.2545076604940966,0,0.0,1.0,0,0.0,0.9645403929689951,7,260.0
2960.0,8,293.0,4.80327868852459,6.429224612434105,0,0.0,1.0,8,302.0,0.20759232893953009,0,35.0,0.6479780527441913,0,0.0,0.9676190033957035,8,337.0
2965.0,12,347.0,6.087719298245614,5.697876151838086,0,0.0,1.0,11,353.0,0.13449981666610725,1,62.0,0.42157991296184716,0,0.0,0.943624591336697,12,415.0
2970.0,15,415.0,7.410714285714286,5.753611784118461,0,0.0,1.0,12,411.0,0.13572159622077815,2,71.0,0.32384343752587025,0,0.0,0.9719894294963896,14,482.0
2975.0,14,484.0,8.491228070175438,5.800102958994227,0,0.0,1.0,12,473.0,0.13425262369138563,2,81.0,0.4045409748641024,0,0.0,0.9545922296036696,14,554.0
2980.0,18,566.0,9.929824561403509,5.510827783478705,0,0.0,1.0,12,533.0,0.16564786475948506,3,110.0,0.1667036418266159,0,0.0,0.998518160527639,15,643.0
2985.0,22,666.0,11.482758620689655,5.42050141362903,0,0.0,1.0,14,595.0,0.20908514087079447,4,139.0,0.15897207660070328,0,0.0,0.9544957266266597,18,734.0
2990.0,22,704.0,11.540983606557377,5.684751114751725,0,0.0,1.0,14,663.0,0.2458590194593658,3,96.0,0.23316797262479433,0,0.0,0.961238503498395,17,759.0
2995.0,22,774.0,12.688524590163935,5.77916742790755,0,0.0,1.0,14,736.0,0.2457244647116154,1,32.0,0.29005722839264686,1,3.0,0.47563785299282674,16,771.0
3000.0,22,846.0,14.1,5.5291080608448375,0,0.0,0.7394624610374316,14,806.0,0.2187620766769029,1,23.0,0.0,1,8.0,0.47726051450478907,16,837.0
3005.0,24,943.0,15.716666666666667,5.099435144307339,1,2.0,0.003101151807783443,15,878.0,0.14720007317844835,1,28.0,0.0,1,13.0,0.4842928754839595,18,921.0
3010.0,27,1069.0,17.524590163934427,4.582021691526962,1,5.0,0.0,16,955.0,0.14766551183297222,1,33.0,0.0,1,18.0,0.2598191334914394,19,1011.0
3015.0,17,297.0,4.868852459016393,4.6369178567210705,0,0.0,1.0,5,448.0,0.20049761461292595,1,38.0,0.0,0,0.0,0.6438450320562281,6,486.0
3020.0,12,208.0,3.3548387096774195,5.553899047435607,0,0.0,1.0,0,172.0,0.4192404119463245,1,50.0,0.6087679935420907,0,0.0,0.9731351191244022,1,222.0
3025.0,8,206.0,3.3225806451612905,7.1854970363747785,0,0.0,1.0,0,8.0,0.8364310811221235,1,57.0,0.778831863568866,0,0.0,0.967496434539181,1,65.0
3030.0,5,147.0,2.370967741935484,8.172831127431287,0,0.0,1.0,0,0.0,0.7913665603694483,0,9.0,0.9244494133901561,0,0.0,0.969456407210452,0,9.0
3035.0,4,96.0,1.5483870967741935,8.750307114983785,0,0.0,1.0,1,4.0,0.724645116396868,0,6.0,0.9460638176584732,0,0.0,0.9772608533957854,1,10.0
3040.0,1,9.0,0.15254237288135594,8.902170096365724,0,0.0,1.0,1,9.0,0.7685436532145584,0,6.0,0.8474262540464791,0,0.0,0.9795242399808696,1,15.0
3045.0,6,29.0,0.5087719298245614,8.265601774896226,0,0.0,1.0,1,14.0,0.7870441065914345,1,60.0,0.863141196807116,0,0.0,0.9504164247243052,2,74.0
3050.0,10,66.0,1.2941176470588236,7.0879585172157915,0,0.0,1.0,2,21.0,0.4742994042385643,0,4.0,0.9450669376263635,0,0.0,0.9657318007396856,2,25.0
3055.0,11,120.0,2.4,6.496263309553887,0,0.0,0.4611600918976182,2,34.0,0.3085110530090577,0,0.0,0.9000957040975127,0,0.0,0.9318138879801244,2,34.0
3060.0,8,114.0,2.235294117647059,6.2292128844142125,0,0.0,0.23296132690514915,1,19.0,0.6020634875763887,0,0.0,0.9396534692040648,0,0.0,0.9828189287119734,1,19.0
3065.0,9,158.0,2.925925925925926,6.806591881251568,0,0.0,0.45084815935137473,1,65.0,0.6915179051498995,0,3.0,0.9664574420787256,0,0.0,0.9490039589900312,1,68.0
3070.0,12,213.0,4.018867924528302,6.473267079820753,0,0.0,1.0,2,73.0,0.579879418491683,0,3.0,0.7635813705897208,0,0.0,0.9334437958822173,2,76.0
3075.0,13,155.0,2.8703703703703702,6.412770861882546,0,0.0,1.0,3,116.0,0.5044748453645397,3,12.0,0.39029645787502043,0,0.0,0.9666232305404417,6,128.0
3080.0,5,63.0,1.105263157894737,6.830695830823741,0,0.0,1.0,2,118.0,0.6739928477576641,3,27.0,0.466616426867768,0,0.0,0.9741219023321994,5,145.0
3085.0,5,88.0,1.5172413793103448,7.70684143352983,0,0.0,1.0,2,125.0,0.4823054201525494,3,106.0,0.5429784649552831,0,0.0,0.9123244894454362,5,231.0
3090.0,8,120.0,2.1818181818181817,6.663947549920006,0,0.0,1.0,3,140.0,0.19431594219763984,5,126.0,0.35472474143913335,0,0.0,0.8504105730151468,8,266.0
3095.0,10,165.0,3.3,6.513636551246605,0,0.0,1.0,4,156.0,0.3054515031086402,6,155.0,0.24048078461800804,0,0.0,0.9739069370464367,10,311.0
3100.0,10,215.0,4.134615384615385,6.1240917540224915,0,0.0,1.0,4,176.0,0.32615307089742746,6,214.0,0.24904998854478044,0,0.0,0.9538850020603808,10,390.0
3105.0,12,273.0,5.352941176470588,6.4204610974188085,0,0.0,1.0,4,196.0,0.3255566181042115,7,258.0,0.35339322543692775,0,0.0,0.9472630503713395,11,454.0
3110.0,8,180.0,3.6,6.763297276134791,0,0.0,1.0,4,231.0,0.4241546149983363,3,158.0,0.42215733126090804,0,0.0,0.7883468062522914,7,389.0
3115.0,13,231.0,4.4423076923076925,7.115024025116079,0,6.0,0.7531792865341971,4,254.0,0.4745504489392597,3,152.0,0.4800846188120323,2,4.0,0.4728885002984108,9,416.0
3120.0,12,286.0,5.607843137254902,6.889535152225619,0,0.0,1.0,5,275.0,0.3519084740775538,3,164.0,0.23603485016779144,2,14.0,0.387264178564318,10,453.0
3125.0,9,286.0,5.5,7.352275412644962,0,0.0,1.0,5,300.0,0.4215932006537279,3,179.0,0.4811826214205573,0,10.0,0.5131848211713549,8,489.0
3130.0,7,258.0,4.867924528301887,7.340452064507055,0,0.0,1.0,6,330.0,0.350822560829032,1,92.0,0.47175634288621654,0,0.0,0.9664364906195938,7,422.0
3135.0,12,284.0,5.163636363636364,7.621575558207729,0,0.0,1.0,7,365.0,0.31900179645284843,3,10.0,0.3242982116765966,0,0.0,0.9685128057553462,10,375.0
3140.0,14,351.0,6.5,7.035736009034576,0,0.0,1.0,8,403.0,0.3658615642742738,4,29.0,0.37724211789146406,0,0.0,0.9720613017500123,12,432.0
3145.0,15,425.0,8.018867924528301,6.5878864640112305,0,0.0,1.0,8,437.0,0.25874058909080816,5,53.0,0.36961752519390895,0,0.0,0.9898154811026761,13,490.0
3150.0,11,430.0,8.11320754716981,6.454982167605166,0,0.0,1.0,8,477.0,0.26289342916033814,0,13.0,0.7240049536744594,0,0.0,0.9954878039657998,8,490.0
3155.0,12,489.0,9.055555555555555,6.992420850513775,0,3.0,0.7949744022322629,8,526.0,0.39974704944983447,0,0.0,0.9476832633931087,0,0.0,0.9741224726441566,8,529.0
3160.0,9,187.0,3.4,7.0327968844060775,0,0.0,1.0,4,320.0,0.4813499043465929,0,0.0,0.9691734248716598,1,2.0,0.467582611213231,5,322.0
3165.0,5,69.0,1.2545454545454546,8.172400534382128,0,0.0,1.0,1,78.0,0.6064982764217974,0,0.0,0.9335855945400198,0,0.0,0.9859296986079659,1,78.0
3170.0,10,107.0,1.9107142857142858,7.734621258981251,0,0.0,1.0,1,14.0,0.6573820078068686,0,3.0,0.8711543330843549,0,0.0,0.9456260057106235,1,17.0
3175.0,13,162.0,3.1153846153846154,7.040756972174732,0,0.0,1.0,2,19.0,0.7061383940121889,1,4.0,0.608008155011848,0,0.0,0.9459312316531352,3,23.0
3180.0,12,200.0,3.8461538461538463,6.577400592829088,0,0.0,1.0,0,3.0,0.8785027161822543,1,8.0,0.5346802604035217,0,0.0,0.9913237062345307,1,11.0
3185.0,14,264.0,5.176470588235294,6.344090799250195,0,0.0,1.0,0,3.0,0.9048023755346719,3,17.0,0.23597900157090165,0,0.0,0.9410212899996048,3,20.0
3190.0,16,321.0,6.056603773584905,5.772999738829609,0,0.0,1.0,1,4.0,0.6300514268060894,3,35.0,0.35281697418230473,0,0.0,0.9692532491208972,4,39.0
3195.0,15,283.0,5.66,5.694557293748175,0,0.0,1.0,3,90.0,0.47209127378104215,3,50.0,0.49311147487316126,0,0.0,0.9639078982493783,6,140.0
3200.0,12,198.0,3.8076923076923075,5.659804673975835,0,0.0,1.0,3,105.0,0.5144328917471722,3,65.0,0.4842029829902701,0,0.0,0.9923594905597158,6,170.0
3205.0,3,73.0,1.4313725490196079,5.886745863856566,0,0.0,1.0,0,11.0,0.526380518937058,3,80.0,0.4726825868646277,0,0.0,0.9186821335687038,3,91.0
3210.0,6,97.0,1.9019607843137254,6.786650253733469,0,0.0,1.0,1,3.0,0.6883938348079224,4,100.0,0.4893201465682963,0,0.0,0.9553652453569448,5,103.0
3215.0,9,138.0,2.816326530612245,6.568670333736214,0,0.0,1.0,2,35.0,0.4763575009748475,4,117.0,0.177222640294059,0,0.0,0.9560895705430436,6,152.0
3220.0,13,201.0,4.02,6.56774879735283,0,0.0,1.0,2,45.0,0.5655693879541409,7,152.0,0.017346384235700778,0,0.0,0.9941075127173177,9,197.0
3225.0,10,217.0,4.34,5.961834000964234,0,0.0,1.0,1,42.0,0.4237412178068995,7,187.0,0.004741599250170413,0,0.0,0.6583320320235924,8,229.0
3230.0,11,243.0,4.86,5.819546379215976,0,0.0,1.0,2,50.0,0.3221050086520784,8,248.0,0.06143516491665202,1,4.0,0.4902507457526783,11,302.0
3235.0,14,306.0,6.244897959183674,6.114696652676513,0,0.0,1.0,3,64.0,0.3118543015744038,9,294.0,0.15344311396876,1,9.0,0.47856607562139786,13,367.0
3240.0,12,352.0,7.48936170212766,5.825791130943384,0,0.0,1.0,4,83.0,0.1972823578456804,8,308.0,0.19656330147555798,0,0.0,0.9474903759564293,12,391.0
3245.0,9,371.0,7.2745098039215685,6.698182021739809,0,0.0,1.0,1,73.0,0.6461490030269809,8,351.0,0.20716382182464016,0,0.0,0.4834954648787615,9,424.0
3250.0,10,417.0,8.510204081632653,7.014823856915642,0,0.0,1.0,2,41.0,0.5544853436662944,8,398.0,0.29904793631772064,0,0.0,0.9769611860034295,10,439.0
3255.0,11,468.0,9.957446808510639,7.2978854281046335,0,0.0,1.0,2,51.0,0.6464021807954183,9,436.0,0.2539455951525494,0,0.0,0.9566274746288189,11,487.0
3260.0,12,525.0,10.5,6.720290455018169,0,0.0,1.0,2,61.0,0.5266477977297478,10,481.0,0.20086048583555563,0,0.0,0.9667496968314532,12,542.0
3265.0,4,120.0,2.4,6.953375972186219,0,0.0,0.993849344871645,3,73.0,0.45671374582623975,1,162.0,0.3260192131284559,0,0.0,0.9517302418436393,4,235.0
3270.0,4,88.0,1.7959183673469388,7.570122755979481,0,9.0,0.5296577758060819,4,97.0,0.3992996131081894,0,53.0,0.5702353781130768,0,0.0,0.9998977985006384,4,159.0
3275.0,4,108.0,2.204081632653061,8.098399197352752,0,0.0,0.7048229073054931,4,117.0,0.577405914031007,0,3.0,0.6169243304571356,0,0.0,0.9518648787599407,4,120.0
3280.0,6,135.0,2.5961538461538463,8.333960518650633,0,0.0,1.0,4,137.0,0.6469967083941387,1,5.0,0.4716316069946862,0,0.0,0.9849526223541645,5,142.0
3285.0,7,170.0,3.4,7.81793226201792,0,0.0,1.0,4,157.0,0.5848991893885308,1,10.0,0.6361027854332253,0,0.0,0.9778268523543856,5,167.0
3290.0,11,201.0,4.1020408163265305,7.365571421067462,0,0.0,1.0,4,177.0,0.5934015095550585,1,3.0,2.9853658366758023e-05,0,0.0,0.9936351991983674,5,180.0
3295.0,9,178.0,3.358490566037736,7.171811604878235,0,0.0,1.0,2,120.0,0.6406973289060212,1,8.0,0.4923551065365162,0,0.0,0.9574321659207932,3,128.0
3300.0,11,227.0,4.63265306122449,6.3826431597550926,0,0.0,1.0,2,123.0,0.6535836913159045,1,13.0,0.6486997097504661,1,2.0,0.46487784561494355,4,138.0
3305.0,14,291.0,6.0625,6.860776225814121,0,0.0,1.0,2,130.0,0.49483285302330937,1,24.0,0.7141052458948169,1,7.0,0.4882084403377998,4,161.0
3310.0,14,361.0,7.680851063829787,6.469939325175063,0,0.0,1.0,2,140.0,0.4778448801665203,1,29.0,0.795338959097191,1,12.0,0.4688296432645226,4,181.0
3315.0,10,323.0,6.46,6.636474387598931,0,0.0,1.0,2,150.0,0.5088952210457202,1,34.0,0.8060802250300584,0,0.0,0.8455993846420714,3,184.0
3320.0,11,337.0,6.74,6.833952161906866,0,0.0,1.0,3,163.0,0.3106393134152782,1,42.0,0.7509686909743133,0,0.0,0.9112152571098326,4,205.0
3325.0,8,248.0,5.276595744680851,6.681933813035777,0,0.0,1.0,4,181.0,0.29990527026811814,2,46.0,0.5743918620172381,0,0.0,0.9689770029061165,6,227.0
3330.0,7,252.0,5.7272727272727275,6.392642888063298,0,0.0,1.0,4,201.0,0.41602007969407856,2,50.0,0.32910924128492797,0,0.0,0.9426368608244103,6,251.0
3335.0,7,242.0,5.260869565217392,6.546305991564336,0,0.0,1.0,4,284.0,0.4761693247720885,1,12.0,0.1361041315714752,0,0.0,0.9742328453540942,5,296.0
3340.0,4,220.0,4.888888888888889,7.150643550791203,0,0.0,1.0,2,263.0,0.6821002370744637,2,20.0,0.3074761096923865,0,0.0,0.8924785467470386,4,283.0
3345.0,5,243.0,5.4,7.31331678755079,0,0.0,1.0,3,213.0,0.5013955182102571,2,30.0,0.3111344205223502,0,0.0,0.9586535231554988,5,243.0
3350.0,8,278.0,5.914893617021277,7.236510180097333,0,0.0,1.0,4,232.0,0.3964591907523497,4,79.0,0.39404710666534126,0,0.0,0.9704280681886475,8,311.0
3355.0,8,290.0,6.170212765957447,7.041662739750554,0,0.0,1.0,5,256.0,0.35645905144936113,3,43.0,0.4194822330975419,0,0.0,0.9556235796693006,8,299.0
3360.0,8,316.0,6.723404255319149,7.276444455069495,0,0.0,1.0,3,258.0,0.32772010528601453,5,71.0,0.4638029310888069,0,0.0,0.9458566332356343,8,329.0
3365.0,10,362.0,7.541666666666667,7.620608867620073,0,0.0,1.0,4,311.0,0.4370597556821916,6,100.0,0.35440950541704364,0,0.0,0.9725178314924534,10,411.0
3370.0,12,417.0,8.510204081632653,7.196225715284232,0,0.0,1.0,5,334.0,0.4012888076307103,7,132.0,0.2859032976018314,0,0.0,0.9528016987081559,12,466.0
3375.0,11,460.0,9.2,6.789430514198624,0,0.0,1.0,5,325.0,0.3504753905687058,5,147.0,0.2867636973256922,1,2.0,0.604986790202347,11,474.0
3380.0,11,241.0,4.918367346938775,6.944900232717005,0,0.0,1.0,3,185.0,0.41926501991795,6,167.0,0.20066052236310233,2,10.0,0.4662029796945768,11,362.0
3385.0,11,244.0,4.979591836734694,6.753980740273489,0,0.0,1.0,2,84.0,0.6041105288260192,8,203.0,0.18849383155577462,1,8.0,0.25410363005368725,11,295.0
3390.0,12,300.0,6.122448979591836,7.0100944047669635,0,0.0,1.0,2,55.0,0.4593210828733201,8,245.0,0.317763376776127,2,17.0,0.1909538428462886,12,317.0
3395.0,6,133.0,2.66,7.083701201499029,0,0.0,1.0,3,69.0,0.3188679722960382,1,101.0,0.5845883920366947,2,27.0,0.3325555347965351,6,197.0
3400.0,3,76.0,1.4339622641509433,8.227657613161297,0,6.0,0.6584373240442023,3,85.0,0.4801982879282769,0,43.0,0.7767793797151868,0,11.0,0.6344609556539342,3,145.0
3405.0,3,91.0,1.6545454545454545,8.827534451845846,0,0.0,0.7256398936716942,3,97.0,0.6016739727712263,0,5.0,0.7479918774711806,0,0.0,0.9433909872334381,3,102.0
3410.0,4,110.0,1.9642857142857142,8.761961544587509,0,0.0,1.0,3,112.0,0.5403482291872916,1,7.0,0.6806647320764246,0,0.0,0.9595548548769927,4,119.0
3415.0,6,132.0,2.357142857142857,8.127967219940619,0,0.0,1.0,4,125.0,0.5375150322715029,2,10.0,0.48870518617461123,0,0.0,0.9339474643540548,6,135.0
3420.0,9,171.0,3.0535714285714284,7.354962650057467,0,0.0,1.0,4,145.0,0.5347567268606777,2,20.0,0.2789802886991826,0,0.0,0.9041359221074146,6,165.0
3425.0,11,214.0,3.689655172413793,7.012452199578475,0,0.0,1.0,4,165.0,0.4102216422454567,2,21.0,0.0008675426052396492,0,0.0,0.9372484234284932,6,186.0
3430.0,13,275.0,5.188679245283019,6.623971116722359,0,0.0,1.0,6,191.0,0.3485238333365046,2,31.0,4.901004808308054e-06,0,0.0,0.9388576666795867,8,222.0
3435.0,15,347.0,6.547169811320755,6.225420946997328,0,0.0,1.0,7,224.0,0.2534544345499365,2,41.0,0.35267530896226307,0,0.0,0.9092775833185728,9,265.0
3440.0,10,173.0,3.2037037037037037,6.106229220555257,0,0.0,1.0,0,33.0,0.44271208393167594,4,57.0,0.18448738821775448,0,0.0,0.9656969045306749,4,90.0
3445.0,10,223.0,4.2075471698113205,6.70052539136266,0,0.0,1.0,0,0.0,0.8584708185048251,4,77.0,0.24126045761567272,0,0.0,0.9634400828725446,4,77.0
3450.0,9,227.0,4.053571428571429,6.97753924905099,0,0.0,1.0,0,39.0,0.971349455656338,2,67.0,0.4432289321955696,0,0.0,0.9797890552401451,2,106.0
3455.0,12,280.0,5.384615384615385,6.866871401557587,0,0.0,1.0,0,42.0,0.8403515838909092,2,66.0,0.6312008150482611,0,0.0,0.975705278367805,2,108.0
3460.0,14,346.0,6.407407407407407,6.667184067841413,0,0.0,1.0,1,5.0,0.7627082089327661,2,76.0,0.7204797256578873,0,0.0,0.30129914015821196,3,81.0
3465.0,13,283.0,5.2407407407407405,6.732654138479372,0,0.0,1.0,1,10.0,0.6891594650840795,2,86.0,0.742841115444336,2,9.0,0.333064625813086,5,105.0
3470.0,10,269.0,5.173076923076923,5.981706938947596,0,0.0,1.0,1,15.0,0.7750814340542571,2,93.0,0.6066558686506484,2,19.0,0.3157340002588482,5,127.0
3475.0,13,215.0,4.056603773584905,5.53038847235772,0,0.0,1.0,1,41.0,0.7296903037652515,3,43.0,0.5879077889435813,0,0.0,0.9975519832472177,4,84.0
3480.0,14,255.0,4.811320754716981,5.571519807995727,0,0.0,1.0,0,24.0,0.6307847586957934,4,29.0,0.41039467625983034,0,0.0,0.9514149649267957,4,53.0
3485.0,16,218.0,4.113207547169812,5.302136424437833,0,0.0,1.0,2,8.0,0.6136692886771222,6,56.0,0.134914432049382,0,0.0,0.972143593061805,8,64.0
3490.0,13,149.0,2.811320754716981,5.502511631104188,0,0.0,1.0,2,18.0,0.5111346160171472,8,93.0,0.1710187191870541,0,0.0,0.9628999786227739,10,111.0
3495.0,8,82.0,1.4642857142857142,5.681835916050668,0,0.0,1.0,3,33.0,0.48481767063083847,2,53.0,0.19691851116929607,0,0.0,0.9818922149610076,5,86.0
3500.0,12,98.0,1.8148148148148149,5.524632972579292,0,3.0,0.5675839605116068,0,3.0,0.6122622108463441,2,51.0,0.4217634542431755,0,0.0,0.9410678898936276,2,57.0
3505.0,7,97.0,1.7321428571428572,6.698193886766234,0,0.0,0.8534356150160414,1,6.0,0.71463182675029,2,61.0,0.49185714736576225,0,0.0,0.9346566007152257,3,67.0
3510.0,10,136.0,2.4285714285714284,6.995232280378832,2,2.0,0.08421537529008823,1,16.0,0.7503139975173365,2,74.0,0.6233924630605351,0,0.0,0.9950820317905753,5,92.0
3515.0,10,186.0,3.263157894736842,7.172914490181354,2,12.0,0.0082509888047781,1,68.0,0.7609630881798434,2,127.0,0.6386855225134662,0,0.0,0.9840094516954382,5,207.0
3520.0,12,240.0,4.137931034482759,6.841057506648276,2,22.0,0.003308816134746645,2,74.0,0.6704025993820537,3,179.0,0.46191283257447935,0,0.0,0.9506370111315885,7,275.0
3525.0,16,317.0,5.660714285714286,6.303447992493004,3,37.0,0.0003432268641502512,3,86.0,0.5055866574194909,5,223.0,0.4308705922317217,0,0.0,0.9410320684405644,11,346.0
3530.0,13,310.0,5.535714285714286,6.077790272712101,0,9.0,0.014112141727006982,1,29.0,0.5754505502229761,6,249.0,0.38087484625880264,0,0.0,0.9585107998088938,7,287.0
3535.0,16,364.0,6.5,6.321705920004634,0,0.0,1.0,3,3.0,0.4487145448811172,6,279.0,0.3822371066065172,0,0.0,0.9456055576977749,9,282.0
3540.0,17,360.0,6.545454545454546,6.760530657793999,0,0.0,1.0,3,18.0,0.5402689652505055,8,316.0,0.25328158527496997,0,0.0,0.9981435565503961,11,334.0
3545.0,9,244.0,4.6923076923076925,7.279114908388734,0,0.0,1.0,3,33.0,0.45661212224330655,5,314.0,0.33308175705812487,0,0.0,0.9973654149071927,8,347.0
3550.0,8,277.0,5.12962962962963,7.701578802205775,0,3.0,0.6149701900403002,3,51.0,0.44444608117526174,5,339.0,0.3525734957644088,0,0.0,0.9599895084610363,8,393.0
3555.0,10,323.0,6.211538461538462,7.454062191318153,0,0.0,0.6784700080752295,5,72.0,0.36012302897258813,5,364.0,0.3514386284213955,0,0.0,0.9594359625023668,10,436.0
3560.0,10,373.0,7.313725490196078,7.3247143571023265,0,0.0,1.0,5,97.0,0.4272028473893211,5,389.0,0.3391764652231267,0,0.0,0.9604620982752603,10,486.0
3565.0,12,425.0,8.5,6.759753060389762,0,0.0,1.0,6,122.0,0.4278175618487209,5,414.0,0.3891765071470788,0,0.0,0.9482651127009023,11,536.0
3570.0,7,348.0,7.1020408163265305,6.445557584509404,0,0.0,1.0,1,21.0,0.5732077269646365,6,437.0,0.1361773458301281,0,0.0,0.6964965247916196,7,458.0
3575.0,11,397.0,8.270833333333334,7.043990415358745,0,0.0,1.0,2,31.0,0.6041162529154512,7,470.0,4.7628930020170385e-06,1,4.0,0.6331784061081897,10,505.0
3580.0,11,452.0,9.617021276595745,7.682646327340534,0,0.0,1.0,2,38.0,0.5779084551988725,7,511.0,0.2825745718777231,1,9.0,0.6646481055563981,10,558.0
3585.0,9,287.0,6.239130434782608,7.532598903853458,0,0.0,1.0,2,48.0,0.5711113309080111,5,431.0,0.32355913918475054,1,14.0,0.7065620151261188,8,493.0
3590.0,3,38.0,0.8444444444444444,7.57904585640115,0,0.0,1.0,1,23.0,0.572876371050328,0,227.0,0.5249322805857146,0,0.0,0.7534674833727038,1,250.0
3595.0,3,33.0,0.717391304347826,8.323835203429503,0,0.0,1.0,3,36.0,0.6010361064590619,0,62.0,0.7175036519717541,0,0.0,0.9876400707477732,3,98.0
3600.0,6,52.0,1.1555555555555554,8.181285126471163,0,0.0,0.9817837793363257,3,51.0,0.6307822012240247,3,15.0,0.552633440922897,0,0.0,0.9455904850122918,6,66.0
