step,system_total_stopped,system_total_waiting_time,system_mean_waiting_time,system_mean_speed,cluster_10564135163_13571629282_5146149679_stopped,cluster_10564135163_13571629282_5146149679_accumulated_waiting_time,cluster_10564135163_13571629282_5146149679_average_speed,cluster_10564135205_11749189839_3266988437_5129187741_#3more_stopped,cluster_10564135205_11749189839_3266988437_5129187741_#3more_accumulated_waiting_time,cluster_10564135205_11749189839_3266988437_5129187741_#3more_average_speed,cluster_10564135211_11749189838_12136544949_12136544951_#7more_stopped,cluster_10564135211_11749189838_12136544949_12136544951_#7more_accumulated_waiting_time,cluster_10564135211_11749189838_12136544949_12136544951_#7more_average_speed,cluster_10564135212_13571629279_13571629299_stopped,cluster_10564135212_13571629279_13571629299_accumulated_waiting_time,cluster_10564135212_13571629279_13571629299_average_speed,agents_total_stopped,agents_total_accumulated_waiting_time
0.0,0,0.0,0.0,0.0,0,0.0,1.0,0,0.0,1.0,0,0.0,1.0,0,0.0,1.0,0,0.0
5.0,0,0.0,0.0,10.260540566270544,0,0.0,1.0,0,0.0,0.948583086388737,0,0.0,1.0,0,0.0,0.9457555734851955,0,0.0
10.0,0,0.0,0.0,9.366009911142934,0,0.0,1.0,0,0.0,0.9818004467106681,0,0.0,1.0,0,0.0,0.9807996190034017,0,0.0
15.0,0,0.0,0.0,8.536106110880672,0,0.0,1.0,0,0.0,0.9728734775642536,0,0.0,1.0,0,0.0,0.9713817390130994,0,0.0
20.0,0,0.0,0.0,9.20816179169427,0,0.0,1.0,0,0.0,0.9766344834761707,0,0.0,1.0,0,0.0,0.9755946908760867,0,0.0
25.0,0,0.0,0.0,8.547226462531553,0,0.0,1.0,0,0.0,0.9913898771550749,0,0.0,0.8772562755442885,0,0.0,0.5823489139487886,0,0.0
30.0,2,6.0,0.46153846153846156,7.349387144402306,0,0.0,1.0,0,0.0,0.9916887766755365,1,2.0,0.48650147378245695,1,4.0,0.47467334724903637,2,6.0
35.0,2,16.0,1.1428571428571428,7.186587952561638,0,0.0,1.0,0,0.0,0.8746111808680523,1,7.0,0.48591974605812976,1,9.0,0.48592076995941463,2,16.0
40.0,3,29.0,1.6111111111111112,6.115586734388383,0,0.0,1.0,1,3.0,0.2751520096113681,1,12.0,0.4997203247523882,1,14.0,0.31239633802087813,3,29.0
45.0,4,48.0,2.6666666666666665,5.990351189682187,0,0.0,1.0,1,8.0,0.4826741723680932,1,17.0,0.48456536378222514,2,23.0,0.26833022530670964,4,48.0
50.0,4,68.0,3.7777777777777777,6.721430226820218,0,0.0,1.0,1,13.0,0.46980966256215,1,22.0,0.4947555907381754,2,33.0,0.3246259572322036,4,68.0
55.0,5,88.0,4.0,6.099910939379483,0,0.0,0.06494375802597532,1,18.0,0.49777310437081396,1,27.0,0.49679369791861105,3,43.0,0.23377829841331169,5,88.0
60.0,5,113.0,4.913043478260869,6.22268390745313,1,5.0,0.0,1,23.0,0.6188248198176888,1,32.0,0.4666509229472564,2,53.0,0.3361620537304177,5,113.0
65.0,6,131.0,5.695652173913044,5.39028263558686,0,0.0,1.0,2,30.0,0.31762662683995757,2,38.0,0.0016920989041086267,2,63.0,0.37823062986979084,6,131.0
70.0,3,115.0,4.6,6.241437162323,0,0.0,1.0,0,0.0,0.9056181893198598,1,42.0,0.0,2,73.0,0.26628617877783445,3,115.0
75.0,1,47.0,1.6785714285714286,7.159809979980314,0,0.0,1.0,0,0.0,0.9329615520368408,1,47.0,0.4644681839294008,0,0.0,0.360937702278141,1,47.0
80.0,1,52.0,1.8571428571428572,8.209346058147554,0,0.0,1.0,0,0.0,0.6735223825367205,1,64.0,0.7122181819548018,0,0.0,0.7146508247044542,1,64.0
85.0,6,67.0,2.2333333333333334,6.2091120167126554,0,0.0,1.0,0,0.0,0.9649415068880997,3,73.0,0.5992867723012154,0,0.0,0.8700209803722455,3,73.0
90.0,4,77.0,2.566666666666667,6.199765670453202,0,0.0,1.0,0,0.0,0.6520545013818241,4,86.0,0.4347995512683064,0,0.0,0.9393488527403382,4,86.0
95.0,7,103.0,3.21875,6.068225718905012,0,0.0,1.0,1,3.0,0.3261927777461427,6,109.0,0.3238553312491878,0,0.0,0.9608920700141487,7,112.0
100.0,8,143.0,4.333333333333333,6.689941238883369,0,0.0,1.0,2,13.0,0.3218996858041016,6,139.0,0.3102698532779725,0,0.0,0.9563344019133831,8,152.0
105.0,9,184.0,5.575757575757576,6.503963330816973,0,0.0,1.0,2,23.0,0.3271538127616303,6,172.0,0.20685862928656362,1,1.0,0.6398157466163609,9,196.0
110.0,9,219.0,6.083333333333333,6.078353961549995,0,0.0,1.0,1,18.0,0.07190112919623791,7,209.0,0.16798305094767266,1,6.0,0.7167747549178798,9,233.0
115.0,10,260.0,7.027027027027027,6.123315621846469,0,0.0,1.0,1,23.0,0.38183928487197827,9,251.0,0.10827187479487548,0,0.0,0.920945278937478,10,274.0
120.0,4,153.0,4.135135135135135,6.804980676013519,0,0.0,1.0,1,28.0,0.6902328679305257,3,159.0,0.3001978145842213,0,0.0,0.484604480514258,4,187.0
125.0,5,177.0,4.657894736842105,7.120799628861337,0,6.0,0.6354987704399333,1,42.0,0.5982301939178053,4,149.0,0.2926974753159793,0,0.0,0.995844180818563,5,197.0
130.0,4,164.0,4.205128205128205,7.708825493076133,0,0.0,0.9497042464154327,0,12.0,0.6930201059399326,4,169.0,0.36272838100151905,0,0.0,0.937877328743558,4,181.0
135.0,4,184.0,4.6,8.023249365612369,0,0.0,1.0,0,9.0,0.8099401600844439,4,189.0,0.29296730662011533,0,0.0,0.9608483866706495,4,198.0
140.0,3,70.0,1.7073170731707317,8.961196332614884,0,0.0,1.0,1,14.0,0.8256029935198446,2,99.0,0.5038019316986782,0,0.0,0.9508855237876676,3,113.0
145.0,4,65.0,1.4444444444444444,9.148009731956884,0,0.0,1.0,2,19.0,0.744900060906603,2,58.0,0.6504608191632134,0,0.0,0.9940069195146831,4,77.0
150.0,5,83.0,1.8444444444444446,8.705105311476881,0,0.0,0.9541838671551249,2,26.0,0.6907285213145913,3,69.0,0.42359980332942687,0,0.0,0.9396135987896702,5,95.0
155.0,7,114.0,2.533333333333333,7.5863268003331745,0,0.0,1.0,2,36.0,0.4250109691628648,4,88.0,0.4776861827268188,1,2.0,0.6264949981519267,7,126.0
160.0,9,134.0,3.116279069767442,6.463075131709413,0,0.0,1.0,5,60.0,0.21016422455496636,3,79.0,0.47677686986291395,1,7.0,0.6116209387786574,9,146.0
165.0,10,181.0,4.022222222222222,5.7120463220032285,0,3.0,0.636900657249895,6,87.0,0.18890688846510734,3,91.0,0.2372723007545444,1,12.0,0.5129122572199328,10,193.0
170.0,12,219.0,4.866666666666666,5.131661058014084,1,7.0,0.015105589650205817,7,118.0,0.1308267514346837,3,106.0,0.2990756301329502,0,2.0,0.547205541441503,11,233.0
175.0,14,282.0,6.266666666666667,5.874277940692455,2,15.0,6.832897692394593e-05,9,163.0,0.0965344586087451,3,124.0,0.40589367440845825,0,0.0,0.9579265457606199,14,302.0
180.0,14,352.0,7.48936170212766,5.717513444319321,2,25.0,5.361897835799511e-06,9,208.0,0.19340981670434262,3,136.0,0.1628209703307833,0,0.0,0.9213809395362014,14,369.0
185.0,17,431.0,8.62,6.015522084732615,2,35.0,0.0,11,259.0,0.15692297747318915,4,154.0,0.19955139811837025,0,0.0,0.9435723223326832,17,448.0
190.0,16,485.0,9.89795918367347,5.9121643484284885,2,45.0,0.0,11,314.0,0.18609941303916147,3,148.0,0.28437098896234514,0,0.0,0.9813371559823633,16,507.0
195.0,18,568.0,11.591836734693878,5.842348152583395,2,55.0,0.0,11,372.0,0.29253731945111533,5,161.0,0.0013153635948724885,0,0.0,0.9523001335273565,18,588.0
200.0,18,658.0,12.653846153846153,6.039968237241937,2,65.0,0.0,11,427.0,0.3178273486815508,5,186.0,1.684801141942522e-06,0,0.0,0.757846024654326,18,678.0
205.0,19,753.0,15.06,5.514353004671219,2,75.0,0.0,11,482.0,0.16073197412725582,5,211.0,0.0,1,5.0,0.5606133259852664,19,773.0
210.0,18,677.0,13.54,4.868152807359761,2,85.0,0.0,11,537.0,0.11863190990485366,3,119.0,0.19823952867535916,2,14.0,0.26258570096502654,18,755.0
215.0,15,693.0,13.326923076923077,5.59112761151433,2,95.0,0.0,12,596.0,0.12013329724621567,1,39.0,0.5735472619694679,0,1.0,0.579659306121572,15,731.0
220.0,18,776.0,14.37037037037037,5.985093700002602,2,105.0,0.0,14,661.0,0.13440038632847628,2,37.0,0.4127942420336742,0,0.0,0.9531594049730457,18,803.0
225.0,22,878.0,16.25925925925926,5.593796918072744,2,115.0,0.0,15,736.0,0.08956273827268696,5,54.0,0.2776348171233071,0,0.0,0.9721449629778628,22,905.0
230.0,24,992.0,18.37037037037037,4.662089762141552,2,125.0,0.0,16,814.0,0.05496410776304063,5,79.0,0.3359643526251764,0,0.0,0.9748917339344003,23,1018.0
235.0,18,373.0,6.543859649122807,4.324647088618203,2,135.0,0.0,6,406.0,0.12574820132455575,7,106.0,0.057024423450997445,0,0.0,0.9639394817376155,15,647.0
240.0,14,316.0,5.543859649122807,5.276241689316706,2,145.0,0.0,1,147.0,0.3622875402622659,8,144.0,1.639023096006617e-06,0,0.0,0.9373778481435672,11,436.0
245.0,17,394.0,6.793103448275862,5.921140307697215,2,155.0,0.0,1,18.0,0.5599375376850466,8,193.0,0.3377127376002485,0,0.0,0.9532343625428601,11,366.0
250.0,12,182.0,3.25,6.402494446049283,0,0.0,1.0,2,24.0,0.3290876643434501,3,117.0,0.5555821148896746,0,0.0,0.9583505297599997,5,141.0
255.0,10,177.0,3.0,7.277681268641423,0,0.0,1.0,1,7.0,0.6274649671622368,2,96.0,0.6978722676402257,0,0.0,0.9563891706774239,3,103.0
260.0,10,201.0,3.2950819672131146,7.965295683943002,0,0.0,1.0,1,14.0,0.803481535588638,2,79.0,0.7345460671194004,1,2.0,0.4861891060081113,4,95.0
265.0,8,198.0,3.6666666666666665,8.061540323365794,0,0.0,1.0,1,19.0,0.7943761455211634,2,92.0,0.7582600531428129,1,7.0,0.48956113650355165,4,118.0
270.0,8,238.0,4.576923076923077,7.691517186106637,0,0.0,0.7626869203264678,1,24.0,0.8068072368372485,2,93.0,0.6590292826361853,1,12.0,0.4848495954035265,4,129.0
275.0,7,160.0,3.2,6.300080241225789,1,2.0,0.1831926792352571,0,9.0,0.8572003622286771,0,43.0,0.4442705525097587,1,17.0,0.5783752665614205,2,71.0
280.0,13,219.0,4.5625,5.6026158346091135,3,17.0,4.8838109711005894e-05,0,12.0,0.952212969907423,3,16.0,0.31650237500130446,1,22.0,0.3244027456288658,7,67.0
285.0,14,264.0,5.28,5.625487203714459,3,32.0,0.0,1,8.0,0.732905738363061,3,34.0,0.49446176726950686,0,0.0,0.995236060471718,7,74.0
290.0,15,324.0,6.230769230769231,5.88838604921653,3,47.0,0.0,1,13.0,0.7960424938228979,5,58.0,0.4459802358722511,0,0.0,0.9588114411457808,9,118.0
295.0,7,231.0,4.3584905660377355,6.140716006981208,3,62.0,0.0,0,3.0,0.7014699520727891,0,17.0,0.668502068086514,0,0.0,0.9359592272423707,3,82.0
300.0,2,6.0,0.11320754716981132,7.272817502894272,0,6.0,0.6243115884185078,1,7.0,0.6790584315413976,1,2.0,0.7314305120990406,0,0.0,0.9961627603284596,2,15.0
305.0,3,19.0,0.3584905660377358,7.73760646425863,0,3.0,0.4899474945688201,1,12.0,0.812025372472441,2,10.0,0.5348412406008592,0,0.0,0.9871603418935023,3,25.0
310.0,4,38.0,0.7169811320754716,7.854232822732365,0,0.0,0.925326953871508,1,14.0,0.7112892702860544,3,24.0,0.0019346824151799363,0,0.0,0.9407000529023761,4,38.0
315.0,5,45.0,0.8653846153846154,7.386249360171078,0,0.0,1.0,0,0.0,0.9090682821701754,4,44.0,0.0,1,1.0,0.4886000354758653,5,45.0
320.0,7,76.0,1.4901960784313726,7.715902503128602,0,0.0,1.0,1,29.0,0.7277223405354231,4,113.0,0.19364872606197486,1,6.0,0.4996774392043238,6,148.0
325.0,8,103.0,1.9074074074074074,7.978129962999377,0,0.0,1.0,1,34.0,0.7955194170060693,5,139.0,0.2818207321402237,2,11.0,0.31368236369143104,8,184.0
330.0,7,124.0,2.339622641509434,7.688673920140864,0,0.0,1.0,1,39.0,0.6509029105150024,5,164.0,0.4250010278909128,0,0.0,0.4766509903735987,6,203.0
335.0,7,159.0,3.2448979591836733,6.963015827322325,0,0.0,1.0,1,17.0,0.4725745964083038,5,192.0,0.3510157798132225,0,0.0,0.8525958534175695,6,209.0
340.0,8,186.0,3.9574468085106385,6.7384977414640606,0,0.0,1.0,1,22.0,0.47090335121765564,5,157.0,0.31707590518821754,0,0.0,0.9407394361882242,6,179.0
345.0,9,231.0,4.714285714285714,7.645508860825901,0,0.0,1.0,1,45.0,0.5847287753840613,6,187.0,0.3176761537017446,0,0.0,0.9082983872541667,7,232.0
350.0,11,282.0,5.875,7.1693731151324025,0,0.0,1.0,2,55.0,0.6038552689041231,7,218.0,0.11391031589186497,0,0.0,0.8716453033607272,9,273.0
355.0,11,300.0,6.521739130434782,6.612543871073477,0,0.0,1.0,2,50.0,0.6482703216001615,9,261.0,0.0001797433344563742,0,0.0,0.7888909481807974,11,311.0
360.0,8,246.0,5.23404255319149,6.590842482958869,0,0.0,1.0,2,20.0,0.5049465171992988,4,224.0,0.13702995913285004,2,5.0,0.31338500495231614,8,249.0
365.0,9,289.0,5.78,6.918019056482783,0,9.0,0.5658894528176291,3,36.0,0.3247891893029804,4,247.0,0.3889934380827117,2,15.0,0.4571437276474125,9,307.0
370.0,18,360.0,7.5,5.767165673677259,2,11.0,0.016362800596726224,5,64.0,0.42047282668768887,5,269.0,0.3521160210761459,3,28.0,0.23745371422610484,15,372.0
375.0,22,460.0,9.2,5.104763620606256,3,25.0,0.0,6,90.0,0.3766241396443242,6,296.0,0.24063073593063666,3,43.0,0.2495441153496607,18,454.0
380.0,18,358.0,6.62962962962963,5.0111675024197195,3,40.0,0.0,3,61.0,0.42095900271939757,4,243.0,0.37252248865671533,3,58.0,0.3107769455902292,13,402.0
385.0,16,248.0,4.509090909090909,5.8305956877578895,3,55.0,0.0,4,80.0,0.4663863801963143,3,106.0,0.4585679070193585,4,74.0,0.23444281030402817,14,315.0
390.0,17,301.0,5.472727272727273,5.813009375036325,3,70.0,0.0,5,101.0,0.3262065676081711,3,56.0,0.4091307767609092,4,94.0,0.29515105422781973,15,321.0
395.0,19,390.0,7.090909090909091,5.822094414773524,3,85.0,0.0,5,120.0,0.24273552404026266,4,76.0,0.4136618890249878,4,114.0,0.3241604062644397,16,395.0
400.0,18,465.0,8.017241379310345,6.07983285439411,3,100.0,0.0,6,149.0,0.37493331178153944,4,96.0,0.4180523679447621,4,134.0,0.29773215279717574,17,479.0
405.0,19,523.0,8.864406779661017,5.440834544597036,3,115.0,0.0,7,181.0,0.15434765880451332,2,75.0,0.5895114592732337,4,154.0,0.1838183117878269,16,525.0
410.0,23,634.0,10.931034482758621,5.211810665757649,3,130.0,0.0,9,222.0,0.09770564430883887,2,85.0,0.47534136890007905,5,179.0,0.1449052479017134,19,616.0
415.0,25,752.0,13.192982456140351,4.778282303817885,3,145.0,0.05787536735364561,9,267.0,0.24515266553557336,2,92.0,0.31002198303574385,6,204.0,0.12051572481619056,20,708.0
420.0,25,869.0,15.517857142857142,3.776884270668481,3,160.0,0.09711840852021264,8,300.0,0.11077511157746744,2,99.0,0.0,6,233.0,0.12607984450561002,19,792.0
425.0,25,957.0,17.089285714285715,3.769076955279755,4,177.0,0.014976896640383446,9,345.0,0.09884787574417618,2,109.0,0.32251962988781807,6,263.0,0.09863235791223353,21,894.0
430.0,27,1055.0,18.839285714285715,3.8600601296371204,6,202.0,0.001942665259479499,9,390.0,0.09475559150675053,2,122.0,0.48766052024650436,6,293.0,0.12062861059874064,23,1007.0
435.0,18,888.0,15.05084745762712,4.632133070584383,0,24.0,0.022580274301373923,9,435.0,0.09853041389521391,2,132.0,0.5646181238327825,7,326.0,0.1262694066023788,18,917.0
440.0,18,978.0,16.3,5.301149987784317,0,0.0,1.0,9,480.0,0.19828394920181558,2,142.0,0.6809286897748069,7,361.0,0.10757606390744703,18,983.0
445.0,10,565.0,9.416666666666666,5.75685324183784,0,0.0,1.0,9,525.0,0.16987831634511455,0,74.0,0.6611376867144655,1,166.0,0.18670031578772858,10,765.0
450.0,11,576.0,9.76271186440678,6.556395715121614,0,0.0,1.0,10,576.0,0.19983691822054356,1,13.0,0.6424947681592662,0,40.0,0.5267053671323662,11,629.0
455.0,16,640.0,10.666666666666666,5.881702875566987,0,0.0,0.9017847487565317,12,629.0,0.09951178736582204,3,35.0,0.3177112791227596,0,0.0,0.9838117142029912,15,664.0
460.0,21,731.0,12.183333333333334,5.42864624349339,0,0.0,1.0,12,684.0,0.08491627565881132,8,49.0,0.09647980699034324,0,0.0,0.8006809412906953,20,733.0
465.0,23,828.0,14.526315789473685,4.905453971105413,0,0.0,1.0,12,742.0,0.08030898806890689,10,92.0,0.026004935495001703,1,4.0,0.6259222863070838,23,838.0
470.0,23,926.0,16.24561403508772,5.055800423506181,0,0.0,1.0,13,806.0,0.17862960686794,9,139.0,0.14618779058472092,1,9.0,0.6980156319401833,23,954.0
475.0,26,1048.0,18.06896551724138,4.753459664494291,0,3.0,0.7014727896156328,14,872.0,0.06442948222768281,11,190.0,0.16368742005214418,1,14.0,0.49316287658228236,26,1079.0
480.0,31,1191.0,20.53448275862069,3.981384313502311,0,0.0,1.0,14,942.0,0.063540195974118,14,253.0,0.12082791353097742,2,23.0,0.4943909235259211,30,1218.0
485.0,30,1333.0,22.593220338983052,3.9465524189376087,0,0.0,1.0,14,1012.0,0.06366133575631695,14,323.0,0.11999210054390941,2,26.0,0.32182103006232116,30,1361.0
490.0,22,1209.0,19.81967213114754,4.300619552217137,0,0.0,1.0,14,1082.0,0.11570669556445475,5,206.0,0.23351179797792726,2,36.0,0.2974985079493705,21,1324.0
495.0,17,1205.0,19.43548387096774,5.447862045244835,0,6.0,0.6736613834635921,14,1161.0,0.20985842884161143,3,124.0,0.33586252148458756,0,9.0,0.4287598872378097,17,1300.0
500.0,15,799.0,12.682539682539682,6.199070845673402,1,7.0,0.10666557655444978,11,979.0,0.3008025556721398,3,84.0,0.43742172979734256,0,0.0,0.9743229736015819,15,1070.0
505.0,10,135.0,2.109375,7.019256124417749,3,21.0,0.011607162352425199,3,554.0,0.5180762986307644,3,99.0,0.3730801647538574,0,0.0,0.9429930323483429,9,674.0
510.0,10,146.0,2.28125,7.354479882450523,3,36.0,0.0032337971754639694,0,248.0,0.720895452096134,3,117.0,0.5236126551319532,0,0.0,0.9713104602983449,6,401.0
515.0,16,219.0,3.421875,6.7912660127352815,4,56.0,0.00037874848195701275,1,48.0,0.7795450565225105,3,132.0,0.40623513449002613,0,0.0,0.9508372658555841,8,236.0
520.0,15,231.0,3.609375,5.920829302910745,0,9.0,0.030943143559065904,1,14.0,0.7865292726310734,5,153.0,0.42099607563269026,1,1.0,0.48381253840890925,7,177.0
525.0,18,315.0,4.7727272727272725,5.545581229103921,0,0.0,1.0,3,23.0,0.4494396397499176,6,183.0,0.48851590271921336,1,6.0,0.25661699752865813,10,212.0
530.0,21,416.0,6.117647058823529,5.221701908623717,0,0.0,1.0,5,46.0,0.1632161610946815,6,213.0,0.5282540750724054,2,14.0,0.16915111086307363,13,273.0
535.0,18,433.0,6.367647058823529,5.107804301891714,0,0.0,1.0,6,74.0,0.09885591786635321,6,243.0,0.499377919153586,0,0.0,0.9127939641786302,12,317.0
540.0,23,505.0,7.651515151515151,4.849597975204228,0,0.0,1.0,9,116.0,0.08125170775855715,8,283.0,0.37459589568302276,0,0.0,0.9402480793663683,17,399.0
545.0,24,480.0,6.956521739130435,4.989133698974859,0,0.0,1.0,11,169.0,0.16334061019312582,11,330.0,0.27867132180475457,0,0.0,0.9446993205956513,22,499.0
550.0,20,389.0,5.893939393939394,4.8631851004363735,0,0.0,1.0,11,209.0,0.16764549528617498,9,264.0,0.1710834297655638,0,0.0,0.9465336767896987,20,473.0
555.0,20,404.0,6.412698412698413,5.404006666043684,0,0.0,1.0,11,267.0,0.2535288539046663,9,162.0,0.18449675495293708,0,0.0,0.9498445020370683,20,429.0
560.0,24,518.0,7.969230769230769,5.359037053332573,0,0.0,0.9989565614550889,12,325.0,0.2395469119167172,12,212.0,0.1298766544297303,0,0.0,0.9636967091877721,24,537.0
565.0,30,656.0,9.93939393939394,4.578481543931956,0,0.0,0.014821613900166002,13,390.0,0.20652363502591473,13,308.0,0.17767938831781532,1,1.0,0.4871096040713094,27,699.0
570.0,22,561.0,8.904761904761905,4.5149401645163305,1,5.0,0.0,14,459.0,0.21495765818621146,4,153.0,0.28117508208234965,1,6.0,0.4762995796188928,20,623.0
575.0,20,554.0,9.081967213114755,5.118904883732757,1,16.0,0.5649518721332475,14,538.0,0.262658052709022,1,88.0,0.5342891837079429,0,0.0,0.9863322001202781,16,642.0
580.0,18,634.0,10.39344262295082,5.45385726784031,1,21.0,0.15312458383574754,14,605.0,0.20314369151667466,1,36.0,0.6597748441193413,0,0.0,0.8975011772101131,16,662.0
585.0,20,707.0,11.59016393442623,5.85575978572645,3,34.0,0.003920944508937523,16,686.0,0.2364363263705402,1,15.0,0.7576676430321434,0,0.0,0.9776084185497135,20,735.0
590.0,22,797.0,13.065573770491802,5.7839187803688485,4,53.0,0.0005670328052309589,17,768.0,0.28250220446260504,0,0.0,0.6615338139746664,0,0.0,0.9616388996417147,21,821.0
595.0,22,901.0,15.271186440677965,5.952511163242177,4,73.0,9.544656548527474e-05,18,865.0,0.2590728320022537,0,0.0,0.6669544410372499,0,0.0,0.8011004831162853,22,938.0
600.0,23,1009.0,16.540983606557376,5.384003148452906,4,93.0,1.6881819528071094e-05,17,947.0,0.225864749002576,1,2.0,0.7144661852352756,1,1.0,0.5905682658476825,23,1043.0
605.0,23,1124.0,18.733333333333334,5.225331005103855,4,113.0,0.0,17,1011.0,0.18182516469479276,1,7.0,0.7056663181698438,1,6.0,0.6166793026926474,23,1137.0
610.0,25,1244.0,20.06451612903226,4.702872205325341,4,133.0,0.0,19,1103.0,0.10331752703889742,1,12.0,0.46657593340252923,1,11.0,0.701063908113041,25,1259.0
615.0,29,1372.0,21.107692307692307,4.72137445482291,4,153.0,0.0,22,1210.0,0.0757098344657672,3,24.0,0.36264897107172567,0,0.0,0.9197188001206331,29,1387.0
620.0,30,1518.0,23.353846153846153,4.60461446152951,4,173.0,0.0,23,1322.0,0.062107632431929544,3,42.0,0.37599040954175167,0,0.0,0.9635987837031562,30,1537.0
625.0,32,1674.0,25.363636363636363,3.513571749824312,4,193.0,0.0,24,1442.0,0.03621216108535261,4,58.0,0.2640552410922451,0,0.0,0.958398142010713,32,1693.0
630.0,31,1768.0,26.78787878787879,3.877820896649793,4,213.0,0.0,25,1549.0,0.037738030257942576,2,44.0,0.21693306619333985,0,0.0,0.9975038486044371,31,1806.0
635.0,31,1923.0,27.869565217391305,4.508669598274087,4,236.0,0.07780080435810949,25,1674.0,0.07209733219827832,2,32.0,0.09515830702517279,0,0.0,0.9701142827971723,31,1942.0
640.0,32,2079.0,29.7,4.492047544789213,4,253.0,0.0045400301702354035,25,1802.0,0.08957758035882285,2,42.0,0.0,1,1.0,0.48572440470275174,32,2098.0
645.0,33,2244.0,32.05714285714286,4.255543270693001,5,278.0,0.0,25,1927.0,0.10023992412627836,2,52.0,0.0,1,6.0,0.4949114000455242,33,2263.0
650.0,20,1061.0,14.73611111111111,4.670355595228933,5,303.0,0.0,14,1319.0,0.13304035307917916,0,23.0,0.05388355786710411,1,11.0,0.6606710187026693,20,1656.0
655.0,8,436.0,6.140845070422535,5.851124447376019,5,328.0,0.0,3,797.0,0.23267208479390522,0,0.0,1.0,0,0.0,0.9451423380052493,8,1125.0
660.0,5,347.0,4.887323943661972,6.926348806623681,5,353.0,0.0,0,414.0,0.3456337189866723,0,24.0,0.7653956074134841,0,0.0,0.9946848714917114,5,791.0
665.0,7,378.0,5.5588235294117645,7.816823013780286,5,378.0,0.0,0,117.0,0.5513259292375299,2,18.0,0.7951584719581455,0,0.0,0.9735210165134994,7,513.0
670.0,14,432.0,5.917808219178082,7.112684502153239,5,403.0,0.0,3,125.0,0.3566495772582833,2,28.0,0.7459178812137763,0,0.0,0.9425959121256926,10,556.0
675.0,14,479.0,6.652777777777778,6.508482306873669,5,428.0,0.0,3,175.0,0.3158450089711476,0,12.0,0.8876930392146563,1,2.0,0.48724316981448546,9,617.0
680.0,18,566.0,8.202898550724637,6.385443078452912,5,453.0,0.0,6,208.0,0.29846630576622835,0,9.0,0.9440192879685789,1,7.0,0.6334094283145382,12,677.0
685.0,12,154.0,2.264705882352941,6.397421891433619,0,145.0,0.07549907597855893,7,242.0,0.3199215098519565,0,3.0,0.9299241736910204,1,12.0,0.7246984195259646,8,402.0
690.0,9,111.0,1.819672131147541,6.138640230052816,0,0.0,0.6123148356752551,2,119.0,0.4413575599203628,0,0.0,0.9443566399420542,2,18.0,0.4887467826862301,4,137.0
695.0,9,105.0,1.721311475409836,6.901775934649185,0,0.0,0.4683479590950751,2,65.0,0.6300509200887741,1,1.0,0.38561859886736377,2,28.0,0.4703468142700646,5,94.0
700.0,5,48.0,0.8,7.564093283735249,0,0.0,1.0,2,75.0,0.6096083683985799,3,17.0,0.32289673420169895,0,0.0,0.555562935558846,5,92.0
705.0,8,81.0,1.2857142857142858,7.70494510695551,0,0.0,1.0,4,90.0,0.46688102880161153,4,41.0,0.3798154732379183,0,0.0,0.8317599958869503,8,131.0
710.0,10,126.0,1.96875,7.620877911205653,0,0.0,1.0,5,107.0,0.22181061185986756,5,81.0,0.45593527246055254,0,0.0,0.9687806623904197,10,188.0
715.0,12,180.0,2.9508196721311477,7.125324219519465,0,0.0,1.0,6,135.0,0.12465024957106113,6,128.0,0.331014142558894,0,0.0,0.9018901319107983,12,263.0
720.0,16,253.0,4.685185185185185,5.946823264542153,0,0.0,1.0,7,169.0,0.11631129841091009,9,167.0,0.24241387658675068,0,0.0,0.9079638713545441,16,336.0
725.0,16,333.0,6.166666666666667,5.564138538997607,0,0.0,1.0,7,204.0,0.11953073663559696,9,212.0,0.20102544346453224,0,0.0,0.5621180288886605,16,416.0
730.0,16,278.0,4.964285714285714,4.861578744669596,0,0.0,1.0,3,108.0,0.19309883588602395,9,257.0,0.19145726181404288,1,4.0,0.3403009184366705,13,369.0
735.0,14,280.0,5.283018867924528,5.6077759598600405,0,0.0,1.0,0,19.0,0.7694933906689654,10,304.0,0.09284694727570428,1,9.0,0.3336252409916462,11,332.0
740.0,14,308.0,5.4035087719298245,6.032842388187945,0,0.0,1.0,0,0.0,0.7395536650094128,10,323.0,0.19500405889523373,0,3.0,0.6063986825111969,10,326.0
745.0,13,331.0,6.0181818181818185,6.233956247264905,0,0.0,1.0,1,5.0,0.648463608526491,11,377.0,0.18004299588984102,1,4.0,0.5279493710927408,13,386.0
750.0,15,406.0,7.518518518518518,6.723007665434303,0,0.0,1.0,1,10.0,0.6257453435386845,13,442.0,0.18180387746171403,1,9.0,0.5718638518338268,15,461.0
755.0,18,485.0,9.326923076923077,5.463304264144511,0,0.0,1.0,1,15.0,0.425459267213734,13,519.0,0.1449112068834362,2,16.0,0.565198159962964,16,550.0
760.0,20,582.0,10.777777777777779,4.888252436999972,0,0.0,1.0,2,23.0,0.2832894661445131,14,599.0,0.10291364562178017,2,26.0,0.5907120978090333,18,648.0
765.0,25,695.0,12.636363636363637,4.544650206275723,0,0.0,1.0,2,33.0,0.3326492670921102,17,688.0,0.12205235488443736,3,38.0,0.3686391256187326,22,759.0
770.0,27,826.0,15.296296296296296,3.945868974151631,0,0.0,1.0,3,46.0,0.3820837404510497,18,776.0,0.00930071897585132,3,53.0,0.22534636198120356,24,875.0
775.0,28,913.0,15.741379310344827,3.809020872326375,0,0.0,1.0,0,7.0,0.28571534246686064,20,875.0,2.3568203463570728e-05,5,72.0,0.16619307576245115,25,954.0
780.0,20,478.0,8.535714285714286,3.7308620786982805,0,0.0,1.0,1,4.0,0.4311037019660447,10,566.0,0.12941992217205572,5,94.0,0.05675787275909026,16,664.0
785.0,20,478.0,8.101694915254237,4.3333005199847445,0,6.0,0.6019329612931504,1,22.0,0.5744002147964441,6,421.0,0.30635152004030963,5,119.0,0.12134374033336319,12,568.0
790.0,18,550.0,9.482758620689655,5.545936135851954,1,10.0,0.2688295308917985,1,32.0,0.7880998036309182,6,363.0,0.411906501639397,5,144.0,0.15630674624028015,13,549.0
795.0,15,496.0,8.40677966101695,5.593767082337953,3,24.0,0.048343351755567594,1,37.0,0.6791083001776929,6,393.0,0.4447985262242143,2,97.0,0.2787660120604224,12,551.0
800.0,19,518.0,8.931034482758621,5.125031908076225,5,41.0,0.007926724668806473,3,42.0,0.4153525823256675,7,431.0,0.42910547305301805,0,57.0,0.5714673240109246,15,571.0
805.0,25,630.0,10.862068965517242,4.529449186697149,6,70.0,0.0030053908145267383,4,62.0,0.4427790928655094,9,468.0,0.34502718887622297,0,25.0,0.5472380278128098,19,625.0
810.0,28,709.0,12.016949152542374,4.130839844099719,7,105.0,0.0007253451247456899,4,82.0,0.39442048419963016,11,515.0,0.22347046389546601,1,29.0,0.6037318719165474,23,731.0
815.0,25,641.0,10.508196721311476,3.6645548278326046,7,140.0,0.00010438445477712896,2,42.0,0.10625672354738222,15,578.0,0.08221110820551071,1,34.0,0.7202028828573032,25,794.0
820.0,28,777.0,12.333333333333334,4.293061347985187,7,175.0,2.241472903340041e-05,3,28.0,0.348394267446434,16,657.0,0.007126939769449158,1,39.0,0.6349157000772027,27,899.0
825.0,29,913.0,14.265625,4.6051029400880275,7,210.0,7.091894705077572e-06,3,43.0,0.4928026937723331,16,738.0,0.038811031683888164,2,46.0,0.47395404357761617,28,1037.0
830.0,30,1060.0,16.307692307692307,4.47147059091688,7,245.0,1.2690098884599225e-06,3,58.0,0.49788446955369986,18,826.0,0.05275887268309553,2,56.0,0.37469452728278185,30,1185.0
835.0,30,1200.0,18.46153846153846,4.359174944307108,7,280.0,0.0,3,73.0,0.3311429587692037,18,916.0,0.0929903702844551,1,54.0,0.1974083241499018,29,1323.0
840.0,29,1052.0,16.6984126984127,4.300155865027302,7,315.0,0.0,5,95.0,0.15680491663793186,14,823.0,0.17340792558058649,2,63.0,0.2799238708767948,28,1296.0
845.0,23,723.0,11.476190476190476,4.619466726143777,7,350.0,0.0,5,149.0,0.24002903324198213,8,611.0,0.17974804428354582,0,0.0,0.9407516039580152,20,1110.0
850.0,22,811.0,12.671875,5.3874960127262135,7,385.0,0.0,5,177.0,0.3883343475254961,10,365.0,0.1538281503066833,0,0.0,0.9568876557138266,22,927.0
855.0,21,783.0,11.863636363636363,5.314843481969179,7,421.0,0.014372346929682174,1,51.0,0.49599704861119226,12,315.0,0.015057364920949766,0,0.0,0.9845848439644512,20,787.0
860.0,28,909.0,13.567164179104477,5.097723207722071,8,457.0,8.336159024131439e-05,2,61.0,0.4080260849865125,13,381.0,0.07250394365600331,0,0.0,0.9922142483465713,23,899.0
865.0,19,646.0,9.64179104477612,5.205531534716327,8,497.0,0.0,3,74.0,0.2966492427944974,3,203.0,0.18112548172405066,0,0.0,0.9167167498204556,14,774.0
870.0,15,260.0,4.0625,5.617331516009236,2,291.0,0.08377879271985245,4,98.0,0.38942072402783123,3,139.0,0.45430372698117716,0,0.0,0.4831118672297904,9,528.0
875.0,11,152.0,2.3384615384615386,6.829334546097657,0,87.0,0.14905257138237826,1,32.0,0.6710384384241028,5,160.0,0.4379337070665134,1,5.0,0.49091875232940796,7,284.0
880.0,5,108.0,1.6875,8.640075860071466,0,3.0,0.3442488118125225,1,27.0,0.7986933015890803,3,91.0,0.5454005747448474,1,10.0,0.4860344088621409,5,131.0
885.0,7,116.0,1.8125,8.340590960687653,0,0.0,0.4820716079992424,2,33.0,0.6285130891181878,2,78.0,0.7121399523727665,1,15.0,0.21857467843387737,5,126.0
890.0,10,155.0,2.421875,8.383145569500874,0,0.0,1.0,2,43.0,0.6662470862500631,3,92.0,0.6442318941024956,2,23.0,0.184998533164771,7,158.0
895.0,9,188.0,2.9375,8.132957941019406,0,0.0,1.0,2,53.0,0.7065555869080836,4,110.0,0.5130231271336375,2,33.0,0.3931929729889613,8,196.0
900.0,13,241.0,3.8870967741935485,6.65554734365989,0,0.0,1.0,4,68.0,0.3349082938371649,6,133.0,0.19186099789323025,2,43.0,0.46633644302905547,12,244.0
905.0,14,285.0,4.672131147540983,6.622314575957359,0,0.0,1.0,5,94.0,0.3624167269715211,6,133.0,0.12018449116768533,2,53.0,0.5569261141018619,13,280.0
910.0,16,341.0,6.314814814814815,5.88427059631567,0,3.0,0.5707670975734629,8,127.0,0.18707489979330807,6,180.0,0.13316891270629563,2,63.0,0.4350667374514526,16,373.0
915.0,16,421.0,7.654545454545454,5.097379733940577,0,9.0,0.19305417656186447,8,164.0,0.16064533199987338,6,210.0,0.0011442017273077334,2,73.0,0.3109743690727383,16,456.0
920.0,21,522.0,8.847457627118644,4.82131710595899,3,24.0,0.018801160273945086,8,204.0,0.19000281103060174,7,245.0,0.0,3,84.0,0.17348064240918024,21,557.0
925.0,23,632.0,10.89655172413793,4.727294819371687,3,39.0,0.005684765264181999,9,244.0,0.1501872854681379,7,280.0,0.0,4,104.0,0.20189422330518192,23,667.0
930.0,23,583.0,10.228070175438596,4.982239592203251,4,58.0,0.0010949291877492512,8,284.0,0.3168561666940008,5,229.0,0.01749610834987778,5,125.0,0.15582317210977611,22,696.0
935.0,9,282.0,5.222222222222222,5.4834188961812,0,8.0,0.02817294333920795,1,131.0,0.46936637930343017,2,131.0,0.28166097058180095,5,150.0,0.16049168373977565,8,420.0
940.0,8,180.0,3.3333333333333335,6.350520592691468,0,0.0,1.0,2,145.0,0.48043403186022754,3,81.0,0.0020051001080227354,1,40.0,0.32768142512648735,6,266.0
945.0,9,204.0,3.709090909090909,7.8893420251234065,0,0.0,1.0,4,164.0,0.4078583600510469,3,111.0,0.4992505628690489,0,20.0,0.665268213478264,7,295.0
950.0,9,249.0,4.69811320754717,7.578978342545062,0,0.0,1.0,4,121.0,0.3907357108298586,3,117.0,0.5005394389962068,0,0.0,0.934898202661461,7,238.0
955.0,7,249.0,4.611111111111111,7.609070966760316,0,0.0,1.0,2,109.0,0.5138510878580101,3,132.0,0.5392423751380255,0,0.0,0.9453857668015948,5,241.0
960.0,7,277.0,5.54,8.664436180140314,0,0.0,1.0,1,98.0,0.7630636680877859,3,147.0,0.5515427703918971,0,0.0,0.9797311149176118,4,245.0
965.0,5,247.0,5.744186046511628,8.511187653594353,0,0.0,1.0,2,108.0,0.7438669884224877,3,156.0,0.5214559961750036,0,0.0,0.7218479694550375,5,264.0
970.0,6,276.0,6.2727272727272725,8.499473909363367,0,0.0,0.9780308158605241,2,118.0,0.7543878264609489,3,171.0,0.5370609042697342,1,4.0,0.4998866008151571,6,293.0
975.0,9,310.0,6.888888888888889,7.442495539515006,1,1.0,0.0023811119719747927,2,128.0,0.7582141487233508,5,189.0,0.23473557323875013,1,9.0,0.6058522087426638,9,327.0
980.0,12,246.0,5.3478260869565215,6.375114308897404,1,6.0,0.0,3,22.0,0.5610092050938602,6,217.0,0.3011394563253804,1,14.0,0.3360016566424386,11,259.0
985.0,15,310.0,6.458333333333333,6.357146726343273,1,11.0,0.0,5,44.0,0.42844121806885976,7,251.0,0.34039595610093765,2,24.0,0.3283651960519329,15,330.0
990.0,16,386.0,8.577777777777778,5.205290074674651,1,16.0,0.0,6,70.0,0.22392011709608375,7,286.0,0.34622319607258123,2,34.0,0.26834581276151653,16,406.0
995.0,19,305.0,6.224489795918367,4.1813193348721285,1,21.0,0.0,9,109.0,0.07742937200471271,6,226.0,0.20662620880784094,3,45.0,0.0919017210530605,19,401.0
1000.0,10,143.0,2.803921568627451,5.25306057355084,1,29.0,0.4248560183876282,4,50.0,0.21157523145316726,5,100.0,0.2828421874246068,0,0.0,0.8145435090267423,10,179.0
1005.0,10,193.0,3.784313725490196,6.469323175791145,1,31.0,0.2267918550629502,4,60.0,0.43852712799016974,5,111.0,0.3132748947828402,0,0.0,0.9285078855428892,10,202.0
1010.0,12,247.0,4.75,6.713721632782283,1,36.0,0.0,4,80.0,0.5569089557761104,7,149.0,0.228724953863814,0,0.0,0.9678993584387047,12,265.0
1015.0,16,319.0,6.38,6.442564147528551,1,41.0,0.0,5,101.0,0.47693794560591024,10,195.0,0.22105551440519794,0,0.0,0.956743491085842,16,337.0
1020.0,15,369.0,7.096153846153846,6.2015904074787604,1,46.0,0.0,5,123.0,0.3234872306616175,9,220.0,0.23958641208900244,0,0.0,0.7546734428491054,15,389.0
1025.0,17,452.0,9.04,5.681349121488939,1,51.0,0.0,6,151.0,0.3761581411142754,9,265.0,0.2978918398815877,1,5.0,0.32887500048984575,17,472.0
1030.0,18,542.0,10.627450980392156,5.760180378674019,1,56.0,0.0,6,181.0,0.21293999236880673,9,310.0,0.29585834344527107,2,15.0,0.4799075071755725,18,562.0
1035.0,19,635.0,12.7,5.160108784279397,1,61.0,0.0,7,214.0,0.2801203792943072,9,355.0,0.2571753391333856,2,25.0,0.4195287183852252,19,655.0
1040.0,19,730.0,14.6,4.718762259180111,1,66.0,0.0,7,249.0,0.3088429659548065,9,400.0,0.1475363451736575,2,35.0,0.3947764127950123,19,750.0
1045.0,21,830.0,15.660377358490566,4.923693100379194,1,71.0,0.0,7,284.0,0.3598680566003432,9,445.0,0.13734622475947675,4,50.0,0.40772393572465543,21,850.0
1050.0,26,950.0,18.26923076923077,3.8960162866651595,1,76.0,0.0,9,325.0,0.15201450894778218,12,503.0,0.10465487483553988,4,66.0,0.3235688090666132,26,970.0
1055.0,28,1088.0,20.528301886792452,3.8505244495622812,1,81.0,0.0,11,378.0,0.08102548401758393,12,563.0,0.11404581273515045,4,86.0,0.3137640744554447,28,1108.0
1060.0,29,1231.0,22.381818181818183,4.030026437918453,1,86.0,0.0,11,433.0,0.07860910415399126,12,623.0,0.09678341982143518,5,109.0,0.27355942515510084,29,1251.0
1065.0,25,1240.0,21.379310344827587,3.91253290857783,1,91.0,0.0,10,473.0,0.013117198648166774,13,688.0,0.06870730217576267,1,32.0,0.31148515847107644,25,1284.0
1070.0,25,1353.0,24.160714285714285,3.8066017491897357,1,96.0,0.0,10,523.0,0.05170414560541015,14,763.0,0.14364826946490794,0,32.0,0.4101266787734764,25,1414.0
1075.0,26,1483.0,26.963636363636365,3.634671335679715,1,101.0,0.0,10,573.0,0.16004631028451935,15,841.0,0.15100285477180891,0,10.0,0.5125624206469438,26,1525.0
1080.0,32,1521.0,27.160714285714285,2.9994382298343103,0,0.0,1.0,10,623.0,0.1627411462320561,17,922.0,0.10072115947780844,2,13.0,0.4773144206103155,29,1558.0
1085.0,29,1316.0,22.689655172413794,3.3835437731917275,0,0.0,1.0,7,474.0,0.2534866850294347,18,1011.0,0.09350843424883308,2,23.0,0.5874578439443152,27,1508.0
1090.0,22,1096.0,18.266666666666666,4.69099035002896,0,0.0,1.0,0,174.0,0.3177123767250495,20,1106.0,0.08357549458421974,2,33.0,0.5727486576830672,22,1313.0
1095.0,24,1213.0,20.559322033898304,5.552151406083915,0,0.0,1.0,1,11.0,0.6188328613246995,20,1206.0,0.11439098985460734,3,45.0,0.3753257645372018,24,1262.0
1100.0,13,317.0,5.19672131147541,5.566116931507217,0,0.0,1.0,1,10.0,0.6194337418872413,8,655.0,0.13364044538050537,3,60.0,0.26321945035359895,12,725.0
1105.0,6,84.0,1.3770491803278688,6.045287738048941,0,9.0,0.6862986456356278,1,24.0,0.435216951962199,0,275.0,0.36486111884112243,5,79.0,0.07953765646239044,6,387.0
1110.0,8,123.0,2.0163934426229506,7.320541517326204,0,0.0,0.9143956656537642,3,38.0,0.6531704203818703,0,45.0,0.6814706357926443,5,104.0,0.13255474128386416,8,187.0
1115.0,8,163.0,2.76271186440678,8.112221088773984,0,0.0,0.8408481753246068,3,53.0,0.7448609803897173,0,3.0,0.9127866949782767,5,129.0,0.27080360111081764,8,185.0
1120.0,5,77.0,1.2622950819672132,7.697433090294919,0,0.0,1.0,3,68.0,0.7025398604883516,0,3.0,0.6555458502703656,1,56.0,0.4529835854244329,4,127.0
1125.0,3,59.0,0.9672131147540983,8.10878734109272,0,0.0,1.0,2,65.0,0.682538505445868,1,13.0,0.6457390151413619,0,0.0,0.7718192505438757,3,78.0
1130.0,6,79.0,1.3389830508474576,7.720196601715893,0,0.0,1.0,2,74.0,0.665391548906888,4,20.0,0.3532002753088301,0,0.0,0.9827926657701149,6,94.0
1135.0,11,119.0,2.0517241379310347,7.399387001664738,0,0.0,0.9817436233536972,5,87.0,0.4303514553943544,6,47.0,0.3333511600673719,0,0.0,0.9251436589863794,11,134.0
1140.0,6,109.0,2.056603773584906,6.716191306776855,0,0.0,0.32304164184956974,6,115.0,0.29755008973419655,0,10.0,0.7642342520641686,0,0.0,0.9603676873375426,6,125.0
1145.0,1,4.0,0.0851063829787234,6.759177761901953,1,4.0,0.00013381573285740773,0,23.0,0.4267697839200627,0,3.0,0.9098156987968876,0,0.0,0.5342080220203707,1,30.0
1150.0,3,15.0,0.3191489361702128,7.124142454199857,1,9.0,0.0,1,10.0,0.5894269999238606,0,3.0,0.8359142152667713,1,5.0,0.48424649501182737,3,27.0
1155.0,5,38.0,0.76,8.442402191247448,1,14.0,0.0,2,20.0,0.6824642264214652,1,12.0,0.7985131071134124,1,10.0,0.5786473954882178,5,56.0
1160.0,6,66.0,1.32,8.679360962346783,1,19.0,0.0,2,27.0,0.6703516871290935,1,17.0,0.8134112797776796,2,18.0,0.47803151735094296,6,81.0
1165.0,1,15.0,0.30612244897959184,8.744436252812399,0,0.0,0.38171546532062406,1,18.0,0.833426651937948,0,19.0,0.7346995230065906,0,0.0,0.9487470947643089,1,37.0
1170.0,3,28.0,0.5833333333333334,8.876940967425256,1,6.0,0.43892934937419176,1,23.0,0.6129744549748775,1,23.0,0.7403743415387778,0,0.0,0.9317884610308254,3,52.0
1175.0,9,57.0,1.2127659574468086,6.956526734829966,1,5.0,0.0,4,38.0,0.3843349537751984,3,31.0,0.6843262400315197,0,0.0,0.9702861353750132,8,74.0
1180.0,11,104.0,2.5365853658536586,5.536206503929422,1,10.0,0.0,6,63.0,0.18217623513210496,4,49.0,0.45246191034925903,0,0.0,0.998105219979466,11,122.0
1185.0,14,167.0,3.883720930232558,5.254193731356772,1,15.0,0.0,7,94.0,0.15180189588976692,6,76.0,0.24181544517936923,0,0.0,0.9677624449461878,14,185.0
1190.0,9,153.0,3.3260869565217392,5.800225789899924,1,20.0,0.0,8,133.0,0.20815347180288235,0,16.0,0.25160939013750316,0,0.0,0.965420595284328,9,169.0
1195.0,11,201.0,4.1875,6.737126052656815,1,29.0,0.4073905268735201,10,185.0,0.21004794028662863,0,0.0,0.19975194280472863,0,0.0,0.6844140554880637,11,214.0
1200.0,11,227.0,4.729166666666667,7.603178979487765,0,0.0,0.6793186487045413,10,235.0,0.2394914040151156,0,0.0,1.0,1,4.0,0.6410235081543019,11,239.0
1205.0,5,121.0,2.5208333333333335,7.568528205864564,0,0.0,0.9207407631644842,5,151.0,0.3889088003807613,0,0.0,1.0,0,0.0,0.9580791749324992,5,151.0
1210.0,5,146.0,2.92,8.259522534014108,0,0.0,1.0,5,155.0,0.47865711620758855,0,3.0,0.7494806503581652,0,0.0,0.953670515016299,5,158.0
1215.0,7,173.0,3.392156862745098,8.129275167952665,0,0.0,1.0,5,180.0,0.48355712619418456,2,11.0,0.5469157548700714,0,0.0,0.9441620100364625,7,191.0
1220.0,8,210.0,4.117647058823529,8.551269252198956,0,0.0,1.0,5,202.0,0.35787753344237694,3,23.0,0.6143488889577985,0,0.0,0.9749513608274897,8,225.0
1225.0,9,252.0,4.846153846153846,7.412624253916045,0,0.0,1.0,6,223.0,0.22954335950531235,3,38.0,0.48553116233796545,0,0.0,0.9960478741113756,9,261.0
1230.0,10,302.0,6.04,6.6608723090487025,0,0.0,1.0,6,253.0,0.12605654946605688,4,58.0,0.3729800626230756,0,0.0,0.9904696547441559,10,311.0
1235.0,11,350.0,7.142857142857143,6.475500015614447,0,0.0,1.0,7,288.0,0.12436278313619376,4,71.0,0.45161808318464847,0,0.0,0.9520113803812833,11,359.0
1240.0,14,413.0,9.177777777777777,5.862210091172282,0,0.0,1.0,7,323.0,0.12155160877200152,7,99.0,0.12254848623416777,0,0.0,0.9773148671985716,14,422.0
1245.0,11,210.0,4.666666666666667,5.9360577191525135,0,0.0,1.0,4,196.0,0.16759486998425893,7,134.0,0.11900549612560661,0,0.0,0.9676216339457218,11,330.0
1250.0,10,215.0,4.886363636363637,6.423676447429788,0,0.0,1.0,3,55.0,0.24156254234047184,7,169.0,0.11787121873335892,0,0.0,0.5772963911122371,10,224.0
1255.0,10,247.0,5.880952380952381,6.790859598303181,0,0.0,1.0,3,70.0,0.3751443171504377,6,184.0,0.12764263343060092,1,5.0,0.625606552647093,10,259.0
1260.0,12,303.0,7.390243902439025,6.670200462123497,0,0.0,1.0,3,85.0,0.35819776978232304,8,220.0,0.10996395189558367,1,10.0,0.7242293949417681,12,315.0
1265.0,13,367.0,8.534883720930232,5.901466269730753,0,0.0,1.0,4,104.0,0.05239301033493082,8,260.0,0.10268450155659928,1,15.0,0.5862435476475543,13,379.0
1270.0,14,436.0,9.688888888888888,5.6173106122711625,0,0.0,1.0,4,124.0,0.23526863155615288,8,300.0,0.20217122793697523,2,24.0,0.5605919406618463,14,448.0
1275.0,15,508.0,10.808510638297872,5.744745548666435,0,0.0,1.0,4,144.0,0.45548457544279486,9,342.0,0.28505144910145996,2,34.0,0.3999831259957863,15,520.0
1280.0,16,588.0,12.0,5.779110248880173,0,0.0,1.0,4,164.0,0.49052197358133615,9,384.0,0.29439691470341567,3,49.0,0.33826250575370675,16,597.0
1285.0,17,641.0,12.82,5.277286156682509,0,0.0,1.0,4,185.0,0.2918766105558233,9,429.0,0.2924501191626726,3,32.0,0.11987391993236855,16,646.0
1290.0,20,736.0,14.72,4.881965271760266,0,0.0,1.0,7,215.0,0.19358860693384822,9,477.0,0.2250999853819479,3,47.0,0.22308729815235082,19,739.0
1295.0,20,783.0,15.979591836734693,4.283866267410964,0,0.0,1.0,8,252.0,0.09286824494090161,11,528.0,0.15949519341349142,0,30.0,0.4896985044000034,19,810.0
1300.0,24,872.0,16.452830188679247,4.143601474785578,0,0.0,1.0,9,297.0,0.0979068013132859,12,589.0,0.02074382936245333,2,35.0,0.513384880161999,23,921.0
1305.0,25,986.0,18.96153846153846,4.367051330506321,0,0.0,1.0,9,342.0,0.19410582920678732,14,649.0,0.0029665310794418213,2,45.0,0.584323683744658,25,1036.0
1310.0,27,1118.0,21.09433962264151,4.157313918231519,0,0.0,1.0,11,394.0,0.12700229913405028,14,719.0,0.0005872303857973166,2,55.0,0.4721815238946708,27,1168.0
1315.0,31,1267.0,23.036363636363635,3.8799888908837983,0,0.0,1.0,12,451.0,0.09098146564693098,15,794.0,0.00011076175690521988,4,72.0,0.3245282730829813,31,1317.0
1320.0,33,1427.0,25.482142857142858,3.315552511458496,0,0.0,1.0,12,501.0,0.1499994804236211,15,869.0,2.1829033963105573e-05,5,94.0,0.2465208145309353,32,1464.0
1325.0,25,1156.0,19.93103448275862,4.090399963502521,0,0.0,1.0,6,215.0,0.24448115267431422,15,944.0,0.10958050228210646,4,104.0,0.30491028984043717,25,1263.0
1330.0,25,1257.0,21.305084745762713,4.136648151557988,0,0.0,1.0,6,155.0,0.23636386542620785,15,1022.0,0.117681531117771,4,124.0,0.16596717164638555,25,1301.0
1335.0,27,1312.0,21.508196721311474,4.84250253738534,0,0.0,1.0,7,185.0,0.2806716931021805,14,1027.0,0.2873663233277485,5,149.0,0.1667600378675134,26,1361.0
1340.0,29,1453.0,23.063492063492063,4.968141317297955,0,3.0,0.9404069684504011,7,220.0,0.3610364403384496,16,1103.0,0.2765451057094979,5,174.0,0.2236027047158762,28,1500.0
1345.0,35,1611.0,25.171875,4.239283675118696,1,4.0,0.004234373895702932,9,259.0,0.2275273316538827,17,1181.0,0.2707299999335316,6,201.0,0.13989918751238684,33,1645.0
1350.0,35,1766.0,27.59375,4.005159641356424,1,9.0,4.0345999080175795e-05,11,311.0,0.11416443892625239,17,1266.0,0.2359015806938725,6,231.0,0.1369640586294791,35,1817.0
1355.0,26,856.0,12.969696969696969,3.919056141839974,1,14.0,0.0,13,373.0,0.04624912663250702,6,653.0,0.29616878851142414,6,261.0,0.1768385547140648,26,1301.0
1360.0,22,761.0,11.191176470588236,4.4781947224831145,1,19.0,0.0,13,445.0,0.15277547944093184,2,176.0,0.40742878014543527,6,291.0,0.1977532805991721,22,931.0
1365.0,23,875.0,13.257575757575758,4.755530212222545,1,30.0,0.09194951592346855,14,514.0,0.2719996341051634,2,54.0,0.3990449560920164,6,321.0,0.18074498207133083,23,919.0
1370.0,22,701.0,10.462686567164178,4.889247166418345,3,43.0,0.03778865268145421,10,428.0,0.41782720257171435,2,61.0,0.0,7,352.0,0.1623119098128975,22,884.0
1375.0,9,216.0,3.130434782608696,5.78863965757094,5,64.0,0.021427610789650907,2,217.0,0.5325079819595258,0,33.0,0.11089316700484755,2,200.0,0.3071335719665212,9,514.0
1380.0,9,149.0,2.1285714285714286,7.286459968014782,7,95.0,0.008581324483728675,2,115.0,0.6783990770584767,0,12.0,0.6446375340868586,0,46.0,0.7562624972638449,9,268.0
1385.0,17,210.0,2.9166666666666665,7.312013024997384,10,139.0,0.001352764769191986,2,83.0,0.7358766109650577,4,19.0,0.3709503526854786,1,48.0,0.6331325906415313,17,289.0
1390.0,21,306.0,4.309859154929577,6.422490555205373,10,189.0,0.000459709700571332,5,99.0,0.48363102433431354,5,44.0,0.41378752476206576,1,53.0,0.5449126708445626,21,385.0
1395.0,26,428.0,6.028169014084507,4.8740652658896355,10,239.0,0.00010635198888335296,7,131.0,0.22635317568223595,6,72.0,0.4057859801209922,2,62.0,0.47922292941858147,25,504.0
1400.0,29,568.0,8.114285714285714,4.502829261157422,10,289.0,2.231861793537735e-05,9,174.0,0.16495830959972568,6,102.0,0.4326013903899139,2,72.0,0.24882579662734677,27,637.0
1405.0,32,631.0,8.643835616438356,4.044887350463595,10,339.0,2.9431560755075024e-06,14,232.0,0.07523175238064493,1,61.0,0.634132659056981,4,86.0,0.18638858774203879,29,718.0
1410.0,24,497.0,6.808219178082192,4.183373661267911,4,226.0,0.010812168257853355,14,303.0,0.06002020411902309,0,2.0,0.7478546497592022,3,101.0,0.08543930708138767,21,632.0
1415.0,20,420.0,5.833333333333333,5.017811404965075,0,125.0,0.10196049674664012,16,380.0,0.18796235424022031,1,7.0,0.26362623979152106,0,23.0,0.5053084464165626,17,535.0
1420.0,23,529.0,7.347222222222222,5.404569427008589,0,31.0,0.2767145863267817,16,459.0,0.22669029710486696,3,26.0,0.3429529407147567,0,0.0,0.9673898166089929,19,516.0
1425.0,29,659.0,9.027397260273972,5.418981650312073,0,0.0,1.0,16,539.0,0.2423665857546169,6,44.0,0.0014529745842094602,0,0.0,0.8777902971446316,22,583.0
1430.0,19,342.0,4.684931506849315,5.2255626130582495,0,0.0,1.0,5,284.0,0.3192787793015837,6,74.0,1.9060110535394054e-06,0,0.0,0.927895486677064,11,358.0
1435.0,19,394.0,5.397260273972603,5.63492772895164,0,0.0,1.0,3,161.0,0.4010257815596422,6,104.0,0.09350796329649322,0,0.0,0.9482541556467784,9,265.0
1440.0,14,353.0,4.902777777777778,6.152145844056848,0,0.0,1.0,3,131.0,0.4202263485390889,6,143.0,0.3826658720818393,0,0.0,0.944466524125672,9,274.0
1445.0,14,373.0,5.253521126760563,6.437810053340836,0,0.0,1.0,4,148.0,0.41303268053991166,4,115.0,0.5105240983834398,0,0.0,0.9515495961038196,8,263.0
1450.0,17,450.0,6.521739130434782,6.326272675822037,0,3.0,0.9211733221855791,4,168.0,0.2732061527122118,4,135.0,0.5481881351903213,0,0.0,0.6813957076358932,8,306.0
1455.0,20,462.0,7.107692307692307,5.550960933617195,0,0.0,0.9109673542973016,5,192.0,0.2657491332079407,5,157.0,0.48016342329027073,2,5.0,0.2673882938081625,12,354.0
1460.0,20,446.0,7.193548387096774,5.39265602203719,0,0.0,1.0,6,221.0,0.31499466532522835,5,182.0,0.5514836405113966,3,19.0,0.21610738058451454,14,422.0
1465.0,13,390.0,6.610169491525424,5.4119937328148255,0,0.0,1.0,6,251.0,0.2586281581341944,2,101.0,0.7097062252885463,4,35.0,0.1538908275370465,12,387.0
1470.0,13,448.0,7.859649122807017,5.53749193976156,0,0.0,0.3649487331398904,7,291.0,0.3338794237030111,2,108.0,0.3520004576196457,4,55.0,0.3190115410703733,13,454.0
1475.0,18,529.0,8.966101694915254,5.16818902081837,3,10.0,0.10223688475076642,7,329.0,0.38221317850690095,4,124.0,0.00017342734406914433,4,75.0,0.32385492096249263,18,538.0
1480.0,20,624.0,10.758620689655173,5.028800998762171,3,25.0,0.029445502699056363,9,369.0,0.32410631431793574,4,144.0,1.5538002429456688e-06,4,95.0,0.36651283816959496,20,633.0
1485.0,22,733.0,12.01639344262295,5.212266005158093,4,45.0,0.00829215662850422,10,418.0,0.2516030841028732,4,164.0,0.0,4,115.0,0.40319018971808507,22,742.0
1490.0,19,640.0,10.158730158730158,4.77896649665048,6,71.0,0.0017280992108241625,7,367.0,0.322835950675518,4,184.0,0.1983146966533517,1,69.0,0.2668697562129231,18,691.0
1495.0,21,698.0,10.738461538461538,5.649357122554301,6,101.0,0.0002155619308435051,7,414.0,0.46031393163740025,5,211.0,0.15916124436255324,0,34.0,0.6311671573770745,18,760.0
1500.0,13,651.0,9.863636363636363,5.958798973722639,0,43.0,0.02082157108789855,7,440.0,0.2719443448827699,6,246.0,0.2733405245372585,0,0.0,0.9814163836374564,13,729.0
1505.0,18,733.0,11.106060606060606,5.921083578393429,0,0.0,1.0,8,479.0,0.09624188697563238,10,289.0,0.270329658768252,0,0.0,0.950162853161835,18,768.0
1510.0,19,828.0,12.35820895522388,6.442332886830971,0,0.0,1.0,9,524.0,0.09553409310879943,10,349.0,0.3025542394604738,0,0.0,0.9329514652326969,19,873.0
1515.0,20,926.0,13.420289855072463,6.585975477065888,0,0.0,1.0,9,569.0,0.0999019244332458,11,402.0,0.28173849692357966,0,0.0,0.7332877512250598,20,971.0
1520.0,23,1034.0,14.771428571428572,6.195494377027702,0,0.0,1.0,9,614.0,0.09707294701967573,12,457.0,0.28083989562333084,2,6.0,0.4645415549872125,23,1077.0
1525.0,23,1149.0,16.414285714285715,6.304398830306641,0,0.0,1.0,9,659.0,0.09908185430991565,12,514.0,0.24616312109380456,2,16.0,0.45585931929188594,23,1189.0
1530.0,26,1262.0,20.03174603174603,5.2718743277083995,0,0.0,1.0,9,704.0,0.16740535863421221,13,556.0,0.13565288423695057,2,26.0,0.4779820189249514,24,1286.0
1535.0,29,1405.0,21.615384615384617,5.175809825768246,0,0.0,1.0,9,749.0,0.1954050156423255,14,626.0,0.08478790894958406,2,36.0,0.4065327555238308,25,1411.0
1540.0,28,1513.0,23.640625,4.567796177858545,0,0.0,1.0,9,794.0,0.2348748954779428,16,700.0,0.0570239045964679,3,49.0,0.26647637282421655,28,1543.0
1545.0,32,1667.0,25.646153846153847,4.111765236026465,0,0.0,1.0,10,840.0,0.16241526141443388,16,780.0,0.054438342979053325,4,69.0,0.30891643309967814,30,1689.0
1550.0,23,1503.0,22.772727272727273,4.6875737266191315,0,0.0,1.0,10,890.0,0.23982835962514717,7,625.0,0.16207862705185547,4,89.0,0.3609225745011174,21,1604.0
1555.0,16,1385.0,20.984848484848484,5.599400387722433,0,6.0,0.6281351055338895,11,952.0,0.29450537361778567,5,557.0,0.3012932802260468,0,14.0,0.5539507276854946,16,1529.0
1560.0,17,867.0,13.136363636363637,5.693777916728898,1,10.0,0.19074518210827304,10,681.0,0.3483504084705872,6,495.0,0.23198985565862332,0,0.0,0.9211461778583823,17,1186.0
1565.0,11,555.0,8.409090909090908,7.0719825623177295,3,25.0,0.019358851274443374,2,285.0,0.5918017828222691,6,519.0,0.14037109171852377,0,0.0,0.9424025582869441,11,829.0
1570.0,15,616.0,9.058823529411764,7.222692459280333,4,41.0,0.003414177000528497,2,50.0,0.7269739101932398,7,555.0,0.1247207639113649,0,0.0,0.974058984584765,13,646.0
1575.0,17,701.0,10.784615384615385,7.2497816896867295,5,66.0,0.0006285589368773348,3,54.0,0.6651738633362684,7,590.0,0.27419773326747077,0,0.0,0.6893803716414705,15,710.0
1580.0,19,795.0,12.421875,6.641330101893268,5,91.0,0.000193129836894771,4,73.0,0.6588560864267067,7,625.0,0.2857020847163149,1,5.0,0.6186011908762791,17,794.0
1585.0,22,870.0,13.384615384615385,5.085204134818506,5,116.0,3.647740861179222e-05,6,95.0,0.4287515250087709,8,663.0,0.18187019038849855,2,12.0,0.46792869380378765,21,886.0
1590.0,23,974.0,14.984615384615385,4.733018076438949,5,141.0,2.7222476163677308e-06,8,157.0,0.24582643392073134,8,703.0,0.18487547938875512,2,22.0,0.3702033883542104,23,1023.0
1595.0,24,1066.0,17.193548387096776,4.5456403688884315,5,166.0,0.0,9,171.0,0.14659641562766798,7,715.0,0.13867505641488187,3,35.0,0.24711493610313315,24,1087.0
1600.0,29,1203.0,19.403225806451612,3.629775807681925,5,191.0,0.0,11,222.0,0.07225275034302135,7,762.0,0.2450614919898653,3,50.0,0.2490901440496648,26,1225.0
1605.0,32,1172.0,18.3125,3.3199748527082775,0,72.0,0.0302768746316838,14,289.0,0.10135811885024026,8,801.0,0.10042704220143564,3,65.0,0.1722377276112653,25,1227.0
1610.0,33,1334.0,20.523076923076925,3.66422542685548,0,3.0,0.21083095156516174,14,359.0,0.13739605532638854,8,841.0,0.10758806626247487,4,82.0,0.2240040227015333,26,1285.0
1615.0,31,1466.0,22.90625,4.157286699602675,0,0.0,1.0,14,429.0,0.12474405638883362,8,881.0,0.1043200700407879,4,102.0,0.27683439566771223,26,1412.0
1620.0,27,1515.0,23.671875,4.3635765760124565,0,0.0,1.0,14,481.0,0.0716834099102305,7,887.0,0.11870128847367829,4,122.0,0.2705168002515219,25,1490.0
1625.0,25,1605.0,23.955223880597014,5.363031219501435,0,0.0,1.0,14,554.0,0.12277562779461275,7,922.0,0.11711166390979275,4,142.0,0.362704684119569,25,1618.0
1630.0,25,1730.0,26.615384615384617,5.724715888725987,0,0.0,1.0,14,624.0,0.150382997980962,7,959.0,0.1280302527331281,4,162.0,0.3726071112828331,25,1745.0
1635.0,27,1860.0,29.0625,5.034124264635302,0,0.0,1.0,14,694.0,0.13348768846959072,8,998.0,0.10121294829509533,5,183.0,0.14885187902275995,27,1875.0
1640.0,27,1553.0,24.650793650793652,4.702466152183846,1,1.0,0.006248900308464064,15,766.0,0.13960281879659397,6,812.0,0.2059671431163777,5,208.0,0.1616210718248632,27,1787.0
1645.0,17,856.0,14.032786885245901,4.931374044971017,0,0.0,1.0,15,841.0,0.14700181761104547,1,452.0,0.3516984408536836,1,75.0,0.2648386943076351,17,1368.0
1650.0,17,928.0,15.21311475409836,5.855525342574504,0,0.0,1.0,15,928.0,0.13924899793767836,2,197.0,0.5089693330676045,0,14.0,0.46700694642217466,17,1139.0
1655.0,20,1021.0,16.737704918032787,5.194797156822085,0,0.0,1.0,16,1008.0,0.10364888819853649,4,64.0,0.1638214536179962,0,0.0,0.9857870496928902,20,1072.0
1660.0,24,1123.0,18.112903225806452,5.107997432867838,0,0.0,1.0,17,1078.0,0.07811121300455749,7,74.0,0.24068261927145104,0,0.0,0.9750332523192607,24,1152.0
1665.0,26,1247.0,20.112903225806452,4.686244535960139,0,0.0,1.0,17,1174.0,0.11253629209491367,8,104.0,0.17760837236633364,0,0.0,0.9608107192458775,25,1278.0
1670.0,29,1385.0,21.984126984126984,4.717774852513961,0,0.0,1.0,18,1262.0,0.13820517920436554,9,149.0,0.13051605801344618,1,1.0,0.6383628744506235,28,1412.0
1675.0,30,1523.0,24.174603174603174,4.465824835211242,0,0.0,1.0,19,1341.0,0.09023440459325778,10,199.0,0.0007010456881733433,1,6.0,0.7064178253651967,30,1546.0
1680.0,18,615.0,10.081967213114755,4.382023979891761,0,0.0,1.0,7,783.0,0.19703389431425686,10,249.0,7.967256158031976e-06,1,11.0,0.48315957692278344,18,1043.0
1685.0,11,293.0,4.80327868852459,5.696705073435596,0,0.0,1.0,0,311.0,0.3671066770382758,10,299.0,1.3648618900448126e-06,1,5.0,0.6296960993072399,11,615.0
1690.0,12,349.0,6.017241379310345,6.761732793190532,0,0.0,1.0,0,15.0,0.7259487469840402,10,361.0,0.2201703786744217,2,11.0,0.3171915025517747,12,387.0
1695.0,13,411.0,6.737704918032787,6.927453574670543,0,0.0,1.0,0,0.0,0.9540940101484098,10,411.0,0.3851383494873555,2,21.0,0.2754655476028014,12,432.0
1700.0,6,106.0,1.7377049180327868,6.936835425908531,0,0.0,1.0,0,0.0,0.8918972793879726,3,241.0,0.513301679074373,2,31.0,0.3415764061912811,5,272.0
1705.0,3,44.0,0.7213114754098361,7.971286856261963,0,0.0,1.0,1,9.0,0.6065570878493972,0,54.0,0.7013651627130145,2,41.0,0.467598340140967,3,104.0
1710.0,3,59.0,1.0172413793103448,8.66284018540437,0,0.0,1.0,1,17.0,0.7250996090498024,0,6.0,0.9048969272603282,2,51.0,0.4764392002595317,3,74.0
1715.0,4,77.0,1.4,8.676693810525482,0,0.0,0.99679650780416,2,25.0,0.6800293004358441,0,3.0,0.9412994761557245,2,61.0,0.5886172362164386,4,89.0
1720.0,1,40.0,0.7407407407407407,8.801364687525435,0,0.0,0.9761945700349814,0,9.0,0.9314755735327781,0,0.0,0.9361237806448152,1,33.0,0.6138079905046517,1,42.0
1725.0,0,0.0,0.0,8.278900610058681,0,0.0,0.202327913578752,0,9.0,0.8841021729218207,0,0.0,0.9486063561540634,0,0.0,0.5919152044993411,0,9.0
1730.0,3,14.0,0.25,8.424635963763992,2,9.0,0.19717528707803403,1,11.0,0.8713717012108025,0,9.0,0.8275647497330121,0,0.0,0.8379179475419268,3,29.0
1735.0,6,38.0,0.6785714285714286,7.682764177355344,4,25.0,0.019394333513194067,1,10.0,0.8425036147986262,1,12.0,0.6128689036195764,0,0.0,0.9804685397429361,6,47.0
1740.0,11,63.0,1.1454545454545455,6.130687160130779,5,47.0,0.003251894442133948,2,2.0,0.32741331859297507,4,24.0,0.4876639490227538,0,0.0,0.9391516193343585,11,73.0
1745.0,9,65.0,1.2745098039215685,6.461221814539321,1,20.0,0.019881770132060186,4,25.0,0.2713138852572383,4,44.0,0.4022194568540956,0,0.0,0.9842213514552346,9,89.0
1750.0,9,99.0,1.8679245283018868,6.694026921194175,0,8.0,0.2365065717320185,5,47.0,0.15356642535911855,4,61.0,0.39869461448689936,0,0.0,0.9100437861791819,9,116.0
1755.0,13,154.0,2.9615384615384617,6.109326874397188,0,0.0,1.0,6,72.0,0.10347981494674037,5,82.0,0.1861219546080552,1,3.0,0.4903397461124673,12,157.0
1760.0,7,110.0,2.2,6.507237149584992,0,0.0,1.0,6,102.0,0.13588215962526998,0,21.0,0.06658223548204335,1,8.0,0.4963826647956549,7,131.0
1765.0,8,146.0,2.8627450980392157,6.665334609004041,0,5.0,0.596716182088528,6,141.0,0.29950472618630397,0,0.0,1.0,1,13.0,0.6662141063001759,7,159.0
1770.0,14,205.0,4.1,6.138775202216091,2,12.0,0.010060513664311188,6,171.0,0.38380759392293184,0,0.0,1.0,2,20.0,0.3296699182866315,10,203.0
1775.0,12,248.0,5.061224489795919,5.779930175758022,3,27.0,4.160780367082695e-06,6,201.0,0.34700752088747316,0,0.0,1.0,2,30.0,0.3156439700910903,11,258.0
1780.0,13,302.0,6.565217391304348,5.227280842043617,3,42.0,0.0,7,229.0,0.34725379584192706,0,0.0,1.0,2,40.0,0.4671087301890873,12,311.0
1785.0,12,360.0,7.346938775510204,5.622959963520213,3,57.0,0.0,7,264.0,0.31243209723615434,0,0.0,1.0,2,50.0,0.4642941236896073,12,371.0
1790.0,14,422.0,8.612244897959183,5.773311551066432,3,72.0,0.0,8,303.0,0.31379983212705215,0,0.0,1.0,2,60.0,0.3339588979940765,13,435.0
1795.0,14,490.0,10.0,5.235814636927874,3,87.0,0.0,8,343.0,0.21888467176364815,0,0.0,1.0,2,70.0,0.32951797115823755,13,500.0
1800.0,7,182.0,3.64,5.4963885903073075,3,102.0,0.0,0,76.0,0.18422676654059988,0,0.0,1.0,3,83.0,0.31292329367542077,6,261.0
1805.0,3,112.0,2.196078431372549,7.284455403019324,3,117.0,0.0,0,3.0,0.7553164750757697,0,0.0,1.0,0,7.0,0.5628976451567655,3,127.0
1810.0,3,127.0,2.4901960784313726,8.430928372456963,3,132.0,0.0,0,0.0,0.7237582181642603,0,25.0,0.7875758219954839,0,0.0,0.5313684046822305,3,157.0
1815.0,4,146.0,2.8627450980392157,8.42429589805136,3,147.0,0.0,1,4.0,0.6297556178171012,0,21.0,0.7844208217634269,0,0.0,0.7088865866209187,4,172.0
1820.0,7,165.0,3.173076923076923,7.628473523900831,3,162.0,0.0,1,1.0,0.595731527342705,3,25.0,0.49657107826370367,0,0.0,0.9762715548522752,7,188.0
1825.0,8,205.0,3.8679245283018866,7.634761803046936,3,177.0,0.0,1,6.0,0.6741988490981544,4,42.0,0.5347890244802979,0,0.0,0.9885407403284923,8,225.0
1830.0,7,63.0,1.3125,7.781345100823663,0,0.0,1.0,1,11.0,0.770199344410797,5,68.0,0.518910123275917,1,2.0,0.4689116404687283,7,81.0
1835.0,9,106.0,2.2083333333333335,6.926124906063667,0,0.0,1.0,1,16.0,0.7683241997298539,7,103.0,0.3764914991307032,1,7.0,0.4734371393289626,9,126.0
1840.0,10,91.0,1.82,5.837418029004684,0,0.0,1.0,1,1.0,0.6221543364281689,7,117.0,0.18718727581225525,1,12.0,0.5510234264915995,9,130.0
1845.0,7,100.0,1.9607843137254901,6.600168305966352,0,1.0,0.7583254803927426,1,6.0,0.42693394354208536,6,124.0,0.24458187925427438,0,0.0,0.9710104204671215,7,131.0
1850.0,10,142.0,2.784313725490196,6.623356011420831,2,6.0,0.19498499868521837,2,16.0,0.5812872977502657,6,147.0,0.36587434302925087,0,0.0,0.9605453072215193,10,169.0
1855.0,11,197.0,3.7884615384615383,6.955356364615316,3,21.0,0.01799322795799605,2,26.0,0.6839454082283776,6,171.0,0.2430557946596732,0,0.0,0.9879201456656501,11,218.0
1860.0,11,238.0,4.666666666666667,6.751691523935015,4,37.0,0.0035837159322156626,1,25.0,0.6097415408020808,6,201.0,0.2387862583990139,0,0.0,0.9617697951509994,11,263.0
1865.0,13,277.0,5.653061224489796,5.873398140434313,5,62.0,0.0005021048127679886,0,0.0,0.9561492484272595,6,231.0,0.3274925834413683,0,0.0,0.9398882622238192,11,293.0
1870.0,15,344.0,6.88,5.324053029634834,5,87.0,0.0002299992506105977,0,0.0,0.9851088577822525,6,258.0,0.25214072906328083,0,0.0,0.9977090040460325,11,345.0
1875.0,19,434.0,8.509803921568627,4.692242247792888,5,112.0,3.075853466910285e-05,0,0.0,0.6597208639490656,8,298.0,0.10084201121651382,0,0.0,0.9811674025934726,13,410.0
1880.0,25,536.0,10.307692307692308,4.603264262672546,5,137.0,3.4594292504471033e-06,2,8.0,0.6285243531507594,9,343.0,0.16762003813550225,0,0.0,0.9795337946274639,16,488.0
1885.0,24,595.0,11.666666666666666,4.088739122647443,5,162.0,0.0,0,6.0,0.5539460823145076,9,344.0,0.09721126621345123,0,0.0,0.9682718519950819,14,512.0
1890.0,21,538.0,10.76,3.275400363230688,0,62.0,0.022666500079576046,1,3.0,0.3816090049518122,9,389.0,0.10270743022437631,0,0.0,0.9373655170584416,10,454.0
1895.0,20,589.0,11.78,4.131416383978456,0,0.0,1.0,2,12.0,0.40701589854862186,9,435.0,0.14640468509539623,0,0.0,0.9862014938721324,11,447.0
1900.0,19,631.0,12.877551020408163,4.630959809323431,0,0.0,1.0,2,22.0,0.5135864185756361,10,482.0,0.2216723575832792,0,0.0,0.48887498272691976,12,504.0
1905.0,12,566.0,11.32,5.318818666866621,0,0.0,1.0,0,16.0,0.5941572986508233,5,409.0,0.31897472747392974,0,0.0,0.9359676880781276,5,425.0
1910.0,8,495.0,9.9,6.057791446484063,0,3.0,0.6245394337754244,0,9.0,0.6026820100126228,5,431.0,0.3846388759098148,0,0.0,0.9476064839735396,5,443.0
1915.0,8,445.0,8.39622641509434,6.9090919143141,1,7.0,0.24855116364707097,1,33.0,0.7536008936792861,5,456.0,0.45386077263775226,0,0.0,0.9394483251368551,7,496.0
1920.0,8,483.0,9.470588235294118,7.539816862396925,2,16.0,0.027528631404987024,1,38.0,0.8372376932154949,5,481.0,0.5045825397921776,0,0.0,0.9552298444872229,8,535.0
1925.0,10,513.0,10.914893617021276,6.68492216455893,2,26.0,0.3594913689282836,1,42.0,0.6995479099792913,5,505.0,0.3556652599725062,0,0.0,0.9657365525810598,8,573.0
1930.0,11,345.0,6.764705882352941,6.493758081314268,4,44.0,0.020479302308357927,1,32.0,0.8139757485515658,3,405.0,0.48503601694695314,0,0.0,0.9477077828285825,8,481.0
1935.0,9,83.0,1.6274509803921569,6.55945652157106,4,64.0,0.0023658448922594206,1,34.0,0.7364643132679644,0,197.0,0.7906041871474602,1,2.0,0.4683943076097053,6,297.0
1940.0,8,111.0,2.1346153846153846,7.49878824689774,5,89.0,0.0008067405042883951,1,41.0,0.812260561633716,0,3.0,0.9218867286269943,1,7.0,0.4775369435143126,7,140.0
1945.0,8,112.0,2.1132075471698113,8.056096124010027,6,115.0,0.0007458837862004533,1,6.0,0.7300424578831586,1,2.0,0.8026032241675353,0,0.0,0.929134609697525,8,123.0
1950.0,10,150.0,2.8846153846153846,7.392166666591863,6,145.0,3.256446968039265e-05,2,14.0,0.6737994031573963,1,4.0,0.5613693052800313,0,0.0,0.9807974194030122,9,163.0
1955.0,11,204.0,4.08,7.124334848690492,6,178.0,0.023126484194921224,3,49.0,0.5073513363362312,1,6.0,0.6489245355182377,0,0.0,0.9332924614256772,10,233.0
1960.0,12,263.0,5.26,7.0837645124322535,7,212.0,3.0254746628807617e-05,3,82.0,0.5861087282636355,1,11.0,0.0,0,0.0,0.9321594302568812,11,305.0
1965.0,10,273.0,5.150943396226415,6.543687324117435,7,247.0,0.023789052622030033,0,38.0,0.624375290407319,1,16.0,0.0,0,0.0,0.9523297594358019,8,301.0
1970.0,10,301.0,5.679245283018868,6.634941644842177,7,282.0,0.003708855369224526,1,41.0,0.7383760940846156,1,46.0,0.664764829746806,1,3.0,0.47454205413988043,10,372.0
1975.0,12,358.0,7.16,6.845705689438263,9,324.0,0.0007582646523740517,1,53.0,0.5996667700517304,1,29.0,0.6315223527025028,1,8.0,0.4736080681356701,12,414.0
1980.0,13,423.0,8.46,6.66346705881084,9,369.0,0.0001523365560316521,2,63.0,0.52504439361627,1,34.0,0.6412751733236434,1,13.0,0.47898792828071346,13,479.0
1985.0,17,503.0,9.673076923076923,6.0807233001245935,9,414.0,2.7438285577159285e-05,4,81.0,0.3725535362794166,1,39.0,0.729369244565715,1,18.0,0.6359100505330004,15,552.0
1990.0,19,594.0,11.423076923076923,5.549420223102292,9,459.0,4.878129260473328e-06,6,109.0,0.21915139988571097,1,44.0,0.7156673816428503,1,23.0,0.5396539266824212,17,635.0
1995.0,23,702.0,14.326530612244898,5.122859845263038,9,504.0,1.295004449776261e-06,9,155.0,0.21862666333834294,1,49.0,0.6208387433138182,2,30.0,0.32039304958779097,21,738.0
2000.0,24,785.0,15.392156862745098,4.692635233881221,9,549.0,0.009294567140114332,10,197.0,0.22317296100747383,1,54.0,0.65710203158381,0,0.0,0.9404015841193225,20,800.0
2005.0,25,894.0,18.244897959183675,3.823463937779282,9,594.0,0.0016919761170395235,10,232.0,0.16972827513223784,1,65.0,0.42300439774218007,0,0.0,0.9476438956826525,20,891.0
2010.0,28,1029.0,20.58,4.072375502262601,10,642.0,0.0003836524032074913,11,286.0,0.1499022301729392,2,67.0,0.45061784963563634,0,0.0,0.9913444325601329,23,995.0
2015.0,27,1134.0,21.807692307692307,4.194374465470569,10,692.0,0.00012176015173040481,11,341.0,0.28640839623233966,2,77.0,0.4525980514393488,0,0.0,0.9869507864317405,23,1110.0
2020.0,26,1213.0,23.326923076923077,4.286445938459919,10,742.0,0.0012100897196975597,11,396.0,0.3190632092501631,3,89.0,0.3816541934844688,0,0.0,0.9755341348449427,24,1227.0
2025.0,26,1295.0,23.545454545454547,4.520394167392691,11,794.0,0.0005514206658623604,12,453.0,0.30710381969023454,3,104.0,0.37681205183482824,0,0.0,0.9826767262887803,26,1351.0
2030.0,27,1430.0,25.535714285714285,4.604089533664604,11,849.0,7.88115006681438e-05,13,518.0,0.22881949859759645,3,119.0,0.3850500756652432,0,0.0,0.9491728732642815,27,1486.0
2035.0,29,1574.0,27.137931034482758,4.767138359285569,11,904.0,2.306670321832627e-05,15,592.0,0.23214298515362747,3,134.0,0.38284573441690917,0,0.0,0.9571254714499244,29,1630.0
2040.0,31,1724.0,29.220338983050848,4.735951707463612,11,959.0,2.595957638126311e-06,17,672.0,0.14309345025652204,3,149.0,0.4100259968537987,0,0.0,0.9549719063161702,31,1780.0
2045.0,26,1184.0,19.40983606557377,4.404307189598554,5,627.0,0.010574609698194598,17,757.0,0.12337089202405331,3,164.0,0.37980142053498017,1,2.0,0.6134285425706326,26,1550.0
2050.0,23,981.0,16.081967213114755,4.720386338719439,0,313.0,0.12741871600007731,19,847.0,0.0466383836111088,4,181.0,0.0914647988151746,0,0.0,0.6770832053442757,23,1341.0
2055.0,25,1101.0,17.203125,4.941573565659128,0,75.0,0.38057401575951044,21,947.0,0.006453962474907502,4,204.0,0.32042878767914196,0,0.0,0.9319414027818891,25,1226.0
2060.0,27,1229.0,18.907692307692308,5.412412225562946,0,0.0,1.0,21,1096.0,0.05825592400642596,6,227.0,0.21589393756495256,0,0.0,0.9960530248090729,27,1323.0
2065.0,23,1276.0,19.333333333333332,5.0752485497082285,0,0.0,0.9232482598292349,21,1158.0,0.09044665519685303,2,173.0,0.017182080851812602,0,0.0,0.9701886125611624,23,1331.0
2070.0,26,1402.0,20.61764705882353,5.799465996725473,0,0.0,1.0,22,1300.0,0.16745260624394587,3,177.0,5.324294783101177e-06,0,0.0,0.9501902996534192,25,1477.0
2075.0,27,1527.0,23.49230769230769,5.433132940154283,1,7.0,0.3230529926895325,23,1416.0,0.14018385117595827,3,192.0,0.0,0,0.0,0.952737246926129,27,1615.0
2080.0,30,1671.0,26.109375,5.069542094426016,3,16.0,0.000864654120283059,24,1536.0,0.14699132647782365,3,207.0,0.0,0,0.0,0.5217904882337001,30,1759.0
2085.0,24,1372.0,22.491803278688526,4.40501798424674,3,31.0,0.0,18,1437.0,0.15913186750735492,1,85.0,0.050338152659236725,1,4.0,0.49509877763637294,23,1557.0
2090.0,25,1478.0,23.838709677419356,5.126731183166323,3,46.0,0.0,19,1499.0,0.19506557067255573,0,0.0,1.0,1,9.0,0.1809984442768083,23,1554.0
2095.0,25,1594.0,25.70967741935484,5.071878336585843,3,61.0,0.0,19,1594.0,0.0935690074552547,0,36.0,0.9110127891144127,0,0.0,0.4919715380693201,22,1691.0
2100.0,26,1720.0,27.741935483870968,5.477597528459833,3,76.0,0.0,19,1689.0,0.1380982854335453,0,11.0,0.812548571799757,0,0.0,0.9816838885096023,22,1776.0
2105.0,31,1857.0,29.015625,4.561938607978813,3,91.0,0.0,21,1784.0,0.04371896792033252,2,14.0,0.6314798057894199,0,0.0,0.9994844376603006,26,1889.0
2110.0,33,2020.0,31.076923076923077,4.540558039070494,3,106.0,0.0,21,1889.0,0.043871998169325216,2,24.0,0.6869031323059842,0,0.0,0.8945276446907986,26,2019.0
2115.0,31,2071.0,31.861538461538462,4.072277403111257,0,0.0,1.0,21,1994.0,0.06579956416245776,2,34.0,0.6883697534876685,0,0.0,0.9350064825252947,23,2028.0
2120.0,35,2238.0,34.96875,3.6406920742250426,0,0.0,1.0,21,2099.0,0.05489936380070006,3,45.0,0.4977649425034397,0,0.0,0.7714903021291933,24,2144.0
2125.0,36,2379.0,35.507462686567166,3.5073959667970462,0,0.0,1.0,22,2208.0,0.04118349851910355,0,0.0,0.7508723764868653,1,3.0,0.7460744218879707,23,2211.0
2130.0,36,1959.0,28.808823529411764,3.478251832451518,0,4.0,0.5561668639592239,19,1963.0,0.043029698114380475,1,2.0,0.41494781729356095,2,11.0,0.46211160768829124,22,1980.0
2135.0,28,931.0,13.895522388059701,4.097806824955579,0,4.0,0.30112156612020535,10,1608.0,0.21025802927180723,1,7.0,0.4791435185996257,3,23.0,0.24061239472972426,14,1642.0
2140.0,20,440.0,6.666666666666667,5.212791778892738,3,17.0,0.01649716122076746,3,1091.0,0.35104956346587013,1,12.0,0.49041561465134376,3,38.0,0.23668531341419685,10,1158.0
2145.0,18,489.0,7.298507462686567,6.114933981311353,3,32.0,0.003123434882218123,1,530.0,0.43338671124020756,1,17.0,0.7339736208377666,3,53.0,0.13826854080206,8,632.0
2150.0,21,590.0,9.21875,6.456865918454347,4,52.0,0.00040030828180508127,2,197.0,0.5928252234708895,1,22.0,0.5356404331002269,4,72.0,0.13205152681131346,11,343.0
2155.0,18,398.0,6.524590163934426,6.047094019009256,4,72.0,7.464717950342931e-05,2,60.0,0.5583660289650029,2,32.0,0.49585522024458645,4,92.0,0.19516774759137903,12,256.0
2160.0,16,305.0,5.169491525423729,5.993369888177483,4,92.0,8.679073036312091e-06,3,49.0,0.38125268386378214,3,45.0,0.5401249182729753,4,112.0,0.193661341466641,14,298.0
2165.0,17,373.0,6.114754098360656,5.545985446366867,4,112.0,2.5975955504071917e-06,4,67.0,0.2475348820324925,3,60.0,0.6128171569495972,4,132.0,0.21407397014380822,15,371.0
2170.0,22,476.0,8.067796610169491,5.091664757083374,4,132.0,0.0,4,87.0,0.17133022324030664,3,75.0,0.6347774946265494,4,152.0,0.18964809494841464,15,446.0
2175.0,20,437.0,7.5344827586206895,4.568676544073029,0,29.0,0.01457831029024223,4,107.0,0.2838842255208783,3,90.0,0.4791202351420172,4,172.0,0.17277202380963963,11,398.0
2180.0,20,476.0,8.206896551724139,4.353175750666627,0,0.0,0.3334670007448108,5,132.0,0.1298144153203688,4,108.0,0.4092658705975603,5,193.0,0.1997924137749767,14,433.0
2185.0,18,522.0,9.0,4.771183375648706,0,0.0,1.0,6,162.0,0.12359968809833431,4,128.0,0.3965310875751012,5,218.0,0.22512326326447107,15,508.0
2190.0,8,319.0,5.696428571428571,5.447496695931106,0,0.0,1.0,1,17.0,0.4634710327738699,2,85.0,0.21806132484470983,5,243.0,0.15175077850061927,8,345.0
2195.0,4,94.0,1.6491228070175439,6.717579395389077,0,0.0,1.0,1,8.0,0.6368459909529363,3,86.0,0.29243264600863184,0,76.0,0.2793126889940322,4,170.0
2200.0,5,116.0,1.9333333333333333,7.720205675064131,0,0.0,0.4235048441353117,1,13.0,0.6381084394107198,4,121.0,0.5024104473114848,0,0.0,0.669079220104216,5,134.0
2205.0,8,146.0,2.6545454545454548,7.302924894294078,1,3.0,3.505215595245046e-05,1,18.0,0.4748047913982119,6,143.0,0.350333923309063,0,0.0,0.9479691430388196,8,164.0
2210.0,11,199.0,3.826923076923077,6.978156834510443,1,8.0,0.0,1,23.0,0.49659726237642804,9,226.0,0.33658528266211685,0,0.0,0.931474095717689,11,257.0
2215.0,10,103.0,1.9433962264150944,6.4449609307737425,0,0.0,1.0,1,28.0,0.32704781928253396,8,175.0,0.2921572639878823,0,0.0,0.9547686465809148,9,203.0
2220.0,11,137.0,2.537037037037037,7.415234034009903,0,0.0,1.0,2,37.0,0.491833893123428,9,186.0,0.33671097172109216,0,0.0,0.9517150462186997,11,223.0
2225.0,14,201.0,3.7222222222222223,6.47256723444204,0,0.0,1.0,2,47.0,0.46783336775807927,12,258.0,0.16269602289090307,0,0.0,0.6924704154431,14,305.0
2230.0,21,276.0,5.0181818181818185,5.537293377532685,0,0.0,1.0,2,44.0,0.33410510525615206,15,328.0,0.05866205401325218,2,6.0,0.5881997001394934,19,378.0
2235.0,17,170.0,2.9310344827586206,4.783558642558027,0,0.0,1.0,2,54.0,0.4761292508232715,6,253.0,0.06257224769556766,2,16.0,0.6183946831130175,10,323.0
2240.0,14,193.0,3.2711864406779663,5.5103062722290135,0,9.0,0.6041115220011655,2,70.0,0.4458668163965972,5,213.0,0.25101994416072826,0,0.0,0.9435293691704342,7,292.0
2245.0,16,262.0,4.517241379310345,6.182960842274779,1,12.0,0.14152129997868962,2,87.0,0.6705451658990288,7,228.0,0.3427329311591267,0,0.0,0.9183531340242904,10,327.0
2250.0,19,353.0,5.883333333333334,5.965959535444983,3,27.0,0.03996288510478244,2,100.0,0.7897521514620389,7,260.0,0.2865711933027625,0,0.0,0.9457994255002409,12,387.0
2255.0,19,381.0,6.0476190476190474,5.550549375140188,3,43.0,0.006120066927004175,2,110.0,0.6654323957043375,6,218.0,0.2980968453440499,0,0.0,0.9880459414701295,11,371.0
2260.0,19,356.0,5.741935483870968,5.636043922035545,6,69.0,0.001596252398495945,4,123.0,0.6540228351862322,1,129.0,0.3856104472692959,0,0.0,0.9388420479153242,11,321.0
2265.0,20,455.0,7.222222222222222,5.713625756536499,6,99.0,0.0003367775453246328,4,140.0,0.6826297650029217,1,50.0,0.34341145749459323,0,0.0,0.995028547572778,11,289.0
2270.0,23,471.0,7.476190476190476,4.889626777206946,6,129.0,9.480588224394867e-05,6,168.0,0.45539997570826896,3,46.0,0.19144564354854307,0,0.0,0.9616724367372488,15,343.0
2275.0,19,352.0,5.587301587301587,4.599231151911616,6,159.0,1.7757367257929203e-05,4,68.0,0.392151039943782,2,43.0,1.0267524547549302e-05,1,1.0,0.49947064443100764,13,271.0
2280.0,20,305.0,4.621212121212121,4.566074504331913,1,70.0,0.029760750302873253,6,75.0,0.4137784228689749,2,53.0,0.0,1,6.0,0.4747576163335245,10,204.0
2285.0,26,399.0,6.045454545454546,4.53533326646565,0,25.0,0.39058272356954743,9,113.0,0.3122331942261926,2,63.0,0.30348223704194244,1,11.0,0.4854283064296747,12,212.0
2290.0,32,547.0,8.044117647058824,4.194264918417697,0,0.0,1.0,13,168.0,0.19936843398990264,2,73.0,0.3242801839973832,1,16.0,0.08792128879468547,16,257.0
2295.0,33,670.0,9.852941176470589,4.138152520446806,0,0.0,1.0,14,234.0,0.12868098605731706,1,40.0,0.6057314101320596,2,26.0,0.178597992271099,17,300.0
2300.0,26,575.0,8.455882352941176,4.345306408610145,0,0.0,1.0,7,136.0,0.1571415315953143,1,45.0,0.6381589657336104,2,36.0,0.314970356977247,10,217.0
2305.0,18,541.0,7.513888888888889,5.421600366479565,0,0.0,1.0,1,91.0,0.3670961956005856,1,50.0,0.6224700748181516,3,46.0,0.24276047040317966,5,187.0
2310.0,19,629.0,9.388059701492537,5.782604193147477,0,0.0,1.0,1,30.0,0.6082658251359071,1,61.0,0.6801787421819395,2,56.0,0.335837436694713,4,147.0
2315.0,20,726.0,12.1,5.504456571508026,0,0.0,1.0,1,27.0,0.6152910873749925,1,66.0,0.7767711736814732,2,66.0,0.3069825258383023,4,159.0
2320.0,18,697.0,11.616666666666667,5.7333111951748945,0,0.0,1.0,0,0.0,0.9636941355843285,2,72.0,0.6304005046875673,2,76.0,0.26483168205663643,4,148.0
2325.0,15,453.0,7.55,5.873862349875877,0,0.0,1.0,0,0.0,0.7842433235766796,2,85.0,0.6640532668669904,3,87.0,0.21618624823746752,5,172.0
2330.0,10,279.0,4.65,6.359666405184996,0,0.0,1.0,1,2.0,0.6285026298087465,2,95.0,0.7206794424291718,3,101.0,0.260946575532635,6,198.0
2335.0,4,88.0,1.6,6.242424081129076,0,0.0,1.0,1,55.0,0.6391662066406074,2,105.0,0.5702262681805453,0,9.0,0.5469998295893951,3,169.0
2340.0,6,109.0,2.1372549019607843,6.388174714232608,0,0.0,1.0,2,14.0,0.5665299915786564,4,200.0,0.42437937187989644,0,0.0,0.9434854532441679,6,214.0
2345.0,12,155.0,2.980769230769231,5.277869862887403,0,0.0,1.0,3,25.0,0.25187849699885906,8,234.0,0.1646351175339848,0,0.0,0.9762708220441104,11,259.0
2350.0,13,219.0,4.132075471698113,5.335136155305184,0,0.0,1.0,3,40.0,0.20680894887763993,10,284.0,0.006398352989238006,0,0.0,0.96391495618445,13,324.0
2355.0,16,296.0,5.803921568627451,5.088974077694598,0,0.0,1.0,3,55.0,0.4264584226962967,13,380.0,0.08345299253338813,0,0.0,0.9455101291920632,16,435.0
2360.0,19,385.0,6.875,4.445966279546318,0,0.0,1.0,3,70.0,0.4200753490902713,14,449.0,0.06317549312827139,1,2.0,0.3517401262915026,18,521.0
2365.0,11,266.0,5.018867924528302,4.558427460323354,0,0.0,1.0,3,85.0,0.3837423530370037,5,390.0,0.11470872407448235,2,8.0,0.17593560857432985,10,483.0
2370.0,12,306.0,5.773584905660377,5.237465479565399,0,6.0,0.7664498112064786,3,114.0,0.457312451589607,5,406.0,0.3153115530890501,2,18.0,0.3265842967666396,10,544.0
2375.0,15,377.0,6.8545454545454545,6.0082531941677155,0,0.0,0.7944097035434897,3,129.0,0.5175154700345256,7,421.0,0.2902944695386423,2,28.0,0.3313101701561308,12,578.0
2380.0,15,424.0,7.43859649122807,6.845744439519784,0,0.0,1.0,5,146.0,0.5726073420514259,7,456.0,0.2169348830482442,2,27.0,0.3033615766719098,14,629.0
2385.0,17,502.0,8.508474576271187,6.5370571702952445,0,0.0,1.0,6,174.0,0.505677971448761,7,491.0,0.11009941867365454,2,37.0,0.5206377477457937,15,702.0
2390.0,18,589.0,9.983050847457626,6.648311767415977,0,0.0,1.0,7,206.0,0.44446139915824295,8,531.0,0.10940300260469117,2,47.0,0.3917441524510908,17,784.0
2395.0,19,616.0,9.777777777777779,6.219537585863473,0,0.0,1.0,9,244.0,0.28486280994654395,8,571.0,0.10980559311562138,0,0.0,0.751312423770669,17,815.0
2400.0,21,715.0,11.721311475409836,5.418669850554556,0,0.0,1.0,10,290.0,0.1645597901135063,9,620.0,0.08223335161689593,0,0.0,0.982459252707101,19,910.0
2405.0,23,806.0,14.140350877192983,4.95907888095675,0,0.0,1.0,11,341.0,0.20912832658077124,10,650.0,0.012829870036085107,0,0.0,0.9477486299349028,21,991.0
2410.0,25,926.0,16.24561403508772,4.637178219459528,0,0.0,1.0,13,401.0,0.18632596396039094,10,700.0,0.06577528409080038,0,0.0,0.6347802474784611,23,1101.0
2415.0,23,711.0,12.258620689655173,3.930247230517894,0,0.0,1.0,7,169.0,0.09320475214988828,13,756.0,0.000958587277427664,1,5.0,0.6701625009908247,21,930.0
2420.0,23,823.0,13.491803278688524,4.723297026804025,0,0.0,1.0,6,137.0,0.23232667724218015,13,821.0,0.03050535444281274,1,10.0,0.6261797846720365,20,968.0
2425.0,19,656.0,10.580645161290322,5.989333356275958,0,0.0,1.0,6,164.0,0.31346240128473374,9,696.0,0.20107181797461107,1,15.0,0.730871052819213,16,875.0
2430.0,13,374.0,6.032258064516129,6.831498475019171,0,3.0,0.9552875830116166,6,194.0,0.14524751276934517,4,483.0,0.43576448542986584,0,0.0,0.9356667433889845,10,680.0
2435.0,19,353.0,5.603174603174603,6.630855478468862,1,4.0,0.024103747053152668,8,232.0,0.19509365965727182,7,389.0,0.46754031478898056,0,0.0,0.9410970369112581,16,625.0
2440.0,21,454.0,7.2063492063492065,6.240185944933217,2,13.0,6.573005259411576e-05,8,272.0,0.11022113160679897,7,214.0,0.4918028064906063,0,0.0,0.9505945417904272,17,499.0
2445.0,18,340.0,5.666666666666667,5.751382098455947,2,23.0,0.18118964382601185,4,271.0,0.3361314161567487,7,211.0,0.44410622109293096,1,1.0,0.49362882314909007,14,506.0
2450.0,11,168.0,2.847457627118644,5.975641071686986,3,37.0,0.08526951887272463,1,53.0,0.4037263533914293,1,71.0,0.5330266835690554,1,6.0,0.6241278697735789,6,167.0
2455.0,13,209.0,3.4833333333333334,6.158246537910155,4,58.0,0.1229749256535105,2,57.0,0.5177795308584757,0,21.0,0.7933387253900159,1,11.0,0.37100413094909035,7,147.0
2460.0,12,212.0,3.719298245614035,6.368704419546158,6,86.0,0.021893525350286658,2,67.0,0.7082835580063673,0,3.0,0.8719797434927004,2,21.0,0.3180568502337266,10,177.0
2465.0,12,260.0,4.642857142857143,6.3017234738350085,7,119.0,0.025840456440021652,1,62.0,0.8387019552278421,0,3.0,0.9229038672671321,2,31.0,0.3257395535263123,10,215.0
2470.0,14,290.0,5.0,5.583600556920659,9,159.0,0.01792568821929402,1,67.0,0.8336991323252786,0,3.0,0.6217835092100406,0,0.0,0.6403984157724565,10,229.0
2475.0,11,211.0,3.767857142857143,5.590674443018597,4,101.0,0.03870272134613351,1,72.0,0.8378973462966446,1,14.0,0.6366019834606119,0,0.0,0.8005857811000057,6,187.0
2480.0,7,116.0,2.0714285714285716,6.846836705141184,0,25.0,0.2688288764295029,1,74.0,0.8251393830775591,3,21.0,0.4802750937802483,0,0.0,0.9632448279703969,4,120.0
2485.0,4,103.0,1.7457627118644068,7.4317726099986405,0,0.0,1.0,1,73.0,0.7643759270816533,3,36.0,0.3149340910906338,0,0.0,0.9702844956850938,4,109.0
2490.0,8,135.0,2.25,7.231708393754835,0,0.0,1.0,2,79.0,0.46213860394157236,4,56.0,0.40804245654145965,0,0.0,0.9881188164515493,6,135.0
2495.0,9,174.0,2.9491525423728815,7.16620427770824,0,0.0,1.0,2,89.0,0.31654061524211136,4,73.0,0.4107528415429459,0,0.0,0.9324620884948064,6,162.0
2500.0,9,201.0,3.406779661016949,7.140903874399588,0,0.0,1.0,2,93.0,0.4646476308142756,5,110.0,0.3635122383500048,1,1.0,0.48494324231867186,8,204.0
2505.0,9,246.0,4.241379310344827,7.064754837925152,0,0.0,1.0,2,103.0,0.4359996412958562,5,135.0,0.2547224645957425,1,6.0,0.6236158928595867,8,244.0
2510.0,10,199.0,3.618181818181818,6.362365716928027,0,0.0,1.0,2,16.0,0.3170273000746043,6,186.0,0.3123892584767998,1,11.0,0.32487589304014086,9,213.0
2515.0,11,248.0,4.862745098039215,6.627641287685444,0,0.0,1.0,2,63.0,0.5808611574930552,6,197.0,0.3007482183101305,2,21.0,0.3150324284432155,10,281.0
2520.0,12,276.0,5.63265306122449,6.16290630801373,0,0.0,1.0,2,76.0,0.6049150771772795,7,208.0,0.11182085113980508,2,31.0,0.3203377842007023,11,315.0
2525.0,15,344.0,6.490566037735849,5.677256395198948,0,0.0,1.0,4,53.0,0.40310667084758905,7,243.0,0.10414674756888462,2,41.0,0.22714675272988843,13,337.0
2530.0,19,429.0,8.25,5.508071675154427,0,0.0,1.0,4,71.0,0.44618690035163666,8,282.0,0.10604917016338516,3,54.0,0.20622412756927214,15,407.0
2535.0,15,415.0,7.685185185185185,6.193460119961316,0,0.0,1.0,4,91.0,0.41490882472610974,6,291.0,0.21832455098144402,3,69.0,0.23458271397931627,13,451.0
2540.0,10,393.0,7.277777777777778,6.205853332225509,0,0.0,1.0,4,111.0,0.35959699355493674,6,302.0,0.09474982009360397,0,0.0,0.5640677470505305,10,413.0
2545.0,15,458.0,8.481481481481481,5.697355715211303,0,0.0,1.0,4,128.0,0.279100837401829,8,345.0,0.12756067585229028,0,0.0,0.756257044959195,12,473.0
2550.0,14,400.0,7.6923076923076925,5.423542514383856,0,0.0,1.0,1,24.0,0.4737394686314912,9,386.0,0.011903888251027438,0,0.0,0.960327076686414,10,410.0
2555.0,2,42.0,0.8571428571428571,6.437946092963314,0,0.0,1.0,1,31.0,0.6066619485942689,1,78.0,0.08956430825041939,0,0.0,0.9017987759568887,2,109.0
2560.0,2,52.0,1.0,7.366875401669487,0,6.0,0.5317319545067813,1,42.0,0.6755360413272918,1,44.0,0.566962381163041,0,0.0,0.9382285419155418,2,92.0
2565.0,5,70.0,1.3725490196078431,7.567195953302978,1,10.0,0.17828262547965784,1,50.0,0.7057640079368592,1,49.0,0.7367023311531928,0,0.0,0.8985382070040043,3,109.0
2570.0,8,69.0,1.3529411764705883,6.802518765479261,3,25.0,0.014782208063351242,1,16.0,0.8510983152970908,1,51.0,0.7732144941566663,1,3.0,0.32789169694702974,6,95.0
2575.0,12,121.0,2.2830188679245285,6.726651264741675,3,40.0,0.005082867554415096,1,21.0,0.8463349674973456,1,59.0,0.7910470127863172,3,13.0,0.24001136854664673,8,133.0
2580.0,7,108.0,2.076923076923077,6.656393449063367,0,4.0,0.017030459810130853,2,27.0,0.761140319875857,1,64.0,0.7601926182725512,0,9.0,0.27240775394798655,3,104.0
2585.0,8,133.0,2.462962962962963,6.782172267201954,0,0.0,1.0,2,37.0,0.7134986528618111,3,75.0,0.4929635412632354,0,0.0,0.8977361439301457,5,112.0
2590.0,5,87.0,1.6111111111111112,6.541887651696222,0,0.0,1.0,1,29.0,0.5809939885030125,4,91.0,0.20535407216340612,0,0.0,0.9414734516105425,5,120.0
2595.0,8,124.0,2.175438596491228,7.193590347344347,0,0.0,1.0,2,35.0,0.5793073616037713,6,120.0,0.20336268734344648,0,0.0,0.9863413858357943,8,155.0
2600.0,10,172.0,2.9152542372881354,7.253400339579427,0,0.0,1.0,2,45.0,0.32566316213993046,8,159.0,0.2313064474339519,0,0.0,0.9310603732757248,10,204.0
2605.0,11,225.0,3.6885245901639343,6.738147246011898,0,0.0,1.0,2,55.0,0.3287584746449134,9,202.0,0.1621086929877378,0,0.0,0.7270441343438919,11,257.0
2610.0,14,292.0,5.0344827586206895,6.12336749438824,0,0.0,1.0,2,65.0,0.3228450170074973,10,252.0,0.16018125648712842,2,7.0,0.2609801714163079,14,324.0
2615.0,15,299.0,5.339285714285714,5.204976585163554,0,0.0,1.0,1,3.0,0.47417264234280204,10,302.0,0.11565081959156966,3,22.0,0.19879212368799962,14,327.0
2620.0,16,368.0,6.6909090909090905,5.319554652982666,0,0.0,1.0,1,56.0,0.6153364693174538,11,356.0,0.11482693095201267,2,22.0,0.23946599439611616,14,434.0
2625.0,19,456.0,8.60377358490566,5.315654488397114,0,0.0,1.0,1,61.0,0.6425943999400667,13,421.0,0.11432615592942565,2,32.0,0.31705623845209935,16,514.0
2630.0,19,551.0,10.203703703703704,4.989854712847598,0,0.0,1.0,1,22.0,0.682700758045099,13,486.0,0.06238231817332592,2,42.0,0.4817894217032764,16,550.0
2635.0,20,626.0,11.81132075471698,5.068563968603153,0,0.0,1.0,0,0.0,0.7668745729267488,15,555.0,0.05756577544252511,2,52.0,0.48303596972705826,17,607.0
2640.0,19,661.0,12.018181818181818,5.866702260454898,0,0.0,1.0,1,1.0,0.7578781068760219,16,635.0,0.13174289013137636,2,62.0,0.47749134751983546,19,698.0
2645.0,10,248.0,4.592592592592593,5.754804614944169,0,0.0,1.0,2,7.0,0.521536041741592,5,389.0,0.2633475840082947,3,74.0,0.24446501967498435,10,470.0
2650.0,9,251.0,4.5636363636363635,6.559353320348478,0,3.0,0.5852000259005848,3,29.0,0.4811630950197594,3,199.0,0.5691561251592058,3,89.0,0.33519441445065945,9,320.0
2655.0,9,296.0,5.285714285714286,7.394290074357744,0,0.0,0.6892842601807131,3,41.0,0.6201114653346187,3,181.0,0.47720743239375335,3,104.0,0.19543832185447813,9,326.0
2660.0,11,351.0,6.381818181818182,7.485794558729368,0,0.0,1.0,3,56.0,0.6180912624805164,4,201.0,0.5453587011383454,4,124.0,0.3217018365633614,11,381.0
2665.0,5,97.0,1.7017543859649122,8.20451249223274,0,0.0,1.0,3,73.0,0.680069849524587,2,77.0,0.5255558298002975,0,54.0,0.7659773495998619,5,204.0
2670.0,5,99.0,1.6779661016949152,7.971763712323061,0,3.0,0.8971474728373945,3,88.0,0.49634264795662736,2,29.0,0.5464236853738814,0,0.0,0.8576977699490045,5,120.0
2675.0,8,47.0,0.8245614035087719,7.2052369674176395,1,5.0,0.0010813346934214674,1,39.0,0.6657454199222944,6,53.0,0.1392058463522911,0,0.0,0.931070256291626,8,97.0
2680.0,8,84.0,1.6153846153846154,7.284688078960935,1,10.0,0.0,0,6.0,0.7228281760349475,7,77.0,0.1035959091680186,0,0.0,0.9449414599726712,8,93.0
2685.0,12,135.0,2.6470588235294117,5.955472779713126,1,15.0,0.0,3,15.0,0.44736817387563244,8,117.0,0.28256235615735475,0,0.0,0.9774776473689217,12,147.0
2690.0,12,130.0,2.549019607843137,6.467461329801223,0,0.0,1.0,4,34.0,0.48239391771222356,8,129.0,0.3753665160581127,0,0.0,0.932448965825951,12,163.0
2695.0,9,126.0,2.4705882352941178,7.1308996356222725,0,0.0,1.0,1,3.0,0.6800713911412775,8,128.0,0.3375736603116046,0,0.0,0.9308900480132205,9,131.0
2700.0,11,174.0,3.48,6.540301014171914,0,0.0,1.0,2,9.0,0.5625055794294245,9,169.0,0.2772941068918103,0,0.0,0.9465107029223216,11,178.0
2705.0,12,228.0,4.1454545454545455,7.138372807954588,0,0.0,1.0,3,21.0,0.39606036236087727,9,213.0,0.3628223557649374,0,0.0,0.9639787956039843,12,234.0
2710.0,15,293.0,5.051724137931035,6.477135586590995,0,0.0,1.0,4,37.0,0.1974634606717896,10,260.0,0.32849659470321724,1,2.0,0.4990086330715917,15,299.0
2715.0,19,376.0,6.5964912280701755,5.423146764073492,0,0.0,1.0,4,57.0,0.19724074316368032,11,312.0,0.17868035164010543,1,7.0,0.47106046123307743,16,376.0
2720.0,20,466.0,8.03448275862069,5.484097963420404,0,0.0,1.0,4,77.0,0.18250760738638533,15,383.0,0.113139801224244,1,5.0,0.641282049847406,20,465.0
2725.0,20,566.0,9.929824561403509,5.127848764671069,0,0.0,1.0,4,97.0,0.197344157153346,15,455.0,0.1586614498788257,1,10.0,0.41804642398667546,20,562.0
2730.0,23,675.0,12.5,5.0659983411043905,0,0.0,1.0,4,134.0,0.32782622444266807,15,530.0,0.11642567475958009,2,19.0,0.3259034877991614,21,683.0
2735.0,21,731.0,13.290909090909091,5.373865665053481,0,0.0,1.0,3,112.0,0.4401291208633105,14,588.0,0.08183030875206661,2,29.0,0.3223964851206427,19,729.0
2740.0,24,842.0,14.771929824561404,4.910932415406363,0,0.0,1.0,5,133.0,0.14879742680240193,15,662.0,0.09530711366737572,2,39.0,0.2840955971308048,22,834.0
2745.0,25,913.0,15.741379310344827,4.82122823563522,0,0.0,1.0,6,162.0,0.21440947909788827,16,738.0,0.0657439558053683,1,2.0,0.3743441106459728,23,902.0
2750.0,27,1042.0,17.661016949152543,4.697906011264307,0,0.0,1.0,7,193.0,0.11996389468053312,16,824.0,0.08250722016774525,1,7.0,0.4823774043915659,24,1024.0
2755.0,28,1171.0,19.19672131147541,4.355107174844139,0,0.0,1.0,7,228.0,0.20860082874435534,17,906.0,0.09311304398784134,2,12.0,0.3152406523278907,26,1146.0
2760.0,31,1321.0,21.65573770491803,4.14741022855309,0,0.0,1.0,7,268.0,0.2288457031243305,18,993.0,0.09117779424597706,1,17.0,0.4620602876127123,26,1278.0
2765.0,32,1464.0,23.612903225806452,3.449224627675371,0,0.0,1.0,8,301.0,0.143007766005866,19,1087.0,0.03577011256362726,2,23.0,0.2595458065156137,29,1411.0
2770.0,33,1536.0,23.630769230769232,4.0565449366071284,0,0.0,1.0,9,344.0,0.14083594440621452,22,1191.0,0.02326331825830428,2,33.0,0.3205008318801547,33,1568.0
2775.0,28,1443.0,21.53731343283582,4.8712908606777106,0,0.0,1.0,5,238.0,0.1268122329612053,21,1295.0,0.08265794263944158,2,43.0,0.4775606820604925,28,1576.0
2780.0,26,1505.0,22.46268656716418,5.13538771461895,0,3.0,0.929314599716404,3,75.0,0.21817287545680372,21,1400.0,0.08887709164218105,2,53.0,0.4814884670116818,26,1531.0
2785.0,28,1641.0,24.492537313432837,5.372242724766575,1,5.0,0.00045437680261564597,3,81.0,0.3917086973066479,22,1512.0,0.04233225264342453,2,63.0,0.4498641206227224,28,1661.0
2790.0,30,1789.0,27.106060606060606,5.110494222748854,1,10.0,0.0,3,96.0,0.38477875188863103,23,1625.0,0.03866075951018202,3,78.0,0.38207182329667067,30,1809.0
2795.0,26,1816.0,26.705882352941178,5.0554778010050745,0,0.0,1.0,0,0.0,0.7600060908626899,23,1740.0,0.06756025250484429,3,93.0,0.4183685779271013,26,1833.0
2800.0,27,1949.0,28.246376811594203,4.72929995666027,0,0.0,1.0,0,0.0,0.8134434591520583,24,1858.0,0.08549234951473102,3,108.0,0.32758137194775944,27,1966.0
2805.0,26,2043.0,30.044117647058822,4.45735413822117,0,0.0,1.0,0,0.0,0.9802435811928607,24,1987.0,0.1506259255925095,2,82.0,0.1959976580740038,26,2069.0
2810.0,30,2187.0,31.242857142857144,4.5896837191118935,0,0.0,1.0,0,0.0,0.9551450026299465,26,2118.0,0.17098261935975897,4,98.0,0.17191152960187908,30,2216.0
2815.0,20,887.0,12.150684931506849,4.786624552302131,0,0.0,1.0,0,6.0,0.7668273075410887,16,1425.0,0.17934802269627764,4,118.0,0.17724576581500803,20,1549.0
2820.0,8,183.0,2.5774647887323945,5.999107200812388,0,6.0,0.6204637468115506,1,15.0,0.638082537840684,7,837.0,0.27595600350943134,0,12.0,0.5693985840092137,8,870.0
2825.0,11,228.0,3.3043478260869565,6.4008825268118255,1,10.0,0.18578749180342,1,17.0,0.7530726644831706,8,363.0,0.3109409590711371,1,14.0,0.4916560263434058,11,404.0
2830.0,14,294.0,4.027397260273973,6.599933813189519,4,26.0,0.07598961571036568,1,23.0,0.7162293939428657,8,260.0,0.22635806519142765,1,19.0,0.6444474570720825,14,328.0
2835.0,15,249.0,3.4583333333333335,6.399286480911883,5,47.0,0.009973996492126684,2,33.0,0.7829935599971417,7,232.0,0.25374257590213506,1,24.0,0.6423321119989923,15,336.0
2840.0,17,241.0,3.3943661971830985,6.1135214783732055,7,78.0,0.029961303049773465,2,43.0,0.7959052237090748,6,164.0,0.22993498038121807,2,30.0,0.5002676589061228,17,315.0
2845.0,13,233.0,3.2816901408450705,5.977017542173668,3,47.0,0.08203070026378127,2,53.0,0.7944605399745585,6,149.0,0.23726014258039965,2,40.0,0.51027425943586,13,289.0
2850.0,9,236.0,3.2777777777777777,6.5494268414265,0,11.0,0.14074656169936228,3,65.0,0.6313659050190322,6,179.0,0.14133428766854716,0,0.0,0.7484493066457238,9,255.0
2855.0,9,180.0,2.5714285714285716,6.495315050606339,0,1.0,0.4471783747264124,5,86.0,0.31239797475388936,4,156.0,0.2895596517654531,0,0.0,0.9621944737245748,9,243.0
2860.0,13,168.0,2.4705882352941178,5.786719781567744,0,0.0,1.0,6,115.0,0.21394740319586972,4,82.0,0.24015110436755754,0,0.0,0.956500002002847,10,197.0
2865.0,16,233.0,3.2816901408450705,6.061024445335273,0,0.0,1.0,9,159.0,0.275967467527256,5,83.0,0.01076467816060831,0,0.0,0.9520102536146225,14,242.0
2870.0,21,319.0,4.6231884057971016,5.645944577459411,0,0.0,1.0,12,206.0,0.22513554763668356,6,111.0,0.0027346273819423383,0,0.0,0.932183352922441,18,317.0
2875.0,27,418.0,6.057971014492754,4.861211634344549,0,0.0,1.0,15,278.0,0.14403591767661178,7,146.0,0.004684502204440462,1,2.0,0.497340481891335,23,426.0
2880.0,9,77.0,1.2419354838709677,4.5197720361657705,0,0.0,1.0,7,141.0,0.18528997707814035,1,38.0,0.029444356980587703,1,7.0,0.4724318071460246,9,186.0
2885.0,4,35.0,0.5737704918032787,5.666514082517344,0,6.0,0.5539994722518293,2,91.0,0.20104960518377127,0,11.0,0.2955526079749525,2,13.0,0.3318552203487419,4,121.0
2890.0,4,55.0,0.8870967741935484,7.553317280435429,0,0.0,1.0,2,69.0,0.5441584604351933,0,9.0,0.9121278350636652,2,23.0,0.4641111022912996,4,101.0
2895.0,4,75.0,1.25,8.355603771732255,0,0.0,1.0,2,53.0,0.7126624029938761,0,9.0,0.9174499309298824,2,33.0,0.4899230986364129,4,95.0
2900.0,3,55.0,0.873015873015873,8.610593727253638,0,0.0,1.0,2,73.0,0.7577779902819305,0,9.0,0.9442026092029596,0,0.0,0.5076098366001621,2,82.0
2905.0,5,74.0,1.1935483870967742,8.534075719616155,0,0.0,1.0,3,89.0,0.6246575164070421,1,16.0,0.7381721460516703,0,0.0,0.6576698916804414,4,105.0
2910.0,9,99.0,1.706896551724138,7.976786552473935,0,0.0,1.0,6,108.0,0.48052183878802285,3,27.0,0.5907793200309719,0,0.0,0.7687021749340708,9,135.0
2915.0,9,144.0,2.7169811320754715,6.676402313635373,0,0.0,1.0,6,138.0,0.19427346929349132,3,42.0,0.3648751988190123,0,0.0,0.948627891887773,9,180.0
2920.0,11,166.0,3.074074074074074,5.5103755729559065,0,0.0,1.0,10,186.0,0.05277627830178725,1,8.0,0.3455728881052928,0,0.0,0.9516260872338598,11,194.0
2925.0,13,227.0,4.203703703703703,6.843464835018341,0,5.0,0.6715659763104491,11,244.0,0.17502824235983938,2,7.0,0.3248929922127086,0,0.0,0.9449025095957146,13,256.0
2930.0,13,137.0,2.537037037037037,6.867754243558532,2,8.0,0.14862336131363646,9,190.0,0.29359840990912495,2,17.0,0.3065201423959163,0,0.0,0.9723426372554952,13,215.0
2935.0,11,154.0,2.8,7.202486909893794,3,23.0,0.015110965449822867,6,126.0,0.4705638776151733,2,27.0,0.23643889428668716,0,0.0,0.9937961462293234,11,176.0
2940.0,15,220.0,3.9285714285714284,7.317940488403268,5,40.0,0.0029529678357988615,6,154.0,0.443619371003615,3,42.0,0.24736571609645866,0,0.0,0.5003644572032073,14,236.0
2945.0,14,247.0,4.490909090909091,6.074196309348313,0,10.0,0.016276377505558555,6,184.0,0.3530101373769484,3,57.0,0.05007020600567622,1,5.0,0.49235943594510356,10,256.0
2950.0,16,327.0,5.945454545454545,5.563823456776138,0,0.0,1.0,6,214.0,0.2321252471265332,5,82.0,1.3742318761267658e-05,1,10.0,0.5558548458968129,12,306.0
2955.0,9,149.0,2.5689655172413794,5.818442495766975,0,0.0,1.0,1,37.0,0.21632584642262265,5,107.0,0.0,1,15.0,0.641306671091207,7,159.0
2960.0,7,116.0,2.0350877192982457,6.9529748838879755,0,0.0,1.0,0,4.0,0.49700532267652164,3,90.0,0.03263717402488033,1,20.0,0.7249943952735914,4,114.0
2965.0,5,101.0,1.7413793103448276,8.12342775735828,0,0.0,1.0,0,3.0,0.9591259642467549,1,42.0,0.6882757594196552,1,25.0,0.4674346649347362,2,70.0
2970.0,6,131.0,2.2586206896551726,8.58782854733789,0,0.0,0.795480373732902,0,3.0,0.9835966819005895,1,31.0,0.8175007451945,2,35.0,0.3578764702938293,3,69.0
2975.0,6,121.0,2.086206896551724,7.8864710454673,1,3.0,0.00016735611939748895,0,3.0,0.9722821863947958,1,36.0,0.778639301147485,0,2.0,0.5795283827106007,2,44.0
2980.0,9,157.0,2.8035714285714284,7.41149312348838,1,8.0,0.0,0,3.0,0.7439398329899335,2,49.0,0.6219619835902213,0,0.0,0.9265807730023004,3,60.0
2985.0,8,81.0,1.6875,6.882675284546356,1,13.0,0.0,1,6.0,0.6967187866670408,4,63.0,0.4192589080527155,0,0.0,0.9828194320109428,6,82.0
2990.0,9,93.0,1.9787234042553192,6.649358205107326,0,0.0,1.0,2,9.0,0.5830613559635497,7,96.0,0.25027590054600796,0,0.0,0.9544459549496378,9,105.0
2995.0,11,134.0,2.9130434782608696,6.086023990661071,0,0.0,1.0,1,6.0,0.5257542332852059,10,140.0,0.016308200847163515,0,0.0,0.9829354159416742,11,146.0
3000.0,13,192.0,4.266666666666667,5.587871689798491,0,0.0,1.0,2,12.0,0.3103923509232255,10,219.0,0.08256243882844387,0,0.0,0.4953724830830205,12,231.0
3005.0,15,266.0,5.782608695652174,5.552449422657279,0,0.0,1.0,2,42.0,0.5769409240434346,11,247.0,0.14870246240548085,1,5.0,0.4944188416956874,14,294.0
3010.0,16,345.0,7.1875,5.339554162965796,0,0.0,1.0,2,52.0,0.5048145875910101,11,302.0,0.14741827153576073,1,10.0,0.6409091692412934,14,364.0
3015.0,15,395.0,8.061224489795919,5.37701879447796,0,0.0,1.0,3,64.0,0.3774844384903795,11,357.0,0.2029152973001302,0,0.0,0.9720351846076608,14,421.0
3020.0,15,470.0,9.591836734693878,5.744280588854541,0,0.0,1.0,3,81.0,0.46532513995158875,11,415.0,0.29078359479016214,0,0.0,0.9521310966451739,14,496.0
3025.0,13,418.0,8.038461538461538,6.09845937757315,0,0.0,1.0,3,102.0,0.5834830516759832,9,389.0,0.24848680358436487,0,0.0,0.9822282565803324,12,491.0
3030.0,17,493.0,9.48076923076923,5.566532479387576,0,0.0,1.0,3,112.0,0.39324310479736563,12,397.0,0.2281208842603784,0,0.0,0.7135242940513091,15,509.0
3035.0,17,548.0,10.538461538461538,4.785563702848715,0,0.0,1.0,5,132.0,0.22609210583963812,12,457.0,0.13680329634350863,0,0.0,0.9292083291147811,17,589.0
3040.0,20,642.0,11.88888888888889,5.245533456816558,0,0.0,1.0,6,162.0,0.3182136751462406,13,519.0,0.08268207539159227,0,0.0,0.9891088491249739,19,681.0
3045.0,20,718.0,12.821428571428571,5.069875528085469,0,0.0,1.0,6,184.0,0.3253910580388909,13,570.0,0.09508581626966427,0,0.0,0.9950339760515429,19,754.0
3050.0,23,828.0,14.785714285714286,4.469854154442884,0,0.0,1.0,8,217.0,0.1968114692099113,14,643.0,0.12326920293137872,0,0.0,0.7300303837437374,22,860.0
3055.0,23,931.0,16.051724137931036,4.8080042649843024,0,0.0,1.0,8,257.0,0.1989147075005308,15,718.0,0.1134745404781041,0,0.0,0.9616120120585105,23,975.0
3060.0,24,1047.0,17.45,4.984624829361951,0,0.0,1.0,8,297.0,0.07278611530612952,16,794.0,0.1440480732407216,0,0.0,0.9284968384391191,24,1091.0
3065.0,25,1154.0,18.317460317460316,5.027155068241196,0,0.0,1.0,8,324.0,0.031458825422126295,17,876.0,0.13949660262505975,0,0.0,0.9604944625923182,25,1200.0
3070.0,26,1282.0,20.677419354838708,4.774743627816171,0,0.0,1.0,8,364.0,0.07369842678974065,17,961.0,0.1576586706432685,0,0.0,0.475296478140565,25,1325.0
3075.0,30,1424.0,22.25,4.741435331787952,0,0.0,1.0,8,417.0,0.186790248586524,18,1053.0,0.16752245792733864,1,5.0,0.46656443516088886,27,1475.0
3080.0,32,1581.0,23.597014925373134,4.717029376037817,0,0.0,1.0,8,457.0,0.3128242570127292,20,1150.0,0.12081327717266206,1,10.0,0.50219847286442,29,1617.0
3085.0,33,1745.0,26.439393939393938,4.323984198821814,0,0.0,1.0,8,497.0,0.23703226644730624,21,1254.0,0.12064744841822823,1,15.0,0.5515953830357133,30,1766.0
3090.0,36,1920.0,29.09090909090909,3.532399311422456,0,0.0,1.0,9,542.0,0.08339339068482408,21,1359.0,0.13491268405427526,2,23.0,0.40779088825586934,32,1924.0
3095.0,39,2111.0,31.044117647058822,3.756695591498319,0,0.0,1.0,11,596.0,0.12982116155434237,22,1465.0,0.09336118381656938,2,33.0,0.4911744927001832,35,2094.0
3100.0,36,2219.0,31.7,4.159352514627209,0,0.0,1.0,11,651.0,0.243577783916942,22,1572.0,0.056958837164921124,2,43.0,0.5745443198902843,35,2266.0
3105.0,36,2354.0,33.628571428571426,3.852817550661663,0,0.0,1.0,12,707.0,0.16787382069693685,21,1653.0,0.08064307355165772,2,53.0,0.4992842160414444,35,2413.0
3110.0,36,2139.0,30.12676056338028,4.058748279576049,0,0.0,1.0,8,537.0,0.24243580952845023,23,1764.0,0.026639850674444642,3,65.0,0.3154945145164708,34,2366.0
3115.0,30,1965.0,27.291666666666668,4.555171555941235,0,0.0,1.0,1,215.0,0.4111917922373473,23,1878.0,0.0023894752349426806,4,83.0,0.2275816028131816,28,2176.0
3120.0,29,2090.0,29.43661971830986,5.505947131540028,0,0.0,1.0,2,27.0,0.5194404926974462,23,1993.0,0.0006337286916297771,4,103.0,0.19650093037001412,29,2123.0
3125.0,31,2207.0,31.985507246376812,5.2858336708082465,0,0.0,1.0,3,40.0,0.5292766195878341,24,2112.0,7.732370623843265e-05,3,85.0,0.19399332285398938,30,2237.0
3130.0,29,2313.0,34.52238805970149,4.470098399465977,0,0.0,1.0,1,19.0,0.5862974080286981,24,2235.0,0.06688272695927588,3,100.0,0.2365539026994758,28,2354.0
3135.0,29,2450.0,36.029411764705884,4.5719635091063475,0,0.0,1.0,1,10.0,0.7467155470783501,24,2355.0,0.10335750447141581,4,119.0,0.18248041874903742,29,2484.0
3140.0,30,2596.0,38.74626865671642,4.767706909652603,0,0.0,1.0,1,12.0,0.6389105016057556,25,2483.0,0.1298353482963801,4,139.0,0.19230161592244444,30,2634.0
3145.0,30,2746.0,41.60606060606061,4.912767374499574,0,0.0,1.0,1,17.0,0.4957480721306352,25,2608.0,0.15891985817244364,4,159.0,0.16172084791183253,30,2784.0
3150.0,29,2874.0,43.54545454545455,4.196783175690604,0,0.0,1.0,0,0.0,0.9932822630565202,25,2733.0,0.13382530293749728,4,180.0,0.1611111187107189,29,2913.0
3155.0,32,3031.0,44.5735294117647,4.324419457450882,0,0.0,1.0,0,0.0,0.8896503210233302,27,2865.0,0.09717729190381871,5,205.0,0.22064421908348733,32,3070.0
3160.0,33,3192.0,45.6,4.452357561832944,0,0.0,1.0,1,1.0,0.6274686499778167,27,3000.0,0.12018995940576646,5,230.0,0.15435750047798208,33,3231.0
3165.0,33,3357.0,48.65217391304348,4.095603968098779,0,0.0,1.0,1,6.0,0.4707304579333331,27,3132.0,0.06649507941298068,5,255.0,0.13797614683877155,33,3393.0
3170.0,22,1493.0,21.63768115942029,4.252668535777394,0,0.0,1.0,0,0.0,0.9499673867741016,15,2150.0,0.06923109507612166,6,283.0,0.12583875741760797,21,2433.0
3175.0,6,175.0,2.5,4.952831759403029,0,6.0,0.5733598765405111,0,6.0,0.7318220050530568,4,1257.0,0.13174405445497603,1,95.0,0.16001809258059793,5,1364.0
3180.0,2,92.0,1.295774647887324,7.219774543437765,0,0.0,0.7108487697812822,0,18.0,0.798099199257947,2,553.0,0.32865932219471505,0,8.0,0.45639163294703283,2,579.0
3185.0,3,107.0,1.5070422535211268,8.266097049217237,0,0.0,0.6466215224563345,1,23.0,0.769042224872989,2,189.0,0.49099514829498003,0,0.0,0.9808831512570876,3,212.0
3190.0,10,130.0,1.7808219178082192,7.5487615069191225,0,0.0,0.8461792068105873,1,13.0,0.7822369626359619,8,211.0,0.16446594190752534,0,0.0,0.9800210471000668,9,224.0
3195.0,13,193.0,2.5733333333333333,7.383707877790859,0,0.0,1.0,1,9.0,0.8670559442962233,10,260.0,0.14759072852926267,0,0.0,0.6960365974816591,11,269.0
3200.0,15,250.0,3.2467532467532467,7.3242104406885025,0,0.0,1.0,1,14.0,0.8603423586754122,12,313.0,0.10007716799541834,1,4.0,0.4978643964598013,14,331.0
3205.0,15,307.0,4.093333333333334,6.780445691486081,0,0.0,1.0,2,19.0,0.677690757567208,11,365.0,0.11755553941806315,1,9.0,0.6601860132837223,14,393.0
3210.0,18,362.0,5.246376811594203,5.800315611698572,0,0.0,1.0,5,37.0,0.38204232293147833,11,398.0,0.09593030145628025,1,14.0,0.3308159254395005,17,449.0
3215.0,17,433.0,6.765625,5.4205750591043,0,0.0,1.0,5,66.0,0.23878511850065248,11,453.0,0.022614969624160826,0,0.0,0.9502892490743443,16,519.0
3220.0,22,530.0,8.688524590163935,5.555857988022162,0,0.0,1.0,7,96.0,0.26842024921689983,14,523.0,0.14105346691542547,0,0.0,0.9736311274395982,21,619.0
3225.0,24,646.0,9.938461538461539,5.476035877261842,0,0.0,1.0,9,136.0,0.31061576519192463,14,592.0,0.06130649692955143,0,0.0,0.9703742763504608,23,728.0
3230.0,28,570.0,8.636363636363637,4.786682344964783,0,0.0,1.0,14,195.0,0.21327603811812543,14,529.0,0.06776051233839636,0,0.0,0.9710328367301517,28,724.0
3235.0,27,686.0,10.238805970149254,4.796928229758275,0,0.0,1.0,13,258.0,0.15838622469663788,13,527.0,0.06886669174174415,0,0.0,0.9901741520160153,26,785.0
3240.0,28,823.0,12.469696969696969,5.41711962302496,0,0.0,1.0,14,322.0,0.2371126591975215,13,592.0,0.08891931815658415,0,0.0,0.9842957477577562,27,914.0
3245.0,31,977.0,14.367647058823529,4.780992118673196,0,0.0,1.0,15,397.0,0.18497866915032052,15,666.0,0.11019138314336718,0,0.0,0.9375722291119479,30,1063.0
3250.0,34,1134.0,16.925373134328357,3.971454627669034,0,0.0,1.0,16,476.0,0.13916854522838226,15,734.0,0.13646861940681798,0,0.0,0.5008120873503313,31,1210.0
3255.0,26,918.0,13.701492537313433,4.336828006967201,0,3.0,0.9399220943353646,7,282.0,0.21471677704636669,15,809.0,0.10623015192154148,0,0.0,0.967292568531839,22,1094.0
3260.0,19,855.0,12.391304347826088,5.219846295613111,0,0.0,1.0,0,176.0,0.41681481493298844,15,887.0,0.15971068044250245,0,0.0,0.9726084653880467,15,1063.0
3265.0,20,953.0,14.43939393939394,5.6504428194341845,0,0.0,1.0,1,85.0,0.5183530604573133,15,971.0,0.25545560477121493,0,0.0,0.9724107591628901,16,1056.0
3270.0,19,957.0,15.19047619047619,6.205371602457446,0,0.0,1.0,1,8.0,0.4810694550087761,16,1048.0,0.2774652590299124,1,1.0,0.4936585287208195,18,1057.0
3275.0,19,1047.0,16.61904761904762,6.209162219682333,0,0.0,1.0,1,17.0,0.6583553346190644,17,1131.0,0.2319378407941897,1,6.0,0.47955485946874193,19,1154.0
3280.0,9,211.0,3.296875,6.436394886775619,0,0.0,1.0,1,22.0,0.6198195108560811,7,609.0,0.3119762213046815,1,11.0,0.622994834238855,9,642.0
3285.0,4,49.0,0.765625,6.908602418725474,0,6.0,0.6764906128191027,1,29.0,0.4564267740277632,1,206.0,0.49234277213955807,2,18.0,0.32845285534825436,4,259.0
3290.0,7,79.0,1.3389830508474576,7.147202549463341,1,10.0,0.21943758047668888,2,42.0,0.6079132891641423,2,60.0,0.5672587115373161,2,28.0,0.32975402511451757,7,140.0
3295.0,11,114.0,2.0357142857142856,6.546128619671947,3,24.0,0.10028962650170753,3,43.0,0.64162103560814,2,27.0,0.5380960613438813,3,38.0,0.22338567075451596,11,132.0
3300.0,13,163.0,2.9107142857142856,5.8197038810062605,5,41.0,0.033380459319805864,2,50.0,0.7266887336144219,2,37.0,0.5629044265143144,2,48.0,0.10415235901386571,11,176.0
3305.0,17,232.0,4.0701754385964914,5.615075915639284,8,74.0,0.010637610608578162,2,60.0,0.7658488831649091,2,47.0,0.14085773507205696,3,62.0,0.209715683027298,15,243.0
3310.0,18,306.0,5.368421052631579,5.2976330135578245,9,116.0,0.010744382551511195,2,70.0,0.7011190234302778,4,63.0,0.19380820676363322,3,77.0,0.2339673029305347,18,326.0
3315.0,15,292.0,4.9491525423728815,5.375079650721613,5,84.0,0.011111774787428759,3,84.0,0.457088486317018,4,83.0,0.19943961421731277,3,92.0,0.32299478943390836,15,343.0
3320.0,11,277.0,4.775862068965517,5.120554064590196,0,48.0,0.1308141235876407,5,107.0,0.2632741046449868,3,65.0,0.14386774505913275,3,107.0,0.38554471918893757,11,327.0
3325.0,13,336.0,5.793103448275862,6.051420494783759,0,17.0,0.41143819687712346,6,133.0,0.2314529521171495,4,78.0,0.0,3,122.0,0.33519372652489815,13,350.0
3330.0,15,410.0,6.833333333333333,6.385898542154056,0,0.0,1.0,8,172.0,0.1518399975832798,4,98.0,0.0,3,137.0,0.3327987788969837,15,407.0
3335.0,13,266.0,4.222222222222222,6.459975802123562,0,0.0,1.0,9,145.0,0.21433789581807627,4,118.0,0.05437076952508581,0,3.0,0.6641617955930599,13,266.0
3340.0,13,331.0,5.253968253968254,7.0659715606138676,0,0.0,1.0,9,190.0,0.2166522237598288,4,150.0,0.3973517217632243,0,0.0,0.9716062592746576,13,340.0
3345.0,16,404.0,6.733333333333333,6.671748139536728,0,0.0,1.0,10,239.0,0.24284494646233126,6,175.0,0.26668848664748657,0,0.0,0.9753980050021723,16,414.0
3350.0,17,489.0,8.578947368421053,5.879733260979847,0,0.0,1.0,10,289.0,0.2507756406536436,7,210.0,0.21159099834894898,0,0.0,0.9946124892889234,17,499.0
3355.0,24,598.0,10.872727272727273,5.201537116924147,0,0.0,1.0,11,342.0,0.16579163744439449,13,266.0,0.17178358136037378,0,0.0,0.8731198376330802,24,608.0
3360.0,17,369.0,6.833333333333333,4.859491172883874,0,0.0,1.0,3,151.0,0.21813826847652512,13,328.0,0.12242459334778065,1,3.0,0.7002518757948091,17,482.0
3365.0,10,263.0,4.781818181818182,5.707330421556608,0,0.0,1.0,1,44.0,0.3966692843904271,8,272.0,0.09079141271688262,1,8.0,0.7174834171416791,10,324.0
3370.0,10,299.0,5.339285714285714,6.706255570479085,0,3.0,0.5149174469354266,2,21.0,0.5542530956266579,7,289.0,0.33327199439847693,1,13.0,0.6650061580898108,10,326.0
3375.0,11,353.0,6.303571428571429,7.384733201197571,0,3.0,0.05043807932669358,2,34.0,0.7109554256357848,7,313.0,0.4236905395245634,2,22.0,0.573777187997766,11,372.0
3380.0,10,378.0,6.631578947368421,7.723807746482974,1,8.0,0.0,0,9.0,0.8460535705674376,7,348.0,0.45900188314757484,2,32.0,0.4629545092530224,10,397.0
3385.0,13,437.0,7.666666666666667,7.053061165375891,1,13.0,0.0,1,14.0,0.699970265216692,7,383.0,0.3723875066592503,4,46.0,0.22676191641369728,13,456.0
3390.0,17,511.0,8.810344827586206,6.7518382113692965,1,18.0,0.0,2,21.0,0.6957715596599932,7,421.0,0.4205041940963252,4,65.0,0.20747111384937492,14,525.0
3395.0,17,596.0,11.245283018867925,6.343942939285515,1,23.0,0.18635361794132943,2,31.0,0.6877144125098344,7,453.0,0.4240765887423218,4,85.0,0.15669345527403447,14,592.0
3400.0,18,675.0,12.735849056603774,5.343021096326228,2,32.0,4.6020384665609224e-05,1,23.0,0.6513102204806615,7,488.0,0.27369739353521766,4,105.0,0.16527567902625132,14,648.0
3405.0,22,781.0,13.946428571428571,5.0268436823346905,2,42.0,0.0,1,25.0,0.6667525006778356,10,536.0,0.08666624546808155,5,128.0,0.22451784445418696,18,731.0
3410.0,22,866.0,14.931034482758621,5.2452271538088535,2,52.0,0.0,1,30.0,0.5869889849695068,11,594.0,0.22794667884339545,5,153.0,0.30511249268268625,19,829.0
3415.0,19,671.0,11.568965517241379,5.045092891635002,2,62.0,0.0,1,35.0,0.6505564173946242,11,515.0,0.1354246230318856,5,178.0,0.2526661038417173,19,790.0
3420.0,12,328.0,5.559322033898305,5.5738963535605945,2,72.0,0.0,1,40.0,0.353224967494633,8,362.0,0.20800639750072764,0,50.0,0.40437105736143913,11,524.0
3425.0,13,391.0,6.627118644067797,6.847394767874514,2,82.0,0.0,2,48.0,0.3310736790702609,8,288.0,0.35010728178334777,0,0.0,0.7673448161766309,12,418.0
3430.0,16,464.0,8.140350877192983,6.328799228100988,2,92.0,0.0,2,58.0,0.31020765480649354,11,323.0,0.17963367595240204,0,0.0,0.9375035858265577,15,473.0
3435.0,9,375.0,6.818181818181818,6.049246720367854,2,102.0,0.0,2,73.0,0.46383572490306946,3,243.0,0.2718454643928617,1,1.0,0.6619818944124051,8,419.0
3440.0,5,282.0,4.862068965517241,7.3187588494693365,0,6.0,0.605448044467134,2,86.0,0.5812394205988841,3,207.0,0.3927240542067144,0,0.0,0.9570761448239564,5,299.0
3445.0,4,284.0,4.813559322033898,8.091790930960945,0,0.0,0.6181225071672604,1,70.0,0.7456700134671548,3,219.0,0.22550100981114488,0,0.0,0.9683822376545951,4,289.0
3450.0,6,310.0,5.254237288135593,8.38212695937704,0,0.0,1.0,2,78.0,0.7190646256003002,4,237.0,0.18930926385994357,0,0.0,0.9591370844525464,6,315.0
3455.0,7,140.0,2.5,7.52517200518456,0,0.0,1.0,2,106.0,0.7008444053676696,2,151.0,0.28821823134195934,0,0.0,0.6575556234427502,4,257.0
3460.0,13,154.0,2.566666666666667,6.731748908235428,0,0.0,1.0,3,121.0,0.6360889418759812,2,14.0,0.3295534166879742,1,5.0,0.5938543133675753,6,140.0
3465.0,10,156.0,2.736842105263158,6.980303002270718,0,0.0,1.0,3,118.0,0.6729246673252921,2,23.0,0.4483057128810864,3,15.0,0.24905178638267012,8,156.0
3470.0,12,197.0,3.517857142857143,6.700042130798576,0,0.0,1.0,4,135.0,0.5036127402860789,3,31.0,0.2447582669867851,3,30.0,0.23080736203832053,10,196.0
3475.0,9,182.0,3.3703703703703702,6.233207810438095,0,0.0,1.0,5,159.0,0.40316386490242573,2,25.0,0.19172759287988822,0,13.0,0.6439566355251966,7,197.0
3480.0,14,241.0,4.7254901960784315,5.513078120214475,0,0.0,1.0,7,189.0,0.3352221806294458,3,44.0,0.21792803980698347,0,0.0,0.946060091703838,10,233.0
3485.0,9,168.0,3.230769230769231,5.5110605660755425,0,0.0,1.0,1,113.0,0.4367585262183778,6,65.0,0.2515009224284519,0,0.0,0.9348082727102861,7,178.0
3490.0,11,201.0,3.792452830188679,6.22679376962183,0,0.0,1.0,2,115.0,0.5712101458150298,9,103.0,0.09504394033678043,0,0.0,0.9799323598704576,11,218.0
3495.0,13,263.0,4.696428571428571,6.550196040881782,0,0.0,1.0,2,122.0,0.2930120697891453,9,154.0,0.23814509720197322,0,0.0,0.9707803063259399,11,276.0
3500.0,17,341.0,6.2,5.8499233210184665,0,0.0,1.0,3,135.0,0.3900334200218611,9,196.0,0.3229308237427187,1,2.0,0.470783638174842,13,333.0
3505.0,16,406.0,7.25,5.5285396900802874,0,0.0,1.0,1,125.0,0.6381939058210205,9,241.0,0.31736995381953964,1,7.0,0.4899095122618776,11,373.0
3510.0,15,476.0,8.981132075471699,6.118108886847448,0,0.0,1.0,1,132.0,0.573065520836716,9,289.0,0.36076823897247734,1,12.0,0.4788136610093831,11,433.0
3515.0,13,457.0,8.622641509433961,6.145475783966846,0,0.0,1.0,2,139.0,0.5921355417564512,7,292.0,0.36527091413054763,0,0.0,0.9544823131480189,9,431.0
3520.0,12,454.0,8.73076923076923,6.339458078265295,0,0.0,1.0,2,165.0,0.6557374521351392,6,240.0,0.3578320212487024,0,0.0,0.9975090555384338,8,405.0
3525.0,14,521.0,10.01923076923077,5.936933351333981,0,0.0,1.0,2,183.0,0.6564322231032619,8,249.0,0.28431738678832597,0,0.0,0.9384431399143061,10,432.0
3530.0,17,599.0,11.092592592592593,5.204875103911906,0,0.0,0.01518871033765952,2,178.0,0.5563300677083363,10,293.0,0.22512746323738048,0,0.0,0.9560259342459235,12,471.0
3535.0,13,383.0,6.963636363636364,5.192446873952467,1,5.0,0.0,3,183.0,0.5760486658098438,3,97.0,0.35907158971329906,0,0.0,0.987805269945791,7,285.0
3540.0,12,432.0,7.714285714285714,6.157220860281953,1,19.0,0.41407007064196977,3,204.0,0.669878703939869,1,28.0,0.5127778426977864,0,0.0,0.9626833547079616,5,251.0
3545.0,10,294.0,5.345454545454546,6.696830693666703,1,24.0,0.09249880665273151,3,222.0,0.6946365243992506,2,27.0,0.5405700316904697,0,0.0,0.9750980837948534,6,273.0
3550.0,8,292.0,5.407407407407407,6.945446258030899,3,39.0,0.02882678101102379,3,234.0,0.7079573405146374,2,37.0,0.4476401809852065,0,0.0,0.9376602600187958,8,310.0
3555.0,8,290.0,5.686274509803922,7.038367192712427,5,59.0,0.0056998045181620065,3,249.0,0.6021159230880341,0,14.0,0.11733059398208952,0,0.0,0.9698311371830861,8,322.0
3560.0,10,333.0,6.66,7.320344207795526,6,87.0,0.0007755516010045394,3,261.0,0.6042618490828165,0,3.0,0.9694768467682133,0,0.0,0.9806684872454963,9,351.0
3565.0,6,283.0,5.4423076923076925,7.433090020269301,1,34.0,0.025629528148311983,4,278.0,0.6279406222648161,0,0.0,0.937266783449322,0,0.0,0.990191372020691,5,312.0
3570.0,6,294.0,5.88,6.91223408993038,0,9.0,0.3002272076255031,5,299.0,0.46618949441024626,1,2.0,0.32301691000652516,0,0.0,0.9806261633900892,6,310.0
3575.0,10,330.0,6.73469387755102,6.060747641074421,0,0.0,1.0,9,333.0,0.11540431339340625,1,5.0,0.4559653062080808,0,0.0,0.9305270555208419,10,338.0
3580.0,11,382.0,7.795918367346939,6.259793355556745,0,0.0,1.0,9,383.0,0.16499257100942974,2,12.0,0.020783243897558822,0,0.0,0.9535766360508202,11,395.0
3585.0,15,449.0,9.16326530612245,6.035442913371305,0,0.0,1.0,12,436.0,0.14258818275130808,3,26.0,0.13785779569797688,0,0.0,0.9070604912781991,15,462.0
3590.0,14,298.0,6.208333333333333,5.819607512304103,0,0.0,1.0,10,283.0,0.2131094950033504,4,42.0,0.00041820763553193657,0,0.0,0.875617642043287,14,325.0
3595.0,15,370.0,8.222222222222221,5.678929509571205,0,0.0,1.0,11,320.0,0.27116570585189487,4,65.0,0.2801396289666047,0,0.0,0.5138397676313166,15,385.0
3600.0,15,445.0,9.673913043478262,5.9425568621249525,0,0.0,1.0,11,375.0,0.2718019968914147,4,85.0,0.43381110975843856,0,0.0,0.9464780152679236,15,460.0
