step,system_total_stopped,system_total_waiting_time,system_mean_waiting_time,system_mean_speed,cluster_10564135163_13571629282_5146149679_stopped,cluster_10564135163_13571629282_5146149679_accumulated_waiting_time,cluster_10564135163_13571629282_5146149679_average_speed,cluster_10564135205_11749189839_3266988437_5129187741_#3more_stopped,cluster_10564135205_11749189839_3266988437_5129187741_#3more_accumulated_waiting_time,cluster_10564135205_11749189839_3266988437_5129187741_#3more_average_speed,cluster_10564135211_11749189838_12136544949_12136544951_#7more_stopped,cluster_10564135211_11749189838_12136544949_12136544951_#7more_accumulated_waiting_time,cluster_10564135211_11749189838_12136544949_12136544951_#7more_average_speed,cluster_10564135212_13571629279_13571629299_stopped,cluster_10564135212_13571629279_13571629299_accumulated_waiting_time,cluster_10564135212_13571629279_13571629299_average_speed,agents_total_stopped,agents_total_accumulated_waiting_time
0.0,0,0.0,0.0,0.0,0,0.0,1.0,0,0.0,1.0,0,0.0,1.0,0,0.0,1.0,0,0.0
5.0,0,0.0,0.0,10.771966266441888,0,0.0,1.0,0,0.0,0.9389362571940644,0,0.0,1.0,0,0.0,0.9395678732999255,0,0.0
10.0,0,0.0,0.0,10.117031290017554,0,0.0,1.0,0,0.0,0.9360436918730247,0,0.0,1.0,0,0.0,0.9367052273837582,0,0.0
15.0,0,0.0,0.0,8.944207061452262,0,0.0,1.0,0,0.0,0.9973304732304163,0,0.0,1.0,0,0.0,0.9973580856240434,0,0.0
20.0,0,0.0,0.0,8.63634410206993,0,0.0,1.0,0,0.0,0.9430745245133114,0,0.0,1.0,0,0.0,0.9476936625170893,0,0.0
25.0,0,0.0,0.0,9.13951037769929,0,0.0,1.0,0,0.0,0.9828058960868717,0,0.0,0.9202475018159265,0,0.0,0.9705300320621766,0,0.0
30.0,1,3.0,0.23076923076923078,7.783375455363794,0,0.0,1.0,0,0.0,0.9649101889320559,1,3.0,0.49021388718030784,0,0.0,0.9403031626050713,1,3.0
35.0,1,8.0,0.5714285714285714,7.799007155539049,0,0.0,1.0,0,0.0,0.9669911112065348,1,8.0,0.46809038030998956,0,0.0,0.9658035528609946,1,8.0
40.0,1,13.0,0.7647058823529411,7.015429131956186,0,0.0,1.0,0,0.0,0.9895340889375351,1,13.0,0.4817210480391729,0,0.0,0.5525208902886273,1,13.0
45.0,1,4.0,0.2222222222222222,7.6430402558808295,0,0.0,1.0,0,0.0,0.9726828963117629,0,0.0,0.9756694751864954,1,4.0,0.46231129423574147,1,4.0
50.0,2,10.0,0.5263157894736842,8.039934443337284,0,0.0,1.0,0,0.0,0.9632870721618103,1,1.0,0.649224833507903,1,9.0,0.49012861680925207,2,10.0
55.0,2,7.0,0.30434782608695654,8.058219870418702,0,0.0,1.0,1,1.0,0.5452037370597949,1,6.0,0.644109783750245,0,0.0,0.9697662369455471,2,7.0
60.0,3,19.0,0.8260869565217391,7.63045850775282,0,0.0,1.0,2,8.0,0.33271602403603356,1,14.0,0.6012723858414224,0,0.0,0.9592078245352071,3,22.0
65.0,4,37.0,1.6818181818181819,7.00611509483604,0,0.0,1.0,2,18.0,0.31965574018428133,2,22.0,0.4731375148626763,0,0.0,0.9358182201919344,4,40.0
70.0,5,58.0,2.5217391304347827,6.727729630100943,0,0.0,1.0,2,28.0,0.32920207301665344,3,34.0,0.2387695220802329,0,0.0,0.984356241224657,5,62.0
75.0,6,85.0,3.269230769230769,6.375898993175629,0,0.0,1.0,3,40.0,0.11667685287943419,3,49.0,0.3792006247391862,0,0.0,0.9894649405467206,6,89.0
80.0,6,115.0,4.107142857142857,5.9880560452289275,0,0.0,1.0,3,55.0,0.3348131321361937,3,64.0,0.4563375138540957,0,0.0,0.9332429967965481,6,119.0
85.0,3,70.0,2.5,6.008990085039796,0,0.0,1.0,3,70.0,0.386162293514069,0,0.0,0.6661447656828439,0,0.0,0.9645342648535149,3,70.0
90.0,4,86.0,3.0714285714285716,6.427272172270441,0,0.0,0.692273558070656,3,91.0,0.43740016104918783,1,1.0,0.18235568386338313,0,0.0,0.985790352689045,4,92.0
95.0,6,110.0,3.5483870967741935,6.077310647564117,0,3.0,0.015608256967201898,4,108.0,0.45032785673433573,2,9.0,0.3276388904305101,0,0.0,0.8510622292815543,6,120.0
100.0,10,153.0,4.78125,6.200138136741243,2,11.0,1.5396998575884646e-05,4,128.0,0.4220668101425084,2,19.0,0.02173020297189165,1,4.0,0.657021953076343,9,162.0
105.0,7,174.0,5.2727272727272725,6.765464198126622,0,0.0,1.0,4,148.0,0.4264732017517491,3,33.0,2.5359778959293873e-06,0,0.0,0.9439683185419818,7,181.0
110.0,8,212.0,5.72972972972973,6.993231442868743,0,0.0,1.0,5,171.0,0.39323820902843487,3,51.0,0.18984607557846184,0,0.0,0.9648333426019332,8,222.0
115.0,8,232.0,6.105263157894737,6.770064881540752,0,0.0,1.0,4,171.0,0.4444348608894889,4,68.0,0.06261923707957003,0,0.0,0.9834672867197729,8,239.0
120.0,12,287.0,7.175,6.156638405882454,0,0.0,1.0,6,193.0,0.37763338565466387,6,98.0,0.05686411363753958,0,0.0,0.952383131950841,12,291.0
125.0,11,330.0,8.048780487804878,6.026629210213893,0,0.0,1.0,7,226.0,0.3161580589237651,4,111.0,0.1869916458601237,0,0.0,0.9719322352129511,11,337.0
130.0,12,386.0,9.414634146341463,5.9074055868855915,0,0.0,1.0,8,265.0,0.2050547431013424,4,128.0,0.3284889330940521,0,0.0,0.9814175916449004,12,393.0
135.0,5,147.0,3.5853658536585367,6.313487383935954,0,0.0,1.0,0,38.0,0.42220654875036573,4,148.0,0.3540514491010478,1,3.0,0.4830106599923243,5,189.0
140.0,5,172.0,4.3,7.697380793039471,0,0.0,1.0,0,6.0,0.9565179081513543,4,168.0,0.4667973961393955,1,8.0,0.5852738028132314,5,182.0
145.0,2,76.0,1.7674418604651163,8.830320459728219,0,0.0,1.0,0,6.0,0.973556754365265,2,140.0,0.660094785616879,0,0.0,0.9433003727253851,2,146.0
150.0,2,86.0,1.9545454545454546,9.45531013537038,0,0.0,1.0,0,6.0,0.9660328847805082,2,102.0,0.6602445286193271,0,0.0,0.9598958443570377,2,108.0
155.0,5,102.0,2.2666666666666666,8.715539385484377,0,0.0,1.0,0,6.0,0.8698430464881451,5,118.0,0.5732355297902628,0,0.0,0.9413311875695185,5,124.0
160.0,9,134.0,2.977777777777778,7.306360851930496,0,0.0,1.0,1,9.0,0.3382185243935016,7,146.0,0.39491664437400575,0,0.0,0.9421753181670605,8,155.0
165.0,7,146.0,3.2444444444444445,6.633716780640079,0,0.0,1.0,2,19.0,0.295333603937162,3,141.0,0.511499341054705,0,0.0,0.6121814384549679,5,160.0
170.0,8,171.0,3.717391304347826,6.768793783905542,0,3.0,0.956888115268438,3,40.0,0.37148793332302255,3,142.0,0.5393501374738585,2,5.0,0.3149757989631517,8,190.0
175.0,8,211.0,4.586956521739131,7.980106021753803,0,0.0,0.9645169202125302,3,55.0,0.4852269697687823,3,154.0,0.4816109383488582,2,15.0,0.32077582052790016,8,224.0
180.0,10,252.0,5.361702127659575,7.29109891027674,0,0.0,0.9616991934289328,3,70.0,0.4772141847386766,5,170.0,0.0015193506092280294,2,25.0,0.4829534379917012,10,265.0
185.0,8,262.0,5.574468085106383,7.506813750512916,0,0.0,1.0,4,84.0,0.32351195734263877,3,184.0,0.18559114057876075,0,0.0,0.9389077470414219,7,268.0
190.0,9,306.0,6.244897959183674,8.088155389731952,0,0.0,1.0,4,104.0,0.39010265780357134,3,205.0,0.38084991423218345,0,0.0,0.9387368205000887,7,309.0
195.0,12,359.0,7.638297872340425,7.353106047941684,0,0.0,1.0,4,124.0,0.379880997800785,6,228.0,0.13573350806088041,0,0.0,0.9254420594502183,10,352.0
200.0,12,419.0,9.108695652173912,6.875406329700752,0,0.0,1.0,4,144.0,0.32449501531997277,6,258.0,0.0036615484226450623,0,0.0,0.9595918959661266,10,402.0
205.0,12,440.0,9.565217391304348,6.043005853478153,0,0.0,1.0,4,164.0,0.25492512607088974,7,291.0,0.1118300474799027,1,1.0,0.6383883222391952,12,456.0
210.0,12,281.0,6.2444444444444445,5.643882756293346,0,0.0,1.0,6,209.0,0.2803048631243358,5,197.0,0.01780912447908343,1,6.0,0.3318334438884119,12,412.0
215.0,14,261.0,5.553191489361702,6.19196087837006,0,3.0,0.8948388972889515,7,241.0,0.18961187027973256,2,58.0,0.29840060696631027,2,15.0,0.3163218006086383,11,317.0
220.0,16,336.0,7.148936170212766,5.954303966228568,0,0.0,1.0,7,260.0,0.26219224726129153,3,50.0,0.24220062634009984,2,25.0,0.42585450311487044,12,335.0
225.0,16,388.0,8.622222222222222,5.241787911002408,0,0.0,1.0,7,295.0,0.25514971505172246,3,65.0,0.2201299096527741,0,0.0,0.9573570050675437,10,360.0
230.0,18,478.0,10.391304347826088,5.503374066927726,0,0.0,1.0,8,335.0,0.2578167901097796,3,87.0,0.26700776871082965,0,0.0,0.953519142783192,11,422.0
235.0,13,210.0,4.468085106382978,4.973971820619091,0,0.0,1.0,0,53.0,0.4350916119217437,5,109.0,0.1370683801364933,0,0.0,0.9856295786166948,5,162.0
240.0,9,167.0,3.5531914893617023,5.681950093563233,0,0.0,1.0,0,0.0,0.7906174085399467,1,40.0,0.2612689524065443,0,0.0,0.9772492329385212,1,40.0
245.0,10,200.0,4.166666666666667,6.7569785949959185,0,0.0,1.0,1,11.0,0.7047573321227357,0,22.0,0.815200997569834,0,0.0,0.9848900529062641,1,33.0
250.0,11,255.0,5.425531914893617,6.877059047423642,0,0.0,1.0,1,16.0,0.7049758562322995,0,9.0,0.9072268763691729,0,0.0,0.9676165521235285,1,25.0
255.0,11,248.0,5.166666666666667,7.071777649071595,0,0.0,1.0,2,25.0,0.7589537928153713,0,9.0,0.9435902002000024,0,0.0,0.9321332094977259,2,34.0
260.0,10,288.0,5.877551020408164,7.075453668564329,0,0.0,1.0,2,35.0,0.6228110147742209,0,9.0,0.9450524680110596,0,0.0,0.9723290729527507,2,44.0
265.0,11,292.0,6.488888888888889,6.692267747533358,0,0.0,1.0,4,53.0,0.6007562393274429,0,9.0,0.972269903576613,0,0.0,0.9686529472799856,4,62.0
270.0,7,111.0,2.466666666666667,6.503990309706754,0,0.0,1.0,4,73.0,0.6519890897057496,1,10.0,0.30824053967620035,0,0.0,0.9714682597878946,5,83.0
275.0,6,84.0,1.7872340425531914,6.16261404234458,0,0.0,1.0,3,73.0,0.5323178046251541,3,23.0,0.1737762765838261,0,0.0,0.9553124318019978,6,96.0
280.0,9,122.0,2.595744680851064,5.914014696025925,0,0.0,1.0,4,90.0,0.27882266761378355,4,40.0,0.00460456699695621,1,1.0,0.496986455273353,9,131.0
285.0,11,170.0,3.4693877551020407,6.517818242328402,0,0.0,1.0,5,115.0,0.2766638524199188,6,115.0,0.38262135488291454,0,0.0,0.9474607700326468,11,230.0
290.0,5,140.0,2.7450980392156863,7.213544889241759,0,0.0,1.0,5,140.0,0.28455884691703603,0,22.0,0.6294961987622286,0,0.0,0.9634960695204939,5,162.0
295.0,6,167.0,3.150943396226415,7.867236049486132,0,6.0,0.5437796392369625,5,165.0,0.27219169489399453,0,3.0,0.8447005431275035,0,0.0,0.9832443692364119,5,174.0
300.0,3,25.0,0.4807692307692308,7.8299822011523155,1,10.0,0.18906506502980647,1,82.0,0.5267822840059649,1,33.0,0.7551859968990987,0,0.0,0.974222084379508,3,125.0
305.0,6,27.0,0.5625,7.260664503702315,3,23.0,0.02922991427951488,0,0.0,0.9411367432453132,3,42.0,0.6040322953349551,0,0.0,0.994189440891437,6,65.0
310.0,8,59.0,1.1346153846153846,6.924638026714206,4,39.0,0.0036313230920377677,0,39.0,0.7891798824520153,4,61.0,0.30972066152448585,0,0.0,0.98223064220776,8,139.0
315.0,13,118.0,2.269230769230769,6.864837544215747,5,63.0,0.0007514346236101835,1,42.0,0.7671087789449147,7,93.0,0.2011810956293485,0,0.0,0.9930824906577502,13,198.0
320.0,12,175.0,3.4313725490196076,6.852301448471048,5,88.0,0.00011795975784033431,0,39.0,0.7941429258453996,7,128.0,0.2016567425008977,0,0.0,0.979437400204464,12,255.0
325.0,15,243.0,4.584905660377358,6.194515058681315,5,113.0,2.345235944781631e-05,2,6.0,0.29416416989668587,8,165.0,0.09147605743248836,0,0.0,0.9680101605188406,15,284.0
330.0,15,280.0,5.283018867924528,6.2830482674387085,5,138.0,3.1615560119964937e-06,4,22.0,0.1875780240899722,5,163.0,0.3779485703427702,0,0.0,0.9319795906864916,14,323.0
335.0,15,355.0,6.826923076923077,6.486624110191182,5,166.0,0.08328875678053814,4,45.0,0.4588085736650819,5,185.0,0.3611981503806014,0,0.0,0.9545944249412592,14,396.0
340.0,9,240.0,4.615384615384615,6.222564013805803,0,64.0,0.0868101736409502,4,65.0,0.4303362552887321,5,239.0,0.3126343954611236,0,0.0,0.9749331569016704,9,368.0
345.0,11,291.0,5.290909090909091,6.688691306194952,0,3.0,0.17101854121123566,5,88.0,0.3599915115033259,6,267.0,0.24521170932705078,0,0.0,0.96871780996931,11,358.0
350.0,9,292.0,5.509433962264151,7.124993791632723,0,0.0,1.0,5,113.0,0.4190807964797874,4,224.0,0.36031756321624075,0,0.0,0.9747883289148456,9,337.0
355.0,11,343.0,6.236363636363636,7.510475780055097,0,0.0,1.0,5,141.0,0.473345509505425,6,208.0,0.2413856574605171,0,0.0,0.9707375508326135,11,349.0
360.0,13,402.0,7.444444444444445,6.965555641278205,0,0.0,1.0,5,166.0,0.3256644151996512,7,240.0,0.11746509574071502,1,2.0,0.4955979903314971,13,408.0
365.0,12,356.0,6.357142857142857,6.853430743459269,0,0.0,1.0,4,116.0,0.4116506424924966,7,275.0,0.29005186325365395,1,7.0,0.17437602893853754,12,398.0
370.0,11,382.0,7.2075471698113205,7.119909929243847,0,0.0,1.0,2,65.0,0.4907931400131795,7,310.0,0.2158703506097386,2,16.0,0.22979740957647674,11,391.0
375.0,11,419.0,8.215686274509803,6.62904087266774,0,0.0,1.0,3,72.0,0.37115717749620475,7,345.0,0.2364055210115465,0,0.0,0.9673811057220965,10,417.0
380.0,12,479.0,8.87037037037037,6.443848036898579,0,0.0,1.0,3,87.0,0.28151245865496305,7,389.0,0.36108574121599074,0,0.0,0.9337681067949171,10,476.0
385.0,17,488.0,9.20754716981132,5.652734728348961,0,0.0,1.0,4,44.0,0.3086755514651749,11,431.0,0.2689639328767368,0,0.0,0.9808538171950731,15,475.0
390.0,12,450.0,8.333333333333334,5.728572140712334,0,0.0,1.0,4,64.0,0.3842086058246522,6,373.0,0.4024275853444318,0,0.0,0.9309778660872357,10,437.0
395.0,12,500.0,9.433962264150944,6.456239091798253,0,6.0,0.5886769592617459,5,88.0,0.4405829511646768,5,385.0,0.45947625195878056,0,0.0,0.9697243948016021,10,479.0
400.0,13,561.0,10.2,6.616893905561243,0,0.0,0.8943745343426098,5,116.0,0.32334818426069717,5,404.0,0.42325016635504265,0,0.0,0.985909340578145,10,520.0
405.0,10,506.0,9.547169811320755,6.770832191908875,0,0.0,1.0,3,51.0,0.5168246426518915,5,429.0,0.3597957682354039,0,0.0,0.9570518329312064,8,480.0
410.0,8,481.0,8.745454545454546,7.240300455782452,0,0.0,1.0,3,39.0,0.6062826872652528,5,454.0,0.3527115092434765,0,0.0,0.9486796718319126,8,493.0
415.0,8,521.0,8.830508474576272,8.031439341102855,0,0.0,1.0,3,54.0,0.6684351767208001,5,479.0,0.3751231555921702,0,0.0,0.9858418350673059,8,533.0
420.0,8,561.0,9.842105263157896,8.197689046682164,0,0.0,1.0,3,69.0,0.5917980305335205,5,505.0,0.42499902971016645,0,0.0,0.9507220609245565,8,574.0
425.0,8,532.0,9.672727272727272,7.3748074882100605,0,0.0,1.0,3,39.0,0.41537391439609145,5,530.0,0.3220118999429157,0,0.0,0.9648374702280785,8,569.0
430.0,11,574.0,11.254901960784315,6.7894419532205195,0,0.0,1.0,3,24.0,0.3567559456055888,6,559.0,0.28824685731419486,0,0.0,0.9871184600398183,9,583.0
435.0,12,627.0,12.54,5.6141988030864685,0,0.0,1.0,3,39.0,0.21517630542018562,8,597.0,0.2697465183084878,0,0.0,0.9425657895514452,11,636.0
440.0,14,693.0,14.4375,5.856119150564585,0,0.0,1.0,5,61.0,0.35121654379435396,8,637.0,0.3549277831242589,0,0.0,0.8148036410313324,13,698.0
445.0,14,701.0,14.604166666666666,5.757324240784828,0,0.0,1.0,0,7.0,0.7748012028382604,10,683.0,0.2589712647128531,1,3.0,0.48883988839113773,11,693.0
450.0,10,642.0,13.10204081632653,6.05101889899246,0,0.0,1.0,1,1.0,0.4864942858233821,8,663.0,0.23392077274941595,1,8.0,0.4875560884126213,10,672.0
455.0,10,646.0,12.666666666666666,7.2412578799137535,0,0.0,1.0,1,6.0,0.5376663466192484,7,660.0,0.38041142779043113,0,0.0,0.8868647588653428,8,666.0
460.0,11,701.0,13.48076923076923,6.889173647543948,0,0.0,0.9314976227597009,2,16.0,0.46402300167650007,7,682.0,0.31028629767870586,0,0.0,0.9611041904967887,9,698.0
465.0,15,767.0,15.03921568627451,6.651238434108883,0,0.0,1.0,2,26.0,0.4823271584080271,11,728.0,0.24309394741549922,0,0.0,0.9640524630081508,13,754.0
470.0,8,724.0,13.660377358490566,7.015479432351145,0,0.0,1.0,2,36.0,0.6067055516061276,6,704.0,0.3020214767873547,0,0.0,0.9380159004443436,8,740.0
475.0,7,752.0,15.666666666666666,7.54025888965149,0,6.0,0.6027268169570372,2,52.0,0.6083811342817101,5,712.0,0.4355529272903409,0,0.0,0.9449842669270667,7,770.0
480.0,7,787.0,17.108695652173914,7.290072827548755,0,0.0,1.0,2,62.0,0.5014096082648781,5,734.0,0.3200509974493968,0,0.0,0.9851239433699323,7,796.0
485.0,7,766.0,17.022222222222222,7.062566315789854,0,0.0,1.0,0,10.0,0.7669448403610142,6,761.0,0.24747344267109103,0,0.0,0.958572004791881,6,771.0
490.0,7,425.0,8.854166666666666,7.274013167215894,0,0.0,1.0,0,6.0,0.8350514207413289,5,599.0,0.19913933527276415,0,0.0,0.949252887176361,5,605.0
495.0,4,32.0,0.6530612244897959,7.616320623908318,0,0.0,1.0,1,11.0,0.7988978128144194,3,251.0,0.35003721217467587,0,0.0,0.4770255109272386,4,262.0
500.0,5,57.0,1.163265306122449,8.263788450416172,0,0.0,1.0,1,16.0,0.8021956114467074,3,45.0,0.38521762298111284,1,5.0,0.4984057880551984,5,66.0
505.0,5,67.0,1.3673469387755102,7.72659547557165,0,0.0,1.0,0,0.0,0.7798388273118027,3,60.0,0.22963604422911396,2,10.0,0.3152525453917824,5,70.0
510.0,6,74.0,1.574468085106383,7.02055928250088,0,0.0,1.0,1,2.0,0.4814204142596938,2,56.0,0.47005032606906527,1,15.0,0.15905912729096922,4,73.0
515.0,3,70.0,1.5217391304347827,7.257832157785012,0,2.0,0.5622414473270065,1,7.0,0.4807970665916174,2,69.0,0.5702487029893847,0,0.0,0.8644282046308068,3,78.0
520.0,3,85.0,1.8085106382978724,7.55736463935816,0,5.0,0.10188984618667431,1,12.0,0.4766229003028684,2,85.0,0.5526907285181297,0,0.0,0.9739233166833988,3,102.0
525.0,5,95.0,1.9387755102040816,7.727059537235736,2,14.0,0.1686786407100395,0,0.0,0.9012838142280423,2,86.0,0.5878137041600995,0,0.0,0.9331184543240816,4,100.0
530.0,8,128.0,2.6122448979591835,7.548905942355971,3,28.0,0.0,0,0.0,0.9424528485608415,2,96.0,0.5812240311906645,0,0.0,0.9582920053967068,5,124.0
535.0,5,119.0,2.5319148936170213,6.862938999926453,0,8.0,0.06954098150458408,0,6.0,0.875998544111998,3,110.0,0.47646273050257665,0,0.0,0.9930902525163074,3,124.0
540.0,6,132.0,2.8085106382978724,7.318614921298089,0,0.0,1.0,0,6.0,0.9529780573081076,3,122.0,0.4831485036057909,1,2.0,0.4675888967341937,4,130.0
545.0,8,149.0,3.0408163265306123,7.010986660741733,0,0.0,1.0,0,6.0,0.7881044192477451,6,144.0,0.271067552529,1,7.0,0.6294089872095197,7,157.0
550.0,9,177.0,3.6875,6.543400690277156,0,0.0,1.0,1,9.0,0.7744355521403562,4,151.0,0.3572240672616132,1,12.0,0.5017372780789877,6,172.0
555.0,7,198.0,3.8823529411764706,7.025611100875832,0,3.0,0.5449109647750774,1,14.0,0.5698222555949407,4,171.0,0.419399806537326,2,22.0,0.49572106692311774,7,210.0
560.0,8,211.0,3.981132075471698,7.439368814584046,0,0.0,0.6488226493683321,2,23.0,0.4128497314258264,4,191.0,0.4721323771407664,0,0.0,0.9386826691425915,6,214.0
565.0,6,235.0,4.519230769230769,8.161111308597722,0,0.0,0.8856557413855413,2,33.0,0.4847523381564997,4,214.0,0.5232751122254898,0,0.0,0.9452953190842835,6,247.0
570.0,8,273.0,5.150943396226415,7.768174522781717,0,0.0,1.0,3,47.0,0.42401793491418455,4,228.0,0.4676777257770309,0,0.0,0.9732502829607949,7,275.0
575.0,10,319.0,6.38,7.097933905323213,0,0.0,1.0,3,62.0,0.469418744682362,4,248.0,0.5203181379463253,0,0.0,0.9896266160406032,7,310.0
580.0,12,370.0,7.4,6.850736170973038,0,0.0,0.9821421081280799,4,81.0,0.427266568972216,5,273.0,0.5159408705778475,0,0.0,0.9553500605457497,9,354.0
585.0,11,390.0,8.478260869565217,5.646897533395042,1,1.0,0.0035648240156794745,5,112.0,0.4743438018750058,5,290.0,0.38075356309068176,0,0.0,0.5027689433090857,11,403.0
590.0,12,450.0,9.782608695652174,5.714084514194076,1,6.0,0.0,5,137.0,0.4750977620419416,5,315.0,0.23868905416785535,1,5.0,0.46749084788349426,12,463.0
595.0,14,517.0,11.0,5.7611645163569545,1,11.0,0.0,6,164.0,0.44006027493902233,6,345.0,0.2338176298016894,1,5.0,0.6192621186000858,14,525.0
600.0,12,556.0,12.08695652173913,6.194538684167267,0,0.0,1.0,6,194.0,0.43557860683767535,6,375.0,0.3752105719111119,0,0.0,0.9645153129325451,12,569.0
605.0,12,616.0,13.106382978723405,6.157085977392328,0,0.0,1.0,6,224.0,0.3230478052300285,6,408.0,0.23410574514274352,0,0.0,0.959072780682539,12,632.0
610.0,17,687.0,14.3125,5.74382368415215,0,0.0,1.0,6,254.0,0.31535873144619087,11,449.0,0.07874408936601883,0,0.0,0.9408388957616625,17,703.0
615.0,18,769.0,15.38,5.547467260485242,0,0.0,1.0,7,285.0,0.15642843398010403,11,501.0,0.13156293818360126,0,0.0,0.9496473471501621,18,786.0
620.0,20,865.0,16.96078431372549,5.37620213868646,0,0.0,1.0,9,326.0,0.09474951128106236,11,556.0,0.1338082503772863,0,0.0,0.9394328315099916,20,882.0
625.0,10,567.0,10.69811320754717,5.454793434846156,0,0.0,1.0,5,226.0,0.1434969420019722,5,493.0,0.05788455597860778,0,0.0,0.9685025340174271,10,719.0
630.0,9,535.0,11.382978723404255,6.303598984670623,0,3.0,0.5338085989119653,3,87.0,0.34694028947744343,6,493.0,0.0634931387155543,0,0.0,0.9189527978006529,9,583.0
635.0,10,581.0,11.857142857142858,6.866513522005126,0,0.0,1.0,3,62.0,0.3902738138965553,6,526.0,0.27206302656531745,0,0.0,0.9348030121222529,9,588.0
640.0,11,636.0,12.72,7.1053292837423285,0,0.0,1.0,4,82.0,0.4700141118661092,6,556.0,0.2902680552351127,0,0.0,0.9362274336501328,10,638.0
645.0,5,271.0,5.211538461538462,7.339942712560652,0,0.0,1.0,0,5.0,0.9581002937109595,4,431.0,0.41546177221168223,0,0.0,0.9559241488090808,4,436.0
650.0,2,65.0,1.2037037037037037,8.799260173581944,0,0.0,1.0,0,12.0,0.9678539527247638,2,181.0,0.5333873244493256,0,0.0,0.9487088051326906,2,193.0
655.0,3,76.0,1.4615384615384615,8.52302198805217,0,0.0,0.9722084028813078,0,6.0,0.9268809462378069,2,84.0,0.704027972997102,0,0.0,0.496629158150954,2,90.0
660.0,5,96.0,1.8823529411764706,7.9710392814738205,0,0.0,0.029011684545115102,1,4.0,0.7015901293938157,2,91.0,0.631778739471223,1,5.0,0.47748050437550366,4,100.0
665.0,5,116.0,2.2745098039215685,8.386322506410712,1,5.0,0.0,1,9.0,0.7533216203956824,2,101.0,0.6415239680660049,1,10.0,0.47272521883167573,5,125.0
670.0,5,128.0,2.6122448979591835,7.3243276693815575,1,10.0,0.0,2,16.0,0.3374264934996987,2,111.0,0.6713033103860117,0,0.0,0.23396173505877235,5,137.0
675.0,7,160.0,3.2,7.832932314174026,1,15.0,0.0,4,33.0,0.40879037447483374,2,124.0,0.5610294765007158,0,0.0,0.6905563697880396,7,172.0
680.0,7,195.0,4.0625,7.67020014545027,1,20.0,0.0,4,50.0,0.482277695738954,2,125.0,0.31266995409612525,0,0.0,0.9820799396357669,7,195.0
685.0,4,66.0,1.4042553191489362,7.151519829557044,2,26.0,0.04529418713043307,2,40.0,0.6496754335388467,0,58.0,0.5425358818570498,0,0.0,0.9703283095008595,4,124.0
690.0,5,90.0,1.9148936170212767,7.841671581408193,2,36.0,0.008644814738888696,2,50.0,0.6756344077927157,0,0.0,0.6087602336666341,0,0.0,0.9504394214987976,4,86.0
695.0,9,123.0,2.5625,7.1759924666260675,3,48.0,0.0009100608480029984,2,60.0,0.5184636196282336,2,9.0,0.5440568987686372,0,0.0,0.9393262509002638,7,117.0
700.0,11,117.0,2.3877551020408165,6.428361558444665,0,6.0,0.05931059870229778,4,73.0,0.3257838375553035,3,24.0,0.31832009529111976,0,0.0,0.9972069235677008,7,103.0
705.0,5,48.0,0.9230769230769231,6.943261739466971,0,0.0,1.0,0,38.0,0.6540515493973361,2,25.0,0.39195726606446507,0,0.0,0.9415574975508333,2,63.0
710.0,7,78.0,1.56,7.162839086131132,0,3.0,0.6451382164773518,1,6.0,0.5724242844782377,2,35.0,0.5775315896883062,0,0.0,0.9326500544253178,3,44.0
715.0,10,123.0,2.510204081632653,7.617763574924308,0,0.0,1.0,2,19.0,0.6674250812755487,2,48.0,0.6174186018194562,0,0.0,0.9477979211613429,4,67.0
720.0,10,173.0,3.46,7.400269660056069,0,0.0,0.9945593237347307,2,24.0,0.6289694608218332,2,55.0,0.5603383360643315,0,0.0,0.9613968340878157,4,79.0
725.0,13,168.0,3.4285714285714284,5.906283696635747,0,0.0,0.012506938096782551,3,36.0,0.3910296543765029,3,66.0,0.49284029058492235,0,0.0,0.5476058877485495,6,102.0
730.0,13,189.0,3.857142857142857,5.75503433217431,1,5.0,0.0002040892056895208,3,51.0,0.45569738033157736,3,81.0,0.4554850040096549,2,8.0,0.3078634427344516,9,145.0
735.0,14,258.0,5.375,5.801571377151937,1,10.0,0.0,3,63.0,0.5478637653969459,4,100.0,0.2830975606409802,2,18.0,0.3253301119037963,10,191.0
740.0,15,297.0,6.456521739130435,5.3395758065874475,0,0.0,1.0,4,79.0,0.40036467333023906,5,122.0,0.14834576774135147,0,0.0,0.9908717412811958,9,201.0
745.0,9,171.0,3.717391304347826,5.880639685334542,0,0.0,1.0,0,0.0,0.5305621097489084,3,97.0,0.28556432812218197,0,0.0,0.8909138987183743,3,97.0
750.0,5,58.0,1.288888888888889,7.13351912961076,0,0.0,1.0,0,0.0,0.982188571743932,3,47.0,0.316811315688453,0,0.0,0.8430302501350054,3,47.0
755.0,5,64.0,1.4222222222222223,7.933148792285118,0,0.0,1.0,0,0.0,0.9805728443924884,5,73.0,0.3415790515540346,0,0.0,0.9336302396686499,5,73.0
760.0,5,89.0,1.934782608695652,8.188970246043844,0,0.0,1.0,0,0.0,0.9470055128425252,5,98.0,0.41417683070099787,0,0.0,0.8957375508686674,5,98.0
765.0,1,30.0,0.6521739130434783,8.028840155756537,0,0.0,1.0,0,0.0,0.9829003279133256,1,62.0,0.8072994638131213,0,0.0,0.8434383929067626,1,62.0
770.0,3,40.0,0.975609756097561,7.9195158990972425,0,3.0,0.6874065904532596,0,3.0,0.8074025970711147,1,41.0,0.8135414601204858,2,5.0,0.26383284162174214,3,52.0
775.0,5,59.0,1.372093023255814,7.979347689649936,0,3.0,0.054156090219926074,0,6.0,0.9598369692971295,1,56.0,0.8329332665188536,4,19.0,0.19256321518707725,5,84.0
780.0,3,59.0,1.4047619047619047,7.901929943207893,1,8.0,0.4819437346175944,0,10.0,0.8988306079999829,1,61.0,0.70639615844497,1,19.0,0.15626879457081103,3,98.0
785.0,2,15.0,0.3488372093023256,7.428454433864323,1,13.0,0.07699477006047913,0,7.0,0.9480945902815178,1,24.0,0.5093958254025707,0,9.0,0.5801105922902758,2,53.0
790.0,7,44.0,1.0731707317073171,6.845826019817443,2,23.0,0.006357809296266548,1,9.0,0.7365288203179482,4,41.0,0.3515675559534766,0,0.0,0.9948340492530935,7,73.0
795.0,13,99.0,2.25,6.529360767282455,3,36.0,0.0013318008909571982,1,9.0,0.7771234824761422,7,70.0,0.25514677088258464,0,0.0,0.9492271068607949,11,115.0
800.0,10,104.0,2.260869565217391,7.101409061288033,0,7.0,0.012993689980995676,1,14.0,0.7799442887321084,7,105.0,0.1935499116643356,0,0.0,0.9688127389196246,8,126.0
805.0,6,72.0,1.5,6.47274826968962,0,0.0,1.0,1,15.0,0.37255471824985786,2,61.0,0.17937337498678066,0,0.0,0.8654380874484815,3,76.0
810.0,8,95.0,1.9791666666666667,6.811903246447887,0,4.0,0.6172567647881191,3,34.0,0.3749376492358166,1,82.0,0.5681885912783491,0,0.0,0.9600409185698604,4,120.0
815.0,9,103.0,2.019607843137255,7.742903662912126,0,0.0,0.7429926850395073,0,13.0,0.8014752128696191,3,78.0,0.24484574911970283,0,0.0,0.9429134229386156,3,91.0
820.0,10,149.0,2.9215686274509802,7.834244758444261,0,0.0,1.0,1,7.0,0.8150137234943735,3,93.0,0.3196698107810608,0,0.0,0.9231291712795838,4,100.0
825.0,14,193.0,3.784313725490196,7.427631398437362,0,0.0,1.0,1,12.0,0.772593491310407,4,112.0,0.3170967815540953,1,2.0,0.6275973861994538,6,126.0
830.0,14,263.0,5.36734693877551,6.601379477607864,0,0.0,1.0,1,14.0,0.5967423348721657,4,132.0,0.317375814478589,1,7.0,0.7087495965516732,6,153.0
835.0,10,245.0,5.212765957446808,6.079385940780172,0,0.0,1.0,2,24.0,0.578445306151372,4,152.0,0.366791406595888,0,1.0,0.5313433689931872,6,177.0
840.0,13,303.0,6.446808510638298,6.419500952828155,0,0.0,1.0,3,33.0,0.47617611786566744,5,180.0,0.3548049640163385,0,0.0,0.9580323620547612,8,213.0
845.0,14,362.0,7.869565217391305,5.5658004779264605,0,0.0,1.0,3,48.0,0.24280569012243158,4,192.0,0.2922284449772589,0,0.0,0.9784713712076892,7,240.0
850.0,13,270.0,5.625,5.810022208006874,0,3.0,0.6602652828846449,4,71.0,0.3038254635127815,5,215.0,0.14376011447612558,0,0.0,0.9416854340152568,9,289.0
855.0,12,294.0,6.25531914893617,5.358398101512212,0,3.0,0.02647643320536852,4,91.0,0.43359301921445675,6,242.0,0.0,0,0.0,0.9950652259108371,10,336.0
860.0,17,370.0,7.708333333333333,5.2861255516996595,0,0.0,1.0,5,116.0,0.4416852225616488,6,272.0,0.0,0,0.0,0.9651879881805145,11,388.0
865.0,18,439.0,8.607843137254902,5.230949895533267,0,0.0,1.0,7,144.0,0.36759054051976964,6,302.0,0.0,0,0.0,0.9127104456847477,13,446.0
870.0,12,322.0,6.571428571428571,5.171613939231167,0,0.0,1.0,7,179.0,0.4186218818184635,4,228.0,0.07955652332423756,0,0.0,0.5713503049054423,11,407.0
875.0,10,267.0,5.34,6.0294825720253105,0,3.0,0.9683097698208729,8,217.0,0.3055753884893393,2,101.0,0.18274780501155583,0,0.0,0.9528280100716391,10,321.0
880.0,10,317.0,6.604166666666667,6.730663450920748,0,0.0,1.0,8,257.0,0.18357976324444736,2,65.0,0.3388853456061998,0,0.0,0.9902756802279364,10,322.0
885.0,4,96.0,1.8461538461538463,6.5828452220745755,0,0.0,1.0,1,74.0,0.1490517069776128,3,77.0,0.5547579996939771,0,0.0,0.9746218581602134,4,151.0
890.0,3,34.0,0.6666666666666666,7.817240673112951,0,0.0,1.0,1,69.0,0.5158458538658318,2,49.0,0.5578069861090357,0,0.0,0.9479221795134153,3,118.0
895.0,3,49.0,1.0208333333333333,8.957342254821205,0,0.0,1.0,1,43.0,0.6439790316395518,2,29.0,0.7064231521858666,0,0.0,0.9563346230209802,3,72.0
900.0,4,65.0,1.3829787234042554,9.138548964509605,0,0.0,1.0,2,37.0,0.5321384885690799,2,39.0,0.7319059125411937,0,0.0,0.995541715435658,4,76.0
905.0,4,85.0,1.7708333333333333,8.723725427295298,0,0.0,1.0,2,47.0,0.5082412124884538,2,44.0,0.7191464711066917,0,0.0,0.6741784666489042,4,91.0
910.0,4,64.0,1.3333333333333333,8.324753431078056,0,0.0,1.0,3,60.0,0.2797856769123833,0,26.0,0.879048430577484,1,4.0,0.6112352453151167,4,90.0
915.0,5,87.0,1.9333333333333333,7.575243699247455,0,0.0,1.0,3,78.0,0.3478430526905396,1,40.0,0.6849734246277435,1,9.0,0.6288110510661952,5,127.0
920.0,5,102.0,2.217391304347826,7.723622451425698,0,0.0,0.9720815549976718,3,96.0,0.610103202289795,2,49.0,0.5510245159178995,0,0.0,0.9201183392342888,5,145.0
925.0,6,132.0,2.933333333333333,8.61325625507378,0,0.0,1.0,3,111.0,0.6812522683817757,3,67.0,0.6018121766249529,0,0.0,0.9765968226797456,6,178.0
930.0,8,114.0,2.590909090909091,6.665442703696826,0,0.0,1.0,2,96.0,0.5599538228827287,6,86.0,0.19763332550730167,0,0.0,0.9324726007475159,8,182.0
935.0,9,156.0,3.5454545454545454,7.58879356010328,0,0.0,1.0,1,74.0,0.7521862910753441,8,125.0,0.1886217341242611,0,0.0,0.9401524263817478,9,199.0
940.0,10,203.0,4.319148936170213,7.3607229624562995,0,0.0,1.0,2,78.0,0.43529426101670415,8,165.0,0.17283999463012106,0,0.0,0.9528202418114093,10,243.0
945.0,12,258.0,5.863636363636363,6.767141077589304,0,0.0,1.0,4,93.0,0.39463271079619167,8,205.0,0.2293129554881057,0,0.0,0.9240882607306928,12,298.0
950.0,12,249.0,5.659090909090909,6.208260125955448,0,0.0,1.0,4,113.0,0.40802189799560296,8,208.0,0.16460466984222985,0,0.0,0.9340096466334227,12,321.0
955.0,13,276.0,6.2727272727272725,6.330034288517993,0,0.0,1.0,5,137.0,0.36829245887821804,8,148.0,0.10881430491000284,0,0.0,0.9482023034240119,13,285.0
960.0,13,341.0,7.930232558139535,6.120179398245566,0,0.0,1.0,5,162.0,0.3421198800915656,8,188.0,0.11001092660683277,0,0.0,0.9579685415059463,13,350.0
965.0,14,410.0,9.318181818181818,5.937889862006355,0,0.0,1.0,6,191.0,0.3188326689847278,8,228.0,0.09931010190653781,0,0.0,0.4931229671010154,14,419.0
970.0,11,373.0,8.674418604651162,5.294989871903753,0,0.0,1.0,2,125.0,0.5134859101067469,8,268.0,0.0010531418207191945,1,4.0,0.4752009602156281,11,397.0
975.0,12,433.0,9.41304347826087,6.105998289601496,0,0.0,1.0,2,120.0,0.6816244779940092,9,313.0,0.03812639292475938,1,9.0,0.6396039400644051,12,442.0
980.0,15,502.0,10.91304347826087,6.114867897587943,0,0.0,1.0,3,131.0,0.4047050563645398,10,367.0,0.27398111533799363,1,14.0,0.6375280919060998,14,512.0
985.0,18,584.0,12.977777777777778,5.223068996857152,0,0.0,1.0,6,150.0,0.24512218607950306,10,417.0,0.2663758628624451,1,19.0,0.33468763812650953,17,586.0
990.0,7,195.0,4.239130434782608,5.8338933194670926,0,0.0,1.0,3,194.0,0.3732112189690193,2,140.0,0.4022440681207262,2,28.0,0.33173392395557316,7,362.0
995.0,4,156.0,3.25,7.042345738201799,0,6.0,0.7211806810248327,2,140.0,0.451310615409258,2,45.0,0.5283657910380661,0,0.0,0.6833020821197013,4,191.0
1000.0,4,176.0,3.6666666666666665,7.620720412696414,0,9.0,0.12691141638126752,2,153.0,0.6597143075744365,2,41.0,0.6770107096085461,0,0.0,0.8612769781869893,4,203.0
1005.0,7,211.0,4.3061224489795915,7.977132910569373,3,24.0,0.10107810301254608,2,163.0,0.7672422591895119,2,42.0,0.6011734929181339,0,0.0,0.9488615177862475,7,229.0
1010.0,7,70.0,1.3461538461538463,7.303624677425335,3,39.0,0.02027709892820375,1,27.0,0.853896004565977,3,22.0,0.48616095582511165,0,0.0,0.9333942156466465,7,88.0
1015.0,9,111.0,2.176470588235294,7.269783160623735,5,60.0,0.0019733736290555434,1,35.0,0.8697268455838334,3,40.0,0.5355123339774635,0,0.0,0.9531608316166,9,135.0
1020.0,5,82.0,1.64,7.131639167367,0,13.0,0.021705650678858088,2,42.0,0.7765210978046297,3,55.0,0.537294181600068,0,0.0,0.934675957617972,5,110.0
1025.0,6,109.0,2.1372549019607843,6.706126599267613,0,0.0,1.0,3,54.0,0.46845995187732226,3,70.0,0.520070352329206,0,0.0,0.984809669896026,6,124.0
1030.0,1,39.0,0.7222222222222222,6.957552057496449,0,0.0,1.0,0,1.0,0.6677571264369815,1,42.0,0.5650516031566587,0,0.0,0.9686125268223431,1,43.0
1035.0,1,44.0,0.8979591836734694,7.669549658499061,0,0.0,1.0,0,1.0,0.6878770596711123,1,47.0,0.7100569832373184,0,0.0,0.9596834954911253,1,48.0
1040.0,2,52.0,1.0833333333333333,8.875988642633054,0,0.0,1.0,1,4.0,0.7954083423799452,1,55.0,0.692527605307824,0,0.0,0.9791285119335824,2,59.0
1045.0,2,62.0,1.2653061224489797,8.780305930478868,0,0.0,1.0,1,9.0,0.7255051154277209,1,60.0,0.7163195562681038,0,0.0,0.886629416682614,2,69.0
1050.0,2,17.0,0.3695652173913043,9.104910670388909,0,0.0,1.0,2,18.0,0.7012936529774452,0,3.0,0.9688051475828675,0,0.0,0.8910888435654584,2,21.0
1055.0,3,31.0,0.7045454545454546,9.04429459699618,0,0.0,1.0,3,32.0,0.5449112319940509,0,3.0,0.9586832743456584,0,0.0,0.9463438851785688,3,35.0
1060.0,5,52.0,1.3,7.8282159065188495,0,0.0,1.0,5,53.0,0.3240718160877038,0,3.0,0.55608198807141,0,0.0,0.9678433259506685,5,56.0
1065.0,10,98.0,2.45,6.963901532197833,0,0.0,1.0,6,83.0,0.3161394581582562,4,19.0,0.35902786856421887,0,0.0,0.9301368935633648,10,102.0
1070.0,12,154.0,4.052631578947368,5.228152788650857,0,0.0,1.0,6,112.0,0.13813142376188223,5,41.0,0.26991991665895754,0,0.0,0.939326434708345,11,153.0
1075.0,14,221.0,5.666666666666667,5.110266972232517,0,0.0,1.0,6,142.0,0.1402047945195569,6,69.0,0.21669927085969523,0,0.0,0.9482117234892316,12,211.0
1080.0,11,178.0,4.45,5.700688614344754,0,0.0,1.0,2,96.0,0.3463662354505799,7,104.0,0.19004315199211627,0,0.0,0.9720593035381291,9,200.0
1085.0,11,233.0,5.682926829268292,6.517762170325405,0,0.0,1.0,2,67.0,0.5605381366229018,7,139.0,0.11176882035138336,0,0.0,0.7691679007594411,9,206.0
1090.0,12,252.0,5.8604651162790695,5.87185208373621,0,0.0,1.0,3,76.0,0.35398046156818774,8,178.0,0.0614943528249812,1,1.0,0.6437204932621875,12,255.0
1095.0,12,307.0,7.487804878048781,6.4351878338647674,0,0.0,1.0,3,91.0,0.4617024929431617,8,218.0,0.008227268715382562,0,0.0,0.9809168582714902,11,309.0
1100.0,14,360.0,8.372093023255815,5.63143156017227,0,0.0,1.0,3,95.0,0.28501797037569915,8,261.0,0.05885592973634263,0,0.0,0.44904894347295893,11,356.0
1105.0,15,418.0,9.952380952380953,4.955080197718674,0,0.0,1.0,4,112.0,0.18918722059875737,10,307.0,0.10060370736731704,1,5.0,0.3698547981681739,15,424.0
1110.0,6,180.0,4.186046511627907,5.6620451573480635,0,0.0,1.0,4,132.0,0.3080000913666634,1,133.0,0.2953264906286371,1,10.0,0.4970805319122108,6,275.0
1115.0,4,152.0,3.619047619047619,7.122380495612543,0,9.0,0.5807464935299024,4,161.0,0.41220741547029616,0,42.0,0.7501854376073693,0,0.0,0.9288165771025187,4,212.0
1120.0,5,173.0,3.9318181818181817,8.216842647685834,0,0.0,0.7935526101581485,5,182.0,0.4327935499591197,0,3.0,0.981471087371285,0,0.0,0.9404889033891143,5,185.0
1125.0,7,201.0,4.369565217391305,8.31088143250214,2,3.0,0.0019025280192076048,5,207.0,0.5228868005255498,0,3.0,0.9743943614179825,0,0.0,0.9768042792380149,7,213.0
1130.0,7,236.0,5.0212765957446805,7.648611412019879,2,13.0,0.0,5,229.0,0.45362387837605295,0,3.0,0.9412307116872423,0,0.0,0.9537412175688074,7,245.0
1135.0,10,280.0,5.714285714285714,7.45170966073223,2,23.0,0.3331087253579102,6,258.0,0.5193190884519647,1,6.0,0.7016162016902251,0,0.0,0.9834552477859666,9,287.0
1140.0,8,246.0,5.3478260869565215,6.821015564638378,2,33.0,0.0,5,247.0,0.4772292482879043,1,8.0,0.7160504108028919,0,0.0,0.9833480901019929,8,288.0
1145.0,10,240.0,5.333333333333333,6.119758820624817,0,0.0,1.0,6,227.0,0.3463605042183962,4,19.0,0.3207644954020033,0,0.0,0.9403312203870654,10,246.0
1150.0,11,295.0,6.555555555555555,5.813408545054206,0,0.0,1.0,7,262.0,0.1945786869976435,4,42.0,0.40646134512044985,0,0.0,0.939717993831227,11,304.0
1155.0,9,296.0,6.166666666666667,6.151027797741283,0,0.0,1.0,9,303.0,0.16645697390973155,0,3.0,0.5941543244889047,0,0.0,0.8760362639166236,9,306.0
1160.0,11,347.0,7.229166666666667,6.753873159160764,0,6.0,0.651431844367202,10,356.0,0.1604868341998826,1,7.0,0.6592087024043142,0,0.0,0.822744926088093,11,369.0
1165.0,7,297.0,6.061224489795919,6.94966803436066,1,7.0,0.1546590361737741,4,304.0,0.3749864866247664,1,15.0,0.6210122802665693,1,3.0,0.6457584708618282,7,329.0
1170.0,8,333.0,6.66,7.690101493035007,2,17.0,0.02126098745161958,4,310.0,0.48460126661202646,2,24.0,0.6184612862900617,0,0.0,0.9460229811617209,8,351.0
1175.0,10,375.0,7.5,7.967003680592951,3,28.0,0.002197301701578395,4,330.0,0.4867951330160009,2,40.0,0.6326158768348247,0,0.0,0.9978782654475177,9,398.0
1180.0,12,430.0,8.775510204081632,7.421022640207589,3,43.0,0.000523234915512449,5,354.0,0.48462730875780774,2,50.0,0.37138575230125614,0,0.0,0.9573322466806813,10,447.0
1185.0,17,508.0,10.16,6.466617752791162,3,58.0,6.969504287778229e-05,6,378.0,0.35283743030313675,6,76.0,0.3223998807188251,0,0.0,0.9717847219971294,15,512.0
1190.0,19,600.0,12.5,5.955762752345986,3,73.0,1.1856562152273451e-05,7,407.0,0.28303630775404615,6,106.0,0.3207143570722663,0,0.0,0.9703918670065955,16,586.0
1195.0,19,695.0,14.787234042553191,5.316082418294811,3,88.0,0.0,7,442.0,0.10637950949568885,6,136.0,0.32550901717509745,0,0.0,0.6750866631428862,16,666.0
1200.0,17,724.0,15.404255319148936,5.180937500216377,3,103.0,0.0,8,482.0,0.11080546267856417,2,104.0,0.47873639857579964,1,5.0,0.6164369571431773,14,694.0
1205.0,15,698.0,14.541666666666666,5.432023577746855,0,33.0,0.4480043554930057,8,528.0,0.20086229219259935,2,91.0,0.4859678280697076,1,10.0,0.5969753490701614,11,662.0
1210.0,11,645.0,12.9,6.308422132299582,0,0.0,1.0,5,495.0,0.3263820816501782,2,101.0,0.4676229503247089,1,5.0,0.6838359513462678,8,601.0
1215.0,10,672.0,13.176470588235293,7.104021396275859,0,0.0,1.0,5,496.0,0.36299545692185164,2,111.0,0.3090915075373618,0,0.0,0.872664682042334,7,607.0
1220.0,9,642.0,12.84,7.268747004752629,0,0.0,1.0,5,521.0,0.36352138701138254,2,124.0,0.5156939119672939,0,0.0,0.9864056395555437,7,645.0
1225.0,10,671.0,13.42,6.681586194570909,0,0.0,1.0,6,543.0,0.2412872645414,4,137.0,0.2668170175811156,0,0.0,0.9706907406597878,10,680.0
1230.0,10,703.0,13.784313725490197,6.370083923552593,0,0.0,1.0,4,547.0,0.319190313705223,6,165.0,0.008970313542883978,0,0.0,0.943543809391893,10,712.0
1235.0,11,758.0,15.16,6.701500891562819,0,0.0,1.0,4,567.0,0.2884976217961771,7,200.0,0.0031695917067478476,0,0.0,0.9753653530549762,11,767.0
1240.0,10,660.0,14.042553191489361,6.778540768729733,0,0.0,1.0,4,584.0,0.18728816338934373,6,159.0,0.20914621699965188,0,0.0,0.9416511136463257,10,743.0
1245.0,9,692.0,14.416666666666666,7.252911265871341,0,3.0,0.9145100821560571,4,604.0,0.3255220773390764,5,86.0,0.34995252829441986,0,0.0,0.960689104160926,9,693.0
1250.0,9,737.0,15.354166666666666,7.355693901338111,0,0.0,0.9954002249576738,4,624.0,0.3273646148649646,5,115.0,0.37125588974261564,0,0.0,0.9455898533628094,9,739.0
1255.0,12,790.0,16.80851063829787,6.65628866110739,0,0.0,0.9545979093577109,5,647.0,0.27549055821521623,5,140.0,0.24926526174800256,0,0.0,0.933173080269235,10,787.0
1260.0,7,687.0,14.3125,6.844077723079326,0,0.0,1.0,5,672.0,0.27117097716739097,0,38.0,0.49325590104745887,0,0.0,0.9193731889855173,5,710.0
1265.0,8,722.0,15.361702127659575,7.296117235248276,0,3.0,0.7809461299107867,6,703.0,0.3180822033400193,0,0.0,1.0,0,0.0,0.9399999531914681,6,706.0
1270.0,8,761.0,17.295454545454547,7.9775807412599615,0,0.0,0.9597071587117454,6,741.0,0.5317191071266886,0,0.0,0.7526425180114105,0,0.0,0.9607900984402917,6,741.0
1275.0,6,749.0,16.282608695652176,7.895421920662693,0,0.0,1.0,4,739.0,0.5667295626467923,0,0.0,0.9645605190714188,0,0.0,0.9429226035162834,4,739.0
1280.0,6,751.0,16.68888888888889,7.932370545797687,0,0.0,1.0,6,763.0,0.5305499237830844,0,0.0,0.8940834692750869,0,0.0,0.9481703318178042,6,763.0
1285.0,9,790.0,17.555555555555557,8.060423342397272,0,0.0,1.0,7,796.0,0.49774283393828855,0,6.0,0.8287717159658401,0,0.0,0.9958744762082652,7,802.0
1290.0,11,833.0,18.108695652173914,7.294361950409353,0,0.0,1.0,8,833.0,0.4172355199870014,2,11.0,0.6983674919371505,0,0.0,0.9556088160038817,10,844.0
1295.0,12,878.0,19.511111111111113,6.714915457112771,0,0.0,1.0,8,870.0,0.3678531383883668,3,22.0,0.599447707516465,0,0.0,0.9712902099830986,11,892.0
1300.0,13,942.0,20.04255319148936,7.064205493222389,0,0.0,1.0,8,907.0,0.1265848644455737,3,37.0,0.6435327691281287,0,0.0,0.9664957200407766,11,944.0
1305.0,12,988.0,20.583333333333332,6.2481001042746245,0,0.0,1.0,9,950.0,0.09761918143463763,2,41.0,0.6022774146698807,0,0.0,0.9717620168740171,11,991.0
1310.0,14,1055.0,21.53061224489796,6.4674718393341015,0,0.0,1.0,9,995.0,0.09504840643707818,4,58.0,0.4269671874617662,0,0.0,0.9528313564538801,13,1053.0
1315.0,15,1110.0,21.764705882352942,5.890964675202723,0,0.0,1.0,9,1040.0,0.18046446244696887,6,82.0,0.12381591591619055,0,0.0,0.9221116855327814,15,1122.0
1320.0,17,1187.0,24.224489795918366,5.970804958191579,0,0.0,1.0,9,1085.0,0.1612604082027443,8,114.0,0.1612212960950588,0,0.0,0.9418260277185362,17,1199.0
1325.0,11,1133.0,22.66,6.236757000697903,0,0.0,1.0,9,1130.0,0.17370240413552238,2,53.0,0.39482429286933574,0,0.0,0.9532274677292399,11,1183.0
1330.0,13,1178.0,24.040816326530614,6.0370620676373585,0,3.0,0.542756419335646,10,1182.0,0.14253127848609537,0,10.0,0.7356437983779365,1,1.0,0.38391450789109177,11,1196.0
1335.0,14,1106.0,21.686274509803923,5.9044462428334406,0,0.0,0.732288771418161,8,1146.0,0.25031865344459725,0,0.0,0.6127566011135667,2,10.0,0.2754164211682738,10,1156.0
1340.0,12,1036.0,20.313725490196077,6.45043977580436,0,0.0,1.0,5,1058.0,0.405649098189522,1,3.0,0.3319483112521156,3,22.0,0.15672296156849927,9,1083.0
1345.0,13,1099.0,20.735849056603772,6.784196962866698,0,0.0,1.0,5,1077.0,0.4906237538045765,2,16.0,0.5027035437942354,3,37.0,0.23278845493396413,10,1130.0
1350.0,11,1115.0,21.037735849056602,6.562427219683731,0,0.0,1.0,5,1128.0,0.5331930912928377,3,29.0,0.4698608439873788,0,18.0,0.5096089389826752,8,1175.0
1355.0,9,1128.0,20.509090909090908,7.266424302608487,0,0.0,1.0,5,1105.0,0.4065384307292472,3,50.0,0.5831932400461907,0,0.0,0.9790461348434085,8,1155.0
1360.0,13,1155.0,21.0,7.044608442295006,0,0.0,1.0,8,1111.0,0.23125149041282195,5,69.0,0.48503338246873096,0,0.0,0.9497792857670619,13,1180.0
1365.0,11,1190.0,22.037037037037038,6.769730181808268,0,0.0,1.0,8,1151.0,0.25813064375394945,3,62.0,0.5948703379822613,0,0.0,0.9402875921169964,11,1213.0
1370.0,11,1245.0,21.842105263157894,6.921677276689698,0,3.0,0.6101006152171687,8,1187.0,0.20465847387808736,3,73.0,0.6260655349468964,0,0.0,0.9426037546734404,11,1263.0
1375.0,9,1212.0,22.444444444444443,7.144723696949982,0,0.0,1.0,5,1131.0,0.4352979215069722,3,85.0,0.6251774599707001,1,2.0,0.6414694138391784,9,1218.0
1380.0,9,1257.0,23.71698113207547,7.151265877537333,0,0.0,1.0,5,1153.0,0.478259906236397,3,100.0,0.5861719771671072,1,7.0,0.31980574796932787,9,1260.0
1385.0,11,1308.0,25.153846153846153,7.56506051926683,0,0.0,1.0,6,1183.0,0.4626184685231401,3,122.0,0.5985061783375445,2,17.0,0.32730535679572953,11,1322.0
1390.0,7,1233.0,23.71153846153846,7.708623041238585,0,0.0,1.0,6,1213.0,0.5471354044147614,1,83.0,0.6877092449753549,0,9.0,0.6606452167091837,7,1305.0
1395.0,8,1269.0,23.5,7.842314690439344,0,0.0,1.0,7,1244.0,0.3772728952138836,1,42.0,0.7654128438938591,0,0.0,0.9711578255730012,8,1286.0
1400.0,13,1324.0,25.96078431372549,6.481227182585463,0,0.0,1.0,9,1286.0,0.3371090482220013,3,50.0,0.4282795661022426,0,0.0,0.9761587798473575,12,1336.0
1405.0,16,1401.0,26.433962264150942,6.498456623617698,0,0.0,1.0,9,1331.0,0.3217110727093227,6,77.0,0.4773980997379014,0,0.0,0.9896862798920054,15,1408.0
1410.0,17,1469.0,28.25,5.812642176086929,0,0.0,1.0,10,1375.0,0.16387618401902546,6,107.0,0.3687802000547744,1,1.0,0.4850239910291905,17,1483.0
1415.0,13,1494.0,28.18867924528302,5.699306311594186,0,0.0,1.0,10,1425.0,0.15808832037237522,2,83.0,0.2706653390651012,1,5.0,0.48061273484484707,13,1513.0
1420.0,15,1568.0,29.58490566037736,5.8757424740951265,0,4.0,0.7786254864635009,10,1481.0,0.22169518554520007,4,86.0,0.3035924456325974,1,10.0,0.49884139347556017,15,1581.0
1425.0,16,1644.0,31.0188679245283,6.1047559570644125,1,5.0,0.1078397678196232,10,1531.0,0.22028929590826574,4,106.0,0.3158208341571013,1,6.0,0.5962368045790688,16,1648.0
1430.0,17,1712.0,31.12727272727273,6.193341195377036,3,19.0,0.17898355141507266,10,1581.0,0.22247643178659957,4,126.0,0.4711855282813343,0,0.0,0.9529241548387222,17,1726.0
1435.0,13,1568.0,28.0,6.1000727764172265,4,36.0,0.1936907429864421,6,1535.0,0.3099496026104394,3,129.0,0.2922679287542994,0,0.0,0.9781441571456959,13,1700.0
1440.0,14,1569.0,29.055555555555557,6.818480519255764,4,56.0,0.000178624331790214,4,1402.0,0.47549076666334467,6,136.0,0.13595840949627816,0,0.0,0.925101401835172,14,1594.0
1445.0,11,1570.0,29.074074074074073,7.243541276512669,0,11.0,0.03720132560929713,5,1410.0,0.3397934681790652,6,166.0,0.2338260996611883,0,0.0,0.9552601611524976,11,1587.0
1450.0,13,1629.0,29.618181818181817,7.038680919502161,0,0.0,1.0,6,1441.0,0.23344669679063967,7,197.0,0.21379303230504773,0,0.0,0.9426660479267289,13,1638.0
1455.0,11,1529.0,27.8,6.452013268277286,0,0.0,1.0,4,1444.0,0.19246918224856946,5,139.0,0.2705523760696057,1,1.0,0.6236937592586289,10,1584.0
1460.0,11,1579.0,28.196428571428573,6.955868643655655,0,0.0,1.0,4,1464.0,0.28707632817525053,5,110.0,0.24622009775430592,2,8.0,0.46444934634914536,11,1582.0
1465.0,12,1636.0,29.214285714285715,6.707513949451019,0,0.0,1.0,4,1484.0,0.40209248230679345,6,140.0,0.3965598815068624,2,18.0,0.22677567412478,12,1642.0
1470.0,11,1671.0,29.839285714285715,7.056514517370561,0,0.0,1.0,4,1504.0,0.2898193059192607,7,173.0,0.30507479345871547,0,0.0,0.9507690704611202,11,1677.0
1475.0,13,1730.0,32.03703703703704,6.875007039074529,0,0.0,1.0,4,1524.0,0.3830584409349056,9,221.0,0.24626992257026328,0,0.0,0.9744428673551531,13,1745.0
1480.0,8,1574.0,29.14814814814815,7.089295343559335,0,0.0,1.0,4,1544.0,0.35884463040432035,4,85.0,0.234432096116702,0,0.0,0.9680855654772781,8,1629.0
1485.0,7,1595.0,29.0,7.305411156503154,0,6.0,0.6636146098757474,5,1572.0,0.26042632449441094,2,43.0,0.3340729797624434,0,0.0,0.9884417029195594,7,1621.0
1490.0,12,1644.0,29.89090909090909,7.528501645878819,2,8.0,0.17255966517918764,6,1604.0,0.45217178197135327,2,36.0,0.47359896044211114,0,0.0,0.9787899451579719,10,1648.0
1495.0,11,1670.0,29.821428571428573,7.024939694772136,3,23.0,0.041099793337988674,4,1610.0,0.631345474740982,2,46.0,0.03834506028094568,0,0.0,0.8999178119085597,9,1679.0
1500.0,15,1737.0,31.581818181818182,6.729055892022197,4,39.0,0.007485277046038322,4,1630.0,0.5767220990361671,3,61.0,0.24151019093137974,0,0.0,0.6789905857324404,11,1730.0
1505.0,17,1753.0,32.46296296296296,6.402224039369212,5,62.0,0.0009792658948332388,5,1652.0,0.5571077929926116,1,40.0,0.5007650338449111,1,5.0,0.648046318551464,12,1759.0
1510.0,13,1759.0,31.98181818181818,6.020110587514906,0,17.0,0.02828619928074666,5,1674.0,0.5253831093927422,1,18.0,0.6372959057075573,1,10.0,0.6292682193695124,7,1719.0
1515.0,15,1818.0,32.464285714285715,6.336315756114326,0,0.0,1.0,6,1698.0,0.3239817943758537,1,23.0,0.6207496012843141,0,0.0,0.8999036780353865,7,1721.0
1520.0,16,1894.0,33.82142857142857,5.994674629944926,0,0.0,1.0,6,1728.0,0.13593386077054395,1,31.0,0.6709196434895766,0,0.0,0.9830096705092681,7,1759.0
1525.0,20,1987.0,36.127272727272725,5.819566935831389,0,0.0,1.0,6,1758.0,0.1428157061772836,1,33.0,0.6353850568072351,0,0.0,0.9453597891310591,7,1791.0
1530.0,13,1929.0,33.8421052631579,6.892585085916341,0,0.0,0.9546437473378114,5,1773.0,0.38728283559222204,1,38.0,0.6922603742212893,0,0.0,0.9452942247262921,6,1811.0
1535.0,13,1950.0,34.21052631578947,7.264943220859152,1,3.0,0.0003721899000268386,6,1801.0,0.3783417691314396,1,43.0,0.730534372934964,0,0.0,0.975905821922002,8,1847.0
1540.0,14,2016.0,38.76923076923077,6.693258278308853,1,8.0,0.4849994614376893,6,1831.0,0.3799811522178615,1,45.0,0.7241530455282018,0,0.0,0.8572281353862767,8,1884.0
1545.0,16,2089.0,40.96078431372549,6.6073787221254,2,15.0,0.0002924615729805972,6,1861.0,0.49773691553507055,2,51.0,0.47707980436708486,0,0.0,0.9775399258776076,10,1927.0
1550.0,13,1991.0,36.870370370370374,6.950078965702723,2,25.0,0.0,6,1891.0,0.526196933054371,3,62.0,0.38006977658492586,0,0.0,0.9263601027926609,11,1978.0
1555.0,15,2009.0,37.2037037037037,6.029474570969739,0,0.0,1.0,8,1925.0,0.40706944704153036,3,77.0,0.4105149489651931,0,0.0,0.9478613633557152,11,2002.0
1560.0,18,2094.0,38.77777777777778,5.220918611067487,0,0.0,1.0,8,1965.0,0.34913536689448776,4,96.0,0.30776124971092206,0,0.0,0.8586602184049896,12,2061.0
1565.0,24,2135.0,38.81818181818182,4.990320375698988,0,0.0,1.0,9,2010.0,0.3382171833151611,4,49.0,0.3225430375917353,1,2.0,0.6382277252764742,14,2061.0
1570.0,19,2069.0,35.672413793103445,4.805214962801976,0,0.0,1.0,5,1946.0,0.17677686694885708,4,69.0,0.4147890662334329,1,7.0,0.47967942665781993,10,2022.0
1575.0,19,2114.0,38.43636363636364,5.772082676808548,0,0.0,1.0,7,1972.0,0.26872368502585525,5,92.0,0.3707800974861425,0,0.0,0.9556282569520591,12,2064.0
1580.0,14,2116.0,38.472727272727276,6.582110971412118,0,0.0,1.0,7,2007.0,0.21700106526048976,5,122.0,0.25312250156027244,0,0.0,0.9347191806643596,12,2129.0
1585.0,16,2159.0,39.25454545454546,5.93425824094125,0,0.0,1.0,7,2009.0,0.2091661398471511,9,155.0,0.09082408342214329,0,0.0,0.9728675962167227,16,2164.0
1590.0,14,2181.0,41.94230769230769,5.585338473874548,0,0.0,1.0,4,1984.0,0.3116703012882875,9,200.0,0.10469309409284182,1,2.0,0.4866937500464573,14,2186.0
1595.0,18,2262.0,45.24,5.401828332749782,0,0.0,1.0,5,2006.0,0.272664628191695,11,253.0,0.006973174595930117,1,7.0,0.4608758327791789,17,2266.0
1600.0,18,2351.0,50.02127659574468,5.359784999890484,0,0.0,1.0,5,2031.0,0.26619185963269,12,313.0,0.07412530761757727,1,12.0,0.4868867577069448,18,2356.0
1605.0,14,2230.0,44.6,5.421598529291052,0,0.0,1.0,6,2059.0,0.13995398213409763,4,186.0,0.2513801035204118,1,17.0,0.6316672292648843,11,2262.0
1610.0,12,674.0,12.961538461538462,6.193141764973755,0,9.0,0.5888689585731127,3,980.0,0.4258166542766829,3,162.0,0.3691071417309374,1,22.0,0.7090706212186451,7,1173.0
1615.0,9,221.0,4.25,7.664411691246621,0,0.0,0.7225430876834013,1,496.0,0.6962792820646642,3,158.0,0.4534726527567536,0,0.0,0.9399950048850354,4,654.0
1620.0,10,268.0,5.36,7.60923098415846,0,0.0,1.0,2,26.0,0.5744544743314884,3,201.0,0.5804171471941718,0,0.0,0.9569148089255024,5,227.0
1625.0,13,329.0,6.326923076923077,7.223771357992647,0,0.0,1.0,4,44.0,0.4649415489649491,4,218.0,0.47390084911051356,0,0.0,0.9409752212852973,8,262.0
1630.0,13,391.0,7.377358490566038,7.290924055662919,0,0.0,1.0,4,61.0,0.584580577907718,4,238.0,0.48620903791362824,0,0.0,0.9466949949350217,8,299.0
1635.0,11,260.0,4.814814814814815,7.0658052903310695,0,0.0,1.0,5,76.0,0.46285516110546165,2,166.0,0.4854369494627465,0,0.0,0.9971935750325416,7,242.0
1640.0,7,124.0,2.2142857142857144,7.775913027300554,0,0.0,1.0,5,98.0,0.47546535154307235,2,56.0,0.4892178949314308,0,0.0,0.9770453498064389,7,154.0
1645.0,11,169.0,3.188679245283019,7.311970206057854,0,0.0,1.0,5,123.0,0.4719830194700543,4,71.0,0.37597039930147347,0,0.0,0.5643310526326986,9,194.0
1650.0,13,231.0,4.3584905660377355,6.601339510932651,0,0.0,1.0,5,148.0,0.46706485594618047,4,141.0,0.37321989779260606,1,5.0,0.4950256729718234,10,294.0
1655.0,16,279.0,5.470588235294118,5.6618982980236945,0,0.0,1.0,5,173.0,0.5253656762451249,7,168.0,0.2145104073716291,1,10.0,0.4747975932896333,13,351.0
1660.0,12,288.0,5.333333333333333,6.542905185703175,0,0.0,1.0,5,205.0,0.3919629818164836,2,136.0,0.4559696423035115,1,15.0,0.4089068008226711,8,356.0
1665.0,8,283.0,5.549019607843137,7.290313364736983,0,3.0,0.9145971344244593,6,232.0,0.22518271057345915,2,131.0,0.6237333392122235,0,0.0,0.6824665736106891,8,366.0
1670.0,9,327.0,6.411764705882353,7.414774155793763,0,0.0,1.0,7,266.0,0.2130523937260851,2,144.0,0.6153431558264293,0,0.0,0.933258692516235,9,410.0
1675.0,11,380.0,7.450980392156863,7.005702258808976,0,0.0,1.0,7,301.0,0.3452159297637087,2,191.0,0.5351506580986275,0,0.0,0.9374510112505948,9,492.0
1680.0,10,420.0,8.4,6.990025940291193,0,0.0,1.0,7,336.0,0.3188897833642335,3,204.0,0.4568470569614269,0,0.0,0.9831107269896537,10,540.0
1685.0,13,480.0,9.6,6.833941849828931,0,0.0,1.0,8,376.0,0.31091882038311197,4,223.0,0.32320303820797386,0,0.0,0.9583485391365696,12,599.0
1690.0,14,544.0,11.826086956521738,5.818987894702603,0,0.0,1.0,7,406.0,0.28697922451128743,4,243.0,0.3636490436398748,0,0.0,0.7050300610910999,11,649.0
1695.0,15,596.0,12.680851063829786,5.141696744457278,0,0.0,1.0,7,441.0,0.381940643392042,6,268.0,0.027829336116318455,1,3.0,0.6187951836920962,14,712.0
1700.0,18,677.0,14.104166666666666,5.040459390795281,0,0.0,1.0,7,476.0,0.33802307878225973,9,314.0,0.1755285328682479,2,10.0,0.4696097578668777,18,800.0
1705.0,16,715.0,14.591836734693878,5.455561303780996,0,0.0,1.0,9,517.0,0.09599197660013722,5,309.0,0.24348254402231256,2,20.0,0.4912488319501229,16,846.0
1710.0,16,795.0,15.9,5.463333543639437,0,0.0,1.0,9,565.0,0.13995921297350208,5,326.0,0.32058241810179267,2,30.0,0.41491654763357266,16,921.0
1715.0,13,493.0,9.30188679245283,5.891850613405831,0,0.0,1.0,5,401.0,0.3318484644800436,6,355.0,0.24120005105688339,2,40.0,0.25814843464115567,13,796.0
1720.0,10,324.0,6.113207547169812,6.996979269248161,0,0.0,1.0,1,92.0,0.5081662294698089,6,385.0,0.24498532379235818,3,55.0,0.2697029608007351,10,532.0
1725.0,9,202.0,3.811320754716981,7.202178008979645,0,0.0,1.0,1,11.0,0.6338669164777999,4,287.0,0.31114971926822543,4,73.0,0.19640396307600436,9,371.0
1730.0,4,22.0,0.4230769230769231,7.298545817872024,0,0.0,1.0,1,16.0,0.4995809824773461,2,91.0,0.42258226581784475,0,7.0,0.5638939891574002,3,114.0
1735.0,4,35.0,0.7,7.957327640109445,0,0.0,1.0,2,22.0,0.5083860599682117,2,45.0,0.629306032324518,0,0.0,0.9490895990183432,4,67.0
1740.0,6,58.0,1.2083333333333333,6.9751811397054455,0,0.0,1.0,2,32.0,0.391224783050826,4,41.0,0.4862689442356992,0,0.0,0.9575517569009608,6,73.0
1745.0,3,43.0,0.8775510204081632,7.496266048994993,0,0.0,1.0,3,46.0,0.32357311277640327,0,3.0,0.9409676493392218,0,0.0,0.9974257749797717,3,49.0
1750.0,3,58.0,1.2340425531914894,7.919574076793764,0,3.0,0.5568179931345574,3,68.0,0.4385077798841705,0,3.0,0.9417695858220041,0,0.0,0.9696433788089246,3,74.0
1755.0,6,80.0,1.7777777777777777,7.568736479065962,0,0.0,1.0,3,86.0,0.5261011305910109,0,0.0,0.8599301865388543,0,0.0,0.9423574120256784,3,86.0
1760.0,3,88.0,2.0,8.209469121952951,0,0.0,1.0,3,101.0,0.5835347441615704,0,0.0,1.0,0,0.0,0.9627689746213507,3,101.0
1765.0,6,105.0,2.234042553191489,7.793101046259144,0,0.0,1.0,6,116.0,0.4024415481415856,0,0.0,1.0,0,0.0,0.9831297551990774,6,116.0
1770.0,6,134.0,2.7916666666666665,7.828178829328512,0,0.0,1.0,6,145.0,0.38815898035550356,0,0.0,1.0,0,0.0,0.9521277049675079,6,145.0
1775.0,2,12.0,0.26666666666666666,7.901494523237291,0,0.0,1.0,1,29.0,0.6066379959218816,0,0.0,0.2043964701896093,1,1.0,0.4814522453540021,2,30.0
1780.0,3,26.0,0.6190476190476191,7.736175636526899,0,0.0,1.0,1,16.0,0.6339904543613128,1,4.0,3.462491011814285e-05,1,6.0,0.5442214921844938,3,26.0
1785.0,3,41.0,0.9111111111111111,8.364249301755615,0,0.0,1.0,1,21.0,0.6395271649578653,1,18.0,0.732363228572299,1,5.0,0.7120254708143217,3,44.0
1790.0,2,40.0,0.9090909090909091,7.882232466609886,0,0.0,1.0,1,26.0,0.6575428224051629,1,23.0,0.7004170259486027,0,0.0,0.9605219707407207,2,49.0
1795.0,3,52.0,1.2380952380952381,8.2798503793135,0,0.0,1.0,1,31.0,0.6456676459896263,2,33.0,0.6062860121784488,0,0.0,0.9674458854018889,3,64.0
1800.0,5,73.0,1.7804878048780488,8.0694226287488,0,0.0,1.0,1,36.0,0.6172947271112799,4,43.0,0.5295786558378106,0,0.0,0.9216014933038303,5,79.0
1805.0,5,98.0,2.45,8.177010543908022,0,0.0,1.0,1,41.0,0.7134113325190667,4,63.0,0.552871101117944,0,0.0,0.9548407444819083,5,104.0
1810.0,4,67.0,1.7179487179487178,7.496434328273538,0,0.0,1.0,2,49.0,0.3319347816797961,2,23.0,0.5371679002029556,0,0.0,0.9801701174079416,4,72.0
1815.0,3,79.0,1.975,8.299061610234883,0,0.0,0.9055209034048737,1,57.0,0.5401150179665435,2,31.0,0.5925428797168413,0,0.0,0.9981408948657753,3,88.0
1820.0,3,94.0,2.238095238095238,8.803009608915326,0,0.0,0.9797803223376783,1,62.0,0.7523768267987732,2,38.0,0.47010591486467557,0,0.0,0.9649429783506926,3,100.0
1825.0,3,109.0,2.5348837209302326,8.288155806939837,0,0.0,1.0,1,67.0,0.7643365333903516,2,51.0,0.46254659514623375,0,0.0,0.9679053795628729,3,118.0
1830.0,4,129.0,2.9318181818181817,7.987378226870788,0,0.0,1.0,1,72.0,0.7755755280861658,3,66.0,0.41953286363352865,0,0.0,0.9615928768214821,4,138.0
1835.0,5,154.0,3.347826086956522,7.6019386050717195,0,0.0,1.0,1,78.0,0.7299477169269172,4,86.0,0.31248318725798024,0,0.0,0.9640619791781507,5,164.0
1840.0,6,181.0,3.851063829787234,7.449286495970645,0,0.0,1.0,2,85.0,0.6687236078836272,4,106.0,0.39203842897846336,0,0.0,0.9592694605603677,6,191.0
1845.0,7,214.0,4.6521739130434785,7.072918590627857,0,0.0,1.0,2,95.0,0.51960360533734,5,132.0,0.4211215124811052,0,0.0,0.9372297931557015,7,227.0
1850.0,10,239.0,5.195652173913044,5.619361068068647,0,0.0,1.0,6,115.0,0.1789440919640814,4,137.0,0.2741517004471635,0,0.0,0.9938183532448596,10,252.0
1855.0,9,261.0,5.673913043478261,6.211959635166386,0,0.0,1.0,4,106.0,0.438733052585263,5,159.0,0.0,0,0.0,0.9482809448582525,9,265.0
1860.0,9,306.0,6.8,6.590340642852948,0,0.0,0.9928823615282575,4,129.0,0.5306648049864973,5,184.0,0.0,0,0.0,0.8951359446753338,9,313.0
1865.0,10,342.0,7.434782608695652,6.490907405040195,0,0.0,1.0,3,140.0,0.5207599143719964,5,212.0,0.15729232260112083,1,2.0,0.48854251862376474,9,354.0
1870.0,9,382.0,7.958333333333333,6.63675973767144,0,0.0,1.0,4,158.0,0.40893292086504374,5,237.0,0.2814018246080953,0,0.0,0.9733596857422461,9,395.0
1875.0,8,280.0,5.490196078431373,6.6528419265811545,0,0.0,1.0,4,189.0,0.4450548908825179,3,182.0,0.3743706571796806,0,0.0,0.9516397104642227,7,371.0
1880.0,10,209.0,4.354166666666667,6.967320501268651,0,0.0,1.0,5,212.0,0.5065509617433249,1,72.0,0.47325553688625116,0,0.0,0.9799662161906583,6,284.0
1885.0,12,265.0,5.760869565217392,6.200406761094336,0,0.0,0.9076503042620596,6,232.0,0.36655963477097914,2,18.0,0.466513406831754,0,0.0,0.9497896008784671,8,250.0
1890.0,19,347.0,7.543478260869565,5.598847347088365,1,3.0,0.000790579608443724,10,274.0,0.26401573202673173,3,30.0,0.23193335383928104,0,0.0,0.9641175551562893,14,307.0
1895.0,12,357.0,7.285714285714286,5.506999532716103,0,0.0,1.0,7,283.0,0.190944158882138,0,0.0,0.8916234049332226,0,0.0,0.9389960399129929,7,283.0
1900.0,13,376.0,8.173913043478262,5.993684999582518,0,3.0,0.5138031267118248,9,333.0,0.3131776627871572,0,0.0,0.9593131643825337,1,1.0,0.4776040584819068,10,337.0
1905.0,10,370.0,8.043478260869565,7.008945110991369,0,0.0,1.0,9,378.0,0.4120434576387745,0,3.0,0.9584238801449136,1,6.0,0.48703837272286704,10,387.0
1910.0,12,426.0,9.063829787234043,6.598335968927127,0,0.0,1.0,9,423.0,0.35397430249431183,0,3.0,0.9660934050155169,1,11.0,0.6533204979305274,10,437.0
1915.0,11,460.0,9.787234042553191,6.613518768907707,0,0.0,1.0,11,474.0,0.32251717547068415,0,3.0,0.9469684388235983,0,0.0,0.9426355879358428,11,477.0
1920.0,14,523.0,10.673469387755102,6.824203853128573,0,0.0,1.0,12,531.0,0.19256984330711263,0,3.0,0.7567875140623145,0,0.0,0.9846404474212096,12,534.0
1925.0,11,212.0,4.51063829787234,6.451519540373955,0,0.0,1.0,8,349.0,0.27895993863436447,2,8.0,0.5795750866774965,0,0.0,0.977674786630837,10,357.0
1930.0,4,19.0,0.3877551020408163,6.620750131152041,0,0.0,1.0,2,151.0,0.2182772488204615,2,18.0,0.27270848519024626,0,0.0,0.9505031184186107,4,169.0
1935.0,3,18.0,0.4,7.770997365158972,0,0.0,1.0,3,76.0,0.48139793591401087,0,3.0,0.8749842576325306,0,0.0,0.9635970987531983,3,79.0
1940.0,6,37.0,0.8409090909090909,7.6667732778468,0,3.0,0.5731765531054741,3,69.0,0.5685425968724622,0,3.0,0.9604465470139921,0,0.0,0.9989715008745833,3,75.0
1945.0,6,66.0,1.5,7.957903738816174,0,0.0,1.0,3,60.0,0.6437373343839999,0,3.0,0.7784062066157719,0,0.0,0.9607941686005572,3,63.0
1950.0,7,98.0,2.2790697674418605,8.016000136261379,0,0.0,1.0,3,75.0,0.6459463959311,1,5.0,0.7973567234436532,0,0.0,0.837489219369357,4,80.0
1955.0,5,87.0,2.0232558139534884,7.6076120221137415,0,0.0,1.0,3,90.0,0.5402204001369615,1,10.0,0.7878065674906762,1,2.0,0.6218773122002178,5,102.0
1960.0,4,97.0,2.425,7.739593001011346,0,0.0,1.0,4,109.0,0.5225736246582614,0,3.0,0.9254964090139298,0,0.0,0.9652688316272112,4,112.0
1965.0,5,118.0,2.744186046511628,7.700700223231901,0,0.0,1.0,5,124.0,0.29038678463972956,0,3.0,0.8793748973169633,0,0.0,0.9699592154690576,5,127.0
1970.0,7,148.0,3.6097560975609757,7.311017871372043,0,0.0,1.0,6,152.0,0.20371192751859413,1,30.0,0.7830738519284702,0,0.0,0.9724238268278121,7,182.0
1975.0,8,186.0,4.428571428571429,6.161985301004367,0,0.0,1.0,6,182.0,0.17692150788041885,2,13.0,0.034518491236149536,0,0.0,0.9576202350335286,8,195.0
1980.0,11,239.0,5.690476190476191,6.807663343331941,0,0.0,1.0,7,219.0,0.22091840898608817,4,28.0,1.591275243776867e-05,0,0.0,0.9925889746781664,11,247.0
1985.0,5,49.0,1.1666666666666667,6.715288843899883,0,0.0,1.0,0,15.0,0.43916953966367384,4,48.0,0.0,0,0.0,0.6886713373970244,4,63.0
1990.0,6,77.0,1.925,7.104218271351728,0,0.0,1.0,1,5.0,0.558368817060412,4,68.0,0.0,1,4.0,0.4659544490884621,6,77.0
1995.0,8,110.0,2.972972972972973,7.660603906120411,0,0.0,1.0,2,17.0,0.5777606353699469,4,97.0,0.4543979295814178,1,9.0,0.4887508511326247,7,123.0
2000.0,8,150.0,3.658536585365854,7.406957505570201,0,0.0,1.0,2,22.0,0.5189046923668906,4,114.0,0.47748722521291787,1,14.0,0.6599686571623294,7,150.0
2005.0,5,139.0,3.3095238095238093,7.862399982692358,0,0.0,1.0,0,4.0,0.5826360769343536,4,131.0,0.5450258546894261,0,0.0,0.979055844697891,4,135.0
2010.0,2,17.0,0.4358974358974359,8.277606642990962,0,0.0,1.0,1,1.0,0.48524900172954627,0,38.0,0.7015853267293299,0,0.0,0.934891478610843,1,39.0
2015.0,2,27.0,0.7105263157894737,9.055714389224542,0,3.0,0.9573344613441721,1,12.0,0.7065219677476587,0,6.0,0.9202857150449438,0,0.0,0.9804791687862375,1,21.0
2020.0,3,15.0,0.40540540540540543,9.03363515233693,0,0.0,1.0,1,17.0,0.7371307844015526,1,4.0,0.7298775624462415,0,0.0,0.9405421737983201,2,21.0
2025.0,2,8.0,0.21052631578947367,9.049625135190897,0,0.0,0.12221487255401035,1,11.0,0.8067889730564015,1,9.0,0.6541568647037196,0,0.0,0.9307741473887606,2,20.0
2030.0,4,25.0,0.6410256410256411,8.761691146637164,1,4.0,0.47527070691857004,1,19.0,0.8171033240531532,2,17.0,0.32859056447839413,0,0.0,0.9524090327323402,4,40.0
2035.0,6,51.0,1.186046511627907,7.6541995136517365,2,12.0,0.0010321547151730134,2,27.0,0.6348192665493813,2,29.0,0.5753956853252389,0,0.0,0.9584445788352444,6,68.0
2040.0,8,88.0,2.046511627906977,7.636968077959455,2,22.0,0.0,4,44.0,0.5829624219309438,2,39.0,0.6196766139325743,0,0.0,0.8418469129754493,8,105.0
2045.0,9,103.0,2.395348837209302,7.279979405454946,0,0.0,1.0,4,58.0,0.48731307666363183,3,50.0,0.4938637186392765,1,4.0,0.6415666503039059,8,112.0
2050.0,9,142.0,3.227272727272727,7.8443805187954725,0,0.0,1.0,5,79.0,0.28123615975279764,3,65.0,0.4874292004782392,1,9.0,0.4365259837990765,9,153.0
2055.0,12,193.0,4.288888888888889,7.062326817928399,0,0.0,1.0,7,106.0,0.14607808431985325,3,80.0,0.5613090497993815,2,18.0,0.3527722143955301,12,204.0
2060.0,12,253.0,5.382978723404255,7.075994177479698,0,0.0,1.0,7,141.0,0.21296264077196805,3,100.0,0.5424040901353501,2,28.0,0.19463595424302185,12,269.0
2065.0,17,326.0,6.9361702127659575,5.379272483015548,0,0.0,0.8986250832417854,7,176.0,0.12919807942354533,6,120.0,0.025969285742554388,3,43.0,0.23349087190164952,16,339.0
2070.0,12,249.0,5.413043478260869,5.084073697439217,1,3.0,0.0,6,181.0,0.13757621469319475,5,81.0,0.015717101979665086,0,18.0,0.5109361193904092,12,283.0
2075.0,12,309.0,6.866666666666666,6.048982471563079,1,14.0,0.38577656230418017,6,211.0,0.20397654608554502,5,107.0,0.15949172847528015,0,0.0,0.9321309554842212,12,332.0
2080.0,12,369.0,8.2,6.382500067828471,1,19.0,0.16211103944507504,6,241.0,0.41240389368890934,5,129.0,0.2538298574184262,0,0.0,0.9678202124208558,12,389.0
2085.0,15,441.0,10.022727272727273,5.795744032977676,3,34.0,0.012587385943877854,7,273.0,0.27840252234092494,5,154.0,0.2728387769860346,0,0.0,0.9707965855586312,15,461.0
2090.0,11,424.0,8.833333333333334,6.03392451628634,0,1.0,0.041231570159664124,8,312.0,0.36568737184719363,3,148.0,0.3516902559200184,0,0.0,0.9604324103509699,11,461.0
2095.0,12,455.0,9.479166666666666,6.396768872848725,0,0.0,1.0,8,352.0,0.38590439125826975,2,109.0,0.4792012866440015,0,0.0,0.9869803271855169,10,461.0
2100.0,14,518.0,11.02127659574468,6.813009286032371,0,0.0,1.0,9,393.0,0.41227867741176943,2,119.0,0.47147362861692227,0,0.0,0.9353443869950908,11,512.0
2105.0,17,595.0,12.142857142857142,5.824863294793267,0,0.0,1.0,9,438.0,0.3013227938679573,4,135.0,0.1527253920786262,0,0.0,0.9361642686648114,13,573.0
2110.0,19,677.0,13.27450980392157,4.8442436247469765,0,0.0,1.0,13,496.0,0.12986686503210032,2,136.0,0.0,0,0.0,0.8451234974018279,15,632.0
2115.0,22,783.0,15.057692307692308,4.604425646966181,0,3.0,0.5970664877556864,14,569.0,0.13440629234838902,2,146.0,0.0,0,0.0,0.6524869669032634,16,718.0
2120.0,25,903.0,17.705882352941178,4.2279289529858834,1,4.0,0.032770281836260226,14,639.0,0.18093923258577901,2,156.0,0.0,1,4.0,0.6425857177374046,18,803.0
2125.0,28,983.0,19.66,3.633403700858971,2,14.0,6.643736850093467e-06,16,712.0,0.19595276377026777,2,166.0,0.1988914801215469,1,9.0,0.6049482157596818,21,901.0
2130.0,21,973.0,18.71153846153846,4.010783886585241,0,0.0,1.0,11,692.0,0.1855878860713112,3,179.0,2.1780544046822497e-05,0,0.0,0.8979736760093131,14,871.0
2135.0,19,963.0,18.51923076923077,5.136006408559577,0,0.0,1.0,13,747.0,0.12073121981668453,2,189.0,0.3304548948567338,0,0.0,0.9676097312364853,15,936.0
2140.0,18,1005.0,19.705882352941178,6.075506682355495,0,0.0,1.0,13,812.0,0.12829084522780937,5,211.0,0.34208608543972774,0,0.0,0.9849217173970565,18,1023.0
2145.0,18,1095.0,20.660377358490567,6.329250084917149,0,0.0,1.0,13,874.0,0.12904795797016141,5,233.0,0.42324102326906665,0,0.0,0.9570437156126013,18,1107.0
2150.0,22,1199.0,22.203703703703702,5.844715428662397,0,0.0,1.0,13,939.0,0.1315901896208981,6,260.0,0.3914523128156607,0,0.0,0.6233270305484644,19,1199.0
2155.0,19,1061.0,19.29090909090909,5.859510046543309,0,0.0,1.0,13,1004.0,0.06910433637952049,5,154.0,0.3919126397581164,1,4.0,0.4958207542123489,19,1162.0
2160.0,13,626.0,12.038461538461538,6.071641372157198,0,0.0,1.0,9,802.0,0.09729327576347517,3,74.0,0.4806342347985941,1,9.0,0.4789736214154158,13,885.0
2165.0,11,114.0,2.150943396226415,6.543105828445883,0,0.0,1.0,1,365.0,0.30129744002668357,4,90.0,0.41692744640610574,1,14.0,0.3200700439010344,6,469.0
2170.0,10,150.0,2.830188679245283,7.575819046514988,0,0.0,1.0,1,125.0,0.5640631146927128,4,110.0,0.4650654676469542,0,0.0,0.9775436253668895,5,235.0
2175.0,5,65.0,1.1818181818181819,7.2403687481140055,0,0.0,1.0,1,41.0,0.6841301004668586,0,44.0,0.5611318500464827,0,0.0,0.9342763482283115,1,85.0
2180.0,5,75.0,1.3392857142857142,7.981328863195964,0,3.0,0.4681359456257106,1,48.0,0.6498239610554666,0,0.0,0.9429206373834905,0,0.0,0.9685415657947487,1,51.0
2185.0,2,5.0,0.09615384615384616,9.117093503214956,0,0.0,0.9341074796542503,0,36.0,0.7124611459592933,0,0.0,0.9510624572757439,0,0.0,0.9852593508898003,0,36.0
2190.0,2,8.0,0.15384615384615385,9.227946521921423,0,0.0,1.0,2,44.0,0.7462568327900035,0,0.0,0.9184119564039497,0,0.0,0.9846106088385502,2,44.0
2195.0,6,25.0,0.4716981132075472,8.48749384452683,0,0.0,1.0,3,55.0,0.634584721597127,0,32.0,0.9389014119935726,0,0.0,0.9978960095194392,3,87.0
2200.0,10,57.0,1.0555555555555556,8.216590808957383,0,0.0,1.0,4,71.0,0.5234618977630883,1,27.0,0.7997619006582524,0,0.0,0.9721002410612851,5,98.0
2205.0,7,75.0,1.4423076923076923,8.231426281743309,0,0.0,0.9038132880287159,4,88.0,0.5499723461637462,2,7.0,0.630719886821772,0,0.0,0.9545692001023388,6,95.0
2210.0,12,120.0,2.3529411764705883,6.95411606214924,1,1.0,0.0059771433593142735,6,122.0,0.3207994499358424,4,49.0,0.38389512010409765,0,0.0,0.9505645649952608,11,172.0
2215.0,13,150.0,2.9411764705882355,5.60961693046145,0,0.0,1.0,8,154.0,0.20503320366959343,2,74.0,0.2397633695519005,0,0.0,0.9382822328300583,10,228.0
2220.0,7,125.0,2.5,6.921971158373326,0,0.0,0.9313391232588871,3,138.0,0.3368016510980272,4,95.0,0.1595811825045584,0,0.0,0.962539621372021,7,233.0
2225.0,8,162.0,3.306122448979592,7.5290148704654305,0,0.0,1.0,3,152.0,0.44419506765153,5,117.0,0.1639896335118452,0,0.0,0.9479932029976776,8,269.0
2230.0,9,205.0,4.1,8.434969176848773,0,0.0,1.0,4,170.0,0.5176879284439935,5,145.0,0.26519246780564987,0,0.0,0.977805919402304,9,315.0
2235.0,9,250.0,4.716981132075472,8.075038828032158,0,0.0,1.0,4,180.0,0.5773959607953295,5,170.0,0.2754653902541559,0,0.0,0.9095183899239879,9,350.0
2240.0,9,236.0,4.538461538461538,7.920750885146268,0,0.0,1.0,5,201.0,0.42279914594228335,3,158.0,0.4044065120201492,0,0.0,0.9350327259453731,8,359.0
2245.0,10,283.0,5.66,7.733546322980711,0,0.0,1.0,5,226.0,0.4299494187502403,4,148.0,0.5155346477930993,0,0.0,0.9112914430613738,9,374.0
2250.0,10,322.0,6.851063829787234,6.742913574129923,0,0.0,1.0,5,248.0,0.260687370546481,5,168.0,0.2830879207220599,0,0.0,0.9149732818992535,10,416.0
2255.0,13,382.0,7.795918367346939,6.269915321651864,0,0.0,1.0,5,273.0,0.2633240648678218,8,203.0,0.2040186349155098,0,0.0,0.9751798256911236,13,476.0
2260.0,8,173.0,3.6041666666666665,5.938044011787642,0,0.0,1.0,1,118.0,0.2943379488694346,7,219.0,0.26760921361975754,0,0.0,0.9553447463424649,8,337.0
2265.0,8,185.0,3.8541666666666665,6.827292439154699,0,6.0,0.5371257290171098,0,3.0,0.8565399562058779,7,248.0,0.24498076225060633,0,0.0,0.9421664372582375,7,257.0
2270.0,12,233.0,4.66,6.862490197654665,0,0.0,1.0,0,3.0,0.9110575028406211,7,280.0,0.12329363582321555,0,0.0,0.9670075439357497,7,283.0
2275.0,12,293.0,5.634615384615385,6.86861347240597,0,0.0,1.0,0,3.0,0.8159430527175232,7,315.0,0.2181238401489563,0,0.0,0.997379604165198,7,318.0
2280.0,15,361.0,7.36734693877551,5.842973133281934,1,1.0,0.003809892596956787,1,8.0,0.8169305977499496,7,350.0,0.12038701171947903,0,0.0,0.9316039268448388,9,359.0
2285.0,19,446.0,8.92,5.278458959291181,1,5.0,0.0,1,13.0,0.7270667075120967,7,385.0,0.11102973425161393,0,0.0,0.9453882005321679,9,403.0
2290.0,22,548.0,10.339622641509434,4.911624656847055,1,10.0,0.0,2,40.0,0.5204175367476985,7,420.0,0.12354494924281074,0,0.0,0.9673508053812844,10,470.0
2295.0,25,668.0,13.098039215686274,4.134846530976494,1,15.0,0.0,3,34.0,0.35008383543243343,7,455.0,0.21551815887682493,1,2.0,0.4773655608486924,12,506.0
2300.0,19,646.0,12.92,3.860426701749443,0,0.0,1.0,1,13.0,0.485883069612,7,490.0,0.1114863694244498,1,7.0,0.4830251230683196,9,510.0
2305.0,20,696.0,13.92,4.601034993915425,0,0.0,1.0,2,23.0,0.4715476305437968,8,529.0,0.09311310905455553,0,0.0,0.9739845659678624,10,552.0
2310.0,17,643.0,12.86,4.686944535389013,0,0.0,1.0,2,33.0,0.4821752869142433,9,579.0,0.23785027118739668,0,0.0,0.9399611499117821,11,612.0
2315.0,16,614.0,12.28,5.17193543855247,0,0.0,1.0,2,43.0,0.4872747737309358,10,622.0,0.1556784129412636,0,0.0,0.9571849218788885,12,665.0
2320.0,12,651.0,12.764705882352942,5.803579749747345,0,0.0,1.0,2,56.0,0.4924765049187522,10,672.0,0.22111829414410433,0,0.0,0.9515256813263933,12,728.0
2325.0,13,713.0,13.711538461538462,5.554294625395131,0,0.0,1.0,2,66.0,0.4562763724729991,10,722.0,0.22738749721913404,0,0.0,0.9598974303244805,12,788.0
2330.0,14,783.0,15.979591836734693,5.705571325908675,0,0.0,1.0,2,76.0,0.4617715539177044,10,772.0,0.32072789638142324,0,0.0,0.628716017638262,12,848.0
2335.0,13,620.0,12.653061224489797,5.725329495473745,0,0.0,1.0,2,86.0,0.48062248714837275,8,674.0,0.3403722951744853,1,4.0,0.5215939024118246,11,764.0
2340.0,10,231.0,4.714285714285714,5.770738403072499,0,0.0,1.0,2,99.0,0.6189563970281389,4,436.0,0.34237467670488403,1,9.0,0.6453964515519125,7,544.0
2345.0,8,179.0,3.5098039215686274,6.618219338210424,0,0.0,1.0,2,75.0,0.6719599255035035,5,299.0,0.37658171309080796,0,0.0,0.9445869914650321,7,374.0
2350.0,10,223.0,4.46,6.809167378306934,0,0.0,0.4453149709304087,3,86.0,0.5341019426988685,6,226.0,0.32802741393713397,0,0.0,0.9703453365435666,9,312.0
2355.0,7,116.0,2.32,6.188520291353804,1,3.0,0.40680692534712465,3,121.0,0.5615435082828071,2,70.0,0.1720764810191837,0,0.0,0.9369333585447481,6,194.0
2360.0,10,158.0,3.0980392156862746,7.211030330306257,1,14.0,0.32164557181565917,4,114.0,0.5297295153332707,4,73.0,0.30548785054754285,0,0.0,0.9530573545212202,9,201.0
2365.0,11,178.0,3.56,6.63907060607113,4,29.0,0.11331837911629301,1,89.0,0.6836229959622769,4,93.0,0.4048704410877711,0,0.0,0.9534522808662067,9,211.0
2370.0,11,206.0,4.204081632653061,6.75097146841855,4,49.0,0.013330450620418165,3,100.0,0.6432555767103366,4,113.0,0.27205327368345805,0,0.0,0.93908787759137,11,262.0
2375.0,14,238.0,4.76,7.3144565039350455,7,77.0,0.0023948162359057504,4,116.0,0.6096110604741397,3,96.0,0.48290867068388454,0,0.0,0.9536470693013415,14,289.0
2380.0,8,203.0,3.830188679245283,7.557065784766292,1,43.0,0.04431176462071324,5,139.0,0.5181887731472687,2,71.0,0.6684569793778794,0,0.0,0.603055740032479,8,253.0
2385.0,9,237.0,4.5576923076923075,7.7101636987062205,0,7.0,0.5436483076768007,6,162.0,0.48735816142352206,2,81.0,0.49048199260533315,1,5.0,0.6593561424497891,9,255.0
2390.0,6,228.0,4.384615384615385,7.786985632233902,0,0.0,1.0,2,148.0,0.4462020967878107,3,96.0,0.5520853939254734,1,10.0,0.6386154478065462,6,254.0
2395.0,9,266.0,5.115384615384615,7.8837068409891495,0,0.0,1.0,4,147.0,0.4165604605105757,4,113.0,0.38793971125419024,1,15.0,0.7478178471189172,9,275.0
2400.0,9,295.0,5.566037735849057,7.480206894519399,0,0.0,0.9822276312061373,4,167.0,0.32554812957568313,5,134.0,0.363433351363833,0,0.0,0.9754356948448852,9,301.0
2405.0,10,344.0,6.745098039215686,7.27781273097541,0,0.0,0.3885951305617022,5,191.0,0.4556009065386278,5,162.0,0.21795167930510445,0,0.0,0.9663222973167929,10,353.0
2410.0,9,356.0,7.574468085106383,6.635314063635679,2,7.0,0.00012108802876805569,2,172.0,0.5570021863289382,5,184.0,0.25724304485752686,0,0.0,0.9550593594932734,9,363.0
2415.0,10,274.0,5.591836734693878,6.605995745445007,2,17.0,0.0,4,185.0,0.43376834254258934,4,137.0,0.2891744314659676,0,0.0,0.9356673810521268,10,339.0
2420.0,11,294.0,6.391304347826087,7.38214222657043,2,27.0,0.0,6,210.0,0.3212026608575864,3,63.0,0.4765222943629288,0,0.0,0.9958390914193528,11,300.0
2425.0,9,312.0,6.933333333333334,6.743322206607461,0,0.0,1.0,6,240.0,0.31566476782319935,3,75.0,0.3382199545706575,0,0.0,0.9305731294805509,9,315.0
2430.0,7,310.0,6.739130434782608,6.812480385068956,0,0.0,1.0,3,232.0,0.4159433192456869,4,94.0,0.3248815249710892,0,0.0,0.8841077088218664,7,326.0
2435.0,8,324.0,6.75,6.956696844417114,0,0.0,1.0,5,239.0,0.14908388747295903,2,84.0,0.4849953386128447,0,0.0,0.947200978272757,7,323.0
2440.0,12,377.0,8.568181818181818,6.220094150502274,0,0.0,1.0,6,272.0,0.19758878570512495,2,94.0,0.47797495190997896,0,0.0,0.9337602133794898,8,366.0
2445.0,13,438.0,10.186046511627907,6.401292587602251,1,1.0,0.004013941517014847,6,302.0,0.32915945399835944,2,104.0,0.4703709566095152,0,0.0,0.9536982382021342,9,407.0
2450.0,10,435.0,9.886363636363637,6.011420222410232,1,6.0,0.4559850288541906,3,282.0,0.49339242593984534,2,111.0,0.2964574081905994,0,0.0,0.9670857907517489,6,399.0
2455.0,8,444.0,9.866666666666667,5.9001314193006085,2,12.0,0.00016008368391254445,3,297.0,0.4842893828111004,2,121.0,0.3903911402776189,0,0.0,0.9714346447951896,7,430.0
2460.0,12,496.0,11.272727272727273,5.515708369271267,2,22.0,0.0,3,312.0,0.482074015695449,5,142.0,0.26988698648682447,0,0.0,0.9651834481482919,10,476.0
2465.0,12,534.0,11.866666666666667,5.8426598055629055,2,32.0,0.0,3,327.0,0.4911347905946786,5,167.0,0.27537380154202085,0,0.0,0.9615698735243872,10,526.0
2470.0,11,571.0,12.148936170212766,6.277546261739227,2,42.0,0.0,3,342.0,0.5521538357287155,5,192.0,0.3551993166625249,0,0.0,0.8433230944582598,10,576.0
2475.0,9,587.0,12.76086956521739,6.518572014735712,2,52.0,0.0,3,354.0,0.2420990693855261,3,181.0,0.4667288930610442,1,3.0,0.48124262905354315,9,590.0
2480.0,9,632.0,13.166666666666666,7.009769339544465,2,62.0,0.0,3,372.0,0.3217679075956402,3,196.0,0.5358374056650825,1,8.0,0.481756380812288,9,638.0
2485.0,11,679.0,13.58,6.546208750318486,2,72.0,0.0,3,387.0,0.5126979089981096,4,217.0,0.3006139360592441,2,13.0,0.3185978419510371,11,689.0
2490.0,10,715.0,13.75,6.3690106089436265,2,82.0,0.23331417777162447,3,402.0,0.48782998903820296,5,243.0,0.22106821798833476,0,0.0,0.4534828252721026,10,727.0
2495.0,10,237.0,4.5576923076923075,5.474527847188018,2,92.0,0.008944221425983875,2,209.0,0.4416946190589783,4,173.0,0.29360627994515653,0,0.0,0.8631462836399398,8,474.0
2500.0,13,164.0,3.0943396226415096,6.038229028385438,4,110.0,0.0005678623711298459,1,9.0,0.7184855498121047,3,55.0,0.4123455159198078,0,0.0,0.9617392389303673,8,174.0
2505.0,8,84.0,1.5555555555555556,6.649971347513059,0,8.0,0.31595849768992346,1,14.0,0.6975047862513643,3,44.0,0.5823522167183671,0,0.0,0.9899722294368413,4,66.0
2510.0,9,96.0,1.8461538461538463,6.347808679699082,0,0.0,0.6368940950086347,4,26.0,0.40578710845141147,3,59.0,0.6070765041354788,0,0.0,0.9589283726861866,7,85.0
2515.0,7,98.0,1.8148148148148149,7.02911059722069,0,0.0,1.0,2,56.0,0.6334246727365151,3,45.0,0.5900056712768187,0,0.0,0.5086330606118625,5,101.0
2520.0,8,137.0,2.6862745098039214,7.449126964528,0,0.0,1.0,2,66.0,0.7246366645563587,3,60.0,0.4245681676381206,1,4.0,0.49766959279355727,6,130.0
2525.0,7,131.0,2.381818181818182,7.4934788220493305,0,0.0,1.0,2,63.0,0.6376853269733433,4,82.0,0.37142859715393634,1,9.0,0.5238912404101183,7,154.0
2530.0,13,182.0,3.3703703703703702,6.8048422126394525,0,0.0,1.0,5,80.0,0.3898571913144659,5,106.0,0.356935667200832,2,18.0,0.31112848359214634,12,204.0
2535.0,15,229.0,4.490196078431373,5.582913716923008,0,0.0,1.0,6,108.0,0.13874685115900953,6,134.0,0.32733119098510455,0,0.0,0.9842708810279274,12,242.0
2540.0,11,146.0,2.8076923076923075,6.057828523380219,0,0.0,1.0,6,129.0,0.2826303274985943,0,25.0,0.5229964591703361,0,0.0,0.9820900347522472,6,154.0
2545.0,10,165.0,3.3,6.5818916125994384,0,9.0,0.6261751910746591,7,167.0,0.25019786543464734,0,6.0,0.9240111061781331,0,0.0,0.9801323176409984,7,182.0
2550.0,8,185.0,3.5576923076923075,6.750738311150273,0,0.0,0.5496447879986344,8,205.0,0.34450145679420613,0,6.0,0.9596790939596966,0,0.0,0.9432186583640891,8,211.0
2555.0,8,225.0,4.411764705882353,7.220325832703863,0,0.0,0.951324837747549,8,245.0,0.4172995627877371,0,3.0,0.948188948666606,0,0.0,0.9225509492816939,8,248.0
2560.0,7,248.0,4.592592592592593,7.296438752514072,0,0.0,1.0,7,268.0,0.4373610119718352,0,3.0,0.9753730752886217,0,0.0,0.9596546959068636,7,271.0
2565.0,7,283.0,5.2407407407407405,7.38334420845203,0,0.0,1.0,7,303.0,0.4812290958949587,0,3.0,0.6990223372475813,0,0.0,0.9549623835352754,7,306.0
2570.0,8,321.0,6.056603773584905,7.507940186472601,0,0.0,1.0,7,338.0,0.4772805465215515,1,9.0,0.7115906403641021,0,0.0,0.9784890159264422,8,347.0
2575.0,8,361.0,6.811320754716981,7.449119965302938,0,0.0,1.0,7,367.0,0.34373985505758287,1,14.0,0.3931640564518539,0,0.0,0.9609889439247064,8,381.0
2580.0,7,388.0,7.461538461538462,7.547395489306959,0,0.0,1.0,7,402.0,0.29127432667332254,0,7.0,0.7735575915246365,0,0.0,0.9714508606664304,7,409.0
2585.0,7,423.0,8.63265306122449,7.7599250045236445,0,0.0,1.0,7,440.0,0.30998097972198635,0,3.0,0.9724551593394307,0,0.0,0.93735408013975,7,443.0
2590.0,7,458.0,8.980392156862745,8.153234027824222,0,0.0,1.0,7,475.0,0.35141666092449825,0,3.0,0.9577510647742211,0,0.0,0.9499529028614039,7,478.0
2595.0,7,493.0,9.86,7.6804436202458275,0,0.0,0.41811665886033905,7,510.0,0.3476895435246187,0,0.0,0.9959773567156824,0,0.0,0.9387883479421771,7,510.0
2600.0,6,190.0,3.9583333333333335,6.580394528739582,1,3.0,0.2595850943728631,3,345.0,0.3622745128824252,0,0.0,0.7465984903749631,0,0.0,0.6761526703152806,4,348.0
2605.0,7,30.0,0.625,7.209476374167409,2,11.0,0.00013579803063782235,0,84.0,0.7614833971190444,2,6.0,0.328570403330638,1,4.0,0.6665403049098964,5,105.0
2610.0,5,39.0,0.7959183673469388,7.691556102304425,2,21.0,0.0,0,29.0,0.9413933082516399,2,16.0,0.4829465086919168,0,0.0,0.89847648925804,4,66.0
2615.0,6,60.0,1.2244897959183674,7.460184010976692,2,31.0,0.0,2,6.0,0.4798811145929584,2,29.0,0.5756279147501393,0,0.0,0.9555631279658678,6,66.0
2620.0,5,55.0,1.1,7.437540584464885,2,41.0,0.0,3,17.0,0.2346645334502202,0,2.0,0.5146892976914748,0,0.0,0.9508448805577665,5,60.0
2625.0,5,80.0,1.6666666666666667,7.189413770961221,2,51.0,0.0,3,35.0,0.3994885598854792,0,4.0,0.6753390089483247,0,0.0,0.9326305269724262,5,90.0
2630.0,1,2.0,0.041666666666666664,7.408755655288444,0,3.0,0.08041989599403147,0,3.0,0.9435846104675385,1,6.0,0.5001148832321133,0,0.0,0.965295723481405,1,12.0
2635.0,3,11.0,0.2391304347826087,8.017725664987244,0,0.0,1.0,0,3.0,0.9157359049032502,1,11.0,0.7291587418515478,0,0.0,0.9717661569940987,1,14.0
2640.0,5,28.0,0.5833333333333334,8.053262082542496,0,0.0,1.0,0,3.0,0.9139181675541889,2,20.0,0.5630346475942487,0,0.0,0.9918860954750421,2,23.0
2645.0,6,57.0,1.1875,7.8760877337414925,0,0.0,1.0,0,3.0,0.8353260932043244,2,30.0,0.5804126556681022,0,0.0,0.9460241095085163,2,33.0
2650.0,8,93.0,1.8979591836734695,7.4440885764230496,0,0.0,1.0,2,18.0,0.7106615698698245,2,40.0,0.622396982332415,0,0.0,0.9787540363754543,4,58.0
2655.0,8,133.0,2.9555555555555557,7.624203737082517,0,0.0,1.0,2,26.0,0.5696059419690062,2,50.0,0.612251522966981,0,0.0,0.946695841766936,4,76.0
2660.0,8,144.0,3.3488372093023258,7.377070396647482,0,0.0,1.0,2,28.0,0.5696305803181083,2,27.0,0.6244081307908059,0,0.0,0.9347420826246728,4,55.0
2665.0,12,165.0,3.75,5.955434996324969,0,0.0,1.0,3,46.0,0.49997460147950246,4,43.0,0.4123714253610249,0,0.0,0.9776530653084242,7,89.0
2670.0,14,176.0,3.911111111111111,5.773097962120364,0,0.0,1.0,5,68.0,0.35226203540537215,4,60.0,0.4071268284002841,0,0.0,0.8315635603820315,9,128.0
2675.0,13,174.0,3.702127659574468,5.389759704987622,0,0.0,1.0,1,35.0,0.376867388910532,5,81.0,0.18238420491519372,1,3.0,0.6354389005776795,7,119.0
2680.0,10,153.0,3.4,6.229270679519295,0,0.0,1.0,0,4.0,0.8488566937221075,6,111.0,0.12563719584676256,1,8.0,0.3563110177209334,7,123.0
2685.0,6,126.0,2.739130434782609,7.148003647293311,0,0.0,1.0,0,3.0,0.907816741653581,4,121.0,0.37628957188700857,2,17.0,0.4823280681972931,6,141.0
2690.0,7,139.0,2.9574468085106385,7.622434642081256,0,0.0,1.0,2,8.0,0.6158563883020198,5,137.0,0.4808805834326505,0,8.0,0.6401271227815738,7,153.0
2695.0,8,177.0,3.765957446808511,7.2665412111271825,0,0.0,1.0,3,21.0,0.4412682489386301,5,179.0,0.5593764966224142,0,0.0,0.9671255198875897,8,200.0
2700.0,9,218.0,4.954545454545454,6.528777600577505,0,0.0,1.0,4,37.0,0.37342057742349233,5,204.0,0.30352375576179647,0,0.0,0.9500176095978099,9,241.0
2705.0,6,61.0,1.297872340425532,6.085368311317263,0,0.0,1.0,5,59.0,0.23852503086684132,1,45.0,0.4789752285256292,0,0.0,0.938929978985269,6,104.0
2710.0,7,93.0,2.0217391304347827,6.48475039237512,0,3.0,0.6868959832955291,6,89.0,0.2698650238715022,1,24.0,0.6272646591687158,0,0.0,0.9605914439915724,7,116.0
2715.0,6,67.0,1.4565217391304348,6.6504349821134925,1,10.0,0.15392249043480588,4,56.0,0.527535985886817,1,29.0,0.6488269139741231,0,0.0,0.992719714615915,6,95.0
2720.0,9,109.0,2.18,7.000138426734317,3,24.0,0.007950147143698884,4,76.0,0.6006633306691215,2,37.0,0.28491875538015504,0,0.0,0.9823576527422444,9,137.0
2725.0,11,151.0,2.9607843137254903,6.8367462722552705,4,40.0,0.0018868522251392161,4,96.0,0.6173105752811296,1,45.0,0.6971863193851892,0,0.0,0.9530859536400996,9,181.0
2730.0,13,213.0,4.176470588235294,6.752314060149086,4,60.0,0.0003851612602349732,4,116.0,0.5771785147391555,2,54.0,0.5647009941270962,0,0.0,0.9474545566647259,10,230.0
2735.0,12,263.0,5.1568627450980395,6.917406893214906,4,80.0,8.24630302396409e-05,4,136.0,0.5854679033761327,2,64.0,0.62075682466477,0,0.0,0.978604361288718,10,280.0
2740.0,4,57.0,1.0555555555555556,6.611920200810882,0,15.0,0.03531294634328772,1,75.0,0.42403835795997347,2,74.0,0.674138865716313,0,0.0,0.9433939031318594,3,164.0
2745.0,8,92.0,1.7037037037037037,7.095384402972754,0,0.0,1.0,2,19.0,0.1955629998633089,2,81.0,0.6385730656504691,0,0.0,0.9530451089691263,4,100.0
2750.0,7,93.0,1.6607142857142858,7.091386524985069,0,0.0,1.0,3,34.0,0.1631876092905212,1,92.0,0.742678842181966,0,0.0,0.9455616672889152,4,126.0
2755.0,12,148.0,2.5964912280701755,6.992553779073403,0,0.0,0.9480621628413738,5,62.0,0.2980232893434729,2,98.0,0.670782137751111,0,0.0,0.9997137628998707,7,160.0
2760.0,8,135.0,2.288135593220339,6.6798367804235035,0,0.0,1.0,0,21.0,0.5514826257170389,2,108.0,0.6519988141158553,0,0.0,0.5018233944861734,2,129.0
2765.0,10,183.0,3.1016949152542375,7.272319575095115,0,0.0,0.9571184281810305,0,3.0,0.980230095892738,2,118.0,0.49281265510444006,1,5.0,0.47599576612027494,3,126.0
2770.0,7,170.0,2.8333333333333335,7.6397721542084644,0,0.0,1.0,0,3.0,0.8705916157592782,2,128.0,0.5697191518858588,1,10.0,0.48398638018092016,3,141.0
2775.0,4,114.0,1.9655172413793103,8.026636025149037,0,0.0,1.0,1,6.0,0.743592603592673,2,138.0,0.6401608799189702,1,15.0,0.6329192446287084,4,159.0
2780.0,4,115.0,2.090909090909091,7.766553729652628,0,0.0,1.0,1,11.0,0.7071775485881872,2,148.0,0.5249508504086025,0,0.0,0.9814755208079513,3,159.0
2785.0,9,146.0,2.8076923076923075,7.193417464013972,0,0.0,1.0,2,19.0,0.43604494456419973,4,166.0,0.36520044924420697,0,0.0,0.9717421272479136,6,185.0
2790.0,7,169.0,3.4489795918367347,6.757062101278605,0,0.0,1.0,3,33.0,0.38030816805353745,2,171.0,0.39897260758979625,0,0.0,0.9366177886154674,5,204.0
2795.0,9,201.0,4.1020408163265305,6.848052219267243,0,3.0,0.9954458301589248,4,50.0,0.36990488123339704,2,175.0,0.45967291291973494,0,0.0,0.9499360855052236,6,228.0
2800.0,7,187.0,3.8958333333333335,6.623484014250788,0,0.0,0.10990880389861364,3,40.0,0.5732764180850959,2,185.0,0.32817765166509116,0,0.0,0.9426155008016129,5,225.0
2805.0,7,214.0,4.28,7.260728201415742,1,5.0,0.16733541892333098,3,55.0,0.6060954987372991,2,195.0,0.3160358108072244,0,0.0,0.9526789409189229,6,255.0
2810.0,5,72.0,1.3846153846153846,6.717794285623406,0,0.0,1.0,3,113.0,0.6248257560540367,2,104.0,0.145629809677085,0,0.0,0.7285887700161705,5,217.0
2815.0,6,89.0,1.816326530612245,8.004203951382888,0,0.0,1.0,4,132.0,0.5730664110767176,1,26.0,0.5294802032971265,1,4.0,0.5904287728251115,6,162.0
2820.0,3,20.0,0.39215686274509803,7.946884069068609,0,0.0,1.0,0,4.0,0.7480194655404582,1,11.0,0.6725484034287883,2,12.0,0.3234242305610032,3,27.0
2825.0,2,17.0,0.3333333333333333,8.50626637900135,0,0.0,1.0,1,7.0,0.7904751698801059,1,13.0,0.38342875364422274,0,0.0,0.9437724880839022,2,20.0
2830.0,3,13.0,0.23636363636363636,8.568754128044558,0,0.0,1.0,1,12.0,0.7900182808430941,0,14.0,0.728467838772563,0,0.0,0.9540857078562073,1,26.0
2835.0,4,20.0,0.35714285714285715,8.835225183398757,0,3.0,0.9109547753770902,1,17.0,0.7595799455941487,3,18.0,0.5956071773053327,0,0.0,0.9443563420355303,4,38.0
2840.0,4,25.0,0.4807692307692308,8.646933885207638,0,0.0,1.0,0,4.0,0.8597250808871285,4,37.0,0.4815918019349058,0,0.0,0.8937346452240711,4,41.0
2845.0,5,47.0,0.94,8.30060308115334,0,0.0,1.0,1,5.0,0.7874394188204354,4,57.0,0.48187105309870887,0,0.0,0.947153056754909,5,62.0
2850.0,6,31.0,0.6595744680851063,7.173414717216003,0,0.0,1.0,4,17.0,0.31831432600324905,2,23.0,0.6232029649252199,0,0.0,0.9757858930678324,6,40.0
2855.0,6,61.0,1.326086956521739,7.902449929773695,0,0.0,1.0,4,46.0,0.4028632229367591,2,33.0,0.4770987975665538,0,0.0,0.9667861373457872,6,79.0
2860.0,2,37.0,0.8222222222222222,8.327043189100728,0,0.0,1.0,0,22.0,0.790863664523052,2,37.0,0.31277726001617284,0,0.0,0.9358434728385373,2,59.0
2865.0,3,49.0,1.065217391304348,8.79200039323602,0,0.0,1.0,0,9.0,0.9120078468704469,3,49.0,0.2281678832178123,0,0.0,0.9795167030371431,3,58.0
2870.0,6,68.0,1.511111111111111,7.997142199800557,0,0.0,1.0,0,9.0,0.9300676405983225,3,67.0,0.37151806679156996,1,2.0,0.4239562104554498,4,78.0
2875.0,7,100.0,2.3255813953488373,7.89885331819761,0,0.0,1.0,0,9.0,0.937901550264127,3,82.0,0.3861058451017117,2,11.0,0.3103676025632857,5,102.0
2880.0,7,135.0,3.13953488372093,7.682938157692552,0,0.0,1.0,0,6.0,0.9053953555109924,3,97.0,0.3808694666499976,2,21.0,0.3200827726116676,5,124.0
2885.0,6,144.0,3.2,7.7288693087146685,0,0.0,1.0,1,7.0,0.5879726685513544,3,112.0,0.3848977715362711,2,31.0,0.4757330467323865,6,150.0
2890.0,8,143.0,3.108695652173913,6.872090488890724,0,0.0,1.0,4,19.0,0.163212574662413,3,127.0,0.3847184857631346,0,18.0,0.6558607505226196,7,164.0
2895.0,8,92.0,2.090909090909091,6.591653174061732,0,0.0,1.0,5,77.0,0.2720109230170625,2,84.0,0.31626290351203645,0,0.0,0.9834612261127282,7,161.0
2900.0,5,66.0,1.4666666666666666,6.977499131475492,0,0.0,1.0,0,5.0,0.5322637865866157,5,72.0,0.0019500578051431584,0,0.0,0.9497163198537542,5,77.0
2905.0,7,97.0,2.108695652173913,7.569274631861147,0,0.0,1.0,1,1.0,0.5962686957243991,6,102.0,0.14400492659380637,0,0.0,0.9626721801256722,7,103.0
2910.0,8,135.0,3.13953488372093,8.082279593047788,0,0.0,1.0,1,6.0,0.6436669974478791,7,138.0,0.21386184267291747,0,0.0,0.9802626447309478,8,144.0
2915.0,2,77.0,1.75,7.583379092667618,0,0.0,1.0,1,11.0,0.6313431468771392,1,83.0,0.43396520656316123,0,0.0,0.9852449158130845,2,94.0
2920.0,3,76.0,1.5833333333333333,8.459095288427624,0,3.0,0.5970725097639745,0,6.0,0.8326217140815901,1,74.0,0.6577254414029018,0,0.0,0.9610957140993845,1,83.0
2925.0,1,76.0,1.5510204081632653,9.530715685077558,0,0.0,1.0,0,36.0,0.8971287272211088,1,79.0,0.6181896043512195,0,0.0,0.9528450214843103,1,115.0
2930.0,3,88.0,1.9130434782608696,9.687567899551212,0,0.0,0.981638267400303,1,38.0,0.8466519654015596,2,89.0,0.4660515054964757,0,0.0,0.9407385531657838,3,127.0
2935.0,3,95.0,2.021276595744681,8.585949241718206,1,2.0,0.0007283297761504944,1,16.0,0.698064438490792,1,89.0,0.39574439411954326,0,0.0,0.9965381517271097,3,107.0
2940.0,3,102.0,2.125,8.65576032696275,1,10.0,0.49304635706029726,0,9.0,0.8633889919294866,1,94.0,0.6024899123052292,0,0.0,0.9772738136989828,2,113.0
2945.0,5,117.0,2.4893617021276597,7.628962193100217,2,17.0,0.10021556523094675,0,9.0,0.9515763262460855,3,106.0,0.12571515196159794,0,0.0,0.9689501811708208,5,132.0
2950.0,4,121.0,2.688888888888889,7.984838074607387,0,4.0,0.19277659743719217,0,0.0,0.9574492067081192,4,129.0,0.3008559781618442,0,0.0,0.9428304276053003,4,133.0
2955.0,4,141.0,3.0,8.971184655762803,0,0.0,1.0,0,0.0,0.9725054164521277,4,149.0,0.32370021336165106,0,0.0,0.9437124138979195,4,149.0
2960.0,3,125.0,2.840909090909091,8.448093685671042,0,0.0,1.0,0,0.0,0.9127368312129407,2,129.0,0.4781968504018488,0,0.0,0.960362141686805,2,129.0
2965.0,4,144.0,3.2,8.249384196468135,0,3.0,0.710805468305909,0,3.0,0.7537564577735092,2,139.0,0.6865721719190206,0,0.0,0.9512319792165276,2,145.0
2970.0,4,164.0,3.727272727272727,8.29320852906777,0,3.0,0.038436807030405716,0,3.0,0.9408954451598612,2,147.0,0.688958955610447,0,0.0,0.9307824443990995,2,153.0
2975.0,5,189.0,4.725,8.32757250359052,1,8.0,0.4840323386408448,0,3.0,0.9777601022355326,2,157.0,0.6347051129725916,0,0.0,0.9329919761902982,3,168.0
2980.0,6,215.0,5.2439024390243905,7.644091889549602,2,14.0,0.0013525552283094933,0,3.0,0.980941656692643,2,170.0,0.7148176116698455,0,0.0,0.4764014510567994,4,187.0
2985.0,8,252.0,6.0,7.398475832522824,2,24.0,0.0,0,3.0,0.9441744890535706,3,176.0,0.5466048779667301,1,5.0,0.47835264034036845,6,208.0
2990.0,5,24.0,0.5333333333333333,7.177694060385651,0,0.0,0.2162757904074282,0,3.0,0.6878855074307492,2,50.0,0.46550511803496847,1,10.0,0.3511268746859804,3,63.0
2995.0,7,46.0,1.0222222222222221,6.599284495289968,0,0.0,1.0,2,10.0,0.4864369768043066,2,9.0,0.32993133575754796,1,15.0,0.24391028648765614,5,34.0
3000.0,7,46.0,1.0454545454545454,6.8993006139307145,0,0.0,1.0,3,25.0,0.40163723267280804,2,19.0,0.3201338244649518,0,0.0,0.9279130162635831,5,44.0
3005.0,7,73.0,1.6590909090909092,6.359875179276469,0,0.0,1.0,2,30.0,0.26793011089615604,2,35.0,0.4278457783419595,0,0.0,0.9699102597598045,4,65.0
3010.0,9,99.0,2.106382978723404,6.586865439925779,0,0.0,1.0,3,55.0,0.43687202245938733,1,21.0,0.47696447404585834,0,0.0,0.9631264639525902,4,76.0
3015.0,10,139.0,2.9574468085106385,6.342369665581847,0,3.0,0.8330641791294735,3,70.0,0.4115245170537073,1,26.0,0.22943724450296518,0,0.0,0.9787824905217888,4,99.0
3020.0,10,134.0,2.851063829787234,6.085354760694771,0,3.0,0.01559805397086482,4,80.0,0.4700497217649959,2,33.0,0.30835088517669984,0,0.0,0.9437955880498765,6,116.0
3025.0,7,79.0,1.7173913043478262,6.801425836174225,2,13.0,1.3377252491821563e-05,0,0.0,0.970145574803567,2,43.0,0.3234384687845811,0,0.0,0.9702866293275555,4,56.0
3030.0,6,97.0,2.108695652173913,6.683820242692071,0,0.0,1.0,0,0.0,0.8797998918832676,2,53.0,0.3135994456496976,0,0.0,0.7911108784239591,2,53.0
3035.0,8,133.0,2.9555555555555557,6.882370226061265,0,0.0,1.0,1,3.0,0.7263125222042376,2,69.0,0.47222711558697034,1,3.0,0.4834916610386472,4,75.0
3040.0,8,148.0,3.148936170212766,7.761501877570932,0,0.0,1.0,1,35.0,0.7973479972219183,2,79.0,0.5673118228776762,1,8.0,0.473060825905187,4,122.0
3045.0,7,150.0,3.125,6.981203999822974,0,0.0,1.0,1,40.0,0.6062086031792012,2,89.0,0.6440910150090734,1,13.0,0.40819844129929855,4,142.0
3050.0,8,174.0,3.702127659574468,6.958091288517821,0,0.0,1.0,2,23.0,0.628001109179615,2,96.0,0.6928469797285162,0,0.0,0.7836192001645113,4,119.0
3055.0,4,136.0,2.7755102040816326,7.616547999511023,0,0.0,1.0,2,33.0,0.5569171795502071,2,109.0,0.6640045973177183,0,0.0,0.9461092106418849,4,142.0
3060.0,5,159.0,3.2448979591836733,7.706595885255472,0,0.0,0.9401512748483518,3,46.0,0.32047739878050513,2,113.0,0.638004992474834,0,0.0,0.9235678928589088,5,159.0
3065.0,7,191.0,3.82,8.185321692439993,0,0.0,1.0,5,68.0,0.4262776996846566,2,123.0,0.5637777034806104,0,0.0,0.9532124810308551,7,191.0
3070.0,7,226.0,4.808510638297872,7.54003395154768,0,0.0,1.0,5,112.0,0.3768565237737113,2,134.0,0.6621574265947544,0,0.0,0.9766496703379228,7,246.0
3075.0,8,262.0,5.458333333333333,7.312946142041582,0,0.0,0.9733331037769454,5,137.0,0.4245959503847794,3,145.0,0.1777809299952713,0,0.0,0.49826562795732743,8,282.0
3080.0,11,317.0,6.096153846153846,6.786665603470444,0,0.0,1.0,5,143.0,0.3237227778590832,5,170.0,0.2683081003372039,1,5.0,0.34416457953083324,11,318.0
3085.0,12,373.0,6.907407407407407,7.012488654017072,0,0.0,1.0,6,169.0,0.3102619514150508,5,195.0,0.36001123737604174,1,10.0,0.14008838722991648,12,374.0
3090.0,9,330.0,6.346153846153846,6.684512306416256,0,0.0,1.0,2,122.0,0.32876045175418006,5,220.0,0.2682729587119895,2,20.0,0.39400429768584705,9,362.0
3095.0,6,308.0,5.923076923076923,7.767285552770715,0,0.0,1.0,3,105.0,0.3957182453254632,3,204.0,0.3792794364498301,0,0.0,0.9259852859369859,6,309.0
3100.0,7,341.0,6.686274509803922,7.883247787590922,0,6.0,0.6095550097527334,4,123.0,0.32222589328005724,3,235.0,0.5207490952215019,0,0.0,0.9597795025525563,7,364.0
3105.0,11,385.0,7.857142857142857,6.985990737861767,2,10.0,0.1905929871290083,4,143.0,0.5031396630883385,4,249.0,0.3022903177639133,0,0.0,0.949525481808218,10,402.0
3110.0,16,450.0,9.782608695652174,5.758594522654391,2,20.0,0.02068225207191291,4,163.0,0.532687501192889,5,270.0,0.280375542592367,0,0.0,0.9408705970372266,11,453.0
3115.0,11,469.0,9.97872340425532,6.334729202563361,0,0.0,0.5164892415514173,4,188.0,0.5540689494450155,5,295.0,0.0,0,0.0,0.9975754522592715,9,483.0
3120.0,8,277.0,5.653061224489796,7.061739034027459,0,0.0,1.0,5,210.0,0.44213004013897395,3,188.0,0.17117857815654208,0,0.0,0.9608175341357674,8,398.0
3125.0,9,242.0,4.938775510204081,7.346150836019773,0,0.0,1.0,6,241.0,0.46303615933916076,0,90.0,0.42528721879645853,0,0.0,0.972217724227363,6,331.0
3130.0,10,291.0,5.938775510204081,7.322649909507039,0,0.0,1.0,6,271.0,0.5070999831177704,0,0.0,0.669365516375106,0,0.0,0.9580396997149806,6,271.0
3135.0,13,339.0,6.918367346938775,6.604873908349445,0,0.0,1.0,8,302.0,0.3138172263767229,1,5.0,0.6110800592996309,0,0.0,0.9568159549980293,9,307.0
3140.0,9,356.0,7.574468085106383,6.835626033383044,0,0.0,1.0,8,342.0,0.2919854165059716,0,0.0,0.8721024598468043,0,0.0,0.9575266745831617,8,342.0
3145.0,10,405.0,9.418604651162791,6.63026427888615,0,0.0,1.0,9,389.0,0.2979033306861556,0,0.0,0.9099170122242054,0,0.0,0.9770664994378944,9,389.0
3150.0,5,241.0,5.239130434782608,6.17403799398493,0,0.0,1.0,2,249.0,0.4764536842599285,0,0.0,0.938537252942325,0,0.0,0.9537499632219434,2,249.0
3155.0,7,271.0,6.022222222222222,6.505656491178984,0,0.0,1.0,2,224.0,0.6391736854293366,0,0.0,1.0,0,0.0,0.7536452873727782,2,224.0
3160.0,7,302.0,6.565217391304348,7.37292892291047,0,0.0,1.0,2,234.0,0.5394551027645121,0,9.0,0.9084712476946638,1,4.0,0.47235645266400167,3,247.0
3165.0,3,250.0,5.208333333333333,7.646160318860953,0,0.0,1.0,2,244.0,0.5987704994507731,0,9.0,0.9572651318870327,1,9.0,0.47232738902931765,3,262.0
3170.0,3,256.0,4.923076923076923,7.85794762979098,0,0.0,1.0,2,254.0,0.6821169290154137,0,9.0,0.9330572369260566,0,0.0,0.974223297301049,2,263.0
3175.0,5,278.0,5.56,7.679506043266206,0,0.0,1.0,2,273.0,0.5476085848386186,1,8.0,0.763965913044222,0,0.0,0.9376341842842738,3,281.0
3180.0,8,310.0,6.458333333333333,7.785603612373381,0,0.0,1.0,3,284.0,0.41536336217069064,3,16.0,0.6034128611540346,0,0.0,0.9683978709728798,6,300.0
3185.0,9,353.0,7.51063829787234,6.814758866215921,0,0.0,1.0,3,312.0,0.4069713219874839,4,34.0,0.31277287518195546,0,0.0,0.9515946103956568,7,346.0
3190.0,13,411.0,8.22,6.162590472309042,0,0.0,1.0,4,340.0,0.29849110976727955,6,61.0,0.12752411104414935,0,0.0,0.9911786052562613,10,401.0
3195.0,15,474.0,9.115384615384615,5.889693686997637,0,0.0,1.0,5,351.0,0.26635206942127676,7,92.0,0.2829651497561888,0,0.0,0.9905103375849825,12,443.0
3200.0,10,450.0,8.333333333333334,5.888504822185143,0,0.0,1.0,6,385.0,0.2544691787148454,2,32.0,0.2746243888365365,0,0.0,0.952098949889597,8,417.0
3205.0,12,506.0,9.035714285714286,6.501501070825443,0,3.0,0.5081444405132135,7,426.0,0.3650076726718487,2,37.0,0.4178481944522961,0,0.0,0.9974147584849223,9,466.0
3210.0,10,476.0,8.981132075471699,6.926301548240075,0,0.0,0.8084937709637419,8,456.0,0.37682480028428966,2,47.0,0.6492092685893399,0,0.0,0.9801846131961173,10,503.0
3215.0,10,189.0,3.5,6.790004156991217,0,0.0,1.0,7,314.0,0.36302902945912524,2,57.0,0.5234970271597917,0,0.0,0.9708161854248555,9,371.0
3220.0,11,213.0,3.8035714285714284,7.463888309781909,0,0.0,1.0,8,193.0,0.42510628215156626,3,56.0,0.33423769113279106,0,0.0,0.9940749542691761,11,249.0
3225.0,11,268.0,4.620689655172414,7.8687107216079335,0,0.0,1.0,8,230.0,0.38823871229730167,3,71.0,0.5113860007231708,0,0.0,0.9745900984991109,11,301.0
3230.0,13,332.0,5.824561403508772,7.640753001029554,0,0.0,1.0,10,279.0,0.3946628708062595,3,86.0,0.5718180137299917,0,0.0,0.9858609051684614,13,365.0
3235.0,10,211.0,3.8363636363636364,6.792879792967772,0,0.0,1.0,6,212.0,0.28972395823417235,4,102.0,0.3580639165506302,0,0.0,0.9520632390649698,10,314.0
3240.0,8,148.0,2.9019607843137254,8.006149861016581,0,0.0,1.0,3,82.0,0.4015573737775993,5,127.0,0.4323711719984302,0,0.0,0.9919216442683928,8,209.0
3245.0,12,195.0,3.75,7.980169817255354,0,0.0,1.0,6,54.0,0.23289041251717313,5,152.0,0.2978195830145045,1,1.0,0.4914108811488012,12,207.0
3250.0,10,192.0,3.764705882352941,7.032384338390833,0,0.0,1.0,6,81.0,0.30005800154473483,2,115.0,0.43075397717931413,1,6.0,0.485953491928129,9,202.0
3255.0,4,124.0,2.4313725490196076,6.44282095277006,0,6.0,0.5332001609156976,0,16.0,0.5060636578348068,3,122.0,0.2608831996460609,0,0.0,0.9247026227915306,3,144.0
3260.0,5,144.0,3.0,7.012474826490888,0,6.0,0.10596985712145347,0,3.0,0.7904627060806467,4,140.0,0.23993918894042054,0,0.0,0.9651323879869714,4,149.0
3265.0,8,179.0,3.8085106382978724,7.548806598533511,3,16.0,0.0006109565412144917,1,8.0,0.6574838134960563,3,158.0,0.5840681278088582,0,0.0,0.9628946753748371,7,182.0
3270.0,9,223.0,4.551020408163265,7.410190574158844,3,31.0,0.0,2,17.0,0.569779387524143,3,173.0,0.5495097306689898,0,0.0,0.9933485252730361,8,221.0
3275.0,6,228.0,4.851063829787234,7.299324996679939,0,11.0,0.08082699934519127,2,27.0,0.6322250989093188,3,188.0,0.5296893662509935,0,0.0,0.98285181667473,5,226.0
3280.0,10,264.0,5.387755102040816,7.289445975296966,0,0.0,1.0,2,37.0,0.6592304249505188,4,206.0,0.4862933911991167,0,0.0,0.9658453092626247,6,243.0
3285.0,11,318.0,6.913043478260869,6.81431232253567,0,0.0,1.0,2,44.0,0.5736979897109677,4,226.0,0.4453853984276958,0,0.0,0.9453122945831876,6,270.0
3290.0,11,152.0,3.3777777777777778,5.803527355251114,0,0.0,1.0,2,54.0,0.569488218661321,4,133.0,0.2546537265949976,0,0.0,0.944815479403346,6,187.0
3295.0,10,166.0,3.5319148936170213,7.1463028025614355,0,0.0,1.0,2,67.0,0.6466172204284962,4,68.0,0.40520746688805404,0,0.0,0.9278108675845633,6,135.0
3300.0,7,157.0,3.2708333333333335,7.335072670957434,0,0.0,1.0,2,77.0,0.6503010919379361,4,88.0,0.41524168409513224,0,0.0,0.943472632381864,6,165.0
3305.0,8,188.0,4.086956521739131,6.706686757804679,0,0.0,1.0,2,87.0,0.60433158880804,5,109.0,0.25073507635047504,0,0.0,0.9522991364866039,7,196.0
3310.0,4,175.0,4.069767441860465,6.498051701980522,0,0.0,1.0,2,97.0,0.6296500380371528,2,83.0,0.47055736755161365,0,0.0,0.9531160002516527,4,180.0
3315.0,3,140.0,3.255813953488372,6.839193046642013,0,0.0,0.9887157867043639,1,55.0,0.3945245187151258,2,91.0,0.4720470078292749,0,0.0,0.9545085750861023,3,146.0
3320.0,6,165.0,3.6666666666666665,7.096594386383476,1,7.0,0.18296600136934169,3,66.0,0.35917434159504347,2,101.0,0.4859855005529262,0,0.0,0.9417591128083089,6,174.0
3325.0,8,205.0,4.767441860465116,6.8530726619055,3,22.0,0.1282792214589525,3,81.0,0.4791768927436912,2,120.0,0.3933633073379711,0,0.0,0.9160455536391432,8,223.0
3330.0,8,245.0,5.6976744186046515,6.68455166635946,3,37.0,0.01699887054218477,3,96.0,0.5160825272883105,2,130.0,0.2590477266555265,0,0.0,0.9866047321980336,8,263.0
3335.0,6,244.0,5.304347826086956,7.043294240445663,0,4.0,0.03322075431934408,3,111.0,0.5911939348431431,3,145.0,0.426030675621832,0,0.0,0.9691880249789873,6,260.0
3340.0,6,229.0,4.872340425531915,6.689841015172964,0,0.0,1.0,1,77.0,0.6341492714916134,4,163.0,0.32301290298118407,0,0.0,0.9266764082933279,5,240.0
3345.0,8,268.0,5.583333333333333,7.49915875860481,0,0.0,1.0,2,86.0,0.5263653747599247,5,188.0,0.2639784971937935,0,0.0,0.9060887343154886,7,274.0
3350.0,8,300.0,6.0,7.721068424982078,0,0.0,1.0,2,93.0,0.5705823699610945,4,200.0,0.4376375728826924,0,0.0,0.9673414283132146,6,293.0
3355.0,9,342.0,6.705882352941177,7.599360687050159,0,0.0,1.0,2,117.0,0.49893839350568875,5,222.0,0.3783100386945203,0,0.0,0.963903011568786,7,339.0
3360.0,10,361.0,7.078431372549019,7.548406966012911,0,0.0,1.0,3,131.0,0.4241203064262897,5,247.0,0.3809811987898763,0,0.0,0.9544397163400503,8,378.0
3365.0,10,402.0,8.375,7.558678642305533,0,0.0,1.0,4,149.0,0.4784810365426808,6,276.0,0.3112793649866099,0,0.0,0.9720402952154958,10,425.0
3370.0,8,251.0,5.229166666666667,7.474445187265965,0,0.0,1.0,4,169.0,0.5012323517420401,4,188.0,0.3669800238320938,0,0.0,0.9506450922826972,8,357.0
3375.0,7,192.0,4.0,7.785691526326748,0,0.0,1.0,5,191.0,0.4678195643997077,1,67.0,0.5184612822445983,1,1.0,0.7018903063482737,7,259.0
3380.0,9,232.0,4.9361702127659575,7.50023443630631,0,0.0,1.0,5,213.0,0.47725812950712326,2,26.0,0.6421691777753233,2,7.0,0.3545494802798819,9,246.0
3385.0,8,220.0,4.489795918367347,6.943792688800517,0,0.0,0.8938807158880742,3,179.0,0.4297090145964179,2,36.0,0.24020701868528488,3,21.0,0.37679481225922135,8,236.0
3390.0,6,221.0,4.510204081632653,7.765385684373617,0,0.0,1.0,4,183.0,0.48262540678551413,1,29.0,0.32790329293977655,1,19.0,0.35215651264998327,6,231.0
3395.0,5,237.0,4.836734693877551,7.942250643920503,0,4.0,0.6428038376057867,4,203.0,0.46730784146098975,1,37.0,0.7029939752643573,0,9.0,0.6918229811117643,5,253.0
3400.0,6,264.0,5.28,7.868827727794042,0,0.0,0.9675056905117082,5,225.0,0.473608834918816,1,39.0,0.6988202742272058,0,0.0,0.9729277595824279,6,264.0
3405.0,5,272.0,5.230769230769231,7.374424775850043,0,0.0,0.9768557678245615,3,226.0,0.45637619621156694,2,46.0,0.30377663886077483,0,0.0,0.9588328441069247,5,272.0
3410.0,5,297.0,5.711538461538462,7.7743211380159964,0,0.0,1.0,3,241.0,0.4177109674331068,2,56.0,0.5934900099693136,0,0.0,0.9280257525638944,5,297.0
3415.0,8,330.0,6.6,7.233988520333263,0,0.0,1.0,3,273.0,0.5137491552780696,4,73.0,0.3906510438736716,0,0.0,0.9360119000210629,7,346.0
3420.0,7,361.0,7.36734693877551,7.616287468221685,0,0.0,1.0,3,288.0,0.5610220987331641,4,93.0,0.4132273493788781,0,0.0,0.9708900109763621,7,381.0
3425.0,7,396.0,7.615384615384615,7.27025263330429,0,0.0,1.0,3,303.0,0.4539040247898805,4,113.0,0.28238442119067536,0,0.0,0.9559867946282028,7,416.0
3430.0,9,427.0,8.211538461538462,7.098461157241271,0,0.0,1.0,4,306.0,0.3213268826007832,4,122.0,0.413605872440963,1,2.0,0.701656846469174,9,430.0
3435.0,8,462.0,9.058823529411764,7.412568839313437,0,0.0,1.0,3,319.0,0.46719559927548054,4,142.0,0.47715617051101394,1,7.0,0.48534891352520215,8,468.0
3440.0,7,490.0,9.423076923076923,7.53352141969052,0,0.0,1.0,3,334.0,0.4643071671098702,4,162.0,0.26423602741531127,0,0.0,0.9316131709132739,7,496.0
3445.0,9,531.0,10.411764705882353,7.001754373730766,0,0.0,1.0,4,351.0,0.3128015595900157,5,192.0,0.17325597935502873,0,0.0,0.9008332890184583,9,543.0
3450.0,10,430.0,8.958333333333334,6.482390106764495,0,0.0,1.0,4,371.0,0.3128589553213872,5,116.0,0.2555268093231283,0,0.0,0.9271926880823589,9,487.0
3455.0,12,470.0,9.791666666666666,6.230291399743496,0,0.0,1.0,3,379.0,0.45996533005266754,7,95.0,0.12872518418067938,0,0.0,0.941507957674305,10,474.0
3460.0,15,538.0,11.208333333333334,5.6256996021174155,0,0.0,1.0,3,391.0,0.478336308804214,7,130.0,0.19229012665687634,0,0.0,0.6520620666609298,10,521.0
3465.0,17,619.0,12.895833333333334,5.267912565341759,0,0.0,1.0,3,406.0,0.306686954956086,8,169.0,0.2432833371547589,1,5.0,0.46564894443727184,12,580.0
3470.0,18,709.0,15.085106382978724,5.024940336677594,0,0.0,1.0,4,426.0,0.3964072218423544,8,212.0,0.18116046213949993,1,10.0,0.47362295120543274,13,648.0
3475.0,18,458.0,8.980392156862745,5.548971032987763,0,0.0,1.0,3,239.0,0.5360102841528709,9,250.0,0.17996014252219777,1,15.0,0.6465848884395521,13,504.0
3480.0,19,457.0,8.788461538461538,5.236327044995152,0,0.0,1.0,2,23.0,0.6424310741911592,9,298.0,0.2607300450039894,1,20.0,0.6326985714620762,12,341.0
3485.0,16,428.0,8.075471698113208,5.472047718697151,0,0.0,1.0,3,38.0,0.4962740379953182,9,343.0,0.32835908910245576,1,25.0,0.48281765755982614,13,406.0
3490.0,15,455.0,8.425925925925926,5.726836982458018,0,0.0,1.0,5,58.0,0.4622812245777858,9,385.0,0.31331441109223124,1,30.0,0.4648507906381862,15,473.0
3495.0,20,538.0,9.607142857142858,4.699631771134837,0,0.0,1.0,7,85.0,0.35116947613349864,11,434.0,0.1818764856777336,1,35.0,0.4054135577893105,19,554.0
3500.0,25,651.0,11.836363636363636,3.277956756932532,0,0.0,1.0,7,120.0,0.3184421301914275,12,491.0,0.18223493403834687,1,40.0,0.4000112029029864,20,651.0
3505.0,30,787.0,14.309090909090909,3.1575752679172346,0,0.0,1.0,7,153.0,0.18815396737420143,13,552.0,0.14522024786079588,1,45.0,0.46285627526447903,21,750.0
3510.0,15,339.0,6.053571428571429,3.478353152401492,0,0.0,1.0,8,196.0,0.13065815636856387,4,247.0,0.17170071392357975,1,50.0,0.4914555488464288,13,493.0
3515.0,13,263.0,4.5344827586206895,5.184109013987571,0,6.0,0.6096248503650665,9,247.0,0.20835347016303557,1,86.0,0.4775230293366346,0,0.0,0.9450356716026764,10,339.0
3520.0,13,268.0,4.5423728813559325,6.310077384705827,0,0.0,0.8253375058382787,7,230.0,0.43072368581144616,1,28.0,0.482260152594491,0,0.0,0.9531481323488922,8,258.0
3525.0,14,334.0,5.661016949152542,6.94264330154397,0,0.0,1.0,7,265.0,0.49548587559873114,2,34.0,0.3142266477724705,0,0.0,0.9888346048375818,9,299.0
3530.0,15,403.0,6.396825396825397,6.827465455324765,0,0.0,1.0,8,304.0,0.5287321328456074,1,47.0,0.7217338311545053,0,0.0,0.9738418021518614,9,351.0
3535.0,18,484.0,7.934426229508197,6.17001511700345,0,0.0,1.0,9,348.0,0.45822502975896573,2,49.0,0.5562758652666827,0,0.0,0.9797976195327737,11,397.0
3540.0,10,181.0,3.0166666666666666,6.562412367904608,0,0.0,1.0,7,253.0,0.41267318576319456,3,62.0,0.5058430577625559,0,0.0,0.979950643223281,10,315.0
3545.0,6,85.0,1.5454545454545454,6.780773959214882,0,0.0,1.0,2,113.0,0.40209005519766344,4,82.0,0.4889610639449873,0,0.0,0.946133436112735,6,195.0
3550.0,5,82.0,1.490909090909091,6.992890858733946,0,0.0,1.0,3,48.0,0.3814472595116465,2,71.0,0.6471468942479328,0,0.0,0.9439282865753705,5,119.0
3555.0,6,111.0,2.0555555555555554,7.417294850285523,0,0.0,0.9462783266638022,4,45.0,0.19861976409229332,2,81.0,0.6587227523043839,0,0.0,0.974385878754059,6,126.0
3560.0,7,145.0,2.7884615384615383,6.63894219616319,0,0.0,0.010424128463695056,5,72.0,0.35511796822381614,2,91.0,0.6786442853643712,0,0.0,0.9570375617667787,7,163.0
3565.0,14,210.0,3.75,6.486119656374127,2,10.0,0.09735030849983874,7,106.0,0.4034291215260553,2,101.0,0.6456656757282851,0,0.0,0.9850942616818847,11,217.0
3570.0,14,261.0,4.745454545454545,6.174172582029086,3,24.0,0.00015430154346738023,8,140.0,0.3663322148205958,3,112.0,0.5592270084243051,0,0.0,0.8074479254472487,14,276.0
3575.0,16,337.0,6.3584905660377355,5.754723030141134,3,39.0,0.0,8,180.0,0.3186532886365136,4,131.0,0.49857398314858326,1,2.0,0.6503693486059725,16,352.0
3580.0,16,417.0,7.867924528301887,5.549129397352808,3,54.0,0.0,8,220.0,0.2831737064255153,4,151.0,0.33701631873673304,1,7.0,0.6399436725282048,16,432.0
3585.0,18,504.0,9.882352941176471,5.0353137700112445,3,69.0,0.0,8,260.0,0.12891003014327682,6,178.0,0.27689181753499914,1,12.0,0.7172469559858248,18,519.0
3590.0,21,602.0,11.358490566037736,4.6466573484660305,3,84.0,0.0,9,310.0,0.17224225699203768,7,210.0,0.21657440832098032,1,17.0,0.5916088227207336,20,621.0
3595.0,16,429.0,8.09433962264151,4.837269381111236,0,0.0,1.0,10,359.0,0.22447902335677605,6,144.0,0.21941494656811472,0,1.0,0.48948885473695253,16,504.0
3600.0,6,84.0,1.6153846153846154,5.899075698133981,0,3.0,0.9792351201464051,3,139.0,0.2277592766706016,3,89.0,0.3652523470772464,0,0.0,0.9286877780484913,6,231.0
