step,system_total_stopped,system_total_waiting_time,system_mean_waiting_time,system_mean_speed,cluster_10564135163_13571629282_5146149679_stopped,cluster_10564135163_13571629282_5146149679_accumulated_waiting_time,cluster_10564135163_13571629282_5146149679_average_speed,cluster_10564135205_11749189839_3266988437_5129187741_#3more_stopped,cluster_10564135205_11749189839_3266988437_5129187741_#3more_accumulated_waiting_time,cluster_10564135205_11749189839_3266988437_5129187741_#3more_average_speed,cluster_10564135211_11749189838_12136544949_12136544951_#7more_stopped,cluster_10564135211_11749189838_12136544949_12136544951_#7more_accumulated_waiting_time,cluster_10564135211_11749189838_12136544949_12136544951_#7more_average_speed,cluster_10564135212_13571629279_13571629299_stopped,cluster_10564135212_13571629279_13571629299_accumulated_waiting_time,cluster_10564135212_13571629279_13571629299_average_speed,agents_total_stopped,agents_total_accumulated_waiting_time
0.0,0,0.0,0.0,0.0,0,0.0,1.0,0,0.0,1.0,0,0.0,1.0,0,0.0,1.0,0,0.0
5.0,0,0.0,0.0,10.767751784724302,0,0.0,1.0,0,0.0,0.945427178761623,0,0.0,1.0,0,0.0,0.95124166672495,0,0.0
10.0,0,0.0,0.0,9.318493324573783,0,0.0,1.0,0,0.0,0.9966014015233418,0,0.0,1.0,0,0.0,0.9969635068623417,0,0.0
15.0,0,0.0,0.0,8.797751567766957,0,0.0,1.0,0,0.0,0.9409497512844515,0,0.0,1.0,0,0.0,0.9472412889509442,0,0.0
20.0,0,0.0,0.0,9.09537037304673,0,0.0,1.0,0,0.0,0.9779633263335339,0,0.0,1.0,0,0.0,0.9705084407465652,0,0.0
25.0,1,1.0,0.09090909090909091,8.66412672541063,0,0.0,1.0,1,1.0,0.49385606721558045,0,0.0,0.9727377030882175,0,0.0,0.9813075225641463,1,1.0
30.0,2,8.0,0.6666666666666666,7.474386358701223,0,0.0,1.0,1,6.0,0.4666532936548317,1,2.0,0.001430441937817527,0,0.0,0.9993822207142489,2,8.0
35.0,2,18.0,1.2857142857142858,7.111108758802258,0,0.0,1.0,1,11.0,0.47174512596401397,1,7.0,5.07625765268932e-05,0,0.0,0.9339699439657003,2,18.0
40.0,3,29.0,1.7058823529411764,6.893495966309464,0,0.0,1.0,2,17.0,0.06841889544286171,1,12.0,0.0,0,0.0,0.9473695581255397,3,29.0
45.0,1,2.0,0.11764705882352941,6.724527579636087,0,0.0,1.0,0,0.0,0.5655670412971459,0,0.0,1.0,1,2.0,0.49598613373084105,1,2.0
50.0,1,7.0,0.3888888888888889,8.086778838594618,0,0.0,1.0,0,3.0,0.7859859359495025,0,0.0,0.8512087163772557,1,7.0,0.48022109691130066,1,10.0
55.0,2,12.0,0.5454545454545454,8.846759266977072,0,0.0,1.0,0,3.0,0.9767688018752859,0,6.0,0.9381747089502412,2,12.0,0.3139270866045291,2,21.0
60.0,0,0.0,0.0,8.298095435415124,0,0.0,1.0,0,3.0,0.9539632158630637,0,6.0,0.8447146263100868,0,0.0,0.5277217098234047,0,9.0
65.0,3,5.0,0.23809523809523808,7.4133979094061475,0,0.0,1.0,1,4.0,0.6889122104368914,2,13.0,0.49307753341504534,0,0.0,0.954336841272232,3,17.0
70.0,3,20.0,0.9090909090909091,7.370082146983887,0,0.0,1.0,1,9.0,0.7369573024327578,2,23.0,0.3984463156282415,0,0.0,0.937929267139385,3,32.0
75.0,5,40.0,1.6,6.8151950279789,0,0.0,1.0,1,14.0,0.7270559856691828,4,38.0,0.31415451429106206,0,0.0,0.9473199543021775,5,52.0
80.0,6,64.0,2.3703703703703702,6.045577921793296,0,0.0,1.0,3,23.0,0.31693025719614226,3,53.0,0.43124058647328267,0,0.0,0.9474190340363364,6,76.0
85.0,7,96.0,3.310344827586207,6.0758261336143145,0,0.0,1.0,3,38.0,0.37339097515447917,4,70.0,0.27297172910547646,0,0.0,0.4889231549221289,7,108.0
90.0,9,141.0,5.035714285714286,5.752667377847549,0,0.0,1.0,3,53.0,0.2306053061623645,5,95.0,0.15406044749403586,1,5.0,0.4889419480711813,9,153.0
95.0,12,192.0,6.0,5.152962263869961,0,0.0,1.0,4,70.0,0.08568677343528054,7,124.0,0.11084342769634027,1,10.0,0.6996107348717779,12,204.0
100.0,13,256.0,7.757575757575758,5.980822761810683,0,0.0,1.0,4,90.0,0.19025446453824976,8,163.0,0.10557716518298549,1,15.0,0.6946601908348142,13,268.0
105.0,14,323.0,9.787878787878787,5.806543126685371,0,0.0,1.0,4,110.0,0.1994580535469063,8,203.0,0.19550202033780362,2,22.0,0.4829037927588344,14,335.0
110.0,14,331.0,8.945945945945946,5.059492709748609,0,0.0,1.0,4,130.0,0.17497946904372974,7,196.0,0.11214146838753264,2,32.0,0.5679926362315292,13,358.0
115.0,12,373.0,10.08108108108108,5.944635908509638,0,0.0,1.0,4,150.0,0.3079881421520835,6,193.0,0.13472105932987224,2,42.0,0.5814134189758848,12,385.0
120.0,14,436.0,11.179487179487179,5.99916778262933,0,0.0,1.0,4,170.0,0.3549164668482569,6,223.0,0.03996422969030061,4,55.0,0.19355965801798017,14,448.0
125.0,15,509.0,12.725,5.340007162782695,0,0.0,1.0,4,190.0,0.36518362458627485,7,256.0,0.026912566846795733,4,75.0,0.19119481856526416,15,521.0
130.0,14,499.0,12.170731707317072,4.417317523744868,0,0.0,1.0,7,220.0,0.18272627703937872,7,291.0,0.0011338250961368383,0,11.0,0.3524916005099026,14,522.0
135.0,10,319.0,7.595238095238095,5.0964821399171445,0,0.0,1.0,7,255.0,0.0900806246867614,2,91.0,0.3351757735210921,1,12.0,0.2890949861067818,10,358.0
140.0,9,363.0,8.853658536585366,6.494465696537863,0,6.0,0.589749205582502,7,293.0,0.22480216830447447,2,79.0,0.3402195186610185,0,0.0,0.9556405597287636,9,378.0
145.0,5,123.0,2.7333333333333334,7.171795712053153,1,7.0,0.10562003170216232,2,63.0,0.6061372022016588,2,86.0,0.2867656047621078,0,0.0,0.9780281054557051,5,156.0
150.0,8,157.0,3.4130434782608696,7.311581869943253,3,20.0,0.0003084377731392115,2,52.0,0.7474912512136456,3,97.0,0.0012724753614666124,0,0.0,0.9809469036802326,8,169.0
155.0,7,93.0,1.9787234042553192,7.520952350466818,3,35.0,0.0,2,62.0,0.7414652467452991,1,61.0,0.6211906959775312,0,0.0,0.9382080668589549,6,158.0
160.0,8,125.0,2.6041666666666665,7.449978830647495,3,53.0,0.14935219057466692,2,72.0,0.7430965749934866,2,21.0,0.63985889222772,0,0.0,0.86480829168986,7,146.0
165.0,9,166.0,3.2549019607843137,7.286248211486156,3,66.0,0.03302778639057079,2,79.0,0.7636371193203586,3,36.0,0.6339485741631132,1,4.0,0.49317021808904116,9,185.0
170.0,9,127.0,2.4423076923076925,7.21832218328181,3,81.0,0.06481670567507905,1,45.0,0.6331046878813762,3,48.0,0.670903511243236,2,10.0,0.3297043882534983,9,184.0
175.0,11,177.0,3.54,6.881063765100935,3,95.0,0.0,3,14.0,0.3476308980694567,3,63.0,0.6837736688841324,2,20.0,0.3139949185128685,11,192.0
180.0,10,205.0,3.9423076923076925,6.841880332437256,3,110.0,0.0,4,32.0,0.20610950170492293,3,81.0,0.5985770295754236,0,0.0,0.9541764378924529,10,223.0
185.0,15,156.0,2.8363636363636364,6.294018299946779,0,37.0,0.07915131895127005,7,61.0,0.20424893219185064,8,110.0,0.3641251040734125,0,0.0,0.9378704604354943,15,208.0
190.0,17,231.0,4.4423076923076925,5.785106969320273,0,0.0,1.0,8,96.0,0.1903178055219425,9,151.0,0.27328742139310647,0,0.0,0.9728029844464287,17,247.0
195.0,15,201.0,3.7222222222222223,5.397099646524695,0,0.0,1.0,2,46.0,0.29081453508950145,13,204.0,0.12274100840457113,0,0.0,0.9469847477036234,15,250.0
200.0,15,264.0,4.714285714285714,5.8777202801560575,0,0.0,1.0,1,16.0,0.5959536321931524,14,270.0,0.16204570684285044,0,0.0,0.8316700051750823,15,286.0
205.0,18,345.0,6.160714285714286,5.860873826348197,0,0.0,1.0,1,11.0,0.48964677350944974,16,343.0,0.07789546304600449,1,3.0,0.4734360282984029,18,357.0
210.0,21,442.0,7.892857142857143,5.589488017154851,0,0.0,1.0,2,21.0,0.45266659719961044,17,423.0,0.1002899503330188,2,13.0,0.27111059813472166,21,457.0
215.0,20,520.0,9.454545454545455,5.94371764995828,0,0.0,1.0,0,1.0,0.6869293662086872,17,508.0,0.1216225616396502,3,27.0,0.2358399488427685,20,536.0
220.0,17,495.0,8.839285714285714,6.125464367397206,0,0.0,1.0,0,0.0,0.7130391685998196,15,521.0,0.157856416302086,2,24.0,0.28131095957251473,17,545.0
225.0,17,554.0,10.072727272727272,6.435675688286539,0,0.0,1.0,1,4.0,0.6289803232442033,14,534.0,0.18912448594646225,2,34.0,0.21782490314528566,17,572.0
230.0,17,639.0,12.288461538461538,5.605011866655582,0,0.0,1.0,1,9.0,0.6261643335264645,14,604.0,0.09370204671386878,2,44.0,0.312387291781183,17,657.0
235.0,17,711.0,13.166666666666666,5.162536788166216,0,0.0,1.0,0,0.0,0.9500167579281612,15,676.0,0.05577905320855427,2,54.0,0.3312544642549153,17,730.0
240.0,10,233.0,4.568627450980392,4.846361466456464,0,0.0,1.0,0,0.0,0.8860884754691235,5,397.0,0.15065301231755215,2,64.0,0.3912291033270211,7,461.0
245.0,5,29.0,0.58,5.511153038232274,0,3.0,0.5548313279282716,0,0.0,0.972140607999765,0,192.0,0.43520196080883317,0,0.0,0.9506788752658288,0,195.0
250.0,9,64.0,1.2549019607843137,5.912519753036869,1,10.0,0.34801307164928236,1,10.0,0.6477371284807089,0,42.0,0.6094622936112853,0,0.0,0.9363293412284004,2,62.0
255.0,8,58.0,1.1153846153846154,6.422208261848604,3,24.0,0.07546614373243775,1,10.0,0.7732627344704459,0,3.0,0.9587885269918978,0,0.0,0.9878708153561034,4,37.0
260.0,9,99.0,1.8333333333333333,6.1148367445298915,4,42.0,0.02219770053280384,1,15.0,0.7900091481133085,0,3.0,0.9450294528587933,0,0.0,0.49553004060211714,5,60.0
265.0,12,157.0,2.9074074074074074,6.575501154060585,6,71.0,0.004531681811339509,1,17.0,0.8067451083557983,0,6.0,0.9661405734144738,1,5.0,0.491364684863722,8,99.0
270.0,14,197.0,3.7884615384615383,6.126169519919066,9,115.0,0.0008776763086443976,1,22.0,0.8048374443487157,0,6.0,0.9411680746196724,1,10.0,0.46704084818965175,11,153.0
275.0,12,174.0,3.2830188679245285,5.705506501222952,9,160.0,0.00031186611446844335,2,29.0,0.4461756861463366,1,9.0,0.6605904527576536,0,0.0,0.871803875912943,12,198.0
280.0,14,235.0,4.433962264150943,5.371234769225023,9,205.0,7.033347059533755e-05,5,48.0,0.18784340789876708,0,6.0,0.8285371822375865,0,0.0,0.9491078189180866,14,259.0
285.0,16,307.0,5.581818181818182,5.661872777210596,9,250.0,0.01122997127447161,6,74.0,0.2732328384710639,0,3.0,0.9498211081714576,0,0.0,0.9781970641859843,15,327.0
290.0,16,383.0,6.839285714285714,5.746141578741087,9,298.0,0.008727598133318372,7,106.0,0.32039672872970865,0,24.0,0.7378778338457209,0,0.0,0.9920658234508746,16,428.0
295.0,20,476.0,8.206896551724139,6.218452574664788,11,349.0,0.0013333535344984403,8,144.0,0.3187639436579971,1,28.0,0.7252914401298858,0,0.0,0.9438673288341524,20,521.0
300.0,12,396.0,6.711864406779661,5.8618545743017245,11,403.0,0.0001878721598704917,0,33.0,0.503143401355352,1,33.0,0.48902958104471894,0,0.0,0.9545803465699951,12,469.0
305.0,13,448.0,7.593220338983051,6.304777082099745,11,458.0,3.818665830179045e-05,0,0.0,0.855115255103723,2,6.0,0.3504717810323497,0,0.0,0.9306961289839475,13,464.0
310.0,15,517.0,8.338709677419354,6.591142097861909,11,513.0,8.079677800176245e-06,1,6.0,0.8183020608609647,3,23.0,0.2962465353237374,0,0.0,0.9317308647181644,15,542.0
315.0,12,245.0,3.888888888888889,6.570129488992075,5,361.0,0.011130219553589709,1,22.0,0.7979550014522092,4,43.0,0.48603169631265314,1,2.0,0.48001077568886547,11,428.0
320.0,6,74.0,1.1935483870967742,7.121437218507179,0,261.0,0.11427546009723606,0,14.0,0.7815705147988559,4,63.0,0.47086649621145604,1,7.0,0.4644469694301735,5,345.0
325.0,6,94.0,1.492063492063492,7.843708659812769,0,54.0,0.3421947907028655,1,8.0,0.775619510798721,4,83.0,0.4840078774365733,1,12.0,0.6100519988336456,6,157.0
330.0,7,125.0,2.0491803278688523,8.032505851724233,0,0.0,1.0,1,13.0,0.5653316602694547,4,103.0,0.48085127328517296,1,17.0,0.5587164661464885,6,133.0
335.0,14,187.0,3.169491525423729,6.9295936562515825,0,0.0,1.0,3,23.0,0.2571100420765367,4,123.0,0.2980850425132715,2,26.0,0.29187041969814,9,172.0
340.0,15,236.0,4.214285714285714,6.325891777186828,0,0.0,1.0,1,20.0,0.6418517178973532,7,153.0,0.2760229888148767,2,36.0,0.48758801576530253,10,209.0
345.0,13,217.0,3.875,6.288156842156411,0,0.0,1.0,1,25.0,0.6090704345351197,6,144.0,0.1296019289123255,2,46.0,0.2824340620337577,9,215.0
350.0,14,210.0,3.888888888888889,6.073887015729074,0,0.0,1.0,2,33.0,0.3444850970507748,4,91.0,0.36062265137678684,3,58.0,0.2882459573629965,9,182.0
355.0,17,289.0,5.8979591836734695,5.639631113284433,0,0.0,1.0,3,45.0,0.2397305057131783,5,78.0,0.3563875160212538,3,73.0,0.3631721218692572,11,196.0
360.0,12,266.0,5.659574468085107,6.045290767314698,0,0.0,1.0,1,46.0,0.4015570189971703,5,103.0,0.35223123104649307,0,0.0,0.572229259703796,6,149.0
365.0,9,231.0,4.62,5.706927433032377,0,0.0,1.0,2,48.0,0.4310462726521822,1,45.0,0.5875152002239079,0,0.0,0.9760776664177875,3,93.0
370.0,8,206.0,4.03921568627451,6.316924410417159,0,3.0,0.5373305423717617,2,58.0,0.6432930812893223,1,32.0,0.5789046480846182,0,0.0,0.9568557928009784,3,93.0
375.0,9,242.0,4.653846153846154,6.696035449270992,1,10.0,0.17855460226941314,2,68.0,0.6810632868743023,2,40.0,0.6672940728300073,0,0.0,0.9420559818850714,5,118.0
380.0,10,278.0,5.054545454545455,6.23370610214475,3,24.0,0.06227364567690885,1,60.0,0.7854435801845394,2,47.0,0.632543580763992,0,0.0,0.938021627831047,6,131.0
385.0,10,228.0,4.30188679245283,6.503260231405832,4,40.0,0.025593919206051165,1,65.0,0.840390790429192,2,57.0,0.6114143479652928,0,0.0,0.9540183647526616,7,162.0
390.0,8,186.0,3.4444444444444446,6.523945943733894,4,60.0,0.008315904237649887,1,70.0,0.7664562327965395,2,70.0,0.7043409975135382,0,0.0,0.9658624448644328,7,200.0
395.0,7,90.0,1.6666666666666667,5.7795040262476505,1,17.0,0.024647876816402518,3,79.0,0.47893725926432323,1,29.0,0.45328970320144013,0,0.0,0.9601264220316688,5,125.0
400.0,5,95.0,1.6666666666666667,6.454990038577296,0,5.0,0.15836289891036803,1,80.0,0.4567833410590643,4,21.0,0.4226612393833349,0,0.0,0.9091537503611009,5,106.0
405.0,9,136.0,2.3859649122807016,6.987665852024212,0,0.0,1.0,4,98.0,0.32181808593227923,5,44.0,0.3443764869049072,0,0.0,0.9436226110264282,9,142.0
410.0,10,186.0,3.3214285714285716,6.996277635970607,0,0.0,1.0,4,118.0,0.19602035546860427,6,112.0,0.3372085339137629,0,0.0,0.9370060438258593,10,230.0
415.0,11,241.0,4.084745762711864,7.099347515802122,0,0.0,1.0,4,174.0,0.4810858110145,7,109.0,0.23529681469570396,0,0.0,0.9460568144130135,11,283.0
420.0,7,186.0,3.381818181818182,6.968491633034319,0,0.0,1.0,4,224.0,0.4249931426673246,2,68.0,0.35751283023177904,0,0.0,0.9543006818601649,6,292.0
425.0,6,186.0,3.576923076923077,7.5646039147939454,0,6.0,0.5046344407751806,5,186.0,0.26185254709708505,0,8.0,0.7614590722460948,1,3.0,0.4710792934295928,6,203.0
430.0,5,208.0,4.16,7.46989120662386,0,3.0,0.2336405723519355,5,217.0,0.4162052458196187,0,0.0,0.9586512145768425,0,0.0,0.9964686060684933,5,220.0
435.0,8,245.0,4.9,7.865317986833088,3,15.0,0.00021223493620909652,5,239.0,0.42771687959643395,0,3.0,0.8217682632795663,0,0.0,0.9017974891268175,8,257.0
440.0,7,154.0,3.422222222222222,6.770253513121128,3,30.0,0.0,1,126.0,0.7379209008036378,1,3.0,0.7361410023216591,0,0.0,0.9719719956776578,5,159.0
445.0,5,175.0,3.977272727272727,7.119955237963799,3,45.0,0.0,1,128.0,0.8169168603930503,1,8.0,0.4987030781122581,0,0.0,0.984814895163084,5,181.0
450.0,6,205.0,4.361702127659575,7.845219019887447,3,60.0,0.0,1,144.0,0.7716524937668716,2,21.0,0.5681634693718337,0,0.0,0.943597814115601,6,225.0
455.0,8,240.0,5.0,8.10798568580539,3,75.0,0.0,1,149.0,0.8007442440081176,3,35.0,0.46470426160293615,0,0.0,0.860815553988931,7,259.0
460.0,7,273.0,5.6875,7.884005324413864,3,90.0,0.0,1,148.0,0.576269337914662,3,50.0,0.4527324989174415,0,0.0,0.9641788237839155,7,288.0
465.0,10,321.0,6.551020408163265,8.034949380639954,3,105.0,0.0,2,153.0,0.5679906231075427,5,73.0,0.3862972186618219,0,0.0,0.9433398338724699,10,331.0
470.0,9,331.0,6.755102040816326,7.327620567844125,3,120.0,0.0,3,165.0,0.3481732809189409,3,64.0,0.482127514639115,0,0.0,0.9431185831422858,9,349.0
475.0,7,246.0,5.125,7.475968630772175,0,3.0,0.9540403531367909,4,182.0,0.26373156427047945,3,70.0,0.6224593100278867,0,0.0,0.9478634453864474,7,255.0
480.0,5,243.0,5.0625,6.717549418063929,0,0.0,1.0,1,162.0,0.5553392078172591,4,86.0,0.3036068610709968,0,0.0,0.939912953305075,5,248.0
485.0,9,280.0,5.714285714285714,6.664910461153527,0,0.0,1.0,1,165.0,0.7666540200043628,5,111.0,0.17332165924709608,0,0.0,0.9965772346218953,6,276.0
490.0,6,229.0,4.673469387755102,6.478965773343097,0,0.0,1.0,1,170.0,0.64152080413626,1,51.0,0.40262754142034785,0,0.0,0.9589702313135335,2,221.0
495.0,5,245.0,5.0,7.671862995915285,0,3.0,0.6931185641005383,2,181.0,0.6341490742361916,1,46.0,0.6313944655507029,0,0.0,0.9268187922483311,3,230.0
500.0,5,75.0,1.4705882352941178,7.941522984419273,1,4.0,0.26951964806118356,2,16.0,0.7323862099036407,1,51.0,0.6395807845704097,0,0.0,0.9468299047370935,4,71.0
505.0,7,90.0,1.8,7.598751483595724,4,20.0,0.00020495225737603013,2,26.0,0.6797349495836164,1,59.0,0.7212298636625712,0,0.0,0.9510225542329956,7,105.0
510.0,7,72.0,1.5319148936170213,7.4837962215614775,4,40.0,0.0,3,41.0,0.5299561125935162,0,6.0,0.9791373445486599,0,0.0,0.9778528219456015,7,87.0
515.0,9,115.0,2.6136363636363638,7.2403723490046845,4,63.0,0.17545739243028252,5,64.0,0.4311334791340546,0,6.0,0.9349006504855047,0,0.0,0.501856504445885,9,133.0
520.0,7,81.0,1.7234042553191489,6.933124422858849,0,19.0,0.09277464893283244,4,79.0,0.4155602275564943,2,9.0,0.47665845492006403,1,5.0,0.48816119951157494,7,112.0
525.0,8,119.0,2.4285714285714284,7.536522713475736,0,0.0,1.0,4,135.0,0.4108281697764907,2,19.0,0.3772446973224025,1,5.0,0.6567354107950978,7,159.0
530.0,9,164.0,3.28,7.276568300679673,0,0.0,1.0,4,163.0,0.28427189387671936,3,37.0,0.4842412740031418,1,10.0,0.3928353994147815,8,210.0
535.0,7,161.0,3.22,6.568814237690549,0,0.0,1.0,5,187.0,0.1441748266728327,0,7.0,0.6553409831046916,2,19.0,0.31133569023484853,7,213.0
540.0,4,48.0,0.9411764705882353,7.308843213110418,0,3.0,0.6303324938809408,2,132.0,0.24380910769521677,0,3.0,0.9358245024195833,2,29.0,0.31103697193140517,4,167.0
545.0,3,45.0,0.8490566037735849,8.03826804524648,0,6.0,0.033472204475240935,0,14.0,0.6657016729162655,0,3.0,0.9824753097943613,2,39.0,0.4167271210281207,2,62.0
550.0,3,14.0,0.2916666666666667,7.809076500875861,2,15.0,0.00011798697632670006,1,5.0,0.7644649829182631,0,3.0,0.9098532899465194,0,0.0,0.950098060219978,3,23.0
555.0,3,29.0,0.6041666666666666,8.137794201900684,2,25.0,0.0,1,10.0,0.7289688509377902,0,11.0,0.7671730416084205,0,0.0,0.9413087850235837,3,46.0
560.0,4,8.0,0.16666666666666666,7.84131315914636,0,0.0,0.896671468188348,0,0.0,0.9425372700434871,3,17.0,0.46266987656091924,0,0.0,0.9602631901962787,3,17.0
565.0,9,43.0,0.9555555555555556,7.622003003023585,0,0.0,1.0,0,0.0,0.9455834513924813,5,42.0,0.5096005868532284,0,0.0,0.981993571465129,5,42.0
570.0,6,68.0,1.5813953488372092,8.038717995003463,0,0.0,1.0,0,0.0,0.9421903785614302,5,70.0,0.5958410678576611,0,0.0,0.9819267264874062,5,70.0
575.0,0,0.0,0.0,7.8124554821133305,0,0.0,1.0,0,11.0,0.7732621467532429,0,3.0,0.7613440709348446,0,0.0,0.9446883321016888,0,14.0
580.0,1,5.0,0.11363636363636363,8.435648852814715,0,3.0,0.6023387398181916,0,17.0,0.7437290812583663,1,8.0,0.8175726347568025,0,0.0,0.7656382761201105,1,28.0
585.0,4,20.0,0.4878048780487805,7.9717362404831436,1,7.0,0.30365796287195146,1,14.0,0.7553064276538669,1,13.0,0.7095338529383736,1,4.0,0.4784753301107885,4,38.0
590.0,7,47.0,1.0930232558139534,7.310023033806174,3,18.0,0.18978933346470078,1,19.0,0.8008294330097018,2,19.0,0.566081462672815,1,9.0,0.4727928178364665,7,65.0
595.0,9,88.0,2.0952380952380953,7.068708892802617,5,39.0,0.0016323888777452795,1,24.0,0.8197927061124289,2,29.0,0.6252801928670468,1,14.0,0.5279179405992692,9,106.0
600.0,8,81.0,1.8837209302325582,6.623860616164058,5,64.0,2.2578565830591223e-05,2,31.0,0.6813232985503092,1,14.0,0.5256246594984945,0,0.0,0.8872350056468212,8,109.0
605.0,3,38.0,0.926829268292683,7.413934951639168,0,30.0,0.0627134680317867,2,38.0,0.6866474891843051,1,12.0,0.5550300335211655,0,0.0,0.9481310537540669,3,80.0
610.0,5,59.0,1.4047619047619047,7.676189572004263,0,0.0,1.0,2,45.0,0.4949494606059941,3,23.0,0.4592807799097671,0,0.0,0.9180104683664402,5,68.0
615.0,8,95.0,2.159090909090909,7.055673767995748,0,0.0,1.0,5,66.0,0.1446777530105029,3,38.0,0.4261835115771066,0,0.0,0.9527156098428285,8,104.0
620.0,12,143.0,3.1777777777777776,6.67015089874188,0,0.0,1.0,7,96.0,0.1763814754004864,5,56.0,0.17926257156253741,0,0.0,0.9560102196602572,12,152.0
625.0,15,208.0,4.425531914893617,6.144936281345691,0,0.0,1.0,7,130.0,0.2098815885168372,7,85.0,0.0001503598534790491,1,3.0,0.63171960751248,15,218.0
630.0,16,284.0,6.042553191489362,5.5653452984009615,0,0.0,1.0,7,165.0,0.2150417422290593,7,120.0,0.0,2,9.0,0.32072566131535934,16,294.0
635.0,16,364.0,7.913043478260869,5.523153280607099,0,0.0,1.0,7,200.0,0.2080094717802869,7,155.0,0.0,2,19.0,0.4907174755457384,16,374.0
640.0,18,454.0,9.659574468085106,5.019885830389092,0,0.0,1.0,8,240.0,0.1023953658102525,7,190.0,0.11441748052128947,2,29.0,0.24636689105377796,17,459.0
645.0,15,495.0,10.53191489361702,4.984389198911213,0,0.0,1.0,8,283.0,0.17171469015396204,7,225.0,0.0,0,0.0,0.9506218395358579,15,508.0
650.0,16,574.0,11.958333333333334,5.255920840709056,0,0.0,1.0,9,327.0,0.15933216254606417,7,269.0,0.11068981533389315,0,0.0,0.9710169456051303,16,596.0
655.0,18,661.0,13.22,5.250697589790629,0,0.0,1.0,9,369.0,0.0596214346530739,9,311.0,0.007153686927342991,0,0.0,0.6966487522802927,18,680.0
660.0,18,716.0,14.32,5.568518724058916,0,0.0,1.0,9,414.0,0.09144868095110752,9,321.0,0.03331223411300477,0,0.0,0.9312213425054822,18,735.0
665.0,9,351.0,6.882352941176471,5.61861979710711,0,0.0,1.0,0,93.0,0.21578117172656727,9,366.0,0.004907642882598413,0,0.0,0.9722234736639692,9,459.0
670.0,10,400.0,7.6923076923076925,6.2052464977665895,0,0.0,1.0,0,0.0,0.9660807638011017,9,412.0,0.0010551977832500207,0,0.0,0.9528530587221363,9,412.0
675.0,10,446.0,8.576923076923077,7.14770457759949,0,0.0,1.0,0,0.0,0.9626323788196385,10,471.0,0.2096146878613176,0,0.0,0.48965338416728243,10,471.0
680.0,11,501.0,9.634615384615385,7.459994577910184,0,0.0,1.0,0,0.0,0.9640942537581073,10,521.0,0.3519913139180344,1,5.0,0.6340085212348527,11,526.0
685.0,12,558.0,10.145454545454545,7.234041450165849,0,0.0,1.0,1,2.0,0.6017197273158389,10,571.0,0.4432153436144815,1,10.0,0.7341240720993605,12,583.0
690.0,13,623.0,11.537037037037036,6.97640239014276,0,0.0,1.0,1,7.0,0.6195455419071644,10,621.0,0.42601990239476384,1,15.0,0.6272057193530411,12,643.0
695.0,13,681.0,13.62,6.677462055490264,0,0.0,1.0,1,12.0,0.6352131583825534,10,671.0,0.4234599861953431,2,23.0,0.4741966490326067,13,706.0
700.0,6,182.0,3.7142857142857144,6.277910109202177,0,0.0,1.0,2,18.0,0.3987008708674593,2,368.0,0.42215509663098366,2,33.0,0.3581604989121649,6,419.0
705.0,7,82.0,1.5769230769230769,6.224162797223553,0,0.0,0.4092728471158972,3,39.0,0.4565900768467317,1,139.0,0.5210426274706033,3,47.0,0.30947785519402293,7,225.0
710.0,10,129.0,2.480769230769231,6.4131135355837365,2,12.0,0.18044423497987092,3,54.0,0.5954125117446627,1,10.0,0.6370463733361361,3,62.0,0.24463613106843277,9,138.0
715.0,13,186.0,3.4444444444444446,6.749879815592055,3,27.0,0.08580770439882231,5,74.0,0.562496305137986,1,15.0,0.4858976392603156,4,82.0,0.29792461976972295,13,198.0
720.0,15,257.0,4.672727272727273,6.275670340643185,5,48.0,0.06492827641903828,5,99.0,0.4885307968776164,1,20.0,0.08098978821868885,4,102.0,0.32080799388927983,15,269.0
725.0,12,195.0,3.482142857142857,5.817212313574288,6,76.0,0.010244703105239906,5,106.0,0.5548653670164706,1,25.0,0.46042735785926386,0,23.0,0.6232325714474791,12,230.0
730.0,17,268.0,4.701754385964913,5.908941744752578,8,112.0,0.0015161103880569683,5,131.0,0.5253548754344021,1,39.0,0.5166825114697268,0,0.0,0.6945893315981074,14,282.0
735.0,17,338.0,5.9298245614035086,5.590470220793356,8,151.0,0.0006605324361919653,5,147.0,0.423522662660835,3,50.0,0.27860777568944767,0,0.0,0.9497322509673769,16,348.0
740.0,21,427.0,7.237288135593221,5.685507668064018,8,191.0,8.190341956363975e-05,5,172.0,0.3736269845931781,7,79.0,0.3196058337008157,0,0.0,0.9617803379146842,20,442.0
745.0,19,499.0,8.910714285714286,5.2418457388386015,8,231.0,2.5916737874061575e-05,5,197.0,0.42068562703424295,3,71.0,0.26180211970544526,0,0.0,0.9566458209665921,16,499.0
750.0,24,607.0,10.649122807017545,4.722055639824332,8,271.0,4.524557522600437e-06,6,232.0,0.28593856375137666,3,81.0,0.3488786101264471,1,3.0,0.6791517788586077,18,587.0
755.0,26,735.0,13.125,4.568869012595006,8,311.0,1.6007055361547645e-06,7,270.0,0.3361338624269382,4,92.0,0.3157972684337746,1,8.0,0.7291704116347,20,681.0
760.0,29,873.0,15.589285714285714,3.794057152111204,8,351.0,0.0,9,312.0,0.29177435981910504,4,109.0,0.19745523226417494,2,14.0,0.5808849790186186,23,786.0
765.0,25,920.0,16.727272727272727,3.8013974999726123,8,391.0,0.005021122096870364,9,357.0,0.3531760952997491,5,130.0,0.001129008806868511,0,0.0,0.652408542557709,22,878.0
770.0,26,1046.0,19.01818181818182,4.394042532959445,9,432.0,0.0005846761834114308,9,402.0,0.31740881494555373,5,160.0,0.1492802662252024,0,0.0,0.9832518057048056,23,994.0
775.0,28,1181.0,19.683333333333334,4.111720270210625,9,477.0,7.870792614795515e-05,10,451.0,0.329172972562383,6,186.0,0.04493775489538357,0,0.0,0.9738336869457096,25,1114.0
780.0,32,1334.0,22.610169491525422,3.3120017156449624,9,522.0,1.1879592522557622e-05,10,501.0,0.1699907195551859,9,224.0,0.03336258560796044,0,0.0,0.8303516342744407,28,1247.0
785.0,29,1356.0,22.983050847457626,3.512016705733534,9,567.0,3.836633093151767e-06,13,572.0,0.11756991215759725,6,241.0,0.1264034195661929,0,0.0,0.9907981177017807,28,1380.0
790.0,22,1027.0,17.406779661016948,3.8198739043869447,3,360.0,0.014767095454879099,13,643.0,0.16534404331871194,5,260.0,0.2097292548717795,0,0.0,0.9897849953067217,21,1263.0
795.0,20,946.0,15.258064516129032,4.9295008298738185,0,150.0,0.13089228835550262,15,710.0,0.2047003635434552,5,283.0,0.14493949366020983,0,0.0,0.9658786516582675,20,1143.0
800.0,18,658.0,10.444444444444445,5.793620294939582,0,23.0,0.2680146360027658,12,569.0,0.2133709247837289,5,279.0,0.1523154137356037,0,0.0,0.9715579738580951,17,871.0
805.0,15,567.0,9.295081967213115,6.06787107723092,0,0.0,1.0,8,310.0,0.31314506934057423,5,304.0,0.1613898277250226,1,1.0,0.48753672878581983,14,615.0
810.0,19,657.0,10.265625,6.972396568551744,0,0.0,1.0,9,320.0,0.34578860517092674,5,332.0,0.2260223145197493,1,6.0,0.6456131567807928,15,658.0
815.0,15,711.0,10.611940298507463,6.9435721897729135,0,0.0,1.0,9,365.0,0.26696944303399556,5,357.0,0.3270766737894131,1,11.0,0.7000214612327985,15,733.0
820.0,4,234.0,3.65625,6.886380420697829,0,0.0,1.0,0,105.0,0.24376879068982074,3,306.0,0.4203235590445959,0,0.0,0.9438238978961906,3,411.0
825.0,3,216.0,3.6610169491525424,7.85667023806823,0,3.0,0.9366005840275669,1,32.0,0.4597846790023255,2,223.0,0.654879403328846,0,0.0,0.9392734327495901,3,258.0
830.0,7,242.0,4.245614035087719,8.181189472828418,0,0.0,1.0,3,15.0,0.4607565558549164,4,243.0,0.5895986860217078,0,0.0,0.9579640903717747,7,258.0
835.0,9,282.0,4.947368421052632,8.43455423536068,0,0.0,1.0,5,35.0,0.16526949058374726,4,260.0,0.6092168237611495,0,0.0,0.9835412041646661,9,295.0
840.0,8,279.0,4.982142857142857,8.303522154612756,0,0.0,1.0,1,25.0,0.297952517583698,6,282.0,0.5543456233991528,0,0.0,0.9856788561000877,7,307.0
845.0,6,60.0,1.0714285714285714,8.287634523293017,0,0.0,1.0,0,0.0,0.9548948788972675,5,193.0,0.5742893734680276,0,0.0,0.9558872800707743,5,193.0
850.0,6,81.0,1.5576923076923077,7.802103178945482,0,0.0,1.0,0,0.0,0.48946396864595476,6,114.0,0.4428982520246576,0,0.0,0.9692290235784041,6,114.0
855.0,14,134.0,2.68,6.793151805643674,0,0.0,1.0,1,5.0,0.6244397466958002,9,152.0,0.31742758510524033,1,2.0,0.47329645700913037,11,159.0
860.0,14,201.0,3.9411764705882355,6.298806837707682,0,0.0,1.0,1,10.0,0.634577446378589,10,201.0,0.17313350129079724,0,0.0,0.9840752050718183,11,211.0
865.0,15,274.0,5.169811320754717,5.207953115086287,0,0.0,1.0,1,15.0,0.4922839057215145,11,257.0,0.08284430890656122,0,0.0,0.964272942714623,12,272.0
870.0,22,370.0,6.851851851851852,4.718773976892884,0,0.0,1.0,2,25.0,0.4809555997733553,13,316.0,0.06361964635705919,0,0.0,0.9603377928989671,15,341.0
875.0,24,483.0,8.944444444444445,4.6242830807178015,0,0.0,1.0,2,35.0,0.41405042492925603,15,385.0,0.06334615708573926,0,0.0,0.9864278714088512,17,420.0
880.0,23,567.0,10.69811320754717,4.733669134336909,0,0.0,1.0,3,47.0,0.24249523899307607,16,463.0,0.052102413256733954,0,0.0,0.9689106139169349,19,510.0
885.0,25,687.0,12.962264150943396,4.634923633295152,0,0.0,1.0,4,64.0,0.029869345320760327,17,546.0,0.14375539513687804,0,0.0,0.9860895400411438,21,610.0
890.0,27,818.0,15.148148148148149,4.6128023384645385,0,0.0,1.0,4,84.0,0.21195864379209706,18,636.0,0.16894940441972023,1,1.0,0.48703729727711104,23,721.0
895.0,24,825.0,15.0,4.930340887632205,0,0.0,1.0,4,104.0,0.32280570478132975,18,726.0,0.1342789155291102,1,5.0,0.6586326885313472,23,835.0
900.0,22,892.0,16.830188679245282,4.7186547851407425,0,0.0,1.0,3,102.0,0.3486309777254116,18,816.0,0.10271754531078268,1,10.0,0.6187257333768555,22,928.0
905.0,24,1006.0,17.964285714285715,4.887439796102135,0,0.0,1.0,3,117.0,0.31702175098002755,19,908.0,0.002661934022202101,2,17.0,0.4757553258212079,24,1042.0
910.0,26,1136.0,20.285714285714285,4.745921493752669,0,0.0,1.0,3,132.0,0.3042319485940498,21,1016.0,0.040740195327366086,2,27.0,0.4750783584973316,26,1175.0
915.0,26,1266.0,23.01818181818182,4.548152977639598,0,0.0,1.0,3,147.0,0.41027933498794716,21,1147.0,0.040030783177664446,2,37.0,0.39791172769839267,26,1331.0
920.0,30,1409.0,24.719298245614034,3.9774877086837397,0,0.0,1.0,4,166.0,0.3227140698645076,22,1257.0,0.041260849676348965,3,49.0,0.20336502274280016,29,1472.0
925.0,31,1563.0,26.05,4.012097624091177,0,0.0,1.0,4,222.0,0.44033469075259735,22,1367.0,0.039661502661519306,3,64.0,0.1740380178820298,29,1653.0
930.0,26,1469.0,24.081967213114755,4.024932747063832,0,0.0,1.0,4,242.0,0.3611449377783157,20,1391.0,0.04266976395052195,1,12.0,0.26254304776287024,25,1645.0
935.0,21,1382.0,24.678571428571427,3.931812950869921,0,0.0,1.0,4,238.0,0.3365154464635005,16,1307.0,0.1142470824275836,1,17.0,0.34448870228337397,21,1562.0
940.0,22,1492.0,24.866666666666667,4.799935489520428,0,0.0,1.0,5,263.0,0.26390359696143323,16,1312.0,0.11296561440902388,1,22.0,0.5569879219734756,22,1597.0
945.0,25,1610.0,27.75862068965517,5.064556555177658,0,0.0,0.9499920675231881,5,276.0,0.32203179089272765,18,1323.0,0.052630554375243686,1,27.0,0.6495021288560351,24,1626.0
950.0,14,636.0,10.96551724137931,5.430590982221393,0,0.0,1.0,6,303.0,0.42288048222664293,6,753.0,0.09123702193921576,1,32.0,0.33102247637461596,13,1088.0
955.0,10,388.0,7.054545454545455,5.839587288322796,0,6.0,0.5481107223210463,6,339.0,0.41311753801656514,0,301.0,0.2699092285633264,3,42.0,0.24744250954222383,9,688.0
960.0,8,414.0,7.527272727272727,7.199785099068393,0,0.0,0.6872657972519542,6,372.0,0.5154500501118373,0,0.0,0.5106773898349211,2,52.0,0.15531020144277363,8,424.0
965.0,3,78.0,1.4444444444444444,8.338272163079674,0,0.0,0.9044723755380202,1,103.0,0.7132797720869305,0,0.0,1.0,2,62.0,0.20482021431327557,3,165.0
970.0,3,73.0,1.3518518518518519,8.212011252706487,0,0.0,1.0,1,28.0,0.6955779026226186,0,0.0,0.990212134181028,2,72.0,0.2514645507467834,3,100.0
975.0,6,102.0,1.8214285714285714,7.6304163837514905,0,0.0,1.0,3,24.0,0.701370550575483,0,9.0,0.7410979141554945,3,87.0,0.2229873581729787,6,120.0
980.0,9,143.0,2.5535714285714284,7.8844109696869875,0,0.0,1.0,4,41.0,0.6566196407898743,1,14.0,0.8527660528376144,3,102.0,0.22767477713376563,8,157.0
985.0,10,189.0,3.5,7.637054057858388,0,0.0,1.0,4,65.0,0.6369602196013933,1,19.0,0.8010072107937689,4,118.0,0.17500918123105344,9,202.0
990.0,11,232.0,4.377358490566038,7.5735537210660135,0,0.0,1.0,5,84.0,0.4714542485932592,2,29.0,0.7957916139002053,4,138.0,0.1958479226874081,11,251.0
995.0,8,132.0,2.4444444444444446,7.38349444741906,0,0.0,1.0,6,112.0,0.23067850186345684,2,39.0,0.76902574600372,0,24.0,0.5848384450990054,8,175.0
1000.0,11,179.0,3.3773584905660377,6.4951465947535265,0,0.0,1.0,7,145.0,0.12773253906278617,4,62.0,0.46117168309628853,0,0.0,0.8021053638255896,11,207.0
1005.0,15,247.0,4.574074074074074,5.422498481870297,0,0.0,1.0,8,182.0,0.11034608249137855,7,93.0,0.20114028079946508,0,0.0,0.9612307901641206,15,275.0
1010.0,9,247.0,4.410714285714286,5.701857120651178,0,0.0,1.0,8,222.0,0.18879717491786308,1,47.0,0.15536071934712847,0,0.0,0.9910284120967575,9,269.0
1015.0,9,292.0,5.615384615384615,6.682384827700195,0,9.0,0.5218243152996358,8,268.0,0.2716633762784306,1,40.0,0.34480717358622753,0,0.0,0.9567322401401159,9,317.0
1020.0,9,337.0,6.607843137254902,7.014965699316479,0,0.0,0.5808614981019767,8,311.0,0.37751740186976473,1,45.0,0.6369962529990891,0,0.0,0.65508948118647,9,356.0
1025.0,11,389.0,7.938775510204081,6.900754603260763,0,0.0,0.7447694094715734,9,354.0,0.38445241407511144,1,50.0,0.6324771403330877,1,4.0,0.34493730934299566,11,408.0
1030.0,13,449.0,8.314814814814815,6.53900693453201,0,0.0,1.0,9,396.0,0.3989686904391321,1,55.0,0.48643495937575254,2,12.0,0.11371877647219521,12,463.0
1035.0,11,436.0,8.226415094339623,6.862743042679743,0,0.0,1.0,10,445.0,0.4219894885417954,0,0.0,0.9317594030277008,0,7.0,0.3859677005596964,10,452.0
1040.0,10,482.0,9.09433962264151,7.082043610361573,0,0.0,1.0,9,486.0,0.4197465223119979,0,6.0,0.6920304625691417,0,0.0,0.9860336984127571,9,492.0
1045.0,13,524.0,9.703703703703704,6.884229885325398,0,0.0,1.0,11,534.0,0.3066503759477738,2,9.0,0.26283544136206943,0,0.0,0.9326372527404778,13,543.0
1050.0,17,600.0,11.764705882352942,5.837797103147156,0,0.0,1.0,13,595.0,0.17959099318000463,4,27.0,0.30529357617482894,0,0.0,0.9708085469771848,17,622.0
1055.0,14,650.0,13.26530612244898,5.6647106446320326,0,0.0,1.0,14,663.0,0.12311480792342577,0,11.0,0.6620218574389617,0,0.0,0.9659296556294378,14,674.0
1060.0,13,703.0,14.645833333333334,6.329974890944894,0,3.0,0.6536745219150935,13,722.0,0.22336806840695134,0,3.0,0.8559310767342637,0,0.0,0.9341020859251011,13,728.0
1065.0,13,768.0,16.0,6.3074004355827284,0,3.0,0.011291217288358978,13,787.0,0.20734276543744082,0,6.0,0.9585736203855654,0,0.0,0.9593419455308108,13,796.0
1070.0,18,848.0,17.666666666666668,5.365030788109922,1,8.0,0.00015842448414633088,15,860.0,0.20281878094357164,0,6.0,0.9699761240877316,2,2.0,0.3179976091134497,18,876.0
1075.0,19,942.0,19.625,5.256669106305728,1,13.0,0.47620172622925233,15,932.0,0.2041570146640421,0,6.0,0.9662935052850011,2,12.0,0.3127866303898576,18,963.0
1080.0,21,1044.0,20.88,4.4917996378984135,2,20.0,0.12944358472414855,15,1007.0,0.20375150834437844,0,3.0,0.9811492976773194,2,22.0,0.41856309052554586,19,1052.0
1085.0,21,1122.0,21.576923076923077,4.573301599489515,2,30.0,0.012566321883979471,16,1084.0,0.17083634621643884,0,3.0,0.9956561621731228,0,0.0,0.8627980852257109,18,1117.0
1090.0,19,1175.0,21.75925925925926,4.608124507518618,3,42.0,0.001620705906227827,13,1104.0,0.14859582621276765,0,6.0,0.47446421040052744,0,0.0,0.9308652523830007,16,1152.0
1095.0,19,1222.0,22.21818181818182,5.090950975399063,3,57.0,0.0005848144839685249,14,1173.0,0.13407886431613522,2,12.0,0.018254648409720197,0,0.0,0.9665968228727331,19,1242.0
1100.0,19,1305.0,22.11864406779661,5.697431845766414,3,72.0,0.00013692661218306463,15,1245.0,0.08324676081622968,0,6.0,0.9514626803630596,0,0.0,0.954768900367173,18,1323.0
1105.0,21,1408.0,25.142857142857142,5.425537128578677,3,90.0,0.15991612451556927,16,1326.0,0.08569564852617002,0,6.0,0.9814938124343684,0,0.0,0.9672381062488973,19,1422.0
1110.0,20,1493.0,26.19298245614035,5.548980069000531,4,107.0,1.8047512538891996e-05,16,1409.0,0.14759190090539995,0,6.0,0.9788840235245875,0,0.0,0.9357712067089841,20,1522.0
1115.0,20,1593.0,27.46551724137931,5.984554752450123,4,127.0,2.4666382704419356e-06,16,1489.0,0.24253825567425788,0,6.0,0.9460525354333132,0,0.0,0.9636572194274169,20,1622.0
1120.0,20,1693.0,29.70175438596491,5.857330684298631,4,147.0,0.0,16,1569.0,0.25730055455878703,0,6.0,0.9730313313878431,0,0.0,0.9627120050097261,20,1722.0
1125.0,17,1635.0,28.189655172413794,5.754449400544335,0,36.0,0.01841649816424149,17,1652.0,0.19846502798093127,0,6.0,0.7993511505305729,0,0.0,0.9432243005156005,17,1694.0
1130.0,19,1726.0,29.75862068965517,5.3676328239404905,0,0.0,1.0,17,1737.0,0.18576420824687637,2,12.0,0.26778780147562237,0,0.0,0.9429574423227294,19,1749.0
1135.0,22,1831.0,30.516666666666666,5.138839444167956,0,0.0,0.9910251314588341,18,1823.0,0.05486919715349428,4,32.0,0.39858775457726825,0,0.0,0.9541422084580535,22,1855.0
1140.0,21,1906.0,31.766666666666666,4.979498406830883,0,0.0,0.07244060306200072,20,1921.0,0.07329577180014257,0,1.0,0.8778390045624754,0,0.0,0.6331035220305047,20,1922.0
1145.0,22,2011.0,34.08474576271186,5.150144060041631,1,9.0,0.37460915369979836,20,2024.0,0.12633697817127762,0,1.0,0.8942607339704282,1,4.0,0.32105491725708796,22,2038.0
1150.0,17,1410.0,23.5,5.294096421534849,1,8.0,0.0,16,1762.0,0.13337175992232317,0,1.0,0.6963659039774028,0,0.0,0.9306778929804989,17,1771.0
1155.0,13,297.0,4.868852459016393,6.547976578019296,1,13.0,0.0,10,1149.0,0.23085150193604226,1,7.0,0.6661244517992284,0,0.0,0.9769983038829452,12,1169.0
1160.0,10,132.0,2.2,7.482210246771081,1,18.0,0.47921695805396725,5,644.0,0.3780696087679473,1,10.0,0.5315404972795666,0,0.0,0.9280919582126459,7,672.0
1165.0,8,151.0,2.559322033898305,8.664611831067486,1,23.0,0.0,6,237.0,0.46415329093721286,0,19.0,0.6021243998083549,0,0.0,0.9911286764007649,7,279.0
1170.0,10,165.0,2.8448275862068964,8.45835485863302,0,3.0,0.9162851655395161,6,173.0,0.4308733631265922,2,11.0,0.5651872923075151,0,0.0,0.951605166790108,8,187.0
1175.0,11,208.0,4.0,7.005708781737681,0,0.0,1.0,7,195.0,0.27755797009368427,2,21.0,0.6618173597689205,0,0.0,0.7435463155403174,9,216.0
1180.0,14,270.0,5.294117647058823,7.2288614606334844,0,0.0,1.0,8,233.0,0.29513491032772027,2,31.0,0.6911992882408228,1,3.0,0.6461612182514037,11,267.0
1185.0,15,341.0,7.104166666666667,6.405821088944124,0,0.0,1.0,8,273.0,0.3201780159668322,2,41.0,0.7278404680536359,2,9.0,0.3162752463707602,12,323.0
1190.0,18,424.0,8.833333333333334,5.278519793999014,0,0.0,1.0,9,314.0,0.1038248610193177,3,53.0,0.5366076061630027,2,19.0,0.25146307440565924,14,386.0
1195.0,17,489.0,9.78,5.284535052035627,0,0.0,1.0,9,359.0,0.09100615321136897,4,72.0,0.4138163914515341,0,0.0,0.6344589097546326,13,431.0
1200.0,12,245.0,5.212765957446808,5.273652903498749,0,0.0,1.0,2,113.0,0.1630056636459555,6,104.0,0.32372654339540846,0,0.0,0.8910544838723837,8,217.0
1205.0,6,168.0,3.574468085106383,5.5439580400188095,0,0.0,1.0,1,67.0,0.43826432533516985,1,26.0,0.24544140719755278,0,0.0,0.9447794787384123,2,93.0
1210.0,6,191.0,3.9791666666666665,7.5745278008682275,0,0.0,0.8799267852846338,1,58.0,0.7130783123832738,0,9.0,0.8637990214955684,0,0.0,0.9264908678209688,1,67.0
1215.0,8,223.0,4.74468085106383,7.820993111107126,1,1.0,0.0006144806616760054,1,66.0,0.7803824176894384,0,9.0,0.9630920280117833,0,0.0,0.9791219618713729,2,76.0
1220.0,7,147.0,3.0,8.150980720155276,1,6.0,0.0,0,3.0,0.9627176252838701,0,9.0,0.9483048860964586,0,0.0,0.9345814494660594,1,18.0
1225.0,9,188.0,3.6862745098039214,7.47948909929067,1,11.0,0.0,0,3.0,0.8097899896592311,1,15.0,0.8455052109928307,0,0.0,0.9831496917016993,2,29.0
1230.0,10,221.0,4.604166666666667,6.685823721550338,0,0.0,1.0,1,6.0,0.7677509906272688,1,20.0,0.8006848721722282,0,0.0,0.7712871538796402,2,26.0
1235.0,13,153.0,3.558139534883721,5.1272511810488,0,0.0,1.0,1,11.0,0.5856338175660273,5,31.0,0.3697194819550762,1,2.0,0.4945359182284978,7,44.0
1240.0,10,78.0,1.7333333333333334,5.826775179502633,0,0.0,1.0,2,20.0,0.5657354281025443,5,56.0,0.28183679605732426,1,7.0,0.4880422685733639,8,83.0
1245.0,9,110.0,2.391304347826087,5.409053316187732,0,0.0,1.0,3,32.0,0.18702548902151084,5,81.0,0.15100402065118906,1,12.0,0.3750381982977959,9,125.0
1250.0,10,142.0,3.1555555555555554,5.799762492587661,0,0.0,1.0,4,51.0,0.09001425120540578,6,107.0,0.029033619353711244,0,0.0,0.5287681849795646,10,158.0
1255.0,13,202.0,4.391304347826087,5.965628922440811,0,0.0,1.0,5,76.0,0.15625256585268854,8,145.0,0.07191157283489016,0,0.0,0.9454957115997619,13,221.0
1260.0,10,174.0,3.8666666666666667,5.668189466591486,0,0.0,1.0,0,13.0,0.5653894179077777,9,187.0,0.002048207814534725,0,0.0,0.924652280708589,9,200.0
1265.0,4,56.0,1.1666666666666667,6.629173055701345,0,0.0,1.0,0,0.0,0.8607536422545035,2,76.0,0.018965228584834334,0,0.0,0.9390980065782126,2,76.0
1270.0,1,37.0,0.74,7.590380953575464,0,6.0,0.5397597781314554,0,0.0,0.7403124620405065,1,83.0,0.5634973288966957,0,0.0,0.9600268815261237,1,89.0
1275.0,6,54.0,1.0384615384615385,7.859258238909566,0,0.0,0.6975833732905503,1,9.0,0.6487757238108732,3,77.0,0.5545635078336412,1,1.0,0.4947207311822644,5,87.0
1280.0,7,80.0,1.5686274509803921,8.636820424392466,0,0.0,1.0,1,20.0,0.6912345632308461,3,92.0,0.6044654487530303,2,9.0,0.5761496504917571,6,121.0
1285.0,5,91.0,1.75,8.38541973914691,0,0.0,1.0,1,22.0,0.7227020001400998,1,76.0,0.6935003334101946,2,19.0,0.38344542025132117,4,117.0
1290.0,6,107.0,2.2291666666666665,8.352069166834005,0,3.0,0.885932008441825,2,22.0,0.6451689004180519,1,66.0,0.6749369471056694,3,34.0,0.3049228585349102,6,125.0
1295.0,6,95.0,2.111111111111111,7.659612250210254,0,0.0,0.23312098688997024,2,28.0,0.6802447453578483,3,77.0,0.6259296080647041,1,27.0,0.40430620589185506,6,132.0
1300.0,7,115.0,2.4468085106382977,6.832087192829513,1,3.0,0.00013419400932900363,2,38.0,0.2842550600176642,4,98.0,0.4933044197498677,0,10.0,0.839207261401365,7,149.0
1305.0,8,143.0,3.108695652173913,6.221067938712256,1,8.0,0.0,5,59.0,0.14091623752651494,2,91.0,0.5082990608655252,0,0.0,0.9761894881293329,8,158.0
1310.0,9,173.0,3.6808510638297873,6.8853809337964815,0,3.0,0.5456445354507033,6,86.0,0.3155731970914899,3,103.0,0.5196745934652958,0,0.0,0.9060340777859767,9,192.0
1315.0,11,220.0,4.4,6.869316428631851,0,0.0,0.7260764016025055,8,118.0,0.3225866514165344,3,118.0,0.5172355904693157,0,0.0,0.921991570737015,11,236.0
1320.0,10,270.0,5.74468085106383,7.132204829865141,0,0.0,1.0,7,153.0,0.38345920757428087,3,130.0,0.3566735801445313,0,0.0,0.8700450810375249,10,283.0
1325.0,12,200.0,4.0,6.980633045455485,0,0.0,1.0,8,189.0,0.374042509771851,1,52.0,0.5943478958284586,2,5.0,0.4722936596303108,11,246.0
1330.0,13,262.0,5.458333333333333,7.186138202464659,0,0.0,1.0,9,231.0,0.34468558234025914,1,23.0,0.6561081510849792,2,15.0,0.28490873059252464,12,269.0
1335.0,16,334.0,6.549019607843137,6.19480209658768,0,0.0,1.0,10,277.0,0.3121890286631953,1,28.0,0.4916417089066014,3,29.0,0.27258894672075773,14,334.0
1340.0,9,299.0,6.1020408163265305,6.086976820297071,0,0.0,1.0,7,277.0,0.27216488358074603,1,33.0,0.49678507186205234,0,8.0,0.5219996819875307,8,318.0
1345.0,10,313.0,6.659574468085107,6.424848103435072,0,0.0,1.0,8,312.0,0.2587360049729124,1,7.0,0.5013155029995573,0,0.0,0.9830120559547082,9,319.0
1350.0,12,352.0,7.48936170212766,6.114631417477626,0,0.0,1.0,9,354.0,0.14947407948610258,2,13.0,0.40251860857187494,0,0.0,0.9446726594601857,11,367.0
1355.0,13,413.0,8.098039215686274,6.447312933483341,0,0.0,1.0,11,408.0,0.10943378186475747,2,17.0,0.5659023396797187,0,0.0,0.9524709791942259,13,425.0
1360.0,3,39.0,0.7647058823529411,6.1930586950169815,0,0.0,1.0,1,126.0,0.21634550577375522,2,18.0,0.5854313887341006,0,0.0,0.9124970220682944,3,144.0
1365.0,4,43.0,0.8269230769230769,6.675339397717142,0,0.0,1.0,0,12.0,0.6127039749823041,2,31.0,0.5683255276248819,0,0.0,0.9275697764577129,2,43.0
1370.0,2,47.0,0.8545454545454545,8.032868308450386,0,0.0,1.0,0,0.0,0.9691254862061873,2,47.0,0.6664906787729268,0,0.0,0.9169562472156437,2,47.0
1375.0,4,61.0,1.1090909090909091,8.13086676119652,0,0.0,1.0,1,7.0,0.6092946722427083,3,60.0,0.6334817278855385,0,0.0,0.9514619193480126,4,67.0
1380.0,6,84.0,1.4482758620689655,7.698787252936997,0,0.0,1.0,0,8.0,0.7278985041158619,4,74.0,0.5967433013468761,1,2.0,0.6171194678954515,5,84.0
1385.0,8,120.0,2.0689655172413794,7.597218180030795,0,0.0,1.0,0,50.0,0.9259348528493835,5,98.0,0.5356070945296536,1,7.0,0.6363655924595875,6,155.0
1390.0,10,167.0,2.830508474576271,7.414367056885571,0,0.0,1.0,0,66.0,0.6523823822966308,6,127.0,0.47572735013904777,1,12.0,0.5031106809896624,7,205.0
1395.0,14,230.0,3.8983050847457625,6.952228419089546,0,0.0,1.0,1,21.0,0.6963195193046101,8,161.0,0.33150834797635903,2,21.0,0.24282257967853602,11,203.0
1400.0,13,255.0,4.553571428571429,5.952724616079855,0,0.0,1.0,2,25.0,0.49056194931025515,8,201.0,0.3054572769724783,3,36.0,0.2341794429928448,13,262.0
1405.0,6,39.0,0.6724137931034483,6.261002464410671,0,0.0,1.0,4,38.0,0.2820642426255753,2,67.0,0.3084009809083315,0,0.0,0.9663983936882,6,105.0
1410.0,7,55.0,1.0,6.256019976940548,0,3.0,0.725847511432055,5,62.0,0.15370177439764598,1,16.0,0.4873013003434835,0,0.0,0.7524628977977426,6,81.0
1415.0,9,95.0,1.6666666666666667,6.662443477168975,0,3.0,0.3416920723955344,6,92.0,0.4782282355001172,2,13.0,0.34224109839843875,0,0.0,0.9472936304446405,8,108.0
1420.0,13,157.0,2.754385964912281,5.913109750908201,3,15.0,0.08459875744794684,6,122.0,0.5280304421897419,3,28.0,0.238552363733081,0,0.0,0.9583101190763484,12,165.0
1425.0,10,135.0,2.3275862068965516,6.291566874892255,3,30.0,0.01275666308857307,5,106.0,0.5875500669175887,2,23.0,0.04477332671133746,0,0.0,0.8651127697085149,10,159.0
1430.0,14,198.0,3.3559322033898304,6.354747168683681,6,58.0,0.10087045973805275,5,131.0,0.5639698177376511,3,37.0,0.11306726720687657,0,0.0,0.9717417825585397,14,226.0
1435.0,17,276.0,4.842105263157895,6.163435525518839,8,93.0,0.001269380755402578,5,155.0,0.5231882657556093,4,61.0,0.3983207937995494,0,0.0,0.9262130132914304,17,309.0
1440.0,18,365.0,6.4035087719298245,5.865206306016652,8,133.0,0.09422213747544653,6,178.0,0.43013201260058903,4,81.0,0.4215887720568232,0,0.0,0.957047473047551,18,392.0
1445.0,16,423.0,6.934426229508197,6.2539624906429685,8,173.0,0.09828091752866958,6,208.0,0.3165761326467704,2,69.0,0.586833955845756,0,0.0,0.8556532526101083,16,450.0
1450.0,17,505.0,8.015873015873016,6.559567701671074,8,213.0,8.696790513938476e-06,6,241.0,0.18998171201139594,2,79.0,0.641445014334871,1,2.0,0.5915726882986339,17,535.0
1455.0,17,584.0,9.125,6.305502641890767,8,253.0,0.0,6,271.0,0.23725929470672547,2,89.0,0.5750202833786288,1,4.0,0.3542095813708594,17,617.0
1460.0,16,663.0,10.045454545454545,6.928129080396289,8,293.0,0.0,6,301.0,0.387088214433711,2,96.0,0.5586258434628838,0,1.0,0.6927594915444398,16,691.0
1465.0,17,745.0,11.825396825396826,6.425193943805019,8,333.0,0.01982790995259743,6,331.0,0.34419082551961044,3,108.0,0.4729854099382575,0,0.0,0.9368040599968512,17,772.0
1470.0,22,846.0,14.1,5.688529477109051,8,373.0,0.0037538645952102955,7,363.0,0.2813214934727159,7,137.0,0.29851828868087804,0,0.0,0.922567490227862,22,873.0
1475.0,26,966.0,15.836065573770492,5.234694394442165,10,420.0,0.0009147451072153469,7,398.0,0.3256830397820993,9,175.0,0.24245281591783682,0,0.0,0.9803153145476626,26,993.0
1480.0,27,1098.0,18.3,4.3506555353798095,10,470.0,0.0001520602758548994,8,435.0,0.17873005341902834,9,220.0,0.09053175054056108,0,0.0,0.8742948060164224,27,1125.0
1485.0,27,1170.0,18.870967741935484,4.6723890014477805,10,520.0,3.4932644648382524e-05,11,485.0,0.07729715915663157,6,208.0,0.11478831590336494,0,0.0,0.9668889678590029,27,1213.0
1490.0,24,1254.0,19.904761904761905,4.771109542969582,10,570.0,1.049402503626729e-05,8,517.0,0.2102900376571042,5,214.0,0.1247052276047634,1,2.0,0.4724981261339421,24,1303.0
1495.0,24,1374.0,21.46875,5.30326263327836,10,620.0,1.7150547834354659e-06,8,553.0,0.36046990826224723,5,211.0,0.0,1,7.0,0.6642575797207855,24,1391.0
1500.0,25,1478.0,23.09375,5.55804901491822,10,670.0,0.0023065071477510763,8,593.0,0.37292142312904836,4,229.0,0.1648211949720541,2,14.0,0.4952240133340476,24,1506.0
1505.0,24,1421.0,22.919354838709676,5.349616642770888,11,722.0,0.009909250230675551,8,633.0,0.3207874836051078,2,155.0,0.2653327235693611,2,24.0,0.48932888929961793,23,1534.0
1510.0,21,1436.0,22.793650793650794,5.78574200744977,11,777.0,0.0014670090910388247,8,673.0,0.3236355592244429,0,35.0,0.7698691729415534,0,0.0,0.9341649142746757,19,1485.0
1515.0,18,986.0,15.169230769230769,6.273219434101101,6,532.0,0.009526959558948306,9,714.0,0.2952028653158439,0,9.0,0.6913874025343405,0,0.0,0.9403255700036565,15,1255.0
1520.0,17,773.0,12.26984126984127,5.253673985533909,0,366.0,0.15614670275829898,11,761.0,0.08777905638185575,2,14.0,0.39297802628252076,0,0.0,0.9347341559371165,13,1141.0
1525.0,18,852.0,13.523809523809524,5.797832670233319,0,43.0,0.3102913718107823,11,818.0,0.13485841620690825,0,0.0,0.5742724836130026,0,0.0,0.9526334639972692,11,861.0
1530.0,20,943.0,14.734375,6.187111620984531,0,0.0,0.4565784465268453,12,879.0,0.14765936040969857,0,0.0,0.9497499253297793,0,0.0,0.9436176228218786,12,879.0
1535.0,20,533.0,8.075757575757576,6.410028639828277,1,2.0,0.00205727596080638,10,667.0,0.2561093737106317,0,0.0,0.9659273974665135,0,0.0,0.9684042398314769,11,669.0
1540.0,16,278.0,4.149253731343284,6.420048440029291,1,5.0,0.0,5,233.0,0.4465523956204375,0,0.0,0.4713640452599589,0,0.0,0.8524078513973536,6,238.0
1545.0,19,371.0,5.796875,6.642848234780936,1,5.0,0.0,5,181.0,0.5277581080908592,0,3.0,0.5598753847587122,0,0.0,0.9691496098433992,6,189.0
1550.0,18,398.0,6.317460317460317,6.521144762453201,1,10.0,0.0,5,152.0,0.5586547203996367,1,7.0,0.6443038626971427,0,0.0,0.7877986129747292,7,169.0
1555.0,15,412.0,7.103448275862069,6.533608575029446,1,15.0,0.0,5,177.0,0.47860304327564396,1,12.0,0.6357231146489557,1,3.0,0.6388777301203227,8,207.0
1560.0,18,492.0,8.785714285714286,5.178975666564567,1,20.0,0.0,8,207.0,0.24945665687099722,1,17.0,0.4738199303838822,1,8.0,0.6427045704527644,11,252.0
1565.0,17,463.0,8.735849056603774,4.617220827417293,1,25.0,0.0,9,249.0,0.1932757347633574,1,22.0,0.4487832012536134,0,0.0,0.6509288892621609,11,296.0
1570.0,16,361.0,6.811320754716981,5.014409155996903,1,30.0,0.0,12,303.0,0.13854765157987148,1,27.0,0.20748835514092492,0,0.0,0.942587712116263,14,360.0
1575.0,17,388.0,7.320754716981132,4.961803407552608,0,0.0,1.0,13,368.0,0.16302933696916194,2,33.0,0.27968566533824896,0,0.0,0.9849997852370724,15,401.0
1580.0,14,127.0,2.3962264150943398,4.888970275642473,0,0.0,1.0,4,150.0,0.2034993633513472,5,52.0,0.2692039362865592,0,0.0,0.9441847696688188,9,202.0
1585.0,8,66.0,1.1785714285714286,5.640534343766139,0,0.0,1.0,2,75.0,0.44156761402508493,1,11.0,0.07244441013823924,0,0.0,0.774762538580585,3,86.0
1590.0,5,51.0,0.8947368421052632,7.332263385832057,0,3.0,0.7801622163090013,2,46.0,0.5840176482462095,2,15.0,0.5789635120263507,1,2.0,0.6224252502048823,5,66.0
1595.0,6,79.0,1.3859649122807018,7.7353394307712025,0,0.0,1.0,2,59.0,0.4599916155472264,2,82.0,0.7115816565221424,2,10.0,0.31802732179604726,6,151.0
1600.0,8,115.0,2.017543859649123,7.663002434800693,0,0.0,1.0,3,74.0,0.551671115189815,2,89.0,0.6117090829512973,2,20.0,0.32890376621310674,7,183.0
1605.0,13,148.0,2.5517241379310347,6.569210010793647,0,0.0,1.0,3,80.0,0.3819221560954995,2,86.0,0.6940175773865513,2,30.0,0.4744130975625632,7,196.0
1610.0,14,189.0,3.6346153846153846,6.164508487232999,0,0.0,1.0,4,102.0,0.554217177302055,2,99.0,0.6877225066085183,3,42.0,0.37077672430609404,9,243.0
1615.0,14,223.0,4.372549019607843,5.880364408220802,0,0.0,1.0,4,132.0,0.5326058878187859,3,111.0,0.5489673099757493,3,57.0,0.392438509059605,10,300.0
1620.0,19,307.0,5.903846153846154,5.039060189266534,0,0.0,1.0,7,160.0,0.26698364052703394,3,126.0,0.410250782635823,3,72.0,0.32679115995686975,13,358.0
1625.0,19,367.0,6.672727272727273,4.799189166776389,0,0.0,1.0,8,200.0,0.2882141850576189,6,149.0,0.1295065137580314,3,87.0,0.22504128459185954,17,436.0
1630.0,16,338.0,6.2592592592592595,5.1415112140965515,0,0.0,1.0,10,246.0,0.19046183206209727,6,178.0,0.11729719007861125,0,3.0,0.3595228741109382,16,427.0
1635.0,18,426.0,7.745454545454545,5.282279794873452,0,0.0,1.0,11,300.0,0.17471791156582892,7,221.0,0.19318777687900493,0,0.0,0.9857342777056933,18,521.0
1640.0,24,530.0,9.137931034482758,4.4463381222774006,0,0.0,0.026478458041059458,12,357.0,0.09899811830781594,12,298.0,0.023917768678786085,0,0.0,0.9932133234020566,24,655.0
1645.0,18,522.0,8.847457627118644,4.709090171878476,1,5.0,0.0,13,420.0,0.08793148084010026,4,250.0,0.06672419331560132,0,0.0,0.968055480857537,18,675.0
1650.0,13,358.0,5.966666666666667,5.584353486434809,1,16.0,0.3837202021446114,9,326.0,0.20025570910548857,3,224.0,0.060998824032178385,0,0.0,0.938381732080777,13,566.0
1655.0,9,319.0,5.406779661016949,7.015226205786291,0,3.0,0.3650522397793184,6,218.0,0.4447865064415814,3,237.0,0.07550888837028227,0,0.0,0.9898936013036108,9,458.0
1660.0,11,369.0,5.951612903225806,7.833196643246133,0,0.0,0.50511832392408,7,231.0,0.4533576652030779,4,254.0,0.3219922523883565,0,0.0,0.9629292560656761,11,485.0
1665.0,9,280.0,4.745762711864407,7.639083398726998,0,0.0,1.0,7,265.0,0.38988639858342966,2,194.0,0.48351476396354753,0,0.0,0.5031559572619753,9,459.0
1670.0,7,285.0,5.377358490566038,8.121116580565703,0,0.0,1.0,7,309.0,0.3985898491404928,0,19.0,0.8022075265860592,0,0.0,0.9079873882397334,7,328.0
1675.0,10,323.0,5.981481481481482,7.479691705570219,0,0.0,1.0,9,346.0,0.3673944191246541,0,1.0,0.6137736697944911,0,0.0,0.9156325172270899,9,347.0
1680.0,11,368.0,6.943396226415095,6.575977693629135,0,0.0,1.0,9,387.0,0.14319885297384932,2,5.0,0.43381850016483553,0,0.0,0.96522806823332,11,392.0
1685.0,13,429.0,8.755102040816327,6.409463046720493,0,0.0,1.0,10,427.0,0.1100786024281603,2,15.0,0.539811745948191,0,0.0,0.9665430626973168,12,442.0
1690.0,7,38.0,0.8260869565217391,5.582546604363818,0,0.0,1.0,3,127.0,0.25568547375199036,2,21.0,0.5978822290885142,0,0.0,0.9635731584339577,5,148.0
1695.0,5,47.0,1.0,6.7741394888781326,0,0.0,1.0,1,24.0,0.4767102742032246,3,34.0,0.19802582111380507,0,0.0,0.9846171545453594,4,58.0
1700.0,7,70.0,1.4893617021276595,7.94073820441265,0,0.0,1.0,1,20.0,0.5324743306585904,6,68.0,0.3934922118486467,0,0.0,0.9492963775258016,7,88.0
1705.0,8,109.0,2.3191489361702127,8.43168412141036,0,0.0,1.0,2,29.0,0.44126804732893343,6,98.0,0.4923384329430777,0,0.0,0.9228863526556899,8,127.0
1710.0,4,80.0,1.6666666666666667,8.060043663143539,0,0.0,1.0,0,2.0,0.5450663801323329,4,104.0,0.5216472480355177,0,0.0,0.9117598489658436,4,106.0
1715.0,5,102.0,2.2666666666666666,8.654551770723652,0,0.0,1.0,0,0.0,0.8258352401193307,5,111.0,0.5477929912090533,0,0.0,0.9532323140559603,5,111.0
1720.0,7,132.0,3.2195121951219514,7.869804761554924,0,0.0,1.0,1,3.0,0.6459151431834839,5,136.0,0.5855783068965229,1,2.0,0.6260493041584178,7,141.0
1725.0,8,168.0,4.097560975609756,6.349148646059557,0,0.0,1.0,1,8.0,0.4901570490306682,6,159.0,0.4468227770170802,1,7.0,0.42422862942997236,8,174.0
1730.0,10,201.0,4.568181818181818,5.767316607066619,0,0.0,1.0,0,0.0,0.8801534192766065,8,192.0,0.26828948843015754,2,15.0,0.22302816764399438,10,207.0
1735.0,11,252.0,6.0,5.813866747596168,0,0.0,1.0,0,0.0,0.9403899547471731,9,233.0,0.18207313733491487,2,25.0,0.15646127550273453,11,258.0
1740.0,13,316.0,7.181818181818182,6.011072952120832,0,0.0,1.0,0,0.0,0.7859304772128727,10,282.0,0.2238814480487252,3,40.0,0.24630480867289772,13,322.0
1745.0,16,389.0,8.644444444444444,5.67181223271919,0,0.0,1.0,1,3.0,0.46507062888369655,12,337.0,0.16915999148564378,3,55.0,0.24711558216700047,16,395.0
1750.0,16,430.0,8.958333333333334,5.556084732220913,0,0.0,1.0,1,8.0,0.4719166471497412,14,405.0,0.12002876605546013,1,23.0,0.4038095127123433,16,436.0
1755.0,18,514.0,10.936170212765957,5.135799702406709,0,0.0,1.0,1,13.0,0.47071355220895506,14,481.0,0.23059244519295677,1,28.0,0.48180194301698615,16,522.0
1760.0,21,606.0,13.173913043478262,4.442377551459412,0,0.0,1.0,1,18.0,0.4802764898297382,14,551.0,0.15887796091122372,1,33.0,0.4778639949396439,16,602.0
1765.0,21,692.0,13.84,4.861062612491488,0,0.0,1.0,1,26.0,0.7327025907901141,15,619.0,0.09630699591651906,2,38.0,0.32957892664855765,18,683.0
1770.0,20,783.0,15.66,4.062690276902361,0,0.0,1.0,1,31.0,0.6120445389723523,16,699.0,0.052276451989854165,1,43.0,0.4982575584661997,18,773.0
1775.0,9,249.0,5.1875,4.271231854901536,0,0.0,1.0,2,37.0,0.3224884665861916,5,371.0,0.12319300925905832,1,48.0,0.4032343338173594,8,456.0
1780.0,4,102.0,2.0,5.717962789152667,0,3.0,0.5804845037726277,2,56.0,0.4443130762728294,0,169.0,0.28141821231133507,2,58.0,0.3845877665177709,4,286.0
1785.0,5,123.0,2.2363636363636363,7.141417005632874,1,10.0,0.2732554776604567,2,66.0,0.6502394050732984,0,3.0,0.6074371435450876,2,68.0,0.5365667535107818,5,147.0
1790.0,7,158.0,2.8727272727272726,7.1806331330051165,3,25.0,0.07338606176893264,2,76.0,0.7284220376279738,0,4.0,0.9644791261152714,2,68.0,0.5663999354073963,7,173.0
1795.0,7,121.0,2.240740740740741,6.650917555331672,5,42.0,0.02588668807142488,0,9.0,0.9614721746838982,0,4.0,0.6399623594392142,2,78.0,0.4436750552354175,7,133.0
1800.0,11,173.0,3.1454545454545455,7.170705002008233,8,80.0,0.006868855245751026,0,6.0,0.9394998657655813,1,8.0,0.6409583841030629,2,88.0,0.31651643087043985,11,182.0
1805.0,14,238.0,4.490566037735849,6.446155158844635,10,129.0,0.0015140619924096316,0,12.0,0.7760416320026915,1,13.0,0.4701383659635028,3,100.0,0.30590342612413385,14,254.0
1810.0,20,329.0,6.326923076923077,5.855653704989914,11,184.0,0.00022860826939943987,2,14.0,0.6189767062573038,2,23.0,0.24350586190269877,5,121.0,0.1577578958668402,20,342.0
1815.0,23,437.0,8.092592592592593,5.026202621830798,11,239.0,6.496812618124914e-05,4,21.0,0.2133883793228717,3,38.0,0.04885747628871878,5,146.0,0.1639141257576858,23,444.0
1820.0,16,354.0,6.4363636363636365,4.641257324029619,11,294.0,1.4690857242286369e-05,0,0.0,0.2720297494554176,4,58.0,0.13295727691364062,1,31.0,0.20567659509208489,16,383.0
1825.0,15,414.0,7.2631578947368425,5.602553544171211,11,349.0,2.567200104819018e-06,0,0.0,0.5868397987196526,4,87.0,0.40410543276992006,0,15.0,0.45676348188965465,15,451.0
1830.0,18,499.0,8.60344827586207,5.886315955987671,11,404.0,0.0,0,0.0,0.8498073698954627,7,120.0,0.32801718531370816,0,0.0,0.9985404059786389,18,524.0
1835.0,20,595.0,10.084745762711865,5.791447325702317,11,459.0,0.0,0,0.0,0.9226563688464035,9,161.0,0.23142617779923128,0,0.0,0.949219466122524,20,620.0
1840.0,24,706.0,11.206349206349206,5.0641219583191175,11,514.0,0.0,0,0.0,0.676353458048646,13,217.0,0.1719484396809166,0,0.0,0.9442881620004804,24,731.0
1845.0,26,836.0,13.0625,5.07307285790133,11,569.0,0.0,1,5.0,0.48698006377881575,14,287.0,0.11471514423753244,0,0.0,0.9595634786875034,26,861.0
1850.0,29,973.0,15.950819672131148,4.533891058811597,11,624.0,0.0,1,10.0,0.5873740174868178,16,362.0,0.05653584071339411,1,2.0,0.4667329854641019,29,998.0
1855.0,25,965.0,15.564516129032258,4.8902502549438385,11,679.0,0.0,1,15.0,0.7025794733979857,12,341.0,0.06757878497342369,1,7.0,0.6143688562568713,25,1042.0
1860.0,21,965.0,16.083333333333332,4.873982484037795,11,734.0,0.0,0,0.0,0.9593540839048869,9,341.0,0.06589755673633022,1,12.0,0.5899020666897502,21,1087.0
1865.0,26,1082.0,17.737704918032787,4.614004344696342,11,789.0,0.0,0,0.0,0.8920073784800358,12,395.0,0.06422625949580607,2,19.0,0.3292652975629318,25,1203.0
1870.0,28,1221.0,19.693548387096776,4.540983580048757,11,844.0,0.0,0,0.0,0.897149317488443,14,467.0,0.1212063357131218,2,29.0,0.3130161626470205,27,1340.0
1875.0,21,1167.0,18.523809523809526,4.262516281259608,11,899.0,0.0,0,0.0,0.7545771329774449,8,377.0,0.16592945211351462,2,39.0,0.22354614618747534,21,1315.0
1880.0,23,1264.0,20.387096774193548,4.536337302144619,11,954.0,0.0,1,9.0,0.6953702683847066,7,340.0,0.20541586053689692,3,51.0,0.21536522504133374,22,1354.0
1885.0,27,1395.0,22.868852459016395,4.779834741403945,11,1012.0,0.0029623968183713485,1,17.0,0.7856509771924226,8,378.0,0.18849577729324296,3,66.0,0.2396378608541797,23,1473.0
1890.0,25,1450.0,23.387096774193548,5.068980789357648,12,1068.0,0.0005072746010154536,1,22.0,0.7612540539489966,8,421.0,0.31891874000995163,0,0.0,0.9081540976836125,21,1511.0
1895.0,25,1543.0,24.887096774193548,4.9378013757272665,12,1128.0,0.00017167374045805122,2,32.0,0.6258987649662948,8,470.0,0.2969863861824453,0,0.0,0.9733723235434577,22,1630.0
1900.0,24,1636.0,27.266666666666666,4.346766105457228,12,1188.0,4.7346116389483795e-05,3,46.0,0.6390954459730689,9,511.0,0.12773676131604797,0,0.0,0.975522332510768,24,1745.0
1905.0,27,1768.0,29.466666666666665,4.796704152047094,12,1248.0,6.662950980338789e-06,3,63.0,0.5957733268504577,12,568.0,0.1861722671292656,0,0.0,0.9543067313629048,27,1879.0
1910.0,32,1913.0,30.85483870967742,3.6690717878928116,12,1308.0,9.328787610095031e-07,4,77.0,0.3906898813081447,13,628.0,0.1430043966357415,1,1.0,0.35429206274248454,30,2014.0
1915.0,33,2037.0,32.854838709677416,3.574357233704025,12,1368.0,0.0,6,104.0,0.22175360411878972,11,639.0,0.14362145077186286,2,8.0,0.15541979902169203,31,2119.0
1920.0,30,1430.0,22.34375,3.8350831650253183,6,1010.0,0.00836891863593566,8,153.0,0.24988038945969687,12,695.0,0.06878861575441468,2,18.0,0.2714506785623551,28,1876.0
1925.0,28,927.0,14.484375,4.422574633756231,0,643.0,0.1413250206699184,11,205.0,0.29971828406808293,12,755.0,0.07013995826288152,2,28.0,0.3175618256257498,25,1631.0
1930.0,20,585.0,9.0,5.341954993875662,0,275.0,0.41927957799701526,11,260.0,0.24722429227183784,4,400.0,0.09107015455060895,0,0.0,0.880251735452305,15,935.0
1935.0,21,545.0,8.257575757575758,5.570430855592534,0,0.0,0.6494219693421064,13,324.0,0.20591970744761046,4,298.0,0.2778335308160801,0,0.0,0.9630565597088974,17,622.0
1940.0,23,507.0,7.567164179104478,5.860059694750097,1,5.0,0.46944519842686366,10,336.0,0.3319241265268345,7,141.0,0.14893434564711655,0,0.0,0.9598624767612614,18,482.0
1945.0,23,609.0,8.955882352941176,6.088380423362271,2,12.0,0.001121357990425052,10,346.0,0.3062721690894535,7,176.0,0.07372866188061597,0,0.0,0.9728370702933145,19,534.0
1950.0,21,637.0,9.8,5.668931177267261,2,22.0,0.0,9,385.0,0.16239396608662676,8,217.0,0.13052722043123102,0,0.0,0.9086933130784693,19,624.0
1955.0,23,696.0,11.796610169491526,5.367575643041176,2,32.0,0.0,10,431.0,0.17424948483519362,10,265.0,0.1561222223162317,1,2.0,0.6183556688018409,23,730.0
1960.0,19,663.0,11.631578947368421,5.040235409858743,2,42.0,0.0,13,488.0,0.1290309142717837,3,186.0,0.2830173424244136,1,7.0,0.6358455790424101,19,723.0
1965.0,18,744.0,13.052631578947368,5.8036649183969855,2,61.0,0.4254523623441823,13,556.0,0.14919624411031246,2,161.0,0.5505785648861249,1,12.0,0.7151279503184269,18,790.0
1970.0,20,841.0,14.75438596491228,5.704444827468584,3,73.0,0.025034578904527476,14,629.0,0.20039229353581461,2,157.0,0.47214383618112066,1,5.0,0.679718713219799,20,864.0
1975.0,21,943.0,16.25862068965517,5.3533922877006335,3,88.0,0.005838188917337274,14,699.0,0.20059919732391873,2,164.0,0.3042992936202889,2,12.0,0.4838640399191978,21,963.0
1980.0,17,926.0,16.535714285714285,5.318617383651487,0,13.0,0.025974138379509588,15,769.0,0.2363547837380858,2,174.0,0.0,0,0.0,0.6067935254337115,17,956.0
1985.0,18,1016.0,17.82456140350877,5.910247202558259,0,7.0,0.18417046409780702,15,844.0,0.30875650122063225,2,187.0,0.45859988426737675,0,0.0,0.6882121672908152,17,1038.0
1990.0,18,1098.0,20.333333333333332,5.328375469960657,0,0.0,1.0,15,919.0,0.2680796957825297,3,199.0,0.01268392050036673,0,0.0,0.9852724279854493,18,1118.0
1995.0,23,1205.0,23.627450980392158,4.4712980828520195,0,0.0,1.0,16,1001.0,0.1916294298051243,5,223.0,6.960931483455848e-05,0,0.0,0.9865256042198929,21,1224.0
2000.0,21,1287.0,23.4,4.344281341654502,0,0.0,1.0,18,1088.0,0.08650025541092501,2,214.0,0.0,0,0.0,0.9754017523284478,20,1302.0
2005.0,11,478.0,9.018867924528301,4.54255545658901,0,0.0,1.0,9,566.0,0.07295704311666046,2,224.0,0.09300409322348098,0,0.0,0.9879204362966549,11,790.0
2010.0,6,283.0,5.2407407407407405,6.126883121255474,0,0.0,1.0,4,222.0,0.2980445146621485,2,234.0,0.3075372657038773,0,0.0,0.5046997261962592,6,456.0
2015.0,7,318.0,6.235294117647059,7.419967238814747,0,0.0,1.0,4,129.0,0.430704890232488,2,253.0,0.6622286027269523,1,5.0,0.4724529498153111,7,387.0
2020.0,5,90.0,1.6666666666666667,7.899671568037313,0,0.0,1.0,4,95.0,0.546864773426447,1,82.0,0.7577845079411862,0,0.0,0.22515439180042562,5,177.0
2025.0,4,109.0,1.9464285714285714,8.613435290311674,0,3.0,0.912082623787478,4,126.0,0.6140800359341846,0,12.0,0.7847658294324416,0,0.0,0.7957101483814425,4,141.0
2030.0,6,136.0,2.4285714285714284,8.627960908703765,0,0.0,1.0,4,146.0,0.5551739530028178,2,19.0,0.7770742880615606,0,0.0,0.9408389445638785,6,165.0
2035.0,9,172.0,3.0714285714285716,7.893896190861834,0,0.0,1.0,7,174.0,0.30132624053281987,2,29.0,0.7581301602175109,0,0.0,0.9687744850846577,9,203.0
2040.0,10,201.0,3.7222222222222223,6.799361279379129,0,0.0,1.0,10,220.0,0.13136706584869678,0,9.0,0.8680627785676416,0,0.0,0.9623785198347276,10,229.0
2045.0,12,256.0,4.923076923076923,6.648592209379695,0,0.0,0.8664753152086192,11,285.0,0.20106855909637264,0,0.0,0.9323937624051039,0,0.0,0.9384458973337497,11,285.0
2050.0,10,277.0,5.226415094339623,6.300908335126575,0,0.0,0.24980757805363984,8,302.0,0.34527890285052965,0,0.0,0.7884423877259186,1,3.0,0.3480137509681375,9,305.0
2055.0,12,321.0,5.836363636363636,6.486294637403198,0,0.0,0.6108586530210436,9,339.0,0.3348830644212088,1,2.0,0.47181981268039025,2,13.0,0.43450123237140104,12,354.0
2060.0,13,368.0,6.456140350877193,6.81922820481148,0,0.0,1.0,11,389.0,0.20588846203126235,2,15.0,0.6178427312522591,0,9.0,0.5221048148634679,13,413.0
2065.0,16,437.0,7.5344827586206895,6.671571520392273,0,0.0,0.863512669505915,12,445.0,0.19433651362479623,4,34.0,0.393133254642274,0,0.0,0.9907898791262733,16,479.0
2070.0,16,236.0,4.0,6.5456290528558085,1,1.0,0.003582261774317591,8,348.0,0.24576996397834097,7,61.0,0.1968779767879359,0,0.0,0.9962147447132356,16,410.0
2075.0,11,101.0,1.6833333333333333,7.187784640776857,1,5.0,9.545693452251819e-06,2,157.0,0.3764923725792089,8,100.0,0.2041370418198656,0,0.0,0.9486907780206175,11,262.0
2080.0,13,160.0,2.857142857142857,7.450481068061031,1,10.0,0.0,3,50.0,0.3676992072178519,9,145.0,0.23835235001431263,0,0.0,0.9587206309867792,13,205.0
2085.0,11,163.0,3.196078431372549,7.334648590736055,1,15.0,0.0,3,37.0,0.2467514677950336,7,157.0,0.26813853304421037,0,0.0,0.9452730252349624,11,209.0
2090.0,7,129.0,2.6875,7.1212482928633385,1,20.0,0.0,0,0.0,0.13303390184120756,6,137.0,0.29563209751131203,0,0.0,0.975557146425929,7,157.0
2095.0,8,168.0,3.7333333333333334,7.297793977185866,1,25.0,0.0,0,0.0,0.8030279487492292,7,151.0,0.35114453186660183,0,0.0,0.5070225487901366,8,176.0
2100.0,8,208.0,4.9523809523809526,7.108296463526513,1,30.0,0.0,0,0.0,0.9049810278146336,7,189.0,0.39909649517274554,0,0.0,0.9974541801942644,8,219.0
2105.0,9,249.0,5.533333333333333,7.348406256377323,1,35.0,0.0,1,1.0,0.6418730634588818,7,227.0,0.3618926010374623,0,0.0,0.9632951211366244,9,263.0
2110.0,2,52.0,1.1063829787234043,7.597660674588627,0,0.0,1.0,1,6.0,0.6633264573591199,1,94.0,0.4924471876152353,0,0.0,0.8195412169150265,2,100.0
2115.0,3,65.0,1.3265306122448979,7.915439258681104,0,6.0,0.5910603671666241,2,20.0,0.49200207926799544,1,54.0,0.5468033361166756,0,0.0,0.9251182283651691,3,80.0
2120.0,4,84.0,1.9090909090909092,8.430297330245766,0,0.0,0.9519602107433869,3,37.0,0.5641889846376472,1,59.0,0.6490100348932445,0,0.0,0.9735152459669718,4,96.0
2125.0,4,104.0,2.4186046511627906,8.521723807713027,0,0.0,1.0,3,60.0,0.5786234662650914,1,61.0,0.5611275301027702,0,0.0,0.9728706503725842,4,121.0
2130.0,10,140.0,3.111111111111111,7.501067055914542,0,0.0,1.0,4,71.0,0.5936878363871481,1,66.0,0.4722364890904558,1,1.0,0.6291406791884112,6,138.0
2135.0,11,191.0,4.2444444444444445,7.48749356279755,0,0.0,1.0,5,92.0,0.5451413341722061,1,71.0,0.63054413410058,1,6.0,0.32205179271369305,7,169.0
2140.0,13,253.0,5.5,7.099759066245759,0,0.0,1.0,5,117.0,0.4808119166555418,1,76.0,0.6513783081735255,2,15.0,0.31185026065069393,8,208.0
2145.0,9,229.0,5.088888888888889,6.844925317916241,0,0.0,1.0,5,115.0,0.217990708053332,1,81.0,0.6174340145401064,2,25.0,0.48866230508693753,8,221.0
2150.0,13,270.0,6.0,6.4560234801454754,0,0.0,1.0,5,140.0,0.08602989573693474,3,89.0,0.40151612115227786,3,37.0,0.2470621406953913,11,266.0
2155.0,11,316.0,7.022222222222222,6.5612135532041655,0,0.0,1.0,5,165.0,0.15192176569165697,3,102.0,0.37500173546507504,3,52.0,0.24564594214523178,11,319.0
2160.0,11,371.0,8.065217391304348,7.055749115658812,0,3.0,0.5838513483101965,5,190.0,0.16453001320892088,3,117.0,0.38840212181009004,3,67.0,0.24925712899664806,11,377.0
2165.0,11,426.0,8.52,6.72352396119903,0,3.0,0.012038767862740713,5,215.0,0.27228438788932846,3,132.0,0.3904683515461295,3,82.0,0.05727896049607082,11,432.0
2170.0,13,398.0,8.46808510638298,6.207156135054511,1,8.0,0.0,6,241.0,0.14328048239521515,3,157.0,0.47051179146362365,0,33.0,0.3646870830430635,10,439.0
2175.0,14,463.0,10.522727272727273,5.845042686668131,1,13.0,0.0,7,271.0,0.12010838815028574,3,180.0,0.3909016222491989,0,0.0,0.9528102537321194,11,464.0
2180.0,20,543.0,11.804347826086957,4.894850187032364,1,18.0,0.0,6,301.0,0.28126282437379957,9,208.0,0.024332539775854704,0,0.0,0.9633654663076792,16,527.0
2185.0,21,616.0,13.688888888888888,4.504281023774856,0,0.0,1.0,7,334.0,0.2553841558847956,11,263.0,1.0065127530869062e-05,0,0.0,0.977432333500984,18,597.0
2190.0,23,728.0,15.48936170212766,3.947720310352184,0,0.0,1.0,8,383.0,0.17681318780054459,11,318.0,0.06299749123397932,0,0.0,0.9862819952886857,19,701.0
2195.0,17,714.0,14.571428571428571,4.4664596888395725,0,0.0,1.0,7,388.0,0.11810964747878805,5,277.0,0.12064979819830712,0,0.0,0.9672524752678004,12,665.0
2200.0,15,715.0,14.3,5.713886363644739,0,6.0,0.6024872737681752,8,422.0,0.2194116459105382,5,288.0,0.35906129010960053,0,0.0,0.9550070601935168,13,716.0
2205.0,15,754.0,14.5,6.168397525026472,1,7.0,0.016551916315943514,8,459.0,0.3421966964204986,5,319.0,0.4270024684687637,1,1.0,0.6379559684414399,15,786.0
2210.0,18,841.0,16.49019607843137,5.89098210638303,2,17.0,4.430524729047823e-05,8,499.0,0.36600961368188517,7,412.0,0.3155265481012869,1,6.0,0.6407383543364165,18,934.0
2215.0,19,859.0,16.20754716981132,5.746736321068169,2,27.0,0.0,8,539.0,0.3852234471220048,8,429.0,0.28206439783882353,0,0.0,0.9535506965157218,18,995.0
2220.0,16,921.0,16.745454545454546,6.504269341434178,2,37.0,0.0,9,581.0,0.3717277557065592,5,419.0,0.3337433965183035,0,0.0,0.9874291683193205,16,1037.0
2225.0,18,1006.0,18.29090909090909,6.025206047565769,2,47.0,0.01952926599392282,9,626.0,0.3868260757150056,7,376.0,0.2429380816087979,0,0.0,0.9226864642267141,18,1049.0
2230.0,22,1109.0,19.803571428571427,5.2192772277455495,3,62.0,6.107584548158315e-05,12,679.0,0.2303908000807399,7,390.0,0.20104850499909938,0,0.0,0.9078984644560268,22,1131.0
2235.0,23,1195.0,19.916666666666668,4.45148489499556,3,77.0,0.0,9,695.0,0.28446318600650755,10,434.0,0.002269504133639704,0,0.0,0.8443935686707159,22,1206.0
2240.0,25,1314.0,21.9,4.813606234963148,3,92.0,0.0,9,740.0,0.3163480143068179,11,486.0,0.08688202867160354,1,2.0,0.6316338753417688,24,1320.0
2245.0,24,1427.0,24.1864406779661,5.378789391230164,3,107.0,0.0,9,785.0,0.27703833961351637,11,544.0,0.28903057985870606,1,7.0,0.6443780148564339,24,1443.0
2250.0,22,1436.0,24.75862068965517,4.856086279636136,0,4.0,0.04513605100271502,10,835.0,0.2685560756453282,11,599.0,0.16796390123843213,1,12.0,0.6371378413265218,22,1450.0
2255.0,19,995.0,16.864406779661017,4.815254126889939,0,0.0,1.0,6,593.0,0.23828568257326802,12,660.0,0.17377587694255878,1,17.0,0.27415528757064445,19,1270.0
2260.0,17,744.0,13.285714285714286,5.9837591736104505,0,0.0,1.0,2,138.0,0.3608584929999029,12,717.0,0.13468545601562545,3,31.0,0.24730280501269575,17,886.0
2265.0,18,833.0,14.875,6.484215195011119,0,0.0,1.0,2,15.0,0.322666312604507,12,777.0,0.21634696336196113,4,50.0,0.18774910745674284,18,842.0
2270.0,19,924.0,16.210526315789473,5.966226201235239,0,0.0,1.0,2,25.0,0.19537373450293335,13,838.0,0.19998086374352272,4,70.0,0.17277052694113637,19,933.0
2275.0,13,746.0,13.321428571428571,5.6891671815353675,0,0.0,1.0,3,57.0,0.35847805387819504,6,659.0,0.32084173900914503,4,90.0,0.23624908844509054,13,806.0
2280.0,10,706.0,13.320754716981131,6.364101309696091,0,6.0,0.5766024542050785,3,81.0,0.614657036302215,6,650.0,0.38885967109203673,0,23.0,0.4003132530580468,9,760.0
2285.0,10,748.0,14.384615384615385,6.246751372071013,1,11.0,0.1751973977093749,3,75.0,0.6001533804888339,6,689.0,0.4404682893897858,0,0.0,0.968964544419841,10,775.0
2290.0,13,811.0,15.30188679245283,5.880599795451235,3,25.0,0.015279099956083512,4,94.0,0.5556272858840252,6,707.0,0.3921389979387311,0,0.0,0.9774295086169826,13,826.0
2295.0,10,405.0,7.5,6.273169165083284,4,42.0,0.003035991715140475,2,16.0,0.740595629155852,4,505.0,0.39534794371297216,0,0.0,0.974552418523174,10,563.0
2300.0,8,82.0,1.5471698113207548,7.287616745768843,5,67.0,0.0005877036982208841,2,26.0,0.7505459628044561,1,225.0,0.4465419643568495,0,0.0,0.9480674098278672,8,318.0
2305.0,11,129.0,2.4339622641509435,7.821930109371206,5,92.0,8.985042562819274e-05,2,36.0,0.7549843940601704,3,63.0,0.6280425001225443,0,0.0,0.9931365544365498,10,191.0
2310.0,11,184.0,3.4074074074074074,7.518606574465569,5,117.0,9.056232980770617e-06,2,46.0,0.6853525744279974,3,32.0,0.6313876447692804,0,0.0,0.9506992636782335,10,195.0
2315.0,11,206.0,3.814814814814815,6.306093573961916,5,142.0,1.984081432500933e-06,2,56.0,0.5265656685149607,2,11.0,0.6505865922485797,0,0.0,0.9967509067278273,9,209.0
2320.0,15,278.0,5.450980392156863,5.852771980815702,5,173.0,0.14781121651439183,4,77.0,0.3772020479748996,2,21.0,0.6491216636173668,0,0.0,0.9917038742795503,11,271.0
2325.0,22,372.0,6.642857142857143,4.906436935839273,8,211.0,3.1786778635354364e-05,5,98.0,0.39436313882720053,2,31.0,0.6467898947911218,0,0.0,0.9801717456731821,15,340.0
2330.0,23,476.0,8.5,4.535773946982075,8,251.0,0.0,7,127.0,0.2968277008967754,2,35.0,0.4084134471410833,0,0.0,0.8374438933313803,17,413.0
2335.0,20,444.0,8.072727272727272,4.5964272938208515,8,291.0,0.020034833094173022,5,69.0,0.3611413794172551,1,21.0,0.6848812402819191,1,2.0,0.49865282749767254,15,383.0
2340.0,18,443.0,8.358490566037736,5.193759999287682,9,332.0,0.003789437160440821,5,94.0,0.430363848379875,1,26.0,0.3815007555901978,1,7.0,0.6515557804473534,16,459.0
2345.0,21,528.0,9.777777777777779,4.94948527029704,10,377.0,0.0006835048313172693,6,117.0,0.35553025460767695,4,42.0,0.19609655357771955,1,12.0,0.48319861478926646,21,548.0
2350.0,17,301.0,5.280701754385965,4.805930761282688,4,219.0,0.019798817541617504,6,158.0,0.237369741581735,5,63.0,0.1542491314171528,2,20.0,0.4778209409199397,17,460.0
2355.0,13,291.0,5.105263157894737,5.152312136632659,0,85.0,0.2590885935340938,6,188.0,0.2995916514311559,5,110.0,0.17874407331495062,2,30.0,0.2874412846735631,13,413.0
2360.0,19,371.0,6.396551724137931,5.672346821898205,0,12.0,0.3935796478783515,8,210.0,0.1909042903386917,7,142.0,0.1186631965103423,3,44.0,0.22167336176364358,18,408.0
2365.0,19,464.0,8.140350877192983,6.086560641758532,0,0.0,1.0,9,254.0,0.15290228388699756,7,177.0,0.18177456022046673,3,59.0,0.28862192289021393,19,490.0
2370.0,22,567.0,9.947368421052632,5.856478177856837,0,0.0,1.0,10,302.0,0.14843805663900855,8,214.0,0.18438309998042568,4,77.0,0.18011355920320313,22,593.0
2375.0,16,488.0,8.413793103448276,5.839338492022886,0,0.0,1.0,10,352.0,0.09078727198928073,6,192.0,0.22741376599268706,0,18.0,0.5129355697178856,16,562.0
2380.0,15,537.0,9.258620689655173,6.586241521473987,0,0.0,1.0,10,405.0,0.1997177551102183,5,170.0,0.33624100275265656,0,0.0,0.9763936550383656,15,575.0
2385.0,19,619.0,11.679245283018869,6.0910876129208855,0,0.0,1.0,10,459.0,0.21778873825394943,9,202.0,0.09262228047159254,0,0.0,0.9568907590421807,19,661.0
2390.0,20,717.0,13.528301886792454,5.854939652368985,0,0.0,1.0,10,508.0,0.20295469605636093,10,250.0,0.1493575636575746,0,0.0,0.951907718266233,20,758.0
2395.0,5,168.0,3.0,5.551954164028601,0,0.0,1.0,2,173.0,0.41446675020247764,3,146.0,0.15844657080277602,0,0.0,0.9639446357208236,5,319.0
2400.0,7,161.0,2.9814814814814814,6.671834077108439,0,3.0,0.5604366685692312,1,81.0,0.5602233590162964,6,150.0,0.22696070711159438,0,0.0,0.6322508176368653,7,234.0
2405.0,11,204.0,3.849056603773585,6.975781617381086,2,8.0,0.0031601813893004324,1,50.0,0.8134871238727438,6,189.0,0.3806264146291549,2,6.0,0.32894682271152076,11,253.0
2410.0,11,259.0,4.886792452830188,7.348491751642056,2,18.0,0.0,1,55.0,0.8244925339114886,6,219.0,0.4292289651949041,2,16.0,0.4617955331217978,11,308.0
2415.0,13,272.0,4.857142857142857,6.882260635350854,2,28.0,0.0,2,14.0,0.6622874750708972,6,249.0,0.43276927837752566,2,26.0,0.4815756801296443,12,317.0
2420.0,13,296.0,5.016949152542373,6.774774702987,2,38.0,0.0,4,21.0,0.5314198692627765,6,276.0,0.4692902955123179,0,15.0,0.6234256139292617,12,350.0
2425.0,12,355.0,6.228070175438597,7.039939762242955,2,48.0,0.0,4,41.0,0.5185421864444881,6,309.0,0.522210123953678,0,0.0,0.9295478544076702,12,398.0
2430.0,14,420.0,7.636363636363637,6.0025056322545804,2,58.0,0.0,4,61.0,0.3430443513563942,8,344.0,0.2879842056136954,0,0.0,0.9535476994564972,14,463.0
2435.0,14,311.0,5.553571428571429,5.184145038855651,2,68.0,0.0,3,39.0,0.08920259761185456,9,317.0,0.17559767180762081,0,0.0,0.9446914869098199,14,424.0
2440.0,11,184.0,3.2857142857142856,6.414369256428925,2,81.0,0.26811062304197597,3,54.0,0.38077453195931726,6,187.0,0.25544062344061724,0,0.0,0.9694725196833855,11,322.0
2445.0,13,245.0,4.375,6.3888829515106105,3,93.0,0.17508085249137328,3,69.0,0.47951006156651105,7,143.0,0.2928146529427167,0,0.0,0.5032921964812046,13,305.0
2450.0,21,334.0,5.859649122807017,5.598249823131627,4,110.0,0.10980117785188774,4,85.0,0.45216030633829235,11,154.0,0.20606988620019487,1,5.0,0.5418415273668221,20,354.0
2455.0,21,439.0,7.568965517241379,5.391682794012399,4,131.0,0.0410802995566508,4,105.0,0.48232288450739985,11,209.0,0.14253645453941763,1,10.0,0.5589688878011273,20,455.0
2460.0,14,325.0,5.603448275862069,5.210963388100859,5,155.0,3.5113151477890893e-06,4,125.0,0.27168840312073794,2,99.0,0.33904825305722713,2,18.0,0.30710780061211107,13,397.0
2465.0,12,348.0,6.566037735849057,5.933585147464559,5,186.0,0.15184191755903223,5,156.0,0.26700073993537254,0,29.0,0.6597934284990721,2,28.0,0.3227577189155293,12,399.0
2470.0,13,411.0,7.472727272727273,5.900999156648616,5,214.0,0.01920173553604485,5,184.0,0.4853952367460847,1,19.0,0.5561551265562921,2,38.0,0.4844366541753199,13,455.0
2475.0,10,294.0,5.25,5.7764575388760875,5,240.0,0.015432294725839025,1,89.0,0.5142765087107797,1,24.0,0.7170213853979609,2,48.0,0.46855439625757667,9,401.0
2480.0,14,343.0,6.236363636363636,5.866839855857111,8,277.0,0.005099634762596233,1,14.0,0.7812029765722551,1,29.0,0.4525467879432505,2,58.0,0.27873883163748486,12,378.0
2485.0,19,409.0,7.051724137931035,5.652570164540486,11,329.0,0.004464718052725141,2,19.0,0.6734907612421178,3,39.0,0.25939571905774644,3,68.0,0.1928574557561114,19,455.0
2490.0,23,505.0,8.559322033898304,5.100081033868485,11,383.0,0.0014292474700073339,2,27.0,0.6137894256777293,5,59.0,5.508966648939914e-05,4,83.0,0.08423923851994523,22,552.0
2495.0,17,263.0,4.5344827586206895,4.651544175830819,6,204.0,0.019620808180673164,0,7.0,0.7495492221073017,5,84.0,0.0,4,103.0,0.15806957366879795,15,398.0
2500.0,11,222.0,3.9642857142857144,5.8820030082830845,0,98.0,0.18949318160268988,1,9.0,0.7028490861045633,4,91.0,0.0,4,123.0,0.18822062836674885,9,321.0
2505.0,5,102.0,1.728813559322034,7.275392279374867,0,40.0,0.5106723582920548,1,14.0,0.6724340451279188,4,117.0,0.3183923824781124,0,18.0,0.40061316473167974,5,189.0
2510.0,6,131.0,2.2203389830508473,7.986661431764305,0,0.0,1.0,2,23.0,0.4761114425250875,4,146.0,0.4369557152102307,0,0.0,0.82311518376263,6,169.0
2515.0,7,139.0,2.396551724137931,7.597979415911345,0,0.0,1.0,0,0.0,0.973447888507971,7,170.0,0.34010084070577423,0,0.0,0.9344946005269095,7,170.0
2520.0,2,70.0,1.2280701754385965,7.371237363505087,0,0.0,1.0,0,0.0,0.6686679218042317,2,73.0,0.43867908165118613,0,0.0,0.9683733265044345,2,73.0
2525.0,4,89.0,1.5614035087719298,7.876155418844741,0,3.0,0.7930300845884706,1,5.0,0.3539575344693228,2,83.0,0.5811287698289871,0,0.0,0.9585358183196152,3,91.0
2530.0,6,110.0,2.2,7.556837681941236,1,8.0,0.02908257310324507,2,19.0,0.6435563886753575,2,93.0,0.48026477304873116,0,0.0,0.5972158125121453,5,120.0
2535.0,7,125.0,2.7777777777777777,6.952998946207188,2,18.0,0.07021662545686798,1,14.0,0.8193799761969355,2,103.0,0.471940115138306,1,3.0,0.483843053882191,6,138.0
2540.0,7,155.0,3.369565217391304,7.1175671156160325,2,28.0,0.01122932953855983,1,19.0,0.7245058299717051,3,115.0,0.2359794765814996,1,8.0,0.6475034199229084,7,170.0
2545.0,8,169.0,3.5208333333333335,7.215121923792936,0,2.0,0.07743283742003894,2,28.0,0.7263341976008065,3,133.0,0.20173286172714486,1,13.0,0.4949901801557277,6,176.0
2550.0,8,195.0,3.979591836734694,7.3138150698526285,0,0.0,1.0,2,35.0,0.6888144563463966,4,152.0,0.18909316162979653,0,0.0,0.8941784761114489,6,187.0
2555.0,9,238.0,4.958333333333333,7.800503206712466,0,0.0,1.0,2,42.0,0.6475594961813759,4,176.0,0.38719581742235115,0,0.0,0.9415286424507399,6,218.0
2560.0,8,208.0,4.078431372549019,7.286897943721926,0,0.0,1.0,2,20.0,0.4721759502407121,5,197.0,0.24049724745509432,0,0.0,0.950724156972262,7,217.0
2565.0,10,104.0,2.0,6.550301391376194,0,0.0,1.0,4,39.0,0.2338694944703934,4,147.0,0.2798723097997849,0,0.0,0.9354001385191455,8,186.0
2570.0,13,166.0,3.1923076923076925,5.988137122755101,0,3.0,0.9820940233620677,6,67.0,0.2955888451001189,4,90.0,0.253604636422774,0,0.0,0.9309938657055699,10,160.0
2575.0,16,237.0,4.74,5.496214728312013,1,6.0,0.0,6,97.0,0.35214596412876065,5,113.0,0.24214083902825434,1,1.0,0.6322718979522279,13,217.0
2580.0,18,322.0,6.44,5.406113764896178,1,11.0,0.0,7,130.0,0.3436448185310308,6,142.0,0.2133982784767089,1,6.0,0.5771876422528325,15,289.0
2585.0,9,181.0,3.549019607843137,4.926908515723157,1,16.0,0.0,3,86.0,0.3875883993374009,0,26.0,0.3175675855106684,1,11.0,0.46011231748605913,5,139.0
2590.0,9,154.0,2.9615384615384617,5.5158866326532365,1,24.0,0.4463797261769735,3,104.0,0.35212385066477825,0,10.0,0.23682458826036298,2,21.0,0.515775423867367,6,159.0
2595.0,9,177.0,3.4038461538461537,6.355340892615941,2,33.0,0.10770785871970243,4,127.0,0.48649742325793327,0,6.0,0.89507361941797,2,31.0,0.5694321281468439,8,197.0
2600.0,12,225.0,4.245283018867925,6.304386199249653,3,48.0,0.018131260882807296,4,147.0,0.5292687617286478,0,6.0,0.9463937023548945,3,43.0,0.4538270085982273,10,244.0
2605.0,8,218.0,4.1923076923076925,6.294018542927717,4,66.0,0.003038376670448772,4,167.0,0.5251124712147162,0,6.0,0.9775732714473446,0,0.0,0.9013474592962237,8,239.0
2610.0,9,262.0,5.038461538461538,6.919546668289437,5,90.0,0.0005582934615875729,4,187.0,0.5297807131042815,0,12.0,0.8443546964129968,0,0.0,0.9118768821175269,9,289.0
2615.0,7,207.0,3.980769230769231,6.351978589538195,0,23.0,0.054494050888976936,5,210.0,0.47220977471098546,2,12.0,0.46632017902733175,0,0.0,0.9750146013260081,7,245.0
2620.0,10,255.0,4.903846153846154,6.2352351574314415,0,0.0,1.0,5,235.0,0.3122676719627193,4,30.0,0.3188007814031979,0,0.0,0.9385078368203379,9,265.0
2625.0,16,326.0,6.150943396226415,5.436816693908017,0,0.0,1.0,7,269.0,0.264081163534905,6,57.0,0.0042286563131416505,0,0.0,0.9537187333687267,13,326.0
2630.0,14,346.0,6.178571428571429,5.064280736023677,0,0.0,1.0,8,305.0,0.19796958490485428,1,27.0,0.03646277380454039,0,0.0,0.9176407728669687,9,332.0
2635.0,13,376.0,6.714285714285714,6.167890983814023,0,9.0,0.610799058063787,9,355.0,0.28313086845004876,0,13.0,0.4273177772706598,1,1.0,0.49842209535273047,10,378.0
2640.0,15,443.0,7.910714285714286,7.012715656871257,0,0.0,1.0,11,409.0,0.3461349913857487,0,0.0,1.0,1,6.0,0.4965477703921309,12,415.0
2645.0,14,479.0,9.392156862745098,6.840712350695399,0,0.0,1.0,12,466.0,0.3100219764156077,0,7.0,0.6425157729463598,0,0.0,0.9998974711873625,12,473.0
2650.0,10,176.0,3.450980392156863,7.042293397586245,0,0.0,1.0,9,332.0,0.37131944397987887,1,13.0,0.6177081419673732,0,0.0,0.9784201084767863,10,345.0
2655.0,6,164.0,3.215686274509804,7.980326720868895,0,0.0,1.0,5,186.0,0.42338537319667785,1,18.0,0.4357567005828539,0,0.0,0.9859393834610846,6,204.0
2660.0,8,202.0,4.04,8.06451828933525,0,0.0,1.0,5,196.0,0.32391940014503623,3,34.0,0.48786489859362764,0,0.0,0.919381550115509,8,230.0
2665.0,12,246.0,4.92,7.27528471715879,0,0.0,1.0,9,229.0,0.16684730249063895,3,49.0,0.49022300135231356,0,0.0,0.9676079394244188,12,278.0
2670.0,12,303.0,6.06,6.903620936266619,0,0.0,1.0,9,271.0,0.10959191637571261,3,64.0,0.5326267450068437,0,0.0,0.9596251219804763,12,335.0
2675.0,17,376.0,7.52,5.874121161977004,0,0.0,1.0,11,322.0,0.16700482115947884,3,79.0,0.5403385657811907,1,1.0,0.6127259549091829,15,402.0
2680.0,17,419.0,8.215686274509803,5.448303869761381,0,0.0,1.0,11,377.0,0.19773570218342182,1,43.0,0.6212373621684134,1,6.0,0.35957401335704936,13,426.0
2685.0,20,514.0,10.07843137254902,5.2847889221217255,0,0.0,1.0,11,435.0,0.2128726838552931,2,53.0,0.6774997859784984,2,15.0,0.4787205914947053,15,503.0
2690.0,22,616.0,11.846153846153847,5.304166538323857,0,0.0,1.0,12,494.0,0.2327042066532198,2,60.0,0.6105843772212924,3,26.0,0.24480723785562888,17,580.0
2695.0,22,726.0,14.235294117647058,4.956871174924281,0,0.0,1.0,12,554.0,0.23320956108501145,2,70.0,0.5576295824699882,3,41.0,0.2387816071095605,17,665.0
2700.0,23,773.0,14.584905660377359,4.5623100264280625,0,0.0,1.0,13,616.0,0.17919819837353274,3,81.0,0.3777739133197392,3,56.0,0.2347698449062392,19,753.0
2705.0,21,781.0,14.2,4.522405101604761,0,0.0,1.0,13,681.0,0.22801384161099783,1,30.0,0.44132192431155187,3,71.0,0.15869293930604572,17,782.0
2710.0,7,137.0,2.5849056603773586,5.050911180107764,0,0.0,1.0,4,297.0,0.3608074438548326,2,15.0,0.5050233177046695,0,28.0,0.33456798385365893,6,340.0
2715.0,4,53.0,1.0,6.1335916338086705,0,0.0,1.0,1,117.0,0.5157940618523759,2,32.0,0.4732082242835362,0,0.0,0.9811807860652147,3,149.0
2720.0,7,72.0,1.263157894736842,6.7146904665357345,0,0.0,1.0,1,34.0,0.7608031663904639,6,57.0,0.3238390376071135,0,0.0,0.9734876114348033,7,91.0
2725.0,10,114.0,1.9655172413793103,7.378623921011733,0,0.0,1.0,1,62.0,0.700679339726404,9,94.0,0.4159646302091904,0,0.0,0.954023814825393,10,156.0
2730.0,5,87.0,1.5,7.593871534118234,0,0.0,1.0,1,44.0,0.7844934064153719,3,61.0,0.6057019957277283,1,1.0,0.4877835897597105,5,106.0
2735.0,5,104.0,1.7627118644067796,8.34040118261022,0,0.0,1.0,1,58.0,0.6341673819993262,3,67.0,0.6586442099274055,1,6.0,0.46361975332123584,5,131.0
2740.0,7,135.0,2.4107142857142856,8.44811462831103,0,0.0,1.0,3,69.0,0.6158364499570768,3,76.0,0.6710284108603377,1,11.0,0.39744405828266177,7,156.0
2745.0,8,172.0,3.3076923076923075,8.18385286340474,0,0.0,1.0,4,86.0,0.4634316048326867,3,88.0,0.6367099875995685,1,5.0,0.5165434236882255,8,179.0
2750.0,8,132.0,2.588235294117647,7.642364123660736,0,0.0,0.40081587372527844,3,39.0,0.543361189700547,5,102.0,0.3490831401221721,0,0.0,0.9448488950152087,8,141.0
2755.0,13,186.0,3.4444444444444446,6.100054297855818,2,8.0,7.084284256036875e-05,3,54.0,0.6045198158146644,6,135.0,0.2244330431657926,0,0.0,0.9154788711453825,11,197.0
2760.0,11,226.0,4.346153846153846,6.258144434899377,0,0.0,1.0,3,72.0,0.5557693328370602,8,172.0,0.16055195925707635,0,0.0,0.961028020485809,11,244.0
2765.0,14,288.0,5.333333333333333,6.243678388692505,0,0.0,1.0,5,88.0,0.22142531641162636,9,215.0,0.14832060379655468,0,0.0,0.9411953363618387,14,303.0
2770.0,10,268.0,4.785714285714286,6.530626573386409,0,0.0,1.0,6,114.0,0.12887422574287563,4,173.0,0.18627192875725315,0,0.0,0.9871895610310603,10,287.0
2775.0,10,316.0,5.448275862068965,6.724071825787828,0,9.0,0.6280761558653495,6,165.0,0.2221802758879375,4,183.0,0.3112343396557125,0,0.0,0.6298096426060038,10,357.0
2780.0,13,377.0,6.5,7.161315118947417,0,0.0,0.8143096964751871,8,185.0,0.2804606086908881,4,200.0,0.15736015884802276,1,5.0,0.47313129289606676,13,390.0
2785.0,16,449.0,7.741379310344827,7.0056928566820496,2,3.0,0.002269822306810602,8,225.0,0.323549528515842,5,224.0,0.04769668975359127,1,10.0,0.644058165066936,16,462.0
2790.0,7,209.0,3.732142857142857,6.776541941106156,2,13.0,0.0,0,37.0,0.6669062724212654,5,199.0,0.010720298783807083,0,0.0,0.918011078781594,7,249.0
2795.0,7,244.0,4.280701754385965,7.494726599360123,2,26.0,0.3138015246590415,0,6.0,0.9153214359512817,5,224.0,0.08662362418066193,0,0.0,0.9726779699474306,7,256.0
2800.0,11,284.0,4.982456140350878,7.202335003025335,3,38.0,1.8203774950763945e-05,0,3.0,0.9500661219465704,6,259.0,0.4013694429932027,0,0.0,0.944610353158748,9,300.0
2805.0,7,281.0,5.203703703703703,7.3651881505247765,0,9.0,0.042001420954376686,0,0.0,0.8674799496710198,7,293.0,0.3822231021035985,0,0.0,0.9254295125397725,7,302.0
2810.0,6,298.0,5.228070175438597,8.038273768143318,0,0.0,1.0,0,0.0,0.9319299833125397,6,305.0,0.5295321952459049,0,0.0,0.9651185461056354,6,305.0
2815.0,7,330.0,6.111111111111111,7.448059593847388,0,0.0,1.0,0,3.0,0.8312426880750312,7,334.0,0.36801846207089545,0,0.0,0.9499734017795148,7,337.0
2820.0,11,376.0,6.962962962962963,6.825008413199857,0,0.0,1.0,2,12.0,0.5972577629397754,8,373.0,0.3086963611158854,1,1.0,0.4716482242064135,11,386.0
2825.0,13,439.0,8.442307692307692,7.115415331677034,0,0.0,0.9901434887153004,3,27.0,0.6273853071283747,9,413.0,0.1703994639596915,1,6.0,0.47710220510545026,13,446.0
2830.0,13,476.0,8.814814814814815,6.198972302712418,0,0.0,0.2180797088952817,4,44.0,0.49373503420468506,8,444.0,0.21901236579641617,1,11.0,0.31410446852557,13,499.0
2835.0,16,553.0,10.433962264150944,6.139831213719204,1,4.0,0.0004372987950713239,5,72.0,0.5012013147353965,8,470.0,0.16756670153067157,2,19.0,0.27482139751595586,16,565.0
2840.0,12,565.0,10.865384615384615,6.026635026204308,1,9.0,0.0,2,53.0,0.6124399993387407,9,515.0,0.08394221932089135,0,0.0,0.9372664533292792,12,577.0
2845.0,14,632.0,11.49090909090909,6.406819503166221,1,14.0,0.0,2,57.0,0.5725233395207632,11,573.0,0.09982332983447159,0,0.0,0.9680432822726702,14,644.0
2850.0,11,647.0,11.981481481481481,6.147568274605648,0,0.0,1.0,2,67.0,0.5146503744523535,9,589.0,0.24234085586272772,0,0.0,0.9412604147066753,11,656.0
2855.0,12,704.0,13.037037037037036,6.580683710942277,0,3.0,0.5511626952317467,2,78.0,0.5555479820301433,9,634.0,0.24111610163658312,0,0.0,0.8991173811671704,11,715.0
2860.0,11,683.0,12.648148148148149,6.946404797643645,0,0.0,1.0,0,4.0,0.8254474586387653,9,679.0,0.30000839805841056,1,3.0,0.6876340802619272,10,686.0
2865.0,12,730.0,13.272727272727273,6.877595927627465,0,0.0,1.0,0,1.0,0.7583955447507237,9,721.0,0.24272663739973707,2,10.0,0.5437258719448506,11,732.0
2870.0,12,787.0,15.134615384615385,7.280509218726572,0,0.0,1.0,1,5.0,0.7781353814261278,9,769.0,0.29273711412759806,2,20.0,0.5874873707464827,12,794.0
2875.0,15,851.0,16.056603773584907,6.37112415609371,0,0.0,1.0,1,10.0,0.7226066122682173,9,814.0,0.20497984691166884,4,32.0,0.1901706865845444,14,856.0
2880.0,13,881.0,17.274509803921568,5.70405367712855,0,0.0,1.0,1,15.0,0.611557460696351,11,867.0,0.13948371728618564,1,22.0,0.34745239473856726,13,904.0
2885.0,12,919.0,17.673076923076923,6.0528229003431795,0,0.0,1.0,0,6.0,0.6681792405071948,11,928.0,0.18470720217907288,0,6.0,0.5136454913165114,11,940.0
2890.0,9,943.0,19.244897959183675,5.980216861665728,0,0.0,1.0,0,6.0,0.7985613699720683,9,949.0,0.09080046731819814,0,0.0,0.9437302415447342,9,955.0
2895.0,10,990.0,20.20408163265306,6.762140988116388,0,6.0,0.6279785372489306,1,8.0,0.7505669929256467,9,993.0,0.18739327190868102,0,0.0,0.9869360536987466,10,1007.0
2900.0,12,1043.0,20.86,7.220666936813478,2,9.0,0.15815705402819527,1,5.0,0.7945257557335267,9,1038.0,0.17521903639023406,0,0.0,0.9367230225621773,12,1052.0
2905.0,12,1103.0,22.06,7.242236252981919,2,19.0,0.013125027423746256,1,10.0,0.8056864579098648,9,1083.0,0.17286470426906259,0,0.0,0.9338621061301894,12,1112.0
2910.0,12,1147.0,22.057692307692307,6.9846116607436475,3,30.0,0.0028917869066773846,0,0.0,0.7814401989991218,9,1128.0,0.29604923780963116,0,0.0,0.9365317282700418,12,1158.0
2915.0,15,1214.0,24.775510204081634,6.027714593623061,3,45.0,0.0005320536439080855,1,4.0,0.6646919879550486,10,1174.0,0.15287989064017327,1,2.0,0.485370632920806,15,1225.0
2920.0,18,1298.0,25.45098039215686,5.194675425213311,3,60.0,0.00013768227195524869,3,14.0,0.43817856443184405,11,1228.0,0.015424275051908685,1,7.0,0.6503714199991544,18,1309.0
2925.0,21,1399.0,27.431372549019606,5.031149592543889,3,75.0,1.0907735139215096e-05,3,29.0,0.41250656768388,13,1292.0,0.01184280291859042,2,14.0,0.33450528321756995,21,1410.0
2930.0,19,1470.0,29.4,4.781285556601087,3,90.0,4.6938223676099105e-06,4,45.0,0.26947895354453033,10,1317.0,0.07635020177367506,2,24.0,0.31492302796274146,19,1476.0
2935.0,20,1568.0,28.509090909090908,5.499311883232771,3,108.0,0.14386416259396578,4,68.0,0.36861567664056205,11,1370.0,0.03465711724362546,2,34.0,0.4849549177264057,20,1580.0
2940.0,22,1674.0,30.436363636363637,5.14370207037486,3,126.0,0.015085735538435707,5,92.0,0.3598623509479498,11,1425.0,0.07735891813976041,2,44.0,0.36709153725428495,21,1687.0
2945.0,25,1788.0,31.928571428571427,4.398247414986241,4,146.0,0.004255320699042883,5,117.0,0.285293056129035,12,1482.0,5.8142190676780016e-05,3,57.0,0.2487283667683075,24,1802.0
2950.0,25,1912.0,33.54385964912281,4.269814968281085,5,171.0,0.0009430460931457363,5,142.0,0.2828451380216269,12,1542.0,0.04073789648171254,3,72.0,0.2384139831644229,25,1927.0
2955.0,26,1560.0,25.57377049180328,4.910250385150231,5,196.0,0.00021181644617669382,7,177.0,0.2722591211416093,11,1349.0,0.07782975446695156,3,87.0,0.27736747082100616,26,1809.0
2960.0,23,856.0,14.266666666666667,4.833395847982305,5,221.0,1.4962098429852654e-05,8,211.0,0.20536569129216484,7,970.0,0.07741376745510842,3,102.0,0.2904845047267735,23,1504.0
2965.0,23,711.0,12.05084745762712,4.871028854013589,5,246.0,4.7340219239319725e-06,8,251.0,0.08814964932604114,5,648.0,0.25179032160524867,3,117.0,0.3272603063824558,21,1262.0
2970.0,22,703.0,11.915254237288135,5.2636887251786995,5,271.0,0.0222622941399454,10,300.0,0.08598788736744083,5,266.0,0.3019930116787532,0,4.0,0.6518947200983021,20,841.0
2975.0,20,537.0,8.661290322580646,4.804772194581706,1,101.0,0.023758464912129424,10,350.0,0.1048640838724606,5,163.0,0.1762844223273016,0,0.0,0.9795247938031525,16,614.0
2980.0,21,633.0,10.047619047619047,4.756250185681398,0,0.0,0.34416454675264013,10,400.0,0.09205280335538955,5,182.0,0.04023618634801656,0,0.0,0.9906386588429018,15,582.0
2985.0,24,747.0,12.245901639344263,4.939927327106686,0,0.0,1.0,10,450.0,0.2298689811057683,5,204.0,0.26878123362965956,0,0.0,0.9865170370827019,15,654.0
2990.0,16,342.0,5.2615384615384615,5.164960712531121,0,0.0,1.0,1,158.0,0.5049761815004792,6,230.0,0.00043042055189849407,0,0.0,0.9944152245241995,7,388.0
2995.0,11,296.0,4.484848484848484,6.19078629813997,0,0.0,1.0,0,40.0,0.6677899980047576,6,260.0,0.0,0,0.0,0.5202165863667084,6,300.0
3000.0,8,296.0,4.553846153846154,7.309790029178829,0,0.0,1.0,1,5.0,0.6884117953210797,6,299.0,0.3573293865043494,1,4.0,0.4736562139992352,8,308.0
3005.0,7,179.0,2.8412698412698414,7.612204521334471,0,0.0,1.0,2,15.0,0.6972188799463815,4,239.0,0.5345700119085968,1,9.0,0.4861180608483922,7,263.0
3010.0,3,39.0,0.5909090909090909,7.900263759342973,0,0.0,1.0,2,28.0,0.6345868256153523,0,118.0,0.684633066329994,1,14.0,0.2504177718529231,3,160.0
3015.0,5,63.0,1.0,7.613459180179203,0,0.0,1.0,3,45.0,0.35790749806084154,0,25.0,0.8332210077030819,2,23.0,0.19971196016208592,5,93.0
3020.0,7,69.0,1.1129032258064515,7.116085398062559,0,0.0,1.0,5,69.0,0.403828914613793,0,6.0,0.8618133847646026,0,0.0,0.9147672346160859,5,75.0
3025.0,13,121.0,1.9516129032258065,6.456014718694086,0,0.0,1.0,8,101.0,0.2484293276177794,1,14.0,0.7412090733426782,0,0.0,0.9268530818916004,9,115.0
3030.0,15,127.0,2.1166666666666667,5.687285187811105,0,0.0,1.0,7,80.0,0.2267686814230939,4,23.0,0.35240825925442354,0,0.0,0.9711690998550286,11,103.0
3035.0,16,204.0,3.457627118644068,5.3845078521913345,0,0.0,1.0,7,108.0,0.21713262058802002,5,45.0,0.0348522088851574,0,0.0,0.9625099072301384,12,153.0
3040.0,15,231.0,3.9152542372881354,5.816358413557575,0,0.0,1.0,8,175.0,0.28695223633451333,6,72.0,0.04331058823002884,0,0.0,0.9734760642781547,14,247.0
3045.0,21,325.0,5.078125,4.781607458606738,0,0.0,1.0,9,219.0,0.1753391482416079,8,108.0,0.038423490439639385,0,0.0,0.938739463887704,17,327.0
3050.0,24,416.0,7.0508474576271185,4.458372432093416,0,0.0,1.0,8,215.0,0.21693178700920068,9,149.0,0.11197145085055805,0,0.0,0.9492312715758299,17,364.0
3055.0,21,461.0,7.813559322033898,5.091370755190907,0,0.0,1.0,8,269.0,0.2388280761827547,10,202.0,0.15309321476970303,0,0.0,0.972347993003622,18,471.0
3060.0,19,549.0,9.0,5.4324692732706685,0,0.0,1.0,8,295.0,0.1725519574222597,10,252.0,0.15530510024764518,0,0.0,0.943165124330152,18,547.0
3065.0,10,339.0,5.380952380952381,5.723304760403461,0,0.0,1.0,10,340.0,0.107277816061634,0,91.0,0.41799911305525184,0,0.0,0.7831545137899383,10,431.0
3070.0,11,391.0,6.2063492063492065,6.262346214095729,0,6.0,0.5250097140587816,10,409.0,0.22295221894755687,0,3.0,0.7829271770692262,1,2.0,0.4688924223202605,11,420.0
3075.0,11,444.0,7.0476190476190474,7.261004593093502,0,0.0,0.7224629003610943,11,464.0,0.3097622804100404,0,3.0,0.9484522966093194,0,0.0,0.9427452303814107,11,467.0
3080.0,10,483.0,7.318181818181818,7.045344351509232,0,0.0,0.932182379204808,10,493.0,0.30056538726319104,0,9.0,0.7194176412911444,0,0.0,0.9967301372889719,10,502.0
3085.0,13,539.0,8.044776119402986,7.0912773728655285,1,1.0,0.006047621725097039,10,543.0,0.34583635368665144,1,20.0,0.7310187559615425,0,0.0,0.9957040123849237,12,564.0
3090.0,15,607.0,9.196969696969697,6.621660367665922,1,6.0,1.6231941328035117e-05,10,593.0,0.4122442918188809,2,26.0,0.0980525211581526,0,0.0,0.8258866394511224,13,625.0
3095.0,19,693.0,10.5,6.308185834866588,1,11.0,0.0,11,645.0,0.34175927804744954,3,39.0,1.3628708674580604e-05,0,0.0,0.9487934334883561,15,695.0
3100.0,20,789.0,12.725806451612904,5.326454358360561,1,16.0,0.0,12,717.0,0.30130455622580415,3,54.0,0.0,0,0.0,0.9467033573296099,16,787.0
3105.0,21,870.0,14.5,5.180908237038525,1,21.0,0.0,13,778.0,0.28013461920998745,3,69.0,0.0,1,2.0,0.6424406638284789,18,870.0
3110.0,22,927.0,14.951612903225806,5.164306122804995,1,26.0,0.0,16,854.0,0.18785621523047336,3,84.0,0.0,1,7.0,0.6263631777676277,21,971.0
3115.0,28,1053.0,16.2,4.2704619577089264,1,31.0,0.0,19,941.0,0.05818695698840497,3,99.0,0.0,1,12.0,0.3821913065062844,24,1083.0
3120.0,26,1134.0,17.71875,4.257838696086585,1,36.0,0.0,19,993.0,0.030222266919903776,3,114.0,0.0,0,0.0,0.8778207663513875,23,1143.0
3125.0,25,1222.0,18.8,5.115012925175718,1,41.0,0.0,19,1078.0,0.07089198848248178,3,132.0,0.3292424231584744,0,0.0,0.9993463527563501,23,1251.0
3130.0,26,1270.0,19.53846153846154,5.222436349408736,1,46.0,0.0,20,1177.0,0.08673990711773115,2,110.0,0.35046091012589015,0,0.0,0.9581628545311967,23,1333.0
3135.0,29,1407.0,21.984375,4.691224824243095,1,51.0,0.0,20,1276.0,0.08645291836743059,3,58.0,0.3693059377890902,0,0.0,0.9474657016946999,24,1385.0
3140.0,17,469.0,7.688524590163935,4.236182918482189,1,56.0,0.0,8,687.0,0.15034038552198747,3,73.0,0.39802208089313845,0,0.0,0.582309308467654,12,816.0
3145.0,12,259.0,4.245901639344262,4.979832652855952,1,61.0,0.0,1,353.0,0.3173689760023312,3,88.0,0.356922520519376,1,4.0,0.4711180274172008,6,506.0
3150.0,11,291.0,5.017241379310345,6.469150058793222,1,66.0,0.0,0,113.0,0.6410788705987509,3,112.0,0.5593890903487457,1,9.0,0.4707142383664832,5,300.0
3155.0,9,226.0,3.7666666666666666,7.011137147299308,0,0.0,1.0,0,3.0,0.9081331981554767,1,72.0,0.837085441877283,1,14.0,0.44217990239343835,2,89.0
3160.0,5,146.0,2.433333333333333,7.9496399684729635,0,0.0,1.0,0,6.0,0.8000037692347757,1,77.0,0.86522260193416,1,19.0,0.34654723610593735,2,102.0
3165.0,8,175.0,2.8225806451612905,7.765944661587277,0,0.0,1.0,0,6.0,0.9815979480158634,1,82.0,0.8562329344597056,2,25.0,0.316289853159155,3,113.0
3170.0,6,128.0,2.206896551724138,7.7062354033671525,0,0.0,1.0,0,8.0,0.8607544829026219,1,87.0,0.843280540951667,2,35.0,0.36082586964843394,3,130.0
3175.0,4,130.0,2.3636363636363638,7.199652376966543,0,0.0,1.0,0,8.0,0.9638286133771381,2,94.0,0.5702178038990018,2,45.0,0.30540351061376336,4,147.0
3180.0,5,107.0,1.9814814814814814,6.5924028910579375,0,0.0,1.0,0,5.0,0.7999759459469805,5,116.0,0.38432681964158233,0,15.0,0.345330304584821,5,136.0
3185.0,8,140.0,2.641509433962264,5.826304034426964,0,0.0,1.0,1,9.0,0.7168863697410449,5,144.0,0.17830719735727849,0,0.0,0.5706258547184581,6,153.0
3190.0,9,172.0,3.0714285714285716,5.907257878105274,0,0.0,1.0,1,14.0,0.6451334965001755,7,170.0,0.1978883311803578,0,0.0,0.9375445134593705,8,184.0
3195.0,12,218.0,3.892857142857143,6.229321848730014,0,0.0,1.0,1,16.0,0.4635422362891936,11,213.0,0.13898692655776024,0,0.0,0.9805441206071116,12,229.0
3200.0,14,278.0,4.793103448275862,6.362108413156256,0,0.0,1.0,1,27.0,0.6039549229244354,13,269.0,0.12376467742909095,0,0.0,0.5211918379673603,14,296.0
3205.0,16,352.0,5.866666666666666,5.823931068866175,0,0.0,1.0,1,32.0,0.684599135823996,13,335.0,0.1637248140445843,2,5.0,0.32603183445828715,16,372.0
3210.0,18,435.0,7.131147540983607,5.446206307154387,0,0.0,1.0,3,75.0,0.5066454811133987,13,400.0,0.09544995454515029,1,10.0,0.2793959699998556,17,485.0
3215.0,13,303.0,5.224137931034483,5.015848400639824,0,0.0,1.0,4,150.0,0.40914385146470333,7,322.0,0.08773455317171483,2,18.0,0.3263632227235857,13,490.0
3220.0,12,297.0,5.2105263157894735,5.670561201784796,0,6.0,0.5467481177396469,6,144.0,0.1958581727124688,4,282.0,0.2202981795760051,2,28.0,0.31286682140967387,12,460.0
3225.0,11,283.0,4.879310344827586,6.399921823008123,0,0.0,0.8134465284623703,4,88.0,0.1009053379546004,5,219.0,0.19281869130412418,2,38.0,0.43293563203672636,11,345.0
3230.0,9,307.0,5.116666666666666,7.746788652318986,0,0.0,0.8025089283932347,2,62.0,0.2894177872371163,5,237.0,0.15032033023361593,2,48.0,0.411882667346828,9,347.0
3235.0,7,147.0,2.4098360655737703,8.442469765234687,0,0.0,1.0,2,35.0,0.47976631654897717,3,118.0,0.21777043021955306,2,58.0,0.26170441717006043,7,211.0
3240.0,8,163.0,2.716666666666667,8.140679987797482,0,0.0,1.0,2,45.0,0.46303325736697454,2,49.0,0.43886590519609797,2,68.0,0.239344716163129,6,162.0
3245.0,8,130.0,2.1311475409836067,8.01430478758334,0,0.0,1.0,3,56.0,0.45434843540389663,2,59.0,0.30456788092891623,0,3.0,0.6066989344273124,5,118.0
3250.0,9,171.0,3.0,7.505811721660371,0,0.0,1.0,3,71.0,0.5097498134432266,2,75.0,0.5313524682725702,0,0.0,0.9908517528821685,5,146.0
3255.0,17,230.0,4.2592592592592595,6.085830939982658,0,0.0,1.0,4,89.0,0.37122842595940864,6,90.0,0.1491561521342536,0,0.0,0.9660739904544866,10,179.0
3260.0,16,309.0,5.9423076923076925,5.294096551653933,0,0.0,1.0,4,109.0,0.36071686757453303,6,120.0,0.2226413647251231,0,0.0,0.9706846638215234,10,229.0
3265.0,16,361.0,7.078431372549019,5.293706550764436,0,0.0,1.0,3,100.0,0.49216290759486137,7,153.0,0.18292600039988402,0,0.0,0.9321827044680693,10,253.0
3270.0,20,450.0,8.653846153846153,4.978512908120569,0,0.0,1.0,3,113.0,0.38782931542566557,10,197.0,0.1466092139397892,0,0.0,0.9784998273506512,13,310.0
3275.0,21,549.0,10.764705882352942,4.600327005148242,0,0.0,1.0,4,131.0,0.18305706584391282,11,251.0,0.13296608108957556,0,0.0,0.9425126980427294,15,382.0
3280.0,18,552.0,10.823529411764707,4.31557829293029,0,0.0,1.0,4,154.0,0.14407332773114084,6,212.0,0.20638727277025104,0,0.0,0.9683515559263616,10,366.0
3285.0,15,491.0,9.264150943396226,4.892504091879067,0,3.0,0.583743663918634,4,177.0,0.3418253187957708,6,219.0,0.22054517464119058,0,0.0,0.7289647207805381,10,399.0
3290.0,15,444.0,8.377358490566039,5.378923829291754,1,5.0,0.0008897090864143537,5,203.0,0.5123188541746835,6,237.0,0.1320546583430407,1,3.0,0.4872883351781092,13,448.0
3295.0,17,519.0,9.61111111111111,5.840484557137961,1,10.0,0.0,6,228.0,0.4994340068767399,6,267.0,0.23599737171781188,2,8.0,0.3161330680455357,15,513.0
3300.0,17,597.0,11.48076923076923,5.020843511178678,1,15.0,0.0,5,250.0,0.5201973763889727,6,294.0,0.13312812148246786,1,13.0,0.1596218374577568,13,572.0
3305.0,19,684.0,13.411764705882353,4.628640082447355,1,20.0,0.0,5,275.0,0.4722239399399682,6,324.0,0.0067763669053656096,2,23.0,0.303726392507411,14,642.0
3310.0,19,753.0,14.764705882352942,4.862494811259157,1,25.0,0.0,5,300.0,0.48247373886295214,7,358.0,0.12058222387193693,0,0.0,0.9433088130882241,13,683.0
3315.0,16,748.0,13.6,5.376281087787039,1,30.0,0.0,7,329.0,0.3369573158846241,7,399.0,0.21979733553710687,0,0.0,0.9434618000888402,15,758.0
3320.0,17,823.0,14.963636363636363,4.57821871890161,1,35.0,0.0,9,372.0,0.11422733350417465,7,428.0,0.009532119797083695,0,0.0,0.9579761463816168,17,835.0
3325.0,18,912.0,17.20754716981132,4.84397038360333,1,40.0,0.0,9,417.0,0.15957555905844995,8,467.0,8.427779725619812e-06,0,0.0,0.9556548886749813,18,924.0
3330.0,21,1009.0,18.345454545454544,4.9734731221374435,1,45.0,0.0,12,470.0,0.19696230881148472,8,507.0,0.0,0,0.0,0.9529384971930857,21,1022.0
3335.0,22,1115.0,19.224137931034484,4.8632881198140305,1,50.0,0.0,12,575.0,0.26575446427507643,8,547.0,0.025045489426426686,0,0.0,0.9534790636062974,21,1172.0
3340.0,19,1120.0,18.983050847457626,5.206027661813679,1,55.0,0.0,12,590.0,0.27719327486913825,6,529.0,0.20165942711570015,0,0.0,0.6502251752725168,19,1174.0
3345.0,13,584.0,9.733333333333333,5.48255191992342,1,60.0,0.0,2,227.0,0.3841729422699054,6,505.0,0.14051375922612835,1,3.0,0.39998535746547575,10,795.0
3350.0,14,633.0,10.37704918032787,5.548502210743354,1,65.0,0.0,1,26.0,0.4731821656470567,7,537.0,0.11924462434294517,2,13.0,0.4829047542450855,11,641.0
3355.0,16,712.0,11.483870967741936,6.4868199836797835,1,70.0,0.0,2,33.0,0.6361214445445247,7,581.0,0.366876448477217,2,23.0,0.44630251115013825,12,707.0
3360.0,14,727.0,11.725806451612904,6.815663687959751,1,75.0,0.0,3,45.0,0.5025650286772115,8,620.0,0.4298240402505377,0,14.0,0.6396439824978715,12,754.0
3365.0,14,704.0,11.0,7.126476065700723,0,0.0,1.0,4,45.0,0.31901558800965596,9,668.0,0.4403735149249289,0,0.0,0.9418882959113141,13,713.0
3370.0,15,778.0,11.787878787878787,6.876949240891973,0,0.0,1.0,4,65.0,0.30398339787058787,10,714.0,0.3983609474496331,0,0.0,0.944651890644759,14,779.0
3375.0,17,857.0,13.390625,6.970786554905851,0,0.0,1.0,5,88.0,0.35537630749570964,11,765.0,0.4186585300923377,0,0.0,0.9105446412606817,16,853.0
3380.0,18,928.0,14.5,6.198286614739051,0,0.0,1.0,5,113.0,0.13083899517293154,12,803.0,0.3952993762912352,0,0.0,0.636063028128221,17,916.0
3385.0,23,1035.0,16.693548387096776,5.751108915941394,0,0.0,1.0,7,146.0,0.22047113430594872,13,867.0,0.31517087203279986,2,5.0,0.4842051518164957,22,1018.0
3390.0,25,1154.0,18.612903225806452,4.875119315533391,0,0.0,1.0,7,181.0,0.11558339967038382,15,936.0,0.13422512901352104,2,15.0,0.48046988893012715,24,1132.0
3395.0,23,1148.0,18.516129032258064,4.735920161349437,0,0.0,1.0,3,132.0,0.19460208700348816,16,1014.0,0.13523549725605566,3,27.0,0.24276292043450692,22,1173.0
3400.0,20,812.0,13.096774193548388,5.576169152709889,0,0.0,1.0,2,76.0,0.3120473199916109,14,860.0,0.13811050115272638,3,42.0,0.23495157252288404,19,978.0
3405.0,19,356.0,5.476923076923077,5.921190512167392,0,0.0,1.0,2,89.0,0.5914522314752694,13,597.0,0.1391850547410783,3,57.0,0.35740106335632954,18,743.0
3410.0,19,381.0,5.953125,5.959822948209945,0,0.0,1.0,2,99.0,0.5279350933868616,15,466.0,0.15582451821577625,2,55.0,0.37943219332807093,19,620.0
3415.0,20,477.0,7.338461538461538,5.942221357857683,0,0.0,0.9342333274962583,2,109.0,0.6551687289998466,16,420.0,0.15984788033183783,2,65.0,0.48346130351502936,20,594.0
3420.0,11,281.0,4.390625,5.966401962990201,0,0.0,0.9357743510465858,2,119.0,0.6683345394741355,7,201.0,0.09158732433685864,2,75.0,0.4677202739812356,11,395.0
3425.0,4,153.0,2.3181818181818183,6.98674580839778,0,3.0,0.5607894544644955,2,138.0,0.6795245239002793,2,108.0,0.31504027148046715,0,0.0,0.9527530463129441,4,249.0
3430.0,5,174.0,2.71875,7.032683883355371,1,10.0,0.2854360254919567,2,148.0,0.7698594288793731,2,60.0,0.45385684348385386,0,0.0,0.944971368532337,5,218.0
3435.0,3,48.0,0.7741935483870968,7.386584053305507,0,0.0,0.16598169879309801,0,62.0,0.8590110159674871,2,49.0,0.5610175980405278,1,1.0,0.6031450986101743,3,112.0
3440.0,3,44.0,0.6984126984126984,7.889759852411617,0,0.0,0.24924324456878805,0,23.0,0.8869014774821552,2,43.0,0.6280787674467508,1,6.0,0.7565356965428885,3,72.0
3445.0,7,68.0,1.1147540983606556,7.4510509479540925,0,0.0,0.5019912096935877,2,26.0,0.766302684712,2,53.0,0.6124480265740542,2,14.0,0.4298960630719967,6,93.0
3450.0,8,90.0,1.4754098360655739,7.568549405278725,0,0.0,1.0,2,36.0,0.6920319873772648,3,66.0,0.5417393390632032,0,4.0,0.6676418043359472,5,106.0
3455.0,5,89.0,1.4126984126984128,7.998548557559392,0,0.0,1.0,1,20.0,0.7746453543230385,4,86.0,0.4171166295608814,0,0.0,0.9720271178309139,5,106.0
3460.0,8,94.0,1.4461538461538461,7.422717984953323,0,0.0,1.0,5,33.0,0.2798306805634463,2,74.0,0.5072550472985373,0,0.0,0.9417314352936347,7,107.0
3465.0,9,139.0,2.278688524590164,7.054366267010365,0,3.0,0.5550821521567029,5,58.0,0.2698972424456428,2,82.0,0.44714393387062246,0,0.0,0.9882896745805259,7,143.0
3470.0,15,199.0,3.3728813559322033,6.677100495892391,0,0.0,1.0,8,92.0,0.34680826539363174,4,94.0,0.14036156346312026,0,0.0,0.9976217407639622,12,186.0
3475.0,10,162.0,2.8421052631578947,5.999318429870425,0,0.0,1.0,1,27.0,0.5301431073573838,5,115.0,0.0006964341202524707,0,0.0,0.905382510349489,6,142.0
3480.0,10,185.0,3.3636363636363638,6.523069654744077,0,0.0,1.0,1,10.0,0.7061367377074755,3,126.0,0.025976649057037962,0,0.0,0.9697246412980003,4,136.0
3485.0,8,222.0,4.352941176470588,7.232402691119511,0,0.0,1.0,1,11.0,0.6428206615230209,3,142.0,0.5466856963734738,0,0.0,0.9682737253959837,4,153.0
3490.0,9,212.0,4.076923076923077,7.407277288192412,0,0.0,1.0,3,25.0,0.5727355098045864,4,159.0,0.4080974356885284,0,0.0,0.9944003506605305,7,184.0
3495.0,5,174.0,3.1636363636363636,7.699423658599908,0,0.0,1.0,1,12.0,0.6176934013665135,4,179.0,0.40992339644860903,0,0.0,0.7780701461732957,5,191.0
3500.0,6,58.0,1.0357142857142858,7.736107038235496,0,0.0,1.0,1,9.0,0.6987502725757901,2,102.0,0.49443585877454543,1,4.0,0.49433147746118,4,115.0
3505.0,7,57.0,1.0754716981132075,7.884939234900988,0,0.0,1.0,1,20.0,0.7258931191015738,1,26.0,0.7580377083482346,1,9.0,0.481389718641119,3,55.0
3510.0,7,92.0,1.84,8.007703117697776,0,0.0,1.0,1,25.0,0.7281243736795132,1,31.0,0.7421515939519332,1,14.0,0.4977621870153678,3,70.0
3515.0,8,115.0,2.4468085106382977,6.800428207795743,0,0.0,1.0,1,30.0,0.5371352142669777,3,43.0,0.4874944682683273,0,0.0,0.9647459425877467,4,73.0
3520.0,13,174.0,3.782608695652174,6.102651432064239,0,0.0,1.0,4,38.0,0.4123300395088489,4,66.0,0.4351194820268606,0,0.0,0.986994609508969,8,104.0
3525.0,13,234.0,5.086956521739131,5.862965281002883,0,0.0,1.0,4,55.0,0.3603224192583247,5,91.0,0.3975880729496299,0,0.0,0.995019878245812,9,146.0
3530.0,18,314.0,6.541666666666667,5.021451311708745,0,0.0,1.0,6,79.0,0.21850557305782026,7,125.0,0.2610153104567201,0,0.0,0.9656598437860091,13,204.0
3535.0,21,415.0,8.829787234042554,3.9526830279751706,0,0.0,1.0,8,118.0,0.1730972321252436,8,164.0,0.055408665644659565,0,0.0,0.9906531368255521,16,282.0
3540.0,17,275.0,5.729166666666667,3.819248325691279,0,0.0,1.0,10,165.0,0.16655094423618183,3,37.0,0.025222097040123268,0,0.0,0.9505573806865903,13,202.0
3545.0,14,244.0,5.304347826086956,5.006186763084,0,9.0,0.6099169517941533,11,224.0,0.19493729732969747,2,32.0,0.16196969164244687,0,0.0,0.977346527069398,13,265.0
3550.0,16,313.0,6.520833333333333,5.45114152059643,2,11.0,0.0061252594296894725,12,285.0,0.2471607327641996,2,37.0,0.0,0,0.0,0.8803684833908516,16,333.0
3555.0,15,277.0,5.653061224489796,5.738473593451701,3,26.0,5.830100160205678e-05,10,224.0,0.28758291459848806,2,47.0,0.0,0,0.0,0.9406575875058983,15,297.0
3560.0,16,353.0,7.204081632653061,5.8845681290615826,3,41.0,0.0,10,268.0,0.34167044060340945,2,58.0,0.18457698690482569,0,0.0,0.9674097435834088,15,367.0
3565.0,15,427.0,8.372549019607844,6.545807258405931,3,56.0,0.0,10,318.0,0.4247045812808661,2,76.0,0.6374531753447439,0,0.0,0.9735471703486506,15,450.0
3570.0,16,503.0,9.673076923076923,6.803354158678867,3,71.0,0.0,10,368.0,0.4087402164853912,3,87.0,0.6346946719670211,0,0.0,0.9221442347502994,16,526.0
3575.0,16,580.0,11.153846153846153,5.669136088892795,3,86.0,0.0,11,418.0,0.17944556636235648,2,96.0,0.4941922169848727,0,0.0,0.9313465056841641,16,600.0
3580.0,22,681.0,13.352941176470589,5.659910065154109,3,101.0,0.0,14,487.0,0.17301412225100138,4,111.0,0.5315148552290633,0,0.0,0.9394106619698323,21,699.0
3585.0,22,791.0,14.381818181818181,5.575298851359934,3,116.0,0.008243958483362006,14,557.0,0.1753548703856352,4,128.0,0.5708946893542157,0,0.0,0.973226328214972,21,801.0
3590.0,25,901.0,16.685185185185187,4.722544518794536,4,135.0,0.0,15,632.0,0.16128410481823288,5,150.0,0.3097217144587329,1,2.0,0.648401686155799,25,919.0
3595.0,26,1031.0,19.452830188679247,4.168842947414404,4,155.0,0.0,15,707.0,0.14825292996266884,6,189.0,0.3200982754660663,1,7.0,0.4633820535401086,26,1058.0
3600.0,24,1055.0,19.181818181818183,4.291640563082648,4,175.0,0.0,11,669.0,0.1373377544219025,7,214.0,0.18604892838900505,2,15.0,0.3217297733844234,24,1073.0
