step,system_total_stopped,system_total_waiting_time,system_mean_waiting_time,system_mean_speed,cluster_10564135163_13571629282_5146149679_stopped,cluster_10564135163_13571629282_5146149679_accumulated_waiting_time,cluster_10564135163_13571629282_5146149679_average_speed,cluster_10564135205_11749189839_3266988437_5129187741_#3more_stopped,cluster_10564135205_11749189839_3266988437_5129187741_#3more_accumulated_waiting_time,cluster_10564135205_11749189839_3266988437_5129187741_#3more_average_speed,cluster_10564135211_11749189838_12136544949_12136544951_#7more_stopped,cluster_10564135211_11749189838_12136544949_12136544951_#7more_accumulated_waiting_time,cluster_10564135211_11749189838_12136544949_12136544951_#7more_average_speed,cluster_10564135212_13571629279_13571629299_stopped,cluster_10564135212_13571629279_13571629299_accumulated_waiting_time,cluster_10564135212_13571629279_13571629299_average_speed,agents_total_stopped,agents_total_accumulated_waiting_time
0.0,0,0.0,0.0,0.0,0,0.0,1.0,0,0.0,1.0,0,0.0,1.0,0,0.0,1.0,0,0.0
5.0,0,0.0,0.0,10.301714588719845,0,0.0,1.0,0,0.0,0.9995432537587134,0,0.0,1.0,0,0.0,0.9995925370524518,0,0.0
10.0,0,0.0,0.0,8.454771401840063,0,0.0,1.0,0,0.0,0.9333656217017254,0,0.0,1.0,0,0.0,0.9405555257269753,0,0.0
15.0,0,0.0,0.0,8.510775552467068,0,0.0,1.0,0,0.0,0.9494318388198842,0,0.0,1.0,0,0.0,0.9548881848518215,0,0.0
20.0,0,0.0,0.0,9.224734218671017,0,0.0,1.0,0,0.0,0.9922863996316802,0,0.0,1.0,0,0.0,0.9803688495395517,0,0.0
25.0,0,0.0,0.0,7.928988401980219,0,0.0,1.0,0,0.0,0.4885749665824088,0,0.0,0.9477518786529139,0,0.0,0.7040411283054069,0,0.0
30.0,2,7.0,0.5833333333333334,7.5327744545725706,0,0.0,1.0,1,5.0,0.4702132213634851,0,0.0,1.0,1,2.0,0.4746769354417973,2,7.0
35.0,2,17.0,1.2142857142857142,7.61634413399298,0,0.0,1.0,1,10.0,0.48053499752035594,0,0.0,1.0,1,7.0,0.4830532387030579,2,17.0
40.0,2,27.0,1.6875,5.906053584711655,0,0.0,1.0,1,15.0,0.33843350277691336,0,0.0,1.0,1,12.0,0.1359434537219513,2,27.0
45.0,2,25.0,1.4705882352941178,6.514677525334844,0,0.0,1.0,2,25.0,0.3150288351511575,0,0.0,1.0,0,0.0,0.7359546349838757,2,25.0
50.0,2,35.0,1.9444444444444444,7.716092614359032,0,0.0,1.0,2,35.0,0.3319286256380852,0,4.0,0.7156641287432941,0,0.0,0.9498073572455382,2,39.0
55.0,3,45.0,2.142857142857143,8.226754970260563,0,0.0,1.0,3,45.0,0.44807242710991385,0,0.0,0.9792287286599246,0,0.0,0.966694120266304,3,45.0
60.0,3,57.0,2.590909090909091,7.317374418323775,0,0.0,1.0,3,57.0,0.40845843281628674,0,0.0,0.9933778704028089,0,0.0,0.9678904007781999,3,57.0
65.0,3,72.0,3.4285714285714284,7.008374491354163,0,0.0,1.0,3,72.0,0.4664522251811168,0,0.0,0.1098472842794737,0,0.0,0.9790592005211611,3,72.0
70.0,4,91.0,3.9565217391304346,7.533521028962936,0,0.0,1.0,3,87.0,0.5594772919753009,1,4.0,0.44045541597653426,0,0.0,0.9601239467602876,4,91.0
75.0,6,113.0,4.346153846153846,6.224269442123971,0,0.0,1.0,3,102.0,0.5002935953183809,3,11.0,8.789943312722833e-05,0,0.0,0.9749570477771224,6,113.0
80.0,5,138.0,5.111111111111111,6.18951721136393,0,0.0,1.0,3,117.0,0.3025673892185806,2,21.0,0.4539056257695198,0,0.0,0.946301156623312,5,138.0
85.0,2,16.0,0.5517241379310345,7.126068733416046,0,0.0,1.0,0,0.0,0.6451812379074505,2,16.0,0.47185777971225573,0,0.0,0.9988519345400605,2,16.0
90.0,2,26.0,0.896551724137931,8.334944176273773,0,0.0,1.0,0,0.0,0.8903816300686263,2,26.0,0.4753537515995352,0,0.0,0.9724322598313306,2,26.0
95.0,3,37.0,1.1935483870967742,8.327127625972276,0,0.0,1.0,1,1.0,0.6487504650585721,2,45.0,0.48419615047687686,0,0.0,0.9448732784679195,3,46.0
100.0,4,56.0,1.696969696969697,8.653629316967235,0,0.0,1.0,1,6.0,0.4596636731960116,3,59.0,0.4861767624825658,0,0.0,0.9017217763171883,4,65.0
105.0,5,77.0,2.40625,8.133281781136038,0,0.0,1.0,1,11.0,0.4739084691961451,4,75.0,0.5355570023243144,0,0.0,0.9161948087802223,5,86.0
110.0,7,106.0,3.1176470588235294,7.325717330188197,0,0.0,1.0,1,16.0,0.6400817715587338,4,90.0,0.5349429365660286,0,0.0,0.9651990068232167,5,106.0
115.0,6,131.0,3.742857142857143,7.132383260650992,0,0.0,1.0,1,21.0,0.47913230398803774,5,114.0,0.4792557081479341,0,0.0,0.8177689206087723,6,135.0
120.0,8,164.0,4.4324324324324325,6.889643466698188,0,0.0,1.0,1,26.0,0.593825473409607,5,139.0,0.3751954086568366,2,3.0,0.31888024878624494,8,168.0
125.0,5,87.0,2.4166666666666665,7.049710847752518,0,0.0,1.0,1,31.0,0.6461617286767108,2,67.0,0.4281363901958805,2,13.0,0.32968322116430243,5,111.0
130.0,7,116.0,2.9743589743589745,6.661473476277563,0,4.0,0.7906982620411349,3,46.0,0.38140638569781654,2,54.0,0.505013414409215,2,23.0,0.35875830562683086,7,127.0
135.0,5,118.0,3.0256410256410255,7.729719378588281,0,0.0,0.9716304710321844,3,61.0,0.483610347214892,2,64.0,0.5777410501506921,0,0.0,0.5212875641338748,5,125.0
140.0,5,143.0,3.6666666666666665,8.376654605706243,0,0.0,1.0,3,76.0,0.5359424194725595,2,77.0,0.5737965175602446,0,0.0,0.9148791986174306,5,153.0
145.0,2,18.0,0.4186046511627907,8.476406447133495,0,0.0,1.0,1,39.0,0.7022247213917444,1,38.0,0.4533790255384109,0,0.0,0.9505707761595173,2,77.0
150.0,4,15.0,0.3409090909090909,8.292949379806702,0,3.0,0.9857735144547268,0,6.0,0.7590913634124739,3,16.0,0.39103902973165133,0,0.0,0.9507720967200536,3,25.0
155.0,6,34.0,0.7555555555555555,7.4442264108892875,0,0.0,0.9479795027236974,1,7.0,0.787471642685272,5,36.0,0.37346348173034083,0,0.0,0.6904792339577771,6,43.0
160.0,9,72.0,1.7142857142857142,6.605987607232541,0,0.0,1.0,2,14.0,0.3690063085700828,5,60.0,0.3145936061507833,1,5.0,0.34023786852881005,8,79.0
165.0,6,54.0,1.2857142857142858,6.383355859531675,0,0.0,1.0,3,28.0,0.37640505924852075,1,24.0,0.5649479819056641,2,12.0,0.32930669059176987,6,64.0
170.0,8,88.0,2.0,6.940210833640412,0,3.0,0.5615415914209968,5,50.0,0.3544991260907622,1,25.0,0.651589541101502,2,22.0,0.2537241904616036,8,100.0
175.0,6,96.0,2.1333333333333333,7.419595663179181,0,6.0,0.05318488122743518,5,78.0,0.3849901791555415,1,30.0,0.7380077230048997,0,0.0,0.5026961403580141,6,114.0
180.0,9,140.0,3.111111111111111,7.642268471040572,2,16.0,0.0005081649388599843,6,107.0,0.3879810289060336,1,35.0,0.5768444042054454,0,0.0,0.9315948803453002,9,158.0
185.0,10,151.0,3.2127659574468086,7.539690085661835,3,27.0,0.0014206999399607346,6,137.0,0.4382987923264671,1,7.0,0.5197234490615578,0,0.0,0.936424987636038,10,171.0
190.0,7,65.0,1.3541666666666667,7.141211831101001,3,42.0,0.0,1,43.0,0.564558998604219,3,18.0,0.241498276835355,0,0.0,0.9760065308747655,7,103.0
195.0,8,105.0,2.234042553191489,7.607634942868458,3,57.0,0.0,1,25.0,0.7886299275413906,4,38.0,0.14302187431618163,0,0.0,0.9523154166617044,8,120.0
200.0,11,149.0,2.98,7.203521574650019,3,72.0,0.0,1,27.0,0.62281077299257,5,66.0,0.3169528506074111,1,1.0,0.6288733841955354,10,166.0
205.0,8,127.0,2.4901960784313726,6.682297785383552,3,87.0,0.0,2,32.0,0.32195128991146166,1,31.0,0.5659531957475222,1,6.0,0.48360568816612215,7,156.0
210.0,10,174.0,3.3461538461538463,7.238033375497969,3,102.0,0.0,2,51.0,0.5313112849473371,1,18.0,0.7707351733686048,2,15.0,0.4642979002389387,8,186.0
215.0,12,229.0,4.673469387755102,7.233572472331617,3,117.0,0.0,2,61.0,0.6468435847406705,1,23.0,0.8046724050875717,3,27.0,0.23326702028054233,9,228.0
220.0,10,250.0,5.0,6.543979051676189,3,132.0,0.0,2,71.0,0.5696520615413064,1,28.0,0.7937336083518965,0,6.0,0.5244701506572751,6,237.0
225.0,15,318.0,6.76595744680851,6.096069147749444,3,147.0,0.0,4,88.0,0.4838936372684105,1,39.0,0.6999078819183571,0,0.0,0.9267782894650601,8,274.0
230.0,21,408.0,8.869565217391305,4.492644370335899,3,162.0,0.0,4,108.0,0.4808794188987254,5,53.0,0.09996832899960952,0,0.0,0.919207902256109,12,323.0
235.0,23,358.0,7.3061224489795915,4.2878714525410055,0,50.0,0.045097667579346065,5,128.0,0.4601528310553439,8,93.0,0.011298448755961735,0,0.0,0.9610529811548711,13,271.0
240.0,17,343.0,7.145833333333333,4.742829868387801,0,0.0,1.0,3,128.0,0.4445656955317941,8,133.0,0.0036448639943328157,0,0.0,0.9737592114815906,11,261.0
245.0,12,233.0,4.957446808510638,5.357042254211811,0,0.0,1.0,3,140.0,0.30955980808107986,6,108.0,0.017689467560861434,0,0.0,0.9102664083217126,9,248.0
250.0,12,274.0,5.591836734693878,5.766847067747067,0,0.0,1.0,4,159.0,0.22579105889637155,6,89.0,0.2405281646384368,1,1.0,0.4750815907394947,11,249.0
255.0,17,349.0,6.8431372549019605,5.679931535111353,0,0.0,1.0,5,181.0,0.36153642626100446,6,145.0,0.3208024966187639,1,6.0,0.6520912862002349,12,332.0
260.0,20,432.0,8.307692307692308,4.94424395507012,0,0.0,1.0,5,206.0,0.24886938774942066,6,149.0,0.2377194735435776,1,11.0,0.34252772257400194,12,366.0
265.0,22,534.0,10.68,5.046138064943091,0,0.0,1.0,7,236.0,0.28519233080133144,6,182.0,0.3244814341185148,2,21.0,0.33028064428349774,15,439.0
270.0,19,572.0,12.170212765957446,4.411374457421718,0,0.0,1.0,7,271.0,0.2066260949781462,7,213.0,0.21380785677241207,2,31.0,0.3163038240867676,16,515.0
275.0,18,619.0,12.38,4.038359813982273,0,0.0,1.0,9,312.0,0.12101937268840746,7,248.0,0.10607933453797351,2,41.0,0.20177519251627646,18,601.0
280.0,16,439.0,8.607843137254902,4.400009453524554,0,0.0,1.0,5,173.0,0.21661005110033615,8,285.0,0.009698631568852147,3,55.0,0.21118027217946464,16,513.0
285.0,12,386.0,7.568627450980392,5.496066617653347,0,0.0,1.0,2,44.0,0.4969234741987532,9,363.0,0.1602444767930365,0,0.0,0.9845242904770068,11,407.0
290.0,13,448.0,8.452830188679245,5.920394662942701,0,0.0,1.0,2,46.0,0.4819638427327711,10,423.0,0.24138225673238167,0,0.0,0.9530243844863421,12,469.0
295.0,15,518.0,9.418181818181818,6.671645658553191,0,0.0,1.0,2,86.0,0.5320778676299204,11,477.0,0.22102437170117492,0,0.0,0.9700001410565171,13,563.0
300.0,16,593.0,10.781818181818181,6.347734636567192,0,0.0,1.0,2,96.0,0.39615684725817546,12,539.0,0.20887655190254364,0,0.0,0.9613356321864477,14,635.0
305.0,19,683.0,13.134615384615385,5.417516918315209,0,0.0,1.0,3,107.0,0.19653275873724177,14,622.0,0.2403664652950615,0,0.0,0.9525078711684188,17,729.0
310.0,22,780.0,13.928571428571429,5.4413124965411725,0,0.0,1.0,4,95.0,0.3461200105554056,15,696.0,0.10671610738499009,0,0.0,0.9630322495768673,19,791.0
315.0,23,887.0,16.12727272727273,4.587253138595613,0,0.0,1.0,4,115.0,0.3248073384421809,16,775.0,0.03955599146286826,0,0.0,0.6484123594994852,20,890.0
320.0,26,966.0,16.94736842105263,4.609158121220936,0,0.0,1.0,5,149.0,0.29918151690037703,19,866.0,0.032623891704317134,1,4.0,0.48701803215389655,25,1019.0
325.0,26,1090.0,18.79310344827586,4.5494135675308796,0,0.0,1.0,6,174.0,0.27075528342490807,19,961.0,0.04552515476685668,1,9.0,0.6553412937100672,26,1144.0
330.0,17,451.0,7.775862068965517,4.5482703694849125,0,0.0,1.0,6,202.0,0.10151571717886637,8,537.0,0.07553836930827122,2,15.0,0.3132478034171872,16,754.0
335.0,13,415.0,7.155172413793103,5.7567618617402845,0,6.0,0.6439398140144459,7,243.0,0.2519768958129502,4,333.0,0.1622274647588597,2,25.0,0.42535681500043804,13,607.0
340.0,10,246.0,4.241379310344827,6.1021101213998445,2,11.0,0.2537476058689779,3,112.0,0.5101386279135012,4,271.0,0.2239531174343376,0,0.0,0.9405399340159075,9,394.0
345.0,12,303.0,4.887096774193548,6.551670818305342,3,25.0,0.10051907768167245,4,96.0,0.5807976555900117,4,262.0,0.20510364190358268,0,0.0,0.9532068905307464,11,383.0
350.0,15,367.0,5.919354838709677,6.923534814830711,4,42.0,0.016568583098634907,4,116.0,0.6667484730076246,4,285.0,0.4624717998297073,0,0.0,0.9744452277529836,12,443.0
355.0,11,346.0,5.40625,6.584797009699003,0,8.0,0.037706719553348166,4,136.0,0.5984424303831224,3,261.0,0.5828848271982495,0,0.0,0.9287094860667879,7,405.0
360.0,13,410.0,6.507936507936508,6.732475277525886,0,0.0,1.0,5,160.0,0.6419489669809362,4,281.0,0.6218109227024645,0,0.0,0.9370992924355137,9,441.0
365.0,14,477.0,7.453125,6.393922418175881,0,0.0,1.0,5,185.0,0.46853802320515203,5,297.0,0.5228259450935523,0,0.0,0.9354807826144799,10,482.0
370.0,20,568.0,8.606060606060606,5.516358677603975,0,0.0,1.0,10,228.0,0.26476509598973796,5,322.0,0.5020517491162478,0,0.0,0.9270430285037501,15,550.0
375.0,21,435.0,6.492537313432836,5.1241364395752225,0,0.0,1.0,11,279.0,0.1433333059608988,4,242.0,0.41279281795740713,0,0.0,0.9762752584669996,15,521.0
380.0,20,388.0,5.705882352941177,4.972614298867542,0,0.0,1.0,13,338.0,0.1493779272943243,5,62.0,0.15913552162526437,0,0.0,0.9534051730593113,18,400.0
385.0,23,477.0,7.119402985074627,5.0089908986166645,0,0.0,1.0,15,406.0,0.1626352884826406,8,94.0,0.019051053809209555,0,0.0,0.842643720496281,23,500.0
390.0,26,601.0,9.390625,4.694730533162652,0,0.0,1.0,16,486.0,0.09933504826322065,9,135.0,0.00303363118668489,1,4.0,0.6632237819440214,26,625.0
395.0,29,745.0,11.825396825396826,4.597343940044916,0,0.0,1.0,18,576.0,0.15160345046497226,10,208.0,0.05996538920822181,1,9.0,0.6048662129569917,29,793.0
400.0,26,628.0,9.515151515151516,4.414171517080262,0,0.0,1.0,14,485.0,0.15399055446357005,11,261.0,0.00010242631225288702,1,14.0,0.41638492806747135,26,760.0
405.0,25,599.0,9.215384615384615,5.0078843100664026,0,0.0,1.0,11,380.0,0.10591750701577553,11,316.0,1.3953050454589893e-05,3,24.0,0.14049267547293093,25,720.0
410.0,26,729.0,11.045454545454545,5.112561339247235,0,0.0,1.0,12,358.0,0.1673978412462584,11,371.0,0.07498806447269794,3,39.0,0.24329752347050113,26,768.0
415.0,19,534.0,7.852941176470588,5.368553206960852,0,0.0,1.0,12,417.0,0.11755797720508164,3,207.0,0.31993825452586455,4,54.0,0.19751367035963846,19,678.0
420.0,6,110.0,1.6176470588235294,6.122813376634327,0,3.0,0.5710365870255028,5,470.0,0.1981031366412386,1,104.0,0.6273285747850039,0,0.0,0.7163471343762207,6,577.0
425.0,6,42.0,0.6268656716417911,6.485899094506325,2,11.0,0.19489874180141664,2,225.0,0.2967523727534417,2,63.0,0.688103456775366,0,0.0,0.8407904433041518,6,299.0
430.0,7,71.0,1.0923076923076922,7.054984030979314,3,25.0,0.06070138996919597,1,145.0,0.6048118186680704,3,65.0,0.5934615341773282,0,0.0,0.9878979046302095,7,235.0
435.0,7,106.0,1.536231884057971,7.580589515059468,3,40.0,0.014277438426499015,1,60.0,0.8504468114597424,3,85.0,0.6979743338662487,0,0.0,0.9605859946174418,7,185.0
440.0,12,154.0,2.3692307692307693,7.5635031959703225,6,64.0,0.00265274857779074,2,31.0,0.7155356693647419,4,104.0,0.6585946727163635,0,0.0,0.903385992441581,12,199.0
445.0,14,221.0,3.4,7.626800569652575,6,94.0,0.0012256457761859448,2,41.0,0.7315186882535357,4,124.0,0.5888339515456567,1,2.0,0.4910031504039497,13,261.0
450.0,15,292.0,4.358208955223881,7.607448707114822,6,124.0,0.07809724378365586,3,52.0,0.5930210210611115,4,144.0,0.5570300705935256,1,7.0,0.4697044270388,14,327.0
455.0,16,284.0,4.507936507936508,6.639157699611876,7,155.0,0.0007306348189210142,5,73.0,0.397240089756839,2,79.0,0.49159609903475665,1,12.0,0.5117946576431255,15,319.0
460.0,9,91.0,1.5964912280701755,6.125680526012132,1,72.0,0.030157165252658637,5,57.0,0.14855691669087617,1,28.0,0.43456291579504897,2,19.0,0.4721770856007369,9,176.0
465.0,10,118.0,2.185185185185185,6.315289067696299,0,21.0,0.21234553629140146,5,77.0,0.2227664037809188,3,46.0,0.20115967282909586,2,29.0,0.4630091980398659,10,173.0
470.0,12,174.0,3.0526315789473686,6.591791922326284,0,0.0,0.487594405686881,7,108.0,0.1314334018197121,3,39.0,0.24631837524050143,2,39.0,0.5429168349837242,12,186.0
475.0,15,245.0,4.298245614035087,6.581417274488956,0,0.0,1.0,8,148.0,0.1421905601276186,5,61.0,0.35417443095237877,2,49.0,0.4473175238424135,15,258.0
480.0,16,321.0,5.631578947368421,5.754297247043511,0,0.0,1.0,8,188.0,0.1736754684378769,6,87.0,0.24003148804194419,2,59.0,0.23379475962570803,16,334.0
485.0,19,412.0,7.357142857142857,5.412169075138733,0,0.0,1.0,8,228.0,0.14306068241719577,7,120.0,0.2170744560976546,2,69.0,0.20610264487408533,17,417.0
490.0,24,526.0,9.924528301886792,4.732211128321295,0,0.0,1.0,9,270.0,0.16833081973252928,7,155.0,0.20643495459402028,4,87.0,0.32203486516746666,20,512.0
495.0,22,617.0,11.425925925925926,4.482629049888243,0,0.0,1.0,9,315.0,0.20653583354805521,5,173.0,0.16316678596098522,4,107.0,0.1885900762016173,18,595.0
500.0,23,716.0,13.25925925925926,4.75542105103429,0,0.0,1.0,9,363.0,0.28209863070076346,6,190.0,0.10539447764455556,5,132.0,0.15577439027080628,20,685.0
505.0,29,845.0,15.363636363636363,4.354694456812566,0,0.0,1.0,10,439.0,0.32072194347756905,7,221.0,0.00036782087437970534,6,157.0,0.13650113364116834,23,817.0
510.0,29,961.0,17.160714285714285,4.000078131401261,0,0.0,1.0,10,489.0,0.21746775280344183,7,256.0,0.0,5,182.0,0.07552934443482866,22,927.0
515.0,27,1015.0,18.454545454545453,3.6583040102314963,0,0.0,1.0,12,543.0,0.1259701186045403,7,291.0,0.0,5,207.0,0.10770573800967512,24,1041.0
520.0,20,918.0,16.105263157894736,3.9120594303568326,0,0.0,1.0,12,604.0,0.16697890623439549,7,326.0,0.007161456824403852,1,68.0,0.2531970067467169,20,998.0
525.0,23,996.0,16.88135593220339,3.873835541584525,0,0.0,1.0,13,666.0,0.12062842266567826,8,375.0,0.1485260429442112,0,33.0,0.6330713188449457,21,1074.0
530.0,25,1077.0,17.95,3.7996912241157688,0,0.0,1.0,13,717.0,0.06386959544445416,10,418.0,0.14213057220123054,0,0.0,0.9379237417437398,23,1135.0
535.0,14,766.0,12.766666666666667,4.455615101023186,0,0.0,1.0,13,733.0,0.06765890952011412,1,201.0,0.06887454569981584,0,0.0,0.9762786227858159,14,934.0
540.0,14,796.0,13.266666666666667,5.560707679808629,0,6.0,0.6270831585231751,13,804.0,0.13394643588280897,1,49.0,0.44182044230619216,0,0.0,0.9764540289050598,14,859.0
545.0,14,866.0,13.96774193548387,6.178026055171315,0,6.0,0.2823967715619196,13,869.0,0.28728362265168683,1,12.0,0.7191187215433507,0,0.0,0.945151711199033,14,887.0
550.0,19,950.0,15.833333333333334,6.161675931969191,4,19.0,0.007437725408903029,13,934.0,0.37803870812410856,1,17.0,0.7141614982780179,1,1.0,0.6408904887537061,19,971.0
555.0,20,1047.0,17.45,5.651797402081675,4,39.0,0.0025531297356389286,14,1001.0,0.3372753204941876,1,28.0,0.6766037947003791,1,6.0,0.6264306574210071,20,1074.0
560.0,18,1100.0,17.46031746031746,5.723980489454387,0,15.0,0.03909489202100831,15,1073.0,0.31037661427396496,2,37.0,0.6356602618390537,1,11.0,0.6220085005880385,18,1136.0
565.0,19,1194.0,19.57377049180328,5.743175791262079,0,0.0,1.0,16,1152.0,0.25356206212557475,2,47.0,0.47293905261636454,1,16.0,0.36970011723692164,19,1215.0
570.0,19,1270.0,21.166666666666668,5.270460125754792,0,0.0,1.0,15,1211.0,0.19196614210152194,3,59.0,0.22984135466491545,1,21.0,0.3403068473743171,19,1291.0
575.0,20,1314.0,22.271186440677965,4.974053903620974,0,0.0,1.0,16,1289.0,0.09912096911267008,2,35.0,0.277619514452831,2,30.0,0.31781695204539984,20,1354.0
580.0,23,1424.0,23.34426229508197,4.861182803780711,0,3.0,0.9899898911319248,19,1379.0,0.05131893729991341,2,24.0,0.571212343945662,2,40.0,0.25959964187771173,23,1446.0
585.0,24,1495.0,25.338983050847457,4.83323921729908,1,4.0,0.00500005644768743,21,1479.0,0.037704459248148754,2,34.0,0.588892468648981,0,13.0,0.34983173856388267,24,1530.0
590.0,26,1616.0,27.862068965517242,4.61270648921094,1,9.0,0.0,22,1586.0,0.040486585318633826,3,48.0,0.5000895750101927,0,0.0,0.5686654176446553,26,1643.0
595.0,27,1723.0,28.716666666666665,4.30712347860264,1,14.0,0.0,24,1699.0,0.03832842280956345,2,42.0,0.43373431501629967,0,0.0,0.8210930793775326,27,1755.0
600.0,29,1862.0,30.524590163934427,4.061456640149928,1,19.0,0.0,23,1814.0,0.04174125119277245,2,44.0,0.43908224902252635,0,0.0,0.9267008120719438,26,1877.0
605.0,34,2018.0,32.54838709677419,3.771433633167583,1,24.0,0.0,23,1929.0,0.07520674176575705,4,57.0,0.3687749985350773,1,3.0,0.6052528118919059,29,2013.0
610.0,24,638.0,9.96875,4.100573479066709,1,29.0,0.0,12,1097.0,0.10315795692157836,4,77.0,0.29917485835654506,1,8.0,0.692162191266547,18,1211.0
615.0,11,166.0,2.515151515151515,4.777874102654072,1,34.0,0.0,1,504.0,0.24058879449158482,2,19.0,0.20895227684593404,1,13.0,0.7181054837915328,5,570.0
620.0,9,160.0,2.4615384615384617,6.320946445219957,1,42.0,0.3097481393113564,0,147.0,0.5006472215577746,0,14.0,0.7601024492877826,0,0.0,0.7481191368738476,1,203.0
625.0,11,180.0,2.8125,6.9076083474693455,2,48.0,0.0018636672707459264,0,3.0,0.8200988839331564,1,11.0,0.7108805863856243,0,0.0,0.7239964028340617,3,62.0
630.0,12,234.0,3.6,7.234433253059384,2,58.0,0.0,0,3.0,0.966407682807922,1,15.0,0.814841402371148,1,3.0,0.5442182004339864,4,79.0
635.0,12,294.0,4.388059701492537,7.312757166103491,2,68.0,0.0,0,3.0,0.9644585941375478,1,20.0,0.8534828582487791,1,8.0,0.4548689445086326,4,99.0
640.0,13,291.0,4.546875,6.65207005603757,0,0.0,1.0,1,5.0,0.6358123691798722,1,25.0,0.827681293082207,2,16.0,0.2683854944429422,4,46.0
645.0,13,356.0,5.836065573770492,6.612133529627419,0,0.0,1.0,1,10.0,0.6649338201527488,1,24.0,0.7668734483207313,2,26.0,0.24599916412330852,4,60.0
650.0,14,392.0,6.426229508196721,5.286996103260602,0,0.0,1.0,1,15.0,0.4916062717168175,3,33.0,0.5051504730909568,1,15.0,0.23685006402538064,5,63.0
655.0,19,476.0,7.933333333333334,4.467371935961487,0,0.0,1.0,3,27.0,0.24783114581106883,4,56.0,0.2478713930040924,0,3.0,0.4205715366745522,7,86.0
660.0,20,344.0,5.639344262295082,4.062277013069078,0,0.0,1.0,3,42.0,0.24175089035656563,6,79.0,0.07390157129021102,0,0.0,0.6764092153578459,9,121.0
665.0,22,244.0,4.066666666666666,3.5764250255694208,0,0.0,1.0,3,57.0,0.2720784846857035,9,125.0,0.014474362841987835,1,2.0,0.46851792109109336,13,184.0
670.0,26,350.0,5.645161290322581,3.8280147508741345,0,0.0,1.0,4,84.0,0.28321304877048836,14,189.0,0.004040986914878945,1,7.0,0.5541445811388607,19,280.0
675.0,27,458.0,7.26984126984127,4.299765993190363,0,0.0,1.0,4,104.0,0.3533351056824923,16,264.0,0.0011825891182300008,1,12.0,0.4995748679359538,21,380.0
680.0,24,427.0,6.671875,4.023469343599595,0,0.0,1.0,6,128.0,0.13333616611874818,15,288.0,0.00035944638142432526,1,17.0,0.49086343443306435,22,433.0
685.0,24,524.0,7.9393939393939394,4.701851887040575,0,0.0,1.0,6,158.0,0.18242380174336012,15,363.0,0.061181072298613984,2,23.0,0.49525129489131875,23,544.0
690.0,29,655.0,10.076923076923077,4.306614215748056,0,0.0,1.0,6,188.0,0.23743794605935648,15,438.0,0.05936607402168643,2,32.0,0.47964321652394953,23,658.0
695.0,27,759.0,11.5,4.233815521492323,0,0.0,1.0,4,175.0,0.29300594204973335,15,561.0,0.11077103874594667,2,42.0,0.39893768678944996,21,778.0
700.0,27,818.0,12.393939393939394,4.181224861758095,0,0.0,1.0,4,202.0,0.22089791407137047,14,543.0,0.003144389503857552,2,52.0,0.20397061135133035,20,797.0
705.0,29,928.0,13.257142857142858,4.3110971002526774,0,0.0,1.0,5,220.0,0.2785368836535381,13,569.0,0.06572496484155241,4,69.0,0.2967764982016268,22,858.0
710.0,29,1027.0,14.464788732394366,4.456202936387106,0,0.0,1.0,5,245.0,0.32505856857173804,13,602.0,0.06642301312175648,4,89.0,0.2630871640403757,22,936.0
715.0,17,703.0,10.18840579710145,5.305423969219231,0,0.0,1.0,0,14.0,0.494204050519706,13,673.0,0.1767610747099588,2,56.0,0.39619972364035755,15,743.0
720.0,13,708.0,10.567164179104477,5.9668671479801425,0,0.0,1.0,1,3.0,0.37918070534826226,12,715.0,0.17685607333854295,0,30.0,0.5513626565949186,13,748.0
725.0,16,780.0,10.985915492957746,6.132212561566739,0,0.0,1.0,2,10.0,0.3256091824058391,13,786.0,0.28520517720439864,0,14.0,0.6866414470914314,15,810.0
730.0,19,870.0,12.083333333333334,5.9421381648437555,0,0.0,1.0,3,42.0,0.32853899123912367,14,856.0,0.30611106071309885,1,16.0,0.4798969543847753,18,914.0
735.0,25,979.0,13.597222222222221,4.8512713475865334,0,0.0,1.0,4,61.0,0.39668793574346084,16,930.0,0.28708130356615036,2,26.0,0.31279350622599406,22,1017.0
740.0,21,559.0,7.453333333333333,4.594776810969872,0,0.0,1.0,5,83.0,0.31092640272094135,8,697.0,0.29294763651277667,2,36.0,0.32814076573477036,15,816.0
745.0,17,212.0,2.8266666666666667,5.119481250182607,0,0.0,1.0,1,61.0,0.5380976533025247,3,478.0,0.41614780388400624,2,46.0,0.3303121166041021,6,585.0
750.0,17,209.0,2.7866666666666666,5.864509612110958,0,0.0,0.7146884575723197,0,20.0,0.7460490057022108,3,263.0,0.40778312519572524,3,60.0,0.42905754332016804,6,343.0
755.0,18,298.0,4.082191780821918,6.286091823646619,0,0.0,0.938885866638695,0,5.0,0.7733548112852641,3,47.0,0.4946190106167143,3,75.0,0.47048835346834617,6,127.0
760.0,16,274.0,3.8055555555555554,5.991697649386712,0,0.0,0.9579280213157578,1,8.0,0.7646718286222454,3,40.0,0.41687006449395986,0,29.0,0.778651502432936,4,77.0
765.0,17,248.0,3.5942028985507246,6.106585129985487,0,0.0,1.0,2,19.0,0.5950092556487313,3,24.0,0.419416583264937,0,0.0,0.9176396581534756,5,43.0
770.0,16,192.0,2.823529411764706,6.064701182262566,0,0.0,0.9942872277521402,2,29.0,0.6511517139979456,4,42.0,0.2615164936607909,0,0.0,0.9359691857729859,6,71.0
775.0,21,220.0,3.142857142857143,5.043611420946735,0,0.0,1.0,3,39.0,0.17808709683782084,7,73.0,0.1822212657633297,0,0.0,0.9746989579457803,10,112.0
780.0,16,208.0,3.1044776119402986,4.259749799827272,0,0.0,1.0,6,64.0,0.06316127521762295,0,20.0,0.28023658354780573,1,1.0,0.4784982208799224,7,85.0
785.0,16,268.0,4.1875,4.550017467452042,0,6.0,0.7241187133094409,6,100.0,0.2139486636670017,1,4.0,0.43258132737231875,1,5.0,0.4835358288800599,8,115.0
790.0,14,329.0,5.576271186440678,4.899212099549026,0,0.0,0.8031138039777059,5,110.0,0.3582351943447338,1,9.0,0.4469149353075226,1,10.0,0.470817735240268,7,129.0
795.0,15,403.0,6.948275862068965,5.273567680087391,0,0.0,1.0,5,135.0,0.4004629650046276,1,14.0,0.4867412528048472,1,15.0,0.6381470546514662,7,164.0
800.0,15,478.0,8.241379310344827,5.399127387074403,0,0.0,1.0,5,160.0,0.3929684972409324,1,19.0,0.4532778298664192,1,20.0,0.36516189969773105,7,199.0
805.0,16,532.0,9.016949152542374,5.533982810660169,0,0.0,1.0,5,185.0,0.44897416785377176,1,24.0,0.20908941190467842,0,0.0,0.9863484097327625,6,209.0
810.0,18,616.0,10.440677966101696,5.665084228732534,0,0.0,1.0,6,212.0,0.3483915746203833,2,37.0,0.2975191812426562,0,0.0,0.9450964046282337,8,249.0
815.0,20,709.0,12.016949152542374,5.284985907961986,0,0.0,1.0,6,245.0,0.20179149445365815,4,50.0,0.2818211493352134,0,0.0,0.9696593544848275,10,295.0
820.0,21,802.0,14.581818181818182,4.804908167471082,0,0.0,1.0,7,279.0,0.09234443658508372,3,58.0,0.20092213585923288,0,0.0,0.9442828204116962,10,337.0
825.0,19,617.0,11.017857142857142,5.293162364041007,0,0.0,1.0,9,359.0,0.1929339861998384,3,73.0,0.18447957338742266,0,0.0,0.9373852633223649,12,432.0
830.0,7,121.0,2.086206896551724,5.759274461365203,0,0.0,1.0,0,106.0,0.4580531442977807,4,92.0,0.19861334366766328,0,0.0,0.9636086279678847,4,198.0
835.0,7,109.0,1.847457627118644,6.888248099837167,0,0.0,1.0,0,68.0,0.6824981369001631,4,115.0,0.4107988492279094,2,3.0,0.32085493611852134,6,186.0
840.0,9,149.0,2.5689655172413794,7.441385696067198,0,0.0,1.0,2,140.0,0.49934627100576623,4,141.0,0.5738112924872398,2,13.0,0.31538116605898486,8,294.0
845.0,10,176.0,3.0344827586206895,6.667470489979333,0,0.0,1.0,3,170.0,0.3914406257183567,4,161.0,0.6170077981241587,0,0.0,0.9725718688985551,7,331.0
850.0,13,221.0,3.683333333333333,6.015900374691323,0,0.0,1.0,5,190.0,0.27870017951959863,6,190.0,0.4372731167406096,0,0.0,0.8972968978241247,11,380.0
855.0,20,307.0,4.951612903225806,5.51962880661679,0,0.0,1.0,7,231.0,0.2294202660237377,8,226.0,0.3867608988296026,0,0.0,0.9449209343741934,15,457.0
860.0,13,218.0,3.6333333333333333,5.7831029941147385,0,0.0,1.0,7,275.0,0.27150643686498493,4,157.0,0.5007179235346038,0,0.0,0.9727599355253344,11,432.0
865.0,12,255.0,4.112903225806452,5.9995601015266535,0,0.0,1.0,9,320.0,0.19544515457403572,3,136.0,0.5657890732600566,0,0.0,0.9856817622063396,12,456.0
870.0,12,310.0,5.0,6.4862107891404515,0,0.0,0.9503886418896869,8,362.0,0.32497737780043406,3,132.0,0.4808255846282641,0,0.0,0.5019390476220322,11,494.0
875.0,13,370.0,5.873015873015873,7.382571142113265,0,0.0,1.0,8,402.0,0.37733578879838475,3,183.0,0.5355517479113037,1,5.0,0.48816419479913464,12,590.0
880.0,16,351.0,5.484375,7.335059780082794,0,0.0,1.0,10,449.0,0.3962652940276028,2,99.0,0.528498136663843,1,10.0,0.49435907198341206,13,558.0
885.0,19,428.0,6.388059701492537,6.995583411140932,0,0.0,1.0,10,494.0,0.34502041307515957,2,82.0,0.5380407698642798,1,15.0,0.6385026014910737,13,591.0
890.0,22,536.0,7.882352941176471,6.8931956890202795,0,0.0,1.0,11,548.0,0.32017028409583087,3,90.0,0.5957933622096352,1,20.0,0.3933807990704734,15,658.0
895.0,19,579.0,8.391304347826088,6.735458172343368,0,0.0,1.0,12,602.0,0.14063768560352216,3,107.0,0.5137794518393634,2,29.0,0.3052915838706615,17,738.0
900.0,23,576.0,9.142857142857142,5.447057986148996,0,0.0,1.0,12,662.0,0.07140116070094417,3,106.0,0.2778374343077603,2,39.0,0.4811974969036134,17,807.0
905.0,25,695.0,10.692307692307692,5.688564804715752,0,0.0,1.0,12,722.0,0.15984079972308257,4,71.0,0.28950594399979396,2,49.0,0.4649281378083311,18,842.0
910.0,27,815.0,12.936507936507937,5.370342208297093,0,0.0,1.0,13,783.0,0.17864271270993845,5,96.0,0.2773816351243869,3,62.0,0.3674825087691064,21,941.0
915.0,29,930.0,15.245901639344263,4.368302291370477,0,0.0,1.0,14,852.0,0.07827509833222421,5,121.0,0.2796563651908401,3,77.0,0.39223170439088906,22,1050.0
920.0,30,1078.0,18.271186440677965,4.079304166504131,0,0.0,1.0,16,931.0,0.0852760121395704,5,146.0,0.27238858492836593,3,92.0,0.4062826513817697,24,1169.0
925.0,32,1234.0,20.229508196721312,3.3812872108722094,0,0.0,1.0,17,1015.0,0.10309036020094271,5,168.0,0.15256856933175075,3,107.0,0.38270857435253913,25,1290.0
930.0,35,1061.0,17.112903225806452,3.0653467082160306,0,0.0,1.0,13,874.0,0.16460692078488412,6,194.0,0.012953905809218359,4,123.0,0.16582119921645355,23,1191.0
935.0,28,793.0,12.587301587301587,3.4947857866500844,0,0.0,1.0,5,601.0,0.2195874149199731,6,224.0,0.0012762053624088075,4,144.0,0.16384442859822795,15,969.0
940.0,22,594.0,9.28125,4.187420194974095,0,0.0,1.0,1,360.0,0.3627744309277472,2,147.0,0.026468074010381353,5,169.0,0.12297153091279843,8,676.0
945.0,20,634.0,9.753846153846155,5.604585117992465,0,3.0,0.6120059079357432,2,216.0,0.4789171798452133,2,113.0,0.3157718389734681,5,194.0,0.09926032505222405,9,526.0
950.0,24,690.0,10.78125,5.025933153997332,1,10.0,0.1843749649634096,4,230.0,0.35077099531332134,2,123.0,0.39787788555355486,6,220.0,0.13435626332439296,13,583.0
955.0,22,516.0,8.459016393442623,4.2175535443485686,4,25.0,0.008869398967447375,5,250.0,0.165375816430195,2,133.0,0.47254729549753816,7,248.0,0.12159589568059423,18,656.0
960.0,18,408.0,6.915254237288136,4.500038458356527,4,45.0,0.002500510853240449,8,364.0,0.2129153658978045,0,84.0,0.6803134612549936,6,278.0,0.16489216853749544,18,771.0
965.0,10,151.0,2.6964285714285716,4.71303003075641,0,17.0,0.2229939966270191,9,406.0,0.1301477225135035,0,0.0,0.9411246849599729,1,79.0,0.24077197364816935,10,502.0
970.0,7,118.0,2.1454545454545455,5.784134849739576,0,3.0,0.38315836210535553,7,339.0,0.18428648744140944,0,9.0,0.7017778437236082,0,14.0,0.5954136924611011,7,365.0
975.0,5,109.0,2.0185185185185186,6.619649056467374,0,0.0,1.0,3,179.0,0.30434093957233305,2,74.0,0.3348255296724149,0,0.0,0.941262884336364,5,253.0
980.0,3,122.0,2.30188679245283,6.6828291681741865,0,0.0,1.0,3,131.0,0.32071837753127386,0,65.0,0.19264902367808293,0,0.0,0.9456714123950144,3,196.0
985.0,5,143.0,2.6481481481481484,7.963833962101695,0,0.0,1.0,3,143.0,0.4878602427100793,1,68.0,0.3738632878615305,1,1.0,0.4903805413270417,5,212.0
990.0,6,170.0,3.1481481481481484,8.464221845534972,0,0.0,1.0,4,163.0,0.5456498664697949,1,73.0,0.5873072322117339,1,6.0,0.48775213485990476,6,242.0
995.0,7,205.0,3.8679245283018866,7.8559645691706566,0,0.0,1.0,5,188.0,0.5271477290539521,1,78.0,0.29713611297646,1,11.0,0.6582294794740552,7,277.0
1000.0,9,250.0,5.1020408163265305,6.7193188531300265,0,0.0,1.0,7,223.0,0.4778993832046679,1,83.0,0.6202137457469389,1,16.0,0.3342583886310495,9,322.0
1005.0,8,274.0,5.591836734693878,6.718253074240503,0,0.0,1.0,7,274.0,0.5061797604063888,1,88.0,0.307041194867685,0,0.0,0.7615377679882921,8,362.0
1010.0,7,270.0,5.1923076923076925,7.534941434023022,0,0.0,1.0,5,289.0,0.55849699984648,2,104.0,0.4007391474073193,0,0.0,0.9014959431580644,7,393.0
1015.0,10,310.0,6.326530612244898,6.634087411689267,0,0.0,1.0,6,271.0,0.26828946515039304,4,117.0,0.23603387718437965,0,0.0,0.9403738955823908,10,388.0
1020.0,10,354.0,7.08,6.142213029923556,0,0.0,1.0,8,309.0,0.09771269747998779,2,121.0,0.3762379199310226,0,0.0,0.9741071409993018,10,430.0
1025.0,11,407.0,8.14,6.489740112123014,0,0.0,1.0,9,360.0,0.19836408877529987,2,131.0,0.4687506338221442,0,0.0,0.9605793473542219,11,491.0
1030.0,16,479.0,9.211538461538462,6.347044484737717,0,0.0,1.0,13,421.0,0.25193913776978116,2,141.0,0.4810620549241158,0,0.0,0.5897737444208678,15,562.0
1035.0,16,556.0,10.692307692307692,6.122840465112042,0,0.0,1.0,13,486.0,0.2707045920114539,2,151.0,0.49089908166453167,1,4.0,0.4667152054009706,16,641.0
1040.0,17,640.0,12.307692307692308,5.841961612550687,0,0.0,1.0,13,551.0,0.312170154447435,2,161.0,0.47835666404720295,2,13.0,0.4631367995573347,17,725.0
1045.0,19,706.0,13.320754716981131,5.586616668920628,0,0.0,1.0,16,617.0,0.2307934114225318,3,172.0,0.20900009528039967,0,0.0,0.9538824918222887,19,789.0
1050.0,20,801.0,14.563636363636364,5.1554845773325555,0,0.0,1.0,15,689.0,0.1710978355986293,4,194.0,0.18197837236183437,0,0.0,0.9567454055289859,19,883.0
1055.0,22,903.0,16.72222222222222,4.577936783992153,0,0.0,1.0,16,769.0,0.12885854837759592,6,220.0,0.0549947263006082,0,0.0,0.9322964795888969,22,989.0
1060.0,24,1017.0,19.18867924528302,4.294755147533061,0,0.0,1.0,18,853.0,0.12783543652332824,6,250.0,0.023992234058582345,0,0.0,0.9779609189825398,24,1103.0
1065.0,23,985.0,17.589285714285715,4.164074380259551,0,0.0,1.0,20,949.0,0.0424821670861564,3,115.0,0.02288230534618474,0,0.0,0.9374434090011258,23,1064.0
1070.0,25,1103.0,19.696428571428573,4.313752940378189,0,0.0,1.0,20,1052.0,0.09920766519751183,4,72.0,0.030932810869730078,1,2.0,0.595515679054264,25,1126.0
1075.0,16,319.0,5.5964912280701755,4.49168396641245,0,0.0,1.0,8,550.0,0.1616958723024476,5,96.0,0.00019592212713195144,2,10.0,0.32397019044092873,15,656.0
1080.0,11,212.0,3.719298245614035,5.268991883054056,0,0.0,1.0,2,242.0,0.35517496088299194,5,121.0,0.0,2,20.0,0.4720201478865903,9,383.0
1085.0,12,272.0,4.689655172413793,6.30561327400546,0,0.0,1.0,2,94.0,0.6284998225231949,5,155.0,0.39920779257537276,2,30.0,0.5735374559384084,9,279.0
1090.0,14,337.0,5.711864406779661,7.012014035671767,0,0.0,1.0,2,90.0,0.5407787469058969,5,180.0,0.5773738308307188,2,40.0,0.5721100488209813,9,310.0
1095.0,16,413.0,7.0,7.1578213748019905,0,0.0,1.0,3,104.0,0.5385465961103639,5,205.0,0.6139995039713912,3,52.0,0.38613979008531235,11,361.0
1100.0,18,497.0,8.016129032258064,6.778692255620506,0,0.0,1.0,4,118.0,0.477995734714321,5,230.0,0.6116328621598437,4,69.0,0.17406482783539992,13,417.0
1105.0,14,484.0,8.203389830508474,6.02580956980851,0,0.0,1.0,4,138.0,0.16186648906158216,5,255.0,0.6095699395708941,4,89.0,0.12442895166452946,13,482.0
1110.0,15,538.0,9.962962962962964,5.490421331502997,0,0.0,1.0,5,163.0,0.2628111489954895,6,281.0,0.4392482881417919,4,109.0,0.12860532659521898,15,553.0
1115.0,13,565.0,10.272727272727273,5.1462225680155145,0,0.0,1.0,2,146.0,0.3476064445028844,6,311.0,0.23142732969844526,5,132.0,0.26671072954223696,13,589.0
1120.0,11,480.0,8.571428571428571,4.981480421439021,0,0.0,1.0,3,150.0,0.09906720571829813,8,345.0,0.10669329526770233,0,28.0,0.5589187991788165,11,523.0
1125.0,6,172.0,2.9655172413793105,5.794991725886889,0,0.0,1.0,4,169.0,0.14671183896911466,1,87.0,0.2655652038594544,1,22.0,0.7135104169346433,6,278.0
1130.0,4,189.0,3.375,6.906916555257557,0,0.0,1.0,4,195.0,0.4679297918722283,0,10.0,0.4698241068360707,0,0.0,0.9654322006440329,4,205.0
1135.0,1,18.0,0.32142857142857145,7.78378915072386,0,3.0,0.5249764775639835,1,37.0,0.7737376093946512,0,3.0,0.6515732361526292,0,0.0,0.9881714749676684,1,43.0
1140.0,5,33.0,0.6,7.652010499186099,3,12.0,0.08647444978169104,2,30.0,0.7894090590184878,0,6.0,0.9038310224012474,0,0.0,0.9397630068151724,5,48.0
1145.0,7,64.0,1.1851851851851851,6.891856779016204,3,27.0,0.02810967526901216,3,42.0,0.7271196713973871,0,6.0,0.9260925984664213,0,0.0,0.587547869749972,6,75.0
1150.0,11,104.0,2.0,6.138490078077617,6,51.0,0.013703301271026473,3,57.0,0.7025924253146425,1,7.0,0.705388376706647,1,4.0,0.4917608281197607,11,119.0
1155.0,15,167.0,2.9298245614035086,5.478443051786672,9,88.0,0.010829895985618447,4,73.0,0.5758899105583031,1,12.0,0.4006499308491791,1,9.0,0.6400535818532505,15,182.0
1160.0,20,244.0,4.206896551724138,5.278684465634371,12,141.0,0.0013445031935525769,5,92.0,0.34626362890700974,3,22.0,0.4538827817249946,0,0.0,0.9594305586357826,20,255.0
1165.0,21,326.0,5.719298245614035,5.151639572522456,12,201.0,0.00044361103257741625,6,103.0,0.27721367902365773,3,57.0,0.4107655661861756,0,0.0,0.935106617612371,21,361.0
1170.0,27,449.0,8.017857142857142,4.716056318493593,12,261.0,0.00010719713939420996,8,136.0,0.1567702269672969,7,67.0,0.12097724843061809,0,0.0,0.9377735550273012,27,464.0
1175.0,29,586.0,10.10344827586207,4.205728255750837,12,321.0,1.7537869823414327e-05,10,178.0,0.11047742105972609,7,105.0,0.2713087604928484,0,0.0,0.9847570725693588,29,604.0
1180.0,29,729.0,12.568965517241379,4.165333978313318,12,381.0,4.600091734339466e-06,10,227.0,0.12809733305954055,7,140.0,0.2584955459028672,0,0.0,0.47495189306518243,29,748.0
1185.0,30,879.0,14.898305084745763,4.366882222477053,12,441.0,8.922491650703797e-07,10,277.0,0.15628347617267313,7,175.0,0.24006167902252756,1,5.0,0.4644993298060799,30,898.0
1190.0,32,1036.0,16.983606557377048,4.242855850059453,12,501.0,0.0,10,327.0,0.0823686804124474,9,217.0,0.17374233295392622,1,10.0,0.517217339862554,32,1055.0
1195.0,27,1044.0,16.838709677419356,4.497095961961002,12,561.0,0.0,11,382.0,0.08894459895493928,3,147.0,0.29307822019469976,1,15.0,0.5451078024351281,27,1105.0
1200.0,26,1107.0,17.85483870967742,5.16847769952387,12,621.0,0.0,11,440.0,0.1563172686439751,1,67.0,0.5464563042894215,2,24.0,0.4663362894968248,26,1152.0
1205.0,16,779.0,12.365079365079366,5.655264391876904,12,681.0,0.0,1,155.0,0.4122054132147543,1,8.0,0.32220209834476543,2,34.0,0.49965953913251665,16,878.0
1210.0,10,421.0,6.578125,6.16208445631678,6,516.0,0.0068755005450327695,0,37.0,0.7149689364896786,2,17.0,7.06693346686676e-06,2,44.0,0.583467483299523,10,614.0
1215.0,5,115.0,1.796875,7.21308476411552,0,340.0,0.10178741163335907,1,8.0,0.7482944479932363,2,36.0,0.5499358657307374,2,54.0,0.33466390598029977,5,438.0
1220.0,3,76.0,1.2459016393442623,7.903137080373065,0,166.0,0.39753967895360454,1,13.0,0.7620393960874494,2,46.0,0.7708537492516288,0,0.0,0.3680317782032099,3,225.0
1225.0,3,91.0,1.467741935483871,8.892158638795921,0,0.0,1.0,1,18.0,0.8101957568474999,2,59.0,0.7448983185838491,0,0.0,0.5694210598973487,3,77.0
1230.0,4,107.0,1.671875,8.577088317601612,0,0.0,1.0,1,23.0,0.7313220793831244,3,70.0,0.568427025293608,0,0.0,0.90460569064413,4,93.0
1235.0,13,150.0,2.459016393442623,7.298756474522699,0,0.0,1.0,4,36.0,0.25740679862846527,7,94.0,0.40259708981233583,0,0.0,0.9591606022731723,11,130.0
1240.0,13,207.0,3.6315789473684212,6.485138847597981,0,0.0,1.0,5,60.0,0.1656410039977263,8,133.0,0.2388378796785646,0,0.0,0.9700291024371085,13,193.0
1245.0,13,244.0,4.60377358490566,5.794713345032468,0,0.0,1.0,4,53.0,0.24102466592205476,8,173.0,0.10178484703580128,0,0.0,0.9602590694650681,12,226.0
1250.0,16,316.0,6.448979591836735,5.662748192767927,0,0.0,1.0,5,76.0,0.2555884133695539,10,221.0,0.11330039997493578,0,0.0,0.9558867016717238,15,297.0
1255.0,19,382.0,7.64,5.394949384592901,0,0.0,1.0,5,101.0,0.3662177671630241,11,256.0,0.09031425703362164,0,0.0,0.6498219513943303,16,357.0
1260.0,22,485.0,9.509803921568627,4.981201870324383,0,0.0,1.0,5,126.0,0.2525093478261739,13,314.0,0.001661275394786573,1,5.0,0.7256777215535433,19,445.0
1265.0,15,407.0,7.826923076923077,5.013656686323437,0,0.0,1.0,0,141.0,0.18465443707970208,14,384.0,0.0003935779039280532,1,10.0,0.7745193122712989,15,535.0
1270.0,18,488.0,9.037037037037036,5.407059306665987,0,0.0,1.0,0,0.0,0.7871017167513162,14,454.0,0.07571976340252266,2,17.0,0.5753290917729618,16,471.0
1275.0,20,576.0,10.472727272727273,5.562301243838158,0,0.0,1.0,1,1.0,0.728445370665182,15,528.0,0.1872564653354008,3,28.0,0.3669646342575706,19,557.0
1280.0,9,147.0,2.672727272727273,5.939166504304655,0,0.0,1.0,1,6.0,0.6522868513462948,5,248.0,0.3912779393441813,3,43.0,0.19967579496676416,9,297.0
1285.0,9,133.0,2.418181818181818,6.186389192844436,0,9.0,0.620371122640349,2,22.0,0.3478600446839889,2,116.0,0.6361331697628922,4,63.0,0.13066967179541755,8,210.0
1290.0,12,187.0,3.280701754385965,6.2314857040244,0,0.0,0.4473800296209654,5,47.0,0.4565983225526719,2,69.0,0.6168406994715399,5,87.0,0.15976850058640013,12,203.0
1295.0,13,252.0,4.581818181818182,6.375658599909521,0,0.0,0.7617742533703538,5,72.0,0.47542863638209976,3,84.0,0.5547632509539975,5,112.0,0.22892601855236094,13,268.0
1300.0,14,319.0,5.907407407407407,6.295004731281787,0,0.0,1.0,6,96.0,0.2930614025821401,3,99.0,0.4933968796860955,5,137.0,0.33387554123018565,14,332.0
1305.0,11,215.0,3.909090909090909,6.45399189495499,0,0.0,1.0,4,85.0,0.4642438461367767,5,118.0,0.24511755009616645,1,55.0,0.46060748796520457,10,258.0
1310.0,11,243.0,4.418181818181818,6.92317355796281,0,0.0,1.0,4,107.0,0.4634257384736463,6,158.0,0.2571040370985051,0,25.0,0.7739730380163403,10,290.0
1315.0,13,293.0,5.232142857142857,6.75159733281546,0,0.0,1.0,4,121.0,0.44547088939216917,9,200.0,0.20458891916917854,0,0.0,0.9451964779187159,13,321.0
1320.0,15,339.0,6.519230769230769,6.59128829605233,0,0.0,1.0,4,139.0,0.4723091733924266,11,226.0,0.193165686255437,0,0.0,0.6992750591616237,15,365.0
1325.0,18,425.0,8.173076923076923,6.39715930717122,0,0.0,1.0,5,162.0,0.34136725042227994,12,284.0,0.2832246763012318,1,5.0,0.6405531530985793,18,451.0
1330.0,20,522.0,10.235294117647058,5.9697782362796605,0,0.0,1.0,7,194.0,0.2632494127160102,12,344.0,0.27299748462451623,1,10.0,0.6090723434458974,20,548.0
1335.0,24,632.0,11.49090909090909,4.39345675913989,0,0.0,1.0,8,230.0,0.24350076680360144,13,405.0,0.24654531294274504,2,18.0,0.17279914273070426,23,653.0
1340.0,20,511.0,9.290909090909091,3.7906119469231223,0,0.0,1.0,9,272.0,0.17542055930278314,5,270.0,0.18420398450986972,3,32.0,0.15002428644208682,17,574.0
1345.0,13,361.0,6.5636363636363635,5.365191219740136,0,6.0,0.5558150211629941,5,200.0,0.24849138600886533,3,216.0,0.3667526996327061,3,47.0,0.2457729537833358,11,469.0
1350.0,8,268.0,4.872727272727273,6.986784345937247,1,7.0,0.37782092432768,0,51.0,0.6188266408414573,3,200.0,0.38364498899024363,3,62.0,0.2480103935175835,7,320.0
1355.0,8,303.0,5.410714285714286,6.932751283505376,0,0.0,0.08029150791700343,1,11.0,0.7632506167632855,3,218.0,0.5078026372948304,3,77.0,0.3360916403365507,7,306.0
1360.0,8,343.0,6.125,7.229333605072806,0,0.0,1.0,1,15.0,0.8071284978895737,3,233.0,0.5930678514871637,3,92.0,0.44033439354711007,7,340.0
1365.0,6,163.0,3.0185185185185186,7.681557886971782,0,0.0,1.0,0,18.0,0.8288513891003944,1,136.0,0.7565361679085112,3,107.0,0.32753892535870777,4,261.0
1370.0,8,199.0,3.491228070175439,7.710395799095164,0,3.0,0.9946629266005867,0,9.0,0.9610076192545011,2,35.0,0.6931697293647966,4,127.0,0.33720808836395627,6,174.0
1375.0,8,193.0,3.3275862068965516,7.522708756201142,1,1.0,0.00032128424343575297,0,3.0,0.727385629642738,3,49.0,0.657806264861413,4,147.0,0.342821254467796,8,200.0
1380.0,10,239.0,3.9833333333333334,7.4894004581280935,1,6.0,0.0,1,5.0,0.7347270072033097,3,64.0,0.6596781051058113,5,168.0,0.15361684838359685,10,243.0
1385.0,12,285.0,4.913793103448276,7.140405344824204,1,11.0,0.0,0,0.0,0.8231782771647902,6,85.0,0.47816565856687454,5,193.0,0.14530569534258356,12,289.0
1390.0,15,354.0,5.9,6.538556415348763,1,16.0,0.0,0,0.0,0.7291345678503536,7,117.0,0.30569708601360174,6,221.0,0.10444995313247533,14,354.0
1395.0,18,441.0,7.35,6.186573400818641,1,21.0,0.0,1,14.0,0.6768277913998874,8,157.0,0.21421149002522322,6,251.0,0.08549874996662209,16,443.0
1400.0,20,538.0,9.43859649122807,5.797056580450731,1,26.0,0.0,1,19.0,0.6963344002775739,10,204.0,0.20598525033658352,6,281.0,0.11206334770460052,18,530.0
1405.0,15,477.0,8.224137931034482,5.84528921945614,1,31.0,0.0,1,15.0,0.7233339213634736,5,166.0,0.23381980655209045,8,313.0,0.10518001007896938,15,525.0
1410.0,12,507.0,9.75,6.158559972738268,1,39.0,0.3641279096088607,1,20.0,0.5215091593946193,3,134.0,0.4380355964216899,7,348.0,0.15114187746189983,12,541.0
1415.0,13,533.0,10.056603773584905,5.4955444460158,0,3.0,0.6541256285608396,3,32.0,0.20034872306403964,3,118.0,0.19220046604747942,7,383.0,0.1164343440259311,13,536.0
1420.0,16,612.0,11.76923076923077,6.012345345358326,0,0.0,1.0,4,54.0,0.28033821060639735,5,142.0,0.16638633175762044,7,418.0,0.11178355921189669,16,614.0
1425.0,15,669.0,12.622641509433961,6.39233292499134,0,0.0,1.0,2,49.0,0.25507330855508875,5,167.0,0.14988251879538042,8,455.0,0.18531380811538012,15,671.0
1430.0,16,748.0,13.6,6.318101685192692,0,0.0,1.0,3,61.0,0.18479095714166152,5,192.0,0.0,8,495.0,0.17255387402052896,16,748.0
1435.0,14,712.0,13.185185185185185,6.623510155682167,0,0.0,0.8522105738772172,3,76.0,0.24940088088652215,3,123.0,0.2303772032398596,8,535.0,0.23398723224864845,14,734.0
1440.0,15,760.0,14.339622641509434,6.929507864917618,0,0.0,0.9699580550187352,3,94.0,0.3868081701476025,2,95.0,0.30161243050764847,9,576.0,0.24546037584891708,14,765.0
1445.0,16,834.0,16.352941176470587,6.160294747501499,1,2.0,0.007148022348929894,3,109.0,0.39277214680259664,2,105.0,0.3195854992313078,9,621.0,0.24089690837944167,15,837.0
1450.0,16,908.0,17.46153846153846,6.238064224515066,1,7.0,1.2857398523209212e-05,3,125.0,0.43920783982535255,2,115.0,0.30085157077878,10,668.0,0.19530409631921272,16,915.0
1455.0,16,977.0,19.15686274509804,5.330685848979833,0,0.0,1.0,3,139.0,0.42749207223086777,2,125.0,0.4669218651779006,11,719.0,0.07946431584667034,16,983.0
1460.0,10,440.0,8.461538461538462,5.542468478519536,0,0.0,1.0,3,154.0,0.3732725928818675,2,132.0,0.3304701686415173,5,412.0,0.11213816147126231,10,698.0
1465.0,2,142.0,2.730769230769231,7.053231405254632,0,0.0,1.0,0,6.0,0.6297193757266675,2,148.0,0.55374520576084,0,154.0,0.3668682143909721,2,308.0
1470.0,2,152.0,2.923076923076923,7.9508694532718405,0,0.0,1.0,0,0.0,0.9228324110967429,2,152.0,0.49507293607301145,0,1.0,0.6110292137348559,2,153.0
1475.0,7,173.0,3.2641509433962264,7.823658379482602,0,0.0,1.0,0,0.0,0.9406865395746555,7,182.0,0.2520054958809426,0,0.0,0.9913203798395362,7,182.0
1480.0,9,213.0,3.8727272727272726,7.4337452905078525,0,0.0,1.0,0,0.0,0.9506670872708248,8,220.0,0.3406343033265999,0,0.0,0.9545886629040244,8,220.0
1485.0,10,256.0,4.654545454545454,7.156826449646368,0,0.0,1.0,1,4.0,0.7190316755643776,9,263.0,0.27105508172365994,0,0.0,0.859802035044802,10,267.0
1490.0,15,323.0,5.666666666666667,6.567475017416088,0,0.0,1.0,2,12.0,0.5692429620798063,12,314.0,0.2658020610549543,1,4.0,0.42369843165352344,15,330.0
1495.0,14,316.0,5.448275862068965,6.080256138194249,0,0.0,1.0,2,22.0,0.4719212899577556,8,310.0,0.32958664912919294,2,12.0,0.5216242567596037,12,344.0
1500.0,15,365.0,6.293103448275862,5.757659056257565,0,0.0,1.0,3,35.0,0.1724316302041621,5,284.0,0.3117178982043081,2,22.0,0.47673154759961917,10,341.0
1505.0,11,357.0,6.155172413793103,6.571894552528867,0,0.0,1.0,0,16.0,0.6944381707931158,5,302.0,0.2771912352433083,0,12.0,0.6673938350990939,5,330.0
1510.0,12,413.0,7.0,7.208150269959784,0,0.0,0.9972667960556868,0,6.0,0.9333574758146117,5,330.0,0.255658637130131,0,0.0,0.9583377989782649,5,336.0
1515.0,15,479.0,7.725806451612903,7.478471403811023,0,0.0,0.9963191051963909,0,6.0,0.871166190303771,5,355.0,0.40991973230541173,0,0.0,0.9601195643245286,5,361.0
1520.0,16,310.0,4.920634920634921,6.812888406686565,1,1.0,0.00477105035267353,1,11.0,0.8788912247735235,3,243.0,0.293660368340666,0,0.0,0.9326926799259523,5,255.0
1525.0,17,359.0,5.885245901639344,7.031295420649889,1,6.0,0.0,1,16.0,0.8574321010857029,3,109.0,0.4797869375971932,0,0.0,0.9739878851935947,5,131.0
1530.0,18,438.0,7.423728813559322,6.268749481368286,1,11.0,0.05583175534475064,2,22.0,0.6757453223544054,3,124.0,0.5363811512179758,0,0.0,0.9622458273505143,6,157.0
1535.0,22,542.0,9.033333333333333,5.712026505654547,1,16.0,0.0,5,42.0,0.49252132459578196,3,139.0,0.5522327003889534,0,0.0,0.6306731335296515,9,197.0
1540.0,24,658.0,11.344827586206897,4.3451329659210325,1,21.0,0.0,6,68.0,0.30495789847589105,3,154.0,0.4098563278651796,1,5.0,0.5509442195804958,11,248.0
1545.0,25,756.0,12.813559322033898,4.269597778877495,1,26.0,0.0,5,67.0,0.3268458752785555,4,174.0,0.16826186878289023,1,10.0,0.6370045224217988,11,277.0
1550.0,27,764.0,12.524590163934427,4.2910589498625695,1,31.0,0.0,7,97.0,0.3292784121898324,6,203.0,0.23956557015567514,1,15.0,0.6963407335344218,15,346.0
1555.0,30,822.0,13.7,4.43875278108054,1,36.0,0.0,11,141.0,0.13745569133824306,6,233.0,0.23418723523383123,1,20.0,0.7047154999670604,19,430.0
1560.0,32,976.0,16.0,4.160805018471851,1,41.0,0.0,11,196.0,0.1925807323955369,6,263.0,0.0538270651239778,1,25.0,0.6457964341252286,19,525.0
1565.0,35,1115.0,18.278688524590162,3.316336069614468,1,46.0,0.0,11,251.0,0.19009533000316983,7,296.0,0.0028998433126610234,0,0.0,0.653866809993896,19,593.0
1570.0,38,1295.0,21.229508196721312,3.2758908425784905,1,51.0,0.0,13,309.0,0.09012590768038443,8,338.0,0.10523387499260961,0,0.0,0.9281973545988716,22,698.0
1575.0,39,1486.0,24.766666666666666,3.0467391714878156,1,56.0,0.0,13,374.0,0.12123545507505297,9,379.0,0.13013904315529645,0,0.0,0.9546591547605439,23,809.0
1580.0,40,1684.0,28.54237288135593,2.7404010386199,1,61.0,0.0,13,439.0,0.1271495113518255,10,427.0,0.05212383600367431,0,0.0,0.9148356882205463,24,927.0
1585.0,43,1896.0,30.580645161290324,2.6619883825142336,1,66.0,0.0,13,504.0,0.19291485494107835,13,489.0,0.0003882670544595225,0,0.0,0.6190395233937255,27,1059.0
1590.0,38,1895.0,29.609375,2.595417351240739,1,71.0,0.0,14,571.0,0.12418877334535683,6,358.0,0.008323620872127426,1,2.0,0.5166031381768436,22,1002.0
1595.0,37,2011.0,30.93846153846154,2.9875975332316678,1,82.0,0.431903197372627,14,702.0,0.1566250541732817,5,351.0,0.08793051433411156,2,10.0,0.32868304360927003,22,1145.0
1600.0,38,2163.0,32.77272727272727,3.584914665982383,2,88.0,0.21541132423699355,15,774.0,0.26150703417407123,5,367.0,0.21882253554463388,2,20.0,0.3249318876005167,24,1249.0
1605.0,32,1898.0,27.507246376811594,4.02318638656083,0,3.0,0.024081617776320136,15,797.0,0.2429913052486189,5,392.0,0.15057959596553394,0,0.0,0.9493966011769661,20,1192.0
1610.0,28,1588.0,23.352941176470587,4.719008983703761,0,0.0,1.0,15,872.0,0.26804367110476496,5,420.0,0.20317674476073508,0,0.0,0.9341102160929582,20,1292.0
1615.0,25,1411.0,20.44927536231884,4.833572013229699,0,0.0,1.0,16,951.0,0.2708860305532132,5,445.0,0.11591056311723065,0,0.0,0.9601482096393189,21,1396.0
1620.0,27,1508.0,21.855072463768117,4.81710813123253,0,0.0,1.0,16,1031.0,0.16411779993509223,7,480.0,0.187728799424329,0,0.0,0.9353669045994777,23,1511.0
1625.0,20,828.0,11.5,4.614776611447841,0,0.0,1.0,5,592.0,0.17179440066653498,7,515.0,0.2003047118879955,0,0.0,0.970757548971165,12,1107.0
1630.0,18,342.0,4.684931506849315,5.304114059447151,0,0.0,1.0,1,284.0,0.2719419870899827,6,429.0,0.22448588305769263,0,0.0,0.9376215919918918,7,713.0
1635.0,12,150.0,2.0833333333333335,6.231144045331124,0,0.0,1.0,1,92.0,0.4064376936215898,3,214.0,0.38813912794347605,0,0.0,0.4937263473552791,4,306.0
1640.0,11,135.0,1.9565217391304348,7.0219562654123076,0,0.0,0.031088673485712596,2,20.0,0.5717422225601525,4,116.0,0.5532870913461446,1,4.0,0.3619738259601432,7,140.0
1645.0,9,107.0,1.5735294117647058,7.277057120281535,1,5.0,8.713086384766278e-06,0,52.0,0.7666381845190003,5,263.0,0.5897818488509744,2,10.0,0.15448743049940186,8,330.0
1650.0,13,158.0,2.323529411764706,6.820838830800263,1,10.0,0.0,1,55.0,0.7693048217246926,6,287.0,0.44913371535056246,2,20.0,0.2783107090969446,10,372.0
1655.0,18,238.0,3.6615384615384614,6.4256206466508266,1,15.0,0.0,1,8.0,0.5569819840408206,7,324.0,0.46033198686468346,2,30.0,0.32074728615858644,11,377.0
1660.0,23,345.0,5.390625,5.644452266750419,1,20.0,0.0,2,18.0,0.5661794355098572,8,361.0,0.3484569173153107,2,40.0,0.48719118958841745,13,439.0
1665.0,20,374.0,6.131147540983607,5.054955452007672,0,0.0,1.0,3,32.0,0.32663641677262173,9,403.0,0.20052154051573767,2,50.0,0.4801697075360931,14,485.0
1670.0,11,182.0,3.192982456140351,4.987803097814226,0,0.0,1.0,4,51.0,0.18623783003128266,3,277.0,0.2412036132322965,3,62.0,0.27405063026880844,10,390.0
1675.0,10,211.0,3.7017543859649122,5.361152903750973,0,6.0,0.5261025751446569,5,71.0,0.16496195753774415,2,263.0,0.29141947515768163,3,77.0,0.3705324344108045,10,417.0
1680.0,13,266.0,4.586206896551724,5.839296814591615,0,0.0,0.7967058000648214,5,99.0,0.36380675722238237,3,238.0,0.0,3,92.0,0.34028623825253224,11,429.0
1685.0,12,319.0,5.5964912280701755,6.55585600597008,0,0.0,1.0,5,124.0,0.45109639722900485,3,253.0,0.15495764981542484,3,107.0,0.3235674765788175,11,484.0
1690.0,13,379.0,6.767857142857143,6.082980451691143,0,0.0,1.0,5,149.0,0.4241393654723786,4,271.0,0.012230400352483597,4,125.0,0.3095809509967991,13,545.0
1695.0,15,448.0,7.593220338983051,6.263272182142104,0,0.0,1.0,5,174.0,0.4639576407399431,5,294.0,2.8571996767521035e-05,5,146.0,0.16044514128360413,15,614.0
1700.0,10,353.0,6.086206896551724,6.332301463951929,0,0.0,1.0,5,199.0,0.4208111175320686,5,404.0,0.12068909048206433,0,17.0,0.4100710775818633,10,620.0
1705.0,9,230.0,4.035087719298246,6.260452048305266,0,0.0,1.0,3,95.0,0.3649829213109252,6,440.0,0.19902538986833457,0,0.0,0.8186445906992404,9,535.0
1710.0,13,283.0,5.2407407407407405,6.244498666419964,0,0.0,1.0,3,58.0,0.24009535582479663,10,532.0,0.06904854905319463,0,0.0,0.9591084682173432,13,590.0
1715.0,11,324.0,6.0,6.587831199200821,0,0.0,1.0,3,73.0,0.3985966681173542,8,564.0,0.2610116927274266,0,0.0,0.9413138176214825,11,637.0
1720.0,11,379.0,7.018518518518518,7.145513827471179,0,0.0,1.0,3,91.0,0.4030961665489161,8,598.0,0.3898098899239501,0,0.0,0.9584806338449319,11,689.0
1725.0,8,331.0,5.910714285714286,7.6893796092764175,0,0.0,1.0,0,23.0,0.6880292878735309,8,638.0,0.4482110198320581,0,0.0,0.975981212376326,8,661.0
1730.0,8,371.0,6.288135593220339,8.060392505840833,0,0.0,1.0,0,3.0,0.9691866503568415,8,678.0,0.41093057235923863,0,0.0,0.9653815297714805,8,681.0
1735.0,10,416.0,7.703703703703703,7.887120820945246,0,0.0,1.0,1,5.0,0.8406945519508803,8,721.0,0.4509320014070325,0,0.0,0.9038061951100256,9,726.0
1740.0,12,471.0,8.410714285714286,6.393822714636096,0,0.0,1.0,1,10.0,0.8425796242017694,8,761.0,0.3874824866320619,1,3.0,0.47759272666794694,10,774.0
1745.0,21,557.0,9.60344827586207,5.810440449146012,0,0.0,1.0,2,17.0,0.6936282672927566,12,811.0,0.1541035558567369,1,8.0,0.48428983047828217,15,836.0
1750.0,23,666.0,10.918032786885245,4.442486432882566,0,0.0,1.0,3,29.0,0.34823183040929795,12,871.0,0.1204662010551623,1,13.0,0.10948647217872882,16,913.0
1755.0,29,785.0,13.305084745762711,3.638269045415402,0,0.0,1.0,6,57.0,0.1706216185325075,14,935.0,0.11692710287084782,0,0.0,0.6325608597056314,20,992.0
1760.0,30,851.0,14.423728813559322,3.895626158992082,0,0.0,1.0,6,87.0,0.11582374472644046,14,925.0,0.08056735101168336,0,0.0,0.9804493625769904,20,1012.0
1765.0,34,988.0,15.935483870967742,3.5869662749005173,0,0.0,1.0,8,98.0,0.027983824601170264,16,1001.0,0.0016710465846391657,0,0.0,0.9489412025044319,24,1099.0
1770.0,36,1165.0,19.098360655737704,3.4301319387112197,0,0.0,1.0,8,138.0,0.05209110220617355,17,1086.0,1.5992726349316243e-05,0,0.0,0.9498278134202944,25,1224.0
1775.0,38,1350.0,21.774193548387096,2.9392399008779266,0,0.0,1.0,8,178.0,0.09867664349393793,18,1171.0,1.938822889902702e-06,0,0.0,0.6387195925916564,26,1349.0
1780.0,27,1166.0,18.806451612903224,3.414917292745375,0,0.0,1.0,8,218.0,0.10694432541310678,9,1095.0,0.016630827842595397,1,4.0,0.5924937487149468,18,1317.0
1785.0,18,1012.0,16.063492063492063,4.620086868497519,0,6.0,0.6135125689079666,8,264.0,0.23023287377159862,7,1043.0,0.04736294022449819,1,9.0,0.6980767125504447,16,1322.0
1790.0,13,761.0,11.890625,4.679178643595517,1,10.0,0.2973886536461169,0,57.0,0.5407527786956127,7,1034.0,0.0,2,16.0,0.4804817934582635,10,1117.0
1795.0,16,806.0,12.793650793650794,4.796008156169718,4,24.0,0.025160346357752543,0,32.0,0.8116861755460985,7,1069.0,0.0,0,0.0,0.9640094196061324,11,1125.0
1800.0,19,585.0,9.285714285714286,5.853164218236412,5,45.0,0.005968237753425998,0,6.0,0.956547137801059,5,916.0,0.37941190104191264,0,0.0,0.961496723676127,10,967.0
1805.0,14,142.0,2.3666666666666667,6.229809990031158,7,80.0,0.0007536781557481714,0,3.0,0.9558877442673288,0,543.0,0.4766138331822297,0,0.0,0.9845398438397341,7,626.0
1810.0,12,132.0,2.2,6.9342624741450205,7,115.0,0.00016678852678865219,0,3.0,0.9876209756191278,3,310.0,0.5346717843225295,0,0.0,0.9308831494155959,10,428.0
1815.0,11,170.0,2.9310344827586206,7.107055733450467,7,150.0,6.203928600155342e-05,0,3.0,0.7534629300359966,4,44.0,0.5450106021381261,0,0.0,0.9392831083907184,11,197.0
1820.0,12,228.0,3.8,7.064723155096224,7,185.0,4.24084791313173e-06,1,6.0,0.6601349648873155,4,61.0,0.5357359571772154,0,0.0,0.9557850205187738,12,252.0
1825.0,14,293.0,5.140350877192983,6.188137645291483,7,220.0,0.0,2,14.0,0.2590625179161278,5,80.0,0.3714116793862379,0,0.0,0.5776728186343855,14,314.0
1830.0,19,378.0,6.872727272727273,5.308987876042795,7,255.0,0.021063297529387515,3,63.0,0.36338170063855524,6,110.0,0.22688098594110145,1,4.0,0.48093794122096534,17,432.0
1835.0,20,467.0,8.49090909090909,5.320549622831341,8,293.0,0.0,3,78.0,0.3697191358606025,8,172.0,0.257094029937212,1,9.0,0.4938715429162282,20,552.0
1840.0,20,554.0,9.892857142857142,5.703945724914388,8,333.0,0.0,3,57.0,0.4446690430752544,9,213.0,0.1687075174252662,0,0.0,0.6264999889167973,20,603.0
1845.0,22,660.0,11.186440677966102,5.102488323535372,9,374.0,6.786063973237315e-05,4,77.0,0.34828213573078415,9,275.0,0.14849647394092422,0,0.0,0.7698245063153998,22,726.0
1850.0,23,762.0,12.915254237288135,4.223020633990753,9,419.0,0.0,5,99.0,0.14086964386299547,9,286.0,0.02130967063261222,0,0.0,0.9488803961161523,23,804.0
1855.0,21,792.0,12.98360655737705,5.1329610975434345,9,464.0,0.0,3,50.0,0.48844287465808794,9,312.0,0.041067144571539344,0,0.0,0.9828526678109815,21,826.0
1860.0,17,511.0,8.241935483870968,5.838937966894503,3,288.0,0.016287021712278537,3,65.0,0.5804910930909295,11,366.0,0.07859446308002235,0,0.0,0.9549026290631131,17,719.0
1865.0,15,479.0,7.725806451612903,6.348661546343106,0,105.0,0.3206079819785654,3,80.0,0.5895613145582792,11,427.0,0.19984929169488583,0,0.0,0.7543905596849241,14,612.0
1870.0,19,561.0,8.765625,5.935694133967891,0,0.0,1.0,4,97.0,0.3654966234829441,11,482.0,0.20545062843586734,1,3.0,0.4802074668465417,16,582.0
1875.0,21,657.0,10.265625,6.486799336346635,0,0.0,1.0,5,127.0,0.43496847582356446,11,537.0,0.2086063609794415,1,8.0,0.6501363388787081,17,672.0
1880.0,21,762.0,11.90625,6.172389175488277,0,0.0,1.0,5,155.0,0.4194920937355088,11,592.0,0.23741847380259692,1,13.0,0.335392280461529,17,760.0
1885.0,27,868.0,13.777777777777779,5.1549613820274836,0,0.0,1.0,7,182.0,0.3099407433891435,11,647.0,0.2017746342122894,0,0.0,0.9913751883628593,18,829.0
1890.0,20,364.0,5.967213114754099,4.466001577591548,0,0.0,1.0,8,218.0,0.22528521154915782,1,260.0,0.22332412336455532,0,0.0,0.9578108597451686,9,478.0
1895.0,19,424.0,7.066666666666666,5.021208262601449,0,9.0,0.5567227558491233,8,267.0,0.31903480447347893,0,44.0,0.47299336040658746,0,0.0,0.9826816073944094,8,320.0
1900.0,19,458.0,7.633333333333334,5.138978517214778,1,11.0,0.24020351331387355,9,310.0,0.36365426528295924,0,0.0,0.779636883054752,0,0.0,0.9639021669919744,10,321.0
1905.0,18,441.0,7.35,5.245672856230857,3,26.0,0.06648790434531338,9,355.0,0.472007989820296,0,0.0,0.9551634485108929,0,0.0,0.9319539980593574,12,381.0
1910.0,20,482.0,7.650793650793651,4.85917728949472,4,43.0,0.01910518352060256,10,417.0,0.462539630243595,0,0.0,0.9838130626199455,0,0.0,0.9211211578287425,14,460.0
1915.0,17,240.0,3.8095238095238093,5.250862299570242,8,75.0,0.006341895170653176,7,315.0,0.5107292265788749,0,0.0,0.9484256211349624,0,0.0,0.6002671112046173,15,390.0
1920.0,9,107.0,1.8448275862068966,6.669312310118797,8,115.0,0.0029928576491220524,0,124.0,0.6503825843809744,0,0.0,0.8708057997113099,1,2.0,0.47566748894067773,9,241.0
1925.0,16,169.0,3.1296296296296298,6.046182470026111,9,158.0,0.0005152799978787961,2,42.0,0.55344168189659,1,5.0,0.64182835752086,1,7.0,0.4817109905296351,13,212.0
1930.0,19,257.0,4.431034482758621,5.008208506103006,9,203.0,0.00019237370073456762,3,48.0,0.3702059503947332,1,8.0,0.6997934212416052,1,12.0,0.11040042169567554,14,271.0
1935.0,21,331.0,5.910714285714286,4.529451213059156,9,248.0,2.6368732179552528e-05,2,59.0,0.27027570351759955,1,13.0,0.7954289134405096,2,21.0,0.188662693099466,14,341.0
1940.0,20,424.0,7.43859649122807,4.52836721904677,9,293.0,3.872552117617801e-06,0,22.0,0.255580171564868,1,18.0,0.8175974093006175,2,31.0,0.3140687405328389,12,364.0
1945.0,19,484.0,8.203389830508474,5.350624386793457,9,338.0,0.03923513633589505,2,27.0,0.3954691900979032,1,23.0,0.8377619417274511,0,0.0,0.9950811020063439,12,388.0
1950.0,19,579.0,9.982758620689655,5.509813031710964,9,383.0,0.00231574731679811,2,53.0,0.43013590159279436,1,34.0,0.7153105670913323,0,0.0,0.9306711905084585,12,470.0
1955.0,20,585.0,10.086206896551724,5.828765123780888,10,430.0,0.0006850745827421366,2,63.0,0.5609527350897194,5,47.0,0.5189603840797079,0,0.0,0.9447021830443733,17,540.0
1960.0,17,571.0,10.381818181818181,5.575898634778833,10,480.0,0.00012537818426026256,2,73.0,0.26885406616799384,5,72.0,0.4524809389777017,0,0.0,0.9152270885624142,17,625.0
1965.0,19,663.0,11.23728813559322,5.934962197733564,10,530.0,3.342973487736585e-05,4,90.0,0.325283990397032,5,97.0,0.34089328645209915,0,0.0,0.9742470544870718,19,717.0
1970.0,22,768.0,13.714285714285714,5.3584669307295005,10,580.0,4.9579710610031685e-06,4,110.0,0.27896401036189794,8,133.0,0.24002502654172206,0,0.0,0.752279660904775,22,823.0
1975.0,23,809.0,15.264150943396226,4.930232134998407,10,630.0,1.2515867579743282e-06,2,44.0,0.27136505208746375,9,174.0,0.23444779616128927,2,6.0,0.3203140040627955,23,854.0
1980.0,15,447.0,8.277777777777779,5.537047782768931,4,426.0,0.01226974715018283,0,3.0,0.6350270723933992,9,260.0,0.18532412285941163,2,16.0,0.3030809266247501,15,705.0
1985.0,13,292.0,5.407407407407407,5.730590038517755,0,223.0,0.1417276733653871,1,2.0,0.6535121408903709,10,269.0,0.08515433723274862,2,26.0,0.1001525034476032,13,520.0
1990.0,12,322.0,6.0754716981132075,6.669738223483182,0,61.0,0.3320563447395472,1,7.0,0.6922414269565129,11,320.0,0.08243752506470299,0,0.0,0.8332588050235714,12,388.0
1995.0,13,381.0,7.62,7.085010099138067,0,0.0,1.0,1,14.0,0.7181030697437616,12,384.0,0.14379486203890518,0,0.0,0.9334108973915267,13,398.0
2000.0,6,136.0,2.5660377358490565,6.759299799769735,0,0.0,1.0,1,19.0,0.5073944836502952,5,209.0,0.08709834504950018,0,0.0,0.9526897971519583,6,228.0
2005.0,3,63.0,1.1886792452830188,7.676761334148567,0,3.0,0.8898056122050382,1,3.0,0.42660452820979017,2,133.0,0.33276645429161134,0,0.0,0.961744926172633,3,139.0
2010.0,3,78.0,1.56,8.587826053525536,0,6.0,0.3326524230131434,1,14.0,0.7596251105466582,2,72.0,0.4907069762402203,0,0.0,0.8889321039360175,3,92.0
2015.0,7,108.0,2.204081632653061,8.833406263343234,3,18.0,0.008525836054485354,1,42.0,0.7836802121316342,2,85.0,0.6003727072119235,1,3.0,0.4812064723650143,7,148.0
2020.0,7,75.0,1.6304347826086956,8.069543643541891,3,33.0,0.0027717705511974815,1,47.0,0.8437342919452012,1,26.0,0.6181859972576973,1,8.0,0.14067239171264492,6,114.0
2025.0,9,100.0,2.0833333333333335,7.803629598511999,4,53.0,0.0004104222025270671,0,6.0,0.8504847936312749,1,31.0,0.7350477525618779,2,17.0,0.2033604983737799,7,107.0
2030.0,10,148.0,3.148936170212766,7.430177911952262,4,73.0,7.566977533064929e-05,1,9.0,0.7169372785162604,1,36.0,0.7082270522093294,2,27.0,0.47867245004629455,8,145.0
2035.0,15,207.0,4.224489795918367,6.528236657069336,4,93.0,1.8179910667752545e-05,4,21.0,0.3126963352763992,1,41.0,0.5686135428075259,3,37.0,0.388151783108723,12,192.0
2040.0,16,280.0,5.714285714285714,5.1500155570959185,4,113.0,2.4356097278187457e-06,4,38.0,0.07842689910450337,2,51.0,0.41698490188295406,2,47.0,0.47352376663228446,12,249.0
2045.0,24,378.0,7.714285714285714,4.410684731780463,4,133.0,0.0,7,65.0,0.21525767924137995,4,65.0,0.15432431733885352,2,57.0,0.46041661366813,17,320.0
2050.0,23,468.0,9.36,4.633610112399957,4,153.0,0.0,7,100.0,0.12487600630290167,5,87.0,0.15735720095123146,2,67.0,0.30326789577079416,18,407.0
2055.0,15,425.0,8.173076923076923,4.639258399925899,4,173.0,0.0,0,24.0,0.2953400037856308,5,112.0,0.27310955112057106,2,77.0,0.23447361380859535,11,386.0
2060.0,19,518.0,9.773584905660377,5.169181036294838,4,193.0,0.0,0,0.0,0.8555274715459932,5,137.0,0.28222252247415597,4,96.0,0.30460710525967033,13,426.0
2065.0,20,530.0,10.192307692307692,4.581382193929886,4,213.0,0.13329079107730463,0,0.0,0.8357694715066198,4,79.0,0.28571122913115565,5,117.0,0.1599423804806815,13,409.0
2070.0,24,645.0,12.169811320754716,4.877996890796387,5,235.0,0.0,1,3.0,0.574667712424748,5,104.0,0.3663527147309034,5,142.0,0.15910131189984192,16,484.0
2075.0,24,765.0,14.166666666666666,5.046727949927674,5,260.0,1.868128181237975e-06,1,70.0,0.7440738893796791,5,129.0,0.366245001525967,5,167.0,0.16555922821503963,16,626.0
2080.0,24,862.0,15.672727272727272,4.461956629922597,5,285.0,0.0,1,75.0,0.7087213499945791,5,154.0,0.3568985829252144,5,192.0,0.12641980364306535,16,706.0
2085.0,23,909.0,18.18,4.1039657767606945,5,310.0,0.0,2,21.0,0.456834275503514,5,179.0,0.3621284580435938,5,217.0,0.14621413036670097,17,727.0
2090.0,20,824.0,15.547169811320755,4.529620707921664,5,335.0,0.0,2,31.0,0.5553090730610725,4,179.0,0.40810921475484885,6,243.0,0.17158598392627264,17,788.0
2095.0,17,858.0,16.18867924528302,4.995476571535233,5,360.0,0.0,2,41.0,0.5651737228395092,4,199.0,0.2502212871117202,6,273.0,0.18568178016566292,17,873.0
2100.0,16,925.0,17.12962962962963,5.4470825252259605,5,385.0,0.0,1,36.0,0.6680286852193978,4,220.0,0.26647778546150147,6,303.0,0.12640162637120994,16,944.0
2105.0,16,737.0,13.160714285714286,5.055726603817583,5,410.0,0.0,2,70.0,0.47309374534946735,6,304.0,0.24216878153196725,1,113.0,0.21008473580374548,14,897.0
2110.0,21,781.0,13.46551724137931,5.0596728380676135,5,435.0,0.0,4,85.0,0.36786030816777726,8,395.0,0.2645015448357238,0,49.0,0.5895469869749173,17,964.0
2115.0,25,893.0,14.883333333333333,4.666879939750265,5,460.0,0.0,4,105.0,0.35649491370942926,11,441.0,0.20339896737071983,0,0.0,0.8243168250312642,20,1006.0
2120.0,23,965.0,16.637931034482758,3.88978655157087,5,485.0,0.0,5,130.0,0.21764665274272813,12,501.0,0.11959987332340642,0,0.0,0.9529749762278727,22,1116.0
2125.0,26,1077.0,17.370967741935484,3.9807389529577217,5,510.0,0.0,7,160.0,0.08233999565953817,14,565.0,0.09367632367074405,0,0.0,0.9624789521379794,26,1235.0
2130.0,26,692.0,10.8125,3.8524954070318174,0,170.0,0.04179546112838903,8,197.0,0.15118696993495137,18,649.0,0.05007990544915493,0,0.0,0.9120496556553254,26,1016.0
2135.0,29,829.0,12.753846153846155,4.394494204141399,0,0.0,1.0,8,237.0,0.18472769604512726,20,744.0,0.06567498344479757,1,2.0,0.44251686744910596,29,983.0
2140.0,31,979.0,15.53968253968254,4.604740417679818,0,0.0,1.0,9,278.0,0.09522057697615618,20,844.0,0.04580547395011645,2,11.0,0.3154318434224125,31,1133.0
2145.0,31,1134.0,17.446153846153845,4.686982135059434,0,0.0,1.0,9,323.0,0.060248785469028183,20,944.0,0.0819247513724933,2,21.0,0.4784824406410393,31,1288.0
2150.0,31,1259.0,19.075757575757574,4.524281015917965,0,0.0,1.0,8,346.0,0.05606388266745024,21,1049.0,0.04451564699772164,1,17.0,0.4733903770667769,30,1412.0
2155.0,34,1423.0,21.238805970149254,4.459375009998632,0,0.0,1.0,8,386.0,0.10399379745985698,21,1157.0,0.010370202987853626,2,25.0,0.30952136093647525,31,1568.0
2160.0,33,1577.0,23.893939393939394,4.4225536961240834,0,0.0,1.0,8,426.0,0.1037465015114683,21,1267.0,0.07570324314047004,2,35.0,0.3204527039915282,31,1728.0
2165.0,33,1724.0,26.12121212121212,4.189589023868299,0,0.0,1.0,8,466.0,0.1929216985518265,22,1374.0,0.08209072150458796,2,45.0,0.43243024462418006,32,1885.0
2170.0,39,1910.0,28.507462686567163,3.6266892851509493,0,0.0,1.0,9,507.0,0.10004610029147679,22,1484.0,0.08032375145656966,2,55.0,0.2674981196228338,33,2046.0
2175.0,42,2105.0,30.507246376811594,3.6172020177498463,0,0.0,1.0,10,552.0,0.09003681940050604,22,1594.0,0.1181832233888808,3,66.0,0.24846948135575597,35,2212.0
2180.0,28,1241.0,17.23611111111111,3.894986143535718,0,0.0,1.0,9,597.0,0.09952352641500077,11,1095.0,0.0709244036273696,3,80.0,0.1959090766096665,23,1772.0
2185.0,19,939.0,13.414285714285715,4.759240091591487,0,3.0,0.6055518442226535,10,650.0,0.20898618957336676,4,669.0,0.1014075010946113,4,97.0,0.0768149846254734,18,1419.0
2190.0,13,874.0,12.13888888888889,5.937611425289571,0,3.0,0.5614867987696812,9,678.0,0.34573187574156206,4,390.0,0.247944965252451,0,14.0,0.38844845084586477,13,1085.0
2195.0,19,955.0,13.26388888888889,6.003440618371426,3,12.0,0.1056393888855138,10,724.0,0.4469329053183034,4,387.0,0.3266772291066205,0,0.0,0.9920831124461998,17,1123.0
2200.0,21,1047.0,14.14864864864865,6.152529337909707,3,27.0,0.035398119163618985,10,768.0,0.48155412333651737,5,409.0,0.4218653626187654,0,0.0,0.958217105782697,18,1204.0
2205.0,20,943.0,12.917808219178083,6.062401386218472,5,48.0,0.015311079929618795,10,818.0,0.5317822524286456,4,281.0,0.34022639655519255,0,0.0,0.9481619464769755,19,1147.0
2210.0,22,933.0,12.780821917808218,5.977028070562514,9,86.0,0.0032008681065955427,10,868.0,0.5119663316625818,1,106.0,0.39301671300645713,0,0.0,0.9389645276304699,20,1060.0
2215.0,29,1066.0,14.602739726027398,5.312982953269142,10,135.0,0.001005715590200487,10,918.0,0.4794935356565217,5,147.0,0.35394120972351495,0,0.0,0.9585779414971315,25,1200.0
2220.0,35,1229.0,16.386666666666667,4.269311041024312,10,185.0,0.00021217593168298886,13,977.0,0.2292462696966095,8,200.0,0.2477349972463212,0,0.0,0.7699855314672938,31,1362.0
2225.0,38,1408.0,18.526315789473685,4.0382503562540935,10,235.0,6.167567406394261e-05,15,1052.0,0.14716817246594519,8,228.0,0.11277916658044285,1,3.0,0.7206665972079078,34,1518.0
2230.0,41,1599.0,21.32,3.4342524108420176,10,285.0,0.00821294529004413,18,1135.0,0.0900960242622674,9,272.0,0.15480607221899492,0,0.0,0.938462382169292,37,1692.0
2235.0,36,1584.0,20.571428571428573,3.6753445532434803,4,200.0,0.01452388310003041,18,1225.0,0.1756766069473231,9,320.0,0.13690762968818468,0,0.0,0.957915996687692,31,1745.0
2240.0,35,1640.0,21.2987012987013,3.9397525094986627,0,113.0,0.12005370419260268,20,1323.0,0.18275460451478553,9,348.0,0.10276864313942524,0,0.0,0.9829215827927312,29,1784.0
2245.0,37,1737.0,21.9873417721519,4.579711158059188,0,29.0,0.384868155488057,23,1434.0,0.14484276756179926,10,394.0,0.0675661598210282,0,0.0,0.9341201058806249,33,1857.0
2250.0,40,1929.0,24.417721518987342,4.213037498222599,0,4.0,0.6054092883618242,23,1549.0,0.12649943644262207,11,445.0,0.08203379611348002,0,0.0,0.9892552626253671,34,1998.0
2255.0,40,1507.0,18.378048780487806,3.7591097541887613,0,0.0,1.0,20,1320.0,0.1065430598106926,13,491.0,0.00036861139424443346,0,0.0,0.6207596496991789,33,1811.0
2260.0,30,818.0,9.855421686746988,4.635570960406924,0,0.0,1.0,12,834.0,0.20361448788184996,13,556.0,0.0,2,8.0,0.32380825101560945,27,1398.0
2265.0,27,900.0,10.975609756097562,5.057253621017397,0,0.0,1.0,13,478.0,0.15414634391934148,10,584.0,0.07182270844728963,2,18.0,0.3182574873114745,25,1080.0
2270.0,28,1039.0,12.82716049382716,5.033260566930734,0,0.0,1.0,14,497.0,0.09611593685827004,10,622.0,0.20243394031346618,2,28.0,0.2605353734924625,26,1147.0
2275.0,32,1189.0,15.441558441558442,4.480333610683232,0,3.0,0.03986496903960013,15,568.0,0.12671052528026175,10,672.0,0.25566288627188516,2,38.0,0.08640868497878929,27,1281.0
2280.0,35,1345.0,18.943661971830984,4.057865323755578,0,0.0,1.0,15,643.0,0.20206243683228942,10,722.0,0.2996990073692086,3,53.0,0.17227076467485739,28,1418.0
2285.0,32,1345.0,18.680555555555557,4.248756904924,0,0.0,1.0,15,718.0,0.19462021632375795,8,690.0,0.34122227849012104,3,68.0,0.24820472641198052,26,1476.0
2290.0,30,1460.0,20.27777777777778,4.8423014755950495,0,0.0,1.0,16,798.0,0.14264829421463912,7,620.0,0.38660998145877995,3,83.0,0.35754158907680555,26,1501.0
2295.0,32,1613.0,22.095890410958905,4.558753508830544,0,0.0,1.0,17,916.0,0.1185527383854762,7,655.0,0.38130402445295064,3,98.0,0.28279623786174596,27,1669.0
2300.0,30,1760.0,24.444444444444443,4.772802134505867,0,0.0,1.0,16,994.0,0.1014700589028188,7,690.0,0.284111493494656,3,113.0,0.1975244755843353,26,1797.0
2305.0,33,1916.0,25.89189189189189,4.47777841359047,0,0.0,1.0,17,1076.0,0.09231127629416504,7,728.0,0.2628474690982239,4,129.0,0.21758901178688547,28,1933.0
2310.0,33,1938.0,26.54794520547945,4.03181803982243,0,0.0,1.0,19,1128.0,0.05149330141158911,8,768.0,0.10250354753748085,0,5.0,0.4056170245230311,27,1901.0
2315.0,36,2117.0,29.40277777777778,3.765819326440232,0,0.0,1.0,19,1223.0,0.09157735464718528,9,822.0,0.17520398718183514,0,0.0,0.9671041213992552,28,2045.0
2320.0,32,1433.0,19.63013698630137,3.5201238139691577,0,0.0,1.0,9,756.0,0.12295618789232057,11,871.0,0.0879297422934729,0,0.0,0.9581555928247191,20,1627.0
2325.0,26,1143.0,14.844155844155845,4.318094701450207,0,0.0,1.0,1,488.0,0.2864658389796419,12,931.0,0.0652476562618295,0,0.0,0.9779610216426191,13,1419.0
2330.0,29,1280.0,16.842105263157894,5.019709596365986,0,0.0,1.0,1,207.0,0.4496209457198549,14,1005.0,0.25196434512991506,0,0.0,0.9284299147863492,15,1212.0
2335.0,30,1426.0,19.27027027027027,5.214984024797032,0,0.0,1.0,1,28.0,0.6325968162922101,15,1073.0,0.31257216434979185,0,0.0,0.9651184242730824,16,1101.0
2340.0,32,1582.0,21.37837837837838,5.213341036818002,0,0.0,1.0,1,33.0,0.5151575508724,15,1148.0,0.3338945035975759,0,0.0,0.9342554813802042,16,1181.0
2345.0,33,1737.0,23.472972972972972,5.2393284888141345,0,0.0,1.0,3,43.0,0.3988595569929892,15,1223.0,0.3072306436439822,0,0.0,0.9442375100024561,18,1266.0
2350.0,34,1867.0,25.22972972972973,4.920608787481237,0,0.0,1.0,3,58.0,0.3306993898378254,16,1306.0,0.27399790192544543,0,0.0,0.8001623003542169,19,1364.0
2355.0,27,1724.0,24.62857142857143,4.729458624505169,0,0.0,1.0,4,76.0,0.4013078830918693,8,1167.0,0.323622640437278,1,2.0,0.6338635888096319,13,1245.0
2360.0,25,1777.0,27.338461538461537,4.699907475648075,0,6.0,0.8877613907997293,2,38.0,0.35251868335645653,7,1127.0,0.3524153477299557,2,9.0,0.25370301425154146,11,1180.0
2365.0,26,1907.0,29.796875,5.175336708310763,0,0.0,0.9433721410654831,3,56.0,0.5020020716214081,7,1145.0,0.0,2,19.0,0.14834097112480724,12,1220.0
2370.0,30,2048.0,32.0,4.969549005070919,0,0.0,1.0,4,74.0,0.5708478541328972,7,1183.0,0.20922577407133308,3,34.0,0.23101314769752462,14,1291.0
2375.0,31,2202.0,33.36363636363637,4.949478486903893,0,0.0,1.0,4,94.0,0.5838492884188079,7,1218.0,0.26997510741437747,3,49.0,0.24988600940013528,14,1361.0
2380.0,22,2049.0,30.582089552238806,5.708234826855203,0,0.0,1.0,1,68.0,0.8561405726453976,7,1253.0,0.2880272704577843,3,64.0,0.23574637251099156,11,1385.0
2385.0,19,2028.0,30.727272727272727,5.956431740219455,0,0.0,1.0,1,24.0,0.7609721295960239,7,1288.0,0.2040563712427267,3,79.0,0.41587542861858595,11,1391.0
2390.0,19,2039.0,33.42622950819672,5.8618314337589394,0,0.0,1.0,2,27.0,0.5764129615593594,7,1329.0,0.37460888987017776,0,0.0,0.7377921912158082,9,1356.0
2395.0,18,2120.0,34.193548387096776,6.295768960941079,0,0.0,1.0,2,77.0,0.5467513645468598,7,1370.0,0.4436310871252506,0,0.0,0.9422114901746683,9,1447.0
2400.0,22,2226.0,37.1,6.147564796542327,0,0.0,1.0,2,47.0,0.5923965872047524,7,1396.0,0.44331002702660377,0,0.0,0.9612675224551267,9,1443.0
2405.0,21,2317.0,39.271186440677965,6.202367939891975,0,0.0,1.0,1,71.0,0.710525738692501,7,1431.0,0.40202251365195113,0,0.0,0.9723173036167029,8,1502.0
2410.0,22,2424.0,42.526315789473685,6.464326361974323,0,0.0,1.0,1,76.0,0.826617854569697,7,1466.0,0.35901685661770366,1,2.0,0.6477523866774232,9,1544.0
2415.0,22,2534.0,44.45614035087719,5.841323856087175,0,0.0,0.7839685334192645,1,48.0,0.6391905583376968,7,1495.0,0.21751721044688174,1,5.0,0.5761146512776059,9,1548.0
2420.0,26,2659.0,46.64912280701754,4.309469769045262,0,0.0,1.0,3,63.0,0.5977347933676678,8,1533.0,0.04305822054752534,2,12.0,0.5141822688098768,13,1608.0
2425.0,27,2784.0,50.61818181818182,4.248580699743849,0,0.0,1.0,3,69.0,0.5568203341463248,9,1577.0,0.0,2,22.0,0.5632565202482924,14,1668.0
2430.0,29,2921.0,53.10909090909091,4.227108034313008,0,0.0,1.0,3,84.0,0.48313529851462805,9,1622.0,0.0,3,33.0,0.375223896879993,15,1739.0
2435.0,29,3066.0,53.78947368421053,4.572044417752054,0,0.0,1.0,3,99.0,0.23416132081577296,9,1670.0,0.18002263196123577,3,48.0,0.43436854212173576,15,1817.0
2440.0,29,3211.0,55.36206896551724,4.7562887618923515,0,0.0,1.0,3,121.0,0.36435436988421044,9,1715.0,0.17298829178243058,3,63.0,0.3168405654105119,15,1899.0
2445.0,29,3339.0,57.56896551724138,4.048471521007066,0,0.0,1.0,2,115.0,0.4788954235977744,9,1760.0,0.23692049721182806,4,82.0,0.1650971552034891,15,1957.0
2450.0,29,3018.0,51.152542372881356,3.8662422123973816,0,0.0,1.0,2,125.0,0.5183762013005336,7,1539.0,0.20682795138208973,5,107.0,0.07093742889788454,14,1771.0
2455.0,24,2004.0,33.96610169491525,4.6973970249472,0,3.0,0.9016129288497265,3,132.0,0.39263240461946497,2,1053.0,0.3252890309408888,5,132.0,0.08497654332395857,10,1320.0
2460.0,20,1186.0,20.10169491525424,5.240398181439142,0,0.0,1.0,3,147.0,0.46558374185792045,2,749.0,0.36271554880363704,6,158.0,0.143111513417078,11,1054.0
2465.0,17,678.0,11.689655172413794,5.640645596062542,0,0.0,1.0,2,148.0,0.6262785064365594,3,499.0,0.23733791225614442,6,188.0,0.13806421344266756,11,835.0
2470.0,18,551.0,9.032786885245901,5.9155528483904884,0,0.0,0.9605646184789676,2,158.0,0.6474471018114595,4,622.0,0.27634767831074625,6,218.0,0.18575980251060298,12,998.0
2475.0,14,555.0,9.40677966101695,5.695670328646528,0,0.0,1.0,2,168.0,0.6508796201638527,6,1019.0,0.2831598877778124,6,248.0,0.21340852409606342,14,1435.0
2480.0,13,392.0,6.6440677966101696,5.503887787712722,0,0.0,1.0,2,178.0,0.6701600192851515,10,1061.0,0.21118566225602947,1,105.0,0.23757395170307194,13,1344.0
2485.0,14,423.0,7.169491525423729,5.587316887246611,0,0.0,1.0,3,189.0,0.530994742469642,11,1125.0,0.20898059243580736,0,0.0,0.9372697126475682,14,1314.0
2490.0,16,465.0,7.88135593220339,5.427308407538115,0,0.0,1.0,3,204.0,0.2375556013247505,12,973.0,0.184006871509126,0,0.0,0.9636971985888079,15,1177.0
2495.0,13,467.0,8.051724137931034,5.726680014799968,0,0.0,1.0,3,219.0,0.24819808641825947,9,680.0,0.19923651365454817,0,0.0,0.9498767063700426,12,899.0
2500.0,14,525.0,8.898305084745763,5.561729004400273,0,0.0,0.17475383038631606,3,234.0,0.2354748751904808,11,414.0,0.16492579238183636,0,0.0,0.9894010791274063,14,648.0
2505.0,15,600.0,9.836065573770492,6.135426181829713,1,5.0,0.44782410759363434,3,249.0,0.4846942361048521,11,380.0,0.1635469062324639,0,0.0,0.9506104383427649,15,634.0
2510.0,8,306.0,5.1,5.610091352896253,1,10.0,0.22038455573003388,3,264.0,0.37784502696099737,3,136.0,0.19490480213789052,1,2.0,0.4929869290493246,8,412.0
2515.0,11,350.0,5.737704918032787,6.381579052291857,4,30.0,0.08117563744829297,3,285.0,0.4917557848128779,3,63.0,0.3401460264797854,1,7.0,0.47191394386307306,11,385.0
2520.0,9,364.0,6.066666666666666,6.037027542898745,0,18.0,0.1505767019622572,3,303.0,0.6312043220529281,5,82.0,0.1400353420181388,1,12.0,0.48752271304902,9,415.0
2525.0,8,391.0,6.409836065573771,7.380566577259647,0,3.0,0.31707303960934025,3,318.0,0.6960704729137028,5,100.0,0.16124171443195134,0,0.0,0.9281084987329573,8,421.0
2530.0,9,392.0,6.426229508196721,8.305096216470048,0,1.0,0.595044211275922,4,294.0,0.653850758164253,5,128.0,0.2739673310106122,0,0.0,0.9552258300023044,9,423.0
2535.0,9,437.0,7.163934426229508,8.954644440217217,0,0.0,1.0,4,314.0,0.6602480925232517,5,150.0,0.1578707172863812,0,0.0,0.9937750622303192,9,464.0
2540.0,11,488.0,7.625,8.583823783975241,0,0.0,1.0,4,328.0,0.6656345691262436,5,175.0,0.1659938908945339,0,0.0,0.926918684581309,9,503.0
2545.0,10,467.0,7.655737704918033,7.207113451278194,0,0.0,1.0,6,351.0,0.3931097438291422,3,154.0,0.18674045900775033,0,0.0,0.9672801817044444,9,505.0
2550.0,10,166.0,2.8620689655172415,7.388757422775751,0,0.0,1.0,6,214.0,0.389520120545253,3,98.0,2.4943857705352087e-05,1,1.0,0.6113837023031776,10,313.0
2555.0,9,187.0,3.5283018867924527,7.256175261325155,0,0.0,1.0,5,105.0,0.3865151919046107,3,116.0,0.24434076764800394,1,6.0,0.636841469662759,9,227.0
2560.0,12,241.0,4.381818181818182,5.701241038200225,0,0.0,1.0,8,115.0,0.17781311407498096,3,131.0,0.44157824716895727,1,11.0,0.5408710410973012,12,257.0
2565.0,15,197.0,3.517857142857143,5.958465264725354,0,0.0,1.0,10,162.0,0.1992040301826041,1,65.0,0.5934441373588266,2,21.0,0.48808950312331323,13,248.0
2570.0,9,93.0,1.7547169811320755,5.995039789702436,0,0.0,1.0,3,61.0,0.3673345193835225,1,26.0,0.6706732445299032,3,33.0,0.23870641316245897,7,120.0
2575.0,8,119.0,2.125,6.701881618821123,0,0.0,1.0,1,33.0,0.5339493400836346,1,31.0,0.6998019036410916,4,48.0,0.19625877005422254,6,112.0
2580.0,8,155.0,2.6724137931034484,7.236612216827941,0,0.0,1.0,1,29.0,0.6783689832507459,1,42.0,0.7769630490991701,4,64.0,0.09768659294354021,6,135.0
2585.0,12,206.0,3.6140350877192984,6.9068357054862215,0,0.0,1.0,1,31.0,0.7284198292547706,2,50.0,0.6349147139360732,4,84.0,0.33188453222666875,7,165.0
2590.0,16,274.0,4.892857142857143,6.620932847118133,0,0.0,1.0,1,36.0,0.4705812039010003,4,64.0,0.4200502124683987,4,104.0,0.3967634147758221,9,204.0
2595.0,16,354.0,6.103448275862069,6.015399920760656,0,0.0,1.0,1,41.0,0.3282541248754079,4,84.0,0.48254477928167605,4,124.0,0.3516307635241875,9,249.0
2600.0,17,402.0,7.3090909090909095,5.540819242003495,0,0.0,1.0,2,51.0,0.3202067087477316,4,98.0,0.5397184972078308,4,144.0,0.3874983066957151,10,293.0
2605.0,21,480.0,9.23076923076923,4.658707225479561,0,0.0,1.0,2,61.0,0.3239604820131177,5,117.0,0.3115187300482388,4,164.0,0.3667771738854389,11,342.0
2610.0,19,409.0,7.865384615384615,4.2418382567647335,0,0.0,1.0,2,71.0,0.31511753396914627,5,142.0,0.217293755852614,1,44.0,0.22346437365214394,8,257.0
2615.0,20,500.0,9.25925925925926,4.302753684832072,0,0.0,1.0,2,198.0,0.3625054111278167,7,180.0,0.25896641692747585,0,4.0,0.6382507238651944,9,382.0
2620.0,26,616.0,11.0,3.713957742683724,0,0.0,1.0,3,212.0,0.370083198483966,10,223.0,0.15547854491082796,1,6.0,0.3282542082768403,14,441.0
2625.0,31,765.0,13.909090909090908,3.1077176239715905,0,0.0,1.0,3,268.0,0.44586822322213226,12,280.0,0.029306503813932724,2,16.0,0.33204932691592837,17,564.0
2630.0,31,872.0,14.779661016949152,2.7509746899206804,0,0.0,1.0,3,154.0,0.39263260180888926,14,345.0,0.005200676037581957,2,26.0,0.1933425317120478,19,525.0
2635.0,36,1028.0,17.133333333333333,2.993653139285722,0,0.0,1.0,4,172.0,0.26823982146813424,16,405.0,0.0011644630724010022,3,39.0,0.13349329602575397,23,616.0
2640.0,32,909.0,14.901639344262295,3.4020279040832975,0,0.0,1.0,4,192.0,0.4641972080383994,16,488.0,0.15560433222832273,3,54.0,0.23100675831330603,23,734.0
2645.0,26,844.0,14.305084745762711,3.749577762723767,0,0.0,1.0,4,212.0,0.45407980764699934,16,568.0,0.1516816531874035,3,69.0,0.23231845105955506,23,849.0
2650.0,24,884.0,14.491803278688524,4.29497876265358,0,0.0,1.0,6,237.0,0.3494887474769616,16,648.0,0.22854656895722036,2,66.0,0.3773151618026585,24,951.0
2655.0,26,1011.0,16.047619047619047,4.156541170053808,0,0.0,1.0,7,272.0,0.1826638383833388,17,733.0,0.18669846365252904,2,76.0,0.46215781705575,26,1081.0
2660.0,27,1144.0,17.875,4.028686747215078,0,0.0,1.0,9,317.0,0.09018685080642096,16,811.0,0.19038391852508926,2,86.0,0.4666063720438449,27,1214.0
2665.0,28,1284.0,19.753846153846155,4.3222219791669625,0,0.0,1.0,10,367.0,0.15949864123263494,16,888.0,0.12915048486552527,2,96.0,0.5815481812679332,28,1351.0
2670.0,29,1429.0,21.984615384615385,4.101527142358377,0,0.0,1.0,10,417.0,0.08492046032806788,17,974.0,0.07916152797349327,2,106.0,0.5699052505956297,29,1497.0
2675.0,34,1592.0,23.41176470588235,3.66191082924421,0,0.0,1.0,11,471.0,0.08237924326605547,18,1064.0,0.007500249826763046,2,116.0,0.40174698847130796,31,1651.0
2680.0,40,1779.0,26.16176470588235,3.020115382629634,0,0.0,1.0,11,526.0,0.07972136735081306,20,1161.0,0.001083963262271076,3,130.0,0.20302610864424966,34,1817.0
2685.0,39,1939.0,27.309859154929576,3.4635141496479775,0,0.0,1.0,10,567.0,0.2194857143214603,21,1266.0,0.04279826702889455,4,149.0,0.19049682241889668,35,1982.0
2690.0,36,2092.0,29.055555555555557,3.614559175447487,0,0.0,1.0,10,617.0,0.15445045788727071,21,1371.0,0.08321293866575147,5,172.0,0.09096085965350065,36,2160.0
2695.0,37,2276.0,32.98550724637681,3.8507337374247252,0,0.0,1.0,11,671.0,0.16520871453552186,21,1530.0,0.1584057138128743,5,197.0,0.15060950714972296,37,2398.0
2700.0,27,1330.0,19.0,3.8451480079106677,0,0.0,1.0,12,729.0,0.15566431515417004,10,982.0,0.12858599763003653,5,222.0,0.15973215580082775,27,1933.0
2705.0,17,597.0,8.067567567567568,4.640491450299775,0,3.0,0.6268116638720924,10,540.0,0.18455089820592416,2,510.0,0.3426340259647759,5,247.0,0.1853166802590264,17,1300.0
2710.0,9,311.0,4.319444444444445,6.77120177496277,0,0.0,0.7679346640780174,2,262.0,0.48848126109975415,2,132.0,0.5483512779311891,5,272.0,0.1703577767585221,9,666.0
2715.0,9,347.0,4.887323943661972,8.356844021084367,0,0.0,0.926918786661139,1,56.0,0.7933056070287245,3,101.0,0.5984716933346723,5,297.0,0.14445351817211008,9,454.0
2720.0,13,402.0,5.4324324324324325,7.560425138465409,0,0.0,1.0,1,32.0,0.8432708263193528,4,117.0,0.5006513216308791,5,322.0,0.16878667210081827,10,471.0
2725.0,7,132.0,1.7837837837837838,7.783559902637516,0,0.0,0.9912989719340585,0,9.0,0.8496312415166045,4,134.0,0.5365297484231656,1,152.0,0.3459295630218989,5,295.0
2730.0,5,97.0,1.3287671232876712,7.679372410859818,0,0.0,1.0,1,8.0,0.7334346787585012,4,166.0,0.4977220861594468,0,0.0,0.9344637738348442,5,174.0
2735.0,15,146.0,2.056338028169014,6.393036880857791,0,0.0,1.0,4,20.0,0.47161174729576544,9,198.0,0.36201306326563276,0,0.0,0.9928778753636405,13,218.0
2740.0,19,231.0,3.2535211267605635,5.592288559106642,0,0.0,1.0,6,46.0,0.22863177956614023,10,248.0,0.2855113296173818,0,0.0,0.9529045369891287,16,294.0
2745.0,17,262.0,3.7971014492753623,5.232892756526994,0,0.0,1.0,1,14.0,0.2324153432491489,13,306.0,0.2782656239233113,0,0.0,0.7027160150477998,14,320.0
2750.0,11,242.0,3.723076923076923,5.629971465869099,0,0.0,1.0,1,6.0,0.41789422799346454,5,288.0,0.23732061847414043,1,3.0,0.4948823603922528,7,297.0
2755.0,12,286.0,4.268656716417911,7.181193203001113,0,3.0,0.49325947035540046,2,22.0,0.568899764379023,4,260.0,0.4874231666632467,1,8.0,0.6545030541312115,7,293.0
2760.0,13,349.0,5.057971014492754,7.243531615721048,0,3.0,0.4661543220643793,2,32.0,0.5859618602703356,4,277.0,0.48086219803335434,1,13.0,0.33203110007028774,7,325.0
2765.0,13,365.0,5.367647058823529,7.220128527358537,1,6.0,0.0003681331821418701,0,10.0,0.8345904304137352,4,294.0,0.46001748835913675,0,0.0,0.9717151730806347,5,310.0
2770.0,16,320.0,4.848484848484849,7.114008752189445,1,11.0,0.0,0,6.0,0.9698137731544536,3,248.0,0.47832047675353306,0,0.0,0.9579536587741181,4,265.0
2775.0,17,284.0,4.303030303030303,7.338351619090588,1,16.0,0.0,0,6.0,0.9397267997917765,4,208.0,0.5224620343766472,0,0.0,0.9777909802235616,5,230.0
2780.0,18,330.0,5.5,6.339766415338806,0,0.0,1.0,1,8.0,0.8102754810327005,5,227.0,0.37473894069768954,0,0.0,0.9645165954784803,6,235.0
2785.0,22,429.0,7.396551724137931,4.8977968014268445,0,0.0,1.0,2,71.0,0.42758923547391003,5,252.0,0.1329168839904474,0,0.0,0.9574463710597964,7,323.0
2790.0,20,469.0,8.228070175438596,4.847727973995643,0,0.0,1.0,5,89.0,0.24469793856526917,2,228.0,0.13672070154422636,0,0.0,0.962953957181183,7,317.0
2795.0,24,578.0,9.475409836065573,4.966173509561895,0,0.0,1.0,6,65.0,0.2372296243954002,2,238.0,0.44586223427864774,0,0.0,0.9489824901182418,8,303.0
2800.0,22,543.0,8.901639344262295,5.241724621062929,0,0.0,0.6563495665395048,7,98.0,0.347844653813616,3,249.0,0.2764955112635371,0,0.0,0.9422230598418027,10,347.0
2805.0,21,606.0,9.774193548387096,5.394306891206006,0,0.0,1.0,6,129.0,0.42113456649132847,4,265.0,0.18321423859430305,1,2.0,0.4914653086501997,11,396.0
2810.0,22,714.0,11.15625,5.799200125641342,0,0.0,1.0,6,207.0,0.525152068775502,4,285.0,0.1663262134681291,1,7.0,0.516279684774906,11,499.0
2815.0,25,834.0,13.03125,5.164933836020935,0,0.0,1.0,6,185.0,0.4723832357369171,5,310.0,0.15300052054562538,1,12.0,0.3362855602311103,12,507.0
2820.0,24,948.0,15.047619047619047,5.010586340428922,0,0.0,1.0,6,215.0,0.2997442053475077,5,335.0,0.22600289631763573,2,21.0,0.3283547847279294,13,571.0
2825.0,23,893.0,14.174603174603174,4.430769872608529,0,0.0,1.0,7,247.0,0.12589007598624838,6,361.0,0.12788023753718508,0,0.0,0.9608012385637608,13,608.0
2830.0,19,489.0,7.640625,4.748072696763438,0,0.0,1.0,8,283.0,0.10349563308188955,4,215.0,0.3184356504612199,0,0.0,0.9906930785323488,12,498.0
2835.0,19,385.0,6.015625,4.829429820368244,0,0.0,1.0,11,333.0,0.1559960389420016,4,74.0,0.4078537563931492,0,0.0,0.9931280930661057,15,407.0
2840.0,17,437.0,6.621212121212121,5.227902318093812,0,0.0,1.0,12,391.0,0.2704706921780976,4,67.0,0.28504589992168256,0,0.0,0.9765236972833068,16,458.0
2845.0,7,106.0,1.5588235294117647,5.781158766813559,0,0.0,1.0,2,128.0,0.4428871348242345,5,91.0,0.2131759159356597,0,0.0,0.9274931953364646,7,219.0
2850.0,7,113.0,1.661764705882353,6.196905474170272,0,0.0,1.0,0,28.0,0.7252074207583361,7,174.0,0.11627873793779475,0,0.0,0.7332086691927929,7,202.0
2855.0,9,157.0,2.343283582089552,6.98962218854928,0,0.0,1.0,0,3.0,0.9497434787974657,7,218.0,0.2546575392200968,1,5.0,0.7029912776191786,8,226.0
2860.0,10,206.0,3.169230769230769,6.730114873491551,0,0.0,1.0,0,0.0,0.9563714635760951,8,296.0,0.3687645425568468,1,10.0,0.7405331436355087,9,306.0
2865.0,13,264.0,4.061538461538461,6.763243563037894,0,0.0,1.0,0,13.0,0.8883771806974059,9,340.0,0.3484095188203328,2,16.0,0.42374536582130345,11,369.0
2870.0,14,215.0,3.359375,6.648833270665256,0,0.0,1.0,2,36.0,0.6037096764781144,7,321.0,0.38002582610386754,3,31.0,0.23634294181328191,12,388.0
2875.0,11,209.0,3.542372881355932,7.0900558517131245,0,3.0,0.9386355615594065,2,49.0,0.556228848913518,5,300.0,0.47041668267566883,4,50.0,0.19948679200185485,11,402.0
2880.0,15,276.0,5.111111111111111,6.180950398877233,0,0.0,1.0,4,49.0,0.21351531182446523,7,340.0,0.3347463887206199,4,70.0,0.19242761992498905,15,459.0
2885.0,11,249.0,4.446428571428571,5.7246483493743385,0,0.0,1.0,2,37.0,0.20652807751166521,8,383.0,0.1636808058855155,0,13.0,0.4067956150907323,10,433.0
2890.0,17,316.0,5.543859649122807,5.139017159124183,0,0.0,1.0,3,49.0,0.24403793672792298,11,441.0,0.06408472970440952,1,15.0,0.6288802868688429,15,505.0
2895.0,15,206.0,3.6140350877192984,5.3537010732515,0,0.0,1.0,3,64.0,0.3361902134831995,6,329.0,0.05195226413387251,1,20.0,0.64950287940975,10,413.0
2900.0,14,264.0,4.4,5.903596939326173,0,6.0,0.6330608845297274,3,85.0,0.3901544655911815,5,301.0,0.14960035965431323,0,0.0,0.9425891311515789,8,392.0
2905.0,16,339.0,5.65,6.159673546297541,0,0.0,0.7409697006756959,4,103.0,0.5288255680003724,5,317.0,0.0,0,0.0,0.949500945196054,9,420.0
2910.0,20,430.0,7.678571428571429,6.170394492097803,0,0.0,1.0,4,120.0,0.6123103188000973,5,342.0,0.0,1,1.0,0.6314625602279542,10,463.0
2915.0,21,531.0,9.31578947368421,5.875186260554335,0,0.0,1.0,4,140.0,0.6117321060187324,5,367.0,0.0,1,6.0,0.6154003752726522,10,513.0
2920.0,24,641.0,10.508196721311476,5.351523537447225,0,0.0,1.0,4,157.0,0.6301136848423344,5,392.0,0.0,1,11.0,0.6228009060585568,10,560.0
2925.0,22,562.0,9.21311475409836,4.8380290996475885,0,0.0,1.0,0,0.0,0.7813895427277431,5,417.0,0.1511213087028859,2,20.0,0.25009639708986403,7,437.0
2930.0,21,629.0,10.483333333333333,5.3406763113995455,0,0.0,1.0,1,3.0,0.6667914025027806,6,444.0,0.0006328854998066781,0,8.0,0.5109737408226209,7,455.0
2935.0,16,515.0,8.442622950819672,6.013490358316637,0,0.0,1.0,1,8.0,0.6407931822556157,6,489.0,0.45281669200097974,0,0.0,0.9753846702441653,7,497.0
2940.0,9,260.0,4.262295081967213,6.346947531263907,0,0.0,1.0,1,13.0,0.5907436661290281,3,368.0,0.43272318265208237,0,0.0,0.9487450796365724,4,381.0
2945.0,3,8.0,0.125,7.09663967738688,0,0.0,1.0,1,5.0,0.6859321894844477,2,170.0,0.5119085576194473,0,0.0,0.9464852583991689,3,175.0
2950.0,6,36.0,0.6,7.224674322271751,0,0.0,0.9154697907737487,1,10.0,0.6857845248410842,5,44.0,0.48678424344912485,0,0.0,0.8227773572336663,6,54.0
2955.0,10,82.0,1.3442622950819672,7.044952740048791,0,0.0,0.012830672621883091,1,91.0,0.747900591526449,5,69.0,0.48353543944037874,0,0.0,0.9545487528733747,6,160.0
2960.0,14,92.0,1.5593220338983051,5.821949119210543,1,5.0,1.1061515331732422e-05,2,24.0,0.5767760494282161,1,30.0,0.6090538298352255,0,0.0,0.9447610124722887,4,59.0
2965.0,20,175.0,3.0701754385964914,5.293623767177082,0,0.0,0.44563576086989715,3,39.0,0.4327371330520971,2,21.0,0.4710758975993866,0,0.0,0.9599437385531868,5,60.0
2970.0,18,256.0,4.491228070175438,5.751372322473637,0,0.0,1.0,3,60.0,0.6179341269777416,2,31.0,0.48626205718620236,0,0.0,0.9432701326264663,5,91.0
2975.0,17,321.0,5.440677966101695,5.785079706650102,0,0.0,1.0,3,75.0,0.4436913094192457,2,41.0,0.5690400317138488,0,0.0,0.9809565794318026,5,116.0
2980.0,16,274.0,4.6440677966101696,5.915125242884075,0,0.0,1.0,5,99.0,0.517949983028574,3,21.0,0.02097812609070883,0,0.0,0.9449453213920969,8,120.0
2985.0,12,225.0,3.8135593220338984,6.108588489776641,0,0.0,1.0,5,121.0,0.5551252705348808,3,36.0,0.0,0,0.0,0.9861339835999884,8,157.0
2990.0,8,188.0,3.1864406779661016,6.800464140582969,0,0.0,1.0,5,146.0,0.5090831804693099,3,51.0,0.0,0,0.0,0.9660368999602116,8,197.0
2995.0,10,232.0,3.9322033898305087,6.7708665663025505,0,0.0,1.0,6,173.0,0.34320331876985494,3,66.0,0.0,1,2.0,0.47091575619640896,10,241.0
3000.0,13,286.0,4.8474576271186445,6.0107306980709705,0,0.0,1.0,7,206.0,0.12051240817062002,3,139.0,0.14521985219047887,0,0.0,0.9541934467168693,10,345.0
3005.0,16,299.0,5.155172413793103,5.198327485968147,0,0.0,1.0,10,245.0,0.0870601596181786,2,164.0,0.19858354490096808,0,0.0,0.9709792238491718,12,409.0
3010.0,18,355.0,5.819672131147541,5.517119380832584,0,0.0,1.0,11,296.0,0.14984180706578548,3,174.0,0.0,0,0.0,0.9773900872075656,14,470.0
3015.0,18,432.0,7.081967213114754,5.210061629517806,0,3.0,0.05145005018321388,11,351.0,0.1747555306244319,3,189.0,0.0,0,0.0,0.955225338037902,14,543.0
3020.0,18,512.0,8.39344262295082,4.89693090742447,1,7.0,0.0006289068805635888,11,413.0,0.27710273193523305,3,211.0,0.2676128462057677,0,0.0,0.9644681596604987,15,631.0
3025.0,25,589.0,9.34920634920635,4.838785319715636,1,12.0,0.0,13,471.0,0.2605616121756929,4,229.0,0.19255851432359397,0,0.0,0.9315509692720546,18,712.0
3030.0,27,717.0,11.380952380952381,4.5972492824595586,1,17.0,0.0,12,524.0,0.1917084624531909,4,249.0,0.1899329232158608,0,0.0,0.9464102710701673,17,790.0
3035.0,33,865.0,13.951612903225806,3.5889798578093353,1,22.0,0.0,12,584.0,0.13973781063920607,4,269.0,0.18730610224180386,1,2.0,0.47822855512255746,18,877.0
3040.0,32,995.0,16.048387096774192,3.554379283711809,1,27.0,0.0,12,644.0,0.12273163792919295,4,289.0,0.1918397566473008,1,7.0,0.4999661545312229,18,967.0
3045.0,23,522.0,7.909090909090909,4.112415160764199,1,32.0,0.0,2,269.0,0.1829570301169939,4,309.0,0.3062623893868281,1,12.0,0.3633638361997354,8,622.0
3050.0,23,573.0,8.552238805970148,4.878277129179515,1,37.0,0.0,1,62.0,0.4762523303780767,4,329.0,0.3043941674255888,2,19.0,0.2200167360453523,8,447.0
3055.0,19,546.0,8.149253731343284,5.909749906683608,1,42.0,0.0,1,8.0,0.6926501095959094,4,355.0,0.5231060878010658,2,29.0,0.3144228715535474,8,434.0
3060.0,15,479.0,7.257575757575758,6.665907695921359,1,47.0,0.0,2,14.0,0.5325125938922783,4,375.0,0.5804657207413695,2,39.0,0.31957644086979214,9,475.0
3065.0,12,385.0,5.661764705882353,6.68606674193213,0,0.0,1.0,3,27.0,0.3366472157737707,5,399.0,0.5877410637164733,2,49.0,0.3092088462435005,10,475.0
3070.0,11,392.0,5.9393939393939394,7.041745905265954,0,0.0,1.0,4,46.0,0.1891908282563139,4,415.0,0.636684608937371,2,59.0,0.2861507881116261,10,520.0
3075.0,14,457.0,7.253968253968254,6.188237125766036,0,3.0,0.9905295353920965,4,66.0,0.1878454525057977,4,516.0,0.5901063757707496,2,69.0,0.2597911095612768,10,654.0
3080.0,15,507.0,8.047619047619047,6.111525348207421,0,0.0,1.0,4,86.0,0.2903985662692264,5,538.0,0.5841080640006374,2,79.0,0.2813744646283135,11,703.0
3085.0,13,557.0,8.703125,6.112228629449364,0,0.0,0.4722436806899374,4,168.0,0.3736379658376003,5,563.0,0.43114768943453646,3,94.0,0.3382612129140717,12,825.0
3090.0,13,519.0,8.109375,5.263409648392381,2,8.0,0.09039901896278182,5,189.0,0.18704665410344903,6,659.0,0.38159574437733096,0,9.0,0.48950644633606144,13,865.0
3095.0,17,594.0,9.28125,4.9100042773490005,3,22.0,0.015470092063771137,5,212.0,0.3231833567681557,9,704.0,0.22304175579236654,0,0.0,0.9718766910878451,17,938.0
3100.0,24,699.0,10.921875,5.026322924550928,5,41.0,0.002208698008332693,6,242.0,0.3949675200066229,12,755.0,0.1008512630374606,0,0.0,0.973418115540654,23,1038.0
3105.0,26,825.0,12.692307692307692,4.891892639070489,5,66.0,0.0006816135814750754,7,274.0,0.24042485503588146,13,819.0,0.09727834422734825,0,0.0,0.9590737999588359,25,1159.0
3110.0,22,892.0,13.515151515151516,4.701853795110042,5,91.0,8.717292215288926e-05,7,309.0,0.20216195305383672,8,816.0,0.10290388019271962,0,0.0,0.9391534663990329,20,1216.0
3115.0,24,1006.0,14.794117647058824,5.1167454956443,5,116.0,1.2005905966976909e-05,8,355.0,0.3002801532307078,8,854.0,0.1070414519005636,0,0.0,0.9159001237467459,21,1325.0
3120.0,27,1133.0,16.420289855072465,5.104360533741801,5,147.0,0.06824826783305783,8,398.0,0.3858449763150772,8,894.0,0.19468487731294676,1,1.0,0.5964496859430853,22,1440.0
3125.0,21,868.0,12.225352112676056,5.085959104561536,0,58.0,0.03125947478468469,4,302.0,0.4891489334344042,8,934.0,0.25593557128743655,2,7.0,0.33236701577994304,14,1301.0
3130.0,19,605.0,8.402777777777779,6.517640041945274,0,3.0,0.18784001921878038,1,110.0,0.7982881456735286,6,806.0,0.2936361738156534,2,17.0,0.30023403205094956,9,936.0
3135.0,17,314.0,4.243243243243243,6.453272245463293,0,0.0,1.0,2,147.0,0.6853674994466157,1,455.0,0.4261577993244541,2,27.0,0.042775497031916535,5,629.0
3140.0,10,227.0,3.1527777777777777,7.386049560689987,0,0.0,0.9680436417263231,2,151.0,0.7664727983808536,2,289.0,0.5665022113834671,0,0.0,0.4773773853317787,4,440.0
3145.0,14,286.0,4.144927536231884,7.387452864645899,0,0.0,0.9034504151251331,4,105.0,0.5045488111785347,2,154.0,0.6237224779491694,0,0.0,0.8078449457854003,6,259.0
3150.0,17,306.0,4.567164179104478,6.177490782476724,0,0.0,1.0,4,125.0,0.3025025927707249,5,108.0,0.16005246882949165,0,0.0,0.9916337286173283,9,233.0
3155.0,24,416.0,6.4,5.367567294143053,0,0.0,1.0,6,152.0,0.3148738579521823,8,145.0,0.1067903393100003,0,0.0,0.9428716577440083,14,297.0
3160.0,25,507.0,7.921875,5.1816581351191005,0,0.0,1.0,8,188.0,0.3164072896881687,8,185.0,0.2347414266435363,0,0.0,0.9215486000417249,16,373.0
3165.0,23,483.0,7.790322580645161,4.814056552312222,0,0.0,1.0,7,122.0,0.3058193793646223,8,225.0,0.17891776768156095,0,0.0,0.9325509737785532,15,347.0
3170.0,24,558.0,9.0,4.5926632348728695,0,0.0,1.0,8,160.0,0.14723683896841672,8,268.0,0.16436464388111185,0,0.0,0.9575949879566674,16,428.0
3175.0,24,477.0,7.95,4.33562900104565,0,0.0,1.0,10,209.0,0.1099556631100526,10,314.0,0.08913749770047454,0,0.0,0.9658801956635548,20,523.0
3180.0,24,539.0,9.135593220338983,4.375285152683513,0,0.0,1.0,12,265.0,0.06777488121013493,10,364.0,0.08797984951467092,0,0.0,0.4934091558391846,22,629.0
3185.0,15,368.0,6.133333333333334,4.399715881368675,0,0.0,1.0,3,109.0,0.14657217960238125,10,414.0,0.08972203825934548,1,4.0,0.4954349460465154,14,527.0
3190.0,16,342.0,5.60655737704918,4.590432497323727,0,0.0,1.0,2,31.0,0.45614521248211626,8,385.0,0.10428589478472894,0,0.0,0.9974387322246341,10,416.0
3195.0,15,359.0,5.885245901639344,5.40572223239946,0,0.0,1.0,2,135.0,0.5526914060435069,7,299.0,0.3169712119891252,0,0.0,0.9826275258958203,9,434.0
3200.0,15,392.0,6.426229508196721,5.987248899355095,0,0.0,1.0,2,145.0,0.7173599832264705,9,335.0,0.28078009617220345,0,0.0,0.9875197231836128,11,480.0
3205.0,12,431.0,6.734375,6.422395958005783,0,0.0,1.0,2,155.0,0.6499727566094445,9,377.0,0.3212109853047963,0,0.0,0.9786793108284717,11,532.0
3210.0,5,116.0,1.7846153846153847,6.788483800647195,0,0.0,1.0,3,169.0,0.5559279672431477,1,147.0,0.5774291378441389,0,0.0,0.9807882127231962,4,316.0
3215.0,6,144.0,2.4,7.138587839779463,0,0.0,1.0,4,251.0,0.43127477903106876,1,53.0,0.6469045447487294,0,0.0,0.9417255513009921,5,304.0
3220.0,7,167.0,2.8793103448275863,7.570571695654886,0,6.0,0.34997796022936933,5,278.0,0.5461715083909371,2,63.0,0.669354729440999,0,0.0,0.9295167855740463,7,347.0
3225.0,9,211.0,3.459016393442623,6.3299047490851486,2,15.0,0.2099344266725268,5,269.0,0.5096640755197333,2,73.0,0.392723997107012,0,0.0,0.9596815328168011,9,357.0
3230.0,15,270.0,4.354838709677419,5.697783675247543,3,29.0,0.029168900578951214,7,296.0,0.5293675972197912,3,87.0,0.37004136384080344,0,0.0,0.5057718862430532,13,412.0
3235.0,18,353.0,5.786885245901639,5.688398442758997,4,46.0,0.005588098927663731,7,362.0,0.4934343254728823,3,102.0,0.34402155526371636,1,5.0,0.47433678701757387,15,515.0
3240.0,20,431.0,6.951612903225806,5.791520649951669,6,76.0,0.0007707446261592711,9,403.0,0.39293544012028947,4,121.0,0.3007482124108999,1,10.0,0.4668111715290516,20,610.0
3245.0,13,416.0,6.4,6.512164397528073,0,29.0,0.026654623649393767,9,412.0,0.42984238681857945,4,141.0,0.29356955062251416,0,0.0,0.8739491288821417,13,582.0
3250.0,12,246.0,3.84375,5.921676769220737,0,0.0,1.0,8,313.0,0.17014988258450953,3,167.0,0.41746295837448355,0,0.0,0.9298823271988768,11,480.0
3255.0,8,170.0,2.65625,7.312212657751857,0,3.0,0.5178969845270562,4,111.0,0.358519014910731,4,186.0,0.2753403928917332,0,0.0,0.9308818191646396,8,300.0
3260.0,11,217.0,3.287878787878788,7.842428793643984,0,0.0,1.0,5,44.0,0.2975078026987947,6,211.0,0.11909672664627663,0,0.0,0.9412377736861208,11,255.0
3265.0,12,277.0,4.2615384615384615,7.766100671410027,0,0.0,1.0,6,74.0,0.24083553160374835,6,241.0,0.35569612395512223,0,0.0,0.9686273980011872,12,315.0
3270.0,11,191.0,2.984375,7.702654051826166,0,0.0,0.5405859220680844,7,108.0,0.27687621501617005,4,172.0,0.3636357192347406,0,0.0,0.4832235867958509,11,280.0
3275.0,13,253.0,4.362068965517241,7.266721575908209,1,3.0,4.28802878121917e-05,7,146.0,0.3509146262661954,4,139.0,0.40375070752723896,1,4.0,0.4897001438174265,13,292.0
3280.0,15,322.0,5.8545454545454545,6.098862234471803,1,8.0,0.0,7,181.0,0.36169360286023106,4,159.0,0.3503621330069204,1,9.0,0.6330886870921814,13,357.0
3285.0,17,404.0,7.769230769230769,4.925900750473594,1,13.0,0.0,7,216.0,0.23418025934290876,5,182.0,0.2599838561126602,1,14.0,0.37301725120595813,14,425.0
3290.0,12,254.0,4.703703703703703,4.857040709249872,1,18.0,0.0,2,60.0,0.3029556373803608,5,207.0,0.2748989699508094,0,0.0,0.9540227441046704,8,285.0
3295.0,13,314.0,5.508771929824562,5.660470244876766,1,23.0,0.0,1,33.0,0.5026611410219032,5,237.0,0.45823047790595606,0,0.0,0.9687367395036504,7,293.0
3300.0,17,389.0,7.072727272727272,5.442189073065018,1,28.0,0.0,1,34.0,0.6428282839730404,7,273.0,0.3105570105929938,0,0.0,0.9914621109247527,9,335.0
3305.0,17,352.0,6.518518518518518,5.420445470617017,1,33.0,0.0,1,39.0,0.4813625726695458,6,217.0,0.3396383619492814,0,0.0,0.9430447889200012,8,289.0
3310.0,15,308.0,5.6,5.669476861358465,1,38.0,0.0,1,47.0,0.6526622808835703,4,123.0,0.46820220453907707,0,0.0,0.9361046308541372,6,208.0
3315.0,16,386.0,6.771929824561403,6.104559994493569,1,43.0,0.4517009528634904,1,52.0,0.5566035407100253,5,70.0,0.48111002172779677,0,0.0,0.9732964183686519,7,165.0
3320.0,17,394.0,7.296296296296297,5.2327453123328835,1,48.0,0.09850610107585961,2,62.0,0.5685473004498409,6,97.0,0.3437152347035825,0,0.0,0.49762297117203874,9,207.0
3325.0,19,451.0,9.595744680851064,4.774919697053546,1,53.0,0.0,2,72.0,0.5801861412089109,7,128.0,0.19985626861630115,1,5.0,0.6291869031668412,11,258.0
3330.0,13,291.0,5.938775510204081,4.637260979827925,1,58.0,0.0,1,18.0,0.6877223054647983,7,160.0,0.04882018250971352,1,10.0,0.6299007263158862,10,246.0
3335.0,13,298.0,5.96,4.730388114945438,1,63.0,0.0,2,21.0,0.47643384029874036,9,207.0,0.10833297206571955,1,15.0,0.7211227459921468,13,306.0
3340.0,12,278.0,5.56,5.466123109787549,0,0.0,1.0,2,31.0,0.46467406974620795,10,255.0,0.21035860763978434,0,0.0,0.9671857278139986,12,286.0
3345.0,12,281.0,5.73469387755102,5.610160979128518,0,0.0,1.0,2,41.0,0.3267778406160307,9,269.0,0.2353099881440869,0,0.0,0.951003039403874,11,310.0
3350.0,11,292.0,5.959183673469388,6.1146546090706755,0,0.0,1.0,0,0.0,0.3676538860730092,10,331.0,0.24935329838647405,0,0.0,0.9674715504509541,10,331.0
3355.0,12,349.0,6.8431372549019605,6.787502848601614,0,0.0,1.0,0,0.0,0.8000005573078146,11,383.0,0.1921470132304434,0,0.0,0.9567130186670987,11,383.0
3360.0,13,413.0,8.26,6.824907494512376,0,0.0,1.0,0,0.0,0.6198935088625365,12,463.0,0.2685091194179327,0,0.0,0.9561224341628399,12,463.0
3365.0,5,38.0,0.7450980392156863,6.780958924193643,0,0.0,1.0,1,3.0,0.7079761699101819,3,215.0,0.3316872704500829,1,2.0,0.7110178752691413,5,220.0
3370.0,5,41.0,0.7735849056603774,7.289455805333168,0,6.0,0.8050598058902967,1,11.0,0.6813010516351853,2,105.0,0.5130567818211464,1,7.0,0.6470458038187176,4,129.0
3375.0,8,67.0,1.2181818181818183,6.523196782251363,1,11.0,0.14613445443623008,2,67.0,0.6396418416523814,3,92.0,0.4852776698561752,2,14.0,0.5052683314731823,8,184.0
3380.0,8,105.0,1.875,7.490297418852189,0,0.0,0.0780252496334991,3,82.0,0.6884911058832647,3,107.0,0.5548587159223954,2,24.0,0.299609720996634,8,213.0
3385.0,7,115.0,1.9491525423728813,7.8749243208200275,0,0.0,0.8133818571881783,3,56.0,0.6324050937019937,3,116.0,0.3681317751899841,1,8.0,0.513851852871138,7,180.0
3390.0,10,150.0,2.5,7.875936775291395,0,0.0,1.0,6,78.0,0.46806956617051476,3,137.0,0.46526514820434484,0,4.0,0.7374818571877394,9,219.0
3395.0,11,201.0,3.35,7.570168012427065,0,0.0,1.0,6,108.0,0.47325373485923183,4,153.0,0.3086599771682864,0,0.0,0.9422268699741694,10,261.0
3400.0,11,166.0,2.7666666666666666,7.418624453601797,0,0.0,1.0,2,69.0,0.5581668494533361,7,185.0,0.28967596548612284,0,0.0,0.9288328625117466,9,254.0
3405.0,13,209.0,3.370967741935484,7.3173811033047516,0,0.0,1.0,4,30.0,0.18098640276568811,7,220.0,0.21986966100425964,0,0.0,0.9664741218257169,11,250.0
3410.0,14,180.0,3.0,6.54661551873059,0,0.0,1.0,5,53.0,0.07515810884595472,7,167.0,0.17604826824774852,0,0.0,0.9413045475397649,12,220.0
3415.0,15,212.0,3.7857142857142856,6.295813035426598,0,0.0,1.0,6,83.0,0.27200672495922285,7,102.0,0.14554029948567296,0,0.0,0.6896939099011932,13,185.0
3420.0,17,297.0,5.823529411764706,5.4488995460230845,0,0.0,0.8769906229786483,7,118.0,0.346529838859928,7,137.0,0.11334220258280728,1,5.0,0.6413606714051462,15,260.0
3425.0,17,382.0,7.074074074074074,4.980484571479799,0,0.0,1.0,7,153.0,0.3914605805211086,7,172.0,0.12442960380607263,1,10.0,0.6025615888439712,15,335.0
3430.0,17,390.0,7.3584905660377355,4.617316993498928,0,0.0,1.0,7,188.0,0.3267140547450161,7,207.0,0.11456764057988854,1,5.0,0.4868773169540103,15,400.0
3435.0,10,262.0,4.678571428571429,5.5938574296666035,0,0.0,1.0,7,223.0,0.3285500199777428,1,101.0,0.4280017632533782,2,14.0,0.4505527258406561,10,338.0
3440.0,9,251.0,4.327586206896552,6.732391542835552,0,3.0,0.6235924935909755,9,270.0,0.33991188616733,0,38.0,0.5963867796237364,0,6.0,0.7849551265205962,9,317.0
3445.0,11,300.0,5.0,7.160698803717269,1,4.0,0.00602277169382924,10,321.0,0.3451404683382243,0,1.0,0.8108066524853984,0,0.0,0.9546655735536939,11,326.0
3450.0,14,363.0,5.950819672131147,6.864319855403272,1,9.0,0.00011243899091368547,11,369.0,0.3496150693252942,1,2.0,0.47020296906336484,1,2.0,0.6293350054099965,14,382.0
3455.0,17,441.0,7.229508196721311,6.081814662090475,1,14.0,0.0,12,429.0,0.3440252682352842,1,7.0,0.1451912220758905,1,7.0,0.6171307875129024,15,457.0
3460.0,16,517.0,8.616666666666667,5.813426417926459,1,19.0,0.0,12,489.0,0.3183810436163556,2,16.0,0.3192512909631671,1,12.0,0.4984039911137811,16,536.0
3465.0,18,603.0,10.39655172413793,5.444638047563176,1,24.0,0.0,12,549.0,0.26946738408452636,2,26.0,0.483114651315215,2,22.0,0.36646140511010966,17,621.0
3470.0,19,669.0,10.967213114754099,4.956960907886812,1,29.0,0.0,14,616.0,0.2571102752736232,3,37.0,0.007818284446239694,0,9.0,0.5697584598152236,18,691.0
3475.0,21,746.0,11.841269841269842,4.885109020287485,1,34.0,0.0,15,716.0,0.1973694552266628,2,33.0,0.34526834062227996,0,0.0,0.9668835245507229,18,783.0
3480.0,23,844.0,13.1875,4.189237001933452,1,39.0,0.0,14,775.0,0.13872963429077897,4,46.0,0.1302559347978039,0,0.0,0.9788008384078809,19,860.0
3485.0,28,974.0,15.46031746031746,4.0218454912384045,1,44.0,0.0,16,819.0,0.12109923203630324,7,77.0,0.07403684078196592,0,0.0,0.9310072213530844,24,940.0
3490.0,29,1077.0,16.828125,4.6577131620199985,1,49.0,0.0,17,902.0,0.11309307527425787,9,121.0,0.09680947909368362,0,0.0,0.9356042502264447,27,1072.0
3495.0,25,1039.0,15.742424242424242,4.9652688154323075,0,0.0,1.0,20,998.0,0.09191100972188257,5,103.0,0.1513493310063273,0,0.0,0.9650184933963788,25,1101.0
3500.0,23,1119.0,17.215384615384615,5.185329107440425,0,0.0,1.0,20,1101.0,0.1408780541155896,2,62.0,0.2959698751200099,0,0.0,0.4848031737792709,22,1163.0
3505.0,26,1242.0,18.53731343283582,5.125762789202013,0,0.0,1.0,21,1203.0,0.1444724792425121,2,28.0,0.3107416008667952,1,5.0,0.4789458882495879,24,1236.0
3510.0,27,1371.0,20.772727272727273,4.395344919767275,0,0.0,1.0,22,1313.0,0.17671611164466958,2,18.0,0.1841684131408435,1,5.0,0.489730442154422,25,1336.0
3515.0,29,1514.0,22.939393939393938,4.431868494879015,0,0.0,1.0,22,1424.0,0.19724265764970741,2,25.0,0.3150955839777097,1,5.0,0.6532036718530476,25,1454.0
3520.0,18,526.0,7.96969696969697,4.349696656354043,0,0.0,1.0,10,851.0,0.23280972443710019,2,35.0,0.4579488715800827,0,0.0,0.9426795678253775,12,886.0
3525.0,8,177.0,2.6818181818181817,5.6115154826846085,0,0.0,1.0,2,423.0,0.3756478699930347,2,48.0,0.3218223333230467,0,0.0,0.9943970608575605,4,471.0
3530.0,9,207.0,3.08955223880597,6.268196786743498,0,0.0,1.0,4,191.0,0.3750854925061613,2,67.0,0.5044838100054316,0,0.0,0.95432428365551,6,258.0
3535.0,11,185.0,2.9838709677419355,7.029100085489855,0,0.0,1.0,7,78.0,0.38116715707431126,4,85.0,0.6151461239213502,0,0.0,0.965610614858691,11,163.0
3540.0,16,251.0,4.114754098360656,6.494876627978676,0,0.0,1.0,10,117.0,0.126846743076306,5,106.0,0.5577349823552,0,0.0,0.4900379140872253,15,223.0
3545.0,18,331.0,5.426229508196721,6.200088687277443,0,0.0,1.0,11,168.0,0.02872597879643039,5,131.0,0.5590474200279293,1,5.0,0.4827407242306439,17,304.0
3550.0,19,424.0,7.186440677966102,6.203651003515492,0,0.0,1.0,13,232.0,0.08112518810728447,5,156.0,0.5604806356083624,1,10.0,0.5093256220608918,19,398.0
3555.0,19,506.0,8.724137931034482,5.873951744212419,0,0.0,1.0,13,297.0,0.08315019930104403,4,165.0,0.5541427737500725,2,18.0,0.3276837302076792,19,480.0
3560.0,21,584.0,10.068965517241379,4.996708785117809,0,0.0,1.0,14,365.0,0.12090420954669667,7,193.0,0.16914417548569505,0,0.0,0.9465413490650775,21,558.0
3565.0,21,689.0,12.303571428571429,4.557937155301146,0,0.0,1.0,14,435.0,0.1438402977392531,7,234.0,0.1798222477448983,0,0.0,0.9794965796199037,21,669.0
3570.0,23,799.0,15.075471698113208,4.135993580190494,0,0.0,1.0,14,505.0,0.07036105313441829,9,274.0,0.09940314415846536,0,0.0,0.8405604436066119,23,779.0
3575.0,18,581.0,10.75925925925926,4.3020406601638195,0,0.0,1.0,14,575.0,0.062115213259703345,4,75.0,0.21595702726493587,0,0.0,0.9684549562338962,18,650.0
3580.0,15,581.0,10.375,4.962583018052421,0,6.0,0.6525656899466775,12,578.0,0.16017818487184557,3,26.0,0.17593285587799903,0,0.0,0.9038994217283054,15,610.0
3585.0,18,663.0,11.23728813559322,5.343786450303868,2,11.0,0.22672281568680944,12,637.0,0.32479953899643627,4,38.0,0.1835205610707513,0,0.0,0.9227419729804068,18,686.0
3590.0,19,758.0,12.633333333333333,5.480417934763301,3,26.0,0.07492649915924787,12,697.0,0.39167693138433235,4,64.0,0.46094016132411136,0,0.0,0.5351491381991331,19,787.0
3595.0,24,863.0,14.147540983606557,5.515628361956299,5,46.0,0.015530034219050179,13,758.0,0.3835748651613251,4,81.0,0.5698556452236575,2,5.0,0.314159658862779,24,890.0
3600.0,28,992.0,16.262295081967213,5.369756330116965,7,77.0,0.002766535722334695,14,819.0,0.3529883682167966,5,102.0,0.5209505979439345,2,15.0,0.3133852858794928,28,1013.0
