step,system_total_stopped,system_total_waiting_time,system_mean_waiting_time,system_mean_speed,cluster_10564135163_13571629282_5146149679_stopped,cluster_10564135163_13571629282_5146149679_accumulated_waiting_time,cluster_10564135163_13571629282_5146149679_average_speed,cluster_10564135205_11749189839_3266988437_5129187741_#3more_stopped,cluster_10564135205_11749189839_3266988437_5129187741_#3more_accumulated_waiting_time,cluster_10564135205_11749189839_3266988437_5129187741_#3more_average_speed,cluster_10564135211_11749189838_12136544949_12136544951_#7more_stopped,cluster_10564135211_11749189838_12136544949_12136544951_#7more_accumulated_waiting_time,cluster_10564135211_11749189838_12136544949_12136544951_#7more_average_speed,cluster_10564135212_13571629279_13571629299_stopped,cluster_10564135212_13571629279_13571629299_accumulated_waiting_time,cluster_10564135212_13571629279_13571629299_average_speed,agents_total_stopped,agents_total_accumulated_waiting_time
0.0,0,0.0,0.0,0.0,0,0.0,1.0,0,0.0,1.0,0,0.0,1.0,0,0.0,1.0,0,0.0
5.0,0,0.0,0.0,10.749686389734148,0,0.0,1.0,0,0.0,0.9435792827093451,0,0.0,1.0,0,0.0,0.9423585763975361,0,0.0
10.0,0,0.0,0.0,9.342931537425166,0,0.0,1.0,0,0.0,0.9724505933668965,0,0.0,1.0,0,0.0,0.9718545404243155,0,0.0
15.0,0,0.0,0.0,8.495371947106538,0,0.0,1.0,0,0.0,0.9924720744712444,0,0.0,1.0,0,0.0,0.992309201919298,0,0.0
20.0,0,0.0,0.0,8.599581637540503,0,0.0,1.0,0,0.0,0.9464968590331968,0,0.0,1.0,0,0.0,0.9865190745682573,0,0.0
25.0,0,0.0,0.0,8.768553302293439,0,0.0,1.0,0,0.0,0.9771131691236928,0,0.0,0.9281838049880392,0,0.0,0.9457775605771217,0,0.0
30.0,2,2.0,0.15384615384615385,7.097750738225609,0,0.0,1.0,0,0.0,0.952012499159079,2,2.0,0.3351893540298252,0,0.0,0.9970278115749655,2,2.0
35.0,2,12.0,0.8571428571428571,7.193736528951612,0,0.0,1.0,0,0.0,0.9682066190234061,2,12.0,0.31635480518379394,0,0.0,0.9618915110290195,2,12.0
40.0,2,22.0,1.375,7.407278373434511,0,0.0,1.0,0,0.0,0.9546903081816727,2,22.0,0.3182688113284813,0,0.0,0.8794489307801603,2,22.0
45.0,3,35.0,1.9444444444444444,6.322408338581693,0,0.0,1.0,0,0.0,0.5096542527814523,2,32.0,0.3303037223232241,1,3.0,0.47609895462303553,3,35.0
50.0,3,50.0,2.5,6.489140281319457,0,0.0,1.0,0,0.0,0.9540144599251841,2,42.0,0.26751711865076533,1,8.0,0.47754348140665204,3,50.0
55.0,2,29.0,1.3181818181818181,7.848625224580414,0,0.0,1.0,0,0.0,0.9578346137171535,2,29.0,0.30056158254379,0,0.0,0.9831794732491537,2,29.0
60.0,2,39.0,1.6956521739130435,7.797710078318432,0,0.0,1.0,0,0.0,0.9593179120962689,2,45.0,0.4749267787101153,0,0.0,0.9601255248204962,2,45.0
65.0,2,49.0,2.130434782608696,6.860141984744464,0,0.0,1.0,0,0.0,0.9625476768940856,2,55.0,0.35280015060555586,0,0.0,0.9664040949291122,2,55.0
70.0,5,66.0,2.64,7.117734337362046,0,0.0,1.0,0,0.0,0.8771037096640082,5,72.0,0.2834235926344851,0,0.0,0.9382416855108113,5,72.0
75.0,6,91.0,3.3703703703703702,6.559645462386761,0,0.0,1.0,0,0.0,0.6678206768432955,6,97.0,0.23573154538084462,0,0.0,0.9829057714082469,6,97.0
80.0,8,122.0,4.518518518518518,6.158342173393072,0,0.0,1.0,1,4.0,0.4871019916234002,5,122.0,0.4024977242499621,1,1.0,0.4864592403036634,7,127.0
85.0,8,162.0,5.586206896551724,6.063157189820016,0,0.0,1.0,1,9.0,0.5744388689889872,5,147.0,0.4128653146915747,1,6.0,0.471347206972431,7,162.0
90.0,7,181.0,6.241379310344827,5.612633977549317,0,0.0,1.0,0,0.0,0.9406185730860921,5,172.0,0.1803249403691646,1,11.0,0.47188035719003935,6,183.0
95.0,11,216.0,6.75,5.6378141989209105,0,0.0,1.0,0,0.0,0.5400988945035626,9,205.0,0.004189517014576927,2,17.0,0.46292303975657495,11,222.0
100.0,11,267.0,8.090909090909092,6.366363576620011,0,0.0,1.0,1,3.0,0.49409700909112847,8,246.0,0.17786954879437716,2,27.0,0.4490828706561096,11,276.0
105.0,12,326.0,9.588235294117647,6.098976563245497,0,3.0,0.9076893814762962,1,8.0,0.4718155299693732,9,290.0,0.23476245184566458,2,37.0,0.47040102088441627,12,338.0
110.0,13,388.0,10.486486486486486,5.967478173818187,0,0.0,0.9515885246594864,1,13.0,0.48388441212405015,9,335.0,0.1774466169351477,2,47.0,0.5645706436956304,12,395.0
115.0,13,453.0,12.243243243243244,5.876238098322713,0,0.0,1.0,1,18.0,0.5563726449579175,9,380.0,0.24862158328938247,2,57.0,0.4890206245002295,12,455.0
120.0,15,521.0,13.710526315789474,5.676276359773486,0,0.0,1.0,1,23.0,0.6746656046779629,9,425.0,0.2275646621556026,4,70.0,0.18938132727294005,14,518.0
125.0,9,401.0,10.282051282051283,5.303603246537735,0,0.0,1.0,2,29.0,0.5454580096532634,7,410.0,0.19919134792886184,0,5.0,0.5292688649596905,9,444.0
130.0,12,416.0,10.4,6.027585288579759,0,0.0,1.0,3,41.0,0.4248950846533126,8,389.0,0.15307895782766792,1,6.0,0.6370807172253424,12,436.0
135.0,10,427.0,10.414634146341463,5.768518268220748,0,0.0,1.0,1,17.0,0.3445319668662317,8,426.0,0.16087272284076953,1,11.0,0.4751084321377734,10,454.0
140.0,11,474.0,11.560975609756097,6.098863921278567,0,0.0,1.0,0,0.0,0.699291141008528,10,475.0,0.14084696872087207,1,16.0,0.425399199503659,11,491.0
145.0,12,534.0,12.136363636363637,6.0321259544639085,0,0.0,1.0,0,0.0,0.6000579742716325,11,533.0,0.19183374268251108,1,21.0,0.7123810568882236,12,554.0
150.0,5,58.0,1.288888888888889,6.521057784907304,0,0.0,1.0,1,5.0,0.4899124254332682,3,195.0,0.3222791141240045,1,26.0,0.6777021262549144,5,226.0
155.0,3,40.0,0.851063829787234,6.828287159270752,0,6.0,0.5052005650257335,1,19.0,0.5406198331817361,0,35.0,0.6084512157660946,2,35.0,0.46109816433797823,3,95.0
160.0,4,57.0,1.1875,7.2108044498299835,0,9.0,0.2094849845419588,1,24.0,0.7517071420474074,0,3.0,0.8019574474494557,2,45.0,0.47922517498719386,3,81.0
165.0,6,41.0,0.8541666666666666,6.873875654909938,3,23.0,0.05025986984648648,2,31.0,0.6815418938827154,1,8.0,0.7002598838819113,0,0.0,0.6608057208938962,6,62.0
170.0,3,42.0,0.84,6.986658916190817,0,2.0,0.072163007703808,2,41.0,0.7114861077379826,1,19.0,0.687301339138239,0,0.0,0.5114550701547995,3,62.0
175.0,6,25.0,0.5,6.598075973364434,0,0.0,0.1585084324716551,0,9.0,0.9276021949686527,5,32.0,0.13699809850213232,0,0.0,0.9058102005803408,5,41.0
180.0,8,61.0,1.22,7.749517872648747,0,0.0,1.0,0,9.0,0.950402725389061,8,70.0,0.11112502912352783,0,0.0,0.9501686040688455,8,79.0
185.0,8,101.0,1.9423076923076923,8.58530944090021,0,0.0,1.0,0,0.0,0.9525781808394592,8,116.0,0.23552021587284086,0,0.0,0.9471489268793771,8,116.0
190.0,8,141.0,2.611111111111111,8.462526003788614,0,0.0,1.0,0,0.0,0.9381623530477864,8,158.0,0.30177279670859264,0,0.0,0.7964926776469528,8,158.0
195.0,11,189.0,3.4363636363636365,7.903561978790844,0,0.0,1.0,1,1.0,0.6104515914474218,9,201.0,0.22204881050160377,1,4.0,0.7055551436784866,11,206.0
200.0,12,249.0,4.611111111111111,7.250378282293944,0,0.0,1.0,1,6.0,0.4714123423776882,10,251.0,0.21736317654739418,1,9.0,0.5590103427746319,12,266.0
205.0,16,322.0,6.708333333333333,6.182019033405073,0,0.0,1.0,3,19.0,0.2600038520140159,10,295.0,0.25503773741045194,3,19.0,0.3883053976339924,16,333.0
210.0,14,265.0,5.760869565217392,4.722885093594517,0,0.0,1.0,4,37.0,0.1985023757594161,7,254.0,0.1007328847310688,3,34.0,0.22124454698149698,14,325.0
215.0,13,313.0,6.804347826086956,5.7612133282813,0,0.0,1.0,2,37.0,0.46356374510300813,7,160.0,0.07888379044451714,4,52.0,0.18651083524186576,13,249.0
220.0,15,382.0,7.795918367346939,6.103390230068968,0,0.0,1.0,3,50.0,0.40374968820125473,8,198.0,0.1006787385547746,4,72.0,0.173004451301246,15,320.0
225.0,17,463.0,9.07843137254902,6.038649561595751,0,0.0,1.0,3,65.0,0.5327078369195423,9,242.0,0.12309340351522367,4,92.0,0.11581958223889066,16,399.0
230.0,11,391.0,7.82,6.293901162481904,0,0.0,1.0,3,80.0,0.537959197869472,8,253.0,0.1146980659275881,0,17.0,0.37259594113123445,11,350.0
235.0,11,446.0,8.92,6.540788345420275,0,0.0,1.0,3,95.0,0.49229237236186635,8,301.0,0.180428039510493,0,0.0,0.95809960414809,11,396.0
240.0,15,513.0,9.865384615384615,6.549105945340234,0,0.0,1.0,3,110.0,0.4689703216505575,11,354.0,0.14938584175379627,0,0.0,0.9487493342361826,14,464.0
245.0,15,582.0,11.877551020408163,6.172237919583593,0,0.0,1.0,3,125.0,0.44678434476172385,12,407.0,0.06643718189486798,0,0.0,0.9544032901910461,15,532.0
250.0,8,182.0,3.7916666666666665,4.712190754266681,0,0.0,1.0,3,137.0,0.282389541207625,2,173.0,0.04332404958418628,1,1.0,0.48065832937900366,6,311.0
255.0,10,187.0,4.065217391304348,5.902620580881313,0,0.0,1.0,5,164.0,0.29515517721603196,0,42.0,0.37859733377026344,1,6.0,0.6566156417092848,6,212.0
260.0,6,52.0,1.0612244897959184,7.040470847828415,0,3.0,0.4862598146844732,0,18.0,0.7388945698255934,0,0.0,0.899298503395544,2,12.0,0.31946320207862994,2,33.0
265.0,9,88.0,1.7959183673469388,7.120185132425233,3,9.0,0.001806979103877548,0,9.0,0.8616064380325907,0,0.0,0.923339771556989,2,22.0,0.3210342532086396,5,40.0
270.0,8,116.0,2.36734693877551,7.082210437021292,0,0.0,1.0,1,12.0,0.8104347922564117,0,6.0,0.8934731745135392,2,32.0,0.32565519901193185,3,50.0
275.0,10,164.0,3.215686274509804,6.800890332761977,0,0.0,1.0,1,17.0,0.7908641677286272,0,6.0,0.9458256320148135,2,42.0,0.09055814462144786,3,65.0
280.0,10,168.0,3.4285714285714284,7.4973126891417605,0,0.0,1.0,1,22.0,0.8467396503861043,1,4.0,0.798952369031492,3,57.0,0.17283742137540634,5,83.0
285.0,7,116.0,2.2745098039215685,7.860821675878137,0,0.0,1.0,1,18.0,0.7302107192878488,1,9.0,0.832977112359253,3,72.0,0.24765325634614382,5,99.0
290.0,8,152.0,2.923076923076923,7.6650632079699506,0,0.0,1.0,1,23.0,0.6241604068144573,2,18.0,0.7416725657004464,3,87.0,0.33412617154647595,6,128.0
295.0,7,154.0,2.8518518518518516,7.540370852807331,0,0.0,1.0,1,28.0,0.4741874768448078,2,13.0,0.6160954686069756,3,102.0,0.359741236095518,6,143.0
300.0,9,175.0,3.4313725490196076,6.812710015416446,0,0.0,1.0,2,36.0,0.3239955948431095,4,60.0,0.44265059002416723,3,117.0,0.2162762756129319,9,213.0
305.0,13,230.0,4.6,6.327267485781398,0,0.0,1.0,2,46.0,0.4588458173819788,7,53.0,0.278463762268553,3,132.0,0.18921097732781442,12,231.0
310.0,17,303.0,5.9411764705882355,5.606483847909085,0,0.0,1.0,2,56.0,0.4580622658711809,9,91.0,0.1782386458198871,4,152.0,0.20602237360747264,15,299.0
315.0,17,372.0,7.44,5.010695916616473,0,0.0,1.0,3,70.0,0.4829470941256752,9,136.0,0.13452145049959655,4,172.0,0.15957588739401854,16,378.0
320.0,12,363.0,7.117647058823529,5.291808099038458,0,0.0,1.0,3,85.0,0.3778216475749362,5,125.0,0.12663573156374652,4,192.0,0.16048612537052598,12,402.0
325.0,12,392.0,7.538461538461538,5.975765938686032,0,0.0,1.0,3,100.0,0.46411199685276977,3,111.0,0.2076990043848694,6,215.0,0.13450812486153294,12,426.0
330.0,14,458.0,9.16,5.922113401071893,0,0.0,1.0,4,117.0,0.3183749654309522,5,123.0,0.1464089947584606,5,240.0,0.21586642851486987,14,480.0
335.0,13,425.0,8.173076923076923,6.0851019060832945,0,0.0,1.0,2,69.0,0.6129638533369133,6,151.0,0.140532644420641,5,265.0,0.19362783586663834,13,485.0
340.0,14,492.0,9.84,5.879185298286589,0,0.0,1.0,3,88.0,0.5282996899400986,6,181.0,0.14218136309658566,5,290.0,0.24528404430445677,14,559.0
345.0,16,569.0,10.942307692307692,5.587841220901487,0,0.0,1.0,3,65.0,0.19077839881590744,6,211.0,0.12982570004295077,6,317.0,0.21941038784126213,15,593.0
350.0,16,644.0,11.925925925925926,5.602051992139799,0,0.0,1.0,4,78.0,0.22404931585813037,6,241.0,0.12633622251475762,6,347.0,0.23177113397753818,16,666.0
355.0,17,725.0,13.425925925925926,5.531692457146629,0,0.0,1.0,4,98.0,0.3240829382016257,7,272.0,0.11829349650208724,6,377.0,0.16856684814709308,17,747.0
360.0,12,404.0,7.769230769230769,5.682310656846283,0,0.0,1.0,5,119.0,0.27205697050468086,7,307.0,0.11122042119747345,0,107.0,0.17663959502102208,12,533.0
365.0,6,155.0,2.8181818181818183,6.544124275634098,0,0.0,1.0,5,144.0,0.3559422375575605,1,150.0,0.3853592582004705,0,0.0,0.4242051232051459,6,294.0
370.0,6,171.0,3.109090909090909,7.163247168657151,0,6.0,0.6507649307642411,5,169.0,0.33619046018218507,1,2.0,0.5311567350819715,0,0.0,0.7575297793777592,6,177.0
375.0,4,29.0,0.5370370370370371,6.9175262726815125,0,9.0,0.2489876436134699,3,22.0,0.6175159520931579,1,7.0,0.5519679475263737,0,0.0,0.9808338646225633,4,38.0
380.0,10,73.0,1.280701754385965,7.349036001959085,3,23.0,0.015254946390445867,3,37.0,0.7695137206515453,1,12.0,0.49484248745938475,0,0.0,0.9764214835600914,7,72.0
385.0,11,109.0,1.912280701754386,6.893045721367467,4,40.0,0.0052828212090192395,3,52.0,0.644359348353509,0,9.0,0.9253606705557325,0,0.0,0.9440336494627433,7,101.0
390.0,11,123.0,2.1206896551724137,6.990729887667752,0,13.0,0.019189878972115826,5,74.0,0.6385329875453589,0,9.0,0.964290177808898,1,1.0,0.6272061187318227,6,97.0
395.0,12,180.0,3.1578947368421053,7.066764309976953,0,0.0,1.0,6,101.0,0.5181205112979478,0,9.0,0.9575920877529311,1,6.0,0.6470858331723712,7,116.0
400.0,13,208.0,3.5254237288135593,6.3770797396580665,0,0.0,1.0,8,134.0,0.26760797993094143,0,9.0,0.9641723570046423,2,12.0,0.20665614288269551,10,155.0
405.0,11,186.0,3.1,6.545204441812576,0,0.0,1.0,11,186.0,0.12381791375096178,0,9.0,0.9768628755820506,0,5.0,0.495631586222861,11,200.0
410.0,14,252.0,4.2,6.787849178493346,0,0.0,0.9846964551087427,14,252.0,0.07684961787650138,0,10.0,0.6820818779641682,0,0.0,0.9946501096108765,14,262.0
415.0,13,250.0,3.90625,6.386333934551098,1,2.0,0.31354894213913886,11,261.0,0.21560181971751946,1,8.0,0.47707903482705954,0,0.0,0.9668382625043435,13,271.0
420.0,14,312.0,5.288135593220339,6.114356680813061,3,14.0,0.11394036540430463,9,288.0,0.2724552607232447,2,18.0,0.0,0,0.0,0.9524387586924039,14,320.0
425.0,15,383.0,6.603448275862069,6.126764748686001,3,29.0,0.014203600838908953,9,328.0,0.24798662039096334,2,31.0,0.47836082252580236,1,1.0,0.46546773748246073,15,389.0
430.0,18,463.0,7.982758620689655,5.840843093796327,5,46.0,0.0029013246809535824,10,376.0,0.22119764325765903,2,41.0,0.5938098870708365,1,6.0,0.49525909243173327,18,469.0
435.0,18,553.0,9.065573770491802,5.826459073436257,5,71.0,0.0005822927007182649,10,426.0,0.22092904131977656,2,51.0,0.4924279625183063,1,11.0,0.6546784864978662,18,559.0
440.0,20,650.0,10.833333333333334,5.405742470968749,5,96.0,0.00018215738289960412,11,478.0,0.20574334708225644,3,66.0,0.47623575971394577,1,16.0,0.3644247290670061,20,656.0
445.0,22,737.0,13.160714285714286,4.994226295489956,5,121.0,3.0264081391251883e-05,13,538.0,0.14031638109230135,3,81.0,0.4744682663946626,0,0.0,0.9626981919686897,21,740.0
450.0,24,850.0,15.178571428571429,4.25555434730965,5,146.0,0.13446346258660644,15,606.0,0.0609987926180471,3,101.0,0.17567512104020308,0,0.0,0.9647973218632178,23,853.0
455.0,21,667.0,11.701754385964913,3.967599368073512,6,173.0,0.0003951559948187278,11,514.0,0.043751406923520766,3,108.0,0.0,0,0.0,0.8230020631077875,20,795.0
460.0,13,385.0,7.12962962962963,5.511242752191405,6,206.0,0.08529983888559874,4,286.0,0.28800791811593285,3,123.0,0.0,0,0.0,0.925252936569966,13,615.0
465.0,13,450.0,8.49056603773585,6.021126957996198,6,239.0,0.020389437351236363,4,160.0,0.5211009587561075,3,164.0,0.43552273109889955,0,0.0,0.9654133994734393,13,563.0
470.0,13,515.0,8.879310344827585,6.09677853196458,6,269.0,0.003095821385720526,4,117.0,0.5598777433144496,3,179.0,0.4022617519835909,0,0.0,0.944503479443282,13,565.0
475.0,16,471.0,8.263157894736842,5.734421409657231,8,307.0,0.00035849392177509515,5,123.0,0.45235355427780305,2,130.0,0.48742002337954016,0,0.0,0.9786691884997613,15,560.0
480.0,14,496.0,8.857142857142858,6.134082712009823,8,347.0,0.00010761018125310251,5,148.0,0.38681301551825775,0,32.0,0.7113256440488438,0,0.0,0.4532464159446381,13,527.0
485.0,16,574.0,9.728813559322035,6.105526960257511,8,387.0,0.01294895938650102,5,173.0,0.4287141665234009,0,3.0,0.8592809670464607,2,8.0,0.3249842769517865,15,571.0
490.0,20,665.0,11.083333333333334,5.539659932199968,9,432.0,3.7311877588872245e-06,8,205.0,0.2836848950767682,0,3.0,0.7084664802127898,2,18.0,0.35799628749004064,19,658.0
495.0,14,546.0,8.950819672131148,5.7210604088823604,9,477.0,1.344163193579513e-06,1,28.0,0.4864706743781474,0,0.0,0.8535400482833521,3,32.0,0.24035338080274424,13,537.0
500.0,9,169.0,2.816666666666667,6.550579981052317,3,265.0,0.008835504975082065,3,31.0,0.600197836185997,0,0.0,0.7860362148730917,3,47.0,0.24599427443109795,9,343.0
505.0,8,109.0,1.7580645161290323,7.2358642503952835,0,97.0,0.17496107687148574,4,47.0,0.5143212682837691,0,9.0,0.7530471189618849,4,62.0,0.17269156791237716,8,215.0
510.0,9,148.0,2.5517241379310347,8.020800924945567,0,0.0,0.9904526615415356,5,69.0,0.3507952203004373,0,9.0,0.9447001738459485,4,79.0,0.07231717257062908,9,157.0
515.0,11,200.0,3.5714285714285716,8.131352209679529,0,0.0,1.0,7,101.0,0.21692526548719823,0,9.0,0.965960492676955,4,99.0,0.16142961875306377,11,209.0
520.0,11,255.0,4.396551724137931,7.923457207052435,0,0.0,1.0,7,136.0,0.11060958050162578,0,9.0,0.7743916565061153,4,119.0,0.19694268238903748,11,264.0
525.0,9,180.0,3.1578947368421053,6.860872605898804,0,0.0,1.0,8,176.0,0.022118628719656384,1,10.0,0.8096921604392825,0,42.0,0.38723753033819636,9,228.0
530.0,13,235.0,4.607843137254902,6.625906119807322,0,0.0,1.0,9,220.0,0.0752442863192867,2,22.0,0.5373136336856419,0,0.0,0.710407309964864,11,242.0
535.0,9,265.0,5.520833333333333,5.552769888531675,0,0.0,1.0,9,265.0,0.09597977069288201,0,3.0,0.3942910902413133,0,0.0,0.8779392890727694,9,268.0
540.0,10,311.0,6.479166666666667,5.8807466979892915,0,1.0,0.7093773989696741,9,310.0,0.19947599808236474,1,1.0,0.1562015250673231,0,0.0,0.9909936795585456,10,312.0
545.0,13,364.0,7.137254901960785,6.128845559680451,3,7.0,0.08391192322693279,9,355.0,0.36913426227227275,1,6.0,0.0,0,0.0,0.9623861203152856,13,368.0
550.0,13,429.0,8.755102040816327,6.087214833214319,3,22.0,0.008862319203280539,9,400.0,0.382594413193426,1,11.0,0.0,0,0.0,0.9261731533850093,13,433.0
555.0,14,480.0,9.6,6.28164960628035,4,38.0,0.0022524266010067132,9,445.0,0.37125500649121573,1,1.0,0.0013141665353899807,0,0.0,0.9641002400178282,14,484.0
560.0,11,285.0,5.480769230769231,6.632409385184537,4,61.0,0.16302529704820606,6,340.0,0.4376516586769433,1,6.0,0.4830684535816717,0,0.0,0.919236482512744,11,407.0
565.0,6,113.0,2.0925925925925926,6.987168287697917,0,10.0,0.057542678459799025,4,142.0,0.4983414935842017,1,11.0,0.4836186787946009,0,0.0,0.9712744649964186,5,163.0
570.0,9,150.0,2.7777777777777777,6.907850036999162,0,0.0,1.0,6,126.0,0.32486413316793633,1,19.0,0.6058713341225372,1,2.0,0.47088811283544735,8,147.0
575.0,11,192.0,3.6226415094339623,7.2175654456069385,0,0.0,1.0,8,163.0,0.2627112718663361,2,25.0,0.6065589521346088,1,7.0,0.4990677573044094,11,195.0
580.0,12,250.0,4.62962962962963,6.609035036408496,0,0.0,1.0,9,206.0,0.16704182201319825,2,35.0,0.6234764916793917,1,12.0,0.6320818142721855,12,253.0
585.0,14,314.0,6.1568627450980395,6.176725449084633,0,0.0,1.0,10,253.0,0.09283939706605,3,47.0,0.6271181655383535,1,5.0,0.6514900399662702,14,305.0
590.0,15,386.0,7.568627450980392,5.848129052970567,0,0.0,1.0,10,303.0,0.08313283545427022,3,62.0,0.49178345218781566,2,12.0,0.3110537981064353,15,377.0
595.0,18,469.0,10.422222222222222,5.145677714374212,0,0.0,1.0,12,357.0,0.07649146878471708,4,79.0,0.37478368004091395,2,22.0,0.40222128683273606,18,458.0
600.0,17,554.0,12.043478260869565,5.163802935553066,0,0.0,1.0,11,412.0,0.060369730344815735,4,99.0,0.4061486190721546,2,32.0,0.5440236851179491,17,543.0
605.0,17,639.0,14.2,5.10680063767402,0,0.0,1.0,11,467.0,0.06953640921956945,4,119.0,0.3375870763889376,2,42.0,0.4313407874033473,17,628.0
610.0,19,731.0,15.553191489361701,5.313293742929108,0,0.0,1.0,12,525.0,0.07239447400269361,5,143.0,0.2952629507578519,2,52.0,0.467395719880256,19,720.0
615.0,21,831.0,16.62,5.004369464163008,0,0.0,1.0,12,585.0,0.08360659402361455,6,169.0,0.09245783315666127,3,66.0,0.45170633941307287,21,820.0
620.0,24,948.0,18.23076923076923,4.616793686516755,0,0.0,1.0,12,645.0,0.0590789855174507,8,208.0,0.07900577680261284,4,84.0,0.3716496336916268,24,937.0
625.0,21,919.0,17.673076923076923,4.325249553122463,0,0.0,1.0,11,663.0,0.12194604607486857,9,249.0,0.000608385579703687,1,21.0,0.47999621308557616,21,933.0
630.0,21,1013.0,19.48076923076923,4.624111526145258,0,0.0,1.0,12,720.0,0.14329495248413668,9,310.0,0.1849836493585119,0,21.0,0.39359366590958866,21,1051.0
635.0,23,1122.0,20.77777777777778,4.579534497603144,0,0.0,1.0,12,780.0,0.09184856575005325,11,350.0,0.08888281843117549,0,12.0,0.5233041457468188,23,1142.0
640.0,22,1122.0,20.4,4.002626684730016,0,0.0,1.0,12,840.0,0.05664429878790135,9,340.0,0.09610476738198435,1,13.0,0.3428114764825742,22,1193.0
645.0,12,359.0,6.527272727272727,4.544543211096144,0,0.0,1.0,2,339.0,0.1380937412052391,8,305.0,0.1258474853362577,2,22.0,0.33252246727370943,12,666.0
650.0,11,340.0,5.964912280701754,5.981948944913825,0,0.0,1.0,0,74.0,0.436757116707479,9,330.0,0.08888975332982631,2,32.0,0.26497178461751003,11,436.0
655.0,12,399.0,6.762711864406779,7.054040708680558,0,0.0,1.0,0,1.0,0.7405428396803874,10,388.0,0.3239333592618755,2,42.0,0.14209016366723823,12,431.0
660.0,13,464.0,7.864406779661017,6.826755723135349,0,0.0,1.0,0,0.0,0.9343998265298434,10,438.0,0.4151005226161577,3,57.0,0.2221620080319668,13,495.0
665.0,15,533.0,9.189655172413794,5.976674378470932,0,0.0,1.0,0,0.0,0.9650253905975918,11,488.0,0.4206738886167927,3,72.0,0.24228953173716317,14,560.0
670.0,18,608.0,10.305084745762711,6.12342366689875,0,0.0,1.0,0,0.0,0.8440734313087213,11,543.0,0.4350346119188352,2,72.0,0.291863876383355,13,615.0
675.0,20,704.0,11.932203389830509,5.584438020106105,0,0.0,1.0,1,1.0,0.707738373279848,11,598.0,0.4077605744371526,2,82.0,0.3552600118075415,14,681.0
680.0,23,808.0,14.175438596491228,4.808266016258343,0,0.0,1.0,2,8.0,0.30790180863972266,12,651.0,0.3874964417045926,2,92.0,0.4641012796265205,16,751.0
685.0,25,889.0,14.816666666666666,4.051986053842158,0,0.0,1.0,3,20.0,0.1882797192677232,13,712.0,0.26863087016427784,2,102.0,0.4949696139858061,18,834.0
690.0,23,904.0,15.066666666666666,3.8288312046112383,0,0.0,1.0,1,7.0,0.6239041186837967,17,785.0,0.10179844173031673,2,112.0,0.5771970733732348,20,904.0
695.0,22,981.0,16.35,4.354509111263664,0,0.0,1.0,1,12.0,0.6442955639685362,19,874.0,0.05273254669438407,2,122.0,0.4804975880056258,22,1008.0
700.0,27,1101.0,18.049180327868854,4.135077309461515,0,0.0,1.0,1,17.0,0.4984794409528933,22,980.0,0.06912218898833601,3,135.0,0.36707079558134126,26,1132.0
705.0,31,1238.0,18.757575757575758,4.109869878912171,0,0.0,1.0,3,27.0,0.3089401503614642,24,1093.0,0.10596570565998167,3,150.0,0.42564539456964845,30,1270.0
710.0,32,1392.0,21.09090909090909,4.3774500600212525,0,0.0,1.0,3,42.0,0.38424438478753375,25,1216.0,0.10527884821032425,4,170.0,0.41584874326263044,32,1428.0
715.0,29,1495.0,22.313432835820894,4.414522254980862,0,0.0,1.0,0,10.0,0.4314454523855409,25,1341.0,0.10292072265513229,4,190.0,0.4196216290670706,29,1541.0
720.0,27,1574.0,23.492537313432837,4.491214798105802,0,0.0,1.0,0,0.0,0.8577940444675535,23,1431.0,0.1134523880734576,4,210.0,0.27830704970468284,27,1641.0
725.0,28,1713.0,25.191176470588236,4.612023146601691,0,0.0,1.0,0,0.0,0.8033165754062711,23,1518.0,0.0806109185165597,5,234.0,0.190393227001718,28,1752.0
730.0,32,1858.0,27.73134328358209,4.461850732895457,0,0.0,1.0,1,2.0,0.49553157211598114,24,1634.0,0.10072392514921581,6,260.0,0.07990372402127681,31,1896.0
735.0,34,2017.0,30.104477611940297,4.265849900822423,0,0.0,1.0,1,7.0,0.6110161076716006,27,1759.0,0.06282968006832193,6,290.0,0.11659020419850782,34,2056.0
740.0,34,2186.0,33.63076923076923,4.193641505357724,0,0.0,1.0,1,12.0,0.7447584743315142,26,1888.0,0.06633667176674754,7,325.0,0.14422812070476426,34,2225.0
745.0,35,2357.0,36.828125,4.191762178535496,0,0.0,1.0,2,18.0,0.48299785353381863,26,2018.0,0.0677392940328795,7,360.0,0.24664173583136179,35,2396.0
750.0,37,2538.0,38.45454545454545,3.888166148858966,0,0.0,1.0,2,28.0,0.47540787588318617,26,2148.0,0.06414690066784949,7,395.0,0.26289604604605404,35,2571.0
755.0,40,2730.0,40.74626865671642,3.31832990149642,0,0.0,1.0,3,39.0,0.16165339078491034,27,2295.0,0.03109145606676899,7,430.0,0.253269695139727,37,2764.0
760.0,46,2943.0,43.92537313432836,2.42957261058909,0,0.0,1.0,4,56.0,0.04967333629497118,29,2435.0,1.1064341795828917e-05,8,467.0,0.2903297282724517,41,2958.0
765.0,46,3169.0,47.298507462686565,2.3464286941048558,0,0.0,1.0,4,76.0,0.11805538676902541,28,2556.0,0.0,8,507.0,0.22980794689961825,40,3139.0
770.0,43,3321.0,49.56716417910448,2.2381367933872145,0,0.0,1.0,4,96.0,0.19631073647660666,28,2696.0,0.0,9,549.0,0.08209225296051884,41,3341.0
775.0,44,3512.0,50.89855072463768,2.868417649757628,0,0.0,1.0,4,116.0,0.25742550553525595,28,2836.0,0.0,12,600.0,0.07676348186735442,44,3552.0
780.0,43,3727.0,53.24285714285714,3.1036521831762323,0,0.0,1.0,4,136.0,0.2354162087444762,28,2976.0,0.010352803135343418,11,655.0,0.07851838197030049,43,3767.0
785.0,31,2120.0,30.285714285714285,3.441202731101211,0,0.0,1.0,4,156.0,0.3140775892284124,16,2137.0,0.0821211518269703,11,710.0,0.06407523687716098,31,3003.0
790.0,20,1115.0,15.704225352112676,4.680441937357905,0,9.0,0.7619872176882048,4,182.0,0.40729669134978375,5,1225.0,0.16779430999506642,11,765.0,0.0784061432388668,20,2181.0
795.0,18,1018.0,14.13888888888889,5.609040627605923,0,0.0,0.7197122453557301,5,210.0,0.46987164912080487,1,622.0,0.33709390927746274,12,823.0,0.07880629197686818,18,1655.0
800.0,15,510.0,6.891891891891892,6.743138338829095,0,0.0,0.8692505027971086,5,235.0,0.5832212039567698,1,287.0,0.48845423634043356,6,527.0,0.1081494882910753,12,1049.0
805.0,15,306.0,4.08,7.057055989445942,0,0.0,1.0,6,258.0,0.6099362306230937,6,313.0,0.34387789591660206,0,175.0,0.33645724965679963,12,746.0
810.0,20,392.0,5.226666666666667,5.934125590684907,0,0.0,1.0,6,285.0,0.6065726288159983,10,350.0,0.06550055680059144,0,139.0,0.4033080728269301,16,774.0
815.0,27,517.0,6.714285714285714,5.534684782453138,0,0.0,1.0,6,315.0,0.503965002067193,13,411.0,0.06701984066046764,4,153.0,0.4016311313756802,23,879.0
820.0,21,268.0,3.4805194805194803,5.31458056056129,0,0.0,1.0,1,126.0,0.5480855923252616,15,479.0,0.053417495833793245,4,173.0,0.3956678490724335,20,778.0
825.0,18,247.0,3.3835616438356166,6.123408400629101,0,0.0,1.0,0,13.0,0.7883524044574652,13,478.0,0.07188851735744078,5,194.0,0.26568064718006473,18,685.0
830.0,17,317.0,4.464788732394366,7.172697831441393,0,3.0,0.9326735590557131,0,0.0,0.7724260272951184,12,487.0,0.2659361248363625,5,219.0,0.2522895918196904,17,709.0
835.0,16,376.0,5.449275362318841,7.478683263170733,0,0.0,1.0,1,4.0,0.6337434430335342,10,538.0,0.4020463285497767,5,244.0,0.2375739003514063,16,786.0
840.0,17,455.0,6.6911764705882355,7.247044096169242,0,0.0,1.0,0,1.0,0.5269017010704902,11,590.0,0.4456457885842428,6,272.0,0.12742258002995524,17,863.0
845.0,19,452.0,6.848484848484849,6.542154555098861,0,0.0,1.0,0,0.0,0.9943527889921387,13,650.0,0.3900294070841603,3,163.0,0.1853396493070556,16,813.0
850.0,22,508.0,7.582089552238806,5.64247984217495,0,0.0,1.0,1,1.0,0.31702606818000256,15,727.0,0.28238099758744356,1,102.0,0.32832585797860553,17,830.0
855.0,29,643.0,9.742424242424242,4.40513924505236,0,0.0,1.0,1,6.0,0.648242588588439,18,812.0,0.1886335965226861,4,119.0,0.18174473965478266,23,937.0
860.0,32,800.0,12.307692307692308,3.361831571538912,0,0.0,1.0,1,11.0,0.6504114904836229,19,906.0,0.058784438922623514,4,139.0,0.17034146985070678,24,1056.0
865.0,22,397.0,6.107692307692307,3.159377228857893,0,0.0,1.0,1,16.0,0.4889120939474623,8,490.0,0.037046701769706515,6,160.0,0.1403977386661647,15,666.0
870.0,15,307.0,4.873015873015873,4.574024452640526,0,9.0,0.5216175846558128,1,30.0,0.5162599652590154,3,200.0,0.21035877256179203,5,185.0,0.18676148258859587,9,424.0
875.0,17,341.0,5.5,6.154615620309879,3,12.0,0.004549143466498678,2,38.0,0.682280381976943,3,83.0,0.31646046668993033,5,210.0,0.15176975300082146,13,343.0
880.0,18,428.0,6.903225806451613,5.793363687864111,3,27.0,0.1440666478048364,3,50.0,0.6359378882116841,3,95.0,0.28794750895055454,5,235.0,0.1459367567545524,14,407.0
885.0,13,300.0,4.615384615384615,5.455600653445204,3,42.0,0.051487199103346974,2,55.0,0.6691089562405785,3,78.0,0.49202326755019793,0,61.0,0.2622264317452509,8,236.0
890.0,16,374.0,5.753846153846154,5.863495888080014,6,66.0,0.01235413654220318,2,65.0,0.6830694536179088,3,99.0,0.5850473331465005,0,0.0,0.5857060272461443,11,230.0
895.0,21,469.0,7.328125,5.490079838481391,8,104.0,0.00407017290341881,2,95.0,0.6612217021699265,5,106.0,0.29647231893384346,0,0.0,0.9694603257104293,15,305.0
900.0,29,602.0,9.261538461538462,4.481569355914372,10,153.0,0.0008749285998195683,4,111.0,0.5731948337760171,9,144.0,0.19761456783484288,0,0.0,0.9306344264705897,23,408.0
905.0,23,607.0,9.196969696969697,4.142405768503735,10,203.0,0.0003083784374543083,0,8.0,0.5921892887728318,6,152.0,0.12191516605509098,0,0.0,0.933427540098981,16,363.0
910.0,17,523.0,7.924242424242424,4.608165662134447,4,136.0,0.010747568414347498,0,3.0,0.5782702350356601,7,171.0,0.21165568323098086,0,0.0,0.9541012510177908,11,310.0
915.0,14,524.0,8.061538461538461,5.785014062369379,0,59.0,0.11645731624367894,0,9.0,0.8268578078754346,7,212.0,0.3371949011949538,1,1.0,0.6389523619555811,8,281.0
920.0,9,244.0,3.753846153846154,7.301514052198909,0,7.0,0.4880363481225544,0,35.0,0.8937379474118956,7,236.0,0.3573766400421618,1,6.0,0.6261266065876864,8,284.0
925.0,10,278.0,4.149253731343284,7.318879403387147,0,0.0,0.810753952351503,1,36.0,0.7741332168712772,7,271.0,0.3467734711740757,2,15.0,0.2476777140156141,10,322.0
930.0,14,339.0,4.985294117647059,7.0714939637111005,0,0.0,1.0,3,44.0,0.6343229204558823,7,306.0,0.3467411807562764,3,30.0,0.24052529325562066,13,380.0
935.0,15,413.0,6.555555555555555,6.780380997724625,0,0.0,1.0,4,85.0,0.5880666760172232,7,341.0,0.3441550532025519,3,45.0,0.24419137245647715,14,471.0
940.0,18,492.0,7.809523809523809,5.91759235524502,0,0.0,1.0,5,97.0,0.5213625257920974,8,377.0,0.12410883724527809,3,60.0,0.14626395976644482,16,534.0
945.0,21,587.0,9.62295081967213,5.341069627484741,0,0.0,1.0,7,128.0,0.33901155787850185,7,444.0,0.06512942607504922,4,79.0,0.11473143839808198,18,651.0
950.0,22,661.0,12.018181818181818,5.1002746090038755,0,2.0,0.6889797099195523,10,189.0,0.2481204837696507,8,483.0,0.032554628639314985,4,99.0,0.1880499560985456,22,773.0
955.0,26,781.0,14.2,4.560788303886415,0,0.0,0.7099333097095615,14,249.0,0.10639918784886243,8,523.0,0.0,4,119.0,0.22113701151668194,26,891.0
960.0,28,916.0,16.357142857142858,4.729480966098307,0,0.0,1.0,16,324.0,0.06483563753573725,8,563.0,0.0,4,139.0,0.29089859250754674,28,1026.0
965.0,26,822.0,14.945454545454545,4.561957884564869,0,0.0,1.0,16,404.0,0.10533525021318699,6,504.0,0.11119290235169588,4,159.0,0.22585220588759122,26,1067.0
970.0,16,519.0,9.267857142857142,4.915923640892965,0,0.0,1.0,8,315.0,0.1524415631290263,4,341.0,0.09356268301866605,4,179.0,0.1739448633531431,16,835.0
975.0,16,599.0,10.327586206896552,6.053794861263606,0,0.0,1.0,8,298.0,0.29530386054096636,4,227.0,0.035094110460740055,4,199.0,0.15594160688675576,16,724.0
980.0,19,689.0,12.303571428571429,6.561160841902544,0,0.0,1.0,9,340.0,0.30463610064269664,5,259.0,0.3984064071290158,5,224.0,0.12490053869914874,19,823.0
985.0,18,638.0,11.392857142857142,5.993112211699824,0,0.0,1.0,10,387.0,0.2135649825422127,3,204.0,0.4808342274694069,5,249.0,0.13548269984365732,18,840.0
990.0,20,664.0,11.857142857142858,5.488797539578888,0,3.0,0.9741885614226414,12,444.0,0.11723434240522217,1,59.0,0.6364313007780305,5,275.0,0.14390816965377143,18,781.0
995.0,19,477.0,8.224137931034482,5.222025791795173,0,0.0,1.0,13,505.0,0.11648600263615937,2,14.0,0.6599871837786899,1,98.0,0.25172005522997304,16,617.0
1000.0,20,570.0,10.178571428571429,5.526816601688099,0,0.0,1.0,15,578.0,0.15901079247731884,2,33.0,0.5854018919959297,0,6.0,0.40899876533509016,17,617.0
1005.0,23,673.0,12.69811320754717,4.3562607671995215,0,0.0,1.0,15,653.0,0.15512409855892562,2,43.0,0.38216238905209665,1,1.0,0.6215007132819886,18,697.0
1010.0,22,733.0,13.089285714285714,4.509252042588087,0,0.0,1.0,15,728.0,0.19720910671111927,5,66.0,0.17344780359506243,0,0.0,0.9626701892043211,20,794.0
1015.0,24,832.0,15.407407407407407,4.146848271540456,0,0.0,1.0,15,803.0,0.19957984191186043,9,105.0,0.08637363268315035,0,0.0,0.9384677247112844,24,908.0
1020.0,26,959.0,17.125,3.840414329089305,0,0.0,1.0,16,880.0,0.14679545305469294,10,155.0,0.00792047343586768,0,0.0,0.6350215709316259,26,1035.0
1025.0,29,1074.0,19.178571428571427,3.612147967241163,0,0.0,1.0,16,960.0,0.15108426329512017,12,185.0,0.0007989507946765217,1,5.0,0.3356046260670926,29,1150.0
1030.0,31,1228.0,20.466666666666665,3.712094132917699,0,0.0,1.0,16,1040.0,0.11799104624912375,12,245.0,0.0001355733089750636,2,15.0,0.2564365407349728,30,1300.0
1035.0,33,1390.0,23.166666666666668,3.581524280009059,0,0.0,1.0,17,1126.0,0.1644077192020845,12,305.0,4.494424340319314e-05,3,27.0,0.26079314198872494,32,1458.0
1040.0,29,1112.0,17.93548387096774,4.015188120560463,0,0.0,1.0,15,988.0,0.20266497731871191,12,365.0,5.689409577535294e-06,2,35.0,0.4446462194094518,29,1388.0
1045.0,21,607.0,9.484375,4.605313093174615,0,0.0,1.0,7,618.0,0.22751680919540193,12,428.0,0.013606504311228005,2,45.0,0.5383121624919458,21,1091.0
1050.0,18,645.0,10.078125,5.4394451563088495,0,0.0,1.0,4,340.0,0.299589469201489,12,491.0,0.06896078656421414,2,55.0,0.6002377961050395,18,886.0
1055.0,21,745.0,11.287878787878787,5.518235774910744,0,0.0,1.0,6,149.0,0.22518561081813698,13,553.0,0.06378286489045892,2,65.0,0.6165184800085405,21,767.0
1060.0,23,852.0,13.523809523809524,5.915471911647012,0,0.0,1.0,7,179.0,0.12179622884009605,13,618.0,0.15731695576677396,3,76.0,0.3153256757849599,23,873.0
1065.0,24,971.0,14.938461538461539,5.37038585468018,0,0.0,1.0,7,214.0,0.12610286911751095,13,683.0,0.22658562151384673,4,95.0,0.3413651954888457,24,992.0
1070.0,26,1096.0,16.606060606060606,4.676152015330819,0,0.0,1.0,7,249.0,0.11026085539605987,13,748.0,0.2197740850624117,5,118.0,0.27865687134892425,25,1115.0
1075.0,29,1234.0,19.28125,4.447362566989128,0,0.0,1.0,7,325.0,0.21486339783297212,14,814.0,0.16587772456746347,6,145.0,0.13479808708412502,27,1284.0
1080.0,23,1106.0,17.838709677419356,4.921259832251058,0,0.0,1.0,2,100.0,0.48071669075414825,14,884.0,0.15733355666353677,6,175.0,0.20538108516680337,22,1159.0
1085.0,24,1209.0,18.890625,4.573351200204677,0,0.0,1.0,3,90.0,0.35291551070562044,15,956.0,0.09040835402501542,6,205.0,0.28565857037645603,24,1251.0
1090.0,27,1337.0,20.890625,4.364054855294313,0,0.0,1.0,5,111.0,0.15938614042272028,16,1042.0,0.15353620772092472,6,235.0,0.293879703637834,27,1388.0
1095.0,29,1480.0,22.76923076923077,4.811077212153269,0,0.0,1.0,5,136.0,0.3254960784771528,17,1123.0,0.24565756380016082,6,265.0,0.20957303508632194,28,1524.0
1100.0,28,1578.0,22.869565217391305,4.791108098604444,0,0.0,1.0,2,109.0,0.391624639338804,17,1208.0,0.25026619579914877,8,298.0,0.10995358758994897,27,1615.0
1105.0,28,1717.0,25.25,5.354144893272207,0,0.0,1.0,3,113.0,0.23529534424827578,17,1293.0,0.2532660486115288,8,338.0,0.09369287397141743,28,1744.0
1110.0,28,1857.0,28.56923076923077,4.84569076135782,0,0.0,1.0,3,128.0,0.3599759292801957,17,1378.0,0.27321752464664734,8,378.0,0.09331805405877282,28,1884.0
1115.0,29,1998.0,30.73846153846154,4.772871495304111,0,0.0,1.0,3,143.0,0.48910933196086287,17,1463.0,0.21669993018556588,9,419.0,0.17080255283346782,29,2025.0
1120.0,28,2006.0,30.393939393939394,3.9436628418127677,0,0.0,1.0,2,21.0,0.14979521605266355,17,1548.0,0.11642597561168323,9,464.0,0.1748764741908838,28,2033.0
1125.0,32,2154.0,32.149253731343286,4.131420583362997,0,0.0,1.0,3,34.0,0.14686091415934913,20,1643.0,0.11073819199022614,9,509.0,0.20105268281332075,32,2186.0
1130.0,21,1022.0,15.029411764705882,4.495899191720288,0,0.0,1.0,3,49.0,0.23360926351803227,9,985.0,0.2154386001856943,9,554.0,0.16921363002871623,21,1588.0
1135.0,14,664.0,9.352112676056338,5.254030729320182,0,6.0,0.7141021031205187,3,73.0,0.45621678810430094,0,450.0,0.3300451584415165,11,600.0,0.1483946277754307,14,1129.0
1140.0,15,729.0,11.045454545454545,5.978421831252518,2,11.0,0.12794215574946682,3,88.0,0.6101345806472773,0,28.0,0.5211723607776438,10,649.0,0.17526613120030887,15,776.0
1145.0,16,788.0,12.123076923076923,6.255244102151096,3,26.0,0.12649958694523583,2,74.0,0.7333935746583635,0,4.0,0.6477870346273964,11,701.0,0.11237888137782814,16,805.0
1150.0,20,878.0,13.71875,5.262338418213233,4,42.0,0.04595772361047647,2,84.0,0.7496273676071613,3,13.0,0.23927753682876846,11,756.0,0.08312594205756198,20,895.0
1155.0,22,940.0,14.6875,4.99405900516946,0,5.0,0.033187612605499545,4,99.0,0.646012139404782,7,42.0,0.12440443970139634,11,811.0,0.1221621331149736,22,957.0
1160.0,17,486.0,7.476923076923077,5.5646961601123675,0,0.0,0.19626772151398772,4,116.0,0.5593209869604592,7,77.0,0.11294687620344329,6,541.0,0.18464620919416566,17,734.0
1165.0,14,235.0,3.6153846153846154,6.041377537021442,0,0.0,1.0,7,131.0,0.3637827851022321,7,122.0,0.28477940679884695,0,308.0,0.37299603741698173,14,561.0
1170.0,15,284.0,4.303030303030303,5.83215109674072,0,0.0,1.0,7,166.0,0.1938934181261887,8,141.0,0.24647410961763347,0,71.0,0.6457414535172353,15,378.0
1175.0,23,375.0,5.681818181818182,4.551885853807737,0,3.0,0.99212372565068,8,202.0,0.16616810348238079,11,184.0,0.14286297822841204,2,10.0,0.4106251054326859,21,399.0
1180.0,33,525.0,8.333333333333334,4.065781122204956,0,0.0,1.0,11,256.0,0.13422597712217427,15,252.0,0.10049411152841463,3,23.0,0.3798763923702253,29,531.0
1185.0,37,702.0,11.142857142857142,3.5622425613990174,0,0.0,1.0,13,316.0,0.10363105377956765,17,334.0,0.09692916226761128,3,38.0,0.21964362647747265,33,688.0
1190.0,26,627.0,9.952380952380953,3.5784066550711993,0,0.0,1.0,11,360.0,0.15668814025535488,7,244.0,0.15947359568043182,3,53.0,0.17806732046822035,21,657.0
1195.0,20,552.0,8.761904761904763,4.72493770762719,0,6.0,0.6072838959072047,12,420.0,0.12934032624831707,0,170.0,0.3776425409337316,4,73.0,0.21188864283687603,16,669.0
1200.0,22,658.0,11.152542372881356,5.565570140738134,2,15.0,0.03077773354751163,12,489.0,0.2799349473871445,0,53.0,0.575595997466918,4,93.0,0.2593068544593529,18,650.0
1205.0,24,772.0,13.310344827586206,5.616959311941226,3,28.0,2.0995420614906967e-05,12,549.0,0.35643575423544055,0,0.0,1.0,4,113.0,0.2760729277864707,19,690.0
1210.0,11,201.0,3.35,5.039510289476449,3,43.0,3.2788520524585673e-06,2,218.0,0.4808677695774295,0,0.0,1.0,0,23.0,0.5616009656681427,5,284.0
1215.0,14,191.0,3.23728813559322,5.307004610592673,3,58.0,0.0,0,38.0,0.7392341830985452,0,9.0,0.5085870735951423,0,0.0,0.8597592905033943,3,105.0
1220.0,13,219.0,3.65,6.177254808250374,3,73.0,0.0,0,3.0,0.9444977207805152,3,25.0,0.5127214130934337,0,0.0,0.9925483029975114,6,101.0
1225.0,15,286.0,4.5396825396825395,6.338492701299517,3,88.0,0.0,0,0.0,0.9579486863249363,4,41.0,0.47608966876588454,0,0.0,0.9854190555625644,7,129.0
1230.0,18,361.0,5.553846153846154,6.3314368118666104,3,103.0,0.0,0,0.0,0.9928778219438469,8,67.0,0.47442954372438256,0,0.0,0.8903440221126065,11,170.0
1235.0,15,242.0,3.78125,6.229170003910233,3,118.0,0.0,0,0.0,0.9344495214490302,8,107.0,0.4793050768755969,1,3.0,0.4883261348888789,12,228.0
1240.0,12,261.0,4.078125,6.6769562531546764,3,133.0,0.0,0,0.0,0.9887118899985495,8,147.0,0.46458285052468934,1,8.0,0.4951923631941864,12,288.0
1245.0,14,327.0,5.274193548387097,6.29312986378118,3,148.0,0.0,0,0.0,0.8505081381232241,10,193.0,0.33761950453919637,1,13.0,0.6483920966630343,14,354.0
1250.0,15,382.0,6.47457627118644,5.626653412956593,3,163.0,0.0,1,2.0,0.483595168130588,10,243.0,0.23559165786711575,1,1.0,0.4882929822667181,15,409.0
1255.0,17,461.0,8.087719298245615,5.317885003665246,3,178.0,0.0,1,7.0,0.4954580814810099,11,298.0,0.09207321611390777,1,6.0,0.6490361740774834,16,489.0
1260.0,18,551.0,9.666666666666666,5.337291362979655,3,193.0,0.0,1,12.0,0.5109919131642805,12,359.0,0.03557076977115556,1,11.0,0.7253008761337134,17,575.0
1265.0,22,648.0,11.172413793103448,5.25147766035421,3,208.0,0.0,2,17.0,0.3751795915084485,15,445.0,0.05464842979099307,1,16.0,0.7652604425099941,21,686.0
1270.0,22,737.0,13.160714285714286,4.661997040650676,3,223.0,0.0,0,11.0,0.7263799958218491,17,531.0,0.031185695370929172,1,21.0,0.7431001520685834,21,786.0
1275.0,21,675.0,11.637931034482758,4.956207156538129,3,238.0,0.0,1,13.0,0.6737115607817636,15,509.0,0.0321927215552411,2,28.0,0.3922169666124181,21,788.0
1280.0,22,730.0,11.774193548387096,5.541380065461797,3,253.0,0.0,2,20.0,0.46738927864467794,13,548.0,0.1996565634097084,3,43.0,0.3016522176877346,21,864.0
1285.0,28,863.0,13.919354838709678,5.302510626613634,3,268.0,0.1446664777144071,4,44.0,0.4223031234968588,16,623.0,0.2259950382613749,4,63.0,0.20238889411383845,27,998.0
1290.0,30,1002.0,16.161290322580644,4.559821992009384,5,290.0,5.047150129017158e-05,4,58.0,0.36921890400734625,16,703.0,0.2239797782874945,5,87.0,0.1592960388232429,30,1138.0
1295.0,31,1153.0,18.901639344262296,4.56501240414902,5,315.0,0.0,5,79.0,0.2795857324269355,16,783.0,0.22032909911138074,5,112.0,0.18805593609187743,31,1289.0
1300.0,31,1308.0,21.096774193548388,4.659296354756775,5,340.0,0.0,5,104.0,0.17621458205081894,16,863.0,0.22628311304090412,5,137.0,0.1944773733084913,31,1444.0
1305.0,33,1470.0,22.96875,4.057789027606671,5,365.0,0.0,6,134.0,0.140692586118528,17,943.0,0.18007558529541587,5,162.0,0.21742757097741786,33,1604.0
1310.0,34,1636.0,25.16923076923077,3.7807205993318944,5,390.0,0.0,6,164.0,0.14065838414198192,17,1028.0,0.11088088643052849,6,188.0,0.32637017292954446,34,1770.0
1315.0,39,1815.0,27.08955223880597,3.2536241995097352,5,415.0,0.0,6,194.0,0.2344632639818725,18,1116.0,0.04616503491396771,7,218.0,0.2270910212481946,36,1943.0
1320.0,43,2018.0,29.676470588235293,3.2568387645689816,5,440.0,0.0,7,227.0,0.1912602838924461,21,1214.0,0.04354244904206464,7,252.0,0.20840291855493911,40,2133.0
1325.0,44,2212.0,32.05797101449275,3.093040131022754,5,465.0,0.0,7,262.0,0.13623932423280952,21,1319.0,0.07816390484271152,7,287.0,0.18961719288535017,40,2333.0
1330.0,39,2238.0,31.97142857142857,3.304170407441783,5,490.0,0.0,4,205.0,0.2636352946629364,21,1424.0,0.09468368699019515,7,322.0,0.1654289340012706,37,2441.0
1335.0,27,1276.0,17.47945205479452,3.949786788884017,5,515.0,0.0,2,73.0,0.27531255337220834,9,907.0,0.1176403347568824,9,364.0,0.10097657190029628,25,1859.0
1340.0,12,460.0,6.133333333333334,5.126493073368993,0,108.0,0.18592208614832204,2,37.0,0.5124830250378829,1,394.0,0.23719504046337067,9,409.0,0.10469680892711654,12,948.0
1345.0,13,500.0,6.578947368421052,6.692916812775241,0,6.0,0.4727276074191451,2,50.0,0.7221935069570423,2,113.0,0.47417656838364497,9,454.0,0.09419489447827463,13,623.0
1350.0,7,188.0,2.506666666666667,7.366095723065296,0,0.0,0.6053859751186405,2,58.0,0.7007963875968192,2,69.0,0.6084484652996146,3,254.0,0.13502272696820353,7,381.0
1355.0,4,62.0,0.7948717948717948,7.941931406479914,0,0.0,0.5503236667666443,2,65.0,0.697410776467172,2,76.0,0.6336945652853243,0,125.0,0.32872948538572766,4,266.0
1360.0,8,87.0,1.16,7.946731496375798,1,1.0,0.0012181314588137048,2,75.0,0.6578046674979604,5,78.0,0.4572106088539759,0,20.0,0.719621672662635,8,174.0
1365.0,14,143.0,1.9589041095890412,6.826626902171961,1,6.0,0.0,2,85.0,0.7351016278320299,8,112.0,0.3304227983817382,1,21.0,0.6091902683874789,12,224.0
1370.0,14,128.0,1.7297297297297298,6.369386153344349,1,11.0,0.0,0,7.0,0.6999739924945912,10,155.0,0.273598441635645,1,26.0,0.7233801290173663,12,199.0
1375.0,20,205.0,2.971014492753623,5.758424754727729,1,16.0,0.0,3,22.0,0.46711074595523633,13,211.0,0.12098063235882629,1,31.0,0.7190904174161024,18,280.0
1380.0,10,115.0,1.7164179104477613,6.254457963173408,1,21.0,0.0,3,37.0,0.4027176466474453,5,149.0,0.3499575920448669,1,36.0,0.5047465154132014,10,243.0
1385.0,7,95.0,1.4615384615384615,7.115630125502343,1,29.0,0.5442001663188241,4,64.0,0.4659039859213497,0,61.0,0.6155686395531288,2,46.0,0.2913007580717829,7,200.0
1390.0,9,136.0,2.0923076923076924,7.583779801411922,2,36.0,0.041486773401549805,4,84.0,0.5177920882125334,0,6.0,0.974925626823205,3,60.0,0.16789399501803995,9,186.0
1395.0,11,188.0,2.9375,7.694280159446196,2,46.0,0.007549291807597981,5,108.0,0.5649682203028118,0,6.0,0.9520260769713538,4,78.0,0.13342580623985206,11,238.0
1400.0,13,248.0,4.133333333333334,7.320373003766114,3,59.0,0.0009547260996272292,5,133.0,0.5472177227958144,0,6.0,0.9676295603764052,4,98.0,0.18871527978958122,12,296.0
1405.0,9,215.0,3.5833333333333335,7.472804565486766,3,74.0,0.17259177221746827,5,202.0,0.600635760617971,0,3.0,0.8478184380819705,0,18.0,0.6768850536556584,8,297.0
1410.0,10,253.0,4.216666666666667,7.006650623626131,3,89.0,0.11661263294156587,5,227.0,0.5987659708764055,2,14.0,0.6044662066567947,0,0.0,0.9812466753493223,10,330.0
1415.0,18,322.0,5.278688524590164,5.871090531513377,4,107.0,0.007005415517804699,7,251.0,0.43463667635513903,6,33.0,0.19074919457044864,0,0.0,0.938539567337207,17,391.0
1420.0,25,434.0,7.0,5.166235658903948,6,132.0,0.001382742511957972,10,296.0,0.2420892448516233,7,65.0,0.15583760439939126,0,0.0,0.9408045807091743,23,493.0
1425.0,25,542.0,8.338461538461539,4.717670277880835,6,162.0,0.00012810172094293676,12,354.0,0.07636994997134243,7,100.0,0.11694938071296529,0,0.0,0.9463726848359052,25,616.0
1430.0,24,627.0,9.952380952380953,4.844045137270202,6,192.0,2.560076381675557e-05,9,365.0,0.08498037038310707,8,136.0,0.10628962237825888,1,2.0,0.6532503836041884,24,695.0
1435.0,25,752.0,11.936507936507937,5.28753115838891,6,222.0,0.12996929053900966,10,415.0,0.08821089744676365,8,176.0,0.11844535535295472,1,7.0,0.7165463651510373,25,820.0
1440.0,20,650.0,9.848484848484848,5.826430606576385,1,89.0,0.25201193754403955,10,465.0,0.0876358693190362,8,219.0,0.08843070455224501,1,12.0,0.7264691281898017,20,785.0
1445.0,22,733.0,10.779411764705882,5.792872440230262,1,26.0,0.0710529822671192,10,515.0,0.1557279993581392,10,267.0,0.08655609601266222,1,17.0,0.5699124901760206,22,825.0
1450.0,9,267.0,3.8142857142857145,6.500248362791013,1,8.0,0.0,6,405.0,0.11359389834451936,2,119.0,0.30220534682633016,0,0.0,0.6552240749766871,9,532.0
1455.0,3,76.0,1.0704225352112675,8.472062056277105,1,16.0,0.2840533367837159,0,171.0,0.4813296309982679,2,71.0,0.5515913248412074,0,0.0,0.6758629117761125,3,258.0
1460.0,5,76.0,1.1343283582089552,8.816461020394737,2,8.0,0.13383471486251491,0,7.0,0.8900716433031541,2,76.0,0.5770227604550912,0,0.0,0.9502362558864728,4,91.0
1465.0,6,98.0,1.53125,8.778107795707731,2,18.0,0.007086699680520644,1,7.0,0.8572436156930346,2,83.0,0.6454066603786479,0,0.0,0.923296545366865,5,108.0
1470.0,9,134.0,2.2333333333333334,7.89935896638295,3,29.0,0.041040346782398276,1,12.0,0.7880113034970455,3,95.0,0.5089645282554316,0,0.0,0.964408649820859,7,136.0
1475.0,14,195.0,3.4210526315789473,7.253642056213172,4,47.0,0.000515724772421368,2,20.0,0.7442488008347774,4,114.0,0.3909371060345189,0,0.0,0.8554486609067614,10,181.0
1480.0,11,222.0,3.8275862068965516,6.72482370260454,4,67.0,7.538803531277852e-05,2,45.0,0.6205747123133353,5,137.0,0.2669927547126985,0,0.0,0.8754456021679387,11,249.0
1485.0,16,293.0,5.140350877192983,6.351500959998438,4,87.0,1.354000508808396e-05,6,51.0,0.34735549957252526,6,167.0,0.22886869772122714,0,0.0,0.7196381254658814,16,305.0
1490.0,13,192.0,3.3684210526315788,5.2636766327405855,4,107.0,2.216297116136021e-06,2,27.0,0.185214528142127,4,113.0,0.1507014116194362,2,4.0,0.3276299575837109,12,251.0
1495.0,14,259.0,4.4655172413793105,6.333365565417673,4,130.0,0.16347270135338848,3,35.0,0.3876157893548414,4,88.0,0.1956615589478162,2,14.0,0.4485563776362836,13,267.0
1500.0,14,321.0,5.631578947368421,6.743023157887017,4,147.0,0.019738460305686985,3,50.0,0.24722861151587402,5,106.0,0.28124328024352685,2,24.0,0.5722058790463038,14,327.0
1505.0,17,401.0,6.913793103448276,6.463314698351174,5,171.0,5.444999513660001e-06,3,65.0,0.23949112858827337,5,131.0,0.35985363289900985,3,36.0,0.39063793234459865,16,403.0
1510.0,10,268.0,4.5423728813559325,6.971967534478512,0,48.0,0.04807420846469529,2,80.0,0.46104747569363413,5,156.0,0.3638081910613948,3,51.0,0.3704237910459275,10,335.0
1515.0,5,145.0,2.457627118644068,7.519117444894782,0,0.0,1.0,0,29.0,0.6225608858458296,2,112.0,0.4943270596084611,3,66.0,0.4008534090997783,5,207.0
1520.0,7,177.0,3.4038461538461537,7.819293410825884,0,0.0,1.0,1,2.0,0.4649284087435309,2,70.0,0.5851105491372055,4,86.0,0.40065977437124,7,158.0
1525.0,8,213.0,4.26,8.403766198971773,0,0.0,1.0,1,7.0,0.48370621709167055,2,80.0,0.4897904733155006,5,107.0,0.2688037584757201,8,194.0
1530.0,9,256.0,5.12,8.046878246105484,0,0.0,1.0,1,12.0,0.6235279554410053,3,93.0,0.31547282372097557,5,132.0,0.26817190849940664,9,237.0
1535.0,5,157.0,3.0784313725490198,7.227403325222305,0,0.0,1.0,0,0.0,0.9521040560585682,0,3.0,0.4728853638973363,5,157.0,0.1838293092456948,5,160.0
1540.0,6,184.0,3.8333333333333335,6.914438077879345,0,3.0,0.5865101829665806,0,3.0,0.7880511783013132,0,0.0,0.024086830318855657,5,182.0,0.17482507041686252,5,188.0
1545.0,10,226.0,4.708333333333333,7.126271709706703,1,7.0,0.15970091975142534,0,3.0,0.92644505233475,1,7.0,0.6359077556425988,7,214.0,0.20436536785854031,9,231.0
1550.0,9,270.0,5.510204081632653,6.932744171325728,0,0.0,0.126367344744794,0,3.0,0.9525441312801552,1,12.0,0.6717041764851188,7,249.0,0.19278413544823517,8,264.0
1555.0,10,318.0,6.36,7.169119491816518,0,0.0,1.0,0,3.0,0.8161223546364151,2,20.0,0.6392961896959664,7,284.0,0.2131476356972682,9,307.0
1560.0,9,341.0,7.25531914893617,6.556499194573839,0,0.0,1.0,1,6.0,0.5946366465968521,1,22.0,0.5766297790865775,7,319.0,0.17516525391104737,9,347.0
1565.0,12,399.0,8.48936170212766,6.8818015105611146,0,0.0,1.0,3,20.0,0.5887246069672385,2,31.0,0.5635913022972737,7,354.0,0.1919516961623086,12,405.0
1570.0,15,466.0,9.510204081632653,6.742990734609203,0,0.0,1.0,4,34.0,0.33406329687140673,2,41.0,0.5735855665321068,9,394.0,0.17873012855427273,15,469.0
1575.0,18,550.0,11.224489795918368,5.85632045612283,0,0.0,1.0,7,63.0,0.2084296359927777,2,51.0,0.1883400149388754,9,439.0,0.1676334681869415,18,553.0
1580.0,9,191.0,4.0638297872340425,5.566805645330738,0,0.0,1.0,4,54.0,0.17404880521461705,2,58.0,0.5303095369480813,3,255.0,0.21087387856676768,9,367.0
1585.0,8,132.0,2.8085106382978724,6.3629559307233245,0,9.0,0.5871061860734839,5,63.0,0.2768288179196727,3,78.0,0.29120655835407633,0,92.0,0.37267244366513724,8,242.0
1590.0,10,173.0,3.6041666666666665,7.054532115338792,1,10.0,0.02367442831366079,5,85.0,0.4326940805677329,4,87.0,0.3618060551205611,0,0.0,0.7987913548009242,10,182.0
1595.0,13,233.0,4.854166666666667,6.826634772999038,3,24.0,0.0,6,111.0,0.4769667210855601,4,107.0,0.2529285490770625,0,0.0,0.9965523230946008,13,242.0
1600.0,12,197.0,4.020408163265306,6.101665055262141,3,39.0,0.0,5,135.0,0.5410796546837322,4,70.0,0.10615706208505866,0,0.0,0.9333635341722091,12,244.0
1605.0,15,247.0,4.94,5.890872539339367,3,54.0,0.0,5,160.0,0.5042270949051331,4,38.0,0.19773973624704524,0,0.0,0.9630556328353759,12,252.0
1610.0,16,320.0,6.530612244897959,6.335412828098664,3,69.0,0.0,5,185.0,0.5713117387638107,4,58.0,0.1891325702094504,0,0.0,0.9845623016591735,12,312.0
1615.0,16,400.0,7.8431372549019605,5.840207475502637,3,84.0,0.0,5,210.0,0.5862025042662242,4,78.0,0.2339788826415042,0,0.0,0.6425519017965262,12,372.0
1620.0,15,261.0,5.019230769230769,4.996183759768879,3,99.0,0.0,0,0.0,0.534086640149994,5,101.0,0.1529141970664387,1,5.0,0.6096617831819063,9,205.0
1625.0,17,343.0,6.471698113207547,5.757555595086217,3,114.0,0.0,2,7.0,0.5220803580894643,5,126.0,0.15470079307635975,1,10.0,0.692726223351745,11,257.0
1630.0,16,413.0,7.509090909090909,6.283187747579549,3,129.0,0.0,2,29.0,0.6447523665485188,5,157.0,0.39001740268094137,0,0.0,0.8459425312716411,10,315.0
1635.0,17,495.0,9.51923076923077,5.397667943995182,3,144.0,0.0,2,27.0,0.4350976418322767,6,187.0,0.3927175338763154,0,0.0,0.9405975854959254,11,358.0
1640.0,18,481.0,8.589285714285714,5.403174979194916,3,159.0,0.03607554496282394,4,44.0,0.38999799183873524,8,216.0,0.2954883848203777,0,0.0,0.9413645712343506,15,419.0
1645.0,18,485.0,9.150943396226415,5.528188413137211,4,178.0,3.590366029774766e-06,5,67.0,0.27039265440638427,9,258.0,0.2976471721240394,0,0.0,0.9782663026539238,18,503.0
1650.0,18,575.0,11.27450980392157,5.673717766760156,4,198.0,0.0,5,92.0,0.34283135011706756,9,303.0,0.3211583755978261,0,0.0,0.9627818244260231,18,593.0
1655.0,20,668.0,14.212765957446809,4.3801131985103945,4,218.0,0.0,6,119.0,0.12457081463176975,9,348.0,0.19666592290575236,0,0.0,0.9885957710203516,19,685.0
1660.0,25,778.0,15.877551020408163,3.909235298303156,4,238.0,0.0,8,155.0,0.10804167048985153,12,399.0,0.09620597944400142,0,0.0,0.9657795377237761,24,792.0
1665.0,17,593.0,12.354166666666666,3.9665761073793226,4,258.0,0.0,5,164.0,0.1466794727628511,8,311.0,0.11709405623093816,0,0.0,0.9877650949123946,17,733.0
1670.0,17,652.0,13.04,5.457982565262791,4,278.0,0.0,5,178.0,0.1570373207121393,8,149.0,0.0794804996531983,0,0.0,0.974211184698937,17,605.0
1675.0,18,712.0,13.96078431372549,5.787550557939516,4,298.0,0.0,5,203.0,0.16666666666666666,9,197.0,0.20508757809383538,0,0.0,0.9809942632437453,18,698.0
1680.0,20,811.0,15.901960784313726,5.4672697706937825,4,318.0,0.0,5,228.0,0.2647557969462046,11,251.0,0.24188761268636597,0,0.0,0.7502734709039772,20,797.0
1685.0,21,906.0,17.423076923076923,4.760878790224829,4,338.0,0.0,5,253.0,0.26280959231106327,11,297.0,0.25766485548115503,1,4.0,0.64361162571904,21,892.0
1690.0,21,1011.0,19.823529411764707,5.407881193426581,4,358.0,0.0,5,346.0,0.30603201096455307,11,352.0,0.25760854641898373,1,9.0,0.45511449584901653,21,1065.0
1695.0,22,1120.0,20.74074074074074,5.302831655307265,4,378.0,0.0,5,371.0,0.316329188743329,11,407.0,0.22184734365885367,2,18.0,0.48177122151677165,22,1174.0
1700.0,25,1240.0,22.545454545454547,3.904299210511147,4,398.0,0.0,7,401.0,0.1562769098843746,11,462.0,0.06113380153393489,2,28.0,0.48421752328471135,24,1289.0
1705.0,25,1356.0,24.214285714285715,4.1632973266295314,4,418.0,0.0,7,434.0,0.2177339435559062,11,517.0,0.007229114491723762,3,41.0,0.3852999446434981,25,1410.0
1710.0,29,1493.0,25.74137931034483,4.191180070666643,4,438.0,0.0,7,469.0,0.11286383004130338,15,584.0,0.063406941076434,3,56.0,0.3837212736317552,29,1547.0
1715.0,30,1633.0,27.216666666666665,4.052638237659135,4,458.0,0.0,8,509.0,0.2083492695434985,16,665.0,0.05860816792903631,2,58.0,0.4068752379407863,30,1690.0
1720.0,30,1783.0,29.716666666666665,4.159714104451915,4,478.0,0.0,8,549.0,0.2476205839808375,16,748.0,0.11206468284952512,2,68.0,0.4265673716791135,30,1843.0
1725.0,28,1554.0,25.9,4.058557842184813,4,498.0,0.0,5,382.0,0.12897026689534077,16,828.0,0.10112426490384434,3,81.0,0.23511207271310658,28,1789.0
1730.0,25,1537.0,24.015625,5.113560692268088,4,518.0,0.0,0,82.0,0.4630960386056555,18,915.0,0.09696034307549575,3,96.0,0.38297901063834966,25,1611.0
1735.0,22,1136.0,17.476923076923075,5.608507614046196,0,93.0,0.05631819466576209,1,8.0,0.6369556638061734,18,1040.0,0.18428831587881375,3,111.0,0.37237101604933426,22,1252.0
1740.0,24,1251.0,19.546875,5.082303602418984,0,0.0,1.0,1,8.0,0.6162528164500228,19,1131.0,0.14129853945951504,3,126.0,0.1919577049160616,23,1265.0
1745.0,22,1347.0,20.723076923076924,5.105948476322569,0,0.0,1.0,0,3.0,0.5000029617687162,18,1185.0,0.166540735342349,4,145.0,0.19420365051176208,22,1333.0
1750.0,24,1464.0,22.181818181818183,5.608662807632868,0,0.0,1.0,1,8.0,0.7147488146223743,18,1275.0,0.15754952325396554,4,165.0,0.13747522306854704,23,1448.0
1755.0,28,1598.0,24.21212121212121,5.12248914396786,0,0.0,1.0,1,13.0,0.3663343174553797,20,1375.0,0.21810552185977763,5,189.0,0.0950498343791069,26,1577.0
1760.0,27,1721.0,26.890625,4.97200759253824,0,0.0,1.0,2,22.0,0.32808677147837717,20,1475.0,0.1964114301190434,5,214.0,0.15728756122757337,27,1711.0
1765.0,18,601.0,9.106060606060606,4.8520415474247125,0,0.0,1.0,2,32.0,0.47314122437271083,10,873.0,0.16956398683487273,6,239.0,0.13983669339730678,18,1144.0
1770.0,8,305.0,4.919354838709677,5.4222658077809385,0,0.0,1.0,2,51.0,0.39415179804196415,0,365.0,0.32909590202439076,5,264.0,0.19494193769428114,7,680.0
1775.0,8,343.0,5.622950819672131,6.592775008721768,0,6.0,0.33011756084754734,3,66.0,0.5843041279097572,0,30.0,0.5637296521967865,5,289.0,0.1716045988632998,8,391.0
1780.0,11,395.0,6.475409836065574,6.52828282336089,3,18.0,0.07791103383085674,3,81.0,0.6542281321102522,0,0.0,0.6437370473613873,5,314.0,0.14419502568934317,11,413.0
1785.0,10,180.0,2.857142857142857,6.408213679126343,4,34.0,0.019764872648704374,3,96.0,0.6829175769731247,2,5.0,0.4721292652224187,1,156.0,0.38419237359175556,10,291.0
1790.0,12,170.0,2.65625,6.302111290204473,6,62.0,0.02909940116743271,3,111.0,0.6037215302763619,3,25.0,0.26903526082492474,0,63.0,0.7290042577544538,12,261.0
1795.0,18,247.0,4.116666666666666,5.905998623923588,9,102.0,0.004751354390502361,4,131.0,0.6253577627464488,5,42.0,0.13690794362718334,0,0.0,0.9260959963019123,18,275.0
1800.0,23,349.0,5.816666666666666,5.597271890583363,10,150.0,0.0007146997829221704,5,152.0,0.5702448020599753,8,75.0,0.008391947055678514,0,0.0,0.9731345313134301,23,377.0
1805.0,26,468.0,7.548387096774194,4.581217821416268,10,200.0,0.00010959581516097378,7,179.0,0.1905067229218007,9,117.0,0.0021728616586556885,0,0.0,0.8443102745600738,26,496.0
1810.0,30,612.0,9.714285714285714,3.7937634717982345,10,250.0,2.96118108594683e-05,9,223.0,0.061272774670898776,10,166.0,0.044201365429293246,1,3.0,0.6379446540629479,30,642.0
1815.0,35,776.0,11.938461538461539,3.6430541570955763,10,300.0,2.4932604442625874e-06,12,277.0,0.06644560132466987,11,218.0,0.00011203610337208107,2,11.0,0.33164197084732355,35,806.0
1820.0,28,793.0,12.015151515151516,4.141083546929286,10,350.0,0.0,5,186.0,0.168121310118517,11,273.0,1.9601089670149995e-05,2,21.0,0.2444779760554805,28,830.0
1825.0,25,900.0,13.235294117647058,4.684387245257547,10,400.0,0.0,4,197.0,0.2577669535727229,10,316.0,0.10189391632561161,1,18.0,0.19004746493681135,25,931.0
1830.0,25,1025.0,14.642857142857142,5.400113758050713,10,450.0,9.404373083588124e-07,4,210.0,0.40582454930019785,10,378.0,0.32715378773909254,1,23.0,0.35778714929965344,25,1061.0
1835.0,26,1151.0,16.681159420289855,5.301820866034387,11,501.0,0.0004848648995538217,4,230.0,0.3930183594069469,10,428.0,0.26773781384129347,1,28.0,0.4962487115303387,26,1187.0
1840.0,23,936.0,13.0,5.218077965414177,5,355.0,0.008454891584595213,5,253.0,0.39635152753181463,12,485.0,0.2632939562105226,1,33.0,0.41472081828769297,23,1126.0
1845.0,13,439.0,6.013698630136986,5.819360512782271,0,200.0,0.10438899574862885,7,283.0,0.35061109635449167,5,262.0,0.3200972311760017,1,38.0,0.4137091986006336,13,783.0
1850.0,10,370.0,5.211267605633803,6.66333054445071,0,51.0,0.4366752875470948,7,324.0,0.299885771242124,1,87.0,0.5752434153477609,2,45.0,0.31456535093676835,10,507.0
1855.0,12,425.0,6.159420289855072,7.387038312573554,0,0.0,1.0,8,367.0,0.41215323593353026,1,24.0,0.6979807487650195,3,55.0,0.24839809399163879,12,446.0
1860.0,9,161.0,2.3676470588235294,7.326453054628054,0,0.0,0.7560646282553831,6,188.0,0.5328360398945439,1,23.0,0.0,2,65.0,0.34317345114045655,9,276.0
1865.0,9,148.0,2.208955223880597,7.227787021703244,3,6.0,0.029804236887065117,3,68.0,0.6391867288137719,1,28.0,0.0,2,75.0,0.3192156846675363,9,177.0
1870.0,11,202.0,3.15625,7.025579188724677,3,21.0,0.0038334370608592203,4,71.0,0.6000676596800537,1,33.0,0.49313024803404826,2,85.0,0.2531821924121281,10,210.0
1875.0,14,264.0,4.125,6.823709038960224,4,39.0,0.0009461616822533873,5,98.0,0.5756414542365474,1,38.0,0.47109695450479017,3,96.0,0.29812172329232123,13,271.0
1880.0,16,337.0,5.711864406779661,6.159079707650189,4,59.0,0.00016937646672093309,7,126.0,0.348634833123982,1,43.0,0.4788100850596444,3,111.0,0.31114775929008953,15,339.0
1885.0,11,216.0,4.0,5.1211970912560885,0,12.0,0.016034179888784566,7,158.0,0.2397421627526785,1,48.0,0.6430701391613894,0,10.0,0.5056608964990139,8,228.0
1890.0,18,290.0,5.471698113207547,5.097605479181229,0,0.0,1.0,10,202.0,0.13993246707426155,2,57.0,0.5295406560565458,0,0.0,0.9298784258557902,12,259.0
1895.0,22,387.0,7.036363636363636,5.540481827439313,0,0.0,1.0,12,255.0,0.16613074944952405,3,68.0,0.33288123880564924,0,0.0,0.9953967115192625,15,323.0
1900.0,21,438.0,8.264150943396226,5.430007712602007,0,0.0,1.0,13,319.0,0.1700894442199913,4,87.0,0.3933349315816182,0,0.0,0.9682229451724682,17,406.0
1905.0,14,439.0,8.442307692307692,5.0517077028986215,0,0.0,1.0,13,384.0,0.1197655677009015,1,68.0,0.5674664364850799,0,0.0,0.9706390940352856,14,452.0
1910.0,18,522.0,9.321428571428571,5.00112584192754,0,0.0,1.0,14,459.0,0.10662632704813534,1,73.0,0.68226392958572,0,0.0,0.9764534031921276,15,532.0
1915.0,23,627.0,11.830188679245284,5.233832115395474,0,0.0,1.0,15,537.0,0.2413497475233915,1,78.0,0.6237311513225481,1,2.0,0.47365152488989126,17,617.0
1920.0,24,729.0,14.01923076923077,5.371104253238363,0,0.0,1.0,16,613.0,0.2946137641703937,1,83.0,0.4805053371543782,1,5.0,0.47687154913789387,18,701.0
1925.0,20,777.0,14.942307692307692,5.104791043283583,0,0.0,1.0,16,686.0,0.26969352537164054,1,88.0,0.4622836864778115,0,0.0,0.9374735083918746,17,774.0
1930.0,20,850.0,15.454545454545455,5.028489539208612,0,0.0,1.0,17,769.0,0.22019521764057626,1,96.0,0.20448520356053804,0,0.0,0.9181073714355392,18,865.0
1935.0,25,967.0,18.245283018867923,4.016354120181878,0,0.0,1.0,17,854.0,0.1606269860687141,3,109.0,0.28138829491422834,0,0.0,0.9369229618848547,20,963.0
1940.0,28,1090.0,20.96153846153846,3.62154610703509,0,0.0,1.0,17,939.0,0.1527192152915492,4,128.0,0.24302569096864104,0,0.0,0.9950415106926245,21,1067.0
1945.0,15,385.0,7.264150943396227,3.3148336078756566,0,0.0,1.0,8,525.0,0.11792637896616145,5,150.0,0.012671747265516467,0,0.0,0.9330020096836431,13,675.0
1950.0,10,246.0,4.555555555555555,4.681098647702858,0,0.0,1.0,3,259.0,0.23361213959838079,6,178.0,8.8016527633418e-06,0,0.0,0.7458602139853187,9,437.0
1955.0,11,296.0,5.481481481481482,6.133946228479003,0,0.0,1.0,4,97.0,0.31841641691615186,6,217.0,0.36711534707715043,1,5.0,0.650453916678882,11,319.0
1960.0,11,351.0,6.5,7.201130440671436,0,0.0,1.0,4,147.0,0.36829610486384,6,247.0,0.5134596728918862,1,10.0,0.6142098373948629,11,404.0
1965.0,7,274.0,4.724137931034483,7.602491742492056,0,0.0,1.0,5,166.0,0.27461134355450334,2,176.0,0.6698539787691253,0,0.0,0.947611823534027,7,342.0
1970.0,8,313.0,5.491228070175438,7.926307972005275,0,0.0,1.0,6,198.0,0.26975469757323745,2,168.0,0.7135372656051413,0,0.0,0.9495224343079414,8,366.0
1975.0,4,187.0,3.4,8.197417029615567,0,0.0,1.0,2,133.0,0.4705892749635534,2,175.0,0.7768275742936588,0,0.0,0.9619879494543497,4,308.0
1980.0,2,176.0,3.3846153846153846,9.003916555407846,0,0.0,0.949919537084068,0,53.0,0.7464968051249923,2,179.0,0.7455288867743375,0,0.0,0.9490404351836296,2,232.0
1985.0,0,0.0,0.0,8.503654918724484,0,0.0,0.9574318256296511,0,6.0,0.8343395106400581,0,40.0,0.4851878660548798,0,0.0,0.962281145455244,0,46.0
1990.0,5,22.0,0.46808510638297873,8.440051485154154,0,3.0,0.9689227364378818,1,10.0,0.8112028321280109,4,21.0,0.3948023355435364,0,0.0,0.9743979551590465,5,34.0
1995.0,6,51.0,1.1333333333333333,8.092703966195604,0,0.0,1.0,1,15.0,0.8230087497636696,5,45.0,0.30986309043980925,0,0.0,0.981289430930408,6,60.0
2000.0,7,86.0,1.8297872340425532,7.736745988751282,0,0.0,1.0,1,20.0,0.48587507759208826,6,75.0,0.33247714101552883,0,0.0,0.9689321358418472,7,95.0
2005.0,11,138.0,3.0,7.128662198128279,0,0.0,1.0,5,42.0,0.12051694837119416,6,105.0,0.36806308923119607,0,0.0,0.5022071585656823,11,147.0
2010.0,12,198.0,4.714285714285714,6.107843256889987,0,0.0,1.0,5,67.0,0.13986410462108326,6,177.0,0.31380292754462263,1,5.0,0.48295814251109226,12,249.0
2015.0,11,178.0,4.341463414634147,5.283113066769821,0,0.0,1.0,0,0.0,0.5096327785852769,10,213.0,0.07897530862473655,1,10.0,0.4721497775832357,11,223.0
2020.0,12,237.0,5.511627906976744,6.2393691545535805,0,0.0,1.0,0,1.0,0.7990082474738427,11,267.0,0.0788191559040067,1,15.0,0.6455974453658992,12,283.0
2025.0,7,104.0,2.311111111111111,7.1367033202636785,0,0.0,1.0,0,1.0,0.944462356584961,5,174.0,0.25038867170751006,2,21.0,0.3149886259684124,7,196.0
2030.0,5,109.0,2.422222222222222,7.004832818178783,0,6.0,0.571988580222258,0,4.0,0.5522821579199633,3,152.0,0.420265537460283,2,31.0,0.4807102021276013,5,193.0
2035.0,6,135.0,2.7551020408163267,7.430848377888424,1,10.0,0.21561249203367233,0,4.0,0.7669820505262464,3,141.0,0.4865446755719615,2,41.0,0.5164674179125684,6,196.0
2040.0,8,174.0,3.48,7.832514997971503,3,24.0,0.03080670416186292,0,3.0,0.7064029915852561,3,156.0,0.5154894728917419,2,51.0,0.5642370403773564,8,234.0
2045.0,8,159.0,3.3125,7.658945073795569,4,40.0,0.0039468120753933635,1,8.0,0.7217745863659994,3,172.0,0.5446747901299839,0,0.0,0.6888386152948963,8,220.0
2050.0,9,202.0,4.208333333333333,7.6442111416875065,5,64.0,0.0011884657253412732,1,13.0,0.6426326083143686,3,190.0,0.5540390186562625,0,0.0,0.6654869003540091,9,267.0
2055.0,12,251.0,5.229166666666667,6.428350914544935,5,89.0,0.03162801251356378,2,19.0,0.35999360261243096,5,205.0,0.36350117039462515,0,0.0,0.9771092466163906,12,313.0
2060.0,8,212.0,4.24,6.442994187591177,0,28.0,0.026303112289633588,2,29.0,0.31980961550922327,6,235.0,0.38016451810639734,0,0.0,0.9580389840364467,8,292.0
2065.0,14,269.0,5.489795918367347,5.150593824605314,0,0.0,0.4389200135978651,4,46.0,0.1867028080612917,10,275.0,0.11539557529782693,0,0.0,0.9425769675739915,14,321.0
2070.0,19,356.0,7.12,5.294077570606907,0,0.0,1.0,4,64.0,0.18822222620108847,15,343.0,0.03504222941836225,0,0.0,0.9475985858286367,19,407.0
2075.0,13,349.0,7.122448979591836,5.675393768232392,0,0.0,1.0,4,84.0,0.17415301105389983,9,330.0,0.006560323508728957,0,0.0,0.9514862942298117,13,414.0
2080.0,13,398.0,8.291666666666666,5.99214222524882,0,3.0,0.7455864934781226,4,113.0,0.3228191366499465,8,349.0,0.02780247515543036,1,2.0,0.4952012493578271,13,467.0
2085.0,15,465.0,9.3,6.369305350996756,1,7.0,0.06974629599307494,5,134.0,0.5252345963971075,8,376.0,0.0,1,7.0,0.4753438154816847,15,524.0
2090.0,16,544.0,11.10204081632653,5.923782470422525,2,16.0,0.00018455247939073185,5,159.0,0.4419572499498882,8,416.0,0.0,1,5.0,0.6288251926583355,16,596.0
2095.0,17,628.0,13.083333333333334,5.548274713397984,2,26.0,0.0,6,188.0,0.4866119562644557,8,456.0,0.0,1,10.0,0.49875663634473183,17,680.0
2100.0,17,514.0,10.708333333333334,5.540093804592028,2,36.0,0.0,7,219.0,0.47973564726294754,6,380.0,0.014153047026971923,2,17.0,0.3142689438953285,17,652.0
2105.0,14,448.0,9.333333333333334,6.386379173845097,2,46.0,0.0,8,255.0,0.4140569463589361,2,232.0,0.1901072368852627,2,27.0,0.32264909223238225,14,560.0
2110.0,17,523.0,10.673469387755102,5.578021312955507,2,56.0,0.0,10,299.0,0.2115604227326438,2,172.0,0.27553786817258363,2,37.0,0.272055041858262,16,564.0
2115.0,14,516.0,10.75,5.259266353917438,2,66.0,0.0,7,291.0,0.22221686510180694,2,149.0,0.0,3,50.0,0.33701297421536563,14,556.0
2120.0,14,433.0,8.83673469387755,6.439756537295005,2,76.0,0.0,9,304.0,0.22559312592233502,0,52.0,0.12626902920952868,3,65.0,0.3739388784467442,14,497.0
2125.0,17,504.0,10.08,6.257234837047602,2,86.0,0.0,11,349.0,0.15245335918597097,0,3.0,0.7086626298206671,4,80.0,0.2824480784609355,17,518.0
2130.0,16,580.0,11.153846153846153,6.568942483429233,2,96.0,0.0,10,399.0,0.16894474208199045,1,4.0,0.6489193558583315,3,95.0,0.39207420439189383,16,594.0
2135.0,18,669.0,13.38,5.880479722047308,2,106.0,0.0,10,449.0,0.13083107656894058,1,9.0,0.7132616603342967,3,110.0,0.2743697255876841,16,674.0
2140.0,15,617.0,12.098039215686274,5.788823865725215,2,116.0,0.0,11,504.0,0.10195912087878663,1,14.0,0.7129574757056744,0,0.0,0.3655582208490089,14,634.0
2145.0,16,691.0,13.288461538461538,6.211577741119852,2,126.0,0.0,13,567.0,0.12946066867902617,1,25.0,0.603673266958354,0,0.0,0.7245736517226417,16,718.0
2150.0,19,777.0,14.38888888888889,5.552626684775776,2,136.0,0.0,13,632.0,0.12773887120017924,4,36.0,0.2649729658875145,0,0.0,0.9358093670152698,19,804.0
2155.0,9,225.0,4.090909090909091,5.343811137501783,2,146.0,0.0,2,224.0,0.12831973446293093,5,61.0,0.09599742687603385,0,0.0,0.9845910993669006,9,431.0
2160.0,7,218.0,3.892857142857143,6.394970214219264,2,156.0,0.0,2,19.0,0.2873505148326366,3,54.0,0.09579785213325268,0,0.0,0.9545474309281107,7,229.0
2165.0,9,258.0,4.526315789473684,7.231402657447861,2,166.0,0.0,2,35.0,0.3099814220031483,4,81.0,0.4178292940926348,0,0.0,0.9606233349303799,8,282.0
2170.0,9,303.0,5.315789473684211,8.518657075299844,2,176.0,0.0,2,48.0,0.6295476772048862,4,101.0,0.6310142035792056,0,0.0,0.9539982969780432,8,325.0
2175.0,8,301.0,5.280701754385965,8.180349555287686,2,186.0,0.0,0,9.0,0.9703378938955071,4,124.0,0.5690358023422164,1,2.0,0.4961373094460295,7,321.0
2180.0,8,291.0,5.017241379310345,7.890401159066219,2,196.0,0.0,0,9.0,0.9675305009986863,4,115.0,0.5491027010628039,1,7.0,0.3517449787601497,7,327.0
2185.0,12,340.0,6.181818181818182,7.669150373128062,2,206.0,0.0,1,10.0,0.7846247829581697,5,119.0,0.6036410168407746,2,13.0,0.17782150082907963,10,348.0
2190.0,11,379.0,7.150943396226415,7.203348614576998,2,216.0,0.0,1,15.0,0.8386564564549426,6,146.0,0.4178678852073061,0,0.0,0.9276388085463526,9,377.0
2195.0,13,403.0,7.901960784313726,5.26720084730479,2,226.0,0.0,2,21.0,0.4493093592535001,9,193.0,0.24084072026160844,0,0.0,0.9866988578516274,13,440.0
2200.0,14,453.0,8.236363636363636,4.9422061366422625,2,236.0,0.0,5,39.0,0.05371166969139596,7,206.0,0.20377221392749847,0,0.0,0.9711956041866773,14,481.0
2205.0,16,525.0,9.722222222222221,5.558536362499434,2,252.0,0.2925671386519493,6,65.0,0.2609670080803951,8,242.0,0.18721909978360046,0,0.0,0.9867942523905001,16,559.0
2210.0,19,611.0,10.910714285714286,5.129348273264055,2,265.0,0.11835638223936308,7,99.0,0.2916221216969188,10,281.0,0.09090444880903793,0,0.0,0.6238026025638942,19,645.0
2215.0,21,709.0,12.016949152542374,5.038557559973613,3,279.0,0.03814695901637519,8,134.0,0.3196565421719924,9,322.0,0.0,1,5.0,0.6912425502102818,21,740.0
2220.0,21,668.0,11.322033898305085,4.770869798805821,5,302.0,0.013789057241712454,7,169.0,0.35115564311911074,7,275.0,0.015916199351379265,2,11.0,0.48382967818960154,21,757.0
2225.0,23,584.0,9.898305084745763,4.767642726399665,9,343.0,0.00407817020963171,8,206.0,0.2302886852210785,2,185.0,0.13699602519974452,2,21.0,0.4967378866719116,21,755.0
2230.0,25,675.0,11.25,4.589680701840878,11,393.0,0.0013504219685255279,8,246.0,0.2837093383540647,4,197.0,0.07895842304386617,0,0.0,0.7632118581681882,23,836.0
2235.0,28,800.0,12.698412698412698,4.740094839422808,11,448.0,0.00044737522463692876,8,277.0,0.25833386630122634,6,229.0,0.1835476158518696,0,0.0,0.9558016916694941,25,954.0
2240.0,21,496.0,8.0,4.146330153909313,5,152.0,0.006809198333313941,9,319.0,0.1262590438599399,7,256.0,0.04703052644009049,0,0.0,0.9640578320538213,21,727.0
2245.0,18,503.0,8.245901639344263,5.050725240746053,0,88.0,0.1076994558490989,11,370.0,0.22168573950977494,7,291.0,0.19588581517792208,0,0.0,0.9437000374309936,18,749.0
2250.0,20,597.0,9.78688524590164,5.702206784568932,0,34.0,0.3695739902926586,11,424.0,0.33108314586763626,8,330.0,0.19389642747088115,0,0.0,0.7689905191608668,19,788.0
2255.0,10,235.0,3.671875,5.5141481403620025,0,0.0,1.0,1,153.0,0.4317156519016833,8,370.0,0.0940131533343974,1,5.0,0.29635046318464886,10,528.0
2260.0,13,290.0,4.53125,6.496045825404714,0,0.0,1.0,0,18.0,0.7390189939647042,10,420.0,0.08871764608091776,3,18.0,0.23741771474105608,13,456.0
2265.0,13,355.0,5.546875,7.180830934034648,0,0.0,1.0,0,0.0,0.8247822618787352,10,479.0,0.2630808609546412,3,33.0,0.24478192252282957,13,512.0
2270.0,14,425.0,6.4393939393939394,7.1747394539657625,0,0.0,1.0,1,5.0,0.7954362058484321,10,529.0,0.33912496308250334,3,48.0,0.2748737827946381,14,582.0
2275.0,17,506.0,8.433333333333334,6.200164454252292,0,0.0,1.0,2,12.0,0.4643112023212937,11,583.0,0.29896187519497053,3,63.0,0.3326537992111024,16,658.0
2280.0,20,598.0,10.872727272727273,5.70202259769724,0,0.0,1.0,4,27.0,0.4066015233920365,11,638.0,0.30158720715521925,4,80.0,0.18718497451742294,19,745.0
2285.0,19,684.0,13.153846153846153,5.317518772313912,0,0.0,1.0,4,47.0,0.3085948864890725,10,679.0,0.3197863053159319,4,100.0,0.18870996210712007,18,826.0
2290.0,17,664.0,12.76923076923077,4.8960640862419655,0,3.0,0.742104662788877,6,72.0,0.04921192562261433,10,720.0,0.19834822951001413,0,33.0,0.44446524592036224,16,828.0
2295.0,17,714.0,13.471698113207546,4.488727983853777,2,7.0,0.08829580503054438,4,63.0,0.1473836775306104,10,776.0,0.264652705361253,0,0.0,0.8453984161647838,16,846.0
2300.0,15,785.0,16.020408163265305,5.43922558073494,0,0.0,0.04687059630029412,4,83.0,0.4101191795512171,10,820.0,0.20468582455655257,0,0.0,0.9487141922060595,14,903.0
2305.0,16,860.0,16.53846153846154,5.999437551862043,0,0.0,0.32899748935922746,5,103.0,0.4281855621052309,10,870.0,0.16490611249930245,0,0.0,0.9887041610210809,15,973.0
2310.0,13,728.0,14.0,5.810054886676149,0,0.0,1.0,4,123.0,0.466501721563026,8,813.0,0.09183973849529464,0,0.0,0.947488454312884,12,936.0
2315.0,11,600.0,11.11111111111111,6.25564890727195,0,0.0,1.0,0,0.0,0.7671551821371272,7,693.0,0.14137239204303917,0,0.0,0.6822682417179955,7,693.0
2320.0,15,653.0,12.092592592592593,5.778264895888002,0,0.0,1.0,0,4.0,0.9009462624293312,8,729.0,3.2907411055665196e-05,1,3.0,0.4946813329044952,9,736.0
2325.0,17,731.0,12.60344827586207,6.790669926073006,0,0.0,1.0,0,4.0,0.9453686871681249,8,775.0,0.24785379768671936,1,8.0,0.6303489658551855,9,787.0
2330.0,17,816.0,14.571428571428571,6.198972258366099,0,0.0,1.0,0,0.0,0.8186159200245173,8,815.0,0.3166041411355092,1,13.0,0.32184734106085927,9,828.0
2335.0,17,869.0,16.39622641509434,5.656922573208979,0,0.0,1.0,1,5.0,0.619888798141898,8,855.0,0.37547714160458384,2,23.0,0.37778292895433513,11,883.0
2340.0,14,726.0,13.69811320754717,6.1555058594528935,0,0.0,1.0,1,10.0,0.6060452831814089,6,739.0,0.4425213889414129,2,33.0,0.46848236655776676,9,782.0
2345.0,10,275.0,5.188679245283019,6.495224756029872,0,3.0,0.9606440977940475,1,15.0,0.5852264669250815,2,462.0,0.5255464876061139,2,43.0,0.4371952817437664,5,523.0
2350.0,6,67.0,1.2641509433962264,6.95416071254903,1,5.0,0.0008124989729154356,2,25.0,0.6339498705087283,3,307.0,0.37556681205037734,0,0.0,0.9589846365685639,6,337.0
2355.0,8,104.0,2.122448979591837,7.616689893912973,1,10.0,0.4527359868467663,3,37.0,0.6333976481929047,4,179.0,0.4473423975857002,0,0.0,0.9293333567374102,8,226.0
2360.0,11,132.0,2.64,6.966881122382412,2,17.0,0.000319794474162709,2,32.0,0.6272986579462609,7,128.0,0.09795312683790058,0,0.0,0.9127796721103975,11,177.0
2365.0,13,164.0,3.3469387755102042,6.4924444017031915,2,27.0,4.2218270400038496e-06,3,46.0,0.49066367696409874,8,150.0,0.046871952555512575,0,0.0,0.9958792366942221,13,223.0
2370.0,17,240.0,5.0,6.0997330541830435,2,37.0,0.0,5,65.0,0.41747673099146054,10,186.0,0.22996501230789793,0,0.0,0.9475570478756438,17,288.0
2375.0,18,327.0,6.673469387755102,5.672278893346971,2,47.0,0.0,5,90.0,0.3556692634208467,11,238.0,0.19547719163946647,0,0.0,0.9477996299020353,18,375.0
2380.0,17,331.0,6.490196078431373,6.013222658682191,2,57.0,0.0,3,45.0,0.40683821277654586,12,297.0,0.13688488856055106,0,0.0,0.9708582736300162,17,399.0
2385.0,15,337.0,6.74,5.992265443858897,0,0.0,1.0,2,25.0,0.533263524531631,12,357.0,0.13532810197799144,0,0.0,0.6362531362227285,14,382.0
2390.0,14,373.0,7.612244897959184,6.341149038467916,0,0.0,1.0,2,33.0,0.5776374889759901,10,365.0,0.21498076387085965,0,0.0,0.9386110093406423,12,398.0
2395.0,14,432.0,8.64,6.320571569356226,0,3.0,0.9740418386948664,2,43.0,0.3533023827216759,10,402.0,0.2711851926478183,0,0.0,0.9118202937358716,12,448.0
2400.0,14,488.0,9.76,5.84507038770696,0,0.0,1.0,3,57.0,0.4214129737435255,10,452.0,0.13657994178933974,0,0.0,0.9189540367758359,13,509.0
2405.0,15,553.0,11.520833333333334,6.011545154759967,0,0.0,1.0,3,72.0,0.5575618653298771,12,506.0,0.1437191729027189,0,0.0,0.4981921833709743,15,578.0
2410.0,17,637.0,13.553191489361701,6.015513815637195,0,0.0,1.0,3,87.0,0.24826098705158048,13,570.0,0.12260714787718831,1,5.0,0.6575440795204456,17,662.0
2415.0,19,727.0,14.83673469387755,5.0746681147954815,0,0.0,1.0,5,107.0,0.16862208472194268,13,635.0,0.11159335621176487,1,10.0,0.6710558526325279,19,752.0
2420.0,22,829.0,16.918367346938776,4.4530316137366155,0,0.0,1.0,5,132.0,0.10196502466261825,16,707.0,0.0003456050980746009,1,15.0,0.5075582199708888,22,854.0
2425.0,23,944.0,19.666666666666668,4.487499183352843,0,0.0,1.0,5,157.0,0.16267539596366778,16,787.0,2.8147995452085274e-05,2,25.0,0.5936336844842895,23,969.0
2430.0,23,1059.0,21.18,4.690560598700121,0,0.0,1.0,5,182.0,0.15473453435648651,16,867.0,4.140139108812932e-06,2,35.0,0.5056253865440399,23,1084.0
2435.0,22,1085.0,21.274509803921568,4.513505148383284,0,0.0,1.0,3,139.0,0.32582707975014286,16,947.0,6.210026160153536e-07,3,47.0,0.45368605957604835,22,1133.0
2440.0,23,1196.0,23.0,4.732785903086872,0,0.0,1.0,3,131.0,0.21509453142956766,16,1030.0,0.04887842636715709,4,63.0,0.31148551599696195,23,1224.0
2445.0,24,1312.0,25.725490196078432,4.087361253786778,0,0.0,1.0,3,146.0,0.19172266610607128,16,1110.0,0.10170543870212044,4,83.0,0.17116643530182163,23,1339.0
2450.0,27,1441.0,26.685185185185187,3.777523871391904,0,0.0,1.0,4,177.0,0.31313786868783033,16,1190.0,0.10243026845026927,5,106.0,0.09844245623527519,25,1473.0
2455.0,23,1391.0,24.839285714285715,4.248629432411501,0,0.0,1.0,0,20.0,0.6180529061034956,16,1270.0,0.10543831138404647,5,131.0,0.06981255131243803,21,1421.0
2460.0,23,1506.0,26.892857142857142,4.151645286913805,0,0.0,1.0,0,2.0,0.356183449497592,16,1350.0,0.10625550793501921,5,156.0,0.11637964519716278,21,1508.0
2465.0,26,1635.0,28.68421052631579,4.285310561593591,0,0.0,1.0,2,11.0,0.3090191896417163,16,1436.0,0.21712492842676598,6,186.0,0.14092777078641466,24,1633.0
2470.0,25,1721.0,28.683333333333334,4.768382635581407,0,0.0,1.0,2,21.0,0.47472399195383386,17,1520.0,0.24054743589420247,6,216.0,0.1547803021122739,25,1757.0
2475.0,24,1822.0,29.868852459016395,4.9255130096744475,0,0.0,1.0,0,15.0,0.3740794767041556,18,1610.0,0.2666081345231718,6,246.0,0.19052172861215297,24,1871.0
2480.0,25,1947.0,32.45,4.914801595079413,0,0.0,1.0,1,5.0,0.6709433147175398,18,1700.0,0.24142198649450028,6,276.0,0.13407543626213803,25,1981.0
2485.0,25,2072.0,32.888888888888886,4.612086090971114,0,0.0,1.0,1,10.0,0.680092641214786,18,1790.0,0.14573936891304115,6,306.0,0.1438228554338804,25,2106.0
2490.0,28,2205.0,33.92307692307692,4.630581767613371,0,0.0,1.0,2,17.0,0.4732447951982295,19,1884.0,0.10662324430321282,7,338.0,0.16088235695526826,28,2239.0
2495.0,29,2321.0,37.435483870967744,3.6129862748227026,0,0.0,1.0,0,0.0,0.9333036927623033,20,1980.0,0.02093370279002049,7,373.0,0.11770783286517429,27,2353.0
2500.0,31,2468.0,40.459016393442624,3.5635681186252577,0,0.0,1.0,0,0.0,0.8186551850152434,23,2088.0,0.0020852218277851433,7,408.0,0.11139916388302853,30,2496.0
2505.0,33,2620.0,40.30769230769231,4.170913979461706,0,0.0,1.0,0,0.0,0.9608581597898568,25,2215.0,0.10176661261833563,8,445.0,0.11508711771451752,33,2660.0
2510.0,22,1062.0,16.338461538461537,4.329036190363748,0,0.0,1.0,0,0.0,0.6103450996972265,13,1368.0,0.17961465597548787,8,485.0,0.12071698449920902,21,1853.0
2515.0,13,598.0,8.925373134328359,5.004797395516269,0,6.0,0.5715292815477522,1,10.0,0.512017090703624,3,626.0,0.27465016130088155,8,525.0,0.09903390514059503,12,1167.0
2520.0,15,649.0,9.686567164179104,5.519459390812074,2,12.0,0.26871144702428845,1,18.0,0.7764712090317629,3,238.0,0.43980405522574745,8,565.0,0.09846225829940973,14,833.0
2525.0,17,733.0,10.779411764705882,5.717819534532716,3,26.0,0.05928431144551046,1,23.0,0.8104014730329133,3,100.0,0.416288487451394,9,610.0,0.11950443459435328,16,759.0
2530.0,18,798.0,11.735294117647058,5.512824228524276,0,1.0,0.04802555206894373,1,28.0,0.8694300275346953,5,121.0,0.2042516358488679,9,655.0,0.11955865284675872,15,805.0
2535.0,21,897.0,13.0,5.0793424243506955,0,1.0,0.1603302892885885,2,35.0,0.7064531554053539,6,151.0,0.11330259851685133,9,700.0,0.09039062658211994,17,887.0
2540.0,26,1017.0,14.32394366197183,5.021803117851181,0,0.0,0.38577135841600596,3,50.0,0.6003273491664011,7,184.0,0.11309820331037451,9,745.0,0.10617453514258123,19,979.0
2545.0,23,1056.0,14.873239436619718,6.143109031580328,0,0.0,1.0,4,64.0,0.5135570896187465,8,223.0,0.19400981651929977,10,794.0,0.12456134599338133,22,1081.0
2550.0,23,1163.0,15.931506849315069,6.388202601993039,0,0.0,1.0,4,84.0,0.2646964113052465,8,263.0,0.19174085165351984,10,844.0,0.15285662960801996,22,1191.0
2555.0,17,1157.0,16.069444444444443,6.1518700795656525,0,0.0,1.0,4,100.0,0.2900510271560153,3,196.0,0.2723258533552412,10,894.0,0.14701671650576412,17,1190.0
2560.0,16,1154.0,16.02777777777778,6.04439762598552,0,3.0,0.634202064259994,2,48.0,0.3216978208407688,3,178.0,0.23676229279248076,11,948.0,0.17970604141921828,16,1177.0
2565.0,16,1234.0,17.884057971014492,6.8896197078467925,0,0.0,0.7910179639311717,2,38.0,0.4550401109995973,3,193.0,0.24258600874184377,11,1003.0,0.10686714618016581,16,1234.0
2570.0,16,1314.0,21.9,6.474523816460929,0,0.0,0.9678542882468664,2,48.0,0.4904239884253081,3,208.0,0.0,11,1058.0,0.07465070032151115,16,1314.0
2575.0,17,1252.0,20.866666666666667,6.237220752694808,0,0.0,0.017335043225496578,2,58.0,0.5476993626280576,1,133.0,0.34484754399797485,14,1116.0,0.06025444190944792,17,1307.0
2580.0,18,1337.0,23.45614035087719,5.650760655276321,1,4.0,1.857717510831028e-05,3,69.0,0.46520734201337127,1,83.0,0.45644311229000273,13,1181.0,0.054319998222230784,18,1337.0
2585.0,19,1429.0,24.637931034482758,5.899790080180186,1,9.0,0.0,4,86.0,0.1923792263495365,1,88.0,0.45792877873020627,13,1246.0,0.12638179530915641,19,1429.0
2590.0,19,1524.0,27.70909090909091,5.735158069915954,1,14.0,0.0,4,106.0,0.18589891387038396,1,93.0,0.4973345920320131,13,1311.0,0.16329268659796586,19,1524.0
2595.0,21,1625.0,30.09259259259259,5.1569710166101075,1,19.0,0.0,4,126.0,0.3047543531110518,1,98.0,0.4535430049456791,14,1381.0,0.15551131253021785,20,1624.0
2600.0,16,1621.0,29.472727272727273,5.414049921353742,0,0.0,1.0,1,83.0,0.342976637560634,1,103.0,0.6297685513954082,14,1451.0,0.15267619664472085,16,1637.0
2605.0,17,1704.0,30.428571428571427,5.759311939579805,0,0.0,1.0,1,72.0,0.6205422325998012,1,108.0,0.4772417603600713,15,1524.0,0.05553189224614678,17,1704.0
2610.0,19,1796.0,32.07142857142857,5.909483073904533,0,0.0,1.0,1,77.0,0.62245697253955,1,119.0,0.703924403664073,16,1604.0,0.056222093581001005,18,1800.0
2615.0,22,1789.0,30.322033898305083,5.639129604033721,0,0.0,1.0,1,82.0,0.6376914804357202,0,6.0,0.9472298121011079,17,1689.0,0.06107779313581706,18,1777.0
2620.0,19,1779.0,29.16393442622951,5.647760175835183,0,0.0,1.0,0,3.0,0.9269281175894178,0,6.0,0.9469343162514368,17,1774.0,0.0534041203240555,17,1783.0
2625.0,11,754.0,13.0,6.031977856268496,0,0.0,0.8804469571117792,0,3.0,0.936744989732905,0,9.0,0.9771355844203885,11,1245.0,0.0730873006746707,11,1257.0
2630.0,2,53.0,0.9298245614035088,6.14612392005897,0,0.0,0.01077142179702289,0,3.0,0.591688697255339,0,15.0,0.8413834002699263,2,606.0,0.14239713313890376,2,624.0
2635.0,3,9.0,0.16666666666666666,6.441296471043317,1,5.0,0.0,1,8.0,0.689699058061223,1,13.0,0.4254235992120842,0,293.0,0.3120477682289517,3,319.0
2640.0,8,37.0,0.6727272727272727,6.473594670100544,1,10.0,0.0,1,13.0,0.7965911822579782,4,33.0,0.3178702808265734,2,187.0,0.3537230250581429,8,243.0
2645.0,12,75.0,1.3392857142857142,5.265458646865528,1,15.0,0.0,0,3.0,0.6844674024868039,7,61.0,0.1667508877783884,4,200.0,0.13945202400475615,12,279.0
2650.0,23,165.0,2.8448275862068964,4.812282047506053,1,20.0,0.0,2,11.0,0.5379039328377896,14,113.0,0.16508078814792337,6,225.0,0.18461954066351835,23,369.0
2655.0,27,288.0,4.88135593220339,4.595441621087115,1,25.0,0.0,3,26.0,0.4757430393735351,14,180.0,0.14777902537965534,7,256.0,0.1506658779220741,25,487.0
2660.0,28,411.0,6.966101694915254,4.948810141816427,1,30.0,0.0,3,47.0,0.49944249457599227,14,232.0,0.212546396290308,7,290.0,0.1975759505304538,25,599.0
2665.0,25,464.0,7.60655737704918,4.993918653929564,0,0.0,1.0,0,16.0,0.5496519986606481,15,303.0,0.15859490469371082,7,325.0,0.21246906698622856,22,644.0
2670.0,27,598.0,9.492063492063492,5.270128499266013,0,0.0,1.0,1,16.0,0.5486957385857201,15,378.0,0.158869799501213,8,365.0,0.24078828475923372,24,759.0
2675.0,31,742.0,11.59375,4.463868430915341,0,0.0,1.0,1,12.0,0.7014831775468306,16,457.0,0.16665256281152663,8,405.0,0.16015373693113194,25,874.0
2680.0,32,902.0,13.876923076923077,4.131060444535547,0,0.0,1.0,1,17.0,0.7080114583459425,16,537.0,0.18856913346386417,8,445.0,0.09218454365529026,25,999.0
2685.0,33,1063.0,16.106060606060606,3.9818463689877337,0,0.0,1.0,1,22.0,0.8111328194106561,16,617.0,0.17996362170539915,9,486.0,0.11418470740742685,26,1125.0
2690.0,31,1107.0,16.279411764705884,4.03004001669347,0,0.0,1.0,1,27.0,0.62167652351139,17,700.0,0.16817510264838806,10,536.0,0.10356565791455313,28,1263.0
2695.0,30,1205.0,18.828125,3.5878725898310626,0,0.0,1.0,3,40.0,0.42150218945900475,17,785.0,0.1443008945033125,10,586.0,0.08687546609227387,30,1411.0
2700.0,33,1309.0,19.833333333333332,3.697283397953873,0,0.0,1.0,4,60.0,0.3874237742135498,18,840.0,0.09969749188687836,11,637.0,0.07817614365780731,33,1537.0
2705.0,34,1470.0,21.304347826086957,3.8448234631443747,0,0.0,1.0,5,81.0,0.1729094417020441,18,900.0,0.11635923699205704,11,692.0,0.09919308291069304,34,1673.0
2710.0,35,1645.0,23.840579710144926,4.199824589434648,0,0.0,1.0,6,111.0,0.21016666223286778,18,990.0,0.12669564855329546,11,747.0,0.09296506497124798,35,1848.0
2715.0,36,1825.0,26.83823529411765,3.9714054584639533,0,0.0,1.0,6,141.0,0.1356812567326101,19,1085.0,0.1254079760275495,11,802.0,0.07768375789115746,36,2028.0
2720.0,34,1874.0,27.159420289855074,3.7859452966545524,0,0.0,1.0,1,25.0,0.4393650358606332,19,1180.0,0.08530846711932594,12,859.0,0.08682297382065775,32,2064.0
2725.0,34,2044.0,28.788732394366196,4.443274556853633,0,0.0,1.0,1,30.0,0.6229468206534915,19,1275.0,0.09441725025303199,12,919.0,0.11675528286392244,32,2224.0
2730.0,34,2203.0,31.92753623188406,4.234859810855308,0,0.0,1.0,1,35.0,0.7113215916429606,19,1379.0,0.15610594889738863,12,979.0,0.09026583729354647,32,2393.0
2735.0,36,2379.0,33.50704225352113,4.174532579410323,0,0.0,1.0,2,42.0,0.5213588852037838,20,1478.0,0.19293999312091475,12,1039.0,0.07338335245867078,34,2559.0
2740.0,34,2515.0,34.45205479452055,4.455419264865989,0,0.0,1.0,1,45.0,0.7409528272591105,20,1578.0,0.19595524855594196,13,1101.0,0.07853741732535138,34,2724.0
2745.0,36,2688.0,37.333333333333336,4.601362530674013,0,0.0,1.0,2,52.0,0.4881427237392464,21,1679.0,0.15551420306651045,13,1166.0,0.07169844367092303,36,2897.0
2750.0,36,2868.0,38.75675675675676,4.7353603191897164,0,0.0,1.0,2,62.0,0.3214706858190786,21,1781.0,0.12759252084667957,13,1231.0,0.06685984465203061,36,3074.0
2755.0,38,3049.0,40.653333333333336,4.128074518175076,0,0.0,1.0,3,72.0,0.17051253896504626,21,1883.0,0.0837203012755186,14,1297.0,0.07347624839496206,38,3252.0
2760.0,37,3170.0,42.266666666666666,3.8143776835101564,0,0.0,1.0,2,20.0,0.13947601827521874,21,1988.0,0.04630671308655744,14,1366.0,0.06575918874057864,37,3374.0
2765.0,40,3362.0,45.432432432432435,3.659357159112234,0,0.0,1.0,2,30.0,0.29082144948000993,24,2104.0,0.07259463749979796,14,1436.0,0.0610988419480452,40,3570.0
2770.0,41,3563.0,46.88157894736842,3.911061780112839,0,0.0,1.0,2,40.0,0.33104892780332856,24,2224.0,0.07150159902392399,15,1507.0,0.05956192765902593,41,3771.0
2775.0,42,3773.0,47.75949367088607,4.073841234521123,0,0.0,1.0,2,50.0,0.40590652888094203,25,2349.0,0.1025697574389419,15,1582.0,0.061793927756387194,42,3981.0
2780.0,42,3983.0,50.41772151898734,4.130865537684273,0,0.0,1.0,2,60.0,0.37574854895223636,25,2474.0,0.07066675315573938,15,1657.0,0.05362206993372998,42,4191.0
2785.0,30,2542.0,32.58974358974359,3.8277231564047045,0,0.0,1.0,2,70.0,0.24689808691021073,13,1706.0,0.08135832879219872,15,1732.0,0.10827304142774995,30,3508.0
2790.0,21,1738.0,21.725,4.534624878541951,0,6.0,0.5899686610153851,3,85.0,0.30812466268189304,3,967.0,0.10999124930281656,15,1807.0,0.10825977815922094,21,2865.0
2795.0,21,1817.0,22.7125,5.585090353581748,0,9.0,0.21981894187610043,3,106.0,0.6066330919007183,2,228.0,0.2745078483215877,16,1887.0,0.12515701582931982,21,2230.0
2800.0,24,1935.0,24.49367088607595,5.489374696775577,3,22.0,0.08613503605352998,3,121.0,0.6589006869764892,2,34.0,0.4569879294813984,16,1967.0,0.10500020192107033,24,2144.0
2805.0,32,2057.0,26.037974683544302,4.683636011080165,5,43.0,0.028354095220371564,4,141.0,0.6647075916387514,4,33.0,0.16602217559885007,17,2048.0,0.051513160132641796,30,2265.0
2810.0,36,2219.0,27.0609756097561,4.14703574279152,7,73.0,0.008976967392654803,5,165.0,0.5548659267606088,4,46.0,0.18406971084124152,18,2135.0,0.04652994469122422,34,2419.0
2815.0,42,2413.0,29.426829268292682,3.976697526798661,10,117.0,0.0021992075453527177,5,190.0,0.598709284761303,4,66.0,0.18279088709791078,18,2225.0,0.03827919065026205,37,2598.0
2820.0,42,2613.0,32.6625,3.8817537657287615,10,166.0,0.0006662320599084656,6,216.0,0.5327945161882235,4,86.0,0.1588744280485283,18,2315.0,0.04073033414721104,38,2783.0
2825.0,38,2535.0,32.5,3.1649104286284255,10,216.0,0.00022294176326959964,1,60.0,0.4516830924193289,2,40.0,0.037498322467050205,19,2406.0,0.047433905814452795,32,2722.0
2830.0,37,2719.0,33.15853658536585,4.257877341716092,10,266.0,0.061229874130681844,1,24.0,0.678098622996891,1,29.0,0.4759003022607824,19,2501.0,0.05768985201417619,31,2820.0
2835.0,34,2801.0,33.74698795180723,5.1771467616231694,11,319.0,1.0248467585264145e-05,1,26.0,0.7097075694928223,1,43.0,0.8026586062602894,19,2596.0,0.04387013072476775,32,2984.0
2840.0,33,2954.0,35.59036144578313,5.059289434149,11,374.0,0.0,1,31.0,0.4723579550084167,1,40.0,0.8396725214538441,19,2691.0,0.0863291639210841,32,3136.0
2845.0,36,3075.0,36.1764705882353,5.066515328504206,11,429.0,1.8548922508954242e-06,0,14.0,0.9378616682376342,1,73.0,0.8375949206593641,21,2788.0,0.08352748324296976,33,3304.0
2850.0,33,3223.0,37.47674418604651,5.284039891585971,11,484.0,0.0,1,1.0,0.6316602750155362,1,78.0,0.7691905401124546,20,2888.0,0.10321982747722862,33,3451.0
2855.0,34,3391.0,41.353658536585364,5.103602871683203,11,539.0,0.0,1,6.0,0.4880915700729634,2,89.0,0.7219805398118551,20,2988.0,0.11036599212854026,34,3622.0
2860.0,28,2259.0,29.337662337662337,4.512508023042959,11,594.0,0.0,1,11.0,0.4690419541954177,2,119.0,0.6345011022501583,14,2286.0,0.10177698485750157,28,3010.0
2865.0,24,910.0,11.818181818181818,3.5968064006559763,11,649.0,0.004198529810599385,0,0.0,0.1328595427043632,5,142.0,0.3076265399368258,6,1882.0,0.13039679008751773,22,2673.0
2870.0,21,799.0,10.513157894736842,3.8417418569935613,11,704.0,0.001390737215823002,0,0.0,0.4867785503688269,5,121.0,0.2746593087235695,1,1106.0,0.19018711336541422,17,1931.0
2875.0,22,873.0,11.64,4.340248280757726,12,763.0,0.00019220118074375378,0,7.0,0.8039588335139336,9,126.0,0.21071924632361635,1,786.0,0.26148364407713676,22,1682.0
2880.0,27,998.0,13.306666666666667,4.049217211563738,12,823.0,3.1973186549293164e-05,0,7.0,0.9625529832215963,10,173.0,0.12113922179218076,3,798.0,0.16918793926753645,25,1801.0
2885.0,31,1135.0,14.1875,4.181178987374184,12,883.0,8.806626038998868e-06,0,0.0,0.9469891656637823,14,237.0,0.1093957495029306,5,817.0,0.09772654056328714,31,1937.0
2890.0,35,1303.0,16.49367088607595,4.042005078878799,12,943.0,1.3904203982672348e-06,0,0.0,0.4796056753005755,15,311.0,0.10412113631189174,8,852.0,0.11691206718367371,35,2106.0
2895.0,42,1500.0,19.23076923076923,3.677309701895691,12,1003.0,9.811450253934432e-07,1,5.0,0.4871749409400633,16,391.0,0.06603885474533754,13,904.0,0.12772372661452447,42,2303.0
2900.0,43,1711.0,20.6144578313253,3.693661477921421,12,1063.0,0.0,1,10.0,0.32942995320980517,16,471.0,0.009564970563426192,14,970.0,0.12395334423996664,43,2514.0
2905.0,44,1929.0,23.814814814814813,3.5928374293231022,12,1123.0,0.0,2,18.0,0.37289708306182856,16,552.0,0.0015437423312277586,14,1040.0,0.08350264712687225,44,2733.0
2910.0,47,2160.0,26.341463414634145,3.1077456429184815,12,1183.0,0.0,2,28.0,0.3122710207023406,18,640.0,0.000271189711863212,15,1113.0,0.057177617950861216,47,2964.0
2915.0,49,2397.0,28.879518072289155,3.1706952242660424,12,1243.0,0.0,2,38.0,0.33088873373851174,18,730.0,6.443639463579337e-05,15,1189.0,0.059399623083877334,47,3200.0
2920.0,48,2635.0,30.63953488372093,3.4159689839980603,12,1303.0,0.0,2,48.0,0.48478169949956723,18,820.0,0.04760982545496161,16,1269.0,0.05731301237819453,48,3440.0
2925.0,49,2876.0,33.83529411764706,3.5213625807411004,12,1363.0,0.0,2,58.0,0.5262818781533027,19,911.0,0.0003810333355407753,16,1349.0,0.05278360776880394,49,3681.0
2930.0,50,3122.0,36.30232558139535,3.5040295660684317,12,1423.0,0.0,3,69.0,0.2799656608764444,19,1007.0,0.01999603361389218,16,1429.0,0.05095092811083846,50,3928.0
2935.0,52,3372.0,38.31818181818182,3.4762708788414822,12,1483.0,0.0,2,79.0,0.36730120039450814,20,1106.0,0.04558245705665363,18,1511.0,0.050439259454210496,52,4179.0
2940.0,52,3632.0,41.747126436781606,3.826914439527981,12,1543.0,0.0,3,94.0,0.31204993868804326,20,1206.0,0.044916803557194934,17,1596.0,0.052385667043656194,52,4439.0
2945.0,53,3896.0,44.27272727272727,3.63397994593093,12,1603.0,0.0,4,113.0,0.26196329347534475,20,1306.0,0.06428670207020848,17,1681.0,0.05236740846111274,53,4703.0
2950.0,49,3718.0,42.25,3.3406685365753233,12,1663.0,0.0,5,137.0,0.27262466462553175,15,1162.0,0.0035333258929128603,17,1766.0,0.08181896869660807,49,4728.0
2955.0,47,3761.0,40.44086021505376,3.6747250912743814,12,1723.0,0.0,5,171.0,0.34131011770832764,12,1019.0,0.04020358504900003,18,1855.0,0.10968837722170151,47,4768.0
2960.0,48,3997.0,42.52127659574468,4.146694720182996,12,1783.0,0.0,5,196.0,0.4801492177670199,12,885.0,0.029400051816681202,18,1945.0,0.10967595786492745,47,4809.0
2965.0,50,4241.0,45.11702127659574,3.9217813114732762,12,1843.0,0.0,6,222.0,0.5568190372259436,12,945.0,0.1305186491718672,18,2035.0,0.0845604232903294,48,5045.0
2970.0,56,4506.0,48.45161290322581,3.5075277803427087,12,1903.0,0.0,7,256.0,0.5639121431276806,14,1008.0,0.0654533174943146,20,2128.0,0.04589408989321437,53,5295.0
2975.0,51,4203.0,43.78125,3.451026296560953,12,1963.0,0.0,7,291.0,0.5166344085988439,14,1078.0,0.0567307962076143,14,1514.0,0.04866912810974233,47,4846.0
2980.0,40,3707.0,38.21649484536083,4.349462956134461,12,2023.0,0.0,7,326.0,0.5443993630503662,15,1159.0,0.10457599258263937,6,1062.0,0.13140143112543354,40,4570.0
2985.0,38,3651.0,37.255102040816325,4.087479172889918,12,2083.0,0.0,8,363.0,0.31292131018936625,18,1243.0,0.056686270675436766,0,675.0,0.2619915704801387,38,4364.0
2990.0,45,3865.0,37.8921568627451,3.336557025203838,12,2143.0,0.0,11,416.0,0.21010616811597904,19,1336.0,0.015431223843658774,3,683.0,0.16117155037501635,45,4578.0
2995.0,40,3563.0,35.277227722772274,3.2234510869014095,12,2203.0,0.0,2,180.0,0.1597787436825502,19,1350.0,0.023353461318681226,7,715.0,0.14565370522229307,40,4448.0
3000.0,32,2361.0,23.848484848484848,3.7690922891848055,6,1638.0,0.01030368881890166,0,65.0,0.35787851102317436,17,1434.0,0.025879041842663885,9,755.0,0.1036469553081394,32,3892.0
3005.0,34,1459.0,15.041237113402062,4.754240018801354,0,1061.0,0.12040137913850275,1,6.0,0.6064220009579518,22,1479.0,0.1668259862189306,11,803.0,0.0756560675955389,34,3349.0
3010.0,31,1600.0,16.0,5.680055699442247,0,493.0,0.43481034588124323,1,11.0,0.7362826371993831,18,1489.0,0.26533807354161987,12,860.0,0.07065789047784315,31,2853.0
3015.0,32,1724.0,17.591836734693878,5.957472642815106,0,0.0,0.925137358562181,1,20.0,0.5420885124936292,18,1543.0,0.3033880884086834,13,925.0,0.05032534984267573,32,2488.0
3020.0,37,1901.0,19.01,5.890368630530905,0,0.0,1.0,2,30.0,0.6285105054040027,20,1640.0,0.2854091730657158,13,990.0,0.06380292183059859,35,2660.0
3025.0,39,2077.0,21.193877551020407,5.531388356816237,0,0.0,1.0,3,55.0,0.5019620663301863,21,1735.0,0.26831747183873217,15,1058.0,0.06075856408600453,39,2848.0
3030.0,39,2269.0,24.934065934065934,4.612039042251278,0,0.0,1.0,4,69.0,0.2285130243115917,21,1840.0,0.19514849983760282,14,1128.0,0.054957928062897496,39,3037.0
3035.0,37,2401.0,28.24705882352941,3.7693287554745196,0,0.0,1.0,3,64.0,0.2310033459391919,20,1893.0,0.07456912079130375,14,1198.0,0.04305278161614105,37,3155.0
3040.0,38,2549.0,31.8625,3.9081368306876003,0,3.0,0.9490061209554671,3,83.0,0.4104800468940606,21,1934.0,0.05553638250306823,14,1268.0,0.05848520612938983,38,3288.0
3045.0,44,2752.0,34.4,3.8704446171144724,1,5.0,0.0017729260426534448,3,99.0,0.6385695263104132,24,2039.0,0.1210022220423964,15,1342.0,0.06387551320743758,43,3485.0
3050.0,46,2977.0,36.75308641975309,3.292481025534592,1,10.0,0.0,4,117.0,0.42385771114493986,26,2167.0,0.10800061345581703,15,1417.0,0.04640767733959215,46,3711.0
3055.0,37,1656.0,19.951807228915662,3.331504478086126,1,15.0,0.0,6,143.0,0.26591813899609945,15,1453.0,0.13026165256230124,15,1492.0,0.0576024057173492,37,3103.0
3060.0,24,730.0,8.69047619047619,4.551412029881597,1,26.0,0.41061736466299203,8,191.0,0.3379414876627752,5,774.0,0.21514654913335246,10,1093.0,0.07923044863075202,24,2084.0
3065.0,12,299.0,3.5595238095238093,5.4330576451048085,1,34.0,0.18182464271522464,8,231.0,0.4428432432157032,1,327.0,0.34485243466924675,2,720.0,0.1895661042356026,12,1312.0
3070.0,14,315.0,3.841463414634146,6.062925010641517,4,49.0,0.056870417617776385,9,275.0,0.5077433724448985,1,130.0,0.5096660412445149,0,265.0,0.3580341214749966,14,719.0
3075.0,22,398.0,4.853658536585366,4.979778169581502,5,69.0,0.016723452389555256,9,320.0,0.5137908660751832,7,147.0,0.17064032854372732,0,74.0,0.5207054770721693,21,610.0
3080.0,29,499.0,5.8023255813953485,4.44593994730982,8,103.0,0.01090435282336951,7,324.0,0.5749904365606164,11,199.0,0.06806824872139977,2,72.0,0.37484659282727567,28,698.0
3085.0,38,659.0,7.574712643678161,4.6158077042988035,10,151.0,0.0031641610740411933,7,356.0,0.5646182800988527,18,273.0,0.11947196603757772,3,86.0,0.2925622370549947,38,866.0
3090.0,43,867.0,9.96551724137931,4.565437193774008,12,210.0,0.0007497357655897549,7,388.0,0.5127637889906069,21,379.0,0.18194595383472534,3,101.0,0.294657593406735,43,1078.0
3095.0,40,1000.0,11.363636363636363,4.265022948752435,12,270.0,0.0002978159317271162,8,422.0,0.4146902614586877,17,437.0,0.14885032723377756,3,116.0,0.3087404562867528,40,1245.0
3100.0,39,876.0,9.842696629213483,4.406302216643133,12,330.0,9.162804238599452e-05,7,294.0,0.27232109905429475,17,433.0,0.18577298802104145,3,117.0,0.3300156940197438,39,1174.0
3105.0,33,833.0,9.686046511627907,5.038342244355827,12,390.0,1.2353819813428515e-05,4,85.0,0.33877752574830794,15,512.0,0.13075590083804184,2,81.0,0.3519509553439152,33,1068.0
3110.0,37,995.0,11.436781609195402,5.26088457773972,12,450.0,2.7468525811245403e-06,6,47.0,0.3720635536283203,16,593.0,0.09770294958405193,2,82.0,0.3574472075729257,36,1172.0
3115.0,42,1192.0,13.701149425287356,4.555527719957073,12,510.0,9.013785956654528e-07,6,77.0,0.36265021583372276,18,678.0,0.09492139069788279,4,97.0,0.22637084885465633,40,1362.0
3120.0,40,1259.0,15.54320987654321,3.7148251148190843,12,570.0,0.0,8,113.0,0.29979279232290607,14,670.0,0.05799267829186659,4,117.0,0.28066371770278054,38,1470.0
3125.0,30,1248.0,15.21951219512195,4.09296046597875,12,630.0,0.0,0,42.0,0.455370387265452,13,659.0,0.1399724147460089,4,137.0,0.22004829621676628,29,1468.0
3130.0,30,1386.0,17.11111111111111,5.065094779201074,12,690.0,0.0,0,9.0,0.7911888565094011,14,686.0,0.13820301589734318,4,157.0,0.16571869927164137,30,1542.0
3135.0,31,1539.0,18.542168674698797,5.664983162454958,12,750.0,0.0,1,12.0,0.8456802143796727,14,762.0,0.217386214039614,4,177.0,0.16675405321610529,31,1701.0
3140.0,30,1547.0,19.098765432098766,5.4620392981553865,12,810.0,0.0,1,14.0,0.8444084427471286,12,724.0,0.19766127226972674,5,202.0,0.15075832535599543,30,1750.0
3145.0,28,1524.0,18.814814814814813,5.697840372682022,12,870.0,0.0,1,19.0,0.8420391848493238,13,744.0,0.22292939854866567,0,39.0,0.2667973304865213,26,1672.0
3150.0,29,1666.0,20.317073170731707,5.715764319366973,12,930.0,0.0,1,24.0,0.7405868087537238,13,818.0,0.23237742357005428,0,0.0,0.5949497714213193,26,1772.0
3155.0,35,1822.0,22.21951219512195,4.431326354546338,12,990.0,0.0,4,39.0,0.46103483384820926,16,887.0,0.13767691744196822,0,0.0,0.9650662369978109,32,1916.0
3160.0,42,2021.0,25.2625,3.3478254402234833,12,1050.0,0.0,5,61.0,0.2929804677179949,18,973.0,0.10360536044862893,0,0.0,0.9678579710034789,35,2084.0
3165.0,49,2249.0,27.765432098765434,2.709511286688854,12,1110.0,0.0,6,89.0,0.17648724054349524,20,1066.0,0.07142070046392976,1,2.0,0.4922670373566535,39,2267.0
3170.0,52,2443.0,29.083333333333332,2.640140732245526,12,1170.0,0.0,7,87.0,0.19843512561620028,22,1171.0,0.030657365723662233,1,7.0,0.5259485740361783,42,2435.0
3175.0,51,2629.0,31.297619047619047,2.9582090668066536,12,1230.0,0.0,8,127.0,0.16079763764104213,23,1283.0,0.0007459789931923178,2,16.0,0.32995935004770366,45,2656.0
3180.0,53,2871.0,33.0,2.99637576106656,12,1290.0,0.0,11,198.0,0.20440973488511144,23,1394.0,0.00018642526631100438,2,26.0,0.31624575395985083,48,2908.0
3185.0,50,3010.0,35.0,3.393967133981033,12,1350.0,0.0,11,256.0,0.22610164087647133,23,1509.0,5.285245101222504e-05,2,36.0,0.3235381590721739,48,3151.0
3190.0,53,3264.0,36.674157303370784,2.9479173231318616,12,1410.0,0.0,11,311.0,0.17599288039255503,23,1624.0,1.120105391495011e-05,2,46.0,0.3086237497365158,48,3391.0
3195.0,55,3516.0,39.06666666666667,2.889099293205847,12,1470.0,0.0,14,377.0,0.14112481217156164,23,1739.0,1.4699415303613432e-06,3,58.0,0.16563265489815399,52,3644.0
3200.0,53,3758.0,41.2967032967033,3.3657207209300086,12,1530.0,0.0,15,454.0,0.18840659004604773,23,1854.0,0.040618704100864364,3,73.0,0.23609614447882699,53,3911.0
3205.0,54,4023.0,44.7,3.3442363412694065,12,1590.0,0.0,16,529.0,0.19157990297727398,23,1969.0,0.03849837457696407,3,88.0,0.3022373762151103,54,4176.0
3210.0,52,4244.0,46.637362637362635,3.3021245650708035,12,1650.0,0.0,13,547.0,0.09405118551066274,23,2084.0,0.06308280561384791,3,103.0,0.346390758356545,51,4384.0
3215.0,53,4505.0,50.05555555555556,3.569391607826049,12,1710.0,0.0,13,601.0,0.15322156683952434,24,2200.0,0.0747060922702988,3,118.0,0.2044952294408462,52,4629.0
3220.0,48,4453.0,49.477777777777774,3.805292222646014,12,1770.0,0.0,13,666.0,0.16864476071974518,19,2112.0,0.09830312613039353,3,133.0,0.19859729915740998,47,4681.0
3225.0,50,4642.0,49.913978494623656,3.9967022204083618,12,1830.0,0.0,14,737.0,0.1565671547006589,19,2087.0,0.05790556746148736,4,152.0,0.1771636702296727,49,4806.0
3230.0,41,4301.0,46.75,4.043709808570023,12,1890.0,0.0,4,401.0,0.3658111230758984,20,2130.0,0.048149218606638615,4,172.0,0.12499981112951437,40,4593.0
3235.0,37,4267.0,45.88172043010753,4.666531612110961,12,1950.0,0.0,0,299.0,0.5928163345042302,21,2233.0,0.040694768692128076,4,192.0,0.16567404953282602,37,4674.0
3240.0,34,4244.0,47.15555555555556,5.311513461597805,12,2010.0,0.0,1,64.0,0.7700284189417786,21,2347.0,0.13989489321450402,0,19.0,0.3414746866088317,34,4440.0
3245.0,34,4375.0,48.611111111111114,5.857063049750601,12,2070.0,0.0,3,44.0,0.6414614430369618,19,2437.0,0.25286091759526585,0,0.0,0.9836890409729947,34,4551.0
3250.0,29,3421.0,38.01111111111111,5.770506124823985,6,1542.0,0.012306254529758311,0,14.0,0.7736707404213505,22,2519.0,0.2681212887364083,0,0.0,0.867477829065519,28,4075.0
3255.0,24,2528.0,28.08888888888889,5.51705480692458,0,1023.0,0.11987765705572422,1,11.0,0.5575033912006719,22,2629.0,0.20152774993161215,0,0.0,0.9401495101910388,23,3663.0
3260.0,28,2649.0,29.433333333333334,5.732328822581433,0,507.0,0.3769033844888507,3,26.0,0.5401009896931472,25,2743.0,0.13839551459005298,0,0.0,0.9280944592414053,28,3276.0
3265.0,31,2794.0,32.48837209302326,5.58934795359411,0,0.0,1.0,5,46.0,0.4184363731093476,25,2868.0,0.11126933713113414,1,1.0,0.4839801126993672,31,2915.0
3270.0,34,2958.0,35.63855421686747,5.100840595301915,0,0.0,1.0,6,75.0,0.2877668073156606,27,2999.0,0.08198052677994985,1,6.0,0.48374874400214396,34,3080.0
3275.0,39,3145.0,37.44047619047619,4.752861900967427,0,0.0,1.0,7,110.0,0.2447150209758961,30,3145.0,0.04810545676603126,1,11.0,0.49211930099860285,38,3266.0
3280.0,43,3346.0,41.30864197530864,3.6616836713696976,0,0.0,1.0,8,146.0,0.09935920836545539,32,3299.0,0.028648103640787247,1,16.0,0.392811734167799,41,3461.0
3285.0,48,3578.0,45.29113924050633,3.1846153218856807,0,0.0,1.0,10,192.0,0.05173894994425509,34,3466.0,0.0005768708608734228,2,25.0,0.3172260887841667,46,3683.0
3290.0,50,3824.0,52.38356164383562,2.3066949593527033,0,0.0,1.0,10,242.0,0.08617572672945409,35,3641.0,5.2949609557665544e-05,2,35.0,0.32919560238127304,47,3918.0
3295.0,35,2486.0,33.14666666666667,2.833639383518724,0,0.0,1.0,9,264.0,0.14161201232948956,24,2957.0,0.03555556908904401,2,45.0,0.4323242502134532,35,3266.0
3300.0,22,828.0,10.753246753246753,3.8866575401044536,0,6.0,0.666983516149732,9,318.0,0.22765717150645443,13,2308.0,0.11562911830570811,0,0.0,0.9530761335535514,22,2632.0
3305.0,18,565.0,7.337662337662338,4.678190950037366,2,11.0,0.23444655615128618,9,363.0,0.31570898432553607,7,1340.0,0.20431667207215617,0,0.0,0.9599291040373752,18,1714.0
3310.0,16,564.0,7.421052631578948,5.220699590691583,3,25.0,0.04514222961272772,9,408.0,0.4349190654590675,4,870.0,0.29325707109570975,0,0.0,0.9807690406825472,16,1303.0
3315.0,20,656.0,8.30379746835443,5.461691867524718,4,41.0,0.029075398484198586,10,458.0,0.45440216435763403,6,681.0,0.26850127768488047,0,0.0,0.9369419599672535,20,1180.0
3320.0,25,631.0,7.8875,5.066628569510968,8,80.0,0.010847418564115774,10,508.0,0.4343943955861738,6,615.0,0.17311606511455727,1,2.0,0.4958931825686837,25,1205.0
3325.0,30,750.0,9.25925925925926,5.249393128358314,12,132.0,0.0021569125039708546,11,562.0,0.3866775456564422,6,585.0,0.1028095867319845,1,7.0,0.6091085606691813,30,1286.0
3330.0,36,912.0,11.4,4.422428516442186,12,191.0,0.0007117337600927383,11,617.0,0.23215621976882805,12,629.0,0.04576237674890303,1,12.0,0.6285913908347553,36,1449.0
3335.0,38,1095.0,13.353658536585366,4.018195687043666,12,251.0,0.00014393260820191506,11,672.0,0.14958299732816335,14,693.0,0.0626494722395125,1,17.0,0.6038264081568886,38,1633.0
3340.0,40,1229.0,15.17283950617284,3.662785920019425,12,311.0,4.141368498272586e-05,15,741.0,0.1363069138795597,12,707.0,0.09632429589684238,1,22.0,0.49021824731487124,40,1781.0
3345.0,40,1418.0,17.725,3.609219723046574,12,371.0,6.582635353369932e-06,16,819.0,0.11519052235602002,11,733.0,0.10473445821950537,1,27.0,0.361781469632996,40,1950.0
3350.0,50,1647.0,20.085365853658537,3.2252443590483173,12,431.0,1.7408532621097996e-06,21,913.0,0.10865945583823308,13,794.0,0.12536931404193738,3,38.0,0.16230326345158028,49,2176.0
3355.0,39,1087.0,13.25609756097561,3.320333000219496,12,491.0,0.0,11,522.0,0.15848012651135754,13,859.0,0.12646769049719458,3,53.0,0.16821296244318673,39,1925.0
3360.0,31,1075.0,13.109756097560975,4.404193439289563,12,551.0,0.0,4,256.0,0.31929431310433987,12,911.0,0.08937003864823949,3,68.0,0.3664153382513202,31,1786.0
3365.0,29,1176.0,14.168674698795181,5.597427254850319,12,611.0,0.0,1,137.0,0.43145335971446147,12,980.0,0.25883131977016705,4,88.0,0.38870006660914896,29,1816.0
3370.0,26,966.0,11.364705882352942,6.053778024367415,6,463.0,0.0075202911840683085,3,73.0,0.5590818791076115,13,1041.0,0.2990622020263812,4,108.0,0.39816041523464757,26,1685.0
3375.0,22,774.0,9.214285714285714,6.066791625616757,0,309.0,0.14131835319176073,4,84.0,0.32066799809967367,13,1106.0,0.29754148283484566,4,128.0,0.28080212943256544,21,1627.0
3380.0,21,759.0,8.929411764705883,5.987151228429987,0,149.0,0.4182228453501615,7,115.0,0.11859191042886795,12,1138.0,0.344783829866855,2,85.0,0.16325683285087678,21,1487.0
3385.0,20,805.0,9.698795180722891,6.572858033180875,0,3.0,0.9165709668262423,7,150.0,0.21366010325706003,12,1201.0,0.3142953024420027,1,59.0,0.13344213897758342,20,1413.0
3390.0,19,897.0,11.2125,6.1736451121117195,0,0.0,1.0,7,185.0,0.13110430183830457,12,1258.0,0.20021661860700574,0,28.0,0.22099139417392855,19,1471.0
3395.0,20,997.0,13.293333333333333,5.828845922966511,0,0.0,1.0,8,225.0,0.1032058007499902,12,1319.0,0.13753618338408435,0,4.0,0.5086463443798213,20,1548.0
3400.0,24,1108.0,15.178082191780822,6.042870569739765,0,0.0,1.0,8,265.0,0.10543311426862502,16,1390.0,0.14537810206452015,0,0.0,0.7575817512576135,24,1655.0
3405.0,29,1240.0,17.464788732394368,4.99003414824316,0,0.0,1.0,8,305.0,0.07380226911546553,20,1481.0,0.00253413941483752,1,1.0,0.6104186249061946,29,1787.0
3410.0,34,1402.0,20.61764705882353,4.275217934979494,0,0.0,1.0,9,348.0,0.05512375289123478,23,1594.0,0.040210887658031755,1,6.0,0.7137054397011238,33,1948.0
3415.0,36,1578.0,25.047619047619047,3.356328763034238,0,0.0,1.0,9,393.0,0.1754854920385297,24,1710.0,0.00012148970094781179,1,11.0,0.5172746506365552,34,2114.0
3420.0,34,1736.0,27.555555555555557,2.9852073528506624,0,0.0,1.0,9,438.0,0.11911001499868688,24,1830.0,1.49165031896476e-05,1,16.0,0.4634163598803974,34,2284.0
3425.0,37,1879.0,27.63235294117647,3.010696085623047,0,0.0,1.0,10,486.0,0.11109607295985059,23,1930.0,3.0887333282515522e-06,0,2.0,0.6026778802417566,33,2418.0
3430.0,36,2058.0,30.264705882352942,3.4247679284377694,0,0.0,1.0,10,536.0,0.16080842945240065,23,2048.0,0.004452201114918665,0,2.0,0.44983516920363176,33,2586.0
3435.0,33,1964.0,28.057142857142857,3.7291312027431998,0,0.0,1.0,6,416.0,0.20229289119455326,23,2163.0,0.039482183432542325,1,6.0,0.3851449853302422,30,2585.0
3440.0,37,2125.0,29.51388888888889,4.038730719895253,0,0.0,1.0,6,311.0,0.22104478543856004,24,2279.0,0.037447139520686706,1,12.0,0.4780907599846556,31,2602.0
3445.0,37,2205.0,30.205479452054796,4.359714733278712,0,0.0,1.0,6,341.0,0.22526634383854166,21,2323.0,0.0712796545001741,3,26.0,0.40765469315953734,30,2690.0
3450.0,31,2234.0,30.602739726027398,4.464988795210317,0,0.0,1.0,6,374.0,0.25395557394942714,19,2378.0,0.0603007646804909,3,41.0,0.2863314635437169,28,2793.0
3455.0,26,1978.0,26.72972972972973,4.629973733375718,0,0.0,1.0,0,21.0,0.5753859257882836,20,2428.0,0.06840933545271902,3,56.0,0.177985184544216,23,2505.0
3460.0,27,2100.0,27.63157894736842,4.870602452672101,0,0.0,1.0,0,3.0,0.7408525347656372,20,2528.0,0.12384983592418189,6,82.0,0.07107673465820029,26,2613.0
3465.0,26,2175.0,28.246753246753247,4.874249589054492,0,0.0,1.0,1,8.0,0.7752915826845733,20,2637.0,0.20146348685614107,4,75.0,0.1349089598737808,25,2720.0
3470.0,30,2253.0,29.25974025974026,4.380190195456086,0,0.0,1.0,2,15.0,0.5588316204550499,22,2744.0,0.215223711808498,1,62.0,0.20256496932932055,25,2821.0
3475.0,31,2391.0,30.265822784810126,4.640109139328715,0,0.0,1.0,2,32.0,0.609494027804666,23,2853.0,0.2268832173054386,0,37.0,0.4929686699716053,25,2922.0
3480.0,31,2526.0,31.974683544303797,4.499816874096892,0,0.0,1.0,2,39.0,0.5608135347993851,23,2965.0,0.20612404373772256,1,39.0,0.39590884351188366,26,3043.0
3485.0,34,2644.0,33.8974358974359,4.29047390939094,0,0.0,1.0,2,49.0,0.531983047994616,24,3050.0,0.20183664667344073,3,53.0,0.22362161547045367,29,3152.0
3490.0,30,2721.0,35.80263157894737,4.03035179868723,0,0.0,1.0,2,59.0,0.3821179293512672,24,3153.0,0.08729127363370046,4,69.0,0.16438303192850917,30,3281.0
3495.0,36,2888.0,36.55696202531646,3.613933679217976,0,0.0,1.0,5,79.0,0.20782687879834183,26,3279.0,0.031108485792474237,4,90.0,0.2815834677090413,35,3448.0
3500.0,40,3005.0,38.037974683544306,3.0457621533183508,0,0.0,1.0,3,38.0,0.1520645405831606,28,3417.0,0.006089243094422788,6,115.0,0.14032764703458922,37,3570.0
3505.0,33,2023.0,24.97530864197531,3.5284349379324804,0,0.0,1.0,1,15.0,0.4694726189770143,23,2747.0,0.022531551989121126,6,145.0,0.1393693191332718,30,2907.0
3510.0,23,826.0,10.197530864197532,4.553509014059536,0,9.0,0.6513118494460275,1,14.0,0.6354454566416092,16,2091.0,0.11793350411447318,3,119.0,0.20956073715792453,20,2233.0
3515.0,14,199.0,2.397590361445783,5.529022106660685,1,11.0,0.2138489142837198,1,20.0,0.6142161424476414,7,1236.0,0.30089759122204235,0,83.0,0.38906806899536783,9,1350.0
3520.0,9,175.0,2.1875,6.050150195099858,0,0.0,0.10735116459744436,0,2.0,0.9097646703448143,4,940.0,0.3235054251358157,0,18.0,0.7104179636539673,4,960.0
3525.0,16,236.0,3.064935064935065,5.518964920730329,0,0.0,0.2658355783625228,1,5.0,0.7350764936676429,9,959.0,0.2551512691939862,0,0.0,0.956450880552877,10,964.0
3530.0,18,321.0,3.962962962962963,5.780864322623755,0,0.0,0.639540820530037,3,38.0,0.6460179836717754,9,993.0,0.22047542350080038,0,0.0,0.966467537765016,12,1031.0
3535.0,24,431.0,5.5256410256410255,5.24612779747448,0,0.0,1.0,4,56.0,0.45326703962766396,14,1056.0,0.1791257825324047,0,0.0,0.9451638782707441,18,1112.0
3540.0,26,516.0,6.615384615384615,4.891718789784125,0,0.0,1.0,1,44.0,0.5277841123443221,18,1139.0,0.13925504783740109,1,1.0,0.46774422232183893,20,1184.0
3545.0,30,610.0,7.82051282051282,4.834685676566227,0,0.0,1.0,1,15.0,0.5766772838900321,23,1251.0,0.11044852871263404,1,6.0,0.4661374302888789,25,1272.0
3550.0,22,371.0,4.756410256410256,4.991581865143193,0,0.0,1.0,2,8.0,0.5439621385969017,18,925.0,0.143587494122288,0,0.0,0.9418921615250494,20,933.0
3555.0,11,310.0,4.133333333333334,5.914817058909587,0,9.0,0.591508474713633,3,21.0,0.4700742610519377,8,680.0,0.17634808364494764,0,0.0,0.947360234147223,11,710.0
3560.0,10,336.0,4.602739726027397,6.816686185104361,0,0.0,0.6960545174182348,3,36.0,0.3919454040796957,6,446.0,0.2592188317693686,0,0.0,0.9466631134954478,9,482.0
3565.0,14,398.0,5.527777777777778,7.07461129790972,0,0.0,0.6712688736588228,3,51.0,0.5659588071120644,6,402.0,0.35607639559433835,0,0.0,0.9867003995554816,9,453.0
3570.0,18,408.0,5.746478873239437,6.319050199929571,1,3.0,0.06857343602498729,4,68.0,0.47560158118406215,6,356.0,0.24832747946245617,0,0.0,0.6484358479906572,11,427.0
3575.0,23,520.0,7.536231884057971,6.058282417190235,3,18.0,0.009376979464784288,4,91.0,0.5217955847519007,8,364.0,0.042001059223970266,1,5.0,0.6160865152785483,16,478.0
3580.0,28,648.0,9.671641791044776,5.678165968191468,4,36.0,0.002431708785890801,5,112.0,0.47012180325378217,10,411.0,0.08495203622911085,1,10.0,0.6242301473766129,20,569.0
3585.0,26,665.0,10.075757575757576,5.169876854510266,4,56.0,0.0004161549474497871,1,6.0,0.6877135491990751,11,463.0,0.00039790736369454965,1,15.0,0.6306159085384719,17,540.0
3590.0,24,691.0,11.327868852459016,4.775433646007577,4,76.0,3.235080870931723e-05,2,12.0,0.5474166596471001,11,518.0,0.08113898433776312,0,0.0,0.952851646550959,17,606.0
3595.0,19,655.0,10.737704918032787,5.388063641111401,4,96.0,4.331499131231335e-06,3,26.0,0.4291470960350841,11,587.0,0.2811710947042025,0,0.0,0.970284192186434,18,709.0
3600.0,21,753.0,11.952380952380953,5.394079460154678,4,116.0,0.0,3,41.0,0.29024749145957024,14,651.0,0.21008275878466415,0,0.0,0.9329834491594411,21,808.0
