step,system_total_stopped,system_total_waiting_time,system_mean_waiting_time,system_mean_speed,cluster_10564135163_13571629282_5146149679_stopped,cluster_10564135163_13571629282_5146149679_accumulated_waiting_time,cluster_10564135163_13571629282_5146149679_average_speed,cluster_10564135205_11749189839_3266988437_5129187741_#3more_stopped,cluster_10564135205_11749189839_3266988437_5129187741_#3more_accumulated_waiting_time,cluster_10564135205_11749189839_3266988437_5129187741_#3more_average_speed,cluster_10564135211_11749189838_12136544949_12136544951_#7more_stopped,cluster_10564135211_11749189838_12136544949_12136544951_#7more_accumulated_waiting_time,cluster_10564135211_11749189838_12136544949_12136544951_#7more_average_speed,cluster_10564135212_13571629279_13571629299_stopped,cluster_10564135212_13571629279_13571629299_accumulated_waiting_time,cluster_10564135212_13571629279_13571629299_average_speed,agents_total_stopped,agents_total_accumulated_waiting_time
0.0,0,0.0,0.0,0.0,0,0.0,1.0,0,0.0,1.0,0,0.0,1.0,0,0.0,1.0,0,0.0
5.0,0,0.0,0.0,10.850995367238944,0,0.0,1.0,0,0.0,0.9807230949423026,0,0.0,1.0,0,0.0,0.9834970489797223,0,0.0
10.0,0,0.0,0.0,9.029029062763929,0,0.0,1.0,0,0.0,0.9365861067678765,0,0.0,1.0,0,0.0,0.9457113903459846,0,0.0
15.0,0,0.0,0.0,8.767557044991488,0,0.0,1.0,0,0.0,0.9902142372112583,0,0.0,1.0,0,0.0,0.9916224122329133,0,0.0
20.0,0,0.0,0.0,9.317972734964343,0,0.0,1.0,0,0.0,0.9415046587691365,0,0.0,1.0,0,0.0,0.967391879114476,0,0.0
25.0,2,4.0,0.36363636363636365,7.28767751771303,0,0.0,1.0,1,2.0,0.47921617579256204,0,0.0,0.9745061445132102,1,2.0,0.4779534135002045,2,4.0
30.0,2,14.0,1.0769230769230769,7.434023538258107,0,0.0,1.0,1,7.0,0.496613248472716,0,0.0,1.0,1,7.0,0.49643081545711293,2,14.0
35.0,2,24.0,1.7142857142857142,6.9491018477623845,0,0.0,1.0,1,12.0,0.3008909557499484,0,0.0,1.0,1,12.0,0.4779145910423903,2,24.0
40.0,3,36.0,2.1176470588235294,5.547230282017011,0,0.0,1.0,2,19.0,0.09152254261802982,0,0.0,1.0,1,17.0,0.1515621676623611,3,36.0
45.0,2,26.0,1.4444444444444444,6.131047579798024,0,0.0,1.0,0,0.0,0.64703409789325,0,0.0,1.0,2,26.0,0.1910485148807106,2,26.0
50.0,2,36.0,1.894736842105263,7.754914693723968,0,0.0,1.0,0,0.0,0.9506425271172941,0,0.0,1.0,2,36.0,0.3232967928585079,2,36.0
55.0,0,0.0,0.0,8.738423692720586,0,0.0,1.0,0,0.0,0.9686763835732345,0,6.0,0.9406929106611471,0,0.0,0.9284901601975646,0,6.0
60.0,0,0.0,0.0,8.895513120207193,0,0.0,1.0,0,0.0,0.951362239286615,0,12.0,0.7902790348768864,0,0.0,0.9837686677999018,0,12.0
65.0,0,0.0,0.0,8.788983130764386,0,0.0,1.0,0,0.0,0.8605724420249621,0,3.0,0.6642317471326935,0,0.0,0.9923611042323062,0,3.0
70.0,0,0.0,0.0,8.61482407681218,0,0.0,1.0,0,0.0,0.9687044299965026,0,3.0,0.7286403497729157,0,0.0,0.9663271163406032,0,3.0
75.0,1,5.0,0.2,8.915359225076509,0,0.0,1.0,0,0.0,0.953235334370411,1,8.0,0.6720823391773015,0,0.0,0.9529742479970907,1,8.0
80.0,3,15.0,0.5555555555555556,7.868798382175823,0,0.0,1.0,1,3.0,0.7367074521237027,2,12.0,0.551904853326793,0,0.0,0.9827167331200877,3,15.0
85.0,7,41.0,1.4137931034482758,7.065357748180542,0,0.0,1.0,1,8.0,0.7687611462492305,4,29.0,0.4837620539586475,0,0.0,0.9312117276248991,5,37.0
90.0,4,49.0,1.8148148148148149,6.386667908556924,0,0.0,1.0,0,0.0,0.794033578417107,4,49.0,0.275022966323074,0,0.0,0.9932965738546471,4,49.0
95.0,2,8.0,0.26666666666666666,7.055468491574911,0,0.0,1.0,1,3.0,0.4762797937914976,1,5.0,0.42075085748279756,0,0.0,0.872044166475504,2,8.0
100.0,4,26.0,0.8125,8.199796797610478,0,6.0,0.6380702257274966,1,14.0,0.5213610888628667,2,18.0,0.4890720948891041,1,3.0,0.6271705546268914,4,41.0
105.0,3,38.0,1.2258064516129032,8.91100862303187,0,0.0,0.5609959290007487,1,19.0,0.7124558069168259,2,28.0,0.4906138322565503,0,0.0,0.933753132839211,3,47.0
110.0,3,53.0,1.5142857142857142,8.8633409726417,0,0.0,1.0,1,24.0,0.7316982397588443,2,42.0,0.48175830026590477,0,0.0,0.9592205489481529,3,66.0
115.0,4,29.0,0.8529411764705882,8.479308863540938,0,0.0,1.0,0,6.0,0.8800825377861938,3,35.0,0.5939844430728853,0,0.0,0.951736882817334,3,41.0
120.0,5,47.0,1.3055555555555556,8.231535025619106,0,0.0,1.0,0,6.0,0.8536391288083789,5,54.0,0.3481509734795373,0,0.0,0.9770592102367964,5,60.0
125.0,6,75.0,2.142857142857143,8.33391319157804,0,0.0,1.0,0,6.0,0.864657367058668,6,82.0,0.29827139155500715,0,0.0,0.9505711191647204,6,88.0
130.0,10,114.0,3.1666666666666665,6.443988023853063,0,0.0,1.0,2,11.0,0.5315144959590681,8,116.0,0.18922768412996627,0,0.0,0.8469676212488719,10,127.0
135.0,7,97.0,2.7714285714285714,5.65850283877287,0,0.0,1.0,3,24.0,0.2456948310977797,3,94.0,0.4621953708348504,1,4.0,0.46323357150968186,7,122.0
140.0,6,119.0,3.3055555555555554,7.232627427007935,0,6.0,0.6162299531880657,3,45.0,0.3440594045731455,2,89.0,0.5764014030243123,1,9.0,0.6207916268230681,6,149.0
145.0,8,151.0,3.775,7.589027692060631,1,8.0,0.22821778085521807,4,60.0,0.36765955836886344,2,91.0,0.5554426450102613,1,5.0,0.7307857250269079,8,164.0
150.0,11,199.0,4.853658536585366,7.386821281717091,3,19.0,0.00027294580774167674,4,79.0,0.34992591918384425,3,101.0,0.33823024726656425,1,10.0,0.7195202179521205,11,209.0
155.0,5,37.0,0.8809523809523809,6.87946584467107,4,35.0,0.0007173685927692906,0,6.0,0.9668483249421987,1,50.0,0.5085294612269513,0,0.0,0.9656635565742688,5,91.0
160.0,5,62.0,1.4090909090909092,7.660395547912312,4,58.0,0.12439395504570831,0,6.0,0.9526604340518962,1,16.0,0.6130893893210008,0,0.0,0.9551644857321397,5,80.0
165.0,3,21.0,0.45652173913043476,7.749175017158355,0,10.0,0.0683444485206464,0,6.0,0.9733831772436432,3,30.0,0.4026225964255401,0,0.0,0.9850109159055602,3,46.0
170.0,6,45.0,0.9782608695652174,7.722300274394523,0,0.0,0.5351709738591313,0,0.0,0.9651244153695338,6,54.0,0.339984646205138,0,0.0,0.9734435216415348,6,54.0
175.0,1,28.0,0.6086956521739131,8.354813363401147,0,0.0,1.0,0,0.0,0.957374841406141,1,48.0,0.5083216419096978,0,0.0,0.9309362874403735,1,48.0
180.0,1,33.0,0.7333333333333333,9.402353472800087,0,0.0,1.0,0,6.0,0.8054032664918577,1,39.0,0.6859294796479124,0,0.0,0.9782810969693807,1,45.0
185.0,3,41.0,0.8913043478260869,9.118477940967889,0,0.0,1.0,1,8.0,0.8066841346364989,2,43.0,0.5650654507967554,0,0.0,0.9232452141401527,3,51.0
190.0,5,62.0,1.3191489361702127,9.001108587977608,0,0.0,1.0,1,13.0,0.6806389051074727,3,57.0,0.5069637808140476,1,2.0,0.7115437306724517,5,72.0
195.0,7,89.0,2.1707317073170733,7.8600504908730136,0,0.0,0.39091038990714766,2,23.0,0.7186318291079642,5,73.0,0.16284839117543282,0,0.0,0.9464412268300729,7,96.0
200.0,8,129.0,2.9318181818181817,7.3252946472564675,1,5.0,0.019712138160317028,2,33.0,0.6821250822104007,5,101.0,0.2032213356318926,0,0.0,0.9640672465794978,8,139.0
205.0,10,175.0,3.8043478260869565,6.586901040482256,2,15.0,7.197883227808879e-06,2,43.0,0.515715769475647,6,127.0,0.24631372047170144,0,0.0,0.9289009283215448,10,185.0
210.0,13,235.0,5.0,5.897951822465032,2,25.0,0.0,4,55.0,0.3176165079142267,7,162.0,0.20535114469131954,0,0.0,0.9899536836295284,13,242.0
215.0,18,317.0,6.74468085106383,5.49879086852712,2,35.0,0.0,6,81.0,0.19089873893937467,10,209.0,0.11623490469338849,0,0.0,0.9382989479237006,18,325.0
220.0,8,251.0,5.229166666666667,5.955355765962479,2,45.0,0.0,0,6.0,0.5551857843221562,6,221.0,0.20947476515326002,0,0.0,0.966503660173526,8,272.0
225.0,7,277.0,5.8936170212765955,6.9525469963479445,2,58.0,0.25483009049601063,0,3.0,0.4877444016782868,5,232.0,0.3304388152902312,0,0.0,0.9651049561540344,7,293.0
230.0,9,320.0,6.808510638297872,7.8776046606057415,2,68.0,0.02172862788713671,1,10.0,0.7649621047200421,6,258.0,0.3840197171062215,0,0.0,0.9682340186990943,9,336.0
235.0,9,365.0,7.448979591836735,7.946512616258679,2,78.0,0.005051925283259701,1,15.0,0.8124561612726215,6,288.0,0.3852583980889439,0,0.0,0.9736091297984011,9,381.0
240.0,10,315.0,6.3,6.954156034254721,3,91.0,0.0006604824257183578,1,20.0,0.7979421817217922,5,260.0,0.32427202281205847,0,0.0,0.5008348930485474,9,371.0
245.0,13,372.0,8.266666666666667,6.741141099630418,3,106.0,0.00026200335927586635,2,28.0,0.6908962638763698,4,234.0,0.4047262932504859,1,5.0,0.48314494148559906,10,373.0
250.0,16,446.0,10.372093023255815,5.858536775114987,3,121.0,5.956857076474016e-05,3,40.0,0.5672011704016716,4,254.0,0.40785342759336035,1,10.0,0.4811825363385971,11,425.0
255.0,14,397.0,8.630434782608695,5.399657916669193,0,20.0,0.028329093039845512,3,55.0,0.4591394663471977,4,274.0,0.22305144055531326,1,15.0,0.5344708477536702,8,364.0
260.0,18,467.0,9.936170212765957,4.371677989616144,0,0.0,1.0,6,83.0,0.21890750492829683,6,301.0,0.13781966593808845,0,0.0,0.9529390592813228,12,384.0
265.0,18,516.0,10.97872340425532,4.873244939164915,0,0.0,1.0,8,122.0,0.19283993627252302,6,334.0,0.05591201297923203,0,0.0,0.9845282918353553,14,456.0
270.0,19,588.0,12.25,4.735277949319895,0,0.0,1.0,8,162.0,0.1697955817702838,8,372.0,0.08594531507630342,0,0.0,0.9940563776457152,16,534.0
275.0,19,611.0,12.22,4.964918671772632,0,0.0,1.0,9,205.0,0.14941416978261576,10,418.0,0.010137472439859567,0,0.0,0.9524055240804052,19,623.0
280.0,22,711.0,14.510204081632653,4.703496267394697,0,0.0,1.0,10,253.0,0.15687838594191292,11,469.0,0.00015391529542833806,1,1.0,0.4734700824739867,22,723.0
285.0,17,462.0,9.058823529411764,5.545279446998476,0,0.0,1.0,7,208.0,0.18500900682472007,9,385.0,0.10147279490716525,1,5.0,0.49882064102386897,17,598.0
290.0,15,385.0,7.403846153846154,6.624608378065867,0,0.0,1.0,7,218.0,0.18781843602412124,7,249.0,0.2803656715563563,1,10.0,0.6387346342847661,15,477.0
295.0,16,462.0,8.884615384615385,6.822357223420796,0,0.0,1.0,7,253.0,0.14415928357324778,8,229.0,0.2609787964409465,1,15.0,0.5267502960173638,16,497.0
300.0,15,521.0,10.01923076923077,6.185372669690314,0,0.0,1.0,7,288.0,0.10808074398402129,8,269.0,0.32053364426498027,0,0.0,0.9449927663635286,15,557.0
305.0,12,366.0,7.32,5.728430587554964,0,0.0,1.0,8,324.0,0.10377017432408758,2,134.0,0.4392137615418617,0,0.0,0.9832485907860253,10,458.0
310.0,15,432.0,8.0,5.200881050127088,0,6.0,0.6523993626637838,8,367.0,0.28898812532721474,3,78.0,0.22311897754360538,0,0.0,0.9894621688263181,11,451.0
315.0,13,474.0,8.943396226415095,5.462986029396539,0,6.0,0.17491738773396207,8,410.0,0.335000043938532,4,96.0,0.3133369889356385,0,0.0,0.9686479165528766,12,512.0
320.0,16,548.0,10.148148148148149,5.436429569340737,0,0.0,0.09622442061498244,8,474.0,0.38701720705617004,4,113.0,0.18134986363647762,0,0.0,0.9274972451336552,12,587.0
325.0,2,83.0,1.456140350877193,6.430238502827699,0,0.0,1.0,0,103.0,0.6652480688020052,2,116.0,0.26567027315418124,0,0.0,0.9673745917288221,2,219.0
330.0,2,93.0,1.631578947368421,8.214292375918816,0,0.0,1.0,0,33.0,0.7991646018971617,2,114.0,0.3117958854746745,0,0.0,0.9718072577372205,2,147.0
335.0,7,120.0,2.142857142857143,8.30945602590894,0,0.0,1.0,1,38.0,0.7827536218707606,2,133.0,0.6415834454632591,1,2.0,0.5646331252122758,4,173.0
340.0,9,159.0,3.0,7.660365445691902,0,0.0,1.0,2,39.0,0.5771408647343049,2,143.0,0.6648084120403084,1,7.0,0.6575102133012195,5,189.0
345.0,11,208.0,3.586206896551724,7.148949562769505,0,0.0,1.0,2,49.0,0.6463499787458705,2,153.0,0.709660127621287,1,12.0,0.7249420038444097,5,214.0
350.0,11,233.0,4.087719298245614,6.614016471949923,0,0.0,1.0,1,1.0,0.584756768929358,2,163.0,0.7115473905532378,2,18.0,0.47157173700114824,5,182.0
355.0,11,245.0,4.537037037037037,6.395763837969264,0,0.0,1.0,2,9.0,0.47702849917720636,2,173.0,0.714243667008621,0,0.0,0.9371169714137795,4,182.0
360.0,9,266.0,4.925925925925926,6.769973153662398,0,0.0,0.9449249194805431,2,19.0,0.310570696832287,2,189.0,0.7002778826573546,0,0.0,0.9546873943395066,4,208.0
365.0,4,192.0,3.6923076923076925,7.487313123685777,0,0.0,0.9533516229835923,2,29.0,0.6373033866725731,2,187.0,0.7153721012554957,0,0.0,0.9963726737264014,4,216.0
370.0,2,6.0,0.11320754716981132,7.31617709936791,0,0.0,0.9475923004414513,0,6.0,0.8666561806006587,1,103.0,0.565371121434233,0,0.0,0.9650533140832208,1,109.0
375.0,5,28.0,0.5490196078431373,7.890817777650226,0,0.0,1.0,0,6.0,0.8980402555217831,2,16.0,0.463057469227184,0,0.0,0.9514839954714365,2,22.0
380.0,7,63.0,1.1886792452830188,7.881330372875053,0,0.0,1.0,0,6.0,0.8262760971504268,3,34.0,0.5204811436672541,0,0.0,0.929212458345044,3,40.0
385.0,6,49.0,1.0,7.723378619899392,0,0.0,1.0,1,3.0,0.7954043495665232,4,47.0,0.451845724066471,1,2.0,0.6221234298531845,6,52.0
390.0,9,87.0,1.7058823529411764,7.10970161167132,0,0.0,1.0,2,10.0,0.5428041497198816,4,67.0,0.47499270379970887,1,7.0,0.6103530487038688,7,84.0
395.0,9,62.0,1.2156862745098038,6.320974588338158,0,0.0,1.0,4,27.0,0.3931775341444214,1,29.0,0.5076206443482402,1,12.0,0.6463519109418507,6,68.0
400.0,10,80.0,1.5384615384615385,6.65613409589458,0,3.0,0.5464708795045664,6,54.0,0.35733182803562885,1,20.0,0.6748321317006191,0,0.0,0.9400857796763246,7,77.0
405.0,7,92.0,1.803921568627451,7.1546728792757,0,6.0,0.033199715936710596,6,87.0,0.30984630229228216,1,26.0,0.7209946008056987,0,0.0,0.9623509705562555,7,119.0
410.0,9,102.0,2.0,7.164623977453548,2,16.0,0.00010364738932151306,6,84.0,0.3518133908840337,1,25.0,0.4848900235936382,0,0.0,0.9771568252533895,9,125.0
415.0,10,150.0,2.727272727272727,7.370350925929169,2,26.0,0.10015700833508182,7,115.0,0.40442762782869085,1,30.0,0.0,0,0.0,0.9114901323464072,10,171.0
420.0,11,204.0,4.0,7.2370824148983335,3,40.0,0.061687422479939115,7,150.0,0.43964974470080925,1,38.0,0.5627831538409165,0,0.0,0.9766925483910321,11,228.0
425.0,9,211.0,4.0576923076923075,6.677603910189072,0,3.0,0.030288668273447377,7,185.0,0.413409900760036,2,44.0,0.47042021737535766,0,0.0,0.9786939699289414,9,232.0
430.0,8,107.0,2.0576923076923075,6.444223712215565,0,3.0,0.3155183098472085,5,131.0,0.3540564558232883,2,54.0,0.5673611722689058,0,0.0,0.9951363529145331,7,188.0
435.0,6,69.0,1.2545454545454546,7.436298253768428,0,0.0,1.0,1,51.0,0.4954465667902992,2,64.0,0.48664016836941587,0,0.0,0.7350896460378737,3,115.0
440.0,9,102.0,2.0,7.396989108594205,0,0.0,1.0,3,23.0,0.332725801445036,3,82.0,0.5661923069244441,1,2.0,0.4878848930862594,7,107.0
445.0,8,132.0,2.64,7.360173280996848,0,0.0,1.0,3,38.0,0.4263912758731936,3,97.0,0.5180738547502978,1,7.0,0.4669642574007776,7,142.0
450.0,11,168.0,3.2941176470588234,6.918739748438287,0,0.0,1.0,5,57.0,0.4061774092643119,4,110.0,0.4976033793958268,0,0.0,0.9947825321976013,9,167.0
455.0,12,226.0,4.431372549019608,6.685219540730597,0,3.0,0.5216143190154973,6,85.0,0.19079662885048881,4,133.0,0.4538417951064421,0,0.0,0.834336044295059,10,221.0
460.0,15,294.0,5.88,6.00421329479784,0,3.0,0.2740892259062228,8,120.0,0.18506885536408962,4,171.0,0.47377051462795916,0,0.0,0.9617175496003435,12,294.0
465.0,16,372.0,7.591836734693878,5.835215016952063,0,0.0,1.0,8,160.0,0.26294083255124706,5,194.0,0.3946512035602653,0,0.0,0.9377662412560397,13,354.0
470.0,7,208.0,3.9245283018867925,6.758414060873069,0,0.0,1.0,2,46.0,0.5641599887075323,5,219.0,0.30313840271920256,0,0.0,0.9621947520213827,7,265.0
475.0,8,247.0,4.8431372549019605,7.113311855545343,0,0.0,1.0,2,35.0,0.6207938136305305,6,248.0,0.33500769000639746,0,0.0,0.9463650706549855,8,283.0
480.0,11,293.0,5.528301886792453,6.784095041226823,0,0.0,1.0,3,46.0,0.48322671874171763,8,289.0,0.3180214531133015,0,0.0,0.9671132963393172,11,335.0
485.0,14,355.0,6.826923076923077,6.462210532234137,0,0.0,1.0,3,61.0,0.4131786086172897,11,336.0,0.2014501971287108,0,0.0,0.9927225711565774,14,397.0
490.0,13,271.0,5.018518518518518,7.031189061850433,0,0.0,1.0,3,76.0,0.47730073162436426,10,290.0,0.21124790142125233,0,0.0,0.9844665359999485,13,366.0
495.0,9,211.0,4.22,7.067404009014674,0,0.0,1.0,3,91.0,0.20705615961230942,6,206.0,0.2780166744944271,0,0.0,0.9800650444865954,9,297.0
500.0,12,267.0,5.804347826086956,7.153655141680594,0,0.0,1.0,4,111.0,0.40143145739061414,8,178.0,0.2636964772473213,0,0.0,0.9766387414387854,12,289.0
505.0,12,327.0,6.8125,6.917986768471374,0,0.0,1.0,4,131.0,0.5614279528537643,8,205.0,0.10764708676752402,0,0.0,0.9785738041437543,12,336.0
510.0,14,389.0,7.938775510204081,6.233002293231598,0,0.0,1.0,6,153.0,0.29578118433938555,8,245.0,0.08770329079520807,0,0.0,0.900061612300213,14,398.0
515.0,18,472.0,9.63265306122449,5.934760987259744,0,0.0,1.0,7,188.0,0.28979463315654186,10,291.0,0.08893284216060424,1,2.0,0.49953696539791165,18,481.0
520.0,19,564.0,11.510204081632653,5.291046364339528,0,0.0,1.0,7,233.0,0.3454493297343872,11,343.0,0.0815810241637034,1,7.0,0.4794085603482991,19,583.0
525.0,19,659.0,12.673076923076923,5.538429615512314,0,0.0,1.0,7,268.0,0.42397864664558926,11,398.0,0.05219663707471573,1,5.0,0.6279467857714408,19,671.0
530.0,12,405.0,7.788461538461538,5.068869995409713,0,0.0,1.0,7,284.0,0.11113475371712431,3,230.0,0.16478822004227814,1,10.0,0.3271315237439492,11,524.0
535.0,11,427.0,8.54,6.354742865300156,0,3.0,0.5357702243076586,8,330.0,0.19056443048763982,1,119.0,0.40954349024159176,2,20.0,0.3310838463038027,11,472.0
540.0,9,445.0,8.557692307692308,6.982635537304957,0,3.0,0.5000029291539307,8,370.0,0.25170752245208616,1,94.0,0.7387194248244611,0,0.0,0.9718801992929034,9,467.0
545.0,14,506.0,9.547169811320755,6.279716302058429,3,12.0,0.008958297048433598,8,410.0,0.3470366786792958,2,107.0,0.49218984486743356,0,0.0,0.9421754352929915,13,529.0
550.0,11,260.0,5.0,5.694567240019429,3,27.0,0.0026842101801400156,4,260.0,0.49205984531269753,2,111.0,0.5706573305196093,0,0.0,0.980336380444767,9,398.0
555.0,7,163.0,3.0754716981132075,7.1247340224300615,4,46.0,0.0006576239580720966,0,58.0,0.743044827805332,2,121.0,0.643047897392589,0,0.0,0.9777256316198786,6,225.0
560.0,9,97.0,1.830188679245283,7.656414707991128,4,66.0,7.23550690132135e-05,0,3.0,0.9046926043738055,2,25.0,0.7001587577953677,0,0.0,0.9189027873814958,6,94.0
565.0,10,133.0,2.462962962962963,6.97548230772475,4,89.0,0.11500736421269572,1,2.0,0.7137940046609403,2,35.0,0.6588083494386733,1,1.0,0.6305383337884513,8,127.0
570.0,15,175.0,3.5714285714285716,5.986068262274672,5,111.0,1.3405876838293454e-05,3,13.0,0.4899230693860647,4,51.0,0.5679935552829274,1,6.0,0.49554661652513876,13,181.0
575.0,14,239.0,4.78,6.103687041102675,5,136.0,0.0,4,33.0,0.46941043437440594,4,71.0,0.5589862625115292,1,11.0,0.47387077109538334,14,251.0
580.0,16,310.0,6.078431372549019,5.462870477397268,5,161.0,0.0,5,54.0,0.15507613216999505,5,91.0,0.4816510622145935,1,16.0,0.39972259082354195,16,322.0
585.0,8,126.0,2.4705882352941178,5.702545993008649,0,52.0,0.057454601265392646,7,84.0,0.08025592824050205,1,42.0,0.619678193252934,0,0.0,0.9397975559227882,8,178.0
590.0,2,51.0,1.0,6.683816952039639,0,6.0,0.7146675438021033,0,7.0,0.5783059639944533,2,56.0,0.6463060652635441,0,0.0,0.946630812608146,2,69.0
595.0,2,61.0,1.196078431372549,8.433721253454069,0,0.0,0.8629440949112269,0,3.0,0.9061474855472531,2,64.0,0.6789619691933206,0,0.0,0.8330987131328889,2,67.0
600.0,2,71.0,1.392156862745098,8.769783121710464,0,0.0,1.0,0,3.0,0.9034767920664498,2,77.0,0.6817048076049441,0,0.0,0.971722116120138,2,80.0
605.0,1,19.0,0.38,8.952723281505298,0,0.0,1.0,0,3.0,0.9009133800921594,1,25.0,0.8170024862529982,0,0.0,0.9462747344583329,1,28.0
610.0,2,26.0,0.5098039215686274,8.780222366316508,0,3.0,0.9553550051742924,0,3.0,0.9301424440689419,2,32.0,0.6276190363998017,0,0.0,0.9473623402404078,2,38.0
615.0,6,46.0,0.9387755102040817,8.318334937252496,1,5.0,0.0033413130278645608,0,3.0,0.9668737273179834,5,50.0,0.5017141321476108,0,0.0,0.9290092618200675,6,58.0
620.0,7,78.0,1.6956521739130435,7.897905606606325,1,10.0,0.0,0,3.0,0.9779788575043916,6,77.0,0.44670105106107705,0,0.0,0.953278014546347,7,90.0
625.0,10,122.0,2.9047619047619047,7.0226917471086745,1,15.0,0.0,0,0.0,0.9706756790396088,9,116.0,0.25844551754913436,0,0.0,0.9468290458848758,10,131.0
630.0,8,98.0,2.2790697674418605,7.2416994384574505,0,0.0,1.0,0,0.0,0.9714485806852918,8,117.0,0.18750445317075778,0,0.0,0.9594575071228874,8,117.0
635.0,9,129.0,2.8043478260869565,7.499803739285659,0,0.0,1.0,1,4.0,0.6308495443999015,8,135.0,0.20092346035090838,0,0.0,0.7218839572961703,9,139.0
640.0,11,179.0,3.891304347826087,7.104675057646723,0,0.0,1.0,1,9.0,0.6418433341188502,8,171.0,0.09737746121132587,1,4.0,0.33014046639638334,10,184.0
645.0,13,240.0,5.217391304347826,6.162802750843456,0,0.0,1.0,1,14.0,0.6242919322627832,9,215.0,0.035786447795296945,2,13.0,0.31218968775501305,12,242.0
650.0,5,73.0,1.46,6.153518313482054,0,0.0,1.0,2,21.0,0.40469398396495704,1,104.0,0.035266637972963935,2,23.0,0.47161542702364123,5,148.0
655.0,9,76.0,1.5833333333333333,6.586764917869,0,9.0,0.6723399007680659,2,34.0,0.48174068560658645,0,0.0,1.0,3,34.0,0.24106884785852314,5,77.0
660.0,12,132.0,2.8085106382978724,6.893957294823883,0,0.0,0.8575410213398189,2,47.0,0.45991065295693456,0,0.0,1.0,3,49.0,0.23431997036691546,5,96.0
665.0,9,128.0,2.8444444444444446,6.925010707062755,2,4.0,0.0010618628627155043,3,60.0,0.47751249282595765,0,0.0,1.0,3,64.0,0.23522689825118603,8,128.0
670.0,8,159.0,3.4565217391304346,7.163335078881523,2,12.0,0.0,3,75.0,0.5686830281212626,0,0.0,0.037416357416268184,3,79.0,0.08711618589441825,8,166.0
675.0,6,122.0,2.652173913043478,7.060653770640871,2,22.0,0.0,0,6.0,0.6524082720873146,1,4.0,2.593138018568963e-05,3,94.0,0.12261170466175395,6,126.0
680.0,8,156.0,3.391304347826087,8.078285782086377,2,32.0,0.0,1,9.0,0.7296692074335374,1,9.0,0.4846915234538881,4,110.0,0.28669998524815477,8,160.0
685.0,9,197.0,4.191489361702128,7.310989079036092,2,42.0,0.0,1,8.0,0.6107257269637268,2,21.0,0.49856827186374647,4,130.0,0.38795490093219165,9,201.0
690.0,8,218.0,4.541666666666667,7.811660871421718,2,52.0,0.0,1,13.0,0.6164157767402756,0,8.0,0.7586669430539785,4,150.0,0.41226061516647594,7,223.0
695.0,9,260.0,5.416666666666667,7.553180466636622,2,62.0,0.0,1,18.0,0.5888736557160421,0,3.0,0.9661390437986354,4,170.0,0.282189540283222,7,253.0
700.0,8,290.0,6.170212765957447,6.6457674028930835,2,72.0,0.0,2,26.0,0.24171155342919726,0,3.0,0.7734880288647701,4,190.0,0.1499811179729066,8,291.0
705.0,11,260.0,5.098039215686274,5.7854374079332045,0,0.0,1.0,4,42.0,0.10448670621837283,1,8.0,0.6063540320261365,5,212.0,0.26649692478664844,10,262.0
710.0,6,76.0,1.6521739130434783,6.053574513991606,0,0.0,1.0,4,64.0,0.3762257039009539,1,13.0,0.5396041883900105,1,40.0,0.36331504192082464,6,117.0
715.0,2,26.0,0.5416666666666666,7.424080423629192,0,2.0,0.7341558856435316,1,27.0,0.47937305856588364,1,21.0,0.597096896841612,0,5.0,0.7359413563868502,2,55.0
720.0,2,36.0,0.7659574468085106,8.297347426547022,0,0.0,0.8850924130978052,1,16.0,0.7234168691680168,1,20.0,0.4525056662022358,0,0.0,0.9208955949376569,2,36.0
725.0,2,46.0,0.9387755102040817,8.698188638969366,0,0.0,1.0,1,21.0,0.6862300855223623,1,28.0,0.7316003232195496,0,0.0,0.9765234820878249,2,49.0
730.0,3,61.0,1.2448979591836735,8.899038226092163,0,0.0,1.0,2,31.0,0.6810920136063471,1,33.0,0.7507492419090859,0,0.0,0.965572888421732,3,64.0
735.0,3,76.0,1.5833333333333333,8.163952023620524,0,0.0,1.0,2,41.0,0.7322882830900507,1,38.0,0.5064725899126277,0,0.0,0.9524105509483238,3,79.0
740.0,5,100.0,2.127659574468085,7.743838127990216,0,0.0,1.0,2,51.0,0.6841327202864226,3,52.0,0.37683748533242534,0,0.0,0.9568878483201425,5,103.0
745.0,8,134.0,3.1904761904761907,7.16556598440565,0,0.0,1.0,2,61.0,0.670970766871292,3,64.0,0.3721230365104266,0,0.0,0.9730266169640605,5,125.0
750.0,12,184.0,4.181818181818182,6.116731452731812,0,0.0,1.0,4,73.0,0.3651327837147441,4,94.0,0.34406670487758745,0,0.0,0.9342036668324748,8,167.0
755.0,10,149.0,3.3863636363636362,5.474338776487479,0,0.0,1.0,5,97.0,0.2118780463007528,3,60.0,0.12097706821773928,0,0.0,0.9322307824757483,8,157.0
760.0,11,179.0,3.891304347826087,5.770336482393125,0,0.0,1.0,6,127.0,0.1173309677609914,5,64.0,0.09125754240226686,0,0.0,0.962944733951641,11,191.0
765.0,15,246.0,5.466666666666667,5.7810674604489245,0,0.0,1.0,9,167.0,0.1581102080984528,5,101.0,0.1474363395295388,0,0.0,0.9562982428457363,14,268.0
770.0,15,316.0,7.022222222222222,5.140866187892442,0,0.0,1.0,9,212.0,0.16634531827448382,6,128.0,0.004210500072477725,0,0.0,0.9443876798005153,15,340.0
775.0,20,403.0,8.574468085106384,4.737944766329004,0,0.0,1.0,9,257.0,0.11107471960910544,8,164.0,0.0006622071420173751,2,2.0,0.32568856229862,19,423.0
780.0,16,386.0,8.212765957446809,5.078534980767107,0,0.0,1.0,10,307.0,0.08851658423903458,4,103.0,0.05291397961742963,2,8.0,0.1521131820818217,16,418.0
785.0,15,454.0,9.659574468085106,5.183104137365158,0,0.0,1.0,10,360.0,0.12298195101091411,3,110.0,0.20871775522738054,2,17.0,0.26872325986498863,15,487.0
790.0,16,530.0,11.27659574468085,5.81978678708435,0,0.0,1.0,11,414.0,0.2335561155586788,3,118.0,0.2673298474116489,2,27.0,0.3303841695937589,16,559.0
795.0,16,610.0,12.448979591836734,5.822607045378469,0,0.0,1.0,11,472.0,0.2937395841727898,3,133.0,0.23963498365645003,2,37.0,0.39788900660400905,16,642.0
800.0,14,556.0,11.346938775510203,6.186208147624761,0,0.0,1.0,11,527.0,0.32530830645099956,1,88.0,0.3638689497664223,0,0.0,0.9313879180093497,12,615.0
805.0,4,35.0,0.7142857142857143,7.005018320131314,0,0.0,1.0,1,187.0,0.4871410337732945,0,3.0,0.6907924845754586,0,0.0,0.9983602968640685,1,190.0
810.0,7,33.0,0.6470588235294118,7.259964601580384,0,0.0,0.9922527139562891,2,62.0,0.46982078930687193,2,8.0,0.23759416882502293,0,0.0,0.8617512343836117,4,70.0
815.0,9,77.0,1.5098039215686274,7.875695819558901,0,0.0,1.0,3,25.0,0.34211990732035397,3,28.0,0.503904736789822,0,0.0,0.9566890949970347,6,53.0
820.0,5,53.0,1.0392156862745099,8.52979170650748,0,0.0,1.0,4,41.0,0.320575267624806,0,9.0,0.886411850579145,0,0.0,0.9681757592354931,4,50.0
825.0,0,0.0,0.0,9.091002694190978,0,0.0,1.0,0,22.0,0.4905052258688338,0,6.0,0.9418997090763488,0,0.0,0.9499835877819234,0,28.0
830.0,0,0.0,0.0,9.578417274278527,0,0.0,1.0,0,6.0,0.6351768844507031,0,6.0,0.9374743401008263,0,0.0,0.9620451953867212,0,12.0
835.0,2,6.0,0.11538461538461539,9.783567883024965,0,0.0,1.0,1,11.0,0.765068652415186,0,6.0,0.9031626417089882,1,1.0,0.4208302835751114,2,18.0
840.0,4,20.0,0.425531914893617,8.911723541804994,0,0.0,1.0,1,16.0,0.7916833666653695,1,7.0,0.7566145632710619,2,9.0,0.31477627872791675,4,32.0
845.0,8,50.0,1.0416666666666667,7.7673332069975025,0,0.0,1.0,1,21.0,0.7829986401716802,4,20.0,0.4110660098396139,2,19.0,0.32676206240669176,7,60.0
850.0,11,99.0,2.106382978723404,6.397371909224315,0,0.0,1.0,1,26.0,0.800415816897416,5,43.0,0.20421775932233435,2,29.0,0.47706910291956217,8,98.0
855.0,16,170.0,3.4693877551020407,5.207753369352945,0,0.0,1.0,2,34.0,0.5139710757326262,7,76.0,0.08893848906900502,2,39.0,0.39323790243875645,11,149.0
860.0,23,273.0,5.571428571428571,4.506408690256541,0,0.0,1.0,5,53.0,0.2647184885570929,9,118.0,0.009408360497996059,3,53.0,0.23927444493647296,17,224.0
865.0,20,285.0,5.588235294117647,3.9396608778339766,0,0.0,1.0,6,78.0,0.1110020400020938,5,91.0,0.020224402437519693,3,68.0,0.39194732497374557,14,237.0
870.0,11,219.0,4.294117647058823,4.903595742134945,0,6.0,0.5771190401406829,1,5.0,0.4048971401235191,2,61.0,0.11869233749812982,3,83.0,0.36288340022813115,6,155.0
875.0,13,277.0,5.54,6.591458920156286,0,0.0,0.7896203986273882,1,10.0,0.580840299542784,2,57.0,0.0,4,100.0,0.1907584621694837,7,167.0
880.0,13,342.0,6.705882352941177,7.1283217588478545,0,0.0,0.8520837841389333,1,15.0,0.3374379890378913,2,74.0,0.537198672665509,4,120.0,0.1884720357600365,7,209.0
885.0,15,414.0,8.117647058823529,7.158920495695359,0,0.0,1.0,2,25.0,0.48370581749275016,2,84.0,0.6950060706256377,4,140.0,0.1791527017428295,8,249.0
890.0,11,329.0,6.326923076923077,7.013891171555585,0,0.0,1.0,2,35.0,0.3123511196968934,2,94.0,0.7195785068059373,0,52.0,0.24865908298252662,4,181.0
895.0,11,370.0,6.981132075471698,7.232259730643358,0,0.0,1.0,1,30.0,0.48858739693536507,3,110.0,0.6100905411512388,0,0.0,0.90024463696626,4,140.0
900.0,15,433.0,9.41304347826087,6.184279684793899,0,0.0,1.0,1,53.0,0.6259492606062583,7,133.0,0.35366394883178115,0,0.0,0.9392919745779298,8,186.0
905.0,12,488.0,10.844444444444445,5.253984780607904,0,0.0,0.9040235636229171,1,58.0,0.5904078987695058,4,144.0,0.2713117445749275,0,0.0,0.9528213361706047,5,202.0
910.0,14,522.0,13.05,4.73739162358901,0,0.0,0.4854730142127855,2,55.0,0.4251759034612775,5,164.0,0.2736662981826755,0,0.0,0.9743245514171351,7,219.0
915.0,13,515.0,12.261904761904763,5.523889129587765,1,5.0,0.015314675492103058,1,18.0,0.7624791693798272,5,189.0,0.27379796780204446,0,0.0,0.9612074312725296,7,212.0
920.0,12,306.0,6.954545454545454,5.793724097181395,3,18.0,0.030479482849843,2,47.0,0.6758762951313816,5,217.0,0.3554782178250441,0,0.0,0.9639503475304658,10,282.0
925.0,9,138.0,3.1363636363636362,5.666436599865697,3,33.0,0.0025735222447542077,3,52.0,0.6367508583915605,3,159.0,0.3752063757759845,0,0.0,0.9568457818415615,9,244.0
930.0,7,51.0,1.1590909090909092,6.066691311406149,0,2.0,0.018881400159291784,4,69.0,0.5565821933570835,2,61.0,0.336936791411137,0,0.0,0.9518861452202131,6,132.0
935.0,5,40.0,0.9302325581395349,7.357720104807614,0,0.0,1.0,3,49.0,0.6731056995533681,2,20.0,0.2975758485238936,0,0.0,0.9519972389188327,5,69.0
940.0,5,65.0,1.4130434782608696,8.094675049914056,0,0.0,1.0,3,61.0,0.6384424479991303,2,30.0,0.2992615119434172,0,0.0,0.9754023628810874,5,91.0
945.0,8,80.0,1.6666666666666667,7.665735643671091,0,0.0,1.0,3,76.0,0.5297255792427277,1,26.0,0.6366832432137817,0,0.0,0.48133756790773324,4,102.0
950.0,11,130.0,2.6530612244897958,7.691008142627178,0,0.0,1.0,3,91.0,0.49032954998921924,2,15.0,0.5946527793750487,1,5.0,0.485264986367951,6,111.0
955.0,12,187.0,3.816326530612245,7.265545981474385,0,0.0,1.0,3,159.0,0.3977606459217609,2,37.0,0.5861804507859146,1,10.0,0.6235726469713156,6,206.0
960.0,11,220.0,5.0,6.411743367410714,0,0.0,1.0,4,227.0,0.39831772869769483,2,30.0,0.649386852906264,0,0.0,0.8801722111106054,6,257.0
965.0,6,129.0,3.0714285714285716,6.593365723256284,0,0.0,1.0,5,251.0,0.3862519511772504,0,9.0,0.8810851631339087,0,0.0,0.9527711581326371,5,260.0
970.0,7,157.0,3.8292682926829267,7.032533457794887,0,3.0,0.8213415466347966,7,285.0,0.3903653305836674,0,3.0,0.9608338235247947,0,0.0,0.9635913254337447,7,291.0
975.0,10,199.0,4.738095238095238,6.736809679574347,2,8.0,0.19110319691748953,8,322.0,0.3906238289812113,0,0.0,0.9600399123491987,0,0.0,0.9903894092124201,10,330.0
980.0,7,68.0,1.5813953488372092,7.32745781872699,2,18.0,0.019857213014681938,5,232.0,0.4641109210074129,0,0.0,0.9688604453431784,0,0.0,0.9614912981001931,7,250.0
985.0,3,27.0,0.6136363636363636,8.411317512902226,2,28.0,0.14224260156648366,0,29.0,0.7632063459571765,1,2.0,0.495776494293476,0,0.0,0.940024667022798,3,59.0
990.0,2,10.0,0.22727272727272727,9.061660248822792,0,3.0,0.0423665346490404,0,6.0,0.8621325789537729,2,13.0,0.5617568508351154,0,0.0,0.9319123377716961,2,22.0
995.0,2,20.0,0.425531914893617,9.104465768706463,0,0.0,1.0,0,3.0,0.8447361977057384,2,23.0,0.5018732312984754,0,0.0,0.9453785725080183,2,26.0
1000.0,6,44.0,0.9565217391304348,8.388755152204887,0,0.0,1.0,2,10.0,0.5774768601298409,3,37.0,0.5343806625642504,1,3.0,0.47443328563495096,6,50.0
1005.0,7,41.0,0.8913043478260869,7.621615173916809,0,0.0,1.0,5,27.0,0.24508909527872516,1,12.0,0.784466337680211,1,8.0,0.6634162881307889,7,47.0
1010.0,7,64.0,1.28,7.458411596356538,0,3.0,0.360750851389116,6,56.0,0.12534823793519947,1,17.0,0.7423879065810324,0,0.0,0.9570942008104,7,76.0
1015.0,8,103.0,2.1914893617021276,7.134138658983385,1,7.0,0.006195662689606708,6,86.0,0.16731481884346394,1,25.0,0.6906041616651107,0,0.0,0.9392098502542252,8,118.0
1020.0,10,152.0,3.3043478260869565,7.13364099620585,2,17.0,6.379759016316981e-05,7,120.0,0.28351435093421073,1,27.0,0.7318364649027655,0,0.0,0.9411036797950527,10,164.0
1025.0,10,202.0,4.391304347826087,6.811094447338241,2,27.0,0.0,7,155.0,0.3959783491233407,1,32.0,0.46597207512472155,0,0.0,0.9637326525922749,10,214.0
1030.0,12,224.0,4.571428571428571,6.530323242341536,2,37.0,0.0,7,190.0,0.4089813501663856,1,1.0,0.006686412683736399,0,0.0,0.5073177367381204,10,228.0
1035.0,14,292.0,5.959183673469388,5.735860172864948,2,47.0,0.0,7,225.0,0.37170458415206026,1,6.0,3.976758094844118e-05,2,8.0,0.48294286839843964,12,286.0
1040.0,14,327.0,6.957446808510638,6.182320681742633,2,57.0,0.0,7,229.0,0.4262575558634115,1,11.0,0.0,2,18.0,0.4822934049539296,12,315.0
1045.0,14,366.0,7.956521739130435,6.181604313716577,2,67.0,0.0,8,264.0,0.39842589592905714,1,16.0,0.0,3,28.0,0.4548945770658997,14,375.0
1050.0,11,375.0,7.9787234042553195,6.403305986904527,2,77.0,0.0,9,307.0,0.249981876393466,0,0.0,1.0,0,0.0,0.8243607649660704,11,384.0
1055.0,12,431.0,8.979166666666666,6.002567989073104,2,87.0,0.0,10,353.0,0.12340179251760366,0,3.0,0.5623442339233211,0,0.0,0.9323394660439472,12,443.0
1060.0,15,504.0,11.2,5.5087005173440495,2,97.0,0.0,13,413.0,0.12079461754766194,0,0.0,0.9053142030413411,0,0.0,0.9114424789636406,15,510.0
1065.0,6,148.0,3.020408163265306,5.827229379377498,2,107.0,0.0,4,148.0,0.2614996958186201,0,0.0,1.0,0,0.0,0.9484203146396383,6,255.0
1070.0,4,153.0,3.25531914893617,6.572149235502217,2,117.0,0.0,2,55.0,0.4382634960825917,0,0.0,1.0,0,0.0,0.9548120146334695,4,172.0
1075.0,4,173.0,3.8444444444444446,7.508507064884429,2,127.0,0.0,2,49.0,0.5688200578825537,0,9.0,0.7620992742030451,0,0.0,0.9569217561073056,4,185.0
1080.0,7,201.0,4.369565217391305,7.612641374889626,2,137.0,0.0,2,59.0,0.6316812890893917,2,15.0,0.6810611845956674,0,0.0,0.9045296121271461,6,211.0
1085.0,6,229.0,4.770833333333333,7.8108915712497025,2,147.0,0.0,2,69.0,0.6626692042752362,2,25.0,0.6836961629199151,0,0.0,0.9643985433602672,6,241.0
1090.0,7,262.0,5.346938775510204,7.205515536281266,2,157.0,0.0,3,82.0,0.34497271353234926,2,32.0,0.6710039998407481,0,0.0,0.7281743882744306,7,271.0
1095.0,9,276.0,5.872340425531915,6.819430911339361,2,167.0,0.0,5,104.0,0.23507320651804692,0,6.0,0.8750361356346827,1,3.0,0.6373754524539047,8,280.0
1100.0,10,323.0,6.872340425531915,6.636452182108029,2,177.0,0.1380803104745684,5,129.0,0.22292913270635564,0,3.0,0.9434102252655261,1,8.0,0.6084240867467958,8,317.0
1105.0,9,248.0,5.276595744680851,5.589335947940613,2,187.0,0.11138513728978934,5,52.0,0.19621232281001624,0,0.0,0.9679824930710742,2,15.0,0.23842622622036008,9,254.0
1110.0,8,273.0,5.808510638297872,5.745277421242094,3,202.0,0.030652523558446384,5,77.0,0.2732850504300174,0,3.0,0.9416848318004858,0,6.0,0.4940602409772793,8,288.0
1115.0,10,319.0,6.645833333333333,6.08027968563217,5,223.0,0.015925879321335587,5,102.0,0.39181848277912873,0,9.0,0.7593793319016674,0,0.0,0.9353891915660315,10,334.0
1120.0,11,371.0,7.729166666666667,6.7728001148487,6,250.0,0.0032227194107298128,5,127.0,0.533647048505805,0,3.0,0.9247666841384434,0,0.0,0.9459258797472161,11,380.0
1125.0,11,409.0,8.702127659574469,6.846394686936027,7,284.0,0.0006695862614213555,4,131.0,0.455073884426992,0,3.0,0.9494891253694282,0,0.0,0.9615596567519733,11,418.0
1130.0,12,468.0,9.75,6.565025557336697,7,319.0,0.0001042665452837336,5,155.0,0.37412129038155045,0,3.0,0.9359559152451091,0,0.0,0.9361355683857633,12,477.0
1135.0,14,531.0,10.62,6.353593173902574,7,354.0,0.10963874593739352,7,183.0,0.3129186445644089,0,6.0,0.8707196660472739,0,0.0,0.8614040633641614,14,543.0
1140.0,18,607.0,12.645833333333334,5.437996502179181,7,389.0,2.6344282700097675e-06,8,218.0,0.3214182875383829,1,9.0,0.6820761491253036,1,2.0,0.6374102779624574,17,618.0
1145.0,17,691.0,14.10204081632653,5.400071014511844,7,424.0,0.0,8,258.0,0.344112117415829,1,14.0,0.6293291435184227,1,7.0,0.3304049194802915,17,703.0
1150.0,17,768.0,15.36,4.940626451614691,7,459.0,0.0,8,298.0,0.21082381255659888,0,3.0,0.87491114896061,2,17.0,0.31254648307069355,17,777.0
1155.0,17,834.0,16.03846153846154,4.986278161443797,7,497.0,0.008803642914971124,10,346.0,0.10991555664956927,0,3.0,0.774446224946108,0,0.0,0.7092426735059911,17,846.0
1160.0,22,934.0,17.62264150943396,5.535320961762397,8,537.0,0.0,12,401.0,0.08865312509546242,1,9.0,0.5815432582262605,0,0.0,0.9656280845929242,21,947.0
1165.0,22,1038.0,19.58490566037736,5.972805135265627,9,578.0,0.0007356391136645849,12,467.0,0.2909793013932784,1,18.0,0.6477389423992332,0,0.0,0.9434601531802196,22,1063.0
1170.0,23,1149.0,21.27777777777778,5.909854702179673,9,623.0,0.0,12,522.0,0.29766337496642414,2,24.0,0.32967649435891455,0,0.0,0.9661126954136605,23,1169.0
1175.0,19,697.0,12.672727272727272,5.027119698683216,3,268.0,0.011702350743667725,13,587.0,0.20540278168980244,2,34.0,0.3180161950527151,0,0.0,0.9521568943440348,18,889.0
1180.0,15,682.0,13.115384615384615,5.193326066093358,0,92.0,0.2114979251693473,13,652.0,0.20862688450487762,2,44.0,0.2513421893033965,0,0.0,0.971507002236049,15,788.0
1185.0,18,765.0,14.433962264150944,6.050461479579603,0,0.0,1.0,14,718.0,0.22355192892196823,3,59.0,0.24610228157949773,1,2.0,0.5001596040401083,18,779.0
1190.0,8,211.0,3.8363636363636364,6.124574581752631,0,0.0,1.0,4,305.0,0.2197804863862487,3,74.0,0.22583519800990273,1,7.0,0.6407620849250728,8,386.0
1195.0,6,191.0,3.4107142857142856,7.029585343240631,0,0.0,1.0,3,148.0,0.23228225218077547,2,74.0,0.0,1,12.0,0.6063094452568878,6,234.0
1200.0,5,204.0,3.5789473684210527,8.62753244285147,0,0.0,1.0,3,130.0,0.31106552815617805,2,93.0,0.6225955153053194,0,0.0,0.9231013951356106,5,223.0
1205.0,5,229.0,4.163636363636364,8.77473343192278,0,0.0,1.0,3,145.0,0.39197221155254447,2,107.0,0.709379388213648,0,0.0,0.9261274857169971,5,252.0
1210.0,6,245.0,4.537037037037037,8.842761723702255,0,0.0,1.0,2,143.0,0.6293374713639057,2,113.0,0.7406681149728692,0,0.0,0.9821846266529213,4,256.0
1215.0,7,277.0,5.431372549019608,8.182020096303201,0,0.0,1.0,2,153.0,0.5466911500865654,2,123.0,0.7668655042267605,0,0.0,0.993373414971687,4,276.0
1220.0,7,203.0,4.06,7.578789067562217,0,0.0,1.0,3,166.0,0.5567028838592755,0,69.0,0.7925083367592141,0,0.0,0.9579825298062368,3,235.0
1225.0,9,243.0,5.0625,7.197986019061974,0,3.0,0.9379372851505317,4,181.0,0.37985209412302184,0,9.0,0.7209649652832568,0,0.0,0.9944153929214163,4,193.0
1230.0,11,284.0,6.173913043478261,6.15683410257386,0,0.0,1.0,2,183.0,0.6077256752288552,3,19.0,0.28025621683448915,0,0.0,0.6394817958517365,5,202.0
1235.0,11,285.0,6.0638297872340425,5.831879588696113,0,0.0,1.0,2,193.0,0.5899198210254839,4,35.0,0.03137282128130381,1,3.0,0.47866886274660536,7,231.0
1240.0,7,236.0,4.816326530612245,6.230822367108462,0,0.0,1.0,3,206.0,0.37666346602327055,1,15.0,0.26622007434028105,1,8.0,0.46504377813146786,5,229.0
1245.0,5,245.0,4.9,7.423320030098805,0,9.0,0.6157096207831442,3,221.0,0.38579544160840984,1,15.0,0.5362784758611894,1,13.0,0.5483354960288425,5,258.0
1250.0,7,275.0,5.729166666666667,7.679522427944581,0,0.0,0.7706371358573545,3,236.0,0.23996371404046415,1,20.0,0.647685728258808,2,19.0,0.33150621753962856,6,275.0
1255.0,4,68.0,1.3877551020408163,8.37388063156718,0,0.0,0.951532565221179,1,121.0,0.5099990046599919,1,39.0,0.7525820444562417,2,29.0,0.4931686362515303,4,189.0
1260.0,4,88.0,1.8333333333333333,8.577069242111822,0,0.0,1.0,1,23.0,0.5469122398033466,1,35.0,0.8047507497576071,2,39.0,0.5760840934754965,4,97.0
1265.0,6,64.0,1.3333333333333333,7.935515025669325,0,0.0,0.9264101007487937,4,31.0,0.19270588919306178,2,36.0,0.5714193323835323,0,0.0,0.9279424439620643,6,67.0
1270.0,7,94.0,2.0434782608695654,7.875574541696053,0,0.0,0.8705400372805918,3,46.0,0.4722365916668287,3,54.0,0.503083965329868,0,0.0,0.9850105591161481,6,100.0
1275.0,9,132.0,2.933333333333333,7.355720329466989,0,0.0,1.0,3,61.0,0.4687713007461009,5,72.0,0.3845406598120874,0,0.0,0.9277085117161207,8,133.0
1280.0,5,124.0,2.7555555555555555,6.676685977218526,0,0.0,1.0,4,78.0,0.3254868979816407,1,53.0,0.5101807380177521,0,0.0,0.9280889731062874,5,131.0
1285.0,5,130.0,2.9545454545454546,6.849169208006551,0,6.0,0.552071172603577,4,87.0,0.34870278471158933,1,54.0,0.674184535719775,0,0.0,0.6762627200133197,5,147.0
1290.0,7,163.0,3.6222222222222222,7.385124882714496,0,0.0,0.7343813659665938,4,132.0,0.5112771315694347,1,56.0,0.34579009397807253,2,8.0,0.32656702594765763,7,196.0
1295.0,8,202.0,4.590909090909091,7.755648856708806,0,0.0,1.0,4,152.0,0.535837766656533,2,70.0,0.5986809963499297,2,18.0,0.32809933849580264,8,240.0
1300.0,12,253.0,5.5,6.831682759733672,0,0.0,1.0,5,175.0,0.4665434698917297,2,80.0,0.6130110294807024,3,30.0,0.32653415271473485,10,285.0
1305.0,10,269.0,5.8478260869565215,6.844197588815098,0,0.0,1.0,6,201.0,0.4006943196062105,2,90.0,0.6761510649836989,0,0.0,0.9436976693874101,8,291.0
1310.0,9,306.0,6.8,7.398152675369478,0,0.0,1.0,6,231.0,0.44515459752608694,2,111.0,0.5762028994504511,0,0.0,0.9530058517502235,8,342.0
1315.0,13,345.0,7.340425531914893,5.872584674198563,0,0.0,1.0,7,262.0,0.21328907212407988,6,132.0,0.35307187484513824,0,0.0,0.925554691939346,13,394.0
1320.0,17,422.0,8.97872340425532,5.258278511058694,0,0.0,1.0,10,306.0,0.18538005919785408,7,165.0,0.2086109279316268,0,0.0,0.951117542879119,17,471.0
1325.0,14,458.0,9.346938775510203,5.585331200926763,0,0.0,1.0,11,358.0,0.15954737106522882,3,141.0,0.29665441085357236,0,0.0,0.9698234162656447,14,499.0
1330.0,16,533.0,11.104166666666666,5.876687619857267,0,1.0,0.7851746098924806,12,423.0,0.13062775102486773,3,150.0,0.3831864281122201,0,0.0,0.6079710406117994,15,574.0
1335.0,21,628.0,12.076923076923077,4.584087168606038,2,4.0,0.14662354914987158,13,487.0,0.16971729112222966,3,165.0,0.1440857375109721,1,5.0,0.09694196686283683,19,661.0
1340.0,26,749.0,14.686274509803921,4.010958316478765,3,17.0,0.00013653404624333564,14,555.0,0.2169550967503866,5,186.0,8.210881411902266e-05,2,14.0,0.17832593476624817,24,772.0
1345.0,23,827.0,15.60377358490566,5.000095600546523,3,32.0,0.0,14,625.0,0.3059786164881997,4,181.0,0.2,0,0.0,0.8944043477764414,21,838.0
1350.0,22,904.0,17.384615384615383,4.714373760753641,3,47.0,0.0,15,696.0,0.29208108000055555,4,204.0,0.09986320603094778,0,0.0,0.9737575015112022,22,947.0
1355.0,20,674.0,12.254545454545454,4.58100267215822,3,62.0,0.0,12,557.0,0.23009152653158307,5,222.0,0.0013156428138387482,0,0.0,0.9643089820419166,20,841.0
1360.0,11,442.0,7.754385964912281,5.3085590791167405,0,0.0,1.0,6,363.0,0.19441789021833264,5,247.0,0.16231426465433021,0,0.0,0.9514273097613541,11,610.0
1365.0,12,489.0,8.431034482758621,6.146120051959553,0,0.0,1.0,6,271.0,0.28215913387604996,4,264.0,0.2450778176979497,0,0.0,0.9178802175706133,10,535.0
1370.0,12,535.0,8.916666666666666,6.77152248534575,0,0.0,1.0,8,274.0,0.2156627566878806,4,284.0,0.38921955428541394,0,0.0,0.9271304054258773,12,558.0
1375.0,16,608.0,10.305084745762711,6.49220642871095,0,0.0,1.0,11,326.0,0.1941384052263811,4,304.0,0.5188629447159199,1,1.0,0.6474809016681102,16,631.0
1380.0,18,694.0,11.37704918032787,7.0989991296888615,0,0.0,1.0,13,389.0,0.2448062592238374,4,324.0,0.572473828895482,1,6.0,0.6584198868593512,18,719.0
1385.0,18,784.0,13.288135593220339,6.449324695525112,0,0.0,1.0,13,454.0,0.23332727703532863,4,344.0,0.611099618087997,1,11.0,0.3339584681831762,18,809.0
1390.0,20,881.0,15.189655172413794,5.856834152751027,0,0.0,1.0,14,522.0,0.15614140786794378,4,361.0,0.5701595906375596,2,20.0,0.48311469797205486,20,903.0
1395.0,17,918.0,15.559322033898304,5.466176036196524,0,0.0,1.0,11,549.0,0.11609376032940306,4,381.0,0.5020665950961629,2,30.0,0.2795292566305204,17,960.0
1400.0,17,1000.0,17.54385964912281,5.560913094665937,0,0.0,1.0,10,572.0,0.12735579052909016,4,401.0,0.36634170264149674,3,45.0,0.2413091453794403,17,1018.0
1405.0,22,1096.0,18.896551724137932,5.663235222932469,0,0.0,1.0,14,632.0,0.116228089523638,5,426.0,0.37588050506708454,3,60.0,0.38184528115581445,22,1118.0
1410.0,20,1194.0,21.70909090909091,5.271406316751137,0,0.0,1.0,13,697.0,0.1170599692486188,4,444.0,0.39542882172659755,3,75.0,0.24209921846616927,20,1216.0
1415.0,13,590.0,10.727272727272727,4.642468347341113,0,3.0,0.9512350578584952,3,238.0,0.09724684051422944,6,471.0,0.21021645244339054,4,93.0,0.19121161756043167,13,805.0
1420.0,12,623.0,11.327272727272728,5.297581865319791,0,0.0,1.0,1,39.0,0.30503009481585147,7,506.0,0.20361609581642812,4,113.0,0.18725312362863294,12,658.0
1425.0,12,683.0,11.982456140350877,6.812221190760217,0,0.0,1.0,1,12.0,0.6423518794269528,7,550.0,0.38506355815603427,4,133.0,0.2293854090351171,12,695.0
1430.0,11,723.0,12.46551724137931,7.139582386224848,0,0.0,1.0,1,17.0,0.47721561247764765,6,562.0,0.49788658254904816,4,153.0,0.22023412435677697,11,732.0
1435.0,7,605.0,10.254237288135593,7.307108417109889,0,3.0,0.7306289372890423,1,22.0,0.48419627188376607,6,592.0,0.5467274149064957,0,48.0,0.5876109737158602,7,665.0
1440.0,7,640.0,10.666666666666666,7.547886413915091,0,0.0,0.9184225317333037,1,27.0,0.0,6,628.0,0.5308722965254777,0,0.0,0.9462529911261658,7,655.0
1445.0,8,677.0,11.283333333333333,7.750710993914557,1,2.0,0.0022366658616370418,1,47.0,0.7393548096776655,6,646.0,0.5646268963695678,0,0.0,0.9363332325879964,8,695.0
1450.0,8,717.0,13.036363636363637,8.052996957728054,1,7.0,0.0,1,52.0,0.812279816301982,6,676.0,0.5099562645676333,0,0.0,0.9343972282620577,8,735.0
1455.0,9,758.0,14.037037037037036,7.2863479588678945,1,12.0,0.497579302529292,1,57.0,0.7691425911898895,6,706.0,0.3575814253313301,1,1.0,0.6530097746617598,9,776.0
1460.0,11,418.0,7.333333333333333,6.320203823087467,3,19.0,0.0017197649589906466,2,66.0,0.7311753699629203,5,513.0,0.21421226971138885,1,6.0,0.43015945510047426,11,604.0
1465.0,11,127.0,2.189655172413793,7.12302411544273,3,34.0,2.6535586009042292e-05,3,79.0,0.6728951861170855,2,237.0,0.3997156673455134,3,15.0,0.2996967976675632,11,365.0
1470.0,15,193.0,3.3859649122807016,7.0506552048151745,3,49.0,0.0,4,97.0,0.5497028543902754,4,80.0,0.293584931326107,3,30.0,0.3898223447483485,14,256.0
1475.0,14,172.0,3.0714285714285716,6.713956633896783,3,64.0,0.0,4,26.0,0.29830479402246846,4,52.0,0.000258264431866899,3,45.0,0.3810506602244976,14,187.0
1480.0,16,246.0,4.169491525423729,5.84755765328723,3,79.0,0.0,5,37.0,0.2211765409882044,4,72.0,2.2929801883794673e-05,3,60.0,0.34078603283693903,15,248.0
1485.0,24,354.0,6.103448275862069,4.985713476953235,3,94.0,0.0,7,69.0,0.1870215669301474,4,92.0,1.0936776051965413e-05,3,75.0,0.2501877135643416,17,330.0
1490.0,28,485.0,8.362068965517242,4.317502515453657,3,109.0,0.0,7,104.0,0.21116674087466025,4,112.0,0.1940948622338982,3,90.0,0.18447339477222968,17,415.0
1495.0,31,631.0,10.879310344827585,3.906272781311794,3,124.0,0.0,7,139.0,0.2777614754698116,4,132.0,0.0,5,108.0,0.232303071447703,19,503.0
1500.0,25,557.0,9.440677966101696,4.140666992505695,1,57.0,0.0,8,179.0,0.2542692724528694,4,152.0,0.0,1,11.0,0.4715184596943642,14,399.0
1505.0,20,573.0,9.879310344827585,4.8007184195380015,1,62.0,0.0,8,215.0,0.24510644740218088,4,178.0,0.21447058719696954,0,5.0,0.7058607950334189,13,460.0
1510.0,18,451.0,7.775862068965517,5.181013715644737,1,67.0,0.0,10,258.0,0.12882809092254566,0,41.0,0.3997908083644072,0,0.0,0.965678616669696,11,366.0
1515.0,8,234.0,3.774193548387097,5.994560041342829,1,75.0,0.25948838192223306,1,95.0,0.3700647100897222,0,0.0,1.0,0,0.0,0.9275846845864569,2,170.0
1520.0,10,202.0,3.2063492063492065,6.164933488275274,0,9.0,0.1645428235840794,2,14.0,0.5916708513569245,0,0.0,1.0,1,1.0,0.7302410429042113,3,24.0
1525.0,14,267.0,4.306451612903226,6.98816578490621,3,23.0,0.01599141805559418,2,24.0,0.6701899881611542,0,9.0,0.9291638476810222,2,7.0,0.4888151032257175,7,63.0
1530.0,14,337.0,5.524590163934426,6.846579235551467,3,38.0,0.0033310022845116825,2,34.0,0.7028000464110468,0,9.0,0.8929695527984511,2,17.0,0.4606002641496699,7,98.0
1535.0,17,419.0,6.983333333333333,6.696385141911236,4,57.0,0.0004472613023869703,2,44.0,0.7412331735979236,0,3.0,0.9423020620011467,2,27.0,0.4684661488123968,8,131.0
1540.0,9,346.0,5.580645161290323,6.9256538146273385,0,8.0,0.012563239040914463,0,1.0,0.8934041445811014,0,3.0,0.9728277144633901,0,0.0,0.6405992223995977,0,12.0
1545.0,11,394.0,6.677966101694915,7.052247434318489,0,0.0,1.0,2,4.0,0.5371281592007001,0,10.0,0.7400740097372295,0,0.0,0.9725852598921949,2,14.0
1550.0,12,452.0,7.793103448275862,7.0626525073656845,0,0.0,1.0,3,17.0,0.3986916062567557,0,3.0,0.9586942032348513,0,0.0,0.9222265325864254,3,20.0
1555.0,18,504.0,8.689655172413794,6.4078091314282215,0,0.0,0.956950029847084,7,37.0,0.3402252944835643,0,3.0,0.9387164370452586,0,0.0,0.9534105904328303,7,40.0
1560.0,18,437.0,7.406779661016949,5.9857787620781275,1,3.0,0.5428550488681455,6,86.0,0.4647178705126261,0,0.0,0.6648386718206153,0,0.0,0.9654791263466604,7,89.0
1565.0,21,536.0,9.571428571428571,5.708777743796766,2,12.0,0.1327632642564523,6,116.0,0.550384002056141,1,4.0,0.48343368308604495,0,0.0,0.9066614715431109,9,132.0
1570.0,24,648.0,10.983050847457626,5.622346330646687,3,27.0,0.008645722001956345,7,128.0,0.48184074951246053,1,9.0,0.41228520171536615,0,0.0,0.9913973451951992,11,164.0
1575.0,26,772.0,14.036363636363637,5.206780930774683,3,42.0,0.002217040578737707,8,180.0,0.38194286137653627,2,17.0,0.33276356609971575,0,0.0,0.9347169446510948,13,239.0
1580.0,23,829.0,15.641509433962264,4.557072780124794,0,2.0,0.01776419116761705,8,204.0,0.2420786212500589,3,27.0,0.24160342940226442,0,0.0,0.9300821057612679,11,233.0
1585.0,19,507.0,9.38888888888889,4.672011480609763,0,0.0,1.0,10,245.0,0.1714078973002857,2,37.0,0.016511873034165216,0,0.0,0.9568477551338829,12,282.0
1590.0,17,418.0,7.7407407407407405,4.93794760562078,0,0.0,1.0,12,300.0,0.09072618124895625,2,36.0,0.03406435888153101,0,0.0,0.7292017116046212,14,336.0
1595.0,19,413.0,7.509090909090909,4.78957128580178,0,0.0,1.0,13,364.0,0.08322254007598372,2,43.0,0.0,2,6.0,0.3115941777126378,17,413.0
1600.0,17,491.0,8.927272727272728,5.221429947514902,0,0.0,1.0,13,426.0,0.11927921560925481,2,53.0,0.0,2,16.0,0.3143963342980654,17,495.0
1605.0,17,576.0,9.931034482758621,5.561362196916415,0,0.0,1.0,13,491.0,0.12612557863458293,2,66.0,0.3279481341398971,2,26.0,0.28953976989620545,17,583.0
1610.0,19,635.0,11.140350877192983,4.627467053291751,0,0.0,1.0,13,556.0,0.09844572105293431,2,158.0,0.4819830919313257,0,0.0,0.663839090017808,15,714.0
1615.0,24,745.0,13.070175438596491,4.37571949721451,0,0.0,1.0,13,618.0,0.1586564160879772,2,95.0,0.523700202280559,0,0.0,0.9086778814640812,15,713.0
1620.0,20,292.0,5.0344827586206895,3.866002111515775,0,0.0,1.0,3,307.0,0.22140260992399094,5,112.0,0.14481016079385509,0,0.0,0.957235266633488,8,419.0
1625.0,18,287.0,4.783333333333333,5.238352087402196,0,0.0,1.0,1,100.0,0.4157173558910496,5,137.0,0.1409465989836247,0,0.0,0.932774144832719,6,237.0
1630.0,19,365.0,6.083333333333333,5.69430598804929,0,0.0,1.0,2,37.0,0.41369881507174283,6,176.0,0.3892196666775231,0,0.0,0.7074812510752196,8,213.0
1635.0,18,375.0,6.048387096774194,5.880634752642293,0,0.0,1.0,3,24.0,0.3165565474901841,3,160.0,0.5163890442809441,2,5.0,0.31312062459546625,8,189.0
1640.0,19,466.0,7.516129032258065,6.5199715184414995,0,0.0,1.0,4,43.0,0.4210414310400333,3,166.0,0.5853996071468479,2,15.0,0.4849082020100964,9,224.0
1645.0,19,561.0,8.765625,6.309057508730829,0,0.0,1.0,4,63.0,0.4733814158762272,3,181.0,0.5693473164490459,2,25.0,0.4009289126260791,9,269.0
1650.0,20,634.0,10.39344262295082,5.6314514257784225,0,0.0,1.0,5,85.0,0.34795179579226254,3,193.0,0.5678401669025237,0,0.0,0.5432535117447421,8,278.0
1655.0,24,745.0,12.844827586206897,4.373245960848471,0,0.0,1.0,7,116.0,0.28582614603534895,4,215.0,0.37284336481860625,0,0.0,0.9739601756398572,11,331.0
1660.0,26,761.0,12.683333333333334,3.4969721734336034,0,0.0,1.0,3,77.0,0.27502946031435604,10,248.0,0.025103891591967006,0,0.0,0.9631167894809172,13,325.0
1665.0,27,880.0,14.915254237288135,4.2108632136108355,0,0.0,1.0,3,34.0,0.48468591863183924,10,295.0,0.09289974784747461,0,0.0,0.9929513204186391,13,329.0
1670.0,32,1027.0,17.116666666666667,4.203359059320587,0,0.0,1.0,4,50.0,0.4060635492161434,13,357.0,0.15446937156724547,0,0.0,0.9671447476456085,17,407.0
1675.0,24,1061.0,17.112903225806452,3.9267867212041545,0,0.0,1.0,4,70.0,0.28692848715081504,5,309.0,0.18929315874526134,0,0.0,0.9554027813750675,9,379.0
1680.0,23,1133.0,18.274193548387096,4.625180204300357,0,6.0,0.6160457417650131,5,96.0,0.3592304988227699,5,309.0,0.2877333216142097,0,0.0,0.897048731784485,10,411.0
1685.0,22,875.0,14.583333333333334,4.46178208149678,2,11.0,0.1755174873400972,5,124.0,0.4239342403222691,5,333.0,0.2578547620794099,1,1.0,0.6125641832160676,13,469.0
1690.0,19,695.0,11.779661016949152,4.498860820135359,3,26.0,0.02109546151577248,6,154.0,0.375948589271767,5,358.0,0.2694988040110771,0,0.0,0.9557791431946072,14,538.0
1695.0,17,359.0,5.983333333333333,4.289648893153471,4,44.0,0.00296045760193544,6,178.0,0.28714667626785967,3,248.0,0.12976077561033614,0,0.0,0.9603067341843583,13,470.0
1700.0,18,414.0,6.9,5.070814210635857,5,69.0,0.0008848554137545688,6,208.0,0.33739128895112963,3,133.0,0.01944965769456692,0,0.0,0.9483741173326541,14,410.0
1705.0,19,481.0,8.293103448275861,5.350768529343135,5,94.0,0.0001813806458488538,7,336.0,0.4751131763066827,4,152.0,0.007745470268108351,0,0.0,0.9376549251165744,16,582.0
1710.0,23,573.0,9.879310344827585,4.579176223165642,5,119.0,2.6708763767503306e-05,8,279.0,0.34385624632029926,5,176.0,0.04083886701795217,0,0.0,0.884022071550753,18,574.0
1715.0,24,676.0,11.081967213114755,4.154738257304911,5,144.0,9.156966815186668e-06,8,319.0,0.2661055314714355,6,224.0,0.09831540010337726,0,0.0,0.917669337222509,19,687.0
1720.0,25,759.0,12.65,3.5514597653355087,5,169.0,0.0,8,359.0,0.20251715918889962,8,260.0,0.1644010813938776,1,1.0,0.47933406626277547,22,789.0
1725.0,17,472.0,7.866666666666666,3.8650050484815908,5,194.0,0.0,0,97.0,0.307084950523635,8,300.0,0.19080997041422953,2,10.0,0.31416112782742306,15,601.0
1730.0,12,346.0,5.492063492063492,5.062879115594219,5,219.0,0.0,0,0.0,0.5847010545647507,6,225.0,0.2209984951329002,1,9.0,0.6459889878772397,12,453.0
1735.0,10,370.0,5.967741935483871,6.531254424476855,5,244.0,0.0,0,0.0,0.8619456600034203,4,150.0,0.5551705170128028,1,14.0,0.4961713668174532,10,408.0
1740.0,11,422.0,7.033333333333333,6.85424550829752,5,269.0,0.0,0,0.0,0.9834928006026407,5,275.0,0.6022403995477505,1,19.0,0.4917508528939358,11,563.0
1745.0,11,477.0,7.693548387096774,6.97297792384778,5,294.0,0.0,0,0.0,0.9675903284055614,5,266.0,0.59453821188264,1,24.0,0.46758263381975423,11,584.0
1750.0,7,375.0,5.769230769230769,6.8377591115604375,5,319.0,0.0,0,0.0,0.9407801751812315,1,177.0,0.6702744041755094,1,29.0,0.6278467965459379,7,525.0
1755.0,11,380.0,6.229508196721311,6.396633998951359,6,345.0,0.13906491453997433,1,9.0,0.5463230615240455,1,133.0,0.7311675575709622,2,36.0,0.32739758208645203,10,523.0
1760.0,6,72.0,1.263157894736842,6.392075195573997,1,139.0,0.032193660843392355,1,17.0,0.7778369316540473,1,92.0,0.756925048166682,2,46.0,0.32473477344905205,5,294.0
1765.0,6,84.0,1.3770491803278688,6.879370298330028,0,6.0,0.3005353297209229,2,22.0,0.7161979234125916,1,97.0,0.4825366626150091,3,56.0,0.24447901786082885,6,181.0
1770.0,2,19.0,0.31666666666666665,7.291974289634241,0,0.0,0.5175190116798186,2,28.0,0.575894722491364,0,0.0,0.9233565654371249,0,0.0,0.5915184802841619,2,28.0
1775.0,5,35.0,0.6140350877192983,7.6947189029405765,0,0.0,1.0,3,41.0,0.5940589357109034,0,3.0,0.5242062049278021,0,0.0,0.949361387496726,3,44.0
1780.0,6,55.0,0.9482758620689655,7.788742051282573,0,0.0,1.0,3,56.0,0.5938305429319113,3,14.0,0.25099111534234014,0,0.0,0.9517968798282432,6,70.0
1785.0,7,44.0,0.7333333333333333,7.813897877726319,0,0.0,1.0,1,16.0,0.7797375997227908,3,20.0,2.6699360767094414e-06,0,0.0,0.9528076526980902,4,36.0
1790.0,9,85.0,1.5454545454545454,7.018249333525384,0,0.0,1.0,1,18.0,0.6514690289936115,3,35.0,0.0,0,0.0,0.9813243083488631,4,53.0
1795.0,6,85.0,1.6666666666666667,7.039818046081589,0,0.0,1.0,1,23.0,0.46686874123400846,3,56.0,0.4736101972731322,0,0.0,0.9478017046391326,4,79.0
1800.0,4,96.0,2.0425531914893615,7.386419535102427,0,0.0,1.0,1,28.0,0.49010898007493364,3,71.0,0.45475582393469144,0,0.0,0.9540333676131847,4,99.0
1805.0,5,117.0,2.2941176470588234,7.5534331737062645,0,0.0,1.0,2,34.0,0.42896573831591633,3,86.0,0.4095676925091435,0,0.0,0.960897966231852,5,120.0
1810.0,2,44.0,0.88,7.691977024099135,0,0.0,1.0,2,44.0,0.47411161678363467,0,7.0,0.588515551976758,0,0.0,0.9591290390759818,2,51.0
1815.0,2,54.0,1.148936170212766,8.25402601285104,0,3.0,0.7857553706299749,2,63.0,0.5594966731930088,0,16.0,0.8202398187270206,0,0.0,0.9535258444786705,2,82.0
1820.0,2,64.0,1.3333333333333333,8.486534348202364,0,3.0,0.018016852619779977,2,76.0,0.5566686588538813,0,12.0,0.6392165723837419,0,0.0,0.9734799431292153,2,91.0
1825.0,6,87.0,1.74,7.971925112299978,1,6.0,0.3237094861277892,4,91.0,0.48895362987146535,1,18.0,0.6385090154752453,0,0.0,0.9751078297804574,6,115.0
1830.0,7,89.0,1.78,7.607659475816051,2,12.0,0.2469798806922223,2,78.0,0.7110941372986849,3,27.0,0.2414127572997891,0,0.0,0.9340396664637951,7,117.0
1835.0,10,130.0,2.549019607843137,6.640402701682826,4,26.0,0.0013514540701331404,2,91.0,0.732466103447431,3,42.0,0.14257983373305333,0,0.0,0.951865391554355,9,159.0
1840.0,7,113.0,2.0925925925925926,6.318665256829693,0,7.0,0.03484943472762057,3,104.0,0.6304838342108785,3,39.0,0.34681499297578267,0,0.0,0.9562656289226623,6,150.0
1845.0,6,126.0,2.3333333333333335,6.804360002864935,0,0.0,1.0,4,116.0,0.5008128079023068,1,18.0,0.5561234782656496,0,0.0,0.983992633356993,5,134.0
1850.0,4,31.0,0.5636363636363636,7.3324748233916806,0,0.0,1.0,1,23.0,0.6496386711196892,1,18.0,0.7560077316066792,1,1.0,0.49578962664499804,3,42.0
1855.0,2,23.0,0.41818181818181815,8.225052524849767,0,0.0,1.0,0,0.0,0.7871887063068893,1,23.0,0.7200910794277211,1,6.0,0.5875012436231807,2,29.0
1860.0,4,39.0,0.7222222222222222,8.356905186578182,0,0.0,1.0,2,6.0,0.64432262641807,1,31.0,0.7560902046446037,1,11.0,0.3823813850671663,4,48.0
1865.0,7,68.0,1.3333333333333333,7.939790003085761,0,0.0,1.0,3,20.0,0.5436589253025645,1,30.0,0.6513441171108894,2,19.0,0.3211075259381046,6,69.0
1870.0,7,97.0,1.94,6.586949404843549,0,0.0,0.11597863411700218,3,35.0,0.4002990778174265,1,35.0,0.6350754156368857,2,29.0,0.3193310717109838,6,99.0
1875.0,5,83.0,1.6938775510204083,6.297790645820111,2,7.0,2.5156060656895523e-05,0,8.0,0.6179505581034949,1,40.0,0.4452083460786415,2,39.0,0.10364506718849355,5,94.0
1880.0,6,66.0,1.4042553191489362,6.867107953304633,2,17.0,0.09362829669992084,0,4.0,0.8889696772967194,1,45.0,0.5547851053290757,0,0.0,0.49355000211147193,3,66.0
1885.0,5,49.0,1.0888888888888888,7.297965577766263,2,27.0,0.011025041893716489,0,4.0,0.5117698273612784,0,11.0,0.6769665698537762,0,0.0,0.8368742891220358,2,42.0
1890.0,6,51.0,1.186046511627907,6.8686983276791445,2,40.0,0.014774576456256171,2,12.0,0.5932021879970409,1,14.0,0.39598113048792766,0,0.0,0.9402151486095194,5,66.0
1895.0,10,90.0,2.0,6.364011190971639,3,52.0,0.0005761576638915619,2,22.0,0.37403116345340937,3,27.0,0.3910178483386636,0,0.0,0.9654725533180127,8,101.0
1900.0,9,129.0,3.0714285714285716,6.228553912282864,3,67.0,0.00010656117766376021,3,35.0,0.3123661686267426,3,42.0,0.48420957912509,0,0.0,0.7188882107232222,9,144.0
1905.0,8,138.0,3.2857142857142856,6.492233398634041,3,82.0,3.702526243325993e-05,1,25.0,0.3570454696030316,3,57.0,0.37036015523876414,1,2.0,0.47767934816510277,8,166.0
1910.0,8,169.0,3.9302325581395348,6.211292264567411,3,97.0,6.433433177697495e-06,0,4.0,0.8682692089018127,4,73.0,0.3097612041944552,1,7.0,0.4485336788305514,8,181.0
1915.0,7,101.0,2.2954545454545454,6.249817183199847,0,24.0,0.017646544709474164,0,4.0,0.9135741503801154,5,99.0,0.2990732728668127,2,13.0,0.3281722183909285,7,140.0
1920.0,6,118.0,2.5652173913043477,6.883184834121614,0,0.0,1.0,0,0.0,0.6775997949238427,6,129.0,0.37507614106493925,0,0.0,0.9929973775907661,6,129.0
1925.0,1,1.0,0.022222222222222223,7.275483968934692,0,0.0,1.0,1,1.0,0.46549505741786484,0,18.0,0.5434437479642036,0,0.0,0.9523155454304115,1,19.0
1930.0,1,6.0,0.1276595744680851,8.35169534204939,0,3.0,0.629791746138132,1,9.0,0.5919530267598336,0,6.0,0.7953572278922795,0,0.0,0.9602921410105656,1,18.0
1935.0,1,11.0,0.22916666666666666,8.886416314673408,0,0.0,0.8564041083782967,1,20.0,0.8015297447976446,0,4.0,0.9545296454892299,0,0.0,0.9851595401574079,1,24.0
1940.0,2,17.0,0.3541666666666667,9.080220415281433,0,0.0,1.0,2,26.0,0.7581037451109729,0,1.0,0.9511070974220189,0,0.0,0.959474315074159,2,27.0
1945.0,2,27.0,0.5869565217391305,8.282762142735264,0,0.0,1.0,2,30.0,0.6824318200230791,0,1.0,0.7590375557275203,0,0.0,0.9407896040177653,2,31.0
1950.0,7,51.0,1.1333333333333333,8.08542600216513,0,0.0,1.0,3,38.0,0.6446843006761961,2,6.0,0.5692267934847128,0,0.0,0.9550130372747535,5,44.0
1955.0,10,92.0,1.9574468085106382,7.319030543014827,0,0.0,1.0,3,53.0,0.6542166565827048,3,31.0,0.5523804807806745,1,1.0,0.6313228042336797,7,85.0
1960.0,10,131.0,3.046511627906977,6.5797489457859655,0,0.0,1.0,3,68.0,0.5376299455869689,3,34.0,0.47192511927106695,1,6.0,0.6345883117634467,7,108.0
1965.0,8,76.0,1.7272727272727273,6.327278098546339,0,0.0,1.0,1,24.0,0.46306565345447004,4,51.0,0.3197541145946237,1,11.0,0.7108402098905191,6,86.0
1970.0,9,107.0,2.488372093023256,6.465995386180277,0,0.0,1.0,3,19.0,0.3781937230927591,4,70.0,0.31970909134379755,0,1.0,0.6662772835831537,7,90.0
1975.0,10,153.0,3.477272727272727,6.303213663217719,0,0.0,1.0,3,34.0,0.3331736260856422,5,97.0,0.32972228179336627,0,0.0,0.9562820223147737,8,131.0
1980.0,13,188.0,4.585365853658536,4.653920898782104,0,0.0,1.0,4,50.0,0.11664097672411726,6,123.0,0.12935555653510578,0,0.0,0.9299815550056925,10,173.0
1985.0,17,267.0,6.357142857142857,4.715445279748072,0,0.0,1.0,5,74.0,0.25412645504939413,8,162.0,0.10216815066162965,0,0.0,0.9623490964940375,13,236.0
1990.0,6,138.0,3.1363636363636362,5.313386278717,0,0.0,1.0,5,99.0,0.3116311578340558,1,92.0,0.218064060701383,0,0.0,0.9949868427995706,6,191.0
1995.0,7,169.0,4.023809523809524,6.720328334582536,0,3.0,0.8443460381555759,5,131.0,0.3995036281418788,1,51.0,0.4588648178112042,0,0.0,0.967867894434754,6,185.0
2000.0,8,203.0,4.951219512195122,6.413792153906493,1,11.0,0.17031550731131312,6,162.0,0.42658637405420635,1,53.0,0.0,0,0.0,0.9562285090488396,8,226.0
2005.0,9,243.0,5.785714285714286,6.360995752768076,3,24.0,0.010020738713093093,5,185.0,0.405834497637832,1,68.0,0.4317539504183056,0,0.0,0.9608908685435988,9,277.0
2010.0,8,225.0,5.357142857142857,6.587024191647327,3,39.0,0.003914652463823008,5,205.0,0.4161022027666474,0,10.0,0.474982568055506,0,0.0,0.9322675127302922,8,254.0
2015.0,11,275.0,6.395348837209302,7.231535168303762,4,58.0,0.0009580045440661495,5,230.0,0.4292654789986127,2,19.0,0.46786863664431194,0,0.0,0.9637506857679904,11,307.0
2020.0,8,264.0,6.1395348837209305,7.13113183026124,0,8.0,0.030728929307788946,6,258.0,0.42009980007438436,2,29.0,0.29107415942854115,0,0.0,0.9773442242571929,8,295.0
2025.0,3,27.0,0.6428571428571429,6.989859514147194,0,0.0,1.0,0,87.0,0.584644346748475,2,39.0,0.3104841845471776,1,1.0,0.4911556693805125,3,127.0
2030.0,3,27.0,0.627906976744186,7.890201219488393,0,0.0,1.0,1,31.0,0.4947989158645138,1,32.0,0.6319605581793994,1,5.0,0.6484350209667241,3,68.0
2035.0,5,49.0,1.0425531914893618,8.158263380091192,0,0.0,1.0,3,17.0,0.3786101886903767,1,43.0,0.720208773383898,1,10.0,0.6983633664089542,5,70.0
2040.0,6,75.0,1.5625,8.334355055561694,0,0.0,1.0,4,33.0,0.38542776062147627,1,48.0,0.8275906260586112,1,15.0,0.5006849366785753,6,96.0
2045.0,5,84.0,1.68,8.725832281240045,0,0.0,1.0,4,53.0,0.4207442505457545,1,53.0,0.8197463989249771,0,0.0,0.9646243095466549,5,106.0
2050.0,6,110.0,2.2448979591836733,8.289816815410038,0,0.0,1.0,5,74.0,0.2776482172258437,1,58.0,0.7095649393939157,0,0.0,0.9460263087640737,6,132.0
2055.0,10,149.0,3.0408163265306123,7.6836374730768355,0,0.0,1.0,5,99.0,0.3541494082140936,5,72.0,0.5044213930537672,0,0.0,0.9604674842752879,10,171.0
2060.0,14,206.0,4.681818181818182,6.517228903764522,0,0.0,1.0,5,124.0,0.32652264439819423,9,104.0,0.3353877677954562,0,0.0,0.9646333307923506,14,228.0
2065.0,17,285.0,6.333333333333333,5.842205273873243,0,0.0,0.8390379449306056,6,153.0,0.23439826927088708,10,151.0,0.21886027414261686,0,0.0,0.980227025831416,16,304.0
2070.0,12,281.0,5.9787234042553195,5.3969634912781865,1,2.0,0.00013036844392487894,6,180.0,0.0027138000218887,5,122.0,0.13102850074653605,0,0.0,0.9995214766611468,12,304.0
2075.0,13,346.0,7.208333333333333,6.285110887805868,1,10.0,0.3841068595211034,7,224.0,0.23901431252141805,5,134.0,0.27153433796553156,0,0.0,0.9533224007166474,13,368.0
2080.0,15,414.0,8.117647058823529,6.2155086159247785,3,21.0,0.1639740880149224,7,259.0,0.3355228843017009,5,159.0,0.2757811063168369,0,0.0,0.5634186473139724,15,439.0
2085.0,13,463.0,9.26,6.078625920721712,0,3.0,0.10204628179999296,7,294.0,0.36090162875376963,5,184.0,0.15897748193207845,1,4.0,0.47703204658121473,13,485.0
2090.0,10,402.0,7.584905660377358,6.523055138270348,0,0.0,0.3172111081706582,7,329.0,0.44396773700274983,3,119.0,0.21362114035145346,0,0.0,0.9781475573995213,10,448.0
2095.0,10,365.0,6.7592592592592595,7.078371556516694,0,0.0,1.0,8,362.0,0.3055765092559238,0,55.0,0.5659595894239043,0,0.0,0.9443321761844798,8,417.0
2100.0,11,417.0,8.176470588235293,6.742946043907933,0,0.0,1.0,9,401.0,0.36020346914945006,0,3.0,0.08797433218577629,0,0.0,0.9953750067170865,9,404.0
2105.0,16,480.0,9.056603773584905,6.30310394372531,0,0.0,1.0,11,452.0,0.2220305378654479,3,17.0,6.734766474476689e-06,0,0.0,0.9613720659574597,14,469.0
2110.0,15,513.0,9.5,5.8183194528125455,0,0.0,1.0,11,478.0,0.13885923645938975,0,0.0,1.0,0,0.0,0.6854973439526867,11,478.0
2115.0,17,593.0,11.627450980392156,5.610056500736724,0,3.0,0.5082075166227682,11,539.0,0.21277251333252914,0,0.0,0.9740855111086701,1,3.0,0.6218764687391175,12,545.0
2120.0,12,596.0,11.92,5.945279372499132,0,3.0,0.04780416380389396,11,594.0,0.2559182318725493,0,3.0,0.9403582527326277,1,8.0,0.6395516527264636,12,608.0
2125.0,13,661.0,13.489795918367347,6.661568112722989,1,8.0,0.0,11,649.0,0.24875450557315168,0,3.0,0.8463093752625227,1,13.0,0.724781959871159,13,673.0
2130.0,8,310.0,6.2,7.257214145827634,0,0.0,1.0,7,502.0,0.27429014710249233,1,5.0,0.7309916131993706,0,0.0,0.948527211764646,8,507.0
2135.0,1,7.0,0.14,8.259008628323336,0,0.0,1.0,0,182.0,0.5767920305248855,1,13.0,0.6557866124579937,0,0.0,0.9971788203819741,1,195.0
2140.0,3,18.0,0.35294117647058826,9.24118585270947,0,0.0,1.0,0,7.0,0.8807260996521759,3,27.0,0.5010789191849903,0,0.0,0.9364314045777045,3,34.0
2145.0,6,43.0,0.86,8.581509174350781,0,0.0,1.0,1,9.0,0.49710729213663407,5,46.0,0.523242207713236,0,0.0,0.9441642629030942,6,55.0
2150.0,9,80.0,1.6326530612244898,7.512501208105445,0,0.0,1.0,3,20.0,0.15844652389755962,6,72.0,0.4404280175150066,0,0.0,0.9929222850747043,9,92.0
2155.0,5,62.0,1.2653061224489797,7.479486681913447,0,0.0,1.0,3,35.0,0.24914565919940374,2,49.0,0.5542780761793691,0,0.0,0.9529144090872113,5,84.0
2160.0,6,91.0,1.9782608695652173,7.543335060209875,0,6.0,0.6762815619620388,3,68.0,0.4624623871659095,3,47.0,0.4935132128620083,0,0.0,0.9967448407746006,6,121.0
2165.0,10,130.0,2.6530612244897958,7.142069430940561,2,9.0,0.23359827729254448,3,83.0,0.602780401926408,5,68.0,0.40437549064857253,0,0.0,0.5093022284276099,10,160.0
2170.0,8,109.0,2.2708333333333335,6.962879925137352,2,19.0,0.022546334718171177,0,6.0,0.7996668268934055,5,93.0,0.33502236513793704,1,3.0,0.4797653206210776,8,121.0
2175.0,5,77.0,1.54,7.085939289246256,0,0.0,0.0364537774035554,2,10.0,0.6466297386449041,3,91.0,0.4196544525303384,0,0.0,0.952412009025908,5,101.0
2180.0,5,102.0,2.0,7.740956226606084,0,0.0,1.0,1,15.0,0.7709650508002003,4,99.0,0.3085749717940302,0,0.0,0.9696159693392723,5,114.0
2185.0,7,134.0,2.576923076923077,7.943122936870484,0,0.0,1.0,1,17.0,0.7804014461675446,6,126.0,0.2948682102414627,0,0.0,0.985318148142671,7,143.0
2190.0,11,180.0,3.3962264150943398,7.607927152626573,0,0.0,1.0,2,20.0,0.4736339286347513,8,161.0,0.31890137716806854,0,0.0,0.9531783525390715,10,181.0
2195.0,12,238.0,4.76,6.649792265520968,0,0.0,1.0,2,30.0,0.3164547166462099,8,204.0,0.3077654615266351,0,0.0,0.9622296130483942,10,234.0
2200.0,14,202.0,4.04,6.091036339304033,0,0.0,1.0,2,40.0,0.3224720349180921,8,176.0,0.2688575016460599,0,0.0,0.9475003558178317,10,216.0
2205.0,10,159.0,3.4565217391304346,6.376651114702583,0,0.0,1.0,1,38.0,0.3574030081968275,5,134.0,0.27708646407045945,0,0.0,0.9488226517367786,6,172.0
2210.0,9,170.0,3.953488372093023,6.97485441303128,0,0.0,1.0,0,0.0,0.9553484539632362,5,118.0,0.29493647733251727,0,0.0,0.9444183241373449,5,118.0
2215.0,9,182.0,4.136363636363637,7.613283902478022,0,0.0,0.9570523084647097,0,0.0,0.9345241774952139,7,138.0,0.18237920292420093,0,0.0,0.9123811551395417,7,138.0
2220.0,9,171.0,3.8,7.63913783217237,0,0.0,1.0,0,0.0,0.7911122399512562,9,177.0,0.09531147236070306,0,0.0,0.9489982491939126,9,177.0
2225.0,10,220.0,4.888888888888889,7.204996388389643,0,0.0,1.0,1,4.0,0.7766018163110601,9,222.0,0.07864252478583302,0,0.0,0.9589465357132756,10,226.0
2230.0,10,270.0,6.0,6.53650808678994,0,0.0,1.0,1,9.0,0.7527088695117832,9,267.0,0.0474657161835897,0,0.0,0.9389305234321575,10,276.0
2235.0,11,324.0,6.8936170212765955,6.333896707687234,0,0.0,1.0,1,14.0,0.6285704810470913,10,316.0,0.010012312165789808,0,0.0,0.8683177379735899,11,330.0
2240.0,16,390.0,8.297872340425531,5.787626911511111,0,0.0,1.0,3,25.0,0.4675147286431007,12,370.0,0.03219414045402431,0,0.0,0.8916299887600508,15,395.0
2245.0,15,463.0,10.065217391304348,5.526962640966787,0,0.0,1.0,3,40.0,0.37677929410491795,12,430.0,0.07271728008919874,0,0.0,0.905939529324901,15,470.0
2250.0,16,541.0,11.76086956521739,5.2793714113469425,0,0.0,1.0,3,55.0,0.2492467365985251,13,493.0,0.06859388759862307,0,0.0,0.6512732684373317,16,548.0
2255.0,18,627.0,13.340425531914894,4.307563108603091,0,0.0,0.9391222312665509,3,70.0,0.07379090456109327,13,558.0,0.06910952216001828,2,6.0,0.48137019401310266,18,634.0
2260.0,21,724.0,15.083333333333334,4.21157773230148,0,0.0,1.0,4,88.0,0.13960070600509866,14,626.0,0.06283542957463924,3,17.0,0.24927457298265335,21,731.0
2265.0,20,803.0,16.387755102040817,4.603853792880394,0,0.0,1.0,4,108.0,0.188238717315159,15,701.0,0.053592605754246916,0,11.0,0.5207834415286989,19,820.0
2270.0,21,904.0,17.725490196078432,4.4869379426661515,0,0.0,1.0,4,128.0,0.2435132262662993,15,782.0,0.06294192139943974,1,12.0,0.34800652115345015,20,922.0
2275.0,23,1015.0,19.901960784313726,4.173174864930909,0,0.0,1.0,4,148.0,0.24136359980434857,16,862.0,0.053340177977065854,1,17.0,0.24694172197594896,21,1027.0
2280.0,14,408.0,7.846153846153846,4.556457342754557,0,0.0,1.0,4,168.0,0.336540263087519,6,456.0,0.08864053034985936,1,22.0,0.46454343725106784,11,646.0
2285.0,9,401.0,7.711538461538462,5.601833344201083,0,3.0,0.8882220571220473,5,198.0,0.38842333148036123,4,233.0,0.2510473208435835,0,0.0,0.9444565158352288,9,434.0
2290.0,10,447.0,8.433962264150944,7.345692103544251,0,0.0,0.7304618272523681,6,224.0,0.5007705311235819,4,232.0,0.17689085651552178,0,0.0,0.9751415663958294,10,456.0
2295.0,11,498.0,9.39622641509434,7.251807970162531,1,1.0,0.29360130459944633,6,254.0,0.5240041960890953,4,252.0,0.03138359970814777,0,0.0,0.9520629095359152,11,507.0
2300.0,12,372.0,6.888888888888889,7.056788651408969,3,12.0,0.002552482877530501,6,284.0,0.529269532441655,2,188.0,0.3320472103293457,1,2.0,0.47121934234217144,12,486.0
2305.0,14,390.0,6.964285714285714,7.221402157284425,3,27.0,0.0,7,317.0,0.530088927553471,2,64.0,0.45868866588794965,2,7.0,0.28044925883451627,14,415.0
2310.0,13,455.0,8.75,6.114511318437544,3,42.0,0.0,7,349.0,0.4355958034885891,2,74.0,0.029750451165968913,1,12.0,0.10727018168239089,13,477.0
2315.0,18,538.0,10.150943396226415,5.180124329530777,3,57.0,0.0,9,388.0,0.33441661828269037,4,98.0,0.049358646691758816,2,22.0,0.24814470790089949,18,565.0
2320.0,20,569.0,10.942307692307692,4.146853739088974,0,20.0,0.09407293037365039,11,438.0,0.2214453463038241,5,122.0,2.3526763622842552e-05,2,32.0,0.31215415963011917,18,612.0
2325.0,15,234.0,4.178571428571429,3.923932733047574,0,0.0,1.0,2,115.0,0.20154841004594914,5,147.0,0.09311586284758376,2,42.0,0.44386354961790575,9,304.0
2330.0,11,222.0,3.9642857142857144,5.410408175706887,0,0.0,1.0,1,90.0,0.3359681066096264,6,174.0,0.14144074171786464,0,0.0,0.9593982811452799,7,264.0
2335.0,9,248.0,4.428571428571429,6.9918171825250734,0,0.0,1.0,1,46.0,0.6302116904687882,6,219.0,0.4453384667807694,0,0.0,0.8869388827713939,7,265.0
2340.0,7,264.0,4.8,8.009017286433993,0,0.0,1.0,1,51.0,0.7085457988752718,6,243.0,0.5298561544980678,0,0.0,0.9758962555419302,7,294.0
2345.0,6,173.0,3.0350877192982457,8.075401386908235,0,0.0,1.0,1,56.0,0.8109212069592254,5,189.0,0.5214413268864881,0,0.0,0.9400798118724035,6,245.0
2350.0,4,71.0,1.3148148148148149,8.037893236263251,0,0.0,1.0,2,63.0,0.6533009887660346,2,108.0,0.57002391060225,0,0.0,0.9774901510601097,4,171.0
2355.0,4,91.0,1.7843137254901962,8.942394116606874,0,0.0,0.9143211819628947,2,96.0,0.6922145253817745,2,47.0,0.7357740922511217,0,0.0,0.9277672525454808,4,143.0
2360.0,6,115.0,2.3,8.66235247536475,0,0.0,0.015124537104813625,2,83.0,0.6410326911158889,3,38.0,0.6538298929661168,1,3.0,0.6458196422022163,6,124.0
2365.0,7,143.0,3.0425531914893615,7.681255254700954,0,0.0,1.0,3,96.0,0.6281406787804324,2,38.0,0.46196274388595376,1,8.0,0.6288154565012339,6,142.0
2370.0,12,189.0,4.108695652173913,6.871346090596107,0,0.0,0.8346339530009828,6,120.0,0.2983802447800601,2,48.0,0.45162903363986845,2,15.0,0.32555149409773354,10,183.0
2375.0,11,234.0,5.2,6.692323808017276,0,0.0,0.8878936013630817,6,150.0,0.2899468543138621,3,62.0,0.40936118187830034,2,25.0,0.31903319365719623,11,237.0
2380.0,12,291.0,6.326086956521739,6.183248753785774,0,0.0,1.0,7,182.0,0.34241273689122254,3,77.0,0.23338145753202744,2,35.0,0.23980967959372262,12,294.0
2385.0,14,357.0,7.760869565217392,6.3529848565045395,0,0.0,1.0,7,221.0,0.3160938410074011,4,95.0,0.179469955352836,3,48.0,0.3231808966606839,14,364.0
2390.0,12,339.0,7.533333333333333,6.276304688466851,0,0.0,1.0,7,260.0,0.3323988540326941,2,67.0,0.3971908903847998,3,63.0,0.38269252484660027,12,390.0
2395.0,14,387.0,8.0625,6.50208024676862,0,0.0,1.0,9,293.0,0.26774013900567584,1,24.0,0.33312516770434164,4,78.0,0.30654265589528906,14,395.0
2400.0,15,457.0,10.155555555555555,6.292155071661316,0,0.0,1.0,9,332.0,0.24892656844760785,3,36.0,0.38244027900292804,3,93.0,0.37941320190820527,15,461.0
2405.0,13,425.0,10.119047619047619,6.094987374313614,0,0.0,1.0,9,374.0,0.3310039870671064,4,52.0,0.0004505083413355734,0,0.0,0.6789266401237525,13,426.0
2410.0,12,484.0,11.255813953488373,5.82393778280796,0,0.0,1.0,9,419.0,0.1517116949101015,3,75.0,0.250824145605352,0,0.0,0.8768485679986505,12,494.0
2415.0,16,560.0,12.444444444444445,5.618369988493138,0,0.0,1.0,11,474.0,0.1965295870597938,3,81.0,0.17128398446858317,0,0.0,0.9733195675578058,14,555.0
2420.0,16,640.0,13.91304347826087,5.910291237158595,0,0.0,1.0,11,536.0,0.26278219287426907,3,96.0,0.0,0,0.0,0.9443175485585887,14,632.0
2425.0,17,721.0,15.673913043478262,5.1121761367588805,0,0.0,1.0,11,584.0,0.24234553561669453,3,111.0,0.0,0,0.0,0.9619799086827392,14,695.0
2430.0,17,788.0,17.511111111111113,4.81469022238078,0,0.0,1.0,11,639.0,0.2875821577087202,3,126.0,0.0,0,0.0,0.9898523648297656,14,765.0
2435.0,16,769.0,16.717391304347824,5.173610191169462,0,0.0,1.0,12,699.0,0.29085503453834255,1,76.0,0.36005632144626126,0,0.0,0.9604732724995466,13,775.0
2440.0,15,779.0,16.229166666666668,5.474572454741062,0,3.0,0.9940789756639096,12,759.0,0.22855410386916283,1,1.0,0.007369768687079816,0,0.0,0.9860230832896271,13,763.0
2445.0,14,825.0,16.5,5.063905518235361,1,4.0,0.05308385636592161,12,819.0,0.145020974645707,1,6.0,0.20732857112261308,0,0.0,0.9236832293332387,14,829.0
2450.0,19,907.0,17.784313725490197,4.04590354246626,1,9.0,8.545733454849002e-06,13,883.0,0.05243682516155093,3,15.0,0.001675537413496061,0,0.0,0.9521197332455067,17,907.0
2455.0,17,967.0,19.34,4.303885549067652,0,0.0,1.0,15,956.0,0.03937349897043869,1,13.0,0.047840710625438196,0,0.0,0.9812799738121225,16,969.0
2460.0,17,1035.0,21.122448979591837,5.204891068108313,0,0.0,1.0,17,1039.0,0.10278453217661188,0,0.0,0.9370739695332131,0,0.0,0.9421612686806399,17,1039.0
2465.0,18,1124.0,22.03921568627451,6.035136376806999,0,0.0,1.0,18,1128.0,0.17287891108521292,0,0.0,1.0,0,0.0,0.9955129768183568,18,1128.0
2470.0,6,391.0,7.2407407407407405,5.843279766371121,0,0.0,1.0,6,644.0,0.22787493498062628,0,0.0,0.9648132687502993,0,0.0,0.9923321559967306,6,644.0
2475.0,4,359.0,6.410714285714286,6.451658028644181,0,0.0,1.0,4,415.0,0.34816613718056,0,0.0,0.6648601923941792,0,0.0,0.955591012241114,4,415.0
2480.0,5,383.0,6.719298245614035,7.772143779416144,0,0.0,1.0,4,400.0,0.5042262881916998,1,13.0,0.663461731340465,0,0.0,0.9337514098366693,5,413.0
2485.0,6,409.0,7.175438596491228,8.4219824736186,0,0.0,1.0,4,420.0,0.5798263057092155,2,19.0,0.7454891167949114,0,0.0,0.9391968872171952,6,439.0
2490.0,5,121.0,2.1228070175438596,8.430149542606312,0,0.0,1.0,3,223.0,0.5493729874117963,2,29.0,0.760313368688095,0,0.0,0.8998746100252282,5,252.0
2495.0,5,57.0,1.0178571428571428,7.909871703576024,0,0.0,1.0,3,38.0,0.48710429577264525,1,31.0,0.8520059364292896,1,2.0,0.4887280506376034,5,71.0
2500.0,9,93.0,1.631578947368421,7.307466094609362,0,0.0,1.0,6,63.0,0.31041545272473847,1,36.0,0.848530628953049,1,5.0,0.47427855154446763,8,104.0
2505.0,9,133.0,2.418181818181818,7.210141470152872,0,0.0,1.0,6,93.0,0.28568838265104735,2,42.0,0.6403830377043943,1,10.0,0.631554334300598,9,145.0
2510.0,9,145.0,2.7884615384615383,6.002034495760967,0,0.0,1.0,4,96.0,0.3130994472253907,4,61.0,0.42933456510447116,0,0.0,0.9580256185833088,8,157.0
2515.0,7,165.0,3.235294117647059,6.328886778087927,0,0.0,1.0,3,100.0,0.2160799258789831,4,87.0,0.37048173921460265,0,0.0,0.9640573975164843,7,187.0
2520.0,4,114.0,2.235294117647059,6.046956376148027,0,0.0,1.0,4,118.0,0.32211990924824585,0,11.0,0.3646277732386309,0,0.0,0.935660031729873,4,129.0
2525.0,5,139.0,2.5272727272727273,7.0991938139295545,0,9.0,0.5553225040115438,4,138.0,0.3664662506552404,1,11.0,0.5538713302359404,0,0.0,0.9758827147880262,5,158.0
2530.0,6,169.0,3.1296296296296298,7.693972104110543,0,0.0,0.8390905459207708,4,161.0,0.5493109681117335,1,16.0,0.7052304743295815,0,0.0,0.9439705135703979,5,177.0
2535.0,9,197.0,3.6481481481481484,7.342581486494811,3,6.0,0.10273544272958354,5,183.0,0.5504795566509436,1,21.0,0.7223440946901611,0,0.0,0.9897023890117657,9,210.0
2540.0,10,227.0,4.127272727272727,6.5374956320193975,5,26.0,0.00803096308382963,5,208.0,0.42928774505745143,0,3.0,0.950748799600673,0,0.0,0.9722519463057488,10,237.0
2545.0,17,298.0,5.321428571428571,6.190225997629821,7,59.0,0.10254023420629349,7,238.0,0.40474418837338816,0,5.0,0.7364693122084609,0,0.0,0.47948405688352447,14,302.0
2550.0,16,353.0,6.192982456140351,6.034584772377945,8,97.0,0.0002334302090914401,6,256.0,0.434229327881793,1,8.0,0.5208171804057136,1,5.0,0.6315797772830444,16,366.0
2555.0,13,331.0,6.12962962962963,5.5220269727156035,2,68.0,0.020997017165445036,8,294.0,0.22891013628275703,2,17.0,0.47900107632669,1,10.0,0.6291650396249101,13,389.0
2560.0,14,372.0,6.763636363636364,5.613743070009506,0,28.0,0.27677648796156223,10,340.0,0.0997759302229859,3,32.0,0.3863632280519744,1,15.0,0.7032963032793601,14,415.0
2565.0,11,382.0,6.945454545454545,6.168086257625104,0,0.0,1.0,11,394.0,0.09484614663196995,0,3.0,0.8946036925062248,0,0.0,0.9310109359387,11,397.0
2570.0,7,378.0,7.0,6.707801091905233,0,6.0,0.6995466340267505,7,388.0,0.19469190136279102,0,6.0,0.6796363843943486,0,0.0,0.9903758477834256,7,400.0
2575.0,9,415.0,7.155172413793103,6.987568062206689,2,11.0,0.1344519237424158,7,422.0,0.3695218661440707,0,3.0,0.9481700868614902,0,0.0,0.9189297263604073,9,436.0
2580.0,10,464.0,7.864406779661017,7.300783179897415,3,25.0,0.011910438270077758,7,457.0,0.400682657894086,0,6.0,0.9641507392741863,0,0.0,0.9642811010962696,10,488.0
2585.0,10,514.0,8.862068965517242,7.517013601504619,3,40.0,0.00288696971784798,7,492.0,0.31952906307715595,0,3.0,0.9644045187460553,0,0.0,0.9438245992376832,10,535.0
2590.0,13,573.0,10.61111111111111,6.534217760578467,4,60.0,0.0004851626214687611,8,529.0,0.26803101064416474,0,3.0,0.7141527355465361,0,0.0,0.9465986221985769,12,592.0
2595.0,9,565.0,10.660377358490566,6.387140973538439,0,9.0,0.028113766993747086,8,569.0,0.26071521351316623,1,8.0,0.6371159574636017,0,0.0,0.9025397087493049,9,586.0
2600.0,10,613.0,11.788461538461538,6.875369525246757,0,0.0,1.0,8,622.0,0.3198296429479566,1,13.0,0.7179271463042509,1,3.0,0.7208955581006528,10,638.0
2605.0,9,218.0,4.1923076923076925,6.626200750289102,0,0.0,1.0,6,412.0,0.1368045882172196,2,22.0,0.2390567248812451,1,8.0,0.6578663235573261,9,442.0
2610.0,9,68.0,1.3076923076923077,7.110515486818269,0,0.0,1.0,2,97.0,0.3331262032962287,4,39.0,0.19217777669602423,3,17.0,0.24082062795304013,9,153.0
2615.0,9,113.0,2.1320754716981134,7.298614796528251,0,0.0,1.0,2,25.0,0.254174573890255,4,59.0,0.25973825209081586,3,32.0,0.10162073892719152,9,116.0
2620.0,14,178.0,3.2363636363636363,7.257782233927395,0,0.0,1.0,3,40.0,0.23351374620931853,5,83.0,0.20704486708346512,4,52.0,0.1817150935369914,12,175.0
2625.0,9,177.0,3.339622641509434,6.65127020897994,0,0.0,1.0,0,0.0,0.935041384079657,5,108.0,0.2420442784083636,4,72.0,0.19023432272780194,9,180.0
2630.0,9,222.0,4.352941176470588,6.844786268244942,0,0.0,1.0,0,0.0,0.9306752798315691,5,133.0,0.23164998939778483,4,92.0,0.1849112524182356,9,225.0
2635.0,4,112.0,2.488888888888889,7.113451490144535,0,0.0,1.0,0,2.0,0.7374520915011203,0,25.0,0.5905436950521653,4,112.0,0.23996876838752224,4,139.0
2640.0,4,132.0,2.75,8.083656597649167,0,3.0,0.5501699083004278,0,8.0,0.8943973080511275,0,7.0,0.8146172179610589,4,132.0,0.20133340195897986,4,150.0
2645.0,5,153.0,3.558139534883721,7.636276886772396,1,7.0,0.1978363811207082,0,6.0,0.9285981378422731,0,3.0,0.9391413260622821,4,152.0,0.1693199616308815,5,168.0
2650.0,6,183.0,4.066666666666666,6.991777249068285,2,17.0,0.025937495298428176,0,3.0,0.7794853803537439,0,3.0,0.8710807128836523,4,173.0,0.22844837412922628,6,196.0
2655.0,2,6.0,0.13333333333333333,7.491962272386538,0,0.0,0.03245515675378807,1,8.0,0.7707459569109479,1,4.0,0.7809325824161996,0,50.0,0.474902032532421,2,62.0
2660.0,2,16.0,0.34782608695652173,8.37054067087438,0,0.0,1.0,1,13.0,0.7752098779819753,1,15.0,0.7162195344864727,0,5.0,0.7205141049066943,2,33.0
2665.0,6,36.0,0.7346938775510204,7.183577696317933,0,0.0,1.0,2,24.0,0.6006564921505495,4,27.0,0.301547435121178,0,0.0,0.9861921791473813,6,51.0
2670.0,11,88.0,1.9130434782608696,6.748971898563782,0,0.0,1.0,3,32.0,0.3234309534861013,7,60.0,0.25402001850174827,0,0.0,0.9594662736002609,10,92.0
2675.0,8,96.0,2.0425531914893615,6.279380106996358,0,0.0,1.0,4,52.0,0.3592480395704652,3,35.0,0.3104094620952191,0,0.0,0.8063282679464571,7,87.0
2680.0,11,146.0,3.2444444444444445,6.291742984143345,0,3.0,0.5938956782829332,5,83.0,0.4053813557094248,3,50.0,0.37245415313294566,2,5.0,0.3210718182549261,10,141.0
2685.0,11,182.0,3.9565217391304346,6.443268718868216,1,7.0,0.014440377353839464,5,111.0,0.48611096923742897,3,64.0,0.475453659608488,2,15.0,0.3528162968915013,11,197.0
2690.0,13,247.0,5.145833333333333,6.9385170300352925,2,17.0,5.6417097741806516e-05,6,141.0,0.5564871616570907,3,79.0,0.5483700224539587,2,25.0,0.38713329976280664,13,262.0
2695.0,12,280.0,6.086956521739131,6.342958671543051,2,27.0,0.0,7,174.0,0.4434294909405352,3,94.0,0.4466011029034292,0,15.0,0.4941517995797776,12,310.0
2700.0,13,342.0,7.276595744680851,6.00334887904644,2,37.0,0.0,7,209.0,0.3783237930928815,4,115.0,0.421972474657079,0,0.0,0.9777096353217952,13,361.0
2705.0,16,415.0,8.46938775510204,5.163078931964666,2,47.0,0.0,8,249.0,0.3367673529368828,6,138.0,0.3001646389451345,0,0.0,0.9461218963449675,16,434.0
2710.0,11,240.0,4.8979591836734695,4.6051235172421086,2,57.0,0.0,1,80.0,0.39652945517110816,7,172.0,0.2824347806466899,0,0.0,0.9821678612721869,10,309.0
2715.0,8,226.0,4.52,6.022776837357668,0,0.0,1.0,1,26.0,0.5997505127440039,7,207.0,0.28818193743550463,0,0.0,0.9481617697568346,8,233.0
2720.0,7,224.0,4.226415094339623,6.776167648050153,0,0.0,1.0,1,30.0,0.7676548380730577,6,218.0,0.3965769458981732,0,0.0,0.9588850347743849,7,248.0
2725.0,6,251.0,4.735849056603773,7.390198611928166,0,0.0,1.0,1,41.0,0.6508376178351755,5,230.0,0.4763952252577552,0,0.0,0.515980905198635,6,271.0
2730.0,8,287.0,5.519230769230769,7.7983848818567045,0,0.0,1.0,2,46.0,0.6398645659021224,5,252.0,0.42557801573518533,1,4.0,0.4902904453100855,8,302.0
2735.0,8,327.0,6.055555555555555,8.035531832728143,0,0.0,1.0,2,56.0,0.6332090408405872,5,274.0,0.4168818155633357,1,9.0,0.480377025783864,8,339.0
2740.0,8,354.0,6.4363636363636365,7.882532678473005,0,0.0,1.0,2,66.0,0.6896912033961636,5,296.0,0.4300862822493509,0,0.0,0.9360756770307812,7,362.0
2745.0,11,403.0,8.395833333333334,6.700889733630883,0,0.0,1.0,3,80.0,0.6014140122229354,6,325.0,0.2956256515432019,0,0.0,0.9503628553172899,9,405.0
2750.0,16,470.0,10.0,5.657378033491465,0,0.0,1.0,3,95.0,0.5524738434508952,9,362.0,0.16584565234409257,0,0.0,0.9690002290649157,12,457.0
2755.0,20,555.0,11.1,4.461887801412448,0,0.0,1.0,4,110.0,0.37721460884427827,10,408.0,0.10595713425066594,0,0.0,0.9859834284245668,14,518.0
2760.0,23,619.0,12.137254901960784,4.0635735554263945,0,0.0,1.0,7,134.0,0.04034029506894461,11,458.0,0.07703444548419651,0,0.0,0.5102773449993587,18,592.0
2765.0,23,716.0,13.50943396226415,4.761757383130311,0,3.0,0.9625258482290924,7,181.0,0.1778128657120312,11,513.0,0.049565481854951375,1,5.0,0.4857876346096668,19,702.0
2770.0,20,774.0,14.333333333333334,4.777709340157842,0,0.0,1.0,7,216.0,0.21651182023813853,12,572.0,0.03969689015465813,1,10.0,0.4780057208927675,20,798.0
2775.0,19,791.0,14.125,5.240453625990351,0,0.0,1.0,6,156.0,0.15958818970323313,12,632.0,0.13944952113813716,1,15.0,0.6408739422837216,19,803.0
2780.0,20,890.0,16.181818181818183,4.823897798096242,0,0.0,1.0,7,190.0,0.09000374725562134,12,695.0,0.06905319534132288,1,20.0,0.3879720564055238,20,905.0
2785.0,17,794.0,14.703703703703704,5.148045936692325,0,0.0,1.0,7,225.0,0.10076176254690175,8,577.0,0.0907468900480639,2,30.0,0.4884534268205383,17,832.0
2790.0,17,879.0,15.981818181818182,5.5876442990012585,0,3.0,0.7619975056526579,7,267.0,0.19380177663815654,8,593.0,0.12122574370570431,2,40.0,0.464047377375316,17,903.0
2795.0,16,904.0,15.586206896551724,6.596696116164049,0,0.0,0.777227683390203,7,288.0,0.3177854186960161,9,637.0,0.09106054931227767,0,0.0,0.9535122172441094,16,925.0
2800.0,16,984.0,16.677966101694917,6.616160697030131,0,0.0,1.0,7,323.0,0.27386453934266647,9,688.0,0.2591758092226875,0,0.0,0.9507430419107754,16,1011.0
2805.0,20,1072.0,18.16949152542373,5.963324348460706,0,0.0,1.0,7,358.0,0.4111224501601995,12,733.0,0.13252607814350595,0,0.0,0.9815651930521334,19,1091.0
2810.0,21,1172.0,19.21311475409836,6.2956666792949125,0,0.0,1.0,8,414.0,0.43814294333736226,13,792.0,0.13194599619044853,0,0.0,0.9499337579921852,21,1206.0
2815.0,14,853.0,14.216666666666667,6.481799163770817,0,0.0,1.0,0,45.0,0.6977881164183904,13,857.0,0.06490299237321331,1,1.0,0.4676250566682916,14,903.0
2820.0,14,923.0,16.482142857142858,6.170154650433228,0,0.0,1.0,0,5.0,0.7521945303082452,13,922.0,0.0015547314417264622,1,6.0,0.46418386522481864,14,933.0
2825.0,17,1003.0,18.92452830188679,6.345937062391259,0,0.0,1.0,2,11.0,0.6810554604826135,14,1000.0,0.16477342119632143,1,11.0,0.4680875524693146,17,1022.0
2830.0,18,1089.0,19.105263157894736,6.138374963971224,0,0.0,1.0,2,21.0,0.6922150664976233,15,1071.0,0.3021921783041243,1,16.0,0.6346918555382851,18,1108.0
2835.0,17,831.0,14.327586206896552,5.878111184593725,0,0.0,1.0,3,34.0,0.4421143827964116,13,964.0,0.32409290078884895,1,21.0,0.31814626861717016,17,1019.0
2840.0,14,335.0,5.583333333333333,6.312950598091307,0,0.0,1.0,5,55.0,0.251384987695028,9,684.0,0.37446802078392444,0,0.0,0.9408484363179602,14,739.0
2845.0,11,270.0,4.5,6.799805789760252,0,0.0,1.0,6,83.0,0.16345235754050735,5,464.0,0.45051021345070863,0,0.0,0.9606318057727922,11,547.0
2850.0,14,328.0,5.559322033898305,6.698383043537838,0,0.0,1.0,7,114.0,0.12280989142807604,7,302.0,0.4215767590334319,0,0.0,0.9759716954267041,14,416.0
2855.0,13,222.0,3.8275862068965516,5.2879042220976125,0,0.0,1.0,5,78.0,0.15899030423545366,7,237.0,0.12799345616798757,0,0.0,0.942763545042288,12,315.0
2860.0,17,168.0,2.896551724137931,5.484445266706829,0,0.0,1.0,5,106.0,0.34481662291212084,10,175.0,0.09044245225189175,0,0.0,0.9532397676354066,15,281.0
2865.0,21,263.0,4.311475409836065,5.304671424254765,0,0.0,1.0,6,133.0,0.30399563674663643,11,154.0,0.07262643532817885,0,0.0,0.9678086587307931,17,287.0
2870.0,26,380.0,6.229508196721311,4.647808226601681,0,0.0,1.0,6,163.0,0.35266189853931484,13,213.0,0.07172162413578699,1,1.0,0.6192309193921047,20,377.0
2875.0,18,340.0,5.666666666666667,4.410310737178403,0,0.0,1.0,6,193.0,0.3691651182092554,3,128.0,0.136711471133798,2,9.0,0.3296085948162962,11,330.0
2880.0,16,403.0,6.830508474576271,5.045057351450183,0,6.0,0.587020033338244,6,226.0,0.3962964899171769,3,102.0,0.22665292801604728,2,19.0,0.3323816251833488,11,353.0
2885.0,15,454.0,7.566666666666666,5.378004942979718,0,0.0,0.7227552058707062,6,259.0,0.4091356825742273,3,114.0,0.0,2,29.0,0.12938677030290335,11,402.0
2890.0,15,449.0,7.483333333333333,5.524063652889197,0,0.0,1.0,7,292.0,0.2947368749099303,3,129.0,0.0,3,43.0,0.3055406075229915,13,464.0
2895.0,11,366.0,5.903225806451613,6.110996692921469,0,0.0,1.0,9,336.0,0.36053970125941043,1,82.0,0.03055778095676654,0,0.0,0.9357538567258195,10,418.0
2900.0,10,375.0,5.859375,6.417323292284742,0,0.0,1.0,10,398.0,0.3090505863033577,0,9.0,0.4821594720231716,0,0.0,0.9561538908500272,10,407.0
2905.0,15,436.0,6.8125,6.257086780537205,0,0.0,1.0,12,454.0,0.2373863630881424,3,14.0,0.002559384783958359,0,0.0,0.9556026268217502,15,468.0
2910.0,15,511.0,8.11111111111111,5.37094335515101,0,0.0,1.0,12,514.0,0.11632569926681391,3,29.0,0.18094031402878577,0,0.0,0.9300117345422978,15,543.0
2915.0,16,559.0,9.316666666666666,4.405980748039777,0,0.0,1.0,13,577.0,0.1198841219997087,0,0.0,0.15997156132579246,0,0.0,0.9602596736826597,13,577.0
2920.0,22,647.0,10.26984126984127,4.601109362799513,0,0.0,1.0,18,661.0,0.14035733608566578,0,0.0,0.5165676600360593,0,0.0,0.972012610528257,18,661.0
2925.0,21,728.0,11.555555555555555,5.324291239891602,0,0.0,1.0,18,753.0,0.2183282317839806,0,0.0,0.8904909068211311,1,2.0,0.49254714460211424,19,755.0
2930.0,20,824.0,13.508196721311476,5.333298286593782,0,0.0,1.0,19,847.0,0.18859453205991514,0,0.0,1.0,1,7.0,0.4969984135298339,20,854.0
2935.0,23,930.0,14.307692307692308,5.388927240237174,0,0.0,1.0,22,960.0,0.20602454852491986,0,0.0,0.9424005116865906,1,12.0,0.6475786533536473,23,972.0
2940.0,17,905.0,13.923076923076923,5.324231092130128,0,0.0,1.0,17,987.0,0.17409906031496034,0,8.0,0.9578150819321403,0,0.0,0.9860003660441901,17,995.0
2945.0,16,955.0,14.692307692307692,5.6286373367005424,0,0.0,1.0,16,985.0,0.17655995171423544,0,7.0,0.5132499917970516,0,0.0,0.9735638580582354,16,992.0
2950.0,22,1050.0,16.153846153846153,5.534230210184565,0,0.0,1.0,17,1054.0,0.13122299229689502,2,10.0,0.005953277601291491,0,0.0,0.8191566535359002,19,1064.0
2955.0,21,1144.0,16.579710144927535,6.097682493571999,0,0.0,1.0,18,1140.0,0.1327791880403043,3,28.0,0.24610712164545737,0,0.0,0.9429550882168886,21,1168.0
2960.0,27,1271.0,18.420289855072465,5.3118968419782515,0,0.0,1.0,20,1239.0,0.12021021959215827,4,44.0,0.11012238335249461,0,0.0,0.9766076415273957,24,1283.0
2965.0,14,302.0,4.4411764705882355,5.08852798566213,0,0.0,1.0,9,650.0,0.12381103664376801,4,64.0,0.1726659492196624,0,0.0,0.9476646447044413,13,714.0
2970.0,4,78.0,1.1818181818181819,6.1476608579420535,0,0.0,1.0,0,265.0,0.2737004462032452,4,84.0,0.16150742153613976,0,0.0,0.9732231266754267,4,349.0
2975.0,5,102.0,1.59375,7.452498366561528,0,0.0,1.0,0,81.0,0.4668500598685104,5,117.0,0.356746904228992,0,0.0,0.9732578788067794,5,198.0
2980.0,6,132.0,2.0625,8.106383259432956,0,0.0,1.0,0,0.0,0.9133806489033819,6,159.0,0.530402167381482,0,0.0,0.9767343399249874,6,159.0
2985.0,5,83.0,1.2575757575757576,8.122245625466395,0,0.0,1.0,0,0.0,0.9684412179437506,5,118.0,0.5843148397622564,0,0.0,0.9378189738018411,5,118.0
2990.0,6,97.0,1.4264705882352942,8.199804951168026,0,0.0,1.0,0,6.0,0.7623941407837505,4,126.0,0.5870154371647183,0,0.0,0.9306497357086743,4,132.0
2995.0,9,136.0,2.029850746268657,8.087647420083018,0,0.0,1.0,0,6.0,0.8520353896540251,5,136.0,0.6061408597230633,0,0.0,0.5009247648933868,5,142.0
3000.0,11,171.0,2.85,7.803606173388591,0,0.0,0.8181556076782076,1,10.0,0.7804408131226839,6,163.0,0.5417055698523267,1,5.0,0.4937552849714429,8,178.0
3005.0,10,187.0,3.169491525423729,6.965383804161232,2,3.0,0.0022712053067162124,1,15.0,0.8253290227853852,7,194.0,0.3403445220051906,0,0.0,0.9504281004546249,10,212.0
3010.0,13,246.0,4.169491525423729,6.281697784987061,2,13.0,6.86286063193287e-06,2,22.0,0.6849001699617275,9,239.0,0.16256640058201213,0,0.0,0.9582081934633339,13,274.0
3015.0,16,314.0,5.413793103448276,5.601852236564443,2,23.0,0.0,2,32.0,0.6949357847980621,12,287.0,0.010523894083465053,0,0.0,0.9454095074563492,16,342.0
3020.0,19,400.0,7.017543859649122,5.0551653767585005,2,33.0,0.0,2,42.0,0.3119081358389016,15,355.0,0.11070263229464214,0,0.0,0.9798375944393412,19,430.0
3025.0,17,404.0,7.214285714285714,4.687686180109213,2,43.0,0.0,6,63.0,0.12307630957497823,9,347.0,0.07892379653711028,0,0.0,0.9511805899966465,17,453.0
3030.0,15,469.0,8.086206896551724,5.348802542860954,2,62.0,0.32474868095791,6,98.0,0.22554864778338066,7,357.0,0.1373072537878301,0,0.0,0.957556343001364,15,517.0
3035.0,16,548.0,9.963636363636363,4.8850334520546514,2,72.0,0.14499818485598717,7,132.0,0.28112489111317185,7,381.0,0.00534133104785975,0,0.0,0.977896720221221,16,585.0
3040.0,19,639.0,10.830508474576272,5.02688041181321,3,87.0,0.026025760098554708,7,167.0,0.4036444435602505,8,420.0,0.1008185622082183,0,0.0,0.9837233094902013,18,674.0
3045.0,13,470.0,7.580645161290323,5.1472369294426,0,10.0,0.03110774004148215,7,202.0,0.40494871671704696,6,360.0,0.22918038990155398,0,0.0,0.9713281689158648,13,572.0
3050.0,12,521.0,8.403225806451612,6.084410451446866,0,0.0,0.18761440651272665,7,234.0,0.40467562808701396,5,312.0,0.2704467687410981,0,0.0,0.48840654679165,12,546.0
3055.0,13,585.0,9.59016393442623,6.450595345165287,0,0.0,0.37723993684269563,7,266.0,0.2990618488487347,5,337.0,0.2790988313373516,1,4.0,0.4762873165267108,13,607.0
3060.0,15,655.0,10.234375,6.6828626761918795,0,0.0,1.0,7,301.0,0.21898138746030377,5,362.0,0.26562524867310244,1,9.0,0.49670867733338586,13,672.0
3065.0,9,402.0,6.28125,6.583696203986947,0,0.0,1.0,1,39.0,0.26302350994993223,5,387.0,0.26669082650329734,1,14.0,0.6350456031793538,7,440.0
3070.0,10,450.0,7.258064516129032,6.690765701819494,0,0.0,1.0,1,7.0,0.3788612143669874,5,412.0,0.26107905152760297,1,19.0,0.33706516699443223,7,438.0
3075.0,8,462.0,7.573770491803279,7.178041707726409,0,0.0,0.7327411718744039,1,12.0,0.4609761435504273,5,446.0,0.45445009893628974,2,29.0,0.3255029732133868,8,487.0
3080.0,11,511.0,8.516666666666667,7.037604157585879,2,5.0,0.0006005790192111962,1,43.0,0.7109714859851224,5,471.0,0.5165978849490455,2,39.0,0.24435012171812986,10,558.0
3085.0,10,535.0,9.067796610169491,7.46441555203689,0,0.0,1.0,0,26.0,0.9595931226211641,5,506.0,0.49844158667363114,3,51.0,0.09319275140189057,8,583.0
3090.0,12,590.0,10.0,7.15815580465486,0,0.0,1.0,1,10.0,0.5877414246748881,6,537.0,0.5116593340910753,3,66.0,0.17460939591165803,10,613.0
3095.0,11,571.0,10.017543859649123,6.989022635779826,0,0.0,1.0,3,17.0,0.5150598638851178,6,564.0,0.45519542693981285,0,0.0,0.977195667471854,9,581.0
3100.0,14,629.0,11.436363636363636,6.570776612297851,0,0.0,1.0,3,28.0,0.46951526920736547,9,610.0,0.3374471695262491,0,0.0,0.9369304465217515,12,638.0
3105.0,12,671.0,11.771929824561404,5.772651159295775,0,0.0,1.0,3,28.0,0.34374039462991873,7,633.0,0.13721231360986133,0,0.0,0.9634858232243073,10,661.0
3110.0,14,738.0,12.724137931034482,6.555204982560039,0,6.0,0.6341912245337578,5,50.0,0.4247373697686087,7,665.0,0.11816694350359855,0,0.0,0.9253074439971978,12,721.0
3115.0,17,811.0,13.982758620689655,6.4619647602725205,3,9.0,0.15533801394222593,5,75.0,0.5441954016512459,7,705.0,0.2739204641710475,0,0.0,0.8907913183678478,15,789.0
3120.0,18,898.0,15.482758620689655,5.876721076034477,3,24.0,0.020679449929740846,5,100.0,0.4708807766160872,7,737.0,0.29075083075913916,0,0.0,0.3645337926661502,15,861.0
3125.0,12,558.0,9.3,6.253967782950927,0,1.0,0.043638214264339836,1,61.0,0.6404050366593999,5,602.0,0.38818736254145975,2,9.0,0.31362459866139125,8,673.0
3130.0,3,31.0,0.5254237288135594,7.930334308808013,0,0.0,1.0,0,0.0,0.9271885378429293,0,321.0,0.5431766681431743,2,19.0,0.3284751907489666,2,340.0
3135.0,5,36.0,0.5806451612903226,8.00222286760787,0,0.0,1.0,0,0.0,0.8033772999249504,0,102.0,0.7485446343562427,2,29.0,0.40708070686071984,2,131.0
3140.0,7,56.0,0.9491525423728814,7.826235023438112,0,0.0,1.0,4,10.0,0.3783718867610022,0,15.0,0.8240199770084854,2,39.0,0.28951392365551015,6,64.0
3145.0,4,62.0,1.087719298245614,7.805092708004901,0,0.0,1.0,0,0.0,0.781442949150738,0,6.0,0.8614626903411603,2,49.0,0.23517272316975404,2,55.0
3150.0,5,85.0,1.5178571428571428,7.558372397048466,0,0.0,1.0,0,0.0,0.9489610329797172,0,0.0,0.9293520612702053,3,62.0,0.24846529667665498,3,62.0
3155.0,4,42.0,0.8235294117647058,7.298211000409613,0,0.0,1.0,0,0.0,0.9509493158682047,0,3.0,0.9280713583639689,0,7.0,0.45687594268565485,0,10.0
3160.0,5,66.0,1.2941176470588236,7.814804467447314,0,0.0,1.0,0,0.0,0.9248072267432148,0,9.0,0.856806605611653,0,0.0,0.7391945205696604,0,9.0
3165.0,6,94.0,1.88,7.549698418395027,0,0.0,1.0,0,0.0,0.9423101368099509,0,3.0,0.8859769499988615,0,0.0,0.9933749382355253,0,3.0
3170.0,6,70.0,1.4,7.556357627106487,0,0.0,1.0,1,1.0,0.7192072864197674,0,3.0,0.9657220468785802,0,0.0,0.9716633395870538,1,4.0
3175.0,6,95.0,2.0652173913043477,7.046392440906409,0,0.0,1.0,2,8.0,0.6179550394644837,0,3.0,0.6460122123748313,0,0.0,0.9445790243351572,2,11.0
3180.0,4,26.0,0.5652173913043478,7.061138330376436,0,0.0,1.0,3,22.0,0.573895096019202,1,7.0,0.5975054086970598,0,0.0,0.8154361887563816,4,29.0
3185.0,7,57.0,1.2391304347826086,6.204908601733501,0,0.0,1.0,4,41.0,0.434308367951257,2,15.0,0.2992933568047402,1,4.0,0.47264565267277214,7,60.0
3190.0,6,68.0,1.446808510638298,5.976605093128411,0,0.0,1.0,2,39.0,0.6493519548707604,3,27.0,0.0016667743147456594,1,9.0,0.6429207800486644,6,75.0
3195.0,7,89.0,1.934782608695652,6.562443740751626,0,0.0,1.0,4,51.0,0.4227193392770687,3,42.0,0.0,0,0.0,0.9704580959621898,7,93.0
3200.0,8,124.0,2.5833333333333335,7.003636049465939,0,0.0,1.0,4,72.0,0.3668824171242351,4,60.0,0.10805137562710498,0,0.0,0.950226045117771,8,132.0
3205.0,11,169.0,3.38,6.93072801143054,0,0.0,1.0,6,95.0,0.3595717576382465,5,82.0,0.23734656946504945,0,0.0,0.9446262530463325,11,177.0
3210.0,6,102.0,2.04,6.5917742166419835,0,0.0,1.0,0,4.0,0.3965732131613278,6,108.0,0.13564472708850825,0,0.0,0.9507643320177197,6,112.0
3215.0,8,138.0,2.875,6.031559087526051,0,0.0,1.0,2,6.0,0.16106291502520656,6,138.0,0.08363103822280349,0,0.0,0.9577724940607736,8,144.0
3220.0,7,83.0,1.8444444444444446,6.795800911748263,0,0.0,1.0,4,25.0,0.19097766993517235,3,64.0,0.3767859680026679,0,0.0,0.9409299702583411,7,89.0
3225.0,7,118.0,2.4081632653061225,7.553588542487545,0,3.0,0.580097094143384,4,84.0,0.46014497913289737,3,79.0,0.45996283828753565,0,0.0,0.8117650868319495,7,166.0
3230.0,8,143.0,2.803921568627451,6.708738573779321,0,6.0,0.024638052497031254,3,88.0,0.5677636957384304,4,97.0,0.4108704662692107,1,3.0,0.4753328365789968,8,194.0
3235.0,11,195.0,3.75,7.280142359375396,2,15.0,4.230877541135799e-05,4,73.0,0.4794214617785598,4,120.0,0.47970635081955026,1,8.0,0.4750771900232825,11,216.0
3240.0,12,244.0,5.083333333333333,6.960031880077284,2,25.0,0.0,6,100.0,0.4242467701897105,4,140.0,0.513879134887874,0,0.0,0.9987687065241286,12,265.0
3245.0,11,225.0,4.591836734693878,6.744099097372862,0,0.0,1.0,7,131.0,0.3403348697866427,4,129.0,0.4062743311732395,0,0.0,0.9868214840709973,11,260.0
3250.0,10,253.0,4.96078431372549,6.158831352075076,0,0.0,1.0,6,148.0,0.4798491304645558,4,126.0,0.24559401537723424,0,0.0,0.9332124191012195,10,274.0
3255.0,13,316.0,6.32,6.678518700976441,0,0.0,0.9578852400406093,6,175.0,0.4799598787239932,6,154.0,0.1218522209932815,0,0.0,0.9263386727729394,12,329.0
3260.0,15,382.0,7.2075471698113205,6.858546550916717,0,0.0,1.0,6,202.0,0.3666387708891155,8,191.0,0.25773666805112366,0,0.0,0.9167453130403855,14,393.0
3265.0,16,455.0,8.584905660377359,6.472647475717244,0,0.0,1.0,7,234.0,0.3208681464374768,8,227.0,0.3011824913751916,0,0.0,0.8316431175249519,15,461.0
3270.0,18,539.0,10.365384615384615,6.404928817877003,0,0.0,1.0,7,269.0,0.34877496485313275,9,269.0,0.2995942263707888,1,2.0,0.49450572354232963,17,540.0
3275.0,16,408.0,8.16,5.655145094577335,0,0.0,1.0,4,175.0,0.268058015341471,9,314.0,0.2537332379116409,1,7.0,0.48846864503801707,14,496.0
3280.0,14,402.0,8.04,6.203413183280901,0,0.0,1.0,1,19.0,0.6763106163963478,10,362.0,0.23222289808324806,0,0.0,0.9990015553131472,11,381.0
3285.0,10,290.0,6.041666666666667,5.7135146674773205,0,0.0,1.0,2,25.0,0.33017352950849677,5,262.0,0.217097743232858,0,0.0,0.9676310003463443,7,287.0
3290.0,9,275.0,5.851063829787234,6.33724557364614,0,0.0,0.9889955745082024,2,41.0,0.520148597254985,4,232.0,0.32789376004148696,0,0.0,0.9692449024957056,6,273.0
3295.0,8,288.0,5.76,7.354670979286724,0,0.0,0.9355629190331491,1,38.0,0.7908587071262491,4,228.0,0.40950860507252124,0,0.0,0.9774658945893306,5,266.0
3300.0,5,285.0,5.7,7.398243320870855,0,0.0,1.0,1,43.0,0.7825564536887777,4,248.0,0.4782859557870516,0,0.0,0.7653838794527237,5,291.0
3305.0,6,100.0,2.0408163265306123,7.166559911334597,0,0.0,1.0,1,48.0,0.7672776236243332,2,141.0,0.5073826136442888,1,3.0,0.4838333594207566,4,192.0
3310.0,6,95.0,2.021276595744681,7.587267022062325,0,0.0,1.0,1,56.0,0.7943232557726295,1,31.0,0.6145671721486962,1,8.0,0.46780559958203705,3,95.0
3315.0,4,103.0,2.1020408163265305,8.176919886940688,0,0.0,1.0,1,61.0,0.7813283297098906,2,41.0,0.5830615973412041,1,13.0,0.35051104950757717,4,115.0
3320.0,3,49.0,1.0425531914893618,7.9847171254461,0,0.0,1.0,1,7.0,0.4899738171193153,2,51.0,0.5904922335902587,0,0.0,0.5432502797050454,3,58.0
3325.0,3,52.0,1.1304347826086956,8.416610174082482,0,0.0,1.0,2,11.0,0.4374499073205584,1,52.0,0.713946318688869,0,0.0,0.9016324991556846,3,63.0
3330.0,4,70.0,1.5217391304347827,8.23827231127723,0,0.0,0.9889949438909601,3,24.0,0.48660231001130994,1,54.0,0.7203206010947636,0,0.0,0.9164482481628775,4,78.0
3335.0,4,90.0,1.9148936170212767,8.272511383007162,0,0.0,1.0,3,39.0,0.5632610013351022,1,61.0,0.6462162444198887,0,0.0,0.8970572452289538,4,100.0
3340.0,2,61.0,1.297872340425532,8.08393281167598,0,0.0,1.0,0,3.0,0.7871881557562912,2,69.0,0.5614931770894481,0,0.0,0.94579352601151,2,72.0
3345.0,0,0.0,0.0,8.577934451939779,0,0.0,1.0,0,15.0,0.9238372711727345,0,15.0,0.6841940964412573,0,0.0,0.38182913354330567,0,30.0
3350.0,5,15.0,0.3125,8.334405233017714,0,0.0,1.0,1,2.0,0.7688635376894085,2,7.0,0.5194667777126433,2,9.0,0.31651869144696143,5,18.0
3355.0,8,47.0,1.0,7.813795055823332,0,0.0,1.0,2,9.0,0.6619357258225478,3,21.0,0.4793662738205395,3,20.0,0.27483610624527244,8,50.0
3360.0,5,52.0,1.1555555555555554,8.060128212255556,0,0.0,1.0,2,19.0,0.48819020347656145,3,36.0,0.36823689552710154,0,13.0,0.7319284198815111,5,68.0
3365.0,5,52.0,1.1818181818181819,7.995810863441386,0,0.0,1.0,3,33.0,0.5441850489068143,2,28.0,0.5150072349261302,0,0.0,0.9096435256410725,5,61.0
3370.0,6,81.0,1.8837209302325582,8.021258117110756,0,3.0,0.6500522015941945,3,48.0,0.6237366737584367,2,32.0,0.48021047935491634,0,0.0,0.9473973627505152,5,83.0
3375.0,8,116.0,2.577777777777778,8.190056061737888,0,0.0,1.0,4,67.0,0.590491311748191,2,42.0,0.5790199337809596,0,0.0,0.9378885696570312,6,109.0
3380.0,9,157.0,3.488888888888889,7.367427862629351,0,0.0,0.9368090919792729,4,87.0,0.5123958772906859,2,49.0,0.5796168247793545,0,0.0,0.9010420089950658,6,136.0
3385.0,7,171.0,3.8,7.639178065948137,0,0.0,1.0,5,112.0,0.44444966086134663,2,59.0,0.4906512043070852,0,0.0,0.9189543191513824,7,171.0
3390.0,6,97.0,2.0638297872340425,7.4785948879065725,0,0.0,1.0,4,99.0,0.4458344367377405,1,27.0,0.5208995040882,1,1.0,0.32372535677459496,6,127.0
3395.0,8,134.0,2.9130434782608696,8.019284965526044,0,0.0,1.0,4,115.0,0.48020778044993434,1,9.0,0.7631728689964106,2,10.0,0.31620749587043284,7,134.0
3400.0,10,180.0,4.090909090909091,7.592174616299218,0,0.0,1.0,5,137.0,0.25237171517665996,1,14.0,0.8057213837656078,2,20.0,0.3321761114027348,8,171.0
3405.0,13,239.0,5.085106382978723,6.913195207200829,0,0.0,1.0,6,167.0,0.2734906905801865,2,21.0,0.5695391550105404,2,30.0,0.2725673181731511,10,218.0
3410.0,13,137.0,2.9782608695652173,6.10433543485148,0,0.0,1.0,3,94.0,0.3210259488957313,2,31.0,0.6311302826182653,2,40.0,0.336108884191981,7,165.0
3415.0,12,167.0,3.630434782608696,5.622308841461701,0,0.0,1.0,3,42.0,0.3305453597891454,0,3.0,0.650647409292017,2,50.0,0.38061150367897134,5,95.0
3420.0,15,219.0,4.659574468085107,5.612841165987377,0,3.0,0.5467651852376971,3,54.0,0.28636181589389986,1,8.0,0.6417141898620218,3,62.0,0.38804554125781665,7,127.0
3425.0,16,280.0,5.6,5.720167182863572,1,4.0,0.022263273827569367,5,74.0,0.19297922837241835,1,10.0,0.6450773684769907,3,77.0,0.5492790548284212,10,165.0
3430.0,9,184.0,3.7551020408163267,6.013698809136083,0,0.0,1.0,5,99.0,0.13145311952970296,1,15.0,0.6187970860731556,0,11.0,0.5233177081191558,6,125.0
3435.0,5,90.0,1.8,6.91846696084529,0,0.0,1.0,0,13.0,0.4966415379089816,1,4.0,0.5051434362778041,0,0.0,0.7314296527958337,1,17.0
3440.0,4,20.0,0.38461538461538464,7.871663954960823,0,0.0,1.0,0,9.0,0.9485330889565937,3,15.0,0.38615153747506653,0,0.0,0.9442928990147751,3,24.0
3445.0,8,42.0,0.7924528301886793,7.33316860311047,0,0.0,1.0,0,9.0,0.9111891175864064,5,43.0,0.3630293557129826,0,0.0,0.9536569218586038,5,52.0
3450.0,10,83.0,1.5660377358490567,6.862212279225285,0,0.0,1.0,1,11.0,0.6417440729200937,6,71.0,0.22909947464225888,0,0.0,0.9404748465707016,7,82.0
3455.0,5,42.0,0.8076923076923077,6.882278623681132,0,0.0,1.0,1,8.0,0.6185676596986891,2,36.0,0.4056185727559988,0,0.0,0.977629919711819,3,44.0
3460.0,2,25.0,0.4807692307692308,7.918654621173376,0,0.0,1.0,1,16.0,0.5026030686101215,1,23.0,0.7345995997046446,0,0.0,0.9358058874937629,2,39.0
3465.0,4,41.0,0.8367346938775511,8.67008154348947,0,0.0,1.0,2,29.0,0.6232034575653833,1,24.0,0.8029240103671822,0,0.0,0.9541023656255182,3,53.0
3470.0,4,56.0,1.1666666666666667,8.483717594246146,0,0.0,1.0,2,39.0,0.7334797027731852,2,27.0,0.5007658165529718,0,0.0,0.9539860954762184,4,66.0
3475.0,4,62.0,1.2916666666666667,7.876089050981837,0,0.0,0.9429991923504903,2,35.0,0.7431936365377634,2,46.0,0.3504839275665134,0,0.0,0.9284964618144782,4,81.0
3480.0,4,82.0,1.7446808510638299,7.628123744748885,0,0.0,1.0,2,46.0,0.7275172131832172,2,44.0,0.4597505220379917,0,0.0,0.9589848375221312,4,90.0
3485.0,9,117.0,2.4893617021276597,7.588547419974167,0,0.0,1.0,3,59.0,0.6905826016339258,4,60.0,0.3197044915648481,0,0.0,0.9599928351221395,7,119.0
3490.0,9,162.0,3.306122448979592,7.491550344019462,0,0.0,1.0,3,65.0,0.622842786986118,4,87.0,0.408083105516832,0,0.0,0.9542214967899592,7,152.0
3495.0,6,107.0,2.0576923076923075,7.025552892005659,0,0.0,1.0,0,17.0,0.6949116592330463,2,84.0,0.44466751359287904,0,0.0,0.7314288463582775,2,101.0
3500.0,12,141.0,2.764705882352941,6.64445337919856,0,3.0,0.6853134311954596,2,11.0,0.6163180843579452,4,99.0,0.32251281476155164,1,3.0,0.49155852904196734,7,116.0
3505.0,11,191.0,3.8979591836734695,6.988445897109213,0,0.0,1.0,2,23.0,0.5954338828562421,4,122.0,0.4095393751834647,1,8.0,0.47970270619978334,7,153.0
3510.0,10,233.0,5.177777777777778,7.152667499099434,0,0.0,1.0,2,36.0,0.6443165426651958,4,139.0,0.3249331703750212,0,0.0,0.9683038206259394,6,175.0
3515.0,8,169.0,3.840909090909091,6.657745988475116,0,0.0,1.0,2,48.0,0.453805209912734,2,93.0,0.440102031023462,0,0.0,0.9443620217619605,4,141.0
3520.0,9,214.0,4.7555555555555555,7.287790064125058,0,0.0,1.0,3,60.0,0.5185825100352897,2,58.0,0.4680925292416947,0,0.0,0.9996889387032876,5,118.0
3525.0,11,267.0,5.933333333333334,7.162275104001392,0,0.0,1.0,3,64.0,0.49000850790992706,4,76.0,0.4878690827599845,0,0.0,0.9959964469204831,7,140.0
3530.0,12,324.0,6.75,6.7556984992616265,0,0.0,1.0,4,81.0,0.5312015720538299,4,93.0,0.46134383556069863,0,0.0,0.9926752416162277,8,174.0
3535.0,8,261.0,5.4375,6.3303819528499785,0,0.0,1.0,1,1.0,0.5829927919607093,2,82.0,0.546248363599224,0,0.0,0.9890587608485566,3,83.0
3540.0,10,241.0,5.239130434782608,6.433677141852994,0,0.0,1.0,3,15.0,0.4088216862004791,3,93.0,0.491459745748621,0,0.0,0.9623812800992552,6,108.0
3545.0,8,134.0,2.977777777777778,7.289040354409892,0,0.0,1.0,5,39.0,0.3985723086111135,3,114.0,0.5421914122653904,0,0.0,0.9307513818503729,8,153.0
3550.0,9,175.0,3.6458333333333335,7.6361668692819835,0,0.0,1.0,6,65.0,0.3648504127179255,3,129.0,0.5945052060638638,0,0.0,0.9650087186201369,9,194.0
3555.0,10,225.0,5.0,7.153609187905093,0,0.0,1.0,7,100.0,0.3486875371113579,3,144.0,0.5490114922215324,0,0.0,0.4855015576807307,10,244.0
3560.0,11,280.0,6.363636363636363,6.63044927387107,0,0.0,1.0,7,135.0,0.34103649542252695,3,159.0,0.5524835164297194,1,5.0,0.48200569119940767,11,299.0
3565.0,10,325.0,7.222222222222222,6.367486446312539,0,0.0,1.0,7,170.0,0.4053653456022059,3,174.0,0.5434477570833961,0,0.0,0.933049976029599,10,344.0
3570.0,12,378.0,8.042553191489361,6.103814295050259,0,0.0,1.0,9,208.0,0.1640772491783528,3,192.0,0.5664647172727536,0,0.0,0.9621958697819913,12,400.0
3575.0,15,432.0,9.0,5.15256273496099,0,0.0,1.0,7,234.0,0.10336717805472895,8,214.0,0.1671349929975099,0,0.0,0.9608123809742122,15,448.0
3580.0,16,473.0,9.854166666666666,5.3577263982273635,0,0.0,1.0,8,273.0,0.10576532011794068,8,217.0,0.029363912971273498,0,0.0,0.9811419244290094,16,490.0
3585.0,18,558.0,11.16,5.982764851257431,0,0.0,1.0,8,313.0,0.19673248843139585,10,265.0,0.08555687741403128,0,0.0,0.9557450084364331,18,578.0
3590.0,18,648.0,12.96,6.091981611527114,0,0.0,1.0,8,353.0,0.22270214834499072,10,315.0,0.20692861735231655,0,0.0,0.9535932974775295,18,668.0
3595.0,19,739.0,14.490196078431373,5.519633920623941,0,0.0,1.0,8,393.0,0.18197377196152856,11,366.0,0.18620754327979916,0,0.0,0.9676498811929959,19,759.0
3600.0,16,704.0,13.803921568627452,5.088705779492644,0,0.0,1.0,9,437.0,0.08876904332628054,6,293.0,0.2650866492400585,0,0.0,0.9633869095776951,15,730.0
