step,system_total_stopped,system_total_waiting_time,system_mean_waiting_time,system_mean_speed,cluster_10564135163_13571629282_5146149679_stopped,cluster_10564135163_13571629282_5146149679_accumulated_waiting_time,cluster_10564135163_13571629282_5146149679_average_speed,cluster_10564135205_11749189839_3266988437_5129187741_#3more_stopped,cluster_10564135205_11749189839_3266988437_5129187741_#3more_accumulated_waiting_time,cluster_10564135205_11749189839_3266988437_5129187741_#3more_average_speed,cluster_10564135211_11749189838_12136544949_12136544951_#7more_stopped,cluster_10564135211_11749189838_12136544949_12136544951_#7more_accumulated_waiting_time,cluster_10564135211_11749189838_12136544949_12136544951_#7more_average_speed,cluster_10564135212_13571629279_13571629299_stopped,cluster_10564135212_13571629279_13571629299_accumulated_waiting_time,cluster_10564135212_13571629279_13571629299_average_speed,agents_total_stopped,agents_total_accumulated_waiting_time
0.0,0,0.0,0.0,0.0,0,0.0,1.0,0,0.0,1.0,0,0.0,1.0,0,0.0,1.0,0,0.0
5.0,0,0.0,0.0,11.079646921458595,0,0.0,1.0,0,0.0,0.9712338164701466,0,0.0,1.0,0,0.0,0.9690397381500013,0,0.0
10.0,0,0.0,0.0,9.543722062842141,0,0.0,1.0,0,0.0,0.9878525455653452,0,0.0,1.0,0,0.0,0.9869260247986134,0,0.0
15.0,0,0.0,0.0,8.892772139278303,0,0.0,1.0,0,0.0,0.9474117862533372,0,0.0,1.0,0,0.0,0.9434007341943468,0,0.0
20.0,0,0.0,0.0,9.216918289140878,0,0.0,1.0,0,0.0,0.9435335711554894,0,0.0,1.0,0,0.0,0.9416633097491216,0,0.0
25.0,0,0.0,0.0,9.314759391196095,0,0.0,1.0,0,0.0,0.9586527705030267,0,0.0,0.8158089504375482,0,0.0,0.9561517417327072,0,0.0
30.0,2,5.0,0.4166666666666667,7.130931618332853,0,0.0,1.0,0,0.0,0.972148353771706,2,5.0,0.31713004984093596,0,0.0,0.9535820085388597,2,5.0
35.0,2,15.0,1.0714285714285714,7.335384762359527,0,0.0,1.0,0,0.0,0.9729661632445789,2,15.0,0.33252480908200366,0,0.0,0.955847988438544,2,15.0
40.0,2,25.0,1.5625,7.606891902320445,0,0.0,1.0,0,0.0,0.9888997231661766,2,25.0,0.48821861807958156,0,0.0,0.9597361211351021,2,25.0
45.0,3,36.0,2.0,6.947528658232653,0,0.0,1.0,0,0.0,0.963379916946938,2,35.0,0.4864748097553412,1,1.0,0.4733012699271832,3,36.0
50.0,2,29.0,1.45,7.271846233896935,0,0.0,1.0,0,0.0,0.9882837906414785,1,23.0,0.6335999245184162,1,6.0,0.4672755880127462,2,29.0
55.0,2,39.0,1.7727272727272727,7.44009916260628,0,0.0,0.5178795402054739,0,3.0,0.24510155489143334,1,28.0,0.6221359688420375,1,11.0,0.644348353764792,2,42.0
60.0,4,54.0,2.347826086956522,6.328301007203002,1,1.0,0.005324568474317727,1,7.0,0.47235533272876756,1,33.0,0.6291129416731525,1,16.0,0.44476367488375246,4,57.0
65.0,4,71.0,3.227272727272727,5.840733769161734,0,0.0,1.0,1,12.0,0.5730969525546052,1,38.0,0.003639196944499906,2,24.0,0.3161516117593947,4,74.0
70.0,3,39.0,1.6956521739130435,7.093354878252627,0,0.0,1.0,0,3.0,0.9681491588021137,1,5.0,0.0,2,34.0,0.3242416081486548,3,42.0
75.0,2,10.0,0.37037037037037035,7.701594878570476,0,0.0,1.0,0,3.0,0.9653642712665806,2,10.0,0.0,0,0.0,0.9459288789955569,2,13.0
80.0,1,15.0,0.5357142857142857,8.778299358197316,0,0.0,1.0,0,3.0,0.9465741702414822,1,24.0,0.5683493462976529,0,0.0,0.9733658419310964,1,27.0
85.0,2,21.0,0.7241379310344828,7.682543259091885,0,0.0,1.0,0,0.0,0.9598006430827302,2,30.0,0.5808476388313919,0,0.0,0.9591943672985721,2,30.0
90.0,2,26.0,0.896551724137931,6.752121315611955,0,0.0,1.0,0,0.0,0.9432572292043183,1,28.0,0.4363413744156555,0,0.0,0.9406928646864652,1,28.0
95.0,5,39.0,1.3,6.900456707187121,0,0.0,1.0,1,4.0,0.5524408832609152,4,41.0,0.3143791123369757,0,0.0,0.7803442046470878,5,45.0
100.0,6,69.0,2.225806451612903,8.34284765477572,0,0.0,1.0,1,12.0,0.732282605071374,4,61.0,0.32935586528739424,1,5.0,0.6475905953476815,6,78.0
105.0,6,99.0,3.193548387096774,8.155663454508181,0,0.0,1.0,1,17.0,0.798335690909485,4,78.0,0.2116597636613382,1,10.0,0.6238622904518271,6,105.0
110.0,7,113.0,3.323529411764706,6.689959712557084,0,0.0,1.0,1,20.0,0.6467244847252138,3,82.0,0.21858251054538913,1,15.0,0.613491038334895,5,117.0
115.0,6,126.0,3.6,7.3139575580259075,0,3.0,0.903228942928477,2,29.0,0.6509342750438323,3,95.0,0.2550633670225463,0,0.0,0.639170177809937,5,127.0
120.0,7,159.0,4.542857142857143,7.962769962559639,0,0.0,1.0,2,39.0,0.6745900389280916,4,116.0,0.30535788390365554,0,0.0,0.924678084478572,6,155.0
125.0,8,181.0,5.027777777777778,5.782045176514653,0,0.0,1.0,2,49.0,0.43616118384860814,6,139.0,0.14170742694711047,0,0.0,0.9248936234103854,8,188.0
130.0,14,244.0,6.9714285714285715,4.960088678892386,0,0.0,1.0,6,75.0,0.19768489571772424,8,176.0,0.10205523009748661,0,0.0,0.956192572661264,14,251.0
135.0,13,205.0,5.694444444444445,5.241150933618982,0,0.0,1.0,7,109.0,0.09944999109095051,6,145.0,0.1322241970240923,0,0.0,0.9572521963551709,13,254.0
140.0,12,223.0,6.194444444444445,5.986344683897758,0,0.0,1.0,7,144.0,0.10483014985336225,5,86.0,0.24359954782299614,0,0.0,0.9475783321853308,12,230.0
145.0,15,292.0,7.3,6.095697167322832,0,0.0,1.0,9,184.0,0.09602648519336787,6,115.0,0.12844239006241207,0,0.0,0.9239789229390265,15,299.0
150.0,15,366.0,8.926829268292684,5.795502203004621,0,0.0,1.0,8,224.0,0.1480517128010431,7,149.0,0.0,0,0.0,0.9597700716818073,15,373.0
155.0,13,387.0,9.439024390243903,5.503654530560455,0,0.0,1.0,6,233.0,0.14673088824360747,7,184.0,0.0,0,0.0,0.9615282856634538,13,417.0
160.0,13,452.0,11.024390243902438,5.325859425331406,0,0.0,1.0,6,240.0,0.12424684745273938,7,219.0,0.1129630084338892,0,0.0,0.4561578281669651,13,459.0
165.0,17,532.0,11.822222222222223,5.07136197963439,0,0.0,1.0,7,273.0,0.18847786474597675,7,257.0,0.17183574057377815,2,10.0,0.31844570429279406,16,540.0
170.0,16,610.0,13.26086956521739,5.221028073083684,0,0.0,1.0,7,308.0,0.2122035195127694,7,292.0,0.2731698070540706,2,20.0,0.2711321205370754,16,620.0
175.0,10,402.0,8.73913043478261,5.419775025451773,0,0.0,1.0,7,343.0,0.2040031352877482,1,99.0,0.5629192314160967,2,16.0,0.3305683993884279,10,458.0
180.0,8,375.0,7.9787234042553195,6.745859067760879,0,3.0,0.9945880003603601,8,388.0,0.28002028212969887,0,54.0,0.5706747719694037,0,0.0,0.7291358582566719,8,445.0
185.0,9,419.0,8.551020408163266,7.724518255736829,0,0.0,1.0,8,428.0,0.38642501180181305,1,7.0,0.7121472079208266,0,0.0,0.9632805496588425,9,435.0
190.0,9,464.0,9.28,7.560635037440618,0,0.0,1.0,8,468.0,0.43729676562029285,1,9.0,0.4869740080240563,0,0.0,0.9249649127706775,9,477.0
195.0,4,28.0,0.5490196078431373,6.970982476990968,0,0.0,1.0,0,110.0,0.6456888513416078,2,19.0,0.13334514580140977,0,0.0,0.9481893177199338,2,129.0
200.0,7,57.0,1.0754716981132075,7.500908782705039,0,0.0,1.0,1,10.0,0.7275969163716678,4,37.0,4.904197310425052e-06,0,0.0,0.9444695820448625,5,47.0
205.0,7,66.0,1.2452830188679245,7.959641639180189,0,0.0,1.0,1,12.0,0.7851740442063836,4,66.0,0.4593036775892114,0,0.0,0.9301893944775907,5,78.0
210.0,7,93.0,1.7222222222222223,8.488636920610267,0,0.0,1.0,1,13.0,0.7246425723454206,6,91.0,0.5046627255255353,0,0.0,0.9681487172494495,7,104.0
215.0,6,112.0,2.074074074074074,8.237182303740353,0,0.0,1.0,0,2.0,0.9171469798905022,6,131.0,0.5144746409866712,0,0.0,0.9631081087097155,6,133.0
220.0,5,102.0,1.8545454545454545,7.83819473837152,0,0.0,1.0,1,2.0,0.45470778840581005,4,120.0,0.5525507519232725,0,0.0,0.7061809638962672,5,122.0
225.0,8,136.0,2.5185185185185186,8.25393941313075,0,0.0,1.0,3,13.0,0.3298131898321452,4,119.0,0.6546902274227164,1,3.0,0.4991199319892893,8,135.0
230.0,12,181.0,3.480769230769231,7.20113306588903,0,0.0,1.0,4,29.0,0.3211092487062204,7,143.0,0.35265225075555495,1,8.0,0.46618133254299116,12,180.0
235.0,8,192.0,3.4909090909090907,7.473772175632877,0,0.0,1.0,0,5.0,0.7318535106926518,7,178.0,0.2522131955383247,1,13.0,0.6102101141773747,8,196.0
240.0,6,86.0,1.6862745098039216,6.78245082329123,0,0.0,1.0,0,0.0,0.9262830985194372,4,109.0,0.24637595831404185,1,18.0,0.5571815950750642,5,127.0
245.0,10,114.0,2.28,7.285439033670762,0,0.0,1.0,0,0.0,0.9012145161550906,5,81.0,0.27338464266174306,2,26.0,0.3134877602485308,7,107.0
250.0,12,174.0,3.5510204081632653,6.655450865241057,0,0.0,1.0,0,0.0,0.8224049310313142,7,116.0,0.18728490538591067,2,36.0,0.33284711478603396,9,152.0
255.0,13,214.0,4.553191489361702,6.370689966785619,0,0.0,1.0,0,0.0,0.951689629716401,9,157.0,0.17498579854454335,2,46.0,0.2000035328008242,11,203.0
260.0,6,52.0,1.0612244897959184,6.503173493650286,0,0.0,1.0,1,2.0,0.7079159709070361,2,70.0,0.2829125495587435,0,0.0,0.6148078853840784,3,72.0
265.0,7,56.0,1.1666666666666667,7.116407501678727,0,3.0,0.4978836321882618,1,7.0,0.6006277691147202,0,37.0,0.4875368350526688,0,0.0,0.9870294926850073,1,47.0
270.0,8,95.0,1.9791666666666667,7.88325395571578,0,0.0,0.690058905566428,1,15.0,0.7833033311202958,0,3.0,0.8252468520240871,0,0.0,0.9413422995624926,1,18.0
275.0,12,139.0,2.836734693877551,6.468531291109498,2,2.0,0.20014538246088112,2,21.0,0.6049803621760559,1,1.0,0.6212558422886167,0,0.0,0.9557656571626116,5,24.0
280.0,15,206.0,4.291666666666667,5.877249340698814,3,16.0,0.023845413171740354,2,31.0,0.6547428652959677,2,7.0,0.3321144443475935,0,0.0,0.9566733795652489,7,54.0
285.0,16,283.0,6.0212765957446805,5.481817255285093,4,33.0,0.003981821419077895,2,41.0,0.7299314682565949,2,17.0,0.46143527273004964,0,0.0,0.5020030214394043,8,91.0
290.0,16,296.0,6.040816326530612,6.055311395029996,6,62.0,0.0008960681890780223,2,54.0,0.7266505508157792,2,27.0,0.5659445485537179,1,5.0,0.540793732364028,11,148.0
295.0,8,153.0,3.122448979591837,5.483371154593426,0,28.0,0.024445523440084087,3,66.0,0.39834250055139286,2,37.0,0.5086010145097445,1,5.0,0.4302178764785734,6,136.0
300.0,10,171.0,3.42,5.719652598406903,0,0.0,1.0,5,86.0,0.14536951628036968,2,47.0,0.4923340399549274,2,14.0,0.32029189480879144,9,147.0
305.0,10,221.0,4.333333333333333,6.764069140009449,0,0.0,1.0,5,125.0,0.22125399671097845,2,57.0,0.4226198752133131,2,24.0,0.32513487866874996,9,206.0
310.0,12,249.0,4.69811320754717,6.4290798508977165,0,0.0,1.0,7,159.0,0.27390248321530497,2,108.0,0.05685754453218462,0,0.0,0.6386218290634036,9,267.0
315.0,14,313.0,5.796296296296297,6.270295577757202,0,0.0,1.0,8,181.0,0.15198261468482313,3,127.0,0.21835881006888105,0,0.0,0.8169266420045949,11,308.0
320.0,14,344.0,6.37037037037037,6.14329172566646,0,0.0,1.0,8,221.0,0.10844900336595581,2,98.0,0.3936109793672238,0,0.0,0.972243021455203,10,319.0
325.0,16,420.0,7.777777777777778,6.153739849495237,0,0.0,1.0,8,261.0,0.1971307760938659,2,105.0,0.46612751521627577,0,0.0,0.9696130827001515,10,366.0
330.0,15,448.0,9.142857142857142,5.743264115951338,0,0.0,1.0,8,301.0,0.3432077170608281,2,115.0,0.45395002813021285,0,0.0,0.9327457238014254,10,416.0
335.0,11,439.0,9.145833333333334,6.35986178023609,0,0.0,1.0,8,341.0,0.3411304221818699,2,125.0,0.4897135028820847,0,0.0,0.9466472722955414,10,466.0
340.0,9,379.0,7.895833333333333,6.094729831557667,0,0.0,1.0,8,381.0,0.31345481615012816,0,68.0,0.683639603301803,1,1.0,0.6321544261380597,9,450.0
345.0,11,432.0,8.816326530612244,6.338118826794261,0,0.0,1.0,10,429.0,0.29951870286582305,0,0.0,0.9730278120527297,1,6.0,0.736869128756497,11,435.0
350.0,10,476.0,10.127659574468085,6.283377259984478,0,0.0,1.0,10,479.0,0.2795546788777696,0,0.0,0.33707611636356394,0,0.0,0.9193637520786543,10,479.0
355.0,10,516.0,10.53061224489796,6.422910915405976,0,0.0,1.0,9,538.0,0.2768858499854283,1,7.0,0.5382116200250362,0,0.0,0.8987687018409487,10,545.0
360.0,14,575.0,11.5,6.154614431159455,0,0.0,1.0,10,587.0,0.2533700962385255,3,15.0,0.2293208078278022,0,0.0,0.9538997241786564,13,602.0
365.0,16,649.0,12.245283018867925,6.052988932080606,0,0.0,1.0,12,618.0,0.18662293230701066,3,33.0,0.37185336858268775,0,0.0,0.9393459447592039,15,651.0
370.0,18,725.0,13.425925925925926,5.387710960310072,0,0.0,1.0,13,680.0,0.17619128223154057,5,54.0,0.3018306401627447,0,0.0,0.9946102652968944,18,734.0
375.0,9,107.0,1.9814814814814814,5.354133393082129,0,0.0,1.0,4,221.0,0.14738384049340936,5,79.0,0.2286399998892687,0,0.0,0.9425936268110549,9,300.0
380.0,8,113.0,2.017857142857143,6.218249102358797,0,0.0,1.0,1,38.0,0.3602845289630271,6,109.0,0.24248354069898675,0,0.0,0.965210903973928,7,147.0
385.0,10,156.0,2.7857142857142856,7.141948621936356,0,0.0,1.0,1,11.0,0.6156244127677197,7,149.0,0.4286649333417183,1,2.0,0.6296815211917492,9,162.0
390.0,10,206.0,3.5517241379310347,7.795744738433377,0,0.0,1.0,1,16.0,0.5861448147568108,7,184.0,0.5024489561920605,1,7.0,0.6357180538951552,9,207.0
395.0,11,246.0,4.241379310344827,7.275983932558564,0,0.0,1.0,2,25.0,0.4432702696873885,8,224.0,0.4544365147514958,1,12.0,0.633623725847838,11,261.0
400.0,12,291.0,5.105263157894737,7.198173959683257,0,0.0,1.0,3,37.0,0.5380748405480749,9,269.0,0.4439747518102557,0,0.0,0.5650218972912303,12,306.0
405.0,14,357.0,6.375,6.6619742376446185,0,0.0,1.0,4,53.0,0.2712442097955576,9,317.0,0.4525656475763122,1,5.0,0.4697627515667303,14,375.0
410.0,15,432.0,8.0,5.863945310724772,0,0.0,1.0,5,78.0,0.1565640430526135,9,362.0,0.29658202329689454,1,10.0,0.4772155761333296,15,450.0
415.0,17,512.0,9.309090909090909,5.321125119363917,0,0.0,1.0,5,103.0,0.27300218316371183,11,415.0,0.18345452000518747,1,15.0,0.6624033038556819,17,533.0
420.0,21,608.0,10.857142857142858,4.538971381790632,0,0.0,1.0,6,131.0,0.14013895613426267,14,478.0,0.08921865202083985,1,20.0,0.584654492858999,21,629.0
425.0,23,720.0,12.631578947368421,4.453133869672173,0,0.0,1.0,6,161.0,0.1415070859217505,16,557.0,0.07656250155119036,1,25.0,0.4988054479026274,23,743.0
430.0,14,395.0,6.9298245614035086,4.681458020680851,0,0.0,1.0,6,191.0,0.2407701329252862,7,322.0,0.1302092658778483,1,30.0,0.4807009340916733,14,543.0
435.0,10,332.0,5.442622950819672,5.710124222483317,0,3.0,0.5723334272558489,5,212.0,0.4128743522147111,3,164.0,0.2926325175832114,1,35.0,0.6377144557927844,9,414.0
440.0,13,391.0,6.516666666666667,6.618911056604731,1,7.0,0.33620571118519077,6,240.0,0.4884063918301224,4,117.0,0.39443931953372025,1,40.0,0.38172681569210526,12,404.0
445.0,17,471.0,7.721311475409836,6.014892295575336,3,19.0,0.09719626637840224,6,270.0,0.5243580388949403,4,139.0,0.47691428305574735,2,49.0,0.3143068969787484,15,477.0
450.0,17,536.0,8.933333333333334,4.7882606678409125,0,0.0,0.06680405866457617,7,302.0,0.43953594437143423,4,159.0,0.35208661041750444,2,59.0,0.32841592517811813,13,520.0
455.0,23,639.0,10.306451612903226,4.573870682450797,0,0.0,0.16518923347020376,9,343.0,0.39910919707178094,5,184.0,0.27360322976784285,2,69.0,0.3171707327258599,16,596.0
460.0,24,734.0,12.032786885245901,4.9981819302079264,0,0.0,1.0,9,385.0,0.407225728626406,4,199.0,0.3142811846014128,3,82.0,0.2710465926119863,16,666.0
465.0,23,848.0,13.67741935483871,5.5566917778109515,0,3.0,0.9591367909834273,9,448.0,0.3615017527100179,4,219.0,0.3248553146344452,3,97.0,0.36963951852564836,16,767.0
470.0,21,803.0,11.985074626865671,5.174308939222264,0,0.0,1.0,12,496.0,0.18735768756230395,4,239.0,0.06231108860812346,0,0.0,0.9329683823671359,16,735.0
475.0,21,843.0,12.772727272727273,5.149289870369637,0,0.0,1.0,13,541.0,0.10373431069576727,6,276.0,0.14684604787245767,0,0.0,0.9275923915259772,19,817.0
480.0,21,882.0,13.78125,4.485828071115188,0,0.0,1.0,16,612.0,0.049827463209120855,4,276.0,0.1161753009957431,0,0.0,0.92383355730216,20,888.0
485.0,25,997.0,16.34426229508197,4.832458413295186,0,3.0,0.5775632704487416,18,701.0,0.1549137523776631,6,305.0,0.1415644807512805,0,0.0,0.9524274762034572,24,1009.0
490.0,26,1118.0,18.032258064516128,4.2587441599949205,1,7.0,0.024619881054630612,19,792.0,0.174271326213675,6,335.0,0.0,0,0.0,0.9480444984167837,26,1134.0
495.0,26,888.0,14.32258064516129,4.311473922644917,2,14.0,0.0004357978382307439,15,673.0,0.21214438564979252,6,390.0,0.05741728224148003,0,0.0,0.9478611910985075,23,1077.0
500.0,21,669.0,11.15,4.720200130347989,2,24.0,5.6047222400231715e-06,8,420.0,0.34989860963070263,7,422.0,0.0005897192494999812,1,2.0,0.4830646437024504,18,868.0
505.0,23,758.0,12.031746031746032,4.9863734733849014,2,34.0,0.0,9,296.0,0.3628253291005432,7,460.0,0.16651305277538075,1,7.0,0.6184608104829198,19,797.0
510.0,17,791.0,12.555555555555555,5.295927206303999,0,0.0,1.0,9,322.0,0.2890055296020783,7,495.0,0.2598605422055632,1,12.0,0.6020752668769954,17,829.0
515.0,19,879.0,13.734375,5.074540194610162,0,0.0,1.0,10,368.0,0.14173182285262573,7,530.0,0.34743956146621446,2,19.0,0.32734145130114356,19,917.0
520.0,18,946.0,14.78125,5.184293395562721,0,0.0,1.0,11,419.0,0.0700762594691545,7,565.0,0.3992642685819055,0,0.0,0.9704774132925993,18,984.0
525.0,23,1055.0,16.23076923076923,5.30694131952055,0,0.0,1.0,14,486.0,0.08195965785743264,8,610.0,0.4426185171154027,0,0.0,0.9442995967739264,22,1096.0
530.0,23,1163.0,17.62121212121212,5.237854707397907,0,0.0,1.0,14,556.0,0.06406027492318556,9,652.0,0.39428038827279815,0,0.0,0.9789373668184456,23,1208.0
535.0,23,988.0,14.746268656716419,4.918485188911758,0,0.0,1.0,14,626.0,0.059520845159333764,8,518.0,0.24318815858714118,0,0.0,0.9998558285873999,22,1144.0
540.0,22,736.0,11.682539682539682,5.323633925178079,0,0.0,1.0,15,699.0,0.06000240942356493,6,327.0,0.25733667257762927,0,0.0,0.9961086939248718,21,1026.0
545.0,23,842.0,12.953846153846154,4.961097003830632,0,0.0,1.0,15,774.0,0.045344632405462035,8,214.0,0.1659421766758955,0,0.0,0.8130364840289146,23,988.0
550.0,29,973.0,14.96923076923077,4.6941980281478735,0,0.0,1.0,15,852.0,0.17187162662997735,10,135.0,0.09072110127365879,1,4.0,0.649888081276732,26,991.0
555.0,10,187.0,2.876923076923077,5.272709281576868,0,0.0,0.9521309393884806,5,431.0,0.32813029215282025,1,48.0,0.10313680829879984,1,9.0,0.6400632069647133,7,488.0
560.0,8,87.0,1.359375,6.4668516277387535,1,5.0,0.5866160843278968,2,156.0,0.49404352651711675,0,0.0,0.9082193223586159,0,0.0,0.8633810071361877,3,161.0
565.0,11,120.0,1.935483870967742,7.409655000861073,2,8.0,0.0004741091235853511,3,61.0,0.599407218236725,0,12.0,0.8852584035299256,0,0.0,0.9741346681503522,5,81.0
570.0,8,113.0,1.8524590163934427,8.056851538456838,2,18.0,0.0,3,76.0,0.7354908176847016,0,9.0,0.946776740560878,0,0.0,0.9428598272159421,5,103.0
575.0,3,29.0,0.4915254237288136,8.093892284937654,2,28.0,0.0,0,19.0,0.7584112724865957,1,10.0,0.8461450570787387,0,0.0,0.9431439182252759,3,57.0
580.0,3,44.0,0.7096774193548387,9.068965024573115,2,38.0,0.0,0,9.0,0.9174027879951824,1,15.0,0.8642469112437585,0,0.0,0.9558001911437084,3,62.0
585.0,5,62.0,1.087719298245614,8.805599935146644,2,48.0,0.0,1,8.0,0.8295773192862598,2,24.0,0.7734696622391557,0,0.0,0.9717635613263965,5,80.0
590.0,8,91.0,1.6851851851851851,7.296169369657935,2,58.0,0.0,2,12.0,0.549530744940245,4,36.0,0.538398971437605,0,0.0,0.9652073233597764,8,106.0
595.0,9,125.0,2.272727272727273,6.430207830933663,2,68.0,0.0,0,3.0,0.6333008712076243,7,69.0,0.3568356136502524,0,0.0,0.8604283073255523,9,140.0
600.0,9,170.0,3.0357142857142856,6.380684341125891,2,78.0,0.0,0,0.0,0.9494605004589471,7,104.0,0.32108787232041214,0,0.0,0.6391155879795426,9,182.0
605.0,12,226.0,3.9649122807017543,6.573419854273264,2,88.0,0.0,0,0.0,0.9993943367240251,9,148.0,0.34638668119370913,1,5.0,0.6415857705510146,12,241.0
610.0,4,74.0,1.3454545454545455,6.972963296828729,0,0.0,1.0,0,0.0,0.926360822767288,3,78.0,0.393545987793052,1,10.0,0.706394093455706,4,88.0
615.0,4,83.0,1.456140350877193,7.595364481072117,0,9.0,0.5603096244903861,0,3.0,0.8253010137233576,3,75.0,0.4666502782207677,1,15.0,0.7474802966169738,4,102.0
620.0,4,85.0,1.6037735849056605,8.036644280823634,0,0.0,0.7632862242820929,1,2.0,0.6412186606952601,3,83.0,0.5554733577781645,0,0.0,0.8426809590764264,4,85.0
625.0,5,107.0,2.0980392156862746,8.194704344438458,0,0.0,1.0,1,7.0,0.649574435809396,4,103.0,0.4174567014776479,0,0.0,0.9693845209201425,5,110.0
630.0,5,132.0,2.64,8.433903256435373,0,0.0,0.9771030289570397,1,12.0,0.7022111490205207,4,120.0,0.19160320614880583,0,0.0,0.9257613137671248,5,132.0
635.0,5,142.0,2.784313725490196,7.856164530502611,0,0.0,0.010514768239806295,0,0.0,0.821888974883209,5,142.0,0.26973282878691623,0,0.0,0.9504427088899662,5,142.0
640.0,10,181.0,3.62,7.903215506505365,1,5.0,0.0,0,0.0,0.9220134131073725,7,170.0,4.5221413218876745e-05,0,0.0,0.9910291111848613,8,175.0
645.0,8,215.0,4.479166666666667,7.969999555124667,1,10.0,0.0,0,0.0,0.9775427341904145,7,212.0,0.28411917971453515,0,0.0,0.997130997175891,8,222.0
650.0,7,240.0,5.1063829787234045,8.110041249083546,0,0.0,1.0,0,0.0,0.9480477817041868,7,244.0,0.21247460208257565,0,0.0,0.9712199169530769,7,244.0
655.0,5,222.0,4.723404255319149,6.932139527376981,0,0.0,1.0,0,0.0,0.5988200364494702,4,224.0,0.32113482781613467,0,0.0,0.6975098045513958,4,224.0
660.0,12,272.0,5.666666666666667,6.710062681447049,0,3.0,0.6097371406976364,3,17.0,0.40388836434374986,4,243.0,0.3133714752622661,1,5.0,0.49084701373173584,8,268.0
665.0,11,320.0,6.808510638297872,6.710934035295646,0,0.0,1.0,3,32.0,0.4210525033135208,4,263.0,0.3243254877199843,1,10.0,0.4758180871312095,8,305.0
670.0,10,351.0,7.02,6.238370127082415,0,0.0,0.9196807486808453,4,44.0,0.2886970677768966,4,283.0,0.19676718151737793,1,15.0,0.19914469397242796,9,342.0
675.0,14,415.0,8.645833333333334,5.840553598062531,1,3.0,0.0002932260573953328,4,64.0,0.266422225387075,5,306.0,5.729292663992847e-05,2,24.0,0.21076222593263175,12,397.0
680.0,14,485.0,10.104166666666666,5.298939337159826,1,8.0,0.0,4,84.0,0.3134608272656026,5,331.0,0.0,2,34.0,0.44537938803358057,12,457.0
685.0,17,524.0,10.27450980392157,5.16649435801224,1,13.0,0.0,5,104.0,0.18900831490120093,5,356.0,0.15135134222503968,0,0.0,0.9181641054345095,11,473.0
690.0,16,604.0,12.08,5.561823633675454,1,18.0,0.0,4,124.0,0.22995941584647217,5,387.0,0.21492084160480196,0,0.0,0.9628890076021069,10,529.0
695.0,6,426.0,8.693877551020408,5.803507249484093,1,23.0,0.0,0,3.0,0.44291605434914477,5,412.0,0.1062216760894205,0,0.0,0.9691058580738102,6,438.0
700.0,10,469.0,10.195652173913043,6.066208624706755,1,28.0,0.0,1,1.0,0.5611776517985269,8,449.0,0.05548038510872293,0,0.0,0.9562326482948974,10,478.0
705.0,10,519.0,10.8125,6.610397428945325,1,33.0,0.0,1,6.0,0.7068999664275999,8,495.0,0.2052529836221297,0,0.0,0.9556110273636239,10,534.0
710.0,10,569.0,11.612244897959183,6.558088553481265,1,38.0,0.0,1,12.0,0.6472647773939955,8,535.0,0.20854301815854667,0,0.0,0.938996879573254,10,585.0
715.0,13,630.0,13.125,6.6149779001517794,1,43.0,0.0,1,17.0,0.5713044517549757,11,587.0,0.2623284898573887,0,0.0,0.9243039795825447,13,647.0
720.0,9,581.0,12.104166666666666,6.051656484085933,1,48.0,0.0,1,22.0,0.2884113770838316,6,526.0,0.33909904218298553,0,0.0,0.9823554765369832,8,596.0
725.0,11,625.0,13.020833333333334,5.945856156890138,1,56.0,0.31093295308629193,4,47.0,0.3291576902068511,5,539.0,0.4751645472086897,0,0.0,0.7661338597718809,10,642.0
730.0,13,675.0,13.775510204081632,5.97729326111144,1,61.0,0.14609744243028291,4,67.0,0.5225066702197063,5,556.0,0.3739573766859713,2,4.0,0.3205664411218361,12,688.0
735.0,14,731.0,14.62,5.471852483350638,2,71.0,0.2569264216038222,3,76.0,0.6496440230414235,7,583.0,0.12293490320266336,2,14.0,0.3322027947413225,14,744.0
740.0,12,769.0,14.50943396226415,5.563240167928706,3,82.0,0.018539368335787513,3,91.0,0.669464435515399,6,609.0,0.0032132627605191396,0,0.0,0.6398044916717768,12,782.0
745.0,11,741.0,14.25,6.074744936508112,0,4.0,0.03982843805182916,3,129.0,0.6674194518333577,7,650.0,0.1580340704513693,0,0.0,0.8419018356791268,10,783.0
750.0,11,792.0,14.943396226415095,6.869252229150449,0,0.0,1.0,3,138.0,0.5404943442745505,8,687.0,0.25233284529944117,0,0.0,0.9114428170156167,11,825.0
755.0,14,856.0,16.150943396226417,7.066821529863132,0,0.0,1.0,4,158.0,0.2638135589892647,9,730.0,0.2374398705942193,0,0.0,0.9662565568440952,13,888.0
760.0,16,930.0,16.90909090909091,6.59080527685,0,0.0,1.0,6,187.0,0.16257435516844743,9,775.0,0.2380694497997378,0,0.0,0.9688952551824282,15,962.0
765.0,16,964.0,17.527272727272727,6.209453472179562,0,1.0,0.9737738818348946,8,222.0,0.1107582196284258,6,762.0,0.3222767922030952,0,0.0,0.7236012250210364,14,985.0
770.0,18,1051.0,19.10909090909091,6.169296597683828,0,3.0,0.5650244100728723,8,262.0,0.10814309528419327,6,789.0,0.31545184319749736,2,7.0,0.43325229654083347,16,1061.0
775.0,20,1118.0,21.09433962264151,5.521208514982214,1,4.0,0.018633164740992594,8,308.0,0.31923361686627544,6,819.0,0.23408696297337817,4,20.0,0.1272576970825133,19,1151.0
780.0,15,955.0,19.1,5.868576023808275,2,14.0,2.0058418992221808e-05,5,207.0,0.3539267135202673,6,849.0,0.23920927579567136,0,7.0,0.28394078459301264,13,1077.0
785.0,13,596.0,11.92,6.152065763672964,2,24.0,0.03199122945639563,4,91.0,0.5031512944503544,5,675.0,0.26905176431819944,0,0.0,0.9295941573579339,11,790.0
790.0,11,151.0,3.02,6.904318342578462,3,39.0,0.004303083811141556,4,111.0,0.5285289387680333,4,329.0,0.31269855928458706,0,0.0,0.955701732958819,11,479.0
795.0,12,208.0,3.9245283018867925,7.516348244787283,4,56.0,0.0017233684839361202,4,131.0,0.41352156045748734,4,96.0,0.43499389580109415,0,0.0,0.9680473588680216,12,283.0
800.0,14,273.0,5.25,7.014551782311548,4,76.0,0.0004403176804933361,5,152.0,0.22172304482089547,4,62.0,0.39385865120346786,0,0.0,0.9757116895783147,13,290.0
805.0,9,188.0,3.76,6.760166185100271,0,11.0,0.015362084825680068,7,187.0,0.2488180427731215,0,19.0,0.6506251319257959,0,0.0,0.7160600697043746,7,217.0
810.0,11,237.0,4.5576923076923075,6.89164952439471,0,0.0,1.0,7,222.0,0.29194367288551587,0,3.0,0.9361433943741672,1,2.0,0.5827197521696348,8,227.0
815.0,16,306.0,5.884615384615385,6.112801528696125,0,0.0,1.0,8,268.0,0.3343332640534034,1,4.0,0.624898544429715,1,7.0,0.5818353887756292,10,279.0
820.0,17,362.0,6.830188679245283,5.774100528009796,0,0.0,1.0,7,288.0,0.353819607682714,1,6.0,0.3552428125293967,0,0.0,0.9725437799059591,8,294.0
825.0,15,391.0,7.666666666666667,6.043454055643356,0,0.0,1.0,8,325.0,0.2664096680750098,3,23.0,0.26459815482113924,0,0.0,0.9700384154269244,11,348.0
830.0,16,451.0,8.673076923076923,5.924569427045201,0,0.0,1.0,9,370.0,0.27530685675032673,5,44.0,0.1600313691682382,0,0.0,0.9081250686406079,14,414.0
835.0,17,533.0,10.66,5.851103170896534,0,0.0,1.0,9,412.0,0.19624198989840724,5,69.0,0.27727590635180427,0,0.0,0.9474875885434283,14,481.0
840.0,17,542.0,10.84,5.5208240371844814,0,0.0,1.0,9,457.0,0.0816037865846493,5,94.0,0.3522514828175165,1,2.0,0.6542402539157913,15,553.0
845.0,17,615.0,12.551020408163266,5.182967638643101,0,0.0,1.0,10,503.0,0.07739151398957832,5,119.0,0.3374012613006784,2,10.0,0.3314267927597654,17,632.0
850.0,22,658.0,12.901960784313726,4.5339913961622536,0,0.0,1.0,12,561.0,0.11537789270099008,4,109.0,0.15349957432734465,2,20.0,0.4714287581381388,18,690.0
855.0,25,781.0,15.01923076923077,4.639998440309558,0,0.0,1.0,12,621.0,0.13745801978873545,5,103.0,0.0,2,30.0,0.3236666203025902,19,754.0
860.0,23,878.0,16.566037735849058,4.722818813876779,0,0.0,1.0,12,681.0,0.12515998025192207,5,128.0,0.15407693153399724,2,40.0,0.24245944622294913,19,849.0
865.0,23,934.0,16.98181818181818,5.05901326894753,0,0.0,1.0,14,744.0,0.05715814750100862,5,153.0,0.0,4,51.0,0.1996594019192525,23,948.0
870.0,20,999.0,18.163636363636364,4.9374102369527755,0,0.0,1.0,13,809.0,0.04420839392600801,3,170.0,0.3120783720035712,4,68.0,0.12787014636214983,20,1047.0
875.0,21,1101.0,20.77358490566038,5.282753154153261,0,0.0,1.0,13,874.0,0.06164626162417733,4,168.0,0.19603722106623914,4,88.0,0.18657622706877333,21,1130.0
880.0,10,328.0,6.074074074074074,5.881380918198634,0,0.0,1.0,2,305.0,0.13006678234442695,4,188.0,0.1994011173792854,4,108.0,0.19751753401999098,10,601.0
885.0,4,188.0,3.4814814814814814,7.402910352500237,0,0.0,1.0,0,19.0,0.5519479594698278,4,208.0,0.41948737043738776,0,20.0,0.38946859041257115,4,247.0
890.0,1,17.0,0.30357142857142855,8.821282151629243,0,0.0,1.0,0,9.0,0.9303360695145385,1,50.0,0.7274622294760862,0,0.0,0.7012668988320618,1,59.0
895.0,1,22.0,0.39285714285714285,8.747684662712974,0,0.0,1.0,0,6.0,0.6844120534394416,1,57.0,0.7068271560903117,0,0.0,0.9212127965434133,1,63.0
900.0,7,46.0,0.8518518518518519,8.575087266485014,0,0.0,1.0,2,24.0,0.7338650428180838,5,74.0,0.5973318850172915,0,0.0,0.9301921879409076,7,98.0
905.0,9,84.0,1.4736842105263157,8.1383006250257,1,1.0,0.007051441054453206,2,34.0,0.7473877312060995,6,101.0,0.5519810840629992,0,0.0,0.9422487839731598,9,136.0
910.0,10,129.0,2.388888888888889,7.232022626994091,0,0.0,1.0,4,50.0,0.5438231111028802,6,131.0,0.544942127194433,0,0.0,0.9463513273228673,10,181.0
915.0,14,195.0,3.6792452830188678,6.731224704644654,0,0.0,1.0,6,79.0,0.5621633814759834,6,161.0,0.48078286272175447,0,0.0,0.6332155172403681,12,240.0
920.0,18,268.0,4.785714285714286,5.792607104222944,0,0.0,1.0,5,94.0,0.5702317027905229,9,209.0,0.19248618080699492,1,5.0,0.4963197708898961,15,308.0
925.0,22,371.0,6.508771929824562,4.651366939108751,0,0.0,1.0,7,126.0,0.4160791409699455,10,265.0,0.07846575752803614,2,15.0,0.4176669154578255,19,406.0
930.0,25,402.0,7.052631578947368,4.542087758573949,0,0.0,1.0,8,161.0,0.37098871242658105,12,255.0,0.12572975869705202,2,25.0,0.25586045218264003,22,441.0
935.0,22,437.0,7.945454545454545,4.596719705558275,0,0.0,1.0,8,201.0,0.30712543678959775,11,229.0,0.18430271330988482,0,14.0,0.5075788277130315,19,444.0
940.0,27,559.0,9.982142857142858,4.256745002761724,0,0.0,1.0,10,245.0,0.20004179274430162,11,257.0,0.20264146428646437,0,0.0,0.639790854923211,21,502.0
945.0,29,695.0,12.636363636363637,3.9469208180976567,0,0.0,1.0,10,295.0,0.25478859691755124,13,314.0,0.14477157917738695,0,0.0,0.7486357796551563,23,609.0
950.0,21,664.0,12.296296296296296,3.990526125663939,0,0.0,1.0,10,345.0,0.21247708454406133,5,254.0,0.1510475694907862,0,0.0,0.9333363316622323,15,599.0
955.0,18,605.0,11.634615384615385,4.163555910969796,0,9.0,0.6324314104760199,11,401.0,0.21257638173067483,3,205.0,0.17665747242063223,0,0.0,0.935274083056888,14,615.0
960.0,12,577.0,10.88679245283019,5.718730533971682,0,0.0,0.8018804517258623,9,414.0,0.323822995445191,3,185.0,0.12959425573897104,0,0.0,0.974050876149529,12,599.0
965.0,12,637.0,12.018867924528301,6.189443670414514,0,0.0,0.858070066776413,9,459.0,0.36348599950279586,3,197.0,0.24173719069471708,0,0.0,0.5445345333427262,12,656.0
970.0,15,706.0,14.12,5.857992969453761,0,0.0,0.012343032146286567,10,505.0,0.3288450006572025,3,215.0,0.38379434676501756,1,4.0,0.4756098017094356,14,724.0
975.0,15,777.0,14.38888888888889,6.297594100453698,1,5.0,0.0,10,553.0,0.3507476021685117,3,227.0,0.38244373015911826,1,9.0,0.5045314743498069,15,794.0
980.0,14,550.0,10.0,6.350507001845865,1,10.0,0.0,8,438.0,0.3282208730953064,3,242.0,0.4842284641237568,2,15.0,0.31022744760122506,14,705.0
985.0,6,276.0,5.63265306122449,6.837067998547971,1,15.0,0.0,2,173.0,0.400439460243829,3,257.0,0.4174513653106155,0,0.0,0.9271605011901154,6,445.0
990.0,7,295.0,6.413043478260869,7.9706813286466005,0,0.0,1.0,3,35.0,0.3876334422800945,4,286.0,0.4747357019313462,0,0.0,0.9690770693401063,7,321.0
995.0,10,335.0,7.282608695652174,6.921772809436078,0,0.0,1.0,3,36.0,0.3008023774202226,7,311.0,0.20965305492717204,0,0.0,0.9779494334173127,10,347.0
1000.0,8,342.0,7.434782608695652,6.542098528578621,0,0.0,1.0,0,4.0,0.32757288379074134,8,351.0,0.22342409117370723,0,0.0,0.9700744440555612,8,355.0
1005.0,10,392.0,8.521739130434783,6.584749339750993,0,0.0,1.0,1,5.0,0.6375607353462206,9,396.0,0.22007283924687307,0,0.0,0.9607009866846176,10,401.0
1010.0,11,446.0,9.10204081632653,7.346025030134682,0,0.0,1.0,1,88.0,0.6383101328575297,10,449.0,0.32162684891526916,0,0.0,0.8594241791393308,11,537.0
1015.0,12,503.0,10.702127659574469,7.3425192490897855,0,0.0,1.0,1,53.0,0.730792058360447,10,499.0,0.3565794221877715,1,2.0,0.6314904629310091,12,554.0
1020.0,13,565.0,11.770833333333334,6.4925784207362485,0,0.0,1.0,1,58.0,0.5170674761727163,11,551.0,0.27126538183608284,1,7.0,0.635912021612924,13,616.0
1025.0,16,640.0,13.061224489795919,6.231789892080781,0,0.0,1.0,3,70.0,0.47443508839117915,12,609.0,0.1890928533404851,1,12.0,0.6037659645709936,16,691.0
1030.0,16,706.0,14.12,5.406236488643915,0,0.0,1.0,3,85.0,0.3122033851550089,13,672.0,0.16704749222755275,0,0.0,0.15463934547160968,16,757.0
1035.0,19,794.0,15.88,5.130358405988619,0,0.0,1.0,5,107.0,0.4474507436147898,14,741.0,0.1156219248341634,0,0.0,0.7072047430065692,19,848.0
1040.0,10,575.0,11.5,4.8826501710273,0,0.0,1.0,4,122.0,0.40966478032030196,6,561.0,0.08462249135765215,0,0.0,0.8369770152775197,10,683.0
1045.0,11,600.0,12.0,6.274600875082632,0,6.0,0.6657352335108591,7,160.0,0.4160458800934297,4,493.0,0.11763068071550853,0,0.0,0.9719425865792999,11,659.0
1050.0,14,661.0,12.96078431372549,6.58679405694653,2,9.0,0.12286153545033653,8,196.0,0.44953154355762237,4,510.0,0.19755278079367045,0,0.0,0.9760455622919479,14,715.0
1055.0,15,736.0,14.431372549019608,6.414790123140546,3,24.0,0.03807803588047843,8,236.0,0.41255456298685267,4,530.0,0.3194745054449601,0,0.0,0.9910674541640612,15,790.0
1060.0,17,816.0,16.0,5.831529979092534,3,39.0,0.006815291961382185,9,280.0,0.4341848327622591,4,550.0,0.3264843960476773,0,0.0,0.9220020450839765,16,869.0
1065.0,13,847.0,15.685185185185185,6.016199570931836,0,6.0,0.035784649098310375,9,325.0,0.42896661128825825,4,570.0,0.41994154884102325,0,0.0,0.9667307533685002,13,901.0
1070.0,15,915.0,17.264150943396228,6.158257833019821,0,0.0,1.0,9,367.0,0.3919588236571099,4,590.0,0.41742629834402944,2,3.0,0.318158192611987,15,960.0
1075.0,16,992.0,19.076923076923077,6.137500357793592,0,0.0,1.0,9,406.0,0.2489674924886101,4,610.0,0.38770745507478177,2,13.0,0.32504930103185486,15,1029.0
1080.0,17,655.0,12.596153846153847,5.220465327135506,0,0.0,1.0,8,391.0,0.09329683996749004,4,450.0,0.17410627383087554,2,23.0,0.4666074314060571,14,864.0
1085.0,16,435.0,7.909090909090909,5.686564407081804,0,0.0,1.0,11,441.0,0.07819076548740367,2,106.0,0.4544686854849013,0,0.0,0.9361760486802225,13,547.0
1090.0,16,515.0,9.035087719298245,6.141132326988686,0,0.0,1.0,11,501.0,0.14089645997186515,2,36.0,0.3263398094741881,0,0.0,0.9380930045481117,13,537.0
1095.0,18,600.0,11.11111111111111,5.790515210213956,0,0.0,1.0,11,559.0,0.20143238227714788,4,51.0,0.1677634307381414,0,0.0,0.9150045178078541,15,610.0
1100.0,13,314.0,5.814814814814815,5.16796113529573,0,0.0,1.0,8,437.0,0.19585293858936081,0,4.0,0.38016819702611165,0,0.0,0.9785822926636517,8,441.0
1105.0,7,124.0,2.339622641509434,6.025569647446427,0,6.0,0.6844157939911806,5,171.0,0.261439014564025,0,3.0,0.6663013550453709,0,0.0,0.48901439837343297,5,180.0
1110.0,10,163.0,3.196078431372549,6.739287199128856,2,10.0,0.12615140716468642,5,126.0,0.34534214930617557,0,6.0,0.8773644609210011,1,5.0,0.49738511203791597,8,147.0
1115.0,11,215.0,4.056603773584905,6.7812459409988515,2,20.0,0.20482571058174381,5,151.0,0.4182930781965518,0,3.0,0.8305414910575308,1,5.0,0.6359180070209915,8,179.0
1120.0,5,43.0,0.8113207547169812,6.656786376854247,4,34.0,0.0036792019347129667,0,0.0,0.7722161830235338,0,3.0,0.9540060408412036,1,10.0,0.7366504422577539,5,47.0
1125.0,4,48.0,0.9056603773584906,7.569277626619658,4,54.0,0.0001176580551961808,0,0.0,0.863336373777804,0,3.0,0.9695306857336957,0,0.0,0.9547717702597012,4,57.0
1130.0,5,70.0,1.2962962962962963,8.363219849734893,4,74.0,5.124382499892053e-05,1,2.0,0.7719044130754391,0,12.0,0.8807319697544763,0,0.0,0.9443464317248238,5,88.0
1135.0,8,99.0,1.8333333333333333,7.795573254756117,4,94.0,0.19843736312004293,2,8.0,0.5765249600245237,2,15.0,0.7049911112607973,0,0.0,0.9542043206512619,8,117.0
1140.0,8,129.0,2.388888888888889,7.622647755763597,4,114.0,0.0,1,6.0,0.7735339687237456,3,27.0,0.5711482471709485,0,0.0,0.9798191212298466,8,147.0
1145.0,13,182.0,3.5686274509803924,6.368603035748481,4,134.0,0.0,3,17.0,0.36292807920688513,6,52.0,0.435350540408407,0,0.0,0.9805086556185084,13,203.0
1150.0,14,250.0,4.8076923076923075,6.272491777682472,4,154.0,0.0,4,35.0,0.1868410860758068,6,82.0,0.4300002809430419,0,0.0,0.9696857038850091,14,271.0
1155.0,16,324.0,6.48,6.121955605494559,4,174.0,0.0,4,59.0,0.32574541867292656,8,110.0,0.3333402771506523,0,0.0,0.8955056767244262,16,343.0
1160.0,19,373.0,7.173076923076923,5.5403131318853855,4,194.0,0.0,3,57.0,0.446529278284811,11,156.0,0.17230413595208458,0,0.0,0.9331080417030952,18,407.0
1165.0,6,87.0,1.6730769230769231,5.961907123320969,0,47.0,0.025787999326017025,3,59.0,0.5322101268424178,3,98.0,0.2813780507430507,0,0.0,0.9425298819216011,6,204.0
1170.0,5,81.0,1.588235294117647,7.868292733148469,0,6.0,0.5757271104226784,3,76.0,0.4868204019382502,2,44.0,0.5285726143637413,0,0.0,0.9341060935896321,5,126.0
1175.0,7,109.0,2.1372549019607843,8.402404792379187,0,0.0,0.7573934494469551,4,93.0,0.49885070051930225,2,43.0,0.45429175712978087,0,0.0,0.6851133739694816,6,136.0
1180.0,4,41.0,0.803921568627451,8.44133857262032,0,0.0,1.0,0,9.0,0.9376562900475207,2,53.0,0.4622630977746267,2,7.0,0.32215833250828846,4,69.0
1185.0,4,61.0,1.22,8.847472387710473,0,0.0,1.0,0,9.0,0.9501798339822988,2,63.0,0.4622674531139405,2,17.0,0.331022790806318,4,89.0
1190.0,4,81.0,1.62,8.611504246719395,0,0.0,1.0,0,9.0,0.9224126082427615,2,82.0,0.6626285149365138,2,27.0,0.26961922430767504,4,118.0
1195.0,3,67.0,1.4565217391304348,8.771730978468714,0,0.0,1.0,1,16.0,0.8185942654197103,2,92.0,0.6508878966324548,0,0.0,0.6526444894711344,3,108.0
1200.0,6,89.0,1.9777777777777779,8.13823870352938,0,0.0,1.0,3,27.0,0.45051679752098533,3,109.0,0.4587212880063658,0,0.0,0.9297215922855782,6,136.0
1205.0,8,122.0,2.7111111111111112,6.952113842005657,0,0.0,1.0,6,51.0,0.15698735527210672,2,109.0,0.5145404051883616,0,0.0,0.944232191521652,8,160.0
1210.0,11,170.0,3.5416666666666665,6.546609275659418,0,3.0,0.5413101663539565,7,83.0,0.10234664245752668,2,116.0,0.5901267731272983,0,0.0,0.9550464323296399,9,202.0
1215.0,13,227.0,5.044444444444444,6.070474817724445,1,6.0,0.0008205220885280727,9,127.0,0.21985853275438869,2,123.0,0.48738811297724405,0,0.0,0.928473736644983,12,256.0
1220.0,11,243.0,5.170212765957447,5.675402856960523,1,11.0,0.18064240495701178,7,128.0,0.2939444024205944,2,130.0,0.26778359405841284,1,2.0,0.32192592318424956,11,271.0
1225.0,9,166.0,3.4583333333333335,6.789970661612725,0,0.0,0.5055480172085212,7,163.0,0.34734478289983234,0,72.0,0.42990312610754744,2,12.0,0.47402934500297333,9,247.0
1230.0,9,211.0,4.3061224489795915,7.671474933362707,0,3.0,0.9388144972642763,7,198.0,0.3268559646629602,0,0.0,0.43341824259992673,2,22.0,0.44052079328207505,9,223.0
1235.0,11,263.0,5.479166666666667,6.934710783884477,0,0.0,1.0,7,233.0,0.18689193669608287,1,4.0,0.4824255655257304,3,35.0,0.24247452647254492,11,272.0
1240.0,1,9.0,0.1836734693877551,6.973186209287708,0,0.0,1.0,0,65.0,0.21540513534369568,1,9.0,0.0,0,19.0,0.5284315057016352,1,93.0
1245.0,1,14.0,0.2857142857142857,8.12356828302301,0,0.0,1.0,0,0.0,0.606291676309665,1,20.0,0.4261790705098952,0,0.0,0.9597671288924696,1,20.0
1250.0,1,19.0,0.3958333333333333,9.296730999295166,0,0.0,1.0,0,5.0,0.9282144257881804,1,25.0,0.7906866459472621,0,0.0,0.9532934161948431,1,30.0
1255.0,3,26.0,0.5531914893617021,8.89308561681543,0,0.0,1.0,0,5.0,0.8926265967711087,2,31.0,0.6380173147343015,0,0.0,0.929354679496065,2,36.0
1260.0,4,42.0,1.0,8.5273166706104,0,0.0,1.0,1,1.0,0.7831968966834029,2,41.0,0.6446417650770945,0,0.0,0.9651829622904963,3,42.0
1265.0,4,47.0,1.0444444444444445,8.367740471847798,0,0.0,1.0,2,2.0,0.6822008142570111,1,40.0,0.7689997274655588,0,0.0,0.9581125900279115,3,42.0
1270.0,3,62.0,1.4090909090909092,8.655670893409912,0,3.0,0.9359794585680029,1,16.0,0.7099652632473337,1,42.0,0.7228611102736854,0,0.0,0.7067906961098565,2,61.0
1275.0,4,64.0,1.5609756097560976,8.253652633238358,0,0.0,1.0,1,21.0,0.821536918716501,2,50.0,0.41248545741368464,1,5.0,0.6241535440349046,4,76.0
1280.0,8,86.0,2.0,7.001999205679573,0,0.0,1.0,4,23.0,0.4121686339326304,4,66.0,0.3942447565487679,0,1.0,0.5160385636714067,8,90.0
1285.0,9,130.0,3.0952380952380953,5.599708590369278,0,0.0,1.0,5,47.0,0.17906173513423673,4,89.0,0.41900639082153734,0,0.0,0.7161807038928046,9,136.0
1290.0,11,182.0,4.232558139534884,5.63321986457309,0,0.0,1.0,7,79.0,0.11685143536915844,4,109.0,0.38984252191933955,0,0.0,0.9590753899493357,11,188.0
1295.0,17,257.0,5.840909090909091,5.567862329580691,0,0.0,1.0,7,114.0,0.12065390548151603,10,149.0,0.27635324497625824,0,0.0,0.9572816434796328,17,263.0
1300.0,17,342.0,7.276595744680851,5.317417221223141,0,0.0,1.0,7,151.0,0.17274372390700005,10,199.0,0.2622721314557767,0,0.0,0.9393776010091658,17,350.0
1305.0,17,325.0,7.222222222222222,5.296270475132313,0,0.0,1.0,7,168.0,0.25602654901789634,9,176.0,0.17002246771024884,0,0.0,0.9549381868173531,16,344.0
1310.0,18,408.0,8.680851063829786,5.7703586725750275,0,0.0,1.0,7,201.0,0.24021802227923192,11,213.0,0.11680849953202667,0,0.0,0.976420665284269,18,414.0
1315.0,19,500.0,10.0,5.992470177832899,0,0.0,1.0,7,236.0,0.22853941099179864,12,273.0,0.12847587001605437,0,0.0,0.9173949954139505,19,509.0
1320.0,20,598.0,11.72549019607843,5.7124151049918765,0,0.0,1.0,7,271.0,0.24369298604634304,13,336.0,0.06467456885277753,0,0.0,0.631954146213629,20,607.0
1325.0,24,708.0,13.615384615384615,5.0157872175400335,0,0.0,1.0,7,306.0,0.2714239018809444,13,401.0,0.17786281827271175,2,7.0,0.4606416984238524,22,714.0
1330.0,24,824.0,15.547169811320755,4.718391815811764,0,0.0,1.0,7,341.0,0.1900753854294208,13,466.0,0.17351469524196328,1,10.0,0.6335484002849188,21,817.0
1335.0,27,956.0,16.771929824561404,4.471613910883436,0,0.0,1.0,8,379.0,0.1843559101667449,13,534.0,0.21467209577662313,1,15.0,0.38468808615116146,22,928.0
1340.0,30,1082.0,19.321428571428573,3.7052703312223523,0,0.0,1.0,8,419.0,0.2686697038137907,16,604.0,0.09385340041698192,2,23.0,0.3261890033236187,26,1046.0
1345.0,9,166.0,2.912280701754386,4.58595097897057,0,0.0,1.0,1,69.0,0.368548023732731,6,322.0,0.20399249213665854,2,33.0,0.3270197689743917,9,424.0
1350.0,6,73.0,1.2586206896551724,5.879026585148676,0,3.0,0.5279976829947559,1,15.0,0.44879453658526725,3,138.0,0.3368948512542926,2,43.0,0.31166003848983875,6,199.0
1355.0,7,107.0,1.8771929824561404,7.851070211986878,0,0.0,0.6679810783960461,2,23.0,0.6582462457523284,3,49.0,0.5992076422658128,2,53.0,0.46791822357893154,7,125.0
1360.0,7,142.0,2.5357142857142856,8.330863204238403,0,0.0,1.0,2,33.0,0.6956370688103181,3,64.0,0.6914626830465352,2,63.0,0.43798592850957396,7,160.0
1365.0,9,133.0,2.3333333333333335,7.638786171291707,0,0.0,1.0,2,43.0,0.6507262194169026,2,52.0,0.6940510114693225,3,77.0,0.38003147230111434,7,172.0
1370.0,8,90.0,1.5517241379310345,7.771810076162089,0,0.0,1.0,2,53.0,0.7175123644645182,3,36.0,0.6856367618168244,0,32.0,0.7551573437449631,5,121.0
1375.0,8,130.0,2.2413793103448274,8.006233613074789,0,0.0,1.0,2,63.0,0.7273230212638823,3,54.0,0.6390928983493259,0,0.0,0.9453958047791966,5,117.0
1380.0,12,180.0,3.2142857142857144,6.323366176096202,0,0.0,1.0,3,72.0,0.5673031480846543,6,77.0,0.36814838027358987,0,0.0,0.9463010304658157,9,149.0
1385.0,17,261.0,4.745454545454545,5.107873208529141,0,0.0,1.0,4,86.0,0.487649715374073,8,116.0,0.17357845349058904,0,0.0,0.9671120215227681,12,202.0
1390.0,23,334.0,5.859649122807017,3.8115340139161233,0,0.0,1.0,6,109.0,0.2164424800724991,11,164.0,0.048777027171839286,0,0.0,0.5947092797268534,17,273.0
1395.0,29,467.0,7.915254237288136,3.998833525395168,0,0.0,1.0,8,163.0,0.2575213559958112,13,224.0,0.010981537021163853,1,5.0,0.4698394355100999,22,392.0
1400.0,19,333.0,5.6440677966101696,4.296363922398079,0,0.0,1.0,8,203.0,0.2174382978491888,5,130.0,0.1157376345759205,1,10.0,0.4647580112874197,14,343.0
1405.0,13,305.0,5.083333333333333,5.479747377360605,0,3.0,0.5478980958006329,9,234.0,0.29150889086689735,1,72.0,0.414650984533912,2,15.0,0.3157120434024811,12,324.0
1410.0,8,160.0,2.807017543859649,6.138655908028834,0,3.0,0.3128205384248149,6,155.0,0.35041128872341987,1,62.0,0.5351295344412758,0,0.0,0.7025771260576235,7,220.0
1415.0,9,126.0,2.1724137931034484,6.378758494723971,3,15.0,0.09095206605736247,3,68.0,0.47944002474652114,2,71.0,0.3134846137619313,0,0.0,0.8063930215681331,8,154.0
1420.0,11,169.0,3.017857142857143,6.555420101508493,3,30.0,0.01601464916756564,3,61.0,0.6310386795101677,3,85.0,0.23358892957398777,0,0.0,0.9915969515492409,9,176.0
1425.0,12,218.0,3.824561403508772,6.95255787830511,6,54.0,0.0040610835999211935,3,76.0,0.602434580338435,3,100.0,0.38139223559907487,0,0.0,0.9333591010211255,12,230.0
1430.0,5,35.0,0.625,6.748622100284531,1,24.0,0.026546203862670776,2,87.0,0.4702061962774275,2,46.0,0.5358825676590129,0,0.0,0.9795914082434173,5,157.0
1435.0,4,47.0,0.8703703703703703,7.74546416117562,0,3.0,0.16482294113046073,1,8.0,0.7670558358227347,2,43.0,0.5604423324482641,1,2.0,0.7182507315780007,4,56.0
1440.0,4,67.0,1.2181818181818183,8.203454457436884,0,0.0,0.8721301813050855,1,10.0,0.7297479221111474,2,53.0,0.625941962052232,1,7.0,0.7165809378324761,4,70.0
1445.0,5,89.0,1.5892857142857142,8.34796132272466,0,0.0,0.5331560600124902,1,15.0,0.7239894340496633,3,65.0,0.6043873369380225,1,12.0,0.5975348726013312,5,92.0
1450.0,7,104.0,1.8245614035087718,7.669347745345343,1,4.0,2.78443550835316e-05,0,0.0,0.3387495544042996,3,80.0,0.48975531762730906,3,23.0,0.37613601359401805,7,107.0
1455.0,7,115.0,1.9827586206896552,7.869510831962127,1,9.0,0.0,2,10.0,0.49620109138745483,4,100.0,0.44043607121416045,0,6.0,0.3572582612110153,7,125.0
1460.0,7,150.0,2.7777777777777777,7.512084072057513,1,14.0,0.0,2,19.0,0.41618410086840374,4,126.0,0.5075985455496483,0,0.0,0.5872479857552003,7,159.0
1465.0,8,186.0,3.72,7.092478254331728,1,19.0,0.0,3,30.0,0.392623188357149,4,146.0,0.40786323706680855,0,0.0,0.8629327738079412,8,195.0
1470.0,7,181.0,3.693877551020408,7.07636277706862,1,24.0,0.0,3,45.0,0.3753359788427467,3,133.0,0.22363213906012083,0,0.0,0.9432496706354396,7,202.0
1475.0,7,214.0,4.28,6.932418583694679,1,29.0,0.0,3,63.0,0.3630224126010989,3,127.0,0.25005029112269445,0,0.0,0.9719293550204187,7,219.0
1480.0,9,258.0,4.867924528301887,8.015814516906394,1,34.0,0.3524872008195764,4,85.0,0.5572487178318086,4,145.0,0.006253045671144285,0,0.0,0.9640421439351852,9,264.0
1485.0,10,307.0,5.581818181818182,8.133296628117773,1,39.0,0.0,4,105.0,0.46062210253069014,5,169.0,0.0,0,0.0,0.9605391000757797,10,313.0
1490.0,11,318.0,6.115384615384615,7.572747625310182,0,0.0,1.0,6,130.0,0.44189387137704644,5,194.0,0.1657486809476691,0,0.0,0.9673979769714126,11,324.0
1495.0,12,373.0,6.781818181818182,7.080558550123447,0,0.0,1.0,7,160.0,0.35644012038012746,5,219.0,0.0,0,0.0,0.8599468740235698,12,379.0
1500.0,9,258.0,4.607142857142857,6.874752571381997,0,0.0,1.0,6,190.0,0.31984387714874113,3,157.0,0.21055506343422822,0,0.0,0.9688539670412347,9,347.0
1505.0,11,245.0,4.622641509433962,6.62737443842747,0,0.0,1.0,8,224.0,0.14592810126998648,2,52.0,0.16344437658558725,0,0.0,0.9462264331308811,10,276.0
1510.0,12,286.0,5.607843137254902,7.047468276233289,0,0.0,1.0,8,248.0,0.17797560779377472,2,36.0,0.0,0,0.0,0.9614879218812322,10,284.0
1515.0,15,354.0,6.555555555555555,6.499963932135637,0,0.0,1.0,9,293.0,0.17852201380646526,2,46.0,0.0,0,0.0,0.9428788201358365,11,339.0
1520.0,15,401.0,7.566037735849057,5.2977580493026535,0,0.0,1.0,9,338.0,0.10491220664294144,1,39.0,0.0,0,0.0,0.8256623900614576,10,377.0
1525.0,18,469.0,9.196078431372548,4.872064677003064,0,0.0,1.0,9,386.0,0.11976847984962899,1,44.0,0.0,2,5.0,0.4587665147797711,12,435.0
1530.0,9,130.0,2.452830188679245,5.9680401602379245,0,0.0,1.0,0,145.0,0.41155725944663574,1,49.0,0.4821803704959809,0,0.0,0.9362626677458838,1,194.0
1535.0,11,178.0,3.2363636363636363,6.566203850671304,0,0.0,1.0,0,22.0,0.8334580736406564,1,57.0,0.5024518541517823,0,0.0,0.9473219639351368,1,79.0
1540.0,12,177.0,3.2181818181818183,7.150199776404811,0,0.0,1.0,1,24.0,0.749102083850342,1,13.0,0.6683919580132456,0,0.0,0.9921129511594899,2,37.0
1545.0,13,220.0,3.8596491228070176,7.293144742744368,0,0.0,1.0,1,29.0,0.7319160970729027,2,23.0,0.6132622555839513,0,0.0,0.980248862260787,3,52.0
1550.0,13,242.0,4.172413793103448,7.199462669656454,0,0.0,1.0,2,37.0,0.6609174553550454,3,38.0,0.6476121327785208,0,0.0,0.9699797972437073,5,75.0
1555.0,15,293.0,4.883333333333334,6.202054273922019,0,0.0,1.0,2,7.0,0.3243728818304754,3,53.0,0.637930618491093,0,0.0,0.9414344269085729,5,60.0
1560.0,16,339.0,6.053571428571429,5.589212463058592,0,0.0,1.0,3,18.0,0.45205064127293,1,29.0,0.7329946073140705,1,2.0,0.6360388367913988,5,49.0
1565.0,19,431.0,7.981481481481482,5.655245717913416,0,0.0,1.0,3,39.0,0.5190454559262491,2,35.0,0.6451972211768825,1,7.0,0.640610354587759,6,81.0
1570.0,16,423.0,7.421052631578948,5.808520085947215,0,0.0,0.9597516421928955,4,56.0,0.41576302987826497,2,39.0,0.3961709845139475,0,1.0,0.6557357529867627,6,96.0
1575.0,12,416.0,7.298245614035087,6.312752848099611,0,0.0,0.8178702195496087,0,10.0,0.6802654035750209,3,56.0,0.3279667922348397,0,0.0,0.9844753989993539,3,66.0
1580.0,9,224.0,4.226415094339623,6.382001022637577,0,0.0,1.0,1,10.0,0.7984581328550391,2,31.0,0.130424778275776,0,0.0,0.9079784217143103,3,41.0
1585.0,6,56.0,1.018181818181818,7.316819427730808,0,0.0,1.0,1,15.0,0.8227310652530809,4,33.0,0.27487231874485163,0,0.0,0.7141607739988242,5,48.0
1590.0,6,62.0,1.1481481481481481,8.092555130301404,0,0.0,1.0,1,20.0,0.8400331733381003,4,53.0,0.315261107495109,1,4.0,0.635117522565332,6,77.0
1595.0,7,93.0,1.8235294117647058,7.216702890979966,0,0.0,1.0,1,25.0,0.6673590060217846,4,138.0,0.43203053514393147,1,9.0,0.477806488824194,6,172.0
1600.0,12,109.0,2.2708333333333335,5.979904281576633,0,0.0,1.0,3,37.0,0.5165240516432413,3,132.0,0.46964364102929657,2,17.0,0.31085901165733554,8,186.0
1605.0,18,169.0,3.595744680851064,5.189281246604823,0,0.0,1.0,3,55.0,0.4131055408840074,2,125.0,0.600630106314585,2,27.0,0.39733252759583426,7,207.0
1610.0,19,258.0,5.48936170212766,4.7748470016575,0,0.0,0.771432286877769,5,77.0,0.3700782090570526,2,119.0,0.5740574285838325,2,37.0,0.43506112849260703,9,233.0
1615.0,18,299.0,6.229166666666667,4.721295692758925,1,3.0,0.481265299750377,4,66.0,0.42550345536075185,2,126.0,0.477990557424971,2,47.0,0.3729424421826524,9,242.0
1620.0,12,236.0,4.916666666666667,5.017371858451285,0,0.0,1.0,4,79.0,0.396397628460547,0,86.0,0.6418682674465425,0,1.0,0.6322516787900309,4,166.0
1625.0,13,299.0,6.1020408163265305,5.949586076029083,0,0.0,1.0,4,99.0,0.350286961333459,1,6.0,0.4783542250416683,0,0.0,0.9267095329585594,5,105.0
1630.0,10,208.0,4.16,6.380600663267822,0,0.0,1.0,5,146.0,0.37293365068155343,2,14.0,0.3052173976117546,0,0.0,0.9965674179096539,7,160.0
1635.0,10,169.0,3.25,6.204344332611272,0,0.0,1.0,5,168.0,0.3591469150213114,4,31.0,0.135325242489627,0,0.0,0.9634885294186627,9,199.0
1640.0,15,229.0,4.403846153846154,5.475843799941976,0,0.0,0.009538944361045396,6,172.0,0.2284090010268727,6,61.0,0.2239149137828683,0,0.0,0.9469796787389073,12,233.0
1645.0,15,294.0,5.653846153846154,5.633694910681336,1,5.0,0.0,7,206.0,0.21183481358510872,6,91.0,0.24041783129631422,0,0.0,0.9450926524675758,14,302.0
1650.0,15,365.0,7.1568627450980395,5.46545738192983,1,10.0,0.0,7,241.0,0.21059066563456916,6,121.0,0.2248139689572614,1,2.0,0.48752076699696895,15,374.0
1655.0,8,170.0,3.3333333333333335,5.946433227478517,1,15.0,0.0,0,44.0,0.40030009529052973,6,206.0,0.2469173335690788,1,7.0,0.49156287933947207,8,272.0
1660.0,2,32.0,0.5818181818181818,6.360469391396178,1,20.0,0.0,0,44.0,0.6802720804477059,0,83.0,0.42770443136388014,1,12.0,0.6434103832521548,2,159.0
1665.0,3,22.0,0.4230769230769231,7.6372462512719625,0,0.0,1.0,0,7.0,0.6014907809307081,1,68.0,0.8093913048467164,2,18.0,0.3200307554219312,3,93.0
1670.0,4,41.0,0.803921568627451,8.842003767578971,0,0.0,1.0,1,14.0,0.7674716783279323,1,102.0,0.7973533748236485,2,28.0,0.4634438451588221,4,144.0
1675.0,5,64.0,1.1636363636363636,8.504000483114737,0,0.0,1.0,1,19.0,0.8060009426949488,2,110.0,0.5891022489157276,2,38.0,0.5211106970918704,5,167.0
1680.0,4,67.0,1.1964285714285714,8.187779575138071,0,0.0,1.0,1,36.0,0.7434733721847622,1,50.0,0.6736851060648157,2,48.0,0.5167799951769207,4,134.0
1685.0,6,94.0,1.9183673469387754,8.154399272141838,0,0.0,1.0,2,45.0,0.7179421216030042,1,19.0,0.770492168169635,2,58.0,0.41033947117548386,5,122.0
1690.0,4,49.0,1.0425531914893618,6.706121908480318,0,0.0,1.0,3,56.0,0.5472369446843556,1,24.0,0.3340932003607411,0,0.0,0.4740056479536417,4,80.0
1695.0,9,90.0,1.836734693877551,6.535895585928972,0,0.0,1.0,3,71.0,0.40849031267468305,5,51.0,0.20676675596432254,0,0.0,0.7492850580603169,8,122.0
1700.0,8,102.0,2.125,6.37272126087898,0,0.0,1.0,7,99.0,0.2676351550419999,1,31.0,0.1625605722139476,0,0.0,0.9370053787907762,8,130.0
1705.0,3,85.0,1.7708333333333333,7.458107053685848,0,9.0,0.5810359105111221,2,68.0,0.5303660400821751,1,30.0,0.5683705375789134,0,0.0,0.9871295501828263,3,107.0
1710.0,4,102.0,2.1702127659574466,7.880985940495043,0,0.0,0.7179969762244934,3,80.0,0.521471489468349,1,35.0,0.42095537788081394,0,0.0,0.987643442759789,4,115.0
1715.0,7,133.0,2.7142857142857144,8.267705130533631,0,0.0,1.0,4,100.0,0.5161939423062382,3,52.0,0.47698054131038586,0,0.0,0.9514712434052209,7,152.0
1720.0,8,173.0,3.6041666666666665,7.937672541204241,0,0.0,1.0,4,120.0,0.6112477289565369,4,72.0,0.3721360321064096,0,0.0,0.9627729664384506,8,192.0
1725.0,9,218.0,4.541666666666667,7.4990394035663535,0,0.0,1.0,4,140.0,0.5424671389408229,5,97.0,0.3618922166395034,0,0.0,0.49006532203717623,9,237.0
1730.0,12,274.0,5.269230769230769,6.468310080228757,0,0.0,1.0,5,164.0,0.4319215396892337,5,122.0,0.3681684157268337,1,5.0,0.34123249330819494,11,291.0
1735.0,16,344.0,7.319148936170213,5.43104440585338,0,0.0,1.0,6,194.0,0.38488951404476424,5,144.0,0.36655777538614104,2,11.0,0.17545607304887567,13,349.0
1740.0,17,353.0,7.673913043478261,4.020320514124229,0,0.0,1.0,8,232.0,0.2064977892704232,4,104.0,0.1192846285332854,0,0.0,0.9713741210684927,12,336.0
1745.0,16,244.0,5.083333333333333,4.222736587168311,0,0.0,1.0,6,128.0,0.12050485995550386,6,138.0,0.07640485470973829,0,0.0,0.9477889781771177,12,266.0
1750.0,15,230.0,4.6938775510204085,5.330841500237122,0,0.0,1.0,6,59.0,0.10543282775585978,8,175.0,0.002134630996320673,0,0.0,0.9628502205317403,14,234.0
1755.0,16,302.0,6.04,5.502118121099176,0,0.0,1.0,7,92.0,0.08287109302227104,9,219.0,0.09503609197765986,0,0.0,0.9575239782659895,16,311.0
1760.0,10,268.0,5.469387755102041,5.560066487733276,0,0.0,1.0,7,127.0,0.1224488974767729,3,183.0,0.3271084496225052,0,0.0,0.9878826901997777,10,310.0
1765.0,12,322.0,6.313725490196078,6.255616635768834,0,6.0,0.6066913437430345,7,165.0,0.2695582426550442,4,172.0,0.32026945595610196,0,0.0,0.9861167694970567,11,343.0
1770.0,11,375.0,7.352941176470588,6.299639811066405,0,0.0,0.8607346495399382,7,200.0,0.2834290303998123,4,192.0,0.3083191824736223,0,0.0,0.9358060290924742,11,392.0
1775.0,17,449.0,9.16326530612245,5.35327776630548,1,2.0,0.006904805936207314,7,235.0,0.32153853317751285,4,212.0,0.41245777436949715,0,0.0,0.9779416905462628,12,449.0
1780.0,15,391.0,7.82,5.739172156394895,1,7.0,0.0,8,272.0,0.32129890005468487,2,162.0,0.38971295028709213,0,0.0,0.9320795904204879,11,441.0
1785.0,5,66.0,1.32,6.302295534913287,1,12.0,0.0,0,81.0,0.43221800770566726,0,32.0,0.48535272704410976,0,0.0,0.9295413617162923,1,125.0
1790.0,5,58.0,1.2083333333333333,6.963337137379809,1,17.0,0.0,0,3.0,0.7351824340849111,2,6.0,0.3316847693250376,0,0.0,0.9689245887789756,3,26.0
1795.0,4,39.0,0.8297872340425532,7.531807152648702,1,22.0,0.0,0,0.0,0.9686439498686584,2,22.0,0.5658794725571967,1,1.0,0.6558153625234512,4,45.0
1800.0,3,53.0,1.1521739130434783,7.836149366801451,1,27.0,0.0,0,0.0,0.9444537406697762,2,32.0,0.6456477540669429,0,0.0,0.8284288515105486,3,59.0
1805.0,5,73.0,1.489795918367347,7.835311068535703,1,32.0,0.0,1,2.0,0.6378029480728221,2,45.0,0.6798936869388009,0,0.0,0.7920718482768263,4,79.0
1810.0,7,101.0,2.148936170212766,7.920442990691717,1,37.0,0.0,2,12.0,0.47043914416513694,3,56.0,0.4325764568250557,0,0.0,0.9444281435352305,6,105.0
1815.0,8,132.0,2.869565217391304,7.758635649424244,1,42.0,0.0,2,22.0,0.4909827474848943,5,97.0,0.3395007132061697,0,0.0,0.9422761712023355,8,161.0
1820.0,10,178.0,3.9555555555555557,7.2221687912747745,1,47.0,0.0,2,33.0,0.5864672054221607,7,128.0,0.0711950077614253,0,0.0,0.9426339005641944,10,208.0
1825.0,6,104.0,2.260869565217391,6.543477146997358,1,52.0,0.0,3,45.0,0.39413823969879325,2,47.0,0.27294770081310943,0,0.0,0.6331203882514671,6,144.0
1830.0,8,138.0,2.875,6.428842080907354,1,63.0,0.3562732511021573,4,61.0,0.2004984982935381,2,38.0,0.20579153367901482,1,3.0,0.47694382181149986,8,165.0
1835.0,14,197.0,4.191489361702128,5.572383421319106,3,77.0,0.06930477449698373,4,87.0,0.3756291221126153,4,56.0,0.18881638709395976,1,8.0,0.4900344290922172,12,228.0
1840.0,14,258.0,5.0588235294117645,5.20906735220864,4,97.0,0.0296654375498844,5,109.0,0.35404186807243887,4,76.0,0.005773573254181295,1,13.0,0.6506477022904464,14,295.0
1845.0,18,324.0,6.230769230769231,5.029513201858084,6,120.0,0.004520869595750069,5,136.0,0.46226752980567004,6,105.0,0.0,0,0.0,0.9592890129849884,17,361.0
1850.0,15,291.0,5.596153846153846,5.464198415863759,7,154.0,0.0009573387368787478,1,36.0,0.7511398429073424,6,138.0,0.07223192921463438,0,0.0,0.9361104583852352,14,328.0
1855.0,11,203.0,3.759259259259259,5.81665591381531,1,56.0,0.03571938579152843,2,45.0,0.6654044762901563,7,170.0,0.00014715599643325296,0,0.0,0.9998673032559364,10,271.0
1860.0,13,248.0,4.509090909090909,6.284960930430151,0,19.0,0.24149971209303278,4,60.0,0.5356792976256866,7,214.0,0.343267649169354,0,0.0,0.9935136481656884,11,293.0
1865.0,14,314.0,5.607142857142857,6.316932185991182,0,0.0,1.0,4,77.0,0.4034832773890043,8,250.0,0.2609482739482651,0,0.0,0.9730651817447531,12,327.0
1870.0,14,384.0,6.857142857142857,6.295630588382155,0,0.0,1.0,4,97.0,0.32091873216735145,8,287.0,0.31773013990395205,0,0.0,0.9366900078998849,12,384.0
1875.0,15,424.0,7.186440677966102,6.5277607274444565,0,0.0,1.0,4,117.0,0.4759167845102226,7,293.0,0.3499358384717746,0,0.0,0.9370186362319324,11,410.0
1880.0,14,445.0,8.24074074074074,6.288335732235682,0,3.0,0.9203792889322603,4,137.0,0.33121162340288723,7,328.0,0.40119260979034177,0,0.0,0.9390360306786005,11,468.0
1885.0,16,523.0,10.673469387755102,4.947171268815682,0,0.0,1.0,5,160.0,0.13814239822240598,7,360.0,0.27144477734218286,0,0.0,0.527685784481057,12,520.0
1890.0,23,631.0,13.425531914893616,4.0047769983649655,0,0.0,1.0,6,190.0,0.19172615828833683,9,404.0,0.16248878157426108,1,3.0,0.49294372772426714,16,597.0
1895.0,17,497.0,10.142857142857142,4.758145967138123,0,0.0,1.0,3,106.0,0.35076934374580837,10,454.0,0.10724902635481766,1,8.0,0.5794167795471789,14,568.0
1900.0,15,530.0,11.041666666666666,5.494289765597622,0,0.0,1.0,1,18.0,0.6676150460537905,10,504.0,0.026097626285554624,2,14.0,0.3201674199491211,13,536.0
1905.0,11,458.0,9.956521739130435,5.60609540439735,0,0.0,1.0,1,12.0,0.6351166969461829,5,405.0,0.1851341811615973,2,24.0,0.33148430391648576,8,441.0
1910.0,10,508.0,10.583333333333334,6.129701901125706,0,6.0,0.6499891588281365,1,23.0,0.3902844548813867,5,429.0,0.4154369125030363,2,34.0,0.24237058813388285,8,492.0
1915.0,8,479.0,10.191489361702128,6.504096537056524,0,9.0,0.19658239750659928,0,6.0,0.8386793414398944,5,454.0,0.4148397613511344,3,45.0,0.12067193419935685,8,514.0
1920.0,12,533.0,11.340425531914894,6.694551585504017,3,22.0,0.015725321174572877,1,33.0,0.685552898876048,5,479.0,0.4195743695492048,3,60.0,0.2247828749724016,12,594.0
1925.0,11,383.0,8.148936170212766,6.85275336253258,4,38.0,0.003351083091920483,1,38.0,0.6396255522038677,3,385.0,0.5652725868215805,3,75.0,0.2386243542256285,11,536.0
1930.0,8,71.0,1.392156862745098,7.3753705696808565,5,63.0,0.0006678729853105878,3,49.0,0.6081168692435613,0,190.0,0.7635878188166119,0,0.0,0.5999367616058433,8,302.0
1935.0,6,82.0,1.6734693877551021,7.199763794854754,5,88.0,0.05879628208464329,0,15.0,0.6368629242881952,0,15.0,0.75326427735891,0,0.0,0.803214016911428,5,118.0
1940.0,10,28.0,0.56,6.513384348861171,1,33.0,0.017266734161715216,3,12.0,0.5493436304518979,5,25.0,0.42774440015757004,0,0.0,0.9878663139475384,9,70.0
1945.0,5,36.0,0.6792452830188679,6.704267216094092,0,4.0,0.304297680897425,3,31.0,0.6297855130825124,0,9.0,0.5247533222811691,0,0.0,0.9649518475801553,3,44.0
1950.0,7,54.0,1.1020408163265305,7.710598800372132,0,0.0,0.9878454073094981,4,51.0,0.5071152667600951,1,7.0,0.5200834441154443,0,0.0,0.9676830988779676,5,58.0
1955.0,5,67.0,1.3137254901960784,8.517302444853856,0,0.0,1.0,4,73.0,0.5536146643987486,1,12.0,0.6088834534168263,0,0.0,0.9626272034953168,5,85.0
1960.0,6,95.0,1.9,8.282682534913974,0,0.0,1.0,5,96.0,0.49445742325397335,1,17.0,0.5595577538587206,0,0.0,0.9596573825772505,6,113.0
1965.0,9,131.0,2.5686274509803924,7.9193190445229344,0,0.0,1.0,8,127.0,0.39853132164325566,1,22.0,0.5577991648808878,0,0.0,0.9678875823425909,9,149.0
1970.0,10,179.0,3.6530612244897958,7.036693922397385,0,0.0,1.0,8,164.0,0.4142628593120028,1,27.0,0.5347307216756939,0,0.0,0.6359653113303733,9,191.0
1975.0,11,199.0,4.5227272727272725,6.225419713297668,0,0.0,1.0,7,190.0,0.41250351222336207,0,0.0,1.0,2,6.0,0.3309007728321002,9,196.0
1980.0,9,238.0,5.534883720930233,6.335137147040224,0,0.0,1.0,7,221.0,0.33212369263037,0,0.0,1.0,0,5.0,0.5064103290363176,7,226.0
1985.0,11,286.0,6.217391304347826,5.987627648408009,0,0.0,1.0,7,256.0,0.27933165245144403,0,3.0,0.6607375990059183,0,0.0,0.9515494576197419,7,259.0
1990.0,17,352.0,7.822222222222222,4.258801454131534,0,0.0,1.0,9,294.0,0.20589576864928474,1,4.0,0.2383009965937589,0,0.0,0.9872781151113212,10,298.0
1995.0,15,401.0,9.113636363636363,4.255969994259234,0,0.0,1.0,10,344.0,0.227082527335875,0,4.0,0.046030738778410525,0,0.0,0.9649000148616796,10,348.0
2000.0,17,455.0,9.891304347826088,5.037927474375813,0,0.0,1.0,13,411.0,0.18605705207391615,0,0.0,0.9504711064870821,0,0.0,0.9475906295638266,13,411.0
2005.0,15,467.0,10.613636363636363,5.036528668761428,0,0.0,1.0,14,478.0,0.13691465877044165,0,0.0,0.9768013356794432,1,1.0,0.49057850224995914,15,479.0
2010.0,16,547.0,12.155555555555555,5.408439269400016,0,0.0,1.0,15,553.0,0.15188625954562093,0,0.0,0.9600974394491224,1,6.0,0.4933095462757847,16,559.0
2015.0,17,630.0,14.651162790697674,4.7258512359139635,0,0.0,1.0,16,632.0,0.15078566143137484,0,0.0,0.5568469246444984,1,11.0,0.498127023010053,17,643.0
2020.0,18,719.0,15.630434782608695,5.1813130764047575,0,0.0,1.0,16,712.0,0.20495445143731467,1,21.0,0.5520554405982763,1,16.0,0.5629648514190474,18,749.0
2025.0,18,792.0,16.5,5.303859343998145,0,0.0,1.0,16,787.0,0.23601470744148798,2,13.0,0.0,0,0.0,0.9569648949446883,18,800.0
2030.0,19,883.0,18.020408163265305,4.836639404296156,0,0.0,1.0,17,886.0,0.11179760286318258,2,27.0,0.29164284180970723,0,0.0,0.9396471822298038,19,913.0
2035.0,20,972.0,18.339622641509433,5.00183851622353,0,0.0,1.0,19,979.0,0.0872265362267441,1,19.0,0.0,0,0.0,0.9863450378912123,20,998.0
2040.0,24,1083.0,20.826923076923077,4.760381529536892,0,0.0,1.0,23,1081.0,0.08162087218339902,1,24.0,0.45240310781822773,0,0.0,0.9672842286000063,24,1105.0
2045.0,24,1203.0,22.27777777777778,5.168209130341847,0,0.0,1.0,23,1196.0,0.10578599922727529,1,29.0,0.0,0,0.0,0.9337546157973237,24,1225.0
2050.0,26,1325.0,24.09090909090909,5.265129530025183,0,0.0,1.0,24,1335.0,0.1667450003609458,1,34.0,0.4849029495722606,1,1.0,0.49025985137734884,26,1370.0
2055.0,26,1455.0,25.086206896551722,4.814849057547712,0,0.0,1.0,24,1455.0,0.17226626207529877,1,39.0,0.36842273809633963,1,6.0,0.6268069493566104,26,1500.0
2060.0,28,1588.0,27.379310344827587,4.647880676845878,0,0.0,1.0,25,1576.0,0.15888687835611712,1,44.0,0.5769714614170562,2,13.0,0.31787569153954537,28,1633.0
2065.0,17,616.0,10.440677966101696,4.720538186985739,0,0.0,0.8889115882536939,14,988.0,0.17218235155549796,1,56.0,0.645284363725941,2,23.0,0.32748651673535856,17,1067.0
2070.0,10,354.0,5.9,5.4189775403095775,0,0.0,1.0,9,631.0,0.1981620223402767,1,54.0,0.010227845751540602,0,0.0,0.9760411544411477,10,685.0
2075.0,12,411.0,6.737704918032787,6.900076420160411,0,0.0,1.0,10,484.0,0.24452234995167418,2,76.0,0.6031232457928979,0,0.0,0.922622404697358,12,560.0
2080.0,12,471.0,7.359375,7.796342407591402,0,0.0,1.0,10,433.0,0.31445233203300793,2,83.0,0.7124907152303294,0,0.0,0.9272977948916944,12,516.0
2085.0,14,537.0,8.523809523809524,7.599452289659989,0,0.0,1.0,12,489.0,0.23876460099455515,2,93.0,0.7664005997278494,0,0.0,0.9903609093052175,14,582.0
2090.0,14,607.0,9.338461538461539,7.49678650861972,0,0.0,1.0,12,549.0,0.2758887369086999,2,103.0,0.7622195069085239,0,0.0,0.9502156156526897,14,652.0
2095.0,14,677.0,11.098360655737705,6.830341454653304,0,0.0,1.0,12,609.0,0.19529766279630661,2,113.0,0.7739998532119554,0,0.0,0.9373718180219928,14,722.0
2100.0,16,754.0,12.779661016949152,6.396874553285203,0,0.0,1.0,13,673.0,0.2394496444526533,2,123.0,0.5868849925119952,1,3.0,0.48551945435673755,16,799.0
2105.0,18,814.0,14.280701754385966,5.201476272706323,0,0.0,1.0,12,706.0,0.10859428578734995,5,145.0,0.24384102157780818,1,8.0,0.4891479233606069,18,859.0
2110.0,18,895.0,15.431034482758621,5.215601093513251,0,0.0,1.0,13,770.0,0.09804353343580306,5,170.0,0.0843380697396115,0,0.0,0.9406950618158207,18,940.0
2115.0,20,990.0,17.36842105263158,5.432840421576794,0,0.0,1.0,13,835.0,0.12226408977685546,7,206.0,0.24730706703578467,0,0.0,0.9177112507645555,20,1041.0
2120.0,24,1100.0,18.96551724137931,4.915104073156044,0,0.0,1.0,14,902.0,0.06305749634009529,10,250.0,0.13398369006305885,0,0.0,0.9776909174161139,24,1152.0
2125.0,27,1232.0,20.19672131147541,5.229044001737002,0,0.0,1.0,14,972.0,0.12441484701627836,13,312.0,0.18120082852359365,0,0.0,0.9063493858113404,27,1284.0
2130.0,27,1367.0,22.783333333333335,5.0100949990640675,0,0.0,1.0,14,1042.0,0.11367416500333723,13,377.0,0.13314403134820393,0,0.0,0.9402216041439653,27,1419.0
2135.0,28,1505.0,25.948275862068964,4.5477138940225466,0,0.0,1.0,15,1118.0,0.10547948500328745,13,442.0,0.2039176581730042,0,0.0,0.9642834092765776,28,1560.0
2140.0,20,1407.0,23.847457627118644,4.794131851939799,0,0.0,1.0,15,1190.0,0.08545612446684006,5,333.0,0.17712260268707622,0,0.0,0.7822796751490759,20,1523.0
2145.0,19,1436.0,23.540983606557376,5.146787806628464,0,9.0,0.5669336441262872,16,1286.0,0.17613185166984835,2,270.0,0.3378926649086311,1,2.0,0.26935345529606064,19,1567.0
2150.0,22,1539.0,24.822580645161292,5.307075697038588,0,0.0,0.6995462438847712,17,1355.0,0.18411348370195535,3,218.0,0.43031920578918664,2,11.0,0.16847300785362093,22,1584.0
2155.0,22,1632.0,25.904761904761905,5.702784340624796,0,0.0,0.8721491945532991,18,1443.0,0.17159831316354765,4,231.0,0.1649193178153496,0,0.0,0.899304484801902,22,1674.0
2160.0,22,1742.0,27.21875,6.04153476716659,0,0.0,1.0,18,1533.0,0.172527988880823,4,254.0,0.11286764865882035,0,0.0,0.9642081907454993,22,1787.0
2165.0,21,1268.0,18.925373134328357,6.093160810506968,0,0.0,1.0,15,1301.0,0.1891659794180758,6,280.0,0.0007532662463998443,0,0.0,0.973991494801664,21,1581.0
2170.0,11,457.0,6.924242424242424,7.2099686963251415,0,0.0,1.0,5,804.0,0.34457300469774993,6,310.0,5.354035862837226e-06,0,0.0,0.9614526689826306,11,1114.0
2175.0,8,377.0,5.890625,7.717590124854606,0,0.0,1.0,2,402.0,0.4860579115325056,6,331.0,0.13070815785152437,0,0.0,0.48713553724054026,8,733.0
2180.0,10,395.0,6.26984126984127,7.571910490536548,0,0.0,1.0,5,104.0,0.37165330192598706,4,331.0,0.29339873131409533,1,5.0,0.6372663576280844,10,440.0
2185.0,10,445.0,7.672413793103448,7.246254788582693,0,0.0,1.0,5,93.0,0.3672161334022587,4,351.0,0.3569462104595782,1,10.0,0.33989139592665785,10,454.0
2190.0,12,504.0,9.163636363636364,6.591327032285213,0,0.0,1.0,5,118.0,0.34663736626596464,5,376.0,0.35443888508998705,2,19.0,0.3173909910582168,12,513.0
2195.0,14,573.0,11.235294117647058,6.178948713157359,0,0.0,1.0,6,147.0,0.21647921702992728,6,406.0,0.4621034706932026,2,29.0,0.33134851676399407,14,582.0
2200.0,16,649.0,12.245283018867925,6.080459242255647,0,0.0,1.0,7,181.0,0.28398845814567397,7,438.0,0.4825379587083672,2,39.0,0.30230340199786415,16,658.0
2205.0,17,730.0,14.038461538461538,6.016357374204275,0,0.0,1.0,7,216.0,0.28255668412764645,8,474.0,0.3494485184050955,2,49.0,0.438911573816668,17,739.0
2210.0,19,823.0,15.24074074074074,5.078831175216168,0,0.0,1.0,8,251.0,0.1443989929089548,9,519.0,0.23812634435642435,2,59.0,0.3954360892096421,19,829.0
2215.0,22,928.0,17.846153846153847,4.290574256060794,0,0.0,1.0,9,291.0,0.03319805040242316,11,574.0,0.11596440134184473,2,69.0,0.4715346123630723,22,934.0
2220.0,19,940.0,18.076923076923077,4.367572689005479,0,0.0,1.0,9,332.0,0.11799201731170424,10,616.0,0.015304724208601737,0,4.0,0.7118757621835498,19,952.0
2225.0,10,664.0,12.296296296296296,5.04626925743945,0,3.0,0.6070073840948491,0,67.0,0.32556691534915017,10,670.0,0.09149617217023742,0,0.0,0.8405920538051728,10,740.0
2230.0,11,718.0,14.07843137254902,6.159441532841623,1,4.0,7.247053972939313e-05,0,0.0,0.6363105713904312,10,714.0,0.07512490381595877,0,0.0,0.9440748893535604,11,718.0
2235.0,13,781.0,14.735849056603774,6.814352039021467,1,9.0,0.0,1,5.0,0.8055268607163296,10,773.0,0.25435620008332815,0,0.0,0.9182710551773524,12,787.0
2240.0,12,454.0,8.566037735849056,6.188115395534222,1,14.0,0.0,1,10.0,0.7935517621652405,9,600.0,0.2942764760536167,0,0.0,0.9152677760137737,11,624.0
2245.0,8,228.0,4.222222222222222,7.340944130391944,0,0.0,1.0,1,16.0,0.8022747281853435,7,380.0,0.41557794377702356,0,0.0,0.9050538949584311,8,396.0
2250.0,8,268.0,4.962962962962963,7.699393289302735,0,0.0,1.0,1,21.0,0.8251193603445952,7,290.0,0.4666223870636819,0,0.0,0.3785551581078237,8,311.0
2255.0,10,315.0,5.833333333333333,6.846888575098673,0,0.0,1.0,1,26.0,0.7036279967421449,7,286.0,0.4427003499788561,2,7.0,0.25277700751153986,10,319.0
2260.0,14,232.0,4.377358490566038,5.749416470833633,0,0.0,1.0,5,39.0,0.3195495320524467,6,247.0,0.3545344825182962,3,19.0,0.19662044504247822,14,305.0
2265.0,6,101.0,1.8363636363636364,5.61725760466388,0,0.0,1.0,2,49.0,0.5296448925295986,4,138.0,0.17177262582091654,0,12.0,0.5255313765565424,6,199.0
2270.0,7,136.0,2.3448275862068964,7.000499833609669,0,0.0,1.0,2,59.0,0.6151239744169243,5,96.0,0.22371073512939052,0,0.0,0.9836541628059616,7,155.0
2275.0,12,186.0,3.263157894736842,6.35560130562449,0,0.0,1.0,2,69.0,0.6600396617508191,7,125.0,0.1519953970307882,0,0.0,0.96346450898034,9,194.0
2280.0,14,238.0,4.175438596491228,6.022532507436814,0,0.0,1.0,3,80.0,0.5301561518637659,11,175.0,0.16101546312212464,0,0.0,0.9805607959920197,14,255.0
2285.0,14,308.0,5.923076923076923,6.107221364771673,0,0.0,1.0,3,96.0,0.5408214312738356,11,230.0,0.13935118511693856,0,0.0,0.958759049971408,14,326.0
2290.0,16,381.0,7.055555555555555,6.212572713388202,0,0.0,1.0,4,111.0,0.4338897347888065,12,287.0,0.1942819116290787,0,0.0,0.9514782074265857,16,398.0
2295.0,18,464.0,9.28,5.393650894769012,0,0.0,1.0,6,134.0,0.13501088591493743,12,347.0,0.23430203248606105,0,0.0,0.9452081716849937,18,481.0
2300.0,18,554.0,11.08,5.265781932830321,0,0.0,1.0,6,164.0,0.13447499336863203,12,404.0,0.17820422550265544,0,0.0,0.9314398175002508,18,568.0
2305.0,6,85.0,1.6037735849056605,5.736406546425257,0,0.0,1.0,3,66.0,0.09047955308147775,2,181.0,0.277453281311196,0,0.0,0.9747662776263861,5,247.0
2310.0,5,50.0,0.9615384615384616,6.492924275815005,0,9.0,0.5897718114289495,3,48.0,0.2620579265735481,1,28.0,0.38111269967417255,0,0.0,0.6064009332136955,4,85.0
2315.0,7,83.0,1.5961538461538463,7.689888054676467,0,0.0,0.7625311378628137,3,69.0,0.5291655580014473,2,13.0,0.29000440143330675,1,4.0,0.4930198208106099,6,86.0
2320.0,9,113.0,2.173076923076923,7.405739499194682,0,0.0,0.9853678171083393,3,84.0,0.589942300331578,3,28.0,0.35225570865741773,1,9.0,0.49857365798900505,7,121.0
2325.0,6,63.0,1.1454545454545455,7.396145171777188,0,0.0,1.0,0,9.0,0.8873663355454683,4,45.0,0.1949899333221167,1,14.0,0.37674946690180167,5,68.0
2330.0,6,82.0,1.490909090909091,7.479435414864914,0,0.0,1.0,0,9.0,0.7968205176008171,4,65.0,0.1806814501607803,2,20.0,0.22543574923443147,6,94.0
2335.0,5,73.0,1.3035714285714286,8.10783684178509,0,0.0,1.0,1,11.0,0.766726918115822,2,66.0,0.5948655647120141,2,30.0,0.4502749388429507,5,107.0
2340.0,5,86.0,1.5925925925925926,8.662455986348332,0,3.0,0.9583856069259216,1,14.0,0.7192131446570187,1,40.0,0.7142335709276023,2,40.0,0.46833005243985415,4,97.0
2345.0,7,116.0,2.32,8.352948842482402,1,4.0,0.0011452551664840383,1,16.0,0.7469704742936014,2,49.0,0.5579014055451806,2,50.0,0.5326240702295811,6,119.0
2350.0,8,154.0,3.08,8.086359492386048,1,9.0,0.0,1,21.0,0.7300631311736746,3,62.0,0.5002956691926034,2,60.0,0.5085980596469949,7,152.0
2355.0,10,201.0,4.276595744680851,7.005805529445604,1,14.0,0.0,2,29.0,0.5331540982720994,4,81.0,0.48885223610028183,2,70.0,0.2768675712962817,9,194.0
2360.0,8,151.0,3.0816326530612246,7.046114423228542,1,19.0,0.0,3,44.0,0.5422923969614816,4,101.0,0.26380667928089496,0,0.0,0.3559408976631831,8,164.0
2365.0,10,198.0,4.304347826086956,6.080539194453928,1,24.0,0.0,3,59.0,0.37911049300648253,6,134.0,0.3394390613417502,0,0.0,0.6242636833226549,10,217.0
2370.0,17,266.0,6.045454545454546,5.131380678064198,1,29.0,0.0,5,80.0,0.16939077022847096,9,169.0,0.312860595826725,0,0.0,0.9457357153013596,15,278.0
2375.0,17,337.0,7.659090909090909,4.806949109199165,1,34.0,0.0,6,108.0,0.13050065482020454,10,215.0,0.18637437221803094,0,0.0,0.9922046758209362,17,357.0
2380.0,19,424.0,9.02127659574468,5.287770259761262,1,40.0,0.4830170399183912,6,138.0,0.2386835514809918,12,267.0,0.1296707298114964,0,0.0,0.9533335928482294,19,445.0
2385.0,17,391.0,8.145833333333334,5.202783032245493,1,44.0,0.01558568207658983,2,77.0,0.18673133203191938,14,334.0,0.08779947665322234,0,0.0,0.9555377068876165,17,455.0
2390.0,15,393.0,8.733333333333333,5.3746393701361335,0,0.0,1.0,1,5.0,0.4775842911921725,14,404.0,0.13886734496388783,0,0.0,0.6203672769153746,15,409.0
2395.0,10,226.0,4.808510638297872,5.315624711875827,0,0.0,1.0,2,10.0,0.14951721277292465,7,268.0,0.08072294223920572,1,5.0,0.7175578484994314,10,283.0
2400.0,8,241.0,5.127659574468085,6.598567593516196,0,3.0,0.5520153761038723,2,24.0,0.4920287075768348,6,240.0,0.2420275789059576,0,0.0,0.9417549788057139,8,267.0
2405.0,8,281.0,5.854166666666667,7.578609485861815,0,0.0,0.6547618715382291,2,37.0,0.7474651197202976,6,256.0,0.3204261088297783,0,0.0,0.9334475073834351,8,293.0
2410.0,9,322.0,6.313725490196078,7.470360459237296,1,1.0,0.004694939774319726,2,47.0,0.6964663507096288,6,283.0,0.31745481360363115,0,0.0,0.9821048700101707,9,331.0
2415.0,11,376.0,7.673469387755102,7.360984478202094,2,11.0,2.0436031940313342e-05,3,61.0,0.672885023506245,6,313.0,0.24368345002519678,0,0.0,0.9537471316060859,11,385.0
2420.0,11,431.0,8.62,7.52219056381987,2,21.0,0.0,3,73.0,0.6354189581554675,6,343.0,0.2390435347640103,0,0.0,0.9289598334941997,11,437.0
2425.0,11,422.0,9.173913043478262,6.536841174771334,2,31.0,0.0,1,27.0,0.7718712820304094,7,374.0,0.00024814239345648524,0,0.0,0.9605428725115405,10,432.0
2430.0,8,428.0,10.19047619047619,6.855530874487725,0,0.0,1.0,1,26.0,0.8168948974059537,7,409.0,0.0,0,0.0,0.9358980760629386,8,435.0
2435.0,8,468.0,10.636363636363637,7.323130223997407,0,0.0,1.0,1,24.0,0.7615017290324436,7,450.0,0.19299124016372607,0,0.0,0.8957183753909014,8,474.0
2440.0,7,421.0,9.568181818181818,7.46433524203727,0,0.0,1.0,1,29.0,0.6389816103001015,5,437.0,0.4048231027658355,1,4.0,0.4267881511363763,7,470.0
2445.0,7,449.0,9.977777777777778,7.434283687271549,0,0.0,1.0,2,36.0,0.31630840497088436,5,416.0,0.394233170083887,0,0.0,0.9772655116880927,7,452.0
2450.0,8,485.0,10.319148936170214,7.312465507845054,0,0.0,1.0,2,46.0,0.0647232581941947,6,448.0,0.37382114230914243,0,0.0,0.9003882238018872,8,494.0
2455.0,11,535.0,12.159090909090908,6.790456805594099,0,0.0,1.0,3,61.0,0.15559637942855173,8,483.0,0.3234344809056838,0,0.0,0.9499770114081252,11,544.0
2460.0,8,536.0,13.073170731707316,6.694104129840723,0,0.0,1.0,3,76.0,0.2341124820849555,5,476.0,0.3291846828980891,0,0.0,0.9412623908540116,8,552.0
2465.0,7,563.0,13.731707317073171,6.89586995121599,0,0.0,0.020381847179544738,3,94.0,0.43025714690468936,4,486.0,0.32455216327460695,0,0.0,0.9338976720217398,7,580.0
2470.0,8,602.0,13.377777777777778,7.067011994328017,1,4.0,0.28095922195090034,3,112.0,0.5518421353994045,4,492.0,0.19281084840011298,0,0.0,0.9860663048346877,8,608.0
2475.0,12,656.0,14.909090909090908,6.3926486299127365,2,13.0,0.2612433057196722,4,128.0,0.4789424290840653,4,512.0,0.2875840584810056,0,0.0,0.5035235021885882,10,653.0
2480.0,15,720.0,15.652173913043478,5.682808691836285,3,24.0,0.0049530177013244634,4,148.0,0.5147725045376815,5,535.0,0.20373609106388726,1,5.0,0.48321505957575844,13,712.0
2485.0,14,766.0,15.958333333333334,6.0190180717956,4,42.0,0.0010711054913589842,4,168.0,0.5402011411395804,6,562.0,0.0015809437157340942,0,0.0,0.940473678731627,14,772.0
2490.0,16,766.0,15.63265306122449,6.160408301628503,4,62.0,0.00018854438900640577,4,110.0,0.3956468069741256,7,600.0,0.06859123495098399,0,0.0,0.9609408740337764,15,772.0
2495.0,16,840.0,17.5,5.359470723457339,4,82.0,5.342985582115704e-05,4,127.0,0.2697580606761699,8,650.0,0.18453081144266345,0,0.0,0.9553210033397743,16,859.0
2500.0,20,933.0,18.66,5.071182328213045,4,102.0,5.272913536769552e-06,6,153.0,0.21514455413151165,10,697.0,0.08668272170965777,0,0.0,0.9562259534729521,20,952.0
2505.0,19,984.0,18.923076923076923,5.084918442207295,4,122.0,0.0,7,184.0,0.028120350554469552,8,718.0,0.09552911952919271,0,0.0,0.946133287445776,19,1024.0
2510.0,20,1072.0,20.615384615384617,5.344638563762907,4,142.0,0.0,9,229.0,0.13362017536165613,7,713.0,0.1922377654535145,0,0.0,0.9457815552316173,20,1084.0
2515.0,21,1173.0,22.132075471698112,5.156125896294007,4,162.0,0.009795895915780044,9,274.0,0.2652877799410202,7,748.0,0.1897672426327712,0,0.0,0.9855507714119079,20,1184.0
2520.0,24,1285.0,23.796296296296298,4.667225673915257,5,186.0,1.0136421226265005e-05,9,319.0,0.3301590144662664,9,786.0,0.09670450701868202,0,0.0,0.9991598655124461,23,1291.0
2525.0,26,1412.0,25.214285714285715,4.724742243063659,5,211.0,0.0,9,364.0,0.29366299579369765,9,828.0,8.709115277188764e-05,0,0.0,0.8993300886109263,23,1403.0
2530.0,28,1549.0,27.17543859649123,4.48045393900941,5,236.0,0.0,10,414.0,0.23599660675624268,9,873.0,6.587605452939828e-06,1,2.0,0.4931089744362209,25,1525.0
2535.0,21,1381.0,24.660714285714285,4.5185773334557675,0,70.0,0.029354551501528416,10,461.0,0.2141041273707038,9,918.0,0.09969001934620547,1,7.0,0.46878515123860376,20,1456.0
2540.0,23,1475.0,25.0,4.475430966437504,0,0.0,1.0,13,517.0,0.06396339984569549,9,963.0,0.099021388482493,0,0.0,0.9843385406898557,22,1480.0
2545.0,23,1474.0,24.983050847457626,4.895406353831822,0,0.0,1.0,14,586.0,0.03568008983522103,6,907.0,0.16558384121270556,0,0.0,0.9438308512471799,20,1493.0
2550.0,10,995.0,16.583333333333332,5.761045693777584,0,0.0,1.0,4,215.0,0.2785734445173848,6,908.0,0.14211558453335732,0,0.0,0.9151010055776088,10,1123.0
2555.0,9,1029.0,18.05263157894737,7.223363878501192,0,0.0,1.0,3,97.0,0.5774211003945614,6,938.0,0.132588275861449,0,0.0,0.9558936052404192,9,1035.0
2560.0,10,1076.0,17.933333333333334,7.822201338090337,0,0.0,1.0,4,114.0,0.6061548681737281,6,977.0,0.3985215361648745,0,0.0,0.9456614534925075,10,1091.0
2565.0,10,1126.0,20.107142857142858,7.94927852625946,0,0.0,1.0,4,134.0,0.6063950014186713,6,1007.0,0.4773854956931009,0,0.0,0.9423498375301431,10,1141.0
2570.0,11,1179.0,21.053571428571427,7.150515623281686,0,0.0,1.0,4,154.0,0.6017518535614715,6,1037.0,0.46951011564918244,0,0.0,0.9586799893139786,10,1191.0
2575.0,12,1232.0,22.0,7.0818705990232145,0,0.0,1.0,4,174.0,0.6355146231063492,8,1073.0,0.4511183078310147,0,0.0,0.9914127487224624,12,1247.0
2580.0,12,1292.0,23.071428571428573,7.319006696338766,0,0.0,1.0,4,188.0,0.49790677823448065,8,1110.0,0.48712058166098254,0,0.0,0.858299828701228,12,1298.0
2585.0,13,1356.0,25.11111111111111,6.480075801575449,0,0.0,1.0,4,209.0,0.32571141928123293,8,1147.0,0.33751423884022347,1,4.0,0.6208244416436983,13,1360.0
2590.0,16,1433.0,25.589285714285715,5.332326954541417,0,0.0,1.0,5,232.0,0.14286647774446926,10,1196.0,0.1827612320119353,1,9.0,0.693694042555985,16,1437.0
2595.0,15,1300.0,22.80701754385965,5.507171295596872,0,0.0,1.0,2,99.0,0.35396950514316755,12,1252.0,0.08659711020549556,1,14.0,0.7544293255090686,15,1365.0
2600.0,15,1330.0,22.54237288135593,6.342106694659147,0,0.0,1.0,1,2.0,0.4846969719861466,13,1313.0,0.05110817715714109,1,19.0,0.7630994148645069,15,1334.0
2605.0,16,1385.0,25.181818181818183,5.9047234195432905,0,0.0,1.0,1,7.0,0.5105315650584329,14,1382.0,0.00573259668454056,0,0.0,0.9265947578609804,15,1389.0
2610.0,18,1470.0,26.727272727272727,6.173500963883085,0,0.0,1.0,1,12.0,0.6475740358315113,17,1466.0,0.14858362743113088,0,0.0,0.974383964534038,18,1478.0
2615.0,25,1578.0,28.69090909090909,4.7470606376963715,0,0.0,1.0,2,18.0,0.10353891370809465,19,1557.0,0.04392485362899564,1,3.0,0.6480019881402538,22,1578.0
2620.0,23,1683.0,31.166666666666668,5.29892293921322,0,0.0,1.0,2,28.0,0.3188148574144465,20,1656.0,0.047316187137687676,1,8.0,0.47566112057662974,23,1692.0
2625.0,23,1798.0,33.924528301886795,5.039642567781302,0,0.0,1.0,2,38.0,0.468566116833488,20,1756.0,0.05017560525686468,1,13.0,0.4790886125362776,23,1807.0
2630.0,21,1309.0,23.8,4.760510949972837,0,0.0,1.0,2,48.0,0.2589682207070907,18,1534.0,0.0343263465872668,1,18.0,0.6254883884411501,21,1600.0
2635.0,17,557.0,10.127272727272727,5.715444655896525,0,0.0,1.0,0,3.0,0.7428727981784154,16,1061.0,0.11280756002555792,1,23.0,0.5924941339500046,17,1087.0
2640.0,18,644.0,11.709090909090909,5.95382420237921,0,0.0,1.0,0,3.0,0.8755955612978898,17,746.0,0.13717184000005234,1,28.0,0.49490706767234427,18,777.0
2645.0,19,736.0,13.88679245283019,6.067760148510899,0,0.0,1.0,1,5.0,0.7505185599667873,17,723.0,0.1708727703966724,1,33.0,0.4931728585693342,19,761.0
2650.0,10,206.0,3.7454545454545456,5.68610804478803,0,0.0,1.0,2,13.0,0.6526377113819509,6,448.0,0.3272248135469351,1,38.0,0.4220350995087207,9,499.0
2655.0,6,73.0,1.280701754385965,5.932249947711978,0,9.0,0.6122641776076696,0,13.0,0.6606114870156724,1,177.0,0.4940025101175323,2,44.0,0.21532786787608937,3,243.0
2660.0,12,122.0,2.1403508771929824,7.066832139403052,2,12.0,0.24721036884333702,2,20.0,0.7606779457364599,2,56.0,0.6567673491777919,2,54.0,0.474106587061909,8,142.0
2665.0,17,190.0,3.1666666666666665,6.120022983789566,3,27.0,0.06206600222617249,4,30.0,0.592222262345083,3,52.0,0.6002689932216937,3,58.0,0.3852132618969718,13,167.0
2670.0,19,274.0,4.566666666666666,5.399929225630356,3,43.0,0.01474251247057374,4,47.0,0.5559235729447992,3,67.0,0.5599326406562735,2,68.0,0.4551866693751453,12,225.0
2675.0,19,247.0,3.9838709677419355,4.8976217776499045,6,70.0,0.004549959001517591,0,25.0,0.8298704356798791,5,86.0,0.27732800638851124,0,0.0,0.7486284332059112,11,181.0
2680.0,14,143.0,2.3833333333333333,5.236111121420867,2,32.0,0.013705455861885124,0,9.0,0.9117592708392073,7,125.0,0.2671257850358261,0,0.0,0.9744126527101494,9,166.0
2685.0,13,179.0,2.8870967741935485,6.1017286776038295,0,8.0,0.17307615494523065,0,3.0,0.9130864569584316,10,172.0,0.2654692437979488,0,0.0,0.9582310119547208,10,183.0
2690.0,10,191.0,3.1311475409836067,6.161676276815201,0,0.0,1.0,1,1.0,0.675613738255665,5,169.0,0.32831916195157107,0,0.0,0.9633316082037715,6,170.0
2695.0,12,229.0,3.816666666666667,6.4635375294620765,0,3.0,0.5939572253108549,5,16.0,0.2719164435128199,5,183.0,0.421789183675632,0,0.0,0.5437155699846887,10,202.0
2700.0,14,295.0,4.916666666666667,6.246111896982956,0,6.0,0.2506068172573231,5,40.0,0.34907950310903424,6,209.0,0.3290238972107711,1,5.0,0.4993807357546709,12,260.0
2705.0,15,338.0,5.540983606557377,6.534726541310907,2,15.0,0.020792605445185932,5,65.0,0.4376443278872133,6,239.0,0.30997029760561967,1,5.0,0.5628569834870988,14,324.0
2710.0,17,389.0,6.593220338983051,5.958673155717848,3,26.0,0.0025039211754356925,6,94.0,0.40372464112694134,6,263.0,0.24348946088437667,2,13.0,0.3192325587426785,17,396.0
2715.0,12,380.0,7.037037037037037,4.968500774775756,3,41.0,0.021668447691945782,3,62.0,0.40019374456980805,6,293.0,0.29026111507163366,0,0.0,0.9437741487523846,12,396.0
2720.0,13,401.0,7.290909090909091,5.314390942958844,0,10.0,0.024280859233218613,5,86.0,0.37835757376748486,8,332.0,0.1802686360295189,0,0.0,0.9351456287952884,13,428.0
2725.0,14,467.0,8.051724137931034,5.681401906700793,0,0.0,1.0,5,108.0,0.361852567799793,9,378.0,0.1967586344397333,0,0.0,0.9490639183595101,14,486.0
2730.0,17,547.0,9.271186440677965,6.001861258606974,0,0.0,1.0,6,134.0,0.13642282205326423,11,432.0,0.19464135909571406,0,0.0,0.9380546161893707,17,566.0
2735.0,13,586.0,9.766666666666667,6.658206793212945,0,0.0,1.0,6,189.0,0.24033720650195045,7,442.0,0.2721842843365772,0,0.0,0.9302817865151168,13,631.0
2740.0,13,651.0,10.333333333333334,7.106877444328921,0,0.0,1.0,6,245.0,0.35619064662040406,7,468.0,0.29581461069434073,0,0.0,0.9621464800224104,13,713.0
2745.0,16,722.0,11.28125,7.004148221835182,0,0.0,1.0,8,260.0,0.34706058663773237,7,503.0,0.29473306657733567,1,1.0,0.5000179278034356,16,764.0
2750.0,18,807.0,14.157894736842104,6.430789989119948,0,0.0,0.9801122639609977,10,305.0,0.3227651228858036,7,538.0,0.2124769953478579,1,6.0,0.4923428557833587,18,849.0
2755.0,16,487.0,8.543859649122806,5.319824810034137,1,2.0,0.004044892519220016,6,238.0,0.42971662127001364,6,449.0,0.16615029452120567,1,11.0,0.473881994985381,14,700.0
2760.0,8,423.0,7.6909090909090905,6.291683234015937,1,7.0,0.0,1,80.0,0.6255411994723585,6,402.0,0.12272753671457284,0,0.0,0.9233843558089379,8,489.0
2765.0,10,470.0,8.24561403508772,6.583648661095774,1,12.0,0.0,2,31.0,0.6411379439268707,7,441.0,0.29329281287270637,0,0.0,0.9496005476733432,10,484.0
2770.0,14,529.0,9.280701754385966,6.546210465900938,1,17.0,0.0,3,44.0,0.47111619569971386,10,482.0,0.19373622540683474,0,0.0,0.9400518671989341,14,543.0
2775.0,11,557.0,9.771929824561404,7.086631332492768,1,22.0,0.0,4,63.0,0.41503532857459696,6,478.0,0.3743937246267553,0,0.0,0.9598559618989813,11,563.0
2780.0,12,592.0,9.866666666666667,6.844936387011839,0,6.0,0.7128936082771509,6,96.0,0.3711586794352637,6,508.0,0.22336136223419686,0,0.0,0.9504447043297992,12,610.0
2785.0,14,660.0,11.578947368421053,7.1367609845127165,0,0.0,1.0,6,126.0,0.4374884734567796,8,549.0,0.3180246351247148,0,0.0,0.9613625170324587,14,675.0
2790.0,16,735.0,12.894736842105264,6.1058413247060965,0,0.0,1.0,6,156.0,0.3126831859544728,9,590.0,0.007452688288984819,0,0.0,0.9647240214088582,15,746.0
2795.0,10,637.0,10.442622950819672,6.596237971856808,0,0.0,1.0,0,18.0,0.5226481968580632,10,640.0,9.937596811385563e-07,0,0.0,0.9250066071743449,10,658.0
2800.0,10,687.0,11.262295081967213,7.12446936214883,0,0.0,1.0,0,6.0,0.9281520355145785,10,690.0,0.10721217387845337,0,0.0,0.94867082978084,10,696.0
2805.0,12,743.0,12.383333333333333,6.452445523442829,0,0.0,1.0,1,7.0,0.7596900968672758,11,754.0,0.19220152515471586,0,0.0,0.6269005067443681,12,761.0
2810.0,15,816.0,13.830508474576272,6.393810191495208,0,0.0,1.0,1,9.0,0.7762006948484201,13,817.0,0.24392233759006066,1,5.0,0.5156878321927462,15,831.0
2815.0,15,585.0,10.086206896551724,6.276494036093431,0,0.0,1.0,2,12.0,0.5708927545289179,12,726.0,0.258093111491005,1,10.0,0.6196319441423724,15,748.0
2820.0,12,202.0,3.672727272727273,6.4033117534063795,0,0.0,1.0,3,25.0,0.3610865728709333,7,479.0,0.2877072144150901,2,17.0,0.3121193955809379,12,521.0
2825.0,11,203.0,3.830188679245283,7.147941610433768,0,0.0,1.0,4,43.0,0.31928166824144905,5,294.0,0.4304966460986795,2,27.0,0.3305741977233589,11,364.0
2830.0,12,260.0,4.7272727272727275,7.233064064153295,0,0.0,1.0,5,65.0,0.1743435128920499,5,183.0,0.5324622702878303,2,37.0,0.4805669090024295,12,285.0
2835.0,14,292.0,5.3090909090909095,5.922934811575005,0,0.0,1.0,6,91.0,0.09493659692136755,6,176.0,0.2886778486495593,2,47.0,0.3488402688246146,14,314.0
2840.0,16,372.0,6.763636363636364,5.330658784200244,0,0.0,0.5568334038587842,6,121.0,0.13431331450327505,8,216.0,0.09706287998579385,2,57.0,0.38469800311821867,16,394.0
2845.0,22,467.0,8.192982456140351,4.76618660378629,3,8.0,0.04504178672427698,6,154.0,0.29539004934546714,9,261.0,0.06526633549117647,3,68.0,0.3827292153299608,21,491.0
2850.0,23,505.0,8.559322033898304,4.167448812870559,3,23.0,0.004545761585648626,6,184.0,0.2690529100599923,10,308.0,2.024523535445845e-05,0,5.0,0.7413823393928697,19,520.0
2855.0,20,507.0,8.45,4.6277708337982535,4,40.0,0.0009167683006085191,4,142.0,0.2893895735904307,8,324.0,0.12485884031698281,0,0.0,0.9236269112965559,16,506.0
2860.0,25,593.0,10.05084745762712,3.959704593805376,4,63.0,0.07040181321945128,5,164.0,0.26870640608443713,9,328.0,0.05251298905840673,0,0.0,0.9411133266901575,18,555.0
2865.0,23,628.0,10.129032258064516,4.204289357777918,0,17.0,0.019783202800971768,6,194.0,0.24781042552065488,10,373.0,0.07428001950124273,0,0.0,0.94096924050276,16,584.0
2870.0,25,742.0,11.777777777777779,4.440106132514136,0,11.0,0.36531919620382264,6,222.0,0.2499534948420382,12,430.0,0.06600946945524434,0,0.0,0.9413280775425776,18,663.0
2875.0,25,671.0,10.484375,4.113904712998039,0,0.0,1.0,6,250.0,0.11773969449597865,10,400.0,0.0832113420834299,0,0.0,0.5159133270758036,16,650.0
2880.0,13,193.0,3.0634920634920637,5.1722593018890075,0,0.0,1.0,0,29.0,0.509227564064231,5,279.0,0.18557145758998894,2,9.0,0.317305054675947,7,317.0
2885.0,12,250.0,3.676470588235294,6.263405514120689,0,0.0,0.278662895504687,0,3.0,0.9283725248466477,5,193.0,0.26023708555888864,2,19.0,0.3951935296719732,7,215.0
2890.0,14,315.0,4.846153846153846,6.064996776158826,1,4.0,2.6819234751860107e-05,0,3.0,0.9169779095168646,5,164.0,0.4125167096829147,2,29.0,0.3902770741620259,8,200.0
2895.0,14,385.0,6.015625,6.354605129359678,1,9.0,0.0,0,3.0,0.9264984757107971,5,189.0,0.5183531850734107,2,39.0,0.3913614511103193,8,240.0
2900.0,7,140.0,2.2222222222222223,6.365505924786645,1,14.0,0.0,0,3.0,0.8482632589719202,1,75.0,0.6974196803560738,3,52.0,0.3753697352730981,5,144.0
2905.0,7,96.0,1.5483870967741935,6.273334304803742,1,19.0,0.0,2,17.0,0.5968822371806225,0,42.0,0.8494653816573318,3,67.0,0.3540438057616771,6,145.0
2910.0,5,44.0,0.7586206896551724,6.889431305819208,1,24.0,0.0,3,34.0,0.7067728446557813,0,9.0,0.9530797114700666,0,12.0,0.49375738209953335,4,79.0
2915.0,6,66.0,1.1785714285714286,6.650853902672006,1,29.0,0.492081905753776,3,49.0,0.671327006075893,0,8.0,0.720580182915864,0,0.0,0.6691330122291601,4,86.0
2920.0,11,92.0,1.5333333333333334,5.159801344614389,2,37.0,0.022398283340490863,2,43.0,0.5625309181329734,2,14.0,0.18145613382230602,0,0.0,0.9605879536927283,6,94.0
2925.0,14,133.0,2.180327868852459,5.748675317977555,2,47.0,0.005377495868995292,3,88.0,0.6422523352325019,6,41.0,0.028728181138116978,0,0.0,0.994928057770331,11,176.0
2930.0,15,189.0,3.2586206896551726,5.731447618624723,3,60.0,0.0010326838679256597,3,67.0,0.58414732953258,8,74.0,0.0007136924278950945,1,2.0,0.49400525745424223,15,203.0
2935.0,16,268.0,4.32258064516129,5.956259261463812,3,75.0,0.000122582766434819,4,86.0,0.41856986991842876,8,114.0,0.11059646990060192,1,7.0,0.6635954432769882,16,282.0
2940.0,10,218.0,3.5737704918032787,6.012733199740824,3,90.0,3.7200745451825745e-05,5,110.0,0.2651084423591923,1,38.0,0.24806294355184905,1,12.0,0.6415594964392491,10,250.0
2945.0,9,251.0,4.183333333333334,5.83840407830194,3,108.0,0.13035246514175902,5,141.0,0.25431440680010275,0,18.0,0.44051744336016635,1,17.0,0.3783447932947804,9,284.0
2950.0,11,287.0,4.783333333333333,5.788826549738447,3,126.0,0.12029440820980032,7,178.0,0.34566386835725005,1,15.0,0.1575233465180394,0,0.0,0.9493762577372847,11,319.0
2955.0,17,362.0,5.934426229508197,5.881163816210238,4,144.0,0.014163114037033783,10,224.0,0.29207742328794045,3,31.0,0.27039502655042347,0,0.0,0.9302000668304772,17,399.0
2960.0,8,185.0,2.9838709677419355,5.773700742637244,5,167.0,0.002565818670229992,1,54.0,0.5320128132389513,2,31.0,0.027506675728248074,0,0.0,0.9213337310747884,8,252.0
2965.0,12,230.0,3.7096774193548385,6.867282734002674,6,196.0,0.00038623720252535136,0,15.0,0.8481673889376884,3,38.0,0.34712419693999363,0,0.0,0.9602180820802421,9,249.0
2970.0,14,295.0,4.758064516129032,7.052183222907861,7,228.0,0.061423384880830885,0,6.0,0.942308374986186,4,62.0,0.5269014712871993,0,0.0,0.9773999541023215,11,296.0
2975.0,12,327.0,4.954545454545454,7.730971919433726,8,265.0,0.0004385885361490817,0,3.0,0.9452094203329272,4,82.0,0.5547029109240841,0,0.0,0.9281900271422802,12,350.0
2980.0,13,341.0,5.014705882352941,7.0381271425935,8,305.0,1.5811550134582602e-06,0,3.0,0.9337988335512968,2,48.0,0.7091228362022617,2,4.0,0.3151533076153764,12,360.0
2985.0,13,400.0,6.153846153846154,7.325055876464064,8,345.0,0.0,0,9.0,0.7912868956212429,3,59.0,0.643353269751915,2,14.0,0.3130241511967495,13,427.0
2990.0,13,465.0,6.940298507462686,7.627860917020717,8,385.0,0.0,0,12.0,0.9048543890041376,3,83.0,0.6094161370965636,2,24.0,0.47940706632947755,13,504.0
2995.0,15,534.0,8.34375,6.798874607176392,8,425.0,0.04510424850992365,1,11.0,0.702861152286333,4,91.0,0.47735204825299976,2,34.0,0.3088442006264239,15,561.0
3000.0,14,529.0,8.966101694915254,5.901025622535094,8,465.0,0.02573102755655641,0,9.0,0.9584311342203835,3,57.0,0.24495954546393758,2,44.0,0.2421823203979207,13,575.0
3005.0,12,176.0,3.0344827586206895,5.784876921244346,3,240.0,0.013008099091337329,0,9.0,0.9678625082084282,4,54.0,0.21536781555813492,3,55.0,0.24232378221831652,10,358.0
3010.0,8,90.0,1.5,6.063174671529888,0,70.0,0.19834697471589788,0,9.0,0.7904726308328366,5,75.0,0.1593035184953589,0,5.0,0.12721512052674114,5,159.0
3015.0,8,118.0,1.9666666666666666,7.201884503782781,0,0.0,0.48583261573756636,1,14.0,0.7910320177305635,5,106.0,0.22275351667130444,0,0.0,0.6674740263954275,6,120.0
3020.0,11,109.0,1.8166666666666667,7.07143210837977,0,0.0,1.0,3,22.0,0.4070873104098789,5,96.0,0.20166216602258435,0,0.0,0.9573049776871411,8,118.0
3025.0,9,100.0,1.6129032258064515,7.771315856530063,0,0.0,1.0,4,41.0,0.39741326930683185,5,68.0,0.20181291272534357,0,0.0,0.979268627526265,9,109.0
3030.0,11,148.0,2.3870967741935485,7.495118423297639,0,0.0,1.0,5,62.0,0.2504878692137496,6,95.0,0.13130773249543454,0,0.0,0.9356919836841954,11,157.0
3035.0,13,209.0,3.6666666666666665,6.68605949186632,0,0.0,1.0,6,92.0,0.23891254547076649,6,125.0,0.003229148365100119,0,0.0,0.9589804568302116,12,217.0
3040.0,9,172.0,3.372549019607843,6.432127984304778,0,0.0,1.0,1,11.0,0.7008778893607442,7,160.0,2.2137512895065488e-05,1,1.0,0.4677387889151485,9,172.0
3045.0,3,32.0,0.6274509803921569,6.967768203219581,0,0.0,1.0,1,16.0,0.7096918527844898,1,26.0,0.13792374339368177,1,6.0,0.6409460037654728,3,48.0
3050.0,4,48.0,0.96,7.392363439474025,0,3.0,0.5495001018892152,1,24.0,0.6165160453300867,1,21.0,0.7364117353482875,1,11.0,0.49779471143239357,3,59.0
3055.0,7,76.0,1.4901960784313726,7.423888360222636,1,7.0,0.1470703663477739,2,75.0,0.6652767712711708,1,26.0,0.7339213749315429,2,20.0,0.33144650007271154,6,128.0
3060.0,7,88.0,1.6603773584905661,7.566400324655392,2,17.0,0.021967276771618704,3,87.0,0.5479541837113717,1,31.0,0.7928840845735386,0,0.0,0.800671738796748,6,135.0
3065.0,4,36.0,0.6666666666666666,7.684899806474419,2,27.0,0.004215389997507674,1,78.0,0.6308287829905667,0,12.0,0.7532496676175855,0,0.0,0.9570715718294106,3,117.0
3070.0,9,68.0,1.2830188679245282,7.537757534537946,3,41.0,0.0006300233530418311,2,79.0,0.6174481738962057,4,25.0,0.5525355371910317,0,0.0,0.9387434163249874,9,145.0
3075.0,11,117.0,2.2941176470588234,6.73003825644268,3,56.0,8.416918793152744e-05,3,92.0,0.5035178284493096,5,43.0,0.41486276047277015,0,0.0,0.9441884934828578,11,191.0
3080.0,14,183.0,3.388888888888889,5.983976610666248,3,71.0,1.6834766004295027e-05,4,107.0,0.26804514632728066,7,76.0,0.3115113059137196,0,0.0,0.9580863493439888,14,254.0
3085.0,15,184.0,3.4074074074074074,5.996557803254037,3,86.0,5.6328335924997575e-06,4,49.0,0.1761046844954887,6,94.0,0.3668175296387698,0,0.0,0.9756168176137706,13,229.0
3090.0,17,265.0,4.907407407407407,6.278753233930238,3,101.0,0.0,4,47.0,0.39820046378392604,7,125.0,0.2239532218007195,0,0.0,0.8081117821773081,14,273.0
3095.0,22,359.0,6.527272727272727,5.343608687621746,3,116.0,0.0,5,67.0,0.35446817696899785,10,167.0,0.1480323617375755,0,0.0,0.9314299951678495,18,350.0
3100.0,23,471.0,8.410714285714286,4.957989995221154,3,131.0,0.0,5,89.0,0.41839081959883023,11,222.0,0.017058712794220065,0,0.0,0.7611664994995281,19,442.0
3105.0,10,240.0,4.285714285714286,4.884659414209946,3,146.0,0.0,0,3.0,0.962667049534681,2,72.0,0.0227452696714918,1,3.0,0.6260368881464261,6,224.0
3110.0,9,266.0,4.925925925925926,6.119151899415494,3,170.0,0.21696223825695368,0,15.0,0.84380847674584,1,32.0,0.15847639768879773,0,0.0,0.9420804257584656,4,217.0
3115.0,14,318.0,5.678571428571429,5.9524869812026155,5,190.0,0.09108679217196211,0,18.0,0.9112642280819175,1,31.0,0.5832040299419222,0,0.0,0.9954709649458495,6,239.0
3120.0,15,379.0,6.5344827586206895,6.318802075736916,5,218.0,0.031120542056191858,1,26.0,0.8044725841970336,1,33.0,0.8171508104120111,0,0.0,0.9834227531878331,7,277.0
3125.0,12,238.0,4.033898305084746,6.487568571480761,2,88.0,0.016449277541390868,1,31.0,0.8618091299366474,1,38.0,0.7990707244575034,0,0.0,0.9503952499443914,4,157.0
3130.0,11,273.0,4.875,6.825718227379757,0,26.0,0.1773892864068357,1,24.0,0.8266763405812853,1,43.0,0.7798050846163551,0,0.0,0.9486548806007702,2,93.0
3135.0,10,276.0,4.928571428571429,6.865323101010097,0,0.0,1.0,1,29.0,0.716459763728743,1,48.0,0.756810162783134,0,0.0,0.8421930131117328,2,77.0
3140.0,13,295.0,5.363636363636363,6.16546419970874,0,0.0,1.0,5,43.0,0.4739923579547101,2,55.0,0.447028549031661,1,4.0,0.49362103582679306,8,102.0
3145.0,16,368.0,6.6909090909090905,5.361495082864399,0,0.0,1.0,7,74.0,0.15700848902739895,1,52.0,0.448466960443298,1,9.0,0.4781239456431375,9,135.0
3150.0,17,449.0,7.87719298245614,5.144485327923318,0,2.0,0.5902710061081743,7,109.0,0.1039719194894905,1,57.0,0.4612487822840447,1,14.0,0.4946973614007347,9,182.0
3155.0,20,449.0,7.87719298245614,4.6587334451397995,2,7.0,0.010130066633670937,9,148.0,0.1341819726627094,1,62.0,0.48496352188528746,0,0.0,0.37477050872037365,12,217.0
3160.0,18,307.0,5.581818181818182,4.831648801907761,3,21.0,6.915337316154797e-05,10,196.0,0.1778524807289926,1,70.0,0.25192538909770235,0,0.0,0.8112425770476466,14,287.0
3165.0,12,312.0,5.672727272727273,5.18246958820318,0,0.0,1.0,11,250.0,0.203028681692801,1,75.0,0.3320151797416638,0,0.0,0.9941193780939064,12,325.0
3170.0,6,209.0,3.732142857142857,6.212121555644633,0,0.0,1.0,4,165.0,0.2982992200525031,2,85.0,0.3305404019417997,0,0.0,0.9661933113646272,6,250.0
3175.0,6,226.0,4.035714285714286,6.667520296694422,0,0.0,1.0,4,150.0,0.32623183563373276,2,95.0,0.28685919557376194,0,0.0,0.9693500002374438,6,245.0
3180.0,9,264.0,4.631578947368421,7.178593936741064,0,0.0,1.0,5,162.0,0.27921102926126895,3,114.0,0.4946299068635114,0,0.0,0.9653930774569892,8,276.0
3185.0,11,313.0,5.396551724137931,7.064461376107261,0,0.0,1.0,5,241.0,0.2892214489866501,3,129.0,0.4533130519157345,0,0.0,0.9775579315285382,8,370.0
3190.0,9,170.0,2.7419354838709675,7.041672303940944,0,0.0,1.0,2,135.0,0.41352979473158624,4,148.0,0.40986001052170795,0,0.0,0.988222528941592,6,283.0
3195.0,10,194.0,3.288135593220339,6.865214538234074,0,0.0,1.0,1,60.0,0.5254849818259196,4,168.0,0.4140888873117488,1,2.0,0.4664867574056748,6,230.0
3200.0,9,221.0,3.810344827586207,7.0938080468408,0,0.0,1.0,1,48.0,0.6306369053081493,6,189.0,0.3132154300632393,1,7.0,0.46919990588148436,8,244.0
3205.0,7,121.0,2.1228070175438596,7.5269651105072155,0,0.0,1.0,2,41.0,0.6057060681714772,3,99.0,0.4986369838148804,1,12.0,0.6506207202752604,6,152.0
3210.0,8,140.0,2.5925925925925926,7.13322641699279,0,0.0,1.0,0,29.0,0.5236630245879168,5,93.0,0.2421731221027547,1,17.0,0.6493129907985672,6,139.0
3215.0,6,116.0,2.2745098039215685,7.298383060434893,0,0.0,1.0,1,19.0,0.5595292778743762,5,118.0,0.2377998048547592,0,0.0,0.9570882130394055,6,137.0
3220.0,10,160.0,3.404255319148936,6.284382068658274,0,0.0,1.0,3,32.0,0.4174768010945299,7,155.0,0.2605193328632292,0,0.0,0.9992251224984154,10,187.0
3225.0,8,62.0,1.1923076923076923,7.000335747696109,0,0.0,1.0,5,52.0,0.4299052158859349,2,43.0,0.36582931448563094,0,0.0,0.9886088393087114,7,95.0
3230.0,6,80.0,1.5686274509803921,6.821872751136188,0,6.0,0.6021602231864928,4,65.0,0.34990021213738365,2,36.0,0.4793502169850973,0,0.0,0.9461220501336575,6,107.0
3235.0,8,116.0,2.230769230769231,7.808332892531154,0,0.0,0.849007970211493,6,97.0,0.4502679141845475,2,49.0,0.5899011810268576,0,0.0,0.9498035708992137,8,146.0
3240.0,8,156.0,3.0,7.982683516293269,0,0.0,1.0,6,127.0,0.5475713443943053,2,59.0,0.5917857429912796,0,0.0,0.9592219777104928,8,186.0
3245.0,10,200.0,3.7735849056603774,7.052768806293732,0,0.0,1.0,7,160.0,0.36283217829776515,2,69.0,0.2653771926205646,0,0.0,0.9837989802996088,9,229.0
3250.0,13,262.0,5.038461538461538,6.471713510051226,0,0.0,1.0,8,200.0,0.3917026416939122,4,89.0,0.24880790205838754,0,0.0,0.45997289683322284,12,289.0
3255.0,16,336.0,6.588235294117647,5.9349139673832125,0,0.0,1.0,8,240.0,0.4314301196686057,6,115.0,0.1344935870244549,0,0.0,0.9296501748601343,14,355.0
3260.0,17,417.0,7.867924528301887,5.652330939298993,0,0.0,1.0,9,278.0,0.34888072432454204,6,148.0,0.26051294657474766,0,0.0,0.9026793864080724,15,426.0
3265.0,16,469.0,9.01923076923077,5.415860175621644,0,0.0,1.0,10,330.0,0.22015871772282136,4,135.0,0.3732089160453154,0,0.0,0.9334810813186565,14,465.0
3270.0,14,465.0,8.61111111111111,4.808409882126476,0,3.0,0.5653416881177168,7,287.0,0.18120486105493624,4,152.0,0.10573424257999593,0,0.0,0.9701294819870436,11,442.0
3275.0,14,533.0,10.25,5.562994436240448,0,6.0,0.03472204081123187,7,322.0,0.21768944236499754,5,175.0,0.1652232331118598,0,0.0,0.9846147241895846,12,503.0
3280.0,17,613.0,11.351851851851851,5.661642412520036,2,15.0,2.4792739140610838e-05,7,357.0,0.35157875346530276,5,206.0,0.3991814724123317,0,0.0,0.9596588792087504,14,578.0
3285.0,15,488.0,8.714285714285714,6.163859326296419,2,25.0,0.0,7,392.0,0.3542310986088277,4,153.0,0.3777759919550012,0,0.0,0.9549985520333358,13,570.0
3290.0,9,205.0,3.7962962962962963,6.8267825608721715,2,35.0,0.0,3,268.0,0.5231426307087216,1,60.0,0.6576399178099862,0,0.0,0.9433971984511061,6,363.0
3295.0,8,131.0,2.2982456140350878,7.800831359256919,2,45.0,0.2093623359140191,1,75.0,0.6818516488711667,1,29.0,0.8057769253851257,0,0.0,0.9710012266798738,4,149.0
3300.0,12,184.0,3.3454545454545452,6.5409215424609455,3,57.0,1.1458312149904914e-05,3,38.0,0.5733933126319329,1,34.0,0.7149913025195256,0,0.0,0.9645391543863528,7,129.0
3305.0,12,190.0,3.5849056603773586,6.3620975392791035,3,72.0,0.0,3,53.0,0.5107241241219811,1,36.0,0.7256156402334062,0,0.0,0.952971472929053,7,161.0
3310.0,8,153.0,3.122448979591837,6.211945082922128,3,87.0,0.11043637561267546,3,33.0,0.5525630356752943,2,40.0,0.676415276080885,0,0.0,0.9457471579548796,8,160.0
3315.0,9,197.0,3.8627450980392157,6.1537378067557755,4,106.0,0.05795190227025462,3,48.0,0.40526456264778526,2,53.0,0.6621850824666591,0,0.0,0.9592096215512008,9,207.0
3320.0,11,245.0,5.0,5.389926064322251,4,126.0,0.0745408221782292,4,65.0,0.32248519136548515,3,64.0,0.4667907066517592,0,0.0,0.5055332104921751,11,255.0
3325.0,15,311.0,6.346938775510204,5.583185458582713,6,152.0,0.005887038707070497,5,86.0,0.2838663165235746,3,79.0,0.48564023446705007,1,5.0,0.6329891817774248,15,322.0
3330.0,15,386.0,7.877551020408164,5.545388406250532,6,182.0,0.0019752826048855384,5,111.0,0.26161389607497365,3,94.0,0.30165694327639325,1,10.0,0.6280330214978275,15,397.0
3335.0,12,333.0,6.529411764705882,5.912817591781499,7,216.0,0.00030214692065755685,0,10.0,0.5411740654774594,4,119.0,0.2926115415536548,1,15.0,0.7278084436104171,12,360.0
3340.0,13,396.0,7.471698113207547,6.237813050801343,7,251.0,5.83706667410466e-05,0,0.0,0.8587971428753383,4,139.0,0.2592924834400949,2,23.0,0.48433414974725325,13,413.0
3345.0,15,467.0,8.648148148148149,6.308247378859883,7,286.0,1.650143320988958e-05,0,3.0,0.8749229149809135,5,167.0,0.4150354908261129,3,34.0,0.24444161956620744,15,490.0
3350.0,12,478.0,8.385964912280702,6.1889683483623426,7,321.0,1.4285401405411186e-06,0,0.0,0.9121561645733609,5,177.0,0.432770408130097,0,5.0,0.33069403446844753,12,503.0
3355.0,15,545.0,9.909090909090908,6.002710530604272,7,359.0,0.035770545230922504,1,1.0,0.49504524122250704,7,214.0,0.42439826455775237,0,0.0,0.5548599219568984,15,574.0
3360.0,17,627.0,11.4,6.205917490533908,8,399.0,1.3286549435869648e-06,2,8.0,0.578491655265713,7,243.0,0.36406181629857126,0,0.0,0.869409379286894,17,650.0
3365.0,18,717.0,13.036363636363637,6.3619788515698525,8,439.0,0.0,2,18.0,0.6458588608465443,8,283.0,0.37104782507910977,0,0.0,0.8833155704973367,18,740.0
3370.0,11,241.0,4.155172413793103,6.220090017260626,2,222.0,0.02810113339982062,2,28.0,0.6604993627516091,7,226.0,0.2651793255195209,0,0.0,0.9144565489796174,11,476.0
3375.0,6,97.0,1.7017543859649122,7.366968750513298,0,103.0,0.21654861148488416,1,5.0,0.7500112501719968,5,141.0,0.23556635554254263,0,0.0,0.9138428576302066,6,249.0
3380.0,7,129.0,2.263157894736842,7.929881130532986,0,0.0,1.0,2,12.0,0.6433426196940549,5,130.0,0.24884443841554915,0,0.0,0.6498316777440071,7,142.0
3385.0,13,178.0,3.016949152542373,7.273962880001508,0,0.0,1.0,4,23.0,0.3674689411989604,8,163.0,0.18010818852990867,1,5.0,0.4160922596714789,13,191.0
3390.0,7,165.0,2.7966101694915255,6.643051755363923,0,0.0,1.0,4,39.0,0.08000102603454813,3,141.0,0.31696514287849137,0,2.0,0.6819109604372843,7,182.0
3395.0,10,197.0,3.396551724137931,7.071103884138919,0,6.0,0.5590662438996545,4,46.0,0.16149574048173373,3,151.0,0.5142570776648302,0,0.0,0.9588020815142205,7,203.0
3400.0,13,258.0,4.526315789473684,6.6458166453907985,1,10.0,0.11917319153700641,5,71.0,0.27261339179580546,3,166.0,0.477798156941499,0,0.0,0.9703072998703377,9,247.0
3405.0,16,334.0,5.964285714285714,6.307525842036754,3,24.0,0.01661349470337148,5,96.0,0.4202337628347059,3,181.0,0.4855376793069815,0,0.0,0.9560151518936886,11,301.0
3410.0,17,396.0,7.2,5.6017768503249945,3,39.0,0.0038101468303259967,5,121.0,0.38090845610051205,4,197.0,0.3662183199275611,0,0.0,0.9699527566932632,12,357.0
3415.0,12,286.0,5.39622641509434,5.401597145100766,4,59.0,0.0003477905277216245,0,19.0,0.6008379945710756,7,223.0,0.11293559837569286,0,0.0,0.9432549418123957,11,301.0
3420.0,12,346.0,6.290909090909091,5.922792579943169,4,79.0,0.00010115692710656912,0,0.0,0.9517580801061737,7,258.0,0.11799718595335375,0,0.0,0.9575540850471883,11,337.0
3425.0,15,417.0,7.315789473684211,6.425535404221865,4,99.0,1.314350187361843e-05,0,0.0,0.8897504285597979,8,300.0,0.26018362276414986,0,0.0,0.9150903347929341,12,399.0
3430.0,12,222.0,3.8275862068965516,6.45925610538387,0,19.0,0.020447102538201548,0,0.0,0.9542528484514256,6,242.0,0.3555798643346696,1,1.0,0.4571535965510122,7,262.0
3435.0,12,181.0,3.0166666666666666,7.161596069475394,0,0.0,1.0,0,3.0,0.8521098933732175,4,108.0,0.5276528680626938,2,6.0,0.46599851872746356,6,117.0
3440.0,13,243.0,3.9836065573770494,7.2934469989293005,0,0.0,0.9515690518178695,1,29.0,0.5835208861267169,4,110.0,0.5315871627857314,2,16.0,0.6006092838816687,7,155.0
3445.0,10,250.0,4.385964912280702,6.9011809552095205,0,0.0,1.0,2,49.0,0.6409161581836854,4,130.0,0.425332780369112,0,0.0,0.7818978707403097,6,179.0
3450.0,10,210.0,3.75,6.813148265027428,0,0.0,1.0,2,35.0,0.6641574605427595,2,84.0,0.43274767759845145,0,0.0,0.792102000439784,4,119.0
3455.0,11,256.0,4.830188679245283,6.444481189198459,0,0.0,0.9448850567718525,3,46.0,0.5813142796553029,2,57.0,0.36560074186275465,0,0.0,0.9477207205569336,5,103.0
3460.0,11,305.0,5.865384615384615,7.005392146024919,0,0.0,0.7903840037281336,3,50.0,0.6348066147976732,2,64.0,0.41737950482563735,0,0.0,0.9684812595010132,5,114.0
3465.0,11,323.0,6.46,6.789455475235558,0,0.0,1.0,3,65.0,0.5814453179136274,2,74.0,0.32858224757154564,0,0.0,0.8164627175246897,5,139.0
3470.0,14,374.0,7.791666666666667,5.800783598331784,0,0.0,1.0,4,81.0,0.5337504220264204,3,86.0,0.1546582741479916,1,4.0,0.4732590057197984,8,171.0
3475.0,14,376.0,7.372549019607843,5.678562922915966,0,0.0,1.0,1,23.0,0.8316805614370935,3,101.0,0.0,1,9.0,0.6374183967444956,5,133.0
3480.0,12,245.0,4.622641509433962,5.867887074176208,0,0.0,1.0,1,35.0,0.6906833060290541,3,116.0,0.0,1,14.0,0.6320719217994827,5,165.0
3485.0,10,220.0,4.150943396226415,6.576606291370939,0,0.0,1.0,2,42.0,0.6657086406167128,3,137.0,0.3678163358869011,2,22.0,0.3151710983194081,7,201.0
3490.0,11,254.0,4.884615384615385,6.292497565752009,0,0.0,1.0,2,52.0,0.517855599194053,3,149.0,0.48171197211303873,2,32.0,0.33049144559158994,7,233.0
3495.0,11,268.0,4.872727272727273,6.024187763639987,0,0.0,1.0,5,70.0,0.36324331527991505,3,164.0,0.4776759645949027,2,42.0,0.2909488444972711,10,276.0
3500.0,15,329.0,6.092592592592593,5.86473911039367,0,0.0,1.0,6,96.0,0.23355743390186068,3,179.0,0.5643522547969478,3,54.0,0.13170769269639482,12,329.0
3505.0,19,416.0,7.849056603773585,5.72412838428474,0,0.0,1.0,6,122.0,0.1392564147647966,3,232.0,0.6020085756576068,3,69.0,0.22984510348291073,12,423.0
3510.0,15,409.0,8.019607843137255,5.53860426524662,0,0.0,0.5043796848838017,6,158.0,0.18889311843803464,4,261.0,0.5290956305113936,0,0.0,0.9620449521515947,10,419.0
3515.0,11,172.0,3.2452830188679247,6.131899847281123,1,3.0,1.635215000102102e-05,3,99.0,0.36383939397147597,2,197.0,0.5367277745993733,0,0.0,0.9685334776576309,6,299.0
3520.0,12,137.0,2.6346153846153846,6.105566502512063,0,0.0,1.0,1,20.0,0.533627781001745,6,100.0,0.17076302874666044,0,0.0,0.9941627606295241,7,120.0
3525.0,14,207.0,4.0588235294117645,6.325081826174435,0,0.0,1.0,1,13.0,0.624881451056186,8,143.0,0.168174109418621,0,0.0,0.9677060953027995,9,156.0
3530.0,15,282.0,5.035714285714286,6.768574543897727,0,0.0,1.0,1,17.0,0.705826377930637,8,183.0,0.24906714325187557,0,0.0,0.9926926403758465,9,200.0
3535.0,18,345.0,6.2727272727272725,6.303426725014271,0,0.0,1.0,0,0.0,0.7399143237985532,10,232.0,0.30929718281359186,1,1.0,0.4857637752758694,11,233.0
3540.0,9,149.0,2.8653846153846154,6.20648494866702,0,0.0,1.0,1,4.0,0.6105254564465132,4,168.0,0.34863945662948587,1,6.0,0.4649909694708175,6,178.0
3545.0,8,125.0,2.450980392156863,6.8452192762842134,0,6.0,0.6647886930203009,3,17.0,0.36544149267199083,4,174.0,0.5342282983527699,1,11.0,0.4758863198395105,8,208.0
3550.0,9,157.0,2.9622641509433962,6.97354548904324,0,6.0,0.1718523778326971,5,46.0,0.3967092850339867,4,194.0,0.5355198375398704,0,0.0,0.6113192734333253,9,246.0
3555.0,12,212.0,4.1568627450980395,6.556081090868611,2,15.0,0.01924185514678226,6,72.0,0.4295010769923348,4,217.0,0.5472042677847697,0,0.0,0.6813641817195244,12,304.0
3560.0,10,253.0,5.06,6.950512355933491,0,0.0,0.015323144369912443,6,102.0,0.4766042348202289,4,231.0,0.4145169053443422,0,0.0,0.9698471183416025,10,333.0
3565.0,12,307.0,5.685185185185185,7.243715247444082,0,0.0,1.0,6,132.0,0.5738840705527397,4,251.0,0.43445225471470866,0,0.0,0.9813055283779123,10,383.0
3570.0,10,353.0,6.418181818181818,7.66261376083166,0,0.0,1.0,6,156.0,0.5489178413837602,4,271.0,0.3992365672536316,0,0.0,0.9812564545621848,10,427.0
3575.0,12,412.0,7.923076923076923,6.949076036194009,0,0.0,1.0,6,186.0,0.413455169770893,6,300.0,0.3430446795520724,0,0.0,0.7531010868624793,12,486.0
3580.0,15,483.0,9.470588235294118,6.732552851249318,0,0.0,1.0,7,218.0,0.2951089029934332,7,333.0,0.2063278256462559,1,3.0,0.6211251297181942,15,554.0
3585.0,16,559.0,10.163636363636364,6.717721555330413,0,0.0,1.0,7,253.0,0.3098303170552811,8,369.0,0.09653258326206551,1,8.0,0.6478650445092013,16,630.0
3590.0,19,647.0,11.763636363636364,6.314305706681382,0,0.0,1.0,7,288.0,0.31399707913848207,10,416.0,0.15860386164688728,2,14.0,0.28958448236171574,19,718.0
3595.0,19,655.0,12.596153846153847,5.379374260269286,0,0.0,1.0,7,304.0,0.195405251220704,9,411.0,0.21884658246695118,3,28.0,0.24939138319311427,19,743.0
3600.0,22,759.0,14.882352941176471,5.667807940699995,0,0.0,1.0,9,345.0,0.09820654483094012,10,445.0,0.2695226549895804,3,43.0,0.24218591517856242,22,833.0
