step,system_total_stopped,system_total_waiting_time,system_mean_waiting_time,system_mean_speed,cluster_10564135163_13571629282_5146149679_stopped,cluster_10564135163_13571629282_5146149679_accumulated_waiting_time,cluster_10564135163_13571629282_5146149679_average_speed,cluster_10564135205_11749189839_3266988437_5129187741_#3more_stopped,cluster_10564135205_11749189839_3266988437_5129187741_#3more_accumulated_waiting_time,cluster_10564135205_11749189839_3266988437_5129187741_#3more_average_speed,cluster_10564135211_11749189838_12136544949_12136544951_#7more_stopped,cluster_10564135211_11749189838_12136544949_12136544951_#7more_accumulated_waiting_time,cluster_10564135211_11749189838_12136544949_12136544951_#7more_average_speed,cluster_10564135212_13571629279_13571629299_stopped,cluster_10564135212_13571629279_13571629299_accumulated_waiting_time,cluster_10564135212_13571629279_13571629299_average_speed,agents_total_stopped,agents_total_accumulated_waiting_time
0.0,0,0.0,0.0,0.0,0,0.0,1.0,0,0.0,1.0,0,0.0,1.0,0,0.0,1.0,0,0.0
5.0,0,0.0,0.0,10.726104097241706,0,0.0,1.0,0,0.0,0.957565499698658,0,0.0,1.0,0,0.0,0.9583187969181739,0,0.0
10.0,0,0.0,0.0,9.104959451872164,0,0.0,1.0,0,0.0,0.9514439643456116,0,0.0,1.0,0,0.0,0.952305931056411,0,0.0
15.0,0,0.0,0.0,8.457766664843598,0,0.0,1.0,0,0.0,0.980488256692102,0,0.0,1.0,0,0.0,0.9808346291455862,0,0.0
20.0,0,0.0,0.0,8.720003326051351,0,0.0,1.0,0,0.0,0.946013272595541,0,0.0,1.0,0,0.0,0.9909343421918885,0,0.0
25.0,0,0.0,0.0,8.982396482929895,0,0.0,1.0,0,0.0,0.9766812352795238,0,0.0,0.9639108663638394,0,0.0,0.9870590771092788,0,0.0
30.0,1,2.0,0.15384615384615385,7.734206887829538,0,0.0,1.0,0,0.0,0.9744139920841661,1,2.0,0.4933163359230375,0,0.0,0.9945576767600804,1,2.0
35.0,1,7.0,0.5,7.8001591950985665,0,0.0,1.0,0,0.0,0.9677609329592038,1,7.0,0.4811592129458504,0,0.0,0.9536691391542115,1,7.0
40.0,2,13.0,0.7647058823529411,7.237345453213012,0,0.0,1.0,1,1.0,0.6534024536062631,1,12.0,0.48036962081679113,0,0.0,0.9695159384905758,2,13.0
45.0,1,17.0,0.9444444444444444,7.290797620103798,0,0.0,1.0,0,0.0,0.962238092255255,1,17.0,0.3822537174695629,0,0.0,0.9691269441759202,1,17.0
50.0,2,7.0,0.35,7.304034302834616,0,0.0,1.0,0,0.0,0.9689106090127825,2,7.0,0.2875724828002042,0,0.0,0.9716283132124444,2,7.0
55.0,2,17.0,0.7391304347826086,8.808727414570328,0,0.0,1.0,0,0.0,0.9320533134495294,2,20.0,0.4777694683799523,0,0.0,0.914101186459219,2,20.0
60.0,3,28.0,1.1666666666666667,7.837005707396209,0,0.0,1.0,0,0.0,0.9436681096321375,2,30.0,0.4981714185209428,1,1.0,0.5020826908145616,3,31.0
65.0,4,45.0,1.9565217391304348,7.415710163106935,0,0.0,1.0,0,0.0,0.9438670384750755,3,42.0,0.3755027059116271,1,6.0,0.4897249273105511,4,48.0
70.0,1,7.0,0.3181818181818182,7.495623472651143,0,0.0,1.0,0,0.0,0.8809045372693274,1,10.0,0.6369665940770987,0,0.0,0.9984645182552382,1,10.0
75.0,3,13.0,0.52,7.334364939896194,0,3.0,0.5493603581905485,1,1.0,0.6094124615417646,2,18.0,0.5021479089590606,0,0.0,0.9477115857427219,3,22.0
80.0,3,24.0,0.9230769230769231,7.363125149787414,1,4.0,0.006671569357962493,1,9.0,0.7420660733553254,1,17.0,0.6510489933275998,0,0.0,0.9491888625080978,3,30.0
85.0,2,33.0,1.1785714285714286,8.181314866459266,0,0.0,1.0,1,14.0,0.7837363812756348,1,22.0,0.655464580007942,0,0.0,0.9833603827670706,2,36.0
90.0,2,43.0,1.4827586206896552,8.402780755513486,0,0.0,1.0,1,19.0,0.7756020920011145,1,27.0,0.48492162784176496,0,0.0,0.9424683842289446,2,46.0
95.0,3,57.0,1.8387096774193548,8.850744084201553,0,0.0,1.0,1,24.0,0.7844383257978595,2,36.0,0.0035676087719125095,0,0.0,0.9787568059899528,3,60.0
100.0,5,80.0,2.5,8.78194698313014,0,0.0,1.0,2,32.0,0.6330735006639927,3,51.0,0.25652552498855596,0,0.0,0.9342154394039818,5,83.0
105.0,6,109.0,3.303030303030303,7.887562435736965,0,0.0,1.0,2,42.0,0.2894489096114905,4,70.0,0.316654416107182,0,0.0,0.9514160052569118,6,112.0
110.0,4,90.0,2.5714285714285716,6.712598621064686,0,0.0,0.903816425308016,0,0.0,0.5313584056705611,4,90.0,0.18416789163207764,0,0.0,0.9235351981955979,4,90.0
115.0,7,124.0,3.6470588235294117,6.897611480404352,0,0.0,1.0,0,0.0,0.7621756295958936,4,110.0,0.3981334271588665,0,0.0,0.9375582302119312,4,110.0
120.0,8,152.0,4.470588235294118,7.376739243474535,0,0.0,1.0,0,0.0,0.8242209134185052,6,139.0,0.38460023166304663,0,0.0,0.9763002002750527,6,139.0
125.0,9,193.0,5.676470588235294,6.904422342783789,0,0.0,1.0,0,0.0,0.9068664600488302,6,169.0,0.3669569591387452,0,0.0,0.9571455466492482,6,169.0
130.0,7,167.0,4.638888888888889,5.917753959693514,0,0.0,1.0,1,1.0,0.5243463074444616,4,158.0,0.37977707749638123,0,0.0,0.9744054013262577,5,159.0
135.0,9,171.0,4.75,6.380646799228943,0,0.0,1.0,3,17.0,0.3408470996083272,3,162.0,0.4445909214448883,1,1.0,0.48253271240529844,7,180.0
140.0,9,207.0,6.088235294117647,7.1752940010788455,0,0.0,0.7729772488156008,3,32.0,0.48043178078577525,3,174.0,0.4752387682074391,1,6.0,0.6368353264301384,7,212.0
145.0,8,230.0,6.052631578947368,6.4740456534755575,1,3.0,0.46979660217400643,4,47.0,0.28924525629053666,3,186.0,0.3702043306269679,0,0.0,0.9772813178130663,8,236.0
150.0,9,251.0,6.605263157894737,6.311176545115323,0,0.0,1.0,2,44.0,0.45452980940982446,4,205.0,0.1283366654020345,0,0.0,0.9566840322691477,6,249.0
155.0,6,270.0,6.75,7.236862490586835,0,0.0,1.0,2,54.0,0.6529065801303664,4,222.0,0.18349325347722192,0,0.0,0.9275333416051916,6,276.0
160.0,4,134.0,3.268292682926829,7.880851749982336,0,0.0,1.0,2,64.0,0.6956223431780543,2,149.0,0.32568569787062956,0,0.0,0.9269998156734858,4,213.0
165.0,3,73.0,1.697674418604651,8.800224592244279,0,0.0,1.0,2,68.0,0.6463109346624109,1,20.0,0.6526891916489365,0,0.0,0.9609489919191341,3,88.0
170.0,6,20.0,0.45454545454545453,8.265677349912155,0,0.0,1.0,1,37.0,0.5965479042829548,2,14.0,0.6284268238990546,0,0.0,0.9645325789130895,3,51.0
175.0,7,51.0,1.1590909090909092,7.437968669005638,0,0.0,1.0,1,6.0,0.5670483518078067,3,25.0,0.477100084157221,0,0.0,0.9686504843570504,4,31.0
180.0,9,95.0,2.159090909090909,7.09090286508357,0,0.0,1.0,2,15.0,0.41220411391068296,3,43.0,0.5711504375004632,0,0.0,0.9745586932100929,5,58.0
185.0,9,98.0,2.227272727272727,6.180217467979779,0,0.0,1.0,4,27.0,0.08200356434063324,1,31.0,0.7661304340783197,0,0.0,0.9771014958101572,5,58.0
190.0,1,30.0,0.7142857142857143,7.31281309441478,0,1.0,0.5852284179442157,0,3.0,0.7661402236783988,1,33.0,0.6645365055116895,0,0.0,0.717851601269186,1,37.0
195.0,7,48.0,1.0909090909090908,7.87050893418694,0,0.0,1.0,0,3.0,0.9709204931752075,2,39.0,0.4875151356134705,0,0.0,0.9651786026595112,2,42.0
200.0,5,62.0,1.3478260869565217,7.923088922619178,0,0.0,1.0,0,3.0,0.7417000868014487,2,58.0,0.629543015294403,0,0.0,0.9627841987570216,2,61.0
205.0,3,61.0,1.326086956521739,8.27011798475973,0,0.0,1.0,1,10.0,0.7520291837971466,2,62.0,0.5871713587554134,0,0.0,0.9738907506339163,3,72.0
210.0,2,66.0,1.434782608695652,8.859297747234082,0,0.0,1.0,0,5.0,0.962259662120208,2,72.0,0.5824199104493711,0,0.0,0.9885874992997552,2,77.0
215.0,2,76.0,1.7674418604651163,8.691600882609833,0,0.0,1.0,0,3.0,0.9815468907861395,2,82.0,0.5664586987105241,0,0.0,0.9798493598669206,2,85.0
220.0,2,86.0,2.0,8.436408488549773,0,0.0,1.0,0,3.0,0.6967030614145395,2,95.0,0.682962207255666,0,0.0,0.7070628929925875,2,98.0
225.0,9,117.0,2.7857142857142856,7.210852151667216,0,0.0,0.9563574211978474,2,11.0,0.6482648443781721,2,119.0,0.6483597059426447,1,3.0,0.4726956272119962,5,133.0
230.0,12,158.0,3.6744186046511627,6.285380747704505,1,1.0,0.11050220841184592,0,0.0,0.9518393462560977,4,134.0,0.27549838189981096,1,8.0,0.49904485299173595,6,143.0
235.0,13,145.0,3.2222222222222223,6.261628021897722,2,10.0,0.0,0,0.0,0.9492357348353405,3,83.0,0.34480303221908576,2,13.0,0.29520969859509566,7,106.0
240.0,11,178.0,3.7872340425531914,6.284633835998465,2,20.0,0.0,1,4.0,0.6439865223003902,2,65.0,0.4413933837607116,0,0.0,0.4626469710139784,5,89.0
245.0,15,242.0,5.148936170212766,5.4804078226706565,2,30.0,0.0,1,9.0,0.7507391208659088,4,84.0,0.3026527373550696,0,0.0,0.9620621009695061,7,123.0
250.0,19,329.0,6.854166666666667,5.515984642468008,2,40.0,0.0,1,14.0,0.6118009257148969,6,110.0,0.2356497916524894,0,0.0,0.9833888971985874,9,164.0
255.0,16,295.0,5.9,5.8544203404547455,2,50.0,0.0,2,23.0,0.6244485779001847,4,78.0,0.2913093955105087,0,0.0,0.9454220992944556,8,151.0
260.0,12,203.0,4.229166666666667,6.182470208362457,0,0.0,1.0,3,34.0,0.4847638240472795,4,71.0,0.4094053594066042,0,0.0,0.9631789558963179,7,105.0
265.0,8,130.0,2.888888888888889,6.425220124827247,0,0.0,1.0,3,49.0,0.5409638760079827,4,91.0,0.33644294928573465,0,0.0,0.9624194000810524,7,140.0
270.0,7,163.0,3.6222222222222222,5.820877633325946,0,0.0,1.0,3,61.0,0.39276898865289206,4,108.0,0.2121849967935675,0,0.0,0.958354125560615,7,169.0
275.0,15,227.0,4.829787234042553,5.278526761403387,0,0.0,1.0,4,80.0,0.16034312599060982,6,134.0,0.1334022693885935,0,0.0,0.965645989157353,10,214.0
280.0,20,319.0,6.510204081632653,5.074922380843186,0,0.0,1.0,5,104.0,0.2444924741637198,7,169.0,0.24229413244018116,0,0.0,0.9969846372214545,12,273.0
285.0,21,424.0,8.653061224489797,4.759307963533821,0,0.0,1.0,5,129.0,0.2670530880402998,8,206.0,0.19672941235147542,0,0.0,0.9759053114252465,13,335.0
290.0,21,513.0,10.058823529411764,4.585602095213306,0,0.0,1.0,5,154.0,0.16271876471017013,9,250.0,0.22471576379540123,0,0.0,0.9480905701896316,14,404.0
295.0,9,233.0,4.568627450980392,4.941481132682621,0,0.0,1.0,6,182.0,0.13645667037272016,1,86.0,0.4460839832710682,0,0.0,0.5241011960736034,7,268.0
300.0,8,219.0,4.294117647058823,5.479662538179369,0,9.0,0.6099216343061684,6,215.0,0.19483977117444992,1,18.0,0.6158025927486148,1,4.0,0.4670144375892305,8,246.0
305.0,10,263.0,5.1568627450980395,5.986711578346599,1,10.0,0.09962136530346166,6,251.0,0.4059576243249229,2,11.0,0.5492091871971707,1,9.0,0.48223877598636605,10,281.0
310.0,12,323.0,5.872727272727273,5.927022093860071,3,25.0,0.03761667883108058,6,281.0,0.47031666755038487,2,75.0,0.32485354908498265,1,5.0,0.651377144420561,12,386.0
315.0,13,155.0,2.8703703703703702,5.949790000102272,4,41.0,0.0061884972927780165,2,201.0,0.6125226948659067,4,40.0,0.3231578965975484,1,10.0,0.49530294634794875,11,292.0
320.0,5,64.0,1.1636363636363636,6.94086316005629,0,9.0,0.018109893440536463,0,38.0,0.8386727102834265,4,96.0,0.39616099594833026,0,0.0,0.9215570132541347,4,143.0
325.0,6,88.0,1.5714285714285714,7.750006101339385,0,0.0,1.0,1,11.0,0.8351740166407943,5,91.0,0.34103107239911057,0,0.0,0.9431573106638331,6,102.0
330.0,11,127.0,2.2280701754385963,7.338285305280387,0,0.0,1.0,4,21.0,0.44811927539620067,5,116.0,0.29684758812399303,0,0.0,0.9954645894622538,9,137.0
335.0,10,171.0,3.109090909090909,7.573541161237371,0,0.0,1.0,1,15.0,0.6819548286558721,7,150.0,0.2896993178136954,0,0.0,0.983761774775112,8,165.0
340.0,8,140.0,2.6923076923076925,7.098716091906962,0,0.0,1.0,1,20.0,0.6880652043986837,5,141.0,0.25091860410788325,0,0.0,0.9409196688761574,6,161.0
345.0,10,127.0,2.3518518518518516,7.528666001296194,0,0.0,1.0,2,50.0,0.5906848368118789,4,98.0,0.37559257482554514,0,0.0,0.9540410807273149,6,148.0
350.0,13,144.0,2.769230769230769,7.046766564040153,0,0.0,1.0,2,60.0,0.5836759181760158,6,90.0,0.3274299359500448,0,0.0,0.9267854227989234,8,150.0
355.0,15,211.0,4.137254901960785,6.489069810927447,0,0.0,1.0,3,49.0,0.2929586086605227,7,122.0,0.21695547170987614,0,0.0,0.9771082520975336,10,171.0
360.0,17,294.0,5.88,5.404315367565643,0,0.0,1.0,4,69.0,0.3268536140455137,7,157.0,0.21622856256799025,0,0.0,0.5050311310295209,11,226.0
365.0,19,357.0,6.865384615384615,5.230366178273404,0,0.0,1.0,5,90.0,0.16169098311346783,7,192.0,0.29516766209199297,2,7.0,0.16642631855891057,14,289.0
370.0,17,416.0,8.156862745098039,5.201021765500396,0,0.0,1.0,5,115.0,0.163068322082464,7,224.0,0.27518741005056846,2,17.0,0.31022809667351803,14,356.0
375.0,11,322.0,6.313725490196078,5.556315335531131,0,0.0,1.0,2,85.0,0.32009927729602133,8,260.0,0.12974508506736349,0,0.0,0.9489565276902872,10,345.0
380.0,10,352.0,6.518518518518518,6.779002199394013,0,0.0,1.0,1,60.0,0.7022693527085109,9,307.0,0.11576970456839235,0,0.0,0.9346852991485312,10,367.0
385.0,11,405.0,7.363636363636363,6.906852372236799,0,0.0,1.0,2,68.0,0.48915879776315907,9,356.0,0.18356635363027737,0,0.0,0.9475198691081098,11,424.0
390.0,12,465.0,8.773584905660377,6.733654411750576,0,0.0,1.0,2,78.0,0.31369828491698903,10,429.0,0.25371790552108464,0,0.0,0.9465546295315715,12,507.0
395.0,15,524.0,9.527272727272727,5.7725894756003795,0,0.0,1.0,1,75.0,0.5385020688148535,11,483.0,0.22419982429224486,0,0.0,0.7339689271345965,12,558.0
400.0,5,110.0,1.896551724137931,6.241382126658016,0,0.0,1.0,1,80.0,0.6945912678740225,3,184.0,0.39798981040004366,1,4.0,0.450783864169499,5,268.0
405.0,5,109.0,1.847457627118644,7.048249451059781,0,9.0,0.6324527701855851,1,94.0,0.6141235303023421,1,64.0,0.6536595177203958,3,15.0,0.24448421249816443,5,182.0
410.0,10,141.0,2.35,6.737836187277187,3,13.0,0.09958615990204804,2,101.0,0.6088373891349103,2,44.0,0.6831284751565014,3,30.0,0.248163510002201,10,188.0
415.0,11,195.0,3.0952380952380953,6.664448949013355,3,28.0,0.02961863606818093,3,115.0,0.6747503884530508,2,51.0,0.6060108171467833,3,45.0,0.2933239106652267,11,239.0
420.0,7,125.0,2.0161290322580645,6.474395848490041,0,0.0,0.019873045045288786,3,148.0,0.6758320149321689,1,14.0,0.5255258440041357,0,0.0,0.7480773257016138,4,162.0
425.0,7,148.0,2.466666666666667,7.282745793834377,0,0.0,1.0,3,169.0,0.7048593466233982,3,18.0,0.5152125872872082,0,0.0,0.9914961365267676,6,187.0
430.0,9,179.0,2.9833333333333334,7.412291319966501,0,0.0,1.0,3,181.0,0.607374259267038,6,34.0,0.23527144517144577,0,0.0,0.9953832969476912,9,215.0
435.0,13,233.0,3.9491525423728815,7.49984723951503,0,0.0,1.0,4,174.0,0.40642433373147796,7,66.0,0.29101369783971875,0,0.0,0.968742260858987,11,240.0
440.0,11,284.0,5.071428571428571,7.475278930137442,0,0.0,1.0,3,181.0,0.5067624413738864,7,101.0,0.2864495412258035,0,0.0,0.9714129693384632,10,282.0
445.0,9,291.0,5.290909090909091,7.518063988814253,0,0.0,1.0,3,196.0,0.4724371780544169,5,109.0,0.3154303307301315,0,0.0,0.9680281265416526,8,305.0
450.0,10,338.0,6.627450980392157,7.11848571493277,0,0.0,0.792329828139405,4,213.0,0.17948546408208166,5,92.0,0.1756582698283781,0,0.0,0.9444710841155199,9,305.0
455.0,12,393.0,7.705882352941177,6.90665711447243,0,0.0,1.0,4,233.0,0.16932002131688037,7,128.0,0.15737577814028686,0,0.0,0.8921394573743849,11,361.0
460.0,12,290.0,6.041666666666667,5.929568690223974,0,0.0,1.0,4,116.0,0.18727063365803576,8,165.0,0.19898069185222875,0,0.0,0.9686004007601079,12,281.0
465.0,12,350.0,7.291666666666667,5.818244600802643,0,0.0,1.0,4,136.0,0.19016458040235795,8,208.0,0.17051624128045184,0,0.0,0.946214709692704,12,344.0
470.0,11,398.0,7.653846153846154,6.491699612260827,0,0.0,1.0,4,156.0,0.24194399933787306,7,230.0,0.17476939132871605,0,0.0,0.9726628800401799,11,386.0
475.0,14,461.0,9.03921568627451,6.163552450070837,0,0.0,1.0,5,182.0,0.2769545929436967,9,272.0,0.2365567570434579,0,0.0,0.9876451944475663,14,454.0
480.0,13,523.0,10.46,5.222616031494985,0,0.0,1.0,4,199.0,0.32742499297656347,9,317.0,0.16312782392460579,0,0.0,0.4994714337886782,13,516.0
485.0,14,593.0,12.10204081632653,5.436850306768602,0,0.0,1.0,4,219.0,0.40387887131320216,9,362.0,0.1558563102147848,1,5.0,0.499148666253806,14,586.0
490.0,6,249.0,4.98,5.718567794879594,0,0.0,1.0,4,239.0,0.4161583797327198,1,80.0,0.43462456179871245,1,10.0,0.10883643575991592,6,329.0
495.0,4,256.0,4.830188679245283,7.141576618745287,0,9.0,0.6064443614966866,4,268.0,0.48289953266879837,0,10.0,0.7022138204215314,0,0.0,0.5433227246930897,4,287.0
500.0,5,277.0,5.326923076923077,7.341798777149524,1,10.0,0.18310295175222663,4,288.0,0.6438528616497683,0,4.0,0.8027049133641938,0,0.0,0.8861594427250771,5,302.0
505.0,7,311.0,5.7592592592592595,7.694542143289078,3,24.0,0.025828005036615365,4,305.0,0.6435502205591811,0,3.0,0.980200752338917,0,0.0,0.9803633354833413,7,332.0
510.0,14,358.0,6.62962962962963,7.066455184186962,4,40.0,0.005282627626359953,6,331.0,0.5644381057280413,0,3.0,0.9665363922404828,0,0.0,0.9726797115825427,10,374.0
515.0,19,440.0,8.30188679245283,5.80072548423857,5,64.0,0.0008591409539033996,7,389.0,0.5116999115796409,0,3.0,0.5253438387153659,0,0.0,0.9549812859290742,12,456.0
520.0,19,250.0,4.545454545454546,5.325819326376292,5,89.0,0.0001628491973003201,4,256.0,0.5641984913761782,2,11.0,0.28478411625533673,0,0.0,0.942486190001174,11,356.0
525.0,19,232.0,4.0701754385964914,5.368168960964938,5,114.0,2.01538868198759e-05,2,50.0,0.5470664100291583,4,27.0,0.1948945380298093,0,0.0,0.9558553397023251,11,191.0
530.0,13,135.0,2.288135593220339,5.403897250290181,0,38.0,0.030904574808127146,4,28.0,0.2677109563899669,4,50.0,0.33442108820153527,1,1.0,0.4813273464205491,9,117.0
535.0,9,109.0,1.847457627118644,6.077311206880038,0,0.0,1.0,4,42.0,0.12667026248043234,4,70.0,0.35164430928630236,1,6.0,0.48602833268791773,9,118.0
540.0,10,104.0,1.793103448275862,6.011200364121395,0,0.0,1.0,1,61.0,0.12003987514708231,5,91.0,0.4331737148789987,1,11.0,0.49618106370338466,7,163.0
545.0,9,131.0,2.2203389830508473,6.6502693271789655,0,0.0,1.0,0,9.0,0.43044664679156786,5,116.0,0.521719305483452,0,0.0,0.7444952302057045,5,125.0
550.0,5,135.0,2.25,8.3354679275368,0,0.0,1.0,0,0.0,0.7966315003625625,5,156.0,0.5940385827400116,0,0.0,0.8847401394114147,5,156.0
555.0,6,162.0,2.7457627118644066,8.460227851141791,0,0.0,1.0,0,0.0,0.7275987335842892,6,172.0,0.5452932055935445,0,0.0,0.9789908937079618,6,172.0
560.0,12,212.0,3.6551724137931036,7.322229401797213,0,0.0,1.0,1,5.0,0.5991451871261585,8,206.0,0.3660114077391653,0,0.0,0.9447227285306101,9,211.0
565.0,17,291.0,5.196428571428571,6.298826189024956,0,0.0,1.0,2,14.0,0.3248995842287062,11,256.0,0.24127925963274813,0,0.0,0.9380380613025949,13,270.0
570.0,7,66.0,1.2,5.917533113826675,0,0.0,1.0,2,24.0,0.44367224809710365,3,114.0,0.3873377332005726,0,0.0,0.9282828225421313,5,138.0
575.0,3,37.0,0.7254901960784313,7.530198791556669,0,3.0,0.7275747196777207,2,37.0,0.6022090058884534,1,23.0,0.5930175662171308,0,0.0,0.9406571868011387,3,63.0
580.0,1,8.0,0.16,8.341990189314055,0,0.0,0.6952623245453334,0,9.0,0.7737257753671319,1,8.0,0.7644966226214397,0,0.0,0.9530983166820444,1,17.0
585.0,2,15.0,0.32608695652173914,8.82564157254773,0,0.0,0.992046712763991,1,11.0,0.7754649650422651,1,13.0,0.709199103422067,0,0.0,0.7431494704279296,2,24.0
590.0,2,10.0,0.22727272727272727,8.342257647513255,0,0.0,1.0,1,16.0,0.7961390597257982,0,4.0,0.7128992907252073,1,3.0,0.4668523818070362,2,23.0
595.0,4,17.0,0.3953488372093023,8.266758834512904,0,0.0,1.0,1,21.0,0.8306760622053917,1,6.0,0.7248133089386093,0,0.0,0.9834936774699549,2,27.0
600.0,1,8.0,0.17777777777777778,8.26028812465625,0,0.0,1.0,0,6.0,0.9738822552904048,1,14.0,0.6822527044684285,0,0.0,0.9245842869438192,1,20.0
605.0,2,14.0,0.32558139534883723,8.236405364330496,0,0.0,1.0,0,0.0,0.9431306993846561,2,20.0,0.6435398339972105,0,0.0,0.9667278920971605,2,20.0
610.0,3,27.0,0.6428571428571429,8.138059152053845,0,0.0,1.0,0,0.0,0.9831177797749756,3,36.0,0.6061321077443618,0,0.0,0.9624800696908368,3,36.0
615.0,3,42.0,0.9545454545454546,8.456549191992227,0,0.0,1.0,0,0.0,0.96777720551504,3,48.0,0.5867994727877784,0,0.0,0.9614427990494102,3,48.0
620.0,4,60.0,1.3636363636363635,8.209920233738288,0,0.0,1.0,0,0.0,0.9835844602305193,4,66.0,0.5177319326425244,0,0.0,0.9172770433777832,4,66.0
625.0,5,84.0,1.8666666666666667,7.624217841167703,0,0.0,1.0,0,0.0,0.9359722571114872,5,90.0,0.28607164074922753,0,0.0,0.9735192241007324,5,90.0
630.0,8,119.0,2.7674418604651163,6.784306435464248,0,0.0,1.0,1,2.0,0.49073330756940997,7,123.0,0.24212772052160292,0,0.0,0.9599125598887877,8,125.0
635.0,4,26.0,0.5909090909090909,6.589126312365332,0,0.0,1.0,1,7.0,0.6089041533577736,3,40.0,0.28378892531351635,0,0.0,0.5219947779655982,4,47.0
640.0,3,28.0,0.6511627906976745,7.5017813231932164,0,0.0,1.0,2,18.0,0.5217192644154058,1,25.0,0.5228887335720372,0,0.0,0.9623128752691034,3,43.0
645.0,3,43.0,1.0,8.163410488592008,0,0.0,0.9256414068398342,2,31.0,0.651046599779155,1,18.0,0.0,0,0.0,0.9882805719697932,3,49.0
650.0,3,58.0,1.288888888888889,8.795859388101048,0,0.0,1.0,2,41.0,0.7073869862488762,1,23.0,0.0,0,0.0,0.5887978060524115,3,64.0
655.0,4,51.0,1.1333333333333333,7.816788790023327,0,0.0,1.0,2,51.0,0.6642761575008161,0,0.0,1.0,1,4.0,0.4953462798438099,3,55.0
660.0,4,66.0,1.4666666666666666,8.172774449620448,0,0.0,1.0,3,81.0,0.6287902634979602,0,0.0,1.0,1,9.0,0.4854806715073246,4,90.0
665.0,4,75.0,1.7045454545454546,8.113613543704611,0,0.0,1.0,3,96.0,0.6319679705333798,0,0.0,1.0,0,0.0,0.9962343332241032,3,96.0
670.0,8,107.0,2.4318181818181817,6.664123534426964,0,0.0,1.0,5,94.0,0.23920773316302588,0,3.0,0.2522372111370668,0,0.0,0.9517025158800072,5,97.0
675.0,12,153.0,3.4,5.866387484050823,0,0.0,1.0,7,128.0,0.16307184178545028,2,9.0,0.0470456942902347,0,0.0,0.9805961884618125,9,137.0
680.0,9,176.0,4.0,5.805696576146572,0,0.0,1.0,7,163.0,0.18405878230725659,2,19.0,0.005882694642475258,0,0.0,0.9529429020539124,9,182.0
685.0,4,43.0,0.9148936170212766,6.7356974604047855,0,0.0,1.0,1,23.0,0.36700967690021397,3,31.0,0.3903975683439084,0,0.0,0.9550378166728374,4,54.0
690.0,7,70.0,1.4583333333333333,7.408833299324374,0,0.0,1.0,2,24.0,0.5612632292835343,4,47.0,0.3204451939520343,0,0.0,0.9364915040491287,6,71.0
695.0,4,42.0,0.8936170212765957,7.4022698543464305,0,0.0,1.0,2,34.0,0.40051414538494023,1,26.0,0.5926306678646962,0,0.0,0.9356855926833807,3,60.0
700.0,6,63.0,1.3125,7.64398854264925,0,0.0,1.0,3,50.0,0.4601564688958839,3,25.0,0.5383580131159399,0,0.0,0.9331923689666646,6,75.0
705.0,3,31.0,0.5961538461538461,7.7560720447740135,0,0.0,1.0,0,21.0,0.6764716440431019,3,37.0,0.5322093210525167,0,0.0,0.9640233636674793,3,58.0
710.0,6,59.0,1.1568627450980393,7.662003756995292,0,0.0,1.0,1,5.0,0.7806444191073337,3,52.0,0.589414468498797,0,0.0,0.9257560456773009,4,57.0
715.0,6,89.0,1.816326530612245,7.860907976467634,0,0.0,1.0,1,10.0,0.8120113574160974,3,70.0,0.5841552929544702,0,0.0,0.9786320853421844,4,80.0
720.0,4,91.0,1.9361702127659575,7.905610207701149,0,0.0,1.0,1,15.0,0.8221121261808644,3,85.0,0.5510142837304605,0,0.0,0.9348616310755025,4,100.0
725.0,5,96.0,2.0,7.993421969754823,0,0.0,1.0,0,0.0,0.8552900037744399,3,97.0,0.5723647186444707,0,0.0,0.7811327121870472,3,97.0
730.0,10,102.0,2.0816326530612246,6.769677639403797,0,0.0,0.9827953537806735,0,0.0,0.6189820830273559,4,83.0,0.47578568877074606,2,6.0,0.3313428915192264,6,89.0
735.0,13,163.0,3.326530612244898,6.821727572755578,0,0.0,1.0,1,5.0,0.7091910243247319,4,106.0,0.42286599424567983,2,16.0,0.326198068916889,7,127.0
740.0,10,151.0,2.9607843137254903,7.286075850531475,0,0.0,1.0,1,10.0,0.7928006019440588,5,125.0,0.355399381147204,0,0.0,0.9818243813593166,6,135.0
745.0,7,147.0,3.0,6.940228766860806,0,0.0,1.0,1,1.0,0.7083082326271402,5,156.0,0.29686037342172295,0,0.0,0.9057078859837082,6,157.0
750.0,11,84.0,1.75,6.249034066378719,0,0.0,1.0,2,7.0,0.4733093582296716,5,118.0,0.22683119946914113,0,0.0,0.8909345410506407,7,125.0
755.0,14,152.0,3.234042553191489,6.54665633885275,0,0.0,1.0,2,17.0,0.25436502915804066,6,91.0,0.23254867778258959,0,0.0,0.9286083316590524,8,108.0
760.0,16,227.0,4.829787234042553,5.590809017313367,0,0.0,1.0,4,32.0,0.04748307118761073,6,124.0,0.13177399805175913,0,0.0,0.9098659558956981,10,156.0
765.0,12,234.0,4.875,4.898444259806413,0,0.0,1.0,0,8.0,0.3404435419804581,6,151.0,0.0053855290655415505,1,1.0,0.5777494307915514,7,160.0
770.0,4,20.0,0.4444444444444444,5.720220759304055,0,0.0,1.0,0,0.0,0.9781669257779004,1,41.0,0.10021314065388742,2,10.0,0.4819182055334903,3,51.0
775.0,3,23.0,0.5111111111111111,7.382482114109217,0,6.0,0.6713223570230614,0,3.0,0.7712970392692748,0,45.0,0.7807500981217368,3,23.0,0.3955860943568646,3,77.0
780.0,2,11.0,0.2558139534883721,7.917975104714503,0,0.0,0.6949301618618011,1,9.0,0.7404539917068444,0,6.0,0.9372135537735223,1,21.0,0.34508795104319673,2,36.0
785.0,0,0.0,0.0,8.534552307877767,0,0.0,1.0,0,6.0,0.7835396772927598,0,38.0,0.7938703821204606,0,8.0,0.6425011649078858,0,52.0
790.0,4,10.0,0.23255813953488372,8.397840643608104,0,0.0,1.0,1,11.0,0.7706263257256226,3,40.0,0.4712568756388769,0,0.0,0.9925515953804066,4,51.0
795.0,6,37.0,0.8222222222222222,8.149720046400226,0,0.0,1.0,1,16.0,0.7395857567621679,5,62.0,0.4246134108306076,0,0.0,0.9352019870198772,6,78.0
800.0,9,76.0,1.6521739130434783,7.3180141044188876,0,0.0,1.0,2,22.0,0.5520072307024614,5,87.0,0.29725389826029447,0,0.0,0.985997872217831,7,109.0
805.0,7,84.0,1.8666666666666667,6.764676351288433,0,0.0,1.0,0,0.0,0.7436215309364199,7,119.0,0.13477713051585366,0,0.0,0.9782546252811282,7,119.0
810.0,11,131.0,2.977272727272727,6.8155090325674506,0,0.0,1.0,1,4.0,0.49592073590745755,8,158.0,0.08601978589908485,0,0.0,0.859398527821279,9,162.0
815.0,4,62.0,1.4090909090909092,7.24911714259497,0,0.0,1.0,1,9.0,0.3234533564427955,3,118.0,0.42521175552463586,0,0.0,0.8275874861323138,4,127.0
820.0,4,53.0,1.1521739130434783,7.992979408530892,0,6.0,0.7417199806101915,2,25.0,0.5134252686307698,1,93.0,0.6244145198426971,1,3.0,0.6520391421867426,4,127.0
825.0,4,67.0,1.425531914893617,8.912091566048584,0,0.0,0.8558112071560923,2,38.0,0.6553852500519558,2,73.0,0.5367076039669358,0,0.0,0.9636586780122709,4,111.0
830.0,7,95.0,2.021276595744681,8.38357318370988,1,3.0,0.0011136249127714343,3,49.0,0.6019140406938658,3,90.0,0.49788438332914836,0,0.0,0.9558517644617788,7,142.0
835.0,8,131.0,2.7291666666666665,8.24125869901996,1,8.0,2.5918810156442304e-05,3,64.0,0.5359041159867499,4,106.0,0.47990647902203676,0,0.0,0.9948683161577545,8,178.0
840.0,10,176.0,3.74468085106383,7.64544398803706,1,13.0,0.0,4,79.0,0.4319170126127974,5,125.0,0.4358465070909636,0,0.0,0.9674160113301262,10,217.0
845.0,12,152.0,3.1666666666666665,6.374221024880935,1,18.0,0.0,1,32.0,0.5263134735170109,10,165.0,0.20275477602285716,0,0.0,0.9990838179546686,12,215.0
850.0,17,219.0,4.469387755102041,6.480515006076611,1,23.0,0.0,3,11.0,0.24929119251726087,10,215.0,0.08833779299086085,0,0.0,0.943785345893343,14,249.0
855.0,17,297.0,6.319148936170213,6.192088334536171,1,28.0,0.0,3,26.0,0.3149728260705173,10,265.0,0.11456129848672021,0,0.0,0.9536601702477321,14,319.0
860.0,16,354.0,7.531914893617022,6.119629075438144,1,33.0,0.0,4,42.0,0.30580031362319643,11,317.0,0.10275553152327276,0,0.0,0.9511852351985645,16,392.0
865.0,19,441.0,8.82,5.307749531555521,1,38.0,0.0,5,62.0,0.0042466767362634664,12,375.0,0.032828880659590706,0,0.0,0.9459335966337772,18,475.0
870.0,17,416.0,8.156862745098039,5.1728588433266065,0,0.0,1.0,1,18.0,0.3097372689817116,12,435.0,0.06030216752093161,0,0.0,0.9507754224995589,13,453.0
875.0,10,273.0,5.46,5.659263461563003,0,0.0,1.0,1,10.0,0.5286265462107432,5,294.0,0.02142122958748074,0,0.0,0.9578723099054591,6,304.0
880.0,11,325.0,6.25,6.897935440854818,0,3.0,0.6614769578816792,2,26.0,0.45336222215949146,5,292.0,0.2560330476730182,0,0.0,0.9438868488074645,7,321.0
885.0,11,380.0,7.169811320754717,7.670380811307698,0,0.0,0.7320470081083374,2,36.0,0.7021940131127699,5,317.0,0.42849315670894333,0,0.0,0.9771746915724195,7,353.0
890.0,11,426.0,7.745454545454545,7.690431288700538,0,0.0,1.0,1,34.0,0.788401875874147,5,342.0,0.4743883036547977,0,0.0,0.9472570606748204,6,376.0
895.0,12,307.0,5.7924528301886795,6.863041987674607,0,0.0,1.0,2,40.0,0.7096168839235009,4,232.0,0.3838967585526327,0,0.0,0.9505322513366607,6,272.0
900.0,8,151.0,3.02,7.256246787839542,0,3.0,0.9294734335751833,2,50.0,0.750693871951539,2,101.0,0.4225323556945754,0,0.0,0.9793319234219472,4,154.0
905.0,10,188.0,4.0,7.3291990724877145,0,0.0,1.0,2,57.0,0.7275075896394605,5,28.0,0.24525992381350084,0,0.0,0.9475226447688067,7,85.0
910.0,9,222.0,5.045454545454546,6.345431982095005,0,0.0,0.8916107404673019,1,45.0,0.5131473686939294,5,53.0,0.1961007659783998,0,0.0,0.9305434387701652,6,98.0
915.0,9,136.0,3.1627906976744184,6.7694095756798385,0,0.0,1.0,2,54.0,0.5157133436485983,6,81.0,0.12866908693081508,0,0.0,0.8897654304343123,8,135.0
920.0,6,130.0,2.9545454545454546,7.515199249992307,0,0.0,1.0,2,85.0,0.5388193274591538,3,72.0,0.4695561593654382,1,2.0,0.5289718811651297,6,159.0
925.0,7,161.0,3.8333333333333335,7.540908747014873,0,6.0,0.49899784818104465,2,98.0,0.6056628640670555,3,84.0,0.485324902788157,2,8.0,0.32365002808674564,7,196.0
930.0,6,180.0,4.285714285714286,7.414305221591947,0,6.0,0.01586699903627447,3,110.0,0.449888359230966,3,145.0,0.5606273775012742,0,0.0,0.9737391558749957,6,261.0
935.0,10,225.0,5.487804878048781,6.914761875741834,2,15.0,1.8207950194405065e-05,5,110.0,0.34304451060462365,3,163.0,0.448841660112944,0,0.0,0.9447283687808714,10,288.0
940.0,12,200.0,5.0,6.327474240331031,2,25.0,0.0,6,139.0,0.320049512240082,3,138.0,0.4911810696905517,0,0.0,0.9464129365748968,11,302.0
945.0,10,210.0,5.121951219512195,6.730624124035632,2,35.0,0.0,6,169.0,0.36273165372848826,2,64.0,0.4854170588577176,0,0.0,0.9244934859899424,10,268.0
950.0,6,132.0,3.2195121951219514,6.513700606347112,0,0.0,1.0,2,136.0,0.501197719192816,4,82.0,0.15806791813552787,0,0.0,0.932483800026435,6,218.0
955.0,7,152.0,3.8974358974358974,6.895308375328707,0,0.0,1.0,1,107.0,0.4589652956803203,6,111.0,0.1359801407004174,0,0.0,0.9321454833402474,7,218.0
960.0,4,127.0,3.097560975609756,7.367159533015829,0,0.0,1.0,2,110.0,0.4243981361609343,1,69.0,0.6008144188457993,0,0.0,0.950400539647263,3,179.0
965.0,4,142.0,3.4634146341463414,8.03082981059238,0,6.0,0.5973780375824473,3,127.0,0.5243391967279434,1,74.0,0.488322218848309,0,0.0,0.5829134942749665,4,207.0
970.0,4,144.0,3.789473684210526,7.445810908747289,0,9.0,0.13682992703328617,2,112.0,0.556747931841682,1,79.0,0.4447281366606408,1,5.0,0.473026467608831,4,205.0
975.0,9,183.0,4.575,6.738247342823212,3,22.0,0.016555959882085174,4,128.0,0.46566327254596024,1,84.0,0.7365374151101003,1,10.0,0.5488168240763024,9,244.0
980.0,13,237.0,5.780487804878049,6.510606188870525,4,38.0,0.0017076573033407568,5,149.0,0.41088046572085685,1,92.0,0.6342579078509142,2,18.0,0.31879167918692164,12,297.0
985.0,12,279.0,6.488372093023256,6.48905732920356,4,58.0,0.000247007185554071,5,174.0,0.4602650763064483,2,102.0,0.6385654849404975,0,0.0,0.9822859461547696,11,334.0
990.0,11,277.0,6.441860465116279,6.407812747500839,4,78.0,2.7715839653003493e-05,5,199.0,0.4630458085834955,1,19.0,0.5891731695185728,0,0.0,0.9711420406832405,10,296.0
995.0,15,342.0,7.6,5.830675194232488,4,98.0,9.130797761989863e-06,7,231.0,0.35771722790602073,3,18.0,0.35249191150906595,0,0.0,0.9818511020285494,14,347.0
1000.0,18,427.0,9.282608695652174,5.20253633643368,4,118.0,0.0,8,266.0,0.3217921381399506,5,40.0,0.2709380636642627,0,0.0,0.980373135958665,17,424.0
1005.0,19,521.0,11.085106382978724,5.5077316820511735,4,138.0,0.0,8,306.0,0.32432357465664724,6,69.0,0.1841037200169681,0,0.0,0.965884032347001,18,513.0
1010.0,13,506.0,10.12,6.222412747249223,4,158.0,0.0,8,346.0,0.40289494930335373,1,17.0,0.37091761718969035,0,0.0,0.9405006656163248,13,521.0
1015.0,13,571.0,11.42,6.654376670371923,4,181.0,0.0979274663746728,8,395.0,0.3560280032889985,1,19.0,0.6370024077272146,0,0.0,0.9409878774724879,13,595.0
1020.0,13,636.0,12.979591836734693,6.097943807341057,4,201.0,0.03652125301314,8,432.0,0.32652279620592395,1,24.0,0.6454009576352481,0,0.0,0.6252218133731768,13,657.0
1025.0,13,519.0,10.591836734693878,5.656473073206179,4,221.0,0.004241592835174774,7,372.0,0.32598646306835316,1,29.0,0.4792208308304486,1,5.0,0.38986325540778727,13,627.0
1030.0,7,224.0,4.3076923076923075,6.129674488361299,1,61.0,0.049898388291107945,3,211.0,0.5140556681795379,1,34.0,0.4678675376822668,2,14.0,0.4880353004811872,7,320.0
1035.0,8,256.0,5.019607843137255,7.351817192394055,0,4.0,0.1730887629013216,3,190.0,0.5988031746024046,1,42.0,0.6562402242173164,3,25.0,0.367608635518316,7,261.0
1040.0,5,256.0,5.12,8.028005390684534,0,0.0,1.0,3,205.0,0.5153354105661153,1,47.0,0.7337456350627783,0,13.0,0.664822498624772,4,265.0
1045.0,3,233.0,4.39622641509434,8.008326639970157,0,0.0,1.0,2,184.0,0.623099811229605,1,58.0,0.5848971472225789,0,0.0,0.948746514066305,3,242.0
1050.0,6,256.0,4.923076923076923,7.95307680985323,0,0.0,1.0,2,194.0,0.5068444628491832,4,71.0,0.46012166662045273,0,0.0,0.9637431986899377,6,265.0
1055.0,9,236.0,4.538461538461538,7.557942712811023,0,0.0,1.0,4,209.0,0.2450754065628341,5,39.0,0.48190685788312243,0,0.0,0.9527376277196496,9,248.0
1060.0,10,283.0,5.895833333333333,7.140888283343673,0,0.0,1.0,5,231.0,0.16026159613233948,5,61.0,0.37611171189925413,0,0.0,0.9893229285535707,10,292.0
1065.0,11,338.0,7.191489361702128,6.611794042701606,0,0.0,1.0,5,256.0,0.16443278458660476,6,91.0,0.2900311700094053,0,0.0,0.9530526609061883,11,347.0
1070.0,15,407.0,9.25,5.607328667057031,0,0.0,1.0,5,281.0,0.16492203920078083,8,130.0,0.26753582640209617,1,3.0,0.49635957345697623,14,414.0
1075.0,16,484.0,11.0,4.978746248410187,0,0.0,1.0,5,306.0,0.15962670781529442,8,167.0,0.21211260265912305,1,8.0,0.4944159111379837,14,481.0
1080.0,18,568.0,13.853658536585366,4.952904789237457,0,0.0,1.0,5,331.0,0.26819443735905507,10,211.0,0.09478907090867773,1,13.0,0.6298459914618176,16,555.0
1085.0,15,572.0,13.30232558139535,5.012035597276105,0,0.0,1.0,4,299.0,0.3111924066505028,10,261.0,0.06481773706255979,1,18.0,0.7301083409114024,15,578.0
1090.0,16,649.0,14.75,5.45264781826704,0,0.0,1.0,4,319.0,0.3124934434776166,11,313.0,0.04509322097016425,1,23.0,0.6315220713076989,16,655.0
1095.0,6,402.0,9.348837209302326,5.7516728646114395,0,0.0,1.0,4,339.0,0.27192595041480794,1,128.0,0.03836693672241525,1,28.0,0.6608012569115497,6,495.0
1100.0,4,359.0,7.977777777777778,7.434582629550432,0,3.0,0.5692499565129167,4,368.0,0.4677949442442678,0,36.0,0.5594842043202435,0,0.0,0.9631786778152133,4,407.0
1105.0,4,359.0,7.977777777777778,7.995720747090002,0,6.0,0.1920102170747973,4,368.0,0.5379813026014855,0,0.0,0.871851153975654,0,0.0,0.9315395757346027,4,374.0
1110.0,8,394.0,8.954545454545455,7.4629547650479475,3,20.0,0.02314923462636515,4,388.0,0.6372738166684568,0,0.0,0.9477701047251592,0,0.0,0.9475517323911044,7,408.0
1115.0,9,435.0,10.116279069767442,6.81097663640405,3,35.0,0.0038835305841192357,4,408.0,0.6352399967734316,0,3.0,0.9448346828243176,0,0.0,0.8978669051143683,7,446.0
1120.0,10,468.0,10.636363636363637,6.516595538262776,4,52.0,0.0006530481982275098,5,423.0,0.5621101373053558,0,3.0,0.9493927234988222,0,0.0,0.9426115543903538,9,478.0
1125.0,8,489.0,10.630434782608695,7.2602072760885354,4,72.0,0.00015077993227390394,4,427.0,0.6283293756565315,0,3.0,0.9637514350283346,0,0.0,0.9305676486979431,8,502.0
1130.0,6,447.0,9.717391304347826,6.978782185930815,0,11.0,0.014506474197002336,5,449.0,0.44044407433119975,1,4.0,0.7851031057316334,0,0.0,0.9484976308868327,6,464.0
1135.0,8,483.0,10.0625,6.692129695682961,0,0.0,0.9222189772609449,7,480.0,0.22583144187111912,1,12.0,0.7922022162502378,0,0.0,0.9331620616107311,8,492.0
1140.0,9,525.0,10.9375,6.745616681350875,0,0.0,0.13266425968712414,8,517.0,0.17457444054143606,1,17.0,0.7547965967521557,0,0.0,0.9483830569068009,9,534.0
1145.0,13,110.0,2.2448979591836733,6.406881955159752,1,4.0,2.243552437668555e-05,7,179.0,0.19458708180210316,3,27.0,0.5029982259866216,2,3.0,0.3221203269745257,13,213.0
1150.0,12,136.0,2.7755102040816326,6.753234419754421,0,0.0,1.0,7,92.0,0.24967277778373567,3,45.0,0.520052926837708,2,13.0,0.33324235594533674,12,150.0
1155.0,10,173.0,3.326923076923077,6.385905790725563,0,0.0,1.0,7,126.0,0.052187265257099325,3,60.0,0.387711278482752,0,0.0,0.603905405445739,10,186.0
1160.0,15,243.0,4.959183673469388,5.910771841762712,0,0.0,1.0,9,171.0,0.054186410600731094,6,91.0,0.4366946629476911,0,0.0,0.7478882234629161,15,262.0
1165.0,10,218.0,4.36,6.320735736658313,0,0.0,1.0,8,206.0,0.16078381849741952,2,33.0,0.48267194426809745,0,0.0,0.9495812722190113,10,239.0
1170.0,8,242.0,5.041666666666667,7.436666872703808,0,3.0,0.6707683241310409,8,252.0,0.34370895788324224,0,23.0,0.7177816022019932,0,0.0,0.9518076089112997,8,278.0
1175.0,8,282.0,5.64,8.120871848532351,0,0.0,0.7481072523314227,8,290.0,0.47434431683874234,0,6.0,0.899425076815978,0,0.0,0.9385724657559781,8,296.0
1180.0,8,322.0,6.44,8.17954275117625,0,0.0,0.9384285943352164,8,329.0,0.34681652211665914,0,3.0,0.9299839479402916,0,0.0,0.9542920160333463,8,332.0
1185.0,1,3.0,0.061224489795918366,8.29332962696826,0,0.0,1.0,0,128.0,0.5791279304907502,1,6.0,0.30506841017912295,0,0.0,0.9601939550363352,1,134.0
1190.0,2,12.0,0.24,8.980648364639235,0,0.0,1.0,0,3.0,0.9585529576235641,2,15.0,0.3170777898924204,0,0.0,0.9744250993555379,2,18.0
1195.0,3,25.0,0.5208333333333334,9.28675177733006,0,0.0,1.0,1,6.0,0.8025638722460816,2,31.0,0.7072726766020749,0,0.0,0.9238136635059309,3,37.0
1200.0,4,41.0,0.8723404255319149,9.20413002069371,0,0.0,1.0,1,11.0,0.706884896593272,3,39.0,0.5468941462539221,0,0.0,0.8236526736248115,4,50.0
1205.0,1,2.0,0.044444444444444446,8.171077200770444,0,0.0,1.0,1,5.0,0.3236556667965445,0,24.0,0.7810183056267437,0,0.0,0.8492825239031416,1,29.0
1210.0,4,19.0,0.40425531914893614,8.561232902912254,0,0.0,1.0,3,23.0,0.34735108031017076,0,6.0,0.9581875411515804,0,0.0,0.8940788715582307,3,29.0
1215.0,4,39.0,0.9512195121951219,8.336783177101463,0,0.0,1.0,3,38.0,0.46750282445655783,0,6.0,0.9550221165313485,0,0.0,0.8459495396658061,3,44.0
1220.0,4,59.0,1.5128205128205128,8.224406762517745,0,0.0,1.0,3,53.0,0.4859250648755864,0,6.0,0.9143270927183599,0,0.0,0.9309185816436514,3,59.0
1225.0,3,23.0,0.5476190476190477,7.210664414446755,0,0.0,0.6636377214990495,0,6.0,0.9557105242504311,0,0.0,0.515622424109066,0,0.0,0.9228171035188866,0,6.0
1230.0,7,48.0,1.1428571428571428,7.087002248286968,3,7.0,0.0007737233009714188,0,6.0,0.9616192100422694,1,3.0,0.5361857938756005,0,0.0,0.9746575688230585,4,16.0
1235.0,11,95.0,2.2093023255813953,6.849442771157306,3,22.0,3.6344967088771602e-06,0,3.0,0.9621295051094831,2,14.0,0.5739267221553737,0,0.0,0.9538103937996132,5,39.0
1240.0,10,118.0,2.6818181818181817,6.184277650159714,0,0.0,1.0,0,0.0,0.9709160222198465,3,25.0,0.3888678582543196,0,0.0,0.9419939413683099,3,25.0
1245.0,9,101.0,2.148936170212766,6.906764852066113,0,0.0,1.0,0,0.0,0.9163783656261407,3,40.0,0.3904352376992679,0,0.0,0.8357994103842583,3,40.0
1250.0,7,54.0,1.148936170212766,7.06971702215865,0,0.0,1.0,1,8.0,0.6989839930337072,1,21.0,0.6414418885655722,1,3.0,0.47417301689375024,3,32.0
1255.0,4,40.0,0.8695652173913043,7.953239878972938,0,3.0,0.6261071570010837,2,14.0,0.5521451038532821,1,26.0,0.6442913678391106,1,8.0,0.6539827301031379,4,51.0
1260.0,4,60.0,1.3636363636363635,8.062331032784623,0,3.0,0.4882858738713828,2,22.0,0.5774797630789894,1,28.0,0.0,1,5.0,0.6960477774707141,4,58.0
1265.0,3,40.0,0.9302325581395349,6.964661591082154,2,10.0,0.04679850854522947,0,28.0,0.332950781792642,1,50.0,0.5692281737217664,0,0.0,0.953290350245782,3,88.0
1270.0,4,56.0,1.4,7.675949104483847,2,20.0,0.006896365577141902,0,3.0,0.9309788328137375,2,56.0,0.4680917826368475,0,0.0,0.9496226286176034,4,79.0
1275.0,6,82.0,1.9523809523809523,7.213167774782662,3,34.0,0.014674640194533623,0,3.0,0.9365383915287839,3,55.0,0.37355891738524544,0,0.0,0.9473765607948514,6,92.0
1280.0,5,71.0,1.6136363636363635,7.308327169462089,0,9.0,0.09350795889835473,1,4.0,0.7154011579808708,4,74.0,0.46618663842089914,0,0.0,0.9909674406383839,5,87.0
1285.0,6,101.0,2.2954545454545454,7.856767706700308,0,0.0,1.0,1,9.0,0.7606074515778262,5,99.0,0.5126615931703138,0,0.0,0.5381142706020013,6,108.0
1290.0,6,86.0,1.9111111111111112,7.42382528032812,0,0.0,1.0,2,15.0,0.4628818689645762,3,83.0,0.5404249199839186,1,5.0,0.4876709782656657,6,103.0
1295.0,6,97.0,2.1555555555555554,8.033806086637952,0,0.0,1.0,4,72.0,0.4889159292997685,2,81.0,0.6221930937501096,0,0.0,0.9527969778810115,6,153.0
1300.0,6,127.0,2.8222222222222224,7.8057365869761375,0,0.0,1.0,4,92.0,0.4539032239636116,2,80.0,0.6249946668311235,0,0.0,0.9359877063071435,6,172.0
1305.0,6,133.0,3.022727272727273,8.002399681418682,0,0.0,1.0,4,85.0,0.4777704177455049,2,89.0,0.3263599165037241,0,0.0,0.9320127265866478,6,174.0
1310.0,6,163.0,3.7906976744186047,7.408676098239396,0,0.0,0.26644422098215803,4,102.0,0.4902320770269062,2,102.0,0.36605038714674093,0,0.0,0.956973900082183,6,204.0
1315.0,12,213.0,4.840909090909091,6.8446717701614,2,7.0,0.00028006652235215484,4,122.0,0.5378414892494326,4,128.0,0.4122799846433069,0,0.0,0.9450712208065114,10,257.0
1320.0,9,245.0,5.444444444444445,6.959786142914299,0,0.0,1.0,4,142.0,0.395154394057064,4,139.0,0.29865290121349386,0,0.0,0.9535955228635764,8,281.0
1325.0,11,300.0,6.818181818181818,7.570826242417959,0,0.0,1.0,4,162.0,0.4376530981538687,5,164.0,0.4730014025533956,0,0.0,0.9562677250787941,9,326.0
1330.0,9,311.0,6.911111111111111,7.340044018140816,0,0.0,1.0,5,182.0,0.23475354075508836,2,151.0,0.6326627315523083,0,0.0,0.9958467574015073,7,333.0
1335.0,8,230.0,4.791666666666667,6.814580246618739,0,3.0,0.5603584890843478,4,121.0,0.21347072731008035,2,152.0,0.4735235919722335,0,0.0,0.9478024955621699,6,276.0
1340.0,7,214.0,4.36734693877551,7.925129265704474,0,3.0,0.050326477087215056,1,23.0,0.6269117768606995,4,164.0,0.3244717765215511,0,0.0,0.5735695129301455,5,190.0
1345.0,7,201.0,4.1875,8.380257035558854,1,7.0,3.4370311554256384e-05,1,13.0,0.7829038015759789,4,187.0,0.43341819363773076,1,3.0,0.4969968352894031,7,210.0
1350.0,6,58.0,1.288888888888889,7.35596925311065,1,12.0,0.12940388713708822,1,18.0,0.7534604433443347,3,89.0,0.366437922723357,1,8.0,0.4674107647559901,6,127.0
1355.0,6,50.0,1.0638297872340425,7.4652329567755515,2,21.0,6.5486955102943e-06,2,24.0,0.44358051273598187,2,26.0,0.6126321683820126,0,0.0,0.9679457525454507,6,71.0
1360.0,2,21.0,0.45652173913043476,8.303234898198157,0,0.0,1.0,0,3.0,0.877978720085649,2,27.0,0.7233428472255349,0,0.0,0.9436313163742365,2,30.0
1365.0,3,33.0,0.717391304347826,8.403388325126974,0,0.0,1.0,0,3.0,0.8986783595177933,3,39.0,0.562471049930034,0,0.0,0.9380166628236577,3,42.0
1370.0,5,35.0,0.7,8.066782961381488,0,0.0,1.0,1,1.0,0.6688918701890968,2,39.0,0.6124135674028093,0,0.0,0.9343479831853099,3,40.0
1375.0,6,52.0,1.0196078431372548,7.894207791961379,0,0.0,1.0,3,12.0,0.46829591876460125,3,52.0,0.5690925192295945,0,0.0,0.94344474068045,6,64.0
1380.0,9,93.0,1.86,7.460805019429896,0,0.0,1.0,3,37.0,0.4390534121520217,6,78.0,0.35621017892384965,0,0.0,0.9603719300200156,9,115.0
1385.0,11,104.0,2.08,6.396780515531807,0,0.0,1.0,0,21.0,0.7328190740397134,7,109.0,0.30246666163500174,1,2.0,0.47859514957386684,8,132.0
1390.0,7,33.0,0.6346153846153846,6.664830069592605,0,0.0,1.0,2,3.0,0.4718335338673518,0,25.0,0.570038883273957,1,7.0,0.6398598825869262,3,35.0
1395.0,8,70.0,1.4285714285714286,7.103239613779576,0,3.0,0.8053357369811975,2,19.0,0.5148319358301743,0,3.0,0.8910965330296832,2,14.0,0.3212057087277908,4,39.0
1400.0,8,102.0,2.0816326530612246,7.164789075541376,0,0.0,0.5218396112220866,2,32.0,0.6473304690985032,0,3.0,0.9594044954112491,2,24.0,0.3280520362918462,4,59.0
1405.0,11,147.0,2.826923076923077,7.4882820806242485,0,0.0,1.0,2,42.0,0.707846186542368,0,3.0,0.9598941595386513,3,34.0,0.2439628427341747,5,79.0
1410.0,8,165.0,3.3,6.549735109055653,0,0.0,1.0,2,52.0,0.5202779023433324,0,3.0,0.7224972697126909,2,44.0,0.1563706288888498,4,99.0
1415.0,12,152.0,3.04,6.093636696150071,0,0.0,0.9894760856095898,4,68.0,0.4846527695170921,2,9.0,0.4764327269839278,3,58.0,0.2462093570835205,9,135.0
1420.0,5,92.0,1.8775510204081634,6.560125380993887,0,0.0,1.0,4,88.0,0.5064942079705341,0,9.0,0.6321722252229564,0,0.0,0.9291080900355978,4,97.0
1425.0,4,91.0,1.8571428571428572,7.182887132775614,0,0.0,1.0,4,94.0,0.25201936573035244,0,9.0,0.5828122120971178,0,0.0,0.9467762234284983,4,103.0
1430.0,8,122.0,2.595744680851064,6.507554462930533,0,0.0,1.0,6,121.0,0.07445491293174154,2,43.0,0.21999651314904503,0,0.0,0.9451670916809248,8,164.0
1435.0,12,174.0,3.9545454545454546,6.078250198644732,0,0.0,0.9087347816472261,7,153.0,0.12284824313660024,4,62.0,4.453330854428354e-06,0,0.0,0.9539793352808803,11,215.0
1440.0,11,202.0,4.488888888888889,6.073978688482044,1,1.0,0.002754639714887872,7,188.0,0.1818566458821284,1,39.0,0.0,1,1.0,0.70058929342263,10,229.0
1445.0,11,257.0,5.468085106382978,6.745025880971411,1,6.0,0.0,7,226.0,0.24741955178062136,1,44.0,0.0,1,6.0,0.7335730476647887,10,282.0
1450.0,13,315.0,6.702127659574468,6.426948984437257,1,11.0,0.0,7,264.0,0.312304830790161,1,49.0,0.0,3,14.0,0.373146852891242,12,338.0
1455.0,15,384.0,8.0,6.0939552639921315,1,16.0,0.0,8,301.0,0.25136398885037536,1,54.0,0.48696160878351263,3,29.0,0.37158026685424744,13,400.0
1460.0,13,386.0,7.72,6.122532728617053,1,21.0,0.0,9,342.0,0.30302267343940986,1,59.0,0.4646561089004972,1,13.0,0.5174207435485865,12,435.0
1465.0,10,402.0,7.730769230769231,6.828329072364588,1,26.0,0.0,9,386.0,0.302497460450798,0,6.0,0.582513572810603,0,2.0,0.5936091968707917,10,420.0
1470.0,13,445.0,8.39622641509434,6.553339354609602,1,34.0,0.4693267953818495,8,414.0,0.25421431344105827,4,16.0,0.18346504604641317,0,0.0,0.929219895056331,13,464.0
1475.0,16,517.0,10.34,6.278820146515491,1,36.0,0.0,9,455.0,0.16440696897809676,6,42.0,0.20523885844952283,0,0.0,0.9511387571250507,16,533.0
1480.0,17,559.0,10.547169811320755,6.052407640924318,0,0.0,1.0,10,501.0,0.1291293943458464,7,74.0,0.00011895811634532081,0,0.0,0.9707623183865097,17,575.0
1485.0,15,587.0,10.87037037037037,6.192485766236398,0,0.0,1.0,12,561.0,0.10719649761995892,3,49.0,0.04271837719269592,0,0.0,0.9782707437306752,15,610.0
1490.0,15,648.0,12.226415094339623,6.57998970163345,0,0.0,1.0,13,633.0,0.15645796992451347,2,46.0,0.1583414609606739,0,0.0,0.9352826764724486,15,679.0
1495.0,18,730.0,13.035714285714286,6.255475818944206,0,0.0,1.0,15,703.0,0.21428709801851817,2,44.0,0.0,0,0.0,0.8155358494888432,17,747.0
1500.0,17,815.0,14.051724137931034,6.658888629307591,0,0.0,1.0,14,777.0,0.24981321298160336,2,54.0,0.0,0,0.0,0.9674192807640023,16,831.0
1505.0,18,901.0,15.271186440677965,6.349945258484976,0,0.0,1.0,14,847.0,0.2670302636192453,2,64.0,0.0,0,0.0,0.938209055033669,16,911.0
1510.0,20,924.0,15.661016949152541,5.661836391739917,0,0.0,1.0,16,913.0,0.26044353735683257,0,31.0,0.14543271384823245,0,0.0,0.9144760331962261,16,944.0
1515.0,10,161.0,2.596774193548387,5.8043234550973475,0,0.0,1.0,5,366.0,0.3020349672279877,0,0.0,1.0,0,0.0,0.9411410501438608,5,366.0
1520.0,10,128.0,2.169491525423729,5.9497229088593455,0,0.0,1.0,2,134.0,0.36369734835001677,0,0.0,1.0,0,0.0,0.9303641075363855,2,134.0
1525.0,14,191.0,3.23728813559322,6.560914655240924,0,0.0,1.0,2,61.0,0.5173014383114707,0,9.0,0.8075827361920369,0,0.0,0.9722775990741259,2,70.0
1530.0,15,263.0,4.4576271186440675,7.14624731086831,0,0.0,1.0,2,68.0,0.5717276843951213,0,9.0,0.9161336408274826,0,0.0,0.9545205867989718,2,77.0
1535.0,13,264.0,4.327868852459017,7.135875218630344,0,0.0,1.0,0,0.0,0.9305420205503669,0,9.0,0.9288895792129386,0,0.0,0.9443230606695783,0,9.0
1540.0,15,300.0,5.084745762711864,6.479323605358186,0,0.0,1.0,2,3.0,0.67475983446573,0,9.0,0.8377159905749444,0,0.0,0.8458141360562306,2,12.0
1545.0,12,239.0,4.120689655172414,7.178746980164981,0,0.0,1.0,2,43.0,0.7148766076531434,1,8.0,0.8521196438303201,0,0.0,0.9472161002501109,3,51.0
1550.0,12,291.0,5.388888888888889,7.102860516799067,0,0.0,0.9458379813092072,2,23.0,0.6876960506645133,1,10.0,0.8230588135172702,0,0.0,0.9678136405077433,3,33.0
1555.0,15,328.0,5.857142857142857,6.0568980618407995,0,0.0,1.0,1,2.0,0.802388100910806,3,17.0,0.4858274527306453,0,0.0,0.923864263437341,4,19.0
1560.0,14,391.0,7.2407407407407405,5.601810720880263,0,0.0,1.0,1,7.0,0.7567872843181453,4,35.0,0.1792490337793573,0,0.0,0.9568748311397683,5,42.0
1565.0,16,470.0,8.545454545454545,6.062494290301636,0,0.0,1.0,2,16.0,0.5694307859935268,5,64.0,0.2681857543074869,0,0.0,0.9363344788849286,7,80.0
1570.0,19,378.0,6.872727272727273,5.9172224500648385,0,0.0,1.0,2,26.0,0.6463513687321022,8,97.0,0.1787610189814426,0,0.0,0.9734884715062869,10,123.0
1575.0,14,186.0,3.576923076923077,6.22812259736094,0,0.0,1.0,1,1.0,0.5474216247519951,9,142.0,0.2335890780135277,0,0.0,0.9733982509706824,10,143.0
1580.0,12,190.0,3.8,6.134483243406309,0,0.0,1.0,1,6.0,0.6430302523146714,10,187.0,0.20646857584176,0,0.0,0.9405166935876658,11,193.0
1585.0,14,246.0,5.020408163265306,5.4343319593640365,0,0.0,1.0,2,11.0,0.4539701334484172,12,240.0,0.13210498756147224,0,0.0,0.5465382705364128,14,251.0
1590.0,15,314.0,6.408163265306122,4.807790122799497,0,0.0,1.0,2,17.0,0.32951562540889634,12,350.0,0.10352237844729079,1,2.0,0.3076103002115584,15,369.0
1595.0,6,125.0,2.6595744680851063,4.640825165407958,0,0.0,1.0,0,0.0,0.534580275058811,4,191.0,0.02034475217042532,2,12.0,0.3045072176160801,6,203.0
1600.0,4,121.0,2.688888888888889,5.8281994555048655,0,6.0,0.5744291947813509,1,11.0,0.5608330251979798,3,131.0,0.11779942056572457,0,0.0,0.9345913114259911,4,148.0
1605.0,7,148.0,3.148936170212766,6.7511148605066404,0,0.0,0.8184711493371627,1,16.0,0.7646093411309601,3,143.0,0.4257119438233408,0,0.0,0.9426938987880026,4,159.0
1610.0,10,191.0,3.8979591836734695,7.53320795962195,0,0.0,0.8047068740316774,1,21.0,0.7551657398019906,3,152.0,0.3898103118331395,0,0.0,0.9438038243474316,4,173.0
1615.0,7,91.0,1.7843137254901962,7.641733529207789,0,0.0,1.0,0,6.0,0.9271025764920233,1,91.0,0.5941170526867924,0,0.0,0.9186721900615654,1,97.0
1620.0,6,90.0,1.7307692307692308,8.270490076255165,0,0.0,1.0,0,16.0,0.9405891507943488,0,9.0,0.8846389868756905,0,0.0,0.912665883021599,0,25.0
1625.0,8,123.0,2.1964285714285716,8.305432386502076,0,0.0,1.0,0,16.0,0.7465671300933452,1,11.0,0.7694235821915649,0,0.0,0.9852142969225177,1,27.0
1630.0,11,171.0,3.2264150943396226,7.523019620390623,0,0.0,1.0,3,25.0,0.6458587686644552,1,16.0,0.7295122086758479,0,0.0,0.9600414509902029,4,41.0
1635.0,15,222.0,4.44,5.512319753833165,0,0.0,1.0,6,45.0,0.3403367276265552,0,36.0,0.8635216277912362,0,0.0,0.9809602572738985,6,81.0
1640.0,15,279.0,5.470588235294118,5.607776113456269,0,1.0,0.571512457574225,5,51.0,0.42118542624158073,1,38.0,0.5500750826586845,0,0.0,0.9380905019118517,6,90.0
1645.0,15,354.0,6.9411764705882355,6.115981683887569,0,0.0,0.7896017391999558,5,76.0,0.527689836760308,1,43.0,0.7079793673851225,0,0.0,0.9513372810729589,6,119.0
1650.0,17,436.0,8.384615384615385,5.944261990534741,0,0.0,1.0,5,101.0,0.48538074966136274,1,48.0,0.6558926189854772,0,0.0,0.9675633339524365,6,149.0
1655.0,15,455.0,8.75,6.025500801579439,0,0.0,1.0,6,130.0,0.4270894143055759,0,3.0,0.962882421945466,0,0.0,0.9730861191217585,6,133.0
1660.0,11,394.0,7.296296296296297,6.65778262941904,0,0.0,1.0,3,86.0,0.40479282693312746,0,3.0,0.9655929375808658,0,0.0,0.9828196654116305,3,89.0
1665.0,11,408.0,7.69811320754717,7.201910321379867,0,0.0,1.0,1,8.0,0.6960892389231018,0,3.0,0.9384222640423495,1,1.0,0.47450163816189633,2,12.0
1670.0,6,129.0,2.6875,7.292628034007815,0,0.0,1.0,1,13.0,0.6647142849165457,1,5.0,0.741646418499651,1,6.0,0.6214159530926026,3,24.0
1675.0,4,35.0,0.7777777777777778,6.986472133593632,0,0.0,1.0,2,23.0,0.3093597855038768,1,1.0,0.7609655733535374,1,11.0,0.6264516633617045,4,35.0
1680.0,5,47.0,1.0,7.094439708615473,0,0.0,0.9739049635909647,4,41.0,0.2800143810701043,1,6.0,0.7171431573517861,0,0.0,0.9423700711806487,5,47.0
1685.0,8,80.0,1.7391304347826086,6.576952284144309,0,0.0,1.0,5,64.0,0.27431763835639067,1,14.0,0.6085786803572472,0,0.0,0.9747737117366393,6,78.0
1690.0,7,108.0,2.25,7.051022550916081,0,0.0,1.0,5,89.0,0.41038055640375465,1,16.0,0.7757612089192714,0,0.0,0.9645680076562119,6,105.0
1695.0,8,138.0,2.7058823529411766,6.550075382268925,0,0.0,1.0,6,115.0,0.31260162899890875,2,98.0,0.39057270122407367,0,0.0,0.9379331134985709,8,213.0
1700.0,3,37.0,0.7254901960784313,7.282932580664496,0,0.0,1.0,0,20.0,0.7285338800051698,3,112.0,0.1963217211996597,0,0.0,0.951986172041184,3,132.0
1705.0,5,58.0,1.2083333333333333,7.266695983199136,0,0.0,1.0,0,0.0,0.6610072005533713,4,196.0,0.04823711730752693,0,0.0,0.9322113925665652,4,196.0
1710.0,7,87.0,1.9333333333333333,8.082859832588861,0,0.0,1.0,2,7.0,0.6457434876575321,5,228.0,0.38191774756400376,0,0.0,0.9397580999153197,7,235.0
1715.0,6,85.0,1.8478260869565217,8.22951360106151,0,0.0,1.0,2,17.0,0.6903739736843095,4,234.0,0.371587441833323,0,0.0,0.9279431556836589,6,251.0
1720.0,4,50.0,1.0869565217391304,8.235284547221623,0,0.0,1.0,3,15.0,0.4290437974698841,1,134.0,0.5936412032801998,0,0.0,0.7154109468727389,4,149.0
1725.0,6,75.0,1.6666666666666667,7.85108763379599,0,0.0,1.0,3,19.0,0.3473015450896067,1,60.0,0.7379815801572566,2,5.0,0.3257616361435999,6,84.0
1730.0,6,105.0,2.1875,7.412086737370277,0,0.0,1.0,3,34.0,0.04435174167706351,1,68.0,0.7280246751363938,2,15.0,0.24681658887127852,6,117.0
1735.0,7,58.0,1.2608695652173914,6.691192499905359,0,0.0,1.0,4,53.0,0.1435082849978859,3,17.0,0.3609338461807585,0,10.0,0.30466847552407966,7,80.0
1740.0,8,95.0,2.159090909090909,6.985856848105399,0,0.0,1.0,5,75.0,0.26957687135442726,3,35.0,0.43555245547912197,0,0.0,0.8387976545345707,8,110.0
1745.0,4,36.0,0.8,7.048454462296651,0,0.0,1.0,0,6.0,0.44852899283129716,4,51.0,0.23447765025217393,0,0.0,0.9958361815011718,4,57.0
1750.0,7,68.0,1.446808510638298,7.349786671211029,0,0.0,1.0,1,3.0,0.6403152412402173,6,80.0,0.24161385282786846,0,0.0,0.953840758127279,7,83.0
1755.0,4,16.0,0.37209302325581395,7.256103004241877,0,0.0,1.0,1,8.0,0.6335754727865658,0,17.0,0.6705837352342621,0,0.0,0.9520277198177878,1,25.0
1760.0,1,13.0,0.29545454545454547,8.543834670790927,0,9.0,0.5364014502635579,1,16.0,0.5457179255872762,0,6.0,0.9761525779238228,0,0.0,0.9638745710419356,1,31.0
1765.0,1,18.0,0.391304347826087,9.551316364291274,0,0.0,1.0,1,24.0,0.7665943650747372,0,6.0,0.9511686535791334,0,0.0,0.9357657969356314,1,30.0
1770.0,1,23.0,0.48936170212765956,9.368541566223776,0,0.0,1.0,1,29.0,0.8060757313961399,0,6.0,0.9600387388047164,0,0.0,0.9621353500780765,1,35.0
1775.0,3,31.0,0.7045454545454546,8.350632833960892,0,0.0,1.0,2,36.0,0.6426413769688318,0,6.0,0.8115329245520326,0,0.0,0.5779120465922845,2,42.0
1780.0,6,55.0,1.25,6.918001063780036,0,0.0,1.0,2,43.0,0.6309511300337002,2,10.0,0.27841840386902217,1,5.0,0.3842349414494339,5,58.0
1785.0,7,80.0,1.8181818181818181,7.080235071662006,0,0.0,1.0,3,54.0,0.44837382845423146,3,24.0,0.3732234958541262,0,0.0,0.9581139333146251,6,78.0
1790.0,12,123.0,2.86046511627907,5.571044901754086,0,0.0,1.0,5,71.0,0.15138064091073958,4,44.0,0.17000843890034537,0,0.0,0.9512917473686036,9,115.0
1795.0,8,127.0,3.0238095238095237,5.338006629256986,0,0.0,1.0,5,99.0,0.191139197918628,3,43.0,0.030672583144399985,0,0.0,0.9877820120482942,8,142.0
1800.0,11,171.0,4.170731707317073,6.280957763638115,0,0.0,1.0,6,126.0,0.2925579142674073,5,61.0,0.0011129157177594546,0,0.0,0.9844840918578805,11,187.0
1805.0,11,226.0,5.136363636363637,6.7767028829386105,0,0.0,1.0,6,156.0,0.23841827149909406,5,86.0,0.1579197185788183,0,0.0,0.9495212320789328,11,242.0
1810.0,13,287.0,6.239130434782608,5.988705581830989,0,0.0,1.0,7,191.0,0.09202059555644324,6,112.0,0.11699503935332072,0,0.0,0.9358588415940073,13,303.0
1815.0,15,362.0,8.044444444444444,5.887059609948383,0,0.0,1.0,8,231.0,0.1752104610626545,7,147.0,1.8930287578593002e-05,0,0.0,0.9821048583474906,15,378.0
1820.0,16,441.0,9.382978723404255,5.923288545355029,0,0.0,1.0,9,275.0,0.1929720668578678,7,182.0,1.4793847049226874e-06,0,0.0,0.9503860797625544,16,457.0
1825.0,16,521.0,10.63265306122449,5.797575146107775,0,0.0,1.0,9,320.0,0.16741992495513622,7,217.0,0.1562919844623181,0,0.0,0.988230473280397,16,537.0
1830.0,18,609.0,12.18,5.525997120678146,0,0.0,1.0,10,370.0,0.15029527608495077,8,255.0,0.22745256510286838,0,0.0,0.995146910715557,18,625.0
1835.0,16,558.0,10.941176470588236,5.263984688035744,0,0.0,1.0,7,298.0,0.3538438584372282,9,297.0,0.09339431030247701,0,0.0,0.9587749012122999,16,595.0
1840.0,16,638.0,12.26923076923077,5.8622095227263396,0,0.0,0.9135985793306934,7,308.0,0.38994108945034467,9,342.0,0.00219100359463699,0,0.0,0.8803963937168082,16,650.0
1845.0,10,372.0,7.294117647058823,5.581004928211781,0,0.0,1.0,7,359.0,0.23631877252183398,2,114.0,0.06383679370612884,1,2.0,0.4700339024460276,10,475.0
1850.0,12,428.0,8.23076923076923,5.876390128208096,0,3.0,0.5510780084474074,8,402.0,0.2585460536879367,3,44.0,0.15689755582137338,1,7.0,0.49608257985455767,12,456.0
1855.0,14,491.0,9.264150943396226,6.032912334717872,0,6.0,0.20636372797766245,9,448.0,0.40828918749944615,3,59.0,0.23900669607648445,2,12.0,0.3279989723153441,14,525.0
1860.0,12,539.0,10.365384615384615,6.401182878891431,0,0.0,0.05310121648129084,9,480.0,0.44047449135625,3,74.0,0.37336568610327936,0,0.0,0.3952202863294791,12,554.0
1865.0,10,529.0,10.58,6.096876956077815,0,0.0,1.0,9,522.0,0.3437146362850074,1,53.0,0.30909982188274915,0,0.0,0.835414988391397,10,575.0
1870.0,11,561.0,11.0,6.558394491652634,0,3.0,0.9133341348848629,9,561.0,0.34272794534046863,2,9.0,0.3019590155251148,0,0.0,0.9786664327664362,11,573.0
1875.0,15,626.0,11.592592592592593,6.2504378664547255,0,0.0,1.0,11,613.0,0.30447380895371545,2,19.0,0.3310799906511893,0,0.0,0.9812817671102899,13,632.0
1880.0,6,56.0,1.0566037735849056,6.827397571441696,0,0.0,1.0,2,190.0,0.44017458155754685,2,29.0,0.3189125850451493,0,0.0,0.9729931749655574,4,219.0
1885.0,2,36.0,0.6923076923076923,7.531784330375901,0,0.0,1.0,0,48.0,0.5203525181277601,2,39.0,0.0,0,0.0,0.9972726581926934,2,87.0
1890.0,4,50.0,1.0204081632653061,7.6235121033984505,0,0.0,1.0,2,15.0,0.3757827143292461,2,58.0,0.44444645618396755,0,0.0,0.9876897180524855,4,73.0
1895.0,5,75.0,1.5,8.374427685335833,0,0.0,1.0,3,19.0,0.4817073389428677,2,68.0,0.643237412229106,0,0.0,0.7796340717776711,5,87.0
1900.0,5,84.0,1.8666666666666667,8.711414568572101,0,0.0,1.0,1,22.0,0.6123240729980212,3,77.0,0.6425779822849111,1,3.0,0.4898854467647006,5,102.0
1905.0,5,96.0,2.1818181818181817,8.584464787312829,0,0.0,1.0,1,4.0,0.6936242207913341,3,92.0,0.648439478043691,1,8.0,0.4795649384724108,5,104.0
1910.0,5,108.0,2.4545454545454546,7.3186437618111375,0,0.0,1.0,1,7.0,0.21868346651742984,4,110.0,0.6178604877607013,0,0.0,0.9667748778153542,5,117.0
1915.0,8,138.0,3.3658536585365852,7.246088659351355,0,0.0,1.0,2,17.0,0.3689386575646982,6,133.0,0.49993876278603616,0,0.0,0.965562703498016,8,150.0
1920.0,9,179.0,4.475,7.323382964328101,0,0.0,1.0,2,27.0,0.294452890851028,7,164.0,0.46488224114060506,0,0.0,0.9648140707019484,9,191.0
1925.0,9,192.0,4.571428571428571,6.4497652327531,0,0.0,1.0,0,0.0,0.9924111958108646,9,205.0,0.31746760704851756,0,0.0,0.9544805603936829,9,205.0
1930.0,2,21.0,0.45652173913043476,6.895004170629721,0,0.0,1.0,0,0.0,0.9602313773987324,1,65.0,0.4186420992413369,0,0.0,0.9201208479531174,1,65.0
1935.0,3,12.0,0.2608695652173913,7.658728908968334,0,3.0,0.5021720747472561,0,9.0,0.7375030604671998,0,27.0,0.7696964385944871,1,2.0,0.4880551895404236,1,41.0
1940.0,4,24.0,0.5217391304347826,8.11756873725807,0,0.0,0.8759394663196861,0,14.0,0.8870005896278883,0,6.0,0.8377103224330562,1,7.0,0.49166606092505794,1,27.0
1945.0,3,39.0,0.8297872340425532,9.182279823818577,0,0.0,0.7311305416725964,0,16.0,0.9159430253648265,0,3.0,0.9600755014810514,1,12.0,0.6125545819860023,1,31.0
1950.0,2,20.0,0.425531914893617,8.88585154651147,0,0.0,1.0,1,14.0,0.8203182520914621,0,3.0,0.970886634752814,1,17.0,0.48557625912348545,2,34.0
1955.0,4,38.0,0.8085106382978723,9.124003663210694,0,0.0,1.0,1,17.0,0.805893365387526,0,3.0,0.9677653355820729,2,26.0,0.4850764508379185,3,46.0
1960.0,2,16.0,0.35555555555555557,8.203448214898945,0,0.0,1.0,1,22.0,0.8198367767614937,0,3.0,0.6305694486412494,0,0.0,0.9610639786853885,1,25.0
1965.0,8,42.0,0.9545454545454546,6.760145389444298,0,0.0,1.0,4,31.0,0.3229952884842567,1,14.0,0.4908117203854399,0,0.0,0.9615700250510426,5,45.0
1970.0,4,32.0,0.7441860465116279,5.608149036838415,0,0.0,1.0,0,0.0,0.3674923246140095,0,3.0,0.13305199632562154,0,0.0,0.9244070875774191,0,3.0
1975.0,4,32.0,0.8205128205128205,5.953239540785755,0,4.0,0.5919022732184365,2,5.0,0.5686079881385213,0,0.0,1.0,0,0.0,0.9833885520305069,2,9.0
1980.0,6,57.0,1.4615384615384615,7.430493015918572,0,0.0,0.9330655469950028,2,15.0,0.6474737958598551,0,6.0,0.8678862062915349,0,0.0,0.9667748164170319,2,21.0
1985.0,6,87.0,2.0714285714285716,7.777146130000907,0,0.0,1.0,2,25.0,0.6965274831585581,0,6.0,0.9622709288828366,0,0.0,0.9800629727734269,2,31.0
1990.0,5,50.0,1.1627906976744187,7.675166555885995,0,0.0,1.0,2,35.0,0.6942251984518581,0,6.0,0.9446755605130017,0,0.0,0.5758355315498134,2,41.0
1995.0,4,50.0,1.2195121951219512,8.27923311596389,0,0.0,1.0,3,49.0,0.6001206931032775,0,6.0,0.9646167348823592,1,4.0,0.49827899610431015,4,59.0
2000.0,7,78.0,1.95,6.652217971030716,0,0.0,1.0,6,72.0,0.23915837522627748,0,6.0,0.964346281706161,1,9.0,0.5019567194319589,7,87.0
2005.0,13,128.0,3.4594594594594597,5.36101059169782,0,0.0,1.0,11,116.0,0.1301579581899352,1,7.0,0.5812974070257456,1,14.0,0.33069299352017784,13,137.0
2010.0,11,168.0,4.3076923076923075,5.405045319485596,0,0.0,1.0,11,171.0,0.07661497723656263,0,11.0,0.9731193136779401,0,0.0,0.987275569475265,11,182.0
2015.0,12,228.0,6.0,5.722303682053803,0,0.0,0.565648211515019,12,231.0,0.07666653156496021,0,17.0,0.6338409270371923,0,0.0,0.9292607733567655,12,248.0
2020.0,11,154.0,3.6666666666666665,5.810832005124994,1,4.0,0.009013329436842266,8,217.0,0.341375531738608,2,16.0,0.002054647069966333,0,0.0,0.9553507944224169,11,237.0
2025.0,8,125.0,2.9761904761904763,6.96679775879282,2,14.0,0.03425520577448512,4,130.0,0.4384185075236525,2,26.0,0.32227946173970223,0,0.0,0.9716728478608896,8,170.0
2030.0,7,139.0,3.2325581395348837,7.3142133466175725,0,0.0,0.045028071818921885,5,160.0,0.5095037402904593,2,29.0,0.30501345876614716,0,0.0,0.9463057762952268,7,189.0
2035.0,8,174.0,3.782608695652174,7.60166442856264,0,0.0,1.0,6,165.0,0.3209838214870028,2,39.0,0.30047073345978587,0,0.0,0.9705470718616334,8,204.0
2040.0,8,214.0,4.7555555555555555,8.43156522097548,0,0.0,1.0,6,179.0,0.3306209330734914,2,49.0,0.46379160626809895,0,0.0,0.9868313230277213,8,228.0
2045.0,2,45.0,0.9375,8.15430276608843,0,0.0,1.0,0,0.0,0.7902343201948081,2,59.0,0.4439012583992717,0,0.0,0.9408774610512889,2,59.0
2050.0,4,37.0,0.8043478260869565,7.690249507058107,0,0.0,1.0,1,2.0,0.6169460899680748,2,50.0,0.47046138070928323,1,1.0,0.48494916033052565,4,53.0
2055.0,6,59.0,1.2291666666666667,8.285873581670293,0,0.0,1.0,2,13.0,0.5469162484868243,3,68.0,0.602750055965578,1,6.0,0.623079405879985,6,87.0
2060.0,6,89.0,1.9777777777777779,9.030555791839808,0,0.0,1.0,2,23.0,0.6321390544038419,3,80.0,0.597630056175327,1,11.0,0.6480537246407597,6,114.0
2065.0,7,120.0,2.6666666666666665,8.35516205960167,0,0.0,0.9718700958874282,2,33.0,0.5734690827208578,4,93.0,0.47840617604752045,1,16.0,0.3098397115697837,7,142.0
2070.0,7,69.0,1.5681818181818181,7.491818432289349,0,0.0,1.0,3,45.0,0.4541719645369933,4,52.0,0.4369023670875228,0,0.0,0.986147359049738,7,97.0
2075.0,6,67.0,1.5952380952380953,7.974742207721907,0,0.0,1.0,4,61.0,0.38693169475261824,2,31.0,0.5269316094580874,0,0.0,0.9731560199195962,6,92.0
2080.0,8,99.0,2.475,7.820786399336815,0,0.0,1.0,4,81.0,0.529206610999629,4,26.0,0.28583759014529014,0,0.0,0.9695731263332698,8,107.0
2085.0,8,129.0,3.0714285714285716,6.8425850217920345,0,0.0,1.0,3,85.0,0.45200497185431754,5,47.0,0.12698267456684653,0,0.0,0.9898279754787135,8,132.0
2090.0,13,166.0,3.86046511627907,5.6146957096611185,0,0.0,1.0,4,103.0,0.40313408903423176,6,59.0,0.020589877321636176,0,0.0,0.9575668660796584,10,162.0
2095.0,14,236.0,5.2444444444444445,5.842602555765713,0,0.0,1.0,4,123.0,0.29112767777982024,6,92.0,0.10461249322014421,0,0.0,0.982857684666868,10,215.0
2100.0,16,311.0,6.911111111111111,5.3656444171078155,0,0.0,1.0,4,143.0,0.3872858718796734,7,126.0,0.21939706360769134,0,0.0,0.5009244836811293,11,269.0
2105.0,18,401.0,8.53191489361702,5.173627888802191,0,0.0,1.0,4,163.0,0.3896821397346017,7,161.0,0.21642410765129216,1,5.0,0.46471633783117217,12,329.0
2110.0,13,310.0,6.595744680851064,5.174956242864877,0,0.0,1.0,5,187.0,0.34439701206600226,0,43.0,0.5016870421689799,1,10.0,0.6500620217805766,6,240.0
2115.0,16,382.0,7.795918367346939,5.211783630181931,0,9.0,0.679074343501127,6,221.0,0.3292495314266272,0,3.0,0.9443501451815906,2,16.0,0.4644723122266134,8,249.0
2120.0,18,417.0,9.266666666666667,4.231687697329912,1,7.0,0.27774372593019453,7,252.0,0.29085995306235246,0,0.0,0.964305504800686,0,0.0,0.9298027301384169,8,259.0
2125.0,18,464.0,9.666666666666666,4.945282867614535,3,20.0,0.03297099842368294,7,287.0,0.30640132677291043,0,6.0,0.7758899908428337,0,0.0,0.9688899823274552,10,313.0
2130.0,15,445.0,8.9,5.139148354600444,0,0.0,0.10065462160680473,7,322.0,0.35451291558863146,0,6.0,0.5675795835444435,0,0.0,0.9451321121765607,7,328.0
2135.0,14,394.0,7.7254901960784315,5.688861738952624,0,0.0,0.40034583890802217,7,361.0,0.3205033422508621,3,19.0,0.3767289420438351,0,0.0,0.9902827835416143,10,380.0
2140.0,12,421.0,7.943396226415095,6.4398957148675136,0,0.0,1.0,8,397.0,0.29473880690366955,4,36.0,0.4143904215943263,0,0.0,0.9325498142420371,12,433.0
2145.0,13,484.0,8.962962962962964,7.0798365681459,0,0.0,1.0,9,440.0,0.2494807941772964,4,56.0,0.46857215997817825,0,0.0,0.9641706499693634,13,496.0
2150.0,9,147.0,2.7735849056603774,6.029638798704097,0,0.0,1.0,6,289.0,0.12384550974517156,0,11.0,0.4762418887422062,0,0.0,0.9905746715574674,6,300.0
2155.0,5,20.0,0.37037037037037035,7.381258998699134,0,0.0,1.0,3,94.0,0.3584269374778578,1,2.0,0.43145898036993663,0,0.0,0.9921868132970015,4,96.0
2160.0,5,41.0,0.82,8.16527525423803,0,0.0,1.0,3,47.0,0.5646175594569202,2,12.0,0.3112537741817007,0,0.0,0.947841579079789,5,59.0
2165.0,8,73.0,1.489795918367347,7.918523264223874,0,0.0,1.0,3,62.0,0.6341987355144454,2,22.0,0.5513230537356528,0,0.0,0.9460501775674741,5,84.0
2170.0,5,35.0,0.7291666666666666,7.361530787054967,0,0.0,1.0,0,41.0,0.9629889221993794,2,32.0,0.6049362248298878,1,1.0,0.46562344564163416,3,74.0
2175.0,3,45.0,0.9183673469387755,7.6163106233484426,0,0.0,1.0,0,41.0,0.9542579429633529,2,42.0,0.6373419584511838,1,6.0,0.47600282406820055,3,89.0
2180.0,3,52.0,1.0196078431372548,8.25258183201389,0,0.0,1.0,1,12.0,0.8354877036748617,2,55.0,0.6989019740380361,0,0.0,0.9950225737286879,3,67.0
2185.0,3,67.0,1.34,8.752502397590243,0,0.0,1.0,1,11.0,0.6757390753735071,2,80.0,0.6903745884792758,0,0.0,0.9673540376603358,3,91.0
2190.0,5,86.0,1.72,8.427784895897753,0,0.0,1.0,2,16.0,0.31561621791522265,3,85.0,0.607518679308649,0,0.0,0.9848137820310707,5,101.0
2195.0,6,112.0,2.24,7.95328833803289,0,0.0,1.0,2,26.0,0.5573466816585629,4,117.0,0.4673055751241877,0,0.0,0.9834516620161609,6,143.0
2200.0,4,125.0,2.4038461538461537,8.440447031182682,0,0.0,1.0,2,36.0,0.6354528628859933,2,115.0,0.6431732611323304,0,0.0,0.9552981602205602,4,151.0
2205.0,4,130.0,2.888888888888889,8.28928293114129,0,0.0,1.0,1,37.0,0.6391145718227697,3,128.0,0.49087773539526725,0,0.0,0.9342466403039809,4,165.0
2210.0,7,162.0,3.857142857142857,8.481369975032825,0,0.0,0.5503240088912728,2,45.0,0.6859997952584773,5,149.0,0.36436249257419384,0,0.0,0.9425050981850913,7,194.0
2215.0,8,199.0,4.326086956521739,7.834738782662306,1,2.0,0.34750141253060274,2,55.0,0.5594699515363653,5,174.0,0.2429866242292515,0,0.0,0.954024319432766,8,231.0
2220.0,9,122.0,2.772727272727273,6.968014441071114,2,10.0,2.1204321910940103e-05,3,69.0,0.49544922779530504,4,141.0,0.2457226778681882,0,0.0,0.9673706727637527,9,220.0
2225.0,10,147.0,3.2666666666666666,7.293147798438813,2,20.0,7.911737270374682e-06,4,88.0,0.5166049048966668,4,82.0,0.3265364667026972,0,0.0,0.9720995331564434,10,190.0
2230.0,10,169.0,3.840909090909091,7.162927282224959,0,0.0,1.0,4,108.0,0.5529467062483752,6,98.0,0.0070891125928640285,0,0.0,0.9294974766549783,10,206.0
2235.0,9,138.0,2.875,6.774983745868121,0,0.0,1.0,2,39.0,0.48249296659869617,7,133.0,5.266763338383319e-06,0,0.0,0.9632529524326416,9,172.0
2240.0,7,133.0,2.7708333333333335,6.653896350393101,0,0.0,1.0,3,50.0,0.30580531997012167,3,116.0,0.24404520764680107,0,0.0,0.9443458874458686,6,166.0
2245.0,11,177.0,3.6875,6.888268166871359,0,3.0,0.697585311879141,5,76.0,0.29323369790782716,3,131.0,0.35717081450087623,0,0.0,0.9730704584248219,8,210.0
2250.0,13,241.0,4.918367346938775,6.745501445378929,0,0.0,1.0,6,106.0,0.3250591360248581,3,146.0,0.36995270091463905,0,0.0,0.9756932920623452,9,252.0
2255.0,12,274.0,5.169811320754717,6.535007446924825,0,0.0,1.0,7,141.0,0.2956080502369882,4,164.0,0.3552686515005798,0,0.0,0.9692719853435906,11,305.0
2260.0,13,319.0,6.134615384615385,6.193896653899275,0,0.0,1.0,7,176.0,0.3304746212049501,4,179.0,0.17181729803704832,0,0.0,0.9833123595950309,11,355.0
2265.0,15,392.0,7.686274509803922,5.787978287254356,0,0.0,1.0,7,208.0,0.30616759529701965,6,207.0,0.24050872289291925,0,0.0,0.954665230695194,13,415.0
2270.0,17,470.0,8.703703703703704,5.47427267088206,0,0.0,1.0,8,245.0,0.3432504102408419,6,237.0,0.003105972062456712,0,0.0,0.9614827233658347,14,482.0
2275.0,20,569.0,10.537037037037036,4.476963617821695,0,0.0,1.0,8,285.0,0.22343443272690908,8,277.0,9.824372857108448e-07,0,0.0,0.6074521805610054,16,562.0
2280.0,23,668.0,12.145454545454545,3.952459173431556,0,0.0,1.0,8,325.0,0.16323120252934004,8,317.0,0.0,1,3.0,0.4903054131940704,17,645.0
2285.0,23,745.0,13.796296296296296,3.9368703915903605,0,0.0,1.0,10,368.0,0.14192145496144556,6,327.0,0.0,1,8.0,0.46880219518389765,17,703.0
2290.0,22,773.0,14.054545454545455,4.1799590224308085,0,3.0,0.5453937864192959,11,426.0,0.17027020506336218,6,357.0,0.0,1,13.0,0.6376370268906146,18,799.0
2295.0,9,372.0,7.018867924528302,4.89635472340062,1,6.0,0.000265477104659971,2,138.0,0.2663192517218155,6,387.0,0.1379570857415646,0,0.0,0.9670104564875716,9,531.0
2300.0,8,401.0,7.862745098039215,6.000997451720707,1,11.0,0.0,1,23.0,0.5031613809288982,6,421.0,0.23399415941255391,0,0.0,0.9955508758304392,8,455.0
2305.0,10,445.0,8.24074074074074,6.915287379322401,1,16.0,0.0,2,17.0,0.5570116821391404,7,473.0,0.29650373686130677,0,0.0,0.9933855159284781,10,506.0
2310.0,13,505.0,9.181818181818182,6.692930123290556,1,21.0,0.0,2,27.0,0.5637316392726562,9,516.0,0.34024998833371345,0,0.0,0.9812470704981449,12,564.0
2315.0,15,562.0,10.218181818181819,6.26580154929031,1,26.0,0.0,2,25.0,0.5564608441276542,10,561.0,0.3209653939107795,0,0.0,0.9863340784981471,13,612.0
2320.0,15,637.0,11.581818181818182,6.120182564283198,1,31.0,0.0,2,35.0,0.589996054611597,10,611.0,0.3230520655102718,0,0.0,0.9872315661968644,13,677.0
2325.0,13,663.0,12.054545454545455,6.021936776332229,1,36.0,0.0,2,45.0,0.3539289494108407,7,603.0,0.3958872834502405,0,0.0,0.9578810902313337,10,684.0
2330.0,15,736.0,13.88679245283019,6.237545245159996,1,41.0,0.33725272832815106,4,72.0,0.4082113618165142,7,635.0,0.34288900948596784,0,0.0,0.9470341825207272,12,748.0
2335.0,13,774.0,15.48,6.7209319289291,2,48.0,0.10720545525457191,1,56.0,0.8124119897073456,7,667.0,0.2798384627166035,0,0.0,0.9932109352793219,10,771.0
2340.0,11,784.0,15.076923076923077,7.070811249791509,0,0.0,0.22584235226126667,1,55.0,0.7615474837169808,7,702.0,0.21872513191551624,0,0.0,0.9782648594640602,8,757.0
2345.0,13,844.0,15.62962962962963,7.129585001412617,0,0.0,1.0,3,62.0,0.6866380933627295,7,743.0,0.2575919038162281,0,0.0,0.952204155928366,10,805.0
2350.0,13,627.0,11.196428571428571,6.943643766316874,0,0.0,1.0,3,77.0,0.5845081819199429,6,612.0,0.20096723241058279,0,0.0,0.9710273865260182,9,689.0
2355.0,8,213.0,3.8035714285714284,7.228833523218356,0,3.0,0.9670562478663278,1,77.0,0.6375729177933692,3,361.0,0.3617488980011917,0,0.0,0.9463215446235618,4,441.0
2360.0,7,110.0,1.8644067796610169,7.762814510239033,0,0.0,1.0,3,75.0,0.48330982627209695,3,237.0,0.426333963642346,0,0.0,0.9674667218056894,6,312.0
2365.0,10,147.0,2.7222222222222223,8.109369628131269,0,0.0,0.8958790400509136,5,96.0,0.4207446421268028,4,143.0,0.515439099592111,1,1.0,0.4757437822729071,10,240.0
2370.0,12,160.0,3.2653061224489797,6.996423288502285,1,3.0,0.4147910655728732,6,122.0,0.30917716968409115,4,162.0,0.3686146665412697,1,6.0,0.47303594256154985,12,293.0
2375.0,18,238.0,5.0638297872340425,5.954655845004509,2,10.0,0.0006407699304054467,7,156.0,0.20904406881294196,8,175.0,0.32362282975329476,1,11.0,0.4982393560690787,18,352.0
2380.0,18,328.0,6.833333333333333,6.091526636563823,2,20.0,0.0,7,191.0,0.285429832493992,8,215.0,0.31207305655490086,1,16.0,0.3901659360135828,18,442.0
2385.0,16,368.0,7.666666666666667,5.8539988856351,0,0.0,1.0,8,227.0,0.18075373326383037,8,253.0,0.24068391407780673,0,0.0,0.7836021046447197,16,480.0
2390.0,15,410.0,8.541666666666666,5.149214490879231,0,0.0,1.0,8,267.0,0.14231451705713621,6,226.0,0.1722577813715799,0,0.0,0.9149448694652158,14,493.0
2395.0,7,266.0,5.32,5.665015396971618,0,0.0,1.0,2,158.0,0.42426049212602546,4,150.0,0.201284537789655,0,0.0,0.9324782442029743,6,308.0
2400.0,9,303.0,6.183673469387755,7.112580326775415,0,0.0,1.0,2,142.0,0.6322717815361931,7,165.0,0.1939032415150473,0,0.0,0.9671120394569961,9,307.0
2405.0,10,350.0,7.446808510638298,7.255224988458539,0,0.0,0.9517644407228155,2,152.0,0.5726619994235432,8,208.0,0.26836857648534773,0,0.0,0.7783792487538881,10,360.0
2410.0,6,178.0,3.7872340425531914,6.685736342190299,0,0.0,1.0,4,168.0,0.33184371886099817,1,76.0,0.444661478580976,1,3.0,0.6332648739873566,6,247.0
2415.0,5,193.0,4.1063829787234045,7.566175041463185,0,6.0,0.5750985590891917,5,202.0,0.465292735679627,0,14.0,0.8200341684155557,0,0.0,0.9720403353594502,5,222.0
2420.0,5,218.0,4.541666666666667,8.056759790863156,0,0.0,0.8617415840270151,5,227.0,0.47539746567775754,0,3.0,0.9821158413942949,0,0.0,0.9534647603593737,5,230.0
2425.0,6,248.0,5.391304347826087,7.986514460175299,0,0.0,1.0,6,257.0,0.44062715826868454,0,3.0,0.9562315255941153,0,0.0,0.9159480257518052,6,260.0
2430.0,7,279.0,6.340909090909091,7.328232342561961,0,0.0,1.0,6,287.0,0.4819462204003384,1,4.0,0.6843700147061885,0,0.0,0.9374187704163105,7,291.0
2435.0,4,245.0,5.568181818181818,7.294229785737269,0,0.0,1.0,3,262.0,0.5465379286703755,1,9.0,0.2614139736217093,0,0.0,0.9723663266029439,4,271.0
2440.0,8,277.0,6.155555555555556,7.553186175832304,0,0.0,1.0,4,268.0,0.5597090306429664,4,21.0,0.19881182988145077,0,0.0,0.9034545631226174,8,289.0
2445.0,11,323.0,7.340909090909091,6.100526301963367,0,0.0,1.0,6,291.0,0.23002865918625356,4,41.0,0.1861547563595816,0,0.0,0.9298576833833414,10,332.0
2450.0,12,375.0,8.333333333333334,5.023912796686931,0,0.0,1.0,7,325.0,0.10264733132842685,5,62.0,0.12484158136396452,0,0.0,0.9627492267639639,12,387.0
2455.0,10,388.0,9.023255813953488,4.496040605770739,0,0.0,1.0,3,301.0,0.12208281908055296,5,87.0,0.015036295189902167,0,0.0,0.9993257364894441,8,388.0
2460.0,13,451.0,10.25,4.833510057946892,0,0.0,1.0,3,314.0,0.21476967588867654,7,121.0,0.0064057381815193085,0,0.0,0.9601904175695998,10,435.0
2465.0,11,487.0,10.822222222222223,5.938205029124826,0,0.0,1.0,3,342.0,0.2838029660199337,8,166.0,0.18174455966129488,0,0.0,0.954941547822614,11,508.0
2470.0,11,542.0,11.061224489795919,6.961503515079513,0,0.0,1.0,3,365.0,0.5402598967390585,8,206.0,0.2672093413222854,0,0.0,0.8959613580108103,11,571.0
2475.0,11,597.0,11.94,6.826283146067729,0,0.0,1.0,3,380.0,0.5186324970641071,8,246.0,0.2814614640153776,0,0.0,0.9593298429105849,11,626.0
2480.0,14,660.0,13.2,6.534733905121418,0,0.0,1.0,4,383.0,0.1646632165006383,9,290.0,0.29202445578828634,0,0.0,0.9538927765910908,13,673.0
2485.0,15,734.0,15.617021276595745,6.286394377956396,0,0.0,1.0,5,407.0,0.26766421773842236,9,335.0,0.20599339041205977,0,0.0,1.0,14,742.0
2490.0,7,464.0,9.46938775510204,5.764337357585483,0,0.0,1.0,5,432.0,0.35847711349500244,2,135.0,0.2887109344516286,0,0.0,0.9365914494792612,7,567.0
2495.0,8,464.0,9.46938775510204,6.529982844695952,0,3.0,0.5756416671031686,6,468.0,0.34997787715065287,1,15.0,0.5502358645422317,0,0.0,0.9858366803293889,7,486.0
2500.0,13,516.0,10.117647058823529,6.263252653217588,0,0.0,0.7755282382767428,7,500.0,0.3696170536259917,2,18.0,0.4726423712081518,0,0.0,0.946027720948262,9,518.0
2505.0,8,499.0,9.24074074074074,6.724971927253454,0,0.0,1.0,3,495.0,0.42255140021116466,2,28.0,0.5248846097570322,0,0.0,0.963496145803317,5,523.0
2510.0,11,549.0,10.557692307692308,6.801485195008771,0,0.0,1.0,4,478.0,0.5056184825862354,3,41.0,0.363489505500293,0,0.0,0.5116337187995783,7,519.0
2515.0,9,523.0,9.685185185185185,6.437211897650247,0,0.0,0.9826891021026709,4,498.0,0.5104404231923408,1,25.0,0.2592233692838303,1,4.0,0.49970256449865597,6,527.0
2520.0,7,530.0,10.192307692307692,7.357282966416367,0,0.0,1.0,4,521.0,0.6054080401080408,1,5.0,6.648748842665565e-05,1,9.0,0.4787296819882171,6,535.0
2525.0,10,570.0,10.555555555555555,6.596799211110719,0,0.0,0.9372302670598555,6,545.0,0.3501960281082887,1,10.0,0.0,1,14.0,0.6214723782937424,8,569.0
2530.0,10,209.0,4.354166666666667,6.512404541041607,0,0.0,1.0,7,351.0,0.331990780165564,1,15.0,0.0,2,20.0,0.3260210325162131,10,386.0
2535.0,9,107.0,2.183673469387755,6.809791267497577,0,0.0,1.0,7,93.0,0.3847839271743636,0,3.0,0.9030819034752589,2,30.0,0.3216756730962725,9,126.0
2540.0,9,114.0,2.28,6.386512501376394,0,0.0,1.0,8,125.0,0.16744614061391197,0,3.0,0.8774138590465697,0,0.0,0.9540917172501135,8,128.0
2545.0,13,170.0,3.4,6.400660643430422,1,4.0,0.0019101117485741351,9,168.0,0.20083435712889622,0,9.0,0.8087490293616906,0,0.0,0.9643839687984612,10,181.0
2550.0,8,179.0,3.4423076923076925,6.865903088422682,1,9.0,0.0,7,189.0,0.3260530285739218,0,3.0,0.9346125650899046,0,0.0,0.9249660870187171,8,201.0
2555.0,10,225.0,4.5,6.601153157392613,1,14.0,0.0,9,230.0,0.34056911481297725,0,3.0,0.9334652473687474,0,0.0,0.9364337173876698,10,247.0
2560.0,10,275.0,5.288461538461538,6.686762134993202,1,19.0,0.0,9,271.0,0.3298311801774837,0,3.0,0.9410636248273657,0,0.0,0.9720053032788772,10,293.0
2565.0,10,325.0,6.132075471698113,6.110857802151244,1,24.0,0.0,9,316.0,0.317490112092735,0,3.0,0.4308379038013064,0,0.0,0.9402258913855198,10,343.0
2570.0,13,387.0,7.588235294117647,6.210716300763413,1,29.0,0.0,9,361.0,0.323701578854342,3,15.0,0.3793321626661511,0,0.0,0.9436457110909422,13,405.0
2575.0,15,455.0,8.75,5.889215091536787,1,34.0,0.0,10,408.0,0.2722212822247289,4,31.0,0.3064937788476267,0,0.0,0.9890576452714099,15,473.0
2580.0,16,498.0,9.222222222222221,5.295772070599993,0,0.0,1.0,10,458.0,0.14938062825855464,5,52.0,0.16253679503559362,0,0.0,0.9507132692576927,15,510.0
2585.0,16,573.0,10.81132075471698,5.475051772188732,0,0.0,1.0,11,511.0,0.1143635341392722,5,77.0,0.25203503480276435,0,0.0,0.9852103815372752,16,588.0
2590.0,20,665.0,12.090909090909092,5.073068003391314,0,0.0,1.0,15,580.0,0.05737193492249501,5,102.0,0.10274827408126944,0,0.0,0.9501447428455703,20,682.0
2595.0,12,178.0,3.1228070175438596,4.938323867673411,0,0.0,1.0,5,218.0,0.05930185661665414,7,136.0,0.0,0,0.0,0.9360227367587771,12,354.0
2600.0,8,179.0,3.1964285714285716,5.352871807384932,0,0.0,1.0,1,51.0,0.25372265478812295,7,171.0,0.08732181319288884,0,0.0,0.9045591296150862,8,222.0
2605.0,9,222.0,3.8275862068965516,6.6651847599369765,0,0.0,1.0,1,15.0,0.4744071884435766,8,218.0,0.23418109300796117,0,0.0,0.9198709095950316,9,233.0
2610.0,9,267.0,4.684210526315789,7.249843808764847,0,0.0,1.0,1,20.0,0.4892131774197665,8,258.0,0.39950805776022075,0,0.0,0.6975294355138996,9,278.0
2615.0,12,319.0,5.406779661016949,7.226650246450693,0,0.0,1.0,1,25.0,0.648216701432689,10,303.0,0.3559597738662169,1,3.0,0.6490574362620757,12,331.0
2620.0,4,75.0,1.293103448275862,7.506489049410786,0,0.0,1.0,1,36.0,0.5901937692795496,2,137.0,0.5770906280449468,1,8.0,0.6220037402227736,4,181.0
2625.0,2,37.0,0.6851851851851852,8.020713158792775,0,6.0,0.5876855124900839,1,50.0,0.67164612927154,1,17.0,0.7466557239839903,0,0.0,0.9562508168028435,2,73.0
2630.0,5,54.0,0.9818181818181818,8.026212458435568,2,9.0,0.0009247128845552403,1,52.0,0.8000085600792647,1,10.0,0.816898452819123,1,4.0,0.650346381215189,5,75.0
2635.0,5,38.0,0.7037037037037037,7.235799944802067,2,19.0,0.20322525905253375,0,6.0,0.7742030345431807,1,11.0,0.4818828173758564,1,9.0,0.6400718637768925,4,45.0
2640.0,5,32.0,0.5925925925925926,6.742170857597843,0,0.0,0.11845626893696168,1,29.0,0.8016080012645789,0,3.0,0.6717646976969481,2,16.0,0.3283162474876676,3,48.0
2645.0,5,46.0,0.8846153846153846,7.615574120900992,0,0.0,0.32264881192014494,1,21.0,0.8451336344639806,0,0.0,0.9519287531592953,2,26.0,0.3145764485049101,3,47.0
2650.0,5,43.0,0.8113207547169812,8.192240226022326,0,0.0,1.0,2,29.0,0.7394273644172671,0,0.0,0.9720874783654033,0,0.0,0.5962678397035257,2,29.0
2655.0,5,42.0,0.7924528301886793,7.722941956442729,0,0.0,1.0,3,33.0,0.6057291460692998,1,8.0,0.5770978082551003,0,0.0,0.5788840041132008,4,41.0
2660.0,8,62.0,1.2156862745098038,7.514297585847269,0,0.0,1.0,4,49.0,0.2630537208460842,4,22.0,0.397815847624918,0,0.0,0.9275104980272082,8,71.0
2665.0,10,101.0,1.9803921568627452,7.229379683880787,0,0.0,1.0,6,73.0,0.2044456332874278,4,37.0,0.37632050605504186,0,0.0,0.9873299004966043,10,110.0
2670.0,10,149.0,2.98,7.312520065320948,0,0.0,1.0,6,101.0,0.19748979438418165,4,57.0,0.4208367808252098,0,0.0,0.9781504682600975,10,158.0
2675.0,12,204.0,4.533333333333333,6.128096688548654,0,0.0,1.0,7,134.0,0.23225168758389592,5,79.0,0.24258882239171,0,0.0,0.946279245748407,12,213.0
2680.0,14,272.0,6.325581395348837,5.614928012121639,0,0.0,1.0,8,173.0,0.3137178992781286,5,104.0,0.14362010187347626,0,0.0,0.9423835973239985,13,277.0
2685.0,13,240.0,5.1063829787234045,4.934214008731767,0,0.0,1.0,8,213.0,0.3098899687094198,1,12.0,0.38998397824763675,0,0.0,0.9789302936045161,9,225.0
2690.0,14,309.0,6.574468085106383,5.2888963071680255,0,3.0,0.6473264595197641,8,259.0,0.3039600621012316,1,17.0,0.38575141682280073,0,0.0,0.9162512183350927,9,279.0
2695.0,11,329.0,7.0,5.591856682651007,0,0.0,1.0,8,302.0,0.35413766236570493,1,22.0,0.6054536636691089,1,2.0,0.4708645166241027,10,326.0
2700.0,13,387.0,7.8979591836734695,5.658887784521002,0,0.0,1.0,9,340.0,0.30490018856422585,2,29.0,0.4944860349272918,1,7.0,0.4780582804744374,12,376.0
2705.0,13,450.0,9.0,5.282943900468229,0,0.0,1.0,10,390.0,0.2856591459629692,1,32.0,0.6262686675646423,1,12.0,0.14202517410327378,12,434.0
2710.0,13,489.0,9.588235294117647,5.949808498546587,0,0.0,1.0,10,440.0,0.31779149916848676,1,37.0,0.7824223883468095,2,21.0,0.26930247619145936,13,498.0
2715.0,14,555.0,11.1,6.121522287740732,0,0.0,1.0,10,491.0,0.3198611945332213,1,42.0,0.7902455389299398,2,31.0,0.3263211796501024,13,564.0
2720.0,16,628.0,12.56,4.978459115472876,0,0.0,1.0,11,546.0,0.20466463745408559,2,49.0,0.5603130299506148,2,41.0,0.26078526747779884,15,636.0
2725.0,16,704.0,13.283018867924529,4.950510067587499,0,0.0,1.0,11,598.0,0.12860904485737878,1,52.0,0.6585357586936523,2,51.0,0.35905071109191433,14,701.0
2730.0,3,89.0,1.6481481481481481,5.495070456417948,0,0.0,1.0,2,215.0,0.130382025345172,1,57.0,0.5037755577917591,0,0.0,0.6216451321525422,3,272.0
2735.0,5,110.0,2.037037037037037,6.884246472644617,0,0.0,1.0,1,40.0,0.47012997502220205,1,68.0,0.41729114412057716,0,0.0,0.9794058516799112,2,108.0
2740.0,5,135.0,2.3684210526315788,7.906749603713204,0,0.0,1.0,1,41.0,0.828230147270328,1,86.0,0.7446622463112341,0,0.0,0.9393675920271913,2,127.0
2745.0,9,170.0,2.8813559322033897,7.502147898285252,0,0.0,1.0,1,46.0,0.627090946381979,2,92.0,0.7240567394664922,0,0.0,0.9525477421506975,3,138.0
2750.0,14,229.0,3.9482758620689653,6.801409418412743,0,0.0,1.0,3,60.0,0.536878697729331,3,104.0,0.6513168326878224,0,0.0,0.9433364912041715,6,164.0
2755.0,16,293.0,4.80327868852459,6.522055826375285,0,0.0,1.0,4,79.0,0.5066364662138446,3,119.0,0.6821772384790513,0,0.0,0.9497239721987827,7,198.0
2760.0,15,317.0,5.4655172413793105,6.598176641644392,0,0.0,1.0,5,109.0,0.4734915736258659,3,131.0,0.6844236938055432,0,0.0,0.7514161267656849,8,240.0
2765.0,14,232.0,4.0701754385964914,6.138261886866573,0,0.0,1.0,5,127.0,0.3579952908127553,2,55.0,0.6124208004978873,1,3.0,0.4902228372572293,8,185.0
2770.0,10,194.0,3.4642857142857144,6.420035987074632,0,0.0,1.0,6,158.0,0.3845985284529284,3,37.0,0.31801293939952907,1,8.0,0.47239733218984087,10,203.0
2775.0,10,154.0,2.7017543859649122,6.409614742121936,0,0.0,0.060477725646394025,4,97.0,0.3742658766112465,5,63.0,0.2636572874614372,1,13.0,0.6010370582838936,10,173.0
2780.0,16,204.0,3.642857142857143,5.591271170029275,1,5.0,2.9329609256286097e-05,7,121.0,0.21577731068564546,8,98.0,0.22271750864501635,0,0.0,0.9578143021068165,16,224.0
2785.0,10,172.0,3.0714285714285716,5.888231221897016,0,0.0,1.0,7,156.0,0.20421397387921494,3,55.0,0.2728654523610508,0,0.0,0.9557269978891044,10,211.0
2790.0,10,219.0,3.8421052631578947,6.382676789155318,0,3.0,0.6398610586927497,7,194.0,0.17876728170845174,3,45.0,0.29911752539029607,0,0.0,0.9887308633522652,10,242.0
2795.0,7,113.0,1.8524590163934427,7.088101824811848,0,0.0,0.6743859208704469,4,129.0,0.33033195054196135,3,63.0,0.2596089777942715,0,0.0,0.9618233768111836,7,192.0
2800.0,8,131.0,2.183333333333333,7.584631245602805,0,0.0,0.88217596077045,4,74.0,0.48228177022031865,4,81.0,0.39256754953621226,0,0.0,0.9252312243410741,8,155.0
2805.0,8,171.0,2.85,7.864658708972678,0,0.0,1.0,4,81.0,0.574258547739132,4,101.0,0.31090504922767437,0,0.0,0.9783540421423474,8,182.0
2810.0,11,220.0,3.6065573770491803,7.493809642013396,0,0.0,1.0,4,101.0,0.5422398060939938,7,130.0,0.18006617884387335,0,0.0,0.9292310727348347,11,231.0
2815.0,14,286.0,4.766666666666667,6.86829863320281,0,0.0,1.0,4,121.0,0.4573265617098911,10,176.0,0.08719380439657422,0,0.0,0.9453099074538756,14,297.0
2820.0,14,356.0,6.033898305084746,6.040728254678709,0,0.0,1.0,4,141.0,0.2900212438348627,10,226.0,0.04819040754256735,0,0.0,0.9644647936257419,14,367.0
2825.0,17,392.0,7.39622641509434,4.905375994714232,0,0.0,1.0,7,168.0,0.17477202782277182,10,246.0,0.07640926983519146,0,0.0,0.9735860148028016,17,414.0
2830.0,19,450.0,8.035714285714286,4.955431880424385,0,0.0,1.0,9,213.0,0.18093573793944798,8,252.0,0.1346677833620115,0,0.0,0.4987342582739155,17,465.0
2835.0,18,528.0,9.428571428571429,5.938655991190126,0,0.0,1.0,9,254.0,0.261959283982907,8,277.0,0.10072516851356911,1,5.0,0.47300390377725515,18,536.0
2840.0,20,623.0,10.929824561403509,5.508063690758546,0,0.0,1.0,10,302.0,0.2686897565302582,9,319.0,0.09039903209697983,1,10.0,0.633534653147504,20,631.0
2845.0,16,531.0,9.0,5.871719502144976,0,0.0,1.0,10,352.0,0.27639231162067995,6,252.0,0.16833410987018183,0,0.0,0.9566984917558221,16,604.0
2850.0,12,464.0,7.864406779661017,6.48931993100662,0,0.0,1.0,10,402.0,0.2988590544655518,2,148.0,0.24836642174928036,0,0.0,0.9726402885514359,12,550.0
2855.0,12,524.0,9.357142857142858,6.099234210447146,0,0.0,0.8082873398168658,10,449.0,0.12678719307493874,2,95.0,0.3315126446464144,0,0.0,0.9130093990277915,12,544.0
2860.0,16,599.0,11.092592592592593,5.851386721968843,0,0.0,1.0,13,509.0,0.06646744623863524,3,98.0,0.19718824567759902,0,0.0,0.903614907991814,16,607.0
2865.0,18,586.0,10.654545454545454,5.310379222044679,0,0.0,1.0,14,577.0,0.06028299836138091,0,10.0,0.6428901312585061,0,0.0,0.9527100392399894,14,587.0
2870.0,23,689.0,12.75925925925926,4.077410155056302,0,0.0,1.0,14,653.0,0.13291938047201357,0,3.0,0.9421275563869514,1,1.0,0.523081945142952,15,657.0
2875.0,16,172.0,3.1272727272727274,4.290381239807956,0,0.0,1.0,3,263.0,0.32714100560402765,0,0.0,1.0,2,10.0,0.3893104522423299,5,273.0
2880.0,14,166.0,3.074074074074074,5.141418211118772,0,0.0,1.0,0,70.0,0.636616260380143,0,0.0,1.0,3,23.0,0.23663357608928065,3,93.0
2885.0,14,236.0,4.290909090909091,5.8454427557717406,0,0.0,1.0,0,9.0,0.9426264110130168,0,9.0,0.921929769240732,3,38.0,0.08212915518818942,3,56.0
2890.0,15,286.0,5.296296296296297,6.194129440341874,0,0.0,1.0,0,9.0,0.9338344477741032,0,9.0,0.9620571920310463,4,56.0,0.27519175252448475,4,74.0
2895.0,11,243.0,4.418181818181818,6.640171863787102,0,0.0,1.0,0,46.0,0.876446698077743,0,3.0,0.9283680618100526,4,76.0,0.3151852030399982,4,125.0
2900.0,11,298.0,5.321428571428571,6.156328268181688,0,0.0,1.0,0,46.0,0.42901169696197766,0,3.0,0.9372284708807271,4,96.0,0.272912093252338,4,145.0
2905.0,15,287.0,5.415094339622642,5.586971311827777,0,0.0,1.0,4,28.0,0.1574483812127476,0,3.0,0.9161257018738632,4,116.0,0.33583497838476495,8,147.0
2910.0,9,61.0,1.1090909090909091,5.328348836625367,0,0.0,1.0,5,50.0,0.15701555058780775,1,5.0,0.6663582369547644,0,32.0,0.44403450853211185,6,87.0
2915.0,8,79.0,1.490566037735849,5.35150965421383,0,0.0,1.0,5,112.0,0.2683530465976872,2,24.0,0.5078161090843126,0,0.0,0.9435015617134587,7,136.0
2920.0,13,125.0,2.272727272727273,4.831175919952288,0,0.0,1.0,5,137.0,0.3059334490948217,7,45.0,0.10403772705349808,0,0.0,0.9700088682615209,12,182.0
2925.0,14,184.0,3.3454545454545452,4.534871161480062,0,0.0,1.0,7,130.0,0.17161722377927272,7,78.0,0.03183128451865359,0,0.0,0.9519237370602247,14,208.0
2930.0,16,251.0,4.4035087719298245,5.1372830370330735,0,0.0,1.0,8,180.0,0.22071313630314834,8,104.0,0.08964913762561784,0,0.0,0.9605020987219631,16,284.0
2935.0,11,154.0,2.5245901639344264,6.1246339978229685,0,0.0,1.0,2,58.0,0.5497521842277272,9,136.0,0.093037528183954,0,0.0,0.9925724966846976,11,194.0
2940.0,12,211.0,3.459016393442623,6.464821740958427,0,0.0,1.0,2,42.0,0.5220090444159949,10,183.0,0.12695458228642237,0,0.0,0.9601636363284564,12,225.0
2945.0,4,56.0,0.9180327868852459,6.340324641166315,0,0.0,1.0,3,84.0,0.4973508393748486,1,101.0,0.2815974830271564,0,0.0,0.933074154702227,4,185.0
2950.0,5,63.0,1.05,7.3135979451453,0,9.0,0.5299050429304941,3,105.0,0.5108358473457709,2,46.0,0.5115264673218948,0,0.0,0.8580707821635353,5,160.0
2955.0,4,19.0,0.2923076923076923,7.574007650590764,2,11.0,0.2862553655271409,0,35.0,0.727023422820829,2,48.0,0.5449297293565699,0,0.0,0.9675910239036888,4,94.0
2960.0,7,50.0,0.7692307692307693,7.759495977178623,3,25.0,0.05111395236855178,1,12.0,0.8380785308979448,3,62.0,0.4908405863618101,0,0.0,0.9833004192731494,7,99.0
2965.0,10,92.0,1.5081967213114753,7.399394738549715,4,42.0,0.01629951705381095,1,17.0,0.7187550531523226,3,78.0,0.6019942532145839,0,0.0,0.963592327337323,8,137.0
2970.0,4,42.0,0.6774193548387096,7.524479766461068,0,12.0,0.02491039728002388,2,26.0,0.6640335082249037,2,52.0,0.4396959473855184,0,0.0,0.9469422818050219,4,90.0
2975.0,7,67.0,1.0806451612903225,7.223225832599233,0,0.0,0.20873356376937083,3,44.0,0.6387162485413518,3,42.0,0.08538871860714169,1,1.0,0.6408129136951765,7,87.0
2980.0,9,107.0,1.7833333333333334,7.350228333417126,0,0.0,1.0,4,61.0,0.3512333730055801,4,58.0,0.002223322426725679,1,6.0,0.32132431565620284,9,125.0
2985.0,13,170.0,2.8333333333333335,7.116812614848754,0,0.0,1.0,6,90.0,0.27743428150169114,5,86.0,0.16544538953221483,2,16.0,0.32406917110312633,13,192.0
2990.0,11,195.0,3.0952380952380953,7.300527675116692,0,0.0,1.0,6,120.0,0.336404850476041,2,65.0,0.0065052891078064235,2,26.0,0.48413348631874803,10,211.0
2995.0,3,76.0,1.2459016393442623,7.3688867256310555,0,6.0,0.6456349294729389,0,7.0,0.5365000729369507,2,67.0,0.2789100089503955,0,0.0,0.8376057354325908,2,80.0
3000.0,6,99.0,1.706896551724138,7.340374972017814,0,0.0,0.7901537734851226,0,0.0,0.692129730008688,3,86.0,0.4014238414432934,0,0.0,0.9640556288878611,3,86.0
3005.0,10,143.0,2.6,7.422074286108223,0,0.0,1.0,1,4.0,0.6646255291338035,3,101.0,0.4819674731817002,0,0.0,0.967948845043673,4,105.0
3010.0,10,162.0,2.892857142857143,7.55750389821867,0,0.0,1.0,3,14.0,0.5689735295371827,3,116.0,0.5844917069531537,0,0.0,0.9762064706674067,6,130.0
3015.0,6,154.0,2.7017543859649122,7.155761894936953,0,0.0,1.0,3,30.0,0.3800339905682033,3,128.0,0.45083721198065846,0,0.0,0.9867924995554052,6,158.0
3020.0,13,208.0,3.7142857142857144,6.880645510653238,0,0.0,1.0,5,52.0,0.42525953712776415,5,153.0,0.4726332458722206,0,0.0,0.9369198113207873,10,205.0
3025.0,11,251.0,4.482142857142857,7.1283425888372145,0,0.0,1.0,6,77.0,0.3793928020477019,5,178.0,0.45438000439794124,0,0.0,0.9661870406118523,11,255.0
3030.0,12,304.0,5.846153846153846,6.800749874717431,0,0.0,1.0,6,104.0,0.33328462113500523,6,204.0,0.3542051803203533,0,0.0,0.6586430338163529,12,308.0
3035.0,7,232.0,4.549019607843137,6.330413759904802,0,0.0,1.0,2,69.0,0.42192467724828875,5,211.0,0.2378143049401584,0,0.0,0.9563574426608762,7,280.0
3040.0,9,269.0,5.489795918367347,7.014953109110893,0,3.0,0.6029406118722084,4,41.0,0.35469510706166724,5,233.0,0.21997840426007928,0,0.0,0.9501984596946841,9,277.0
3045.0,11,318.0,6.235294117647059,7.087838914541354,2,7.0,0.01062831273812547,4,61.0,0.37315321800361645,5,256.0,0.26087959626036994,0,0.0,0.9855251349411704,11,324.0
3050.0,12,378.0,7.269230769230769,6.828891388615505,3,22.0,3.890705726595876e-05,4,121.0,0.46555654673381,5,281.0,0.27484979289075945,0,0.0,0.9697441232284219,12,424.0
3055.0,6,153.0,3.0,6.713138189115774,3,37.0,0.0,0,43.0,0.7612773215475122,3,196.0,0.3422419509480654,0,0.0,0.9331684881555995,6,276.0
3060.0,6,159.0,3.2448979591836733,7.277727305083808,3,52.0,0.0,1,5.0,0.7812039136709967,2,108.0,0.5581179874528577,0,0.0,0.9440038820208373,6,165.0
3065.0,7,191.0,3.673076923076923,7.426529068376319,3,67.0,0.0,2,27.0,0.7140674904428576,2,124.0,0.4093305485190655,0,0.0,0.9521575165382818,7,218.0
3070.0,9,236.0,4.627450980392157,7.724647153050494,3,82.0,0.0,2,34.0,0.6276526458317746,4,144.0,0.44681737013935696,0,0.0,0.9394523451512067,9,260.0
3075.0,11,152.0,2.923076923076923,6.694005107066463,3,97.0,0.0,2,44.0,0.3985748273913801,3,88.0,0.4416564462023803,0,0.0,0.9495072882315236,8,229.0
3080.0,13,179.0,3.1964285714285716,6.5119460504524795,3,112.0,0.0,2,21.0,0.3589697817363565,3,34.0,0.6017223393863267,0,0.0,0.9430610419357193,8,167.0
3085.0,11,124.0,2.2142857142857144,6.998723163884651,0,0.0,1.0,3,35.0,0.4684411759202563,3,49.0,0.602172333720155,0,0.0,0.9550347981624346,6,84.0
3090.0,12,183.0,3.327272727272727,6.733254531704853,0,0.0,1.0,3,50.0,0.5189560937983162,3,61.0,0.48684728917508546,0,0.0,0.9855776412180333,6,111.0
3095.0,16,252.0,4.846153846153846,5.794256099498215,0,0.0,1.0,4,72.0,0.5077807834775948,5,82.0,0.1534915871473361,0,0.0,0.9498176470037494,9,154.0
3100.0,18,335.0,6.320754716981132,5.484793512612795,0,0.0,1.0,4,91.0,0.6072565475784788,5,107.0,0.11562431505413723,0,0.0,0.951284992865714,9,198.0
3105.0,13,273.0,5.055555555555555,5.990155505742992,0,0.0,1.0,4,101.0,0.5711606194636215,7,138.0,0.004198919647526878,0,0.0,0.94368759434222,11,239.0
3110.0,15,302.0,5.69811320754717,6.32772030805945,0,0.0,1.0,4,118.0,0.4161191119622988,9,180.0,0.05825756758815444,0,0.0,0.9470024304708091,13,298.0
3115.0,9,172.0,3.372549019607843,6.338911320091178,0,0.0,1.0,5,138.0,0.3062032171499402,2,44.0,0.1688254052233278,0,0.0,0.9422538822196603,7,182.0
3120.0,4,99.0,1.98,6.584268591493584,0,9.0,0.8352348438894225,1,63.0,0.33582373839146035,1,22.0,0.35558303590032475,0,0.0,0.9760331300605806,2,94.0
3125.0,6,125.0,2.450980392156863,7.870450066247184,0,0.0,0.8201184098522305,2,71.0,0.5813717906935788,1,20.0,0.5919995491610249,0,0.0,0.9486696146636687,3,91.0
3130.0,3,100.0,1.8867924528301887,8.994778439679536,0,0.0,0.8867835981529579,2,81.0,0.6390117312781091,1,32.0,0.7506129207073636,0,0.0,0.9567024155334705,3,113.0
3135.0,4,118.0,2.1454545454545455,9.18087930285801,0,0.0,1.0,2,91.0,0.7151657466499985,2,40.0,0.7273335959750491,0,0.0,0.9647780230178067,4,131.0
3140.0,6,143.0,2.5535714285714284,7.859324961219199,0,0.0,1.0,2,101.0,0.6226021617405169,3,52.0,0.6003998239976147,0,0.0,0.9478445470551643,5,153.0
3145.0,11,188.0,3.4814814814814814,7.21865349780162,0,0.0,1.0,3,113.0,0.556562939574211,4,74.0,0.528095583554261,0,0.0,0.9802565500198095,7,187.0
3150.0,10,231.0,4.62,6.741038244732982,0,0.0,1.0,3,122.0,0.3871397697654304,5,96.0,0.4264975559316551,0,0.0,0.9352372083677669,8,218.0
3155.0,13,288.0,5.433962264150943,6.668751050293999,0,0.0,1.0,3,137.0,0.39193262693648634,6,122.0,0.21557253173444066,0,0.0,0.9855113689396948,9,259.0
3160.0,8,164.0,3.3469387755102042,6.582951943150163,0,0.0,1.0,3,57.0,0.3527874415617317,3,98.0,0.47360486508404254,0,0.0,0.9580205622774605,6,155.0
3165.0,7,184.0,3.607843137254902,6.810207204933358,0,5.0,0.5934965496418053,3,75.0,0.4505816620266181,3,116.0,0.47705639879296946,0,0.0,0.9715016048681927,6,196.0
3170.0,9,215.0,3.9814814814814814,6.7447707617870165,2,10.0,0.08838438336924781,4,94.0,0.4923585781816352,3,131.0,0.46952375715167355,0,0.0,0.9610829154336826,9,235.0
3175.0,12,268.0,5.153846153846154,6.176861534916089,3,25.0,0.01499606248359504,5,113.0,0.4717531961182039,4,147.0,0.3159480190459761,0,0.0,0.9434584563014745,12,285.0
3180.0,9,273.0,5.150943396226415,6.48913430794769,0,0.0,0.026661297845588502,4,110.0,0.556937158341144,4,167.0,0.19787022273502947,0,0.0,0.956636199649642,8,277.0
3185.0,8,307.0,5.7924528301886795,6.8610841846638735,0,0.0,0.59486430024733,4,130.0,0.5768110300834194,3,176.0,0.23138562079954073,0,0.0,0.9720452651707413,7,306.0
3190.0,10,350.0,6.25,7.324078717453744,0,0.0,1.0,6,156.0,0.4866745021776399,3,194.0,0.5415437910664288,0,0.0,0.9511754457592507,9,350.0
3195.0,11,401.0,7.035087719298246,7.2679313757128545,0,0.0,1.0,6,186.0,0.47784701954798453,4,207.0,0.32626627093581884,0,0.0,0.9653342899999704,10,393.0
3200.0,8,272.0,4.689655172413793,7.1755107963426115,0,0.0,1.0,2,79.0,0.5356352449612243,4,227.0,0.3919158671141466,0,0.0,0.9767882532321323,6,306.0
3205.0,6,110.0,1.8032786885245902,7.764114536273437,0,0.0,1.0,1,6.0,0.7684271635731019,2,146.0,0.5064679024459046,0,0.0,0.9895086970148917,3,152.0
3210.0,4,27.0,0.4909090909090909,8.168492401718957,0,0.0,1.0,3,36.0,0.6005970966692208,1,19.0,0.7079721972388268,0,0.0,0.9892989248408522,4,55.0
3215.0,10,58.0,1.0943396226415094,7.083648231653881,0,0.0,1.0,4,50.0,0.510379700558255,4,29.0,0.03974961297335585,0,0.0,0.987332407668434,8,79.0
3220.0,7,65.0,1.3,7.762101706953708,0,0.0,1.0,1,14.0,0.6234145422148869,6,57.0,0.0,0,0.0,0.9724878790977163,7,71.0
3225.0,7,92.0,1.9166666666666667,7.546597016874787,0,0.0,1.0,2,22.0,0.6814641742099301,5,76.0,0.05919909622617058,0,0.0,0.9671633446708694,7,98.0
3230.0,9,131.0,2.847826086956522,7.380355995904975,0,0.0,1.0,2,32.0,0.4588587186968615,6,106.0,0.13890811002701772,1,2.0,0.4822158385482861,9,140.0
3235.0,11,184.0,4.0,7.05479830787911,0,0.0,1.0,3,47.0,0.46428291530700894,6,136.0,0.23696965006141518,1,7.0,0.4956128211881722,10,190.0
3240.0,10,231.0,5.133333333333334,6.795499707932888,0,0.0,1.0,3,59.0,0.3819567968519997,6,166.0,0.236750248510668,1,12.0,0.47952545863615664,10,237.0
3245.0,9,264.0,5.617021276595745,7.293841197240624,0,0.0,1.0,3,74.0,0.4841070489730057,5,179.0,0.3850898424874655,1,17.0,0.37243062194014764,9,270.0
3250.0,8,287.0,6.239130434782608,6.825317432779409,0,0.0,1.0,3,92.0,0.32999885090823516,5,204.0,0.4289859270746708,0,0.0,0.9586320005963033,8,296.0
3255.0,10,337.0,7.659090909090909,6.1500452137167265,0,0.0,1.0,4,112.0,0.40934051467905785,5,232.0,0.3743017474635581,0,0.0,0.9634572532139186,9,344.0
3260.0,11,389.0,9.046511627906977,5.84130934328838,0,0.0,1.0,4,132.0,0.478572596952865,6,259.0,0.33354018621796544,0,0.0,0.956521760119693,10,391.0
3265.0,5,164.0,3.9047619047619047,6.363169291744926,0,0.0,1.0,4,154.0,0.40269146464815603,0,51.0,0.5750087519518573,0,0.0,0.9729792230451111,4,205.0
3270.0,6,193.0,4.595238095238095,6.706441162942536,0,6.0,0.5076842072231793,5,187.0,0.3503761429668986,0,0.0,0.8144899618891157,0,0.0,0.9885063847713014,5,193.0
3275.0,9,226.0,5.380952380952381,6.10239903677157,2,8.0,0.3524373711138857,5,210.0,0.44389888190614807,1,1.0,0.48406276302192425,0,0.0,0.9372560964214163,8,219.0
3280.0,10,145.0,3.372093023255814,5.844344089149463,3,22.0,0.029211133742326888,3,126.0,0.5321464457747175,1,6.0,0.47321672572629137,0,0.0,0.9278623221765386,7,154.0
3285.0,6,122.0,2.7111111111111112,6.4777291480365005,0,0.0,0.03876558923302792,3,110.0,0.6476040831435532,1,11.0,0.570990603166221,1,2.0,0.4699043062844841,5,123.0
3290.0,6,146.0,3.3181818181818183,6.719135371899403,0,0.0,1.0,3,125.0,0.6458024832382953,1,19.0,0.5696652376246478,0,0.0,0.9943030052099359,4,144.0
3295.0,4,152.0,3.3043478260869565,7.5051394593433445,0,0.0,1.0,3,140.0,0.6214919100633488,1,27.0,0.5581840442433771,0,0.0,0.9435064667777182,4,167.0
3300.0,4,156.0,3.25,7.237144029486788,0,0.0,1.0,2,125.0,0.527835932336136,2,37.0,0.45489409547267173,0,0.0,0.9796910061289767,4,162.0
3305.0,3,166.0,3.608695652173913,7.749525248806902,0,0.0,1.0,2,135.0,0.31680352767333786,1,37.0,0.6738967914459778,0,0.0,0.9555911621300437,3,172.0
3310.0,5,187.0,3.978723404255319,8.054546513649997,0,3.0,0.6605774145236709,2,145.0,0.319685184941187,3,51.0,0.586197308582583,0,0.0,0.9985124269921014,5,199.0
3315.0,6,214.0,4.553191489361702,7.56786158244343,1,5.0,0.00020068634855013195,2,158.0,0.5577562688306884,3,66.0,0.5413297929491213,0,0.0,0.7887280533488934,6,229.0
3320.0,7,248.0,5.166666666666667,7.193878270770438,1,10.0,0.27872648839446773,2,168.0,0.5877157058193283,3,78.0,0.536940742578441,1,4.0,0.49938229446287413,7,260.0
3325.0,7,219.0,4.866666666666666,6.705599658798357,2,19.0,4.937785175088435e-06,2,178.0,0.5868967105286679,2,43.0,0.5012772652492067,1,9.0,0.6359546501730853,7,249.0
3330.0,4,221.0,5.0227272727272725,7.625995868510075,0,0.0,1.0,2,188.0,0.5728581023373083,1,28.0,0.7166210699687032,1,14.0,0.6325298434364012,4,230.0
3335.0,3,222.0,4.933333333333334,7.913740700840928,0,0.0,1.0,2,198.0,0.5559372990241521,1,33.0,0.6777706217159519,0,0.0,0.9518957646770105,3,231.0
3340.0,4,241.0,5.127659574468085,7.860190795335704,0,0.0,1.0,2,205.0,0.55021150228694,2,45.0,0.49937880997842193,0,0.0,0.9598937809949781,4,250.0
3345.0,7,233.0,5.065217391304348,6.641557686465862,0,0.0,1.0,3,222.0,0.3296631396204965,3,22.0,0.13519124984325925,0,0.0,0.9694690595689817,6,244.0
3350.0,11,278.0,5.914893617021277,6.990268505409349,0,0.0,1.0,3,235.0,0.5701135793672568,7,46.0,0.20786185847244987,0,0.0,0.9606244827081434,10,281.0
3355.0,11,322.0,6.708333333333333,7.054865127926334,0,0.0,0.879284426764659,4,251.0,0.46585210249796033,7,81.0,0.3313088213264782,0,0.0,0.9549605550899337,11,332.0
3360.0,12,376.0,8.173913043478262,6.534028314345632,0,0.0,1.0,3,265.0,0.5548997797494185,9,121.0,0.1654222144173247,0,0.0,0.9499072140831503,12,386.0
3365.0,11,419.0,9.311111111111112,6.181439360703017,0,0.0,1.0,3,280.0,0.5275654795387942,8,152.0,0.18780246461107364,0,0.0,0.9478929815423077,11,432.0
3370.0,11,474.0,9.875,6.313545917219318,0,0.0,1.0,3,295.0,0.4090690350595574,8,189.0,0.19806403362135036,0,0.0,0.977073616813388,11,484.0
3375.0,13,534.0,11.125,6.591624612836607,0,0.0,1.0,4,311.0,0.4468130591151806,8,228.0,0.2279769996557959,1,1.0,0.7071715643357426,13,540.0
3380.0,13,317.0,6.891304347826087,6.130308027436478,0,0.0,1.0,3,160.0,0.36349387612778084,9,270.0,0.1416172361663264,1,6.0,0.5679043973886287,13,436.0
3385.0,12,327.0,6.673469387755102,5.424268872418638,0,0.0,1.0,2,16.0,0.15839633492136337,9,318.0,0.16197309656643175,1,4.0,0.45775944309936334,12,338.0
3390.0,14,396.0,7.764705882352941,5.615007787933091,0,0.0,1.0,3,28.0,0.1050636114652853,9,366.0,0.26290805292592856,2,14.0,0.47427711653759785,14,408.0
3395.0,15,470.0,9.215686274509803,6.042422403121058,0,0.0,1.0,3,43.0,0.20389633214906333,10,415.0,0.32587691036066546,2,24.0,0.33237781952518936,15,482.0
3400.0,14,502.0,9.843137254901961,6.061963540769867,0,0.0,1.0,1,14.0,0.49529655550440693,11,466.0,0.24174790983209796,2,34.0,0.3208096852231824,14,514.0
3405.0,6,120.0,2.2222222222222223,6.28576189577066,0,0.0,1.0,1,19.0,0.6255032047599517,3,193.0,0.3173364394088985,2,44.0,0.25301661027356137,6,256.0
3410.0,2,32.0,0.5818181818181818,7.420978036351049,0,6.0,0.6822205863847182,1,27.0,0.5256123564022984,1,72.0,0.6238446103170281,0,0.0,0.5560150406509665,2,105.0
3415.0,2,42.0,0.7636363636363637,7.494996865311951,0,9.0,0.20094235090481924,1,38.0,0.7547371738865459,1,21.0,0.7005318269938854,0,0.0,0.8191524781097228,2,68.0
3420.0,5,34.0,0.6415094339622641,7.81949659745015,3,21.0,0.016965743833037904,0,6.0,0.9021331044151302,2,28.0,0.5731542605527125,0,0.0,0.8345886137966084,5,55.0
3425.0,7,55.0,0.9821428571428571,7.988149247621824,4,39.0,0.0029031028018602204,0,6.0,0.8712063637354162,1,29.0,0.7326433880034036,0,0.0,0.8523731853122782,5,74.0
3430.0,6,51.0,0.9107142857142857,7.135612267560418,0,11.0,0.021918897607544945,1,14.0,0.8425939846014512,1,34.0,0.7263807423434813,0,0.0,0.9172007820166278,2,59.0
3435.0,6,68.0,1.2142857142857142,7.090498176993951,0,0.0,1.0,1,19.0,0.7944908786116992,2,40.0,0.4669014305152029,1,1.0,0.5464956339343611,4,60.0
3440.0,6,74.0,1.3214285714285714,7.206955086447702,0,0.0,1.0,0,6.0,0.8932262301274906,3,54.0,0.3309183237137628,2,9.0,0.5837509071488313,5,69.0
3445.0,1,43.0,0.7818181818181819,7.777195295056428,0,0.0,1.0,0,3.0,0.9549569008019796,1,43.0,0.4028274622524841,0,7.0,0.722347756037108,1,53.0
3450.0,2,50.0,0.9615384615384616,8.407037503578122,0,6.0,0.5915280176349946,0,3.0,0.806315500136264,2,56.0,0.5141300356223839,0,0.0,0.7454076806802857,2,65.0
3455.0,2,60.0,1.1320754716981132,8.970413305545682,0,0.0,0.8210066395642377,0,3.0,0.932262008640282,2,63.0,0.5309779597765409,0,0.0,0.9616302960479712,2,66.0
3460.0,4,75.0,1.4150943396226414,8.85307912474067,0,0.0,1.0,0,0.0,0.8030832766910352,2,73.0,0.5861085707189183,0,0.0,0.9773999510076063,2,73.0
3465.0,7,106.0,2.12,8.035568600727261,0,0.0,1.0,1,4.0,0.7801090265825086,2,83.0,0.6158065500133677,0,0.0,0.9661564232624562,3,87.0
3470.0,7,110.0,2.2448979591836733,7.034974930153092,0,0.0,1.0,1,9.0,0.6885561846084427,4,96.0,0.4074406222313745,0,0.0,0.9739078977218999,5,105.0
3475.0,10,148.0,3.0833333333333335,6.634706179982778,0,0.0,1.0,2,19.0,0.7546435245351423,5,116.0,0.2766708253714885,0,0.0,0.8960465821623813,7,135.0
3480.0,14,210.0,4.285714285714286,6.012202016437676,0,0.0,1.0,2,29.0,0.6825947119542323,6,144.0,0.23279752133494463,0,0.0,0.9885245230932065,8,173.0
3485.0,12,248.0,5.166666666666667,5.349809105473445,0,0.0,1.0,2,42.0,0.6526186328498345,3,137.0,0.3951994514808934,0,0.0,0.9527029859077654,5,179.0
3490.0,9,239.0,4.877551020408164,6.690448344934225,0,6.0,0.6231640095098678,2,52.0,0.71992765435494,4,155.0,0.36841937897960075,0,0.0,0.9643234206518538,6,213.0
3495.0,9,284.0,5.461538461538462,6.162866594873078,0,6.0,0.1636753379384386,2,65.0,0.6388323157631555,4,175.0,0.2779110438536358,0,0.0,0.9553204818428882,6,246.0
3500.0,14,349.0,6.98,5.42155294575258,2,15.0,0.015121839218215643,4,81.0,0.504932205925909,5,200.0,0.2810616154106905,0,0.0,0.9427914795837888,11,296.0
3505.0,15,332.0,6.384615384615385,4.905201738694958,3,27.0,0.0027173193580496877,2,24.0,0.4971423591212354,5,225.0,0.2768430388599038,0,0.0,0.9495282870138914,10,276.0
3510.0,14,356.0,6.846153846153846,5.473190198796309,3,42.0,0.000331782145484894,0,5.0,0.8494743318061907,3,226.0,0.2815836121338416,0,0.0,0.945342323909223,6,273.0
3515.0,10,353.0,7.06,6.117244163494859,0,14.0,0.2984477054685564,1,10.0,0.6818395366506498,4,235.0,0.3996788449376674,0,0.0,0.9523778849577558,5,259.0
3520.0,7,264.0,5.176470588235294,7.087424162721107,0,0.0,1.0,2,18.0,0.6557820003269966,4,255.0,0.455575427327364,1,2.0,0.47134556695877755,7,275.0
3525.0,8,285.0,5.480769230769231,6.629355948946919,0,0.0,1.0,0,11.0,0.6991407724951254,5,277.0,0.4281457379871732,1,7.0,0.48880324020035343,6,295.0
3530.0,8,300.0,5.454545454545454,6.501663538829949,0,0.0,1.0,0,14.0,0.4979022764646883,4,282.0,0.48687070146364086,0,0.0,0.9320871436795888,4,296.0
3535.0,12,355.0,6.574074074074074,6.616561463617723,0,0.0,0.8119345259386119,3,25.0,0.46104426796828213,4,308.0,0.4906518592783644,0,0.0,0.9393597724031317,7,333.0
3540.0,14,424.0,7.851851851851852,6.680744299913265,0,0.0,1.0,4,45.0,0.49729285903531406,5,326.0,0.33699708087653935,0,0.0,0.9645573649416117,9,371.0
3545.0,12,450.0,8.653846153846153,6.46373409824569,0,0.0,1.0,2,55.0,0.4350955094707111,5,351.0,0.2767798427822733,0,0.0,0.9893935636452709,7,406.0
3550.0,8,417.0,8.176470588235293,7.33498207628795,0,0.0,1.0,1,32.0,0.6370795556200621,5,376.0,0.2693194940218585,0,0.0,0.9644952096001018,6,408.0
3555.0,7,405.0,8.26530612244898,7.521838546063478,0,0.0,1.0,1,18.0,0.7613148311935917,6,405.0,0.23329500913490556,0,0.0,0.5149450035314194,7,423.0
3560.0,8,445.0,9.673913043478262,7.016753245909414,0,0.0,1.0,1,11.0,0.7283857286280117,6,432.0,0.28336550198927335,1,5.0,0.4908525769450404,8,448.0
3565.0,10,475.0,9.895833333333334,6.929920054558171,0,0.0,1.0,0,0.0,0.9600167914463663,7,466.0,0.34746918711531566,2,10.0,0.33126004964430356,9,476.0
3570.0,6,488.0,10.608695652173912,6.977151650898833,0,0.0,1.0,0,0.0,0.9173134448847964,5,476.0,0.29815805227765463,1,15.0,0.17019020295689308,6,491.0
3575.0,7,503.0,11.431818181818182,7.14745205024543,0,3.0,0.5044360479237846,0,0.0,0.5018886383575184,7,509.0,0.33927839183129455,0,0.0,0.8873675331607729,7,512.0
3580.0,8,542.0,12.318181818181818,6.972189764246083,0,6.0,0.061622876264665345,1,4.0,0.4750898168523385,7,550.0,0.3913850415426029,0,0.0,0.939994467043102,8,560.0
3585.0,10,591.0,13.133333333333333,6.987407596621572,2,15.0,4.63023649126019e-05,1,9.0,0.6273610967883673,7,579.0,0.3967386878106667,0,0.0,0.9418084690029923,10,603.0
3590.0,12,646.0,15.380952380952381,5.894741987547677,2,25.0,0.0,2,17.0,0.5774601618753431,8,613.0,0.19259495938360172,0,0.0,0.9051811801195612,12,655.0
3595.0,13,710.0,16.904761904761905,5.927794049048228,2,35.0,0.0,2,27.0,0.6094545710246828,9,657.0,0.2385223309364143,0,0.0,0.8851006606782759,13,719.0
3600.0,11,734.0,17.476190476190474,5.373285721565795,2,45.0,0.0,2,37.0,0.6371940965122649,7,672.0,0.1709650912651433,0,0.0,0.9566121625258747,11,754.0
