step,system_total_stopped,system_total_waiting_time,system_mean_waiting_time,system_mean_speed,cluster_10564135163_13571629282_5146149679_stopped,cluster_10564135163_13571629282_5146149679_accumulated_waiting_time,cluster_10564135163_13571629282_5146149679_average_speed,cluster_10564135205_11749189839_3266988437_5129187741_#3more_stopped,cluster_10564135205_11749189839_3266988437_5129187741_#3more_accumulated_waiting_time,cluster_10564135205_11749189839_3266988437_5129187741_#3more_average_speed,cluster_10564135211_11749189838_12136544949_12136544951_#7more_stopped,cluster_10564135211_11749189838_12136544949_12136544951_#7more_accumulated_waiting_time,cluster_10564135211_11749189838_12136544949_12136544951_#7more_average_speed,cluster_10564135212_13571629279_13571629299_stopped,cluster_10564135212_13571629279_13571629299_accumulated_waiting_time,cluster_10564135212_13571629279_13571629299_average_speed,agents_total_stopped,agents_total_accumulated_waiting_time
0.0,0,0.0,0.0,0.0,0,0.0,1.0,0,0.0,1.0,0,0.0,1.0,0,0.0,1.0,0,0.0
5.0,0,0.0,0.0,11.260405830804867,0,0.0,1.0,0,0.0,0.9721157530852691,0,0.0,1.0,0,0.0,0.9698209274171183,0,0.0
10.0,0,0.0,0.0,8.973417613043415,0,0.0,1.0,0,0.0,0.948763318397225,0,0.0,1.0,0,0.0,0.9445466274300107,0,0.0
15.0,0,0.0,0.0,9.018218847578067,0,0.0,1.0,0,0.0,0.9722241850487539,0,0.0,1.0,0,0.0,0.9699382831451148,0,0.0
20.0,0,0.0,0.0,9.266393109321161,0,0.0,1.0,0,0.0,0.9795845283028686,0,0.0,1.0,0,0.0,0.9684943604072378,0,0.0
25.0,0,0.0,0.0,9.575664367862686,0,0.0,1.0,0,0.0,0.97397651984973,0,0.0,0.9063640192655744,0,0.0,0.9941145357001155,0,0.0
30.0,1,1.0,0.07692307692307693,8.22911901602113,0,0.0,1.0,0,0.0,0.9821765912918947,1,1.0,0.4775255820796007,0,0.0,0.9989868420519953,1,1.0
35.0,0,0.0,0.0,8.484090928426394,0,0.0,1.0,0,0.0,0.971459260888245,0,0.0,0.9918749860028516,0,0.0,0.9724441754181682,0,0.0
40.0,1,3.0,0.1875,8.331184185443721,0,0.0,1.0,1,3.0,0.5427638746013794,0,0.0,0.9615272175967527,0,0.0,0.9536670958055593,1,3.0
45.0,1,8.0,0.4444444444444444,7.484858865083186,0,0.0,1.0,1,8.0,0.6400542477065742,0,0.0,0.4848625423693114,0,0.0,0.983947831473757,1,8.0
50.0,3,21.0,1.105263157894737,7.55637831125922,0,0.0,1.0,1,13.0,0.6617379177504419,2,8.0,0.3018452981170258,0,0.0,0.9738428800637484,3,21.0
55.0,2,18.0,0.8181818181818182,7.2123417133249035,0,0.0,1.0,2,18.0,0.2530435128833555,0,0.0,0.9420420988155912,0,0.0,0.9696547759412869,2,18.0
60.0,3,29.0,1.3181818181818181,6.29694154109762,0,0.0,1.0,2,31.0,0.19703417255157513,0,0.0,0.7712875976154598,1,1.0,0.4724658775466907,3,32.0
65.0,6,52.0,2.4761904761904763,5.824508996475261,0,0.0,1.0,3,46.0,0.341465328236072,1,1.0,0.00016326580612728125,1,6.0,0.47878909676633913,5,53.0
70.0,5,75.0,3.260869565217391,6.238891487183948,0,0.0,1.0,3,61.0,0.46989812616144117,1,6.0,0.0,1,11.0,0.49795291299198513,5,78.0
75.0,1,16.0,0.6153846153846154,7.342086956129318,0,0.0,1.0,0,3.0,0.9471984042199734,0,0.0,0.8953353030710001,1,16.0,0.5900245701094605,1,19.0
80.0,2,22.0,0.8148148148148148,7.955874815107962,0,0.0,1.0,0,3.0,0.924552130259828,0,0.0,0.9547118761259501,2,22.0,0.3307974543980852,2,25.0
85.0,3,33.0,1.1379310344827587,7.355409278013525,0,0.0,1.0,0,3.0,0.9534984978958834,0,6.0,0.9200357256096456,2,32.0,0.3123027981801576,2,41.0
90.0,5,50.0,1.7857142857142858,6.546187689190901,0,0.0,1.0,0,0.0,0.9824666197848663,0,6.0,0.9769431759243296,2,42.0,0.3165729988940334,2,48.0
95.0,1,2.0,0.06451612903225806,7.332375663814633,0,0.0,1.0,1,8.0,0.539555720278799,0,6.0,0.9518435049851762,0,0.0,0.7427556527242256,1,14.0
100.0,1,7.0,0.21875,9.176024684371615,0,0.0,1.0,1,13.0,0.6459862441849502,0,12.0,0.8049210693204085,0,0.0,0.9566569188447382,1,25.0
105.0,3,14.0,0.45161290322580644,8.794455407204547,0,0.0,1.0,1,18.0,0.4891535430125251,2,15.0,0.6372942283616604,0,0.0,0.982364592336358,3,33.0
110.0,5,34.0,1.0625,7.033307020067749,0,0.0,1.0,2,26.0,0.36129642935028283,2,24.0,0.3230608318163252,0,0.0,0.9614398313401469,4,50.0
115.0,9,71.0,2.1515151515151514,6.6663450346492565,0,0.0,0.932299509345585,3,40.0,0.3509229166768851,5,45.0,0.06633310742022723,0,0.0,0.9585903245911763,8,85.0
120.0,10,112.0,3.393939393939394,6.751417809256498,0,0.0,1.0,3,55.0,0.49436554022211565,7,75.0,0.0012889258214628444,0,0.0,0.9541834283880815,10,130.0
125.0,11,163.0,4.9393939393939394,6.232920842187747,0,0.0,1.0,3,70.0,0.36058365446430396,7,110.0,0.0003889021862436052,1,1.0,0.48901061842995425,11,181.0
130.0,13,226.0,6.848484848484849,5.198563946213107,0,0.0,1.0,5,93.0,0.07005389605917176,7,145.0,0.00011491730603581946,1,6.0,0.5255450148925586,13,244.0
135.0,13,262.0,7.705882352941177,5.3975312907207496,0,0.0,1.0,4,87.0,0.11295220320629488,7,180.0,0.11595426964158516,2,15.0,0.3147396294258157,13,282.0
140.0,12,318.0,9.085714285714285,6.348216857284783,0,0.0,1.0,3,90.0,0.2393408568435318,7,215.0,0.11597678566314563,2,25.0,0.42921643614829974,12,330.0
145.0,12,378.0,9.692307692307692,6.43464102389394,0,0.0,1.0,3,105.0,0.30722389605739203,7,253.0,0.22977364582897258,2,35.0,0.5271023585688974,12,393.0
150.0,13,440.0,11.0,5.928368479361067,0,0.0,1.0,3,120.0,0.30401837466880366,8,290.0,0.25856073008801483,2,45.0,0.42169833276358026,13,455.0
155.0,13,505.0,12.948717948717949,5.950763797520125,0,0.0,1.0,3,135.0,0.21561935452480988,8,330.0,0.30587204668262363,2,55.0,0.38196210776018735,13,520.0
160.0,14,571.0,14.275,5.566036685937833,0,0.0,1.0,3,150.0,0.3837917401006962,8,370.0,0.2646305116212067,3,66.0,0.22397135487219705,14,586.0
165.0,16,650.0,14.772727272727273,5.926521185493656,0,0.0,1.0,4,170.0,0.4084843694792986,8,410.0,0.24797246475774956,4,85.0,0.1458592828521584,16,665.0
170.0,16,685.0,14.891304347826088,5.717350601393096,0,0.0,1.0,5,191.0,0.24793226039819088,8,450.0,0.2784119060619949,3,59.0,0.152349456945845,16,700.0
175.0,16,738.0,15.702127659574469,5.060631070962808,0,0.0,1.0,5,216.0,0.2405530689140342,10,496.0,0.13122211278215348,1,55.0,0.31943592593075953,16,767.0
180.0,17,770.0,15.714285714285714,5.3653929844847035,0,0.0,1.0,5,234.0,0.2719490769348497,12,554.0,0.10661137971260876,0,11.0,0.6383958607191037,17,799.0
185.0,10,379.0,7.73469387755102,5.464257085524556,0,0.0,1.0,5,259.0,0.2358301181393354,4,211.0,0.1883431427789091,1,16.0,0.714184257054837,10,486.0
190.0,9,346.0,6.784313725490196,6.300962280228716,0,6.0,0.5887150998829334,6,295.0,0.2689385340241558,2,126.0,0.2970954700761683,1,21.0,0.7715210856158813,9,448.0
195.0,11,396.0,7.615384615384615,6.355682355735349,0,9.0,0.08079379635458202,6,325.0,0.4972218293704361,3,63.0,0.13507613687001668,2,28.0,0.5647880791548587,11,425.0
200.0,17,478.0,8.851851851851851,5.942881383328944,4,27.0,0.00028843672585634946,7,359.0,0.4432735234618808,4,83.0,2.6586573812739202e-06,2,38.0,0.6335534268678532,17,507.0
205.0,18,568.0,10.518518518518519,6.169896533968419,4,47.0,0.0,8,399.0,0.4350103206909278,4,103.0,0.0,2,48.0,0.5765438410846175,18,597.0
210.0,17,570.0,10.555555555555555,5.8911330685693235,4,67.0,0.0,8,439.0,0.4431822867301669,2,60.0,0.03222225395093937,3,60.0,0.3178593950568044,17,626.0
215.0,21,649.0,11.8,5.302606025408141,4,87.0,0.0,9,480.0,0.4137133786962798,1,23.0,0.43259939511122997,5,82.0,0.16613785210673485,19,672.0
220.0,17,291.0,5.105263157894737,4.959313351783845,4,107.0,0.0,2,154.0,0.3507435643392067,2,31.0,0.31342079831213665,5,107.0,0.11719075463214325,13,399.0
225.0,14,231.0,4.052631578947368,5.050851694167362,0,27.0,0.09170706415078249,1,49.0,0.4897954727976826,2,41.0,0.0,5,132.0,0.08536665610110365,8,249.0
230.0,14,187.0,3.3392857142857144,6.066975972144964,0,0.0,1.0,1,30.0,0.6191268656216303,2,60.0,0.5814489115386073,1,38.0,0.272374021825307,4,128.0
235.0,14,240.0,4.137931034482759,7.283683672164137,0,0.0,1.0,1,35.0,0.6551293481282988,2,76.0,0.745744983355343,0,0.0,0.9957842180848522,3,111.0
240.0,13,280.0,4.745762711864407,7.269852098308113,0,0.0,1.0,1,40.0,0.7701871703107058,2,80.0,0.7753399672057781,0,0.0,0.9858003673715664,3,120.0
245.0,16,350.0,6.0344827586206895,6.85620658324648,0,0.0,1.0,1,45.0,0.7909275537136252,2,90.0,0.8019447851920337,0,0.0,0.9725743249868086,3,135.0
250.0,17,396.0,7.333333333333333,5.836991692949937,0,0.0,1.0,1,50.0,0.6517924004127403,3,101.0,0.7093258328392843,0,0.0,0.9640232665795943,4,151.0
255.0,16,395.0,7.596153846153846,5.459014938562735,0,0.0,1.0,2,60.0,0.6970077693335321,4,118.0,0.44072288418185246,0,0.0,0.9707549695109635,6,178.0
260.0,15,397.0,7.351851851851852,5.53935486832717,0,0.0,1.0,0,9.0,0.8090787611097428,6,146.0,0.2988997761051841,1,3.0,0.4925344007771538,7,158.0
265.0,16,473.0,9.096153846153847,5.387490192869176,0,0.0,1.0,0,0.0,0.9632244497990736,7,177.0,0.19554583204940934,1,8.0,0.4841866143989349,8,185.0
270.0,11,424.0,8.153846153846153,5.113681561565652,0,0.0,1.0,0,0.0,0.6276299903172984,3,142.0,0.27822295548390774,1,13.0,0.48106872392819455,4,155.0
275.0,8,231.0,4.125,5.6716486046170775,0,6.0,0.5292756475199472,3,12.0,0.31197460636427726,2,145.0,0.4986306400585537,1,18.0,0.43350249358129495,6,181.0
280.0,4,177.0,3.1052631578947367,6.036405980207438,0,9.0,0.23028264119536448,0,3.0,0.9277244882793069,2,154.0,0.5844164493773818,2,26.0,0.21870188864039167,4,192.0
285.0,7,212.0,3.925925925925926,5.844383574957574,3,24.0,0.07904680579675309,0,3.0,0.9568235549881099,2,164.0,0.5668623697298353,2,36.0,0.32035939620794096,7,227.0
290.0,6,220.0,3.8596491228070176,6.167136195168172,0,0.0,0.04345984030224989,0,3.0,0.9645297330417586,2,177.0,0.6848003654830309,2,46.0,0.2578443318962764,4,226.0
295.0,4,237.0,4.086206896551724,6.511764521058255,0,0.0,0.1302434064267577,0,3.0,0.9755826126157102,2,184.0,0.5490685542629025,2,56.0,0.34503582824839285,4,243.0
300.0,5,262.0,4.440677966101695,7.518760312379763,0,0.0,0.2988414787903529,0,3.0,0.9225116645478941,3,199.0,0.5742611722851809,2,66.0,0.2405811203277615,5,268.0
305.0,6,285.0,4.75,8.040102022559893,0,0.0,1.0,1,6.0,0.6411224882290183,2,254.0,0.6160821174979879,2,76.0,0.24983607232525679,5,336.0
310.0,9,239.0,3.9833333333333334,7.287583298751293,0,0.0,1.0,2,12.0,0.5778606373502566,3,263.0,0.44846107415194797,0,2.0,0.551715416535003,5,277.0
315.0,7,257.0,4.589285714285714,7.3758122749628825,0,0.0,1.0,2,22.0,0.44983395997269743,3,284.0,0.3163652875628426,0,0.0,0.975731490480404,5,306.0
320.0,12,305.0,5.545454545454546,6.937966647039066,0,0.0,1.0,3,77.0,0.36657042229585013,6,338.0,0.26408436070288216,0,0.0,0.9524939556241783,9,415.0
325.0,12,334.0,5.964285714285714,6.800612434241573,0,0.0,1.0,1,75.0,0.6146880728907493,8,376.0,0.1683585823973594,0,0.0,0.9162748159197891,9,451.0
330.0,12,359.0,6.773584905660377,6.423624107661327,0,0.0,1.0,2,87.0,0.5713448369719369,4,365.0,0.2729280070258314,0,0.0,0.9693867520809651,6,452.0
335.0,16,432.0,8.470588235294118,6.3387266790890955,0,3.0,0.4719664030470869,3,107.0,0.48214580877149543,4,387.0,0.42283166740997186,1,2.0,0.38248176211038487,8,499.0
340.0,16,465.0,8.942307692307692,5.918938230036451,2,9.0,0.000725338132940617,3,128.0,0.5705433906128407,4,417.0,0.36022027868213674,1,7.0,0.6435812582321326,10,561.0
345.0,14,466.0,8.62962962962963,6.402351582295598,2,19.0,0.0,4,139.0,0.5259182970092156,5,441.0,0.3549627836839795,1,12.0,0.5086897143425564,12,611.0
350.0,17,503.0,9.145454545454545,5.7238157533656695,2,29.0,0.0,7,167.0,0.3783149177986364,5,466.0,0.23676135520336106,2,19.0,0.4745809005646017,16,681.0
355.0,15,530.0,9.298245614035087,5.63637320277833,0,0.0,1.0,8,207.0,0.3683036856857737,7,499.0,0.11056643867583217,0,0.0,0.9512418214628098,15,706.0
360.0,15,605.0,10.614035087719298,5.990863801246485,0,0.0,1.0,8,247.0,0.4080348730923877,7,540.0,0.11636888012602334,0,0.0,0.9265862068928313,15,787.0
365.0,22,689.0,11.677966101694915,5.057005306075414,0,0.0,1.0,11,290.0,0.15302883042979418,10,580.0,0.003312919194687307,0,0.0,0.9372151292375765,21,870.0
370.0,18,742.0,12.576271186440678,5.192578321060364,0,0.0,1.0,13,352.0,0.06663019662570094,5,574.0,0.10614297496837333,0,0.0,0.9886573111228046,18,926.0
375.0,18,832.0,13.639344262295081,5.582747331301136,0,3.0,0.5758339511429381,13,423.0,0.17404139088878867,5,588.0,0.009533849876034114,0,0.0,0.9840415645014862,18,1014.0
380.0,21,933.0,14.578125,5.717041104474788,0,3.0,0.36363553829683337,14,491.0,0.2856648830901971,6,620.0,0.11778143224144935,0,0.0,0.9811425731604754,20,1114.0
385.0,20,834.0,13.238095238095237,5.192279703137625,2,10.0,3.5403076249150426e-05,10,392.0,0.28379264398622556,7,654.0,2.186120335135804e-06,0,0.0,0.690976767597502,19,1056.0
390.0,19,793.0,12.2,5.486867738040708,2,20.0,0.0,6,267.0,0.3719998733734446,7,689.0,0.0,1,4.0,0.6290653624718645,16,980.0
395.0,18,871.0,13.609375,5.823061326908064,2,30.0,0.0,7,223.0,0.4417643798724266,7,724.0,0.0,1,9.0,0.6575946372204844,17,986.0
400.0,18,961.0,14.343283582089553,5.751071065189518,2,40.0,0.0,7,240.0,0.28872384949646573,7,759.0,0.19245146591600093,1,14.0,0.48339379522273584,17,1053.0
405.0,17,985.0,14.924242424242424,5.770890870569049,0,0.0,1.0,8,283.0,0.24348349132110453,7,794.0,0.2985415274073945,2,24.0,0.2786722750798005,17,1101.0
410.0,20,1079.0,16.859375,5.617495439061678,0,0.0,1.0,10,329.0,0.1588891805741898,7,829.0,0.31757343345213185,3,37.0,0.23674258184967842,20,1195.0
415.0,23,1186.0,18.825396825396826,5.494991328385341,0,0.0,1.0,13,384.0,0.13160039367103046,7,864.0,0.2913354982636689,3,52.0,0.3642828303959409,23,1300.0
420.0,24,1246.0,19.46875,5.256927256817222,0,0.0,1.0,14,454.0,0.14048583708824477,8,904.0,0.2828754037166982,0,19.0,0.6536827532884412,22,1377.0
425.0,13,910.0,14.0,5.394667876285698,0,0.0,1.0,4,169.0,0.11151564826821628,8,950.0,0.3290088379194057,0,0.0,0.9252711408054344,12,1119.0
430.0,13,960.0,15.238095238095237,5.824626328766082,0,0.0,1.0,3,96.0,0.22882909538870558,8,990.0,0.12761541797769874,0,0.0,0.9219647638621842,11,1086.0
435.0,13,1008.0,15.75,6.521432880518999,0,0.0,1.0,3,80.0,0.37834089788366043,7,1016.0,0.296494835266011,0,0.0,0.9362525887674225,10,1096.0
440.0,14,1076.0,16.8125,7.072861408395042,0,0.0,1.0,3,97.0,0.5054610809411941,7,1048.0,0.4519132305045565,0,0.0,0.9373891846599772,10,1145.0
445.0,14,1146.0,18.19047619047619,7.566716643525159,0,0.0,1.0,3,112.0,0.5738405329675509,7,1083.0,0.459031773718909,0,0.0,0.9490742404856193,10,1195.0
450.0,16,1221.0,20.35,6.496482492581308,0,0.0,1.0,4,130.0,0.5557247281083117,7,1118.0,0.4044473531251094,0,0.0,0.9688272693708277,11,1248.0
455.0,19,1316.0,22.305084745762713,5.653349946104522,0,0.0,1.0,4,150.0,0.4681769851229978,8,1155.0,0.39323009789067803,0,0.0,0.8609581224401213,12,1305.0
460.0,20,1391.0,24.839285714285715,5.37076072000592,0,0.0,1.0,5,175.0,0.4363136493511419,7,1182.0,0.401403387355755,0,0.0,0.704201502242516,12,1357.0
465.0,20,1383.0,25.145454545454545,4.809178886384917,0,3.0,0.9954509135870565,4,141.0,0.4307247111132276,8,1219.0,0.17137446710526325,0,0.0,0.9412633929349294,12,1363.0
470.0,20,1412.0,23.93220338983051,5.200700603313794,0,0.0,1.0,2,42.0,0.5604434918355499,10,1269.0,0.07136399709687612,0,0.0,0.9534156145200944,12,1311.0
475.0,24,1520.0,25.76271186440678,4.69855888507573,0,0.0,1.0,3,36.0,0.41715599805579895,13,1327.0,0.13736874735598736,0,0.0,0.9881513895512088,16,1363.0
480.0,28,1098.0,19.607142857142858,3.7267194439654125,0,0.0,1.0,5,56.0,0.30955403980874363,13,1107.0,0.19961460468304798,0,0.0,0.9339424593789548,18,1163.0
485.0,18,400.0,7.2727272727272725,4.526535263819197,0,0.0,1.0,0,8.0,0.7306591515070183,8,676.0,0.26686116392982673,0,0.0,0.9369767552647253,8,684.0
490.0,16,269.0,4.637931034482759,5.447135390116257,0,0.0,1.0,0,2.0,0.7898244888921837,9,440.0,0.32039755627769356,0,0.0,0.9697158339293256,9,442.0
495.0,17,338.0,5.827586206896552,5.9056878987408385,0,0.0,1.0,1,6.0,0.6736449452251849,9,327.0,0.4290528777022211,0,0.0,0.4988318233976369,10,333.0
500.0,16,298.0,5.228070175438597,5.7397647750114125,0,0.0,1.0,2,16.0,0.682907458927168,9,343.0,0.35191188424496844,1,5.0,0.48252998010755915,12,364.0
505.0,18,337.0,5.616666666666666,5.376418225472397,0,0.0,1.0,3,28.0,0.5871207791609031,14,400.0,0.20704542967240927,1,10.0,0.638360300651593,18,438.0
510.0,20,427.0,7.362068965517241,4.993320547702267,0,0.0,1.0,4,45.0,0.4731594624759209,15,468.0,0.15813248307633546,1,15.0,0.6494873829052222,20,528.0
515.0,22,534.0,9.368421052631579,4.8832214176466495,0,0.0,1.0,4,65.0,0.41048092669352754,16,548.0,0.18776792426422423,2,22.0,0.3266161178037615,22,635.0
520.0,13,251.0,4.482142857142857,4.743770458783496,0,0.0,1.0,4,85.0,0.31531053166418094,7,360.0,0.2076576768616796,2,32.0,0.31300585199791875,13,477.0
525.0,10,216.0,3.6610169491525424,5.991684230191816,0,9.0,0.6068685807412164,5,113.0,0.3465320632816633,3,241.0,0.3404544665944931,2,42.0,0.48021494425853317,10,405.0
530.0,15,279.0,4.810344827586207,6.242964593489486,0,0.0,0.7897736487140936,5,138.0,0.341888643470859,3,194.0,0.42623163508200207,3,54.0,0.23508851068902273,11,386.0
535.0,19,357.0,6.0508474576271185,5.63587356009167,2,4.0,0.30241606216646266,6,167.0,0.31572753765818123,3,185.0,0.2312393142696951,3,69.0,0.23590070185082596,14,425.0
540.0,21,452.0,7.409836065573771,5.097165063608545,3,16.0,0.06781528518531066,6,206.0,0.3802525565945763,3,200.0,0.23856372805815512,3,84.0,0.23487835878005775,15,506.0
545.0,17,331.0,5.338709677419355,5.0736487231110745,4,33.0,0.010940755910550245,2,120.0,0.42885680977958546,4,219.0,0.0021968655666288915,3,99.0,0.2830304975879056,13,471.0
550.0,18,398.0,6.524590163934426,5.782713979537643,5,57.0,0.0035317506488612917,3,68.0,0.6166097266519701,5,244.0,1.9964314511073795e-05,3,114.0,0.30949302273247997,16,483.0
555.0,19,467.0,8.051724137931034,5.431635072469838,6,87.0,0.000494874737780755,4,73.0,0.475392750272963,5,272.0,0.20802250075530188,3,129.0,0.3150541034082473,18,561.0
560.0,19,561.0,9.19672131147541,5.565311050160565,6,117.0,0.0001271790048576932,4,93.0,0.34367712698990344,5,312.0,0.40400662512119556,4,149.0,0.27782837581859493,19,671.0
565.0,22,649.0,10.639344262295081,5.428633083630003,6,147.0,2.7346512922405072e-05,5,116.0,0.24480269291678658,5,321.0,0.4625285923013746,4,169.0,0.22638919546721561,20,753.0
570.0,24,763.0,12.508196721311476,5.487096046352667,6,180.0,0.0953485008835671,7,153.0,0.164816621156752,5,346.0,0.46864740067427435,5,193.0,0.1346195617852563,23,872.0
575.0,24,871.0,14.048387096774194,6.0336236222616195,6,210.0,0.01144257816587321,7,188.0,0.27492062741624657,6,372.0,0.43809977882573814,5,218.0,0.13892299951213888,24,988.0
580.0,25,995.0,15.793650793650794,5.4678960751862435,6,240.0,0.002644632362776777,7,219.0,0.15478436207541574,6,399.0,0.42698209646103513,6,247.0,0.19210839296998514,25,1105.0
585.0,26,1123.0,17.546875,4.975017772105632,7,274.0,0.0870749057563831,7,254.0,0.0862674908085596,6,429.0,0.26224541741806207,6,277.0,0.18176042024361722,26,1234.0
590.0,26,1080.0,17.142857142857142,4.753850854226962,8,311.0,7.046975203497637e-05,7,290.0,0.10605086438097663,5,316.0,0.30829986897828093,6,307.0,0.12749394461819166,26,1224.0
595.0,25,1036.0,16.444444444444443,4.607611573060981,8,354.0,0.06491707962467369,9,330.0,0.09989833763102245,2,125.0,0.3412028383131907,6,337.0,0.18614486738359298,25,1146.0
600.0,24,848.0,13.46031746031746,4.476804968374985,3,199.0,0.011066415789374492,8,370.0,0.16118026092130727,4,141.0,0.30108464109207006,7,372.0,0.23179076333382231,22,1082.0
605.0,22,884.0,13.8125,4.769132474372701,0,54.0,0.30679111761794836,8,410.0,0.1769038794369464,3,107.0,0.4140248072282683,7,407.0,0.20058547190184978,18,978.0
610.0,24,998.0,15.59375,5.293911460640702,0,3.0,0.9001708032336471,9,451.0,0.17216877215414172,3,74.0,0.3325657764908906,7,442.0,0.258052857346963,19,970.0
615.0,27,1126.0,16.80597014925373,5.126408273666551,0,0.0,1.0,9,496.0,0.17308447132994684,5,94.0,0.2525811512212434,8,480.0,0.20857985305687562,22,1070.0
620.0,29,1268.0,19.50769230769231,4.741938572477045,0,0.0,1.0,9,541.0,0.1691696331244326,6,121.0,0.1343464302621717,9,525.0,0.20543889516227973,24,1187.0
625.0,32,1420.0,21.515151515151516,4.157041173208621,0,0.0,1.0,9,586.0,0.13126474258309231,6,151.0,0.0020265994645798043,9,570.0,0.16178858220111625,24,1307.0
630.0,31,1482.0,23.523809523809526,3.8834586703396208,0,0.0,1.0,9,632.0,0.09074952189707168,5,129.0,0.012066480514543064,10,617.0,0.08302599440068688,24,1378.0
635.0,31,1615.0,25.234375,3.945364841885012,0,0.0,1.0,10,682.0,0.08514004940075497,3,86.0,0.11678440779867157,11,672.0,0.05224832421556998,24,1440.0
640.0,32,1735.0,28.916666666666668,3.693240699819022,0,0.0,1.0,10,732.0,0.133233299184368,3,95.0,0.0,11,727.0,0.05598813533866001,24,1554.0
645.0,28,1728.0,28.8,4.2167756090748165,0,0.0,1.0,10,782.0,0.1472619424516564,3,110.0,0.0,11,784.0,0.07277327092539769,24,1676.0
650.0,21,1158.0,18.677419354838708,4.091742382138999,0,0.0,1.0,11,836.0,0.14331327256454565,3,125.0,0.0,6,427.0,0.1235249579763234,20,1388.0
655.0,21,1048.0,16.634920634920636,3.8437177915690284,0,0.0,1.0,11,891.0,0.11813327853637727,3,149.0,0.30457786604863923,0,212.0,0.28125037185031465,14,1252.0
660.0,27,1162.0,19.049180327868854,3.5655915801030593,0,0.0,1.0,11,956.0,0.1599632051458704,5,167.0,0.07130799525836923,0,34.0,0.5748192618208996,16,1157.0
665.0,31,1295.0,21.229508196721312,2.9650501326514944,0,0.0,1.0,13,1006.0,0.09253974900357974,6,197.0,0.02373000975876678,2,39.0,0.24438016210203659,21,1242.0
670.0,22,1181.0,18.453125,3.715282552977497,0,0.0,1.0,14,1075.0,0.12030246489923092,1,113.0,0.032994847275709845,3,54.0,0.35151194050739115,18,1242.0
675.0,7,130.0,2.0,5.10703912259595,0,3.0,0.9845833198674456,4,474.0,0.26416645217108126,0,0.0,0.19350682905226851,3,69.0,0.26996774528550055,7,546.0
680.0,5,66.0,1.0153846153846153,6.442339930430372,0,0.0,1.0,2,114.0,0.5170841775076357,0,0.0,1.0,3,84.0,0.30917726305782745,5,198.0
685.0,8,94.0,1.3623188405797102,7.675145822827258,0,0.0,1.0,2,35.0,0.7192169841305535,0,9.0,0.8917113073208507,5,101.0,0.27886398622018926,7,145.0
690.0,6,122.0,1.7941176470588236,8.118256899727596,0,0.0,1.0,2,45.0,0.7831238152545199,0,9.0,0.911751360590529,4,121.0,0.27514146811016527,6,175.0
695.0,9,156.0,2.2941176470588234,7.995380326208819,0,0.0,1.0,2,55.0,0.7596781056540026,0,3.0,0.922456445719479,4,141.0,0.24261916993452412,6,199.0
700.0,7,183.0,2.772727272727273,7.758925546970862,0,0.0,1.0,2,65.0,0.7117032615797998,1,4.0,0.8516895436445654,4,161.0,0.23689600314388137,7,230.0
705.0,10,228.0,3.3529411764705883,7.49432381441056,0,0.0,1.0,3,74.0,0.615635385912233,1,9.0,0.8441223614964269,6,186.0,0.26767217130376764,10,269.0
710.0,6,107.0,1.621212121212121,7.633147014176732,0,0.0,1.0,4,89.0,0.47381129787376974,1,14.0,0.7497057128716466,1,40.0,0.46694935580113595,6,143.0
715.0,8,136.0,2.029850746268657,7.263134874181854,0,0.0,1.0,4,109.0,0.17548030763275188,4,39.0,0.5368674546093833,0,7.0,0.7194209267199029,8,155.0
720.0,10,181.0,2.742424242424242,6.48019667543028,0,0.0,1.0,5,133.0,0.2302155194603833,5,57.0,0.231394882056487,0,0.0,0.9497550484753112,10,190.0
725.0,14,106.0,1.5820895522388059,6.006005759370293,0,0.0,1.0,1,72.0,0.4266594395475377,10,98.0,0.14787987958492005,0,0.0,0.9639908181332675,11,170.0
730.0,20,181.0,2.873015873015873,5.491115732420108,0,0.0,1.0,0,0.0,0.7962455238089592,16,165.0,0.13455326652860133,0,0.0,0.9449259244013716,16,165.0
735.0,27,299.0,5.067796610169491,4.744270407563,0,0.0,1.0,0,0.0,0.9455902569285156,19,255.0,0.12471001174990232,0,0.0,0.9801641629819406,19,255.0
740.0,27,398.0,6.633333333333334,4.47077014615399,0,0.0,1.0,0,0.0,0.9072026864423494,18,312.0,0.12745562645291242,0,0.0,0.9658290934713206,18,312.0
745.0,32,550.0,9.322033898305085,4.249927342014572,0,0.0,1.0,0,0.0,0.9607983489731563,19,412.0,0.14303154571684773,1,1.0,0.6070056437196046,20,413.0
750.0,34,716.0,11.737704918032787,4.022812982016267,0,0.0,1.0,1,3.0,0.6222356629113944,20,510.0,0.08333277135919664,1,6.0,0.6392154740705805,22,519.0
755.0,30,765.0,12.966101694915254,3.473657312188333,0,0.0,1.0,1,8.0,0.3445627252410897,21,615.0,0.07487753359688522,1,11.0,0.6760208755955192,23,634.0
760.0,32,922.0,15.366666666666667,3.421901236773565,0,0.0,1.0,2,18.0,0.21396085074711757,22,722.0,0.038247068535942924,1,16.0,0.6788747956435811,25,756.0
765.0,34,1068.0,17.508196721311474,2.657750239583334,0,0.0,1.0,0,0.0,0.5082019192542278,24,839.0,6.253363315364353e-05,1,21.0,0.46849069936999255,25,860.0
770.0,37,1251.0,20.177419354838708,2.8849197487082345,0,0.0,1.0,0,0.0,0.943554919609214,24,962.0,0.04153425614232669,2,31.0,0.4733884754294715,26,993.0
775.0,36,1410.0,22.03125,3.250092666282733,0,0.0,1.0,0,0.0,0.9873163210151019,25,1086.0,0.09729727685238036,2,41.0,0.3542539304988762,27,1127.0
780.0,36,1564.0,24.4375,3.3955157298669727,0,0.0,1.0,0,0.0,0.9808718171213223,26,1211.0,0.11647032724418586,3,54.0,0.3092537790123059,29,1265.0
785.0,35,1569.0,24.138461538461538,3.3675833347108908,0,0.0,1.0,0,0.0,0.9258765182850505,26,1341.0,0.15625710120205544,4,70.0,0.20026358664070293,30,1411.0
790.0,32,1537.0,24.015625,3.4461694760251076,0,0.0,1.0,0,0.0,0.9724034998022868,26,1471.0,0.15051057059433698,4,90.0,0.18898381962712832,30,1561.0
795.0,30,1684.0,25.515151515151516,3.990964657611616,0,0.0,1.0,0,0.0,0.852245627448311,26,1598.0,0.13974584119859326,4,110.0,0.32254342886904436,30,1708.0
800.0,32,1839.0,27.863636363636363,3.7098757110877307,0,0.0,1.0,1,2.0,0.615050388919538,27,1790.0,0.10044477793293001,4,130.0,0.304346204032837,32,1922.0
805.0,34,2004.0,30.363636363636363,3.380669086852549,0,0.0,1.0,1,35.0,0.5458870701690562,28,1980.0,0.062295937607255485,4,150.0,0.1613646832794787,33,2165.0
810.0,36,2175.0,31.985294117647058,3.311328346996755,0,0.0,1.0,1,66.0,0.6418004130374968,30,2122.0,0.015601772432386706,5,175.0,0.2727411827770247,36,2363.0
815.0,38,2360.0,33.23943661971831,3.249302337763431,0,0.0,1.0,1,71.0,0.4715676415127504,32,2277.0,0.026920067293869795,5,200.0,0.2013691030605816,38,2548.0
820.0,28,1362.0,18.916666666666668,3.874202980322451,0,0.0,1.0,2,27.0,0.395610542243937,21,1802.0,0.04240925004025486,5,225.0,0.1991394271216421,28,2054.0
825.0,17,560.0,7.5675675675675675,4.9738206780925225,0,6.0,0.6262328982978952,2,40.0,0.5379242097276321,9,1304.0,0.11627198582424604,6,251.0,0.24752240057031172,17,1601.0
830.0,13,510.0,6.7105263157894735,5.962274136326365,0,9.0,0.2605946760351224,3,88.0,0.6545673681512376,4,834.0,0.18590443563545764,6,281.0,0.16833854329716286,13,1212.0
835.0,14,579.0,7.51948051948052,6.348651107110253,0,0.0,0.19325260325923047,3,112.0,0.6714950853433967,4,700.0,0.3113999712392324,7,315.0,0.19552759615876414,14,1127.0
840.0,18,660.0,8.68421052631579,5.981168333569947,0,0.0,0.23932280766788647,6,135.0,0.5063961524680008,5,428.0,0.3826341943069702,7,350.0,0.12552432162218582,18,913.0
845.0,18,719.0,9.586666666666666,5.882322160256967,0,0.0,0.436980218162758,4,143.0,0.5193736822158905,6,456.0,0.14986737317845747,7,385.0,0.10958074504638377,17,984.0
850.0,27,835.0,10.705128205128204,6.245309025491185,0,0.0,1.0,4,103.0,0.581256192840547,11,506.0,0.06894149048631841,8,423.0,0.12632873804132563,23,1032.0
855.0,30,978.0,12.538461538461538,5.6844449493542015,0,0.0,1.0,5,124.0,0.4317548648787103,13,599.0,0.05270529795614842,8,463.0,0.09066786823636118,26,1186.0
860.0,29,1083.0,13.708860759493671,5.596105496904631,0,0.0,1.0,7,158.0,0.24063905031106658,14,667.0,1.3244740764556946e-05,8,503.0,0.10184881832685586,29,1328.0
865.0,26,1103.0,13.7875,5.235277686991179,0,0.0,1.0,8,193.0,0.08397320387296502,8,600.0,0.01901851134880665,10,545.0,0.08755623591255123,26,1338.0
870.0,27,1233.0,17.366197183098592,5.362543628866397,0,3.0,0.5138705957367199,10,238.0,0.07592641668108947,8,564.0,0.10224645964907708,9,590.0,0.12036792203576017,27,1395.0
875.0,28,1369.0,19.840579710144926,5.3950322811729094,0,3.0,0.516937081128377,11,289.0,0.08040276101078413,8,604.0,0.09855121815497093,9,635.0,0.10193141123659175,28,1531.0
880.0,28,1509.0,22.863636363636363,5.6522810129368795,0,0.0,1.0,11,344.0,0.13754136242374987,8,644.0,0.129362793266024,9,680.0,0.09279246088911398,28,1668.0
885.0,30,1419.0,20.565217391304348,5.507133083632383,0,0.0,1.0,12,403.0,0.16038881989161327,7,543.0,0.25860270913755273,10,728.0,0.09425053888437175,29,1674.0
890.0,26,1322.0,19.159420289855074,5.695405930261018,0,0.0,1.0,13,464.0,0.09151399649805148,2,315.0,0.4684490183504379,10,778.0,0.06870904777042798,25,1557.0
895.0,26,1452.0,21.352941176470587,5.231832166369797,0,0.0,0.990844714055254,13,529.0,0.12066205665892826,2,163.0,0.38437770674190164,10,828.0,0.09385928942598334,25,1520.0
900.0,30,1596.0,24.181818181818183,4.814664691257697,0,0.0,1.0,14,597.0,0.16232114975516132,5,115.0,0.0179318703521874,10,879.0,0.1449405239747266,29,1591.0
905.0,33,1758.0,26.636363636363637,4.348119864863733,0,0.0,0.9508809904898241,15,670.0,0.17499766340767403,6,144.0,1.3035486871552963e-05,11,934.0,0.19175705064319692,32,1748.0
910.0,26,1110.0,17.903225806451612,4.139413845107469,0,0.0,1.0,16,746.0,0.15445184546547888,4,109.0,0.02661036737149882,5,589.0,0.2144292706498039,25,1444.0
915.0,20,845.0,13.852459016393443,4.9901351286864575,0,0.0,1.0,18,831.0,0.19008923143892661,1,52.0,0.41237500853503223,0,304.0,0.3070981526974858,19,1187.0
920.0,24,943.0,15.209677419354838,4.708329297455706,0,0.0,1.0,19,922.0,0.12562902548828916,4,38.0,0.2587944292188532,0,94.0,0.4254004247151553,23,1054.0
925.0,19,301.0,4.777777777777778,4.090566757270059,0,0.0,1.0,10,484.0,0.12148644177051919,7,66.0,0.02667966302124494,2,101.0,0.3328758181972937,19,651.0
930.0,19,251.0,3.984126984126984,4.035895715282498,0,0.0,1.0,7,216.0,0.19917757002057895,9,108.0,0.00544156780914171,3,113.0,0.16178621889711178,19,437.0
935.0,24,361.0,5.918032786885246,5.209224063127298,0,0.0,1.0,7,170.0,0.21347602897556517,11,167.0,0.2159065224773488,5,137.0,0.1542999270650127,23,474.0
940.0,25,479.0,7.725806451612903,5.550309872706069,0,0.0,1.0,7,251.0,0.3555472501565974,12,226.0,0.3751741124587542,5,162.0,0.16620977475382173,24,639.0
945.0,20,428.0,6.6875,5.639020586608805,0,0.0,1.0,3,185.0,0.3411979986130803,12,286.0,0.3746257097336761,5,187.0,0.17090018816936675,20,658.0
950.0,16,394.0,6.15625,6.73278024534226,0,0.0,1.0,1,75.0,0.6076402972473803,10,319.0,0.39714286499571916,5,212.0,0.14508878378760276,16,606.0
955.0,19,475.0,7.786885245901639,6.470193281938267,0,0.0,1.0,2,9.0,0.2450674219931744,10,348.0,0.44888222831198293,7,238.0,0.12476241080557714,19,595.0
960.0,19,564.0,10.071428571428571,6.1496335557422,0,0.0,1.0,2,17.0,0.2956035885550572,11,399.0,0.3804231930312122,6,268.0,0.14789095514494977,19,684.0
965.0,18,636.0,12.0,5.159624622375589,0,0.0,1.0,0,0.0,0.831652806467609,12,458.0,0.1813723870076691,6,298.0,0.11079952672621216,18,756.0
970.0,11,353.0,6.788461538461538,5.003329254931447,0,0.0,1.0,1,6.0,0.6930990367120231,3,251.0,0.18134894810187355,6,328.0,0.1219015855823362,10,585.0
975.0,2,51.0,0.9444444444444444,6.373429743428537,0,6.0,0.7132798349797458,1,14.0,0.6924958954534919,0,129.0,0.502461462059667,1,110.0,0.20312383221516309,2,259.0
980.0,2,13.0,0.23636363636363636,8.129499236411116,0,0.0,0.7784911170220404,2,26.0,0.5937382788697505,0,12.0,0.7948333989150245,0,45.0,0.4945957543049319,2,83.0
985.0,3,28.0,0.49122807017543857,8.856060705227952,0,0.0,0.8156359828232514,3,41.0,0.671382781622712,0,6.0,0.7637013454801043,0,0.0,0.9716951342665104,3,47.0
990.0,4,48.0,0.8275862068965517,9.050722328383866,0,0.0,1.0,3,56.0,0.7386770383238206,1,11.0,0.7142001466392632,0,0.0,0.9528291666980522,4,67.0
995.0,7,74.0,1.2542372881355932,8.654780340734598,0,0.0,1.0,5,75.0,0.6818387724502614,2,18.0,0.5267095570456085,0,0.0,0.9397116982154692,7,93.0
1000.0,11,121.0,2.1228070175438596,7.616957838098667,0,0.0,1.0,6,104.0,0.6511061493023523,4,32.0,0.19020323108821294,0,0.0,0.9581403510469455,10,136.0
1005.0,14,178.0,3.2962962962962963,6.7562921831634295,0,0.0,1.0,9,143.0,0.5125080950602939,4,52.0,0.05180994839735137,1,2.0,0.6481952306192257,14,197.0
1010.0,17,259.0,4.625,5.925404780238149,0,0.0,1.0,12,199.0,0.3555446391259198,4,72.0,0.003731482732089654,1,7.0,0.674656770478242,17,278.0
1015.0,14,267.0,4.944444444444445,4.925744446306518,0,0.0,1.0,8,200.0,0.23627453183880048,4,63.0,0.0008030869645219347,2,14.0,0.4804231734333966,14,277.0
1020.0,12,313.0,5.6909090909090905,5.255460477767245,0,0.0,1.0,8,243.0,0.22564201576391418,4,83.0,0.19083376670154195,0,0.0,0.9491429614854292,12,326.0
1025.0,12,373.0,6.781818181818182,6.400227667449136,0,0.0,1.0,8,283.0,0.29438293743125854,4,112.0,0.38351361598520123,0,0.0,0.9346864232011542,12,395.0
1030.0,15,437.0,7.406779661016949,6.656238129548971,0,0.0,1.0,8,323.0,0.25709342594627493,6,135.0,0.3961208758281515,0,0.0,0.9909819606245565,14,458.0
1035.0,11,405.0,6.864406779661017,6.4902455801861345,0,0.0,1.0,10,370.0,0.2585568294484263,1,63.0,0.4776280927105423,0,0.0,0.9727337977098143,11,433.0
1040.0,11,460.0,7.796610169491525,7.1707390652520875,0,3.0,0.5245253870451614,10,420.0,0.32329997727874793,1,47.0,0.7307546977762783,0,0.0,0.9342063250966,11,470.0
1045.0,11,515.0,8.879310344827585,6.687673626351139,0,6.0,0.14932729111668802,10,471.0,0.2809313577254675,1,52.0,0.7315386776849943,0,0.0,0.9451347252349943,11,529.0
1050.0,18,592.0,10.763636363636364,6.178685139395572,2,14.0,0.01880122791163773,14,534.0,0.25009852970473956,1,57.0,0.633075034463232,1,1.0,0.7037572499773577,18,606.0
1055.0,16,643.0,12.607843137254902,5.633535542781703,2,24.0,0.27334482418514494,12,571.0,0.3061554092206667,1,62.0,0.4607129159925224,1,6.0,0.7192372974180082,16,663.0
1060.0,17,720.0,13.846153846153847,5.422791719737612,4,42.0,0.011241474845350248,12,625.0,0.2671002885373708,1,67.0,0.0,0,0.0,0.6791329920318417,17,734.0
1065.0,20,814.0,14.535714285714286,5.618536215984674,5,64.0,0.003230442132494756,14,692.0,0.17096356540626712,1,78.0,0.5876039629966658,0,0.0,0.8587644402067877,20,834.0
1070.0,24,926.0,16.836363636363636,5.202487328907019,6,93.0,0.0007283659997407503,14,759.0,0.06631298860686409,2,85.0,0.3810153212082377,0,0.0,0.950300668557231,22,937.0
1075.0,20,656.0,12.148148148148149,5.1027212696792015,6,123.0,0.00017405951705181974,10,620.0,0.1462105435266352,4,102.0,0.3013257246758104,0,0.0,0.9442531759338625,20,845.0
1080.0,15,298.0,5.518518518518518,5.7184657158615035,6,153.0,3.086085430676289e-05,2,312.0,0.21097174632953827,5,126.0,0.27379211476993465,0,0.0,0.968966208391403,13,591.0
1085.0,13,357.0,6.865384615384615,6.819150123081519,6,183.0,5.392828129594129e-06,2,101.0,0.44975910922228307,5,154.0,0.39263170489036203,0,0.0,0.9349242847006042,13,438.0
1090.0,11,369.0,6.962264150943396,7.002855186666276,6,213.0,0.0,2,45.0,0.4791770305334174,2,136.0,0.49266110338264574,1,3.0,0.6229016226013975,11,397.0
1095.0,10,390.0,7.222222222222222,7.00745161376631,6,243.0,0.08333552815800171,2,46.0,0.4517431767408267,1,122.0,0.6229191491901254,1,8.0,0.6479812030305934,10,419.0
1100.0,11,445.0,8.24074074074074,6.816547325516483,6,273.0,0.015490940828752745,2,59.0,0.6734238828529625,1,110.0,0.7169393352955215,1,13.0,0.37214887275870717,10,455.0
1105.0,13,497.0,9.377358490566039,6.456152922208472,7,305.0,0.002328571655006416,2,69.0,0.4867379643532115,1,118.0,0.728659058289274,3,23.0,0.20654954001976622,13,515.0
1110.0,15,456.0,8.941176470588236,5.903883531147971,8,345.0,0.0003266878299312697,3,84.0,0.47959975008449085,0,3.0,0.9632841051276302,3,38.0,0.23898213093555296,14,470.0
1115.0,13,495.0,9.9,6.108072920819783,8,385.0,0.00010487125427194208,1,77.0,0.6481285615395123,1,4.0,0.7331170094204232,3,53.0,0.37618511938730986,13,519.0
1120.0,11,493.0,9.30188679245283,6.6979827229244515,8,425.0,1.806651259515858e-05,2,74.0,0.6414251093019883,1,9.0,0.588643484868074,0,0.0,0.9626860516557652,11,508.0
1125.0,15,556.0,10.692307692307692,5.924867564054454,8,465.0,2.557511007927865e-06,4,87.0,0.21188648136085111,2,30.0,0.5166968599487386,0,0.0,0.9744197274719824,14,582.0
1130.0,11,227.0,4.450980392156863,5.663932614885291,2,255.0,0.012793337486872771,5,112.0,0.2799157037261199,4,39.0,0.39334440940820625,0,0.0,0.9679325966391981,11,406.0
1135.0,9,85.0,1.6346153846153846,6.548819517612884,0,96.0,0.43930567322625697,4,54.0,0.2895606199462489,5,60.0,0.4220422947216893,0,0.0,0.9747376635050207,9,210.0
1140.0,12,133.0,2.5576923076923075,6.445182368733347,0,0.0,0.0310446517045728,5,60.0,0.2065787459382385,7,94.0,0.319988531810901,0,0.0,0.9331248251491623,12,154.0
1145.0,14,201.0,3.8653846153846154,7.187965272010744,1,3.0,5.4471564596685404e-05,5,85.0,0.33702558881429645,8,134.0,0.39253360885471517,0,0.0,0.9393216102827593,14,222.0
1150.0,14,271.0,5.113207547169812,6.294516340551405,1,8.0,0.0,5,110.0,0.27132528158045877,8,174.0,0.21904885154524417,0,0.0,0.9905016282335066,14,292.0
1155.0,18,340.0,6.071428571428571,5.736906466670206,1,13.0,0.0,5,123.0,0.14898212449296067,12,229.0,0.12785428927001088,0,0.0,0.8769276129185254,18,365.0
1160.0,20,437.0,8.403846153846153,5.484982209366044,1,18.0,0.0,5,145.0,0.13780979452563988,13,291.0,0.14618031942331672,0,0.0,0.9528178967380105,19,454.0
1165.0,20,537.0,11.1875,5.012236692017431,1,23.0,0.0,5,170.0,0.20061164756140087,13,359.0,0.1484556368609693,0,0.0,0.9683944346968951,19,552.0
1170.0,23,629.0,13.104166666666666,5.390274144457076,1,28.0,0.0,6,197.0,0.3262792319431743,15,414.0,0.11026183484796141,0,0.0,0.9359051268101903,22,639.0
1175.0,17,525.0,10.294117647058824,5.069174882583266,1,36.0,0.45196632740312476,1,26.0,0.4424259324702793,15,488.0,0.11360076638571082,0,0.0,0.9445325034649986,17,550.0
1180.0,20,618.0,12.36,4.902072253289409,1,38.0,0.0,3,31.0,0.2980397713475768,15,563.0,0.1068854376122958,1,3.0,0.33216518862507893,20,635.0
1185.0,22,726.0,13.961538461538462,5.599832246158569,1,43.0,0.0,4,49.0,0.25139856521066295,15,644.0,0.23697797008131602,2,13.0,0.3212441692662049,22,749.0
1190.0,21,823.0,15.24074074074074,5.976587218169993,1,48.0,0.0,4,69.0,0.406752955710902,15,716.0,0.24900900228901943,1,10.0,0.6346420995436769,21,843.0
1195.0,19,881.0,15.732142857142858,5.684200109716128,1,53.0,0.0,1,53.0,0.3687197473952635,16,795.0,0.1907224698342035,1,15.0,0.7291891085106423,19,916.0
1200.0,21,984.0,17.571428571428573,6.264452222772062,1,58.0,0.0,2,49.0,0.33221889085534123,17,880.0,0.17635266066415908,1,20.0,0.6259327948895058,21,1007.0
1205.0,21,1089.0,19.8,5.527281585800098,1,63.0,0.0,2,59.0,0.32447562831751675,17,965.0,0.14770180389294899,1,25.0,0.6469721975786603,21,1112.0
1210.0,22,1199.0,20.67241379310345,5.161482722342817,1,68.0,0.0,2,69.0,0.42887100672846895,18,1052.0,0.06699284342273894,1,30.0,0.6699714602694851,22,1219.0
1215.0,23,1257.0,22.446428571428573,4.358632942912932,1,73.0,0.0,2,22.0,0.33134357665575204,19,1147.0,0.016018491255903416,1,35.0,0.26118241434987416,23,1277.0
1220.0,27,1387.0,24.767857142857142,4.432488535773208,1,78.0,0.0,2,32.0,0.3133622553404881,21,1250.0,0.11292125942821897,3,50.0,0.23683410763966328,27,1410.0
1225.0,30,1524.0,25.83050847457627,4.094162376095137,1,83.0,0.0,3,42.0,0.1501587368389287,23,1357.0,0.07508166720160504,3,65.0,0.26987571330988336,30,1547.0
1230.0,28,1569.0,25.721311475409838,4.394434652311552,0,0.0,1.0,3,55.0,0.09514812695083028,23,1472.0,0.051064180271612455,2,65.0,0.29755564589349986,28,1592.0
1235.0,30,1716.0,27.677419354838708,4.73688387304163,0,0.0,1.0,3,70.0,0.2148337363917714,24,1593.0,0.043259243636167094,3,79.0,0.24927267406515652,30,1742.0
1240.0,31,1867.0,30.112903225806452,4.612630814116269,0,0.0,1.0,3,85.0,0.24972258325667335,24,1713.0,0.038056460185251634,3,94.0,0.2423574588370169,30,1892.0
1245.0,31,2017.0,32.53225806451613,4.217075701989682,0,0.0,0.8906920302915334,3,102.0,0.43730598072836285,25,1831.0,0.004759494532268134,3,109.0,0.2322361846113925,31,2042.0
1250.0,32,2176.0,36.266666666666666,4.091697679960851,0,0.0,1.0,3,117.0,0.3621594800432806,26,1960.0,4.230543989085789e-05,3,124.0,0.23271203707664928,32,2201.0
1255.0,34,2341.0,38.377049180327866,3.609745017305386,0,0.0,1.0,4,133.0,0.22546833237953642,26,2090.0,0.02737733718780835,3,139.0,0.31551625379563086,33,2362.0
1260.0,37,2520.0,42.0,3.5061043612707534,0,0.0,1.0,5,153.0,0.2636173255448085,27,2222.0,1.3445120329935361e-05,4,158.0,0.3911097158123469,36,2533.0
1265.0,38,2705.0,42.93650793650794,3.239100257456459,0,0.0,1.0,6,178.0,0.20142745029698905,27,2357.0,0.0,4,178.0,0.4747458160851899,37,2713.0
1270.0,26,1412.0,22.774193548387096,3.5626457287194793,0,0.0,1.0,6,207.0,0.30763980602199864,15,1627.0,0.016685409291086778,4,198.0,0.4213673520608436,25,2032.0
1275.0,12,514.0,8.290322580645162,4.735220850725614,0,0.0,0.9326840520390949,4,215.0,0.36385626245136343,2,949.0,0.2008530501489079,4,218.0,0.24097878525868685,10,1382.0
1280.0,13,546.0,8.4,5.620598098695445,1,4.0,0.15356705121881303,5,241.0,0.5184795688539189,2,417.0,0.49071145880126577,5,243.0,0.12134366505052235,13,905.0
1285.0,18,630.0,9.545454545454545,6.343758883477402,4,20.0,0.05999815891732102,5,266.0,0.6136396237245101,2,83.0,0.587178841578627,7,276.0,0.15907690542167627,18,645.0
1290.0,19,721.0,11.092307692307692,5.933010767367991,4,40.0,0.02333358083164811,6,292.0,0.5620030854954066,2,93.0,0.5939443680546035,7,311.0,0.11682605305618875,19,736.0
1295.0,17,517.0,8.078125,5.775407154455744,6,65.0,0.007608533504378883,1,70.0,0.6913630950353535,3,106.0,0.5950467812391773,7,346.0,0.1461002565174941,17,587.0
1300.0,19,599.0,9.215384615384615,5.86894394875117,8,100.0,0.0012087632852212813,0,15.0,0.836292016343598,3,121.0,0.46573173171086696,8,384.0,0.2144001523337166,19,620.0
1305.0,22,704.0,11.0,6.514916105352393,8,140.0,0.0003430601872519663,1,6.0,0.810040785307891,4,149.0,0.6207513814159898,8,424.0,0.22724503368804985,21,719.0
1310.0,21,762.0,11.90625,6.478005401606458,8,180.0,8.092998041194351e-05,1,11.0,0.7166694685745699,3,114.0,0.7329002458589023,8,464.0,0.2514730487453312,20,769.0
1315.0,14,672.0,10.029850746268657,6.388207734053652,2,114.0,0.1413296292473985,1,16.0,0.6561896004874591,3,129.0,0.7345259612435753,8,504.0,0.16318897094063073,14,763.0
1320.0,12,257.0,3.8358208955223883,6.456347622783824,0,39.0,0.2143965910930473,3,27.0,0.36659454461967966,5,145.0,0.5971384712891743,4,257.0,0.21386585375167458,12,468.0
1325.0,10,209.0,3.073529411764706,7.416330938370268,0,0.0,1.0,5,48.0,0.2724469597473759,5,179.0,0.6152057736617601,0,52.0,0.5092394724680511,10,279.0
1330.0,13,265.0,4.076923076923077,6.889230285725274,0,0.0,1.0,5,73.0,0.2996425439575213,8,210.0,0.41568838406937897,0,0.0,0.916473754569184,13,283.0
1335.0,8,244.0,3.753846153846154,6.168067414321262,0,0.0,1.0,6,101.0,0.23209503176739235,2,167.0,0.25188531796532015,0,0.0,0.9600170523436227,8,268.0
1340.0,13,296.0,4.852459016393443,6.02876651441741,0,0.0,1.0,8,138.0,0.26814553930131285,4,162.0,0.17113108884993558,0,0.0,0.9412840393891351,12,300.0
1345.0,9,255.0,4.25,6.834491308982949,0,3.0,0.5773080356459288,5,109.0,0.4572552196217857,4,179.0,0.2732247079749575,0,0.0,0.5343523196401717,9,291.0
1350.0,10,283.0,4.879310344827586,6.767175398792469,2,12.0,0.13053399166736637,3,90.0,0.6673074165757158,4,199.0,0.0,1,4.0,0.47693098550513674,10,305.0
1355.0,11,338.0,6.035714285714286,6.689495630368493,3,27.0,0.020354086788459597,3,92.0,0.6251318307634397,4,219.0,0.0,1,9.0,0.6266140084066248,11,347.0
1360.0,8,341.0,5.982456140350878,6.792508624395441,1,7.0,0.017751956480704982,3,104.0,0.6263069477908964,4,239.0,0.3016797781880589,0,0.0,0.958360219866422,8,350.0
1365.0,4,259.0,4.625,6.835518593535012,0,1.0,0.1877731128703385,0,0.0,0.811148164812894,4,262.0,0.4241981212730985,0,0.0,0.9641440885451464,4,263.0
1370.0,6,285.0,4.913793103448276,7.384325628525017,0,0.0,1.0,0,0.0,0.84295520502691,6,288.0,0.29766319895743515,0,0.0,0.9442552824602748,6,288.0
1375.0,9,323.0,5.568965517241379,7.317873929835509,0,0.0,1.0,2,6.0,0.6104217092059722,6,324.0,0.4426966746919234,0,0.0,0.9514762171451638,8,330.0
1380.0,9,364.0,5.967213114754099,7.815284519999636,0,0.0,1.0,3,21.0,0.3468672997038477,6,354.0,0.4391659603894438,0,0.0,0.9340270172759314,9,375.0
1385.0,7,376.0,6.064516129032258,8.130220683762385,0,0.0,1.0,0,9.0,0.7238826045833895,7,385.0,0.4756515571454895,0,0.0,0.5028455200448504,7,394.0
1390.0,9,417.0,6.725806451612903,8.16113205163671,0,0.0,1.0,1,2.0,0.42683133759958997,7,420.0,0.47735012957694367,1,4.0,0.5500632681437794,9,426.0
1395.0,12,468.0,7.932203389830509,7.4430961009150005,0,0.0,1.0,1,7.0,0.6417404446685472,9,459.0,0.30686552352881086,2,11.0,0.3289511777490948,12,477.0
1400.0,13,532.0,10.037735849056604,6.6830612551940485,0,0.0,1.0,1,12.0,0.5310686282978377,10,502.0,0.24729829387376795,2,19.0,0.3099097754686817,13,533.0
1405.0,13,574.0,10.830188679245284,6.183707360254966,0,0.0,1.0,1,17.0,0.7178585148783961,12,560.0,0.2700737712543094,0,0.0,0.9572625521594021,13,577.0
1410.0,14,641.0,12.326923076923077,5.619097377199102,0,0.0,1.0,1,22.0,0.34816824573455124,13,628.0,0.25070174765936315,0,0.0,0.9909578320986774,14,650.0
1415.0,18,720.0,13.333333333333334,5.1803579213663715,0,0.0,1.0,2,30.0,0.31799297982668495,16,699.0,0.12567009382799757,0,0.0,0.9664703850621967,18,729.0
1420.0,11,560.0,10.566037735849056,5.133158555520012,0,0.0,1.0,2,40.0,0.2967628305801585,9,592.0,0.1418846899885326,0,0.0,0.9815648744408326,11,632.0
1425.0,13,604.0,11.615384615384615,5.523476715173531,0,0.0,0.9172967892823088,3,60.0,0.3262587796173751,8,560.0,0.17019076611429781,0,0.0,0.9220899495499149,11,620.0
1430.0,13,657.0,12.39622641509434,6.192489029980875,1,4.0,0.39910889902747415,3,75.0,0.5697912391765141,8,585.0,0.10288054550640961,0,0.0,0.7100021918437638,12,664.0
1435.0,15,722.0,14.156862745098039,6.203285852263525,3,14.0,0.17057326835441508,3,90.0,0.6600255413497471,8,625.0,0.0,1,5.0,0.7205404788137734,15,734.0
1440.0,15,443.0,8.51923076923077,6.043588116798558,5,31.0,0.005434164172736696,3,105.0,0.6628194552791703,6,456.0,0.012046155501551055,1,10.0,0.7295170663522699,15,602.0
1445.0,11,231.0,4.277777777777778,6.6703533767771015,6,59.0,0.0008212765348431586,3,117.0,0.5411970291528678,2,223.0,0.24095328148201603,0,0.0,0.8140090824506694,11,399.0
1450.0,12,288.0,5.142857142857143,6.679979837976234,6,89.0,0.0001650414000172702,3,132.0,0.5269474800272719,2,106.0,0.349564639990044,0,0.0,0.9367732251812919,11,327.0
1455.0,17,357.0,6.375,6.481137047606152,6,119.0,4.49348910100035e-05,4,148.0,0.48594836722894175,5,97.0,0.250969965457705,0,0.0,0.9715190978880263,15,364.0
1460.0,17,337.0,5.912280701754386,5.7084944890910085,6,149.0,5.590616045162327e-06,7,177.0,0.24345468287225616,4,62.0,0.16762505374609957,0,0.0,0.9470922743800402,17,388.0
1465.0,17,422.0,7.275862068965517,5.6514385600045856,6,182.0,0.08437222740892458,7,212.0,0.2774696524421959,4,46.0,0.2703650202722706,0,0.0,0.9260704005477973,17,440.0
1470.0,11,241.0,4.155172413793103,5.541862778984292,5,179.0,0.01477007946577489,0,23.0,0.4151030518680758,6,71.0,0.1329324756003272,0,0.0,0.9919821121000589,11,273.0
1475.0,13,303.0,5.224137931034483,6.398243725172143,6,208.0,0.0,1,3.0,0.6541970892065108,6,101.0,0.08810276028439293,0,0.0,0.9440475689863492,13,312.0
1480.0,14,370.0,6.166666666666667,6.741307859659068,6,238.0,0.0,1,8.0,0.7230673846073081,7,142.0,0.3224088486287196,0,0.0,0.9315651812705786,14,388.0
1485.0,14,440.0,7.333333333333333,6.97585303269595,6,268.0,0.0,1,13.0,0.4327520705028074,7,177.0,0.42783800953252593,0,0.0,0.777144059228438,14,458.0
1490.0,10,222.0,3.5806451612903225,7.017116072405912,0,116.0,0.059651510926364115,2,21.0,0.31770760091325595,7,212.0,0.40664511093322037,1,1.0,0.4724987687658229,10,350.0
1495.0,11,276.0,4.524590163934426,7.404938505394281,0,0.0,1.0,2,31.0,0.48890482804135943,8,252.0,0.3984759427376062,1,6.0,0.6234003474618851,11,289.0
1500.0,11,331.0,5.706896551724138,7.225666305397939,0,0.0,1.0,2,41.0,0.24345160438369598,8,292.0,0.38124173911226844,1,11.0,0.6881581882023984,11,344.0
1505.0,11,376.0,6.962962962962963,6.348431626470842,0,0.0,1.0,3,55.0,0.43168389660310935,7,318.0,0.15393275369106804,1,16.0,0.6391830232505811,11,389.0
1510.0,13,390.0,6.964285714285714,6.723200309796922,0,0.0,1.0,1,31.0,0.5882049812160168,11,373.0,0.07931092694731663,1,21.0,0.6406410611538985,13,425.0
1515.0,13,455.0,7.711864406779661,6.4208145012600975,0,0.0,1.0,1,14.0,0.6664067644484518,11,428.0,0.06563943339183774,1,26.0,0.6869805613567721,13,468.0
1520.0,18,534.0,9.535714285714286,6.016966895139217,0,0.0,1.0,2,21.0,0.4749648559605072,14,492.0,0.00752732948487505,2,34.0,0.4765083126167061,18,547.0
1525.0,7,245.0,4.454545454545454,5.999401711239815,0,0.0,1.0,2,31.0,0.32192800801160953,3,281.0,0.030987795493209142,2,44.0,0.47148590399034407,7,356.0
1530.0,6,209.0,3.943396226415094,6.62279752627307,0,0.0,1.0,2,44.0,0.37081807577758064,2,180.0,0.38033917213538465,2,54.0,0.46639990311560353,6,278.0
1535.0,10,249.0,4.69811320754717,6.4751214818087295,1,10.0,0.2566335971501191,3,63.0,0.5447742932415007,2,124.0,0.20790004179975882,2,64.0,0.2699293370004083,8,261.0
1540.0,14,313.0,5.90566037735849,6.479085646206933,3,25.0,0.01827736060891146,3,78.0,0.6927060452004165,3,135.0,0.00014259283574668137,3,77.0,0.32595887469717216,12,315.0
1545.0,14,370.0,6.7272727272727275,6.16367971241507,3,40.0,0.008610969663353528,3,93.0,0.7288461618347775,3,150.0,0.0,3,92.0,0.38871395231144673,12,375.0
1550.0,12,181.0,3.290909090909091,6.766296333930763,6,70.0,0.001030256308331945,3,108.0,0.7425254427222708,1,82.0,0.3620019806944574,0,32.0,0.6806725983987196,10,292.0
1555.0,12,226.0,3.9649122807017543,7.082545494246201,6,100.0,0.00026311687440753166,3,120.0,0.6407853624581983,0,6.0,0.6824525502979432,0,0.0,0.9334292630005304,9,226.0
1560.0,17,298.0,5.418181818181818,6.516460588819295,6,130.0,3.498586017642038e-05,5,137.0,0.4462186361180005,3,13.0,0.24011819706266657,0,0.0,0.9258839679005944,14,280.0
1565.0,19,388.0,7.185185185185185,5.0115891501752365,6,160.0,6.826281318286789e-06,7,168.0,0.28290270576054877,3,28.0,0.0176145611613099,0,0.0,0.9450633848032937,16,356.0
1570.0,20,326.0,5.821428571428571,3.9838635256700274,0,72.0,0.029994971512545116,9,208.0,0.14842034194784215,5,53.0,2.3420182397459374e-06,0,0.0,0.8811092727378332,14,333.0
1575.0,17,314.0,5.607142857142857,4.431411504649453,0,0.0,1.0,11,257.0,0.12031685777000387,3,55.0,0.2269473038120613,0,0.0,0.9977900560389104,14,312.0
1580.0,8,67.0,1.2181818181818183,5.956863916757052,0,0.0,1.0,2,60.0,0.22526711384092069,3,20.0,0.20063242391219815,0,0.0,0.9466882603754413,5,80.0
1585.0,7,77.0,1.3508771929824561,6.476578441247034,0,0.0,1.0,0,19.0,0.6506260269602029,2,30.0,0.11335738188200291,0,0.0,0.8104657877028837,2,49.0
1590.0,15,141.0,2.4310344827586206,6.520639832895087,0,0.0,1.0,0,0.0,0.9532658084720635,5,61.0,0.3468121352758491,1,3.0,0.4282919079200161,6,64.0
1595.0,15,146.0,2.56140350877193,6.431105491585044,0,0.0,1.0,0,0.0,0.5091412723988297,1,25.0,0.7281842066078883,2,12.0,0.32097557275111194,3,37.0
1600.0,18,227.0,4.203703703703703,5.9457879825779365,0,0.0,1.0,0,6.0,0.7457688047785741,1,19.0,0.7567257252400534,2,22.0,0.3324962074032956,3,47.0
1605.0,19,318.0,5.888888888888889,5.536810120978051,0,0.0,1.0,1,10.0,0.6566584898085882,1,27.0,0.8137968037864942,2,32.0,0.16428958687432296,4,69.0
1610.0,16,295.0,5.784313725490196,5.453877304145234,0,0.0,1.0,1,15.0,0.7757286442945256,1,32.0,0.8077450967391152,3,45.0,0.27790183099202165,5,92.0
1615.0,12,306.0,6.0,6.254198959648768,0,0.0,1.0,1,20.0,0.8194063328768201,1,37.0,0.7885977128801519,3,60.0,0.3615490055124809,5,117.0
1620.0,14,370.0,7.4,5.960721601305081,0,0.0,1.0,1,22.0,0.7812609071578176,3,46.0,0.40047889883272475,3,75.0,0.3799575264080378,7,143.0
1625.0,15,444.0,8.072727272727272,5.898862513547719,0,0.0,1.0,1,27.0,0.7086811925604506,4,65.0,0.22478675569298434,3,90.0,0.43988802795896187,8,182.0
1630.0,15,367.0,6.796296296296297,5.370606606004556,0,0.0,1.0,4,42.0,0.4668622093601492,5,88.0,0.1268824125190962,0,0.0,0.7766138379907477,9,130.0
1635.0,12,152.0,2.814814814814815,6.029657802839638,0,0.0,1.0,5,64.0,0.36146056606099924,6,81.0,0.2932105177661439,0,0.0,0.8094772182151766,11,145.0
1640.0,14,179.0,3.3773584905660377,5.6285390074707635,0,0.0,0.08258759630645046,5,92.0,0.3924256217908362,9,119.0,0.11046210597671396,0,0.0,0.955386593804664,14,211.0
1645.0,17,260.0,4.814814814814815,5.346485676068513,1,5.0,0.0,5,117.0,0.3161973682315623,10,169.0,0.13881825576831222,0,0.0,0.9804121230857828,16,291.0
1650.0,16,331.0,6.0181818181818185,4.96324393152825,0,0.0,1.0,5,142.0,0.23867835731400378,11,273.0,0.16842006746790752,0,0.0,0.9838323176470469,16,415.0
1655.0,9,189.0,3.4363636363636365,5.677171341276253,0,0.0,1.0,7,175.0,0.28685984167994955,2,181.0,0.21684852122621218,0,0.0,0.9925560830624764,9,356.0
1660.0,9,205.0,3.4745762711864407,6.287836324005194,0,6.0,0.5929939601034042,7,208.0,0.23416191220888813,2,120.0,0.39458882039798127,0,0.0,0.9266446324288069,9,334.0
1665.0,3,26.0,0.4482758620689655,6.806654955457865,0,0.0,0.7070242032321157,1,31.0,0.5419537117256077,2,140.0,0.5703808020607313,0,0.0,0.4876419657479162,3,171.0
1670.0,8,51.0,0.8793103448275862,7.151534794740876,2,2.0,0.004918882791257519,1,36.0,0.7950556580774839,3,151.0,0.3800861175680355,1,5.0,0.6472466186643778,7,194.0
1675.0,7,84.0,1.423728813559322,7.772265963984835,2,12.0,0.0,1,38.0,0.8489336649679283,3,175.0,0.4625532620511461,1,10.0,0.674546481720751,7,235.0
1680.0,8,123.0,2.0847457627118646,7.929459831476722,2,22.0,0.0,1,56.0,0.7802111249606088,4,194.0,0.5259554439129175,1,15.0,0.699748733392941,8,287.0
1685.0,11,172.0,2.8666666666666667,7.844684535710957,2,32.0,0.0,2,66.0,0.7502402042438902,4,214.0,0.5210143151787378,2,21.0,0.46113936815708184,10,333.0
1690.0,8,144.0,2.4827586206896552,6.708542472134995,0,0.0,1.0,1,22.0,0.48196008009486185,4,250.0,0.5683376067095138,2,31.0,0.4757169153005516,7,303.0
1695.0,8,146.0,2.6545454545454548,6.3623567461213915,0,0.0,1.0,3,20.0,0.2514828987762066,5,270.0,0.5018854160153623,0,0.0,0.690705020817202,8,290.0
1700.0,10,191.0,3.6037735849056602,6.868036826157372,0,0.0,1.0,4,39.0,0.36905187206013756,6,302.0,0.31563603694497694,0,0.0,0.9500738265958795,10,341.0
1705.0,12,246.0,4.823529411764706,6.0387035970253455,0,0.0,1.0,5,61.0,0.274402140155167,7,335.0,0.20861775034838234,0,0.0,0.9590145949219824,12,396.0
1710.0,16,317.0,6.34,5.354875464225869,0,0.0,1.0,5,86.0,0.1661532439808089,11,384.0,0.15837082969998412,0,0.0,0.9614932182168445,16,470.0
1715.0,23,418.0,8.038461538461538,4.697037204719894,0,0.0,1.0,6,113.0,0.2170782185221144,16,457.0,0.1038963740622552,1,1.0,0.6501733076433986,23,571.0
1720.0,19,345.0,6.9,4.6309130213895395,0,0.0,1.0,6,143.0,0.2352216781874747,12,370.0,0.12277128659142912,1,6.0,0.5284320514833581,19,519.0
1725.0,16,317.0,6.215686274509804,5.332284045054892,0,0.0,1.0,6,173.0,0.13991617111838692,8,235.0,0.2063189020084834,2,13.0,0.32730034325342694,16,421.0
1730.0,19,409.0,7.865384615384615,5.23792242610185,0,0.0,1.0,6,203.0,0.026087870052619658,11,215.0,0.14634623686770182,2,23.0,0.25949469934039954,19,441.0
1735.0,20,508.0,9.584905660377359,4.682849307718088,0,0.0,1.0,7,237.0,0.16433192995829263,11,270.0,0.11908536916917502,2,33.0,0.33870441482948704,20,540.0
1740.0,22,611.0,11.75,4.29948729363225,0,0.0,1.0,7,272.0,0.2659326706040191,13,328.0,0.00043807597949383804,2,43.0,0.24600634740543886,22,643.0
1745.0,22,721.0,13.865384615384615,4.8525393178279055,0,0.0,1.0,7,307.0,0.21462148679222257,13,393.0,0.0,2,53.0,0.2554266652072348,22,753.0
1750.0,23,834.0,15.444444444444445,4.914868484311443,0,0.0,1.0,7,342.0,0.20058011419311128,13,458.0,0.06846992380372462,3,66.0,0.3061261335131115,23,866.0
1755.0,17,579.0,10.924528301886792,4.57389676568764,0,0.0,1.0,0,51.0,0.41568938589268895,13,523.0,0.0,3,81.0,0.366436885787542,16,655.0
1760.0,16,658.0,12.185185185185185,5.3468591854266885,0,0.0,1.0,0,0.0,0.9795676829615626,13,588.0,0.0,3,96.0,0.20713515496273643,16,684.0
1765.0,15,687.0,12.722222222222221,6.175065642320386,0,0.0,1.0,0,0.0,0.9574171881385356,13,662.0,0.21550349286477755,2,60.0,0.3263915189420239,15,722.0
1770.0,14,739.0,13.436363636363636,6.280792300593335,0,0.0,1.0,0,0.0,0.9618917089861703,13,733.0,0.2433654687398572,1,48.0,0.4966472196129027,14,781.0
1775.0,15,811.0,15.596153846153847,5.722039800132608,0,0.0,1.0,1,2.0,0.46570815356500583,13,798.0,0.20773063767191316,1,52.0,0.46841933150485815,15,852.0
1780.0,15,886.0,17.03846153846154,5.817440069511725,0,0.0,1.0,1,7.0,0.4975999323053055,13,864.0,0.19143857045861387,1,57.0,0.5275642859979773,15,928.0
1785.0,5,252.0,5.04,5.796567880942215,0,0.0,1.0,1,12.0,0.45976221142584706,3,451.0,0.22009240723190265,1,62.0,0.7012594749267984,5,525.0
1790.0,3,87.0,1.6730769230769231,6.223814839083574,0,9.0,0.5809108886903271,2,29.0,0.4735349735564842,0,187.0,0.2663302799498704,1,67.0,0.7098519442185897,3,292.0
1795.0,8,110.0,2.0754716981132075,6.789631283694027,3,12.0,0.23268235248397207,2,39.0,0.6618908416669107,1,9.0,0.3207253922919716,2,74.0,0.4832491096381357,8,134.0
1800.0,9,155.0,2.8703703703703702,6.8585483209794935,4,32.0,0.03869638590620248,2,49.0,0.7302239722779732,1,8.0,0.0,2,84.0,0.46935283391313404,9,173.0
1805.0,12,205.0,3.5964912280701755,6.250536211929178,5,53.0,0.009748860457806287,3,62.0,0.6332066288710205,1,13.0,0.0,3,95.0,0.27783646795310574,12,223.0
1810.0,14,171.0,3.1666666666666665,5.641236754213055,8,90.0,0.00793091145622108,3,77.0,0.6410529959869841,1,18.0,0.17466403702413869,0,5.0,0.534447212631483,12,190.0
1815.0,16,171.0,3.1666666666666665,5.716336229984287,11,138.0,0.0016143004276106632,0,9.0,0.9222268089960606,2,32.0,0.4276366700883161,0,0.0,0.9482389207264232,13,179.0
1820.0,20,258.0,4.6909090909090905,5.447245027799131,11,193.0,0.00036801149794823095,0,3.0,0.902018156055082,6,49.0,0.0003182603602666376,0,0.0,0.968608053059387,17,245.0
1825.0,11,140.0,2.413793103448276,6.008935940743372,5,143.0,0.017643557276026976,0,0.0,0.9264224051232602,2,42.0,0.5064436210207708,0,0.0,0.9896376546604728,7,185.0
1830.0,6,95.0,1.6379310344827587,7.390609312035028,0,81.0,0.15329007519411214,0,0.0,0.8211563679690949,2,26.0,0.6879361091905983,0,0.0,0.9532050373067743,2,107.0
1835.0,7,127.0,2.152542372881356,8.184578118893645,0,28.0,0.42850792521588466,0,7.0,0.9064816456663323,3,38.0,0.5945139770471736,0,0.0,0.964720631875949,3,73.0
1840.0,9,164.0,2.6451612903225805,7.735619753268009,0,0.0,1.0,0,7.0,0.8509884678190313,4,51.0,0.47561459008641166,0,0.0,0.9466163336341265,4,58.0
1845.0,9,174.0,2.9,7.537458249348901,0,0.0,1.0,1,4.0,0.7314037962880201,3,62.0,0.5438209621432007,0,0.0,0.6138852612382061,4,66.0
1850.0,9,212.0,3.593220338983051,7.337008101312298,0,3.0,0.8881417912542513,1,9.0,0.606481083827178,4,78.0,0.42894730651753826,0,0.0,0.9393924284052741,5,90.0
1855.0,5,104.0,1.793103448275862,7.491907286517548,0,0.0,1.0,0,0.0,0.9635055138438344,5,103.0,0.28919762422700035,0,0.0,0.9765596139389434,5,103.0
1860.0,6,131.0,2.519230769230769,7.118329707587399,0,0.0,1.0,0,0.0,0.9477802497439107,6,130.0,0.1944842180576882,0,0.0,0.9505172623572461,6,130.0
1865.0,0,0.0,0.0,6.745169377670588,0,0.0,1.0,0,0.0,0.937875988914003,0,9.0,0.49972857084023026,0,0.0,0.9384836497651499,0,9.0
1870.0,3,9.0,0.1836734693877551,7.102587129819922,0,9.0,0.5966980730696658,0,9.0,0.7411887749508468,1,38.0,0.7121964181362533,0,0.0,0.9729434538693046,1,56.0
1875.0,5,27.0,0.5294117647058824,7.388379745408767,0,0.0,0.8348527057289357,0,9.0,0.8382267140824802,2,45.0,0.5578808807194124,0,0.0,0.9713200771339839,2,54.0
1880.0,10,60.0,1.1764705882352942,7.315353338890124,0,0.0,1.0,2,14.0,0.6554357497196309,2,55.0,0.5623477603741402,1,1.0,0.4919804324973211,5,70.0
1885.0,8,77.0,1.6041666666666667,7.378175352410149,0,0.0,1.0,3,28.0,0.7058993068237129,0,45.0,0.6590565540805913,1,6.0,0.47925093493328313,4,79.0
1890.0,8,108.0,2.25,7.216594656691899,0,3.0,0.914552539961482,3,43.0,0.5979038975957877,1,2.0,0.4887699814824794,1,11.0,0.47937569492669274,5,59.0
1895.0,11,124.0,2.4313725490196076,6.882117177030826,1,5.0,0.00014761540507496194,2,27.0,0.6828641376157301,2,8.0,0.0011223941694667404,1,16.0,0.15440558730058065,6,56.0
1900.0,10,158.0,3.3617021276595747,6.899025459104888,1,10.0,0.0,2,68.0,0.49323602957159224,2,18.0,0.3196936812013781,0,0.0,0.7660956376187403,5,96.0
1905.0,13,217.0,4.931818181818182,6.782101464599841,1,15.0,0.0,3,82.0,0.40312927809984433,2,35.0,0.49378805551560156,0,0.0,0.9811420600088147,6,132.0
1910.0,8,154.0,3.422222222222222,6.642762363005201,1,20.0,0.0,3,65.0,0.4393345149384251,0,3.0,0.9257518752444541,0,0.0,0.9839516340466392,4,88.0
1915.0,4,94.0,2.1363636363636362,7.659347533669526,1,28.0,0.29938420755920775,3,73.0,0.4605715964730222,0,3.0,0.9629103694661103,0,0.0,0.9594749617239042,4,104.0
1920.0,9,126.0,2.9302325581395348,6.9860602818642406,1,36.0,0.06694104057032228,6,96.0,0.32956292549339117,0,3.0,0.9849035378955597,0,0.0,0.9789974106354089,7,135.0
1925.0,8,131.0,3.1951219512195124,6.623391232005717,0,3.0,0.06565858737083577,6,126.0,0.3778099189624035,0,3.0,0.9637368089575893,0,0.0,0.9629387540954295,6,132.0
1930.0,9,165.0,3.75,6.5898651547013465,0,0.0,0.9064000411267741,6,156.0,0.3105967132505338,0,3.0,0.9356927964557398,0,0.0,0.8168315296222433,6,159.0
1935.0,13,131.0,3.046511627906977,6.733904357545094,0,0.0,0.9631203514926795,5,135.0,0.42747784305266573,0,0.0,0.9154362791506528,1,2.0,0.48144957192405935,6,137.0
1940.0,12,111.0,2.5813953488372094,6.809769167798168,0,0.0,1.0,2,71.0,0.5104886052125392,0,0.0,0.9449150076297886,1,5.0,0.47802814672699323,3,76.0
1945.0,12,155.0,3.369565217391304,6.664140030501439,0,0.0,1.0,4,53.0,0.429726139774061,0,3.0,0.6393030995221806,1,7.0,0.5917696289902561,5,63.0
1950.0,7,120.0,2.727272727272727,6.723550867480369,0,0.0,1.0,4,109.0,0.4388996921793495,1,7.0,0.6950278850040008,0,0.0,0.9685931709909552,5,116.0
1955.0,4,66.0,1.5348837209302326,6.258177148717275,0,0.0,1.0,0,36.0,0.5879613624687947,1,15.0,0.6880381465965422,0,0.0,0.9710683854028908,1,51.0
1960.0,4,20.0,0.5,6.903621857939004,0,0.0,1.0,0,36.0,0.7721062145366702,3,23.0,0.5753758629192351,0,0.0,0.9793378143872502,3,59.0
1965.0,4,35.0,0.813953488372093,7.403190085564287,0,0.0,1.0,1,39.0,0.5742053547898225,3,44.0,0.6040159322005241,0,0.0,0.9733978387592707,4,83.0
1970.0,3,34.0,0.7727272727272727,7.403372667978232,0,0.0,1.0,2,46.0,0.4763052140680733,1,30.0,0.7107487813158315,0,0.0,0.9399158487239689,3,76.0
1975.0,3,49.0,1.0425531914893618,7.621549010084413,0,0.0,1.0,2,59.0,0.34132502747687826,1,35.0,0.7986003234026287,0,0.0,0.4750026584206665,3,94.0
1980.0,5,70.0,1.4893617021276595,8.002622658518906,0,0.0,1.0,3,74.0,0.4628004569234314,1,40.0,0.7441915077269812,1,4.0,0.49052250662909713,5,118.0
1985.0,5,95.0,2.159090909090909,7.872122023229702,0,0.0,0.8017100786331819,3,89.0,0.5978499482626961,1,45.0,0.7058314001840855,1,9.0,0.6439424981610594,5,143.0
1990.0,9,130.0,2.9545454545454546,7.1589444841741345,1,2.0,0.00022729149634131737,3,104.0,0.5783717612767288,2,51.0,0.5803567101806065,2,16.0,0.32174531535313994,8,173.0
1995.0,5,82.0,1.8636363636363635,7.698443366223166,1,7.0,0.0,1,54.0,0.6767500155782629,3,64.0,0.3365603122002589,0,0.0,0.9572262240281828,5,125.0
2000.0,4,85.0,1.9767441860465116,7.921615717307784,1,12.0,0.0,0,13.0,0.7205517903887111,3,82.0,0.4014951378494782,0,0.0,0.9957303568172537,4,107.0
2005.0,8,100.0,2.5,7.202594226998028,0,0.0,1.0,2,14.0,0.3894907510555541,6,103.0,0.2811685667978159,0,0.0,0.9149754001256847,8,117.0
2010.0,10,147.0,3.769230769230769,7.100459471951785,0,0.0,1.0,3,24.0,0.1940372551022253,7,131.0,0.2759989477797022,0,0.0,0.9093777650307567,10,155.0
2015.0,1,69.0,1.725,7.316085638893668,0,0.0,1.0,0,6.0,0.5010905336702232,1,82.0,0.4268611377249115,0,0.0,0.9658453709466369,1,88.0
2020.0,2,75.0,1.829268292682927,7.420879820656256,0,9.0,0.5731358704839176,0,6.0,0.7011110570422282,2,75.0,0.3227610449175384,0,0.0,0.949755564376633,2,90.0
2025.0,3,86.0,2.097560975609756,8.251976591044755,1,10.0,0.1965418511507613,0,40.0,0.8484368482185332,2,88.0,0.5636540907284768,0,0.0,0.9766857434322531,3,138.0
2030.0,5,111.0,2.707317073170732,8.345768320759996,3,25.0,0.024335867230544973,0,40.0,0.930438138106351,2,98.0,0.48738887667631187,0,0.0,0.6858224045805015,5,163.0
2035.0,7,141.0,3.1333333333333333,7.896546296382065,4,41.0,0.0037649811867229146,0,40.0,0.6106055821537011,2,108.0,0.4855876189717476,1,4.0,0.7281726024264652,7,193.0
2040.0,6,61.0,1.4186046511627908,7.971809342231314,5,66.0,0.0009017781851425117,1,10.0,0.6919047257113126,0,23.0,0.7138547054401366,0,0.0,0.9201456594657269,6,99.0
2045.0,4,17.0,0.38636363636363635,7.6785600420572075,0,19.0,0.0234103147859112,1,15.0,0.654849785956099,3,14.0,0.48633635401559694,0,0.0,0.9409323791301585,4,48.0
2050.0,5,39.0,0.8666666666666667,7.544504951432551,0,0.0,1.0,2,22.0,0.38565500652502005,3,29.0,0.2767135228916816,0,0.0,0.9398537875661255,5,51.0
2055.0,9,77.0,1.75,6.616608967417278,0,0.0,1.0,3,37.0,0.24390244240030848,6,52.0,0.19499034066166668,0,0.0,0.9567558733942092,9,89.0
2060.0,11,85.0,1.8478260869565217,6.514274884119788,0,0.0,1.0,4,55.0,0.2613730261310239,3,35.0,0.3408716935482004,1,2.0,0.49649546281808477,8,92.0
2065.0,11,133.0,2.891304347826087,6.265807857101144,0,6.0,0.5560121138508651,4,75.0,0.32032406345930925,3,39.0,0.20104096699826254,1,7.0,0.47749825978583776,8,127.0
2070.0,11,171.0,3.489795918367347,6.058098394648384,0,6.0,0.07153401966440004,4,98.0,0.3902480061416624,5,59.0,0.1533509560418141,1,5.0,0.4990032582855518,10,168.0
2075.0,10,128.0,2.782608695652174,6.641948207772688,3,17.0,0.002496494249036275,0,3.0,0.8383224881508213,5,84.0,0.0,1,10.0,0.6439495583655647,9,114.0
2080.0,9,118.0,2.6818181818181817,6.562218450278121,3,32.0,0.06118994516224025,0,3.0,0.8479026934377866,3,69.0,0.030504964250011715,2,18.0,0.31595407919207213,8,122.0
2085.0,8,98.0,2.3333333333333335,7.259968249759132,3,47.0,0.0,2,6.0,0.5954963943661029,1,41.0,0.5662212217814986,2,28.0,0.3186277507291107,8,122.0
2090.0,8,138.0,3.2857142857142856,7.451265280040324,3,62.0,0.0,2,16.0,0.6840174597298724,1,30.0,0.737570554718638,2,38.0,0.4856549027090844,8,146.0
2095.0,8,178.0,4.045454545454546,7.26583647282313,3,77.0,0.0,2,26.0,0.5694311623714458,1,35.0,0.723906477689417,2,48.0,0.36369353651123004,8,186.0
2100.0,9,221.0,5.0227272727272725,7.479406715683757,3,92.0,0.0,3,39.0,0.5132966201869164,1,40.0,0.7362584634349607,2,58.0,0.25971011951088285,9,229.0
2105.0,4,90.0,2.0454545454545454,7.760789987072689,0,31.0,0.07360624591114762,3,54.0,0.5151157682350294,1,45.0,0.7381859590473461,0,1.0,0.47964757684642373,4,131.0
2110.0,6,116.0,2.4680851063829787,7.740298163395438,0,0.0,0.9796172457117773,5,75.0,0.3402907924720598,1,50.0,0.5224585391470592,0,0.0,0.9691232956469082,6,125.0
2115.0,10,160.0,3.5555555555555554,7.3817436929209315,0,0.0,1.0,9,114.0,0.23813306997746353,1,49.0,0.559431705493006,0,0.0,0.939636153873519,10,163.0
2120.0,6,117.0,2.5434782608695654,7.895273633646999,0,0.0,0.969480210948079,5,81.0,0.42246022294808877,1,54.0,0.0,0,0.0,0.9857852783109572,6,135.0
2125.0,4,61.0,1.2708333333333333,8.060867460110346,0,0.0,1.0,4,61.0,0.5311079435726679,0,0.0,0.8971693336480555,0,0.0,0.9829227431344106,4,61.0
2130.0,5,80.0,1.6326530612244898,8.54944395839708,0,0.0,1.0,4,77.0,0.5265620367773385,1,6.0,0.47627654889361126,0,0.0,0.9391268916501658,5,83.0
2135.0,6,107.0,2.2291666666666665,9.032514611009466,0,0.0,1.0,4,97.0,0.5934338108430294,2,13.0,0.6364218252838487,0,0.0,0.9878504274271688,6,110.0
2140.0,7,138.0,3.1363636363636362,8.619529277288459,0,0.0,1.0,4,117.0,0.42380881105640206,2,23.0,0.6158630014809109,1,1.0,0.46752702740461455,7,141.0
2145.0,3,36.0,0.7659574468085106,8.321808924636944,0,0.0,1.0,0,0.0,0.5612858463307975,2,33.0,0.7078308306203591,1,6.0,0.6327799772384622,3,39.0
2150.0,4,52.0,1.1063829787234043,8.066125386926807,0,0.0,1.0,0,0.0,0.6257204454745698,3,44.0,0.5825533814466285,1,11.0,0.42673686914905384,4,55.0
2155.0,5,76.0,1.5833333333333333,8.571144674228185,0,0.0,1.0,0,0.0,0.9873430566898095,3,68.0,0.6616999297929035,2,20.0,0.313354227236643,5,88.0
2160.0,6,104.0,2.311111111111111,8.410143493572912,0,0.0,1.0,0,0.0,0.968998840436009,4,83.0,0.5327022714007387,2,30.0,0.31415544666606515,6,113.0
2165.0,7,99.0,2.106382978723404,7.220071166907021,0,0.0,1.0,0,0.0,0.9729664493704104,6,107.0,0.4311130159923253,0,0.0,0.6185290308359103,6,107.0
2170.0,8,96.0,2.0869565217391304,7.327319086492717,0,0.0,1.0,1,1.0,0.4926433785594022,4,99.0,0.5312762666728738,0,0.0,0.8761169372194489,5,100.0
2175.0,9,139.0,3.088888888888889,7.56618762592104,0,0.0,0.3415592379583125,1,9.0,0.7335068059159773,4,113.0,0.5161729440726702,0,0.0,0.9280326041369756,5,122.0
2180.0,13,190.0,4.4186046511627906,6.849871029744417,1,3.0,1.3130372473020073e-05,2,15.0,0.5402585174639131,5,131.0,0.42550561571622986,0,0.0,0.9097969580411205,8,149.0
2185.0,10,225.0,5.0,6.651129427917984,0,0.0,0.802650972504028,0,3.0,0.6976953455632027,5,150.0,0.0,0,0.0,0.98757453584791,5,153.0
2190.0,13,282.0,6.409090909090909,6.147593406413038,0,0.0,1.0,1,7.0,0.7590624456623436,5,175.0,0.03811577639327044,0,0.0,0.9746145505331795,6,182.0
2195.0,9,247.0,5.613636363636363,6.7707310512144,0,0.0,1.0,1,12.0,0.7954863041340999,5,206.0,0.33823788553502554,1,1.0,0.48314887938695933,7,219.0
2200.0,10,293.0,6.104166666666667,6.772345391992588,0,0.0,1.0,1,14.0,0.7968956120128899,5,253.0,0.4488510865156505,2,7.0,0.0951237462733469,8,274.0
2205.0,15,355.0,7.717391304347826,6.116198056645155,0,0.0,1.0,1,19.0,0.4812932784020139,7,304.0,0.31120150214789816,2,17.0,0.34609541370868835,10,340.0
2210.0,14,275.0,5.978260869565218,5.896039072268466,0,0.0,1.0,1,24.0,0.484265601984253,7,282.0,0.26239420332959346,2,27.0,0.4699118409833061,10,333.0
2215.0,8,249.0,5.413043478260869,6.893445187397191,0,0.0,1.0,1,29.0,0.663269254290289,6,258.0,0.33148502290153486,0,0.0,0.9529683647968831,7,287.0
2220.0,8,274.0,5.956521739130435,7.265839203845812,0,0.0,1.0,1,34.0,0.5028040581609498,7,292.0,0.3438964675394951,0,0.0,0.939696605008959,8,326.0
2225.0,10,316.0,6.869565217391305,6.674731892569718,0,0.0,1.0,1,39.0,0.6188545168233277,9,329.0,0.20149152457803313,0,0.0,0.964314513925387,10,368.0
2230.0,13,377.0,8.377777777777778,6.19425704661517,0,0.0,1.0,1,44.0,0.5123162828140876,11,406.0,0.184032939591458,0,0.0,0.940107925867005,12,450.0
2235.0,15,448.0,9.142857142857142,5.6765621973835145,0,0.0,1.0,2,52.0,0.4509587649075454,12,464.0,0.07414965990446835,0,0.0,0.9447498165604281,14,516.0
2240.0,19,538.0,10.76,5.555226329328047,0,0.0,1.0,3,65.0,0.23708307453629127,13,529.0,0.15506022394038907,0,0.0,0.9193394627824087,16,594.0
2245.0,17,557.0,11.36734693877551,5.044567715594461,0,0.0,1.0,0,12.0,0.5628533773331381,14,598.0,0.1565751914921662,0,0.0,0.9493638412718889,14,610.0
2250.0,16,387.0,7.74,4.615445708748402,0,0.0,1.0,0,0.0,0.4699565066747788,13,546.0,0.08509647608631506,1,1.0,0.33438854930588197,14,547.0
2255.0,15,223.0,4.2075471698113205,5.204675168349158,0,0.0,1.0,1,3.0,0.21117613203080213,10,446.0,0.15967255436068065,2,10.0,0.07942328403776226,13,459.0
2260.0,14,279.0,5.470588235294118,5.944851371895034,0,0.0,0.8017936613684126,1,8.0,0.6745782643654229,10,384.0,0.22443063319958023,3,25.0,0.18070992964070207,14,417.0
2265.0,14,349.0,6.711538461538462,6.118846245070491,0,0.0,0.009458813435560876,1,13.0,0.7705968780959482,10,320.0,0.22182473842260247,3,40.0,0.2403988516440169,14,373.0
2270.0,14,405.0,7.6415094339622645,6.1899849966854115,0,0.0,1.0,1,18.0,0.596910149719622,10,356.0,0.18038555338835985,3,55.0,0.39202061515093417,14,429.0
2275.0,17,488.0,9.20754716981132,6.153375146652278,0,0.0,1.0,2,28.0,0.5664347594941694,12,414.0,0.07735649125926601,3,70.0,0.3868239967721657,17,512.0
2280.0,21,582.0,10.777777777777779,5.361463234405352,0,0.0,1.0,3,43.0,0.6307464431260433,13,475.0,0.001799810497326585,4,86.0,0.19242541905409674,20,604.0
2285.0,21,674.0,12.961538461538462,5.037906269046842,0,0.0,1.0,2,43.0,0.6768009586808186,14,542.0,0.05684579602379558,4,106.0,0.19308196729299792,20,691.0
2290.0,25,791.0,14.924528301886792,3.9087200633873698,0,0.0,1.0,3,55.0,0.39371143619764354,15,615.0,0.00017500794484265483,4,126.0,0.08294461033458637,22,796.0
2295.0,27,925.0,18.5,3.5572960021346587,0,0.0,1.0,3,70.0,0.16613923603159944,15,690.0,0.057966576143956935,4,146.0,0.11201234493468572,22,906.0
2300.0,30,1069.0,21.38,3.5607492997816426,0,0.0,1.0,5,91.0,0.15754564112237307,15,765.0,0.058259309556546686,5,169.0,0.16731646381894574,25,1025.0
2305.0,30,1202.0,22.67924528301887,3.6663517977993387,0,0.0,1.0,5,99.0,0.15633758091460073,15,840.0,0.029535562799262338,5,194.0,0.19065665381749328,25,1133.0
2310.0,29,1272.0,23.555555555555557,3.3430028564406133,0,0.0,1.0,4,119.0,0.21403301316670964,14,870.0,0.08637256454694754,5,219.0,0.2602997148048263,23,1208.0
2315.0,23,1042.0,19.660377358490567,3.7351890050141923,0,0.0,1.0,5,141.0,0.14667952425884925,12,848.0,0.11278129754612826,0,80.0,0.3368903880944335,17,1069.0
2320.0,27,1166.0,22.862745098039216,3.5699280012008363,0,0.0,0.2036749895196322,5,166.0,0.1613031241658112,12,892.0,0.09592817534329204,2,66.0,0.2682358915844506,19,1124.0
2325.0,18,973.0,18.01851851851852,4.195769044030623,1,3.0,0.0013786185360778447,0,25.0,0.39356251624831673,13,957.0,0.08251875396752804,1,70.0,0.497279425066113,15,1055.0
2330.0,17,1023.0,18.267857142857142,4.679870614083582,0,0.0,1.0,0,0.0,0.531755123825985,15,1027.0,0.0691811194731029,2,80.0,0.3107007693664426,17,1107.0
2335.0,18,1109.0,19.803571428571427,5.216096333162727,0,0.0,1.0,0,0.0,0.7108154769723329,16,1109.0,0.23593659085490784,2,90.0,0.30438894006017037,18,1199.0
2340.0,20,1204.0,21.89090909090909,5.62686549911685,0,0.0,1.0,0,0.0,0.8366742535070248,17,1224.0,0.3018798416916051,3,102.0,0.37390796794972336,20,1326.0
2345.0,24,1311.0,23.410714285714285,5.048841214547433,0,0.0,1.0,1,2.0,0.6538683571305867,19,1313.0,0.22480222678669795,4,118.0,0.2661411726004239,24,1433.0
2350.0,25,1435.0,25.17543859649123,5.052604127049888,0,0.0,1.0,1,7.0,0.5133312334993588,20,1412.0,0.18828977499782945,4,138.0,0.3162858545885912,25,1557.0
2355.0,24,1541.0,26.56896551724138,4.835555248808457,0,0.0,1.0,1,12.0,0.7203409902900335,19,1514.0,0.20323337919008028,4,158.0,0.16141346177049842,24,1684.0
2360.0,25,1666.0,28.23728813559322,5.119265963396879,0,3.0,0.8927838046681524,1,17.0,0.6537285613649,19,1557.0,0.1111141284853459,5,183.0,0.17065297905616017,25,1760.0
2365.0,27,1794.0,30.93103448275862,4.251275329995782,1,4.0,7.876496790378758e-05,1,50.0,0.5671493230679836,20,1654.0,0.11736813199859854,5,208.0,0.13226789259429228,27,1916.0
2370.0,31,1936.0,33.96491228070175,4.160064146740968,1,9.0,0.0,2,31.0,0.5353923963824595,23,1760.0,0.13301956736808382,5,233.0,0.14908307111155836,31,2033.0
2375.0,32,1996.0,34.41379310344828,4.044985348036374,1,14.0,0.030556292463087276,3,43.0,0.47104273594575324,22,1807.0,0.1325076671558821,6,259.0,0.13579405249331977,32,2123.0
2380.0,32,2131.0,34.9344262295082,4.155409437526079,2,24.0,8.056498631873234e-06,3,61.0,0.4477745966228586,21,1859.0,0.11691116368938079,6,289.0,0.18079634708521375,32,2233.0
2385.0,33,2295.0,37.016129032258064,4.604255138707016,2,34.0,0.0,4,115.0,0.4102356955808038,21,1964.0,0.076512489381987,6,319.0,0.25336654617828036,33,2432.0
2390.0,35,2466.0,39.774193548387096,4.109114664258138,2,44.0,0.0,5,140.0,0.36080467434786495,22,2071.0,0.09249248748512405,6,349.0,0.20769381220430827,35,2604.0
2395.0,27,954.0,14.454545454545455,2.9665467568243935,2,54.0,0.0,6,130.0,0.14771398635281852,11,1176.0,0.015445090259627103,8,381.0,0.1870379227900773,27,1741.0
2400.0,18,581.0,8.671641791044776,3.9619033406301805,2,70.0,0.2950074154944688,7,173.0,0.3354700022552236,2,507.0,0.1161682753398001,7,416.0,0.21755486519798914,18,1166.0
2405.0,15,520.0,7.878787878787879,4.918304349170279,3,85.0,0.06661995419264335,3,112.0,0.5531828867715999,2,116.0,0.24911656504136181,7,451.0,0.17070657817426257,15,764.0
2410.0,19,596.0,8.895522388059701,5.171460026812229,4,104.0,0.026388393209223506,3,52.0,0.6960566521783821,4,107.0,0.07512300835766468,8,489.0,0.16503668166394014,19,752.0
2415.0,22,669.0,9.557142857142857,5.471807986239972,6,131.0,0.018103570136323906,4,69.0,0.6663756629044061,3,112.0,0.20350854188475334,9,533.0,0.1695131769971089,22,845.0
2420.0,30,808.0,11.222222222222221,5.087883459676409,10,176.0,0.005027391830051083,4,92.0,0.6539738728377641,6,138.0,0.23620761131269438,9,578.0,0.1866063691435371,29,984.0
2425.0,33,957.0,13.10958904109589,4.758713281054507,12,232.0,0.0013471632151806185,4,101.0,0.5054222461490532,6,168.0,0.2378334983860826,9,623.0,0.2353184062638062,31,1124.0
2430.0,30,644.0,8.821917808219178,4.223645116625637,12,292.0,0.0003558062694873916,7,128.0,0.28129397545442414,6,201.0,0.3150822866393219,3,299.0,0.2894708884183932,28,920.0
2435.0,28,667.0,9.013513513513514,3.8256988977165336,12,352.0,8.327383096212974e-05,8,168.0,0.10716246412571581,6,234.0,0.2748802903869685,0,119.0,0.44534330500468994,26,873.0
2440.0,28,554.0,7.386666666666667,3.7140235246263416,6,225.0,0.014677021862200454,10,213.0,0.07097027533942671,9,270.0,0.2093397495154489,0,0.0,0.7039336390971727,25,708.0
2445.0,20,426.0,5.68,3.8391435205225246,0,139.0,0.16723222517864503,12,273.0,0.06830345507111403,5,147.0,0.11511152278973295,0,0.0,0.9498076893403901,17,559.0
2450.0,16,381.0,5.0131578947368425,4.963583083973016,0,71.0,0.3751257536322336,14,350.0,0.20726779331114617,1,54.0,0.366149990799342,0,0.0,0.5847399398037807,15,475.0
2455.0,16,435.0,5.64935064935065,6.841087819340518,0,4.0,0.6626530914962435,13,390.0,0.3506820472846477,1,58.0,0.45388744729760017,1,5.0,0.6273784333496009,15,457.0
2460.0,17,518.0,6.815789473684211,7.068305099553005,0,0.0,1.0,13,455.0,0.3687600105886721,1,60.0,0.0,2,13.0,0.3336397514960341,16,528.0
2465.0,18,605.0,7.756410256410256,6.847639847010316,0,0.0,1.0,13,520.0,0.36968814181992427,1,65.0,0.0,2,23.0,0.3205348064142193,16,608.0
2470.0,22,706.0,9.413333333333334,6.206784034285259,0,0.0,1.0,14,590.0,0.3628614875337015,1,70.0,0.4623975115803425,2,33.0,0.37294009457205257,17,693.0
2475.0,23,820.0,11.714285714285714,5.489098992570896,0,0.0,1.0,14,660.0,0.2851879033290425,1,75.0,0.48058158448354327,2,43.0,0.26252909587112244,17,778.0
2480.0,23,935.0,14.166666666666666,4.6297911060862225,0,0.0,1.0,14,730.0,0.1685411072261245,1,80.0,0.3853994462649963,2,53.0,0.253795662394849,17,863.0
2485.0,27,995.0,16.048387096774192,3.3290536179687846,0,0.0,1.0,19,808.0,0.0638780814413003,1,85.0,0.0,3,67.0,0.3808834214968712,23,960.0
2490.0,21,954.0,15.387096774193548,3.5869465489472967,0,0.0,1.0,19,898.0,0.06710382495158079,1,90.0,0.0,0,8.0,0.6785642497866555,20,996.0
2495.0,14,298.0,4.806451612903226,4.358240434091258,0,0.0,1.0,12,494.0,0.09831093677090098,1,101.0,0.4926769292099554,0,0.0,0.9846340067814829,13,595.0
2500.0,9,126.0,2.0,4.911456389554365,0,0.0,1.0,3,253.0,0.24687153749741367,4,137.0,0.12545106162651862,0,0.0,0.9504521471676163,7,390.0
2505.0,5,38.0,0.5757575757575758,6.559950257101974,0,0.0,1.0,1,87.0,0.42048898907736604,2,70.0,0.45504381509449654,0,0.0,0.9470309504317957,3,157.0
2510.0,5,33.0,0.5,7.695963176285958,0,3.0,0.9353209104643178,1,35.0,0.5272698085845227,2,37.0,0.6696726820318668,1,1.0,0.47355985206877743,4,76.0
2515.0,5,50.0,0.7575757575757576,7.924018651876967,0,0.0,1.0,1,27.0,0.4789495123355267,3,49.0,0.7019329875485062,1,6.0,0.47832338809544156,5,82.0
2520.0,8,87.0,1.380952380952381,7.706269064167507,0,0.0,1.0,2,17.0,0.558084237501844,3,61.0,0.6831731111592031,1,11.0,0.46970462542591845,6,89.0
2525.0,13,142.0,2.1515151515151514,7.129357724658548,0,0.0,1.0,3,29.0,0.5388412278394007,3,76.0,0.6869547748069479,1,16.0,0.3167193030465507,7,121.0
2530.0,10,161.0,2.639344262295082,6.852144717139103,0,0.0,1.0,4,49.0,0.5085180706816097,3,91.0,0.5495655580431189,2,25.0,0.3268396772232445,9,165.0
2535.0,12,164.0,2.8275862068965516,5.709474238926381,0,0.0,1.0,1,3.0,0.5256635343023943,7,118.0,0.25243612330872783,2,35.0,0.3095984250862564,10,156.0
2540.0,13,209.0,3.6666666666666665,5.488469410446588,0,0.0,1.0,2,12.0,0.5650158492063054,7,153.0,0.05461747721996199,2,45.0,0.4856129983439016,11,210.0
2545.0,15,272.0,4.771929824561403,5.44900016281272,0,0.0,1.0,2,22.0,0.419332895339495,9,197.0,0.07912264211542003,2,55.0,0.3249486771276554,13,274.0
2550.0,15,336.0,5.694915254237288,5.93233978368559,0,0.0,1.0,2,32.0,0.47130989734835554,11,248.0,0.1385749887309305,2,65.0,0.33420633615654777,15,345.0
2555.0,14,341.0,5.879310344827586,6.093190766602451,0,0.0,1.0,2,42.0,0.3812092787926105,12,308.0,0.1413551803081696,0,2.0,0.6574755919745884,14,352.0
2560.0,15,413.0,7.120689655172414,6.250073223991522,0,0.0,1.0,3,54.0,0.235509684033419,12,374.0,0.2219290078049745,0,0.0,0.8305379946751251,15,428.0
2565.0,15,488.0,9.20754716981132,5.784651087710363,0,0.0,1.0,3,69.0,0.3801201402964944,12,434.0,0.1560768281660489,0,0.0,0.9766853507636575,15,503.0
2570.0,16,564.0,10.444444444444445,5.523460097657126,0,0.0,1.0,3,84.0,0.3824001521893319,13,495.0,0.10942109422061463,0,0.0,0.630003475281197,16,579.0
2575.0,17,555.0,9.736842105263158,5.772887886729888,0,0.0,1.0,1,43.0,0.5532397270914551,15,523.0,0.09624940653597644,1,4.0,0.6207535944610977,17,570.0
2580.0,20,646.0,11.137931034482758,4.95693042883774,0,3.0,0.9879812747521712,2,50.0,0.30705646942719694,16,601.0,0.0382681184995155,1,9.0,0.4094596545210107,19,663.0
2585.0,24,758.0,12.847457627118644,4.53413828061244,1,5.0,0.0007772658348941747,3,63.0,0.23483842350245085,16,684.0,0.05259965247686225,2,16.0,0.508560769475756,22,768.0
2590.0,23,854.0,14.982456140350877,4.41120490852946,0,0.0,1.0,3,78.0,0.2577717791025573,17,768.0,0.048119441738616646,2,26.0,0.5485627036301491,22,872.0
2595.0,9,243.0,3.9193548387096775,5.525153889664487,0,0.0,1.0,1,75.0,0.2956822298343591,6,381.0,0.0827980588563379,2,36.0,0.41979205701220385,9,492.0
2600.0,1,68.0,1.0793650793650793,6.629732285455845,0,6.0,0.517227050561825,1,71.0,0.4344518837063327,0,218.0,0.33362166387033054,0,0.0,0.8229637458489542,1,295.0
2605.0,2,76.0,1.1875,8.461432422147958,0,0.0,0.6898401025474744,2,85.0,0.6327835349333728,0,47.0,0.6064332026617335,0,0.0,0.9632021735717864,2,132.0
2610.0,3,88.0,1.3968253968253967,9.320191667211027,0,0.0,0.8354496747656047,2,95.0,0.7821318901190593,0,6.0,0.9337747502805152,0,0.0,0.9788460434675669,2,101.0
2615.0,2,96.0,1.5238095238095237,9.500570992754605,0,0.0,1.0,2,154.0,0.794533458484553,0,3.0,0.7597532303320296,0,0.0,0.9479395420935861,2,157.0
2620.0,5,115.0,1.8253968253968254,8.849723691916948,0,0.0,1.0,2,164.0,0.7752464215193887,2,7.0,0.47470013266276173,0,0.0,0.9368413498722625,4,171.0
2625.0,7,148.0,2.3870967741935485,8.16899957409131,0,0.0,1.0,2,174.0,0.7551447887754351,2,14.0,0.49281809257060516,0,0.0,0.4906677476274659,4,188.0
2630.0,12,197.0,3.2295081967213113,7.156213136742658,0,0.0,1.0,3,180.0,0.6674118042032159,4,30.0,0.20164637771294847,1,5.0,0.6506376579399643,8,215.0
2635.0,10,177.0,3.1052631578947367,6.000400768654498,0,0.0,1.0,3,105.0,0.320658523901785,2,23.0,0.42220325372893325,1,10.0,0.5926972187154719,6,138.0
2640.0,13,239.0,4.192982456140351,6.699107830761836,0,3.0,0.5987152215702213,5,129.0,0.3118337679342729,2,18.0,0.5922778331701828,2,18.0,0.320832894622529,9,168.0
2645.0,14,253.0,4.865384615384615,6.328343498395574,1,7.0,0.012649980376848259,7,161.0,0.31299825570350887,2,28.0,0.5761468695343285,2,28.0,0.3322097092443529,12,224.0
2650.0,14,284.0,5.461538461538462,6.32672344532982,2,17.0,1.0532648698076758e-05,8,197.0,0.31637604031168665,2,38.0,0.5801090321057689,2,38.0,0.2647851411862204,14,290.0
2655.0,16,360.0,7.0588235294117645,5.746398377873036,2,27.0,0.06075546070661367,9,240.0,0.09510292495912204,2,48.0,0.5656635797847226,3,51.0,0.1341739832485242,16,366.0
2660.0,17,445.0,9.081632653061224,5.683641168903383,2,37.0,0.006665280046536569,10,290.0,0.11109383023608797,2,58.0,0.4674049691809284,3,66.0,0.3766187474953585,17,451.0
2665.0,18,498.0,9.576923076923077,5.784523704228736,0,2.0,0.027925467106467875,11,340.0,0.14626239463335478,3,72.0,0.3742842885184358,3,81.0,0.43061735033122667,17,495.0
2670.0,17,583.0,11.211538461538462,5.912394123676275,0,0.0,1.0,10,403.0,0.0930504899998114,3,87.0,0.3694486775440987,3,96.0,0.4456295692786521,16,586.0
2675.0,17,530.0,9.814814814814815,5.6056383592185,0,0.0,1.0,10,321.0,0.20652660856548882,3,102.0,0.2439346162517095,3,111.0,0.24749607010945018,16,534.0
2680.0,18,600.0,11.320754716981131,5.2391519492199246,0,0.0,1.0,11,372.0,0.19781878641188733,3,104.0,0.3834634433662628,3,126.0,0.16441288983211627,17,602.0
2685.0,21,703.0,12.553571428571429,5.421380691016744,0,3.0,0.6705722559091538,11,421.0,0.24775969257778113,3,119.0,0.47882125630559536,5,149.0,0.14839383899242228,19,692.0
2690.0,16,612.0,10.928571428571429,5.132142810390436,0,0.0,1.0,11,476.0,0.19152524292402806,3,134.0,0.4837789287598482,1,17.0,0.18183074384482864,15,627.0
2695.0,8,222.0,4.036363636363636,5.384920380464572,0,0.0,1.0,5,285.0,0.17477064524803,3,158.0,0.4700144162172379,0,8.0,0.6020229518734836,8,451.0
2700.0,9,213.0,4.176470588235294,6.4107004363634825,0,0.0,1.0,5,114.0,0.4150077631865953,4,167.0,0.43133009926148724,0,0.0,0.9559371782890267,9,281.0
2705.0,9,117.0,2.1666666666666665,7.098744285273789,0,0.0,1.0,6,90.0,0.4195958443004127,3,121.0,0.4675694710387035,0,0.0,0.9593884488086977,9,211.0
2710.0,8,129.0,2.3454545454545452,8.51836912939946,0,0.0,1.0,6,123.0,0.5192720555786854,2,31.0,0.701755234369607,0,0.0,0.9500584344356137,8,154.0
2715.0,6,79.0,1.462962962962963,7.7657793152664105,0,0.0,1.0,2,79.0,0.6428812458255196,3,35.0,0.5562102302160328,1,2.0,0.4693882126589444,6,116.0
2720.0,5,84.0,1.5272727272727273,8.359733078696369,0,0.0,1.0,1,30.0,0.7863161859005845,3,50.0,0.4647536530144179,1,5.0,0.6382893923370706,5,85.0
2725.0,7,91.0,1.7169811320754718,7.627408226656569,0,0.0,1.0,2,39.0,0.7006488204278818,3,48.0,0.5185627988425079,1,10.0,0.3933352340361373,6,97.0
2730.0,6,106.0,2.0784313725490198,7.170936745512404,0,0.0,1.0,3,52.0,0.42452776238384765,3,60.0,0.5168380128772437,0,0.0,0.9385696950465402,6,112.0
2735.0,5,117.0,2.25,7.060250757911396,0,0.0,1.0,1,45.0,0.6342584633092964,4,84.0,0.3349626753800002,0,0.0,0.994571327060765,5,129.0
2740.0,8,151.0,2.7454545454545456,6.598109533327985,0,0.0,1.0,2,52.0,0.5814553095549321,5,107.0,0.36602874527952584,0,0.0,0.9545395930283154,7,159.0
2745.0,14,211.0,3.767857142857143,6.82232380603767,0,0.0,1.0,3,62.0,0.3757961657213931,9,148.0,0.3542336404879713,0,0.0,0.9814359524018956,12,210.0
2750.0,17,289.0,5.0701754385964914,6.173419038094261,0,0.0,1.0,3,77.0,0.36948503481263406,11,199.0,0.22299538579996386,0,0.0,0.9702391124441584,14,276.0
2755.0,18,304.0,5.066666666666666,5.945672970491699,0,0.0,1.0,2,30.0,0.3889041378868378,13,257.0,0.1811857704088479,0,0.0,0.9555380437222654,15,287.0
2760.0,20,382.0,6.366666666666666,5.825293355141337,0,0.0,1.0,4,48.0,0.3146549014135613,14,327.0,0.18698077195593651,0,0.0,0.9768388133905813,18,375.0
2765.0,18,447.0,7.982142857142857,5.739080642550326,0,0.0,1.0,4,68.0,0.31246555871884557,14,394.0,0.10381481586473396,0,0.0,0.5056890840700634,18,462.0
2770.0,9,149.0,2.6607142857142856,6.061096313054533,0,0.0,1.0,5,89.0,0.16068886472541452,4,211.0,0.1515771685784506,0,0.0,0.9700550564239054,9,300.0
2775.0,7,150.0,2.6315789473684212,6.767111372111335,0,3.0,0.5447618067479137,5,120.0,0.17007391121426135,2,85.0,0.4435269638256586,0,0.0,0.9690521194225801,7,208.0
2780.0,8,190.0,3.5185185185185186,7.820710812856428,0,0.0,0.837506373725552,6,153.0,0.4332415755960601,2,54.0,0.5496777894886126,0,0.0,0.9519738316294531,8,207.0
2785.0,12,239.0,4.425925925925926,7.240979107845566,2,3.0,0.21939746246584005,6,183.0,0.5215844298249255,4,67.0,0.01103449526176014,0,0.0,0.972247904793365,12,253.0
2790.0,12,276.0,5.0181818181818185,6.965987190539821,3,16.0,0.00028102923217387666,6,213.0,0.5159257017550202,3,67.0,0.031267897411860104,0,0.0,0.9243208662645288,12,296.0
2795.0,11,327.0,5.7368421052631575,7.6358987784571175,3,31.0,2.984773840425098e-06,6,243.0,0.507466926897955,2,67.0,0.2762644369377132,0,0.0,0.9585388856620094,11,341.0
2800.0,11,318.0,5.678571428571429,6.9527679875752835,3,46.0,0.0,4,207.0,0.5853109270572874,3,78.0,0.24601133025099164,1,1.0,0.6343341932650675,11,332.0
2805.0,9,313.0,5.90566037735849,6.638604315139824,0,0.0,1.0,4,218.0,0.4723611104426313,4,94.0,0.19427171593815826,1,6.0,0.5016297561612703,9,318.0
2810.0,11,277.0,4.946428571428571,6.392765675772884,0,0.0,1.0,4,238.0,0.5290206448420351,2,51.0,0.4029820064127517,2,14.0,0.32269066242194816,8,303.0
2815.0,7,284.0,4.982456140350878,7.254281621651901,0,3.0,0.9322248444734703,4,258.0,0.44114750606077313,1,17.0,0.6246539163657973,2,24.0,0.2641577181531753,7,302.0
2820.0,8,320.0,5.925925925925926,7.854724233906915,0,0.0,1.0,5,279.0,0.38727114219750414,1,15.0,0.80282572688885,2,34.0,0.2466519967164879,8,328.0
2825.0,9,365.0,6.636363636363637,7.755186835518031,0,0.0,1.0,5,304.0,0.4184377953716354,1,20.0,0.6355815246406952,3,49.0,0.23349427757292318,9,373.0
2830.0,11,417.0,7.446428571428571,7.288255963271697,0,0.0,1.0,6,331.0,0.3584384111719128,2,30.0,0.6792218648995644,3,64.0,0.35556349836375417,11,425.0
2835.0,12,473.0,9.096153846153847,6.720339604999708,0,0.0,1.0,6,361.0,0.38291575774210973,2,40.0,0.5659441359023623,3,79.0,0.20597819126274483,11,480.0
2840.0,15,537.0,10.529411764705882,5.8311137071690915,0,0.0,1.0,5,379.0,0.4323281062437954,5,62.0,0.31518786304270474,4,98.0,0.31273199554116055,14,539.0
2845.0,16,616.0,12.07843137254902,5.370062495675879,0,0.0,1.0,5,404.0,0.36133130062056956,6,91.0,0.20836858484594584,4,118.0,0.23061469391628578,15,613.0
2850.0,17,638.0,12.037735849056604,4.935097229018925,0,0.0,1.0,5,429.0,0.28127593682189567,5,85.0,0.2087054889219544,4,138.0,0.33846659549163327,14,652.0
2855.0,15,559.0,10.75,5.076109207361496,0,3.0,0.9391924378503055,6,457.0,0.30618955053250657,5,77.0,0.28706819900423075,0,34.0,0.5876040282683224,11,571.0
2860.0,15,630.0,12.115384615384615,5.683536026674109,0,0.0,1.0,6,488.0,0.1427767738781676,5,109.0,0.406239381287256,0,0.0,0.9369992928035501,11,597.0
2865.0,20,724.0,13.163636363636364,5.368951468796191,0,0.0,1.0,8,536.0,0.15936087765512297,8,143.0,0.18902702999814805,0,0.0,0.9261203958194032,16,679.0
2870.0,18,320.0,5.925925925925926,4.783911787200799,0,0.0,1.0,4,314.0,0.25251501616135963,7,154.0,0.19403424971684816,0,0.0,0.9123755370934227,11,468.0
2875.0,14,190.0,3.5185185185185186,5.881102750647023,0,0.0,1.0,0,23.0,0.5193668652697876,10,190.0,0.11161088429386665,1,1.0,0.5726437753065331,11,214.0
2880.0,15,236.0,4.37037037037037,5.865483159199889,0,0.0,1.0,0,0.0,0.9584051536765674,10,240.0,0.11676101987363564,2,7.0,0.3266913988806997,12,247.0
2885.0,17,321.0,5.732142857142857,6.018559628721122,0,0.0,1.0,0,7.0,0.655251597636521,11,295.0,0.13851813059344117,2,17.0,0.14252238004090134,13,319.0
2890.0,6,62.0,1.1481481481481481,6.417248224937346,0,0.0,1.0,1,12.0,0.7108254320646509,2,102.0,0.2481737946251708,3,31.0,0.3491312430013747,6,145.0
2895.0,5,57.0,1.0363636363636364,6.692647535946361,0,6.0,0.5797291037350444,2,27.0,0.5857143791210273,0,31.0,0.5523580413235194,3,46.0,0.3859036458844095,5,110.0
2900.0,7,84.0,1.5555555555555556,6.962233292062968,2,11.0,0.2888827868679415,2,29.0,0.5746125690910072,0,0.0,0.9383719612940297,3,61.0,0.4059335486174438,7,101.0
2905.0,9,127.0,2.3962264150943398,7.059624395055168,3,26.0,0.05235947756774611,3,42.0,0.5777171165522605,0,0.0,0.9878372514809233,3,76.0,0.4732172641027314,9,144.0
2910.0,10,173.0,3.326923076923077,6.556243467385132,3,42.0,0.009540223870405571,3,57.0,0.6330710342853453,0,0.0,0.975018589374445,4,92.0,0.21837968804208552,10,191.0
2915.0,6,155.0,2.8703703703703702,6.113452204046077,0,12.0,0.028297850724445905,2,52.0,0.7145502740840178,0,0.0,0.23677834206376683,4,112.0,0.16299060822359482,6,176.0
2920.0,9,192.0,3.310344827586207,6.714738175942263,0,0.0,0.14819453760473458,2,62.0,0.6169655129407784,2,5.0,0.001453042223545775,5,135.0,0.11254144159826103,9,202.0
2925.0,11,244.0,4.357142857142857,6.324814526624766,0,0.0,1.0,4,79.0,0.4069636191096356,2,15.0,0.3060826202828865,5,160.0,0.13635929324233653,11,254.0
2930.0,10,276.0,4.928571428571429,6.43233086619296,0,0.0,1.0,5,101.0,0.20739776258465698,0,10.0,0.09403436954646892,5,185.0,0.13869606713227056,10,296.0
2935.0,14,336.0,5.694915254237288,7.107194304504166,0,0.0,1.0,8,135.0,0.2626268508857544,0,0.0,0.9889583625362116,6,214.0,0.15327807899594542,14,349.0
2940.0,9,172.0,2.9152542372881354,7.500138152182638,0,0.0,1.0,8,175.0,0.23207942712088458,0,0.0,0.9301855506658465,1,61.0,0.31169088180062887,9,236.0
2945.0,10,209.0,3.732142857142857,6.743397261245514,0,0.0,0.6815401086006097,9,220.0,0.20088440700769883,1,10.0,0.552459873317692,0,9.0,0.5901433385083292,10,239.0
2950.0,12,266.0,5.115384615384615,6.427183174814445,1,2.0,0.0004970397090219041,10,270.0,0.21252888763184524,1,6.0,0.307589458248926,0,0.0,0.8598039960002812,12,278.0
2955.0,2,26.0,0.49056603773584906,7.1352223283764165,0,0.0,1.0,1,87.0,0.48679993676930683,1,11.0,0.0,0,0.0,0.9502297444802538,2,98.0
2960.0,1,16.0,0.3018867924528302,8.29186176376184,0,0.0,1.0,0,19.0,0.7411947433819221,1,16.0,0.0,0,0.0,0.9854631070223059,1,35.0
2965.0,2,22.0,0.4230769230769231,8.987396972577548,0,0.0,1.0,0,0.0,0.9506310880512236,1,30.0,0.809535721848097,1,1.0,0.6492464602916385,2,31.0
2970.0,2,8.0,0.15384615384615385,8.966958951766243,0,0.0,1.0,0,0.0,0.9771068762952689,0,9.0,0.8438933910448254,1,6.0,0.5319561219478449,1,15.0
2975.0,4,24.0,0.4528301886792453,9.041306712979388,0,0.0,1.0,0,0.0,0.9656713121753625,1,13.0,0.8460095791598445,2,13.0,0.4877598432924476,3,26.0
2980.0,5,45.0,0.8653846153846154,8.164806562222195,0,0.0,1.0,0,0.0,0.6919713387456496,2,19.0,0.7155945253028744,2,23.0,0.28935574206374687,4,42.0
2985.0,10,90.0,1.7647058823529411,6.782233810959891,0,0.0,1.0,3,12.0,0.33461626833221175,2,29.0,0.7110398191630762,3,38.0,0.2369664814387844,8,79.0
2990.0,11,101.0,1.9423076923076923,5.850367555324139,0,0.0,1.0,4,29.0,0.23418758134237608,2,39.0,0.6148919943135794,0,16.0,0.36987942259233053,6,84.0
2995.0,19,175.0,3.3653846153846154,5.25922566378355,0,0.0,1.0,7,54.0,0.19954198562362452,5,65.0,0.34192868120801295,0,0.0,0.4594955093949147,12,119.0
3000.0,19,219.0,4.211538461538462,4.286402914239289,0,0.0,1.0,7,89.0,0.19542446461384796,8,94.0,0.008912517442774447,0,0.0,0.8585868845073082,15,183.0
3005.0,26,338.0,6.2592592592592595,4.080473281389228,0,0.0,1.0,8,128.0,0.1960462442566458,12,153.0,0.0015417145900067095,0,0.0,0.9733171726877686,20,281.0
3010.0,28,476.0,8.5,4.446532278019783,0,0.0,1.0,9,171.0,0.26369931736983027,13,218.0,0.00018547742049017838,0,0.0,0.9611456817927861,22,389.0
3015.0,29,618.0,10.842105263157896,3.992051270726807,0,0.0,1.0,10,218.0,0.11167665308570349,13,283.0,3.450052726430691e-05,0,0.0,0.9514487876930247,23,501.0
3020.0,28,691.0,11.913793103448276,3.654131346834416,0,0.0,1.0,11,270.0,0.13382042898710395,13,348.0,0.06578423668286748,0,0.0,0.4781815812520691,24,618.0
3025.0,34,782.0,12.819672131147541,3.4439270989096498,0,0.0,1.0,13,328.0,0.1008335829955118,14,414.0,0.06294553846612728,2,5.0,0.32414205246153044,29,747.0
3030.0,32,887.0,14.783333333333333,3.173859077310561,0,0.0,1.0,13,392.0,0.03300031413726124,14,484.0,0.06558332147942997,0,0.0,0.6877302037202386,27,876.0
3035.0,23,669.0,10.967213114754099,3.602949631090287,0,0.0,1.0,13,464.0,0.11989592269713739,4,300.0,0.1423395688471877,0,0.0,0.8841405322965712,17,764.0
3040.0,9,311.0,5.271186440677966,5.420477156230431,0,6.0,0.621180855713177,4,246.0,0.3516587257167408,5,191.0,0.2819733691443923,0,0.0,0.9974298493979596,9,443.0
3045.0,10,358.0,5.774193548387097,6.124520623608816,0,9.0,0.2527808129748642,5,162.0,0.5137142862782255,5,216.0,0.259806553793228,0,0.0,0.9766807077212291,10,387.0
3050.0,16,430.0,6.825396825396825,6.22301971018929,3,23.0,0.019482461397672086,6,190.0,0.4622808180719723,5,250.0,0.46426856616835394,0,0.0,0.9649010693416008,14,463.0
3055.0,15,500.0,7.6923076923076925,6.528485375321826,3,38.0,0.005481499298559388,7,225.0,0.47016236040806986,5,275.0,0.5631518148598721,0,0.0,0.5535777081303628,15,538.0
3060.0,19,588.0,8.909090909090908,6.43325870889246,5,62.0,0.08511936860027619,8,261.0,0.40863964224366267,5,300.0,0.5250892992051915,1,3.0,0.4789644176529417,19,626.0
3065.0,21,688.0,10.117647058823529,6.5180005113512065,6,89.0,0.0008836572504032795,8,295.0,0.4472490181280877,5,328.0,0.5525572161955522,1,8.0,0.5818621191183809,20,720.0
3070.0,23,764.0,11.575757575757576,5.5839441137784265,6,119.0,4.8736412641178573e-05,8,332.0,0.31446492222387873,5,334.0,0.4607899725596334,2,15.0,0.33146990028393136,21,800.0
3075.0,23,848.0,13.046153846153846,5.266476081074117,6,149.0,1.081300228613604e-05,8,372.0,0.21538773482690843,7,365.0,0.31419172515858385,0,0.0,0.9566632007099134,21,886.0
3080.0,20,818.0,11.855072463768115,5.374010405238805,1,64.0,0.012966859462223678,8,412.0,0.3184223109695794,8,411.0,0.2348727068981781,0,0.0,0.953363840123169,17,887.0
3085.0,22,902.0,13.072463768115941,4.64153227998437,0,17.0,0.27022923461303044,8,478.0,0.14065535015348535,11,458.0,0.17407240908294536,0,0.0,0.9837191156080373,19,953.0
3090.0,22,792.0,11.478260869565217,5.10088715048756,0,0.0,1.0,8,518.0,0.2291145264457144,11,403.0,0.17039799473522682,0,0.0,0.8367875194889922,19,921.0
3095.0,19,616.0,9.476923076923077,5.2714239164919325,0,0.0,1.0,8,526.0,0.224369698919523,9,248.0,0.1803219549542126,0,0.0,0.9366960339293836,17,774.0
3100.0,19,687.0,10.409090909090908,6.383693417675834,0,0.0,1.0,9,571.0,0.2888271360165379,10,202.0,0.231359011271278,0,0.0,0.9644717656261058,19,773.0
3105.0,21,790.0,12.153846153846153,6.085617145775004,0,0.0,1.0,11,624.0,0.23630503830706376,10,219.0,0.15005043913587832,0,0.0,0.8851596092505462,21,843.0
3110.0,23,903.0,14.333333333333334,5.964561286837784,0,0.0,1.0,12,684.0,0.22789459749201119,10,269.0,0.1319293875856399,1,3.0,0.6461036647711235,23,956.0
3115.0,25,1018.0,16.688524590163933,5.238964742432644,0,0.0,1.0,12,744.0,0.15306122579145506,11,322.0,0.14240775125331848,0,0.0,0.9362895104253453,23,1066.0
3120.0,22,697.0,11.241935483870968,5.31042793234032,0,0.0,1.0,10,580.0,0.18907399524200882,12,383.0,0.13380922510223778,0,0.0,0.9795769918153798,22,963.0
3125.0,17,467.0,7.532258064516129,6.112035221811464,0,0.0,1.0,3,243.0,0.4311397860321782,14,448.0,0.03572062550472069,0,0.0,0.970563070206546,17,691.0
3130.0,21,560.0,9.03225806451613,6.361896079777517,0,0.0,1.0,4,77.0,0.35013385030658484,16,524.0,0.05486346651036211,0,0.0,0.9812419398688943,20,601.0
3135.0,21,625.0,9.920634920634921,5.798254592002827,0,0.0,1.0,4,78.0,0.2545103619349019,15,561.0,0.05970599288970673,0,0.0,0.9623232335219787,19,639.0
3140.0,20,719.0,12.839285714285714,5.399477744667258,0,0.0,1.0,4,98.0,0.2679587760027392,15,646.0,0.1774715272094113,0,0.0,0.956791351539889,19,744.0
3145.0,20,809.0,14.981481481481481,5.119019317042983,0,0.0,1.0,5,122.0,0.16460041143947793,15,721.0,0.1080922862770888,0,0.0,0.9538412132207484,20,843.0
3150.0,23,920.0,17.358490566037737,5.035077187770801,0,0.0,1.0,6,149.0,0.1406238772217586,17,802.0,0.11923716533606836,0,0.0,0.9492962135294597,23,951.0
3155.0,14,354.0,6.4363636363636365,4.388036428288835,0,0.0,1.0,6,179.0,0.1463304058067165,7,462.0,0.08172014670218462,0,0.0,0.7493888833619693,13,641.0
3160.0,7,49.0,0.8305084745762712,5.414626782521314,0,6.0,0.5428881532941351,1,60.0,0.47242369416197233,2,201.0,0.27357829099562997,1,2.0,0.4669728528872923,4,269.0
3165.0,11,96.0,1.6,6.990478832296282,0,0.0,0.7880268610926214,1,29.0,0.8003285098646818,2,78.0,0.4540225817503709,1,7.0,0.4905985574855531,4,114.0
3170.0,10,132.0,2.129032258064516,7.694267628079308,0,0.0,0.8638730280403939,2,35.0,0.7513549122742331,2,60.0,0.6674790796578159,1,5.0,0.6455465257739692,5,100.0
3175.0,12,185.0,2.9838709677419355,7.532366430291887,0,0.0,1.0,3,47.0,0.7180112692230614,3,71.0,0.5583814899944797,1,10.0,0.49292432463786456,7,128.0
3180.0,12,200.0,3.1746031746031744,6.449721847518683,0,0.0,1.0,4,63.0,0.5576502178942123,3,86.0,0.5592474292283777,0,0.0,0.9837184180490953,7,149.0
3185.0,14,269.0,4.409836065573771,6.583015239384273,0,0.0,1.0,5,87.0,0.5433759153786386,3,106.0,0.557285967972796,0,0.0,0.92580628219942,8,193.0
3190.0,16,243.0,4.05,5.588924527352936,0,0.0,1.0,6,100.0,0.30009125654678515,5,123.0,0.42845695726960875,0,0.0,0.9482356615034677,11,223.0
3195.0,14,170.0,2.8813559322033897,5.006369102905163,0,0.0,1.0,9,142.0,0.11490704421172095,3,84.0,0.37902320957462643,0,0.0,0.9605037141376108,12,226.0
3200.0,12,116.0,2.0714285714285716,4.640060989978372,0,0.0,1.0,5,114.0,0.1852604854552888,7,66.0,0.011852219099015425,0,0.0,0.9849743445252568,12,180.0
3205.0,16,181.0,3.1206896551724137,5.712621436558902,0,0.0,1.0,9,114.0,0.2833681415750729,6,97.0,0.07984775157470204,0,0.0,0.9782405481097511,15,211.0
3210.0,19,271.0,4.593220338983051,6.098539573124774,0,0.0,1.0,9,158.0,0.354368033572396,8,137.0,0.10871952559798645,1,1.0,0.4770118175994379,18,296.0
3215.0,19,356.0,5.836065573770492,5.659723178637644,0,0.0,1.0,9,197.0,0.2773380309445493,9,191.0,0.08104933955895376,1,6.0,0.48913077524295406,19,394.0
3220.0,14,232.0,3.9322033898305087,5.602600193116963,0,0.0,1.0,2,60.0,0.3540136047103269,11,240.0,0.00047794186197899714,1,11.0,0.4727705091791672,14,311.0
3225.0,15,304.0,5.066666666666666,6.2392229264946115,0,0.0,1.0,3,21.0,0.41436984134007043,11,295.0,6.562668455091371e-06,1,16.0,0.6399037867600734,15,332.0
3230.0,17,386.0,6.655172413793103,6.075482461104216,0,0.0,1.0,4,40.0,0.4101117193501857,11,362.0,0.2476011085346181,1,21.0,0.3321321634429925,16,423.0
3235.0,10,204.0,3.457627118644068,6.411229228679997,0,0.0,1.0,4,60.0,0.39556875116459655,4,203.0,0.360242533327619,2,31.0,0.32182415330003944,10,294.0
3240.0,7,181.0,3.1206896551724137,7.308504557614144,0,6.0,0.5959302650882492,1,44.0,0.43377419146359364,4,161.0,0.46096345244023557,2,41.0,0.3135989424917039,7,252.0
3245.0,8,219.0,3.7758620689655173,8.335873025925473,0,0.0,0.8091142116052007,2,39.0,0.6624967187183979,4,155.0,0.5193738758789594,2,51.0,0.2929263938568645,8,245.0
3250.0,11,264.0,4.714285714285714,7.584541443287501,0,0.0,1.0,2,49.0,0.6362583707309941,5,179.0,0.4444043007225815,3,63.0,0.14297799239242898,10,291.0
3255.0,12,323.0,5.981481481481482,7.510808628812934,0,0.0,0.9876915434448427,2,59.0,0.699148470221009,6,208.0,0.342386994428671,3,78.0,0.2332746752247781,11,345.0
3260.0,11,274.0,4.724137931034483,6.78196454413753,1,2.0,0.18376999499827634,1,24.0,0.4814492722776613,5,183.0,0.3480842773798044,3,93.0,0.20656444959603762,10,302.0
3265.0,12,292.0,5.214285714285714,6.647168145954519,2,11.0,0.00018356507686129493,2,46.0,0.6153552439715901,4,163.0,0.438778756856792,3,108.0,0.28564957742541697,11,328.0
3270.0,9,224.0,4.3076923076923075,7.199774913770577,2,21.0,0.1655088240261193,3,57.0,0.5479843692118584,4,173.0,0.5104749916102718,0,0.0,0.5999547462429939,9,251.0
3275.0,11,275.0,5.188679245283019,6.976986098151789,3,34.0,4.7372829975964177e-05,4,75.0,0.3859093268150763,4,202.0,0.4925347170695353,0,0.0,0.9977558212161957,11,311.0
3280.0,8,226.0,4.109090909090909,5.961389777646008,3,49.0,0.0,1,7.0,0.5772608862011953,3,178.0,0.3786811319915251,0,0.0,0.9457806644078139,7,234.0
3285.0,11,278.0,5.346153846153846,6.346518275134495,3,70.0,0.255732332924999,1,12.0,0.6904127042293013,4,195.0,0.30932246448652423,0,0.0,0.9784224347494573,8,277.0
3290.0,12,335.0,6.568627450980392,6.050042632234578,3,85.0,0.022316871490225043,1,14.0,0.8181173572565318,4,221.0,0.49453625948189917,0,0.0,0.5205455534576335,8,320.0
3295.0,13,380.0,7.169811320754717,6.434061722559985,5,110.0,0.0019451692264410066,1,19.0,0.8018723954236358,4,241.0,0.5276000014442369,1,4.0,0.6249689774650891,11,374.0
3300.0,7,273.0,5.150943396226415,6.653030777812687,1,44.0,0.03636084057494197,1,24.0,0.7869659840221396,4,244.0,0.48467709740189613,1,9.0,0.5209871895816073,7,321.0
3305.0,7,302.0,5.8076923076923075,6.77709146768477,0,8.0,0.317565501477609,1,29.0,0.7961468351984812,4,264.0,0.4359458815874424,2,18.0,0.327255857183582,7,319.0
3310.0,8,342.0,6.705882352941177,7.4304400098267465,0,0.0,1.0,1,34.0,0.777089027777053,5,289.0,0.4429457874800626,2,28.0,0.3330189194377275,8,351.0
3315.0,9,384.0,7.384615384615385,6.955638584661914,0,0.0,1.0,1,39.0,0.49254356277336847,6,316.0,0.283816218095839,2,38.0,0.19891097657730877,9,393.0
3320.0,6,354.0,6.9411764705882355,7.314099279872066,0,0.0,1.0,1,44.0,0.49098284236663636,5,313.0,0.2505350374543942,0,0.0,0.6740978494194173,6,357.0
3325.0,5,335.0,6.568627450980392,8.310459699973302,0,3.0,0.4791388451967892,0,0.0,0.9525186053906545,5,342.0,0.36257273936132595,0,0.0,0.9637680342868707,5,345.0
3330.0,6,361.0,7.36734693877551,7.727279016146486,1,5.0,0.2030070627330135,0,0.0,0.9279466576749941,5,375.0,0.30946334532772135,0,0.0,0.9306549056617782,6,380.0
3335.0,10,401.0,8.183673469387756,7.459444034541375,3,17.0,0.14138820223611256,1,1.0,0.7866484006209872,6,402.0,0.24079620566812043,0,0.0,0.9650680804601812,10,420.0
3340.0,8,162.0,3.4468085106382977,6.534603342855432,3,32.0,0.023342852570337337,1,6.0,0.7981736121346508,4,265.0,0.14262864566410252,0,0.0,0.9744166154583636,8,303.0
3345.0,8,68.0,1.4166666666666667,7.111678270181237,3,47.0,0.004669230691589153,1,5.0,0.809014000366958,3,97.0,0.25736737605028676,1,2.0,0.3434885612274809,8,151.0
3350.0,10,117.0,2.34,7.520756197847587,4,67.0,0.0006725703851763915,1,10.0,0.77748782331035,3,51.0,0.45683834516444405,2,11.0,0.4834493793098959,10,139.0
3355.0,11,163.0,3.326530612244898,6.601998129730177,4,87.0,6.493833901493907e-05,2,18.0,0.6263811937450371,4,71.0,0.35755722586725514,1,12.0,0.4819753019264031,11,188.0
3360.0,11,205.0,4.270833333333333,6.819893336172368,4,107.0,2.3136868310687526e-05,2,40.0,0.5829828403361486,5,95.0,0.24594866592549075,0,0.0,0.9358547925005546,11,242.0
3365.0,11,252.0,5.25,6.909808929147364,4,127.0,2.481599798581862e-06,1,37.0,0.7333069257164035,6,130.0,0.2345843785977109,0,0.0,0.9433982990683284,11,294.0
3370.0,14,317.0,6.215686274509804,6.769325304075053,4,147.0,0.0,2,32.0,0.46087712906429995,8,168.0,0.17692612661604243,0,0.0,0.9719826583102391,14,347.0
3375.0,11,228.0,4.653061224489796,6.637208369247481,0,29.0,0.03258732318283615,2,39.0,0.5445749051084721,9,212.0,0.18621035049342968,0,0.0,0.9333896572887067,11,280.0
3380.0,6,182.0,3.64,6.306457992921293,0,0.0,1.0,2,49.0,0.4534501346169669,4,162.0,0.24033299955306214,0,0.0,0.7328778828572445,6,211.0
3385.0,8,204.0,4.08,7.2825502377276266,0,3.0,0.4241692598044254,2,49.0,0.42193564683322055,4,168.0,0.18218769710301103,1,4.0,0.38930644878695575,7,224.0
3390.0,9,246.0,4.6415094339622645,7.8967241064229325,0,0.0,1.0,3,66.0,0.5618271645768556,4,188.0,0.19216841008678975,2,13.0,0.3182795515882305,9,267.0
3395.0,11,297.0,5.711538461538462,7.312522557629833,0,0.0,1.0,3,81.0,0.5612528947797986,4,211.0,0.4632317003497134,3,26.0,0.23123084725358364,10,318.0
3400.0,11,233.0,4.568627450980392,6.956822865865038,0,0.0,1.0,3,96.0,0.5460288705934048,2,148.0,0.5614543852311155,3,41.0,0.23874671574367734,8,285.0
3405.0,7,166.0,3.1923076923076925,7.2107491661132705,0,0.0,1.0,2,95.0,0.7257722364614775,1,48.0,0.553251956685874,0,18.0,0.6804957707638161,3,161.0
3410.0,9,210.0,4.2,7.46383740904472,0,0.0,0.891225485643135,2,105.0,0.7124979254493818,3,65.0,0.5965841101575413,0,0.0,0.9929670097373989,5,170.0
3415.0,10,256.0,5.446808510638298,6.550682305959302,0,0.0,1.0,2,115.0,0.6384603987556938,3,77.0,0.47674087740367177,0,0.0,0.9449207129316752,5,192.0
3420.0,13,253.0,5.382978723404255,5.861585081409954,0,0.0,1.0,5,130.0,0.36486554919015474,6,101.0,0.1993829927618863,0,0.0,0.938995196375136,11,231.0
3425.0,12,303.0,6.183673469387755,5.430803311461777,0,0.0,1.0,2,129.0,0.5708275112964551,6,131.0,0.18316942098711753,0,0.0,0.9363318540464612,8,260.0
3430.0,12,314.0,6.408163265306122,5.479550048283156,0,0.0,1.0,2,136.0,0.5729491861472875,8,166.0,0.0023660597167533296,0,0.0,0.6804565073256333,10,302.0
3435.0,12,356.0,7.12,5.866317484753895,0,0.0,1.0,2,146.0,0.49398172796900186,9,212.0,0.16215797013455843,1,3.0,0.5664329783760176,12,361.0
3440.0,12,416.0,8.32,6.670994313973247,0,0.0,1.0,2,156.0,0.5774314777651284,9,257.0,0.17793648149240315,1,8.0,0.7061175457954365,12,421.0
3445.0,13,481.0,9.25,6.780410219917907,0,0.0,1.0,2,168.0,0.5636464883755211,9,302.0,0.18202661297931041,1,13.0,0.7591725775873175,12,483.0
3450.0,10,173.0,3.2641509433962264,6.312991710330164,0,0.0,1.0,0,70.0,0.7401427757496545,6,214.0,0.211652330449606,2,21.0,0.3710404527200874,8,305.0
3455.0,11,208.0,4.16,6.592261083100235,0,0.0,1.0,1,3.0,0.43790823437417353,6,197.0,0.28346328278518723,3,35.0,0.38100231697397724,10,235.0
3460.0,13,225.0,4.166666666666667,6.267204247250525,0,0.0,1.0,3,12.0,0.2463092092989111,6,227.0,0.3727629817711255,1,9.0,0.3944290660747948,10,248.0
3465.0,16,294.0,5.547169811320755,5.662052133828247,0,0.0,1.0,3,27.0,0.3721061650492972,8,266.0,0.3049391983608672,0,1.0,0.5283554655197276,11,294.0
3470.0,19,379.0,7.018518518518518,5.388455935384254,0,0.0,1.0,2,54.0,0.5568903675095658,10,313.0,0.1652993796388526,1,6.0,0.4875597343640942,13,373.0
3475.0,20,475.0,8.333333333333334,5.090086296948058,0,0.0,1.0,3,42.0,0.3057462903888261,10,364.0,0.18508159740894872,1,11.0,0.61245409756533,14,417.0
3480.0,14,228.0,3.864406779661017,5.213345053476697,0,0.0,1.0,4,64.0,0.3375368420949433,3,82.0,0.26421073696563496,1,16.0,0.6526877700605499,8,162.0
3485.0,13,281.0,4.762711864406779,6.045485282327276,0,3.0,0.6308854419785576,4,93.0,0.41839271844768133,2,46.0,0.4613872829262391,1,21.0,0.6096795722348459,7,163.0
3490.0,14,252.0,4.271186440677966,6.10382445291823,0,9.0,0.18852499205562226,5,115.0,0.5079465482125884,2,41.0,0.395757460519771,2,28.0,0.3218013404172147,9,193.0
3495.0,17,241.0,3.8870967741935485,5.683721331219209,3,23.0,0.016245351955620928,7,142.0,0.4623951157129612,3,74.0,0.33218578888252104,2,38.0,0.2578061501539342,15,277.0
3500.0,24,292.0,4.786885245901639,4.628715736939245,4,39.0,0.003768457505050937,9,182.0,0.38410478768276746,4,93.0,0.3388050848482124,0,0.0,0.6372360249807654,17,314.0
3505.0,26,397.0,6.616666666666666,4.080468179391541,5,63.0,0.044353372442559186,9,229.0,0.4036086251807329,5,119.0,0.15238831085152846,0,0.0,0.9595444242395919,19,411.0
3510.0,26,498.0,8.3,4.172869691514182,5,88.0,0.004201154790622478,9,274.0,0.39960579838769883,9,159.0,0.10108421891252965,0,0.0,0.9993177449716216,23,521.0
3515.0,29,620.0,9.841269841269842,3.710413807133977,5,114.0,0.0015168045736893305,9,296.0,0.3029090568608361,9,204.0,0.09317017961730299,0,0.0,0.9612617020342865,23,614.0
3520.0,29,714.0,10.984615384615385,4.339457827698742,6,143.0,0.00045337731082317046,9,338.0,0.22657102236433588,9,249.0,0.09903123574097678,0,0.0,0.9622841829071354,24,730.0
3525.0,26,778.0,11.96923076923077,4.7729972800169485,6,173.0,6.936285984632807e-05,9,383.0,0.3085313989213623,6,217.0,0.3098750704466529,0,0.0,0.968785069520891,21,773.0
3530.0,29,917.0,13.485294117647058,4.803948672858323,6,206.0,0.08183964953452819,10,433.0,0.22301869648170924,6,247.0,0.3875707500751979,0,0.0,0.9425148551870759,22,886.0
3535.0,28,791.0,11.46376811594203,4.861718002626294,6,236.0,0.013354163801844492,8,327.0,0.29655981516362034,6,277.0,0.37794751786551417,0,0.0,0.964257656485519,20,840.0
3540.0,19,641.0,9.426470588235293,5.391935477835524,6,266.0,0.002054093262080224,0,132.0,0.4916857438246072,6,307.0,0.2912142139672099,1,2.0,0.4829936084020389,13,707.0
3545.0,15,495.0,7.615384615384615,6.630576567575778,7,300.0,0.0002949265639958935,0,40.0,0.7114465851192194,5,259.0,0.38939193856739907,0,0.0,0.9889383853994147,12,599.0
3550.0,9,357.0,5.666666666666667,7.358692788401459,7,335.0,5.870308022246032e-05,0,3.0,0.9236687822275971,2,155.0,0.435399286372087,0,0.0,0.9483797297740846,9,493.0
3555.0,15,417.0,6.619047619047619,6.77781835154299,7,370.0,0.06808481571661941,1,6.0,0.8128445839866592,7,64.0,0.3472144511303626,0,0.0,0.9606948616513892,15,440.0
3560.0,17,496.0,8.40677966101695,6.037989687843109,8,408.0,4.004221175149289e-05,1,11.0,0.7970713641200384,7,99.0,0.3320989361269259,0,0.0,0.9818723125658976,16,518.0
3565.0,11,144.0,2.4,6.4328292445824955,2,212.0,0.010380261020831987,1,16.0,0.7692885804676878,5,93.0,0.5161763427835001,0,0.0,0.995164584146502,8,321.0
3570.0,6,105.0,1.7796610169491525,7.100206798761418,0,51.0,0.24480665270260812,1,39.0,0.7751336387460407,5,94.0,0.5162864431485379,0,0.0,0.6204351407692394,6,184.0
3575.0,7,121.0,2.0508474576271185,7.828168086572912,0,0.0,1.0,0,18.0,0.7711375583927774,6,123.0,0.4951441474915143,1,5.0,0.6110378418041812,7,146.0
3580.0,9,162.0,2.793103448275862,7.646295441769532,0,0.0,1.0,1,5.0,0.6765803897653992,7,154.0,0.27747048347212105,1,10.0,0.632369793173461,9,169.0
3585.0,10,200.0,3.7037037037037037,7.164441705451486,0,0.0,1.0,1,10.0,0.3380834056126397,8,184.0,0.17884095457479068,1,15.0,0.6943834304312825,10,209.0
3590.0,13,258.0,4.6909090909090905,7.056992229153948,0,0.0,1.0,2,23.0,0.5681596645121277,9,224.0,0.09645165801032173,2,21.0,0.4432502487416937,13,268.0
3595.0,11,275.0,5.851063829787234,5.9222780780645,0,0.0,1.0,1,13.0,0.7584089453928493,9,269.0,0.15905904667607024,0,1.0,0.5128769378784668,10,283.0
3600.0,13,336.0,7.813953488372093,5.404052701765493,0,0.0,1.0,1,18.0,0.5858278148689848,10,325.0,0.1870995073725048,0,0.0,0.9386640710939764,11,343.0
