step,system_total_stopped,system_total_waiting_time,system_mean_waiting_time,system_mean_speed,cluster_10564135163_13571629282_5146149679_stopped,cluster_10564135163_13571629282_5146149679_accumulated_waiting_time,cluster_10564135163_13571629282_5146149679_average_speed,cluster_10564135205_11749189839_3266988437_5129187741_#3more_stopped,cluster_10564135205_11749189839_3266988437_5129187741_#3more_accumulated_waiting_time,cluster_10564135205_11749189839_3266988437_5129187741_#3more_average_speed,cluster_10564135211_11749189838_12136544949_12136544951_#7more_stopped,cluster_10564135211_11749189838_12136544949_12136544951_#7more_accumulated_waiting_time,cluster_10564135211_11749189838_12136544949_12136544951_#7more_average_speed,cluster_10564135212_13571629279_13571629299_stopped,cluster_10564135212_13571629279_13571629299_accumulated_waiting_time,cluster_10564135212_13571629279_13571629299_average_speed,agents_total_stopped,agents_total_accumulated_waiting_time
0.0,0,0.0,0.0,0.0,0,0.0,1.0,0,0.0,1.0,0,0.0,1.0,0,0.0,1.0,0,0.0
5.0,0,0.0,0.0,9.897471214670203,0,0.0,1.0,0,0.0,0.9599798921313473,0,0.0,1.0,0,0.0,0.967071077473443,0,0.0
10.0,0,0.0,0.0,8.629651393207833,0,0.0,1.0,0,0.0,0.9526492662814585,0,0.0,1.0,0,0.0,0.9735569592244125,0,0.0
15.0,0,0.0,0.0,8.309556962334025,0,0.0,1.0,0,0.0,0.9522999159442822,0,0.0,1.0,0,0.0,0.9906229299218446,0,0.0
20.0,0,0.0,0.0,8.575902799086757,0,0.0,1.0,0,0.0,0.9546458224324247,0,0.0,1.0,0,0.0,0.9524366912964559,0,0.0
25.0,0,0.0,0.0,7.754912716777134,0,0.0,1.0,0,0.0,0.4774706327345057,0,0.0,0.587924937405886,0,0.0,0.9423425919744766,0,0.0
30.0,3,8.0,0.6153846153846154,6.053381369144835,0,0.0,1.0,1,5.0,0.4811323680802824,1,1.0,0.000460104543973555,1,2.0,0.4679448653899656,3,8.0
35.0,2,17.0,1.2142857142857142,6.595103802895031,0,0.0,1.0,1,10.0,0.48419178385849776,0,0.0,1.0,1,7.0,0.47887958071103626,2,17.0
40.0,3,29.0,1.6111111111111112,6.117740945407748,0,0.0,1.0,2,17.0,0.08816990212203933,0,0.0,1.0,1,12.0,0.6574908980070873,3,29.0
45.0,2,27.0,1.5,6.938398149434617,0,0.0,1.0,2,27.0,0.23856180045148911,0,0.0,1.0,0,0.0,0.9449881542403267,2,27.0
50.0,2,37.0,1.85,7.424491935173387,0,0.0,1.0,2,37.0,0.31698184070239777,0,3.0,0.5239413571294,0,0.0,0.9956352688086012,2,40.0
55.0,3,47.0,2.238095238095238,7.297270694291523,0,0.0,1.0,3,47.0,0.24300379224022303,0,0.0,0.9754593180204055,0,0.0,0.9099162204587274,3,47.0
60.0,2,57.0,2.590909090909091,7.742213721438344,0,0.0,1.0,2,60.0,0.49906319203740757,0,0.0,0.887482614074714,0,0.0,0.9550741772420838,2,60.0
65.0,3,69.0,3.0,7.313838619879853,0,0.0,1.0,2,70.0,0.5677554265653197,1,2.0,0.0010781517637812388,0,0.0,0.9999205514702003,3,72.0
70.0,3,84.0,3.652173913043478,7.444714217053346,0,0.0,1.0,2,80.0,0.6097164538581228,1,7.0,0.0,0,0.0,0.980135837405446,3,87.0
75.0,3,88.0,3.3846153846153846,7.270557989574147,0,0.0,1.0,3,91.0,0.5574783452432986,0,0.0,0.9764747366420616,0,0.0,0.9854709076759772,3,91.0
80.0,5,106.0,3.925925925925926,7.4542343838660905,0,0.0,1.0,3,106.0,0.48152189557189007,1,2.0,0.6340438300325951,0,0.0,0.9992497009705037,4,108.0
85.0,5,127.0,4.379310344827586,7.537084977740128,0,0.0,1.0,4,123.0,0.5213870243362727,1,7.0,0.6597155037814697,0,0.0,0.9324103934599202,5,130.0
90.0,5,152.0,5.428571428571429,6.796188325260352,0,0.0,1.0,4,143.0,0.36786677617719277,1,12.0,0.46688811948054554,0,0.0,0.9373412515344542,5,155.0
95.0,7,186.0,6.0,6.448986753039341,0,0.0,1.0,6,172.0,0.10662611143035962,1,17.0,0.45441813544482795,0,0.0,0.953187730209775,7,189.0
100.0,8,222.0,6.9375,6.925538770313551,0,0.0,1.0,6,202.0,0.09993197192352715,2,23.0,0.3750570622461894,0,0.0,0.9859632268150428,8,225.0
105.0,3,36.0,1.1612903225806452,6.245714991004559,0,0.0,1.0,0,33.0,0.2555407439973327,3,36.0,0.35092657375731007,0,0.0,0.9511131527867773,3,69.0
110.0,4,54.0,1.5,6.875317007318907,0,0.0,1.0,0,0.0,0.6735552394310065,3,51.0,0.2001065928158471,0,0.0,0.9502769413477435,3,51.0
115.0,2,21.0,0.5833333333333334,8.053986543274718,0,0.0,1.0,0,0.0,0.9645327605532459,2,30.0,0.6389174671029941,0,0.0,0.9316705611914626,2,30.0
120.0,2,31.0,0.8378378378378378,8.760331535159828,0,0.0,1.0,0,3.0,0.7707180704371838,2,40.0,0.7304798280219155,0,0.0,0.9725059838490316,2,43.0
125.0,3,42.0,1.105263157894737,8.923628205675541,0,0.0,1.0,0,6.0,0.8268456396076093,2,50.0,0.7527444573870403,0,0.0,0.9752548395546212,2,56.0
130.0,4,59.0,1.475,8.975805477266917,0,0.0,1.0,0,6.0,0.8534250916249478,2,57.0,0.7330579291701671,0,0.0,0.9861720051095528,2,63.0
135.0,1,3.0,0.08108108108108109,8.66370087689786,0,0.0,1.0,1,9.0,0.7785272893150229,0,30.0,0.8568969812246646,0,0.0,0.9507243701861988,1,39.0
140.0,5,15.0,0.40540540540540543,8.2365082478839,0,3.0,0.8965377415799474,1,14.0,0.7662667720829512,1,7.0,0.7101117616874862,0,0.0,0.9462010339112912,2,24.0
145.0,4,15.0,0.39473684210526316,7.423748910985951,0,0.0,1.0,0,0.0,0.959713586339617,4,21.0,0.34565516498607496,0,0.0,0.9558538435695535,4,21.0
150.0,5,37.0,0.925,7.340281980869849,0,0.0,1.0,0,0.0,0.9059903863587232,5,43.0,0.3333506296677449,0,0.0,0.9762000977096463,5,43.0
155.0,1,7.0,0.16666666666666666,7.808927154664076,0,0.0,1.0,0,0.0,0.9314451997554598,1,16.0,0.524126704068435,0,0.0,0.9590602563088793,1,16.0
160.0,3,14.0,0.3333333333333333,7.740229949258693,0,6.0,0.5538599377326365,1,4.0,0.5811688815097706,2,16.0,0.5408690958229058,0,0.0,0.9926265287746924,3,26.0
165.0,2,23.0,0.5227272727272727,8.780466677516669,0,0.0,0.8716718080457209,0,3.0,0.6939668549345418,2,26.0,0.6001802137731431,0,0.0,0.9711912717260133,2,29.0
170.0,3,37.0,0.8222222222222222,9.08400126614871,0,0.0,1.0,1,7.0,0.7193806346113147,2,36.0,0.5923956961895465,0,0.0,0.9842061763678426,3,43.0
175.0,3,52.0,1.1818181818181819,8.755913163427747,0,0.0,1.0,1,12.0,0.7189911751287806,2,46.0,0.642157675470581,0,0.0,0.9868446491713425,3,58.0
180.0,2,46.0,1.0222222222222221,8.870608941456112,0,0.0,0.9409462778967884,1,17.0,0.7302469860476117,1,35.0,0.3486682000218793,0,0.0,0.9673617783582135,2,52.0
185.0,5,64.0,1.4222222222222223,7.776037298807693,0,0.0,1.0,2,26.0,0.4544309176036498,3,47.0,0.21679470471010953,0,0.0,0.9283497764757042,5,73.0
190.0,7,93.0,2.1627906976744184,7.70985451365674,0,0.0,1.0,3,35.0,0.5353702951880911,4,65.0,0.16957242581408496,0,0.0,0.9481113233158273,7,100.0
195.0,10,135.0,3.292682926829268,7.160306160939862,0,0.0,1.0,4,51.0,0.4544941507586574,6,91.0,3.3970887472415884e-05,0,0.0,0.9423860939453963,10,142.0
200.0,7,144.0,3.6923076923076925,7.545097715738841,0,0.0,1.0,4,71.0,0.4646793039255729,3,76.0,0.0,0,0.0,0.9303389828472562,7,147.0
205.0,7,179.0,4.365853658536586,7.566404009981167,0,3.0,0.6851376459495296,4,97.0,0.5178790587298161,3,91.0,0.4423078017099546,0,0.0,0.9831393475153498,7,191.0
210.0,7,214.0,5.219512195121951,7.410694990689647,0,0.0,1.0,4,117.0,0.4641817567051875,3,106.0,0.24522191437962865,0,0.0,0.9564078973868615,7,223.0
215.0,8,253.0,6.023809523809524,6.435527306963957,0,0.0,1.0,5,141.0,0.34874666247067504,3,121.0,0.4320459051411873,0,0.0,0.9950407202756122,8,262.0
220.0,10,301.0,6.840909090909091,6.8576138848910775,0,0.0,1.0,7,171.0,0.33439361605401263,3,136.0,0.47907297635145135,0,0.0,0.9756874003639879,10,307.0
225.0,6,47.0,1.0444444444444445,5.500931037824809,0,0.0,1.0,0,27.0,0.5585199833344898,2,76.0,0.3830362322412419,0,0.0,0.9964521006808735,2,103.0
230.0,9,50.0,1.1111111111111112,6.4196925706612005,0,0.0,1.0,1,6.0,0.737851251316362,1,8.0,0.386174015417996,0,0.0,0.9824549625475325,2,14.0
235.0,10,97.0,2.0638297872340425,7.491600706546545,0,0.0,1.0,1,11.0,0.7737560983702629,2,27.0,0.5533460897895621,0,0.0,0.9700724152899223,3,38.0
240.0,11,149.0,3.1702127659574466,7.105491263313939,0,0.0,1.0,1,13.0,0.6259698345333873,2,37.0,0.6385234843306274,0,0.0,0.9926292046319881,3,50.0
245.0,14,200.0,4.3478260869565215,5.854419649109871,0,0.0,1.0,1,18.0,0.5204330793331983,2,33.0,0.6687207580687305,0,0.0,0.9854040294419619,3,51.0
250.0,13,220.0,4.680851063829787,6.272621972718916,0,0.0,1.0,2,29.0,0.4903502938656418,2,40.0,0.6973245352594485,0,0.0,0.9966280336600246,4,69.0
255.0,11,264.0,5.617021276595745,6.690251287472399,0,0.0,1.0,2,39.0,0.5678089235305045,2,50.0,0.6470867461862934,0,0.0,0.9774182105241482,4,89.0
260.0,13,324.0,7.2,5.495428357201739,0,0.0,1.0,2,49.0,0.4529464266402606,3,59.0,0.43548547700396917,0,0.0,0.9409718388147574,5,108.0
265.0,9,170.0,3.8636363636363638,5.83019630063813,0,0.0,1.0,0,6.0,0.7560210487052865,5,82.0,0.28462270973488096,0,0.0,0.9534223644550773,5,88.0
270.0,5,104.0,2.3636363636363638,6.537694484808868,0,0.0,1.0,0,3.0,0.972519859258428,5,107.0,0.1905035907897186,0,0.0,0.968119174667911,5,110.0
275.0,6,131.0,3.119047619047619,6.39225333794739,0,0.0,1.0,0,0.0,0.47987395135675615,6,137.0,0.25608258256512495,0,0.0,0.9566081150973348,6,137.0
280.0,10,173.0,3.9318181818181817,5.909440252457693,0,0.0,1.0,1,5.0,0.5084748010489417,9,174.0,0.11844800202817257,0,0.0,0.9414632131675612,10,179.0
285.0,1,7.0,0.15555555555555556,6.5076860484738885,0,0.0,1.0,0,0.0,0.9680848305143892,1,30.0,0.2899633982641495,0,0.0,0.9608586136550036,1,30.0
290.0,0,0.0,0.0,7.912270543912203,0,9.0,0.5551836763544418,0,6.0,0.5371331814851406,0,46.0,0.6954941249628835,0,0.0,0.9439815405398806,0,61.0
295.0,1,2.0,0.0425531914893617,9.309166134899634,0,0.0,0.801872586825108,1,11.0,0.7377253293141491,0,6.0,0.9465364071242099,0,0.0,0.9799775158436227,1,17.0
300.0,1,7.0,0.14583333333333334,9.096422888235752,0,0.0,1.0,1,16.0,0.8208673564056725,0,25.0,0.7995916448623385,0,0.0,0.9718372297835031,1,41.0
305.0,4,11.0,0.22916666666666666,8.244344963258657,0,0.0,1.0,0,31.0,0.960719065508183,3,34.0,0.41967168537606275,0,0.0,0.9986227288568343,3,65.0
310.0,9,45.0,0.8653846153846154,8.186081655614966,0,0.0,1.0,0,31.0,0.8541198426696058,5,53.0,0.27268914189633514,0,0.0,0.9702954896418832,5,84.0
315.0,6,58.0,1.1372549019607843,7.775980280194022,0,0.0,1.0,1,8.0,0.696548746388418,5,78.0,0.36476800530409664,0,0.0,0.9768477160771627,6,86.0
320.0,10,81.0,1.653061224489796,6.6181594483862085,0,0.0,1.0,4,42.0,0.43951970044478267,5,66.0,0.07724587940464266,0,0.0,0.9864871363136426,9,108.0
325.0,13,135.0,2.7551020408163267,6.677927236748145,0,0.0,1.0,6,84.0,0.3316966668443877,7,97.0,4.8808074159679914e-05,0,0.0,0.9895182462781931,13,181.0
330.0,14,199.0,4.326086956521739,6.006275399092135,0,0.0,1.0,6,89.0,0.208145981177877,7,132.0,0.11341318888821039,0,0.0,0.9894052090287068,13,221.0
335.0,18,278.0,6.177777777777778,5.7364750773504545,0,0.0,1.0,8,109.0,0.1822648809275726,8,169.0,0.1025748255892686,0,0.0,0.970472066327282,16,278.0
340.0,15,304.0,6.7555555555555555,5.505184064361737,0,0.0,1.0,8,149.0,0.22586688784388897,4,141.0,0.1949877472829766,0,0.0,0.9349174333151152,12,290.0
345.0,5,187.0,4.065217391304348,6.382895942543387,0,6.0,0.5854522061967647,1,57.0,0.5825331999074166,4,161.0,0.18498845737667657,0,0.0,0.9594410067240228,5,224.0
350.0,5,212.0,4.51063829787234,7.656371062214664,0,0.0,1.0,1,37.0,0.7045687160820625,4,181.0,0.3261776733868873,0,0.0,0.9742179720421482,5,218.0
355.0,6,239.0,4.78,8.26814571040724,0,0.0,1.0,2,44.0,0.5704359384015099,4,207.0,0.3839402860539239,0,0.0,0.9469477562740747,6,251.0
360.0,7,273.0,5.352941176470588,8.645458790683241,0,0.0,1.0,3,58.0,0.6111401636923424,4,227.0,0.5183350829627176,0,0.0,0.9909743953801333,7,285.0
365.0,5,287.0,5.314814814814815,8.458674940416298,0,0.0,1.0,1,60.0,0.55343529326941,4,247.0,0.4067011389236313,0,0.0,0.9719823912798462,5,307.0
370.0,6,316.0,6.076923076923077,8.164654927320425,0,0.0,1.0,2,58.0,0.6448996802697754,4,267.0,0.4074824651644364,0,0.0,0.9614966902177178,6,325.0
375.0,9,352.0,7.183673469387755,7.12957653511968,0,0.0,1.0,3,66.0,0.40483552758638736,5,294.0,0.4412645608150463,0,0.0,0.9537955006259105,8,360.0
380.0,10,251.0,5.122448979591836,6.406479563198291,0,0.0,1.0,4,85.0,0.3501184496027646,3,238.0,0.4212505787040895,0,0.0,0.9430723391656501,7,323.0
385.0,7,114.0,2.28,5.947217204756093,0,0.0,1.0,1,66.0,0.46902554452443324,3,101.0,0.3636816278337707,0,0.0,0.9395678937116412,4,167.0
390.0,11,166.0,3.1923076923076925,6.40910303146864,0,0.0,1.0,2,74.0,0.43888769221582075,6,58.0,0.3036207458342205,0,0.0,0.9525790860084948,8,132.0
395.0,13,226.0,4.346153846153846,6.875897472628257,0,0.0,1.0,2,84.0,0.5386871199285183,7,96.0,0.3683226800699815,0,0.0,0.9798619999471818,9,180.0
400.0,11,251.0,4.648148148148148,6.8918258299729525,0,0.0,1.0,3,95.0,0.4262396011948177,6,122.0,0.4763789019040772,0,0.0,0.9570301097365781,9,217.0
405.0,9,229.0,4.320754716981132,6.366324144762741,0,0.0,1.0,1,88.0,0.530617640607449,7,154.0,0.25497462428310974,0,0.0,0.9230665933605542,8,242.0
410.0,11,277.0,5.326923076923077,7.122492664985193,0,0.0,1.0,1,91.0,0.48181994370561626,10,199.0,0.26427059324148144,0,0.0,0.9369791616365487,11,290.0
415.0,12,333.0,6.283018867924528,7.232319637826806,0,0.0,1.0,1,96.0,0.6752193937147102,11,253.0,0.2817021598763003,0,0.0,0.9657376112013977,12,349.0
420.0,12,393.0,7.5576923076923075,6.60076825981732,0,0.0,1.0,1,101.0,0.5002059512016721,11,308.0,0.2907354066849599,0,0.0,0.9764511525437864,12,409.0
425.0,4,163.0,3.326530612244898,5.8475060548349465,0,0.0,1.0,1,106.0,0.4863467574860424,3,121.0,0.3487305485349592,0,0.0,0.981084126730768,4,227.0
430.0,1,111.0,2.3125,7.0675875984579415,0,6.0,0.5597443913445233,1,117.0,0.4874594696914564,0,62.0,0.5993026483708277,0,0.0,0.9501879163410742,1,185.0
435.0,1,116.0,2.2745098039215685,8.62161244696738,0,0.0,0.7029600212968503,1,125.0,0.7380512334260136,0,4.0,0.8103274604122134,0,0.0,0.96240200635958,1,129.0
440.0,4,130.0,2.6,8.3680488014925,1,1.0,0.29300147971911567,1,130.0,0.7650245084471414,1,6.0,0.829957027025821,0,0.0,0.9415390886583758,3,137.0
445.0,7,156.0,3.12,7.237539597442231,3,14.0,0.0,1,132.0,0.8291605507561178,2,13.0,0.5428174128865911,0,0.0,0.9793532611786251,6,159.0
450.0,10,194.0,4.041666666666667,6.841767500894402,3,29.0,0.0,1,141.0,0.8306031336197123,3,28.0,0.39772762395553896,0,0.0,0.9996656669798849,7,198.0
455.0,11,245.0,4.9,7.022021450874453,4,45.0,0.0024338717684928126,1,146.0,0.7931872806178909,3,43.0,0.39112430071439086,0,0.0,0.887535206175563,8,234.0
460.0,6,224.0,4.666666666666667,6.6918124132864945,0,5.0,0.03810129253159647,1,148.0,0.5878066622416427,3,58.0,0.44208939472003744,0,0.0,0.9265667112052413,4,211.0
465.0,3,177.0,3.765957446808511,7.173867987239782,0,0.0,1.0,2,159.0,0.47566570014054843,1,55.0,0.53257427884772,0,0.0,0.9415146685818927,3,214.0
470.0,4,196.0,4.0,8.134567464018623,0,0.0,0.49582406758568615,3,176.0,0.5885414402547163,1,59.0,0.4753867775791196,0,0.0,0.9897726068072323,4,235.0
475.0,6,221.0,4.804347826086956,7.89317980269935,0,0.0,1.0,4,180.0,0.41221984863781325,2,70.0,0.3602050464689268,0,0.0,0.9303179819632454,6,250.0
480.0,7,255.0,5.425531914893617,7.536039302823759,0,0.0,1.0,4,200.0,0.4854731916393342,3,84.0,0.41659624818141133,0,0.0,0.9816769625552768,7,284.0
485.0,10,300.0,6.521739130434782,6.656069735239221,0,0.0,1.0,4,220.0,0.5246977857819457,4,103.0,0.19996155412257274,0,0.0,0.9908071559615717,8,323.0
490.0,13,361.0,7.680851063829787,6.631053229034205,0,0.0,1.0,4,240.0,0.5840832405050259,5,128.0,0.16596668348212068,0,0.0,0.9541391871980713,9,368.0
495.0,14,417.0,8.872340425531915,6.026797138862425,0,0.0,1.0,5,263.0,0.507466477554877,5,153.0,0.1623560595809808,1,1.0,0.49565162620888664,11,417.0
500.0,12,444.0,9.446808510638299,5.938223982317899,0,0.0,1.0,6,289.0,0.34075216219464294,5,176.0,0.2595850415044137,1,6.0,0.4718399316534458,12,471.0
505.0,11,473.0,9.46,5.777340928822565,0,0.0,1.0,7,319.0,0.16501539618007338,4,181.0,0.19069457983292626,0,0.0,0.9665877487240553,11,500.0
510.0,12,527.0,10.54,6.077253685437184,0,0.0,1.0,8,353.0,0.05943046598157673,4,204.0,0.2454556177907532,0,0.0,0.9700301643288309,12,557.0
515.0,12,587.0,11.979591836734693,6.0397924280783934,0,0.0,1.0,8,393.0,0.24145443772305555,4,221.0,0.2650278133235738,0,0.0,0.9777268202257225,12,614.0
520.0,13,651.0,13.285714285714286,6.548054000458231,0,0.0,1.0,9,437.0,0.24193765445313872,4,241.0,0.3149050198026067,0,0.0,0.991431120284746,13,678.0
525.0,11,572.0,11.44,6.976657374893543,0,0.0,1.0,9,482.0,0.2801792506819459,2,170.0,0.25663107039390914,0,0.0,0.9355216741595365,11,652.0
530.0,9,524.0,10.27450980392157,7.479863136114975,0,3.0,0.9946828534548229,9,527.0,0.3030716578580002,0,45.0,0.7946403745809457,0,0.0,0.9465182256061383,9,575.0
535.0,10,571.0,11.42,7.309936750944432,0,0.0,1.0,9,572.0,0.3171908988300526,1,2.0,0.6038522863258221,0,0.0,0.9503308588894096,10,574.0
540.0,11,624.0,12.48,6.250739087718343,0,0.0,1.0,9,617.0,0.2578434505199666,1,7.0,0.6375228593078439,0,0.0,0.9859730810494034,10,624.0
545.0,13,687.0,13.470588235294118,5.480040036695352,0,0.0,1.0,10,668.0,0.2623419710913751,1,12.0,0.11895994507696973,0,0.0,0.9504966082795449,11,680.0
550.0,15,756.0,15.428571428571429,5.542735149394602,0,0.0,1.0,11,719.0,0.2928026797138433,2,20.0,0.3014988954104194,0,0.0,0.9899183438703981,13,739.0
555.0,6,274.0,5.269230769230769,5.841229821332639,0,0.0,1.0,3,764.0,0.2592551317408599,3,32.0,0.0021574112419507655,0,0.0,0.9519378750624002,6,796.0
560.0,5,289.0,5.452830188679245,6.671192915321976,0,0.0,1.0,1,356.0,0.3553693400947853,3,47.0,0.38221747765377745,0,0.0,0.966153423827295,4,403.0
565.0,5,259.0,4.886792452830188,7.66284751531669,0,0.0,1.0,3,261.0,0.40290297170800643,0,3.0,0.8773563094135147,0,0.0,0.9468204263126421,3,264.0
570.0,6,285.0,5.588235294117647,8.060584335534116,0,3.0,0.905775016948098,3,275.0,0.3554290126701636,0,3.0,0.9472468073293832,0,0.0,0.984673968799485,3,281.0
575.0,3,34.0,0.6538461538461539,8.571797752942702,0,0.0,1.0,2,43.0,0.643565057578668,0,3.0,0.8807777742437425,0,0.0,0.9639608231788709,2,46.0
580.0,4,42.0,0.7924528301886793,8.924746709928378,0,0.0,1.0,3,54.0,0.6345785858756183,1,10.0,0.8757209387352751,0,0.0,0.995514590086875,4,64.0
585.0,4,53.0,0.9814814814814815,7.254174194639136,0,0.0,1.0,4,70.0,0.42518884438421883,0,5.0,0.7453073019569664,0,0.0,0.9459464446510503,4,75.0
590.0,8,89.0,1.816326530612245,7.031629141194359,0,0.0,1.0,5,94.0,0.4319762390701076,3,17.0,0.6272946902872895,0,0.0,0.9485592108534521,8,111.0
595.0,8,110.0,2.2916666666666665,6.229134004602133,0,0.0,1.0,4,103.0,0.5685860160831391,4,29.0,0.40684480634558307,0,0.0,0.8493162856379597,8,132.0
600.0,9,154.0,3.142857142857143,6.364388424720223,0,0.0,1.0,4,117.0,0.30630500088376705,5,53.0,0.3307381896616534,0,0.0,0.9747300597472478,9,170.0
605.0,5,127.0,2.760869565217391,6.536780767364791,0,0.0,1.0,4,137.0,0.3081782567538927,1,8.0,0.38188988575412475,0,0.0,0.9397174265023283,5,145.0
610.0,6,147.0,3.1956521739130435,7.269828414571663,0,0.0,1.0,4,160.0,0.4270111667522935,2,5.0,0.3960930822245289,0,0.0,0.9430560835831278,6,165.0
615.0,5,172.0,3.5833333333333335,8.584612362634639,0,0.0,0.8459255662688941,4,180.0,0.5295479031023232,1,9.0,0.6496843014759208,0,0.0,0.9629807524227827,5,189.0
620.0,3,46.0,0.9583333333333334,8.547514584577373,0,0.0,1.0,2,82.0,0.5016594643273415,1,14.0,0.7629455266321978,0,0.0,0.9630168249834387,3,96.0
625.0,3,25.0,0.5434782608695652,8.021845601718525,0,0.0,1.0,2,12.0,0.569709473745719,1,19.0,0.5768350498582077,0,0.0,0.9597486524766572,3,31.0
630.0,6,47.0,1.0217391304347827,7.399969312244613,0,0.0,1.0,2,19.0,0.5664573003713202,4,34.0,0.3503592322775257,0,0.0,0.9503669523789089,6,53.0
635.0,7,79.0,1.6122448979591837,7.071637656804467,0,0.0,1.0,2,32.0,0.6334146948320674,5,56.0,0.28105399649621016,0,0.0,0.9744958792808776,7,88.0
640.0,11,127.0,2.760869565217391,6.383644719594787,0,0.0,1.0,4,47.0,0.20326389272398449,6,86.0,0.26330880388774447,0,0.0,0.9550609795541768,10,133.0
645.0,12,179.0,3.891304347826087,5.7980486351614635,0,0.0,1.0,4,67.0,0.26769665597884884,7,125.0,0.2908193120907897,0,0.0,0.9360273186533659,11,192.0
650.0,6,148.0,3.217391304347826,6.245403480315667,0,0.0,1.0,4,87.0,0.09869320408493286,2,81.0,0.36698120260516404,0,0.0,0.9682231025748618,6,168.0
655.0,8,187.0,3.8958333333333335,6.94004968592807,0,3.0,0.5988216199603187,6,122.0,0.19454465227925208,2,77.0,0.5134611238743267,0,0.0,0.9522507506414206,8,202.0
660.0,9,229.0,4.770833333333333,7.512728328077972,0,0.0,1.0,6,152.0,0.3874786168630949,2,87.0,0.4638258375166,0,0.0,0.9405155425768736,8,239.0
665.0,3,101.0,2.2954545454545454,7.599074749272058,0,0.0,1.0,0,20.0,0.7959115932490675,2,94.0,0.22592070606986436,0,0.0,0.9582822910651455,2,114.0
670.0,1,1.0,0.022222222222222223,8.446835008354594,0,0.0,1.0,0,6.0,0.9582424628479206,1,43.0,0.05121062838196937,0,0.0,0.9706721685284125,1,49.0
675.0,1,6.0,0.125,9.220563773167104,0,0.0,1.0,0,6.0,0.8833141551279065,1,15.0,0.6499403188785925,0,0.0,0.9350834887129305,1,21.0
680.0,3,14.0,0.30434782608695654,9.015664604120513,0,0.0,1.0,1,7.0,0.7650658609965412,2,22.0,0.5770104055099438,0,0.0,0.9602975653864252,3,29.0
685.0,3,29.0,0.6041666666666666,8.865175005982971,0,0.0,1.0,1,6.0,0.7693263915102797,2,32.0,0.6709913969789479,0,0.0,0.9681008726535598,3,38.0
690.0,5,10.0,0.21739130434782608,7.94680739519445,0,0.0,1.0,2,3.0,0.4867575282924638,1,8.0,0.8159645023324397,0,0.0,0.9629332658354317,3,11.0
695.0,5,35.0,0.7608695652173914,7.759902985842851,0,0.0,1.0,2,16.0,0.49111618341825053,1,13.0,0.6039402987470248,0,0.0,0.9835121275984903,3,29.0
700.0,8,69.0,1.4680851063829787,7.242344319938218,0,0.0,1.0,2,26.0,0.652206635069413,3,26.0,0.5476927619961582,0,0.0,0.9660955265624199,5,52.0
705.0,8,105.0,2.142857142857143,7.1333511284419995,0,0.0,1.0,2,36.0,0.4205203708610994,3,35.0,0.3757845097901565,0,0.0,0.9232539971740872,5,71.0
710.0,8,137.0,2.9782608695652173,6.69894008500318,0,0.0,1.0,3,51.0,0.540153815493162,2,37.0,0.5914546334309361,0,0.0,0.9376790893776268,5,88.0
715.0,11,179.0,3.7291666666666665,6.7802106951719425,0,0.0,1.0,3,66.0,0.5700257744231982,3,48.0,0.3719225095663567,0,0.0,0.9958252579648517,6,114.0
720.0,7,142.0,2.8979591836734695,6.919730200288619,0,0.0,1.0,3,81.0,0.4724784500150309,4,64.0,0.45623929137753305,0,0.0,0.9619773558172586,7,145.0
725.0,11,187.0,3.816326530612245,6.395358120204734,0,0.0,1.0,4,97.0,0.2651509574718261,5,86.0,0.2935214228583303,0,0.0,0.9338159208556455,9,183.0
730.0,8,133.0,2.891304347826087,6.10425222114676,0,0.0,1.0,0,0.0,0.375657548845819,6,116.0,0.30534125135146395,0,0.0,0.9845372738457255,6,116.0
735.0,6,128.0,2.782608695652174,6.776182466417715,0,0.0,1.0,0,0.0,0.9860723557477561,4,116.0,0.15967738078821217,0,0.0,0.9263150345973484,4,116.0
740.0,3,112.0,2.382978723404255,8.220858493195841,0,0.0,1.0,0,0.0,0.9148230394965738,3,122.0,0.41651507109005587,0,0.0,0.9269582985804213,3,122.0
745.0,3,127.0,2.8222222222222224,8.718622354804891,0,0.0,1.0,0,3.0,0.978629293122191,3,133.0,0.5341234285048966,0,0.0,0.976209736234528,3,136.0
750.0,3,142.0,3.302325581395349,8.47320741046734,0,0.0,1.0,0,3.0,0.9444476061325233,3,148.0,0.5965250032989967,0,0.0,0.9351238637498825,3,151.0
755.0,4,158.0,3.511111111111111,7.392791185492341,0,0.0,1.0,1,4.0,0.776271544362306,3,178.0,0.5428320670062345,0,0.0,0.9609683390294995,4,182.0
760.0,7,188.0,4.372093023255814,6.962021311522318,0,0.0,1.0,1,9.0,0.607748885175113,4,196.0,0.48459407370816865,0,0.0,0.9593031648651581,5,205.0
765.0,7,218.0,5.069767441860465,7.057313365963759,0,0.0,1.0,2,18.0,0.5774687941618032,4,216.0,0.4082980125101836,0,0.0,0.9273861513825441,6,234.0
770.0,8,224.0,5.090909090909091,6.746553250809069,0,0.0,1.0,0,0.0,0.9779134697384102,8,245.0,0.11401661787713366,0,0.0,0.918161726006814,8,245.0
775.0,10,269.0,5.723404255319149,7.104137807376745,0,0.0,1.0,0,0.0,0.9160298319790101,10,296.0,0.19985255300917454,0,0.0,0.9395522841916522,10,296.0
780.0,8,268.0,5.702127659574468,6.988526637591463,0,0.0,1.0,0,0.0,0.8768880628337552,6,289.0,0.3631203124396163,0,0.0,0.9884601875369597,6,289.0
785.0,7,302.0,6.291666666666667,8.255443083148663,0,6.0,0.5278944036089053,0,3.0,0.850878767348983,5,305.0,0.34936670754757104,0,0.0,0.9473077768685491,5,314.0
790.0,8,338.0,7.041666666666667,8.680947612376416,0,0.0,0.8477182716232815,0,3.0,0.9111238396200416,5,330.0,0.419341477149332,0,0.0,0.9885950611250724,5,333.0
795.0,9,380.0,7.755102040816326,8.191020083072301,0,0.0,1.0,1,5.0,0.7185384320802128,5,382.0,0.4230185663554626,0,0.0,0.9634732143941842,6,387.0
800.0,13,440.0,8.8,7.132959648463871,0,0.0,1.0,1,10.0,0.7007031755395485,7,416.0,0.3296184548863516,0,0.0,0.9912181747002294,8,426.0
805.0,16,515.0,10.098039215686274,6.754820637957995,0,0.0,1.0,1,15.0,0.7165188038882829,9,460.0,0.23319633382361857,0,0.0,0.9363000734839292,10,475.0
810.0,16,570.0,10.961538461538462,6.52369931866347,0,0.0,1.0,0,3.0,0.8720481760978714,9,505.0,0.21686581857158027,0,0.0,0.9696443341035605,9,508.0
815.0,13,513.0,10.26,6.266985386579837,0,0.0,1.0,1,5.0,0.6911071070849976,11,557.0,0.07321657321783312,0,0.0,0.9691151810343432,12,562.0
820.0,10,529.0,10.173076923076923,6.8337531327102905,0,0.0,1.0,2,11.0,0.3597844809144825,7,560.0,0.19642423449260787,0,0.0,0.9232379532080672,9,571.0
825.0,11,581.0,11.62,7.3533893775795685,0,6.0,0.5683816128487609,3,23.0,0.39253739047255615,7,591.0,0.2942645420579592,0,0.0,0.9594121820225828,10,620.0
830.0,11,636.0,12.0,7.402682989493148,0,6.0,0.026182439672102945,3,41.0,0.5802838627713962,7,626.0,0.28866947259378606,0,0.0,0.9543869968995575,10,673.0
835.0,14,703.0,13.018518518518519,7.468526780950295,2,15.0,9.991679121954317e-06,4,59.0,0.4833163319599009,7,661.0,0.34450652474685944,0,0.0,0.9638583622680117,13,735.0
840.0,14,478.0,8.851851851851851,7.123268794074701,2,25.0,0.0,5,80.0,0.4316619701817939,5,543.0,0.38904751662385506,0,0.0,0.9891061969562276,12,648.0
845.0,10,178.0,3.4901960784313726,7.07792847209749,2,35.0,0.0,5,105.0,0.4284663230866308,1,296.0,0.40747610743047263,0,0.0,0.9569510409415283,8,436.0
850.0,6,34.0,0.68,7.208960036862084,0,0.0,1.0,2,55.0,0.5021952492964346,2,175.0,0.3571482308399435,0,0.0,0.9831733532191698,4,230.0
855.0,12,81.0,1.62,7.250063315398282,0,0.0,1.0,4,34.0,0.39015632580044607,4,36.0,0.3098318494700479,0,0.0,0.9753609078955456,8,70.0
860.0,11,122.0,2.5416666666666665,6.837646966855714,0,0.0,1.0,4,54.0,0.3617856891993773,2,22.0,0.0,0,0.0,0.9936482199678881,6,76.0
865.0,10,150.0,3.061224489795918,6.928937216591285,0,3.0,0.6847683451976133,5,74.0,0.18207969430762347,2,32.0,0.0,0,0.0,0.9675898306979289,7,109.0
870.0,6,87.0,1.9772727272727273,6.518426007926622,0,0.0,1.0,1,5.0,0.3484172799560523,2,45.0,0.39358198996364546,0,0.0,0.9525520946751531,3,50.0
875.0,5,65.0,1.5116279069767442,7.626881009079399,0,0.0,1.0,1,10.0,0.7069418531495323,4,58.0,0.0013684299345524638,0,0.0,0.9529990991981824,5,68.0
880.0,5,31.0,0.7560975609756098,8.424637585533551,0,0.0,1.0,1,15.0,0.7652620628588933,2,50.0,0.4982364979226512,0,0.0,0.967817583458666,3,65.0
885.0,5,54.0,1.255813953488372,8.606856074114496,0,0.0,1.0,1,20.0,0.6720369918520018,2,32.0,0.7045486072839156,0,0.0,0.958313228780215,3,52.0
890.0,5,63.0,1.4651162790697674,8.29016699483064,0,0.0,1.0,2,29.0,0.6310518305331098,3,43.0,0.6431830420392071,0,0.0,0.9422149154979591,5,72.0
895.0,6,90.0,2.142857142857143,8.32338543122376,0,0.0,1.0,2,39.0,0.47064986204663084,4,60.0,0.5774996015220684,0,0.0,0.9524917856096887,6,99.0
900.0,5,100.0,2.5641025641025643,7.680641574261753,0,0.0,1.0,1,35.0,0.6804337301314409,3,70.0,0.5477681414822586,0,0.0,0.9662758196433089,4,105.0
905.0,8,131.0,3.046511627906977,7.123504527322001,0,0.0,1.0,2,52.0,0.5671056596485443,5,95.0,0.31013428604176846,0,0.0,0.9781946476044483,7,147.0
910.0,9,167.0,3.9761904761904763,6.990627223696425,0,0.0,1.0,3,65.0,0.6303695510378652,6,127.0,0.22711373266454682,0,0.0,0.9686097438533159,9,192.0
915.0,9,212.0,5.0476190476190474,7.0419768010467445,0,0.0,1.0,3,80.0,0.6220292211318417,6,157.0,0.2353772297331319,0,0.0,0.9737967052018475,9,237.0
920.0,6,109.0,2.5348837209302326,7.243512801088535,0,0.0,1.0,2,47.0,0.5416328992019687,4,136.0,0.36825498014869174,0,0.0,0.9806804559745895,6,183.0
925.0,8,95.0,2.2093023255813953,6.92562679405,0,0.0,1.0,4,58.0,0.4232329452601107,4,78.0,0.3523633169340504,0,0.0,0.9827882944587198,8,136.0
930.0,10,143.0,3.4878048780487805,7.191407370042762,0,0.0,0.8848432603422366,6,83.0,0.4771369618842747,4,71.0,0.3116130135572825,0,0.0,0.9698923701842364,10,154.0
935.0,11,195.0,5.0,6.29065175108852,0,0.0,1.0,7,115.0,0.28681600685119596,4,91.0,0.3127432721115791,0,0.0,0.9842719300941322,11,206.0
940.0,7,130.0,3.3333333333333335,5.684661382004261,0,0.0,1.0,4,62.0,0.4411528598689083,2,78.0,0.316103476345685,0,0.0,0.9573349883256401,6,140.0
945.0,7,165.0,4.230769230769231,6.447547256566293,0,3.0,0.6537479707889683,4,82.0,0.46651074538883464,2,88.0,0.4809700794485131,0,0.0,0.9749801075277558,6,173.0
950.0,7,200.0,5.555555555555555,6.999621653972066,0,0.0,1.0,4,105.0,0.4933690440399222,2,104.0,0.5840378389266786,0,0.0,0.9343012133348124,6,209.0
955.0,7,235.0,6.184210526315789,7.683104839076975,0,0.0,0.9874347670181184,4,125.0,0.5256700715441878,2,111.0,0.5610319184373184,0,0.0,0.9672251134835441,6,236.0
960.0,7,253.0,6.487179487179487,8.07045717113765,0,0.0,1.0,5,150.0,0.4874097163235489,2,121.0,0.6470539056132923,0,0.0,0.9427630842860613,7,271.0
965.0,8,290.0,7.631578947368421,7.40518673355927,0,0.0,1.0,6,177.0,0.39568204197751594,2,131.0,0.545853251734615,0,0.0,0.9552653747259355,8,308.0
970.0,10,338.0,9.657142857142857,6.767871809489179,0,0.0,1.0,7,208.0,0.2653508204793643,3,142.0,0.5480191604453275,0,0.0,0.9254821060517039,10,350.0
975.0,11,393.0,10.621621621621621,6.711959534479273,0,0.0,1.0,8,248.0,0.2067270058826839,3,157.0,0.5081245319724835,0,0.0,0.9443513124488088,11,405.0
980.0,7,86.0,2.263157894736842,6.973170823048503,0,0.0,1.0,5,175.0,0.20832527090723596,2,91.0,0.5835696922112449,0,0.0,0.9851450284678904,7,266.0
985.0,3,30.0,0.7692307692307693,7.797485762906974,0,0.0,1.0,0,32.0,0.5918263670599152,3,30.0,0.4210107468656311,0,0.0,0.9810070264122562,3,62.0
990.0,7,57.0,1.4615384615384615,7.8366328991992935,0,0.0,1.0,0,0.0,0.878181357009851,7,60.0,0.19658518389578422,0,0.0,0.969727910687059,7,60.0
995.0,9,96.0,2.2325581395348837,7.551259742741922,0,0.0,1.0,1,1.0,0.5005803537021148,8,98.0,0.2954586760695856,0,0.0,0.9848500648588394,9,99.0
1000.0,3,24.0,0.5853658536585366,7.122634092019971,0,0.0,1.0,1,6.0,0.4758717662427673,1,35.0,0.5571000658289065,0,0.0,0.9358379818170597,2,41.0
1005.0,2,31.0,0.7380952380952381,7.733592019041822,0,9.0,0.6399030082815526,1,11.0,0.5251317320040024,1,23.0,0.7576816203445461,0,0.0,0.9615854435256305,2,43.0
1010.0,4,43.0,0.9772727272727273,8.131784593050051,2,11.0,0.17289386519792027,1,22.0,0.7190869207879672,1,28.0,0.7667578727809596,0,0.0,0.9506878318379494,4,61.0
1015.0,6,69.0,1.5681818181818181,7.846029233296249,3,25.0,0.022759596685570906,2,29.0,0.691950184113135,1,33.0,0.7887693712004583,0,0.0,0.9328195882780403,6,87.0
1020.0,2,3.0,0.06666666666666667,7.403716869764984,0,1.0,0.048835345200907515,0,6.0,0.9563963925854277,2,6.0,0.44832872242032784,0,0.0,0.9332381490069499,2,13.0
1025.0,4,17.0,0.38636363636363635,7.696740011572657,0,1.0,0.3199038485814599,0,9.0,0.9621827292643654,4,20.0,9.189842841923572e-05,0,0.0,0.9369450356596168,4,30.0
1030.0,4,37.0,0.8043478260869565,7.7942510284133375,0,0.0,1.0,0,9.0,0.9115986983493062,4,46.0,0.38290161879298135,0,0.0,0.9587123284388592,4,55.0
1035.0,6,63.0,1.4,7.729611463910116,0,0.0,1.0,1,5.0,0.7916640705278681,5,70.0,0.4117493264696428,0,0.0,0.9462142053587339,6,75.0
1040.0,1,7.0,0.15217391304347827,7.907722393937427,0,0.0,1.0,1,10.0,0.7552289481336885,0,30.0,0.6087698307423173,0,0.0,0.9799652015924554,1,40.0
1045.0,2,13.0,0.29545454545454547,8.80863242540958,0,0.0,1.0,2,19.0,0.6517095095752998,0,6.0,0.9933148912732103,0,0.0,0.9836202617759895,2,25.0
1050.0,4,28.0,0.6666666666666666,8.411548231790002,0,0.0,1.0,4,34.0,0.48275648078818423,0,6.0,0.9552235002426506,0,0.0,0.9560704097270772,4,40.0
1055.0,6,53.0,1.2926829268292683,8.143523156224235,0,0.0,0.9882246740357593,6,59.0,0.4542344540739866,0,0.0,0.9737077898194771,0,0.0,0.9563955185172908,6,59.0
1060.0,6,83.0,2.128205128205128,7.548122504339806,0,0.0,1.0,6,89.0,0.4497679404711455,0,0.0,0.5118677637645757,0,0.0,0.9471894646973154,6,89.0
1065.0,8,121.0,3.1025641025641026,7.2359467976050205,0,0.0,1.0,7,122.0,0.32561240773273264,1,5.0,0.6913770333913919,0,0.0,0.9392544759133532,8,127.0
1070.0,11,167.0,4.073170731707317,6.905682237819264,0,0.0,1.0,8,161.0,0.32398623317729386,2,11.0,0.5645968559749269,0,0.0,0.9810344251717692,10,172.0
1075.0,13,224.0,5.463414634146342,6.233694612351257,0,0.0,1.0,8,198.0,0.18916498565928452,3,22.0,0.37643861759285646,0,0.0,0.9832295553719342,11,220.0
1080.0,10,252.0,6.461538461538462,6.392900485763541,0,0.0,1.0,8,238.0,0.1835280305316564,0,10.0,0.7129389246326582,0,0.0,0.9337777072519688,8,248.0
1085.0,6,141.0,3.525,7.215406171004391,0,0.0,1.0,4,185.0,0.3207653173010328,0,0.0,0.987427859100868,0,0.0,0.9185356201746651,4,185.0
1090.0,5,120.0,2.926829268292683,8.321391416774787,0,0.0,0.8244515685243203,3,86.0,0.478965160374996,0,0.0,1.0,0,0.0,0.9368845440812716,3,86.0
1095.0,7,149.0,3.6341463414634148,7.103967638593627,1,3.0,0.004901421679864309,3,101.0,0.5026408093182483,0,0.0,1.0,0,0.0,0.9626759409234487,4,104.0
1100.0,10,197.0,4.5813953488372094,7.368353106054993,2,13.0,9.406691520575787e-06,3,116.0,0.6375478262810154,0,0.0,1.0,0,0.0,0.9463335105370928,5,129.0
1105.0,4,117.0,2.7857142857142856,6.59451354704738,0,0.0,1.0,2,115.0,0.45463812473087234,0,0.0,0.954106655930337,0,0.0,0.951064475297959,2,115.0
1110.0,4,131.0,3.275,6.953236470236002,0,0.0,1.0,4,134.0,0.41513032412139955,0,0.0,0.5019083825369078,0,0.0,0.9259420456251765,4,134.0
1115.0,5,156.0,3.9,7.732012842960377,0,0.0,1.0,4,151.0,0.32285161418107133,1,8.0,0.6387385620483561,0,0.0,0.9230128833940716,5,159.0
1120.0,5,181.0,4.309523809523809,8.103869565388225,0,0.0,1.0,4,171.0,0.41736911405511695,1,13.0,0.6308223984857491,0,0.0,0.979923885317281,5,184.0
1125.0,5,194.0,4.619047619047619,7.975724577305036,0,0.0,1.0,5,194.0,0.15645725218071907,0,3.0,0.9669412379142178,0,0.0,0.9389731375857416,5,197.0
1130.0,5,219.0,5.093023255813954,7.748366523754682,0,0.0,1.0,5,222.0,0.2919362342393141,0,3.0,0.9727023754557014,0,0.0,0.9476045835906847,5,225.0
1135.0,5,244.0,5.674418604651163,8.060562840397894,0,0.0,0.8890780777212705,5,247.0,0.4806042475407445,0,3.0,0.979301774927338,0,0.0,0.9132246919403005,5,250.0
1140.0,5,269.0,6.897435897435898,7.837727128888054,0,0.0,0.01754996772659405,5,272.0,0.47920307234892956,0,3.0,0.9584587763496986,0,0.0,0.9790088589098732,5,275.0
1145.0,6,227.0,5.82051282051282,7.023296480682595,1,5.0,0.0,5,263.0,0.45033499701729524,0,3.0,0.7668510497001948,0,0.0,0.9440773367513973,6,271.0
1150.0,9,256.0,6.2439024390243905,6.985178432021474,1,10.0,0.0,5,241.0,0.4732048347639295,2,7.0,0.5553966964754378,0,0.0,0.9850311798887663,8,258.0
1155.0,11,303.0,6.886363636363637,7.228008238978972,1,15.0,0.0,5,275.0,0.507553703642722,3,21.0,0.4049926558576315,0,0.0,0.8248438913202958,9,311.0
1160.0,13,348.0,7.909090909090909,6.349595705623444,1,20.0,0.0,7,294.0,0.3611638303555233,5,43.0,0.3191901594908383,0,0.0,0.9569122260895462,13,357.0
1165.0,11,383.0,8.511111111111111,7.15585650044325,1,25.0,0.0,4,291.0,0.30381794098843656,6,73.0,0.3659847600041923,0,0.0,0.9519571179541522,11,389.0
1170.0,10,416.0,9.244444444444444,7.45472806784809,1,30.0,0.0,4,311.0,0.021555138167763718,5,86.0,0.4823085482052045,0,0.0,0.932041099853471,10,427.0
1175.0,12,470.0,10.444444444444445,6.941831014017476,1,38.0,0.46683643005281006,5,333.0,0.16430761486591974,5,112.0,0.5428527432653959,0,0.0,0.9442787625946648,11,483.0
1180.0,15,537.0,11.933333333333334,6.225920192280967,1,40.0,0.0,5,360.0,0.2691283822725108,6,138.0,0.4515304783287574,0,0.0,0.9340939139790966,12,538.0
1185.0,16,604.0,13.422222222222222,5.54007684105568,1,45.0,0.0,4,371.0,0.23874654915221435,7,167.0,0.3415142367224531,0,0.0,0.9872939259964475,12,583.0
1190.0,12,511.0,10.872340425531915,6.452030762094901,1,50.0,0.0,4,391.0,0.39802857662283697,3,61.0,0.37604197366702835,0,0.0,0.9718803712221691,8,502.0
1195.0,10,538.0,12.227272727272727,6.784654833040867,1,55.0,0.44720981766623435,5,419.0,0.2748910320729036,0,27.0,0.6248746096753076,0,0.0,0.9127390518904195,6,501.0
1200.0,10,588.0,14.0,7.388164762719119,1,60.0,0.0,5,444.0,0.43454303188952687,0,3.0,0.9562402419400093,0,0.0,0.9202231729563722,6,507.0
1205.0,8,600.0,14.634146341463415,6.965533430824256,1,65.0,0.47135392355357886,4,454.0,0.5323529323118239,0,3.0,0.9344405774491991,0,0.0,0.9130556348697552,5,522.0
1210.0,9,644.0,14.311111111111112,7.2179393218430885,1,70.0,0.0,4,474.0,0.5388313365016338,0,3.0,0.61655324716109,0,0.0,0.9312533116229048,5,547.0
1215.0,7,572.0,13.0,6.84371551782941,1,75.0,0.0,4,494.0,0.5255966017438363,1,10.0,0.6233277562789973,0,0.0,0.9934983913564417,6,579.0
1220.0,8,603.0,13.108695652173912,7.010290128400678,1,80.0,0.0,4,514.0,0.5382344848481638,3,18.0,0.5505915018261147,0,0.0,0.9777060163657721,8,612.0
1225.0,8,643.0,13.978260869565217,6.693736079830637,1,85.0,0.0,4,534.0,0.47161906484620164,3,33.0,0.41365500125599625,0,0.0,0.9594968635188561,8,652.0
1230.0,9,653.0,14.511111111111111,5.977572969245368,1,90.0,0.0,7,561.0,0.14202802290340916,1,18.0,0.5295208974640773,0,0.0,0.9906952453626171,9,669.0
1235.0,10,702.0,16.325581395348838,6.468266106890191,1,98.0,0.4129699841216202,7,599.0,0.23426156532956915,2,17.0,0.3291950123038616,0,0.0,0.9870581074440178,10,714.0
1240.0,11,755.0,16.41304347826087,6.936518024538896,1,100.0,0.0,8,637.0,0.2517572882526172,2,27.0,0.3205472541821251,0,0.0,0.9674901819578721,11,764.0
1245.0,11,810.0,17.608695652173914,6.828823595265258,1,105.0,0.4666134428566737,8,677.0,0.32538167165655546,2,34.0,0.3116259033243082,0,0.0,0.949778734862295,11,816.0
1250.0,7,767.0,16.67391304347826,6.697105061744004,1,110.0,0.0,4,649.0,0.3743745830733356,2,26.0,0.10330070724033201,0,0.0,0.966249958427465,7,785.0
1255.0,8,806.0,16.791666666666668,7.25674476306724,1,115.0,0.0,4,654.0,0.448889139699989,3,40.0,0.18455283785143875,0,0.0,0.9648806068515615,8,809.0
1260.0,10,853.0,17.408163265306122,7.452456824580006,1,120.0,0.0,4,674.0,0.4171256891871928,4,63.0,0.31646719089335396,0,0.0,0.9622134118295218,9,857.0
1265.0,10,897.0,17.58823529411765,6.97914643179954,1,125.0,0.0,4,691.0,0.37697956378166,4,83.0,0.3191999953647134,0,0.0,0.955556972414236,9,899.0
1270.0,10,944.0,18.88,7.502086271594963,1,130.0,0.0,5,714.0,0.45185190376368,4,103.0,0.4236170417944573,0,0.0,0.9681787578873942,10,947.0
1275.0,9,915.0,18.6734693877551,6.991222860423211,1,135.0,0.0,4,731.0,0.3872874784838922,4,77.0,0.40046854747105326,0,0.0,0.950879455876251,9,943.0
1280.0,9,939.0,19.163265306122447,7.502399182367983,1,140.0,0.0,4,751.0,0.3894567463576525,4,51.0,0.5343535712255274,0,0.0,0.9331765348898312,9,942.0
1285.0,10,985.0,20.520833333333332,6.782368185379339,1,145.0,0.49861386570630156,4,771.0,0.24211635586488245,4,72.0,0.547503397256791,1,1.0,0.47330502797590934,10,989.0
1290.0,16,1054.0,22.91304347826087,6.082407242561706,1,150.0,0.0,6,796.0,0.13607473506142534,7,102.0,0.3517083626024395,1,6.0,0.474482420140439,15,1054.0
1295.0,10,1017.0,22.108695652173914,5.940946076675497,1,155.0,0.0,5,820.0,0.1419130562180497,2,45.0,0.5801311883585357,1,11.0,0.5297232464567766,9,1031.0
1300.0,8,1017.0,20.755102040816325,6.754726221854252,1,166.0,0.41371811256010127,6,855.0,0.26306166095700023,1,30.0,0.6856718819108139,0,0.0,0.9595859972774773,8,1051.0
1305.0,9,1062.0,21.6734693877551,7.398719937466504,1,165.0,0.45264610495819046,7,893.0,0.39647410298313096,1,15.0,0.6647352266976798,0,0.0,0.958473087540626,9,1073.0
1310.0,9,1107.0,22.591836734693878,7.81667489184948,1,170.0,0.0,7,928.0,0.3425692586300796,1,20.0,0.7425766078453702,0,0.0,0.9934824266800627,9,1118.0
1315.0,10,1154.0,23.551020408163264,7.197491556793971,1,175.0,0.0,7,963.0,0.3691506551028983,2,26.0,0.5208491159365376,0,0.0,0.9784030959367499,10,1164.0
1320.0,10,1025.0,20.918367346938776,6.74390256462957,0,0.0,1.0,7,998.0,0.3862468618617152,3,37.0,0.16091519839950028,0,0.0,0.9615141104518738,10,1035.0
1325.0,12,1084.0,21.254901960784313,6.943883427571256,0,0.0,1.0,7,1033.0,0.3959815200402869,5,61.0,0.30405072866120886,0,0.0,0.9719797215340789,12,1094.0
1330.0,15,1151.0,23.02,6.181299283977423,0,0.0,1.0,9,1072.0,0.1541708916368232,6,90.0,0.31610139594946146,0,0.0,0.9438133330037478,15,1162.0
1335.0,14,1163.0,22.80392156862745,5.342177496812344,0,0.0,1.0,11,1127.0,0.0433245432911979,2,74.0,0.42083585916808236,0,0.0,0.9567744922638748,13,1201.0
1340.0,16,1238.0,25.26530612244898,5.129182479831344,0,0.0,1.0,11,1188.0,0.1752891392701566,2,56.0,0.5016879598910547,0,0.0,0.9460782977766264,13,1244.0
1345.0,16,1307.0,26.14,5.712027552627813,0,0.0,1.0,12,1251.0,0.298936027291385,3,69.0,0.46437402242172987,0,0.0,0.9396951587752461,15,1320.0
1350.0,15,1372.0,26.901960784313726,6.238200493970657,0,0.0,1.0,12,1314.0,0.3187788432210447,3,84.0,0.3811760734814736,0,0.0,0.9779844814413868,15,1398.0
1355.0,14,1365.0,26.764705882352942,6.110012319078776,0,0.0,1.0,12,1365.0,0.29757997529563573,1,34.0,0.4939973392389483,0,0.0,0.948521875089034,13,1399.0
1360.0,5,1078.0,20.73076923076923,5.956884067973177,0,0.0,1.0,4,1124.0,0.3283580836594528,0,0.0,0.49644443882804323,0,0.0,0.9386030918863304,4,1124.0
1365.0,9,1107.0,20.5,6.377605377267021,0,0.0,1.0,5,1132.0,0.4793185808092492,2,12.0,0.5546685407630395,0,0.0,0.9384904433757164,7,1144.0
1370.0,10,1155.0,20.263157894736842,7.266485567660026,0,0.0,1.0,5,1154.0,0.5843092026693363,2,25.0,0.6461886389729833,0,0.0,0.9221920971660653,7,1179.0
1375.0,11,1184.0,20.413793103448278,7.076498135136793,0,0.0,1.0,6,1177.0,0.35845644565941304,0,6.0,0.8876556760846663,0,0.0,0.9661706791991218,6,1183.0
1380.0,11,309.0,5.327586206896552,6.596220011433152,0,0.0,1.0,6,558.0,0.25801122782209196,0,6.0,0.8962391768282075,0,0.0,0.931092288740041,6,564.0
1385.0,10,86.0,1.4827586206896552,6.974996968531027,0,0.0,1.0,7,104.0,0.3727681574584909,0,9.0,0.8898270190134497,0,0.0,0.966193500041359,7,113.0
1390.0,7,105.0,1.8421052631578947,7.529794384307511,0,0.0,0.5194649334854887,7,139.0,0.3381639150125482,0,9.0,0.8774567447798762,0,0.0,0.9902191822065045,7,148.0
1395.0,11,152.0,2.6666666666666665,7.081569605028048,1,3.0,0.00016992821730019738,9,182.0,0.3005092029259458,1,10.0,0.6919834837795785,0,0.0,0.984722122664016,11,195.0
1400.0,11,106.0,1.8928571428571428,6.985803818976225,1,8.0,0.0,6,164.0,0.34492943846125423,4,24.0,0.5145021982481683,0,0.0,0.9417287388080471,11,196.0
1405.0,8,72.0,1.263157894736842,7.141926643973256,1,13.0,0.0,3,60.0,0.4471950350381878,4,44.0,0.42401815828860917,0,0.0,0.9218282151009389,8,117.0
1410.0,10,117.0,2.0526315789473686,7.040526961778945,1,18.0,0.0,4,44.0,0.24726223408879516,5,67.0,0.32475938447201486,0,0.0,0.9823114514251869,10,129.0
1415.0,12,144.0,2.4827586206896552,6.307967123143141,1,23.0,0.0,4,64.0,0.1720085686342616,7,76.0,0.15241241693143842,0,0.0,0.9583657305594452,12,163.0
1420.0,11,127.0,2.2280701754385963,6.159517947494077,1,28.0,0.0,0,5.0,0.5730823942518369,10,118.0,0.156737769585346,0,0.0,0.9917532779175391,11,151.0
1425.0,11,182.0,3.192982456140351,6.571520933286095,1,33.0,0.0,0,12.0,0.9007979940423089,10,168.0,0.14275871586893202,0,0.0,0.8247143916332812,11,213.0
1430.0,12,204.0,3.642857142857143,6.824979957002994,0,0.0,1.0,0,12.0,0.7197492781068661,12,229.0,0.27083034768455994,0,0.0,0.8975808384572361,12,241.0
1435.0,5,67.0,1.1964285714285714,7.0437357859140315,0,0.0,0.9715705963748478,1,3.0,0.3243364247958438,4,124.0,0.3300212900066804,0,0.0,0.9610427135178709,5,127.0
1440.0,1,24.0,0.42857142857142855,7.9079049016431355,0,9.0,0.7002284046641465,0,6.0,0.7345110364278531,1,79.0,0.4793376255585746,0,0.0,0.9587475142758407,1,94.0
1445.0,4,34.0,0.5862068965517241,8.725419596314616,1,1.0,0.5393305529526092,1,7.0,0.6976683862002078,1,38.0,0.7753545579567263,0,0.0,0.9349624994162129,3,46.0
1450.0,4,54.0,0.9818181818181818,8.85725697062785,1,6.0,0.0,1,12.0,0.7958091769144807,1,43.0,0.7123837169262196,0,0.0,0.9569127234322155,3,61.0
1455.0,6,80.0,1.509433962264151,8.36593473947257,1,11.0,0.0,1,17.0,0.8036002472564773,2,50.0,0.5043783422635811,0,0.0,0.9520777322849456,4,78.0
1460.0,7,89.0,1.7115384615384615,7.556067884315038,1,16.0,0.0,1,22.0,0.7101797366326946,5,66.0,0.16704029691218814,0,0.0,0.9896657952801158,7,104.0
1465.0,10,129.0,2.4339622641509435,7.505382449896108,1,21.0,0.0,2,29.0,0.731707904253557,5,91.0,0.2742550257651728,0,0.0,0.921398704657785,8,141.0
1470.0,10,168.0,3.2941176470588234,7.001624133626197,1,26.0,0.0,4,41.0,0.3833440023763131,5,116.0,0.15567928289615732,0,0.0,0.9568730461886383,10,183.0
1475.0,6,145.0,3.0851063829787235,6.644320520429914,1,31.0,0.0,4,61.0,0.2843073849683225,1,62.0,0.2186646754788548,0,0.0,0.967772318741114,6,154.0
1480.0,2,67.0,1.3673469387755102,7.552605176401733,0,9.0,0.5970477781059372,0,0.0,0.5864578197333035,2,70.0,4.715131244288391e-05,0,0.0,0.9591499441682427,2,79.0
1485.0,3,78.0,1.56,8.024660521982856,1,10.0,0.0127383002468022,0,0.0,0.9184161266951234,2,82.0,0.2635116785094695,0,0.0,0.9353940714033423,3,92.0
1490.0,7,110.0,2.1153846153846154,8.484222636447402,3,25.0,7.889138001961202e-05,1,3.0,0.7365896108739776,3,102.0,0.4787042563407747,0,0.0,0.986138890573406,7,130.0
1495.0,6,127.0,2.3518518518518516,8.628263908663703,3,40.0,0.0,1,8.0,0.7498583324927195,2,99.0,0.5835942967149168,0,0.0,0.9456810345010899,6,147.0
1500.0,2,98.0,1.8148148148148149,8.612436316713357,0,0.0,1.0,0,0.0,0.81422346470778,2,109.0,0.6448655422453063,0,0.0,0.937920476118363,2,109.0
1505.0,4,115.0,2.1296296296296298,8.515993475590351,0,0.0,1.0,1,26.0,0.7767456306466057,3,121.0,0.47922506782938584,0,0.0,0.9638422004585079,4,147.0
1510.0,8,148.0,3.020408163265306,8.0042412969035,0,0.0,1.0,1,19.0,0.7443900080597918,3,136.0,0.48912955971703775,0,0.0,0.9729747306611305,4,155.0
1515.0,11,185.0,3.627450980392157,7.160714375451524,0,0.0,1.0,3,17.0,0.49071035852478256,2,133.0,0.0,0,0.0,0.9540564083287846,5,150.0
1520.0,11,240.0,4.8,6.555887188024494,0,0.0,0.5706664115036715,3,35.0,0.282004428728655,2,143.0,0.0,0,0.0,0.9178105313025645,5,178.0
1525.0,11,259.0,5.395833333333333,6.539532649471059,0,0.0,1.0,4,55.0,0.4122131920149024,2,153.0,0.0,0,0.0,0.9810461366184186,6,208.0
1530.0,10,291.0,6.613636363636363,6.9543038382761475,0,0.0,1.0,4,75.0,0.38955990138672814,2,163.0,0.30682274847047547,0,0.0,0.9411298130899227,6,238.0
1535.0,5,96.0,2.1333333333333333,7.378851800499621,0,0.0,1.0,5,99.0,0.3749814639587626,0,50.0,0.5147329234923348,0,0.0,0.9943842306411231,5,149.0
1540.0,0,0.0,0.0,8.261789249124382,0,3.0,0.9194779006120833,0,3.0,0.9401615169580648,0,0.0,0.6026531459299824,0,0.0,0.9643763010860207,0,6.0
1545.0,2,6.0,0.13953488372093023,8.5446350078501,0,0.0,1.0,0,3.0,0.9553735595632148,1,26.0,0.37680151637369047,0,0.0,0.9789041500101845,1,29.0
1550.0,4,22.0,0.5238095238095238,8.291109435631492,0,0.0,1.0,0,0.0,0.7039084607578101,2,21.0,0.6040945894187134,0,0.0,0.9365996282363471,2,21.0
1555.0,5,43.0,1.0,8.26035231046681,0,0.0,1.0,1,5.0,0.7690421614109345,1,23.0,0.7397754639641316,0,0.0,0.9591861504470973,2,28.0
1560.0,5,68.0,1.5454545454545454,7.9332101335276715,0,0.0,1.0,1,13.0,0.7885606483680364,1,22.0,0.5776170293226401,0,0.0,0.9187152233089322,2,35.0
1565.0,7,99.0,2.302325581395349,6.723794425130743,0,0.0,1.0,1,18.0,0.6898928856629146,2,32.0,0.6432660189690971,0,0.0,0.9069364994059868,3,50.0
1570.0,11,149.0,3.3863636363636362,6.953689385045865,0,0.0,1.0,2,27.0,0.7375987544175407,2,42.0,0.569151572311043,0,0.0,0.948853113461042,4,69.0
1575.0,10,152.0,3.5348837209302326,6.719095276764642,0,0.0,0.399787287597468,2,37.0,0.5925112462431473,2,55.0,0.6236109931430233,0,0.0,0.942904216774374,4,92.0
1580.0,13,161.0,3.659090909090909,6.164992617770858,2,9.0,0.0001515316568751284,3,50.0,0.5476941016959709,1,27.0,0.563825669450311,0,0.0,0.9633155698431816,6,86.0
1585.0,10,153.0,3.4,6.018778830207219,0,0.0,1.0,3,65.0,0.45275276107906415,2,18.0,0.4799935571576883,0,0.0,0.9809863502959066,5,83.0
1590.0,7,107.0,2.3260869565217392,6.572346830162735,0,0.0,1.0,4,83.0,0.4127042084959028,3,33.0,0.30953682683403266,0,0.0,0.9524761518991518,7,116.0
1595.0,12,155.0,3.4444444444444446,6.311364888726689,0,0.0,1.0,6,108.0,0.30508136702510846,4,53.0,0.279932376625136,0,0.0,0.9916904322433449,10,161.0
1600.0,10,150.0,3.260869565217391,5.731352438414467,0,0.0,1.0,3,107.0,0.45895401875416336,1,27.0,0.4970020132573622,0,0.0,0.9697178947532022,4,134.0
1605.0,13,212.0,4.416666666666667,6.071765852657639,0,0.0,0.9253330029586315,3,125.0,0.5044654804090382,1,28.0,0.6358365459661601,0,0.0,0.9610969320957624,4,153.0
1610.0,13,277.0,5.770833333333333,6.907436877993177,0,0.0,1.0,3,140.0,0.5559665432134671,1,36.0,0.627094475416953,0,0.0,0.948091734049132,4,176.0
1615.0,10,297.0,6.1875,6.746233171699295,0,0.0,1.0,3,155.0,0.5067949480550293,1,41.0,0.7727331001615096,0,0.0,0.9611406157167446,4,196.0
1620.0,12,351.0,7.163265306122449,5.993178216710767,0,0.0,1.0,5,174.0,0.42636516931857904,1,46.0,0.6756460755500348,0,0.0,0.9550313950521203,6,220.0
1625.0,12,382.0,7.64,6.317862964235161,0,0.0,1.0,5,199.0,0.3718155090899538,2,54.0,0.4924800423477496,0,0.0,0.9597186214833048,7,253.0
1630.0,8,283.0,5.895833333333333,6.309055846518035,0,0.0,1.0,6,255.0,0.33549556510108974,2,61.0,0.5254092319137489,0,0.0,0.9523409133785188,8,316.0
1635.0,13,341.0,6.82,5.888044708665547,0,0.0,1.0,8,293.0,0.2731173506502636,5,81.0,0.12011804106553996,0,0.0,0.9982614442726445,13,374.0
1640.0,6,118.0,2.3137254901960786,6.1692732003220945,0,0.0,1.0,5,172.0,0.2841462446216141,1,69.0,0.07310798428920127,0,0.0,0.9637497209060393,6,241.0
1645.0,4,103.0,2.1458333333333335,7.632600748564723,0,0.0,1.0,3,77.0,0.4921373405578785,1,68.0,0.4896073532372088,0,0.0,0.9399342922939594,4,145.0
1650.0,4,123.0,2.46,8.86714080497546,0,0.0,1.0,3,56.0,0.5624321598397288,1,73.0,0.4991254986039236,0,0.0,0.9613278609281861,4,129.0
1655.0,5,147.0,3.0625,8.662869716945968,0,0.0,1.0,4,75.0,0.40817568474837596,1,148.0,0.7451665406293861,0,0.0,0.9662059141599693,5,223.0
1660.0,8,180.0,3.5294117647058822,7.25537803921761,0,0.0,1.0,5,99.0,0.31341982383650313,2,156.0,0.47557076742775034,0,0.0,0.9605803221771251,7,255.0
1665.0,9,223.0,4.645833333333333,6.583919071135767,0,0.0,1.0,6,128.0,0.3007204791657147,3,171.0,0.49137129191580614,0,0.0,0.9610171122110782,9,299.0
1670.0,11,273.0,5.808510638297872,6.5072847805411085,0,0.0,1.0,6,158.0,0.3115639464277299,5,191.0,0.3208590302541808,0,0.0,0.9168883409905572,11,349.0
1675.0,11,328.0,7.130434782608695,6.0365405816879125,0,0.0,1.0,6,198.0,0.2862566492708141,5,216.0,0.2501857588180752,0,0.0,0.9586930927365594,11,414.0
1680.0,5,49.0,1.0208333333333333,6.386808691506285,0,0.0,1.0,0,36.0,0.5524963396557683,5,141.0,0.041455148920572664,0,0.0,0.9367213500879158,5,177.0
1685.0,5,39.0,0.8125,7.369199413070123,0,0.0,1.0,1,2.0,0.6538692772215965,4,50.0,0.2257466145902892,0,0.0,0.935547070969017,5,52.0
1690.0,7,68.0,1.511111111111111,7.5237416774214445,0,0.0,1.0,1,7.0,0.49263352620290446,5,69.0,0.4652939636340031,0,0.0,0.9593602884498169,6,76.0
1695.0,6,97.0,2.0208333333333335,7.892611775524301,0,0.0,1.0,1,12.0,0.6620929879379491,5,94.0,0.5285688399782846,0,0.0,0.9639207175771127,6,106.0
1700.0,2,20.0,0.4,7.55719138485424,0,0.0,1.0,1,17.0,0.4905053774678148,1,53.0,0.6740252441353227,0,0.0,0.9235167461059819,2,70.0
1705.0,1,22.0,0.4888888888888889,8.555885379351805,0,0.0,1.0,1,25.0,0.6167868778212388,0,12.0,0.8777519852578762,0,0.0,0.9655487023297182,1,37.0
1710.0,1,27.0,0.6136363636363636,8.775043050497866,0,0.0,1.0,1,33.0,0.751355334773199,0,9.0,0.9419575892987764,0,0.0,0.9378837027661655,1,42.0
1715.0,1,32.0,0.7272727272727273,9.118457837885746,0,0.0,1.0,1,38.0,0.741250598746847,0,3.0,0.956679619405029,0,0.0,0.9512452433483873,1,41.0
1720.0,2,40.0,0.975609756097561,8.04057950405212,0,0.0,1.0,1,43.0,0.6172755411926802,1,3.0,0.5937974040768081,0,0.0,0.976450105993727,2,46.0
1725.0,7,65.0,1.5853658536585367,6.690623183820679,0,0.0,1.0,4,56.0,0.48685613381551585,3,12.0,0.31327333030299453,0,0.0,0.9922702681200356,7,68.0
1730.0,9,109.0,2.477272727272727,6.370894819848343,0,0.0,1.0,4,76.0,0.3919876080992107,5,33.0,0.2695517596659812,0,0.0,0.9559928937309986,9,109.0
1735.0,12,162.0,3.6818181818181817,6.518686264033959,0,0.0,1.0,7,101.0,0.25438616532524827,5,58.0,0.2328566652271744,0,0.0,0.9969284084714911,12,159.0
1740.0,4,110.0,2.5,6.399423103109263,0,0.0,1.0,4,110.0,0.24878265498792987,0,13.0,0.37734622208990487,0,0.0,0.970465511829212,4,123.0
1745.0,5,133.0,3.0930232558139537,7.633087863792923,0,6.0,0.6359829748979491,5,136.0,0.36838455465309305,0,0.0,1.0,0,0.0,0.9820173410183455,5,142.0
1750.0,5,158.0,3.511111111111111,8.676395380073165,0,0.0,0.8825609424768807,5,161.0,0.4791897638282257,0,3.0,0.877989153196086,0,0.0,0.947833026331849,5,164.0
1755.0,5,183.0,4.159090909090909,8.328337003182464,0,0.0,1.0,5,186.0,0.32051916598979946,0,3.0,0.9533233341462184,0,0.0,0.9764955393623669,5,189.0
1760.0,5,32.0,0.7272727272727273,6.931698182391324,0,0.0,1.0,2,97.0,0.43488910325312996,1,6.0,0.6230190766585691,0,0.0,0.9239147329448449,3,103.0
1765.0,5,32.0,0.6808510638297872,7.878167313043689,0,0.0,1.0,0,3.0,0.98883854642999,1,11.0,0.6395342123978303,0,0.0,0.9492344402481705,1,14.0
1770.0,7,61.0,1.3555555555555556,7.23598085924017,0,0.0,1.0,1,4.0,0.5791188570423824,1,19.0,0.6544752603187669,0,0.0,0.9608538708221981,2,23.0
1775.0,6,60.0,1.5384615384615385,7.163631623431194,0,0.0,1.0,2,9.0,0.46456459133907635,1,24.0,0.5676245944161058,0,0.0,0.9785209727611675,3,33.0
1780.0,5,48.0,1.2307692307692308,6.323018371870521,0,0.0,1.0,3,20.0,0.23714276060311923,2,34.0,0.4305170768248435,0,0.0,0.9112059360969156,5,54.0
1785.0,7,83.0,2.024390243902439,6.356295422280027,0,0.0,1.0,3,35.0,0.0767891889809443,4,54.0,0.39572401638502785,0,0.0,0.9620990911168364,7,89.0
1790.0,9,124.0,3.1,6.597891177371215,0,0.0,1.0,4,54.0,0.12904581173016474,5,76.0,0.32120427685165126,0,0.0,0.9793185513082068,9,130.0
1795.0,11,171.0,4.275,6.469017853501905,0,0.0,1.0,4,74.0,0.32261168685422015,7,103.0,0.10660632124456687,0,0.0,0.9792910772865013,11,177.0
1800.0,11,226.0,5.380952380952381,6.83874010975053,0,0.0,1.0,4,94.0,0.30862765699965916,7,138.0,0.12454197869475084,0,0.0,0.9569829919436289,11,232.0
1805.0,4,114.0,2.6511627906976742,6.973347501997401,0,0.0,1.0,4,114.0,0.21316635167401418,0,27.0,0.45909528150221385,0,0.0,0.9816681568989082,4,141.0
1810.0,5,137.0,3.186046511627907,7.498690624158374,0,6.0,0.5963107825006917,4,140.0,0.27686651241775323,1,3.0,0.16003594050061198,0,0.0,0.9842051437107666,5,149.0
1815.0,6,163.0,3.880952380952381,7.155877067132278,1,10.0,0.08733303586034487,4,163.0,0.4566968859432336,1,8.0,0.0,0,0.0,0.9518431490590415,6,181.0
1820.0,6,189.0,4.295454545454546,6.770765550191308,0,2.0,0.11636628383787312,5,187.0,0.4486943461727044,1,13.0,0.0,0,0.0,0.9624980881072411,6,202.0
1825.0,1,18.0,0.4,8.130699604969658,0,0.0,1.0,0,30.0,0.8363372352096754,1,18.0,0.5544735979353527,0,0.0,0.9390834209921041,1,48.0
1830.0,0,0.0,0.0,9.025551970388996,0,0.0,1.0,0,22.0,0.8599459762148847,0,4.0,0.6781118832931894,0,0.0,0.96818694771988,0,26.0
1835.0,1,2.0,0.044444444444444446,9.79895305376465,0,0.0,1.0,1,11.0,0.8524503000357221,0,6.0,0.9746987405397174,0,0.0,0.9633766214832504,1,17.0
1840.0,1,7.0,0.14285714285714285,8.636150128506799,0,0.0,0.06155053555154904,1,10.0,0.7763870037704547,0,6.0,0.7769283371299279,0,0.0,0.9513965025354078,1,16.0
1845.0,4,25.0,0.5208333333333334,8.107769137832353,1,5.0,0.0,2,18.0,0.6227591441352286,1,11.0,0.7011280839554275,0,0.0,0.9942882916577686,4,34.0
1850.0,5,41.0,0.8367346938775511,8.14074731920745,1,10.0,0.0,3,30.0,0.5936038839803277,1,10.0,0.81113640843499,0,0.0,0.9987722223746558,5,50.0
1855.0,5,66.0,1.346938775510204,8.124157316698094,1,18.0,0.11917611233125237,3,45.0,0.5963318237550138,1,15.0,0.8036037159799326,0,0.0,0.985794153058628,5,78.0
1860.0,5,72.0,1.5,7.652697778259081,0,0.0,1.0,3,57.0,0.4928795641858223,2,21.0,0.5500289389693632,0,0.0,0.9566905071095948,5,78.0
1865.0,5,32.0,0.7111111111111111,6.973792994203503,0,0.0,1.0,1,17.0,0.5958005266244515,4,37.0,0.2739881036593527,0,0.0,0.9535368731842655,5,54.0
1870.0,3,10.0,0.21739130434782608,6.599292677521839,0,0.0,1.0,1,6.0,0.38759239159028547,0,0.0,0.6613042313669634,0,0.0,0.9685287140896627,1,6.0
1875.0,7,36.0,0.8,7.030777027716121,0,9.0,0.6228509617033886,2,21.0,0.5390702436053099,0,3.0,0.8877092898671135,0,0.0,0.9667329644631216,2,33.0
1880.0,7,71.0,1.6136363636363635,7.849504939908132,0,0.0,0.7790190090870799,2,31.0,0.5734107821670326,0,3.0,0.9582797319899746,0,0.0,0.994253047791505,2,34.0
1885.0,8,111.0,2.466666666666667,8.084942338674955,0,0.0,1.0,3,46.0,0.6822547090482821,0,3.0,0.956894038701814,0,0.0,0.9575920277686952,3,49.0
1890.0,9,153.0,3.642857142857143,7.934662870205645,0,0.0,0.9830283553517963,3,61.0,0.6214987521390261,0,3.0,0.9522493049563303,0,0.0,0.964594199758471,3,64.0
1895.0,11,201.0,4.466666666666667,7.189369300863919,1,2.0,0.0025852822839247873,4,77.0,0.45906307635368926,0,3.0,0.8664490828046375,0,0.0,0.9552820313215236,5,82.0
1900.0,10,223.0,5.439024390243903,6.841376467744774,1,7.0,2.8820056762750128e-05,4,97.0,0.44373870438910606,0,0.0,0.8778081148132642,0,0.0,0.9783113254019391,5,104.0
1905.0,2,13.0,0.3611111111111111,6.983707039246997,1,12.0,0.0,0,3.0,0.7948682273989883,0,0.0,0.9409712922267766,0,0.0,0.9462038074839221,1,15.0
1910.0,3,11.0,0.2894736842105263,7.120507716379627,0,0.0,1.0,0,0.0,0.8988056483348713,0,0.0,0.9661747755496052,0,0.0,0.9728094620984722,0,0.0
1915.0,2,8.0,0.21052631578947367,7.832007929748966,0,0.0,1.0,0,0.0,0.7497323145116108,0,6.0,0.9017277034432404,0,0.0,0.961422361481973,0,6.0
1920.0,2,5.0,0.13513513513513514,9.13721199253272,0,0.0,1.0,1,4.0,0.5983191057715531,1,4.0,0.7968538456982693,0,0.0,0.9923173643703072,2,8.0
1925.0,3,10.0,0.2631578947368421,8.063414983565002,0,0.0,1.0,0,4.0,0.4944223357731895,1,9.0,0.7904175060106994,0,0.0,0.9818930563411526,1,13.0
1930.0,6,33.0,0.825,7.694763469123115,0,0.0,1.0,1,3.0,0.4316876729241783,1,14.0,0.6127777701449347,0,0.0,0.9628479322224439,2,17.0
1935.0,9,76.0,1.9487179487179487,7.470731367073379,0,0.0,1.0,2,12.0,0.4653160920450879,2,27.0,0.6874675967788018,0,0.0,0.9427952908626857,4,39.0
1940.0,10,115.0,3.108108108108108,6.75944834062756,0,0.0,1.0,2,26.0,0.4564548555281072,2,37.0,0.6742587269578503,0,0.0,0.9473251913052251,4,63.0
1945.0,5,87.0,2.175,6.32383702113676,0,0.0,1.0,0,4.0,0.745435950953711,0,7.0,0.47672586804629086,0,0.0,0.9927732880606652,0,11.0
1950.0,7,120.0,3.076923076923077,6.604860119006586,0,3.0,0.8857091201340387,1,11.0,0.6348122207282749,1,7.0,0.6335187784524661,0,0.0,0.9370722800143307,2,21.0
1955.0,6,93.0,2.3846153846153846,7.227676709458094,0,0.0,1.0,2,18.0,0.6217972076740711,1,15.0,0.6331672066543858,0,0.0,0.9458008282151165,3,33.0
1960.0,3,35.0,0.9210526315789473,8.078765817699077,0,0.0,1.0,2,78.0,0.7179626721971912,1,20.0,0.7388595030339863,0,0.0,0.9380393942843472,3,98.0
1965.0,6,56.0,1.302325581395349,7.388133235180373,0,0.0,1.0,2,88.0,0.7125766689233934,1,25.0,0.7272715423539233,0,0.0,0.9817288927277091,3,113.0
1970.0,5,59.0,1.372093023255814,7.477239697030614,0,0.0,1.0,3,102.0,0.5151941318563282,0,37.0,0.9660953703637171,0,0.0,0.9470273147731862,3,139.0
1975.0,7,94.0,2.186046511627907,7.281201385853136,0,0.0,1.0,4,125.0,0.5239459115588805,0,3.0,0.7561927563583974,0,0.0,0.974918282807234,4,128.0
1980.0,10,137.0,3.425,6.30817855517831,0,0.0,1.0,5,144.0,0.31024732772855435,2,9.0,0.5799596475732783,0,0.0,0.9600146392610119,7,153.0
1985.0,8,75.0,1.744186046511628,5.787820334040655,0,0.0,1.0,1,92.0,0.38070981369168044,3,20.0,0.4785335303535477,0,0.0,0.953241616779648,4,112.0
1990.0,6,48.0,1.1428571428571428,6.674037269208232,0,0.0,1.0,1,9.0,0.6038619936257387,0,10.0,0.7222680962470586,0,0.0,0.9871940218232537,1,19.0
1995.0,2,11.0,0.28205128205128205,8.256360661342804,0,3.0,0.6171764914012334,1,14.0,0.7609847908195144,0,0.0,0.9475728964224341,0,0.0,0.9684666323694674,1,17.0
2000.0,1,15.0,0.39473684210526316,8.85813711910562,0,0.0,1.0,1,19.0,0.8127102315332723,0,0.0,0.9403944824532652,0,0.0,0.9657427180724901,1,19.0
2005.0,1,1.0,0.02631578947368421,8.285014298922366,0,0.0,1.0,1,5.0,0.6969173113314662,0,0.0,0.9386156484974766,0,0.0,0.9600449303467796,1,5.0
2010.0,3,9.0,0.25,7.713596054544052,0,0.0,1.0,1,10.0,0.7740678442640998,1,1.0,0.4803776167071309,0,0.0,0.9309676612541602,2,11.0
2015.0,3,22.0,0.6285714285714286,7.667310017491786,0,0.0,1.0,1,15.0,0.7221962000824265,2,21.0,0.505565431858827,0,0.0,0.9445079707893739,3,36.0
2020.0,4,40.0,1.0810810810810811,8.041150770370878,0,0.0,1.0,1,20.0,0.730873989489545,3,34.0,0.37381582849360867,0,0.0,0.9702984259662538,4,54.0
2025.0,4,41.0,1.0789473684210527,7.7625569152614675,0,0.0,1.0,1,5.0,0.6530420336328417,3,49.0,0.42137836181903343,0,0.0,0.9793244014889634,4,54.0
2030.0,5,57.0,1.4615384615384615,8.329924497329799,0,0.0,1.0,2,15.0,0.6361418329793211,3,45.0,0.36667042427838953,0,0.0,0.9589323481119465,5,60.0
2035.0,6,82.0,2.0,7.782496168924969,0,0.0,1.0,3,44.0,0.4549234422381852,3,60.0,0.32981125113394133,0,0.0,0.9744345514264164,6,104.0
2040.0,7,112.0,2.9473684210526314,7.4889853673688265,0,0.0,1.0,3,56.0,0.29179252882504497,4,78.0,0.24432863770151597,0,0.0,0.9485256444091271,7,134.0
2045.0,7,147.0,3.5853658536585367,7.283149842528246,0,0.0,1.0,3,71.0,0.32287790219420104,4,98.0,0.15654396236144497,0,0.0,0.9472542291972179,7,169.0
2050.0,9,188.0,4.7,6.608019190714859,0,0.0,1.0,4,72.0,0.3189864708079904,5,119.0,0.12147492612491148,0,0.0,0.5504619305017312,9,191.0
2055.0,13,245.0,5.6976744186046515,6.314272265442553,0,0.0,1.0,5,94.0,0.25346144015718797,7,151.0,0.2820061080305015,1,4.0,0.6382757184261004,13,249.0
2060.0,13,310.0,7.045454545454546,6.002149436371954,0,0.0,1.0,5,119.0,0.29178758857669573,7,186.0,0.308180740660779,1,9.0,0.47954110262698185,13,314.0
2065.0,14,275.0,6.111111111111111,5.79030840898486,0,0.0,0.9727301475463063,3,34.0,0.35388638900124736,10,228.0,0.16109992789685906,1,14.0,0.4747581484506945,14,276.0
2070.0,8,101.0,2.1956521739130435,6.310707075780613,0,0.0,1.0,3,49.0,0.3863889289440577,4,72.0,0.0045067679575306755,1,19.0,0.4856881997728559,8,140.0
2075.0,6,95.0,2.159090909090909,6.881097473774037,0,3.0,0.4891418272634086,3,73.0,0.41608418933672675,3,56.0,0.45879562639586596,0,0.0,0.34564083290865827,6,132.0
2080.0,7,130.0,2.8260869565217392,7.801375406034553,0,0.0,0.798276534501411,4,93.0,0.5533853398483763,3,52.0,0.4891621525718321,0,0.0,0.6849408371270675,7,145.0
2085.0,4,71.0,1.5106382978723405,8.229303476517337,0,0.0,1.0,1,40.0,0.7432930347676836,3,67.0,0.5361809242166264,0,0.0,0.9624777595857916,4,107.0
2090.0,1,22.0,0.4489795918367347,9.30704857236416,0,0.0,1.0,0,9.0,0.9440221108119584,1,50.0,0.6588481711477755,0,0.0,0.9479502244572684,1,59.0
2095.0,2,5.0,0.10416666666666667,8.762140100365768,0,0.0,1.0,1,11.0,0.8154534076224954,0,3.0,0.9096377570200979,0,0.0,0.9832124460572933,1,14.0
2100.0,4,22.0,0.4782608695652174,8.555934237041882,0,0.0,1.0,1,16.0,0.8578168442687713,0,3.0,0.890700807727896,0,0.0,0.9753911760343487,1,19.0
2105.0,6,38.0,0.8260869565217391,7.414517787321579,0,0.0,1.0,0,0.0,0.7399486150371185,2,4.0,0.581344772856632,0,0.0,0.957320144048011,2,4.0
2110.0,8,73.0,1.5869565217391304,6.959356124109022,0,0.0,1.0,1,2.0,0.5775619464357314,3,17.0,0.4023713829971866,0,0.0,0.9659949024535541,4,19.0
2115.0,7,86.0,1.9545454545454546,6.5460340919455,0,0.0,1.0,2,11.0,0.5098139337322463,0,3.0,0.7504476699238695,0,0.0,0.9275786602031876,2,14.0
2120.0,8,125.0,2.7777777777777777,6.876824822107458,0,6.0,0.6779115071538581,2,24.0,0.5736322356433816,0,3.0,0.9402688519885739,0,0.0,0.9634900352878438,2,33.0
2125.0,8,139.0,2.9574468085106385,6.908984496779992,0,0.0,0.9976824736974005,0,16.0,0.7915178157962215,0,3.0,0.8949612534744736,0,0.0,0.9589980414929812,0,19.0
2130.0,12,156.0,3.5454545454545454,6.625511357074334,0,0.0,1.0,1,4.0,0.7496468889585572,1,5.0,0.6328162528120758,0,0.0,0.9084082923496015,2,9.0
2135.0,11,164.0,3.813953488372093,7.128306626714359,0,0.0,1.0,1,18.0,0.7852415645001357,1,13.0,0.65931091380009,0,0.0,0.9902821773170825,2,31.0
2140.0,8,93.0,2.1627906976744184,7.412766288400142,0,0.0,1.0,1,14.0,0.772599988481155,2,23.0,0.6502403532123583,0,0.0,0.9486997361483727,3,37.0
2145.0,5,49.0,1.1136363636363635,7.7055216431722195,0,0.0,1.0,1,16.0,0.6409768519974418,4,39.0,0.5343096020110066,0,0.0,0.9810227290278513,5,55.0
2150.0,11,88.0,2.0,6.667860007853844,0,0.0,1.0,3,26.0,0.19918477475295476,4,59.0,0.5457363590548409,0,0.0,0.9483470131813307,7,85.0
2155.0,10,123.0,2.86046511627907,5.914961853409667,0,0.0,1.0,4,46.0,0.18907230635437117,5,80.0,0.3771126468441008,0,0.0,0.9726213108485967,9,126.0
2160.0,7,102.0,2.372093023255814,6.218796961886277,0,0.0,1.0,4,66.0,0.16797414613086883,1,53.0,0.5662787466126142,0,0.0,0.9947208503232097,5,119.0
2165.0,5,57.0,1.3255813953488371,6.515049938324624,0,0.0,1.0,0,6.0,0.5186484215564356,1,37.0,0.6138439805516948,0,0.0,0.9678802874420808,1,43.0
2170.0,9,95.0,2.159090909090909,6.650399178763917,0,6.0,0.08210206162917896,0,6.0,0.887811084597003,1,42.0,0.6304542735660453,1,2.0,0.49064293660587865,2,56.0
2175.0,10,143.0,3.1777777777777776,6.583602386829834,0,0.0,0.29528575711407407,0,6.0,0.9661463361653655,1,53.0,0.7101865067791988,1,7.0,0.4664173125738675,2,66.0
2180.0,8,149.0,3.1702127659574466,7.432643695654049,0,0.0,1.0,0,42.0,0.9483385143207222,1,58.0,0.7096888128804817,1,12.0,0.6273957620439109,2,112.0
2185.0,2,70.0,1.4583333333333333,7.604444331260722,0,0.0,1.0,0,42.0,0.7716105019402059,1,63.0,0.7154264455774417,0,0.0,0.9957670450405621,1,105.0
2190.0,6,73.0,1.489795918367347,7.347916068125623,0,0.0,1.0,3,50.0,0.5236760430460426,2,72.0,0.6131245656998093,0,0.0,0.9738526186826286,5,122.0
2195.0,7,98.0,2.1777777777777776,6.988246458540369,0,0.0,1.0,4,66.0,0.2778577818371062,3,83.0,0.5495980353065935,0,0.0,0.9977399812291603,7,149.0
2200.0,11,144.0,2.88,6.903543573762675,0,0.0,1.0,5,90.0,0.1876384083235936,4,95.0,0.46829902364692133,0,0.0,0.9803430799892853,9,185.0
2205.0,9,81.0,1.6875,6.924959868463341,0,0.0,1.0,4,51.0,0.17640685907274176,5,75.0,0.2712337792773282,0,0.0,0.9570090020690621,9,126.0
2210.0,10,127.0,2.760869565217391,6.835923631096701,0,0.0,1.0,4,67.0,0.18768854078311634,5,104.0,0.17068196406901046,0,0.0,0.9752749272594554,9,171.0
2215.0,17,196.0,4.0,6.187197391095689,0,0.0,1.0,5,87.0,0.15410124937889727,6,97.0,0.0021062594193442634,0,0.0,0.9607476882795712,11,184.0
2220.0,19,282.0,5.529411764705882,5.750159222688724,0,0.0,1.0,5,109.0,0.1979815018301785,7,132.0,0.05571970278674006,0,0.0,0.9358685623485572,12,241.0
2225.0,17,357.0,7.4375,5.825794905978433,0,0.0,1.0,5,149.0,0.35913401758663743,7,167.0,0.005175934686802083,0,0.0,0.9513487038635255,12,316.0
2230.0,19,447.0,9.122448979591837,4.707478322113633,0,0.0,1.0,5,174.0,0.24570995187393613,7,202.0,0.011921584208359513,0,0.0,0.938955226808803,12,376.0
2235.0,15,271.0,5.313725490196078,5.034344588104658,0,0.0,1.0,6,203.0,0.23250732217424647,1,49.0,0.22131130056841236,0,0.0,0.947979163603935,7,252.0
2240.0,8,246.0,4.823529411764706,5.899280880884687,0,6.0,0.6311140483514903,6,246.0,0.3156688280932771,1,68.0,0.39904885157945563,0,0.0,0.9341970602093227,7,320.0
2245.0,9,266.0,5.32,7.09608256760434,0,0.0,0.8264845797593051,5,262.0,0.4944496705594824,2,118.0,0.3601599925468139,0,0.0,0.9282018626457001,7,380.0
2250.0,10,304.0,5.96078431372549,7.291634939053043,0,0.0,1.0,5,283.0,0.516300462968871,4,133.0,0.4535315656213677,0,0.0,0.951855396167607,9,416.0
2255.0,9,333.0,6.054545454545455,6.743278263711236,0,0.0,1.0,7,316.0,0.46355445196799233,2,138.0,0.2589159210447555,0,0.0,0.9351739402305415,9,454.0
2260.0,10,374.0,6.8,7.132886634369341,0,0.0,1.0,7,351.0,0.46399361945032186,3,92.0,0.274286587673269,0,0.0,0.968756337500195,10,443.0
2265.0,3,68.0,1.2592592592592593,7.511784687385591,0,0.0,1.0,0,50.0,0.6981878223867688,3,107.0,0.33667056435121656,0,0.0,0.9721298419009943,3,157.0
2270.0,4,84.0,1.6470588235294117,7.8082325098103835,0,0.0,0.08538596937896345,0,3.0,0.7956754959669017,3,83.0,0.2263944475367973,0,0.0,0.9689629955153067,3,86.0
2275.0,5,107.0,2.2291666666666665,8.278976042731705,0,0.0,1.0,0,0.0,0.9452498380319917,3,107.0,0.5812272713384558,0,0.0,0.9868081515681439,3,107.0
2280.0,3,33.0,0.66,8.07832264059028,0,0.0,1.0,0,0.0,0.7568553895335118,1,55.0,0.597428765105241,0,0.0,0.9890431462866025,1,55.0
2285.0,5,40.0,0.8,8.20005921558898,0,0.0,1.0,1,3.0,0.7247188759253181,3,45.0,0.6402838686872102,0,0.0,0.9532627326588919,4,48.0
2290.0,8,73.0,1.4313725490196079,7.577342211072753,0,0.0,1.0,2,11.0,0.31655882867495044,3,60.0,0.6693551412934858,0,0.0,0.9718789537941188,5,71.0
2295.0,10,120.0,2.5531914893617023,7.110241624449206,0,0.0,1.0,2,21.0,0.3154224967045643,3,75.0,0.6662733229985037,0,0.0,0.9795287816833615,5,96.0
2300.0,6,75.0,1.744186046511628,6.864318967574295,0,0.0,1.0,2,31.0,0.3332615306797927,0,6.0,0.7778654414408279,0,0.0,0.9695073192655355,2,37.0
2305.0,2,41.0,0.9111111111111111,7.779007148701237,0,3.0,0.5570872350670298,2,44.0,0.5047370998721403,0,0.0,0.850831535579104,0,0.0,0.9621805383228159,2,47.0
2310.0,6,62.0,1.3777777777777778,7.235755126652132,3,11.0,0.21800117191622712,2,57.0,0.5941375348198432,1,3.0,0.49922869282552207,0,0.0,0.9698055322608838,6,71.0
2315.0,2,36.0,0.8,6.923636033205094,0,0.0,0.14103190448842137,1,34.0,0.7624955881208121,1,8.0,0.6364285503989517,0,0.0,0.9347553398225845,2,42.0
2320.0,3,49.0,1.0888888888888888,7.36715891592938,0,0.0,0.24583368850384177,1,39.0,0.7740849924278115,2,36.0,0.4619217967952725,0,0.0,0.9765307869938871,3,75.0
2325.0,3,64.0,1.3333333333333333,8.256722346352664,0,0.0,1.0,1,44.0,0.738475506535459,2,36.0,0.5546964522913489,0,0.0,0.9507335865279366,3,80.0
2330.0,4,82.0,1.7083333333333333,8.043877652939036,0,0.0,0.9209451634187594,2,52.0,0.6175670027404666,2,37.0,0.4358772349455588,0,0.0,0.9896713734448542,4,89.0
2335.0,5,59.0,1.2040816326530612,8.20601679142445,0,0.0,1.0,2,55.0,0.5013918783264824,3,49.0,0.3520845934195376,0,0.0,0.9642217132092104,5,104.0
2340.0,4,57.0,1.2391304347826086,8.391546095667376,0,0.0,1.0,3,30.0,0.40219238960112896,1,36.0,0.6941861117124204,0,0.0,0.9558845147419485,4,66.0
2345.0,7,84.0,1.8666666666666667,7.502241731747329,0,0.0,1.0,6,58.0,0.2451693902916567,1,41.0,0.5396345066838182,0,0.0,0.9676058748243456,7,99.0
2350.0,9,128.0,3.0476190476190474,7.553205822305254,0,0.0,1.0,7,93.0,0.38534384693701923,2,50.0,0.24459105851529103,0,0.0,0.9534648427622723,9,143.0
2355.0,6,90.0,2.1951219512195124,7.213932860259656,0,0.0,1.0,2,39.0,0.5757110799037812,3,65.0,0.23286197432842992,0,0.0,0.9960812074098435,5,104.0
2360.0,6,113.0,2.627906976744186,8.360497184984062,0,0.0,1.0,3,42.0,0.6818035313100504,3,80.0,0.2366860115198575,0,0.0,0.9656728775936743,6,122.0
2365.0,7,147.0,3.5,7.458220301035552,0,0.0,1.0,3,57.0,0.619162387347393,3,101.0,0.423719390007145,0,0.0,0.9554696628143216,6,158.0
2370.0,11,191.0,4.775,6.663092665666244,0,0.0,0.4375469872476916,5,72.0,0.4783389324370364,5,122.0,0.43161640540124574,0,0.0,0.9600967476002473,10,194.0
2375.0,12,236.0,5.7560975609756095,6.716511528344704,1,3.0,0.0002104272414941835,6,95.0,0.2364912355834511,5,147.0,0.4239399330345769,0,0.0,0.997050219105985,12,245.0
2380.0,12,296.0,6.883720930232558,7.347234023146463,1,8.0,0.0,6,125.0,0.2377416715816656,5,169.0,0.42456800878057954,0,0.0,0.9468240114555535,12,302.0
2385.0,9,307.0,7.1395348837209305,7.240801787036514,0,0.0,1.0,6,155.0,0.31012617799308434,3,158.0,0.5322255367922675,0,0.0,0.9771626834565639,9,313.0
2390.0,10,356.0,8.279069767441861,7.819830947675033,0,3.0,0.9618846501677631,6,185.0,0.31530086292427045,4,174.0,0.5289759555017695,0,0.0,0.9500154726710487,10,362.0
2395.0,11,408.0,8.869565217391305,7.11392556802209,0,0.0,0.9933372744597221,7,220.0,0.3518520327225052,4,191.0,0.2455075207154181,0,0.0,0.9499829828068261,11,411.0
2400.0,9,282.0,6.130434782608695,7.2395301759333135,0,0.0,1.0,3,164.0,0.47795144702209286,6,219.0,0.23700594463552793,0,0.0,0.9771684130448771,9,383.0
2405.0,7,279.0,6.488372093023256,7.7149945645338835,0,0.0,1.0,1,42.0,0.7415876165978373,6,249.0,0.31226343406711804,0,0.0,0.9438966587830038,7,291.0
2410.0,5,287.0,6.5227272727272725,8.381528033963217,0,0.0,1.0,1,39.0,0.8256681016122488,4,266.0,0.4281375402337139,0,0.0,0.9410116934964401,5,305.0
2415.0,6,314.0,7.136363636363637,8.62717406246138,0,0.0,1.0,2,46.0,0.6838873758633035,4,274.0,0.36871821845555575,0,0.0,0.9728324701775112,6,320.0
2420.0,10,353.0,8.209302325581396,7.424540130063296,0,0.0,1.0,5,61.0,0.27445078138019163,5,298.0,0.35315991668271873,0,0.0,0.9525076655438366,10,359.0
2425.0,10,403.0,9.829268292682928,6.919145772570101,0,0.0,1.0,5,86.0,0.2840114058832611,5,323.0,0.3363937583705076,0,0.0,0.9462704439939816,10,409.0
2430.0,10,252.0,6.146341463414634,6.62807448325062,0,0.0,1.0,5,111.0,0.23313232689649974,5,230.0,0.2529442772902075,0,0.0,0.9613040523669146,10,341.0
2435.0,9,170.0,4.146341463414634,6.487167834485871,0,0.0,1.0,5,139.0,0.28167601141870025,4,85.0,0.22908592265588726,0,0.0,0.9503318913754896,9,224.0
2440.0,9,128.0,3.282051282051282,6.586274000306987,0,0.0,1.0,4,100.0,0.26689482365533856,4,60.0,0.2721151635245274,0,0.0,0.9692402852748216,8,160.0
2445.0,10,169.0,4.023809523809524,6.718109776821037,0,0.0,1.0,5,98.0,0.26843163362779576,5,85.0,0.2335881243971238,0,0.0,0.9588636519837119,10,183.0
2450.0,5,115.0,2.6744186046511627,6.26695625403354,0,0.0,1.0,5,123.0,0.1916541819128254,0,22.0,0.5652176636751274,0,0.0,0.9276244460526755,5,145.0
2455.0,7,146.0,3.3181818181818183,6.548657286526017,0,3.0,0.5264315075746698,6,157.0,0.2578488653185501,1,6.0,0.707082464168323,0,0.0,0.9787609065253035,7,166.0
2460.0,8,182.0,4.136363636363637,6.4811292065360355,0,6.0,0.033270545335150385,6,184.0,0.4208538412220879,1,11.0,0.6278751648113264,0,0.0,0.9722021821229236,7,201.0
2465.0,10,225.0,5.0,6.166460990143788,2,14.0,7.282627936708312e-05,6,214.0,0.3472748567216309,1,16.0,0.5880214245358045,0,0.0,0.9492007691712413,9,244.0
2470.0,9,240.0,5.0,6.3351405270514,0,0.0,1.0,7,249.0,0.31873469234932367,0,3.0,0.9628784408280423,0,0.0,0.9994012216667605,7,252.0
2475.0,8,275.0,5.612244897959184,6.247328565799606,0,3.0,0.9425985383917671,7,284.0,0.2927050155310927,1,5.0,0.7056845448327906,0,0.0,0.9764638577463132,8,292.0
2480.0,9,316.0,6.583333333333333,6.385671135712091,0,0.0,1.0,7,319.0,0.3455488426203813,2,11.0,0.3160354190949703,0,0.0,0.9615553567786134,9,330.0
2485.0,2,18.0,0.3673469387755102,6.5910869094382,0,0.0,1.0,0,50.0,0.47751196666777906,2,27.0,0.27351193619430403,0,0.0,0.9882465973980261,2,77.0
2490.0,3,8.0,0.16,7.265518764658675,0,0.0,1.0,1,5.0,0.46238295853231837,2,12.0,0.00020769144073762104,0,0.0,0.9823306244576443,3,17.0
2495.0,3,23.0,0.46,7.717462648091608,0,3.0,0.9992620649944901,1,10.0,0.6106328163385051,2,36.0,0.5685872491054264,0,0.0,0.9595459972635124,3,49.0
2500.0,5,44.0,0.88,7.78365972553368,0,0.0,1.0,1,15.0,0.7047529039991929,3,49.0,0.5740138766855198,0,0.0,0.955558186386531,4,64.0
2505.0,5,53.0,1.0192307692307692,7.787258147926295,0,0.0,1.0,1,4.0,0.6580049310831056,3,64.0,0.5720637052941963,0,0.0,0.9529351023081007,4,68.0
2510.0,3,44.0,0.8461538461538461,8.254119103814785,0,0.0,1.0,1,9.0,0.7730247265855091,1,48.0,0.7069636896396649,0,0.0,0.9785792523516206,2,57.0
2515.0,4,61.0,1.297872340425532,8.040478804426105,0,0.0,1.0,1,17.0,0.7071291766425455,2,38.0,0.7092362922688261,0,0.0,0.9534883798648903,3,55.0
2520.0,7,91.0,1.9361702127659575,6.783903853303543,0,0.0,1.0,2,24.0,0.6335753129707844,3,46.0,0.34120239465048596,0,0.0,0.9547279259607294,5,70.0
2525.0,9,112.0,2.196078431372549,6.075528850662229,0,0.0,1.0,0,4.0,0.8687341081594843,5,70.0,0.04349266217504077,0,0.0,0.9475709456798622,5,74.0
2530.0,7,126.0,2.5714285714285716,6.045137301779993,0,0.0,1.0,1,9.0,0.7324469700932159,2,59.0,0.013619040096104876,0,0.0,0.9774995985300357,3,68.0
2535.0,6,93.0,1.8979591836734695,6.933857060918517,0,3.0,0.6379314010013909,2,17.0,0.6665921934600568,2,69.0,0.4493971395975398,0,0.0,0.9800064820742151,4,89.0
2540.0,4,97.0,1.94,7.877276357173355,0,0.0,0.6792331308499991,2,24.0,0.6587256652947102,2,79.0,0.49722875535532407,0,0.0,0.9566374882154287,4,103.0
2545.0,7,124.0,2.48,7.28558427726611,0,0.0,1.0,3,38.0,0.48664509614674845,2,89.0,0.5746366518914385,0,0.0,0.9513400673853948,5,127.0
2550.0,7,66.0,1.346938775510204,6.8660622645775335,0,0.0,1.0,4,57.0,0.40781705631837023,0,33.0,0.7981446295520238,0,0.0,0.9387541836320769,4,90.0
2555.0,5,77.0,1.673913043478261,7.962813302784886,0,0.0,1.0,4,77.0,0.39174780600995573,1,6.0,0.7290822908673478,0,0.0,0.9716112020142907,5,83.0
2560.0,7,104.0,2.1666666666666665,7.81008232016669,0,0.0,1.0,4,97.0,0.4103446586911668,2,12.0,0.5846227252234997,0,0.0,0.9636164414960366,6,109.0
2565.0,10,143.0,3.1777777777777776,6.855855621420807,0,0.0,1.0,4,117.0,0.2715486167360428,3,23.0,0.4839912515000762,0,0.0,0.9339758286127036,7,140.0
2570.0,12,196.0,4.558139534883721,5.782916034322287,0,0.0,1.0,5,146.0,0.34150875393632957,4,40.0,0.3279700608234811,0,0.0,0.9624911600350304,9,186.0
2575.0,9,201.0,4.466666666666667,5.793621456762595,0,0.0,1.0,5,171.0,0.3901920580055317,0,0.0,0.3642433912305201,0,0.0,0.9656782420157236,5,171.0
2580.0,11,250.0,5.319148936170213,6.234773651679883,0,3.0,0.4702977745264639,5,192.0,0.30210957069069583,0,0.0,0.9039077524357203,0,0.0,0.9568213794361471,5,195.0
2585.0,6,157.0,3.4130434782608696,6.969719688366689,0,0.0,0.7537110941417062,2,129.0,0.5084137495182071,0,0.0,0.9567251227280335,0,0.0,0.9808763326568709,2,129.0
2590.0,6,118.0,2.5652173913043477,7.826687228149807,0,0.0,1.0,2,73.0,0.5744662048601434,0,0.0,0.9576515405014979,0,0.0,0.9741868151509551,2,73.0
2595.0,7,152.0,3.04,7.242656340364865,0,0.0,1.0,3,87.0,0.4334128806553457,0,0.0,0.8846678154270626,0,0.0,0.9219055366071958,3,87.0
2600.0,9,161.0,3.22,7.345470179583502,0,0.0,1.0,3,102.0,0.5041457132675246,0,0.0,0.7027211950875696,0,0.0,0.9316811920154379,3,102.0
2605.0,5,93.0,1.8979591836734695,6.8222524492788095,0,0.0,1.0,1,86.0,0.7659453110141031,1,3.0,0.47239093785051134,0,0.0,0.9448163975023174,2,89.0
2610.0,5,102.0,2.217391304347826,6.8406397104916845,0,0.0,1.0,1,88.0,0.6888976517252839,3,14.0,0.31476021881850597,0,0.0,0.9865487198079861,4,102.0
2615.0,8,128.0,2.8444444444444446,6.864567849452732,0,0.0,1.0,1,90.0,0.7650360282918781,5,39.0,0.24082834225383706,0,0.0,0.9902278152306512,6,129.0
2620.0,2,103.0,2.239130434782609,6.668425581650306,0,0.0,1.0,1,95.0,0.5696486909187715,1,19.0,0.5691185661760824,0,0.0,0.9819626141215743,2,114.0
2625.0,1,100.0,2.1739130434782608,7.664426754816504,0,0.0,1.0,1,106.0,0.5914926260939641,0,11.0,0.7127363192447802,0,0.0,0.9677068050095393,1,117.0
2630.0,2,108.0,2.25,7.900265129608673,0,0.0,1.0,2,111.0,0.4239556508879602,0,3.0,0.9746884842424484,0,0.0,0.9743671191571085,2,114.0
2635.0,7,136.0,2.9565217391304346,7.530337954577482,0,0.0,0.9728844067049094,3,126.0,0.5414494195164201,0,0.0,0.9720209276138685,0,0.0,0.9891069381969554,3,126.0
2640.0,6,154.0,3.2083333333333335,7.644226772272106,1,1.0,0.0011407690493985675,3,141.0,0.7057356861464436,0,0.0,0.9762026155575467,0,0.0,0.9512977293691465,4,142.0
2645.0,3,127.0,2.6458333333333335,7.350293046847555,1,6.0,8.03873039013944e-06,2,124.0,0.7273404068051896,0,0.0,0.9601276196604717,0,0.0,0.998709416874659,3,130.0
2650.0,6,148.0,3.020408163265306,7.600958792094551,1,11.0,0.0,4,138.0,0.6151413567486345,1,2.0,0.6087627191361155,0,0.0,0.9625332366325513,6,151.0
2655.0,5,162.0,3.5217391304347827,7.940397792938109,0,0.0,1.0,4,155.0,0.4801693815947101,1,10.0,0.6052558347369429,0,0.0,0.9470546521631209,5,165.0
2660.0,6,183.0,4.066666666666666,8.08127622549132,0,0.0,1.0,4,175.0,0.19413740175949168,1,17.0,0.7951678037523244,0,0.0,0.9431557624092866,5,192.0
2665.0,3,151.0,3.282608695652174,8.771971470690335,0,0.0,1.0,1,157.0,0.5799994915819728,2,24.0,0.5615985198921858,0,0.0,0.9535032930990687,3,181.0
2670.0,4,169.0,3.595744680851064,8.572398230918823,0,0.0,1.0,1,146.0,0.6250577961972098,3,37.0,0.4387207246783191,0,0.0,0.9664874151244974,4,183.0
2675.0,8,201.0,4.369565217391305,7.887659532260133,0,0.0,1.0,2,156.0,0.6489216038097091,5,60.0,0.4089419003241321,0,0.0,0.9752160175096738,7,216.0
2680.0,7,234.0,5.318181818181818,7.022460244893057,0,0.0,0.4732061764605306,2,166.0,0.6391442772992032,5,82.0,0.42429402856656656,0,0.0,0.9737997981757859,7,248.0
2685.0,8,258.0,5.608695652173913,7.540818454028272,1,3.0,0.3591893906420342,2,162.0,0.6924257830717739,5,107.0,0.41215529199880024,0,0.0,0.952332597558813,8,272.0
2690.0,9,299.0,6.361702127659575,7.728984324589864,2,9.0,6.636559080241681e-05,2,172.0,0.6915530483871669,5,132.0,0.5274334962180007,0,0.0,0.9435793558442515,9,313.0
2695.0,8,278.0,5.791666666666667,7.056373427877305,2,19.0,0.0,3,182.0,0.45546030630340306,3,120.0,0.5025411857137765,0,0.0,0.9432791854688796,8,321.0
2700.0,7,268.0,5.702127659574468,7.237071679635135,0,0.0,1.0,5,203.0,0.42086948241239136,2,79.0,0.5667931232074025,0,0.0,0.9525254194255707,7,282.0
2705.0,7,303.0,6.06,7.522870997785464,0,0.0,1.0,5,228.0,0.4327710000124546,2,88.0,0.6374728359978931,0,0.0,0.9478688234816564,7,316.0
2710.0,8,339.0,6.647058823529412,6.953912566667836,0,0.0,1.0,6,254.0,0.24514935011320704,2,98.0,0.7088897460381016,0,0.0,0.9767325564290448,8,352.0
2715.0,10,295.0,5.566037735849057,5.686470274554763,0,0.0,1.0,6,284.0,0.23382914555423012,1,47.0,0.5410392073891052,0,0.0,0.9459328001545174,7,331.0
2720.0,14,357.0,6.611111111111111,5.653509031500924,0,0.0,1.0,6,317.0,0.30973783314780323,4,17.0,0.21269855381426864,0,0.0,0.9679061618532485,10,334.0
2725.0,14,409.0,7.4363636363636365,5.704789236283992,0,0.0,0.5175431909929048,6,347.0,0.3590595042427135,5,42.0,0.32694947761840576,0,0.0,0.9885605838477027,11,389.0
2730.0,9,310.0,5.849056603773585,5.965245580195684,1,3.0,4.463766302098483e-05,2,295.0,0.49709753227136244,6,69.0,0.2059425657428231,0,0.0,0.9777285773404175,9,367.0
2735.0,4,274.0,5.269230769230769,7.158723200933789,1,8.0,0.0,2,254.0,0.6338288437768368,1,38.0,0.2747654988394027,0,0.0,0.9941695757769011,4,300.0
2740.0,4,294.0,5.653846153846154,8.26117664810516,1,16.0,0.24326839579463308,2,267.0,0.599430492253629,1,23.0,0.7154304135572519,0,0.0,0.947208782004883,4,306.0
2745.0,4,300.0,5.882352941176471,8.290172260891444,0,0.0,0.3222813873094192,3,284.0,0.6258895645951994,1,28.0,0.7036926593183541,0,0.0,0.9406025845663619,4,312.0
2750.0,6,47.0,0.9038461538461539,7.826041881136101,0,0.0,1.0,3,76.0,0.5060654273148335,1,33.0,0.7321526505935125,0,0.0,0.9492713239998252,4,109.0
2755.0,8,82.0,1.5471698113207548,7.084462692170748,0,0.0,1.0,4,33.0,0.4474328601812353,1,41.0,0.6367291127908965,0,0.0,0.9505236575219995,5,74.0
2760.0,10,103.0,1.9433962264150944,7.3522306171721645,0,0.0,1.0,4,52.0,0.41237345719220103,1,46.0,0.7762486996940755,0,0.0,0.9698717718286877,5,98.0
2765.0,6,112.0,2.074074074074074,7.183467182378098,0,0.0,1.0,4,105.0,0.48192652212520337,2,52.0,0.5462179290540177,0,0.0,0.9510241624606592,6,157.0
2770.0,3,61.0,1.1730769230769231,7.140052732329318,0,0.0,1.0,0,50.0,0.7105312878982516,3,67.0,0.3717219720999363,0,0.0,0.9521025747074062,3,117.0
2775.0,5,84.0,1.6470588235294117,7.771829681287551,0,0.0,1.0,0,17.0,0.8136799058167093,5,90.0,0.42189676875742427,0,0.0,0.9820609110341258,5,107.0
2780.0,3,73.0,1.489795918367347,8.050960253447505,0,0.0,1.0,1,3.0,0.5195673131372226,2,83.0,0.5902181621694971,0,0.0,0.9339300243035603,3,86.0
2785.0,5,94.0,1.9583333333333333,8.42462786800373,0,0.0,1.0,2,14.0,0.5111766728372149,3,89.0,0.39384611068323355,0,0.0,0.9681898106940771,5,103.0
2790.0,5,106.0,2.25531914893617,8.540466531640295,0,0.0,1.0,0,10.0,0.7809127187607406,5,112.0,0.36427420465136107,0,0.0,0.9864934863126813,5,122.0
2795.0,6,132.0,2.64,8.470487356958271,0,0.0,1.0,1,4.0,0.6793925088308292,5,137.0,0.3702254110139331,0,0.0,0.9572085349924692,6,141.0
2800.0,7,165.0,3.36734693877551,8.694736547946523,0,0.0,1.0,1,9.0,0.7665106607888108,6,162.0,0.37059899022741866,0,0.0,0.9688583706514126,7,171.0
2805.0,6,81.0,1.8409090909090908,7.940373332049831,0,0.0,1.0,1,14.0,0.7787939144402701,5,104.0,0.3224084916798726,0,0.0,0.9599284378100345,6,118.0
2810.0,6,53.0,1.1041666666666667,7.8632663669021055,0,0.0,1.0,0,3.0,0.9427933649703311,6,74.0,0.26825764375880895,0,0.0,0.9391171223014526,6,77.0
2815.0,9,91.0,1.9782608695652173,7.20602317185132,0,0.0,1.0,1,1.0,0.4716665421958146,8,90.0,0.28303522919866847,0,0.0,0.95768239090312,9,91.0
2820.0,10,139.0,3.088888888888889,7.284518069183389,0,0.0,1.0,1,6.0,0.4667416748635996,9,136.0,0.22694275996101212,0,0.0,0.9943640877187856,10,142.0
2825.0,5,114.0,2.4782608695652173,6.8196516951620865,0,0.0,1.0,1,11.0,0.4763116512456079,4,106.0,0.3302604679592928,0,0.0,0.9615886690198521,5,117.0
2830.0,9,134.0,2.7346938775510203,6.4389409033833775,0,3.0,0.6278632618022661,1,7.0,0.6155006573575056,6,132.0,0.31827933305780604,0,0.0,0.9602413714184084,7,142.0
2835.0,10,182.0,3.64,7.107497295551245,0,0.0,0.8540758162073878,1,12.0,0.7837456316323855,6,162.0,0.43575184802877537,0,0.0,0.9821844298882302,7,174.0
2840.0,10,232.0,4.73469387755102,6.778212697773401,0,0.0,0.9492130330877391,1,17.0,0.7854203044207907,6,195.0,0.3345498200398729,0,0.0,0.8979785750045784,7,212.0
2845.0,11,180.0,3.5294117647058822,6.511911328455548,0,0.0,1.0,2,22.0,0.6145959648114038,6,170.0,0.17635581368025693,0,0.0,0.9550369832498181,8,192.0
2850.0,9,128.0,2.4150943396226414,6.993974357096167,0,0.0,1.0,2,33.0,0.6816104243088276,4,104.0,0.2585023111547075,0,0.0,0.9529683393987467,6,137.0
2855.0,12,181.0,3.4150943396226414,6.771752992541452,0,0.0,1.0,2,43.0,0.7278916181135724,5,71.0,0.2708976343733292,0,0.0,0.953053809849088,7,114.0
2860.0,14,161.0,3.0961538461538463,6.311315432450012,0,0.0,1.0,4,57.0,0.5626096252668535,5,96.0,0.15940144525953795,0,0.0,0.9311929735097696,9,153.0
2865.0,10,176.0,3.3846153846153846,6.007272314457973,0,0.0,1.0,4,77.0,0.46587714637592137,3,81.0,0.23848621923947794,0,0.0,0.9514571641005498,7,158.0
2870.0,7,129.0,2.58,5.907956072961107,0,0.0,1.0,0,20.0,0.6741424193394984,3,96.0,0.17984395824981264,0,0.0,0.9534995017080036,3,116.0
2875.0,7,128.0,2.6122448979591835,7.100048379994708,0,0.0,1.0,0,28.0,0.9257457435693952,3,111.0,0.23920949926490243,0,0.0,0.9436827670798588,3,139.0
2880.0,10,168.0,3.4285714285714284,6.8721531455889995,0,0.0,1.0,1,15.0,0.7159557717994319,3,132.0,0.4689165835805706,0,0.0,0.9934961060613289,4,147.0
2885.0,11,221.0,4.169811320754717,6.94029137206629,0,0.0,1.0,2,23.0,0.6490443194584401,3,147.0,0.4808453038905148,0,0.0,0.9698690360275961,5,170.0
2890.0,4,158.0,3.0384615384615383,7.527387641266417,0,0.0,1.0,0,14.0,0.7919868216680396,3,162.0,0.5413375390061573,0,0.0,0.9551104607002585,3,176.0
2895.0,5,177.0,3.6122448979591835,7.883495070461801,0,0.0,1.0,1,7.0,0.6878510835974094,4,179.0,0.4254820088398636,0,0.0,0.9582963403069349,5,186.0
2900.0,6,205.0,4.456521739130435,7.880832196414113,0,0.0,1.0,2,15.0,0.5810291957918589,4,199.0,0.4110759542395637,0,0.0,0.9585171197935383,6,214.0
2905.0,6,224.0,5.333333333333333,7.140083022447401,0,0.0,1.0,3,26.0,0.39033588911789935,3,201.0,0.2323433650406357,0,0.0,0.9584648170495287,6,227.0
2910.0,6,254.0,6.0476190476190474,7.651675100062792,0,0.0,1.0,3,73.0,0.40031858203513676,3,216.0,0.2432218344734137,0,0.0,0.9216217970900318,6,289.0
2915.0,7,288.0,6.545454545454546,7.548899231370265,0,0.0,0.9327625525374111,4,63.0,0.43932079207140023,3,231.0,0.0,0,0.0,0.9888559886623152,7,294.0
2920.0,10,327.0,6.8125,7.325395362042369,0,0.0,1.0,7,87.0,0.24490893666523028,3,246.0,0.24923135178377673,0,0.0,0.9704429161499888,10,333.0
2925.0,8,190.0,3.9583333333333335,7.444783007239383,0,0.0,1.0,6,117.0,0.40237286026756186,2,161.0,0.4086919382870435,0,0.0,0.9506316102049669,8,278.0
2930.0,8,148.0,3.0833333333333335,7.369154091193725,0,0.0,1.0,6,147.0,0.3921593701073643,2,7.0,0.020128752544805832,0,0.0,0.9990606133414919,8,154.0
2935.0,12,201.0,4.02,7.177640635042361,0,0.0,1.0,8,181.0,0.3198443042649502,4,26.0,0.18411841666981932,0,0.0,0.9820773408520989,12,207.0
2940.0,11,256.0,5.12,6.724926958043154,0,0.0,1.0,7,216.0,0.24549619286677857,4,46.0,0.3146314170385174,0,0.0,0.9927012094176628,11,262.0
2945.0,11,278.0,5.346153846153846,5.859902834360535,0,0.0,1.0,8,253.0,0.14776377918718822,3,45.0,0.15472346019977173,0,0.0,0.9816612478380256,11,298.0
2950.0,6,103.0,1.9807692307692308,6.804721656445986,0,0.0,1.0,2,58.0,0.36625359185368866,4,51.0,0.11359029388085966,0,0.0,0.8295413106788943,6,109.0
2955.0,6,133.0,2.5576923076923075,8.127113405772615,0,0.0,0.9272621310335699,2,65.0,0.6090899719815309,4,71.0,0.0,0,0.0,0.9662393309886282,6,136.0
2960.0,6,163.0,3.0754716981132075,8.480684523670817,0,0.0,1.0,2,75.0,0.5791987524976776,4,100.0,0.4539237347637701,0,0.0,0.982978444325172,6,175.0
2965.0,4,103.0,1.9433962264150944,8.427416087607904,0,0.0,1.0,2,85.0,0.47167609499872676,1,62.0,0.7091940856658769,0,0.0,0.9460583415813895,3,147.0
2970.0,2,31.0,0.5961538461538461,8.50549709642191,0,0.0,1.0,0,9.0,0.8075122332048522,1,31.0,0.8057080065842781,0,0.0,0.9357788252324297,1,40.0
2975.0,4,46.0,0.8679245283018868,8.805097444036731,0,0.0,1.0,0,9.0,0.8070787266604125,1,36.0,0.8503475111538443,0,0.0,0.9355341982291544,1,45.0
2980.0,6,73.0,1.5208333333333333,8.272868689929316,0,0.0,1.0,1,11.0,0.8176374156196117,2,43.0,0.6928856815016912,0,0.0,0.948773051478107,3,54.0
2985.0,6,84.0,1.75,8.328043706829625,0,0.0,0.9620987727773911,1,16.0,0.8310052355974801,2,53.0,0.6681485962785851,0,0.0,0.9869781284910778,3,69.0
2990.0,7,60.0,1.25,7.311947552615474,0,0.0,1.0,1,21.0,0.7155568135654115,2,20.0,0.29022877917999457,0,0.0,0.9633153841838801,3,41.0
2995.0,5,27.0,0.5625,7.639983514241948,0,0.0,1.0,0,6.0,0.9581840389495907,4,26.0,0.2647365543901041,0,0.0,0.971941403632044,4,32.0
3000.0,5,42.0,0.8936170212765957,7.858473081706567,0,0.0,1.0,0,3.0,0.7678235995752319,5,48.0,0.12488237181335739,0,0.0,0.9994151547209627,5,51.0
3005.0,8,73.0,1.5208333333333333,7.172506769955781,0,0.0,1.0,1,3.0,0.4800876778992625,6,80.0,0.20178471521141955,0,0.0,0.9396843057372762,7,83.0
3010.0,10,104.0,2.122448979591837,6.761261848240651,0,0.0,1.0,1,8.0,0.49849385905684873,6,98.0,0.3148909083429482,0,0.0,0.9602889262338963,7,106.0
3015.0,9,141.0,2.82,6.462184859472143,0,0.0,1.0,0,3.0,0.9493430401671554,6,128.0,0.3116271944429272,0,0.0,0.98196815656193,6,131.0
3020.0,12,195.0,3.979591836734694,6.746138564138103,0,0.0,1.0,0,5.0,0.9796629792999529,7,161.0,0.2899624250360797,0,0.0,0.9927155151238597,7,166.0
3025.0,12,255.0,5.0,6.552733210552477,0,0.0,1.0,0,5.0,0.976648224389119,7,196.0,0.34505645916267375,0,0.0,0.9173686773578461,7,201.0
3030.0,13,317.0,6.604166666666667,5.885192097961042,0,0.0,1.0,1,21.0,0.66758308564684,7,229.0,0.2097023524520454,0,0.0,0.979389895398255,8,250.0
3035.0,11,349.0,7.270833333333333,5.224580796998626,0,0.0,1.0,0,16.0,0.7355696328306861,7,264.0,0.10256339875669362,0,0.0,0.9827899682212463,7,280.0
3040.0,14,396.0,8.25,5.290670151485128,0,0.0,1.0,1,20.0,0.47940702332320184,9,303.0,0.005604421329220988,0,0.0,0.9729195477207314,10,323.0
3045.0,17,435.0,8.7,5.042392858275407,0,0.0,1.0,2,13.0,0.4882157723291825,11,355.0,0.10573999356325377,0,0.0,0.9374235047799439,13,368.0
3050.0,6,48.0,1.0,5.791094539797281,0,0.0,1.0,3,27.0,0.4820512149774341,2,132.0,0.3363320289492433,0,0.0,0.9461957934608866,5,159.0
3055.0,3,42.0,0.875,6.865728395610364,0,9.0,0.5962759551960755,3,48.0,0.40394976865723947,0,24.0,0.6359415404075903,0,0.0,0.9467456543676541,3,81.0
3060.0,5,65.0,1.3265306122448979,8.384151691300016,0,0.0,0.6737139786110125,5,71.0,0.5342463212679291,0,40.0,0.8873706901047504,0,0.0,0.9375997417584218,5,111.0
3065.0,9,97.0,1.830188679245283,7.71573655854826,3,4.0,0.056728416037165504,5,96.0,0.5552606202312781,1,43.0,0.7588832237447605,0,0.0,0.9745483052405723,9,143.0
3070.0,11,144.0,2.7169811320754715,7.21653665250443,3,19.0,0.007525133675284268,6,122.0,0.40598814499269603,1,48.0,0.7516904176474151,0,0.0,0.9691282307166931,10,189.0
3075.0,9,119.0,2.1636363636363636,6.929321077253089,4,37.0,0.07494736512595519,3,102.0,0.5076233005897367,1,53.0,0.5787382055798267,0,0.0,0.9869720725289077,8,192.0
3080.0,11,154.0,2.75,7.190664873263647,4,57.0,0.010010029803698563,3,78.0,0.5351454296538612,4,65.0,0.324670438274214,0,0.0,0.9744177294273833,11,200.0
3085.0,12,147.0,2.625,6.634482617392978,0,12.0,0.026279638026102517,5,100.0,0.3176445136201863,4,88.0,0.44018798335842646,0,0.0,0.9878765546556126,9,200.0
3090.0,14,205.0,3.9423076923076925,6.190637275355244,0,0.0,1.0,5,125.0,0.2593866056166715,6,112.0,0.049676821261883795,0,0.0,0.8531902117911008,11,237.0
3095.0,9,110.0,2.1153846153846154,6.786255748387972,0,0.0,1.0,6,99.0,0.3338287735622731,3,99.0,0.02064871861843516,0,0.0,0.9525423160604951,9,198.0
3100.0,8,150.0,2.8846153846153846,6.723689374813777,0,6.0,0.7507921990284485,5,88.0,0.20173508793189063,3,117.0,0.23216124060484483,0,0.0,0.9268984858366294,8,211.0
3105.0,11,201.0,3.9411764705882355,7.330244467911394,0,0.0,0.7652629310485088,8,124.0,0.22367550721127874,3,132.0,0.3688449308280898,0,0.0,0.9525051118514152,11,256.0
3110.0,12,259.0,4.886792452830188,7.777758108479419,0,0.0,1.0,9,167.0,0.2953383370943812,3,147.0,0.3854924657855934,0,0.0,0.9672121574491563,12,314.0
3115.0,11,233.0,4.480769230769231,6.703729618927227,0,0.0,1.0,9,212.0,0.3093392054555875,1,87.0,0.37481334140598305,0,0.0,0.9337402524282363,10,299.0
3120.0,9,214.0,4.196078431372549,6.9198090905590774,0,0.0,1.0,8,222.0,0.34664490660373354,0,20.0,0.6475440274531128,0,0.0,0.9416412753510914,8,242.0
3125.0,10,256.0,4.923076923076923,7.680881687084659,0,0.0,1.0,9,270.0,0.3440314015650071,1,4.0,0.7247455997953044,0,0.0,0.982798462731559,10,274.0
3130.0,10,306.0,6.244897959183674,7.088922159981229,0,0.0,1.0,9,318.0,0.32468621306239737,1,11.0,0.6003002489211595,0,0.0,0.9905356948853864,10,329.0
3135.0,14,366.0,7.469387755102041,6.031724510985808,0,0.0,1.0,10,358.0,0.23027369622788996,2,19.0,0.47042999488223675,0,0.0,0.9639715311369675,12,377.0
3140.0,6,47.0,0.9591836734693877,5.5261241106043935,0,0.0,1.0,2,114.0,0.2919643761889049,2,29.0,0.4243951828352344,0,0.0,0.9550569089025159,4,143.0
3145.0,8,76.0,1.5510204081632653,6.192423234167387,0,0.0,1.0,1,15.0,0.5153303620986,3,43.0,0.32419535751779793,0,0.0,0.9440742446545746,4,58.0
3150.0,10,106.0,2.0784313725490198,6.696221134607611,0,0.0,1.0,1,11.0,0.48364980532239665,4,69.0,0.5140520433379518,0,0.0,0.9902906260028236,5,80.0
3155.0,13,162.0,3.056603773584906,7.072119833463818,0,0.0,1.0,1,16.0,0.6263690977046881,4,86.0,0.5360289167231994,0,0.0,0.9636407178315357,5,102.0
3160.0,13,209.0,3.943396226415094,6.664103094083404,0,0.0,1.0,0,0.0,0.9155025296107846,4,106.0,0.502968417279079,0,0.0,0.9749364593713845,4,106.0
3165.0,15,281.0,5.403846153846154,6.358533768560566,0,0.0,1.0,1,2.0,0.6409741303282657,4,126.0,0.48966450685535534,0,0.0,0.9811123454501046,5,128.0
3170.0,15,305.0,5.754716981132075,5.752259440156899,0,0.0,1.0,1,7.0,0.04325427411320826,5,148.0,0.4900730666411707,0,0.0,0.9650199758470724,6,155.0
3175.0,7,76.0,1.5510204081632653,5.405146497718829,0,0.0,1.0,2,16.0,0.3739365485360092,0,35.0,0.504118143998417,0,0.0,0.9886417098715787,2,51.0
3180.0,2,8.0,0.16326530612244897,6.89500957066182,0,3.0,0.933274258382084,0,3.0,0.8751241774184216,1,5.0,0.4750874752379602,0,0.0,0.9633014915645703,1,11.0
3185.0,2,11.0,0.22916666666666666,7.679795658579479,0,0.0,0.9269324640113737,1,7.0,0.7410108214795731,1,10.0,0.0,0,0.0,0.9493565285683513,2,17.0
3190.0,3,22.0,0.43137254901960786,7.682653906429262,0,0.0,1.0,1,12.0,0.8273778600995244,1,21.0,0.6118183896235172,0,0.0,0.9433587352799998,2,33.0
3195.0,1,11.0,0.22,7.994264683896932,0,0.0,1.0,1,30.0,0.7857743793954867,0,3.0,0.9609991859030078,0,0.0,0.9198729136193039,1,33.0
3200.0,2,19.0,0.37254901960784315,8.429248647213543,0,0.0,1.0,1,38.0,0.8508476583345441,1,6.0,0.7706758731860012,0,0.0,0.9275033971142881,2,44.0
3205.0,3,30.0,0.5769230769230769,8.011742471144338,0,0.0,1.0,2,44.0,0.6876485150897597,1,11.0,0.7876384039704385,0,0.0,0.9540391779561901,3,55.0
3210.0,7,59.0,1.2040816326530612,7.3275041441684845,0,0.0,1.0,4,72.0,0.4957924837936643,1,16.0,0.8096072982327186,0,0.0,0.9509879574147353,5,88.0
3215.0,10,101.0,2.061224489795918,6.710775356115725,0,0.0,1.0,6,98.0,0.3738519258674655,2,29.0,0.5405597822937842,0,0.0,0.9887561515713507,8,127.0
3220.0,11,154.0,3.142857142857143,6.60519751416761,0,0.0,1.0,6,114.0,0.2527070865225291,3,32.0,0.4941421359115284,0,0.0,0.9602988275996361,9,146.0
3225.0,16,190.0,3.7254901960784315,6.253798931087688,0,0.0,1.0,9,155.0,0.21741190860534285,5,52.0,0.3585916843858601,0,0.0,0.9751597410942671,14,207.0
3230.0,11,161.0,3.22,5.825486671879313,0,0.0,1.0,5,113.0,0.21879772816104284,5,77.0,0.28824259336750224,0,0.0,0.9662623119264729,10,190.0
3235.0,13,200.0,3.8461538461538463,6.549645642565199,0,0.0,1.0,5,98.0,0.36936259146688233,7,107.0,0.10984880836737936,0,0.0,0.9610673665397944,12,205.0
3240.0,5,116.0,2.230769230769231,7.546257492884247,0,0.0,1.0,5,123.0,0.4249839444671221,0,22.0,0.3243872010592383,0,0.0,0.9584057864598275,5,145.0
3245.0,5,141.0,2.660377358490566,8.78635825291981,0,9.0,0.5712949626985276,5,154.0,0.4981085422775115,0,0.0,0.7264123011804953,0,0.0,0.9695487852880272,5,163.0
3250.0,1,2.0,0.04,8.770793213181673,0,0.0,0.7634809613946552,1,33.0,0.6363889258196825,0,0.0,0.8868580811162197,0,0.0,0.9843416726108339,1,33.0
3255.0,3,11.0,0.23404255319148937,8.732655829419876,0,0.0,1.0,1,16.0,0.8320931759899038,1,1.0,0.526657339195435,0,0.0,0.9655397446347707,2,17.0
3260.0,3,22.0,0.4489795918367347,9.032299871621746,0,0.0,1.0,1,18.0,0.8409033958318021,0,6.0,0.7456534465475466,0,0.0,0.967584177947096,1,24.0
3265.0,4,38.0,0.8085106382978723,8.801957203317668,0,3.0,0.9795787119910029,2,21.0,0.6971104643550453,0,3.0,0.9387662973953254,0,0.0,0.9468791209204093,2,27.0
3270.0,6,40.0,0.8333333333333334,7.947531195884729,0,0.0,1.0,1,9.0,0.7983673345950137,2,7.0,0.5637480652248797,0,0.0,0.9648218317284978,3,16.0
3275.0,7,71.0,1.5106382978723405,7.459287249114615,0,0.0,1.0,2,15.0,0.498457952015891,3,22.0,0.42251090615799897,0,0.0,0.9741725593601258,5,37.0
3280.0,7,83.0,1.8863636363636365,6.501033047874684,0,0.0,1.0,3,30.0,0.32089636333251803,1,17.0,0.5793668920307734,0,0.0,0.9619124629548396,4,47.0
3285.0,11,130.0,2.9545454545454546,6.244172954411511,0,3.0,0.5771733609257149,4,48.0,0.26239110095427,2,15.0,0.4655386126229757,0,0.0,0.981623786158044,6,66.0
3290.0,12,188.0,4.2727272727272725,5.4672240090578805,0,0.0,1.0,5,74.0,0.32598634268706295,2,25.0,0.3298095493266114,0,0.0,0.9372863112370076,7,99.0
3295.0,14,168.0,3.7333333333333334,5.695492874935619,0,0.0,1.0,7,141.0,0.26135031251031376,2,35.0,0.47329902478056063,0,0.0,0.9528598667137571,9,176.0
3300.0,14,198.0,4.304347826086956,6.0417405857030975,0,0.0,1.0,7,175.0,0.30654400980440627,1,20.0,0.7013447872792749,0,0.0,0.9776806044183515,8,195.0
3305.0,10,196.0,4.083333333333333,6.198565466267063,0,0.0,1.0,7,171.0,0.2769274134793831,2,23.0,0.32958651236160025,0,0.0,0.9475175526572904,9,194.0
3310.0,3,79.0,1.7954545454545454,6.2254456856876805,0,0.0,1.0,1,71.0,0.3946956780181303,2,33.0,0.31278808409579123,0,0.0,0.9444276914835977,3,104.0
3315.0,3,94.0,2.088888888888889,7.212813609875932,0,0.0,1.0,1,54.0,0.5200007515024565,2,43.0,0.316216032157799,0,0.0,0.9902582929963553,3,97.0
3320.0,2,72.0,1.6744186046511629,7.692769838821023,0,0.0,1.0,1,56.0,0.4895037199055427,1,33.0,0.6132434697631228,0,0.0,0.9529990279194313,2,89.0
3325.0,4,89.0,2.225,8.120010914553166,0,0.0,1.0,1,61.0,0.6235622623982711,3,34.0,0.4768200242274621,0,0.0,0.938279695560859,4,95.0
3330.0,4,109.0,2.658536585365854,8.305597429283038,0,0.0,1.0,1,66.0,0.6290476156571071,3,49.0,0.47598149883210333,0,0.0,0.9474801844478637,4,115.0
3335.0,4,129.0,3.0,8.380776291956964,0,0.0,1.0,1,71.0,0.7676732453296918,3,64.0,0.46962977163420955,0,0.0,0.9978882071034042,4,135.0
3340.0,2,95.0,2.2093023255813953,8.428662796876948,0,0.0,1.0,1,76.0,0.6387556552385402,1,22.0,0.6356487649885292,0,0.0,0.9904171617554256,2,98.0
3345.0,3,110.0,2.682926829268293,8.70130823720995,0,0.0,0.9920459632088424,2,92.0,0.5454008500869458,1,27.0,0.7071339423294383,0,0.0,0.9310369760133866,3,119.0
3350.0,6,133.0,3.022727272727273,8.286917468115275,0,0.0,0.9316346799025408,3,106.0,0.6018101024791516,3,33.0,0.38365533207531666,0,0.0,0.9873515836405253,6,139.0
3355.0,7,72.0,1.7142857142857142,7.639009092950126,0,0.0,1.0,2,41.0,0.5712536044176342,4,53.0,0.23581405955701995,0,0.0,0.9369770425900826,6,94.0
3360.0,5,52.0,1.1818181818181819,7.94148321682409,0,0.0,1.0,2,43.0,0.7300216579955889,3,39.0,0.14611160270348947,0,0.0,0.9629270338020787,5,82.0
3365.0,5,74.0,1.6444444444444444,8.99017033682391,0,0.0,1.0,2,42.0,0.7388770316033958,3,41.0,0.3697057346299685,0,0.0,0.9739857829203485,5,83.0
3370.0,7,102.0,2.1702127659574466,8.622810952918135,0,0.0,1.0,4,55.0,0.5033903468793732,3,56.0,0.35764468194286775,0,0.0,0.9708126115951823,7,111.0
3375.0,5,81.0,1.6875,8.422548747032208,0,0.0,1.0,2,13.0,0.5856920286167168,3,71.0,0.4813232542044421,0,0.0,0.9622836015439635,5,84.0
3380.0,5,88.0,1.9130434782608696,6.7522722088589235,0,0.0,1.0,2,23.0,0.3410193528256764,2,67.0,0.3578242822556403,0,0.0,0.9958712716182934,4,90.0
3385.0,9,130.0,2.6530612244897958,7.862430700560137,0,0.0,1.0,4,43.0,0.3775497858833032,2,83.0,0.6636051586914599,0,0.0,0.8929845020856628,6,126.0
3390.0,8,157.0,3.14,8.330087974800264,0,0.0,1.0,4,62.0,0.4091810829792446,2,90.0,0.6241047344910258,0,0.0,0.9831626542616145,6,152.0
3395.0,4,108.0,2.204081632653061,7.951942476161616,0,0.0,1.0,2,29.0,0.4136058885806789,2,100.0,0.6753808067114508,0,0.0,0.9901033684603955,4,129.0
3400.0,8,42.0,0.8936170212765957,7.27647563199825,0,0.0,1.0,2,25.0,0.4836984229913751,1,54.0,0.6660086811093153,0,0.0,0.9760891252571815,3,79.0
3405.0,9,86.0,1.6862745098039216,7.4795722634104935,0,0.0,1.0,2,38.0,0.5221839021534657,1,12.0,0.6946764552336839,0,0.0,0.9891955149594849,3,50.0
3410.0,13,146.0,3.0416666666666665,6.991932962559848,0,0.0,1.0,3,52.0,0.4794811955772274,3,23.0,0.5972645868552051,0,0.0,0.9232018707711489,6,75.0
3415.0,15,213.0,4.840909090909091,5.395974327656926,0,0.0,1.0,3,67.0,0.41723009991125626,5,40.0,0.27285624798771807,0,0.0,0.9387719574332789,8,107.0
3420.0,6,135.0,2.9347826086956523,5.787330559572245,0,0.0,1.0,1,42.0,0.7172277928053447,1,21.0,0.3811612386577061,0,0.0,0.9524897328637657,2,63.0
3425.0,6,144.0,2.938775510204082,6.58032811645065,0,3.0,0.6030557073365409,1,53.0,0.6900606551269398,1,23.0,0.24343932828725737,0,0.0,0.9170312503468335,2,79.0
3430.0,2,74.0,1.510204081632653,7.848488464885926,0,0.0,0.8831205540155808,1,75.0,0.7825986100880803,1,31.0,0.7430300408456947,0,0.0,0.9652083723092938,2,106.0
3435.0,2,84.0,1.6470588235294117,7.939311680831267,0,0.0,1.0,1,80.0,0.7641011333943349,1,36.0,0.8100308102912623,0,0.0,0.9359271002869111,2,116.0
3440.0,5,101.0,1.9803921568627452,8.001848171507625,0,0.0,1.0,2,65.0,0.6946783239516633,1,41.0,0.7831758761449491,0,0.0,0.9578078630911648,3,106.0
3445.0,3,112.0,2.2857142857142856,8.41143850513308,0,0.0,1.0,2,83.0,0.6780691312959604,1,46.0,0.6527695768043128,0,0.0,0.9694223775624591,3,129.0
3450.0,4,130.0,2.7083333333333335,8.263957736777362,0,0.0,1.0,2,93.0,0.5901689736781485,2,54.0,0.6779842752306953,0,0.0,0.9334943731343793,4,147.0
3455.0,6,153.0,3.25531914893617,7.811882347404238,0,0.0,1.0,3,105.0,0.4793677640048444,3,65.0,0.42152128114461296,0,0.0,0.99847073486802,6,170.0
3460.0,11,197.0,4.020408163265306,7.0020179473716295,0,0.0,1.0,3,117.0,0.3820769039376245,7,94.0,0.33928671292253304,0,0.0,0.9404084749596725,10,211.0
3465.0,5,172.0,3.44,6.495417237270184,0,0.0,1.0,2,86.0,0.5198033773716846,2,85.0,0.3527854292151096,0,0.0,0.9399575218162403,4,171.0
3470.0,8,210.0,4.2,7.414471829720569,0,9.0,0.617042946120007,2,99.0,0.6428809214141233,4,97.0,0.4159969467131666,0,0.0,0.9377747402371218,6,205.0
3475.0,11,254.0,4.980392156862745,6.40206460954706,2,11.0,0.016191168462655312,2,154.0,0.6886483273252195,4,117.0,0.27647236094083566,0,0.0,0.956641092942385,8,282.0
3480.0,15,324.0,6.48,6.597713500639746,3,26.0,0.11335002942191467,3,165.0,0.6542761113865581,5,141.0,0.16452708378716382,0,0.0,0.9421376465731204,11,332.0
3485.0,10,339.0,6.647058823529412,6.195565645563979,0,0.0,0.09700620535046932,1,128.0,0.6443357764867531,5,166.0,0.34635876276395805,0,0.0,0.9358038742465549,6,294.0
3490.0,13,401.0,8.183673469387756,6.109702545837861,0,0.0,1.0,3,141.0,0.5379746524353786,5,191.0,0.3178589939249874,0,0.0,0.9427876942314903,8,332.0
3495.0,12,249.0,4.69811320754717,6.423227922169254,0,0.0,1.0,5,162.0,0.39390589873733334,5,132.0,0.25244217106313527,0,0.0,0.9422090551158806,10,294.0
3500.0,10,238.0,4.407407407407407,6.871519842668505,0,0.0,1.0,5,187.0,0.3699214366113265,4,76.0,0.43867624198812594,0,0.0,0.9418533534870567,9,263.0
3505.0,13,251.0,4.648148148148148,5.967962309975565,0,0.0,1.0,4,158.0,0.25988285584807386,5,99.0,0.3526539183623798,0,0.0,0.9379713446018833,9,257.0
3510.0,12,294.0,5.345454545454546,6.92702407547348,0,0.0,1.0,2,143.0,0.48774560747112394,5,124.0,0.4204576374749519,0,0.0,0.9754941341409852,7,267.0
3515.0,12,329.0,6.2075471698113205,6.508818017222629,0,0.0,1.0,2,157.0,0.6024732560108573,3,115.0,0.5028277146607064,0,0.0,0.9660693345051333,5,272.0
3520.0,14,396.0,7.615384615384615,6.973495905524928,0,0.0,1.0,3,170.0,0.5833511652469314,3,130.0,0.5667917172866819,0,0.0,0.9773727981413405,6,300.0
3525.0,14,439.0,8.442307692307692,6.6618411255904455,0,0.0,0.9759303439175481,2,178.0,0.557137137213921,4,145.0,0.39850969476678155,0,0.0,0.9923047746717182,6,323.0
3530.0,15,507.0,9.566037735849056,6.565113863792003,0,0.0,1.0,2,154.0,0.5994593808582689,4,165.0,0.47110281664045406,0,0.0,0.9683063293472018,6,319.0
3535.0,13,426.0,8.352941176470589,6.365178996140946,0,0.0,1.0,5,171.0,0.40332910829649393,4,185.0,0.566153820786766,0,0.0,0.9744745825625692,9,356.0
3540.0,10,385.0,7.7,6.212477510419634,0,0.0,1.0,6,199.0,0.3331615103385864,4,191.0,0.487110497589334,0,0.0,0.9586743348850282,10,390.0
3545.0,7,384.0,7.836734693877551,6.212123795613255,0,0.0,1.0,2,193.0,0.2906588631437721,4,209.0,0.40711567236491836,0,0.0,0.9554185566926787,6,402.0
3550.0,9,405.0,8.26530612244898,6.956796021219642,0,0.0,1.0,3,173.0,0.27974646237533934,4,229.0,0.4064520423526535,0,0.0,0.9902151704027469,7,402.0
3555.0,8,442.0,9.822222222222223,6.871019627874193,0,0.0,1.0,4,193.0,0.3193488595170961,4,249.0,0.25482246155046756,0,0.0,0.9399342228030227,8,442.0
3560.0,7,460.0,10.69767441860465,6.846757301883447,0,0.0,1.0,4,213.0,0.19448368897102725,3,247.0,0.24836105242898185,0,0.0,0.9533783363299918,7,460.0
3565.0,6,450.0,10.0,7.070514563503621,0,2.0,0.569810292961981,1,189.0,0.6477100364945876,3,262.0,0.21799254804736182,0,0.0,0.9830920636358433,4,453.0
3570.0,4,466.0,10.837209302325581,7.781855869712772,0,0.0,1.0,1,194.0,0.7713075577288062,3,277.0,0.19665611519888423,0,0.0,0.9379827320399586,4,471.0
3575.0,6,492.0,11.44186046511628,7.913528957323601,0,0.0,1.0,2,200.0,0.5829820134728626,4,300.0,0.38409756844332577,0,0.0,0.9103392844336915,6,500.0
3580.0,7,523.0,12.162790697674419,7.847753699980361,0,0.0,1.0,2,210.0,0.6278935516019776,5,321.0,0.32803156710011666,0,0.0,0.9372156012814087,7,531.0
3585.0,6,345.0,7.5,7.317296287982898,0,0.0,1.0,0,15.0,0.6002156452031423,6,348.0,0.24524754604510188,0,0.0,0.9552296674646463,6,363.0
3590.0,7,380.0,8.444444444444445,7.674228357066521,0,0.0,1.0,1,10.0,0.7479760847277355,6,381.0,0.3260800542070571,0,0.0,0.9439138504502047,7,391.0
3595.0,8,418.0,9.952380952380953,6.88304559481601,0,0.0,1.0,2,18.0,0.4750480606158547,6,411.0,0.46083184967271806,0,0.0,0.9901332310060775,8,429.0
3600.0,12,472.0,10.976744186046512,6.027339833634986,0,0.0,1.0,3,33.0,0.35911123899345815,9,450.0,0.2894196062825587,0,0.0,0.9835133734541931,12,483.0
