step,system_total_stopped,system_total_waiting_time,system_mean_waiting_time,system_mean_speed,cluster_10564135163_13571629282_5146149679_stopped,cluster_10564135163_13571629282_5146149679_accumulated_waiting_time,cluster_10564135163_13571629282_5146149679_average_speed,cluster_10564135205_11749189839_3266988437_5129187741_#3more_stopped,cluster_10564135205_11749189839_3266988437_5129187741_#3more_accumulated_waiting_time,cluster_10564135205_11749189839_3266988437_5129187741_#3more_average_speed,cluster_10564135211_11749189838_12136544949_12136544951_#7more_stopped,cluster_10564135211_11749189838_12136544949_12136544951_#7more_accumulated_waiting_time,cluster_10564135211_11749189838_12136544949_12136544951_#7more_average_speed,cluster_10564135212_13571629279_13571629299_stopped,cluster_10564135212_13571629279_13571629299_accumulated_waiting_time,cluster_10564135212_13571629279_13571629299_average_speed,agents_total_stopped,agents_total_accumulated_waiting_time
0.0,0,0.0,0.0,0.0,0,0.0,1.0,0,0.0,1.0,0,0.0,1.0,0,0.0,1.0,0,0.0
5.0,0,0.0,0.0,9.897471214670203,0,0.0,1.0,0,0.0,0.9599798921313473,0,0.0,1.0,0,0.0,0.967071077473443,0,0.0
10.0,0,0.0,0.0,8.629651393207833,0,0.0,1.0,0,0.0,0.9526492662814585,0,0.0,1.0,0,0.0,0.9735569592244125,0,0.0
15.0,0,0.0,0.0,8.309556962334025,0,0.0,1.0,0,0.0,0.9522999159442822,0,0.0,1.0,0,0.0,0.9906229299218446,0,0.0
20.0,0,0.0,0.0,8.575902799086757,0,0.0,1.0,0,0.0,0.9546458224324247,0,0.0,1.0,0,0.0,0.9524366912964559,0,0.0
25.0,0,0.0,0.0,8.306501842273137,0,0.0,1.0,0,0.0,0.4774706327345057,0,0.0,1.0,0,0.0,0.9423425919744766,0,0.0
30.0,1,5.0,0.38461538461538464,8.052205136632612,0,0.0,1.0,1,5.0,0.4811323680802824,0,0.0,0.9377683229623379,0,0.0,0.9622678409434228,1,5.0
35.0,2,12.0,0.8571428571428571,7.421652020473212,0,0.0,1.0,1,10.0,0.48419178385849776,1,2.0,0.0024931163795773835,0,0.0,0.964536150737476,2,12.0
40.0,3,24.0,1.411764705882353,5.758346666439369,0,0.0,1.0,2,17.0,0.08816990212203933,1,7.0,0.0,0,0.0,0.9847101041300483,3,24.0
45.0,1,12.0,0.7058823529411765,6.482382917170706,0,0.0,1.0,0,0.0,0.7156854013544673,1,12.0,0.4133260047328214,0,0.0,0.9588302769301796,1,12.0
50.0,1,17.0,0.8947368421052632,7.2028451862389105,0,0.0,1.0,0,0.0,0.9855135323038702,1,17.0,0.318422563046507,0,0.0,0.956681466652324,1,17.0
55.0,2,27.0,1.2857142857142858,8.44760881020861,0,0.0,1.0,0,0.0,0.9754727610535967,2,33.0,0.5685923655364379,0,0.0,0.8820323924944857,2,33.0
60.0,2,37.0,1.6818181818181819,8.356244910183296,0,0.0,1.0,0,0.0,0.9557778085957763,2,43.0,0.6183713567117705,0,0.0,0.9842191307225547,2,43.0
65.0,0,0.0,0.0,8.081318652818899,0,0.0,1.0,0,0.0,0.9788883196896883,0,3.0,0.7066384206799552,0,0.0,0.9723351480371827,0,3.0
70.0,0,0.0,0.0,8.748926420408571,0,0.0,1.0,0,6.0,0.8008592303868669,0,3.0,0.951763216811457,0,0.0,0.9579844222825082,0,9.0
75.0,0,0.0,0.0,8.39452593410252,0,0.0,1.0,0,6.0,0.8345880832724312,0,3.0,0.9832362041656939,0,0.0,0.9726217891476154,0,9.0
80.0,1,4.0,0.14814814814814814,8.477279333740467,0,0.0,0.9695849791319601,1,10.0,0.7550942480683928,0,3.0,0.9467446435194935,0,0.0,0.9962449112572617,1,13.0
85.0,1,9.0,0.3103448275862069,8.536640026469337,0,0.0,0.9965856983718359,1,15.0,0.8161621979944547,0,0.0,0.9476340740677213,0,0.0,0.9854709076759772,1,15.0
90.0,1,14.0,0.4827586206896552,8.630924116509282,0,0.0,1.0,1,20.0,0.7462604569299655,0,0.0,0.7983685621311958,0,0.0,0.9992497009705037,1,20.0
95.0,1,3.0,0.1,8.89371130099761,0,0.0,1.0,1,9.0,0.6798345001954756,0,0.0,0.9627838565696911,0,0.0,0.9522116419885793,1,9.0
100.0,2,10.0,0.3225806451612903,8.7988851883022,0,0.0,1.0,1,14.0,0.7554648101062854,0,0.0,0.37908985262735734,1,2.0,0.6363835365257732,2,16.0
105.0,5,30.0,1.0,8.101694965886656,0,0.0,1.0,1,13.0,0.48729012148509476,3,13.0,0.39345666423525827,1,7.0,0.6214542473284453,5,33.0
110.0,5,51.0,1.457142857142857,7.698696217427702,0,0.0,1.0,1,18.0,0.6367626247690737,2,20.0,0.4862761016130468,1,12.0,0.6589294843136743,4,50.0
115.0,2,27.0,0.7941176470588235,7.926774685098095,0,0.0,1.0,0,0.0,0.9633396755626457,2,30.0,0.5619831087110516,0,0.0,0.5036776995624653,2,30.0
120.0,4,40.0,1.1428571428571428,8.089459168728022,1,4.0,0.007928917303379348,1,2.0,0.6331542276772771,2,43.0,0.5338236725666664,0,0.0,0.9248041902217512,4,49.0
125.0,4,60.0,1.7142857142857142,8.150963088721783,1,9.0,3.5827849655823076e-05,1,7.0,0.7589720355623195,2,53.0,0.6256497520348104,0,0.0,0.9332717469348412,4,69.0
130.0,1,12.0,0.34285714285714286,8.324752137053034,0,0.0,1.0,1,12.0,0.7437675113091694,0,32.0,0.4252670351539636,0,0.0,0.9565167263718789,1,44.0
135.0,4,26.0,0.7647058823529411,8.448724057776506,0,3.0,0.9325547043033469,2,19.0,0.5825289922831373,2,13.0,0.5628510881952611,0,0.0,0.9620151168036819,4,35.0
140.0,7,50.0,1.5151515151515151,7.637878808342171,0,0.0,1.0,2,29.0,0.5660702640554244,3,24.0,0.5205766064553549,0,0.0,0.9801065276896417,5,53.0
145.0,6,72.0,1.945945945945946,7.504515533232818,0,0.0,1.0,3,39.0,0.4818573645252477,3,39.0,0.4333380972840889,0,0.0,0.9887671602760691,6,78.0
150.0,5,55.0,1.4473684210526316,6.818632312586592,0,0.0,1.0,4,52.0,0.3014235921185125,1,6.0,0.5066127176189881,0,0.0,0.9455791948441925,5,58.0
155.0,5,80.0,2.0,7.748638839858645,0,3.0,0.5834360627039191,4,75.0,0.37930668686172264,1,8.0,0.6601451719685049,0,0.0,0.9507949823386439,5,86.0
160.0,7,111.0,2.8461538461538463,7.510195535495934,0,0.0,1.0,5,100.0,0.3593066730751214,1,13.0,0.4093124950215104,0,0.0,0.7101388349891249,6,113.0
165.0,8,147.0,3.5853658536585367,7.23972913087795,0,0.0,1.0,5,125.0,0.38955386732601455,2,23.0,0.4241422299853664,1,2.0,0.6340268671293997,8,150.0
170.0,7,177.0,4.116279069767442,7.141932864101694,0,0.0,1.0,5,150.0,0.33571474965146325,1,23.0,0.5510736468408362,1,7.0,0.5792212910805775,7,180.0
175.0,7,201.0,4.785714285714286,6.885380797687558,0,0.0,1.0,5,178.0,0.3800467549451373,2,29.0,0.2612936319052497,0,0.0,0.9868446491713425,7,207.0
180.0,10,242.0,5.5,6.998174517963135,0,0.0,1.0,6,205.0,0.3294638958292187,4,44.0,0.17634957408924756,0,0.0,0.9686226503326301,10,249.0
185.0,12,297.0,6.75,6.165056695313507,0,0.0,1.0,7,239.0,0.18565372795313984,5,64.0,0.14958877672171153,0,0.0,0.9289744814838292,12,303.0
190.0,9,316.0,7.181818181818182,6.7617272210280674,0,0.0,1.0,7,274.0,0.22878623517330962,2,62.0,0.3855742820576699,0,0.0,0.964194879015981,9,336.0
195.0,3,60.0,1.3636363636363635,6.817360294344172,0,0.0,1.0,0,27.0,0.5970372548542043,3,60.0,0.0041495309128338626,0,0.0,0.9757980788758781,3,87.0
200.0,4,80.0,1.8181818181818181,7.8177551722841825,0,0.0,1.0,0,3.0,0.8217973022163012,4,80.0,0.0,0,0.0,0.9276400915106865,4,83.0
205.0,5,103.0,2.1914893617021276,8.394274142424333,0,0.0,1.0,1,6.0,0.7102925986473002,4,109.0,0.5283460202793172,0,0.0,0.960045325576131,5,115.0
210.0,5,114.0,2.4782608695652173,8.257667142646769,0,0.0,1.0,1,11.0,0.7979318185552381,4,115.0,0.5134208039035717,0,0.0,0.9343284515124364,5,126.0
215.0,7,137.0,2.8541666666666665,7.712822265511865,0,0.0,1.0,0,3.0,0.7930417375626985,4,134.0,0.6149976494362707,0,0.0,0.9748059444669207,4,137.0
220.0,13,190.0,3.877551020408163,7.082838253954978,0,0.0,1.0,2,8.0,0.47995654610672295,5,157.0,0.5838932324422078,0,0.0,0.9919692371842583,7,165.0
225.0,15,255.0,5.666666666666667,5.580852507156475,0,0.0,1.0,2,14.0,0.47456721433478455,6,188.0,0.5072141417332706,0,0.0,0.9610543797875641,8,202.0
230.0,14,293.0,6.813953488372093,5.3876251660318895,0,0.0,1.0,2,21.0,0.2519318807488511,4,188.0,0.5208989232404142,0,0.0,0.9963601863123708,6,209.0
235.0,12,328.0,7.288888888888889,5.941369962329774,0,0.0,0.9382695097193124,0,6.0,0.6386095151557953,4,190.0,0.2940533637288894,0,0.0,0.98307925934386,4,196.0
240.0,13,392.0,8.521739130434783,6.317214626798542,0,0.0,1.0,0,6.0,0.9476851509359241,4,210.0,0.37264490536214573,0,0.0,0.9528046236527836,4,216.0
245.0,13,438.0,9.521739130434783,6.228276056089022,0,0.0,1.0,0,6.0,0.8316400507009799,4,233.0,0.42937216337152384,0,0.0,0.9875984002910592,4,239.0
250.0,14,507.0,11.021739130434783,6.220881731193699,0,0.0,1.0,1,10.0,0.7219086798348874,4,253.0,0.4246919003241359,0,0.0,0.9533100287345482,5,263.0
255.0,10,361.0,7.520833333333333,6.298010266230825,0,0.0,1.0,0,3.0,0.7585728652207134,6,276.0,0.24809862735621074,0,0.0,0.9421418866639417,6,279.0
260.0,7,304.0,6.204081632653061,6.632945096427363,0,0.0,1.0,1,4.0,0.5918048687943414,6,306.0,0.20508646664746288,0,0.0,0.9447204726761015,7,310.0
265.0,10,349.0,7.586956521739131,6.152055828216798,0,0.0,1.0,3,15.0,0.38001158688100733,7,380.0,0.28604379115051903,0,0.0,0.9580247515423587,10,395.0
270.0,12,405.0,9.204545454545455,5.446339535593247,0,0.0,1.0,3,30.0,0.42695604494233624,9,381.0,0.09542968371019518,0,0.0,0.9688151314394963,12,411.0
275.0,7,392.0,8.521739130434783,5.354316431347758,0,0.0,1.0,3,45.0,0.37947259756929314,4,373.0,0.27653066917287705,0,0.0,0.9366708761178048,7,418.0
280.0,8,431.0,9.170212765957446,6.529227836436961,0,6.0,0.63143524141164,4,67.0,0.4795185395090005,4,370.0,0.186466971653667,0,0.0,0.9928570644119391,8,443.0
285.0,10,477.0,9.9375,6.897919949083452,0,0.0,1.0,6,93.0,0.40292598493501,4,393.0,0.3103993295014643,0,0.0,0.9866174417204312,10,486.0
290.0,13,531.0,10.62,6.202245401911659,0,0.0,1.0,6,123.0,0.22583068999616457,5,412.0,0.21149248100637946,0,0.0,0.9704709321801523,11,535.0
295.0,4,187.0,3.74,7.170152983128555,0,0.0,1.0,1,28.0,0.49592259636248875,3,317.0,0.4557557850316782,0,0.0,0.9427151532006988,4,345.0
300.0,4,33.0,0.6470588235294118,8.027859538524178,0,0.0,1.0,1,38.0,0.745056403673685,3,117.0,0.4582950185573458,0,0.0,0.9682301406860672,4,155.0
305.0,5,57.0,1.1875,8.644859795527283,0,0.0,1.0,1,43.0,0.7431934890471927,3,90.0,0.5644313895603457,0,0.0,0.9827024332535034,4,133.0
310.0,5,74.0,1.4230769230769231,8.367894411592259,0,0.0,1.0,2,49.0,0.6930154935863392,3,105.0,0.417052270423755,0,0.0,0.9609808962527617,5,154.0
315.0,7,92.0,1.803921568627451,7.761839387985613,0,0.0,1.0,2,56.0,0.37695621134973717,3,107.0,0.5461853145916132,0,0.0,0.9498168321823944,5,163.0
320.0,6,81.0,1.653061224489796,7.934543780236398,0,0.0,1.0,1,8.0,0.4149358655307935,3,120.0,0.5404523428123365,0,0.0,0.9871931639080023,4,128.0
325.0,6,111.0,2.3617021276595747,7.891002528073513,0,0.0,1.0,1,10.0,0.6148704718841412,3,135.0,0.5442564828793713,0,0.0,0.99213195611831,4,145.0
330.0,8,150.0,3.3333333333333335,7.4946434719933706,0,0.0,0.9824227752962538,2,19.0,0.5868323161555563,3,144.0,0.512497597103598,0,0.0,0.9666927258320878,5,163.0
335.0,7,109.0,2.369565217391304,7.7938454907450225,0,0.0,0.9760950459110223,2,29.0,0.578902753823874,2,110.0,0.4096187771717753,0,0.0,0.9349174333151152,4,139.0
340.0,4,48.0,1.0909090909090908,8.044087179098007,0,0.0,1.0,1,25.0,0.7609338700213122,1,7.0,0.6445346314815893,0,0.0,0.97267103512505,2,32.0
345.0,2,39.0,0.8666666666666667,8.576458436715525,0,0.0,1.0,1,30.0,0.8046410474592353,1,12.0,0.6252468331517055,0,0.0,0.9480863099096166,2,42.0
350.0,4,54.0,1.255813953488372,7.437042817088305,0,0.0,1.0,1,32.0,0.6382403519989319,2,23.0,0.6392429205271791,0,0.0,0.9370751677975313,3,55.0
355.0,6,74.0,1.7209302325581395,7.154650398020105,0,0.0,1.0,2,41.0,0.3867708913254405,3,35.0,0.47207643676697586,0,0.0,0.9432094596478288,5,76.0
360.0,7,103.0,2.340909090909091,7.0920377006295725,0,0.0,1.0,3,55.0,0.38764196948741486,4,51.0,0.40472662319948033,0,0.0,0.9365933218013793,7,106.0
365.0,7,138.0,2.9361702127659575,7.637109980551624,0,0.0,1.0,3,70.0,0.4514259739109412,4,71.0,0.31900634872315486,0,0.0,0.9596733560604731,7,141.0
370.0,7,173.0,3.6808510638297873,7.6857128190353325,0,0.0,1.0,3,85.0,0.4297660143795992,4,91.0,0.45262479521461024,0,0.0,0.9843321526250565,7,176.0
375.0,4,103.0,2.1914893617021276,6.640345690190757,0,0.0,1.0,3,100.0,0.29444414412557485,1,18.0,0.31736425870193863,0,0.0,0.978664982870691,4,118.0
380.0,9,139.0,2.836734693877551,6.622418430331626,0,3.0,0.6939223607331163,5,129.0,0.3140596153766835,2,12.0,0.3135045879864385,0,0.0,0.956105246358735,7,144.0
385.0,7,113.0,2.26,6.974499669691275,1,4.0,0.01881838440668059,2,112.0,0.5914251306719667,2,22.0,0.5647582193486544,0,0.0,0.962029280509585,5,138.0
390.0,7,138.0,2.6538461538461537,7.621844611077415,2,13.0,6.498715005586792e-05,1,79.0,0.8308378456956639,2,32.0,0.47999936074328964,0,0.0,0.9849500080425193,5,124.0
395.0,7,173.0,3.326923076923077,7.864582101658927,2,23.0,0.0,1,84.0,0.8067675747848312,2,45.0,0.5775372481178076,0,0.0,0.9380639362708814,5,152.0
400.0,8,161.0,3.0377358490566038,7.7253715949023025,2,33.0,0.0,2,90.0,0.7385730366235952,1,27.0,0.690004308552445,0,0.0,0.9594611812597112,5,150.0
405.0,4,46.0,0.92,7.993143825485062,0,0.0,1.0,1,13.0,0.7650361113112112,1,9.0,0.7712808416239393,0,0.0,0.9740694087556362,2,22.0
410.0,5,30.0,0.5882352941176471,8.085640886238533,0,0.0,1.0,4,26.0,0.27803482751464437,1,17.0,0.7809746642444456,0,0.0,0.9377826391512918,5,43.0
415.0,8,66.0,1.2,7.525752766175212,0,0.0,1.0,5,51.0,0.24167703562089718,3,28.0,0.5075925459696591,0,0.0,0.9649919630969152,8,79.0
420.0,7,75.0,1.4150943396226414,6.816504412421227,0,0.0,1.0,6,79.0,0.2000506901752795,0,9.0,0.7334323961753553,0,0.0,0.962494134643383,6,88.0
425.0,3,34.0,0.6296296296296297,7.067981720308928,0,6.0,0.6785597156619667,2,30.0,0.24179603940159378,0,3.0,0.8121978590645285,0,0.0,0.9311929957863979,2,39.0
430.0,5,53.0,1.0392156862745099,7.186295928913458,1,7.0,0.01450949329170701,2,38.0,0.5843739928068034,0,3.0,0.986953099729756,0,0.0,0.998906020983841,3,48.0
435.0,6,65.0,1.25,7.641650209738008,2,17.0,7.830320259691023e-06,2,48.0,0.5564395465480142,1,10.0,0.7648398649739699,0,0.0,0.9616229107917786,5,75.0
440.0,8,88.0,1.76,6.934091751487802,2,27.0,0.0,2,58.0,0.568766371975538,1,12.0,0.8042771695100147,0,0.0,0.9263887440329891,5,97.0
445.0,7,95.0,2.0652173913043477,7.065363353068013,0,0.0,1.0,2,68.0,0.6421629172625524,2,20.0,0.6481768481791764,0,0.0,0.991725698465628,4,88.0
450.0,7,124.0,2.5833333333333335,7.080965692249993,0,0.0,1.0,2,84.0,0.6219294152765564,2,27.0,0.5844498564165465,0,0.0,0.9266425160155946,4,111.0
455.0,9,165.0,3.5869565217391304,7.450068099267964,0,0.0,1.0,3,95.0,0.5519480370795719,2,37.0,0.5862736946613927,0,0.0,0.8707923450804426,5,132.0
460.0,9,158.0,3.511111111111111,6.4277388337300065,0,0.0,1.0,5,112.0,0.1370389800638249,2,74.0,0.4252911105317658,0,0.0,0.958104752687793,7,186.0
465.0,6,60.0,1.3043478260869565,6.392007124305913,0,0.0,1.0,4,92.0,0.2775259020198274,2,60.0,0.046887875631825275,0,0.0,0.9621890134417834,6,152.0
470.0,5,79.0,1.6458333333333333,7.499846321035275,0,3.0,0.5800587095891356,3,52.0,0.44843569254137505,2,70.0,0.0,0,0.0,0.9451616185928176,5,125.0
475.0,8,107.0,2.276595744680851,6.946834131805129,2,5.0,0.1427289158615797,4,58.0,0.34824042052956805,2,83.0,0.4616459357822476,0,0.0,0.9260189389108059,8,146.0
480.0,10,150.0,3.409090909090909,6.546153346235923,2,15.0,0.018776962572124554,4,78.0,0.49557593237580033,4,96.0,0.45738900321620574,0,0.0,0.9684809141014242,10,189.0
485.0,8,127.0,2.760869565217391,6.333587092271357,2,25.0,0.0033968051347153445,4,102.0,0.5043126312148343,2,64.0,0.48874398719631856,0,0.0,0.9908364423812451,8,191.0
490.0,0,0.0,0.0,7.8937723722460325,0,7.0,0.2628045256561412,0,24.0,0.9661381885531394,0,10.0,0.8051746955530277,0,0.0,0.967933809619175,0,41.0
495.0,0,0.0,0.0,8.147033414513306,0,0.0,0.540734818824441,0,7.0,0.8393219620757805,0,3.0,0.8481880057107984,0,0.0,0.9949634720599226,0,10.0
500.0,3,8.0,0.1702127659574468,8.342576086092373,0,0.0,1.0,2,9.0,0.6758567159594296,1,12.0,0.6691342611135637,0,0.0,0.9901330453292824,3,21.0
505.0,3,18.0,0.35294117647058826,8.311556037223246,0,0.0,1.0,3,22.0,0.5526623473169955,0,6.0,0.9044672086870946,0,0.0,0.9882739073095037,3,28.0
510.0,4,37.0,0.74,8.808632702459617,0,0.0,0.9913684355493331,4,44.0,0.4394255989225967,0,6.0,0.9684332283093814,0,0.0,0.9799468369517382,4,50.0
515.0,5,59.0,1.2040816326530612,8.562767043295613,0,0.0,1.0,5,66.0,0.4206515916223465,0,6.0,0.9743567254195856,0,0.0,0.9576841658108538,5,72.0
520.0,1,14.0,0.2978723404255319,8.591086084219867,0,0.0,1.0,1,40.0,0.5811039292765846,0,6.0,0.9762251663438883,0,0.0,0.9866734254368902,1,46.0
525.0,0,0.0,0.0,9.032933960978896,0,0.0,1.0,0,3.0,0.9369160829022724,0,6.0,0.9175042152491494,0,0.0,0.9838794587876544,0,9.0
530.0,2,4.0,0.08888888888888889,8.549226943797397,0,0.0,1.0,0,3.0,0.7275721150565105,2,13.0,0.5490709083742872,0,0.0,0.9692085928337898,2,16.0
535.0,5,23.0,0.5348837209302325,7.305661030272563,0,0.0,1.0,1,8.0,0.7085242090008773,4,27.0,0.3684168636738763,0,0.0,0.9959602530961692,5,35.0
540.0,5,40.0,0.9090909090909091,6.718630371776974,0,0.0,1.0,0,0.0,0.9542556260259276,4,47.0,0.26529047483900803,0,0.0,0.9599413646199292,4,47.0
545.0,7,72.0,1.6,7.638752523595386,0,0.0,1.0,0,3.0,0.8704447936703957,5,71.0,0.2685300394038722,0,0.0,0.9411195209371465,5,74.0
550.0,7,107.0,2.5476190476190474,7.96050987515904,0,0.0,1.0,0,3.0,0.905390743510519,5,99.0,0.4182885881346956,0,0.0,0.9654382320644713,5,102.0
555.0,8,117.0,2.6,7.5846445273640155,0,0.0,1.0,1,5.0,0.7248970378223155,7,124.0,0.2852394971590137,0,0.0,0.9372946670731066,8,129.0
560.0,9,159.0,3.3125,7.3863300605798905,0,0.0,1.0,2,12.0,0.4390738478357652,7,159.0,0.2617725199442354,0,0.0,0.9736166799564235,9,171.0
565.0,4,28.0,0.6086956521739131,6.6280330113491175,0,0.0,1.0,2,22.0,0.3754973327592536,1,40.0,0.5539648306363576,0,0.0,0.9468204263126421,3,62.0
570.0,5,46.0,1.0454545454545454,6.594018779129628,0,3.0,0.6139578232560938,3,40.0,0.3364654790691031,0,3.0,0.871253366719403,0,0.0,0.9563191115324505,3,46.0
575.0,5,61.0,1.326086956521739,6.674582808099884,0,9.0,0.2106488657029951,3,61.0,0.565721309590578,0,3.0,0.7980505536550458,0,0.0,0.9770989867578047,3,73.0
580.0,9,94.0,2.0434782608695654,6.87669251676425,4,24.0,0.010647498975100008,3,78.0,0.6117081349793584,1,5.0,0.8037526779632179,0,0.0,0.9615014303909628,8,107.0
585.0,9,130.0,2.765957446808511,5.6717957089142725,5,45.0,0.01441352164716121,3,93.0,0.4646914218433744,0,0.0,0.7262419667977953,0,0.0,0.9439258017441731,8,138.0
590.0,13,171.0,3.8863636363636362,5.486105895492235,5,69.0,0.022185988013244035,5,116.0,0.43263201444513283,3,10.0,0.40028239355299083,0,0.0,0.9494427525966703,13,195.0
595.0,9,156.0,3.466666666666667,5.975279826578766,0,25.0,0.05006343937975474,5,141.0,0.5324222301434584,4,29.0,0.3274786732909694,0,0.0,0.8523267020733585,9,195.0
600.0,9,201.0,4.1875,6.797230266091289,0,0.0,1.0,5,160.0,0.2776734336751607,4,49.0,0.3691479973365727,0,0.0,0.949152124988227,9,209.0
605.0,5,177.0,3.765957446808511,7.505924248835129,0,0.0,1.0,5,185.0,0.260856313968487,0,21.0,0.6158918334527873,0,0.0,0.9591442308500424,5,206.0
610.0,7,204.0,4.340425531914893,7.789677132168005,0,3.0,0.5219249937312825,5,213.0,0.38341319051449524,2,2.0,0.3127506005733402,0,0.0,0.951684010295616,7,218.0
615.0,6,234.0,4.68,8.660311522651526,0,0.0,1.0,5,238.0,0.4705646273096512,1,7.0,0.5297891290606721,0,0.0,0.9579822279130072,6,245.0
620.0,7,265.0,5.3,8.213503375846903,0,0.0,1.0,6,264.0,0.3409140464431547,1,12.0,0.705139292516686,0,0.0,0.9645444139222527,7,276.0
625.0,6,108.0,2.297872340425532,7.344569883672931,0,0.0,1.0,4,165.0,0.42234052609610573,1,17.0,0.5295531127821935,0,0.0,0.9453797040549061,5,182.0
630.0,8,61.0,1.4186046511627908,7.0728665809370455,0,0.0,1.0,2,64.0,0.5901716645035989,3,26.0,0.24796880547930564,0,0.0,0.9646687909346743,5,90.0
635.0,10,95.0,2.111111111111111,6.758717664114111,0,0.0,1.0,2,33.0,0.5680455306890209,4,45.0,0.2866171029845557,0,0.0,0.9674678404825097,6,78.0
640.0,8,108.0,2.4545454545454546,6.618879680159221,0,0.0,1.0,3,45.0,0.22659770510292365,5,69.0,0.42003229054571384,0,0.0,0.9566975612299635,8,114.0
645.0,2,55.0,1.2790697674418605,6.233428219569358,0,0.0,1.0,0,3.0,0.5256885489059656,2,66.0,0.4822459670942289,0,0.0,0.9848917826003436,2,69.0
650.0,2,65.0,1.4130434782608696,7.957757075777704,0,0.0,1.0,0,3.0,0.80276467008292,2,68.0,0.5415007145347092,0,0.0,0.9907654721429342,2,71.0
655.0,2,75.0,1.5957446808510638,8.704265895402783,0,3.0,0.20760230384169384,0,0.0,0.9739083134819323,2,97.0,0.7190918149396673,0,0.0,0.9534453873556916,2,100.0
660.0,3,89.0,1.8541666666666667,8.623703113141524,1,7.0,0.11644797103401011,0,0.0,0.957955353728515,2,91.0,0.6500265412306471,0,0.0,0.9696018950161238,3,98.0
665.0,2,95.0,2.111111111111111,8.734649239526533,0,0.0,1.0,0,0.0,0.8544170956874384,2,101.0,0.6415867765032897,0,0.0,0.9671313309221866,2,101.0
670.0,2,105.0,2.3333333333333335,8.925763651843706,0,0.0,1.0,0,0.0,0.9590975086691027,2,111.0,0.6152271345498201,0,0.0,0.9322595935782766,2,111.0
675.0,4,119.0,2.7045454545454546,8.24466960277387,0,0.0,1.0,0,0.0,0.7327379286254003,4,125.0,0.3775990149266103,0,0.0,0.9576707182524277,4,125.0
680.0,8,152.0,3.4545454545454546,6.9592714735065035,0,0.0,1.0,3,9.0,0.3227329038065598,5,149.0,0.33745613509120376,0,0.0,0.9624118669543678,8,158.0
685.0,9,184.0,3.8333333333333335,6.247799427775639,0,0.0,1.0,1,8.0,0.5724992303005156,6,172.0,0.06949150956991584,0,0.0,0.9683811753638896,7,180.0
690.0,6,55.0,1.1702127659574468,7.071747136583597,0,0.0,1.0,1,13.0,0.5894372126315848,3,105.0,0.3388404720845152,0,0.0,0.9858461463995182,4,118.0
695.0,6,74.0,1.574468085106383,8.24119063529663,0,0.0,1.0,1,18.0,0.6455922123728841,4,40.0,0.3642821329656688,0,0.0,0.9642810930007327,5,58.0
700.0,7,101.0,2.148936170212766,7.877929589421784,0,0.0,1.0,2,24.0,0.281961679214074,4,58.0,0.34890185662322715,0,0.0,0.9739647450835988,6,82.0
705.0,8,110.0,2.2448979591836733,7.014264264926467,0,0.0,1.0,0,3.0,0.4105544012488325,6,84.0,0.2427023737701513,0,0.0,0.9534587811941795,6,87.0
710.0,10,136.0,2.9565217391304346,6.727484579443045,0,0.0,1.0,1,4.0,0.6253284301944203,6,114.0,0.31965927877753125,0,0.0,0.975697373419309,7,118.0
715.0,2,10.0,0.2222222222222222,7.159275519819071,0,0.0,1.0,1,9.0,0.6451350971050743,1,17.0,0.4562771169238719,0,0.0,0.9420213983895822,2,26.0
720.0,5,24.0,0.5217391304347826,7.288692171048208,0,0.0,1.0,1,20.0,0.6541452963238981,1,12.0,0.6622186538830375,0,0.0,0.9708776682908852,2,32.0
725.0,4,30.0,0.6382978723404256,8.432965614449666,0,0.0,0.7136013329231684,0,11.0,0.8491565143340765,1,16.0,0.7195430322302395,0,0.0,0.9639078414231096,1,27.0
730.0,4,50.0,1.0869565217391304,8.390540367524938,0,0.0,1.0,0,11.0,0.8655101101762138,1,18.0,0.749231549606416,0,0.0,0.9494571962920667,1,29.0
735.0,7,76.0,1.6888888888888889,7.651459351305867,0,0.0,0.9340563969668013,1,11.0,0.7940384088483553,2,28.0,0.5761470530326148,0,0.0,0.9670200303827688,3,39.0
740.0,9,116.0,2.5217391304347827,7.616126264663462,0,0.0,1.0,1,16.0,0.8451553798000795,2,33.0,0.47337054641388543,0,0.0,0.925825500635976,3,49.0
745.0,9,161.0,3.5,7.619860255700121,0,0.0,1.0,1,21.0,0.7743233118115971,2,43.0,0.48593909594727774,0,0.0,0.9618142454471049,3,64.0
750.0,12,212.0,4.608695652173913,6.430740526734331,0,0.0,1.0,4,32.0,0.2771128064407039,2,53.0,0.5607301899893713,0,0.0,0.9340081018339926,6,85.0
755.0,11,131.0,3.119047619047619,5.673803324805031,0,0.0,1.0,6,58.0,0.1389308434927764,3,62.0,0.19768912365436472,0,0.0,0.9492334732797896,9,120.0
760.0,7,125.0,2.840909090909091,6.026802110451964,0,0.0,1.0,6,88.0,0.07326408764102744,1,45.0,0.0,0,0.0,0.9524115197915748,7,133.0
765.0,6,127.0,2.8222222222222224,6.47343243035107,0,2.0,0.5657497593642465,5,83.0,0.1535833300443728,1,50.0,0.45091483263678817,0,0.0,0.9857691610830077,6,135.0
770.0,8,159.0,3.6136363636363638,6.896896814256476,0,0.0,1.0,6,112.0,0.3184894898185277,1,88.0,0.4721668601404308,0,0.0,0.986513873491879,7,200.0
775.0,9,195.0,4.148936170212766,7.696947220932022,0,0.0,1.0,6,142.0,0.42504480073862894,2,116.0,0.5568030279906766,0,0.0,0.9440773127775444,8,258.0
780.0,12,249.0,5.297872340425532,6.971338285137422,0,0.0,1.0,6,173.0,0.46377457232822206,4,130.0,0.3730387403699388,0,0.0,0.9650125066558869,10,303.0
785.0,7,118.0,2.4583333333333335,7.311695066672407,0,0.0,1.0,0,22.0,0.8173549772966434,5,152.0,0.24659506436289286,0,0.0,0.9913239700942216,5,174.0
790.0,8,158.0,3.4347826086956523,7.512216609722181,0,0.0,1.0,0,6.0,0.8070252385868967,6,185.0,0.38653287868569997,0,0.0,0.9427258988563433,6,191.0
795.0,10,204.0,4.340425531914893,7.572598245718602,0,0.0,1.0,2,9.0,0.6352655622999563,6,218.0,0.4706348943833864,0,0.0,0.9752549977689163,8,227.0
800.0,11,228.0,4.653061224489796,7.670594789754561,0,0.0,1.0,2,16.0,0.6269157425008958,4,207.0,0.5483885016568268,0,0.0,0.9402929394894827,6,223.0
805.0,10,259.0,5.285714285714286,7.410153496179285,0,0.0,1.0,1,6.0,0.5774163129556991,4,227.0,0.5230984195353685,0,0.0,0.9690739742945925,5,233.0
810.0,13,318.0,6.36,7.939276023451196,0,0.0,1.0,1,10.0,0.7592673625423766,6,252.0,0.4870166430268334,0,0.0,0.9593794108486943,7,262.0
815.0,11,302.0,6.04,7.309645775214952,0,0.0,1.0,1,15.0,0.6567698482729848,6,282.0,0.47292287291855617,0,0.0,0.9471719351582657,7,297.0
820.0,8,129.0,2.63265306122449,6.946894093666976,0,0.0,1.0,2,25.0,0.57391396576399,6,210.0,0.2741498242274234,0,0.0,0.9630996208488363,8,235.0
825.0,5,51.0,1.108695652173913,7.836796882999232,0,0.0,1.0,2,35.0,0.5517101603666763,3,91.0,0.31490930399266687,0,0.0,0.9266744370412398,5,126.0
830.0,4,35.0,0.7142857142857143,8.81559284414704,0,0.0,0.9929428976732532,0,0.0,0.6760791136418017,4,55.0,0.25056357472461005,0,0.0,0.9619177833059731,4,55.0
835.0,6,57.0,1.1875,8.817116533708251,0,0.0,1.0,0,0.0,0.8272219662960762,6,63.0,0.34317475344210474,0,0.0,0.9844281543222366,6,63.0
840.0,7,90.0,1.9148936170212767,8.714251898885855,0,0.0,1.0,0,0.0,0.4806030732356083,7,99.0,0.44468349193527745,0,0.0,0.9600931590678558,7,99.0
845.0,1,5.0,0.10638297872340426,7.941664210770461,0,0.0,1.0,1,5.0,0.47195097834498406,0,26.0,0.44947826323557194,0,0.0,0.944905571603327,1,31.0
850.0,3,16.0,0.34782608695652173,8.59603897659839,0,6.0,0.8139318477509424,1,16.0,0.5990382981395506,2,9.0,0.4100187829582359,0,0.0,0.9570073013539431,3,31.0
855.0,4,35.0,0.7954545454545454,8.594430289812633,0,0.0,0.9692631685534162,1,21.0,0.7410935563873405,3,23.0,0.49659656846962835,0,0.0,0.9905115600870339,4,44.0
860.0,7,65.0,1.5116279069767442,8.005158321866196,1,3.0,0.0,1,26.0,0.7818359962594553,3,38.0,0.48307295362833974,0,0.0,0.9925132882712083,5,67.0
865.0,8,83.0,1.8043478260869565,7.143516294927381,1,8.0,0.0,1,31.0,0.7036045093553137,3,32.0,0.43783224891180844,0,0.0,0.9504854842304626,5,71.0
870.0,8,85.0,2.0238095238095237,6.825494047224814,1,13.0,0.0,1,11.0,0.6317775569736241,4,50.0,0.1845309427387287,0,0.0,0.9598201281874534,6,74.0
875.0,10,133.0,3.1666666666666665,6.8879529228263,1,18.0,0.0,2,21.0,0.6473154030343419,4,70.0,0.16877898712129683,0,0.0,0.947048507465971,7,109.0
880.0,12,168.0,4.3076923076923075,6.941536200750554,0,0.0,1.0,4,34.0,0.4089207984335675,5,95.0,0.1593629952735888,0,0.0,0.9813516703576666,9,129.0
885.0,9,128.0,3.1219512195121952,6.452879037243366,0,0.0,1.0,4,54.0,0.19518078439072822,3,82.0,0.49486863304425516,0,0.0,0.9532462054650781,7,136.0
890.0,5,90.0,2.142857142857143,6.902977725882759,0,0.0,1.0,1,25.0,0.27557935336384537,4,65.0,0.447179883325919,0,0.0,0.9340907771405967,5,90.0
895.0,6,116.0,2.8292682926829267,7.469446371351777,0,0.0,1.0,1,30.0,0.40098323673043973,5,86.0,0.318306643209052,0,0.0,0.9825258291267023,6,116.0
900.0,6,146.0,3.4761904761904763,7.949739973117731,0,0.0,1.0,1,35.0,0.6092082164081457,5,115.0,0.3931774018616826,0,0.0,0.9378752026949115,6,150.0
905.0,3,57.0,1.2391304347826086,7.980180683196734,0,0.0,1.0,1,58.0,0.7845841786998174,2,39.0,0.5374420854202366,0,0.0,0.9348048522549948,3,97.0
910.0,5,37.0,0.8043478260869565,7.291409474888089,0,0.0,1.0,0,21.0,0.7840043279515713,3,51.0,0.45836915917223753,0,0.0,0.9655408238465513,3,72.0
915.0,8,72.0,1.6363636363636365,6.746810928697277,0,6.0,0.38803929776408697,1,11.0,0.6412154106940486,3,65.0,0.5440378572966293,0,0.0,0.9428821446000248,4,82.0
920.0,11,123.0,2.7954545454545454,5.773414090635396,0,0.0,0.1070871858144146,3,22.0,0.5440775113010312,3,80.0,0.5484373558054453,0,0.0,0.9498431649778344,6,102.0
925.0,8,72.0,1.6744186046511629,5.816423282266066,0,0.0,1.0,4,49.0,0.5598692480553473,2,60.0,0.3758666586150856,0,0.0,0.971343783894144,6,109.0
930.0,7,83.0,2.075,6.818150008742885,0,3.0,0.9966833471898052,2,47.0,0.6555335343287723,4,45.0,0.18408161350721322,0,0.0,0.9329054474496132,6,95.0
935.0,6,97.0,2.4871794871794872,7.533477623885922,0,0.0,1.0,2,43.0,0.7560046868076589,4,65.0,0.19662999397728204,0,0.0,0.9359051751912879,6,108.0
940.0,6,127.0,2.953488372093023,6.910454830464395,0,0.0,1.0,2,53.0,0.5026784938864,4,85.0,0.22937640291974482,0,0.0,0.9440943720653825,6,138.0
945.0,6,110.0,2.558139534883721,7.01061831070009,0,0.0,1.0,5,75.0,0.41413042933022154,1,46.0,0.4956901418546533,0,0.0,0.956903634082786,6,121.0
950.0,6,140.0,3.4146341463414633,7.020714335812547,0,6.0,0.5848382527255878,5,103.0,0.34752939645676134,1,46.0,0.4878513439162984,0,0.0,0.9465701228874763,6,155.0
955.0,9,176.0,4.4,6.060004155665077,0,6.0,0.06549079414232767,8,134.0,0.272507958892913,1,51.0,0.44100065384998116,0,0.0,0.9825653752941834,9,191.0
960.0,13,235.0,5.7317073170731705,5.872154924471796,3,18.0,5.2080809229546006e-05,9,176.0,0.26154833039084785,1,56.0,0.45243350606129756,0,0.0,0.9682559655433098,13,250.0
965.0,14,304.0,7.6,5.930469674310596,3,33.0,0.0,10,225.0,0.307967857779082,1,61.0,0.4767320461425129,0,0.0,0.9777657821299897,14,319.0
970.0,2,17.0,0.425,5.855917702975259,0,12.0,0.0350944819663604,2,61.0,0.4997690186515978,0,0.0,1.0,0,0.0,0.9997506788594612,2,73.0
975.0,4,31.0,0.7560975609756098,7.632281899161321,0,0.0,1.0,3,43.0,0.5464965642059224,0,0.0,1.0,0,0.0,0.9594076589890861,3,43.0
980.0,4,51.0,1.2142857142857142,9.094197151477525,0,0.0,1.0,3,55.0,0.4667601872673445,0,9.0,0.930579672108332,0,0.0,0.975496033162009,3,64.0
985.0,7,79.0,1.7954545454545454,7.8046694530821705,0,0.0,1.0,4,84.0,0.37358527625350096,1,11.0,0.7270182074121572,1,1.0,0.48883186255015404,6,96.0
990.0,9,121.0,2.951219512195122,7.201050068509042,0,0.0,1.0,6,111.0,0.36998516685619,1,16.0,0.7367342248014489,1,6.0,0.48718030492459996,8,133.0
995.0,11,169.0,3.7555555555555555,6.910997614708019,0,0.0,1.0,6,135.0,0.3207651534457206,2,23.0,0.6813925374374689,2,12.0,0.10131207450850714,10,170.0
1000.0,12,201.0,5.153846153846154,6.218522253250757,0,0.0,1.0,8,170.0,0.19958967568306063,2,33.0,0.727465204211661,2,22.0,0.24365540942223052,12,225.0
1005.0,11,231.0,5.923076923076923,6.431635441042152,0,0.0,1.0,9,212.0,0.1682057607382675,2,37.0,0.6780886335636763,0,0.0,0.9377269906398759,11,249.0
1010.0,7,98.0,2.2790697674418605,6.671279390225252,0,0.0,1.0,5,158.0,0.2507561183947511,2,28.0,0.47731758280079967,0,0.0,0.9599186634097673,7,186.0
1015.0,7,42.0,0.9545454545454546,7.371365690668903,0,0.0,1.0,1,55.0,0.540281107453901,5,44.0,0.15810971072445762,0,0.0,0.9436444938717456,6,99.0
1020.0,8,74.0,1.6818181818181819,7.674735862367566,0,0.0,1.0,1,14.0,0.7001951931998416,7,75.0,0.1723396872016169,0,0.0,0.96188404441434,8,89.0
1025.0,8,114.0,2.590909090909091,7.318429490846018,0,0.0,1.0,1,19.0,0.7508675011884367,7,110.0,0.16452041296717201,0,0.0,0.9508826632746133,8,129.0
1030.0,3,57.0,1.2127659574468086,6.886968161180447,0,0.0,1.0,2,23.0,0.4150057707941547,1,51.0,0.389838393826274,0,0.0,0.9435701727318551,3,74.0
1035.0,3,72.0,1.6,7.647336350809469,0,9.0,0.6584795889774143,2,39.0,0.5722943681909367,1,42.0,0.6562260187020595,0,0.0,0.9224843563854621,3,90.0
1040.0,2,48.0,1.1162790697674418,7.864149831903676,1,10.0,0.22810022515214684,0,12.0,0.8799676003654765,1,47.0,0.6898100647396002,0,0.0,0.9673908116689952,2,69.0
1045.0,4,67.0,1.425531914893617,7.929946646200886,3,24.0,0.030897201133887036,0,9.0,0.7866716031628823,1,52.0,0.6941872996460952,0,0.0,0.933811528588767,4,85.0
1050.0,6,96.0,2.1818181818181817,7.528490483791581,3,39.0,0.00624881292465265,2,15.0,0.6800476073401797,1,63.0,0.602597981433522,0,0.0,0.7161720002032761,6,117.0
1055.0,13,150.0,3.409090909090909,6.294744297893339,5,62.0,0.0008936050408609477,6,36.0,0.43673272073653546,1,68.0,0.6436957094076675,1,5.0,0.5522048703850782,13,171.0
1060.0,7,120.0,2.6666666666666665,6.637983942567175,0,16.0,0.021353481590787295,4,45.0,0.5009709811680358,1,73.0,0.7224226698509796,2,14.0,0.4664968503419296,7,148.0
1065.0,9,159.0,3.4565217391304346,6.47541302302811,0,0.0,1.0,6,69.0,0.3128388409983648,1,81.0,0.7771392632793603,2,24.0,0.3842992472919442,9,174.0
1070.0,10,178.0,4.045454545454546,6.320425780032983,0,0.0,1.0,8,103.0,0.10411479952957965,1,86.0,0.7608710610733769,1,17.0,0.33574641987428716,10,206.0
1075.0,10,223.0,5.068181818181818,6.222453337078141,0,0.0,1.0,8,143.0,0.0981643601452111,1,88.0,0.5968868720798343,0,4.0,0.577892063697275,9,235.0
1080.0,6,215.0,4.777777777777778,6.699190491213556,0,0.0,0.33400513463880055,4,129.0,0.40068273388021275,1,87.0,0.6590241869708863,0,0.0,0.9421233592506402,5,216.0
1085.0,9,256.0,5.333333333333333,7.311427374428635,2,6.0,0.001652010116714915,4,142.0,0.5316429293593811,1,92.0,0.7132236255396212,0,0.0,0.9239519502617355,7,240.0
1090.0,10,303.0,6.446808510638298,7.342943936955039,2,16.0,2.110072283271455e-05,5,164.0,0.4268130477937875,1,100.0,0.703464872922603,0,0.0,0.9214004002490388,8,280.0
1095.0,10,353.0,7.844444444444444,6.500944492221172,2,26.0,0.24679495998060483,5,189.0,0.44849543889304494,1,105.0,0.6355649985149864,0,0.0,0.9041512028055598,8,320.0
1100.0,10,271.0,5.530612244897959,6.966220281163287,0,0.0,0.08841435316161604,5,214.0,0.5522842128211373,0,3.0,0.9766308705312436,0,0.0,0.9447519837099373,5,217.0
1105.0,10,260.0,5.2,6.161387306867582,0,0.0,1.0,6,240.0,0.2234202766074902,0,3.0,0.9743867316537593,0,0.0,0.9318343804681842,6,243.0
1110.0,15,328.0,6.9787234042553195,5.73214432152685,0,0.0,1.0,10,287.0,0.14735437619030356,1,4.0,0.37657033720290956,0,0.0,0.9444707444561474,11,291.0
1115.0,18,413.0,8.978260869565217,5.008665008909983,0,0.0,1.0,10,337.0,0.15315942894789397,3,18.0,0.24300340771222487,0,0.0,0.9728268506081834,13,355.0
1120.0,15,451.0,9.395833333333334,5.093140500278459,0,0.0,1.0,7,343.0,0.2132830128530974,2,17.0,0.3286313111353345,0,0.0,0.949080965038046,9,360.0
1125.0,16,527.0,10.979166666666666,5.441427614992089,0,0.0,1.0,8,379.0,0.09510467563209773,2,27.0,0.4803969927495965,0,0.0,0.974474308339891,10,406.0
1130.0,14,524.0,11.148936170212766,5.273479962974016,0,0.0,1.0,8,419.0,0.19137842933059607,3,42.0,0.4130858217528494,0,0.0,0.9425196521678852,11,461.0
1135.0,15,541.0,11.76086956521739,5.55311857840706,0,0.0,0.986038116558821,8,459.0,0.2378627010187406,4,61.0,0.477887265155873,0,0.0,0.9228933163663405,12,520.0
1140.0,5,139.0,3.0217391304347827,6.244163104608316,0,0.0,0.017156393763527542,5,312.0,0.3487365776916495,0,5.0,0.7111428111840207,0,0.0,0.9595117480188637,5,317.0
1145.0,2,26.0,0.5777777777777777,8.036712195265867,1,5.0,2.5984162551249588e-05,1,63.0,0.5594094645680537,0,3.0,0.9369871084848564,0,0.0,0.9275583437865398,2,71.0
1150.0,3,38.0,0.8444444444444444,8.513374844567306,1,10.0,0.0,2,34.0,0.5578915431736514,0,3.0,0.8878957025164155,0,0.0,0.9577573946011093,3,47.0
1155.0,4,58.0,1.2340425531914894,8.932233644510282,1,15.0,0.0,3,49.0,0.6347225689206676,0,9.0,0.945549210123237,0,0.0,0.8211115402431378,4,73.0
1160.0,3,66.0,1.4042553191489362,8.236685105325172,1,20.0,0.0,2,52.0,0.674647155263142,0,9.0,0.5252209557529436,0,0.0,0.9508377453673829,3,81.0
1165.0,6,96.0,2.1333333333333333,8.646288027943832,1,25.0,0.0,2,62.0,0.6978913798493036,3,21.0,0.5230979385647984,0,0.0,0.9670720277735547,6,108.0
1170.0,6,126.0,2.8,8.23872081005779,1,30.0,0.0,2,72.0,0.5330462307166992,3,44.0,0.6679536774278364,0,0.0,0.9813562082816147,6,146.0
1175.0,8,162.0,3.5217391304347827,7.663847868707654,1,35.0,0.0,3,84.0,0.5524909832744387,3,59.0,0.5742193058660716,0,0.0,0.9472579600911732,7,178.0
1180.0,10,205.0,4.659090909090909,7.278058968903192,1,40.0,0.0,3,127.0,0.4905015254231068,5,82.0,0.464538089919851,1,1.0,0.4897967383642247,10,250.0
1185.0,11,230.0,5.111111111111111,6.6535737761998535,1,45.0,0.0,4,114.0,0.3888770108012548,5,80.0,0.3914486197579697,1,6.0,0.4724244730330889,11,245.0
1190.0,10,258.0,5.733333333333333,6.533103916044127,1,53.0,0.48206176501243286,2,108.0,0.3212792535971601,6,94.0,0.324604049815363,1,11.0,0.48869521963680745,10,266.0
1195.0,12,313.0,6.804347826086956,7.244429893082926,1,55.0,0.0,4,121.0,0.18858332206362813,6,125.0,0.24555073987873366,1,16.0,0.45309871588668654,12,317.0
1200.0,12,354.0,8.045454545454545,7.48394499575248,1,60.0,0.0,4,141.0,0.19169566675134975,7,154.0,0.0927695685194111,0,0.0,0.8716191455253994,12,355.0
1205.0,6,248.0,5.904761904761905,6.5974226024581855,1,65.0,0.0,4,161.0,0.18885431847155396,1,56.0,0.17243520672695042,0,0.0,0.8930196502808907,6,282.0
1210.0,4,154.0,3.347826086956522,7.358012421848561,0,3.0,0.7885426853322463,2,149.0,0.3450403001559644,0,22.0,0.5081323872448399,0,0.0,0.9291514685744687,2,174.0
1215.0,5,177.0,3.765957446808511,7.749049967229301,1,12.0,0.2589527346767801,2,162.0,0.5715262196491966,0,0.0,0.9663480633400237,0,0.0,0.9818468395261322,3,174.0
1220.0,9,218.0,4.638297872340425,7.963673799241749,3,25.0,0.021719061260828176,2,172.0,0.6855956830710384,0,3.0,0.9612874152527304,0,0.0,0.9456643123434944,5,200.0
1225.0,14,276.0,5.75,6.653483589038413,5,46.0,0.0025859375033134967,2,182.0,0.72995585491495,1,4.0,0.7198193698046198,0,0.0,0.9703205656032725,8,232.0
1230.0,8,278.0,5.791666666666667,6.119095286260695,0,17.0,0.0296221030463808,2,192.0,0.7149876745992501,0,3.0,0.6634149167017906,0,0.0,0.9441549566311298,2,212.0
1235.0,11,329.0,7.1521739130434785,6.510533233099814,0,0.0,1.0,2,202.0,0.678780332604977,2,10.0,0.5818659043902956,0,0.0,0.986826787262066,4,212.0
1240.0,9,324.0,6.75,6.854242239737666,0,0.0,1.0,2,206.0,0.48964986217157025,2,20.0,0.5704860170628463,0,0.0,0.9448695690741233,4,226.0
1245.0,10,336.0,7.0,7.01425080281038,0,0.0,1.0,2,216.0,0.47563965193282515,3,31.0,0.30639593556338407,0,0.0,0.9804589248470851,5,247.0
1250.0,4,247.0,5.145833333333333,7.243156282261474,0,0.0,1.0,2,226.0,0.3082862493217695,1,19.0,0.4809886425565833,0,0.0,0.9961226371717137,3,245.0
1255.0,3,260.0,5.531914893617022,7.922011147387771,0,5.0,0.5835785311599901,2,239.0,0.49307221290789,1,24.0,0.6391504779575431,0,0.0,0.9390443799348511,3,268.0
1260.0,3,275.0,6.25,7.688597579998016,0,0.0,1.0,2,249.0,0.5774137530648412,1,29.0,0.6459650724223792,0,0.0,0.9495167415279903,3,278.0
1265.0,3,290.0,6.590909090909091,7.923723169628489,0,0.0,0.9576532250274,2,259.0,0.6188585869506423,1,59.0,0.4849917461611508,0,0.0,0.9409863973568148,3,318.0
1270.0,4,274.0,6.2272727272727275,7.344546658093472,0,0.0,0.013344471424995666,3,273.0,0.6065446210065791,1,39.0,0.5225889329251611,0,0.0,0.9459346245600789,4,312.0
1275.0,6,32.0,0.6956521739130435,7.155271825243239,1,5.0,0.0,1,136.0,0.6960351687275284,4,53.0,0.2805307126317333,0,0.0,0.982226699712881,6,194.0
1280.0,9,72.0,1.469387755102041,6.77587510637997,1,10.0,0.0,2,17.0,0.4652333424490994,5,78.0,0.36597773938635536,0,0.0,0.9349184899011069,8,105.0
1285.0,10,118.0,2.5652173913043477,5.6716742101451,1,15.0,0.0,4,36.0,0.24139030844300097,5,109.0,0.432912387506662,0,0.0,0.496574860445161,10,160.0
1290.0,11,130.0,2.7083333333333335,5.3742977244702415,0,0.0,1.0,6,65.0,0.14085340542206465,3,114.0,0.4153580589247916,1,5.0,0.4667928975780362,10,184.0
1295.0,8,135.0,2.8125,6.525641652917446,0,3.0,0.6021773383558412,5,98.0,0.292916346359289,3,112.0,0.5235916082565696,0,0.0,0.9402290821826935,8,213.0
1300.0,9,178.0,3.4901960784313726,6.922351584641944,0,0.0,1.0,6,129.0,0.28948735311426194,3,112.0,0.4921423253661943,0,0.0,0.9710185351554294,9,241.0
1305.0,9,223.0,4.372549019607843,7.454437705146011,0,0.0,1.0,6,174.0,0.34617062175013674,3,130.0,0.5272056797358553,0,0.0,0.9611601875881725,9,304.0
1310.0,8,191.0,3.82,7.460694683786616,0,0.0,1.0,6,204.0,0.45762960445416234,1,75.0,0.6727408633777735,0,0.0,0.9680618215527351,7,279.0
1315.0,4,35.0,0.6862745098039216,6.821803130725073,0,3.0,0.9704858724262055,1,65.0,0.5594254569548633,2,35.0,0.2596094825948487,0,0.0,0.9747430215281234,3,103.0
1320.0,8,59.0,1.2291666666666667,7.024593356229289,0,0.0,0.10674364144739826,2,43.0,0.5479060447657661,6,61.0,0.13524684740629947,0,0.0,0.9541661668004215,8,104.0
1325.0,10,108.0,2.204081632653061,7.307917537084248,1,5.0,0.0,3,54.0,0.23034709107276918,6,100.0,0.45609634001370747,0,0.0,0.973387763867426,10,159.0
1330.0,7,90.0,1.9148936170212767,7.579867609315952,1,10.0,0.0,5,73.0,0.2517302496804865,1,81.0,0.6604238944767493,0,0.0,0.9896825097126508,7,164.0
1335.0,3,66.0,1.32,7.799712727774053,1,15.0,0.0,1,32.0,0.5742010671038358,1,50.0,0.7116464356485407,0,0.0,0.9407907965353215,3,97.0
1340.0,5,58.0,1.16,8.035705788054207,0,0.0,1.0,0,5.0,0.7116947845892811,3,59.0,0.5899326774844804,0,0.0,0.5080959835895292,3,64.0
1345.0,7,84.0,1.7142857142857142,8.002098311590563,0,0.0,1.0,1,12.0,0.7663977443526027,3,77.0,0.6538394333785025,1,5.0,0.49355293706037195,5,94.0
1350.0,9,125.0,2.717391304347826,7.305850151820827,0,0.0,1.0,1,20.0,0.7886835460990458,4,94.0,0.5162734936095231,1,10.0,0.49205265101678497,6,124.0
1355.0,10,152.0,3.1666666666666665,6.753521419214889,0,0.0,1.0,2,21.0,0.565184029273834,5,117.0,0.3820166010553014,1,15.0,0.6172666977392022,8,153.0
1360.0,12,188.0,4.0,5.42236430051056,0,0.0,1.0,4,34.0,0.4238373161270057,6,145.0,0.3112952391894795,0,0.0,0.9786983313169897,10,179.0
1365.0,17,259.0,5.395833333333333,5.232851395553575,0,0.0,1.0,5,55.0,0.2632662974129555,8,185.0,0.34834475343249255,0,0.0,0.9611366829348463,13,240.0
1370.0,18,240.0,4.8,5.025705460807565,0,0.0,1.0,6,82.0,0.2998641142261778,8,148.0,0.2658553794114073,0,0.0,0.9384812701038449,14,230.0
1375.0,12,163.0,3.26,4.954590191091198,0,0.0,1.0,3,47.0,0.3638619654545746,8,119.0,0.15245261405637184,0,0.0,0.9561313503888402,11,166.0
1380.0,15,217.0,4.09433962264151,4.905814736991845,0,0.0,1.0,5,64.0,0.31779277925467475,10,168.0,0.00522050952255949,0,0.0,0.921051955850058,15,232.0
1385.0,20,307.0,5.685185185185185,5.455281721334653,0,0.0,1.0,5,96.0,0.355084826028043,12,231.0,0.12505313070041707,0,0.0,0.9710035075931203,17,327.0
1390.0,11,179.0,3.1403508771929824,5.880307795387855,0,0.0,1.0,5,121.0,0.44261172350668865,3,124.0,0.3025726176641952,0,0.0,0.9614772529229598,8,245.0
1395.0,7,143.0,2.4655172413793105,6.644461759173994,0,6.0,0.6393959700982969,6,153.0,0.33269093346680734,0,50.0,0.6672801530494814,0,0.0,0.9505182311716753,6,209.0
1400.0,8,170.0,3.0357142857142856,6.9240132855637855,0,0.0,0.9505780967444194,7,187.0,0.40032300612782373,0,6.0,0.9463077503920803,0,0.0,0.9897351857311656,7,193.0
1405.0,15,231.0,4.052631578947368,7.030181794950108,0,0.0,1.0,8,224.0,0.43766296977736696,0,6.0,0.9446327009331896,0,0.0,0.908600782912625,8,230.0
1410.0,13,287.0,5.125,7.053581141084459,0,0.0,1.0,9,269.0,0.40319005477619424,0,6.0,0.7890125392762471,0,0.0,0.9837733633882056,9,275.0
1415.0,8,102.0,1.8545454545454545,6.5829000593345794,0,0.0,1.0,6,199.0,0.3725767860343067,2,12.0,0.2695511095755537,0,0.0,0.9911801014127058,8,211.0
1420.0,6,43.0,0.7818181818181819,7.045956333453512,0,0.0,1.0,2,72.0,0.6187202761714445,3,27.0,0.19155246943148468,0,0.0,0.9637483436385712,5,99.0
1425.0,9,78.0,1.4444444444444444,6.591624966866478,0,0.0,1.0,4,39.0,0.20060603505287372,4,48.0,0.3391211779293268,0,0.0,0.8642445344528982,8,87.0
1430.0,12,127.0,2.3962264150943398,6.64336946647757,0,0.0,1.0,5,67.0,0.1728273555780925,5,94.0,0.39277276272905814,0,0.0,0.9396728464448929,10,161.0
1435.0,6,94.0,1.7735849056603774,6.9354069629968995,0,0.0,0.912724008153407,0,7.0,0.3944832967309271,6,103.0,0.31167354543306547,0,0.0,0.9314648447351582,6,110.0
1440.0,7,125.0,2.314814814814815,7.377175121244674,0,0.0,0.9581882755478425,1,4.0,0.4850247204568847,6,133.0,0.32045369754065983,0,0.0,0.9496232916345791,7,137.0
1445.0,8,162.0,3.056603773584906,7.678365618610838,1,2.0,0.0026885714890853957,1,5.0,0.635459243153537,6,169.0,0.41313927854393345,0,0.0,0.90724194074279,8,176.0
1450.0,11,206.0,3.814814814814815,6.468967851410314,1,7.0,0.0,1,10.0,0.46706092194370097,8,202.0,0.23663278456800588,0,0.0,0.9479638683903517,10,219.0
1455.0,4,37.0,0.6851851851851852,6.74986460583057,1,12.0,0.0,1,15.0,0.5413282501443416,2,55.0,0.39607802189230445,0,0.0,0.505835746469923,4,82.0
1460.0,2,38.0,0.6785714285714286,8.01331409779841,1,26.0,0.44331152520521444,1,26.0,0.6598373148246245,0,9.0,0.6835197744393993,0,0.0,0.9398483180638314,2,61.0
1465.0,3,49.0,0.9074074074074074,7.899509817470414,2,32.0,0.1327635386320623,1,31.0,0.6520201532985472,0,6.0,0.9629250273427402,0,0.0,0.9219094370226353,3,69.0
1470.0,3,63.0,1.1886792452830188,8.311239994430354,1,28.0,0.21361662356033323,2,41.0,0.6883530050864274,0,3.0,0.8357500541595361,0,0.0,0.9523422190646891,3,72.0
1475.0,4,82.0,1.5471698113207548,7.8675229166478395,1,32.0,0.24577504657505206,2,51.0,0.6890588112659961,1,4.0,0.5059039190633284,0,0.0,0.9297417295804035,4,87.0
1480.0,6,110.0,2.037037037037037,8.112905235937538,1,37.0,0.0,2,58.0,0.6861001727595353,3,17.0,0.1938169108330651,0,0.0,0.9403791646893861,6,112.0
1485.0,6,125.0,2.272727272727273,8.423975186819591,1,42.0,0.0,1,49.0,0.605019843807961,4,37.0,0.3888799263094772,0,0.0,0.9833344625692838,6,128.0
1490.0,8,162.0,2.9454545454545453,8.051276654883322,1,47.0,0.0,3,58.0,0.2466772508774749,4,57.0,0.19590335711313153,0,0.0,0.9361330231720578,8,162.0
1495.0,10,160.0,2.807017543859649,7.866471016607713,0,0.0,1.0,3,73.0,0.3662565502788439,7,87.0,0.12461776558251071,0,0.0,0.8647125238462339,10,160.0
1500.0,7,122.0,2.44,7.860659417466054,0,0.0,1.0,0,11.0,0.3764321733821725,7,122.0,0.1907087360302862,0,0.0,0.9368130422262079,7,133.0
1505.0,3,67.0,1.3958333333333333,7.945257043368637,0,0.0,1.0,1,4.0,0.49223034102189306,2,75.0,0.1256874885240439,0,0.0,0.9842213352005618,3,79.0
1510.0,3,82.0,1.7446808510638299,8.989560996452404,0,6.0,0.5781311521715087,1,24.0,0.7049032761396818,2,73.0,0.0,0,0.0,0.9348541819694748,3,103.0
1515.0,4,99.0,2.0625,9.265193084466548,0,0.0,0.5449955417895412,2,22.0,0.6857520064417749,2,83.0,0.32953615547830545,0,0.0,0.9570092223643747,4,105.0
1520.0,4,119.0,2.4791666666666665,8.73370974069037,0,0.0,1.0,2,32.0,0.6301862820657012,2,93.0,0.0,0,0.0,0.94137790804999,4,125.0
1525.0,6,144.0,3.0638297872340425,7.808909783899267,0,0.0,1.0,2,42.0,0.6894741239368394,2,103.0,0.0,0,0.0,0.9472541938727534,4,145.0
1530.0,5,64.0,1.4222222222222223,7.8135030928411675,0,0.0,1.0,2,76.0,0.6413384953738238,0,53.0,0.5366225574336384,0,0.0,0.9460212919398377,2,129.0
1535.0,6,94.0,2.0434782608695654,7.818910067545665,0,0.0,1.0,3,91.0,0.5265274291076175,0,0.0,0.9119726999728641,0,0.0,0.9535549620355486,3,91.0
1540.0,7,129.0,2.9318181818181817,7.106163264914771,0,0.0,1.0,4,87.0,0.4966737874099298,0,0.0,0.9512289947805328,0,0.0,0.8073153455598967,4,87.0
1545.0,8,148.0,3.3636363636363638,6.929938251122831,0,0.0,1.0,5,110.0,0.39691266026196853,0,0.0,0.2385270979927324,0,0.0,0.943607652496816,5,110.0
1550.0,11,193.0,4.195652173913044,6.189406666400922,0,0.0,1.0,6,137.0,0.26598847390085395,0,0.0,0.9895576103963192,0,0.0,0.9711935171067774,6,137.0
1555.0,13,221.0,4.604166666666667,6.255265621162304,0,0.0,1.0,8,171.0,0.3502325131835167,0,0.0,0.9640280751974941,0,0.0,0.9271625302359212,8,171.0
1560.0,10,237.0,4.836734693877551,6.571796065447948,0,0.0,1.0,8,212.0,0.38775065640537093,1,1.0,0.47695869070089736,0,0.0,0.9627543729284298,9,213.0
1565.0,5,52.0,1.0833333333333333,5.5578862147865635,0,0.0,1.0,0,26.0,0.5534975405624039,1,6.0,0.02838632010984197,0,0.0,0.928811693587397,1,32.0
1570.0,11,97.0,1.9795918367346939,6.349403911247464,0,0.0,1.0,1,7.0,0.7341465036445888,1,11.0,0.0,0,0.0,0.9469346688957,2,18.0
1575.0,12,153.0,3.25531914893617,6.881887635887284,0,0.0,1.0,1,14.0,0.7211330792424091,1,25.0,0.6663369416768163,0,0.0,0.940028103217459,2,39.0
1580.0,14,217.0,4.428571428571429,6.973060566058932,0,0.0,1.0,1,19.0,0.7999840672646265,3,34.0,0.6338238690792268,0,0.0,0.9472497331188872,4,53.0
1585.0,16,288.0,6.0,6.451714794094362,0,0.0,1.0,1,24.0,0.7405035357314932,3,45.0,0.6071224231758365,0,0.0,0.9687301083020557,4,69.0
1590.0,17,348.0,7.25,5.606118567201311,0,0.0,1.0,1,4.0,0.516149617009931,4,57.0,0.5344393294257789,0,0.0,0.989908443515844,5,61.0
1595.0,18,376.0,8.355555555555556,4.782005876072018,0,0.0,1.0,2,13.0,0.24830783218816782,6,83.0,0.45865366580963135,0,0.0,0.9579575588378358,8,96.0
1600.0,18,393.0,8.733333333333333,4.574981674744761,0,0.0,1.0,3,28.0,0.23368749789972137,7,116.0,0.29723894241477683,0,0.0,0.9293068754025213,10,144.0
1605.0,20,489.0,10.630434782608695,4.146871158087141,0,0.0,1.0,3,43.0,0.18454133752689933,8,156.0,0.23012546452733287,0,0.0,0.9845224351577075,11,199.0
1610.0,15,485.0,10.543478260869565,4.11759675365106,0,0.0,1.0,4,63.0,0.32079177493598304,3,118.0,0.21388241156362425,0,0.0,0.9532353345930681,7,181.0
1615.0,14,452.0,9.416666666666666,5.121687006231894,0,3.0,0.721149318638078,4,100.0,0.4206999595383307,2,100.0,0.3301102325615574,0,0.0,0.9655827864090922,6,203.0
1620.0,9,262.0,5.458333333333333,5.534308140536016,0,6.0,0.19816213215268025,4,125.0,0.5536996415251966,2,94.0,0.0,0,0.0,0.9332675831398576,6,225.0
1625.0,11,241.0,4.547169811320755,6.281612085051812,3,21.0,0.0635071068511322,5,132.0,0.4585983772541905,2,104.0,0.2936417577231145,0,0.0,0.9339868443169349,10,257.0
1630.0,10,256.0,5.019607843137255,6.087247952811568,3,36.0,0.0109228524319752,4,120.0,0.5504761964629183,2,114.0,0.4231613052446391,0,0.0,0.9466324835136393,9,270.0
1635.0,12,275.0,5.392156862745098,5.331684171136731,0,11.0,0.03308520416678389,5,139.0,0.4420189223571226,3,131.0,0.2891754493165564,0,0.0,0.9806370046712509,8,281.0
1640.0,11,314.0,5.814814814814815,5.996336483813123,0,0.0,0.34992258037360485,6,166.0,0.3480293204685226,4,151.0,0.32554478244716883,0,0.0,0.9817957067419107,10,317.0
1645.0,11,362.0,6.703703703703703,6.530181175303039,0,0.0,1.0,7,197.0,0.27466890679451916,4,171.0,0.39202912478489427,0,0.0,0.9543109116978987,11,368.0
1650.0,8,352.0,6.518518518518518,6.652242511487494,0,0.0,1.0,6,201.0,0.2845355473537835,2,171.0,0.38548771664809267,0,0.0,0.9614268243322627,8,372.0
1655.0,10,396.0,7.471698113207547,7.246940205457778,0,0.0,1.0,8,235.0,0.17870769890423552,2,167.0,0.3242546146347368,0,0.0,0.9732968239503534,10,402.0
1660.0,11,442.0,7.892857142857143,7.439351490070421,0,0.0,1.0,7,274.0,0.3162665714454546,3,229.0,0.38051007529101327,0,0.0,0.9940888554544431,10,503.0
1665.0,14,505.0,9.528301886792454,6.856033570020806,0,0.0,1.0,9,317.0,0.25580279418312507,3,270.0,0.34937167755258697,0,0.0,0.9328765160094932,12,587.0
1670.0,2,194.0,3.730769230769231,6.607130912975733,0,0.0,1.0,0,49.0,0.5337484823144192,2,228.0,0.40962614834677546,0,0.0,0.9864475545345905,2,277.0
1675.0,2,204.0,4.0,8.045851025806513,0,0.0,1.0,0,4.0,0.9517197243609697,2,210.0,0.4664435566687167,0,0.0,0.9816864915493003,2,214.0
1680.0,4,218.0,4.1923076923076925,8.498071817628029,0,0.0,1.0,1,5.0,0.7845497128158393,3,229.0,0.5533923712565784,0,0.0,0.9301984596147386,4,234.0
1685.0,6,242.0,4.653846153846154,7.9698249791365905,0,0.0,1.0,1,5.0,0.7214178829043362,4,239.0,0.5996292832348362,0,0.0,0.9410699982175863,5,244.0
1690.0,5,256.0,5.019607843137255,7.871319811957404,0,0.0,1.0,0,0.0,0.9770873026013505,5,262.0,0.5270754848088678,0,0.0,0.947855578982232,5,262.0
1695.0,5,281.0,5.403846153846154,7.860161576973822,0,0.0,1.0,0,0.0,0.68894382276899,5,303.0,0.48922794799877994,0,0.0,0.9593423314985652,5,303.0
1700.0,5,282.0,5.529411764705882,7.480047287809393,0,0.0,1.0,2,5.0,0.3227264325030945,3,286.0,0.5507734001158896,0,0.0,0.9578983167161934,5,291.0
1705.0,5,307.0,6.673913043478261,7.812848198521137,0,0.0,1.0,2,18.0,0.5087108918694996,3,298.0,0.5892065361136458,0,0.0,0.9735630346549273,5,316.0
1710.0,5,332.0,7.545454545454546,8.337235418024754,0,0.0,0.9444228524632005,2,28.0,0.615163090237681,3,307.0,0.5506047308562094,0,0.0,0.9720919082527038,5,335.0
1715.0,3,322.0,7.488372093023256,8.5423306542968,0,0.0,0.9840374077401329,0,3.0,0.8437379554370331,3,322.0,0.0,0,0.0,0.9339856594877515,3,325.0
1720.0,4,338.0,8.047619047619047,8.157780740142108,1,1.0,0.23789514084480085,0,3.0,0.8062083821924294,3,337.0,0.3897297636098025,0,0.0,0.9857857231842542,4,341.0
1725.0,8,368.0,8.761904761904763,6.2208998906565816,2,10.0,1.0858362133916528e-05,2,8.0,0.4923752191310564,4,356.0,0.29391567778797906,0,0.0,0.9554987153091588,8,374.0
1730.0,10,417.0,9.065217391304348,6.6518541942756215,2,20.0,0.0,3,23.0,0.39439849998260196,5,380.0,0.2753567681710844,0,0.0,0.9556373532574705,10,423.0
1735.0,10,467.0,10.152173913043478,7.158555367048628,2,30.0,0.0,3,38.0,0.3827723048946485,5,405.0,0.41975195617728306,0,0.0,0.931506422948438,10,473.0
1740.0,6,143.0,3.25,7.07689889785712,0,0.0,1.0,3,50.0,0.37819119820929553,3,248.0,0.3811596048498426,0,0.0,0.9529244511340452,6,298.0
1745.0,6,110.0,2.682926829268293,7.740023467597886,0,0.0,1.0,3,65.0,0.32664198391538624,3,48.0,0.47211876122137486,0,0.0,0.9403225076985899,6,113.0
1750.0,8,144.0,3.272727272727273,7.573789898036623,0,0.0,1.0,4,82.0,0.4146783428649949,4,62.0,0.3029086127639442,0,0.0,0.955432204018211,8,144.0
1755.0,10,189.0,4.295454545454546,7.07554803349866,0,0.0,1.0,4,102.0,0.32147937842516855,5,83.0,0.3401869267763916,0,0.0,0.9491971059528058,9,185.0
1760.0,7,133.0,3.022727272727273,6.383108879496319,0,0.0,1.0,4,122.0,0.319252026095719,0,33.0,0.523962874213123,0,0.0,0.9454978308175008,4,155.0
1765.0,9,176.0,3.8260869565217392,6.3268863603321135,0,3.0,0.7151339648469037,4,148.0,0.47323831206018585,0,0.0,0.9230152007370923,0,0.0,0.962403482928047,4,151.0
1770.0,12,226.0,4.913043478260869,6.217716996636321,1,7.0,0.20614386705124632,5,170.0,0.4841566845283591,0,0.0,0.9482497009018228,0,0.0,0.957361120082574,6,177.0
1775.0,9,224.0,5.090909090909091,5.833563697755024,2,15.0,0.010391963683950395,4,188.0,0.5273990359557201,0,0.0,0.9506283369192472,0,0.0,0.9390103947655039,6,203.0
1780.0,7,250.0,5.555555555555555,6.319877939905577,0,0.0,0.03816938323287806,4,208.0,0.5307889593016117,0,0.0,0.5213147252999828,0,0.0,0.9385218899668006,4,208.0
1785.0,8,289.0,6.282608695652174,6.657881570814251,0,0.0,1.0,4,228.0,0.4795708977911994,1,7.0,0.5861198513234106,0,0.0,0.9586090873788239,5,235.0
1790.0,8,298.0,6.7727272727272725,6.952415519074052,0,0.0,1.0,4,248.0,0.5159119999497859,2,15.0,0.5104084141636493,0,0.0,0.9389760980343402,6,263.0
1795.0,3,25.0,0.5681818181818182,6.428348526828483,0,0.0,1.0,0,123.0,0.41254116100336014,3,28.0,0.39327700387652476,0,0.0,0.9713966195831834,3,151.0
1800.0,6,53.0,1.1521739130434783,7.026604916770073,0,0.0,1.0,3,19.0,0.23955005132565108,3,43.0,0.3962138562760268,0,0.0,0.9967768830196801,6,62.0
1805.0,6,83.0,1.7291666666666667,7.345937512538051,0,0.0,1.0,3,34.0,0.19643547233803765,3,61.0,0.47939808416326624,0,0.0,0.9614019737748546,6,95.0
1810.0,7,117.0,2.4375,7.385992848793351,0,0.0,1.0,4,53.0,0.19800859828010994,3,90.0,0.4288367343835131,0,0.0,0.95885368045129,7,143.0
1815.0,10,164.0,3.6444444444444444,6.902762929409063,0,0.0,1.0,4,73.0,0.19573519545029697,6,117.0,0.2499813098725836,0,0.0,0.9996958939369672,10,190.0
1820.0,6,127.0,2.760869565217391,6.838355399629172,0,0.0,1.0,0,0.0,0.5721374360921835,6,130.0,0.2629801989142913,0,0.0,0.9619879716048378,6,130.0
1825.0,9,165.0,3.5106382978723403,6.840022551102253,0,0.0,1.0,0,0.0,0.67086638450501,7,162.0,0.3547000275693444,0,0.0,0.99110577625352,7,162.0
1830.0,10,206.0,4.291666666666667,7.319604612169492,0,0.0,0.9222357508173262,0,5.0,0.9139263123713836,8,201.0,0.29161318485650267,0,0.0,0.9532846017144228,8,206.0
1835.0,11,258.0,5.16,6.776223514296114,0,0.0,1.0,0,18.0,0.8690338461056475,9,243.0,0.33392770143602046,0,0.0,0.9945177665640375,9,261.0
1840.0,12,318.0,6.0,7.068656934905495,0,0.0,1.0,0,13.0,0.9715837799089155,9,285.0,0.2537518926308913,0,0.0,0.8938777275471614,9,298.0
1845.0,11,333.0,6.403846153846154,6.708665891786918,0,0.0,1.0,0,0.0,0.7925738783171387,11,336.0,0.14657628008227205,0,0.0,0.9904596097962164,11,336.0
1850.0,2,14.0,0.28,6.833262625580499,0,0.0,1.0,1,27.0,0.7047596667178749,1,96.0,0.2687876992669029,0,0.0,0.9942692142799651,2,123.0
1855.0,3,26.0,0.5098039215686274,7.8924833036063475,0,6.0,0.5911659219289285,2,43.0,0.6408110745394363,1,17.0,0.3999228422729026,0,0.0,0.9980660703779121,3,66.0
1860.0,2,21.0,0.42,7.950650683283007,0,3.0,0.5247845305073758,0,16.0,0.8151343841930111,1,19.0,0.6449193346660276,0,0.0,0.9614390267746467,1,38.0
1865.0,2,28.0,0.5714285714285714,9.068333928371015,0,0.0,0.8649489179258902,1,20.0,0.860732698680312,1,24.0,0.4955198837760956,0,0.0,0.9535491733047732,2,44.0
1870.0,2,38.0,0.76,8.6326107252585,0,0.0,1.0,1,19.0,0.8306392810279236,1,32.0,0.7057836657805568,0,0.0,0.946896752378693,2,51.0
1875.0,8,68.0,1.3076923076923077,7.723769997337117,0,0.0,1.0,2,26.0,0.7194549005658822,1,37.0,0.650176434483706,0,0.0,0.9871033179038802,3,63.0
1880.0,10,90.0,1.7647058823529411,7.465450324460353,0,0.0,1.0,1,4.0,0.8322443284377943,1,42.0,0.7165285645027185,0,0.0,0.9822048497355825,2,46.0
1885.0,14,136.0,2.7755102040816326,5.943277439955649,0,0.0,1.0,2,10.0,0.6024394539591318,2,48.0,0.495364831195933,0,0.0,0.989178895585545,4,58.0
1890.0,15,190.0,4.318181818181818,5.402694281095748,0,0.0,1.0,4,27.0,0.3793082290713263,1,55.0,0.7203047676716257,0,0.0,0.975588323977655,5,82.0
1895.0,12,215.0,4.673913043478261,5.314012001866141,0,0.0,1.0,4,50.0,0.25844837536834475,1,60.0,0.7434844312642431,0,0.0,0.9621727371712516,5,110.0
1900.0,8,211.0,4.795454545454546,5.597740374313059,0,0.0,0.9883093564309263,0,10.0,0.5061682334116538,1,62.0,0.7065015799954715,0,0.0,0.9614131199807583,1,72.0
1905.0,3,106.0,2.4651162790697674,7.201826568167445,0,0.0,1.0,0,3.0,0.8018552889177378,1,67.0,0.7220022250304846,0,0.0,0.9793000515392959,1,70.0
1910.0,2,70.0,1.5217391304347827,7.995088641601134,0,0.0,1.0,0,3.0,0.8735449250400495,1,77.0,0.8134222254306916,0,0.0,0.9505997048384827,1,80.0
1915.0,1,74.0,1.608695652173913,8.749161018065205,0,0.0,1.0,0,3.0,0.7665062793802764,1,79.0,0.8048927012483303,0,0.0,0.9362949175463627,1,82.0
1920.0,2,82.0,1.9069767441860466,9.063719284182284,0,0.0,1.0,0,3.0,0.7786415733218204,2,87.0,0.664732977603417,0,0.0,0.9745839227612173,2,90.0
1925.0,3,93.0,2.2142857142857144,8.517277380652555,0,0.0,1.0,1,24.0,0.6085089009392026,2,97.0,0.6561368334651869,0,0.0,0.9286181734032348,3,121.0
1930.0,7,118.0,2.8780487804878048,7.659695844222209,0,0.0,1.0,2,31.0,0.526115456206159,4,115.0,0.5132803099908896,0,0.0,0.9651123347708621,6,146.0
1935.0,9,162.0,4.05,6.84203326815044,0,0.0,1.0,3,25.0,0.48376491663248683,4,133.0,0.508797888152532,0,0.0,0.9313483771110043,7,158.0
1940.0,12,210.0,5.526315789473684,5.449635106263716,0,0.0,1.0,3,41.0,0.4288388000309668,5,155.0,0.3465655792283259,0,0.0,0.947458297871741,8,196.0
1945.0,11,218.0,5.317073170731708,5.279517763464423,0,0.0,1.0,0,1.0,0.7482202075990843,8,185.0,0.14723330436061846,0,0.0,0.9830969898182662,8,186.0
1950.0,14,282.0,6.878048780487805,5.299501888792824,0,0.0,1.0,1,5.0,0.5589079196860143,10,231.0,0.1910386752685979,0,0.0,0.9511125146373511,11,236.0
1955.0,5,151.0,3.5952380952380953,6.267945414016109,0,0.0,1.0,2,13.0,0.4072165884190313,2,158.0,0.3507121367483424,0,0.0,0.9540924917889998,4,171.0
1960.0,4,155.0,3.7804878048780486,7.5948227582486885,0,6.0,0.7412287349793789,2,26.0,0.5281353806708399,2,139.0,0.5657782439684216,0,0.0,0.9634141080204675,4,171.0
1965.0,2,143.0,3.1777777777777776,8.500005592304325,0,3.0,0.45317763223659807,0,6.0,0.8834564349934568,2,146.0,0.4874744797280584,0,0.0,0.9284065853623154,2,155.0
1970.0,6,165.0,3.5106382978723403,8.678282248000757,3,14.0,0.0005837364611337214,1,4.0,0.8092290233618913,2,179.0,0.5859253506002371,0,0.0,0.9798225599052702,6,197.0
1975.0,6,35.0,0.7954545454545454,7.433005725635416,3,29.0,3.861864932799509e-06,1,9.0,0.7739232170185579,0,31.0,0.5256840429250421,0,0.0,0.9681934953180489,4,69.0
1980.0,7,70.0,1.5555555555555556,7.349771305478412,3,47.0,0.12178688831550945,1,14.0,0.6647556011495798,1,8.0,0.4922563976283456,0,0.0,0.9951035243864298,5,69.0
1985.0,7,43.0,0.9555555555555556,5.900703997231762,0,6.0,0.06484740443628409,0,3.0,0.7961508169432314,3,20.0,0.22994943911749505,0,0.0,0.9979668779453691,3,29.0
1990.0,8,67.0,1.675,6.178103642654927,0,0.0,1.0,0,0.0,0.8276494599451227,3,35.0,0.18766800349293813,0,0.0,0.9336842469666414,3,35.0
1995.0,7,78.0,1.95,6.80274700738876,0,0.0,1.0,0,2.0,0.787359522062696,4,60.0,0.26843144895774557,0,0.0,0.9594219589149525,4,62.0
2000.0,6,80.0,2.0,6.837417124856512,0,0.0,1.0,1,5.0,0.5984336900011226,5,85.0,0.27826480933164016,0,0.0,0.9761446383808019,6,90.0
2005.0,5,102.0,2.55,7.349220078133806,0,0.0,1.0,0,2.0,0.6780181608532606,5,108.0,0.36407189301826953,0,0.0,0.9397591413368738,5,110.0
2010.0,6,128.0,3.282051282051282,7.283233555496106,0,0.0,1.0,1,1.0,0.4783076523922067,5,144.0,0.3957545524814948,0,0.0,0.994332101094432,6,145.0
2015.0,1,6.0,0.16666666666666666,7.308043732809967,0,0.0,1.0,1,6.0,0.49148121066439754,0,51.0,0.6126030602846265,0,0.0,0.983294706236855,1,57.0
2020.0,3,16.0,0.4444444444444444,8.060843067870396,0,6.0,0.6940261526233675,1,19.0,0.6221349850083364,2,19.0,0.4601575382846332,0,0.0,0.9607766159467228,3,44.0
2025.0,6,34.0,0.918918918918919,7.818643111398621,2,8.0,0.336663526195753,2,25.0,0.7223764746147864,2,29.0,0.45187546465491435,0,0.0,0.959366696182536,6,62.0
2030.0,7,65.0,1.7105263157894737,7.485248833166303,3,19.0,0.01167085831988647,2,35.0,0.7603290732173043,2,39.0,0.32551494108760065,0,0.0,0.9248517547215748,7,93.0
2035.0,4,53.0,1.2619047619047619,7.20545138478562,0,0.0,0.01979303150859794,3,64.0,0.6714706687127994,1,19.0,0.4877441201512001,0,0.0,0.9669181728633984,4,83.0
2040.0,5,71.0,1.6904761904761905,8.240563454189555,0,0.0,1.0,3,69.0,0.5986483230229583,1,24.0,0.6981934010509037,1,1.0,0.6133929423774368,5,94.0
2045.0,2,32.0,0.7272727272727273,8.528111214318173,0,0.0,1.0,0,15.0,0.8602273733655025,1,29.0,0.6521922089668832,1,6.0,0.6331766101706094,2,50.0
2050.0,3,36.0,0.8181818181818182,8.438026795915953,0,0.0,1.0,1,3.0,0.7284437651291016,2,36.0,0.29059763407972816,0,0.0,0.5517717963432733,3,39.0
2055.0,2,15.0,0.32608695652173914,8.745248228912038,0,0.0,1.0,1,8.0,0.5855168936680555,1,22.0,0.776592319741468,0,0.0,0.936816990055723,2,30.0
2060.0,5,33.0,0.7021276595744681,8.381681857702494,0,0.0,1.0,2,17.0,0.5650870033705085,2,28.0,0.5986203012218271,0,0.0,0.9781043964674769,4,45.0
2065.0,6,37.0,0.8043478260869565,8.07122120935668,0,0.0,0.6347156905188125,0,0.0,0.5451560913752059,6,49.0,0.37369688622436764,0,0.0,0.9982938687025129,6,49.0
2070.0,8,72.0,1.6363636363636365,7.860609941021389,1,1.0,0.0038198430815678595,1,4.0,0.4921785511304686,6,80.0,0.2796785055508782,0,0.0,0.9978663000201847,8,85.0
2075.0,9,93.0,2.1136363636363638,6.716284395329242,1,6.0,2.471720157320795e-05,1,9.0,0.192251489612901,6,101.0,0.32727430891572723,0,0.0,0.955840275522247,8,116.0
2080.0,10,140.0,3.3333333333333335,6.619145534369089,1,11.0,0.0,2,19.0,0.5106991759747059,5,114.0,0.19571936283138094,0,0.0,0.9831633577844947,8,144.0
2085.0,11,182.0,4.333333333333333,6.263051093409308,0,0.0,1.0,2,29.0,0.46471070086497235,7,147.0,0.034441748407335916,0,0.0,0.9788945064051299,9,176.0
2090.0,11,207.0,4.813953488372093,5.82170360957913,0,0.0,1.0,0,0.0,0.904894769662471,7,182.0,0.0051896372432194155,0,0.0,0.9428589301251571,7,182.0
2095.0,4,60.0,1.3636363636363635,6.549110529374402,0,0.0,1.0,0,0.0,0.979608811989784,0,42.0,0.24013521637108254,0,0.0,0.9552295262904577,0,42.0
2100.0,3,32.0,0.7619047619047619,6.926480665201614,0,6.0,0.764124811695611,0,9.0,0.6955293563065995,0,6.0,0.9522864324541749,0,0.0,0.9702165402247908,0,21.0
2105.0,4,47.0,1.119047619047619,7.944624203945667,0,3.0,0.48944745911787263,1,13.0,0.72050339251147,0,6.0,0.9720131723160921,0,0.0,0.9442612032100901,1,22.0
2110.0,8,82.0,1.9069767441860466,7.2274647911892345,3,14.0,0.0009270932783556968,2,22.0,0.6416590143155684,0,3.0,0.9613303567378084,0,0.0,0.9715175835373575,5,39.0
2115.0,11,129.0,3.0,6.304918087443457,3,29.0,3.800025093486157e-06,3,36.0,0.6184944733540634,0,3.0,0.900991786088304,0,0.0,0.9400699732491715,6,68.0
2120.0,15,197.0,4.377777777777778,5.859583491223417,3,44.0,0.0,3,51.0,0.6407310988679394,1,7.0,0.7751394256378938,0,0.0,0.9430861059400454,7,102.0
2125.0,15,225.0,5.0,5.63427938278482,0,0.0,1.0,3,63.0,0.5916084941655116,1,12.0,0.7379350509682457,0,0.0,0.9619668273781633,4,75.0
2130.0,18,308.0,6.553191489361702,5.571249452846584,0,0.0,1.0,4,85.0,0.3594636711863405,3,22.0,0.4001849211758366,0,0.0,0.9387626581422192,7,107.0
2135.0,16,292.0,6.212765957446808,5.832583970391946,0,0.0,1.0,2,55.0,0.506250590740141,4,34.0,0.37326153460867834,0,0.0,0.957494692206798,6,89.0
2140.0,12,195.0,4.0625,6.619568957368827,0,0.0,1.0,1,5.0,0.5320871021069452,4,54.0,0.3767596502091605,0,0.0,0.9308602434845165,5,59.0
2145.0,9,125.0,2.5,6.920423250606444,0,0.0,1.0,1,10.0,0.6202295640085231,6,82.0,0.4047575077456664,0,0.0,0.9438214824860065,7,92.0
2150.0,9,126.0,2.52,6.489675545700519,0,0.0,1.0,1,15.0,0.33029919466363894,7,113.0,0.4468874462524494,0,0.0,0.9992497691125737,8,128.0
2155.0,8,144.0,3.272727272727273,5.641696557217183,0,0.0,1.0,0,0.0,0.9462608397267682,8,150.0,0.3422623744142995,0,0.0,0.9934234984887133,8,150.0
2160.0,8,178.0,3.9555555555555557,6.292124196570722,0,0.0,1.0,0,0.0,0.9396950032202408,8,186.0,0.281581894988132,0,0.0,0.9329196404522418,8,186.0
2165.0,11,226.0,4.708333333333333,6.763906392692651,0,0.0,1.0,0,0.0,0.9403603037586535,8,227.0,0.3286705332433041,0,0.0,0.976032053474455,8,227.0
2170.0,9,261.0,5.4375,6.697193361462953,0,0.0,1.0,0,0.0,0.9821027249847952,9,270.0,0.37354361395399377,0,0.0,0.9798325431887104,9,270.0
2175.0,14,319.0,6.38,5.4650146335676855,0,0.0,1.0,0,0.0,0.9678269431567483,10,316.0,0.2893316212695828,0,0.0,0.9767665230783135,10,316.0
2180.0,16,382.0,7.346153846153846,5.483162673068609,0,0.0,1.0,0,19.0,0.8120453127279211,11,367.0,0.12822636854668848,0,0.0,0.9396274151920374,11,386.0
2185.0,16,437.0,8.245283018867925,5.289655326727149,0,3.0,0.47063913731172285,1,22.0,0.5345115295814472,14,432.0,0.1393921331018456,0,0.0,0.9416177173402556,15,457.0
2190.0,16,504.0,9.50943396226415,5.393485561303783,0,0.0,1.0,2,30.0,0.384782072736352,14,502.0,0.14539151675627782,0,0.0,0.9677349565593608,16,532.0
2195.0,15,576.0,10.666666666666666,5.799014380157549,0,0.0,1.0,1,13.0,0.6263032727527499,14,569.0,0.07865459851361561,0,0.0,0.9927773590428712,15,582.0
2200.0,5,85.0,1.5178571428571428,6.150607445268352,0,0.0,1.0,1,18.0,0.5081292429018762,4,256.0,0.1131772425970418,0,0.0,0.9382234789275724,5,274.0
2205.0,3,30.0,0.5454545454545454,7.276038937180724,0,6.0,0.6470752947646676,2,31.0,0.4338618418211125,1,104.0,0.28452604046911556,0,0.0,0.9604693264039581,3,141.0
2210.0,5,50.0,0.9259259259259259,8.630896472736872,0,0.0,0.8417090146619822,2,44.0,0.6537382241395243,2,48.0,0.22910415335724657,0,0.0,0.9472870077190307,4,92.0
2215.0,8,46.0,0.8363636363636363,7.879502823360569,0,0.0,0.9402916247878325,0,9.0,0.9459129850531067,4,69.0,0.03651652976531658,0,0.0,0.9689042014726134,4,78.0
2220.0,11,95.0,1.6964285714285714,7.058121238441919,0,0.0,1.0,0,9.0,0.9456057187893068,5,108.0,0.29030936771564714,0,0.0,0.9631201171871865,5,117.0
2225.0,10,131.0,2.381818181818182,7.7344733198143665,0,0.0,1.0,0,9.0,0.9388416233334169,6,141.0,0.32316433971588293,0,0.0,0.959071520754217,6,150.0
2230.0,9,169.0,3.0727272727272728,7.914696537182695,0,0.0,1.0,0,9.0,0.8492933472879765,6,171.0,0.3270853840720689,0,0.0,0.9268369351036121,6,180.0
2235.0,9,148.0,2.5964912280701755,7.575040560504758,0,0.0,1.0,1,10.0,0.6183397484455883,6,201.0,0.38848338017098405,0,0.0,0.9584115465604401,7,211.0
2240.0,8,124.0,2.2962962962962963,7.132518427451877,0,0.0,1.0,4,25.0,0.32071555037368576,4,193.0,0.4075334068885363,0,0.0,0.9640288810703477,8,218.0
2245.0,8,116.0,2.230769230769231,7.078173887347617,0,0.0,1.0,5,46.0,0.30335515982674344,3,144.0,0.49903917876589426,0,0.0,0.9550511007876934,8,190.0
2250.0,13,168.0,3.36,6.959784224976297,0,0.0,1.0,7,78.0,0.3712294592585969,4,124.0,0.45911075667222806,0,0.0,0.9620740121605095,11,202.0
2255.0,10,135.0,2.5961538461538463,6.462095833372212,0,0.0,1.0,0,25.0,0.5385691837185701,8,127.0,0.17244694550291387,0,0.0,0.9293565832719429,8,152.0
2260.0,7,54.0,1.0588235294117647,6.742986011583101,0,0.0,1.0,0,0.0,0.6842033564291742,7,108.0,0.23973506167869663,0,0.0,0.9969211857011525,7,108.0
2265.0,8,83.0,1.6274509803921569,7.599080991318693,0,0.0,1.0,0,0.0,0.952758999109873,8,93.0,0.26626568297617675,0,0.0,0.9978668028599981,8,93.0
2270.0,10,130.0,2.5,7.617539251911834,0,0.0,1.0,0,0.0,0.9485936817986793,10,148.0,0.17850268229712737,0,0.0,0.9862217526588422,10,148.0
2275.0,11,182.0,3.64,6.799899817332954,0,0.0,1.0,0,0.0,0.7038112536511181,11,200.0,0.20810986066708234,0,0.0,0.9909720995722685,11,200.0
2280.0,13,246.0,4.92,6.501507080422004,0,0.0,1.0,1,4.0,0.7108995814317025,11,255.0,0.19130265410142297,0,0.0,0.9613361437911492,12,259.0
2285.0,7,94.0,2.0,5.609598737094265,0,0.0,1.0,1,9.0,0.2997010818265489,4,148.0,0.298772900218736,0,0.0,0.9321871497569352,5,157.0
2290.0,6,87.0,1.891304347826087,6.763482028585172,0,3.0,0.6571080695498087,3,24.0,0.1851921747982985,3,108.0,0.44642276654185664,0,0.0,0.9500884730061467,6,135.0
2295.0,5,108.0,2.347826086956522,7.577989526557603,0,0.0,0.8025808618644146,2,36.0,0.5781116760466011,3,89.0,0.4765137929583417,0,0.0,0.9665021468258391,5,125.0
2300.0,5,133.0,2.8297872340425534,8.29851541414861,0,0.0,1.0,2,46.0,0.6942398832638199,3,109.0,0.5343935010111786,0,0.0,0.9364358807303133,5,155.0
2305.0,6,159.0,3.18,8.147706437440123,0,0.0,0.9933893872552827,2,56.0,0.7290502557625334,4,125.0,0.3122706985776033,0,0.0,0.9307794023096407,6,181.0
2310.0,6,189.0,3.78,7.851883187407472,0,0.0,1.0,2,66.0,0.7156244204529008,4,145.0,0.20372279558874107,0,0.0,0.9665652225434164,6,211.0
2315.0,6,161.0,3.156862745098039,7.14135380272941,0,0.0,1.0,0,9.0,0.949726851943236,5,169.0,0.12555090262858326,0,0.0,0.9651662728000574,5,178.0
2320.0,11,210.0,4.375,7.38334280830848,0,0.0,1.0,0,32.0,0.9660217674813131,8,205.0,0.00011942928058744917,0,0.0,0.9782393608097084,8,237.0
2325.0,12,266.0,5.541666666666667,7.068883860422112,0,0.0,1.0,0,0.0,0.9352818311320208,9,249.0,0.16844879996263853,0,0.0,0.9432175576269182,9,249.0
2330.0,11,198.0,4.125,7.207846934711884,0,0.0,1.0,1,1.0,0.707688000817142,7,227.0,0.34238648371672353,0,0.0,0.9925478803175712,8,228.0
2335.0,5,62.0,1.3478260869565217,7.878723193387689,0,3.0,0.8852304190941591,1,6.0,0.7078386623408361,3,122.0,0.43775098440930854,0,0.0,0.9355066457945153,4,131.0
2340.0,5,65.0,1.5116279069767442,8.861339281628247,0,0.0,1.0,2,12.0,0.4991819762506046,3,84.0,0.6159752128840681,0,0.0,0.9364256139075782,5,96.0
2345.0,8,98.0,2.2790697674418605,7.342935851152793,0,0.0,0.9365530243378445,4,28.0,0.23719189494635845,4,70.0,0.436825635253129,0,0.0,0.9416254505466076,8,98.0
2350.0,6,59.0,1.372093023255814,7.056627597137723,0,0.0,1.0,5,52.0,0.26396059871209737,1,7.0,0.3375555504303442,0,0.0,0.9674685785452914,6,59.0
2355.0,6,68.0,1.619047619047619,7.464890749648566,0,1.0,0.49787759154094485,3,57.0,0.45661583559009744,2,16.0,0.31129708743414675,0,0.0,0.9717002416367168,5,74.0
2360.0,5,92.0,2.0444444444444443,8.123809922563503,0,0.0,0.9550383974512018,3,72.0,0.6887453614086168,2,26.0,0.0,0,0.0,0.962048122457178,5,98.0
2365.0,6,118.0,2.744186046511628,8.312530641003004,0,0.0,1.0,3,87.0,0.6886877069118102,2,39.0,0.44572456291597484,0,0.0,0.9362201134145355,5,126.0
2370.0,9,153.0,3.731707317073171,7.407480473823011,0,0.0,1.0,4,103.0,0.5088776014544681,3,51.0,0.481881512560635,0,0.0,0.9790590656844639,7,154.0
2375.0,12,205.0,4.880952380952381,7.285898046560526,0,1.0,0.9030743905620037,6,126.0,0.38780931498041976,3,66.0,0.48409093954115673,0,0.0,0.9671306669949079,9,193.0
2380.0,8,132.0,3.142857142857143,7.25630848560745,0,0.0,1.0,2,59.0,0.485578469746879,3,81.0,0.48394282561819013,0,0.0,0.9731583618807793,5,140.0
2385.0,9,163.0,3.975609756097561,7.45895525898434,0,0.0,1.0,3,40.0,0.48501947791921207,3,96.0,0.41538534032760566,0,0.0,0.9342966233476769,6,136.0
2390.0,10,152.0,3.8974358974358974,7.438044995349951,0,0.0,1.0,4,59.0,0.3810825551530693,6,117.0,0.3719068820921437,0,0.0,0.9428298123904334,10,176.0
2395.0,11,202.0,4.809523809523809,6.067289363420418,0,0.0,1.0,5,58.0,0.2030567999455264,6,147.0,0.2005085930528543,0,0.0,0.97842589136336,11,205.0
2400.0,12,215.0,5.2439024390243905,4.782936227726329,0,0.0,1.0,3,79.0,0.07427075774658526,9,188.0,0.09367581847022045,0,0.0,0.9196276779246986,12,267.0
2405.0,11,269.0,6.404761904761905,5.78503722445112,0,0.0,1.0,2,41.0,0.5505214073450996,9,233.0,0.1601208012594016,0,0.0,0.935736352268565,11,274.0
2410.0,8,231.0,5.372093023255814,6.429271946290952,0,0.0,1.0,2,49.0,0.6503267267015993,5,179.0,0.352050434228067,1,3.0,0.614184156539424,8,231.0
2415.0,9,267.0,6.068181818181818,6.630935134700523,0,3.0,0.5171878216162589,4,69.0,0.33431806167190964,5,204.0,0.3540163037744083,0,0.0,0.9755393435009933,9,276.0
2420.0,8,284.0,6.173913043478261,7.215325167428065,0,0.0,1.0,2,66.0,0.5068308843450263,5,229.0,0.34469125933216777,0,0.0,0.9613979654045339,7,295.0
2425.0,8,322.0,6.851063829787234,7.862479954375276,0,0.0,1.0,3,74.0,0.5568235802170209,5,254.0,0.3534862024163904,0,0.0,0.9606425377134684,8,328.0
2430.0,6,196.0,4.260869565217392,7.790081264557696,0,0.0,1.0,3,89.0,0.6049598749604711,3,191.0,0.39489908143611874,0,0.0,0.959327297550149,6,280.0
2435.0,5,177.0,3.847826086956522,8.000347640303051,0,0.0,1.0,3,104.0,0.5890510361436179,2,79.0,0.4573630783802477,0,0.0,0.9555684503624534,5,183.0
2440.0,7,208.0,4.622222222222222,7.72830201440739,0,0.0,1.0,4,143.0,0.5548383094878505,3,92.0,0.20707284192319744,0,0.0,0.9621666881896764,7,235.0
2445.0,6,216.0,4.8,7.245287306184325,0,0.0,1.0,2,125.0,0.5867203741516305,4,112.0,0.026808091029503444,0,0.0,0.9340085842315238,6,237.0
2450.0,5,142.0,3.302325581395349,7.075628688238188,0,0.0,1.0,2,114.0,0.4882945787610156,3,81.0,0.15152073766941473,0,0.0,0.9379444433576274,5,195.0
2455.0,8,177.0,3.933333333333333,7.390109986284077,0,0.0,1.0,2,124.0,0.47384697070261556,5,56.0,0.38833422458751393,0,0.0,0.9958045335972049,7,180.0
2460.0,8,212.0,5.0476190476190474,6.9039126249241125,0,0.0,1.0,2,134.0,0.3206837783903373,6,84.0,0.3109063685607867,0,0.0,0.9509594745958418,8,218.0
2465.0,8,252.0,5.8604651162790695,6.975912637408174,0,0.0,1.0,2,144.0,0.32195380473914065,6,129.0,0.38631250177001897,0,0.0,0.9481980125194527,8,273.0
2470.0,3,171.0,3.8863636363636362,7.17362704976494,0,0.0,1.0,2,154.0,0.31913026508324355,1,57.0,0.6495901760708094,0,0.0,0.9848669242100138,3,211.0
2475.0,3,169.0,3.840909090909091,7.608315966723676,0,6.0,0.599928608817619,2,167.0,0.5009460162526558,1,43.0,0.7584004870662373,0,0.0,0.9972850793735135,3,216.0
2480.0,4,186.0,4.133333333333334,8.233589776677128,0,0.0,1.0,2,180.0,0.6750337626519365,2,33.0,0.6851998045477498,0,0.0,0.9682133796408755,4,213.0
2485.0,4,206.0,4.5777777777777775,7.4240832456129775,0,0.0,0.9627337010688033,2,187.0,0.5000393143148314,2,37.0,0.2141068481737308,0,0.0,0.9857547134546527,4,224.0
2490.0,6,235.0,5.0,7.248371438881608,0,0.0,1.0,3,201.0,0.4775425081360817,3,52.0,0.2676966597161326,0,0.0,0.9701764796194144,6,253.0
2495.0,8,273.0,5.808510638297872,6.660763506323957,0,0.0,1.0,3,216.0,0.519363408401237,4,71.0,0.07800741530851338,0,0.0,0.9935278765715239,7,287.0
2500.0,9,310.0,6.739130434782608,6.249056218374635,0,0.0,1.0,4,233.0,0.3876007151168803,5,95.0,0.0,0,0.0,0.9831906552021455,9,328.0
2505.0,10,357.0,7.4375,6.6094631111208,0,0.0,1.0,5,255.0,0.35719548219395036,5,120.0,0.0,0,0.0,0.9907982560009059,10,375.0
2510.0,10,338.0,7.191489361702128,6.360267859013513,0,0.0,1.0,6,281.0,0.2856208954107028,3,89.0,0.284651079722112,0,0.0,0.9585229120587269,9,370.0
2515.0,11,363.0,7.5625,6.337153886719783,0,3.0,0.9360802537022412,6,311.0,0.33331749157757024,3,47.0,0.2316476196906909,0,0.0,0.9629243576666127,9,361.0
2520.0,13,423.0,9.195652173913043,5.952599525768393,0,0.0,1.0,7,346.0,0.39261291468356246,3,62.0,0.0,0,0.0,0.9320474125895211,10,408.0
2525.0,15,494.0,9.88,5.43544547052732,0,0.0,1.0,7,381.0,0.3009778694009806,3,77.0,0.0,0,0.0,0.9495349711600728,10,458.0
2530.0,10,453.0,9.244897959183673,6.009421898357062,0,0.0,1.0,8,418.0,0.3248742637231895,0,0.0,0.2629398241642741,0,0.0,0.9574666316954155,8,418.0
2535.0,5,316.0,6.448979591836735,5.408545603980527,0,0.0,1.0,3,317.0,0.35983283752425665,0,0.0,1.0,0,0.0,0.991759573439281,3,317.0
2540.0,6,322.0,6.44,6.517614105025602,0,0.0,1.0,5,321.0,0.48979447819981564,0,0.0,1.0,0,0.0,0.970476218151171,5,321.0
2545.0,5,340.0,6.938775510204081,7.53755378281978,0,0.0,1.0,5,346.0,0.5322711935698643,0,6.0,0.8101618780717346,0,0.0,0.9672912114979055,5,352.0
2550.0,6,366.0,7.469387755102041,7.73496465872425,0,0.0,1.0,5,371.0,0.42417646778532975,0,6.0,0.9701970803596611,0,0.0,0.9560229997446974,5,377.0
2555.0,8,404.0,8.595744680851064,7.5398519213858615,0,0.0,1.0,5,396.0,0.3850191424104588,1,9.0,0.7749535831524534,0,0.0,0.9481563962621882,6,405.0
2560.0,6,397.0,8.10204081632653,7.551221053266977,0,0.0,1.0,3,374.0,0.5396753375967875,1,14.0,0.799964362259423,0,0.0,0.9795783361530969,4,388.0
2565.0,6,401.0,8.53191489361702,7.936143870226685,0,0.0,1.0,5,394.0,0.42193299082892877,1,19.0,0.8202927410374118,0,0.0,0.9563547733059373,6,413.0
2570.0,9,435.0,9.886363636363637,6.941908974627771,0,0.0,1.0,5,419.0,0.3247595273720502,4,28.0,0.47892810532551305,0,0.0,0.9614905057020382,9,447.0
2575.0,5,438.0,9.521739130434783,6.633280855742759,0,0.0,1.0,5,444.0,0.2959745957149587,0,0.0,0.6606644943252361,0,0.0,0.9402343080416697,5,444.0
2580.0,8,472.0,10.042553191489361,6.471806643165084,0,3.0,0.7222441630476479,7,479.0,0.2527655893169573,0,0.0,0.9201757657814768,0,0.0,0.9643067473818103,7,482.0
2585.0,8,507.0,10.5625,7.264326711851545,0,0.0,0.760995711305538,7,517.0,0.33869778840044473,0,0.0,0.8674910696837388,0,0.0,0.972946085304668,7,517.0
2590.0,9,546.0,11.142857142857142,7.248347741672873,1,1.0,0.0014970061983189619,8,557.0,0.2777830848351342,0,0.0,0.9743927335986892,0,0.0,0.9452274206551815,9,558.0
2595.0,10,593.0,11.86,7.043996684410745,1,5.0,0.0,9,600.0,0.23482734531061045,0,0.0,0.973960491504099,0,0.0,0.9786067372729645,10,605.0
2600.0,10,643.0,12.607843137254902,7.090688215238678,1,10.0,0.0,9,645.0,0.26355772516966325,0,0.0,0.6442069873773758,0,0.0,0.9491743546032225,10,655.0
2605.0,12,698.0,13.686274509803921,6.833441976418266,1,15.0,0.0,9,690.0,0.2926823133863264,2,5.0,0.002470968590408318,0,0.0,0.9739015119126664,12,710.0
2610.0,15,744.0,15.5,5.525551442915621,0,0.0,1.0,9,729.0,0.21027292096243733,3,16.0,0.014534336998389798,0,0.0,0.9557350874995452,12,745.0
2615.0,18,829.0,16.58,4.916483003288315,0,0.0,1.0,10,777.0,0.20351415083335486,4,35.0,4.68812354974579e-06,0,0.0,0.9416959369101243,14,812.0
2620.0,4,557.0,10.711538461538462,4.771143427497372,0,0.0,1.0,3,632.0,0.32070894358099133,1,19.0,0.1303716838840485,0,0.0,0.9626820525885043,4,651.0
2625.0,4,566.0,10.884615384615385,6.681678311932256,0,0.0,1.0,3,572.0,0.458012991650166,1,12.0,0.2183873380191582,0,0.0,0.9803782528498305,4,584.0
2630.0,5,589.0,10.907407407407407,7.917966216924651,0,0.0,1.0,3,584.0,0.4752018709055909,1,24.0,0.736656118633426,0,0.0,0.9721799572036612,4,608.0
2635.0,6,618.0,11.035714285714286,8.366426707075199,0,0.0,1.0,4,603.0,0.5573222496295123,1,29.0,0.6523907400574238,0,0.0,0.9972471164727857,5,632.0
2640.0,3,136.0,2.4285714285714284,8.164550942223958,0,0.0,1.0,2,355.0,0.7041836720125068,0,20.0,0.8329917003213977,0,0.0,0.9744879329205001,2,375.0
2645.0,1,14.0,0.2692307692307692,8.354620287728784,0,0.0,1.0,1,134.0,0.6658212007224211,0,6.0,0.9477597647206085,0,0.0,0.9933212091497154,1,140.0
2650.0,4,27.0,0.5294117647058824,8.238027967623633,0,0.0,1.0,4,33.0,0.5884347634781072,0,6.0,0.8323680611058842,0,0.0,0.9425516257492046,4,39.0
2655.0,6,52.0,1.0833333333333333,6.978541892033544,0,0.0,1.0,4,50.0,0.4708486620286159,2,11.0,0.5546343351553699,0,0.0,0.98932668750385,6,61.0
2660.0,8,36.0,0.7659574468085106,6.468003052120664,0,0.0,1.0,4,31.0,0.2661056924762645,4,25.0,0.4849609625363788,0,0.0,0.9476934141733777,8,56.0
2665.0,11,81.0,1.62,7.149409464130327,0,0.0,1.0,5,65.0,0.30528010242880493,5,46.0,0.4601982882626281,0,0.0,0.9663197119638336,10,111.0
2670.0,11,133.0,2.5576923076923075,7.226034768264976,0,0.0,1.0,5,87.0,0.3416808150526879,5,74.0,0.4533133615880601,0,0.0,0.9634111632132387,10,161.0
2675.0,13,197.0,3.7884615384615383,6.753516304505168,0,0.0,1.0,6,99.0,0.31082078064699625,6,103.0,0.4063495021185651,0,0.0,0.9490051011743875,12,202.0
2680.0,5,34.0,0.68,5.484251898981158,0,0.0,1.0,0,122.0,0.3312943212538253,2,35.0,0.3589035884858477,0,0.0,0.9585121887516775,2,157.0
2685.0,5,54.0,1.0588235294117647,6.392911734627161,0,9.0,0.5041592122202093,0,35.0,0.6876038492251249,1,17.0,0.7427528107667329,0,0.0,0.9775318662975159,1,61.0
2690.0,6,57.0,1.1176470588235294,7.860641836507602,0,0.0,0.8160423636352399,1,6.0,0.7470841485944708,1,23.0,0.7638237396484766,0,0.0,0.9988393608269447,2,29.0
2695.0,8,89.0,1.7115384615384615,7.717692864728458,0,0.0,1.0,3,13.0,0.6047671197900661,1,25.0,0.7578288509668276,0,0.0,0.9424874958755783,4,38.0
2700.0,10,110.0,2.0754716981132075,6.938619981871914,0,0.0,1.0,3,28.0,0.48882001606749514,1,5.0,0.793596542650774,0,0.0,0.9322416357142562,4,33.0
2705.0,11,165.0,2.8947368421052633,7.1547755352890245,0,0.0,1.0,4,51.0,0.5289842233802248,1,10.0,0.7278036473251943,0,0.0,0.9454153542453541,5,61.0
2710.0,6,91.0,1.6851851851851851,6.95533817228498,0,0.0,1.0,1,31.0,0.6980172690149262,1,15.0,0.8334100016189439,0,0.0,0.9802781782239833,2,46.0
2715.0,8,96.0,1.8461538461538463,6.4401368495155635,0,0.0,1.0,2,28.0,0.5634571579818097,1,20.0,0.6261437690304664,0,0.0,0.9867431775612349,3,48.0
2720.0,5,66.0,1.2452830188679245,6.241309924469461,0,0.0,1.0,3,42.0,0.456216800646888,1,28.0,0.5241344961658299,0,0.0,0.9397011551229127,4,70.0
2725.0,7,93.0,1.8235294117647058,6.612404528573209,0,0.0,0.9983011356128489,4,62.0,0.3722701790522611,2,36.0,0.6478859939380072,0,0.0,0.9447784984961931,6,98.0
2730.0,7,120.0,2.3529411764705883,7.05648650706706,0,0.0,1.0,5,81.0,0.4719042418535737,2,46.0,0.5687743781140249,0,0.0,0.9720580675402435,7,127.0
2735.0,10,122.0,2.3461538461538463,6.826191080526632,0,0.0,1.0,6,68.0,0.37849180987002146,2,56.0,0.4677599561648893,0,0.0,0.9756294335650196,8,124.0
2740.0,8,157.0,3.019230769230769,6.856730477347752,0,0.0,1.0,6,97.0,0.34867703464707117,2,69.0,0.568956800440185,0,0.0,0.5115696878472603,8,166.0
2745.0,12,209.0,3.8703703703703702,6.992119184965879,0,0.0,1.0,8,134.0,0.26551411579086454,3,80.0,0.37070222061279023,1,4.0,0.4751966069413381,12,218.0
2750.0,12,269.0,5.0754716981132075,6.602913038637398,0,0.0,1.0,8,174.0,0.26167795546925565,3,95.0,0.29694605158750853,1,9.0,0.47475759403059137,12,278.0
2755.0,14,302.0,5.8076923076923075,5.448082135418513,0,0.0,1.0,7,180.0,0.1942994708438031,4,112.0,0.22259953417393674,1,14.0,0.47673452388625587,12,306.0
2760.0,10,316.0,6.076923076923077,6.147942097127709,0,0.0,1.0,7,213.0,0.06382409821847118,2,112.0,0.3980058714320951,0,0.0,0.9057910638847595,9,325.0
2765.0,10,366.0,7.469387755102041,5.995200403123243,0,0.0,1.0,7,248.0,0.09614209295818045,2,116.0,0.30537946300689633,0,0.0,0.9685867597948329,9,364.0
2770.0,12,414.0,8.28,6.979733662032974,0,0.0,1.0,9,303.0,0.30075013740137474,3,126.0,0.21687079456976935,0,0.0,0.9886745856081147,12,429.0
2775.0,4,150.0,2.8846153846153846,7.7642803184462545,0,0.0,1.0,1,74.0,0.5401246659767979,3,141.0,0.370864008132085,0,0.0,0.9263146197443961,4,215.0
2780.0,4,158.0,3.0384615384615383,7.797029880252354,0,0.0,1.0,1,45.0,0.5287932379043382,3,156.0,0.307399157486723,0,0.0,0.9678579104476809,4,201.0
2785.0,7,189.0,3.7058823529411766,8.211925339492272,0,0.0,1.0,2,21.0,0.6644497304875288,5,186.0,0.31324720308557696,0,0.0,0.921004641836956,7,207.0
2790.0,8,228.0,4.56,8.27619104719589,0,0.0,1.0,2,31.0,0.5929577629778184,6,215.0,0.38291334131695864,0,0.0,0.9542012438970786,8,246.0
2795.0,9,273.0,5.150943396226415,7.859581036502823,0,0.0,1.0,3,46.0,0.34657251034718756,6,245.0,0.43550592603916505,0,0.0,0.9304507581446096,9,291.0
2800.0,10,149.0,2.811320754716981,7.459669991914176,0,0.0,1.0,6,75.0,0.28476674029167653,4,170.0,0.5183923466561846,0,0.0,0.9427733904373817,10,245.0
2805.0,8,120.0,2.3529411764705883,7.806311926845065,0,0.0,1.0,7,110.0,0.2831610768269979,1,64.0,0.6092788502474135,0,0.0,0.9643418986183117,8,174.0
2810.0,11,169.0,3.38,7.01741102310893,0,0.0,1.0,7,145.0,0.2507851409915726,4,36.0,0.4168005126279733,0,0.0,0.9687102431077399,11,181.0
2815.0,16,222.0,4.625,5.741357121266951,0,0.0,0.9179032164496552,8,167.0,0.16123780114798686,8,68.0,0.195610053003781,0,0.0,0.9388008000014747,16,235.0
2820.0,9,151.0,3.1458333333333335,5.52099064949124,0,0.0,1.0,5,134.0,0.23318223824253642,2,34.0,0.2217761874610913,0,0.0,0.9810078736458883,7,168.0
2825.0,12,203.0,4.229166666666667,5.827179598197776,0,9.0,0.5650159632395279,5,157.0,0.2560163608638627,3,38.0,0.001577546060561347,0,0.0,0.9619119478048227,8,204.0
2830.0,13,264.0,5.076923076923077,6.791755074776548,0,0.0,0.8194614398169829,5,185.0,0.5219490170890133,3,59.0,0.42571155292682683,0,0.0,0.9724020147563087,8,244.0
2835.0,14,332.0,6.384615384615385,7.125500423171349,0,0.0,1.0,5,210.0,0.4890709710370832,4,77.0,0.5346750596206504,0,0.0,0.9875399065733937,9,287.0
2840.0,10,205.0,3.7962962962962963,7.114553669877098,0,0.0,1.0,1,102.0,0.6679375509198531,4,97.0,0.47748578829703603,0,0.0,0.9053488932670726,5,199.0
2845.0,8,154.0,2.7017543859649122,7.420728283553653,0,0.0,1.0,0,6.0,0.8301360392551241,3,79.0,0.44941988862508514,0,0.0,0.9641549695916939,3,85.0
2850.0,10,182.0,3.25,7.5549161102078255,0,0.0,1.0,1,12.0,0.8340557329269791,3,42.0,0.5187119763432007,0,0.0,0.9225183432717555,4,54.0
2855.0,16,247.0,4.574074074074074,6.515744300319172,0,0.0,1.0,3,18.0,0.5666856161966588,5,61.0,0.3269343535956344,0,0.0,0.9594854927980764,8,79.0
2860.0,17,215.0,4.215686274509804,5.385168807003123,0,0.0,1.0,4,36.0,0.42860542212559516,6,90.0,0.2197948939628351,0,0.0,0.907214946693112,10,126.0
2865.0,15,209.0,3.8,6.030656613018486,0,0.0,1.0,5,71.0,0.4639757939331994,6,120.0,0.1297951076518704,0,0.0,0.9573505637525154,11,191.0
2870.0,13,221.0,4.169811320754717,5.18407457492538,0,0.0,1.0,5,96.0,0.3164278780547827,3,96.0,0.19151563173396702,0,0.0,0.9717981507857626,8,192.0
2875.0,15,293.0,5.327272727272727,5.009793325884707,0,3.0,0.5302016077551274,7,119.0,0.1772681867157663,3,111.0,0.3846887299214107,0,0.0,0.9736359929775187,10,233.0
2880.0,17,350.0,6.481481481481482,4.9864263705589735,0,6.0,0.20555496933009978,10,165.0,0.24664965384722745,3,126.0,0.0,0,0.0,0.9234691563366259,13,297.0
2885.0,10,199.0,3.618181818181818,5.483651160943004,2,15.0,0.011295018014288604,3,70.0,0.38628137200516,3,141.0,0.0,0,0.0,0.9962707485361842,8,226.0
2890.0,4,69.0,1.3018867924528301,6.217030250967214,0,0.0,0.023000963239644866,2,30.0,0.5532850654438438,1,89.0,0.5032587308134014,0,0.0,0.9518100045046294,3,119.0
2895.0,4,42.0,0.7924528301886793,7.006237694836169,0,0.0,1.0,3,44.0,0.42445479121391116,1,8.0,0.6566856946631834,0,0.0,0.948430027752746,4,52.0
2900.0,6,67.0,1.2181818181818183,7.993093559677642,0,0.0,1.0,4,60.0,0.41687728903423826,1,13.0,0.6929097161381823,0,0.0,0.9600463374989866,5,73.0
2905.0,5,91.0,1.6545454545454545,8.043727659961416,0,0.0,1.0,4,80.0,0.4181186934381978,1,18.0,0.6624877177908004,0,0.0,0.9360195142433069,5,98.0
2910.0,9,128.0,2.327272727272727,7.193532267306257,0,0.0,1.0,4,100.0,0.1929346619901826,1,23.0,0.6094117852451316,0,0.0,0.9573249728848751,5,123.0
2915.0,11,172.0,3.2452830188679247,6.389058939890132,0,0.0,1.0,4,120.0,0.18902824203227261,2,31.0,0.5356215423800241,0,0.0,0.9652521381427895,6,151.0
2920.0,11,193.0,3.641509433962264,6.329734787483939,0,0.0,1.0,4,140.0,0.3432769793577216,3,46.0,0.5417651278680604,0,0.0,0.9617055642808134,7,186.0
2925.0,8,214.0,4.36734693877551,6.624636358836035,0,0.0,1.0,4,198.0,0.45093881089054305,4,62.0,0.33970712754544274,0,0.0,0.9454417647631723,8,260.0
2930.0,10,261.0,5.326530612244898,6.473896840913152,0,0.0,1.0,4,218.0,0.364504669550908,6,89.0,0.20028655732372372,0,0.0,0.9714284231754374,10,307.0
2935.0,14,323.0,6.09433962264151,6.641654340190932,0,0.0,1.0,6,244.0,0.28786735134684993,8,125.0,0.26746587697693874,0,0.0,0.9846984044297108,14,369.0
2940.0,9,251.0,4.826923076923077,5.957652018846916,0,0.0,1.0,7,276.0,0.21991590456077478,1,59.0,0.5142978656320762,0,0.0,0.9646326903941318,8,335.0
2945.0,5,40.0,0.7407407407407407,6.6115550155403255,0,6.0,0.7454872286257572,4,194.0,0.3539096960029759,1,31.0,0.37376097816566994,0,0.0,0.9850749485666161,5,231.0
2950.0,10,42.0,0.7636363636363637,7.2562547314484895,3,9.0,0.1616403390653381,2,29.0,0.7146444815615312,4,33.0,0.001040853817877125,0,0.0,0.8234076189044108,9,71.0
2955.0,10,87.0,1.6415094339622642,7.213188348690231,3,24.0,0.022757926348287875,3,40.0,0.5769541292174435,4,53.0,1.797475214620207e-06,0,0.0,0.9670679713429128,10,117.0
2960.0,11,110.0,1.9642857142857142,7.290798339837394,3,40.0,0.0055959216338570105,3,55.0,0.6163710672751386,2,45.0,0.04141570195708308,0,0.0,0.9649051218010836,8,140.0
2965.0,12,157.0,2.8545454545454545,7.103969352300588,5,64.0,0.0007597103094415228,3,73.0,0.6455888747462704,1,18.0,0.3327693455541548,0,0.0,0.9395875076035085,9,155.0
2970.0,12,150.0,2.727272727272727,6.751031936946048,5,89.0,0.05765584665173268,0,39.0,0.8169479994311201,2,27.0,0.3124559635827922,0,0.0,0.9291558699468361,7,155.0
2975.0,13,211.0,3.767857142857143,6.733549233118871,6,115.0,0.0006132813206747704,0,6.0,0.9420905970854854,2,38.0,0.6010573500799213,0,0.0,0.9494183956908486,8,159.0
2980.0,15,252.0,4.421052631578948,6.812966375419725,6,145.0,4.720408276955565e-06,0,3.0,0.8917788232283225,3,27.0,0.47210201510220184,0,0.0,0.9462998451896297,9,175.0
2985.0,14,317.0,5.56140350877193,6.586399487278223,6,175.0,0.0,0,3.0,0.9545641938442452,3,40.0,0.5599130696420941,0,0.0,0.9928702080024365,9,218.0
2990.0,8,189.0,3.2586206896551726,6.96949120980102,0,73.0,0.029437827574216747,0,3.0,0.8003454202994643,3,52.0,0.46031355615297176,0,0.0,0.9853398258532287,3,128.0
2995.0,10,211.0,3.7017543859649122,7.074924430856278,0,0.0,1.0,1,4.0,0.6345771806796489,4,72.0,0.49888055091823374,0,0.0,0.9491355803551668,5,76.0
3000.0,7,183.0,3.388888888888889,7.145048631194711,0,0.0,1.0,1,9.0,0.4791281540500946,1,34.0,0.6308315815510336,0,0.0,0.9728242555044411,2,43.0
3005.0,7,128.0,2.56,7.403023795961339,0,0.0,1.0,1,20.0,0.5589183782366389,1,16.0,0.7137086316240959,0,0.0,0.956796181582373,2,36.0
3010.0,1,20.0,0.38461538461538464,8.047812581447184,0,0.0,0.9422135982721143,0,6.0,0.796385810902496,1,20.0,0.0,0,0.0,0.9923396047585501,1,26.0
3015.0,3,28.0,0.5384615384615384,7.997486068607308,0,0.0,1.0,0,6.0,0.8611975638230278,1,25.0,0.0,0,0.0,0.9836440230454007,1,31.0
3020.0,5,20.0,0.37735849056603776,8.012602813647602,0,0.0,1.0,0,6.0,0.8311689373513423,0,53.0,0.9149194855421765,0,0.0,0.9704990092018139,0,59.0
3025.0,2,9.0,0.1875,8.746850715509225,0,0.0,1.0,1,14.0,0.8600236176215864,0,3.0,0.9404544667588812,0,0.0,0.917331273582656,1,17.0
3030.0,1,10.0,0.2127659574468085,8.93698107406459,0,0.0,1.0,1,16.0,0.8418016278283785,0,3.0,0.952911531588199,0,0.0,0.957443872709525,1,19.0
3035.0,1,15.0,0.3191489361702128,8.509780300087062,0,0.0,1.0,1,43.0,0.694295981674001,0,53.0,0.7885793998359077,0,0.0,0.9828280991505616,1,96.0
3040.0,3,27.0,0.6136363636363636,8.607491918689298,0,0.0,1.0,2,52.0,0.622732746451683,1,6.0,0.7114417367108299,0,0.0,0.9989524546506412,3,58.0
3045.0,4,45.0,1.0,8.371403934899208,0,0.0,0.8737567733017964,3,62.0,0.43378585162870614,1,19.0,0.6684450393635541,0,0.0,0.9455089158374207,4,81.0
3050.0,5,36.0,0.782608695652174,7.681768099796856,1,3.0,0.02709732420197563,1,18.0,0.6514466688991251,2,27.0,0.5605626102207275,0,0.0,0.9469047060888963,4,48.0
3055.0,5,58.0,1.288888888888889,8.32851972583407,2,13.0,2.245639504994518e-05,1,22.0,0.6223681706619485,2,37.0,0.5742165326808052,0,0.0,0.9433223497246879,5,72.0
3060.0,3,52.0,1.1555555555555554,9.160030579557466,0,0.0,1.0,2,32.0,0.6324806777116373,1,23.0,0.6868163141463124,0,0.0,0.9619810029637297,3,55.0
3065.0,4,69.0,1.5681818181818181,8.430532556938724,0,0.0,1.0,3,44.0,0.47132507067418805,1,28.0,0.4916031948181294,0,0.0,0.9541876820503224,4,72.0
3070.0,5,89.0,2.022727272727273,8.17302184092401,0,0.0,1.0,2,52.0,0.646798389620608,2,38.0,0.43597554279749035,0,0.0,0.9725719477785101,4,90.0
3075.0,10,129.0,2.9318181818181817,7.688740491631186,0,0.0,1.0,2,59.0,0.4873687041938493,4,53.0,0.1525260116666719,0,0.0,0.9899031600435757,6,112.0
3080.0,8,153.0,3.25531914893617,6.823293621744362,0,0.0,1.0,2,77.0,0.6284980481067644,1,54.0,0.43818339136944334,0,0.0,0.9712931622941273,3,131.0
3085.0,8,193.0,4.020833333333333,7.466406661294244,0,5.0,0.565462065772517,2,96.0,0.6154795999696113,1,51.0,0.7385737225556139,0,0.0,0.9732250491970632,3,152.0
3090.0,5,183.0,4.066666666666666,8.088200876163233,0,0.0,1.0,2,106.0,0.6477073067766079,1,56.0,0.7201623282210493,0,0.0,0.8108694057167471,3,162.0
3095.0,6,211.0,4.688888888888889,8.019307044106368,0,0.0,1.0,3,105.0,0.5583498491011744,1,61.0,0.4982261380852002,0,0.0,0.9827171249263638,4,166.0
3100.0,9,249.0,5.297872340425532,7.488508740935348,0,0.0,1.0,5,125.0,0.43075816291142033,2,69.0,0.46980179394688487,0,0.0,0.9481902952949843,7,194.0
3105.0,11,301.0,6.404255319148936,6.7228238971643535,0,0.0,1.0,5,150.0,0.42277881668634304,2,79.0,0.3314197507590883,0,0.0,0.9544412494734986,7,229.0
3110.0,9,267.0,5.680851063829787,7.4067206558827525,0,0.0,1.0,5,177.0,0.47734499987404516,4,98.0,0.30597435364841696,0,0.0,0.9776647542832548,9,275.0
3115.0,8,259.0,5.630434782608695,6.7006307566938,0,0.0,1.0,3,162.0,0.30552443871587237,5,121.0,0.14555541251957219,0,0.0,0.9306308513659785,8,283.0
3120.0,12,317.0,6.891304347826087,5.927046141438123,0,0.0,1.0,5,171.0,0.25048712338630397,6,151.0,0.2521517726585595,0,0.0,0.9557373668879068,11,322.0
3125.0,11,327.0,7.266666666666667,5.466014175891079,0,0.0,1.0,6,199.0,0.3228708979130614,3,129.0,0.30506536202982765,0,0.0,0.94132437705815,9,328.0
3130.0,11,378.0,8.4,6.386639953993842,0,6.0,0.5676876803069035,6,232.0,0.3629715284957996,2,130.0,0.5438935831878102,0,0.0,0.9642509995980761,8,368.0
3135.0,7,229.0,4.978260869565218,6.810953655561924,0,0.0,0.7972409479415884,4,162.0,0.3169777175268734,2,136.0,0.4413022407193638,0,0.0,0.9826280801854983,6,298.0
3140.0,12,280.0,6.086956521739131,6.305524580597553,1,2.0,0.005199696227285324,6,112.0,0.2944566780492112,2,149.0,0.5359491959007333,0,0.0,0.9658812324263867,9,263.0
3145.0,12,340.0,7.083333333333333,5.7791554554282385,1,7.0,0.0,6,142.0,0.3498216621029932,2,159.0,0.6106820217694723,0,0.0,0.9314440639722688,9,308.0
3150.0,15,411.0,8.5625,5.641684329996612,1,12.0,0.0,7,176.0,0.360235677993665,2,169.0,0.5987807130840559,0,0.0,0.9601449341468019,10,357.0
3155.0,7,229.0,4.403846153846154,6.261058295503799,1,17.0,0.0,1,48.0,0.4938842640159295,2,179.0,0.47168134156379515,0,0.0,0.9649295614097625,4,244.0
3160.0,1,24.0,0.4897959183673469,7.584826375991164,0,0.0,1.0,1,24.0,0.6641347868056122,0,65.0,0.6560077726700542,0,0.0,0.952550262447568,1,89.0
3165.0,2,33.0,0.66,8.734337090234417,0,0.0,1.0,1,29.0,0.7042487025869415,1,10.0,0.813442602526944,0,0.0,0.9867935742091379,2,39.0
3170.0,3,44.0,0.8627450980392157,8.04128036381762,0,0.0,1.0,1,34.0,0.4202691523814664,1,15.0,0.7407328085405633,0,0.0,0.9789060498070974,2,49.0
3175.0,5,65.0,1.2745098039215685,7.930510144182914,0,0.0,1.0,2,42.0,0.3405680855844112,2,23.0,0.6785915608955874,0,0.0,0.9439030556554161,4,65.0
3180.0,4,18.0,0.34615384615384615,7.542631301039399,0,0.0,1.0,0,17.0,0.6842659472622898,0,3.0,0.9237124695890733,0,0.0,0.9834752686479097,0,20.0
3185.0,7,48.0,0.96,7.741691529250151,0,3.0,0.8911935173941823,0,6.0,0.8909672496747635,0,3.0,0.959827661386172,0,0.0,0.9936565563189604,0,12.0
3190.0,7,53.0,1.0392156862745099,7.507972333308464,1,5.0,0.002022394108590657,0,9.0,0.9541718703905827,0,0.0,0.9671948491006788,0,0.0,0.9386469378536435,1,14.0
3195.0,8,88.0,1.6923076923076923,7.550230014229478,1,10.0,0.28607529498981926,1,6.0,0.7660879762430791,0,0.0,0.942681335838061,0,0.0,0.9720734522881006,2,16.0
3200.0,5,31.0,0.6326530612244898,6.846796535163934,2,18.0,0.3395286275501379,0,3.0,0.9559265525804581,0,0.0,1.0,0,0.0,0.9410010197141571,2,21.0
3205.0,2,13.0,0.2653061224489796,6.814118590371714,0,0.0,0.11370806673202445,0,3.0,0.9327852652644091,0,0.0,0.9055979610780666,0,0.0,0.9585100445564001,0,3.0
3210.0,2,23.0,0.46938775510204084,8.018159625883001,0,0.0,1.0,0,3.0,0.9061841328782358,0,3.0,0.9843544100401531,0,0.0,0.9841105495186728,0,6.0
3215.0,4,37.0,0.7551020408163265,8.251339885324029,0,0.0,1.0,2,4.0,0.6087652454083816,0,21.0,0.7215177216804223,0,0.0,0.9980099611632021,2,25.0
3220.0,6,63.0,1.2857142857142858,8.156540344165933,0,0.0,1.0,2,14.0,0.5587087147543219,1,8.0,0.5078768350749538,0,0.0,0.9809032164882585,3,22.0
3225.0,3,27.0,0.5294117647058824,8.402384230307241,0,0.0,1.0,2,17.0,0.5725671118336334,1,13.0,0.7327805180313247,0,0.0,0.9386291634858672,3,30.0
3230.0,4,47.0,0.9038461538461539,8.48941670162571,0,0.0,1.0,3,35.0,0.4549872437564949,1,23.0,0.7663354124554457,0,0.0,0.9874104822046293,4,58.0
3235.0,6,73.0,1.5208333333333333,7.753663331559493,0,0.0,1.0,5,56.0,0.42893735951789524,1,28.0,0.585290847959439,0,0.0,0.9356425957152573,6,84.0
3240.0,7,108.0,2.347826086956522,8.00320842951048,0,0.0,1.0,5,81.0,0.47505540042859673,2,35.0,0.4983915121424845,0,0.0,0.9535622501363946,7,116.0
3245.0,7,130.0,2.8260869565217392,7.734544628103902,0,0.0,1.0,4,91.0,0.5348875370767319,2,45.0,0.5673290324437413,0,0.0,0.947775304823824,6,136.0
3250.0,8,152.0,3.3043478260869565,6.613745152626198,0,0.0,1.0,5,112.0,0.3582173883908208,1,38.0,0.46622554108928027,0,0.0,0.9968274787738712,6,150.0
3255.0,8,189.0,4.2,6.6932439122415,0,0.0,1.0,5,140.0,0.4723111441083053,1,43.0,0.528735154700387,0,0.0,0.9894185576750308,6,183.0
3260.0,8,208.0,4.425531914893617,7.336353153698969,0,0.0,0.9277482098256614,5,180.0,0.47112933281934855,3,52.0,0.2000887711735567,0,0.0,0.9546534976246219,8,232.0
3265.0,6,81.0,1.7234042553191489,7.604896814380027,0,0.0,1.0,3,108.0,0.4083225459897947,3,66.0,0.4961596702624293,0,0.0,0.9982366802229322,6,174.0
3270.0,3,67.0,1.488888888888889,8.165670503576296,0,0.0,1.0,2,33.0,0.5222359771376629,1,56.0,0.5649608658565624,0,0.0,0.9539093966929721,3,89.0
3275.0,3,82.0,1.8636363636363635,8.679564826459778,0,0.0,1.0,2,31.0,0.5158479190693973,1,63.0,0.717297529864699,0,0.0,0.9663900705524219,3,94.0
3280.0,6,102.0,2.217391304347826,8.24444515111369,0,0.0,0.9819655917603378,2,38.0,0.5854274307180187,2,71.0,0.574349415749055,0,0.0,0.7807813036583783,4,109.0
3285.0,10,141.0,3.2045454545454546,6.741334821280526,1,1.0,0.002885026908050794,3,51.0,0.4842419284294393,2,81.0,0.550657743101654,1,3.0,0.4849226376609526,7,136.0
3290.0,12,190.0,4.523809523809524,5.730126642016215,1,6.0,0.0,3,66.0,0.48151203606800036,2,91.0,0.389533169486865,0,0.0,0.9611717955133202,6,163.0
3295.0,14,254.0,5.906976744186046,5.636615050282463,1,11.0,0.0,4,81.0,0.39909823784004883,3,105.0,0.4841650512828484,0,0.0,0.9877916466049631,8,197.0
3300.0,17,329.0,7.651162790697675,4.669902198190057,1,16.0,0.0,4,100.0,0.3088549206285141,5,123.0,0.3450935625013482,0,0.0,0.9852515851045117,10,239.0
3305.0,14,281.0,6.2444444444444445,4.743913742301832,1,21.0,0.0,1,44.0,0.5120122758897043,6,150.0,0.04873641945800691,0,0.0,0.9525762398642629,8,215.0
3310.0,7,213.0,4.630434782608695,5.398995928172812,1,26.0,0.0,1,46.0,0.4677906837059625,3,136.0,0.20571131750688504,0,0.0,0.9822160818141253,5,208.0
3315.0,5,229.0,5.088888888888889,7.106551785989657,1,34.0,0.3101648600784074,1,57.0,0.6167610253556299,3,153.0,0.46827864120779417,0,0.0,0.9601137847587518,5,244.0
3320.0,6,256.0,5.688888888888889,6.863156904044887,2,44.0,0.03245125055751597,1,62.0,0.7753888836947966,3,168.0,0.4203346522989481,0,0.0,0.9815326200628736,6,274.0
3325.0,8,292.0,6.3478260869565215,7.23394707738972,2,54.0,0.00873709210789535,2,69.0,0.6344645361186879,4,187.0,0.31274467547529733,0,0.0,0.9359912050430241,8,310.0
3330.0,6,274.0,5.956521739130435,7.1769316595973764,0,4.0,0.013257688255297603,2,79.0,0.6498911070212277,4,204.0,0.3222582826969718,0,0.0,0.9692915524502259,6,287.0
3335.0,6,304.0,6.204081632653061,7.681836865025376,0,0.0,1.0,2,89.0,0.7147010171794603,4,224.0,0.40044007204202076,0,0.0,0.9592212759303567,6,313.0
3340.0,7,335.0,7.127659574468085,7.729479419268162,0,0.0,1.0,2,99.0,0.6340901017701859,5,264.0,0.30046179940427575,0,0.0,0.9581702011018087,7,363.0
3345.0,10,302.0,6.291666666666667,6.820570539912023,0,0.0,1.0,4,36.0,0.4110109136246224,6,272.0,0.15247539576162794,0,0.0,0.9367356123419855,10,308.0
3350.0,13,365.0,7.1568627450980395,6.4160602514084575,0,0.0,1.0,5,61.0,0.312434083916885,8,313.0,0.24193818926195165,0,0.0,0.9603435097822962,13,374.0
3355.0,11,390.0,8.125,5.617095534057392,0,0.0,1.0,6,87.0,0.24697394357113112,5,315.0,0.2921042882005565,0,0.0,0.9673302260788167,11,402.0
3360.0,13,453.0,9.244897959183673,6.359003009799286,0,3.0,0.5799163692473903,7,141.0,0.4028931064599317,6,342.0,0.24663683312318194,0,0.0,0.9614224925305285,13,486.0
3365.0,13,518.0,10.791666666666666,6.965180559583794,0,6.0,0.016110640293729966,7,179.0,0.461712171304583,6,372.0,0.22291834898651092,0,0.0,0.9385384355844765,13,557.0
3370.0,7,424.0,8.313725490196079,7.567153070231378,0,0.0,1.0,1,61.0,0.6528935527338815,6,402.0,0.22982807937936459,0,0.0,0.9504764685785205,7,463.0
3375.0,9,465.0,9.3,7.650439004068548,0,0.0,1.0,3,60.0,0.5334009160517537,6,429.0,0.24249719390660973,0,0.0,0.9659822271150834,9,489.0
3380.0,11,514.0,10.708333333333334,7.15096333041306,0,0.0,1.0,4,75.0,0.3678811479395029,7,469.0,0.29820936378876184,0,0.0,0.9655345711517078,11,544.0
3385.0,15,582.0,11.64,7.063779416120562,0,0.0,1.0,5,99.0,0.36427607924401845,10,513.0,0.2748035793697829,0,0.0,0.9053092023136727,15,612.0
3390.0,15,657.0,12.634615384615385,7.170488562781281,0,0.0,1.0,5,124.0,0.26686571662911945,10,560.0,0.2815442477850799,0,0.0,0.9743534081092812,15,684.0
3395.0,15,732.0,14.076923076923077,6.619766734071125,0,0.0,1.0,5,149.0,0.15523450965031765,10,607.0,0.31659869396595913,0,0.0,0.9893425820675465,15,756.0
3400.0,12,750.0,15.0,6.7503210604597745,0,0.0,1.0,5,174.0,0.16050894315072445,7,619.0,0.38003397192503335,0,0.0,0.9812218587387777,12,793.0
3405.0,12,790.0,14.62962962962963,7.172448899493454,0,0.0,1.0,5,202.0,0.3070598802773666,7,633.0,0.42311355703146547,0,0.0,0.9348641875743107,12,835.0
3410.0,12,850.0,15.74074074074074,7.292991726532603,0,0.0,0.9893323787642776,5,227.0,0.4276103982587126,7,647.0,0.40298840465336633,0,0.0,0.9379806791572465,12,874.0
3415.0,9,717.0,13.036363636363637,7.167033291500116,0,0.0,0.9289706815926384,1,115.0,0.5735856970569742,8,683.0,0.1887164148964133,0,0.0,0.9354182171270014,9,798.0
3420.0,10,759.0,14.320754716981131,7.087255839684779,0,0.0,1.0,1,42.0,0.7644320273004565,7,717.0,0.21597515673884912,0,0.0,0.924311757495534,8,759.0
3425.0,13,813.0,14.017241379310345,7.116193956553084,0,0.0,1.0,2,51.0,0.6788011666683715,7,752.0,0.2707278957382112,0,0.0,0.9114888246176074,9,803.0
3430.0,14,860.0,15.357142857142858,6.936127989738947,0,0.0,1.0,2,58.0,0.6855366381897303,8,790.0,0.2596665663841835,0,0.0,0.9394098960485785,10,848.0
3435.0,11,893.0,15.666666666666666,6.965178203173044,0,0.0,1.0,1,82.0,0.811690409949492,9,833.0,0.2856988703840543,0,0.0,0.9464277159560056,10,915.0
3440.0,8,916.0,16.357142857142858,6.759368100550661,0,0.0,1.0,1,87.0,0.6302710671889017,7,857.0,0.16120941958157936,0,0.0,0.9205040402848754,8,944.0
3445.0,11,965.0,18.20754716981132,7.213269682755621,0,0.0,1.0,3,102.0,0.43042272735641873,8,897.0,0.1883659251057383,0,0.0,0.9513049783000221,11,999.0
3450.0,11,1020.0,19.245283018867923,7.365890352936135,0,0.0,1.0,3,123.0,0.46245041023672656,8,937.0,0.3135473885147034,0,0.0,0.9330745884439984,11,1060.0
3455.0,11,1051.0,20.607843137254903,7.199996610120497,0,0.0,1.0,1,86.0,0.7597415470950933,9,979.0,0.2658998810591506,0,0.0,0.9347281567626784,10,1065.0
3460.0,13,1112.0,21.384615384615383,6.722238565962864,0,0.0,1.0,1,82.0,0.6629100143446701,10,1027.0,0.228562613971397,0,0.0,0.9432354301667583,11,1109.0
3465.0,15,753.0,15.06,5.628217094468713,0,0.0,1.0,2,91.0,0.652464137557861,9,830.0,0.15880603698201898,0,0.0,0.9239999028862249,11,921.0
3470.0,12,213.0,4.176470588235294,5.958124178072459,0,0.0,1.0,2,101.0,0.6487137289545718,6,523.0,0.1710007205639425,0,0.0,0.9715427204186674,8,624.0
3475.0,9,178.0,3.358490566037736,6.722625041713549,0,0.0,1.0,1,104.0,0.6447676667231249,7,290.0,0.2024603214672828,0,0.0,0.9456977914024718,8,394.0
3480.0,12,220.0,4.313725490196078,6.405832739201951,0,0.0,1.0,2,114.0,0.4872997919395443,8,119.0,0.07899860935997118,0,0.0,0.9717459276581311,10,233.0
3485.0,14,232.0,4.549019607843137,6.313388903454046,0,0.0,1.0,3,116.0,0.4905813110618729,7,131.0,0.2688661305949387,0,0.0,0.9943858402221971,10,247.0
3490.0,12,254.0,4.980392156862745,6.316762734937418,0,0.0,1.0,3,134.0,0.5596950322836273,5,106.0,0.28130224029781664,0,0.0,0.9674891072075222,8,240.0
3495.0,14,320.0,5.925925925925926,6.688174416415103,0,0.0,1.0,4,151.0,0.4979652473822339,6,120.0,0.24375955549751938,0,0.0,0.9577218293401856,10,271.0
3500.0,17,398.0,7.37037037037037,6.019296428844091,0,0.0,0.9631336900415985,5,176.0,0.4102238217142938,6,150.0,0.3298967338106472,0,0.0,0.4848182158508786,11,326.0
3505.0,12,282.0,5.320754716981132,5.963808038828496,0,0.0,1.0,3,151.0,0.4455084483616324,1,64.0,0.5794348964923519,1,5.0,0.4982177112188713,5,220.0
3510.0,7,258.0,4.777777777777778,7.28050171616739,0,6.0,0.6001649933467865,1,147.0,0.6919261593255482,1,36.0,0.7300893955786656,1,10.0,0.48325792086882485,3,199.0
3515.0,5,170.0,3.090909090909091,7.581841344907006,1,7.0,0.172465332372678,1,147.0,0.7612811316349347,1,41.0,0.7082067250889376,0,0.0,0.9536453979401548,3,195.0
3520.0,9,204.0,3.7777777777777777,7.364815475267123,2,17.0,0.021874899911993685,2,148.0,0.6808785000503725,1,49.0,0.6870938367059412,0,0.0,0.9950890724430025,5,214.0
3525.0,15,262.0,5.137254901960785,6.513516478806222,4,33.0,0.05797816196050572,2,165.0,0.7666110814348872,3,56.0,0.5488035382562968,0,0.0,0.9745559344369888,9,254.0
3530.0,12,291.0,5.490566037735849,6.311693227600509,0,5.0,0.04813847382577596,2,172.0,0.5929970702891472,3,71.0,0.5588626326682913,0,0.0,0.9336685749441958,5,248.0
3535.0,13,355.0,6.96078431372549,6.644388795289671,0,0.0,1.0,3,179.0,0.5356798958219645,3,86.0,0.4943727921873786,0,0.0,0.9611163582349123,6,265.0
3540.0,17,426.0,8.352941176470589,6.565333263362504,0,0.0,1.0,4,196.0,0.4952051930583341,5,104.0,0.3922522704727965,0,0.0,0.9934207767967187,9,300.0
3545.0,10,185.0,3.8541666666666665,5.993520945520234,0,0.0,1.0,3,52.0,0.3137506901809519,3,99.0,0.40215192120873317,0,0.0,0.990380111792832,6,151.0
3550.0,9,180.0,3.673469387755102,6.533810823777798,0,0.0,1.0,5,83.0,0.32100690107710955,3,114.0,0.37285687690322955,0,0.0,0.9800740266284096,8,197.0
3555.0,10,227.0,4.829787234042553,6.763293708571091,0,0.0,1.0,7,116.0,0.266186412452978,3,129.0,0.2397015311149774,0,0.0,0.9399761846661868,10,245.0
3560.0,10,277.0,6.021739130434782,6.183191788617336,0,0.0,1.0,7,151.0,0.33026831578240423,3,144.0,0.24126015142248275,0,0.0,0.9523228729360157,10,295.0
3565.0,10,296.0,6.434782608695652,6.411189388092329,0,0.0,1.0,6,166.0,0.42294308722118473,3,159.0,0.5527300153118765,0,0.0,0.9878843019110011,9,325.0
3570.0,9,340.0,7.7272727272727275,6.993408097432285,0,0.0,1.0,6,184.0,0.41230210968775977,3,174.0,0.3871604848841361,0,0.0,0.9602458450649255,9,358.0
3575.0,11,392.0,8.71111111111111,6.493878466520746,0,0.0,1.0,8,221.0,0.33271657222657763,3,189.0,0.32417894296796007,0,0.0,0.9112826161655913,11,410.0
3580.0,14,455.0,10.340909090909092,5.373654375725161,0,0.0,1.0,8,258.0,0.18056285989238954,6,212.0,0.0014787379135298932,0,0.0,0.9625422940887075,14,470.0
3585.0,16,529.0,11.25531914893617,4.626799512731377,0,0.0,1.0,10,302.0,0.09609178692990869,6,242.0,7.015233438222605e-06,0,0.0,0.9841122834574842,16,544.0
3590.0,5,102.0,2.217391304347826,5.128119879733153,0,0.0,1.0,2,90.0,0.2618676770562254,3,144.0,0.034137711901958315,0,0.0,0.9771725089592372,5,234.0
3595.0,2,40.0,0.8888888888888888,7.605071908249718,0,0.0,1.0,1,31.0,0.5870990876755783,1,33.0,0.5969144322838934,0,0.0,0.9436932742620543,2,64.0
3600.0,4,55.0,1.2222222222222223,8.342256818860875,0,0.0,1.0,1,27.0,0.5233798685414122,3,37.0,0.42936041269337777,0,0.0,0.9744110806586264,4,64.0
