step,system_total_stopped,system_total_waiting_time,system_mean_waiting_time,system_mean_speed,cluster_10564135163_13571629282_5146149679_stopped,cluster_10564135163_13571629282_5146149679_accumulated_waiting_time,cluster_10564135163_13571629282_5146149679_average_speed,cluster_10564135205_11749189839_3266988437_5129187741_#3more_stopped,cluster_10564135205_11749189839_3266988437_5129187741_#3more_accumulated_waiting_time,cluster_10564135205_11749189839_3266988437_5129187741_#3more_average_speed,cluster_10564135211_11749189838_12136544949_12136544951_#7more_stopped,cluster_10564135211_11749189838_12136544949_12136544951_#7more_accumulated_waiting_time,cluster_10564135211_11749189838_12136544949_12136544951_#7more_average_speed,cluster_10564135212_13571629279_13571629299_stopped,cluster_10564135212_13571629279_13571629299_accumulated_waiting_time,cluster_10564135212_13571629279_13571629299_average_speed,agents_total_stopped,agents_total_accumulated_waiting_time
0.0,0,0.0,0.0,0.0,0,0.0,1.0,0,0.0,1.0,0,0.0,1.0,0,0.0,1.0,0,0.0
5.0,0,0.0,0.0,9.897471214670203,0,0.0,1.0,0,0.0,0.9599798921313473,0,0.0,1.0,0,0.0,0.967071077473443,0,0.0
10.0,0,0.0,0.0,8.629651393207833,0,0.0,1.0,0,0.0,0.9526492662814585,0,0.0,1.0,0,0.0,0.9735569592244125,0,0.0
15.0,0,0.0,0.0,8.309556962334025,0,0.0,1.0,0,0.0,0.9522999159442822,0,0.0,1.0,0,0.0,0.9906229299218446,0,0.0
20.0,0,0.0,0.0,8.575902799086757,0,0.0,1.0,0,0.0,0.9546458224324247,0,0.0,1.0,0,0.0,0.9524366912964559,0,0.0
25.0,0,0.0,0.0,7.754912716777134,0,0.0,1.0,0,0.0,0.4774706327345057,0,0.0,0.587924937405886,0,0.0,0.9423425919744766,0,0.0
30.0,2,6.0,0.46153846153846156,6.821539232163955,0,0.0,1.0,1,5.0,0.4811323680802824,1,1.0,0.46911421375315576,0,0.0,0.9622678409434228,2,6.0
35.0,3,18.0,1.2857142857142858,6.317146411031976,0,0.0,1.0,1,10.0,0.48419178385849776,2,8.0,0.0012465581897886917,0,0.0,0.964536150737476,3,18.0
40.0,4,35.0,1.9444444444444444,5.438438518303849,0,0.0,1.0,2,17.0,0.08816990212203933,2,18.0,0.0,0,0.0,0.9847101041300483,4,35.0
45.0,4,55.0,3.0555555555555554,5.537694944887237,0,0.0,1.0,2,27.0,0.23856180045148911,2,28.0,0.0,0,0.0,0.5002881352862166,4,55.0
50.0,5,79.0,3.95,6.160975341027859,0,0.0,1.0,2,37.0,0.31698184070239777,2,38.0,0.3060912151821243,1,4.0,0.46721138144005714,5,79.0
55.0,5,95.0,4.318181818181818,6.774951434874691,0,0.0,1.0,3,47.0,0.24300379224022303,2,48.0,0.32515310600680186,0,0.0,0.8854847687858275,5,95.0
60.0,4,115.0,5.0,6.918723272670844,0,0.0,1.0,2,57.0,0.36509966710787256,2,61.0,0.42535841252045337,0,0.0,0.9550741772420838,4,118.0
65.0,4,135.0,5.625,5.86401807151224,0,0.0,1.0,2,67.0,0.2711969445298704,2,71.0,0.00939201594826722,0,0.0,0.9999205514702003,4,138.0
70.0,6,161.0,6.708333333333333,6.47808644796342,0,0.0,1.0,2,77.0,0.39748638603248804,4,87.0,0.0018101884826668246,0,0.0,0.9679054834779048,6,164.0
75.0,7,192.0,6.857142857142857,6.2430925555053705,0,0.0,1.0,3,88.0,0.35312999012219365,4,107.0,0.19779059742327693,0,0.0,0.9606906954516565,7,195.0
80.0,8,228.0,8.142857142857142,5.860568646120895,0,0.0,1.0,3,103.0,0.2199981823660438,4,127.0,0.28667353968031234,0,0.0,0.9851871495690845,7,230.0
85.0,5,176.0,5.866666666666666,6.038929480619468,0,0.0,1.0,4,120.0,0.3276065681025739,1,74.0,0.476614124481962,0,0.0,0.9944483893838767,5,194.0
90.0,5,201.0,6.7,6.61265139671724,0,0.0,1.0,4,149.0,0.3943788025068136,1,61.0,0.21068165994996488,0,0.0,0.9867329215375287,5,210.0
95.0,4,74.0,2.3125,6.950670422580674,0,0.0,1.0,1,30.0,0.5603706129720596,3,73.0,0.22673928994950762,0,0.0,0.9274031151920906,4,103.0
100.0,5,96.0,2.909090909090909,7.515603504492922,0,0.0,1.0,1,15.0,0.8009477486001227,3,88.0,0.09894546937916568,1,2.0,0.6353012186841441,5,105.0
105.0,7,129.0,3.909090909090909,7.447228902113071,0,0.0,1.0,1,20.0,0.8202481339717607,5,120.0,0.38639819005428033,1,7.0,0.6210623301771864,7,147.0
110.0,5,127.0,3.3421052631578947,7.925976705637702,0,0.0,1.0,1,25.0,0.8144041937576578,3,124.0,0.5476558934032932,1,12.0,0.6574890010779538,5,161.0
115.0,5,132.0,3.5675675675675675,7.8034429216219054,0,0.0,1.0,0,3.0,0.8530278620913889,3,123.0,0.6081183759532717,2,18.0,0.2466237099029912,5,144.0
120.0,6,136.0,3.5789473684210527,7.229706818435305,0,0.0,1.0,3,10.0,0.47484767527239846,3,135.0,0.6016231043919086,0,5.0,0.4845254249431729,6,150.0
125.0,7,167.0,4.394736842105263,6.946757103377145,0,0.0,1.0,3,25.0,0.40568435045986034,3,157.0,0.6396414177047514,0,0.0,0.9306428920916319,6,182.0
130.0,7,72.0,1.7142857142857142,6.355878132439123,0,0.0,1.0,4,45.0,0.4007131539005079,3,73.0,0.40812967343535195,0,0.0,0.9489870285583861,7,118.0
135.0,7,28.0,0.6829268292682927,5.616892121052395,0,0.0,1.0,1,62.0,0.14786533334924323,6,40.0,0.27480840782389615,0,0.0,0.9511362979933485,7,102.0
140.0,7,62.0,1.5121951219512195,5.984696375662312,0,0.0,0.854713612475923,0,10.0,0.53304061750434,7,75.0,0.2709825927168282,0,0.0,0.949926793904263,7,85.0
145.0,9,103.0,2.395348837209302,6.82019939743067,0,0.0,1.0,0,0.0,0.9339191302495609,9,117.0,0.2200882916284104,0,0.0,0.9604543756475242,9,117.0
150.0,11,156.0,3.5454545454545454,6.684147752861649,0,0.0,1.0,0,0.0,0.9438002832402154,11,174.0,0.26631308387637226,0,0.0,0.6179382214153962,11,174.0
155.0,13,221.0,4.911111111111111,6.835745293054437,0,0.0,1.0,0,0.0,0.9495886190236971,12,234.0,0.30692561742864277,1,5.0,0.63817663798054,13,239.0
160.0,4,60.0,1.3333333333333333,6.546931413694817,0,0.0,1.0,0,0.0,0.9673745755240661,3,121.0,0.399174496264642,1,10.0,0.4903187396968058,4,131.0
165.0,4,40.0,0.851063829787234,7.164763869458852,0,6.0,0.5753710646093704,0,6.0,0.6321400650285199,2,53.0,0.557184145111395,2,18.0,0.27315334103513944,4,83.0
170.0,3,36.0,0.75,8.214249657491473,0,0.0,0.8449237647613729,1,13.0,0.773152824148981,2,36.0,0.6158787687095002,0,0.0,0.784264812298398,3,49.0
175.0,4,54.0,1.173913043478261,7.836083760977762,0,0.0,1.0,1,18.0,0.7585712966616256,2,49.0,0.6339134899927291,0,0.0,0.9929760087242292,3,67.0
180.0,6,40.0,0.851063829787234,7.557998722951977,0,0.0,1.0,1,23.0,0.7966437792102096,5,33.0,0.15889167829977696,0,0.0,0.965657304506268,6,56.0
185.0,8,76.0,1.5833333333333333,7.962222827457282,0,0.0,1.0,2,30.0,0.5513254703233723,6,62.0,0.1427019848998525,0,0.0,0.9614874450184212,8,92.0
190.0,9,118.0,2.5106382978723403,8.084808563497168,0,0.0,1.0,3,42.0,0.5728523191053488,6,92.0,0.24129706849507337,0,0.0,0.8454614047410908,9,134.0
195.0,12,170.0,3.6956521739130435,6.747148455266211,0,0.0,1.0,4,59.0,0.32214539483045324,7,123.0,0.00019393530390314154,1,4.0,0.7325493753247181,12,186.0
200.0,8,120.0,2.6666666666666665,6.631769242110507,0,0.0,1.0,5,75.0,0.25907701219073587,2,45.0,0.0,1,9.0,0.7677755441752094,8,129.0
205.0,9,163.0,3.3958333333333335,6.597793998679619,0,9.0,0.6000029535356363,5,106.0,0.3521660892144788,2,55.0,0.18933356852537545,2,17.0,0.399652859567239,9,187.0
210.0,7,181.0,3.7708333333333335,6.710580332990883,0,9.0,0.02514177771537701,5,131.0,0.3502354130858943,2,65.0,0.327253951634619,0,7.0,0.674998376016913,7,212.0
215.0,11,230.0,4.6938775510204085,6.131201619330439,3,22.0,3.22552556958497e-05,5,156.0,0.2647985479734917,2,81.0,0.5305314675741869,0,0.0,0.670341694196239,10,259.0
220.0,5,113.0,2.26,6.2949080409684885,3,37.0,3.7259720202058313e-06,0,5.0,0.6641499280499337,2,85.0,0.5835546950308528,0,0.0,0.9926015044766279,5,127.0
225.0,4,45.0,0.9375,6.919690546539634,3,52.0,0.0,0,3.0,0.8670280893426681,1,32.0,0.34563475548561273,0,0.0,0.9861386405768312,4,87.0
230.0,5,67.0,1.3673469387755102,8.361405683658285,3,67.0,0.0,0,6.0,0.9418548481119027,1,14.0,0.7350448063058355,0,0.0,0.9402554296478463,4,87.0
235.0,4,85.0,1.6037735849056605,8.42578891822757,3,82.0,0.0,0,6.0,0.9399199592112171,1,12.0,0.638541181865726,0,0.0,0.990529162448077,4,100.0
240.0,9,124.0,2.3846153846153846,7.597581792995625,3,97.0,0.0,0,6.0,0.809763641104718,2,22.0,0.6373976924678594,0,0.0,0.6391684332226417,5,125.0
245.0,11,145.0,2.7884615384615383,7.08979658897811,3,112.0,0.0,2,12.0,0.6170913089180382,0,6.0,0.9724329051438987,1,5.0,0.4698844792587991,6,135.0
250.0,12,190.0,3.9583333333333335,6.210321195023923,3,127.0,0.0,4,31.0,0.3672118575124914,0,6.0,0.9792608611890445,1,10.0,0.4867480645568142,8,174.0
255.0,10,194.0,4.041666666666667,6.230205266783062,3,142.0,0.03821799122642186,6,52.0,0.2704950871785926,0,0.0,0.9661315226216227,1,5.0,0.6493004583274707,10,199.0
260.0,2,21.0,0.4375,5.5722951394160605,0,0.0,0.17530762866975683,2,29.0,0.2943890036180144,0,0.0,0.99184209317783,0,0.0,0.9458057048994325,2,29.0
265.0,4,38.0,0.7755102040816326,6.956112922686594,0,0.0,1.0,4,41.0,0.41157924491839026,0,3.0,0.7225789454494769,0,0.0,0.9636049849280692,4,44.0
270.0,7,66.0,1.346938775510204,7.3229267025330165,0,0.0,1.0,4,61.0,0.3462998257674942,3,33.0,0.4642787782283056,0,0.0,0.9734316402553951,7,94.0
275.0,8,104.0,2.08,7.946102928084468,0,0.0,1.0,5,81.0,0.36259369572235317,3,38.0,0.4696081412141235,0,0.0,0.9961617476500898,8,119.0
280.0,8,144.0,2.823529411764706,7.588628104714271,0,0.0,1.0,5,106.0,0.23508256863467925,3,50.0,0.37290375377178936,0,0.0,0.9805051663379311,8,156.0
285.0,10,190.0,3.5849056603773586,7.381824022880627,0,0.0,1.0,6,136.0,0.22606905259817786,4,63.0,0.36671372003075337,0,0.0,0.9369076277316203,10,199.0
290.0,12,248.0,4.96,6.549118556817343,0,0.0,1.0,7,169.0,0.11197276792803616,5,88.0,0.3655550962465974,0,0.0,0.9560275793223973,12,257.0
295.0,13,313.0,6.804347826086956,5.938977840916114,0,0.0,1.0,8,209.0,0.1466942655069804,5,113.0,0.3432984682505178,0,0.0,0.9378456998100895,13,322.0
300.0,15,385.0,8.191489361702128,5.859971052348043,0,0.0,1.0,8,257.0,0.22838374581941692,7,145.0,0.26198693663601175,0,0.0,0.9260926642091375,15,402.0
305.0,16,465.0,9.893617021276595,5.698666943503992,0,0.0,1.0,8,304.0,0.3014048149165202,8,185.0,0.18852404029501457,0,0.0,0.9828240068822847,16,489.0
310.0,16,545.0,10.9,5.558156402515034,0,0.0,1.0,8,344.0,0.21475457857681093,8,225.0,1.6977240005928828e-05,0,0.0,0.9811350228600298,16,569.0
315.0,19,635.0,12.7,5.023024348097735,0,0.0,1.0,11,394.0,0.115572660842825,8,265.0,8.130527203644239e-06,0,0.0,0.5644505848719881,19,659.0
320.0,20,733.0,14.66,5.026916463289566,0,0.0,1.0,11,449.0,0.07343003127903316,8,305.0,1.2944156766997284e-06,1,3.0,0.5004004000557902,20,757.0
325.0,21,835.0,16.7,4.768298540499311,0,0.0,1.0,12,506.0,0.09372140661341653,8,345.0,0.1070241435380731,1,8.0,0.6419167092938469,21,859.0
330.0,22,944.0,18.88,4.291052702996119,0,0.0,1.0,12,566.0,0.1188530929304236,8,385.0,0.10497201696136103,1,13.0,0.3395418196989835,21,964.0
335.0,26,1070.0,20.980392156862745,4.268842849610808,0,0.0,1.0,13,628.0,0.06786616767288725,8,425.0,0.110665336948388,2,23.0,0.38883208097542754,23,1076.0
340.0,28,1203.0,23.134615384615383,4.093490516750325,0,0.0,1.0,13,693.0,0.1289027495815836,8,465.0,0.10771760054102371,2,33.0,0.48057395047949286,23,1191.0
345.0,22,1127.0,20.87037037037037,4.087872472688631,0,0.0,1.0,8,591.0,0.15897047662627714,8,505.0,0.10558300236802277,1,15.0,0.6422280161457445,17,1111.0
350.0,24,1244.0,22.618181818181817,3.871232934107559,0,0.0,1.0,9,613.0,0.09780706277664962,8,548.0,0.1191042860871776,1,20.0,0.6456691219764714,18,1181.0
355.0,27,1353.0,24.160714285714285,4.049623269892103,0,0.0,1.0,10,660.0,0.08941584297097639,9,601.0,0.29411000915157126,0,0.0,0.7543490294171715,19,1261.0
360.0,27,1456.0,25.103448275862068,4.037388089073858,0,0.0,1.0,10,710.0,0.08841837890009377,9,649.0,0.29945853984087956,1,2.0,0.4654607160535938,20,1361.0
365.0,26,1504.0,24.258064516129032,4.8344394860331885,0,0.0,1.0,10,760.0,0.2173298176502569,11,702.0,0.2872803907491399,1,7.0,0.6361521301349645,22,1469.0
370.0,23,1542.0,25.278688524590162,4.4312520381059235,0,0.0,1.0,11,812.0,0.10542757670006919,11,757.0,0.2856726596320289,1,12.0,0.48349300339012685,23,1581.0
375.0,26,1666.0,27.311475409836067,4.461462736612953,0,0.0,1.0,12,870.0,0.11308602935767713,12,817.0,0.2532704334430595,1,17.0,0.47189049939282113,25,1704.0
380.0,28,1804.0,29.57377049180328,3.9338397638776357,0,0.0,1.0,12,930.0,0.15618206098695817,12,877.0,0.096682241038454,1,22.0,0.38496475145012826,25,1829.0
385.0,28,1438.0,23.193548387096776,3.9776886692827222,0,0.0,1.0,10,723.0,0.15210925392934055,13,958.0,0.06893374622186377,2,29.0,0.43889165901891536,25,1710.0
390.0,26,1122.0,18.096774193548388,4.147557870895731,0,0.0,1.0,4,295.0,0.21465436990486148,16,1029.0,0.009840820053814097,2,39.0,0.4800324664617155,22,1363.0
395.0,14,293.0,4.650793650793651,5.667928312281671,0,0.0,1.0,2,137.0,0.5609096453480666,7,485.0,0.0809240453193718,2,49.0,0.45847072929349963,11,671.0
400.0,4,56.0,0.8615384615384616,6.831292474142403,0,3.0,0.7453929146119297,3,53.0,0.42075233939788453,1,199.0,0.3201933125480846,0,0.0,0.6825068820145255,4,255.0
405.0,6,80.0,1.25,7.263066665841272,0,0.0,0.701263551880276,3,71.0,0.577075043321213,1,36.0,0.6346732656706402,0,0.0,0.8212292384493319,4,107.0
410.0,6,110.0,1.7741935483870968,8.375340411778506,0,0.0,0.8045314501767498,3,115.0,0.699840927063351,1,39.0,0.8059824112340035,0,0.0,0.9943832369672271,4,154.0
415.0,9,144.0,2.2153846153846155,8.425093243738802,0,0.0,1.0,4,149.0,0.6704182179845697,1,44.0,0.8106438456255697,0,0.0,0.9564373520962978,5,193.0
420.0,10,187.0,2.921875,8.035682273862434,0,0.0,1.0,3,164.0,0.6743558679055712,2,47.0,0.6983265150522062,0,0.0,0.9591469266837331,5,211.0
425.0,7,166.0,2.515151515151515,7.762961834460934,0,0.0,1.0,4,160.0,0.6061474947463119,2,57.0,0.6997898930797213,0,0.0,0.9827193449985282,6,217.0
430.0,4,60.0,0.9523809523809523,7.70184137948334,0,0.0,1.0,1,50.0,0.7016132704680409,2,67.0,0.7098752611115676,1,2.0,0.4954450551703218,4,119.0
435.0,5,81.0,1.2857142857142858,7.383256868644279,0,0.0,1.0,1,52.0,0.6709830618219061,2,77.0,0.4289153848988488,1,7.0,0.563641498593996,4,136.0
440.0,13,125.0,2.1186440677966103,6.327732561127029,0,0.0,1.0,1,47.0,0.5865976207045311,7,110.0,0.35518608376664745,1,12.0,0.3204060948457839,9,169.0
445.0,14,120.0,2.0689655172413794,6.283549117354003,0,0.0,1.0,1,52.0,0.7193855598715123,6,76.0,0.44495362035247954,2,22.0,0.3188224001078321,9,150.0
450.0,13,168.0,2.9473684210526314,6.380966438770344,0,0.0,1.0,1,62.0,0.5400512434750157,6,67.0,0.4388446649277735,2,32.0,0.32972072224695126,9,161.0
455.0,12,196.0,3.3793103448275863,6.8950417480863635,0,0.0,0.9064287896277319,1,67.0,0.7144362011482248,6,97.0,0.43771641983999016,0,0.0,0.6560524336433464,7,164.0
460.0,12,249.0,4.69811320754717,6.650814232573547,0,0.0,1.0,1,72.0,0.31961475710870074,6,133.0,0.497920877352259,0,0.0,0.7997436354109407,7,205.0
465.0,7,126.0,2.52,6.351071281081014,0,0.0,1.0,2,93.0,0.48798161120174344,5,136.0,0.3067396132484648,0,0.0,0.9596246597051258,7,229.0
470.0,6,54.0,1.0,6.99474261477536,0,3.0,0.8757117239006266,0,25.0,0.7656786248034256,6,110.0,0.19532347610058395,0,0.0,0.9477141685967713,6,138.0
475.0,7,85.0,1.6037735849056605,6.908606610182361,0,0.0,1.0,0,0.0,0.5018884851080703,7,117.0,0.16770943257744547,0,0.0,0.9523328019055771,7,117.0
480.0,13,136.0,2.6666666666666665,6.211065640902246,0,0.0,1.0,1,5.0,0.4691446727694959,11,160.0,0.1882020334707532,1,2.0,0.4252876444866385,13,167.0
485.0,15,188.0,3.6862745098039214,5.121129358446545,0,0.0,1.0,1,10.0,0.45381177438874937,9,176.0,0.17685515543383556,2,11.0,0.3144008504954115,12,197.0
490.0,14,241.0,4.82,5.81992741435818,0,0.0,1.0,0,3.0,0.9120096195437448,8,203.0,0.1722678185420047,2,21.0,0.35489237143874564,10,227.0
495.0,12,277.0,5.431372549019608,5.663516429547318,0,0.0,1.0,0,3.0,0.8701471937455351,9,248.0,0.22567383128258192,2,31.0,0.24226667589330075,11,282.0
500.0,12,290.0,5.686274509803922,6.048943941189646,0,0.0,1.0,2,26.0,0.6483662538391064,10,301.0,0.2628968749264043,0,0.0,0.5104021421477718,12,327.0
505.0,14,352.0,6.6415094339622645,6.017238514357224,0,0.0,1.0,3,37.0,0.5214333003266042,11,355.0,0.20024755396757593,0,0.0,0.986056901695441,14,392.0
510.0,13,400.0,7.407407407407407,5.640460975367738,0,0.0,1.0,0,29.0,0.559985971192075,13,417.0,0.169250972178421,0,0.0,0.9720918861712098,13,446.0
515.0,13,465.0,8.61111111111111,6.185676011163196,0,0.0,1.0,0,0.0,0.9311223064013713,13,483.0,0.16030376381936,0,0.0,0.9679483350646857,13,483.0
520.0,15,537.0,9.944444444444445,6.344352990889225,0,0.0,1.0,0,0.0,0.9657920825973603,15,556.0,0.17709112320185372,0,0.0,0.9963477839139031,15,556.0
525.0,4,77.0,1.4259259259259258,7.050913207897149,0,0.0,1.0,0,0.0,0.9514815963321235,4,243.0,0.25162285888745745,0,0.0,0.964115325819548,4,243.0
530.0,0,0.0,0.0,7.297778217328869,0,6.0,0.6215791585808488,0,9.0,0.6828250954452014,0,81.0,0.4388309789781297,0,0.0,0.9447920476603393,0,96.0
535.0,0,0.0,0.0,7.635322945339791,0,6.0,0.3298647302609708,0,9.0,0.8454559519661536,0,20.0,0.666855239352445,0,0.0,0.9597108272028182,0,35.0
540.0,1,4.0,0.07272727272727272,6.678407876422373,0,0.0,0.1783223940855466,0,9.0,0.9268939978095062,0,0.0,0.9578504191751488,0,0.0,0.95739079961851,0,9.0
545.0,3,17.0,0.2982456140350877,7.612579227740905,0,0.0,0.2542902891802102,0,11.0,0.896961616058518,0,0.0,0.9525008106863382,0,0.0,0.9621463751366873,0,11.0
550.0,3,3.0,0.05454545454545454,7.724346512266664,0,0.0,0.6205789952434342,0,11.0,0.8900830645273317,0,0.0,0.6304774550325593,1,1.0,0.6329393080121625,1,12.0
555.0,5,20.0,0.36363636363636365,8.126726477126612,0,0.0,1.0,1,14.0,0.8157006212595803,2,5.0,0.49473646777808444,0,0.0,0.9820140548740268,3,19.0
560.0,7,49.0,0.875,8.157979011797774,0,0.0,1.0,3,23.0,0.6012906304033077,2,18.0,0.5825651726128673,0,0.0,0.9617661486963117,5,41.0
565.0,13,84.0,1.4482758620689655,6.93163350130382,0,0.0,1.0,7,50.0,0.2165989614514932,3,29.0,0.48838941586751966,0,0.0,0.948693981147728,10,79.0
570.0,10,97.0,1.7962962962962963,6.267096015375035,0,0.0,1.0,8,87.0,0.08320180675561345,1,19.0,0.6102966957000253,0,0.0,0.973842587964394,9,106.0
575.0,12,149.0,2.8653846153846154,6.487818261413593,0,3.0,0.7327189476435745,10,148.0,0.2227390570534039,2,25.0,0.4821676371591104,0,0.0,0.9650399170069981,12,176.0
580.0,15,219.0,4.211538461538462,6.08008996156125,0,0.0,1.0,13,208.0,0.20023217103924837,2,35.0,0.5758237448392765,0,0.0,0.771214621494686,15,243.0
585.0,17,297.0,6.061224489795919,4.994403087722153,0,0.0,1.0,14,275.0,0.14198342068275652,2,45.0,0.4560638909569895,1,1.0,0.481488656823469,17,321.0
590.0,20,389.0,7.480769230769231,4.926357976854427,0,0.0,1.0,15,349.0,0.16235230481002033,4,58.0,0.000588959538328905,1,6.0,0.48835573356875056,20,413.0
595.0,13,240.0,4.528301886792453,4.826194891799923,0,0.0,1.0,6,231.0,0.3075126802504324,4,78.0,0.0,0,0.0,0.8242261765971284,10,309.0
600.0,9,259.0,4.796296296296297,5.837177316742078,0,0.0,1.0,5,192.0,0.33413108543756953,4,104.0,0.2841641787135268,0,0.0,0.9487959923526659,9,296.0
605.0,10,306.0,5.773584905660377,6.610944336622831,0,0.0,1.0,5,198.0,0.16213281717106146,5,132.0,0.48284246203995834,0,0.0,0.9744873463754344,10,330.0
610.0,9,301.0,5.679245283018868,6.555074806388385,0,0.0,1.0,5,223.0,0.154550156690949,4,123.0,0.3711342638371398,0,0.0,0.9144501853980165,9,346.0
615.0,9,346.0,6.407407407407407,7.463304111573954,0,0.0,1.0,5,248.0,0.27135914336438705,4,122.0,0.5175182497122837,0,0.0,0.9386317545365701,9,370.0
620.0,9,391.0,7.2407407407407405,7.542274435911931,0,0.0,1.0,5,273.0,0.2745406683813492,4,139.0,0.5663974610598099,0,0.0,0.9769742439022663,9,412.0
625.0,10,438.0,8.11111111111111,7.168416631085488,0,0.0,1.0,5,298.0,0.2741877172906743,5,161.0,0.5162641561750159,0,0.0,0.9181984167569193,10,459.0
630.0,9,397.0,8.270833333333334,6.110021730512581,0,0.0,1.0,5,323.0,0.269857281272106,1,88.0,0.4089962380373843,0,0.0,0.9796425666808197,6,411.0
635.0,11,449.0,9.354166666666666,6.357508956005764,0,0.0,1.0,5,355.0,0.44665979526472055,1,84.0,0.5815002425001956,0,0.0,0.9589444823117895,6,439.0
640.0,12,505.0,10.1,6.61846687436795,1,4.0,0.33850894990607416,5,380.0,0.46954048652943586,1,89.0,0.7063294912493214,0,0.0,0.9363196408971918,7,473.0
645.0,12,551.0,10.803921568627452,6.424563657029701,2,13.0,0.01656249696160042,5,405.0,0.48349562962227244,1,94.0,0.642300028203639,0,0.0,0.9919869597087257,8,512.0
650.0,10,591.0,11.150943396226415,6.570806804538286,0,0.0,0.021273538473957805,5,430.0,0.4415883644055445,1,99.0,0.6441014336351131,0,0.0,0.9720245588904876,6,529.0
655.0,12,646.0,12.18867924528302,6.047016663619918,0,0.0,1.0,6,459.0,0.4390452583720418,1,104.0,0.49000758223605645,1,1.0,0.4868633530990685,8,564.0
660.0,10,591.0,10.944444444444445,6.501965704241466,0,0.0,1.0,6,485.0,0.4251673973072156,2,113.0,0.47792969342116637,1,6.0,0.49615670300012216,9,604.0
665.0,9,634.0,12.192307692307692,7.357728232075744,0,0.0,1.0,6,512.0,0.2674168492619109,2,123.0,0.4677041490544368,1,11.0,0.47572441685368283,9,646.0
670.0,8,665.0,12.090909090909092,7.713928486483056,0,0.0,1.0,6,542.0,0.38310034740657295,1,149.0,0.713107673805945,1,16.0,0.2776582012146899,8,707.0
675.0,8,685.0,12.232142857142858,7.627429881220816,0,3.0,0.857665979923595,6,572.0,0.24942915597943943,2,155.0,0.32490686086582465,0,0.0,0.6201363117146693,8,730.0
680.0,12,735.0,13.61111111111111,6.99425280224243,1,4.0,0.015142715612403861,9,611.0,0.09926147042510344,2,170.0,0.40541537834330643,0,0.0,0.959790549379506,12,785.0
685.0,13,800.0,14.814814814814815,7.279534311404514,2,14.0,0.12243485769825058,9,656.0,0.2871690003220907,2,175.0,0.292911179763222,0,0.0,0.9701451939786906,13,845.0
690.0,11,432.0,8.150943396226415,6.609129121055704,2,24.0,0.011449477764992366,6,434.0,0.3052304224072376,3,189.0,0.361313758022732,0,0.0,0.9639915523776615,11,647.0
695.0,11,252.0,4.666666666666667,7.428981925164537,3,35.0,0.0019564193048145434,3,152.0,0.5734562118560133,4,205.0,0.00041878434977351127,0,0.0,0.9658511542513273,10,392.0
700.0,13,312.0,6.0,6.736515278249968,3,50.0,0.0010736722306860346,3,57.0,0.5458884438198681,4,228.0,0.3458707495405322,0,0.0,0.9974275404974697,10,335.0
705.0,12,353.0,6.537037037037037,6.46194299818513,3,65.0,0.0001375888428717226,3,72.0,0.43333373074144543,6,252.0,0.3128239320737546,0,0.0,0.9821810481987847,12,389.0
710.0,11,404.0,7.622641509433962,6.658995267189301,3,80.0,1.1454904519016569e-05,4,96.0,0.39074700006840224,4,273.0,0.5313855803992119,0,0.0,0.9709968941980465,11,449.0
715.0,13,465.0,8.773584905660377,6.824974799801616,3,95.0,3.426532928273972e-06,5,122.0,0.3549132016884563,5,291.0,0.4176285136260331,0,0.0,0.9749337329229779,13,508.0
720.0,15,532.0,9.851851851851851,6.773743713742989,3,110.0,0.0,6,144.0,0.32009127807813864,5,316.0,0.4572299649304927,0,0.0,0.9307246106405629,14,570.0
725.0,16,611.0,11.314814814814815,6.183861540691452,3,125.0,0.02611391471169366,6,174.0,0.3504537497391298,5,338.0,0.39591941253880264,0,0.0,0.9509514853147597,14,637.0
730.0,19,699.0,12.709090909090909,5.476540495761943,3,140.0,0.07982134916971481,6,204.0,0.3037388545441181,6,368.0,0.40506568350877475,2,3.0,0.32216855074872836,17,715.0
735.0,20,795.0,15.288461538461538,5.27840584681157,3,155.0,0.0,7,235.0,0.3002850097972229,6,398.0,0.2702413589900413,2,13.0,0.3243196854876463,18,801.0
740.0,18,855.0,15.545454545454545,5.504695073786718,3,170.0,0.0,7,270.0,0.3548914461210429,6,428.0,0.12957695312780967,2,23.0,0.29760824804427155,18,891.0
745.0,18,945.0,17.830188679245282,5.467129344008946,3,185.0,0.0,7,302.0,0.18432839403820364,6,458.0,0.13713328014999018,2,33.0,0.4001788041178411,18,978.0
750.0,19,1039.0,19.24074074074074,5.050684645655104,3,200.0,0.0,8,341.0,0.1623234915315339,6,488.0,0.11386820466812761,2,43.0,0.462972304006537,19,1072.0
755.0,23,1142.0,22.392156862745097,3.881399739281694,3,215.0,0.0,10,386.0,0.08364227951648627,7,536.0,0.008634723240023052,3,55.0,0.4718463205846495,23,1192.0
760.0,22,1039.0,19.60377358490566,4.101828425797976,0,65.0,0.012074187151687005,11,440.0,0.07266122997191839,8,576.0,1.9877951000148415e-05,3,70.0,0.5454358328405735,22,1151.0
765.0,24,1152.0,21.333333333333332,4.368849845355697,0,65.0,0.2680248648399828,11,495.0,0.05769600418838599,8,616.0,0.0,4,86.0,0.40512699371219746,23,1262.0
770.0,22,1173.0,22.557692307692307,4.676355894596619,0,0.0,1.0,11,550.0,0.07778600619914423,8,656.0,0.06333910428425465,1,22.0,0.4999378993373128,20,1228.0
775.0,9,346.0,6.178571428571429,5.570370194103622,0,0.0,1.0,1,159.0,0.21183874061061359,6,477.0,0.11489162314840502,0,6.0,0.6520391642363648,7,642.0
780.0,5,62.0,1.1071428571428572,6.79488912130832,0,3.0,0.927892823551361,0,4.0,0.5614170004464778,3,277.0,0.2551513250166366,0,0.0,0.95913517714475,3,284.0
785.0,8,76.0,1.3333333333333333,7.863323511594086,0,3.0,0.015119258737118875,0,0.0,0.6814975210240147,5,179.0,0.43481051112918967,0,0.0,0.9455107201150311,5,182.0
790.0,12,129.0,2.3454545454545452,8.03956421240122,1,8.0,0.0,1,2.0,0.6535205035979241,7,98.0,0.5199405920384647,0,0.0,0.9930859133215135,9,108.0
795.0,6,72.0,1.309090909090909,7.717808504743876,1,13.0,0.16961917519340752,0,0.0,0.9406241696703536,1,35.0,0.7368403402056375,0,0.0,0.8886293277340995,2,48.0
800.0,6,61.0,1.1296296296296295,7.852595227737917,0,0.0,1.0,1,9.0,0.5414605368761889,0,12.0,0.8048016117765492,1,1.0,0.47885740824552053,2,22.0
805.0,7,88.0,1.7254901960784315,8.404083641750661,0,0.0,1.0,1,17.0,0.7711282430509472,1,7.0,0.8476643892557724,1,6.0,0.4700893979316701,3,30.0
810.0,10,128.0,2.56,8.32420336482918,0,0.0,0.9668004222432672,1,22.0,0.787808564392458,1,12.0,0.7155392720318071,1,5.0,0.6130674700082289,3,39.0
815.0,5,50.0,0.9615384615384616,7.689071289185184,0,0.0,1.0,1,27.0,0.6263233032859915,0,7.0,0.6241987086657957,0,0.0,0.9197346456587837,1,34.0
820.0,8,80.0,1.509433962264151,7.727775192654477,0,0.0,1.0,2,36.0,0.6193371453937094,2,14.0,0.30517044547261996,0,0.0,0.967150675461222,4,50.0
825.0,11,128.0,2.6122448979591835,7.234836198376868,0,0.0,1.0,2,46.0,0.6235471224567127,5,32.0,0.12220186045606488,0,0.0,0.9335547183168648,7,78.0
830.0,14,190.0,3.7254901960784315,7.1589526485159825,0,0.0,1.0,2,56.0,0.6505586603225937,7,63.0,0.11198777810455574,0,0.0,0.9305757774705586,9,119.0
835.0,12,178.0,3.63265306122449,5.580410530998365,0,0.0,1.0,5,73.0,0.2927646900943196,1,19.0,0.2734540092708605,0,0.0,0.956547148067694,6,92.0
840.0,7,143.0,3.0425531914893615,6.198275197581899,0,3.0,0.6092082038119792,1,4.0,0.4461788596807266,0,2.0,0.7371606558516025,0,0.0,0.9740371076533723,1,9.0
845.0,7,178.0,3.869565217391304,6.644764066743323,0,0.0,0.835223087934942,1,12.0,0.73865824601888,0,0.0,0.7374686273683267,0,0.0,0.9800509890823168,1,12.0
850.0,9,189.0,3.857142857142857,7.1833924645158795,0,0.0,1.0,1,17.0,0.8005380076122249,1,9.0,0.5094770500634781,0,0.0,0.970077676843687,2,26.0
855.0,10,238.0,4.857142857142857,7.064905766310835,0,0.0,1.0,1,22.0,0.796300609256385,2,18.0,0.5739924228961988,0,0.0,0.4909135697784487,3,40.0
860.0,6,80.0,1.6666666666666667,7.63211332347458,0,0.0,1.0,0,6.0,0.9604692673071066,2,28.0,0.6374862072963848,1,5.0,0.4844773378040227,3,39.0
865.0,4,34.0,0.6666666666666666,7.641197971180318,0,0.0,1.0,2,5.0,0.6473866191403455,2,38.0,0.6410414446789456,0,0.0,0.9542885168029345,4,43.0
870.0,6,58.0,1.2083333333333333,6.996602640319217,0,0.0,1.0,4,19.0,0.16025387868450938,2,48.0,0.6032439889302055,0,0.0,0.9958724387993395,6,67.0
875.0,7,93.0,2.066666666666667,7.019881916059807,0,0.0,1.0,5,44.0,0.1574456642815672,2,55.0,0.5691126566976742,0,0.0,0.9790118111820519,7,99.0
880.0,3,78.0,1.9024390243902438,7.645546647912254,0,0.0,0.5156809136428576,1,16.0,0.6701124915826768,2,92.0,0.4716204642453935,0,0.0,0.9890520464075914,3,108.0
885.0,6,100.0,2.3255813953488373,6.9262100183119095,1,4.0,0.04348407747433137,1,21.0,0.781370865689482,2,102.0,0.4806996099127167,0,0.0,0.9601201634870142,4,127.0
890.0,12,156.0,3.466666666666667,6.892156751498943,3,19.0,0.18568414606954867,1,26.0,0.6478601763185201,3,120.0,0.5819358428686674,1,1.0,0.4883074439625529,8,166.0
895.0,9,177.0,3.933333333333333,6.824119648259512,3,34.0,0.009810087724568867,2,35.0,0.6308196262635261,3,135.0,0.5494521316433452,1,6.0,0.3522940775395893,9,210.0
900.0,6,77.0,1.673913043478261,6.195342303062128,0,0.0,0.02437020458161266,2,45.0,0.5903797137879218,3,102.0,0.31457406554228456,1,11.0,0.5803354087000546,6,158.0
905.0,6,98.0,2.0,7.363546688652042,0,0.0,1.0,2,55.0,0.5728805259067606,3,63.0,0.36114500993990617,1,16.0,0.5853751095269573,6,134.0
910.0,7,129.0,2.8666666666666667,7.633179108975902,0,0.0,1.0,2,67.0,0.482099927081619,3,75.0,0.48004462497557787,2,22.0,0.4758978390198563,7,164.0
915.0,5,132.0,2.8085106382978724,7.907203616787994,0,0.0,1.0,2,77.0,0.6384523549004578,3,99.0,0.3463942400333323,0,0.0,0.9488002603619369,5,176.0
920.0,5,131.0,2.7291666666666665,8.066047320358917,0,0.0,1.0,1,56.0,0.6995524879059944,4,120.0,0.3762817443227219,0,0.0,0.9467969102010846,5,176.0
925.0,6,157.0,3.204081632653061,8.291477131742099,0,0.0,0.6931612833307431,2,62.0,0.6879245028649743,4,134.0,0.1960772341741795,0,0.0,0.9923089822509873,6,196.0
930.0,6,187.0,3.978723404255319,8.520443662823704,0,0.0,1.0,2,72.0,0.6847062696041907,4,157.0,0.3260449223532846,0,0.0,0.9731928046997762,6,229.0
935.0,6,217.0,4.717391304347826,7.937386699244902,0,0.0,1.0,2,82.0,0.6802601603106468,4,177.0,0.3475857163905768,0,0.0,0.9495555270527096,6,259.0
940.0,7,174.0,3.782608695652174,7.406967892606689,0,0.0,1.0,1,16.0,0.8185891034779259,4,197.0,0.4001436223264076,0,0.0,0.9788417956667442,5,213.0
945.0,11,208.0,4.521739130434782,6.6410213982092605,0,0.0,1.0,2,22.0,0.6344040295488966,5,222.0,0.33950423255229956,1,1.0,0.5026204702083056,8,245.0
950.0,12,265.0,6.162790697674419,5.992328425420299,0,0.0,1.0,3,34.0,0.5031138364948663,5,247.0,0.3523002304601299,1,6.0,0.46611513262494264,9,287.0
955.0,15,313.0,7.27906976744186,5.008583681047372,0,0.0,1.0,6,52.0,0.16483736452620235,5,269.0,0.34759447290616735,1,11.0,0.4912943666296501,12,332.0
960.0,5,242.0,5.902439024390244,5.856274307884938,0,0.0,1.0,1,7.0,0.5783755396633086,4,277.0,0.30500473182908944,0,0.0,0.8957342748678757,5,284.0
965.0,5,267.0,6.675,6.512120911424896,0,3.0,0.6818842959650465,1,12.0,0.43726604643914146,4,300.0,0.32818465751573006,0,0.0,0.9512757591595481,5,315.0
970.0,7,298.0,7.45,7.725797647200014,0,0.0,1.0,3,23.0,0.5330311081765724,4,323.0,0.4686212491182302,0,0.0,0.9947365127169681,7,346.0
975.0,7,333.0,8.325,7.96005081893089,0,0.0,0.936785287274186,3,38.0,0.5595174069330221,4,340.0,0.4087186574830119,0,0.0,0.9801242627292805,7,378.0
980.0,9,371.0,8.833333333333334,7.586522954192291,1,1.0,0.005254295447605076,4,55.0,0.44674511618038903,4,360.0,0.5282376164781414,0,0.0,0.9746710411626163,9,416.0
985.0,10,420.0,10.24390243902439,6.8953327737043715,1,6.0,0.0,5,79.0,0.47098846029735886,4,380.0,0.4877965138166912,0,0.0,0.9980072664245596,10,465.0
990.0,11,475.0,11.585365853658537,6.292910309121357,1,11.0,0.0,5,104.0,0.3925799819154963,5,402.0,0.2937962999356683,0,0.0,0.9620518000171056,11,517.0
995.0,17,548.0,12.744186046511627,5.231308935158541,1,16.0,0.0,9,139.0,0.2706439941129663,7,435.0,0.21991664324950125,0,0.0,0.9744700519815259,17,590.0
1000.0,20,411.0,9.785714285714286,3.6543593892376203,0,0.0,1.0,12,240.0,0.12699707026839177,7,329.0,0.04398142023539092,0,0.0,0.9807152786435693,19,569.0
1005.0,17,297.0,6.906976744186046,4.441599098093031,0,0.0,1.0,13,254.0,0.10812924378571478,4,156.0,0.10889426494481658,0,0.0,0.9567703705317723,17,410.0
1010.0,20,391.0,8.5,5.041138179413437,0,0.0,1.0,14,321.0,0.08531668773239758,6,73.0,0.0010609112412505344,0,0.0,0.9471009597116957,20,394.0
1015.0,22,494.0,10.51063829787234,5.132896716021534,0,0.0,1.0,15,393.0,0.12630202991608894,6,103.0,0.00024034345179215071,1,1.0,0.64494223591479,22,497.0
1020.0,17,484.0,9.877551020408163,5.536699968260901,0,0.0,1.0,10,348.0,0.20187368648556672,6,133.0,7.637462455984155e-05,1,5.0,0.6347206305569005,17,486.0
1025.0,16,558.0,11.625,5.8154030007893525,0,0.0,1.0,10,398.0,0.27793936977438144,6,163.0,1.7697981822633815e-05,0,0.0,0.9486226528455135,16,561.0
1030.0,17,639.0,12.78,5.866128404342004,0,0.0,1.0,11,449.0,0.25490669741067207,6,205.0,0.3119844894302058,0,0.0,0.9452916026163589,17,654.0
1035.0,19,731.0,14.918367346938776,5.918554754619024,0,0.0,1.0,11,504.0,0.28506910193516877,8,242.0,0.3308177598814112,0,0.0,0.9425973326313251,19,746.0
1040.0,15,545.0,11.122448979591837,5.977352556432072,0,0.0,1.0,7,396.0,0.34932351094916125,8,282.0,0.30598216792839944,0,0.0,0.9559398634089469,15,678.0
1045.0,9,309.0,6.18,6.545944841784437,0,0.0,1.0,1,184.0,0.42407987840600464,8,322.0,0.29661427322090683,0,0.0,0.9558680379033211,9,506.0
1050.0,11,363.0,7.26,7.654601334033078,0,0.0,1.0,2,14.0,0.5160838623821263,9,369.0,0.35689328646149326,0,0.0,0.9364949628644327,11,383.0
1055.0,14,423.0,8.294117647058824,6.68713264832018,0,0.0,1.0,4,26.0,0.1976913607290295,10,415.0,0.23729081203847463,0,0.0,0.7643870156052291,14,441.0
1060.0,15,496.0,9.538461538461538,6.4107944226771725,0,0.0,1.0,4,46.0,0.18655571749623567,10,465.0,0.19153707419930538,1,3.0,0.6328930848691411,15,514.0
1065.0,19,582.0,10.981132075471699,5.508334430842203,0,0.0,1.0,5,68.0,0.04180768030252042,13,524.0,0.17546496490561483,1,8.0,0.49460008275245976,19,600.0
1070.0,20,681.0,13.62,4.973830896033474,0,0.0,1.0,5,93.0,0.12763075793624873,13,589.0,0.15016948105836123,2,17.0,0.3557421724773998,20,699.0
1075.0,25,795.0,16.224489795918366,3.932877223874156,0,0.0,1.0,5,118.0,0.15865051402056674,16,663.0,0.05103851824564907,3,30.0,0.23979188778711555,24,811.0
1080.0,25,920.0,18.775510204081634,3.882066521775764,0,0.0,1.0,5,143.0,0.1645051950819819,16,743.0,0.003333079441640323,3,45.0,0.3802284033863283,24,931.0
1085.0,24,1023.0,19.673076923076923,4.199923108592021,0,0.0,1.0,5,168.0,0.3214599924227545,17,826.0,4.032700019314022e-05,2,47.0,0.3286609426440027,24,1041.0
1090.0,12,380.0,7.169811320754717,4.517445842478691,0,0.0,1.0,5,193.0,0.3397050735767107,5,423.0,0.037140024371125444,2,57.0,0.4407762045479381,12,673.0
1095.0,5,218.0,4.113207547169812,5.7692138483798,0,6.0,0.5741990876432338,5,221.0,0.29499937401344617,0,123.0,0.22114437539113754,0,27.0,0.6829217487145586,5,377.0
1100.0,7,245.0,4.711538461538462,6.778695106360719,0,9.0,0.2661099959111078,6,253.0,0.4634070938338116,0,0.0,0.7288431516777671,0,0.0,0.9431571880109666,6,262.0
1105.0,6,274.0,5.269230769230769,6.771805443473275,0,0.0,0.10553250458181385,6,283.0,0.5147293346832442,0,0.0,0.9686928898227415,0,0.0,0.9747889932574567,6,283.0
1110.0,7,305.0,5.754716981132075,7.295435108684427,0,0.0,0.25023407970891065,6,313.0,0.519028499131544,0,0.0,0.9279813171964847,0,0.0,0.9786830317177547,6,313.0
1115.0,8,345.0,6.509433962264151,7.679686533058526,0,0.0,1.0,7,348.0,0.5569678594299765,0,0.0,0.8868852302154638,0,0.0,0.9700824205639165,7,348.0
1120.0,7,374.0,6.925925925925926,7.975260823312733,0,0.0,1.0,7,383.0,0.5709538389851904,0,0.0,0.9414549723049144,0,0.0,0.9288827840508627,7,383.0
1125.0,9,411.0,7.611111111111111,7.20890901936687,0,0.0,1.0,9,417.0,0.36350841185547145,0,0.0,0.6080148543166229,0,0.0,0.9357069848624096,9,417.0
1130.0,12,466.0,8.62962962962963,6.353170629119279,0,0.0,1.0,11,469.0,0.1808867251957873,1,3.0,0.5344208683179384,0,0.0,0.9591979368366244,12,472.0
1135.0,16,536.0,10.307692307692308,5.042206204515422,0,0.0,0.8890780777212705,13,528.0,0.14162928598791863,3,14.0,0.3972470045194676,0,0.0,0.9398328320467626,16,542.0
1140.0,5,202.0,4.04,5.467309698796046,0,0.0,0.01754996772659405,5,275.0,0.24703842602586856,0,5.0,0.5004384712697704,0,0.0,0.9728969434494683,5,280.0
1145.0,5,222.0,4.44,7.3605767083569695,1,5.0,0.0,4,226.0,0.38585145308102614,0,0.0,0.8386914402240349,0,0.0,0.9801660199907477,5,231.0
1150.0,7,249.0,4.882352941176471,7.636704203772431,1,10.0,0.0,5,241.0,0.3280497512009395,0,9.0,0.7322924776273203,1,1.0,0.4770946225246125,7,261.0
1155.0,8,278.0,5.245283018867925,8.168054022382222,0,0.0,1.0,6,270.0,0.3808956947601554,1,14.0,0.8369165374784349,1,6.0,0.401247682688572,8,290.0
1160.0,7,284.0,5.3584905660377355,7.983540047355133,0,0.0,1.0,4,279.0,0.4374840943998097,1,11.0,0.8129428082140795,2,14.0,0.3909962540614109,7,304.0
1165.0,8,322.0,5.962962962962963,8.188303087247357,0,3.0,0.9823032987185368,5,294.0,0.37686041307565216,1,13.0,0.8348860582094295,2,24.0,0.4662167139308362,8,334.0
1170.0,6,328.0,6.833333333333333,7.926838896394886,0,0.0,1.0,5,319.0,0.28223134868403804,1,21.0,0.8135503373453119,0,0.0,0.9760230414830936,6,340.0
1175.0,11,373.0,7.9361702127659575,6.937803724089957,0,0.0,1.0,7,351.0,0.2629104929192365,2,37.0,0.7003689415853828,0,0.0,0.9534322935953888,9,388.0
1180.0,8,388.0,8.818181818181818,6.558863077244237,0,0.0,1.0,8,388.0,0.16943846402617777,0,6.0,0.8230350098151137,0,0.0,0.9806080762764601,8,394.0
1185.0,8,428.0,9.953488372093023,7.738984924910502,0,3.0,0.46510402394622996,8,428.0,0.2828686681630637,0,3.0,0.9199169427917284,0,0.0,0.9860220479267277,8,434.0
1190.0,8,468.0,9.957446808510639,8.266672828407431,0,0.0,0.959050449700257,8,468.0,0.30061853378827624,0,3.0,0.9395066189493916,0,0.0,0.9728224052199304,8,471.0
1195.0,10,511.0,10.645833333333334,7.90072631144168,1,2.0,0.4603822270443398,8,508.0,0.3093616980266919,0,3.0,0.952126512903877,1,1.0,0.5878193100567429,10,514.0
1200.0,8,185.0,3.9361702127659575,7.319093957843611,2,8.0,0.003422563720577073,5,246.0,0.3661430678173863,0,3.0,0.10766689792481657,1,6.0,0.6230744052407821,8,263.0
1205.0,9,178.0,3.869565217391304,7.000727803806826,2,18.0,0.0,4,191.0,0.42540934065678854,1,11.0,0.4684185319788188,1,11.0,0.6214900374103665,8,231.0
1210.0,11,232.0,4.833333333333333,7.007395529687667,2,28.0,0.0,5,164.0,0.34836077805041304,1,16.0,0.6638530790004661,1,16.0,0.6883379607832506,9,224.0
1215.0,8,228.0,5.066666666666666,5.833130744776754,0,0.0,1.0,5,189.0,0.19275049101048397,1,21.0,0.7102591517013189,0,0.0,0.4996399052885161,6,210.0
1220.0,13,284.0,6.311111111111111,6.3598123699803635,0,0.0,1.0,8,224.0,0.11302936331825315,1,29.0,0.7478321560300722,0,0.0,0.9553098257991185,9,253.0
1225.0,16,356.0,7.416666666666667,5.0127387486384265,0,0.0,1.0,8,264.0,0.12557979643891828,3,37.0,0.43426770784409363,0,0.0,0.9719650195643925,11,301.0
1230.0,19,447.0,9.3125,4.718074098662698,0,0.0,1.0,9,306.0,0.09901929609521289,5,58.0,0.33111435705776643,0,0.0,0.9653460170998446,14,364.0
1235.0,18,464.0,9.46938775510204,4.282132393287448,0,0.0,1.0,9,351.0,0.09063862044227297,7,89.0,0.08547615238616839,0,0.0,0.9987269751135562,16,440.0
1240.0,12,421.0,8.42,5.035694068000935,0,0.0,1.0,10,398.0,0.08937464882772563,2,40.0,0.035656603832284896,0,0.0,0.9885247607352035,12,438.0
1245.0,2,33.0,0.66,6.285653518287494,0,6.0,0.6697712017958666,0,93.0,0.31360521656163093,2,33.0,0.0,0,0.0,0.9121266749819998,2,132.0
1250.0,5,48.0,0.96,7.373209603085554,2,9.0,0.0014443902220104602,0,8.0,0.735101838147816,2,43.0,0.0,1,2.0,0.4988793155036181,5,62.0
1255.0,5,62.0,1.24,7.969427616354193,0,0.0,1.0,0,11.0,0.8847728479808868,2,77.0,0.5285064577127035,1,7.0,0.6216265520234258,3,95.0
1260.0,5,81.0,1.62,8.052309174878339,0,0.0,1.0,0,11.0,0.9613096034094651,3,91.0,0.557310130568763,1,12.0,0.7125776258623815,4,114.0
1265.0,4,62.0,1.1923076923076923,8.547287814331035,0,0.0,1.0,0,11.0,0.9266309838320741,2,64.0,0.6440501466972464,1,17.0,0.751447695526523,3,92.0
1270.0,4,73.0,1.4038461538461537,8.90910712300931,0,0.0,1.0,0,8.0,0.8499613576775542,1,41.0,0.8108616909311266,2,23.0,0.5731938033352516,3,72.0
1275.0,6,68.0,1.446808510638298,7.7388762605399535,0,0.0,0.8807136940348255,4,16.0,0.4512627889591594,1,46.0,0.8331959316542786,0,0.0,0.6354756661278024,5,62.0
1280.0,7,76.0,1.5510204081632653,7.460697888075423,1,1.0,0.003453304323478722,4,35.0,0.45720375824024795,2,58.0,0.6447299977765595,0,0.0,0.9420482127755033,7,94.0
1285.0,10,66.0,1.434782608695652,5.5807026588767545,1,6.0,0.0,4,55.0,0.21894639993450518,5,23.0,0.4289856170239632,0,0.0,0.9537221535911604,10,84.0
1290.0,16,139.0,3.0217391304347827,4.990717782916636,1,11.0,0.0,6,83.0,0.14285080706988487,8,59.0,0.27403982163656865,0,0.0,0.9820670013121662,15,153.0
1295.0,17,223.0,4.74468085106383,5.295216139825178,1,16.0,0.0,6,113.0,0.14113244701375,9,103.0,0.26114914423821767,0,0.0,0.9282213609016075,16,232.0
1300.0,21,317.0,6.215686274509804,5.07856302734872,1,21.0,0.0,7,170.0,0.1534085044419684,11,153.0,0.22633123282092,0,0.0,0.957517820932353,19,344.0
1305.0,21,405.0,7.788461538461538,5.169901257271348,1,26.0,0.0,7,205.0,0.2549158239670008,12,210.0,0.1899346202313976,0,0.0,0.9805732057765985,20,441.0
1310.0,22,501.0,9.452830188679245,5.03514478047844,1,31.0,0.0,7,214.0,0.11569719312046563,13,271.0,0.09762349202777675,0,0.0,0.7363906547265933,21,516.0
1315.0,23,578.0,10.50909090909091,4.85765453759096,0,0.0,1.0,8,249.0,0.15007523900239356,14,339.0,0.07952342983037812,0,0.0,0.6756355274129214,22,588.0
1320.0,24,696.0,12.428571428571429,5.192758699685878,0,0.0,1.0,7,284.0,0.22823582890254748,15,415.0,0.08257719740447378,1,5.0,0.6851414225293906,23,704.0
1325.0,14,439.0,7.701754385964913,5.364475948121957,0,0.0,1.0,7,319.0,0.22732530541886603,5,229.0,0.26204090006797576,1,10.0,0.6517519000556972,13,558.0
1330.0,10,371.0,6.625,6.5330308060711335,0,9.0,0.5774184452066226,8,364.0,0.2859197815492725,1,105.0,0.4974386853500164,0,0.0,0.9942038825333948,9,478.0
1335.0,10,421.0,7.385964912280702,7.473236511717558,0,0.0,0.8724405369441572,8,404.0,0.4123055570240664,1,21.0,0.6204496506388189,0,0.0,0.9647622857320988,9,425.0
1340.0,16,490.0,8.75,6.600898060372812,1,3.0,0.23424376164854646,8,444.0,0.43985319230836484,2,14.0,0.3973424818847301,0,0.0,0.5076710697020972,11,461.0
1345.0,18,570.0,10.178571428571429,5.983789565578664,2,12.0,5.708092483065652e-05,8,488.0,0.4239110033785329,3,29.0,0.4616255264905112,1,5.0,0.4995009289040336,14,534.0
1350.0,12,93.0,1.6607142857142858,5.861666638445249,2,22.0,0.0,2,103.0,0.6042930705376499,4,46.0,0.3210277188464336,1,5.0,0.4916939023237118,9,176.0
1355.0,7,104.0,1.793103448275862,7.047392385714767,2,32.0,0.0,1,25.0,0.7484346557585707,4,66.0,0.31376025682741715,0,0.0,0.9743700724854296,7,123.0
1360.0,6,100.0,1.7857142857142858,6.981488662006429,0,0.0,1.0,2,21.0,0.4433764161848662,4,98.0,0.4449188889712005,0,0.0,0.9268825419403535,6,119.0
1365.0,7,86.0,1.5087719298245614,7.286866186655465,0,0.0,1.0,3,36.0,0.3269418788067076,4,69.0,0.553623804001531,0,0.0,0.939155351942413,7,105.0
1370.0,5,78.0,1.3448275862068966,8.246501336104336,0,0.0,1.0,1,20.0,0.5189708007366318,4,86.0,0.5853776885977636,0,0.0,0.9436170728817465,5,106.0
1375.0,7,105.0,1.7796610169491525,8.214129748757076,0,0.0,1.0,1,9.0,0.5570261202328994,5,98.0,0.5284235280361879,1,1.0,0.6120386936924035,7,108.0
1380.0,9,146.0,2.7037037037037037,7.695049888613777,0,0.0,1.0,2,16.0,0.575571164583734,5,126.0,0.5363264706078806,1,6.0,0.6224440615402794,8,148.0
1385.0,11,196.0,3.69811320754717,7.0053609471351805,0,0.0,1.0,2,26.0,0.48325704445449513,5,151.0,0.4508708540815292,1,11.0,0.44856209642863415,8,188.0
1390.0,14,261.0,4.9245283018867925,5.626073658522513,0,0.0,1.0,2,36.0,0.31844130402213716,6,181.0,0.1710356287184373,2,18.0,0.29147124322402723,10,235.0
1395.0,17,338.0,6.377358490566038,4.836163889077619,0,0.0,1.0,3,50.0,0.24998786876577453,6,211.0,0.1245562350545695,3,30.0,0.18087111308548307,12,291.0
1400.0,19,392.0,7.2592592592592595,4.3935679585795775,0,0.0,1.0,3,65.0,0.24014690278999581,10,253.0,0.14041570102182804,0,11.0,0.5248858456274268,13,329.0
1405.0,25,494.0,8.666666666666666,4.220386119901976,0,0.0,1.0,4,83.0,0.3160080086178355,12,315.0,0.20897955942871443,0,0.0,0.9229695065378971,16,398.0
1410.0,22,567.0,9.775862068965518,4.663628831009449,0,0.0,1.0,4,107.0,0.37590181880460083,14,382.0,0.15425634606615332,0,0.0,0.9422148483901576,18,489.0
1415.0,20,560.0,9.333333333333334,5.199913402093009,0,0.0,1.0,4,124.0,0.2941048373107247,16,454.0,0.05961369899880955,0,0.0,0.9617734572341734,20,578.0
1420.0,23,674.0,11.049180327868852,4.837797114986724,0,0.0,1.0,4,137.0,0.19415189192401625,18,543.0,0.010569382838965214,0,0.0,0.953857107548058,22,680.0
1425.0,26,799.0,13.316666666666666,4.463192025302525,0,0.0,1.0,4,157.0,0.1858217206811695,20,642.0,0.04309863704640118,0,0.0,0.6910884975663963,24,799.0
1430.0,30,941.0,15.426229508196721,4.052656650952908,0,0.0,1.0,4,177.0,0.123791075698298,20,767.0,0.08580775363963417,1,3.0,0.632847104169438,25,947.0
1435.0,31,1095.0,18.879310344827587,3.709113840992175,0,0.0,0.914208960982025,4,209.0,0.2492747532238729,20,867.0,0.04170531328515109,1,8.0,0.7028254349804366,25,1084.0
1440.0,34,1262.0,20.688524590163933,4.002053726288683,0,0.0,0.954252105762735,5,231.0,0.28114516606512563,21,972.0,0.04133322645503567,1,13.0,0.7384536309489896,27,1216.0
1445.0,33,1406.0,22.677419354838708,3.4057758398015925,1,2.0,0.00616654254883267,5,244.0,0.16065058218574776,20,1042.0,0.03206107307729974,0,0.0,0.6253920358825196,26,1288.0
1450.0,35,1521.0,23.765625,2.8896622581303584,1,10.0,0.4611310751237547,5,269.0,0.11250913456757676,21,1148.0,0.014294753192894982,2,5.0,0.47381360258561145,29,1432.0
1455.0,32,1564.0,25.225806451612904,2.656253128668499,1,12.0,0.0,5,294.0,0.24349451153611615,21,1253.0,0.007449801807752275,0,4.0,0.4703083165097233,27,1563.0
1460.0,30,1690.0,26.825396825396826,2.9915866019901824,1,17.0,0.0,6,345.0,0.32065253064337385,21,1360.0,0.04559514045906188,2,11.0,0.4669054854333129,30,1733.0
1465.0,19,1085.0,16.692307692307693,3.9435800571155832,0,0.0,1.0,6,375.0,0.2371613423206586,11,988.0,0.11221951107182804,2,21.0,0.45886275877330024,19,1384.0
1470.0,11,759.0,11.859375,5.167177428091011,0,3.0,0.5593906149776666,7,416.0,0.2576387646618167,4,746.0,0.2065470542100449,0,10.0,0.6716280815056517,11,1175.0
1475.0,14,815.0,12.734375,5.9361890167535485,1,4.0,0.5151301545769754,7,445.0,0.39960159964049974,5,444.0,0.13361442324305672,1,15.0,0.6313943605490333,14,908.0
1480.0,18,896.0,13.373134328358208,6.06090423606077,3,14.0,0.050898129110541,8,458.0,0.44010064413458716,6,426.0,0.0,1,20.0,0.6996126680047127,18,918.0
1485.0,18,970.0,14.057971014492754,6.064186355968692,0,5.0,0.04318381225839264,8,498.0,0.44642701574492816,6,456.0,0.0,1,25.0,0.5022125215774293,15,984.0
1490.0,22,1074.0,16.029850746268657,5.684717412770216,0,0.0,0.14190204791859673,8,538.0,0.40951693571164344,6,486.0,0.0,3,36.0,0.2399616291483648,17,1060.0
1495.0,24,1179.0,17.597014925373134,5.638122280000185,0,0.0,1.0,10,582.0,0.4149290986884754,6,516.0,0.0,3,51.0,0.42522033545248705,19,1149.0
1500.0,17,1166.0,17.666666666666668,5.271324435697297,0,0.0,1.0,11,629.0,0.19146201683864011,6,546.0,0.0,0,11.0,0.6569304384384403,17,1186.0
1505.0,19,1254.0,18.71641791044776,5.267004895914142,0,0.0,1.0,12,686.0,0.10223571767709044,7,583.0,0.15325497148293218,0,0.0,0.9663217599117048,19,1269.0
1510.0,25,1358.0,19.681159420289855,5.033902856348698,0,0.0,1.0,14,749.0,0.08552651797730265,10,623.0,0.0007663537048814525,0,0.0,0.9266310429713757,24,1372.0
1515.0,27,1488.0,21.257142857142856,5.1435219578106555,0,0.0,1.0,16,828.0,0.04736480587162665,10,687.0,0.024803982743833716,0,0.0,0.9482549033091076,26,1515.0
1520.0,28,1621.0,24.560606060606062,4.6138775385630515,0,0.0,1.0,17,909.0,0.03071863488971001,11,741.0,0.01972711127648805,0,0.0,0.9391404231536052,28,1650.0
1525.0,25,1692.0,26.4375,4.472553723661566,0,0.0,1.0,17,994.0,0.043165086820000066,7,734.0,0.02527076734926583,0,0.0,0.9301802497550444,24,1728.0
1530.0,14,916.0,14.3125,5.660990741012416,0,0.0,1.0,6,469.0,0.19945582305719317,7,754.0,0.1218365150064431,0,0.0,0.9821393931835354,13,1223.0
1535.0,10,823.0,12.102941176470589,6.878868525011837,0,0.0,1.0,1,217.0,0.4662336466338707,7,789.0,0.12071788605756131,0,0.0,0.9748262616287654,8,1006.0
1540.0,9,849.0,12.304347826086957,7.28917140847384,0,0.0,1.0,1,127.0,0.641869257425022,8,837.0,0.2312669930862644,0,0.0,0.9963676305964713,9,964.0
1545.0,13,909.0,12.985714285714286,7.252212150549249,0,0.0,1.0,2,84.0,0.6552490318723565,9,882.0,0.4466134141488091,0,0.0,0.9618768594530416,11,966.0
1550.0,10,500.0,7.042253521126761,7.585036902583293,0,0.0,1.0,0,6.0,0.7555159815006329,7,714.0,0.531327069896696,0,0.0,0.9501919367994992,7,720.0
1555.0,5,82.0,1.1232876712328768,8.467626892437213,0,0.0,1.0,0,6.0,0.9458610923309375,2,389.0,0.5874660625542266,0,0.0,0.9735972762276299,2,395.0
1560.0,6,108.0,1.6363636363636365,8.336526997668448,0,0.0,1.0,1,7.0,0.6822820529055248,2,183.0,0.659540110939725,0,0.0,0.9511702256896708,3,190.0
1565.0,12,157.0,2.5737704918032787,7.705833526822176,0,0.0,1.0,5,26.0,0.47331193029226626,3,103.0,0.6375376273378565,0,0.0,0.9526097515609357,8,129.0
1570.0,11,182.0,2.935483870967742,6.265112026694468,0,0.0,1.0,0,7.0,0.687504608727341,6,127.0,0.22452094203515321,0,0.0,0.9405254700949635,6,134.0
1575.0,12,151.0,2.5166666666666666,5.523940833933385,0,0.0,1.0,0,0.0,0.9411840194961414,7,162.0,0.13810283499252426,0,0.0,0.9609134966948669,7,162.0
1580.0,15,208.0,3.5254237288135593,5.638219979162258,0,0.0,1.0,0,0.0,0.9793476590739552,11,210.0,0.16190132096496215,0,0.0,0.9251351532318504,11,210.0
1585.0,22,301.0,4.854838709677419,5.481228852577788,0,0.0,1.0,0,0.0,0.9487566442164024,14,272.0,0.1467980802256655,0,0.0,0.9600417806671854,14,272.0
1590.0,26,427.0,6.777777777777778,4.705715246806255,0,0.0,1.0,0,0.0,0.6782206453602789,16,350.0,0.14060245124925483,0,0.0,0.7069349058831803,16,350.0
1595.0,30,448.0,7.111111111111111,4.432794196625832,0,0.0,1.0,1,5.0,0.33466447856151693,16,345.0,0.1477206854463904,1,2.0,0.4893580748452154,18,352.0
1600.0,33,607.0,10.839285714285714,3.2588140462070663,0,0.0,1.0,2,37.0,0.4556901588760937,16,369.0,0.14334963358702008,1,7.0,0.4677171534247907,19,413.0
1605.0,34,776.0,12.933333333333334,3.580255320399116,0,0.0,1.0,2,47.0,0.4322189113709725,16,449.0,0.14993166900410032,1,12.0,0.6316569082484452,19,508.0
1610.0,32,917.0,15.283333333333333,3.2828905673271054,0,0.0,1.0,1,15.0,0.48426885883611404,16,529.0,0.046206229294650715,1,17.0,0.7190726592710045,18,561.0
1615.0,15,344.0,5.733333333333333,3.851423172338461,0,0.0,1.0,2,25.0,0.39162370954119147,6,338.0,0.0884609093428624,2,23.0,0.475234931787994,10,386.0
1620.0,10,112.0,1.8064516129032258,4.45934787740956,0,6.0,0.6352189217903775,3,43.0,0.28998980928620977,2,201.0,0.1784174632622286,2,33.0,0.47821165467103854,7,283.0
1625.0,12,131.0,2.0793650793650795,5.790420941261753,1,11.0,0.209251576650571,4,68.0,0.5093861281450681,2,82.0,0.32876157515062826,0,0.0,0.9056554573409096,7,161.0
1630.0,13,165.0,2.5384615384615383,5.740999574752174,3,25.0,0.08077378084618951,3,79.0,0.6071302160926988,2,63.0,0.5453373096424865,0,0.0,0.9400809406830484,8,167.0
1635.0,16,188.0,2.9375,5.421400332389192,4,42.0,0.012593985801744846,3,91.0,0.611679759842993,4,33.0,0.3765933028664975,0,0.0,0.9377565829401562,11,166.0
1640.0,13,221.0,3.4,5.327937234133252,0,14.0,0.022871764036181446,4,114.0,0.5472527289069985,4,53.0,0.40815460909768536,0,0.0,0.9771079965361809,8,181.0
1645.0,15,293.0,4.507692307692308,5.407009395286129,0,0.0,0.11541606995813158,6,138.0,0.4675030514105834,4,73.0,0.34052732246697565,0,0.0,0.7664331240108275,10,211.0
1650.0,11,137.0,2.044776119402985,5.83359361337179,0,0.0,0.3748935471989917,4,94.0,0.4322997947200649,5,83.0,0.2652186881648798,1,3.0,0.4881671575828967,10,180.0
1655.0,6,75.0,1.1194029850746268,7.127323326260435,0,0.0,1.0,4,46.0,0.3873018466017968,1,39.0,0.43981986613711915,1,8.0,0.48452327726787836,6,93.0
1660.0,7,110.0,1.5714285714285714,7.542077238748287,0,3.0,0.5892609798764061,5,74.0,0.32183236245369534,1,47.0,0.6219882209735064,1,13.0,0.6001020110005805,7,137.0
1665.0,7,129.0,1.8970588235294117,7.9857826936812675,0,0.0,0.7964768943433992,6,89.0,0.3324990374922589,1,52.0,0.7039488883475634,0,0.0,0.959820459202077,7,141.0
1670.0,1,51.0,0.796875,7.893512117206448,0,0.0,1.0,0,18.0,0.5810901228394986,1,126.0,0.6427318701660383,0,0.0,0.9449003511039322,1,144.0
1675.0,4,60.0,1.0344827586206897,8.016256146918767,0,0.0,1.0,0,3.0,0.9429893306899434,4,180.0,0.31443911217273884,0,0.0,0.9811128881410736,4,183.0
1680.0,6,86.0,1.4827586206896552,8.327863776876363,0,0.0,1.0,0,3.0,0.9496827409049333,6,212.0,0.4279222683322383,0,0.0,0.9301889720786423,6,215.0
1685.0,9,120.0,2.1818181818181817,7.6806119394058525,0,0.0,1.0,0,3.0,0.971097543673992,6,242.0,0.43089606419003595,1,1.0,0.6515710395811107,7,246.0
1690.0,7,152.0,2.923076923076923,7.452495995682999,0,0.0,1.0,0,22.0,0.9262024251993243,6,269.0,0.3830460931698406,1,6.0,0.6147599672164673,7,297.0
1695.0,9,193.0,3.7115384615384617,7.230807218230239,0,0.0,1.0,0,22.0,0.7154813982576612,6,299.0,0.3720783431147905,2,13.0,0.3579688169311528,8,334.0
1700.0,8,161.0,3.22,6.381044375722306,0,0.0,1.0,3,30.0,0.24064623039016303,3,273.0,0.48785808362681293,2,23.0,0.3862943057491318,8,326.0
1705.0,8,177.0,3.6875,6.639150527014446,0,0.0,1.0,3,25.0,0.3023318340751742,3,259.0,0.49301195678007775,0,0.0,0.656335027898735,6,284.0
1710.0,4,171.0,3.42,7.385781275673005,0,0.0,0.4904024840497596,1,16.0,0.691053034920608,3,277.0,0.3948472649002023,0,0.0,0.9207595359811392,4,293.0
1715.0,7,202.0,3.811320754716981,7.660654536747182,2,7.0,0.0007052084818308852,1,21.0,0.7930359620003278,4,293.0,0.35821768863413733,0,0.0,0.9560145312508878,7,321.0
1720.0,8,94.0,1.8431372549019607,6.908416788976367,2,17.0,0.0,1,26.0,0.6698226620158528,5,216.0,0.27318434299168237,0,0.0,0.9169007359943906,8,259.0
1725.0,7,69.0,1.38,6.743154632984406,2,27.0,0.0,4,40.0,0.5426440208903489,1,28.0,0.3869199312947383,0,0.0,0.9784207238054748,7,95.0
1730.0,7,65.0,1.2745098039215685,6.844466373990251,2,37.0,0.0,0,18.0,0.6177265991294986,3,28.0,0.44597448340422624,0,0.0,0.9765715540234081,5,83.0
1735.0,6,87.0,1.7755102040816326,7.110839566362914,2,47.0,0.0,1,10.0,0.5842184644692276,3,39.0,0.473911818155858,0,0.0,0.9405574927796999,6,96.0
1740.0,10,130.0,2.6530612244897958,6.8266735806761885,2,57.0,0.0,3,23.0,0.5304903713450134,4,58.0,0.41949703158065543,0,0.0,0.9727600832593856,9,138.0
1745.0,7,102.0,2.0816326530612246,7.187032917036548,0,0.0,1.0,3,38.0,0.34901538837627893,4,77.0,0.39371359053759936,0,0.0,0.9795585678258478,7,115.0
1750.0,9,143.0,2.9791666666666665,6.921827851658132,0,0.0,1.0,4,57.0,0.3664369485311785,5,99.0,0.25118825858901334,0,0.0,0.9671472736808004,9,156.0
1755.0,12,192.0,4.0,6.117618860964313,0,0.0,1.0,7,81.0,0.11967581344308431,5,124.0,0.3116535860318218,0,0.0,0.9535089681719492,12,205.0
1760.0,11,117.0,2.3877551020408165,5.742181522519192,0,0.0,1.0,7,113.0,0.12095874403326644,0,41.0,0.5707813826410102,0,0.0,0.9943939515385023,7,154.0
1765.0,13,176.0,3.450980392156863,6.019321836498286,0,3.0,0.697024316385631,8,155.0,0.23753855999030246,0,3.0,0.952402693475611,0,0.0,0.9521282086136937,8,161.0
1770.0,16,242.0,4.84,5.558741219280948,2,9.0,0.13421819566815563,8,191.0,0.2755526742673388,0,3.0,0.9383461926897841,0,0.0,0.9329888718449981,10,203.0
1775.0,18,331.0,7.042553191489362,5.061317040988984,3,24.0,0.013619069499894542,8,231.0,0.31283981528192195,0,3.0,0.9863061574036457,0,0.0,0.9903744628793563,11,258.0
1780.0,19,397.0,8.10204081632653,5.081763900983517,4,40.0,0.1744240893037184,7,246.0,0.347813622914398,0,0.0,1.0,0,0.0,0.9559291941728834,11,286.0
1785.0,15,438.0,8.423076923076923,5.410575247651702,0,5.0,0.13204486398934093,7,281.0,0.4157337244448019,0,0.0,1.0,0,0.0,0.94412193582217,7,286.0
1790.0,17,517.0,10.551020408163266,5.040106190559125,0,0.0,1.0,7,316.0,0.39239458797794885,0,0.0,1.0,1,1.0,0.6240464913895085,8,317.0
1795.0,14,515.0,10.957446808510639,4.936840262766321,0,0.0,1.0,7,351.0,0.24273752121432665,0,0.0,1.0,1,6.0,0.6375309207244427,8,357.0
1800.0,8,218.0,4.541666666666667,5.313198698075915,0,0.0,1.0,0,52.0,0.3040916249919965,0,0.0,1.0,1,11.0,0.6350707182115091,1,63.0
1805.0,3,39.0,0.78,6.424625587894483,0,0.0,1.0,0,3.0,0.5332724192444503,0,0.0,1.0,1,16.0,0.3708526077909926,1,19.0
1810.0,3,28.0,0.56,7.514589260558187,0,0.0,1.0,0,0.0,0.8457067784526996,0,9.0,0.9062705772648553,3,28.0,0.2380375361837008,3,37.0
1815.0,0,0.0,0.0,8.229132052358844,0,0.0,1.0,0,0.0,0.9795678876588519,0,9.0,0.9540750790497109,0,8.0,0.5248734793536651,0,17.0
1820.0,0,0.0,0.0,8.699060425239082,0,0.0,1.0,0,0.0,0.9446447930311744,0,15.0,0.8383572788398873,0,0.0,0.9579877057707019,0,15.0
1825.0,2,3.0,0.057692307692307696,8.646067734051067,0,0.0,1.0,0,0.0,0.9607655010078604,2,18.0,0.6993273732176314,0,0.0,0.937359873463974,2,18.0
1830.0,5,20.0,0.4166666666666667,8.778515700672306,0,0.0,1.0,0,0.0,0.8747640479349007,4,67.0,0.6431486585967017,0,0.0,0.970442410859875,4,67.0
1835.0,4,39.0,0.8478260869565217,8.401312645601532,0,0.0,1.0,0,0.0,0.946232851890223,4,54.0,0.5080059456030331,0,0.0,0.9856317224698524,4,54.0
1840.0,8,67.0,1.3673469387755102,7.114446631884299,0,0.0,1.0,0,13.0,0.7405377497794039,8,82.0,0.18712002396297422,0,0.0,0.787739960673041,8,95.0
1845.0,10,115.0,2.4468085106382977,6.582488089756629,0,0.0,1.0,1,18.0,0.7813665673670454,8,122.0,0.15827001370058266,1,3.0,0.4951521576247883,10,143.0
1850.0,10,151.0,3.2127659574468086,6.284758016169266,0,0.0,1.0,0,28.0,0.8347621222432183,9,158.0,0.22885648311033815,1,8.0,0.46786900305921286,10,194.0
1855.0,10,190.0,3.877551020408163,6.9465771476859945,0,3.0,0.9128204339758553,0,35.0,0.9759882157619169,10,205.0,0.13305848121977484,0,0.0,0.9993661907733946,10,243.0
1860.0,10,240.0,5.1063829787234045,6.75001256879309,0,0.0,1.0,0,20.0,0.9421216899840005,10,261.0,0.22290529308819768,0,0.0,0.9662225607162199,10,281.0
1865.0,10,290.0,6.304347826086956,6.79113548380042,0,0.0,1.0,0,0.0,0.9255230876325906,10,311.0,0.18008108937609327,0,0.0,0.9548682855500132,10,311.0
1870.0,2,18.0,0.3829787234042553,6.382799760513364,0,0.0,1.0,0,0.0,0.7057834196735954,2,116.0,0.2148148705877718,0,0.0,0.9676386035652614,2,116.0
1875.0,4,28.0,0.56,7.056685921018729,0,6.0,0.5688629383419214,2,14.0,0.5035066127584937,1,26.0,0.48111633513379476,0,0.0,0.9726513173761435,3,46.0
1880.0,7,55.0,1.1224489795918366,7.411730848313714,0,9.0,0.24320686594332977,3,25.0,0.6241451877415972,1,30.0,0.7468969615890971,0,0.0,0.9344059652062916,4,64.0
1885.0,13,114.0,2.326530612244898,6.793006444831068,3,24.0,0.026034597262737214,3,40.0,0.7031258109961424,1,35.0,0.7308583539187176,0,0.0,0.9363740194220923,7,99.0
1890.0,13,140.0,2.857142857142857,6.196131293648645,4,41.0,0.09797468850061412,1,11.0,0.8072890788362908,1,37.0,0.4552237082028382,0,0.0,0.9527779879168814,6,89.0
1895.0,10,158.0,3.0980392156862746,6.105906154159245,0,13.0,0.025472185554434774,1,16.0,0.7838688003035725,1,42.0,0.4940410536345463,0,0.0,0.670384205745352,2,71.0
1900.0,12,213.0,4.4375,6.385918163864614,0,0.0,0.17681567320722144,2,24.0,0.7384715295389874,1,50.0,0.7209246609115924,1,2.0,0.4834118317057126,4,76.0
1905.0,6,137.0,2.9148936170212765,7.186909725857197,0,0.0,1.0,2,25.0,0.6337857540493852,1,55.0,0.6360946443048267,0,0.0,0.9346261077077697,3,80.0
1910.0,4,88.0,1.8333333333333333,7.1971063799256,0,0.0,1.0,1,13.0,0.557457838625269,1,63.0,0.611799954908172,0,0.0,0.9706048324443477,2,76.0
1915.0,5,75.0,1.5,7.381100016166864,0,0.0,1.0,3,11.0,0.38832496062341004,1,65.0,0.5828508347557806,0,0.0,0.9720517794394139,4,76.0
1920.0,4,93.0,1.86,8.321372211296419,0,0.0,1.0,3,45.0,0.45752259870974293,1,73.0,0.6863051629358401,0,0.0,0.9538917690431458,4,118.0
1925.0,4,113.0,2.511111111111111,8.179476856196578,0,0.0,1.0,3,60.0,0.534175082439212,1,78.0,0.7407297004227964,0,0.0,0.9172239486384145,4,138.0
1930.0,2,81.0,1.8409090909090908,7.79456736189396,0,0.0,0.3933649394754985,0,19.0,0.6709474098847683,1,80.0,0.7066437159987797,0,0.0,0.9777343673609871,1,99.0
1935.0,5,23.0,0.5348837209302325,7.515375043664178,0,0.0,1.0,1,22.0,0.6019307551043871,0,3.0,0.9193284465347215,0,0.0,0.9511429836433568,1,25.0
1940.0,6,37.0,0.8809523809523809,8.022285523463488,0,0.0,1.0,1,32.0,0.73721010165987,0,6.0,0.8702427377585256,0,0.0,0.9470518730083183,1,38.0
1945.0,7,67.0,1.5227272727272727,7.911017981968367,0,0.0,1.0,1,36.0,0.7835635393014216,2,11.0,0.6241294594403209,0,0.0,0.9727226758203525,3,47.0
1950.0,10,109.0,2.5952380952380953,6.762262360248239,0,0.0,1.0,3,39.0,0.38730099689787545,3,25.0,0.5288233811598616,0,0.0,0.9850249433383248,6,64.0
1955.0,11,155.0,3.7804878048780486,6.009399112090555,0,0.0,1.0,3,54.0,0.42195075947263283,4,33.0,0.44275735940011524,0,0.0,0.94771598819832,7,87.0
1960.0,8,103.0,2.575,6.615624896704754,0,0.0,1.0,4,94.0,0.39778803863078316,4,81.0,0.41122485444752715,0,0.0,0.946286174162461,8,175.0
1965.0,7,127.0,3.2564102564102564,6.869150852164528,0,0.0,1.0,3,99.0,0.4412569646150604,4,73.0,0.0416883686357332,0,0.0,0.9360869511343122,7,172.0
1970.0,10,146.0,3.8421052631578947,5.7082144548532225,0,0.0,1.0,3,88.0,0.3166275001056998,6,102.0,0.0,0,0.0,0.7732116788168045,9,190.0
1975.0,4,66.0,1.5714285714285714,6.619722285480673,0,0.0,1.0,4,108.0,0.3195133264477538,0,31.0,0.5112526981445957,0,0.0,0.9581670157900128,4,139.0
1980.0,5,87.0,2.1219512195121952,7.230646161141976,0,9.0,0.6235689039340709,5,132.0,0.1613622506202423,0,5.0,0.7370836195208867,0,0.0,0.9622168993665443,5,146.0
1985.0,7,117.0,2.7857142857142856,7.534080371314761,2,14.0,0.004011660086233043,5,160.0,0.5028143007598246,0,4.0,0.9681785741749686,0,0.0,0.9934103610390493,7,178.0
1990.0,4,31.0,0.7045454545454546,7.820813263681519,3,29.0,4.8778334259768545e-05,1,82.0,0.573203858184332,0,3.0,0.9493223644114748,0,0.0,0.9428527934237014,4,114.0
1995.0,5,38.0,0.9047619047619048,7.506072458426298,3,44.0,0.0,0,6.0,0.9268216244594283,0,3.0,0.956170780331546,0,0.0,0.9781884896128469,3,53.0
2000.0,7,71.0,1.6511627906976745,7.699985465921556,3,59.0,0.0,0,3.0,0.9570135632046914,0,3.0,0.7435411303126336,0,0.0,0.9421123131140887,3,65.0
2005.0,10,118.0,2.8780487804878048,7.083013725182253,3,74.0,0.0,1,5.0,0.7586749524444174,1,8.0,0.7739312634010204,0,0.0,0.5795802175256257,5,87.0
2010.0,11,167.0,4.073170731707317,6.288824350568205,3,89.0,0.0,0,27.0,0.939406160382355,2,14.0,0.4932487666473399,1,5.0,0.4670211355699796,6,135.0
2015.0,7,107.0,2.675,6.060477826003159,0,0.0,1.0,0,24.0,0.7539189623875213,2,14.0,0.4173745969342386,0,0.0,0.9628038820531847,2,38.0
2020.0,9,144.0,3.6923076923076925,6.41948789451863,0,0.0,1.0,1,1.0,0.6435660697076444,3,31.0,0.371461484125057,0,0.0,0.9654673381267356,4,32.0
2025.0,11,196.0,4.780487804878049,6.840446611217756,0,0.0,1.0,1,6.0,0.7102238689503362,5,53.0,0.31731518028421424,0,0.0,0.9999324583506816,6,59.0
2030.0,9,175.0,4.166666666666667,7.045979547150067,0,0.0,1.0,0,0.0,0.8942885092736593,6,81.0,0.31701764968139684,0,0.0,0.9363714427913715,6,81.0
2035.0,1,16.0,0.37209302325581395,7.3454717759870585,0,0.0,1.0,0,0.0,0.9491828804604593,1,35.0,0.4755458699228761,0,0.0,0.9712362439867536,1,35.0
2040.0,2,22.0,0.5238095238095238,7.777901919858861,0,3.0,0.5430757780611515,1,7.0,0.6146152773229476,1,24.0,0.7797387305671433,0,0.0,0.6479820818734797,2,34.0
2045.0,4,38.0,0.95,7.310752754220971,1,7.0,0.20454815274100993,1,12.0,0.718294206053293,1,29.0,0.6880640105577556,1,5.0,0.651001223028404,4,53.0
2050.0,6,63.0,1.5365853658536586,7.626424103022245,2,16.0,0.22938817998262218,1,17.0,0.698422995370956,1,31.0,0.6093636350228794,2,11.0,0.32366347838840237,6,75.0
2055.0,6,78.0,1.7727272727272727,7.367422370114425,3,27.0,0.005390953519443433,0,6.0,0.8841226951940485,1,39.0,0.7631089594034739,2,21.0,0.4621792522309196,6,93.0
2060.0,2,42.0,0.9333333333333333,7.10591163727764,0,4.0,0.016360315809395273,0,6.0,0.8329003937178795,2,45.0,0.35510303525054093,0,10.0,0.5199253207600053,2,65.0
2065.0,5,66.0,1.434782608695652,7.26470201959598,0,0.0,0.8602209470680322,1,11.0,0.6255878499362337,4,70.0,0.3262049174835335,0,0.0,0.9629120844533329,5,81.0
2070.0,12,110.0,2.3404255319148937,6.198790509541017,0,0.0,1.0,2,14.0,0.3118524807952099,8,105.0,0.20729657614471103,0,0.0,0.9411599658575324,10,119.0
2075.0,14,163.0,3.3958333333333335,6.063053140737551,0,0.0,1.0,0,32.0,0.5431216767280338,11,158.0,0.2011473836611379,0,0.0,0.9692169118900797,11,190.0
2080.0,11,168.0,3.36,6.696804706027011,0,0.0,1.0,1,36.0,0.7313512072307987,10,191.0,0.15785964749196868,0,0.0,0.9825968795109452,11,227.0
2085.0,11,201.0,4.1020408163265305,7.209175390312071,0,0.0,1.0,1,9.0,0.7156786319165359,8,202.0,0.20888587137250134,0,0.0,0.9694017299874654,9,211.0
2090.0,9,238.0,5.173913043478261,7.284112672633664,0,0.0,1.0,1,45.0,0.6035234946308015,8,230.0,0.12109313118888623,0,0.0,0.9649926366802288,9,275.0
2095.0,9,268.0,6.090909090909091,7.00582637830085,0,0.0,1.0,0,31.0,0.9036548529136138,8,270.0,0.09890088189540776,0,0.0,0.47212864219250034,8,301.0
2100.0,9,305.0,7.439024390243903,6.735433132376702,0,0.0,1.0,0,31.0,0.7583816862394069,9,311.0,0.07272253541830494,0,0.0,0.9958788087681633,9,342.0
2105.0,10,355.0,8.658536585365853,7.039796020584274,0,0.0,1.0,1,36.0,0.6145750613282428,9,362.0,0.1790431512997586,0,0.0,0.9714739313787594,10,398.0
2110.0,12,412.0,9.581395348837209,6.853259158449288,0,0.0,1.0,2,44.0,0.3812953999136799,10,411.0,0.15133263874995292,0,0.0,0.9734517493846222,12,455.0
2115.0,13,477.0,10.840909090909092,6.398150902519731,0,0.0,1.0,3,59.0,0.45663414690511206,10,462.0,0.1536254740383919,0,0.0,0.9742556550838928,13,521.0
2120.0,15,549.0,12.2,5.6461539363988695,0,0.0,1.0,4,76.0,0.32422547980104527,11,517.0,0.1393407872786498,0,0.0,0.9738829952832786,15,593.0
2125.0,17,626.0,13.608695652173912,5.45383573604552,0,0.0,1.0,5,96.0,0.15245287379837164,12,574.0,0.19374599367320933,0,0.0,0.9736947203236826,17,670.0
2130.0,18,711.0,14.8125,5.556213480843392,0,0.0,1.0,6,121.0,0.10721848604650339,12,634.0,0.06578844563326813,0,0.0,0.9113358215295977,18,755.0
2135.0,16,778.0,15.877551020408163,5.835631083884504,0,0.0,1.0,4,128.0,0.3162614665445919,12,694.0,0.07765470442341736,0,0.0,0.9728780090677285,16,822.0
2140.0,17,861.0,17.22,5.6682749741171445,0,0.0,1.0,4,148.0,0.15968340448330112,12,755.0,0.06271495082757621,1,3.0,0.49968120113606623,17,906.0
2145.0,10,383.0,7.66,6.031063811926283,0,0.0,1.0,5,173.0,0.2821898056677938,4,404.0,0.24656820662561255,1,8.0,0.6176683052736185,10,585.0
2150.0,9,399.0,7.823529411764706,6.700901863413199,0,3.0,0.9040297248918633,5,204.0,0.34110822211240993,3,296.0,0.4027709433662688,1,13.0,0.3154702849073964,9,516.0
2155.0,8,426.0,8.352941176470589,7.233037783996145,0,3.0,0.8697024337869035,5,270.0,0.5156606282236015,3,237.0,0.38340203994773925,0,0.0,0.9311958176068,8,510.0
2160.0,10,472.0,9.076923076923077,7.8178226044764125,0,0.0,1.0,5,257.0,0.5969812940237685,5,260.0,0.3986816516090083,0,0.0,0.9298827266836456,10,517.0
2165.0,13,529.0,9.446428571428571,7.0493890916573365,0,0.0,1.0,5,282.0,0.5537908085535196,5,283.0,0.3654852771785091,0,0.0,0.9762161808382595,10,565.0
2170.0,11,334.0,6.072727272727272,7.185979896048183,0,0.0,1.0,6,311.0,0.5477050473346174,3,156.0,0.4897255962486768,0,0.0,0.9477917585236241,9,467.0
2175.0,14,349.0,6.232142857142857,7.065336299725219,0,0.0,1.0,7,341.0,0.5136683842092773,4,39.0,0.41665737531015956,0,0.0,0.9373018007904899,11,380.0
2180.0,15,419.0,7.101694915254237,6.921832177820202,0,0.0,1.0,6,362.0,0.4494147898573806,6,51.0,0.2250469299022829,0,0.0,0.9393480555386415,12,413.0
2185.0,15,262.0,4.440677966101695,6.163972723624451,0,0.0,1.0,5,220.0,0.31258039652708647,7,85.0,0.3924082841136269,0,0.0,0.996248270192991,12,305.0
2190.0,14,166.0,2.8620689655172415,5.964889186175921,0,0.0,1.0,3,66.0,0.4279170741843266,6,89.0,0.2788355912760711,0,0.0,0.9800765891849385,9,155.0
2195.0,9,111.0,1.9821428571428572,6.75988579252841,0,0.0,1.0,3,35.0,0.3269802165433532,4,86.0,0.3991414901639863,0,0.0,0.9664020413214213,7,121.0
2200.0,10,143.0,2.508771929824561,6.945467386155222,0,0.0,1.0,3,50.0,0.3882565505543168,6,95.0,0.435618527324453,0,0.0,0.5542160895000298,9,145.0
2205.0,15,210.0,3.8181818181818183,6.506221976267969,0,0.0,1.0,5,72.0,0.4230446497274189,7,129.0,0.42498047209507317,1,4.0,0.6408584009000518,13,205.0
2210.0,16,281.0,5.109090909090909,6.277170912994747,0,0.0,1.0,5,97.0,0.42468767566505083,6,155.0,0.3514478560818992,1,9.0,0.6312764298347086,12,261.0
2215.0,19,365.0,6.293103448275862,6.2020101818037565,0,0.0,1.0,6,122.0,0.3948386153574205,6,185.0,0.3344891353280619,1,14.0,0.6170511320127847,13,321.0
2220.0,18,438.0,7.423728813559322,5.77320090358893,0,0.0,1.0,6,149.0,0.38493452757684155,6,215.0,0.34469001706204944,0,0.0,0.938735672693349,12,364.0
2225.0,19,511.0,8.810344827586206,5.392489630091406,0,0.0,1.0,6,179.0,0.3924021969912957,8,254.0,0.25621839622735215,0,0.0,0.9274441087024554,14,433.0
2230.0,15,335.0,5.677966101694915,4.831478803708162,0,0.0,1.0,8,217.0,0.19728403374741604,1,52.0,0.17840285249991433,0,0.0,0.9757910159558959,9,269.0
2235.0,17,379.0,6.423728813559322,4.972415860729437,0,6.0,0.5568980170124849,9,266.0,0.20594958024583648,0,9.0,0.42669280556726297,0,0.0,0.9526978090291868,9,281.0
2240.0,14,394.0,6.912280701754386,5.743467774219858,0,9.0,0.2303870726801385,9,339.0,0.34740447528242896,0,0.0,0.9339668454060455,0,0.0,0.9394669247194986,9,348.0
2245.0,5,118.0,2.107142857142857,5.9943546130017324,0,2.0,0.07025714429366148,1,126.0,0.5916396801792956,0,0.0,0.6555060078748011,0,0.0,0.9568942659850111,1,128.0
2250.0,2,9.0,0.16363636363636364,7.180711717509206,0,0.0,1.0,0,36.0,0.8598700479852378,0,0.0,0.8230255521688555,1,1.0,0.3274001479139733,1,37.0
2255.0,4,17.0,0.30357142857142855,8.028921557011538,0,0.0,1.0,1,11.0,0.8357154850331702,1,9.0,0.7445508083873994,2,11.0,0.09933959098716945,4,31.0
2260.0,6,43.0,0.7543859649122807,8.018108727552454,0,0.0,0.9608856569336293,1,16.0,0.809470923117935,1,14.0,0.6226750560353668,3,24.0,0.19083984972184517,5,54.0
2265.0,3,30.0,0.5555555555555556,8.696966912923829,0,0.0,1.0,1,13.0,0.7370072021423866,2,23.0,0.6586529789138488,0,14.0,0.5509003689606555,3,50.0
2270.0,2,27.0,0.48214285714285715,8.705474391368755,0,0.0,1.0,1,18.0,0.6278859934117624,1,29.0,0.6972955361351127,0,0.0,0.960101333086721,2,47.0
2275.0,6,26.0,0.5416666666666666,7.612405233426164,0,0.0,1.0,2,6.0,0.4057902644812278,4,42.0,0.43444739364234053,0,0.0,0.9713153952265626,6,48.0
2280.0,7,61.0,1.326086956521739,7.847425818069186,0,0.0,1.0,2,14.0,0.46668799948311135,5,67.0,0.27864084191320027,0,0.0,0.9521211427281919,7,81.0
2285.0,8,101.0,2.2954545454545454,7.042885154091393,0,0.0,1.0,2,24.0,0.36723812156831737,6,97.0,0.16523617252687683,0,0.0,0.9583407141901211,8,121.0
2290.0,5,55.0,1.25,6.386899468197501,0,0.0,1.0,4,39.0,0.04971113607540929,1,44.0,0.2268276979104004,0,0.0,0.9631162812375934,5,83.0
2295.0,5,76.0,1.8095238095238095,6.916509006874202,0,3.0,0.5571625770385198,3,59.0,0.3186890871419544,1,29.0,0.4539476965641533,1,2.0,0.4762474532134963,5,93.0
2300.0,5,101.0,2.4634146341463414,8.446474546698763,0,0.0,0.9231383475753738,3,71.0,0.4689358290488485,1,37.0,0.5971011365680536,1,7.0,0.4762832127722347,5,115.0
2305.0,6,126.0,2.8636363636363638,8.177963876160613,0,0.0,1.0,4,86.0,0.4140464047523357,1,48.0,0.5796144547342764,1,12.0,0.6364404234133354,6,146.0
2310.0,9,160.0,3.8095238095238093,7.231822960145949,0,0.0,1.0,3,101.0,0.4452170215205088,3,57.0,0.23495235416177004,1,17.0,0.6319160723600293,7,175.0
2315.0,8,177.0,4.0227272727272725,7.236499133919756,0,0.0,1.0,3,116.0,0.4124384157559996,2,65.0,0.2886089589772104,0,0.0,0.9767217938618015,5,181.0
2320.0,8,192.0,4.363636363636363,6.886690503246817,0,0.0,1.0,4,135.0,0.40283000015303155,3,82.0,0.3605886674080058,0,0.0,0.9782866946884704,7,217.0
2325.0,9,231.0,4.914893617021277,6.198902962716669,0,0.0,1.0,4,155.0,0.23331685691323362,5,134.0,0.03160603399626079,0,0.0,0.9560451189200226,9,289.0
2330.0,12,289.0,6.4222222222222225,5.871294866631055,0,0.0,1.0,5,181.0,0.21587878515404602,7,167.0,0.19578720860686732,0,0.0,0.954481493140079,12,348.0
2335.0,16,361.0,8.022222222222222,5.470337634529424,0,0.0,1.0,7,217.0,0.2680808291940813,9,216.0,0.08967719027459986,0,0.0,0.9670299925879904,16,433.0
2340.0,10,200.0,4.545454545454546,6.546315162152877,0,0.0,1.0,0,39.0,0.6297892232467589,10,262.0,0.15648143350662574,0,0.0,0.9503552090480966,10,301.0
2345.0,11,252.0,5.478260869565218,6.514386386619808,0,0.0,1.0,0,3.0,0.6039724047010722,11,314.0,0.0799656369005204,0,0.0,0.9688581398623777,11,317.0
2350.0,14,315.0,7.0,6.449465975077325,0,0.0,1.0,2,7.0,0.29723820309675514,12,379.0,0.18411063391848573,0,0.0,0.9750792133327326,14,386.0
2355.0,14,385.0,8.369565217391305,6.488665730679072,0,0.0,1.0,2,17.0,0.316614758953875,12,439.0,0.2656978910307739,0,0.0,0.9437662924268605,14,456.0
2360.0,14,434.0,8.68,7.062349253029075,0,0.0,1.0,2,27.0,0.5915467366454982,12,488.0,0.2707479899334917,0,0.0,0.9911678203937637,14,515.0
2365.0,16,506.0,10.326530612244898,6.041351839980735,0,0.0,1.0,2,37.0,0.6431555398891936,12,535.0,0.26587847035980877,1,1.0,0.4922948142198597,15,573.0
2370.0,17,552.0,11.5,5.3447268028791655,0,0.0,1.0,0,0.0,0.658073239227116,13,603.0,0.32576532575580497,1,6.0,0.4724349111594742,14,609.0
2375.0,17,622.0,14.136363636363637,5.069856388239081,0,0.0,1.0,1,2.0,0.46504736554512277,14,670.0,0.2263101002554992,1,11.0,0.46628251028439816,16,683.0
2380.0,10,450.0,9.375,5.448458218497748,0,0.0,1.0,1,7.0,0.4515412973986978,8,529.0,0.21981049912063502,1,16.0,0.3965243186533797,10,552.0
2385.0,9,455.0,9.285714285714286,6.540421270107841,0,3.0,0.5436558071322679,2,24.0,0.5515603673199317,7,521.0,0.23648128341097152,0,0.0,0.7427925922207748,9,548.0
2390.0,9,486.0,9.918367346938776,7.192380711299066,0,0.0,0.7162405004813848,1,65.0,0.7578931193461043,8,540.0,0.2558425770067206,0,0.0,0.9151847641865617,9,605.0
2395.0,11,533.0,10.450980392156863,7.699518880651461,0,0.0,1.0,2,70.0,0.6724462507338091,8,580.0,0.2564755843365972,0,0.0,0.9767666612401507,10,650.0
2400.0,10,373.0,7.037735849056604,7.485975764390374,0,0.0,1.0,3,35.0,0.6294475075590815,6,482.0,0.27301844155903654,0,0.0,0.9637846658125682,9,517.0
2405.0,7,78.0,1.5294117647058822,7.761489922249347,0,0.0,1.0,4,52.0,0.6632045333026949,2,321.0,0.2634844041363188,0,0.0,0.9288856876075141,6,373.0
2410.0,4,55.0,1.1224489795918366,8.46072633174769,0,0.0,1.0,2,31.0,0.778169209279949,2,166.0,0.4851975951411531,0,0.0,0.9200494318078172,4,197.0
2415.0,6,81.0,1.588235294117647,8.097860666606095,0,0.0,0.6983797788134666,3,40.0,0.5894101777189897,3,50.0,0.37435481483776084,0,0.0,0.9558041029870625,6,90.0
2420.0,7,96.0,1.8823529411764706,7.523103865363279,1,4.0,0.0867777549838949,5,65.0,0.503930942667867,1,42.0,0.6938727473612639,0,0.0,0.9699940695338564,7,111.0
2425.0,9,140.0,2.857142857142857,7.357378939795871,3,21.0,0.16317425398221222,5,90.0,0.35151428626802445,1,47.0,0.8000233636104429,0,0.0,0.9559372689862745,9,158.0
2430.0,8,170.0,3.4,7.578457579806287,3,36.0,0.00457659739360379,4,103.0,0.45862444079526166,1,49.0,0.7285020691394974,0,0.0,0.9469610496506453,8,188.0
2435.0,10,220.0,4.4,7.178773126687883,4,56.0,0.011077587802958965,5,128.0,0.47237456354239504,1,57.0,0.7687202855560208,0,0.0,0.9579450572590207,10,241.0
2440.0,12,227.0,4.829787234042553,6.9514411573715185,5,80.0,6.442731422474828e-05,7,159.0,0.2869130817484617,0,9.0,0.977384031060295,0,0.0,0.6405154705567577,12,248.0
2445.0,13,292.0,6.3478260869565215,6.57700233508176,5,105.0,0.0,7,194.0,0.292414706706521,0,9.0,0.7895603290148732,1,5.0,0.6120029944496022,13,313.0
2450.0,13,191.0,4.1521739130434785,5.864308339266823,5,130.0,0.0,3,125.0,0.3876939598755757,3,16.0,0.36370998000184374,2,11.0,0.482155490853851,13,282.0
2455.0,10,196.0,4.260869565217392,6.058582828893138,5,155.0,0.0,2,25.0,0.39288707780829535,3,31.0,0.21462879850449287,0,5.0,0.5518764636988014,10,216.0
2460.0,9,216.0,4.595744680851064,6.245928661417605,5,180.0,0.0,3,39.0,0.19793340002889392,0,9.0,0.5844183252738243,0,0.0,0.9775378106626241,8,228.0
2465.0,9,258.0,5.608695652173913,6.850455764664469,5,208.0,0.091155651037023,4,59.0,0.323756250565067,0,3.0,0.8566607157464656,0,0.0,0.9730081149459207,9,270.0
2470.0,5,227.0,4.54,6.52088704651246,5,236.0,0.06661000777041823,0,0.0,0.6962927990904005,0,3.0,0.9068693788315356,0,0.0,0.9583519743517822,5,239.0
2475.0,7,254.0,5.291666666666667,6.600583436036661,6,262.0,0.011357566392905648,0,0.0,0.8386744980060973,1,4.0,0.6321006327865398,0,0.0,0.9961122554480316,7,266.0
2480.0,10,293.0,6.23404255319149,6.941648439688797,8,295.0,0.001631780916322288,0,0.0,0.9397984326370011,2,16.0,0.7029812851678325,0,0.0,0.9404944326503542,10,311.0
2485.0,11,346.0,7.061224489795919,6.676194497662173,8,335.0,0.0003249143953173931,0,0.0,0.959201734083838,2,26.0,0.560342089585551,0,0.0,0.9822797142850723,10,361.0
2490.0,13,407.0,7.980392156862745,6.15935350096131,8,375.0,4.787041125600606e-05,0,0.0,0.7503574820722813,3,41.0,0.5447747991928041,1,1.0,0.501509320721564,12,417.0
2495.0,15,479.0,9.392156862745098,5.904488674376942,8,415.0,4.89616294574446e-06,2,8.0,0.48763551594302096,3,50.0,0.4721161483270284,0,0.0,0.9570072093532782,13,473.0
2500.0,18,563.0,11.26,4.715547807022519,8,455.0,0.0,3,21.0,0.28168610991728066,3,68.0,0.4931846588526936,0,0.0,0.9976768968871679,14,544.0
2505.0,20,652.0,12.30188679245283,4.4201661956906975,8,495.0,0.0,3,36.0,0.1639899651482203,5,86.0,0.12660220373362271,0,0.0,0.9565985234351742,16,617.0
2510.0,18,705.0,13.30188679245283,4.3305973690858615,8,535.0,0.0,0,4.0,0.4894870861023651,6,115.0,0.21998812336938098,0,0.0,0.9660310413829517,14,654.0
2515.0,15,314.0,5.9245283018867925,4.731216881474125,2,290.0,0.06945896919162017,1,2.0,0.6564899634008426,7,147.0,0.11027537481970459,0,0.0,0.9895473229111335,10,439.0
2520.0,15,310.0,5.961538461538462,5.362937804572011,0,80.0,0.40040776679403395,1,10.0,0.593930600662848,8,192.0,0.17359422837203878,0,0.0,0.9816222610013524,9,282.0
2525.0,14,290.0,5.087719298245614,6.139861099373411,0,0.0,1.0,1,15.0,0.6224490048595231,6,180.0,0.22714120692963696,0,0.0,0.8943676839072948,7,195.0
2530.0,12,297.0,5.303571428571429,6.681398160733344,0,0.0,1.0,1,23.0,0.6747184670345197,5,120.0,0.2772859673156223,1,3.0,0.49260427329363876,7,146.0
2535.0,11,233.0,4.314814814814815,6.398171026819579,0,0.0,0.05055418700769284,3,34.0,0.4986716674994011,5,147.0,0.361232093794059,0,0.0,0.9512564128531564,8,181.0
2540.0,14,297.0,5.5,5.681039200236669,1,3.0,0.00032044688016891676,4,53.0,0.3821738913385622,5,169.0,0.3131392361601017,0,0.0,0.9637714055728017,10,225.0
2545.0,14,269.0,5.0754716981132075,5.158504324498134,1,8.0,0.0,6,78.0,0.3144229618415623,6,197.0,0.1219866556129189,0,0.0,0.9414466731299405,13,283.0
2550.0,13,313.0,6.26,5.408444551814855,1,13.0,0.0,4,78.0,0.3262826118634988,7,228.0,0.18609811758066497,0,0.0,0.9679875233144364,12,319.0
2555.0,15,385.0,7.857142857142857,5.437133061836622,1,18.0,0.0,4,98.0,0.3115015955101053,9,270.0,0.09438407633136195,0,0.0,0.9580201999408543,14,386.0
2560.0,16,444.0,9.061224489795919,5.523128740189364,1,23.0,0.0,4,118.0,0.3771407622857524,10,322.0,0.22447141556482003,0,0.0,0.965570398276329,15,463.0
2565.0,8,174.0,3.48,5.828247985089081,1,28.0,0.0,5,142.0,0.35968906505224074,1,97.0,0.41261735350559336,1,1.0,0.6060874805210953,8,268.0
2570.0,7,203.0,4.142857142857143,6.471258953390434,1,42.0,0.3881352208879737,5,170.0,0.3323071974670623,0,14.0,0.8136766404395115,1,6.0,0.3436925324532505,7,232.0
2575.0,9,243.0,4.584905660377358,6.2857853136534985,2,48.0,0.13557006009330627,5,202.0,0.48085195804721254,0,6.0,0.9628057447237773,2,15.0,0.47678096677527393,9,271.0
2580.0,11,273.0,5.352941176470588,6.198911026236771,4,63.0,0.02066622231883577,7,232.0,0.4299248509015129,0,6.0,0.9522028457908992,0,8.0,0.6729469482245293,11,309.0
2585.0,11,326.0,6.269230769230769,6.148751793770115,4,82.0,0.041815995607679624,7,267.0,0.4013902968354956,0,6.0,0.7720586881217597,0,0.0,0.9716109289133343,11,355.0
2590.0,13,377.0,7.113207547169812,5.609850925809981,6,108.0,0.025978590456987367,6,292.0,0.353421871163016,1,8.0,0.09557867791774634,0,0.0,0.9367096212034615,13,408.0
2595.0,11,333.0,5.842105263157895,6.231432345950459,1,33.0,0.027293654487093776,6,314.0,0.38113933344113804,4,26.0,0.19506019143706327,0,0.0,0.9549912340036324,11,373.0
2600.0,10,377.0,6.614035087719298,7.036923001375451,0,6.0,0.18961441174283977,6,341.0,0.38269409428991225,4,49.0,0.37185419903525707,0,0.0,0.9501646130681894,10,396.0
2605.0,12,429.0,7.271186440677966,7.08708076303012,0,0.0,1.0,6,371.0,0.18241946624382385,6,71.0,0.2389689838394972,0,0.0,0.941834422263246,12,442.0
2610.0,13,491.0,8.46551724137931,6.959258904054582,0,0.0,1.0,7,403.0,0.12039521508325576,6,101.0,0.22025136630464917,0,0.0,0.4794126884965135,13,504.0
2615.0,12,449.0,7.741379310344827,6.582804858134724,0,0.0,1.0,8,441.0,0.10649572413414396,1,41.0,0.2811311834051624,1,5.0,0.6498212761602713,10,487.0
2620.0,12,504.0,8.542372881355933,6.467736915039829,0,0.0,0.030483052175845265,8,484.0,0.16178689047330966,0,7.0,0.58492109003964,1,10.0,0.3379941891307989,9,501.0
2625.0,15,574.0,10.436363636363636,6.0944390361700105,1,7.0,0.0209718105313162,8,530.0,0.33662938944299164,1,2.0,0.0006965394811767778,2,19.0,0.32245684812910935,12,558.0
2630.0,12,245.0,4.454545454545454,4.938029981166248,2,16.0,0.07702791940385527,5,351.0,0.3405832160154894,1,7.0,0.0,2,29.0,0.1716929950025177,10,403.0
2635.0,7,107.0,1.9814814814814814,5.464733810566907,2,26.0,0.008765746241804163,2,58.0,0.5780233658104064,1,12.0,0.0,0,0.0,0.4776999323180552,5,96.0
2640.0,7,117.0,2.1272727272727274,6.729423367156781,3,38.0,0.0020388463234215968,2,42.0,0.7433150793744421,1,24.0,0.505724027533101,0,0.0,0.909400601256864,6,104.0
2645.0,9,129.0,2.3454545454545452,7.156001394341196,3,53.0,0.00015957586977592006,2,52.0,0.7301785786493621,4,37.0,0.325982138847384,0,0.0,0.9499054704811782,9,142.0
2650.0,7,115.0,2.090909090909091,7.386885031363223,3,68.0,4.020974240307429e-05,0,0.0,0.9767243851941945,4,57.0,0.456029692609202,0,0.0,0.9595856372869372,7,125.0
2655.0,4,70.0,1.4,7.719322022467437,0,16.0,0.019043942185587297,0,0.0,0.8319142799783151,4,103.0,0.4455306212358588,0,0.0,0.9809652631524152,4,119.0
2660.0,3,39.0,0.78,7.886553634858038,0,0.0,1.0,0,0.0,0.9584832711853256,2,70.0,0.6987428664710558,1,1.0,0.6543506855922222,3,71.0
2665.0,3,54.0,1.0384615384615385,8.679006983607055,0,0.0,1.0,0,56.0,0.7456804422419397,2,80.0,0.7232025190680093,1,6.0,0.7145034702340415,3,142.0
2670.0,4,73.0,1.3773584905660377,8.446371937926042,0,0.0,1.0,0,86.0,0.9148905695266386,3,94.0,0.5499893512178626,1,11.0,0.6899451627040457,4,191.0
2675.0,10,107.0,2.0576923076923075,6.952617065105863,0,0.0,1.0,1,37.0,0.7510820197424856,5,116.0,0.49028022058999055,2,17.0,0.46532477051944027,8,170.0
2680.0,7,118.0,2.4081632653061225,6.843245088163854,0,0.0,1.0,2,55.0,0.5544570817252297,5,141.0,0.42579675180696913,0,0.0,0.5946395506322267,7,196.0
2685.0,7,71.0,1.392156862745098,7.148714414233295,0,0.0,1.0,3,70.0,0.5435373385891287,4,110.0,0.34655977527597426,0,0.0,0.9462964731016665,7,180.0
2690.0,10,96.0,1.9591836734693877,6.419574559108704,0,0.0,1.0,4,76.0,0.46779628338891843,6,67.0,0.27002021124846237,0,0.0,0.9811421561670159,10,143.0
2695.0,15,162.0,3.24,5.490893364242786,0,0.0,1.0,7,102.0,0.41065846760670455,8,104.0,0.15259122231058064,0,0.0,0.9920076258630113,15,206.0
2700.0,19,244.0,4.88,5.09408154799025,0,0.0,1.0,9,139.0,0.2758957976377683,10,149.0,0.15342015827984426,0,0.0,0.9317256066664877,19,288.0
2705.0,13,233.0,4.314814814814815,4.774984302591212,0,0.0,1.0,10,186.0,0.22953901541727495,3,98.0,0.18506986174077297,0,0.0,0.9549610272126117,13,284.0
2710.0,14,301.0,5.574074074074074,5.412468667525407,0,3.0,0.5625993574702741,11,248.0,0.3154777889967339,3,94.0,0.3869945386312768,0,0.0,0.8069015950563099,14,345.0
2715.0,15,373.0,6.907407407407407,5.794865370830123,0,0.0,0.6045834232150086,11,303.0,0.33340107367180116,3,109.0,0.47533542077725865,1,2.0,0.4812242335446625,15,414.0
2720.0,18,448.0,7.724137931034483,5.709759396075795,0,0.0,1.0,13,361.0,0.19517026342022584,3,124.0,0.19535823222082743,0,0.0,0.9600520842151212,16,485.0
2725.0,23,551.0,9.338983050847459,5.407659283533823,0,0.0,1.0,15,432.0,0.18177431397485755,5,148.0,0.21951832172459934,0,0.0,0.9712474362146998,20,580.0
2730.0,25,672.0,11.389830508474576,5.016128437229815,0,0.0,1.0,15,507.0,0.23454442154975733,6,174.0,0.0029043472206602278,0,0.0,0.9584193195016637,21,681.0
2735.0,18,528.0,8.655737704918034,5.289304614520274,0,0.0,1.0,11,461.0,0.24920985761807218,7,209.0,3.6121308326019623e-06,0,0.0,0.9972013111069532,18,670.0
2740.0,14,476.0,7.80327868852459,5.6393587694659875,0,0.0,1.0,7,299.0,0.18907550893562403,7,244.0,0.0827093000730687,0,0.0,0.9757399301206094,14,543.0
2745.0,11,494.0,8.372881355932204,6.064442561275448,0,0.0,1.0,7,279.0,0.06673152578329414,4,230.0,0.3326158128654285,0,0.0,0.961691864635094,11,509.0
2750.0,15,561.0,9.672413793103448,6.222228112701635,0,0.0,1.0,10,325.0,0.08293244612424154,5,251.0,0.3219360889999758,0,0.0,0.9397284550330562,15,576.0
2755.0,16,637.0,11.175438596491228,6.03774636876722,0,0.0,1.0,11,383.0,0.23711330392533078,5,276.0,0.41802760994887167,0,0.0,0.9623897137527537,16,659.0
2760.0,16,717.0,12.152542372881356,6.583209941410218,0,0.0,1.0,11,438.0,0.25446858258295624,5,301.0,0.461471758712969,0,0.0,0.9873753181340792,16,739.0
2765.0,17,800.0,14.035087719298245,6.495134924665082,0,0.0,1.0,11,493.0,0.24983560902956628,5,326.0,0.4287061368085972,0,0.0,0.9798694030774998,16,819.0
2770.0,18,887.0,15.56140350877193,6.313994187803344,0,0.0,1.0,11,545.0,0.3039790412403739,6,353.0,0.41396607742404795,0,0.0,0.9850133612668204,17,898.0
2775.0,20,982.0,16.64406779661017,6.2790551108940145,0,0.0,1.0,12,604.0,0.30728472310974814,7,384.0,0.30881594183699324,0,0.0,0.9566212909481822,19,988.0
2780.0,21,1067.0,18.084745762711865,5.005969835937883,0,0.0,1.0,12,664.0,0.2136086424591815,8,421.0,0.18599538656931472,1,1.0,0.4877651642636667,21,1086.0
2785.0,23,1171.0,20.189655172413794,4.524584720789044,0,0.0,1.0,12,721.0,0.1572938572182198,11,466.0,0.001999226703172509,0,0.0,0.9467297161066623,23,1187.0
2790.0,25,1251.0,21.56896551724138,4.917892507165326,0,0.0,1.0,15,790.0,0.10412838819563196,10,484.0,0.05984087385801234,0,0.0,0.9656542601865312,25,1274.0
2795.0,26,1377.0,22.57377049180328,4.889056203792312,0,3.0,0.99065927462749,15,865.0,0.09740647135202164,11,530.0,6.668835162781253e-05,0,0.0,0.952493935448027,26,1398.0
2800.0,28,1513.0,24.403225806451612,5.176734764928581,1,4.0,0.00549953842107594,16,945.0,0.08594254085476272,11,585.0,0.14524729492106744,0,0.0,0.9357757509209291,28,1534.0
2805.0,18,764.0,12.126984126984127,5.085137811644088,1,9.0,0.0,6,419.0,0.20419700033368376,11,640.0,0.16730138898122388,0,0.0,0.961028821853658,18,1068.0
2810.0,14,707.0,11.046875,6.03591907023847,1,14.0,0.0,0,134.0,0.4974476558417645,13,702.0,0.09381667593548762,0,0.0,0.9689576643714058,14,850.0
2815.0,15,780.0,12.1875,7.226045723226269,1,19.0,0.0,0,26.0,0.7222126214333715,14,779.0,0.2861682752563544,0,0.0,0.969763580191543,15,824.0
2820.0,18,860.0,13.23076923076923,7.026749265126442,1,24.0,0.0,1,2.0,0.7519362042684347,16,852.0,0.3124038235052747,0,0.0,0.9473803894296077,18,878.0
2825.0,17,943.0,14.734375,6.853828646004816,1,29.0,0.0,0,0.0,0.6951172455048752,16,932.0,0.3144888902630771,0,0.0,0.9784835327775675,17,961.0
2830.0,18,1032.0,16.125,6.506156661490249,1,34.0,0.0,1,4.0,0.7318597780022589,16,1012.0,0.345864269675798,0,0.0,0.9662702373071774,18,1050.0
2835.0,18,1122.0,18.7,6.434250037313964,1,39.0,0.0,1,9.0,0.3289676877404593,16,1095.0,0.3867475495204033,0,0.0,0.9674339081266886,18,1143.0
2840.0,19,1179.0,20.68421052631579,5.364942453065318,0,0.0,1.0,2,19.0,0.32463982346463816,17,1178.0,0.23154928369293507,0,0.0,0.9534244790267107,19,1197.0
2845.0,19,1250.0,21.551724137931036,4.863564685136974,0,0.0,1.0,0,0.0,1.0,19,1268.0,0.09548468221826471,0,0.0,0.9564522109617881,19,1268.0
2850.0,23,1355.0,22.583333333333332,4.61101610554605,0,0.0,1.0,0,0.0,0.944444234088879,21,1371.0,0.07433513137907378,1,1.0,0.7044745594460774,22,1372.0
2855.0,16,1032.0,17.79310344827586,5.02878236339692,0,0.0,1.0,0,12.0,0.9389890422258593,13,1157.0,0.1658939813567307,1,6.0,0.6959948236493751,14,1175.0
2860.0,14,1096.0,19.228070175438596,5.547227739527081,0,3.0,0.563747805432774,0,6.0,0.7424529296542621,11,1080.0,0.156696107342154,1,11.0,0.6950930283211529,12,1100.0
2865.0,15,1168.0,19.796610169491526,6.488640681742388,0,0.0,0.7997123293202657,1,11.0,0.7964281117832608,11,1126.0,0.20521774172472973,1,16.0,0.6190642684282551,13,1153.0
2870.0,15,1223.0,21.086206896551722,6.771066372297306,0,0.0,0.8959095929882253,2,14.0,0.7257950962354036,11,1177.0,0.14617626509440232,0,2.0,0.7269882844867243,13,1193.0
2875.0,16,1303.0,22.46551724137931,6.739538685679803,0,0.0,0.9815002250923719,2,39.0,0.7379444362692206,11,1235.0,0.1686582260147735,0,0.0,0.73017270453584,13,1274.0
2880.0,17,1385.0,23.879310344827587,6.780943087990232,1,2.0,0.4967813443250067,2,50.0,0.7805059189621676,11,1284.0,0.06862211663352934,0,0.0,0.9339618695934357,14,1336.0
2885.0,18,1012.0,16.322580645161292,6.241082568837421,2,9.0,0.00010073499125848751,3,61.0,0.6349039577587186,10,1121.0,0.008449490745006267,0,0.0,0.9766764806238302,15,1191.0
2890.0,10,316.0,5.3559322033898304,6.784338963899572,2,19.0,0.0,3,55.0,0.6763928170126771,5,757.0,0.09676471605242888,0,0.0,0.6231829095467409,10,831.0
2895.0,8,100.0,1.7241379310344827,7.380070121677109,2,29.0,0.0,3,67.0,0.43614586340246253,1,485.0,0.30442549007564745,1,5.0,0.6303371662706779,7,586.0
2900.0,7,132.0,2.4444444444444446,7.721594528010356,2,39.0,0.0,3,82.0,0.4769664163067039,1,200.0,0.6325943768390477,1,10.0,0.6477263103779397,7,331.0
2905.0,8,150.0,2.7777777777777777,7.368237269655056,2,49.0,0.17201230925512015,4,101.0,0.3258053223727508,1,184.0,0.44213649848783226,1,15.0,0.6393426381014393,8,349.0
2910.0,10,180.0,3.272727272727273,6.95274822494364,3,63.0,1.4263819947861406e-05,4,121.0,0.19151947246459816,3,195.0,0.4800366374312377,0,0.0,0.7749322423523705,10,379.0
2915.0,10,230.0,4.2592592592592595,6.54735712962918,3,78.0,0.0,4,141.0,0.19305611430664532,3,214.0,0.5240201284193036,0,0.0,0.9350874945268309,10,433.0
2920.0,12,283.0,5.2407407407407405,6.6795526796690226,3,93.0,0.0,4,161.0,0.47943331359364927,4,227.0,0.47936423859724686,0,0.0,0.9753714668873357,11,481.0
2925.0,9,297.0,5.711538461538462,7.359246581706083,3,108.0,0.0,4,181.0,0.5382197957814021,2,153.0,0.6056441719536905,0,0.0,0.9856335513243519,9,442.0
2930.0,11,328.0,6.074074074074074,6.951829470107152,3,123.0,0.0,4,201.0,0.4365850023672575,2,18.0,0.36824116218372277,0,0.0,0.9589755042091236,9,342.0
2935.0,11,181.0,3.175438596491228,6.4639125612605834,3,138.0,0.0,1,85.0,0.5992213062214979,6,42.0,0.27286846649073665,0,0.0,0.9838861866184941,10,265.0
2940.0,14,241.0,4.303571428571429,6.507939489449756,3,153.0,0.0,1,2.0,0.7636683153800663,6,72.0,0.21614451649358746,0,0.0,0.5727678263553401,10,227.0
2945.0,19,324.0,5.586206896551724,5.903800643258374,3,168.0,0.0,2,8.0,0.6316286271464975,7,103.0,0.16725481856104207,1,5.0,0.4819843961763172,13,284.0
2950.0,17,350.0,5.932203389830509,5.0272865348490345,3,183.0,0.0,2,18.0,0.3854514103901771,3,76.0,0.020599014490139973,1,10.0,0.5630150493164124,9,287.0
2955.0,17,393.0,6.442622950819672,5.330134731650545,3,198.0,0.142718217417707,5,39.0,0.2824289093751819,3,70.0,0.0,0,0.0,0.982898921489887,11,307.0
2960.0,12,233.0,3.8833333333333333,5.593833367413185,0,59.0,0.13633506204015713,5,64.0,0.35344683292082957,3,88.0,0.3150932475361453,0,0.0,0.9553086012025144,8,211.0
2965.0,12,293.0,4.883333333333334,5.8409843339356575,0,3.0,0.4417967304714322,5,89.0,0.46929043734251563,3,100.0,0.22682168420448412,0,0.0,0.9635709593823456,8,192.0
2970.0,16,368.0,6.133333333333334,6.373880633308464,0,0.0,1.0,6,117.0,0.4356863748581002,3,115.0,0.23423082008303894,0,0.0,0.9630698551236387,9,232.0
2975.0,13,313.0,5.131147540983607,6.443236313111829,0,0.0,1.0,0,33.0,0.6389892616256269,3,130.0,0.4709260549652718,0,0.0,0.9602423938289015,3,163.0
2980.0,11,256.0,4.19672131147541,6.6579518669025965,0,0.0,1.0,0,3.0,0.7538922896956324,2,86.0,0.20649755755259505,0,0.0,0.9495939764140641,2,89.0
2985.0,9,174.0,2.8524590163934427,7.334600646921409,0,0.0,1.0,1,8.0,0.7411153462814163,2,20.0,0.5483717400761138,0,0.0,0.9696677005776301,3,28.0
2990.0,5,36.0,0.5714285714285714,8.080720464912373,0,0.0,0.9070592150445256,2,15.0,0.7648573028612244,2,24.0,0.6425206074991484,0,0.0,0.9721895902718916,4,39.0
2995.0,3,32.0,0.5245901639344263,7.995559382750852,0,0.0,1.0,0,3.0,0.6876038999667917,2,32.0,0.6242431727291763,1,1.0,0.4820108119844152,3,36.0
3000.0,6,40.0,0.7017543859649122,8.014318870787273,0,0.0,1.0,2,10.0,0.5822733806501093,1,74.0,0.8092350287592843,1,5.0,0.4713342989751935,4,89.0
3005.0,6,70.0,1.25,7.935816283626599,0,0.0,1.0,2,20.0,0.6216335401518193,1,79.0,0.6353954403578275,1,10.0,0.47383722216883567,4,109.0
3010.0,8,91.0,1.5964912280701755,7.3345678298227295,0,0.0,1.0,3,51.0,0.4658842853032872,3,89.0,0.3219230829943269,0,0.0,0.9451543654361105,6,140.0
3015.0,7,93.0,1.7884615384615385,6.236517189436904,0,0.0,1.0,1,21.0,0.412291844942104,4,133.0,0.25769687026179217,0,0.0,0.9926354749387273,5,154.0
3020.0,10,79.0,1.5490196078431373,5.575624914348037,0,0.0,1.0,2,25.0,0.3262104682783001,2,90.0,0.028058069429302935,0,0.0,0.956429538256703,4,115.0
3025.0,10,100.0,1.8518518518518519,6.548069436565378,0,3.0,0.5711114315916149,2,38.0,0.5820118783427386,3,109.0,0.46296266193552776,0,0.0,0.8938994568772124,5,150.0
3030.0,7,74.0,1.3454545454545455,7.33783952489222,2,8.0,0.15125086738146484,2,52.0,0.7203474365102651,3,124.0,0.46983708807925256,0,0.0,0.988489629089203,7,184.0
3035.0,6,73.0,1.3272727272727274,7.329106389658666,2,18.0,0.01659829276353831,1,9.0,0.74979270166829,3,139.0,0.44026891277610986,0,0.0,0.972206524703542,6,166.0
3040.0,10,115.0,2.090909090909091,7.080346415371196,3,29.0,0.0026978410296219393,2,13.0,0.7121879346200409,4,158.0,0.3226523221432749,0,0.0,0.9477521411442105,9,200.0
3045.0,8,125.0,2.232142857142857,7.22574434704092,0,4.0,0.019999516368524824,2,23.0,0.6911796822275286,4,178.0,0.47610174733101596,0,0.0,0.6126603144919829,6,205.0
3050.0,9,158.0,2.8727272727272726,7.122423886160601,0,0.0,0.8919078549440996,3,37.0,0.6229215799250765,5,194.0,0.15464668143993346,1,4.0,0.48734058053669954,9,235.0
3055.0,11,209.0,3.8,6.947794904794907,0,0.0,1.0,5,58.0,0.24143460474619685,5,219.0,0.14909995433014958,1,9.0,0.4773280768288918,11,286.0
3060.0,9,158.0,2.8214285714285716,7.2450575121165155,0,0.0,1.0,6,88.0,0.2676127664925695,3,137.0,0.1981155658391613,0,0.0,0.9543856594934622,9,225.0
3065.0,10,147.0,2.7222222222222223,7.312950773512353,0,3.0,0.905718019016414,9,122.0,0.19432100120463583,1,48.0,0.4114672084578902,0,0.0,0.9820256542160681,10,173.0
3070.0,12,200.0,3.7735849056603774,6.906801019577771,0,0.0,1.0,9,166.0,0.16125729420580034,1,37.0,0.314213022006796,0,0.0,0.9625140768561218,10,203.0
3075.0,15,267.0,5.680851063829787,6.224713264990452,0,0.0,1.0,9,211.0,0.20982761722979335,3,48.0,0.008789155430642242,0,0.0,0.9496745138872588,12,259.0
3080.0,10,297.0,5.94,6.2675295135899765,0,0.0,1.0,9,256.0,0.2218845232645083,1,44.0,0.16594156975408045,0,0.0,0.9575296912526405,10,300.0
3085.0,12,354.0,7.08,6.111407734053997,0,3.0,0.6267628305066565,9,304.0,0.16463144769124252,1,49.0,0.5641260337634684,0,0.0,0.9614798697440263,10,356.0
3090.0,5,144.0,2.938775510204082,6.830133418431794,1,4.0,0.0016175578805405091,2,118.0,0.5191193045946554,1,54.0,0.6377873513225399,0,0.0,0.8418849542155646,4,176.0
3095.0,5,164.0,3.5652173913043477,7.807757354033037,1,9.0,0.0,2,103.0,0.7214806936854057,2,61.0,0.034396412100064215,0,0.0,0.9792896477113886,5,173.0
3100.0,5,123.0,2.5625,8.376261642540404,1,14.0,0.0,3,115.0,0.653334462962206,1,18.0,0.6038474846144974,0,0.0,0.9467975583277151,5,147.0
3105.0,4,132.0,2.8085106382978724,8.959455468125368,0,0.0,1.0,3,130.0,0.6045244923975632,1,17.0,0.6540043242649602,0,0.0,0.9409745963459957,4,147.0
3110.0,4,144.0,3.0,8.452390870290564,0,0.0,1.0,2,133.0,0.6078543549366674,2,26.0,0.6756360215679187,0,0.0,0.71965296447013,4,159.0
3115.0,8,171.0,3.3529411764705883,7.476061401091054,0,0.0,1.0,3,145.0,0.2564413672998966,3,38.0,0.6028385499633075,2,3.0,0.308729602934346,8,186.0
3120.0,7,181.0,3.693877551020408,6.293933859463824,0,0.0,1.0,5,165.0,0.20394053930010375,1,32.0,0.6637668633022149,1,8.0,0.12003194342809669,7,205.0
3125.0,14,241.0,5.020833333333333,5.791971147460077,0,0.0,1.0,7,201.0,0.2888321449928169,2,34.0,0.5021621531423883,2,18.0,0.2318797568936227,11,253.0
3130.0,12,243.0,4.959183673469388,5.84722958325666,0,0.0,1.0,2,177.0,0.4546204736501838,5,58.0,0.3285630071058167,0,0.0,0.9579336725734611,7,235.0
3135.0,13,304.0,6.08,6.071625909617044,0,0.0,1.0,3,181.0,0.4592065915282526,5,89.0,0.2439170879276584,0,0.0,0.9786867097635814,8,270.0
3140.0,16,379.0,7.431372549019608,5.694126830475166,0,0.0,1.0,3,196.0,0.39056247917748543,8,127.0,0.223557033361651,0,0.0,0.9590271029850621,11,323.0
3145.0,19,469.0,8.849056603773585,5.0642396840390695,0,0.0,1.0,3,211.0,0.3894954016426884,9,169.0,0.2729926169544438,0,0.0,0.995273378256002,12,380.0
3150.0,24,578.0,11.333333333333334,4.23694806039314,0,0.0,1.0,3,223.0,0.24741741480087262,12,220.0,0.14144269781292795,0,0.0,0.9822197986112813,15,443.0
3155.0,21,553.0,10.24074074074074,4.795850360554291,0,0.0,1.0,2,217.0,0.48230465665715455,12,280.0,0.13868655910990113,0,0.0,0.840775654289176,14,497.0
3160.0,28,671.0,12.903846153846153,3.818019125443633,0,0.0,1.0,3,228.0,0.3909455091170109,12,337.0,0.18602939021320905,1,4.0,0.4752080036411957,16,569.0
3165.0,29,815.0,15.377358490566039,3.7472158739439547,0,0.0,1.0,3,248.0,0.4361752769994494,12,397.0,0.15441919433347592,1,9.0,0.48238519378943323,16,654.0
3170.0,28,949.0,16.946428571428573,3.6450205738552377,0,0.0,1.0,3,263.0,0.2597597651880016,12,457.0,0.10834263234076093,1,14.0,0.64883351931286,16,734.0
3175.0,27,1059.0,18.57894736842105,2.9260972226087443,0,0.0,1.0,2,262.0,0.2504934939775171,12,517.0,0.009006652199824373,1,19.0,0.3193183796871716,15,798.0
3180.0,31,1158.0,20.31578947368421,3.171301849862109,0,0.0,1.0,3,272.0,0.1945457561848876,15,587.0,0.0007469203266605728,1,5.0,0.468467964422498,19,864.0
3185.0,18,625.0,10.775862068965518,3.9476553362678,0,0.0,1.0,4,292.0,0.18935552930124305,5,310.0,0.19503982141802137,1,10.0,0.4650470236272594,10,612.0
3190.0,9,375.0,6.25,5.30866819565656,0,3.0,0.5499450123441819,4,318.0,0.3758704832209276,1,155.0,0.40348754088237143,0,0.0,0.9282515448990146,5,476.0
3195.0,7,359.0,6.410714285714286,6.977122638179241,0,0.0,0.6886739286091045,4,341.0,0.5289787870444975,1,24.0,0.7229966153377934,0,0.0,0.9756827227917702,5,365.0
3200.0,5,334.0,5.859649122807017,7.456718755061136,0,0.0,0.9713857727283286,3,320.0,0.673443015439294,2,27.0,0.48347184534946724,0,0.0,0.9579174605456626,5,347.0
3205.0,6,356.0,5.836065573770492,7.474071853350556,0,0.0,1.0,3,335.0,0.652030491924416,1,32.0,0.6530445560043177,0,0.0,0.9548399808143034,4,367.0
3210.0,7,382.0,6.47457627118644,7.086679229700702,0,0.0,1.0,4,355.0,0.5774857780472843,2,38.0,0.48713452871831286,0,0.0,0.9756578747120003,6,393.0
3215.0,8,415.0,7.033898305084746,7.103561874017206,0,0.0,1.0,5,411.0,0.5887569023651654,2,45.0,0.32299160873180094,0,0.0,0.9931219475954537,7,456.0
3220.0,13,471.0,8.563636363636364,6.0828904217466295,0,0.0,1.0,7,441.0,0.3596879579891285,5,66.0,0.15852014936131126,0,0.0,0.9468116542947107,12,507.0
3225.0,15,537.0,9.944444444444445,5.559983410685647,0,0.0,1.0,9,451.0,0.21380103155758062,5,85.0,0.1503366406569892,0,0.0,0.9502130716726662,14,536.0
3230.0,19,626.0,11.81132075471698,5.177512945773974,0,0.0,1.0,9,584.0,0.21293949690846445,5,132.0,0.28821673242608753,0,0.0,0.9603436235911657,14,716.0
3235.0,20,702.0,12.763636363636364,5.5607446596917445,0,0.0,1.0,11,589.0,0.19441823358395072,6,138.0,0.13492168906346733,0,0.0,0.978571722926921,17,727.0
3240.0,9,584.0,10.618181818181819,5.735546724163774,0,0.0,1.0,3,476.0,0.2975389799593165,6,168.0,0.1285016449686981,0,0.0,0.9287312888428516,9,644.0
3245.0,11,633.0,10.913793103448276,6.953192713236065,0,0.0,1.0,4,434.0,0.4780511280923266,7,199.0,0.00020100021393812964,0,0.0,0.9634518534782466,11,633.0
3250.0,9,580.0,10.175438596491228,6.836053851614881,0,0.0,1.0,4,454.0,0.2684683943440291,5,168.0,0.3218078696864559,0,0.0,0.719985073119775,9,622.0
3255.0,13,641.0,11.051724137931034,7.252639217601992,0,0.0,1.0,5,482.0,0.41952480364492123,6,172.0,0.4380341080306387,1,4.0,0.4963519695303358,12,658.0
3260.0,12,697.0,11.813559322033898,7.475643272801276,0,0.0,1.0,5,507.0,0.36990777358473514,6,196.0,0.40222054448052597,0,0.0,0.9749525233020007,11,703.0
3265.0,13,750.0,12.711864406779661,7.813705301275363,0,0.0,1.0,6,535.0,0.3038868471506127,7,233.0,0.481659238153798,0,0.0,0.9375440728618081,13,768.0
3270.0,12,790.0,13.620689655172415,6.422407615304556,0,0.0,1.0,6,565.0,0.3200284850646597,6,262.0,0.32275739241701074,0,0.0,0.9818111704731926,12,827.0
3275.0,14,859.0,15.070175438596491,5.858221845711258,0,0.0,1.0,6,595.0,0.2626036803376727,7,275.0,0.1830523343346048,0,0.0,0.9634169200548683,13,870.0
3280.0,16,877.0,14.616666666666667,5.632867543678304,0,0.0,0.8712785182924857,4,561.0,0.36614227225975454,10,323.0,0.1536928954767929,0,0.0,0.9877125119508305,14,884.0
3285.0,20,974.0,17.087719298245613,5.150441470661448,0,0.0,1.0,5,579.0,0.274797137190881,11,377.0,0.0651485515499272,0,0.0,0.996119790757584,16,956.0
3290.0,22,1080.0,18.94736842105263,4.9243032587232625,0,0.0,1.0,5,604.0,0.2706164680293055,12,440.0,0.06357913245994379,0,0.0,0.9390885723767171,17,1044.0
3295.0,26,1203.0,20.389830508474578,4.627516298965704,0,0.0,1.0,6,629.0,0.1466740188175122,14,508.0,0.11401963564808262,0,0.0,0.9861772151499955,20,1137.0
3300.0,29,1341.0,23.120689655172413,4.33684003006755,0,0.0,1.0,6,658.0,0.1747080534002578,15,581.0,0.11626648771929896,0,0.0,0.5045510275949091,21,1239.0
3305.0,32,1497.0,26.732142857142858,3.689038741476519,0,0.0,1.0,6,688.0,0.12577605713815604,15,656.0,0.08287526259505489,1,5.0,0.4691001356104473,22,1349.0
3310.0,29,1605.0,29.181818181818183,3.520411986126909,0,0.0,1.0,6,771.0,0.19251684309452727,14,698.0,0.11611889638345857,0,0.0,0.9432272408557425,20,1469.0
3315.0,30,1751.0,30.719298245614034,4.235251811446995,0,0.0,1.0,6,801.0,0.30684381917704584,14,769.0,0.08697148794741758,0,0.0,0.9700404921192953,20,1570.0
3320.0,31,1905.0,33.421052631578945,3.5604221188509344,0,0.0,1.0,6,778.0,0.1509973346725695,15,843.0,0.07498983261883205,0,0.0,0.9862033981275403,21,1621.0
3325.0,29,1888.0,33.714285714285715,3.335453059831994,0,0.0,1.0,4,734.0,0.1706456904148369,16,919.0,0.002484237748470846,0,0.0,0.9281589553875452,20,1653.0
3330.0,15,1062.0,18.63157894736842,4.1241148883129215,0,0.0,1.0,4,754.0,0.1972973711263526,4,429.0,0.018688986005110198,0,0.0,0.9320619749904722,8,1183.0
3335.0,9,803.0,13.383333333333333,5.323445115941899,0,6.0,0.6488937108389781,4,780.0,0.46914818254691787,0,158.0,0.4826682277183798,0,0.0,0.6699022218393335,4,944.0
3340.0,5,797.0,13.508474576271187,6.064946521582734,0,9.0,0.15706342223755237,4,803.0,0.5721187225802162,0,6.0,0.9788411864330067,1,3.0,0.6489217214398322,5,821.0
3345.0,5,822.0,14.172413793103448,6.103728682971809,0,3.0,0.09426859349420613,4,820.0,0.5626187193647364,0,6.0,0.810407042040516,1,8.0,0.5034079199755129,5,837.0
3350.0,9,851.0,13.950819672131148,6.52472945765829,0,0.0,0.23990701867252787,5,845.0,0.6060913753412388,1,8.0,0.7972936259745121,0,1.0,0.3972321156456311,6,854.0
3355.0,9,877.0,14.37704918032787,6.679401136300984,0,0.0,1.0,6,871.0,0.5329757795133219,1,16.0,0.64911362318586,0,0.0,0.4969290188486508,7,887.0
3360.0,10,919.0,15.065573770491802,6.885094866241402,0,0.0,1.0,6,901.0,0.5643040580001144,4,27.0,0.30064534498574413,0,0.0,0.8219544622408939,10,928.0
3365.0,14,979.0,16.049180327868854,6.6729502985229985,0,0.0,1.0,8,935.0,0.41505017342523504,6,53.0,0.11951762540465978,0,0.0,0.8948893541583302,14,988.0
3370.0,17,1058.0,16.793650793650794,5.9626292178247065,0,0.0,1.0,9,976.0,0.23362364525320767,8,91.0,0.09658290034144021,0,0.0,0.8807340411802097,17,1067.0
3375.0,19,1149.0,19.15,5.795780864951385,0,0.0,1.0,10,1024.0,0.17004924996354975,9,178.0,0.1991983045905212,0,0.0,0.8555889855793101,19,1202.0
3380.0,23,1200.0,21.428571428571427,4.6963620967879365,0,0.0,1.0,14,1083.0,0.06390793966897639,8,205.0,0.23190171031419005,1,1.0,0.41928727657139164,23,1289.0
3385.0,20,1198.0,20.655172413793103,5.1155909176723,0,0.0,1.0,7,1092.0,0.22992297356047908,10,237.0,0.1575943217823725,3,8.0,0.3629252716051584,20,1337.0
3390.0,18,1279.0,21.677966101694917,6.068458262808733,0,0.0,1.0,6,1102.0,0.22864622817636912,10,287.0,0.07667315715746074,2,13.0,0.48104961543263025,18,1402.0
3395.0,19,1373.0,23.271186440677965,6.5867827724769805,0,0.0,1.0,6,1082.0,0.13857353743071574,11,350.0,0.29997816515256037,2,23.0,0.3304582043630064,19,1455.0
3400.0,22,1478.0,24.229508196721312,6.419097748353974,0,0.0,1.0,7,1117.0,0.12083314877077442,13,410.0,0.21825903602912755,2,33.0,0.3152067103116683,22,1560.0
3405.0,22,1588.0,24.43076923076923,6.464826747007606,0,0.0,1.0,7,1152.0,0.1210465324939834,13,475.0,0.1626366618555425,2,43.0,0.057675787984908244,22,1670.0
3410.0,24,1707.0,25.863636363636363,6.0752238173291,0,0.0,1.0,7,1187.0,0.11990245662194987,15,549.0,0.21198724665937643,2,53.0,0.2817585603780225,24,1789.0
3415.0,25,1830.0,28.153846153846153,5.9099418360469915,0,0.0,1.0,7,1222.0,0.12005337268312194,16,627.0,0.1838191996050153,2,63.0,0.4637903854422125,25,1912.0
3420.0,25,1944.0,31.35483870967742,4.884965972391922,0,0.0,1.0,7,1257.0,0.12419633815942982,16,696.0,0.11456666668961954,2,73.0,0.46100721273015366,25,2026.0
3425.0,23,1312.0,19.87878787878788,4.913423509203676,0,0.0,1.0,5,903.0,0.1347343752478394,16,773.0,0.05837149389191716,2,83.0,0.6360860120781263,23,1759.0
3430.0,20,907.0,14.171875,5.02155293033965,0,0.0,1.0,2,551.0,0.33761241058615915,16,856.0,0.09597314120404643,2,93.0,0.6250532487760995,20,1500.0
3435.0,22,1017.0,15.409090909090908,5.217138204461186,0,0.0,1.0,2,183.0,0.4593534013080432,18,946.0,0.1626430007404103,2,103.0,0.38829708180468175,22,1232.0
3440.0,12,494.0,7.373134328358209,5.5281895699480295,0,0.0,1.0,2,60.0,0.25362163432193585,7,611.0,0.26962607009548434,3,117.0,0.5331824205230487,12,788.0
3445.0,5,236.0,3.5223880597014925,6.267501135731811,0,6.0,0.5811354834000011,1,23.0,0.27450363015404705,4,412.0,0.41486554133973,0,65.0,0.7109627588523587,5,506.0
3450.0,8,273.0,4.136363636363637,7.795785385574869,0,0.0,0.7664717752708313,2,36.0,0.635186109685366,6,317.0,0.5098712110736476,0,0.0,0.9454821757942754,8,353.0
3455.0,8,313.0,4.6716417910447765,8.167978653889783,0,0.0,0.9138601303166255,2,93.0,0.7211000569591931,6,346.0,0.5034496190582328,0,0.0,0.9877534035496824,8,439.0
3460.0,11,364.0,5.352941176470588,7.555009058694291,1,3.0,0.0005661394756338387,2,103.0,0.7643085577954949,6,376.0,0.4277214815702394,0,0.0,0.956235302261886,9,482.0
3465.0,13,404.0,6.029850746268656,6.50208693085114,1,8.0,0.4692986434703796,2,66.0,0.7303235117960188,7,390.0,0.22830123909061217,0,0.0,0.7383530785753916,10,464.0
3470.0,18,420.0,6.268656716417911,6.1362030004352475,2,16.0,0.00026245713553979186,0,6.0,0.8562909458169976,8,429.0,0.15045639395903385,1,3.0,0.4817516461721063,11,454.0
3475.0,17,469.0,7.0,6.040461829164985,2,26.0,0.0,0,0.0,0.79680905047782,8,463.0,0.010137240052481601,1,8.0,0.6267084045266845,11,497.0
3480.0,16,513.0,7.892307692307693,6.45870804789568,2,36.0,0.0,1,41.0,0.778470817140772,9,514.0,0.23360822331208053,1,13.0,0.6305225696074722,13,604.0
3485.0,14,563.0,9.229508196721312,6.605550756130173,2,46.0,0.0,1,46.0,0.6820887891313074,9,559.0,0.3441579254163197,0,0.0,0.9856801658973021,12,651.0
3490.0,14,416.0,6.709677419354839,6.429267055445851,2,56.0,0.0,2,15.0,0.6218159644924142,8,450.0,0.2904382884482076,0,0.0,0.9913960468836199,12,521.0
3495.0,10,169.0,2.7704918032786887,6.775012186263234,2,66.0,0.0,3,30.0,0.4949109213475668,4,250.0,0.37937626595557744,0,0.0,0.9636886790189704,9,346.0
3500.0,10,212.0,3.593220338983051,6.928469259493839,2,76.0,0.12218552555498875,4,48.0,0.4707664351922099,4,151.0,0.5709998852804303,0,0.0,0.9580109171008244,10,275.0
3505.0,14,275.0,4.508196721311475,6.313854293003486,3,91.0,0.0,6,74.0,0.4959978842467659,5,116.0,0.3846410413010622,0,0.0,0.9959328184326984,14,281.0
3510.0,9,207.0,3.45,6.749270570131796,3,106.0,0.13540117875395835,6,104.0,0.5348637055912561,0,25.0,0.5799175045243224,0,0.0,0.9980267447316212,9,235.0
3515.0,11,255.0,4.25,6.442046688775679,4,123.0,0.13731335048906904,6,140.0,0.54408162166467,0,0.0,0.9674680992946746,0,0.0,0.5002897475374537,10,263.0
3520.0,15,325.0,5.508474576271187,6.414683565067081,5,146.0,0.05958800520116499,7,173.0,0.5443007263507065,0,0.0,0.8612794910099497,1,5.0,0.49556281402279573,13,324.0
3525.0,17,395.0,6.810344827586207,5.573098500557537,6,173.0,0.006061076092028795,7,208.0,0.5083764501442534,1,2.0,0.617335977527961,0,0.0,0.9546006925976381,14,383.0
3530.0,14,319.0,5.406779661016949,4.861257295794429,8,208.0,0.003158221800109976,3,178.0,0.3658117353934407,0,3.0,0.799770140957189,0,0.0,0.9486617150875447,11,389.0
3535.0,15,311.0,5.553571428571429,6.144818133960042,9,252.0,0.0008512408572276017,1,70.0,0.4875509785956143,1,5.0,0.6746751679603038,0,0.0,0.9530807287781234,11,327.0
3540.0,16,387.0,7.166666666666667,6.833650929249661,9,297.0,0.00020192226025455965,1,32.0,0.6504876479844022,2,14.0,0.5092764513323902,0,0.0,0.9802651476163899,12,343.0
3545.0,11,178.0,3.358490566037736,6.824346167958033,3,145.0,0.03635804669596765,2,26.0,0.4090552133751159,2,24.0,0.6181836380344718,0,0.0,0.9894430904613701,7,195.0
3550.0,11,176.0,3.259259259259259,7.168840152291437,0,40.0,0.2384048428095047,3,38.0,0.40350809226058776,2,34.0,0.5422359490537235,0,0.0,0.9570493709658241,5,112.0
3555.0,5,58.0,1.0943396226415094,7.771462995209764,0,2.0,0.46843547134589125,0,7.0,0.6933128452904113,3,49.0,0.4682465027778916,0,0.0,0.9374352218468154,3,58.0
3560.0,5,62.0,1.2156862745098038,7.500613714080376,0,0.0,1.0,1,8.0,0.6385017028009671,3,76.0,0.5059860872179817,0,0.0,0.9417798647379528,4,84.0
3565.0,7,86.0,1.6538461538461537,7.727218295559007,0,0.0,1.0,2,14.0,0.5700652926481155,4,90.0,0.6092402087982199,0,0.0,0.9846856229555727,6,104.0
3570.0,2,19.0,0.38,7.973508294450065,0,0.0,1.0,2,24.0,0.4575816723222308,0,12.0,0.5937219037412919,0,0.0,0.8854135658922977,2,36.0
3575.0,4,36.0,0.7659574468085106,8.107422103791395,0,0.0,1.0,2,40.0,0.4303726731967076,1,6.0,0.6529073072770426,1,4.0,0.6152107208322225,4,50.0
3580.0,5,52.0,1.1818181818181819,8.24561217854903,1,4.0,0.006972714699894302,2,50.0,0.5967397285353523,2,15.0,0.5602787552292362,0,0.0,0.9800907710937261,5,69.0
3585.0,7,81.0,1.8837209302325582,7.22671964785207,1,9.0,0.0,3,61.0,0.5045050116492913,3,31.0,0.5544472421390243,0,0.0,0.9409795432380649,7,101.0
3590.0,7,107.0,2.5476190476190474,7.7537936174705635,0,0.0,0.9822765181686339,3,76.0,0.5933166196781066,3,40.0,0.48833638424648323,0,0.0,0.990771754197438,6,116.0
3595.0,6,135.0,3.375,8.034042143974508,0,0.0,0.9599473850896982,3,91.0,0.6109410096029351,3,55.0,0.5986992906781528,0,0.0,0.9944500829127751,6,146.0
3600.0,5,121.0,2.951219512195122,8.179417193458324,0,0.0,1.0,3,106.0,0.6229495664218304,2,43.0,0.5417211513381373,0,0.0,0.9485231571646958,5,149.0
