step,system_total_stopped,system_total_waiting_time,system_mean_waiting_time,system_mean_speed,cluster_10564135163_13571629282_5146149679_stopped,cluster_10564135163_13571629282_5146149679_accumulated_waiting_time,cluster_10564135163_13571629282_5146149679_average_speed,cluster_10564135205_11749189839_3266988437_5129187741_#3more_stopped,cluster_10564135205_11749189839_3266988437_5129187741_#3more_accumulated_waiting_time,cluster_10564135205_11749189839_3266988437_5129187741_#3more_average_speed,cluster_10564135211_11749189838_12136544949_12136544951_#7more_stopped,cluster_10564135211_11749189838_12136544949_12136544951_#7more_accumulated_waiting_time,cluster_10564135211_11749189838_12136544949_12136544951_#7more_average_speed,cluster_10564135212_13571629279_13571629299_stopped,cluster_10564135212_13571629279_13571629299_accumulated_waiting_time,cluster_10564135212_13571629279_13571629299_average_speed,agents_total_stopped,agents_total_accumulated_waiting_time
0.0,0,0.0,0.0,0.0,0,0.0,1.0,0,0.0,1.0,0,0.0,1.0,0,0.0,1.0,0,0.0
5.0,0,0.0,0.0,9.897471214670203,0,0.0,1.0,0,0.0,0.9599798921313473,0,0.0,1.0,0,0.0,0.967071077473443,0,0.0
10.0,0,0.0,0.0,8.629651393207833,0,0.0,1.0,0,0.0,0.9526492662814585,0,0.0,1.0,0,0.0,0.9735569592244125,0,0.0
15.0,0,0.0,0.0,8.309556962334025,0,0.0,1.0,0,0.0,0.9522999159442822,0,0.0,1.0,0,0.0,0.9906229299218446,0,0.0
20.0,0,0.0,0.0,8.575902799086757,0,0.0,1.0,0,0.0,0.9546458224324247,0,0.0,1.0,0,0.0,0.9524366912964559,0,0.0
25.0,0,0.0,0.0,8.306501842273137,0,0.0,1.0,0,0.0,0.4774706327345057,0,0.0,1.0,0,0.0,0.9423425919744766,0,0.0
30.0,1,5.0,0.38461538461538464,8.052205136632612,0,0.0,1.0,1,5.0,0.4811323680802824,0,0.0,0.9377683229623379,0,0.0,0.9622678409434228,1,5.0
35.0,2,12.0,0.8571428571428571,7.421652020473212,0,0.0,1.0,1,10.0,0.48419178385849776,1,2.0,0.0024931163795773835,0,0.0,0.964536150737476,2,12.0
40.0,3,24.0,1.411764705882353,5.758346666439369,0,0.0,1.0,2,17.0,0.08816990212203933,1,7.0,0.0,0,0.0,0.9847101041300483,3,24.0
45.0,1,12.0,0.7058823529411765,6.482382917170706,0,0.0,1.0,0,0.0,0.7156854013544673,1,12.0,0.4133260047328214,0,0.0,0.9588302769301796,1,12.0
50.0,0,0.0,0.0,7.622245927471638,0,0.0,1.0,0,0.0,0.9855135323038702,0,0.0,0.9182736455463728,0,0.0,0.956681466652324,0,0.0
55.0,0,0.0,0.0,9.207387666335949,0,0.0,1.0,0,0.0,0.9682424491870577,0,6.0,0.9476539425607298,0,0.0,0.8820323924944857,0,6.0
60.0,0,0.0,0.0,9.216659635395246,0,0.0,1.0,0,3.0,0.9644818993299722,0,6.0,0.9369719168510304,0,0.0,0.9842191307225547,0,9.0
65.0,1,2.0,0.08695652173913043,8.284292314921174,0,0.0,1.0,0,3.0,0.8229720158210766,1,5.0,0.6558640963843141,0,0.0,0.9723351480371827,1,8.0
70.0,1,4.0,0.17391304347826086,8.553184272477882,0,0.0,1.0,1,7.0,0.80952752208945,0,3.0,0.9833461919949222,0,0.0,0.9579844222825082,1,10.0
75.0,1,9.0,0.3333333333333333,8.717234843719895,0,0.0,1.0,1,12.0,0.7563557563907086,0,3.0,0.9649924711961704,0,0.0,0.9726217891476154,1,15.0
80.0,3,17.0,0.6296296296296297,7.908613703029176,0,0.0,1.0,2,19.0,0.6400319784585496,1,1.0,0.5822877859830808,0,0.0,0.9962449112572617,3,20.0
85.0,5,16.0,0.5517241379310345,6.1434259511444855,0,0.0,1.0,0,0.0,0.9544589861373944,2,11.0,0.39189818337975646,0,0.0,0.9854709076759772,2,11.0
90.0,0,0.0,0.0,7.072982450989364,0,0.0,1.0,0,0.0,0.8209716903641028,0,0.0,0.30507541542246797,0,0.0,0.9992497009705037,0,0.0
95.0,3,9.0,0.28125,8.187791482866409,0,6.0,0.6266159812176151,1,3.0,0.4792338993852926,2,12.0,0.4873677437390246,0,0.0,0.9522116419885793,3,21.0
100.0,3,24.0,0.7272727272727273,9.110255741422478,0,0.0,1.0,1,11.0,0.5610656047006491,2,26.0,0.6435123900437879,0,0.0,0.971313712290441,3,37.0
105.0,3,39.0,1.21875,8.350949968047852,0,0.0,1.0,1,16.0,0.7302561116579549,2,39.0,0.45981724377136934,0,0.0,0.9331100324865482,3,55.0
110.0,5,60.0,1.6216216216216217,8.345764637705669,0,0.0,1.0,1,21.0,0.7752277903233773,4,55.0,0.42129772974994506,0,0.0,0.9673716214921072,5,76.0
115.0,2,16.0,0.47058823529411764,8.320654184939945,0,0.0,1.0,0,3.0,0.7136261088908358,2,46.0,0.5913063586449907,0,0.0,0.9976209032768626,2,49.0
120.0,5,34.0,1.0,7.804444474147787,0,0.0,1.0,1,8.0,0.6144780503134325,4,39.0,0.33366554497894857,0,0.0,0.9446019104925327,5,47.0
125.0,9,67.0,2.0303030303030303,6.321387813999797,0,0.0,1.0,2,16.0,0.6136562131838587,6,66.0,0.13689102654281,0,0.0,0.9667035174180376,8,82.0
130.0,11,115.0,3.1944444444444446,6.213569178852953,0,0.0,1.0,2,26.0,0.5943263678719233,7,98.0,0.10193416861805632,0,0.0,0.9710495149086578,9,124.0
135.0,6,93.0,2.657142857142857,6.064523390234319,0,0.0,1.0,4,40.0,0.19897624648499118,2,78.0,0.468042367018946,0,0.0,0.9785441210980886,6,118.0
140.0,6,123.0,3.4166666666666665,6.86117433711048,0,3.0,0.5944629096575555,4,60.0,0.196511308973864,2,76.0,0.601516935548556,0,0.0,0.9862302617508987,6,139.0
145.0,7,153.0,3.825,7.741451393304528,0,0.0,0.8288423769079315,5,83.0,0.3402211329894385,2,86.0,0.4997838350236363,0,0.0,0.9457508543562702,7,169.0
150.0,9,190.0,4.634146341463414,7.366695358237161,0,0.0,1.0,5,105.0,0.2974701940123139,3,96.0,0.42794015801822755,0,0.0,0.9607111002728539,8,201.0
155.0,2,10.0,0.23809523809523808,7.172728097166774,0,0.0,1.0,0,3.0,0.9107729756939316,2,58.0,0.3892693856799618,0,0.0,0.9680917933720419,2,61.0
160.0,3,25.0,0.5952380952380952,8.112319842200549,0,3.0,0.9142290335371746,0,3.0,0.9889166071508936,3,25.0,0.34095935263504373,0,0.0,0.9823955491334374,3,31.0
165.0,4,41.0,0.9534883720930233,8.683739776332141,0,0.0,1.0,0,3.0,0.9525301632318748,4,50.0,0.5140536755692013,0,0.0,0.964153584631471,4,53.0
170.0,4,61.0,1.4186046511627908,8.411617119888376,0,0.0,1.0,0,0.0,0.9328871239535992,4,70.0,0.4943701672332308,0,0.0,0.9373451758839811,4,70.0
175.0,4,42.0,0.9767441860465116,7.677494093808298,0,0.0,1.0,0,0.0,0.9456472658333144,2,67.0,0.5932109239924294,1,1.0,0.48837116744802395,3,68.0
180.0,3,46.0,1.0952380952380953,7.842886250820657,0,0.0,1.0,0,3.0,0.8052993523032058,1,50.0,0.6623685633265448,1,6.0,0.6222412038434657,2,59.0
185.0,5,65.0,1.5116279069767442,8.39840437399891,0,0.0,1.0,1,5.0,0.7506375610843731,2,46.0,0.6930589623860139,1,11.0,0.5582379973871946,4,62.0
190.0,5,77.0,1.7906976744186047,8.267429444372361,0,0.0,1.0,1,10.0,0.5799962055617826,2,56.0,0.6807622109585713,2,20.0,0.5516155219553406,5,86.0
195.0,3,61.0,1.4523809523809523,7.844012750411965,1,1.0,0.2733349927262926,0,3.0,0.968523964708177,2,60.0,0.20371371935386748,0,0.0,0.9520038806321125,3,64.0
200.0,2,10.0,0.23809523809523808,7.986808714005566,0,0.0,0.2362050734765721,0,3.0,0.9180573485156234,2,32.0,0.2400491001272099,0,0.0,0.9521653939385123,2,35.0
205.0,3,17.0,0.38636363636363635,8.243881496292316,0,0.0,1.0,0,3.0,0.7244349142637585,3,26.0,0.41683670632598696,0,0.0,0.9632734171590398,3,29.0
210.0,7,46.0,1.0222222222222221,8.14893674994066,0,0.0,1.0,1,5.0,0.636317440451057,6,50.0,0.13950600926190287,0,0.0,0.9401605738876346,7,55.0
215.0,10,91.0,1.9361702127659575,7.036401299055201,0,0.0,1.0,1,10.0,0.358406659228085,6,80.0,0.36661215859395374,0,0.0,0.9905012631541531,7,90.0
220.0,14,141.0,3.0652173913043477,6.078783392880158,0,0.0,1.0,0,0.0,0.9521096272969547,7,111.0,0.36922821460617566,0,0.0,0.9757828285326197,7,111.0
225.0,15,188.0,4.2727272727272725,5.140429023022558,0,0.0,1.0,0,0.0,0.9859621413641821,6,116.0,0.2957629792592404,0,0.0,0.9959202937529653,6,116.0
230.0,17,270.0,6.428571428571429,5.215474532505719,0,0.0,1.0,0,0.0,0.9505551139244116,6,146.0,0.31057269812562166,0,0.0,0.9782978577300904,6,146.0
235.0,19,361.0,8.395348837209303,4.759086417630459,0,0.0,1.0,0,0.0,0.3247587625747553,8,183.0,0.25853001407686843,0,0.0,0.9869057343682779,8,183.0
240.0,20,451.0,10.25,4.5423999969071,0,0.0,1.0,1,5.0,0.43322790872261835,8,223.0,0.22323913383576677,0,0.0,0.9555070982853853,9,228.0
245.0,19,477.0,11.093023255813954,3.987698521104586,0,0.0,1.0,1,10.0,0.5730862220206463,9,267.0,0.1320262382126456,0,0.0,0.9958417436471717,10,277.0
250.0,19,572.0,12.71111111111111,4.219908685825314,0,0.0,1.0,1,15.0,0.459475366886118,9,312.0,0.08314224971093112,0,0.0,0.9272619528438495,10,327.0
255.0,19,542.0,12.044444444444444,4.525938202363895,0,0.0,1.0,1,20.0,0.6512830612998252,12,362.0,0.07471065706288459,0,0.0,0.952283306433706,13,382.0
260.0,14,434.0,9.644444444444444,5.08863144891397,0,0.0,1.0,0,0.0,0.7845619946622019,12,422.0,0.07477342815705325,0,0.0,0.9048446972278318,12,422.0
265.0,3,60.0,1.3043478260869565,5.891928414065338,0,0.0,1.0,1,3.0,0.6375126068717369,2,213.0,0.3172015525797701,0,0.0,0.9771309800348825,3,216.0
270.0,2,10.0,0.21739130434782608,6.764842854657148,0,3.0,0.6035098193232328,1,17.0,0.6272825623853681,1,107.0,0.5225408926394829,0,0.0,0.9693336117489447,2,127.0
275.0,3,22.0,0.46808510638297873,7.75647516025552,0,0.0,0.9153442321566958,1,22.0,0.752375224234027,1,52.0,0.7694619046736502,0,0.0,0.9951781684240585,2,74.0
280.0,5,37.0,0.7551020408163265,8.318948345690957,0,0.0,1.0,1,27.0,0.8107998484449841,1,54.0,0.7573081467633684,0,0.0,0.9825584308206253,2,81.0
285.0,3,19.0,0.38,8.472875926115062,0,0.0,1.0,0,6.0,0.9381517549442928,1,59.0,0.645561754959204,0,0.0,0.9945160872068894,1,65.0
290.0,9,48.0,0.9230769230769231,7.780029878327737,0,0.0,1.0,0,6.0,0.7804311208957506,3,69.0,0.5048457054315106,0,0.0,0.9681229232282801,3,75.0
295.0,6,55.0,1.0576923076923077,7.96526064828492,0,0.0,1.0,1,11.0,0.8107048560043357,4,88.0,0.5326280865261447,0,0.0,0.971492054695131,5,99.0
300.0,8,81.0,1.588235294117647,7.398605148616177,0,0.0,1.0,3,43.0,0.5639484985483383,5,110.0,0.43552423062172285,0,0.0,0.9332803892505868,8,153.0
305.0,2,56.0,1.12,6.321924420609843,0,0.0,1.0,0,27.0,0.5382061035303161,2,140.0,0.38664610386253645,0,0.0,0.946940809085843,2,167.0
310.0,6,76.0,1.4901960784313726,6.76737089554376,0,6.0,0.5361296171652549,1,5.0,0.5990099018212641,5,158.0,0.013718553005732789,0,0.0,0.992136601048379,6,169.0
315.0,7,110.0,2.1153846153846154,7.689954390713721,0,0.0,0.819792580737688,1,10.0,0.7067536360298767,6,216.0,0.2992908061370327,0,0.0,0.9506522429693679,7,226.0
320.0,9,149.0,2.8653846153846154,8.142752335419438,0,0.0,1.0,2,16.0,0.48373809543828405,7,249.0,0.21523860867282768,0,0.0,0.9856508971714535,9,265.0
325.0,7,157.0,3.019230769230769,8.2116284212159,0,0.0,1.0,2,26.0,0.6460990824958078,5,263.0,0.2621978573899806,0,0.0,0.9786577865145842,7,289.0
330.0,5,149.0,2.759259259259259,8.461293786469971,0,0.0,1.0,1,14.0,0.7383268563059997,4,251.0,0.48618068861049457,0,0.0,0.9558561566780178,5,265.0
335.0,7,181.0,3.62,7.890695056136373,0,0.0,1.0,1,19.0,0.7140173709928977,4,271.0,0.36225010519201545,0,0.0,0.943786126583925,5,290.0
340.0,10,223.0,4.74468085106383,7.386609262857944,0,0.0,1.0,2,25.0,0.6477529785945934,5,296.0,0.23886532498314117,0,0.0,0.9412969654787724,7,321.0
345.0,11,144.0,3.0638297872340425,6.746325022610534,0,0.0,1.0,2,35.0,0.6057511474315963,5,207.0,0.1561570272240291,0,0.0,0.9596683999054066,7,242.0
350.0,13,130.0,2.7083333333333335,6.236283877828651,0,0.0,1.0,2,37.0,0.6270469056395772,3,89.0,0.37402243313637507,0,0.0,0.9535669248730217,5,126.0
355.0,15,179.0,3.891304347826087,5.390913623131743,0,0.0,1.0,4,51.0,0.39688655535604006,4,51.0,0.04989334861306122,0,0.0,0.9842918928816873,8,102.0
360.0,18,264.0,5.739130434782608,5.2922587714386,0,0.0,1.0,5,75.0,0.4092963331119053,5,75.0,0.13303632286037761,0,0.0,0.9755544197740945,10,150.0
365.0,14,261.0,5.22,5.880985181409022,0,0.0,1.0,6,101.0,0.30641718726100503,0,9.0,0.48089379963080703,0,0.0,0.9806012135489967,6,110.0
370.0,11,274.0,5.269230769230769,6.165244113718718,0,6.0,0.5641742808117388,3,92.0,0.4501636597554869,0,3.0,0.6615238340229763,0,0.0,0.9622696870338858,3,101.0
375.0,8,217.0,4.173076923076923,7.359957206530551,0,0.0,0.7350348187274849,1,69.0,0.746923253321491,1,8.0,0.6348808460011228,0,0.0,0.9859534369932318,2,77.0
380.0,9,259.0,4.980769230769231,7.386420668611119,0,0.0,1.0,1,67.0,0.7840968125944916,1,16.0,0.7023504836012119,0,0.0,0.9633328399752059,2,83.0
385.0,10,175.0,3.30188679245283,6.777399017032017,0,0.0,1.0,3,78.0,0.6086395876137184,1,21.0,0.5632562043318962,0,0.0,0.9465003743303033,4,99.0
390.0,10,134.0,2.4814814814814814,6.8875075171131055,0,0.0,1.0,2,80.0,0.6774968500901921,4,36.0,0.531196944957856,0,0.0,0.9395678937116412,6,116.0
395.0,12,182.0,3.25,6.293397691785791,0,0.0,1.0,3,91.0,0.6315522649778059,4,56.0,0.5130886838802088,0,0.0,0.9144308738766915,7,147.0
400.0,12,228.0,4.1454545454545455,6.2148990958919645,0,0.0,1.0,4,101.0,0.31741344761506496,5,80.0,0.5138143031998842,0,0.0,0.9764860912614055,9,181.0
405.0,11,198.0,3.473684210526316,6.613259992887776,0,0.0,1.0,5,122.0,0.22617994088492063,5,72.0,0.5037890086932543,0,0.0,0.9421797998367326,10,194.0
410.0,11,236.0,4.140350877192983,6.962558266312108,0,0.0,1.0,5,147.0,0.2590758643771353,6,138.0,0.5000695548228047,0,0.0,0.9554558396509139,11,285.0
415.0,12,292.0,5.214285714285714,6.115458329285322,0,0.0,1.0,5,172.0,0.28859191239971044,7,129.0,0.17712526758196112,0,0.0,0.9856924291408413,12,301.0
420.0,15,366.0,7.038461538461538,6.392687204777699,0,0.0,1.0,6,202.0,0.2415321172372623,9,173.0,0.1494181252793583,0,0.0,0.9725934424997111,15,375.0
425.0,10,275.0,5.612244897959184,5.926253970802554,0,0.0,1.0,7,233.0,0.12453775443250585,3,96.0,0.37761882030800237,0,0.0,0.9404506327618215,10,329.0
430.0,4,155.0,3.1,6.72185202521188,0,3.0,0.6264518828634609,3,193.0,0.36425050900893846,0,43.0,0.5688081943874891,0,0.0,0.9992500904071464,3,239.0
435.0,5,129.0,2.480769230769231,7.3109232832442785,1,9.0,0.0709389995220069,2,170.0,0.582873148128295,0,0.0,0.6651192714880055,0,0.0,0.965339788605736,3,179.0
440.0,6,152.0,2.8679245283018866,7.762696720352815,0,0.0,0.027079220524576487,2,161.0,0.6581474884787383,2,9.0,0.6357594748373843,0,0.0,0.9507297464038688,4,170.0
445.0,7,183.0,3.588235294117647,7.796302268761304,0,0.0,1.0,2,140.0,0.7176727477434183,2,19.0,0.6297776919863965,0,0.0,0.9994030666567365,4,159.0
450.0,3,170.0,3.5416666666666665,7.889181062146041,0,0.0,1.0,1,136.0,0.8288488956106129,0,14.0,0.6516486289087765,0,0.0,0.9646449519616014,1,150.0
455.0,6,196.0,3.92,7.83232063626221,0,3.0,0.9052998610924076,1,138.0,0.785833312153064,2,9.0,0.5628491997776898,0,0.0,0.8686894305964792,3,150.0
460.0,7,218.0,4.36,7.80202794513074,0,0.0,1.0,2,144.0,0.5637016694983618,2,22.0,0.6760368959242461,0,0.0,0.9918603826799063,4,166.0
465.0,4,178.0,3.7083333333333335,8.076698734582237,0,0.0,1.0,2,164.0,0.5489314652520619,2,55.0,0.5947626520325282,0,0.0,0.9906979867821742,4,219.0
470.0,3,182.0,3.5686274509803924,8.308710994743835,0,0.0,1.0,2,174.0,0.6562142561090499,1,49.0,0.605552273747196,0,0.0,0.9745110331229085,3,223.0
475.0,4,201.0,4.1875,7.774080739040301,0,3.0,0.6386245059042789,2,187.0,0.4426457825024648,2,58.0,0.42376310036530623,0,0.0,0.9507325834708485,4,248.0
480.0,8,235.0,5.0,7.17267626768222,0,0.0,1.0,3,189.0,0.4747696623917883,3,72.0,0.47804180432723176,0,0.0,0.9661085663360197,6,261.0
485.0,9,279.0,6.2,7.0235003393079305,0,0.0,0.9631427517358097,3,204.0,0.5215639424886959,4,88.0,0.31485275784151007,0,0.0,0.9464739977643456,7,292.0
490.0,6,241.0,4.918367346938775,7.669611481251154,0,0.0,0.9466498048749713,1,174.0,0.6937706298658277,3,68.0,0.23143525096583345,0,0.0,0.9424324598735698,4,242.0
495.0,6,252.0,5.478260869565218,7.5201429312126695,0,3.0,0.9718582313170446,2,180.0,0.6672508752146434,3,83.0,0.29883454590010594,0,0.0,0.994430506475954,5,266.0
500.0,6,263.0,5.595744680851064,8.20489275184732,0,0.0,1.0,2,190.0,0.6815776411840245,4,105.0,0.323650005076434,0,0.0,0.9433494787491705,6,295.0
505.0,7,293.0,5.979591836734694,7.912873726498845,0,0.0,1.0,3,200.0,0.4481778654483275,4,125.0,0.3125716509954756,0,0.0,0.9951676892854899,7,325.0
510.0,6,122.0,2.595744680851064,7.039284021726798,0,0.0,1.0,3,23.0,0.08866911231203785,3,131.0,0.22445802673800294,0,0.0,0.999537034857413,6,154.0
515.0,8,159.0,3.4565217391304346,7.363763821812386,0,0.0,1.0,4,46.0,0.35544914820210166,3,149.0,0.24616920747235133,0,0.0,0.9659205622026769,7,195.0
520.0,7,192.0,4.266666666666667,7.735844194186043,0,0.0,1.0,4,107.0,0.4543085650287777,3,170.0,0.4282830472218222,0,0.0,0.9811347273023499,7,277.0
525.0,7,227.0,4.829787234042553,7.812147075543046,0,0.0,1.0,4,127.0,0.5062736365506202,3,185.0,0.5373297820291244,0,0.0,0.9664467951275924,7,312.0
530.0,4,164.0,3.4166666666666665,7.3640154308057975,0,0.0,0.9419698294412562,0,44.0,0.7092080217589144,4,199.0,0.4024806799871121,0,0.0,0.9791964415956937,4,243.0
535.0,6,190.0,3.877551020408163,6.627536851144953,0,0.0,1.0,1,48.0,0.7269182112559459,4,219.0,0.2584370253252273,0,0.0,0.956100694645419,5,267.0
540.0,7,225.0,4.591836734693878,7.423038332425794,0,0.0,1.0,1,53.0,0.7267823848953547,5,244.0,0.4227021471133228,0,0.0,0.9861747410328352,6,297.0
545.0,7,260.0,5.098039215686274,7.527784702411282,0,0.0,1.0,1,55.0,0.7188827950208839,5,269.0,0.4307946562976667,0,0.0,0.9635668438245052,6,324.0
550.0,10,290.0,6.041666666666667,6.576272694732538,0,0.0,1.0,0,0.0,0.6291047924968186,7,301.0,0.3150725011978141,0,0.0,0.9319913675707259,7,301.0
555.0,8,150.0,3.0,6.565551287444087,0,0.0,1.0,1,4.0,0.6346155848536735,7,233.0,0.2703819183432969,0,0.0,0.9580527270205919,8,237.0
560.0,6,69.0,1.3269230769230769,7.756752091966097,0,0.0,1.0,1,20.0,0.6376849144753499,4,104.0,0.5061175367585286,0,0.0,0.958328152268806,5,124.0
565.0,9,107.0,2.183673469387755,7.009968595857827,0,0.0,1.0,2,29.0,0.6010489025353717,5,86.0,0.4450546586539678,0,0.0,0.9725358864335002,7,115.0
570.0,13,157.0,3.204081632653061,5.5818445072548695,0,0.0,1.0,3,41.0,0.5416414129270196,5,111.0,0.31452659619802126,0,0.0,0.9445092030643564,8,152.0
575.0,12,168.0,3.5,5.676350555126486,0,0.0,1.0,1,23.0,0.6247784211546356,7,141.0,0.2428723671786732,0,0.0,0.984673968799485,8,164.0
580.0,4,29.0,0.6041666666666666,6.610154198100015,0,0.0,1.0,1,29.0,0.6819187724780985,1,15.0,0.5553140244478719,0,0.0,0.931010637752458,2,44.0
585.0,2,22.0,0.4583333333333333,7.135439436043975,0,3.0,0.4662481985645178,1,29.0,0.5249825946211246,1,20.0,0.6356319030428011,0,0.0,0.9832457933087766,2,52.0
590.0,5,44.0,1.0,7.194169592021608,0,0.0,0.8481365762009359,3,50.0,0.5481087256725242,2,24.0,0.6322118550466388,0,0.0,0.9686462515181817,5,74.0
595.0,6,74.0,1.7209302325581395,7.401027123617644,0,0.0,1.0,4,70.0,0.5714271853229482,2,31.0,0.6482850698920262,0,0.0,0.796208755242997,6,101.0
600.0,4,49.0,1.0888888888888888,7.450613046126917,0,0.0,1.0,2,41.0,0.6062467102682491,2,41.0,0.6246083342859169,0,0.0,0.9454661828292302,4,82.0
605.0,3,54.0,1.173913043478261,8.387878212654034,0,0.0,1.0,1,15.0,0.7973749526820214,2,51.0,0.6753798608483329,0,0.0,0.926980325303727,3,66.0
610.0,5,74.0,1.608695652173913,7.485098714186278,0,0.0,1.0,1,20.0,0.7877212136854818,4,72.0,0.37123912540399256,0,0.0,0.9332829467932457,5,92.0
615.0,8,108.0,2.347826086956522,7.062453359353271,0,0.0,1.0,1,25.0,0.4388168417540216,6,98.0,0.36196862515366246,0,0.0,0.9424239032257274,7,123.0
620.0,9,127.0,2.953488372093023,6.486448639991105,0,0.0,1.0,5,42.0,0.1417018459167177,3,92.0,0.4758395596240981,0,0.0,0.9421681081904333,8,134.0
625.0,10,162.0,3.6818181818181817,6.701683059681314,0,3.0,0.5674992793518897,6,71.0,0.24554549372553758,4,106.0,0.395224643344492,0,0.0,0.9392442064550417,10,180.0
630.0,10,209.0,4.644444444444445,7.123280870979556,0,0.0,0.790304262813694,6,99.0,0.38335550819176334,4,126.0,0.32437348963985785,0,0.0,0.9660055825273338,10,225.0
635.0,12,262.0,5.346938775510204,6.691069014158233,0,0.0,1.0,6,129.0,0.32858807887901575,4,146.0,0.30838989041677994,0,0.0,0.9592053726041544,10,275.0
640.0,8,191.0,3.8979591836734695,6.956299699447304,0,0.0,1.0,6,159.0,0.2944213791373146,2,99.0,0.388116235532694,0,0.0,0.95856914364595,8,258.0
645.0,6,176.0,3.6666666666666665,7.321352538704407,0,0.0,1.0,6,189.0,0.29369177408673364,0,18.0,0.34268043719233027,0,0.0,0.9718000714791772,6,207.0
650.0,9,221.0,4.25,7.694055575569275,0,0.0,1.0,7,224.0,0.29036049271574726,1,21.0,0.46367882119553294,0,0.0,0.942039306938143,8,245.0
655.0,9,259.0,5.18,7.387712497178216,0,0.0,1.0,8,262.0,0.17866627440411664,1,10.0,0.464177065851157,0,0.0,0.9397791972863103,9,272.0
660.0,9,292.0,6.212765957446808,6.715883811305866,0,0.0,1.0,8,302.0,0.16368508302383628,0,0.0,1.0,0,0.0,0.936651993488795,8,302.0
665.0,10,333.0,7.568181818181818,6.8129398342017415,0,0.0,1.0,10,346.0,0.2285674891806914,0,0.0,1.0,0,0.0,0.9589109132329686,10,346.0
670.0,10,383.0,8.326086956521738,6.909687535322385,0,0.0,1.0,10,399.0,0.31591186026417545,0,0.0,1.0,0,0.0,0.9641306038044497,10,399.0
675.0,10,433.0,9.41304347826087,7.208941097095385,0,0.0,1.0,10,449.0,0.2754571034392333,0,0.0,1.0,0,0.0,0.9820303713506975,10,449.0
680.0,1,18.0,0.3829787234042553,7.276584703793745,0,0.0,1.0,1,128.0,0.42249338038031714,0,0.0,1.0,0,0.0,0.9724481967946261,1,128.0
685.0,1,2.0,0.0392156862745098,8.31021450085761,0,0.0,1.0,0,25.0,0.811548015843628,0,0.0,0.7724478740917478,0,0.0,0.9520761489035076,0,25.0
690.0,2,9.0,0.17647058823529413,8.999757765623201,0,0.0,1.0,0,3.0,0.8777671511070669,1,11.0,0.7778461874997649,0,0.0,0.9510482826905939,1,14.0
695.0,1,7.0,0.1346153846153846,8.583800208685862,0,0.0,1.0,0,3.0,0.8779327071904802,1,16.0,0.6505230572825365,0,0.0,0.9469587910507579,1,19.0
700.0,4,23.0,0.45098039215686275,8.4124768723651,0,0.0,1.0,1,4.0,0.6980239967237738,3,31.0,0.6607439003200986,0,0.0,0.986365550381573,4,35.0
705.0,6,47.0,0.8703703703703703,7.537673995054458,0,0.0,1.0,2,11.0,0.3746518505302838,4,48.0,0.5713278960960175,0,0.0,0.9664265549174681,6,59.0
710.0,5,60.0,1.2,7.83224204946905,0,0.0,1.0,3,26.0,0.3862438705714487,2,52.0,0.6993523647141943,0,0.0,0.9495673878433716,5,78.0
715.0,5,85.0,1.7346938775510203,8.07786977276869,0,0.0,1.0,3,41.0,0.48275392517116167,2,53.0,0.6329680921183736,0,0.0,0.9490401758190898,5,94.0
720.0,5,65.0,1.3265306122448979,7.669701172140079,0,0.0,0.9808474447696075,0,3.0,0.8115721734321896,3,61.0,0.5931916843573929,0,0.0,0.9615600252880542,3,64.0
725.0,7,97.0,1.94,7.941714155709621,0,0.0,0.9935169633043266,1,6.0,0.7242521767609099,3,76.0,0.45985107683958315,0,0.0,0.9308692908833027,4,82.0
730.0,8,61.0,1.2448979591836735,7.460833894556823,1,2.0,0.05590444404540722,1,11.0,0.7217812106816914,2,53.0,0.6119227487536605,0,0.0,0.9936111727472094,4,66.0
735.0,11,92.0,2.0,7.065791175504222,2,9.0,0.0005309730818944759,1,16.0,0.7611754158372361,3,14.0,0.4741641213975591,0,0.0,0.9264762213753656,6,39.0
740.0,13,156.0,3.12,7.321286850620395,2,19.0,0.0,1,21.0,0.8143481200199058,3,27.0,0.38181470412420965,0,0.0,0.9027418867193245,6,67.0
745.0,13,221.0,4.702127659574468,7.158501652494118,2,29.0,0.0,1,23.0,0.632766679735178,3,42.0,0.39568038147128864,0,0.0,0.9622763618277399,6,94.0
750.0,7,130.0,2.8260869565217392,7.28263040898327,0,0.0,1.0,1,28.0,0.6325030558099974,3,57.0,0.5252294778849574,0,0.0,0.9361736087005289,4,85.0
755.0,5,106.0,2.65,6.540663358535999,0,0.0,1.0,1,33.0,0.47380392769470475,4,74.0,0.15396384547081707,0,0.0,0.950451376347169,5,107.0
760.0,2,65.0,1.5116279069767442,6.96423435076685,0,0.0,1.0,1,38.0,0.6428928628494062,1,30.0,0.4850525324793645,0,0.0,0.9327489941814545,2,68.0
765.0,2,75.0,1.7045454545454546,7.800550784930173,0,3.0,0.8734526372383026,1,46.0,0.5308830121909792,1,59.0,0.7915642991968381,0,0.0,0.9243192322579035,2,108.0
770.0,2,85.0,2.125,8.168215460755299,0,0.0,0.7070466916547546,1,54.0,0.71978507408331,1,37.0,0.7108940766915557,0,0.0,0.9707877611438438,2,91.0
775.0,2,95.0,2.261904761904762,9.463419370390683,0,0.0,1.0,1,59.0,0.7696493496266715,1,59.0,0.7771711302701915,0,0.0,0.9318603068807887,2,118.0
780.0,3,107.0,2.6097560975609757,9.308507607975802,0,0.0,1.0,2,66.0,0.7022384950205822,1,47.0,0.7212516680402398,0,0.0,0.9924150980579285,3,113.0
785.0,5,121.0,3.025,8.321264498453967,0,0.0,0.8785404866367809,1,69.0,0.6617696729849051,4,58.0,0.3129741119459655,0,0.0,0.9513866666206855,5,127.0
790.0,6,147.0,3.8684210526315788,8.283068563079894,0,0.0,1.0,2,75.0,0.6811304853477971,4,78.0,0.30890159239800397,0,0.0,0.9877133362852202,6,153.0
795.0,6,177.0,4.538461538461538,8.4791946683436,0,0.0,1.0,2,85.0,0.6960925817431343,4,101.0,0.3919380344212524,0,0.0,0.9418489067619216,6,186.0
800.0,5,160.0,3.902439024390244,7.339196590191799,0,0.0,1.0,3,92.0,0.3734378762756872,1,70.0,0.5689706116958352,0,0.0,0.9868164149497023,4,162.0
805.0,6,95.0,2.317073170731707,7.748580661035997,0,6.0,0.7804454053381806,1,13.0,0.5462687892948448,2,79.0,0.6276905007824843,0,0.0,0.9501693515429229,3,98.0
810.0,7,120.0,2.857142857142857,8.25344691065248,0,0.0,0.828901329669178,1,11.0,0.7430342085101973,2,89.0,0.487687146198633,0,0.0,0.958458497148832,3,100.0
815.0,4,113.0,2.4565217391304346,8.111656889920951,0,0.0,1.0,1,16.0,0.6358071159330086,3,106.0,0.5394692478680527,0,0.0,0.9480536844545953,4,122.0
820.0,3,110.0,2.391304347826087,8.148010252287813,0,0.0,1.0,2,26.0,0.5806511186175681,1,101.0,0.32791736776712144,0,0.0,0.9293767143034231,3,127.0
825.0,4,106.0,2.4651162790697674,8.638482404315162,0,0.0,1.0,0,3.0,0.8327954059757494,4,112.0,0.3136958378933941,0,0.0,0.9346385307302303,4,115.0
830.0,4,126.0,2.8,9.367772328558825,0,0.0,1.0,0,0.0,0.9193866691679348,4,132.0,0.31529037365587514,0,0.0,0.952169162464267,4,132.0
835.0,4,146.0,3.3181818181818183,9.156608513484498,0,0.0,1.0,0,0.0,0.95238515816588,4,155.0,0.4623087220976293,0,0.0,0.96900088277309,4,155.0
840.0,1,107.0,2.6097560975609757,8.272723885389942,0,0.0,1.0,0,0.0,0.49329422600755085,1,117.0,0.6499664802746374,0,0.0,0.9445945590124092,1,117.0
845.0,1,112.0,2.6666666666666665,8.534918256023357,0,6.0,0.5727021957376583,0,5.0,0.663060199472196,1,115.0,0.6384985358896919,0,0.0,0.9428284158689577,1,126.0
850.0,3,122.0,2.9047619047619047,9.131467335427121,0,0.0,1.0,0,5.0,0.9262436806005132,3,125.0,0.3469391920751841,0,0.0,0.95217383658062,3,130.0
855.0,5,142.0,3.641025641025641,7.4470127551044785,0,0.0,1.0,1,6.0,0.7725689959707779,4,144.0,0.41883691694774977,0,0.0,0.9696602477107257,5,150.0
860.0,8,165.0,4.125,7.078965335275077,0,0.0,1.0,1,11.0,0.7548986209721942,4,152.0,0.23954560951641654,0,0.0,0.953404609902978,5,163.0
865.0,8,193.0,4.7073170731707314,7.117581773512477,0,0.0,1.0,1,16.0,0.6607241052950568,6,176.0,0.22080804384862415,0,0.0,0.9699236059940484,7,192.0
870.0,10,229.0,6.026315789473684,6.648050319440062,0,0.0,1.0,3,26.0,0.46754112771933504,6,206.0,0.0,0,0.0,0.986262207850029,9,232.0
875.0,11,274.0,7.2105263157894735,6.205548179557757,0,0.0,1.0,5,46.0,0.24614128043277872,6,236.0,0.0017634952118548597,0,0.0,0.9676339587214917,11,282.0
880.0,10,155.0,4.078947368421052,6.944597595006041,0,0.0,1.0,5,71.0,0.2749629727460318,5,122.0,0.023239980161850707,0,0.0,0.990669381460454,10,193.0
885.0,5,99.0,2.475,7.399619253162845,0,0.0,1.0,1,19.0,0.18648661246166146,4,83.0,0.40538612606145424,0,0.0,0.9806721861813544,5,102.0
890.0,6,128.0,3.1219512195121952,7.790864179045013,0,0.0,1.0,2,28.0,0.18362898825705712,4,103.0,0.41909412755717196,0,0.0,0.9707476826980505,6,131.0
895.0,7,163.0,4.075,7.574115105305898,0,0.0,1.0,2,38.0,0.32727584688525324,5,138.0,0.4195533565117193,0,0.0,0.9646867550334448,7,176.0
900.0,9,205.0,5.0,7.068880289621955,0,0.0,1.0,2,48.0,0.4657270640702373,6,167.0,0.34267665823888566,0,0.0,0.9500263760103664,8,215.0
905.0,10,241.0,5.4772727272727275,7.3980369255045995,0,0.0,1.0,1,55.0,0.749428188947359,7,202.0,0.2888718739588118,0,0.0,0.9488318708093652,8,257.0
910.0,6,104.0,2.3636363636363638,6.769779835211503,0,0.0,1.0,1,60.0,0.7296672905076297,2,53.0,0.4913264047585264,0,0.0,0.9630003751265013,3,113.0
915.0,9,142.0,3.55,6.030176259068415,0,0.0,1.0,2,59.0,0.5796742219992607,2,56.0,0.6204050430330241,0,0.0,0.9307565494956214,4,115.0
920.0,11,197.0,4.5813953488372094,6.362088709244663,0,0.0,0.9504065416118083,2,76.0,0.6325321659269958,2,63.0,0.5603913889136204,0,0.0,0.9542687920462701,4,139.0
925.0,7,154.0,3.5813953488372094,7.030054681710382,0,0.0,1.0,2,79.0,0.7268790027453934,2,70.0,0.32631026386446177,0,0.0,0.9954405993741301,4,149.0
930.0,3,85.0,1.9767441860465116,7.693521717448348,0,0.0,1.0,2,89.0,0.728586080159365,0,39.0,0.5338860593543323,0,0.0,0.9394900652535534,2,128.0
935.0,5,105.0,2.441860465116279,7.497304786252409,0,3.0,0.9093375695664212,4,104.0,0.5666162592080217,0,6.0,0.9554202318685325,0,0.0,0.9846303337125157,4,113.0
940.0,7,112.0,2.5454545454545454,7.256165998166309,0,0.0,1.0,5,128.0,0.5910921684166058,0,6.0,0.9559668325141919,0,0.0,0.9642328249270646,5,134.0
945.0,6,141.0,3.357142857142857,7.4293835813541484,0,0.0,1.0,5,147.0,0.5258376836896564,0,3.0,0.9239280503689148,0,0.0,0.9479362350889168,5,150.0
950.0,7,89.0,2.225,6.730624170821382,0,0.0,1.0,6,90.0,0.2664974618253839,0,3.0,0.9618695855499746,0,0.0,0.951598435143301,6,93.0
955.0,8,109.0,2.5952380952380953,7.131481249039857,0,0.0,1.0,8,121.0,0.2764511527785442,0,6.0,0.9690095469176135,0,0.0,0.9998635555698815,8,127.0
960.0,8,147.0,3.675,7.3795088864002,0,0.0,1.0,8,159.0,0.32227946920141104,0,6.0,0.9523284707297441,0,0.0,0.9908991995629519,8,165.0
965.0,9,189.0,5.25,6.748660705792455,0,0.0,1.0,9,201.0,0.18221027072814178,0,3.0,0.989067616546159,0,0.0,0.9857274495629711,9,204.0
970.0,7,181.0,5.323529411764706,6.658298692585421,0,0.0,1.0,7,222.0,0.3628105693196952,0,3.0,0.910329646680994,0,0.0,0.9217772720976016,7,225.0
975.0,8,219.0,5.615384615384615,6.9459558270623445,0,0.0,1.0,7,257.0,0.4059741047795547,0,3.0,0.9790458749177673,0,0.0,0.9723256442630623,7,260.0
980.0,10,264.0,6.769230769230769,7.260318238703303,0,0.0,1.0,9,309.0,0.35840873363939474,0,9.0,0.9422787655172964,0,0.0,0.9648805420645928,9,318.0
985.0,12,318.0,7.7560975609756095,6.901893936184525,0,0.0,1.0,9,354.0,0.2949660493641935,2,13.0,0.6509716918038745,0,0.0,0.9960551818791008,11,367.0
990.0,15,383.0,9.119047619047619,5.838221334856578,0,0.0,1.0,10,422.0,0.2459608652708691,4,27.0,0.4113003537101115,0,0.0,0.9416356770863193,14,449.0
995.0,16,452.0,10.044444444444444,5.05954898605612,0,0.0,1.0,12,466.0,0.1311969438103431,3,36.0,0.4861132999644728,0,0.0,0.9997881783805992,15,502.0
1000.0,20,521.0,12.116279069767442,4.451626501240677,0,0.0,1.0,16,545.0,0.09989187368085196,3,48.0,0.4274442117270684,0,0.0,0.9751804865576597,19,593.0
1005.0,20,619.0,14.068181818181818,4.859587352721873,0,0.0,1.0,17,629.0,0.09960864542918606,3,66.0,0.3006906008180175,0,0.0,0.9199094095962247,20,695.0
1010.0,18,412.0,8.956521739130435,5.1411108892632225,0,0.0,1.0,13,540.0,0.14416635189250399,5,89.0,0.16700796387573688,0,0.0,0.9587777022023198,18,629.0
1015.0,4,56.0,1.1914893617021276,6.644123868781748,0,0.0,1.0,4,320.0,0.25128681250209933,0,12.0,0.282183605086011,0,0.0,0.9805510952997467,4,332.0
1020.0,3,57.0,1.163265306122449,8.088733251450616,0,6.0,0.7454126576764132,3,164.0,0.4469396679022186,0,0.0,0.7968422248386331,0,0.0,0.9211613407356567,3,170.0
1025.0,3,72.0,1.469387755102041,9.018824680117978,0,0.0,0.9270960273229488,3,97.0,0.6175687385554233,0,0.0,0.7705439009603228,0,0.0,0.963423495797971,3,97.0
1030.0,4,90.0,1.7647058823529411,8.500880295184711,0,0.0,1.0,4,96.0,0.4025153696679191,0,0.0,0.9801618091597204,0,0.0,0.951121341958106,4,96.0
1035.0,5,115.0,2.2115384615384617,8.251923507011439,0,0.0,1.0,5,121.0,0.539969820106498,0,0.0,0.9230407473678037,0,0.0,0.9706979371959508,5,121.0
1040.0,6,142.0,2.730769230769231,8.025222532382518,0,0.0,1.0,5,146.0,0.5726370945972922,1,2.0,0.7361746700870082,0,0.0,0.9306502995318373,6,148.0
1045.0,7,172.0,3.2452830188679247,8.042252689611988,0,0.0,1.0,6,171.0,0.5222916473834897,1,7.0,0.7511054353816378,0,0.0,0.9958832110840422,7,178.0
1050.0,7,206.0,4.291666666666667,6.718037873626652,0,0.0,1.0,6,200.0,0.23097169899220243,1,12.0,0.7401809427391756,0,0.0,0.9560704097270772,7,212.0
1055.0,3,14.0,0.2916666666666667,6.3794921689540685,0,0.0,1.0,3,24.0,0.14804082281955638,0,0.0,1.0,0,0.0,0.9563955185172908,3,24.0
1060.0,3,29.0,0.6590909090909091,7.1499072576959835,0,0.0,1.0,3,35.0,0.3488041340442955,0,0.0,1.0,0,0.0,0.9471894646973154,3,35.0
1065.0,3,44.0,0.9565217391304348,8.357612451935362,0,0.0,1.0,3,47.0,0.5507051407291591,0,9.0,0.9385323732589417,0,0.0,0.947089306763984,3,56.0
1070.0,3,43.0,1.0,8.432880716133502,0,0.0,1.0,2,45.0,0.4951357793060365,0,9.0,0.9646903453771132,0,0.0,0.9818437631151252,2,54.0
1075.0,4,46.0,1.069767441860465,7.875462939438407,0,0.0,1.0,2,39.0,0.6356982368276368,0,6.0,0.9643709187340035,0,0.0,0.9387474579091252,2,45.0
1080.0,4,66.0,1.6097560975609757,8.43379427936858,0,0.0,1.0,2,49.0,0.6701608742650698,0,9.0,0.9702638047229835,0,0.0,0.9577604268657434,2,58.0
1085.0,5,87.0,2.0714285714285716,8.066926408150007,0,0.0,1.0,3,60.0,0.601655225186368,0,9.0,0.9355094362905778,0,0.0,0.914574182006463,3,69.0
1090.0,9,121.0,2.880952380952381,6.4472036999638975,0,0.0,1.0,5,78.0,0.2525538554203609,2,12.0,0.5302311997484686,0,0.0,0.9463268329703851,7,90.0
1095.0,8,89.0,2.0697674418604652,5.986676194706049,0,0.0,1.0,3,33.0,0.37338391299171925,3,26.0,0.27406344184985426,0,0.0,0.9903249635960389,6,59.0
1100.0,12,137.0,2.9148936170212765,6.501384536236995,0,0.0,1.0,3,35.0,0.501273034132086,5,44.0,0.15974393186926567,0,0.0,0.9425389686362853,8,79.0
1105.0,9,109.0,2.369565217391304,6.404378138616752,0,0.0,1.0,3,50.0,0.18145593408784075,6,69.0,0.27560149763265807,0,0.0,0.9848782799940512,9,119.0
1110.0,12,163.0,3.5434782608695654,5.970814174710432,0,0.0,1.0,4,70.0,0.16713706717392707,8,104.0,0.17298390852706036,0,0.0,0.9414107728341216,12,174.0
1115.0,14,232.0,4.9361702127659575,6.222177822467799,0,0.0,1.0,5,94.0,0.2717735533424638,9,149.0,0.1686669574921467,0,0.0,0.922869998709664,14,243.0
1120.0,14,302.0,6.565217391304348,6.122143040474306,0,0.0,1.0,5,119.0,0.2534074049756181,9,194.0,0.16873302990182423,0,0.0,0.9619214643369632,14,313.0
1125.0,15,376.0,8.355555555555556,5.991377398024207,0,0.0,1.0,6,148.0,0.15921228651122513,9,239.0,0.17554890503386936,0,0.0,0.9358801758513682,15,387.0
1130.0,15,451.0,9.804347826086957,5.862756748963089,0,0.0,1.0,6,178.0,0.30206159872844585,9,284.0,0.22740924586861344,0,0.0,0.9444146516978259,15,462.0
1135.0,19,535.0,11.382978723404255,5.047270805800956,0,0.0,0.8890780777212705,7,208.0,0.20896319970863328,12,338.0,0.18048552352211578,0,0.0,0.9409139322315412,19,546.0
1140.0,18,625.0,13.020833333333334,5.409766159868357,0,0.0,0.01754996772659405,6,238.0,0.30128216051013645,12,398.0,0.18179290831147749,0,0.0,0.938549387700898,18,636.0
1145.0,11,378.0,7.714285714285714,5.720157485592653,1,5.0,0.0,6,268.0,0.3198756169515479,4,195.0,0.28079407686484625,0,0.0,0.96438784007649,11,468.0
1150.0,8,313.0,6.387755102040816,6.303853102912233,1,16.0,0.3693856047605728,6,307.0,0.23320617320699014,1,77.0,0.49551898648099946,0,0.0,0.9971284890217559,8,400.0
1155.0,10,358.0,6.884615384615385,7.232630716022295,1,15.0,0.5250420107096574,7,341.0,0.36802741452214865,1,23.0,0.5258340991559375,0,0.0,0.8255447757819558,9,379.0
1160.0,10,407.0,7.826923076923077,7.7727286696141205,1,20.0,0.0,8,381.0,0.3951923961358811,1,15.0,0.6438652078537136,0,0.0,0.9683009350058471,10,416.0
1165.0,10,439.0,8.442307692307692,8.234221795294637,1,25.0,0.0,8,421.0,0.43197360806745116,1,2.0,0.591287275125591,0,0.0,0.9233942124633849,10,448.0
1170.0,10,489.0,9.226415094339623,8.19121878620194,1,33.0,0.4796591114509476,8,461.0,0.4208373829941402,1,12.0,0.7290540972194915,0,0.0,0.9779120670937691,10,506.0
1175.0,3,71.0,1.5777777777777777,7.055883292461053,1,35.0,0.0,1,119.0,0.5352068714473809,1,12.0,0.6243445673123018,0,0.0,0.969936634210773,3,166.0
1180.0,7,99.0,2.2,6.582467019723229,1,40.0,0.0,1,98.0,0.6107256940103893,3,20.0,0.22855734627519958,0,0.0,0.9770315730081862,5,158.0
1185.0,10,119.0,2.8333333333333335,6.757827245820122,1,45.0,0.0,2,35.0,0.6116105055337626,3,26.0,0.5076912433195354,0,0.0,0.96888839909424,6,106.0
1190.0,10,169.0,3.9302325581395348,7.424443458275163,1,50.0,0.0,2,44.0,0.41681509657900867,3,29.0,0.6121064354141691,0,0.0,0.9762176193660634,6,123.0
1195.0,9,208.0,4.622222222222222,7.7094720105183985,1,55.0,0.0,1,47.0,0.4980967759382897,3,44.0,0.6484014428499497,0,0.0,0.9104779494765209,5,146.0
1200.0,11,256.0,5.688888888888889,7.508156781081881,1,60.0,0.0,2,51.0,0.31646721729340865,4,60.0,0.5580511706572178,0,0.0,0.8955276654792286,7,171.0
1205.0,8,237.0,5.780487804878049,6.627838717744809,1,65.0,0.0,2,61.0,0.32072430649515987,0,29.0,0.8029229517824518,0,0.0,0.928235533840688,3,155.0
1210.0,7,214.0,5.35,6.805785595751203,1,73.0,0.44588100112553736,3,79.0,0.2684551067129714,0,6.0,0.9022499024944425,0,0.0,0.913788103154272,4,158.0
1215.0,3,99.0,2.475,7.493669087632275,1,75.0,0.4746873266648878,2,30.0,0.5366835514847301,0,3.0,0.9063557460072921,0,0.0,0.975234678969102,3,108.0
1220.0,4,115.0,2.738095238095238,7.835734040677609,1,80.0,0.6304683228648664,2,40.0,0.6391657747806226,0,3.0,0.929589181663542,0,0.0,0.9587157399218827,3,123.0
1225.0,9,147.0,3.340909090909091,6.721600145953534,1,85.0,0.0,2,50.0,0.6216563622312533,1,5.0,0.4883070164508261,0,0.0,0.9715729498593388,4,140.0
1230.0,12,204.0,4.340425531914893,6.056397791811067,1,90.0,0.0,2,60.0,0.6235664016180522,2,14.0,0.341875633920012,0,0.0,0.9365626783290547,5,164.0
1235.0,13,260.0,5.416666666666667,5.879765353906346,1,95.0,0.0,2,70.0,0.5497654550142804,4,32.0,0.18940642426350454,0,0.0,0.9369159230428442,7,197.0
1240.0,13,272.0,5.787234042553192,5.526211286948515,1,100.0,0.0,4,83.0,0.28274052706847125,4,52.0,0.19851630630945416,0,0.0,0.9856058671018209,9,235.0
1245.0,9,258.0,5.375,5.576669746847855,1,105.0,0.0,5,106.0,0.12483143694202123,3,54.0,0.11672862116266755,0,0.0,0.9659104585833608,9,265.0
1250.0,11,307.0,7.1395348837209305,5.865321248096238,1,110.0,0.0,6,132.0,0.08899603658486217,4,72.0,0.13288154603870295,0,0.0,0.9530602266824388,11,314.0
1255.0,13,365.0,8.295454545454545,6.0836874455712975,1,115.0,0.0,7,165.0,0.20996777922203103,5,94.0,3.1648647835543944e-05,0,0.0,0.9267152804560197,13,374.0
1260.0,14,432.0,9.6,6.056627598499861,1,120.0,0.0,7,200.0,0.21083426873083522,5,134.0,0.1567741250054717,0,0.0,0.9494393165863353,13,454.0
1265.0,14,502.0,10.458333333333334,6.0639350910874095,1,125.0,0.0,7,235.0,0.295085907544504,5,165.0,0.13946901773529022,0,0.0,0.9535644079501151,13,525.0
1270.0,12,453.0,9.638297872340425,6.217225063149519,1,130.0,0.0,7,270.0,0.36791381131249545,3,70.0,0.06841910018867917,0,0.0,0.9282616972773416,11,470.0
1275.0,6,217.0,4.520833333333333,6.985796049083093,1,138.0,0.4277287748340416,1,61.0,0.4526247581842224,3,85.0,0.28666129120791833,0,0.0,0.9805312808017805,5,284.0
1280.0,8,251.0,4.921568627450981,7.062398175545828,1,140.0,0.0,3,16.0,0.536531067190877,3,100.0,0.3855034272456355,0,0.0,0.9717099687409724,7,256.0
1285.0,10,297.0,6.061224489795919,7.682517878945622,1,145.0,0.0,4,35.0,0.5488999657799118,3,124.0,0.6960297134466971,0,0.0,0.9611441615020898,8,304.0
1290.0,11,349.0,7.270833333333333,7.527729595041639,1,150.0,0.0,4,55.0,0.5411679527355733,4,141.0,0.5727410643137767,0,0.0,0.9240739544331338,9,346.0
1295.0,8,320.0,6.530612244897959,7.5823739781937824,1,155.0,0.0,2,53.0,0.6272228111242588,4,161.0,0.6220266217920005,0,0.0,0.9548683858713778,7,369.0
1300.0,7,316.0,5.962264150943396,8.127188884505658,1,160.0,0.0,1,22.0,0.7354632632826745,4,181.0,0.6137845371094901,0,0.0,0.9465585066787371,6,363.0
1305.0,10,360.0,6.923076923076923,7.206955387310194,1,165.0,0.0,3,17.0,0.4056062052637877,5,209.0,0.5666776582048881,0,0.0,0.9418777716191921,9,391.0
1310.0,11,401.0,7.711538461538462,6.401289628155329,1,170.0,0.0,3,32.0,0.33154260266686786,7,239.0,0.4884633057848474,0,0.0,0.9356200249441463,11,441.0
1315.0,5,367.0,6.796296296296297,6.854589483442544,1,175.0,0.0,0,0.0,0.49981902388769694,4,220.0,0.5065030680272127,0,0.0,0.9724585313433675,5,395.0
1320.0,5,392.0,7.2592592592592595,8.074126474323517,1,183.0,0.3450502604763357,0,0.0,0.9691353941278936,4,237.0,0.5856788733800475,0,0.0,0.9737608860392736,5,420.0
1325.0,6,421.0,7.654545454545454,8.173511684369647,2,192.0,0.20394505538442234,0,0.0,0.8267184923232025,4,260.0,0.6431679804054126,0,0.0,0.9299483150559631,6,452.0
1330.0,9,459.0,8.5,7.306315948530714,4,209.0,0.02894901460465133,1,1.0,0.7753461770602614,4,280.0,0.6152836032028983,0,0.0,0.9292518111019756,9,490.0
1335.0,11,505.0,9.017857142857142,6.823828943528789,6,235.0,0.006584917912225177,0,0.0,0.6965591015397326,4,297.0,0.5030412253850927,0,0.0,0.9673320256429867,10,532.0
1340.0,12,514.0,9.518518518518519,5.935688064078515,1,219.0,0.028881700038502073,1,4.0,0.75615349592777,7,324.0,0.23711736717433568,0,0.0,0.9651236069655051,9,547.0
1345.0,12,560.0,10.566037735849056,5.654561587314706,1,205.0,0.0,1,9.0,0.7944595142077496,9,360.0,0.18108130968399294,0,0.0,0.9657298012369057,11,574.0
1350.0,14,622.0,11.735849056603774,5.3739716203888435,1,210.0,0.0,1,22.0,0.7864474056768999,10,406.0,0.14911631753271995,0,0.0,0.9674998153794238,12,638.0
1355.0,12,606.0,10.821428571428571,5.956462728711045,1,215.0,0.0,4,36.0,0.47255237086878854,4,396.0,0.2547521164318451,0,0.0,0.9770713967540837,9,647.0
1360.0,12,666.0,12.10909090909091,7.124836224115038,1,223.0,0.26619215482714925,4,55.0,0.47729475381993985,4,397.0,0.3142223155615876,0,0.0,0.9628462091592583,9,675.0
1365.0,12,714.0,12.75,7.41824992147152,1,225.0,0.0,4,64.0,0.5375871513888294,4,417.0,0.37116543682967457,0,0.0,0.9850579578019972,9,706.0
1370.0,8,690.0,12.545454545454545,7.267127719707795,1,230.0,0.0,0,0.0,0.8858685487913837,4,434.0,0.4038816240458015,0,0.0,0.9399316702624109,5,664.0
1375.0,7,670.0,13.137254901960784,6.630516188942186,1,235.0,0.0,1,2.0,0.7766167695725521,4,454.0,0.3487760038916246,0,0.0,0.9354186196135317,6,691.0
1380.0,8,465.0,8.773584905660377,7.0072934036825245,0,0.0,1.0,1,7.0,0.683704907286702,6,485.0,0.43452575736102,0,0.0,0.9506737711724306,7,492.0
1385.0,8,501.0,9.452830188679245,7.307802950037263,0,0.0,1.0,2,78.0,0.6508004236638927,6,515.0,0.437906651271105,0,0.0,0.9934893747832385,8,593.0
1390.0,6,517.0,9.574074074074074,7.462174806571182,0,0.0,1.0,0,75.0,0.5509891570680764,6,545.0,0.3611589041742696,0,0.0,0.9622898490941247,6,620.0
1395.0,10,564.0,10.254545454545454,7.389502591084381,0,0.0,1.0,3,18.0,0.4322623200273908,7,579.0,0.303282388646248,0,0.0,0.9928092987894421,10,597.0
1400.0,7,560.0,10.566037735849056,7.640816276543406,0,0.0,1.0,3,28.0,0.37845809411647957,4,568.0,0.4952319403700969,0,0.0,0.9630731098273387,7,596.0
1405.0,7,595.0,11.666666666666666,7.845793028102207,0,3.0,0.9603830536015763,3,48.0,0.45583593416254437,4,574.0,0.45427958274217367,0,0.0,0.8928694698471125,7,625.0
1410.0,9,636.0,12.979591836734693,7.786359941198498,0,0.0,0.9760521353542155,4,65.0,0.4804951806497605,5,598.0,0.29739805631930394,0,0.0,0.9849478080118297,9,663.0
1415.0,10,682.0,14.208333333333334,7.125461277909096,0,0.0,1.0,4,85.0,0.46545583976157684,6,624.0,0.13249019600830123,0,0.0,0.9613789111887743,10,709.0
1420.0,10,390.0,7.959183673469388,6.170669406874156,0,0.0,1.0,5,107.0,0.42589590929439336,5,463.0,0.14740852503609486,0,0.0,0.9943982317029673,10,570.0
1425.0,8,148.0,2.9019607843137254,6.719505931009053,0,0.0,1.0,5,132.0,0.31532436986687956,3,152.0,0.14703707047225498,0,0.0,0.8539307716010214,8,284.0
1430.0,4,48.0,0.96,6.869915171554326,0,0.0,0.8801156417153093,1,15.0,0.5612720662879239,3,36.0,0.012370833505932459,0,0.0,0.9361558460011167,4,51.0
1435.0,5,73.0,1.553191489361702,7.820895958258379,0,0.0,0.998801204835543,1,30.0,0.6658240200771144,4,56.0,2.774580842003984e-06,0,0.0,0.9702510811168444,5,86.0
1440.0,2,32.0,0.6956521739130435,8.9777168807025,0,0.0,0.967946335278781,1,35.0,0.7260728180133523,1,42.0,0.5841951130822256,0,0.0,0.9783466481352755,2,77.0
1445.0,3,44.0,0.8979591836734694,8.832795877988703,1,2.0,0.00019381504577346324,1,40.0,0.5087307029569766,1,24.0,0.7249981089671117,0,0.0,0.9461535346648011,3,66.0
1450.0,7,68.0,1.3877551020408163,8.426729421944534,1,7.0,0.0,2,48.0,0.32688404569655855,2,30.0,0.49245271824251846,0,0.0,0.9264486941253331,5,85.0
1455.0,6,92.0,1.9574468085106382,8.125191279859655,1,12.0,0.0,2,58.0,0.45653676496919915,3,44.0,0.6430584023843046,0,0.0,0.9594610405324221,6,114.0
1460.0,3,57.0,1.2391304347826086,7.762752755539849,0,0.0,1.0,2,68.0,0.5722782730074668,1,19.0,0.7024266081317402,0,0.0,0.9481885167790585,3,87.0
1465.0,3,66.0,1.4042553191489362,8.00238426107281,0,0.0,0.9521359378649352,3,82.0,0.4115745994250206,0,5.0,0.8823983855872344,0,0.0,0.9199982848190714,3,87.0
1470.0,4,83.0,1.7659574468085106,7.967209015500551,1,2.0,0.35117092065174504,3,100.0,0.5313138002059447,0,0.0,0.7336725508614634,0,0.0,0.9177578191285627,4,102.0
1475.0,7,114.0,2.375,7.7886876722235625,3,13.0,0.0007499040901949947,3,115.0,0.546470864862012,1,5.0,0.575941177222044,0,0.0,0.9814001043941782,7,133.0
1480.0,6,128.0,2.6122448979591835,7.9190898767928655,0,0.0,1.0,3,130.0,0.606179762267315,2,13.0,0.5640877201894174,0,0.0,0.9495208490198266,5,143.0
1485.0,5,149.0,2.9215686274509802,8.606755954573467,0,0.0,1.0,3,145.0,0.5554213615226355,2,23.0,0.5865956367807135,0,0.0,0.9412759413879628,5,168.0
1490.0,7,178.0,3.56,8.075156437772812,0,0.0,1.0,4,163.0,0.41413546946302665,3,34.0,0.23896022159674404,0,0.0,0.9527875566111592,7,197.0
1495.0,11,226.0,4.431372549019608,7.403055663009731,0,0.0,1.0,6,188.0,0.3034619567300021,5,57.0,0.16644170866252653,0,0.0,0.8388479193650559,11,245.0
1500.0,11,281.0,5.62,7.637592857284363,0,0.0,1.0,6,218.0,0.22005013457890918,5,82.0,0.27700915197621956,0,0.0,0.9413832103866463,11,300.0
1505.0,9,296.0,5.92,6.652726576194621,0,0.0,1.0,7,252.0,0.21292508934715196,2,77.0,0.2545575278726992,0,0.0,0.9477619190649567,9,329.0
1510.0,6,140.0,2.9166666666666665,7.23760444365666,0,3.0,0.5577918772743298,4,121.0,0.33708417004223573,2,73.0,0.0,0,0.0,0.9125442209031769,6,197.0
1515.0,8,146.0,2.979591836734694,8.101029268562694,0,0.0,1.0,4,79.0,0.38248048842841403,2,83.0,0.0,0,0.0,0.9520413747452517,6,162.0
1520.0,8,186.0,3.9574468085106385,8.058947194465299,0,0.0,1.0,4,99.0,0.47808643385039806,2,93.0,0.0,0,0.0,0.9477154829235156,6,192.0
1525.0,9,214.0,4.6521739130434785,7.574302986962826,0,0.0,1.0,5,114.0,0.48810538845649526,2,103.0,0.20854224249418082,0,0.0,0.9096191294963274,7,217.0
1530.0,2,113.0,2.404255319148936,7.914079067887747,0,0.0,1.0,0,12.0,0.6388047886810794,2,113.0,0.29996356256621626,0,0.0,0.9495624762124638,2,125.0
1535.0,3,128.0,2.6666666666666665,8.847316357379198,0,0.0,1.0,1,8.0,0.7704551298321645,2,123.0,0.47632071393908837,0,0.0,0.9746219573322975,3,131.0
1540.0,3,143.0,3.25,8.448916687970568,0,0.0,1.0,1,13.0,0.7658038542523928,2,139.0,0.4861386353443599,0,0.0,0.8348014443570011,3,152.0
1545.0,4,161.0,3.577777777777778,8.753153177219595,0,0.0,1.0,1,15.0,0.7760888782282266,3,152.0,0.47083697990630874,0,0.0,0.9194110546165959,4,167.0
1550.0,4,32.0,0.6808510638297872,8.281888108703237,0,0.0,1.0,1,20.0,0.5690102778727771,2,86.0,0.568898834203802,0,0.0,0.9775668430545562,3,106.0
1555.0,5,46.0,0.9387755102040817,8.14352213454628,0,0.0,1.0,2,30.0,0.6628514078813706,1,11.0,0.6687290855570207,0,0.0,0.9235421011085909,3,41.0
1560.0,6,68.0,1.4782608695652173,8.026764641540462,0,0.0,1.0,2,40.0,0.6916994735462955,2,23.0,0.4055925919697529,0,0.0,0.9794620395468284,4,63.0
1565.0,10,107.0,2.276595744680851,7.320333967378329,0,0.0,1.0,3,52.0,0.4837789757981932,4,39.0,0.417551646626699,0,0.0,0.9295898001276759,7,91.0
1570.0,9,93.0,2.066666666666667,5.728913249505817,0,0.0,1.0,1,11.0,0.5006290554760124,4,59.0,0.1650025861372603,0,0.0,0.9439986078896156,5,70.0
1575.0,12,144.0,3.272727272727273,5.900522567697852,0,0.0,1.0,1,3.0,0.5310397672454131,5,83.0,0.29480004844050944,0,0.0,0.9624720418410229,6,86.0
1580.0,19,225.0,5.113636363636363,5.222240332557965,0,0.0,1.0,2,12.0,0.32378565317374364,8,115.0,0.19599917021596241,0,0.0,0.9801426516878362,10,127.0
1585.0,17,240.0,5.333333333333333,5.043881509451166,0,0.0,1.0,3,22.0,0.22235372746427734,8,151.0,0.1915058957859605,0,0.0,0.9567438421500457,11,173.0
1590.0,8,110.0,2.4444444444444446,4.739870855630576,0,0.0,1.0,0,0.0,0.6701389581516362,2,42.0,0.19786698685000534,0,0.0,0.6263475425119865,2,42.0
1595.0,9,146.0,3.4761904761904763,5.700493704163577,0,6.0,0.46191142316255446,0,6.0,0.6167999463279399,1,12.0,0.5455712649004518,0,0.0,0.9760797506547771,1,24.0
1600.0,11,198.0,4.5,6.351615391292486,0,0.0,0.8652060444499544,1,14.0,0.7657436424294417,1,16.0,0.5611515128935429,0,0.0,0.9567128613486109,2,30.0
1605.0,13,258.0,5.733333333333333,6.385166578287055,0,0.0,1.0,1,19.0,0.7352270199249784,1,21.0,0.6504088754202426,0,0.0,0.9495341051996721,2,40.0
1610.0,13,285.0,6.4772727272727275,6.147276983075144,0,0.0,1.0,2,28.0,0.6623910863621107,1,24.0,0.661784341411537,0,0.0,0.9516565038274273,3,52.0
1615.0,11,336.0,7.304347826086956,6.5322578116242145,0,0.0,1.0,2,38.0,0.7037384846106899,1,29.0,0.768839202974381,0,0.0,0.9877587117689037,3,67.0
1620.0,11,391.0,8.5,6.108721362841443,0,0.0,1.0,2,45.0,0.6698164313868252,1,34.0,0.705104485020328,0,0.0,0.9774704136184409,3,79.0
1625.0,12,384.0,7.836734693877551,6.156553992194241,0,0.0,1.0,3,61.0,0.5417227334541369,2,41.0,0.4930743299733395,0,0.0,0.9776128220690853,5,102.0
1630.0,4,115.0,2.3958333333333335,6.584986457613009,0,0.0,1.0,1,42.0,0.5495896738054388,2,48.0,0.46336541264899916,0,0.0,0.9906397022023851,3,90.0
1635.0,7,111.0,2.2653061224489797,7.159519626837384,0,0.0,1.0,2,48.0,0.5776470030581453,5,66.0,0.28125527048552973,0,0.0,0.9977748289963739,7,114.0
1640.0,6,95.0,1.9,7.217314236788424,0,0.0,1.0,2,58.0,0.5339152757995494,4,40.0,0.26813428333323863,0,0.0,0.9674077204478477,6,98.0
1645.0,7,129.0,2.58,7.655598976771789,0,0.0,1.0,3,75.0,0.5912373811311746,4,109.0,0.4762747973875923,0,0.0,0.94928079248427,7,184.0
1650.0,8,113.0,2.4565217391304346,7.028678847704431,0,0.0,1.0,2,35.0,0.5837451112241681,6,133.0,0.33251779333593967,0,0.0,0.9621932928841798,8,168.0
1655.0,11,162.0,3.5217391304347827,6.437220784398495,0,0.0,1.0,4,51.0,0.26735226074201796,7,169.0,0.32301352259873517,0,0.0,0.9334111682469505,11,220.0
1660.0,12,216.0,4.32,5.984188512497302,0,0.0,1.0,5,76.0,0.20124966810601938,7,181.0,0.36776768241206553,0,0.0,0.9489242339516148,12,257.0
1665.0,13,280.0,5.833333333333333,6.343638825114707,0,0.0,1.0,6,105.0,0.20838827893777226,7,184.0,0.3629396850545161,0,0.0,0.9288783181971096,13,289.0
1670.0,10,234.0,4.775510204081633,6.352785774877411,0,0.0,1.0,1,41.0,0.590616091788091,9,222.0,0.15245184653062752,0,0.0,0.9494386767738897,10,263.0
1675.0,11,289.0,5.5576923076923075,6.555448498542787,0,0.0,1.0,1,31.0,0.7658344858250239,10,269.0,0.07634773812674897,0,0.0,0.9496653258039895,11,300.0
1680.0,6,59.0,1.1132075471698113,6.407173556554208,0,0.0,1.0,2,36.0,0.5651126535956907,4,114.0,0.2841529803514568,0,0.0,0.9386341558841865,6,150.0
1685.0,3,48.0,0.9411764705882353,7.112308751046511,0,3.0,0.4973624693267374,2,52.0,0.515634579257171,1,44.0,0.5410655548660881,0,0.0,0.9360149247739296,3,99.0
1690.0,2,16.0,0.3404255319148936,8.033164328879353,1,10.0,0.16203961794546123,0,9.0,0.9364443888557652,1,21.0,0.7679399848103493,0,0.0,0.9271939748124831,2,40.0
1695.0,5,40.0,0.8163265306122449,8.394179335563905,3,24.0,0.0096320068094577,0,9.0,0.9528924913154926,1,29.0,0.8033030273327293,0,0.0,0.9510618084692433,4,62.0
1700.0,3,37.0,0.7708333333333334,7.570760130612391,0,0.0,0.01914240360827678,1,11.0,0.7962852088888402,1,35.0,0.692249193515516,0,0.0,0.9274870375744402,2,46.0
1705.0,3,40.0,0.8333333333333334,7.3618190761903906,0,0.0,1.0,1,16.0,0.8159787413785385,2,41.0,0.43778222845062037,0,0.0,0.9632013630761624,3,57.0
1710.0,5,59.0,1.3111111111111111,7.655073600032139,0,0.0,1.0,1,21.0,0.7579940215601343,4,53.0,0.2834525585799639,0,0.0,0.9780138710918198,5,74.0
1715.0,8,91.0,1.9361702127659575,6.903434402054251,0,0.0,1.0,2,27.0,0.4208718823040737,6,79.0,0.1295497027814386,0,0.0,0.9592588762016439,8,106.0
1720.0,11,145.0,3.152173913043478,6.098838088218984,0,0.0,1.0,5,51.0,0.24070835180799538,6,109.0,0.10788984512340159,0,0.0,0.8466351969437269,11,160.0
1725.0,10,131.0,2.7872340425531914,5.663831509376391,0,0.0,1.0,7,82.0,0.09911646880215191,2,79.0,0.022830530866382925,1,3.0,0.4699819129999939,10,164.0
1730.0,4,76.0,1.5833333333333333,6.761798397026618,0,9.0,0.6204723481248541,3,27.0,0.25232479869007823,1,61.0,0.40585239280456903,0,0.0,0.9519504066709737,4,97.0
1735.0,5,97.0,2.108695652173913,7.392983284764903,1,10.0,0.017599598889862643,3,39.0,0.5072140979441465,1,60.0,0.6341163973026726,0,0.0,0.9921179749136111,5,109.0
1740.0,7,131.0,2.977272727272727,8.053890121306118,3,24.0,6.690906651882194e-05,3,51.0,0.5551770795656272,1,71.0,0.7042443123636275,0,0.0,0.9845197755316459,7,146.0
1745.0,6,73.0,1.6590909090909092,7.731659457090424,0,0.0,1.0,4,69.0,0.48574954430511097,0,6.0,0.964606046154555,0,0.0,0.988384011345331,4,75.0
1750.0,5,24.0,0.5217391304347826,7.889177127857364,0,0.0,1.0,0,33.0,0.7340678057048496,0,6.0,0.968213012641819,0,0.0,0.9804468558826183,0,39.0
1755.0,5,49.0,1.065217391304348,7.747217937047944,0,0.0,1.0,0,0.0,0.8186357020381569,0,6.0,0.9543452841816646,0,0.0,0.9857828230263255,0,6.0
1760.0,12,90.0,2.0454545454545454,6.3266951577612796,0,0.0,1.0,3,6.0,0.38074506448148243,2,11.0,0.5714146766166576,0,0.0,0.9277976836464488,5,17.0
1765.0,11,142.0,3.021276595744681,6.4059319256275185,0,0.0,1.0,3,21.0,0.40334866323469515,0,9.0,0.9321518833380823,0,0.0,0.9565025834443488,3,30.0
1770.0,13,180.0,3.75,5.956828515189362,0,3.0,0.7679320408835011,4,38.0,0.16675290202276485,0,3.0,0.9510188235150856,0,0.0,0.9632341117787822,4,44.0
1775.0,12,208.0,4.7272727272727275,5.789646673791167,1,6.0,0.20977655839666365,5,62.0,0.2808891361548108,0,3.0,0.9263819254106875,0,0.0,0.9938474728471558,6,71.0
1780.0,13,237.0,5.642857142857143,5.7364268113098875,3,18.0,1.3435723013071982e-05,5,87.0,0.2752203616237285,0,3.0,0.9700111851360715,0,0.0,0.9305230874153467,8,108.0
1785.0,8,139.0,3.088888888888889,5.578543868345208,3,33.0,0.0,5,112.0,0.25164818406799444,0,3.0,0.5032891257617066,0,0.0,0.943033248312254,8,148.0
1790.0,5,17.0,0.37777777777777777,5.397553940268975,0,0.0,1.0,0,18.0,0.6472247432061179,1,8.0,0.5463734296713297,0,0.0,0.9374521898154367,1,26.0
1795.0,8,52.0,1.1818181818181819,6.0075166241595985,0,0.0,1.0,0,18.0,0.8101991323553477,2,13.0,0.30062333215940285,0,0.0,0.9536373369509822,2,31.0
1800.0,5,39.0,0.8863636363636364,7.125430156637801,0,0.0,1.0,0,0.0,0.9705127946492471,3,34.0,0.4603238178684202,0,0.0,0.9673855116505172,3,34.0
1805.0,3,41.0,0.8723404255319149,7.868363420371158,0,0.0,1.0,0,0.0,0.9899737037104233,3,49.0,0.48548974639187764,0,0.0,0.9478707745681687,3,49.0
1810.0,0,0.0,0.0,8.086704239610837,0,0.0,1.0,0,0.0,0.6611614247703396,0,54.0,0.7878591632516093,0,0.0,0.9701612036521535,0,54.0
1815.0,2,4.0,0.08163265306122448,8.33592700711208,0,6.0,0.7051143444534202,1,6.0,0.537182369105611,0,8.0,0.9520208492596222,0,0.0,0.9928513947230925,1,20.0
1820.0,4,22.0,0.4782608695652174,7.7652917231245455,1,6.0,2.9077140448328335e-05,2,37.0,0.5450783981466937,0,8.0,0.984351832054431,0,0.0,0.9633636023551473,3,51.0
1825.0,7,52.0,1.1304347826086956,7.626278324809679,1,11.0,0.0,3,51.0,0.4900753562746769,0,30.0,0.871556906886617,0,0.0,0.9824350874902391,4,92.0
1830.0,2,16.0,0.35555555555555557,7.204637504504212,1,16.0,0.2121094464735556,0,16.0,0.9504601784525221,1,39.0,0.46643833740817486,0,0.0,0.949640543009217,2,71.0
1835.0,2,12.0,0.26666666666666666,8.301969799503443,0,1.0,0.9978597476401905,0,16.0,0.9774609410213972,2,24.0,0.4615768091457779,0,0.0,0.9370325016196344,2,41.0
1840.0,2,22.0,0.4583333333333333,8.508133194923033,0,0.0,1.0,0,20.0,0.8412231547012377,2,31.0,0.4752168670282843,0,0.0,0.9567505023750188,2,51.0
1845.0,4,42.0,0.875,8.345392947537524,0,0.0,1.0,1,9.0,0.8143974049476357,3,46.0,0.41908935617836135,0,0.0,0.9389375431789784,4,55.0
1850.0,4,56.0,1.1428571428571428,8.325860391583948,0,0.0,1.0,1,14.0,0.7002605999227182,3,55.0,0.5919910080068522,0,0.0,0.9516890088624872,4,69.0
1855.0,7,85.0,1.7,8.067337765418749,0,3.0,0.9535252864618149,3,26.0,0.6400218948798986,4,72.0,0.4052137316559393,0,0.0,0.98388653890351,7,101.0
1860.0,9,126.0,2.52,7.659510331727554,0,0.0,1.0,4,43.0,0.47505661471080207,5,96.0,0.4899373447624746,0,0.0,0.9639629660481399,9,139.0
1865.0,11,176.0,3.911111111111111,6.781772616122177,0,0.0,1.0,4,63.0,0.4103601977483435,6,117.0,0.2618977867278435,0,0.0,0.9758175509811543,10,180.0
1870.0,1,17.0,0.3695652173913043,6.563411608517205,0,0.0,1.0,0,31.0,0.38022180593248195,1,30.0,0.41980471360402677,0,0.0,0.931163333713064,1,61.0
1875.0,3,28.0,0.5957446808510638,7.7676250515481655,0,5.0,0.6110096873831167,1,10.0,0.6036772293705075,1,22.0,0.644911551524548,0,0.0,0.9556784540246608,2,37.0
1880.0,6,52.0,1.1555555555555554,8.17765856289223,0,0.0,0.9110991216231565,2,17.0,0.6363949347520979,1,27.0,0.6362949412905391,0,0.0,0.9585085488351789,3,44.0
1885.0,8,79.0,1.8372093023255813,7.878562897323074,0,0.0,1.0,2,27.0,0.680388596439658,1,32.0,0.6329225634406974,0,0.0,0.9678896732017269,3,59.0
1890.0,6,64.0,1.4883720930232558,7.548972292447328,0,0.0,0.9919062223678382,0,6.0,0.7408550241053088,1,37.0,0.48954066761530474,0,0.0,0.9367218126003668,1,43.0
1895.0,9,104.0,2.3636363636363638,7.56852116696437,1,2.0,0.00017959710637021077,1,10.0,0.7225315316253794,1,42.0,0.45017505883798853,0,0.0,0.9970446485951138,3,54.0
1900.0,10,151.0,3.682926829268293,7.136138581107317,1,7.0,0.0,2,17.0,0.6903753593737554,1,50.0,0.5946663230620983,0,0.0,0.9967735602289133,4,74.0
1905.0,8,159.0,4.297297297297297,6.923600427224255,1,12.0,0.0,2,21.0,0.6508871927758707,2,60.0,0.5686420647157242,0,0.0,0.9380220208947406,5,93.0
1910.0,3,84.0,2.3333333333333335,7.039157802260182,1,17.0,0.0,0,11.0,0.6512163648181638,2,70.0,0.41452851397474355,0,0.0,0.9463119624499818,3,98.0
1915.0,5,83.0,2.1842105263157894,7.2257046345098885,0,0.0,1.0,2,18.0,0.5216896872628198,3,81.0,0.4673411120302173,0,0.0,0.9584693195979379,5,99.0
1920.0,5,44.0,1.1282051282051282,7.932827782097651,0,0.0,1.0,2,28.0,0.48824454747971513,3,35.0,0.5477310790914529,0,0.0,0.9433947068900324,5,63.0
1925.0,5,69.0,1.9714285714285715,8.002756009498652,0,0.0,1.0,2,25.0,0.4852825601977668,3,47.0,0.5397436112162493,0,0.0,0.9394263026303883,5,72.0
1930.0,8,100.0,2.5641025641025643,7.295996852893772,0,0.0,1.0,2,35.0,0.34041978654072425,4,65.0,0.3951021373435508,0,0.0,0.9703733458939472,6,100.0
1935.0,7,99.0,2.6052631578947367,7.373046824146745,0,0.0,1.0,0,0.0,0.912710649884914,5,89.0,0.4521064615061679,0,0.0,0.9460438432620567,5,89.0
1940.0,0,0.0,0.0,7.453102711576432,0,0.0,1.0,0,0.0,0.9473426782679709,0,28.0,0.6989231892743959,0,0.0,0.9393724034405141,0,28.0
1945.0,2,4.0,0.1,7.63953573841051,0,6.0,0.6589507502329521,0,3.0,0.719395282837923,0,8.0,0.7402176242905338,0,0.0,0.9953802268790553,0,17.0
1950.0,4,23.0,0.575,8.165700134815086,0,0.0,1.0,1,11.0,0.7760960976572419,1,9.0,0.7524948857579657,0,0.0,0.9260009236590415,2,20.0
1955.0,3,33.0,0.825,8.189531034974642,0,0.0,1.0,0,6.0,0.9202709542591981,1,14.0,0.7354135395675566,0,0.0,0.9684274461570253,1,20.0
1960.0,2,17.0,0.4358974358974359,8.387067475575062,0,0.0,1.0,1,30.0,0.8185251786114257,1,43.0,0.7215456416493866,0,0.0,0.9632126931828378,2,73.0
1965.0,2,27.0,0.6585365853658537,9.206651656715904,0,0.0,1.0,1,35.0,0.8585091062954024,1,24.0,0.6494769631181064,0,0.0,0.9756074117358483,2,59.0
1970.0,3,39.0,0.9285714285714286,8.575038208411526,0,0.0,1.0,2,21.0,0.7118278162879907,1,29.0,0.3223568034409915,0,0.0,0.9498382324875316,3,50.0
1975.0,6,63.0,1.5,6.941388966438022,0,0.0,1.0,3,34.0,0.4065386863741855,3,40.0,0.1947161412211267,0,0.0,0.9678702251204601,6,74.0
1980.0,4,55.0,1.4473684210526316,6.6015141168007965,0,0.0,1.0,0,0.0,0.347873085893624,4,60.0,0.0024576126145464034,0,0.0,0.9806981021997605,4,60.0
1985.0,4,41.0,1.0512820512820513,7.464895426022709,0,0.0,1.0,0,0.0,0.8975340909449071,4,46.0,0.188686109194336,0,0.0,0.9553283722081078,4,46.0
1990.0,4,61.0,1.525,7.5494406947382116,0,0.0,1.0,0,0.0,0.821266515153391,4,72.0,0.37170801603814674,0,0.0,0.9604169850880168,4,72.0
1995.0,6,87.0,2.230769230769231,7.570217791223856,0,0.0,1.0,0,2.0,0.8364547307163892,5,97.0,0.3553277778580097,0,0.0,0.9531704940009155,5,99.0
2000.0,5,111.0,2.8461538461538463,7.696355245084785,0,0.0,1.0,0,2.0,0.94167452374757,5,122.0,0.3478785499584636,0,0.0,0.9686863450114539,5,124.0
2005.0,1,1.0,0.02631578947368421,8.177693255041913,0,0.0,1.0,1,1.0,0.4733863174685677,0,27.0,0.7755057079073129,0,0.0,0.9539545886281081,1,28.0
2010.0,1,6.0,0.16666666666666666,8.731022490163305,0,6.0,0.6034843941785524,1,12.0,0.5646415468072516,0,5.0,0.970954581667001,0,0.0,0.957685442317374,1,23.0
2015.0,4,16.0,0.48484848484848486,8.11425397491395,2,10.0,0.007665824763434713,1,17.0,0.7165456082416827,1,6.0,0.7702975861211632,0,0.0,0.9827941621261131,4,33.0
2020.0,2,7.0,0.1891891891891892,8.236043226576927,0,0.0,0.7294523577808524,0,6.0,0.9486531352908486,2,12.0,0.4644562052461787,0,0.0,0.9549267274331277,2,18.0
2025.0,2,7.0,0.1794871794871795,7.8640779734588495,0,0.0,1.0,0,6.0,0.7597851716911647,2,11.0,0.3900914122459322,0,0.0,0.9826089131769606,2,17.0
2030.0,5,25.0,0.625,8.27065750204318,0,0.0,1.0,2,12.0,0.6589130831854463,3,26.0,0.4836946754610496,0,0.0,0.9221075096463671,5,38.0
2035.0,6,55.0,1.2790697674418605,7.839659989816303,0,0.0,1.0,3,53.0,0.600183946260648,3,41.0,0.4651512938451181,0,0.0,0.961127778864344,6,94.0
2040.0,7,90.0,2.0,7.8798623458401975,0,0.0,1.0,4,67.0,0.1995165943201483,3,55.0,0.557454452249226,0,0.0,0.9487531404406355,7,122.0
2045.0,11,137.0,2.9782608695652173,7.202987656507273,0,0.0,1.0,5,65.0,0.20402327091236488,6,78.0,0.385304221242904,0,0.0,0.949496017956728,11,143.0
2050.0,7,126.0,2.9302325581395348,7.304078505362871,0,0.0,1.0,6,95.0,0.24473939872711648,1,40.0,0.6253058827030334,0,0.0,0.9492273100075329,7,135.0
2055.0,7,161.0,3.659090909090909,7.691096115429434,0,0.0,1.0,6,131.0,0.34825605438526236,1,39.0,0.7155441303980512,0,0.0,0.9744396236493302,7,170.0
2060.0,8,200.0,4.444444444444445,7.038529524338373,0,3.0,0.3017318797093776,7,165.0,0.34834371802116704,1,41.0,0.5664952957095907,0,0.0,0.9768585211294128,8,209.0
2065.0,14,259.0,5.886363636363637,5.868761789880492,1,8.0,0.1657941018240361,8,204.0,0.2956450303351871,5,57.0,0.16233064960515484,0,0.0,0.9734365182106496,14,269.0
2070.0,19,341.0,7.5777777777777775,5.277838963091327,4,20.0,0.15799165553824007,9,248.0,0.2975586806729652,5,82.0,1.8918476141366221e-06,0,0.0,0.9718066881778124,18,350.0
2075.0,14,333.0,7.239130434782608,4.945151996691117,0,4.0,0.06036947078280011,10,294.0,0.24869992077122108,3,50.0,0.20923721805829198,0,0.0,0.9747662970548655,13,348.0
2080.0,10,202.0,4.208333333333333,6.327851324758026,0,0.0,1.0,6,236.0,0.40750948336602316,3,55.0,0.004706378307232799,0,0.0,0.9866376448190357,9,291.0
2085.0,9,127.0,2.5918367346938775,6.982404872557932,0,0.0,1.0,4,84.0,0.39053715940675804,4,74.0,4.514092268932973e-06,0,0.0,0.9731775604447146,8,158.0
2090.0,11,177.0,3.4038461538461537,7.143857896133639,0,0.0,1.0,4,63.0,0.2915439634415885,4,94.0,0.15872082291983797,0,0.0,0.9628241332424909,8,157.0
2095.0,11,220.0,4.313725490196078,6.563322698881449,0,0.0,1.0,4,83.0,0.3095823858504459,3,100.0,0.444998291269616,0,0.0,0.9362125343536323,7,183.0
2100.0,12,245.0,5.0,6.075812364508954,0,0.0,1.0,5,108.0,0.35790673367681547,3,115.0,0.38243569658419363,0,0.0,0.9868505933084083,8,223.0
2105.0,6,170.0,3.4,6.350478314322553,0,0.0,1.0,0,9.0,0.6189762206071808,3,130.0,0.37205420098982767,0,0.0,0.9915989144784465,3,139.0
2110.0,7,203.0,4.319148936170213,7.258989114040009,0,0.0,1.0,1,6.0,0.7380101756986797,3,145.0,0.377461496072864,0,0.0,0.8678492835062829,4,151.0
2115.0,8,137.0,3.0444444444444443,6.9815709876836785,0,0.0,1.0,2,15.0,0.6376524301440074,1,110.0,0.6576829219505836,0,0.0,0.9388864571106799,3,125.0
2120.0,7,39.0,0.8863636363636364,7.489314220633898,0,0.0,1.0,3,26.0,0.6000357110188571,1,10.0,0.7898150567822689,0,0.0,0.9764910188339568,4,36.0
2125.0,2,12.0,0.2553191489361702,7.392178217453594,0,0.0,1.0,0,16.0,0.6848271418983328,2,15.0,0.6809830073762793,0,0.0,0.9601600216806269,2,31.0
2130.0,5,29.0,0.6304347826086957,8.311954827318928,0,0.0,1.0,3,10.0,0.4888506544720013,2,25.0,0.6033962650820894,0,0.0,0.9709469803826059,5,35.0
2135.0,3,22.0,0.4888888888888889,8.860257595835694,0,0.0,1.0,3,25.0,0.47231043573271075,0,6.0,0.871259810193104,0,0.0,0.984064267956575,3,31.0
2140.0,3,37.0,0.8409090909090909,8.451996053013461,0,3.0,0.9891644475304157,3,43.0,0.5125839390009052,0,6.0,0.9155165520638109,0,0.0,0.9743364931757365,3,52.0
2145.0,0,0.0,0.0,8.745543077302708,0,0.0,1.0,0,3.0,0.8120669743725484,0,6.0,0.819639632346291,0,0.0,0.9416097881934585,0,9.0
2150.0,4,9.0,0.20930232558139536,8.665395229979845,0,0.0,1.0,0,3.0,0.9524134694730998,1,5.0,0.805010351285409,0,0.0,0.9849417439808159,1,8.0
2155.0,5,26.0,0.5909090909090909,7.378871039953597,0,0.0,0.9661546645691932,0,32.0,0.8638542157588303,3,16.0,0.506391585635215,0,0.0,0.9612365660411191,3,48.0
2160.0,5,34.0,0.7555555555555555,7.871071426745895,0,0.0,1.0,0,32.0,0.9602787010960621,5,40.0,0.46094726055368096,0,0.0,0.9697842771124601,5,72.0
2165.0,5,59.0,1.2291666666666667,8.238407368884557,0,0.0,1.0,0,32.0,0.6599602223619908,5,65.0,0.3827141143520841,0,0.0,0.9666938082354795,5,97.0
2170.0,9,96.0,2.0425531914893615,7.915776943679632,0,0.0,1.0,2,10.0,0.3209623973370393,7,104.0,0.3973561276203195,0,0.0,0.9523576435397764,9,114.0
2175.0,12,146.0,3.1739130434782608,6.873861384766103,0,0.0,1.0,3,20.0,0.24296122826669989,9,136.0,0.29968491394934715,0,0.0,0.9374521637527868,12,156.0
2180.0,11,201.0,4.1020408163265305,6.830427597720007,0,0.0,1.0,2,30.0,0.4412145483559475,9,181.0,0.30831469595653604,0,0.0,0.9602680576197056,11,211.0
2185.0,11,195.0,3.823529411764706,6.424411810873136,0,0.0,1.0,3,43.0,0.454822051737265,8,190.0,0.2079317669329875,0,0.0,0.9813314598969635,11,233.0
2190.0,11,227.0,4.829787234042553,6.365760087686498,0,0.0,1.0,2,28.0,0.5649345427150478,9,206.0,0.13770418494790615,0,0.0,0.9756978877834532,11,234.0
2195.0,14,293.0,6.369565217391305,5.911277235934229,0,0.0,1.0,2,38.0,0.558936482977876,12,262.0,0.0813893660971373,0,0.0,0.9920967543060115,14,300.0
2200.0,16,367.0,7.34,6.251482226415976,0,0.0,1.0,2,48.0,0.4846393771027585,13,328.0,0.14704687375580794,0,0.0,0.9942326567430833,15,376.0
2205.0,17,431.0,8.979166666666666,5.970212538781848,0,0.0,1.0,1,43.0,0.5326844361906177,15,400.0,0.1534487907797416,0,0.0,0.9490733832839237,16,443.0
2210.0,8,176.0,3.5918367346938775,6.192371083687123,0,0.0,1.0,2,51.0,0.4875993639886803,6,228.0,0.19103295509451013,0,0.0,0.943993623017145,8,279.0
2215.0,6,108.0,2.16,7.191558803807977,0,9.0,0.6276991445693834,0,9.0,0.6972249593910669,5,159.0,0.2921230509309767,0,0.0,0.9742545147188931,5,177.0
2220.0,10,149.0,2.9215686274509802,7.172341606846264,1,9.0,0.30801744663019887,1,12.0,0.7370904973925445,5,136.0,0.34949833327615176,0,0.0,0.9587137309398434,7,157.0
2225.0,9,176.0,3.52,7.490668814213235,3,20.0,0.047494673419887105,1,17.0,0.8307682424137978,5,161.0,0.2696907591332578,0,0.0,0.9492277475918184,9,198.0
2230.0,5,174.0,3.5510204081632653,7.3325904025520865,0,3.0,0.0895766783059293,1,22.0,0.824053280351632,4,165.0,0.2343638925422813,0,0.0,0.9711342162301303,5,190.0
2235.0,7,205.0,4.019607843137255,7.1931753367775455,0,0.0,0.28936556331596575,1,27.0,0.7377979317398606,5,188.0,0.008601186240099023,0,0.0,0.9399228315146716,6,215.0
2240.0,8,240.0,4.615384615384615,7.790309325991071,0,0.0,1.0,2,29.0,0.5916947819596065,6,218.0,0.31914980157789746,0,0.0,0.9446118980143269,8,247.0
2245.0,11,288.0,5.647058823529412,6.517227530878875,0,0.0,1.0,3,42.0,0.337578393814631,7,249.0,0.18863335108910656,0,0.0,0.9604117511396342,10,291.0
2250.0,14,354.0,6.8076923076923075,5.873054704039017,0,0.0,1.0,5,67.0,0.13481474026345347,8,289.0,0.25575683109767794,0,0.0,0.9824384282808629,13,356.0
2255.0,9,190.0,3.392857142857143,5.958802465709949,0,0.0,1.0,0,0.0,0.5128599620127403,9,259.0,0.14532445644331055,0,0.0,0.9351739402305415,9,259.0
2260.0,6,84.0,1.6153846153846154,7.09727373908668,0,3.0,0.9269108846598826,0,0.0,0.9775894552866728,6,157.0,0.1354069277840682,0,0.0,0.968756337500195,6,160.0
2265.0,8,119.0,2.4285714285714284,7.636657936915315,1,5.0,0.002306649130463246,0,0.0,0.950998011997353,7,135.0,0.3728689713011897,0,0.0,0.9721298419009943,8,140.0
2270.0,7,152.0,3.04,7.948145450497859,0,0.0,0.8903316806741609,0,0.0,0.9511088908917626,7,158.0,0.2870867290246785,0,0.0,0.9688545804451116,7,158.0
2275.0,8,188.0,3.76,7.805745528654191,0,0.0,1.0,0,0.0,0.9620608244147704,7,193.0,0.3494026229001206,0,0.0,0.9316992323541604,7,193.0
2280.0,11,238.0,4.958333333333333,7.111574535414526,0,0.0,1.0,0,0.0,0.9678475545803527,7,228.0,0.3331026892100239,0,0.0,0.9986733009920916,7,228.0
2285.0,13,296.0,6.5777777777777775,6.3211219805454135,0,0.0,1.0,0,1.0,0.7730278853057069,7,263.0,0.3256845364145047,0,0.0,0.9508580815907036,7,264.0
2290.0,16,347.0,7.711111111111111,4.850255167224655,0,0.0,1.0,3,10.0,0.34829465051850944,8,300.0,0.23614249722027555,0,0.0,0.9694407320571918,11,310.0
2295.0,15,399.0,9.279069767441861,4.5785015766652375,0,0.0,1.0,1,8.0,0.3461101714382384,8,340.0,0.1741081429547657,0,0.0,0.9624344503043994,9,348.0
2300.0,12,408.0,9.951219512195122,5.1570584022032895,0,0.0,1.0,1,13.0,0.4768430706325153,9,384.0,0.12293020302155352,0,0.0,0.9771358936694281,10,397.0
2305.0,13,450.0,10.0,5.481194349571256,0,0.0,1.0,1,18.0,0.6463436276768582,12,441.0,0.11380597866934279,0,0.0,0.964752889592889,13,459.0
2310.0,14,518.0,11.772727272727273,5.210451343865715,0,0.0,1.0,1,23.0,0.665534861538038,13,521.0,0.12112382256742864,0,0.0,0.956019243876076,14,544.0
2315.0,5,103.0,2.395348837209302,5.566974382244507,0,0.0,1.0,2,30.0,0.4123021180964111,3,206.0,0.22700400733148227,0,0.0,0.9874031392321706,5,236.0
2320.0,3,53.0,1.2926829268292683,6.963371769623511,0,3.0,0.6312480416884189,2,49.0,0.577324283572505,1,17.0,0.2743057820229156,0,0.0,0.9444740161034855,3,69.0
2325.0,4,73.0,1.5869565217391304,8.340064476695174,0,0.0,0.8180176288237299,2,59.0,0.6428152703192257,2,36.0,0.4760158281838073,0,0.0,0.9647907988380713,4,95.0
2330.0,8,101.0,2.148936170212766,7.717776523354491,0,0.0,0.774867429253012,3,72.0,0.6801228106028077,3,44.0,0.21305869755670725,0,0.0,0.952446814336083,6,116.0
2335.0,3,81.0,1.7234042553191489,7.7313449706730015,0,0.0,1.0,1,51.0,0.8113503616640221,1,43.0,0.2702850259329688,0,0.0,0.9344730727658487,2,94.0
2340.0,2,86.0,1.8297872340425532,9.115019234050116,0,3.0,0.8885981334155747,1,56.0,0.855671722426839,1,33.0,0.6141831705484876,0,0.0,0.9290220297039035,2,92.0
2345.0,2,96.0,2.0425531914893615,8.923635012829013,0,0.0,1.0,1,58.0,0.7890252118191007,1,44.0,0.6581525331171919,0,0.0,0.9589567950712244,2,102.0
2350.0,4,112.0,2.3333333333333335,8.42160900077369,0,0.0,1.0,2,72.0,0.7435890163846381,2,52.0,0.4857081459600976,0,0.0,0.9307965088892136,4,124.0
2355.0,4,85.0,1.9318181818181819,8.553803475537945,0,0.0,1.0,2,82.0,0.6741358803339742,1,18.0,0.5051606435572872,0,0.0,0.9979783572419848,3,100.0
2360.0,4,92.0,2.090909090909091,9.216362133310977,0,0.0,1.0,2,89.0,0.6486341810547366,2,12.0,0.5886560037884239,0,0.0,0.9851106186445084,4,101.0
2365.0,5,117.0,2.7209302325581395,9.079836739399441,0,0.0,1.0,3,104.0,0.5383331605711956,2,22.0,0.5916473002741617,0,0.0,0.979019971027124,5,126.0
2370.0,8,148.0,3.6097560975609757,7.574453833494594,0,0.0,1.0,4,123.0,0.34144689131862455,4,34.0,0.38236447209929475,0,0.0,0.9313214731306603,8,157.0
2375.0,14,203.0,5.075,5.530517717657725,0,0.0,1.0,6,149.0,0.2387893433346273,7,61.0,0.21251454044151608,0,0.0,0.9457877181195933,13,210.0
2380.0,11,200.0,4.878048780487805,5.9187357501654665,0,0.0,1.0,2,124.0,0.35470441663999874,7,96.0,0.21497367027879039,0,0.0,0.965847536872424,9,220.0
2385.0,6,149.0,3.725,6.3557434583483055,0,0.0,1.0,3,116.0,0.47038911887012186,1,41.0,0.43442454952008003,0,0.0,0.9504693721307947,4,157.0
2390.0,6,154.0,3.85,7.725593579742361,0,6.0,0.6046618080720829,4,139.0,0.4439899890849977,2,27.0,0.5804397935234953,0,0.0,0.940164111487416,6,172.0
2395.0,7,184.0,4.088888888888889,7.3574987615053224,0,0.0,1.0,5,159.0,0.3958859799337468,2,37.0,0.24850002023344048,0,0.0,0.9517190229551759,7,196.0
2400.0,7,194.0,4.409090909090909,6.907582536826488,0,0.0,1.0,2,146.0,0.554866214082314,4,55.0,0.266227449792416,0,0.0,0.9398029949511929,6,201.0
2405.0,5,204.0,4.744186046511628,7.704890739325435,0,0.0,1.0,2,156.0,0.7435723673350524,3,57.0,0.3196535489547071,0,0.0,0.9720755836509912,5,213.0
2410.0,7,238.0,5.288888888888889,8.188701085347692,0,0.0,1.0,2,166.0,0.7429069080657678,5,85.0,0.37740494677776615,0,0.0,0.9547310466575729,7,251.0
2415.0,10,280.0,6.086956521739131,7.110567274716512,0,0.0,1.0,4,176.0,0.5179902956809689,6,111.0,0.31366527064485417,0,0.0,0.9271684723848234,10,287.0
2420.0,11,335.0,7.444444444444445,6.903643224199631,0,0.0,1.0,5,201.0,0.24001412773298514,6,141.0,0.3113422623882626,0,0.0,0.9565078911539159,11,342.0
2425.0,10,308.0,6.695652173913044,6.5028450480826105,0,0.0,1.0,6,227.0,0.13562780240814437,4,114.0,0.4708933465599813,0,0.0,0.9578441853937899,10,341.0
2430.0,10,326.0,7.5813953488372094,7.137478553388259,0,3.0,0.9774158563850218,6,257.0,0.13998477933138426,4,73.0,0.47071515296680655,0,0.0,0.9254529841956294,10,333.0
2435.0,10,376.0,8.355555555555556,6.547598596755264,0,0.0,1.0,6,287.0,0.13992871304495894,4,93.0,0.30874177342198406,0,0.0,0.9654335172570608,10,380.0
2440.0,9,363.0,8.25,6.542078572127502,0,0.0,1.0,3,265.0,0.2204900929679406,5,117.0,0.2415666286539882,0,0.0,0.9521676870250249,8,382.0
2445.0,5,304.0,7.238095238095238,7.503535455104469,0,0.0,1.0,3,273.0,0.3829542445640771,1,72.0,0.4964296299653361,0,0.0,0.9249494382464143,4,345.0
2450.0,4,290.0,6.904761904761905,7.660925652512477,0,3.0,0.5310066042376417,3,283.0,0.4384233779494763,0,34.0,0.8083907382228757,0,0.0,0.963621819105769,3,320.0
2455.0,5,314.0,7.3023255813953485,8.046711341238181,0,0.0,0.9814181772065002,4,302.0,0.48318627619950905,0,0.0,0.8312965964366684,0,0.0,0.9755697477100471,4,302.0
2460.0,4,330.0,7.5,8.31560011766935,0,0.0,1.0,3,313.0,0.6068514893933128,0,0.0,0.9568279074487932,0,0.0,0.9633978897121497,3,313.0
2465.0,3,322.0,7.488372093023256,8.241041426943053,0,0.0,1.0,3,328.0,0.6140855978009461,0,0.0,0.923069994921488,0,0.0,0.9696872578644844,3,328.0
2470.0,6,344.0,7.644444444444445,7.26777146685835,0,0.0,1.0,3,343.0,0.6038334679084079,0,3.0,0.7906186605318465,0,0.0,0.9456775691385078,3,346.0
2475.0,9,378.0,8.042553191489361,6.783554877502925,0,0.0,1.0,3,358.0,0.5934003485361112,3,9.0,0.5413323739227541,0,0.0,0.9759298211277191,6,367.0
2480.0,11,430.0,8.958333333333334,6.249621364589484,0,0.0,1.0,3,370.0,0.4841554178510246,3,24.0,0.4806924411271553,0,0.0,0.9873719286039956,6,394.0
2485.0,10,170.0,3.7777777777777777,5.163428557733914,0,0.0,1.0,2,192.0,0.17111383417026185,2,31.0,0.3210194195319021,0,0.0,0.9932258221358754,4,223.0
2490.0,8,71.0,1.5106382978723405,6.317787109278988,0,0.0,1.0,3,25.0,0.4472783326901258,3,44.0,0.4791400657268692,0,0.0,0.9534450076572558,6,69.0
2495.0,9,114.0,2.375,6.6006615553628905,0,0.0,1.0,3,37.0,0.4997180549579321,4,62.0,0.38753432990143044,0,0.0,0.9938047523343478,7,99.0
2500.0,11,131.0,2.62,6.081833453475422,0,0.0,1.0,5,57.0,0.3674997373581982,5,85.0,0.3097722777362405,0,0.0,0.9769323190029742,10,142.0
2505.0,4,80.0,1.6326530612244898,6.853612001583448,0,0.0,1.0,3,67.0,0.5636929140240375,1,27.0,0.584338883525613,0,0.0,0.9736563655573844,4,94.0
2510.0,4,100.0,2.0408163265306123,7.204216120842277,0,6.0,0.5364216450654342,3,85.0,0.40427762627600583,1,27.0,0.7347869904766696,0,0.0,0.941249112977088,4,118.0
2515.0,6,127.0,2.54,7.649913947776887,0,0.0,0.8233482184776606,5,110.0,0.496375279009918,1,29.0,0.7023143218889691,0,0.0,0.9604425118453969,6,139.0
2520.0,7,160.0,3.2,7.364586897257855,0,0.0,1.0,5,135.0,0.5083859616467584,1,34.0,0.4647916248026028,0,0.0,0.9513665455732709,6,169.0
2525.0,1,8.0,0.1568627450980392,7.097611252901932,0,0.0,1.0,0,21.0,0.6146293888376094,0,3.0,0.41175443466603506,0,0.0,0.9475654754936537,0,24.0
2530.0,2,6.0,0.125,7.880361816937501,0,0.0,1.0,1,9.0,0.7982261924496591,1,3.0,0.1879469417126347,0,0.0,0.9930770071527101,2,12.0
2535.0,3,19.0,0.3958333333333333,7.590260124128304,0,0.0,1.0,1,8.0,0.5332255324891558,2,17.0,0.4013063334223726,0,0.0,0.9313715146773106,3,25.0
2540.0,6,44.0,0.9166666666666666,7.406578899804589,0,0.0,1.0,3,18.0,0.3807083929750054,2,27.0,0.5792288360500678,0,0.0,0.9888113281172839,5,45.0
2545.0,7,56.0,1.2173913043478262,7.09198974693745,0,0.0,1.0,2,15.0,0.41902406492177446,2,37.0,0.5974967605140187,0,0.0,0.9795709275784441,4,52.0
2550.0,6,77.0,1.673913043478261,7.717435090819021,0,0.0,1.0,3,27.0,0.24462940933635297,2,50.0,0.6814142697798945,0,0.0,0.9688218172824572,5,77.0
2555.0,6,96.0,2.2857142857142856,7.357417600882389,0,0.0,1.0,3,42.0,0.2915630622434902,3,63.0,0.5071575130848235,0,0.0,0.9919440044752783,6,105.0
2560.0,7,127.0,2.8863636363636362,6.50773394585677,0,0.0,1.0,4,58.0,0.173965622484058,3,78.0,0.2795438896209757,0,0.0,0.9354212504494698,7,136.0
2565.0,11,178.0,4.1395348837209305,5.989061981185005,0,0.0,1.0,5,81.0,0.26562996302598113,4,98.0,0.2956699730398595,0,0.0,0.9327089399346761,9,179.0
2570.0,7,124.0,2.9523809523809526,5.692999953732393,0,0.0,1.0,5,106.0,0.3423104525125598,0,7.0,0.434804512944858,0,0.0,0.9699658515676994,5,113.0
2575.0,8,162.0,3.5217391304347827,6.251852752186497,0,7.0,0.68975213994727,5,137.0,0.3760368998490531,0,0.0,0.2242405996174122,0,0.0,0.9661508555312742,5,144.0
2580.0,10,209.0,4.644444444444445,6.210988145647444,0,0.0,0.7559829799617331,5,162.0,0.4341875955039871,0,0.0,1.0,0,0.0,0.9630992629668926,5,162.0
2585.0,9,201.0,4.276595744680851,6.125506515253097,0,0.0,1.0,4,129.0,0.4605032623722975,0,0.0,1.0,0,0.0,0.9208274254203856,4,129.0
2590.0,9,221.0,4.804347826086956,6.495317337872367,0,0.0,1.0,4,149.0,0.44273897539865,0,0.0,0.14108888440729303,0,0.0,0.9603010126929888,4,149.0
2595.0,9,198.0,3.96,6.768318595648647,0,0.0,1.0,5,171.0,0.4311656225109536,1,11.0,0.6986426830158218,0,0.0,0.9470691887562837,6,182.0
2600.0,8,203.0,4.142857142857143,6.928686800940747,0,0.0,1.0,5,196.0,0.42798254989854473,1,16.0,0.6847960701061199,0,0.0,0.9188368658953271,6,212.0
2605.0,8,236.0,4.72,6.885935196388523,0,0.0,1.0,5,218.0,0.36110452605489807,3,27.0,0.5521219297808244,0,0.0,0.9671118365107004,8,245.0
2610.0,10,280.0,5.714285714285714,6.440729997980775,0,0.0,1.0,5,240.0,0.16320121196341567,4,44.0,0.48372557518930326,1,2.0,0.46768405955002135,10,286.0
2615.0,10,330.0,6.6,6.3870751891243485,0,0.0,1.0,5,265.0,0.16027860360272442,4,61.0,0.41968426912734635,1,7.0,0.6653101517720287,10,333.0
2620.0,14,389.0,7.480769230769231,5.910845838135395,0,0.0,1.0,5,290.0,0.15966126194264732,7,88.0,0.21165089481220564,1,12.0,0.47327700374962967,13,390.0
2625.0,14,457.0,8.788461538461538,5.418154807012519,0,0.0,1.0,5,326.0,0.24789701492490707,7,123.0,0.09507555925270479,1,17.0,0.4971843113472827,13,466.0
2630.0,11,399.0,7.528301886792453,5.9299309968332725,0,0.0,1.0,5,340.0,0.2763050053370971,2,64.0,0.21843478798604649,1,22.0,0.052583473646244515,8,426.0
2635.0,7,388.0,7.320754716981132,6.204497529340091,0,7.0,0.5039390831565026,5,371.0,0.30261420624392715,1,40.0,0.46648682454107393,0,0.0,0.5134628289192951,6,418.0
2640.0,8,418.0,7.6,6.737575250755998,1,8.0,0.10764621294020546,6,404.0,0.5362464060331265,1,23.0,0.7043314474615638,0,0.0,0.9366837112285252,8,435.0
2645.0,11,469.0,8.685185185185185,6.75435968937277,3,22.0,0.08411612820571583,7,436.0,0.45765949407675155,1,32.0,0.7113673711832706,0,0.0,0.9840901533674459,11,490.0
2650.0,7,113.0,2.0925925925925926,6.549780174264665,3,37.0,0.009794134282217992,4,248.0,0.44043211345668526,0,5.0,0.7310978201546294,0,0.0,0.9470302465793293,7,290.0
2655.0,1,5.0,0.09433962264150944,7.987725388616003,0,4.0,0.027361753873958228,1,26.0,0.6801401444609034,0,0.0,0.5768505780643979,0,0.0,0.9471839831508234,1,30.0
2660.0,4,16.0,0.3018867924528302,8.687640922660878,0,0.0,1.0,2,17.0,0.7485940624508166,2,5.0,0.5584692157533231,0,0.0,0.9288705369513319,4,22.0
2665.0,7,40.0,0.7272727272727273,8.30249650108793,0,0.0,1.0,4,28.0,0.498360231717782,3,18.0,0.4539032612872908,0,0.0,0.9715516058579254,7,46.0
2670.0,2,15.0,0.2777777777777778,8.05429359901929,0,0.0,1.0,0,14.0,0.45210898736713195,2,15.0,0.5436355056221978,0,0.0,0.9756643073613948,2,29.0
2675.0,3,28.0,0.5384615384615384,8.422949966358836,0,0.0,1.0,0,11.0,0.7682160708189615,3,28.0,0.5445537228350049,0,0.0,0.9347073139049037,3,39.0
2680.0,7,57.0,1.0961538461538463,8.276891174594395,0,0.0,1.0,1,13.0,0.7736116795950133,3,46.0,0.6154677761558272,0,0.0,0.9652894540818302,4,59.0
2685.0,5,69.0,1.38,7.899768713747411,0,0.0,1.0,1,10.0,0.8183550623012658,4,62.0,0.5791315165161971,0,0.0,0.9669553832885742,5,72.0
2690.0,3,73.0,1.489795918367347,7.831115227025207,0,0.0,1.0,0,3.0,0.7128615921247005,3,73.0,0.6472139847288136,0,0.0,0.9717516308226208,3,76.0
2695.0,7,98.0,2.0416666666666665,7.28511396450956,0,0.0,1.0,2,11.0,0.6184010803157944,5,93.0,0.2487148070419546,0,0.0,0.9343584860552162,7,104.0
2700.0,8,138.0,3.0,6.724147516507911,0,0.0,1.0,2,21.0,0.6273898860006472,6,126.0,0.3079951465146507,0,0.0,0.9966899735573794,8,147.0
2705.0,10,180.0,3.75,6.152187685569433,0,0.0,1.0,4,33.0,0.4749140704173781,6,156.0,0.27938143481064853,0,0.0,0.9598881130063349,10,189.0
2710.0,5,92.0,2.0,5.93045119168396,0,0.0,1.0,1,20.0,0.6458273269627971,4,120.0,0.3985325281417377,0,0.0,0.9735639978243986,5,140.0
2715.0,4,55.0,1.1458333333333333,6.927077892968278,0,0.0,1.0,1,25.0,0.6331963060675713,3,52.0,0.452439224633293,0,0.0,0.9622491756711209,4,77.0
2720.0,5,78.0,1.5294117647058822,7.073436929873578,0,0.0,1.0,1,27.0,0.48930166050145124,4,60.0,0.4794435636940051,0,0.0,0.9555069596045618,5,87.0
2725.0,6,108.0,2.076923076923077,7.401350423568797,0,0.0,1.0,1,32.0,0.5907724991424345,5,85.0,0.5445084996422304,0,0.0,0.9618142622567035,6,117.0
2730.0,2,40.0,0.8,7.2668299720389395,0,0.0,1.0,1,37.0,0.5757411014212369,1,21.0,0.5510264314789508,0,0.0,0.9871613546493574,2,58.0
2735.0,4,57.0,1.14,7.751426697050703,0,6.0,0.5762010998962381,2,47.0,0.5817305997107349,1,14.0,0.7126872514790297,0,0.0,0.9902379460423134,3,67.0
2740.0,4,77.0,1.5098039215686274,7.878847462938373,0,6.0,0.02208183243939954,2,58.0,0.6634671895301334,1,19.0,0.7764421648166362,0,0.0,0.9754433918505597,3,83.0
2745.0,8,114.0,2.28,7.696550146576288,2,16.0,4.180725085132307e-05,3,71.0,0.6076275121356218,1,18.0,0.6583439099586116,0,0.0,0.9921391315901704,6,105.0
2750.0,8,134.0,2.68,6.639083754632002,2,26.0,0.11136769973807956,3,86.0,0.6062011775378437,0,0.0,0.7920185100899508,0,0.0,0.9771338445430069,5,112.0
2755.0,10,155.0,3.1,5.8670447121873845,0,3.0,0.48188727084067845,3,98.0,0.6457717123511122,1,3.0,0.636915703167595,0,0.0,0.9381373762986618,4,104.0
2760.0,9,175.0,3.4313725490196076,6.459217601422614,0,0.0,1.0,3,113.0,0.5573036482517434,1,8.0,0.7115610431317686,0,0.0,0.9652808328822097,4,121.0
2765.0,5,143.0,2.75,6.834600755171493,0,0.0,1.0,3,125.0,0.4780103441948058,1,13.0,0.4657348275397094,0,0.0,0.9446090184426756,4,138.0
2770.0,6,169.0,3.3137254901960786,7.776347119484839,0,0.0,1.0,3,162.0,0.38775144719309057,3,27.0,0.4196055377565466,0,0.0,0.9634529475966345,6,189.0
2775.0,4,166.0,3.074074074074074,8.137095730722772,0,0.0,1.0,3,159.0,0.49009253102754996,1,9.0,0.7051333253538004,0,0.0,0.9672772145993599,4,168.0
2780.0,5,190.0,3.5185185185185186,7.933411242517307,0,0.0,0.3802239284653943,4,177.0,0.2474287672354274,1,14.0,0.7192291833571317,0,0.0,0.998819223554226,5,191.0
2785.0,8,223.0,4.645833333333333,7.299854678365944,1,7.0,0.039475224176618535,5,200.0,0.36543504059946724,2,20.0,0.3978817297908113,0,0.0,0.9524172170838496,8,227.0
2790.0,11,270.0,6.0,6.6433529465853995,2,14.0,0.09154412296450441,5,225.0,0.3608432765554895,3,37.0,0.3847252472178259,0,0.0,0.9427035336769998,10,276.0
2795.0,7,172.0,3.510204081632653,6.856919062459333,0,0.0,0.06646331444164369,3,138.0,0.44339385707721324,3,52.0,0.19522371807693228,0,0.0,0.9725616679527351,6,190.0
2800.0,7,194.0,3.9591836734693877,7.287329515579064,0,0.0,1.0,2,117.0,0.6481654752780113,4,72.0,0.3071098552617301,0,0.0,0.9775324785033157,6,189.0
2805.0,5,169.0,3.595744680851064,7.802552285444152,0,0.0,1.0,2,127.0,0.5829164253809646,2,52.0,0.4690948599821902,0,0.0,0.9752330728563754,4,179.0
2810.0,7,157.0,3.204081632653061,8.154563881359516,0,0.0,1.0,3,138.0,0.39923828059632305,4,25.0,0.36322503316542076,0,0.0,0.9553210344760459,7,163.0
2815.0,8,172.0,3.510204081632653,7.031697616263912,0,0.0,0.8808787836546913,2,123.0,0.35338982436751576,6,52.0,0.19660311951716122,0,0.0,0.9947318593331592,8,175.0
2820.0,11,219.0,4.5625,6.901684730236322,0,0.0,1.0,3,134.0,0.22238811378872392,8,88.0,0.10636813239163213,0,0.0,0.9603945156021523,11,222.0
2825.0,10,229.0,4.872340425531915,6.976581901453469,0,0.0,1.0,3,149.0,0.2496584781596373,7,102.0,0.25513019581044455,0,0.0,0.9558272238524775,10,251.0
2830.0,8,238.0,4.76,7.456395528820651,0,0.0,1.0,3,167.0,0.5124781522153772,5,95.0,0.37739272799634926,0,0.0,0.983618198890682,8,262.0
2835.0,8,278.0,5.450980392156863,7.768128625493946,0,0.0,1.0,3,182.0,0.5453342976902505,5,105.0,0.44967041860530205,0,0.0,0.9649300255146102,8,287.0
2840.0,8,318.0,6.115384615384615,7.456911070575411,0,0.0,1.0,3,197.0,0.5557574891567396,5,130.0,0.408632940763621,0,0.0,0.9015676421313379,8,327.0
2845.0,5,234.0,4.333333333333333,7.396220580109572,0,0.0,1.0,3,212.0,0.5399968937931418,2,31.0,0.5155419709453576,0,0.0,0.9878496933025366,5,243.0
2850.0,6,262.0,4.943396226415095,7.692186501405938,0,3.0,0.6885615407243003,3,231.0,0.6429879336968928,3,41.0,0.4945278269622517,0,0.0,0.9513446857540493,6,275.0
2855.0,4,215.0,4.215686274509804,7.792263337850823,0,0.0,0.8593272063966227,1,175.0,0.8115365894701536,3,53.0,0.47339113027699736,0,0.0,0.9374532299009464,4,228.0
2860.0,7,241.0,4.7254901960784315,7.306612800606925,0,0.0,1.0,2,180.0,0.7166977733308807,3,68.0,0.3953698040247077,0,0.0,0.9156794048196147,5,248.0
2865.0,6,263.0,4.962264150943396,7.845845191302798,0,0.0,1.0,2,190.0,0.7520821371216578,3,86.0,0.31352677846101423,0,0.0,0.9427490200689218,5,276.0
2870.0,8,295.0,5.784313725490196,7.297696208022658,0,0.0,1.0,3,205.0,0.6448648429328234,4,106.0,0.3244000709969473,0,0.0,0.9237819298442981,7,311.0
2875.0,6,309.0,6.0588235294117645,7.329148241170218,0,0.0,1.0,1,194.0,0.7991971289008628,5,130.0,0.18832113649242965,0,0.0,0.9584868753683249,6,324.0
2880.0,9,348.0,7.25,7.136433310384423,0,0.0,1.0,1,190.0,0.6568475156383615,8,164.0,0.09994766209632164,0,0.0,0.9559876932873996,9,354.0
2885.0,6,338.0,6.627450980392157,7.411916022151949,0,0.0,1.0,2,224.0,0.42222245744063963,3,154.0,0.34588319688843944,0,0.0,0.9587324977705365,5,378.0
2890.0,5,362.0,7.387755102040816,7.888680363873698,0,6.0,0.5547354910216432,2,237.0,0.5345218210808137,3,161.0,0.4732785535626352,0,0.0,0.9459591923663284,5,404.0
2895.0,4,185.0,3.7,7.854273166320359,0,6.0,0.011636873979904594,1,42.0,0.6312456056284411,3,176.0,0.38435525360263095,0,0.0,0.9562113623952766,4,224.0
2900.0,8,219.0,4.469387755102041,7.28407097534492,2,16.0,4.339989889063032e-05,3,52.0,0.5568013935063902,3,194.0,0.4631633192517468,0,0.0,0.94906802347365,8,262.0
2905.0,9,261.0,5.8,7.058940303979922,2,26.0,0.0,4,69.0,0.41502888666411847,3,209.0,0.4837677376327658,0,0.0,0.9459050166475222,9,304.0
2910.0,7,276.0,6.2727272727272725,7.557275383350454,0,0.0,1.0,4,99.0,0.4788220402097082,3,224.0,0.44604449943370544,0,0.0,0.9744533743268189,7,323.0
2915.0,5,249.0,5.659090909090909,6.668392353717738,0,0.0,1.0,1,37.0,0.5114145761902905,4,243.0,0.248952961199259,0,0.0,0.9613389901422214,5,280.0
2920.0,8,285.0,6.195652173913044,7.579073811423191,0,0.0,1.0,2,19.0,0.5093814197198441,6,272.0,0.26959481326168305,0,0.0,0.9467960021504372,8,291.0
2925.0,9,145.0,3.0208333333333335,7.17142651144443,0,0.0,1.0,3,30.0,0.40080241562875535,6,203.0,0.17047725428838922,0,0.0,0.9432339968150278,9,233.0
2930.0,11,117.0,2.4893617021276597,7.284296217694137,0,0.0,1.0,4,49.0,0.30527115150710915,7,74.0,0.10068332784951568,0,0.0,0.935714867340181,11,123.0
2935.0,8,108.0,2.204081632653061,7.724246713697232,0,0.0,1.0,0,0.0,0.9516396728141966,8,114.0,0.09906350989770081,0,0.0,0.9785382579790755,8,114.0
2940.0,10,158.0,3.3617021276595747,6.988667150329326,0,0.0,1.0,0,0.0,0.8904130675743933,9,159.0,0.1686328394363069,0,0.0,0.96076634908908,9,159.0
2945.0,5,61.0,1.2708333333333333,6.587255813962714,0,0.0,1.0,0,0.0,0.965126936636591,3,104.0,0.23401935904033047,0,0.0,0.9959803963895311,3,104.0
2950.0,8,76.0,1.52,7.373558879737889,0,0.0,1.0,0,3.0,0.8610898474271622,4,72.0,0.3755830628270321,0,0.0,0.8045695251046907,4,75.0
2955.0,9,120.0,2.3529411764705883,7.3867657037643575,0,0.0,1.0,0,6.0,0.7934164791965291,5,78.0,0.36540651356460313,0,0.0,0.9530968712509634,5,84.0
2960.0,12,171.0,3.2264150943396226,7.176857284346579,0,0.0,1.0,1,10.0,0.7970861566865297,5,100.0,0.3593898958758591,0,0.0,0.9195448912949433,6,110.0
2965.0,10,192.0,3.84,6.377852123421536,0,0.0,1.0,1,15.0,0.7321772309228706,5,108.0,0.42592272359556616,0,0.0,0.9586584250766339,6,123.0
2970.0,11,245.0,4.9,6.71473635921118,0,0.0,1.0,2,23.0,0.6299726769215553,5,133.0,0.3147182213117884,0,0.0,0.9401213587887505,7,156.0
2975.0,14,307.0,6.019607843137255,5.856567753735507,0,0.0,1.0,2,33.0,0.3297898570363244,7,164.0,0.2601112766542935,0,0.0,0.9866742629296349,9,197.0
2980.0,17,389.0,7.480769230769231,5.614142636378992,0,0.0,1.0,4,53.0,0.2967720407986924,8,201.0,0.005429510741233904,0,0.0,0.9678962782803014,12,254.0
2985.0,14,218.0,4.448979591836735,5.698485734509165,0,0.0,1.0,5,77.0,0.24513386606751714,8,188.0,0.09479235151168644,0,0.0,0.9680735396498065,13,265.0
2990.0,14,212.0,4.0,6.048958283802949,0,0.0,1.0,5,105.0,0.2708092880962441,6,131.0,0.060812534213860264,0,0.0,0.9637539900386318,11,236.0
2995.0,16,291.0,5.596153846153846,6.382805077800281,0,0.0,0.9158229748027543,7,139.0,0.23182484080325363,6,126.0,0.11035449479345476,0,0.0,0.9794253162705121,13,265.0
3000.0,17,365.0,7.3,5.749360754708168,0,0.0,1.0,6,165.0,0.266919816495366,7,181.0,0.1216327431843896,0,0.0,0.9359513575682159,13,346.0
3005.0,15,383.0,7.509803921568627,6.058587829638166,0,0.0,1.0,7,200.0,0.2903976978004199,7,192.0,0.0,0,0.0,0.9562218922834109,14,392.0
3010.0,19,465.0,8.942307692307692,5.909609364274009,0,0.0,1.0,7,235.0,0.35515739054120443,7,227.0,0.0,0,0.0,0.919093942125316,14,462.0
3015.0,19,560.0,10.566037735849056,5.341427933455726,0,0.0,1.0,7,265.0,0.2750633575006922,7,262.0,0.027306301355149293,0,0.0,0.9809237403647837,14,527.0
3020.0,22,660.0,12.692307692307692,4.676127176125579,0,0.0,1.0,7,304.0,0.19820276831383488,7,297.0,0.0035890525164468377,0,0.0,0.968145510557979,14,601.0
3025.0,21,719.0,13.314814814814815,4.280680851782456,0,0.0,1.0,9,344.0,0.22046757870027225,8,334.0,0.10071788027587816,0,0.0,0.8918103288456928,17,678.0
3030.0,17,754.0,14.5,5.263634175493373,0,0.0,1.0,8,386.0,0.19202598003456672,8,374.0,0.10452545882452996,0,0.0,0.9934224316871844,16,760.0
3035.0,16,823.0,15.826923076923077,5.368158928659776,0,0.0,1.0,8,426.0,0.16294126069256662,8,414.0,0.08283242090515483,0,0.0,0.9747585301942356,16,840.0
3040.0,14,467.0,8.81132075471698,5.667789842166284,0,0.0,1.0,3,117.0,0.24730425154191515,9,457.0,0.0020445173117206858,0,0.0,0.9552533227199105,12,574.0
3045.0,4,26.0,0.4642857142857143,6.392425214403948,0,0.0,1.0,2,16.0,0.5261992277878415,2,186.0,0.23706080132060356,0,0.0,0.960097542676018,4,202.0
3050.0,7,51.0,0.9272727272727272,7.305865029294151,0,6.0,0.5482896964043003,3,37.0,0.45119260390990623,2,49.0,0.5239648862662867,0,0.0,0.9626008400834385,5,92.0
3055.0,7,86.0,1.5636363636363637,8.590307707902005,0,0.0,0.7753549809417933,3,52.0,0.5657252557945619,2,56.0,0.718311330931092,0,0.0,0.9611150799683081,5,108.0
3060.0,4,65.0,1.1403508771929824,8.817318345963276,0,0.0,1.0,2,50.0,0.7139681574208923,2,69.0,0.7196287787157326,0,0.0,0.9626250048229028,4,119.0
3065.0,7,66.0,1.11864406779661,8.394080926936642,0,0.0,1.0,3,50.0,0.6806579821463987,3,57.0,0.6415984083684922,0,0.0,0.9694724431863371,6,107.0
3070.0,9,104.0,1.8571428571428572,8.042414262360207,0,0.0,1.0,3,65.0,0.6617763777937912,3,72.0,0.6159413788054048,0,0.0,0.9890272961611406,6,137.0
3075.0,11,156.0,2.8363636363636364,7.595587135355415,0,0.0,1.0,3,99.0,0.6626716100629937,4,91.0,0.547480747761905,0,0.0,0.9766217303926962,7,190.0
3080.0,16,214.0,3.890909090909091,4.929461324417432,0,0.0,1.0,5,118.0,0.2787357878556808,7,118.0,0.20976050535067545,0,0.0,0.9719323989792,12,236.0
3085.0,17,274.0,4.9818181818181815,4.4101616095574885,0,0.0,1.0,7,127.0,0.13778071189494304,3,118.0,0.2494509390636547,0,0.0,0.9367893847387471,10,245.0
3090.0,17,347.0,6.425925925925926,5.35113933169461,0,9.0,0.6917068652877746,9,166.0,0.19322062781132024,3,125.0,0.17026043022871748,0,0.0,0.808275470436432,12,300.0
3095.0,20,438.0,8.264150943396226,5.639014926734132,0,0.0,0.7694783242134312,10,216.0,0.28097961362917795,4,140.0,2.359246272311432e-06,0,0.0,0.9601052009508224,14,356.0
3100.0,19,478.0,8.851851851851851,6.142952158457495,0,0.0,1.0,10,266.0,0.3121717381325942,4,167.0,0.19994202592392413,0,0.0,0.9465846602793246,14,433.0
3105.0,17,450.0,8.333333333333334,5.988749033517259,0,0.0,1.0,10,316.0,0.26301820348182486,3,110.0,0.2004252550992959,0,0.0,0.9489414417648355,13,426.0
3110.0,12,381.0,6.927272727272728,6.862073374747164,0,0.0,1.0,10,366.0,0.27378334393968107,2,32.0,0.3150324701879203,0,0.0,0.9457298963302316,12,398.0
3115.0,14,443.0,7.637931034482759,6.995394142946167,0,0.0,1.0,12,415.0,0.20381932303381578,2,32.0,0.3104458446263025,0,0.0,0.9364010206423452,14,447.0
3120.0,8,226.0,4.035714285714286,6.116221698157249,0,0.0,1.0,4,252.0,0.2099146596713639,2,42.0,0.41023792079707916,0,0.0,0.9854784806080175,6,294.0
3125.0,6,208.0,4.0,6.362854086025612,0,0.0,1.0,2,192.0,0.47104880604878946,1,33.0,0.716474537155822,0,0.0,0.9971867249256966,3,225.0
3130.0,6,230.0,4.423076923076923,7.823083305327273,0,0.0,1.0,2,169.0,0.6878682653372467,1,44.0,0.7995613161856909,0,0.0,0.9469833272884685,3,213.0
3135.0,5,252.0,4.754716981132075,8.454427440218874,0,0.0,1.0,2,182.0,0.6646522042835116,1,49.0,0.8023786629688169,0,0.0,0.9945805185644065,3,231.0
3140.0,4,239.0,4.509433962264151,8.249415932376056,0,0.0,1.0,3,194.0,0.5482771799280245,1,54.0,0.8101347162910142,0,0.0,0.9844754192214764,4,248.0
3145.0,4,259.0,5.18,8.104258535289993,0,0.0,1.0,3,209.0,0.5498825155903769,1,59.0,0.7835874407618347,0,0.0,0.9726577506548777,4,268.0
3150.0,6,283.0,5.895833333333333,7.248879633740834,0,0.0,1.0,3,224.0,0.552586583009208,2,67.0,0.6563485474050837,0,0.0,0.977826069512252,5,291.0
3155.0,6,310.0,6.458333333333333,7.395001608856486,0,0.0,1.0,3,239.0,0.55898606296591,3,77.0,0.31667977370112366,0,0.0,0.9715778188875228,6,316.0
3160.0,7,323.0,6.591836734693878,6.822191611484001,0,0.0,1.0,3,233.0,0.4108206429725575,4,96.0,0.250798502220368,0,0.0,0.9854687880564967,7,329.0
3165.0,10,372.0,7.294117647058823,6.898338670747557,0,0.0,1.0,4,273.0,0.43530573491556124,6,125.0,0.2137097185433844,0,0.0,0.9467523179953372,10,398.0
3170.0,12,429.0,7.944444444444445,6.521515170895645,0,0.0,1.0,5,297.0,0.13672626989602574,7,158.0,0.2066150547815294,0,0.0,0.9688921635678893,12,455.0
3175.0,15,498.0,9.222222222222221,6.16594121138803,0,0.0,1.0,6,309.0,0.25562647171214425,8,194.0,0.1338196782930359,0,0.0,0.9662085370526602,14,503.0
3180.0,12,510.0,9.107142857142858,6.1962116316261575,0,0.0,1.0,2,271.0,0.4804629218132678,9,236.0,0.005238114828768609,0,0.0,0.9390386377063872,11,507.0
3185.0,13,571.0,10.381818181818181,6.295929984046908,0,0.0,1.0,2,294.0,0.4921255839484196,10,282.0,0.0009652927823508748,0,0.0,0.9970157857998613,12,576.0
3190.0,18,646.0,11.137931034482758,6.061230646140797,0,0.0,1.0,4,300.0,0.42278734206341084,10,338.0,0.21485990553834963,0,0.0,0.95511112809031,14,638.0
3195.0,15,695.0,11.779661016949152,5.949528420287139,0,0.0,1.0,5,319.0,0.36072883088215096,10,385.0,0.1863777348016447,0,0.0,0.9757318347917926,15,704.0
3200.0,13,738.0,13.178571428571429,6.3646934025574025,0,0.0,1.0,2,321.0,0.5014935432174326,11,435.0,0.19304850260975423,0,0.0,0.9778026316678051,13,756.0
3205.0,6,488.0,8.413793103448276,6.999721283315957,0,0.0,1.0,2,320.0,0.5193089800815193,3,251.0,0.3764337473442558,0,0.0,0.9334293752454954,5,571.0
3210.0,7,501.0,8.789473684210526,8.123897875679882,0,3.0,0.5404785796555462,3,336.0,0.45803541486551735,2,179.0,0.5572194677549885,0,0.0,0.9727230246451286,5,518.0
3215.0,9,541.0,9.327586206896552,7.951570164574917,1,7.0,0.3949933932835056,4,358.0,0.5766808399695779,2,167.0,0.4974770545706562,0,0.0,0.9699584991661305,7,532.0
3220.0,14,600.0,10.526315789473685,7.254617403069575,3,18.0,0.074406978662839,4,378.0,0.5495645269264157,4,181.0,0.31265381247944796,0,0.0,0.9900541882583208,11,577.0
3225.0,10,417.0,7.446428571428571,6.421568276946539,4,34.0,0.009924276661259586,3,379.0,0.5173836462983488,3,69.0,0.3432711516108633,0,0.0,0.945366580968898,10,482.0
3230.0,13,464.0,8.285714285714286,6.613450823819676,6,58.0,0.0014569876106534385,4,398.0,0.5446438682573784,2,21.0,0.4378468335780238,0,0.0,0.9721979632625858,12,477.0
3235.0,12,464.0,8.140350877192983,6.365884987386054,0,22.0,0.014818052467931497,5,420.0,0.5129404228532786,4,40.0,0.3811277012140123,0,0.0,0.9948581536693749,9,482.0
3240.0,11,515.0,9.035087719298245,7.173992976016105,0,0.0,1.0,5,439.0,0.48438086474989894,4,60.0,0.4136353209232199,0,0.0,0.9794439447540655,9,499.0
3245.0,13,575.0,10.267857142857142,7.379917871318889,0,0.0,1.0,5,464.0,0.4774944723285156,4,80.0,0.4723251091369184,0,0.0,0.9384967265529901,9,544.0
3250.0,15,621.0,11.089285714285714,6.654583329226605,0,0.0,1.0,6,490.0,0.31383169715246534,6,103.0,0.2441576444476029,0,0.0,0.9951670035476117,12,593.0
3255.0,9,565.0,10.272727272727273,7.088352027858376,0,0.0,1.0,6,520.0,0.32064184870163337,3,51.0,0.24804739698059597,0,0.0,0.9644629380237436,9,571.0
3260.0,9,610.0,11.296296296296296,7.591756986663143,0,6.0,0.7387508345151806,6,553.0,0.29716426396256085,3,60.0,0.3940568421973508,0,0.0,0.9708778453202505,9,619.0
3265.0,10,226.0,4.612244897959184,6.577052735285892,1,7.0,0.029307666260840873,5,358.0,0.32400500840611385,3,75.0,0.5409608296279025,0,0.0,0.9592761127573847,9,440.0
3270.0,11,221.0,4.510204081632653,6.906565635894089,4,26.0,3.85219749756742e-05,3,111.0,0.5402820036521654,3,93.0,0.5523263722560154,0,0.0,0.9499114006625817,10,230.0
3275.0,11,276.0,5.872340425531915,6.8089911486052435,4,46.0,0.0,3,120.0,0.5409954535084884,3,108.0,0.5945198171387382,0,0.0,0.9852451740906055,10,274.0
3280.0,11,313.0,6.387755102040816,6.481012445053705,4,66.0,0.0,3,136.0,0.574213368282987,3,123.0,0.6120011478886482,0,0.0,0.9407131414111488,10,325.0
3285.0,7,146.0,3.2444444444444445,5.8775894098416215,0,18.0,0.06350918278276592,1,44.0,0.6566898619750752,5,142.0,0.42189027864867495,0,0.0,0.9441375091340517,6,204.0
3290.0,8,179.0,3.977777777777778,6.1630010465885725,0,0.0,1.0,2,14.0,0.3976753973865483,6,171.0,0.34114866074012784,0,0.0,0.9430514908313989,8,185.0
3295.0,8,201.0,4.1875,6.63234820317808,0,0.0,1.0,4,28.0,0.06093110100054372,4,179.0,0.5609334202430494,0,0.0,0.9382880455622384,8,207.0
3300.0,8,240.0,5.0,7.113825921491717,0,3.0,0.579549967641323,4,50.0,0.13894162127481421,4,199.0,0.5717543218655078,0,0.0,0.9723614976419315,8,252.0
3305.0,10,284.0,5.916666666666667,7.245271175449612,0,0.0,0.9053963242741406,5,72.0,0.32677077993724657,5,218.0,0.22734612767606116,0,0.0,0.9501697996857563,10,290.0
3310.0,11,336.0,7.304347826086956,7.344120730302308,0,0.0,1.0,5,97.0,0.3712726790665568,6,245.0,0.23283473626611806,0,0.0,0.9333510326383956,11,342.0
3315.0,9,229.0,4.872340425531915,7.457707014885207,0,0.0,1.0,5,122.0,0.41913983567906643,4,178.0,0.28766750580206996,0,0.0,0.988063552782092,9,300.0
3320.0,6,153.0,3.3260869565217392,7.696884224292689,0,0.0,1.0,5,150.0,0.42919164338416865,1,58.0,0.4581962937008,0,0.0,0.9360027226841455,6,208.0
3325.0,8,189.0,4.395348837209302,7.393607315772883,0,0.0,1.0,5,172.0,0.35987676483880116,3,23.0,0.00043887263473538224,0,0.0,0.9280943829735702,8,195.0
3330.0,3,38.0,0.8837209302325582,7.186219321902854,0,0.0,1.0,0,29.0,0.5638088193826495,3,38.0,0.0,0,0.0,0.9250449468048042,3,67.0
3335.0,4,45.0,1.0227272727272727,7.225686040424886,0,0.0,1.0,0,3.0,0.9212980286449263,2,40.0,0.40779032712249386,0,0.0,0.9674469022681778,2,43.0
3340.0,7,74.0,1.6444444444444444,8.144327239412634,0,0.0,1.0,0,4.0,0.9621072477286624,3,58.0,0.47232329346604573,0,0.0,0.9598203178334206,3,62.0
3345.0,7,109.0,2.369565217391304,8.494754522834384,0,0.0,1.0,0,7.0,0.8937829767221285,3,73.0,0.533153142232202,0,0.0,0.9431762769020278,3,80.0
3350.0,10,150.0,3.125,8.092870110974689,0,0.0,1.0,1,4.0,0.8255861785564296,5,93.0,0.49997908840308086,0,0.0,0.9402471849687013,6,97.0
3355.0,8,122.0,2.652173913043478,8.314213984351815,0,0.0,1.0,2,10.0,0.6435058755899637,5,115.0,0.4634406197487165,0,0.0,0.9622585332639535,7,125.0
3360.0,7,123.0,2.7333333333333334,8.069557394549552,0,0.0,1.0,2,20.0,0.6410599974898529,5,122.0,0.36491910980774117,0,0.0,0.9708137699728793,7,142.0
3365.0,9,166.0,3.608695652173913,7.744492125339561,0,0.0,1.0,2,30.0,0.49806888650087555,7,139.0,0.2909157166705158,0,0.0,0.9647199854113427,9,169.0
3370.0,11,218.0,4.638297872340425,6.447386685484369,0,0.0,1.0,3,45.0,0.4222973451272868,8,176.0,0.19745940761771372,0,0.0,0.9676869883978116,11,221.0
3375.0,12,254.0,5.291666666666667,6.351927711069045,0,0.0,1.0,4,41.0,0.48802601083971503,8,216.0,0.2520015955429295,0,0.0,0.9211602771494203,12,257.0
3380.0,11,246.0,5.125,5.29835078771411,0,0.0,1.0,5,62.0,0.35573000295941776,5,209.0,0.29306154732356726,1,1.0,0.4822199593799079,11,272.0
3385.0,10,288.0,5.76,6.330136286805229,0,0.0,0.9113918995086568,6,87.0,0.2789269871067206,4,210.0,0.37820496408134474,0,0.0,0.8977691640485713,10,297.0
3390.0,9,333.0,6.403846153846154,7.247035781078283,0,0.0,0.7708142826654149,5,115.0,0.22239907737357484,4,228.0,0.4346763386676058,0,0.0,0.9441695745608716,9,343.0
3395.0,6,262.0,5.137254901960785,7.5286433417439795,1,2.0,0.0036427622746740746,1,26.0,0.5808027094132374,4,247.0,0.459435411260389,0,0.0,0.9631891115843146,6,275.0
3400.0,7,297.0,6.061224489795919,7.219074704771969,1,7.0,1.5001344206825942e-05,1,24.0,0.7291274582296221,4,267.0,0.33688938811874525,0,0.0,0.9579180929108031,6,298.0
3405.0,10,342.0,6.576923076923077,7.448008528060937,1,12.0,0.0,1,29.0,0.7632385433954572,6,304.0,0.4720630424715204,0,0.0,0.9702035322854795,8,345.0
3410.0,8,370.0,7.115384615384615,7.191500326311151,1,17.0,0.0,1,39.0,0.7592800223507408,6,334.0,0.36389876267753163,0,0.0,0.9391170878682391,8,390.0
3415.0,10,362.0,7.387755102040816,6.607057418059268,0,0.0,1.0,1,9.0,0.5573934110226364,9,373.0,0.2964908765271722,0,0.0,0.9300549887427738,10,382.0
3420.0,11,417.0,8.872340425531915,7.134786224576437,0,0.0,1.0,2,14.0,0.46639011327226687,9,418.0,0.2998357245246759,0,0.0,0.915136547561858,11,432.0
3425.0,9,414.0,8.448979591836734,7.176980387969323,0,0.0,1.0,3,26.0,0.3868034954792544,5,406.0,0.40057876314949875,0,0.0,0.9234041713026857,8,432.0
3430.0,9,459.0,9.18,7.540663766619759,0,0.0,1.0,3,47.0,0.44376443930612514,5,421.0,0.4672051923574969,0,0.0,0.9746425893877197,8,468.0
3435.0,9,491.0,9.442307692307692,7.918991357809512,0,0.0,0.9542679780238389,3,62.0,0.6112352970124824,5,437.0,0.3634656212662756,0,0.0,0.9897013826694372,8,499.0
3440.0,10,538.0,10.346153846153847,7.092907617556656,1,2.0,0.019111078017410226,3,77.0,0.4757317205056164,5,462.0,0.2688493218755641,0,0.0,0.9514674737760404,9,541.0
3445.0,14,603.0,11.823529411764707,6.422459591769425,3,16.0,0.09241052800987666,5,95.0,0.3784956712572585,5,487.0,0.14134696056365753,0,0.0,0.9145450725020301,13,598.0
3450.0,16,679.0,13.58,5.77783103531323,3,31.0,0.008025702401734525,5,120.0,0.47744010606528775,6,517.0,0.13298782675671364,0,0.0,0.9416923803354007,14,668.0
3455.0,12,622.0,12.693877551020408,5.688583181665619,4,48.0,0.0017536145156516812,0,16.0,0.8032061940003064,6,547.0,0.13234967967380173,0,0.0,0.93840008155598,10,611.0
3460.0,12,628.0,12.313725490196079,5.655694473604837,0,6.0,0.02342482367484832,0,3.0,0.692509150340245,8,585.0,0.1043153569435803,0,0.0,0.9537767256309865,8,594.0
3465.0,10,633.0,12.918367346938776,6.159604390019787,0,0.0,1.0,2,8.0,0.4733637364565271,8,631.0,0.17418078750786017,0,0.0,0.9486984873333496,10,639.0
3470.0,11,384.0,7.384615384615385,6.6795476458135346,0,0.0,1.0,2,18.0,0.4623801992054769,9,546.0,0.305475068318973,0,0.0,0.9306299139786259,11,564.0
3475.0,9,92.0,1.7358490566037736,6.781710564844054,0,0.0,1.0,2,28.0,0.38870344499329645,5,323.0,0.33123341432727943,0,0.0,0.9392348717258168,7,351.0
3480.0,12,147.0,2.672727272727273,7.183268669114561,0,0.0,1.0,3,42.0,0.3770971183090846,7,170.0,0.3391843717491901,0,0.0,0.9335736610584409,10,212.0
3485.0,14,213.0,4.096153846153846,6.982298888443859,0,0.0,1.0,3,57.0,0.4263037025891802,7,168.0,0.3967450224999894,0,0.0,0.9723714698250309,10,225.0
3490.0,7,136.0,2.8333333333333335,6.561786105198791,0,0.0,1.0,3,72.0,0.4330539760874728,4,139.0,0.3704804905931789,0,0.0,0.9347699377917349,7,211.0
3495.0,7,70.0,1.4,6.261337612578933,0,0.0,0.49895616400383197,1,29.0,0.34752692349525655,4,124.0,0.37694788767484055,0,0.0,0.9830570243164051,5,153.0
3500.0,9,113.0,2.215686274509804,7.338352011923651,1,5.0,0.27034946757270684,1,8.0,0.729556857043277,4,123.0,0.3153711214439486,0,0.0,0.9393454799661104,6,136.0
3505.0,11,164.0,3.1538461538461537,6.871384457237424,2,15.0,0.03895238790201568,1,13.0,0.8283612620624972,4,143.0,0.3267553427859943,0,0.0,0.9690536741831137,7,171.0
3510.0,6,116.0,2.188679245283019,6.979890210888712,0,0.0,0.05063078920774183,1,22.0,0.8335149038175506,2,125.0,0.5446326553133988,0,0.0,0.9368914891195365,3,147.0
3515.0,6,74.0,1.3962264150943395,7.575595658162891,0,0.0,1.0,0,11.0,0.926856685947944,1,22.0,0.7032652761451815,0,0.0,0.9635142103767826,1,33.0
3520.0,8,106.0,1.962962962962963,7.599284118972089,0,0.0,1.0,0,10.0,0.7705742405155559,2,7.0,0.550007718324487,0,0.0,0.9524622157332113,2,17.0
3525.0,11,155.0,2.9245283018867925,7.323426039347398,0,0.0,1.0,2,14.0,0.7183859170798512,3,21.0,0.5973932230902581,0,0.0,0.9328393799752177,5,35.0
3530.0,13,214.0,3.8214285714285716,6.900907117391794,0,0.0,1.0,3,22.0,0.5648942414512214,3,36.0,0.6076513587983835,0,0.0,0.9759601147192021,6,58.0
3535.0,4,37.0,0.6727272727272727,7.209300890649933,0,0.0,1.0,1,12.0,0.5177312095356028,1,15.0,0.7596983924210778,0,0.0,0.944458671934146,2,27.0
3540.0,2,19.0,0.38,8.19833930151929,0,0.0,1.0,0,3.0,0.7295843035117419,2,22.0,0.5642354125556194,0,0.0,0.9684562944507437,2,25.0
3545.0,2,29.0,0.6304347826086957,9.297465479541136,0,0.0,1.0,0,3.0,0.9611721183377595,2,35.0,0.6333551072535603,0,0.0,0.9834897937400414,2,38.0
3550.0,2,39.0,0.8478260869565217,8.980551692525907,0,0.0,0.9569008074610403,0,3.0,0.7402805548411515,2,42.0,0.5873579811816552,0,0.0,0.9628799925627658,2,45.0
3555.0,3,54.0,1.35,7.990737589824069,0,0.0,0.9894950753471854,1,9.0,0.7020243951313634,2,52.0,0.3644673083736299,0,0.0,0.9625671286845405,3,61.0
3560.0,5,76.0,2.054054054054054,7.6513086191553805,0,0.0,1.0,1,14.0,0.7659833193652802,4,69.0,0.19823992397397341,0,0.0,0.9630404619901812,5,83.0
3565.0,5,101.0,2.6578947368421053,7.96825542439329,0,0.0,1.0,1,18.0,0.697227833269792,4,86.0,0.38534413372437976,0,0.0,0.9886445283368139,5,104.0
3570.0,8,132.0,3.5675675675675675,7.5832896270912755,0,0.0,1.0,4,29.0,0.3176284783661718,4,106.0,0.3269232804269155,0,0.0,0.955091829324227,8,135.0
3575.0,4,92.0,2.7058823529411766,6.9473860885439205,0,0.0,1.0,1,2.0,0.6469645641220588,3,90.0,0.23721788924686638,0,0.0,0.9614722403119563,4,92.0
3580.0,4,112.0,3.2941176470588234,7.186305116966869,0,0.0,1.0,1,10.0,0.6941768200289855,3,105.0,0.03391607710707324,0,0.0,0.913765626766122,4,115.0
3585.0,5,137.0,3.8055555555555554,7.617236497654458,0,0.0,1.0,1,15.0,0.7623271399872904,4,131.0,0.31535195569421637,0,0.0,0.9571898373170941,5,146.0
3590.0,5,162.0,4.2631578947368425,7.564364595036995,0,0.0,1.0,1,20.0,0.7702769283862514,4,151.0,0.4144646985927996,0,0.0,0.9451815474667455,5,171.0
3595.0,3,58.0,1.4871794871794872,7.466734728835043,0,0.0,1.0,1,25.0,0.7908798065098867,2,98.0,0.5785204275292419,0,0.0,0.9740327433919734,3,123.0
3600.0,4,53.0,1.2926829268292683,7.992384062126526,0,0.0,1.0,1,30.0,0.7332535484702417,3,32.0,0.4844392075199571,0,0.0,0.9638485693737983,4,62.0
