step,system_total_stopped,system_total_waiting_time,system_mean_waiting_time,system_mean_speed,cluster_10564135163_13571629282_5146149679_stopped,cluster_10564135163_13571629282_5146149679_accumulated_waiting_time,cluster_10564135163_13571629282_5146149679_average_speed,cluster_10564135205_11749189839_3266988437_5129187741_#3more_stopped,cluster_10564135205_11749189839_3266988437_5129187741_#3more_accumulated_waiting_time,cluster_10564135205_11749189839_3266988437_5129187741_#3more_average_speed,cluster_10564135211_11749189838_12136544949_12136544951_#7more_stopped,cluster_10564135211_11749189838_12136544949_12136544951_#7more_accumulated_waiting_time,cluster_10564135211_11749189838_12136544949_12136544951_#7more_average_speed,cluster_10564135212_13571629279_13571629299_stopped,cluster_10564135212_13571629279_13571629299_accumulated_waiting_time,cluster_10564135212_13571629279_13571629299_average_speed,agents_total_stopped,agents_total_accumulated_waiting_time
0.0,0,0.0,0.0,0.0,0,0.0,1.0,0,0.0,1.0,0,0.0,1.0,0,0.0,1.0,0,0.0
5.0,0,0.0,0.0,9.897471214670203,0,0.0,1.0,0,0.0,0.9599798921313473,0,0.0,1.0,0,0.0,0.967071077473443,0,0.0
10.0,0,0.0,0.0,8.629651393207833,0,0.0,1.0,0,0.0,0.9526492662814585,0,0.0,1.0,0,0.0,0.9735569592244125,0,0.0
15.0,0,0.0,0.0,8.309556962334025,0,0.0,1.0,0,0.0,0.9522999159442822,0,0.0,1.0,0,0.0,0.9906229299218446,0,0.0
20.0,0,0.0,0.0,8.575902799086757,0,0.0,1.0,0,0.0,0.9546458224324247,0,0.0,1.0,0,0.0,0.9524366912964559,0,0.0
25.0,0,0.0,0.0,8.607824507478165,0,0.0,1.0,0,0.0,0.9441719446662923,0,0.0,0.587924937405886,0,0.0,0.9423425919744766,0,0.0
30.0,2,3.0,0.23076923076923078,6.837061546494074,0,0.0,1.0,0,0.0,0.9609296376219183,1,1.0,0.49974206953422634,1,2.0,0.4679448653899656,2,3.0
35.0,2,13.0,0.9285714285714286,7.017373189285057,0,0.0,1.0,0,0.0,0.9476051373921413,1,6.0,0.4675158863476941,1,7.0,0.47887958071103626,2,13.0
40.0,3,25.0,1.3888888888888888,6.158803207888326,0,0.0,1.0,1,2.0,0.33936350110657193,1,11.0,0.46727308788069133,1,12.0,0.6574908980070873,3,25.0
45.0,3,40.0,2.2222222222222223,6.244525148411054,0,0.0,1.0,1,7.0,0.4918157417534605,1,16.0,0.4992179174939244,1,17.0,0.3666882482044798,3,40.0
50.0,4,58.0,2.9,6.741703474614117,0,0.0,1.0,1,12.0,0.4781465906225764,1,21.0,0.6306525018497571,2,25.0,0.33302375624573016,4,58.0
55.0,4,78.0,3.5454545454545454,7.652184046163313,0,0.0,1.0,1,17.0,0.6501298964242836,1,26.0,0.6462737144494303,2,35.0,0.4419110462948083,4,78.0
60.0,4,98.0,4.260869565217392,7.096081398729267,0,0.0,0.9722244031499264,1,22.0,0.652762678420259,1,31.0,0.41095020622712175,2,45.0,0.3010460470975906,4,98.0
65.0,5,69.0,2.875,5.835514958084751,1,1.0,0.000747642851445587,2,30.0,0.31695571590587035,2,38.0,0.0005390758818906194,0,0.0,0.9522283697532384,5,69.0
70.0,5,94.0,3.9166666666666665,6.617364704827804,1,6.0,0.0,2,40.0,0.49650709043483376,2,57.0,0.3420879790563119,0,0.0,0.9497334833361794,5,103.0
75.0,9,123.0,4.392857142857143,5.022017827643252,1,11.0,0.0,2,50.0,0.30990481270585035,6,71.0,0.08833913864525812,0,0.0,0.9798428663836605,9,132.0
80.0,10,167.0,5.964285714285714,5.156196057924303,1,16.0,0.0,3,63.0,0.1242990908271541,5,96.0,0.20134303538996057,0,0.0,0.9278776948095916,9,175.0
85.0,9,156.0,5.2,5.295024483678114,1,21.0,0.0,3,78.0,0.27895506169362483,5,66.0,0.2583291547046745,0,0.0,0.9462861824476032,9,165.0
90.0,6,105.0,3.5,6.3704479851391005,1,26.0,0.0,0,0.0,0.9356529260693262,5,89.0,0.15031013698528708,0,0.0,0.9673405340365557,6,115.0
95.0,8,139.0,4.212121212121212,6.813962424170524,1,31.0,0.0,0,0.0,0.6647617517577248,7,118.0,0.11559276251311436,0,0.0,0.9596583119345471,8,149.0
100.0,10,186.0,5.636363636363637,7.084785788084995,1,36.0,0.0,1,5.0,0.4809312795514909,7,162.0,0.336724030270768,1,2.0,0.6430434126744577,10,205.0
105.0,10,236.0,7.151515151515151,6.450861030268494,1,41.0,0.38392091486866137,1,10.0,0.4635094004597588,7,197.0,0.345562323385657,1,7.0,0.6243969437557961,10,255.0
110.0,9,240.0,6.486486486486487,6.793874477674384,0,0.0,0.3894404570138667,1,15.0,0.6401782633604097,7,232.0,0.346808971536294,1,12.0,0.6560209517351189,9,259.0
115.0,9,270.0,7.5,6.575468283308459,0,0.0,1.0,2,22.0,0.3216986136993358,7,267.0,0.3865778004599499,0,1.0,0.501865870828339,9,290.0
120.0,9,315.0,8.513513513513514,6.766377327662909,0,0.0,1.0,2,32.0,0.4905077517826158,7,305.0,0.33738452742538233,0,0.0,0.9453378728350061,9,337.0
125.0,10,363.0,9.81081081081081,5.978553409075081,0,0.0,1.0,2,42.0,0.5556854050418109,8,343.0,0.22375435194458065,0,0.0,0.969502364517256,10,385.0
130.0,14,420.0,10.5,5.158753492159666,0,0.0,1.0,3,53.0,0.36145706607550354,11,389.0,0.02087324697439381,0,0.0,0.9809765379081595,14,442.0
135.0,18,504.0,12.6,4.259910905717609,0,0.0,1.0,5,74.0,0.16262549912621446,13,452.0,0.011824553439006617,0,0.0,0.6185028315494104,18,526.0
140.0,20,601.0,15.41025641025641,4.330727018650575,0,0.0,1.0,5,99.0,0.15639249315196926,14,520.0,0.05183407764492511,1,4.0,0.6252387274344944,20,623.0
145.0,11,333.0,7.744186046511628,5.307241585015933,0,0.0,1.0,6,124.0,0.12474051290935351,4,300.0,0.11194143635768089,1,9.0,0.7249582446021476,11,433.0
150.0,8,311.0,6.911111111111111,5.688256380202772,0,6.0,0.663148411620485,3,101.0,0.2843074754841594,4,274.0,0.11144942374464861,1,14.0,0.46029834915509754,8,395.0
155.0,9,356.0,7.574468085106383,7.167972931802099,0,0.0,0.6309407010712562,3,119.0,0.5699503687717244,4,222.0,0.24007815811732414,2,24.0,0.48620218708961765,9,365.0
160.0,11,403.0,8.574468085106384,7.4184516300851415,0,0.0,1.0,3,134.0,0.6416293800033817,5,249.0,0.36110000495201455,2,34.0,0.3323195888354993,10,417.0
165.0,6,233.0,4.66,7.67986763854062,0,0.0,1.0,3,149.0,0.6905294719312588,3,171.0,0.42522109049713575,0,4.0,0.6719945103351065,6,324.0
170.0,5,171.0,3.3529411764705883,7.873818411477079,0,0.0,1.0,3,164.0,0.6217929434216132,1,40.0,0.6426753456756632,0,0.0,0.9517708349577492,4,204.0
175.0,10,210.0,4.117647058823529,7.028428778406422,0,0.0,1.0,4,183.0,0.5961463361506131,2,30.0,0.5218617020935807,0,0.0,0.9660967534927327,6,213.0
180.0,11,255.0,5.1,6.4737273025240425,0,0.0,1.0,4,203.0,0.3881094351761455,4,47.0,0.42827625887233295,0,0.0,0.9691790044561635,8,250.0
185.0,16,326.0,6.52,5.04783584061985,0,0.0,1.0,8,234.0,0.07232539091984345,5,72.0,0.32596125090626754,0,0.0,0.7558258672296615,13,306.0
190.0,14,365.0,7.1568627450980395,5.2422728777531615,0,0.0,1.0,3,215.0,0.23927316052076564,7,100.0,0.11817628133250148,1,3.0,0.6929958259945905,11,318.0
195.0,14,403.0,7.75,5.876379428752121,0,0.0,1.0,3,230.0,0.37364520379344235,7,103.0,1.1670990514993315e-05,1,8.0,0.7021801267197942,11,341.0
200.0,12,389.0,7.339622641509434,6.517683112207492,0,0.0,1.0,4,250.0,0.3983664029982655,7,144.0,0.2156747962005118,1,13.0,0.7445916040334662,12,407.0
205.0,15,457.0,8.622641509433961,6.332972026878424,0,0.0,1.0,4,270.0,0.4098970982423203,7,179.0,0.2189008340828472,2,20.0,0.38259560961238537,13,469.0
210.0,18,541.0,10.20754716981132,5.758418269868704,0,0.0,1.0,4,290.0,0.310149341988829,7,214.0,0.21698704529045837,3,33.0,0.381024638731229,14,537.0
215.0,24,645.0,11.517857142857142,4.963462270205509,0,0.0,1.0,5,315.0,0.20806058214259746,7,249.0,0.2887382341427589,4,49.0,0.18533339213979397,16,613.0
220.0,26,771.0,14.547169811320755,4.062056516693873,0,0.0,1.0,6,343.0,0.1500365317132679,7,284.0,0.27941429829599473,4,69.0,0.06021955517375902,17,696.0
225.0,25,855.0,17.1,3.38534934660698,0,0.0,1.0,6,373.0,0.1775641061315003,7,319.0,0.03079189251250943,4,89.0,0.09393867567006947,17,781.0
230.0,21,645.0,12.647058823529411,3.828538667848147,0,0.0,1.0,5,268.0,0.1395916430772461,7,354.0,0.005575272585122876,5,112.0,0.16112619550979884,17,734.0
235.0,17,564.0,10.444444444444445,4.675883124764779,0,0.0,1.0,3,99.0,0.4338045623312796,9,394.0,0.0012273992326765916,5,137.0,0.18524992009800334,17,630.0
240.0,20,659.0,12.203703703703704,4.733408744250783,0,0.0,1.0,3,81.0,0.5040257948701017,9,489.0,0.21969753344626972,5,162.0,0.2502607285898019,17,732.0
245.0,21,748.0,14.384615384615385,4.5026755264007585,0,0.0,1.0,3,82.0,0.38324576326738863,9,487.0,0.22318604133251516,5,187.0,0.20758052849303746,17,756.0
250.0,14,612.0,11.547169811320755,5.177995311006504,0,0.0,1.0,4,98.0,0.33483967996474856,9,532.0,0.2750280195204507,0,57.0,0.2885989310240317,13,687.0
255.0,14,675.0,12.5,5.436498361122947,0,0.0,1.0,4,118.0,0.22187770731982798,9,609.0,0.2992397038516619,1,37.0,0.44608716677698235,14,764.0
260.0,16,753.0,13.944444444444445,4.948697440227947,0,0.0,1.0,5,141.0,0.10560232497269993,10,659.0,0.21082497911514383,1,42.0,0.5267198575808272,16,842.0
265.0,20,843.0,15.61111111111111,4.653358454860414,0,0.0,1.0,5,166.0,0.16144487073712493,13,718.0,0.1709685002663335,2,48.0,0.31835022994984213,20,932.0
270.0,21,948.0,17.236363636363638,4.873980497334008,0,0.0,1.0,5,191.0,0.22304082087188967,14,789.0,0.1643175615087697,2,58.0,0.3245289925602423,21,1038.0
275.0,23,1063.0,18.649122807017545,4.833354750702885,0,0.0,1.0,5,233.0,0.283511242123187,16,869.0,0.16751037900681878,2,68.0,0.3022052741404073,23,1170.0
280.0,26,1183.0,21.125,4.633358618824571,0,0.0,1.0,5,258.0,0.25334946466819697,18,965.0,0.08856353342830302,3,80.0,0.18497829925557258,26,1303.0
285.0,29,1319.0,22.74137931034483,4.465297540494827,0,0.0,1.0,5,283.0,0.2277433678320291,21,1065.0,0.0810589868006198,3,95.0,0.2498821070758159,29,1443.0
290.0,31,1471.0,24.516666666666666,4.22708771975205,0,0.0,1.0,7,299.0,0.12156706074908488,21,1170.0,0.08068569103001974,3,110.0,0.3251299030110727,31,1579.0
295.0,32,1630.0,26.29032258064516,4.243675633080919,0,0.0,1.0,7,334.0,0.11088369275506686,22,1279.0,0.11464453987635587,3,125.0,0.37965442393053017,32,1738.0
300.0,33,1792.0,28.903225806451612,3.87514223572889,0,0.0,1.0,7,369.0,0.11241356734252318,23,1391.0,0.11099125208347951,3,140.0,0.21897328821190873,33,1900.0
305.0,33,1939.0,30.77777777777778,3.555624432918376,0,0.0,1.0,6,385.0,0.12471573190995255,24,1507.0,0.039940035863535034,3,155.0,0.2022520062955217,33,2047.0
310.0,39,2119.0,32.10606060606061,3.327871276543995,0,0.0,1.0,7,420.0,0.2018037156545096,26,1631.0,5.3769965615691024e-05,4,173.0,0.19416145546345334,37,2224.0
315.0,37,2301.0,33.838235294117645,3.7840671495199727,0,0.0,1.0,7,455.0,0.1625616573858658,26,1761.0,0.0,4,193.0,0.14019468839305985,37,2409.0
320.0,39,2488.0,36.588235294117645,3.932521394685196,0,0.0,1.0,9,492.0,0.10125999830795337,26,1891.0,0.0,4,213.0,0.15739416919045193,39,2596.0
325.0,34,2161.0,31.779411764705884,3.7970700288436166,0,0.0,1.0,2,143.0,0.18924703928261885,26,2021.0,0.0,6,234.0,0.13913351680764957,34,2398.0
330.0,20,901.0,13.25,4.20237411993903,0,0.0,1.0,1,16.0,0.33050478779126014,14,1250.0,0.011594298784313737,5,259.0,0.19160047023165433,20,1525.0
335.0,14,560.0,8.115942028985508,5.7144339827278605,0,6.0,0.5810531811262012,1,19.0,0.5493961937455757,7,765.0,0.27729051547765765,5,284.0,0.20021157189640781,13,1074.0
340.0,16,634.0,9.18840579710145,6.187779289081727,1,10.0,0.21069248684825936,1,30.0,0.7595769203750073,7,476.0,0.46282221242452526,5,309.0,0.2445782074471241,14,825.0
345.0,14,429.0,6.128571428571429,6.183684661921443,3,24.0,0.02851099451078014,1,35.0,0.8074820304681335,7,405.0,0.46568322246105287,0,57.0,0.4549008722290797,11,521.0
350.0,16,412.0,5.885714285714286,6.051853105814568,4,42.0,0.026714045883527774,2,42.0,0.7426265342984014,5,396.0,0.5312495140425375,0,0.0,0.9040628183934167,11,480.0
355.0,21,423.0,6.042857142857143,5.971403937756152,6,70.0,0.0007276438109155158,2,49.0,0.7232358477420262,5,329.0,0.46042351072095117,0,0.0,0.9279863494451794,13,448.0
360.0,25,542.0,7.855072463768116,5.355697570286991,6,100.0,0.00014510412967983822,2,59.0,0.7381336542870877,7,321.0,0.3645257100834733,1,2.0,0.48699109712764316,16,482.0
365.0,30,683.0,9.356164383561644,4.423205786381853,6,130.0,2.479011769457778e-05,3,72.0,0.4783855709946838,11,369.0,0.21168409724563952,1,7.0,0.6355429285224047,21,578.0
370.0,31,812.0,10.972972972972974,3.427271110924852,6,160.0,5.141653783620426e-06,1,51.0,0.44980148450350893,13,432.0,0.1654269615194888,1,12.0,0.49811336716911664,21,655.0
375.0,35,977.0,13.026666666666667,3.826856071384475,6,190.0,1.4910811036257803e-06,1,56.0,0.5898883390910538,15,500.0,0.1322077838446911,1,17.0,0.47607949020415125,23,763.0
380.0,38,1120.0,14.35897435897436,3.8538608882961793,6,220.0,0.0,1,61.0,0.6651427617047238,18,587.0,0.1717425079553263,1,22.0,0.3755929488895733,26,890.0
385.0,38,1185.0,15.38961038961039,3.9813894699783687,6,250.0,0.0,2,67.0,0.4841420573838046,20,681.0,0.15998874998288456,2,30.0,0.4529566626354257,30,1028.0
390.0,37,1288.0,16.303797468354432,4.132986996085282,6,280.0,0.0,1,6.0,0.46899764158658924,20,781.0,0.1444099685032308,2,40.0,0.49406304070824747,29,1107.0
395.0,39,1362.0,17.68831168831169,4.122679853386892,6,310.0,0.0,1,11.0,0.6184092810678685,22,891.0,0.14472001011275426,2,50.0,0.47747101936830216,31,1262.0
400.0,32,1056.0,13.714285714285714,4.079627043899006,0,148.0,0.0348931494539662,2,18.0,0.4484445423216907,22,1001.0,0.1259680194207468,2,60.0,0.5337857639215458,26,1227.0
405.0,30,1179.0,15.72,4.218196842557389,0,0.0,1.0,3,29.0,0.2997631216129382,22,1106.0,0.10486541201767692,3,72.0,0.377477989607722,28,1207.0
410.0,16,723.0,9.513157894736842,5.011041729854044,0,0.0,1.0,3,44.0,0.4626638772296632,10,882.0,0.10415587168858395,3,87.0,0.198600941881589,16,1013.0
415.0,10,558.0,6.975,5.692660822897377,0,6.0,0.5136283582809893,2,48.0,0.5312724208165548,3,659.0,0.17557788056185256,5,106.0,0.15425048454807336,10,819.0
420.0,12,610.0,7.530864197530864,6.179189483429486,1,10.0,0.25416681686530423,4,64.0,0.5564165880315766,3,584.0,0.3158530061812401,4,126.0,0.18762219930304427,12,784.0
425.0,16,682.0,8.632911392405063,5.972634635516227,3,23.0,0.07104525700665265,5,82.0,0.5758979599759351,4,534.0,0.31863292952101885,4,146.0,0.147396714730171,16,785.0
430.0,19,458.0,6.026315789473684,6.007197565121081,6,41.0,0.01950051300754798,5,107.0,0.5926208069347361,3,365.0,0.39576013338971583,4,166.0,0.16658853298373047,18,679.0
435.0,20,403.0,5.373333333333333,5.7329286800475305,7,73.0,0.013544237252722779,5,174.0,0.5810626516113634,1,68.0,0.5804645957377713,5,189.0,0.16731498706646727,18,504.0
440.0,28,525.0,7.094594594594595,5.320727739203444,11,118.0,0.0023195064095974413,6,204.0,0.532087890134692,1,16.0,0.5781909266956838,5,214.0,0.21087028394787827,23,552.0
445.0,24,423.0,5.794520547945205,5.078888608998278,11,171.0,0.0006922883750560973,7,199.0,0.42667379932042215,1,25.0,0.7615914071557683,0,53.0,0.31886446015339787,19,448.0
450.0,29,551.0,7.445945945945946,4.573007409293556,11,227.0,0.0008766820998597595,11,289.0,0.26707038308950803,2,33.0,0.41258520718881986,0,0.0,0.9372535479630323,24,549.0
455.0,33,673.0,8.74025974025974,4.293147199895016,12,287.0,3.952171240297889e-05,7,293.0,0.24743695558829154,6,57.0,0.0770008559668782,0,0.0,0.8850529093962791,25,637.0
460.0,26,603.0,7.730769230769231,4.589073136211841,6,216.0,0.007530686114469347,7,325.0,0.24230464113099998,7,154.0,0.2168846995538307,0,0.0,0.9590422946220295,20,695.0
465.0,22,525.0,6.907894736842105,5.04680803268157,0,137.0,0.10284822069071071,8,383.0,0.2958404428872526,10,183.0,0.1489784600460309,0,0.0,0.6647253458167527,18,703.0
470.0,11,374.0,4.617283950617284,6.616317995756418,0,62.0,0.3959409420454211,8,445.0,0.3709230759462271,2,109.0,0.2634953851049011,1,5.0,0.661403322752888,11,621.0
475.0,12,431.0,5.455696202531645,7.308795663791378,0,3.0,0.5569320912205963,9,477.0,0.23656927669107047,2,84.0,0.4132914727459209,1,10.0,0.5517999049318527,12,574.0
480.0,19,508.0,6.512820512820513,6.783872076524381,0,3.0,0.3745638581274623,12,526.0,0.2631751676816522,2,91.0,0.4278125979698254,3,20.0,0.24452100099330942,17,640.0
485.0,20,580.0,7.733333333333333,5.873092445537082,2,9.0,5.215927543967247e-05,12,589.0,0.3179020447114096,3,104.0,0.3565320912396078,0,5.0,0.5237928914749976,17,707.0
490.0,23,687.0,9.67605633802817,5.912398106873353,2,19.0,0.3252437349395643,12,646.0,0.33432735885446674,4,128.0,0.23770175275996644,0,0.0,0.9270396019271245,18,793.0
495.0,24,731.0,10.75,5.288332654163082,3,30.0,0.009574614849116356,14,714.0,0.27317184039411646,5,89.0,0.12821044691395242,0,0.0,0.9867434140497844,22,833.0
500.0,19,738.0,11.53125,5.348272746899385,0,0.0,0.03558062494325321,15,789.0,0.21975479101786274,4,39.0,0.08733331599117683,0,0.0,0.9926905689407927,19,828.0
505.0,23,843.0,13.380952380952381,5.327067561915941,0,0.0,1.0,19,874.0,0.16153145812689365,4,50.0,0.0,0,0.0,0.9913718845531347,23,924.0
510.0,25,962.0,15.03125,5.204716422382137,0,0.0,1.0,21,973.0,0.0640960671588174,4,70.0,0.0,0,0.0,0.5461167592413037,25,1043.0
515.0,20,993.0,15.515625,5.553145427548333,0,0.0,1.0,15,980.0,0.10872677264033348,4,90.0,0.0,1,4.0,0.46534914731042937,20,1074.0
520.0,16,989.0,15.215384615384615,5.9227969069988795,0,0.0,1.0,15,1055.0,0.12424750096508408,0,25.0,0.04075937428349964,1,9.0,0.46697924754432213,16,1089.0
525.0,16,1069.0,15.955223880597014,6.819189173093406,0,0.0,1.0,15,1136.0,0.22530470997976076,0,9.0,0.8202531578998886,1,14.0,0.6285944909728709,16,1159.0
530.0,18,1151.0,17.439393939393938,6.640997668367686,0,0.0,1.0,15,1211.0,0.2789755847727297,0,9.0,0.974757592574405,2,20.0,0.31355424828447465,17,1240.0
535.0,15,727.0,11.53968253968254,5.710696189760445,0,0.0,1.0,12,1057.0,0.24010505388072279,0,9.0,0.9707660688257567,2,30.0,0.3233471239104055,14,1096.0
540.0,8,100.0,1.6129032258064515,6.298770393246049,0,0.0,1.0,2,652.0,0.4074412297415255,0,6.0,0.9678926491057519,2,40.0,0.31468448432960705,4,698.0
545.0,7,99.0,1.6229508196721312,7.233776463385412,0,0.0,0.768131383872909,1,325.0,0.6288786401473665,0,9.0,0.8558205152148665,2,50.0,0.3731441092640857,3,384.0
550.0,6,82.0,1.4642857142857142,7.80950720336269,1,3.0,2.386942313551455e-05,2,77.0,0.7059460871986958,1,7.0,0.792734255504763,2,60.0,0.3617088153568976,6,147.0
555.0,7,88.0,1.6,6.805725921910714,1,8.0,0.0,1,81.0,0.3197763039609817,3,15.0,0.5777979895701492,2,70.0,0.3845675380558197,7,174.0
560.0,6,95.0,1.6101694915254237,7.551154968665846,0,0.0,1.0,3,68.0,0.3545129060249853,0,3.0,0.9621727324512819,3,84.0,0.48360633289835264,6,155.0
565.0,7,127.0,2.189655172413793,7.792975415587466,0,6.0,0.6280127029978152,4,82.0,0.3152602063146837,0,3.0,0.9523223779428522,3,99.0,0.38291307391380236,7,190.0
570.0,7,162.0,3.0,7.551685202075532,0,0.0,1.0,4,102.0,0.19862387442283794,0,1.0,0.938374817766361,3,114.0,0.2987155410308328,7,217.0
575.0,5,133.0,2.375,7.2808020465296455,0,0.0,1.0,0,46.0,0.5432142881532916,0,1.0,0.8340652002676563,4,132.0,0.19740491217397624,4,179.0
580.0,6,163.0,2.810344827586207,7.115730306417439,0,0.0,1.0,0,18.0,0.6762583704695913,1,6.0,0.7431369109792165,4,152.0,0.10804578264656946,5,176.0
585.0,8,192.0,3.4285714285714284,6.828400799615417,0,0.0,1.0,1,5.0,0.6499909986072384,3,19.0,0.5989400255230808,4,172.0,0.13905812651407692,8,196.0
590.0,12,238.0,4.25,6.174230190311574,0,0.0,1.0,1,10.0,0.6393850898590535,6,38.0,0.4488335341437246,5,194.0,0.1641265996392799,12,242.0
595.0,13,297.0,5.711538461538462,5.222769218496664,0,0.0,1.0,1,15.0,0.4819073476410396,6,68.0,0.39914563505865985,5,218.0,0.2382188336777032,12,301.0
600.0,8,296.0,5.6923076923076925,6.061257657395755,0,0.0,1.0,1,20.0,0.35816889654339623,2,52.0,0.47646410802406614,5,243.0,0.31716798347299446,8,315.0
605.0,9,340.0,6.938775510204081,6.981189400964179,0,0.0,1.0,2,29.0,0.308294565909531,2,49.0,0.6244434831037207,5,268.0,0.31880927188947455,9,346.0
610.0,9,385.0,7.857142857142857,6.590238006555138,0,0.0,0.8589341191743142,2,39.0,0.31902434645543976,2,56.0,0.3291870315915749,5,293.0,0.33411338680236724,9,388.0
615.0,5,119.0,2.4285714285714284,6.913811668228189,0,0.0,1.0,2,49.0,0.4211834979561321,3,70.0,0.4160049261884276,0,83.0,0.5264082314646784,5,202.0
620.0,5,144.0,3.0,7.10022340150407,0,0.0,1.0,2,59.0,0.2686326436262275,3,94.0,0.501656429549888,0,0.0,0.6732349852101882,5,153.0
625.0,8,173.0,3.46,6.244876409164074,0,0.0,1.0,2,69.0,0.23950537585256446,6,113.0,0.24466397387617667,0,0.0,0.9948682723544777,8,182.0
630.0,11,223.0,4.645833333333333,5.797287668620615,0,0.0,1.0,3,83.0,0.24492295187016608,8,149.0,0.021947161654077986,0,0.0,0.8162319860090066,11,232.0
635.0,12,192.0,3.9183673469387754,5.059901595218987,0,0.0,1.0,0,8.0,0.6470913142871811,11,201.0,0.003438276521001929,1,2.0,0.6358158675229966,12,211.0
640.0,15,267.0,5.34,5.359613461766924,0,0.0,1.0,0,0.0,0.8335096408420644,13,266.0,0.001320802229949651,1,7.0,0.47977665776416223,14,273.0
645.0,18,344.0,7.020408163265306,5.7599027784428,0,0.0,1.0,0,0.0,0.9348948214868649,14,342.0,0.20938001542117782,2,14.0,0.31249594118224505,16,356.0
650.0,17,420.0,8.235294117647058,6.10763877847932,0,0.0,1.0,1,1.0,0.48788148563255007,14,412.0,0.21300998656160355,2,24.0,0.460335778271006,17,437.0
655.0,16,493.0,9.666666666666666,5.868168686839613,0,0.0,1.0,1,6.0,0.47463545420523967,14,482.0,0.25492912519739014,1,22.0,0.33207670179371324,16,510.0
660.0,18,579.0,11.134615384615385,5.276508259179345,0,0.0,1.0,1,11.0,0.47329701890238207,14,555.0,0.2589364589386315,2,32.0,0.33325392160011685,17,598.0
665.0,17,663.0,13.26,5.224266866532837,0,0.0,1.0,1,16.0,0.4852266311604822,14,619.0,0.24229849801831777,2,42.0,0.33037577815710195,17,677.0
670.0,18,750.0,14.705882352941176,5.604838163957318,0,0.0,1.0,1,21.0,0.711770429669735,15,691.0,0.17216867399798363,2,52.0,0.20408826399426455,18,764.0
675.0,20,822.0,15.50943396226415,5.068712658629082,0,0.0,1.0,0,0.0,0.4849422322179698,17,775.0,0.08048970096682803,3,64.0,0.157420067215011,20,839.0
680.0,17,627.0,11.61111111111111,5.331227355159698,0,0.0,1.0,1,3.0,0.4721020890098495,13,701.0,0.04224534386705211,3,79.0,0.3684046263200333,17,783.0
685.0,16,582.0,10.581818181818182,6.459002336841617,0,0.0,1.0,1,8.0,0.6367767753720188,12,553.0,0.10742818634399182,3,94.0,0.4286739738780614,16,655.0
690.0,22,674.0,12.254545454545454,6.144045147050021,0,0.0,1.0,2,15.0,0.584055481920686,15,565.0,0.11174032534286987,3,109.0,0.47081109901043033,20,689.0
695.0,24,790.0,14.363636363636363,5.638520611900101,0,0.0,1.0,2,25.0,0.6187073139386597,16,642.0,0.05877527544989186,3,124.0,0.37670061485520884,21,791.0
700.0,27,919.0,17.339622641509433,3.798390910737674,0,0.0,1.0,2,35.0,0.5728096322802259,16,722.0,1.6968755642475937e-05,3,139.0,0.17349818047997548,21,896.0
705.0,25,1001.0,17.875,3.912040653698763,0,0.0,1.0,2,45.0,0.32167240625889093,16,802.0,0.05476591187991453,4,156.0,0.2478558944195337,22,1003.0
710.0,25,1103.0,19.696428571428573,3.8908167303274084,0,0.0,1.0,3,60.0,0.4030711449931795,16,882.0,0.058361708336895794,5,180.0,0.22448942632741287,24,1122.0
715.0,25,1224.0,21.473684210526315,4.578439126752558,0,0.0,1.0,4,85.0,0.312533775863644,16,962.0,0.05765070611279119,5,205.0,0.24457858489138395,25,1252.0
720.0,28,1355.0,23.362068965517242,4.516204230750396,0,0.0,1.0,5,106.0,0.2771985339071796,16,1042.0,0.1089189109204178,6,232.0,0.23291786253469351,27,1380.0
725.0,29,1499.0,25.406779661016948,4.076394726584306,0,0.0,1.0,5,131.0,0.1892761664160887,16,1122.0,0.09164041195862578,6,262.0,0.25338856820941463,27,1515.0
730.0,30,1575.0,26.694915254237287,3.8400198821363576,0,0.0,1.0,6,161.0,0.1326284317594583,15,1160.0,0.05310319674764301,7,296.0,0.19415247042867478,28,1617.0
735.0,31,1728.0,29.28813559322034,3.666714445673332,0,0.0,1.0,6,191.0,0.15036804562535006,16,1202.0,9.294097493997418e-06,7,331.0,0.11302870604280724,29,1724.0
740.0,25,1670.0,27.833333333333332,4.060927371066445,0,0.0,1.0,2,52.0,0.41940596499795835,16,1282.0,0.0,7,366.0,0.11334225237775626,25,1700.0
745.0,27,1801.0,30.016666666666666,4.5139175260488535,0,0.0,1.0,2,58.0,0.5804419888254676,16,1362.0,0.0,8,404.0,0.20018936222667086,26,1824.0
750.0,29,1934.0,32.233333333333334,4.217310626597877,0,0.0,1.0,2,68.0,0.3868638502376746,16,1451.0,0.19220759581439753,8,444.0,0.2354821821985623,26,1963.0
755.0,28,2063.0,33.81967213114754,4.594000641897118,0,0.0,1.0,3,82.0,0.24180448984810057,16,1531.0,0.23011525145705486,8,484.0,0.23638168019540018,27,2097.0
760.0,28,2200.0,34.92063492063492,4.899955778878079,0,0.0,1.0,3,97.0,0.38827105059173606,16,1626.0,0.2921747801260285,9,528.0,0.2354561159065562,28,2251.0
765.0,29,2342.0,37.17460317460318,4.450121792660348,0,0.0,1.0,3,112.0,0.2346288034429129,16,1690.0,0.28816556755547545,10,575.0,0.1768229004827326,29,2377.0
770.0,29,2487.0,40.77049180327869,4.374270352081802,0,0.0,1.0,3,127.0,0.24761113803221002,16,1770.0,0.2645654306611632,10,625.0,0.11916630194315368,29,2522.0
775.0,32,2639.0,41.888888888888886,4.2124259479526645,0,0.0,1.0,3,142.0,0.41414033994133986,16,1845.0,0.20926885528136108,12,677.0,0.07033974549192866,31,2664.0
780.0,30,2645.0,41.328125,4.0729984958127226,0,2.0,0.8949105740178677,1,29.0,0.525342502364356,16,1925.0,0.14995980113054425,12,735.0,0.07713823730364922,29,2691.0
785.0,33,2804.0,43.8125,4.152136753949515,0,0.0,1.0,1,6.0,0.6487380577310633,18,2011.0,0.08835825379787594,12,795.0,0.06577907446723431,31,2812.0
790.0,35,2970.0,47.142857142857146,4.145057118208877,0,0.0,1.0,1,11.0,0.6208562271206558,20,2108.0,0.11147685904165257,12,855.0,0.07208379716472028,33,2974.0
795.0,40,3157.0,48.56923076923077,3.5452920416621447,0,0.0,1.0,2,17.0,0.264947656233957,22,2216.0,0.0836949007905495,13,918.0,0.07263384413125794,37,3151.0
800.0,40,3352.0,50.78787878787879,3.5237807334002262,0,0.0,1.0,2,27.0,0.37629308515730503,22,2326.0,0.07521968978563741,13,983.0,0.07053522119895836,37,3336.0
805.0,37,3417.0,51.0,3.926245358464807,0,0.0,1.0,2,37.0,0.4945749088206008,22,2365.0,0.10661300959812207,13,1048.0,0.06949690976583332,37,3450.0
810.0,38,3604.0,53.791044776119406,3.8304534774202885,0,0.0,1.0,2,47.0,0.5735086669417564,22,2472.0,0.07101670751000386,13,1113.0,0.12049730967080612,37,3632.0
815.0,41,3800.0,55.072463768115945,3.762920650286136,0,0.0,1.0,2,57.0,0.4798729733241237,25,2592.0,0.03651522309896061,14,1181.0,0.1024515643534434,41,3830.0
820.0,41,4005.0,58.89705882352941,3.528970653058907,0,0.0,1.0,2,67.0,0.3912435290794741,25,2717.0,0.03535440338056427,14,1251.0,0.09354366008109642,41,4035.0
825.0,31,2213.0,32.544117647058826,3.507120585657748,0,0.0,1.0,3,78.0,0.2333656262732172,13,1779.0,0.05153988944372121,15,1322.0,0.10927814921150604,31,3179.0
830.0,14,443.0,6.328571428571428,4.70749985671741,0,6.0,0.6405316246988615,4,106.0,0.3625277464613793,2,859.0,0.2010747441063025,8,858.0,0.1193683940384936,14,1829.0
835.0,6,142.0,1.9722222222222223,5.97904829302284,1,10.0,0.2188407859299887,4,126.0,0.5070461151654267,1,189.0,0.4310074489031535,0,425.0,0.25764523996437527,6,750.0
840.0,11,178.0,2.4722222222222223,6.141713001041236,3,25.0,0.06713727573020585,4,136.0,0.6170615850445806,1,75.0,0.6465507948596552,3,431.0,0.20321813338237824,11,667.0
845.0,12,213.0,2.84,5.080145496247995,0,1.0,0.05167637796724344,4,156.0,0.6983644025089826,4,88.0,0.1730567476381781,4,449.0,0.10937318254139976,12,694.0
850.0,22,303.0,3.935064935064935,4.7044070549920844,0,0.0,0.11987153436202362,4,176.0,0.6858012992429987,7,117.0,0.0022789943949373375,8,483.0,0.1083739961283749,19,776.0
855.0,29,436.0,5.518987341772152,5.369923831581646,0,0.0,0.36859092647897096,4,196.0,0.6941579885646051,8,157.0,3.243610939239565e-06,10,530.0,0.07853377882953871,22,883.0
860.0,29,564.0,7.324675324675325,5.12627699582719,0,0.0,1.0,5,218.0,0.5243076816047855,8,197.0,0.0,10,580.0,0.08131040956107562,23,995.0
865.0,18,353.0,4.468354430379747,4.953698863254981,0,0.0,1.0,0,40.0,0.4466243763551942,8,237.0,0.0,6,448.0,0.09220670288951803,14,725.0
870.0,17,411.0,5.269230769230769,5.459938052503473,0,0.0,1.0,1,8.0,0.4407055992179358,8,283.0,0.10419301188652692,4,379.0,0.17251878724376027,13,670.0
875.0,12,278.0,3.6103896103896105,6.412928511671492,0,0.0,1.0,1,10.0,0.5482421077267308,5,236.0,0.3072410100731662,4,385.0,0.1835131147422879,10,631.0
880.0,7,139.0,1.904109589041096,7.64160349402287,0,0.0,1.0,1,15.0,0.47789670948562646,5,179.0,0.4335744143030293,1,259.0,0.2518277440075562,7,453.0
885.0,15,174.0,2.4166666666666665,7.263335230348271,0,0.0,1.0,1,4.0,0.4623771031750178,4,197.0,0.5098129328071613,6,277.0,0.15461197393497758,11,478.0
890.0,20,266.0,3.7464788732394365,6.440658364689312,0,0.0,1.0,3,16.0,0.24572612733584356,6,222.0,0.5296761062265191,6,307.0,0.16391618784071174,15,545.0
895.0,23,376.0,5.696969696969697,5.611880585433842,0,0.0,1.0,3,35.0,0.388538488820769,7,260.0,0.47073956029919084,6,337.0,0.14355669703981308,16,632.0
900.0,27,506.0,8.295081967213115,4.567916102075325,0,0.0,1.0,3,50.0,0.4551011973950681,10,307.0,0.32336359594498115,6,367.0,0.20710125282312133,19,724.0
905.0,30,633.0,10.55,3.4933570101590643,0,0.0,1.0,2,47.0,0.43983008153737124,13,366.0,0.12320578861170883,7,399.0,0.20889887539797342,22,812.0
910.0,29,698.0,11.633333333333333,3.3429762839056063,0,0.0,1.0,4,64.0,0.2981577553093652,15,436.0,0.1008668839248232,7,434.0,0.1787827267692133,26,934.0
915.0,30,838.0,13.737704918032787,3.774385500642618,0,0.0,1.0,4,84.0,0.32487357385655535,15,507.0,0.11601237403436701,7,469.0,0.14797730838733505,26,1060.0
920.0,35,965.0,15.078125,3.8911770823443663,0,3.0,0.9951688712459733,5,125.0,0.3962815100073048,18,590.0,0.09946720313013942,9,509.0,0.11716943511899175,32,1227.0
925.0,33,1044.0,16.06153846153846,4.272528224916257,0,0.0,1.0,6,159.0,0.4174257977109565,18,680.0,0.09562783603041781,9,554.0,0.12409305793281905,33,1393.0
930.0,35,1211.0,18.630769230769232,4.043413796151398,0,0.0,1.0,8,185.0,0.2791083201631476,18,770.0,0.09850711957521133,9,599.0,0.0924801004347015,35,1554.0
935.0,34,1314.0,19.90909090909091,3.8442765528199088,0,0.0,1.0,9,227.0,0.16574746409061672,16,820.0,0.09492747550529493,9,644.0,0.08762735615434039,34,1691.0
940.0,36,1456.0,21.10144927536232,4.092789828505768,0,0.0,1.0,10,275.0,0.2213130876839478,15,888.0,0.1603837572428906,10,692.0,0.09488840133241776,35,1855.0
945.0,37,1617.0,23.1,3.608256314804687,0,0.0,1.0,9,302.0,0.2646622605327885,16,966.0,0.008197526933416696,10,742.0,0.07066356541053434,35,2010.0
950.0,38,1795.0,26.791044776119403,3.3574839736921787,0,0.0,1.0,9,347.0,0.12938357009808873,19,1058.0,0.04664964392257074,10,792.0,0.08216971996902646,38,2197.0
955.0,43,2002.0,29.441176470588236,3.14171354521507,0,0.0,1.0,11,399.0,0.14617399691153743,20,1161.0,0.08612790551571226,11,844.0,0.09355371209630606,42,2404.0
960.0,31,1343.0,19.185714285714287,3.5270827242131517,0,0.0,1.0,11,449.0,0.14506666563557297,9,704.0,0.17933905862333477,11,899.0,0.12087382421813984,31,2052.0
965.0,25,1244.0,18.294117647058822,4.146828478989878,0,3.0,0.5676942292250179,11,510.0,0.17125230930791802,3,407.0,0.3123546949511828,11,954.0,0.07988494829341151,25,1874.0
970.0,26,1373.0,20.191176470588236,4.8097386910742195,0,9.0,0.27970374509026896,12,572.0,0.33889609193336506,3,141.0,0.4559129216772337,11,1009.0,0.0773875197814989,26,1731.0
975.0,30,1518.0,21.685714285714287,4.385314291930126,3,22.0,0.12370866320202784,12,632.0,0.30272161527706415,3,156.0,0.47103782611963513,12,1066.0,0.0749542825634488,30,1876.0
980.0,34,1680.0,23.333333333333332,4.199617615554703,4,38.0,0.023621704226435773,15,703.0,0.30020818254953635,3,186.0,0.5490333330336621,12,1126.0,0.07756675802829213,34,2053.0
985.0,41,1859.0,25.819444444444443,3.3793541494960575,8,70.0,0.0073563041171382515,14,768.0,0.32057243918458644,7,208.0,0.1367276402438196,12,1186.0,0.06984740812190268,41,2232.0
990.0,45,2077.0,28.06756756756757,3.1971065497573403,9,114.0,0.0024667316241198884,16,844.0,0.2811500024632794,8,248.0,0.04134284678591777,12,1246.0,0.07304798458993114,45,2452.0
995.0,42,1650.0,21.710526315789473,3.2576709933244508,10,163.0,0.0005116042868862243,16,924.0,0.26181348863993603,9,294.0,0.09168937149228619,7,836.0,0.09519896830650477,42,2217.0
1000.0,36,1436.0,18.649350649350648,3.5962710370476154,10,213.0,0.00012136738249176556,17,999.0,0.09365909659002838,9,345.0,0.24123953871059742,0,439.0,0.20282203855683673,36,1996.0
1005.0,41,1630.0,20.897435897435898,3.480268347863704,10,263.0,3.302929117119468e-05,17,1084.0,0.05363097731268929,12,399.0,0.14934989185617423,2,309.0,0.3508522234548368,41,2055.0
1010.0,44,1842.0,22.463414634146343,3.7584907458687025,10,313.0,1.1227553783228732e-05,17,1169.0,0.09141807731811746,13,464.0,0.11865024550241281,4,296.0,0.2595510462735498,44,2242.0
1015.0,45,2064.0,24.867469879518072,3.750696031891919,10,363.0,0.0,17,1254.0,0.09361208229456072,14,529.0,0.14591153073468052,4,316.0,0.27400154560961115,45,2462.0
1020.0,50,2305.0,27.44047619047619,3.4444549763281227,10,413.0,0.0,18,1342.0,0.047988916206036555,16,606.0,0.0857080060265109,6,342.0,0.22483992446869547,50,2703.0
1025.0,53,2569.0,32.1125,2.885612046478534,10,463.0,0.0,19,1434.0,0.07143769892139022,18,695.0,0.05587728178422863,6,372.0,0.11887800894740416,53,2964.0
1030.0,58,2843.0,34.25301204819277,2.632832521199108,10,513.0,0.0,21,1532.0,0.024175931669726817,19,786.0,0.04944473267129149,8,407.0,0.12933465616232453,58,3238.0
1035.0,45,2237.0,26.63095238095238,2.8685312751546452,10,563.0,0.0,17,1332.0,0.12842296495509684,9,651.0,0.08466624730134052,8,447.0,0.16951225893710536,44,2993.0
1040.0,32,1447.0,17.646341463414632,3.795450537948515,10,613.0,0.0,7,905.0,0.2698445943395596,7,574.0,0.07231052235547628,8,487.0,0.1735737748980992,32,2579.0
1045.0,23,1167.0,13.729411764705882,5.0053010075446425,10,669.0,0.004930663665563981,2,520.0,0.4621536609420863,8,582.0,0.10375059638672461,3,211.0,0.3386715431676589,23,1982.0
1050.0,21,1230.0,14.642857142857142,6.435965942983238,11,721.0,0.0012807070186829415,2,251.0,0.6577106204570556,8,628.0,0.2645298950356955,0,38.0,0.6057650383021317,21,1638.0
1055.0,24,1127.0,13.258823529411766,6.309632930330845,12,781.0,0.00016831898227765362,3,54.0,0.6563193932752166,9,518.0,0.24278816989706414,0,0.0,0.8477990876905256,24,1353.0
1060.0,23,985.0,11.588235294117647,6.5822330896424335,12,841.0,2.4477683483860288e-05,4,70.0,0.6575705347062137,7,317.0,0.28454377382498425,0,0.0,0.9550347283592314,23,1228.0
1065.0,22,573.0,6.741176470588235,5.906436444570648,6,606.0,0.006582027778799208,5,92.0,0.5746023677158157,11,200.0,0.26675662423014557,0,0.0,0.6721533375991445,22,898.0
1070.0,17,275.0,3.2738095238095237,5.721387640207756,0,364.0,0.14939373678292767,4,72.0,0.4601639101119704,12,258.0,0.26032362724268354,1,4.0,0.37191189461208846,17,698.0
1075.0,24,383.0,4.670731707317073,5.964536949653127,0,121.0,0.44167659708184653,7,102.0,0.2503941647059774,14,327.0,0.25208753709193427,2,13.0,0.3289580921233155,23,563.0
1080.0,24,503.0,6.532467532467533,5.512330352938495,0,0.0,1.0,7,137.0,0.27094512331766135,14,397.0,0.14836372451611363,2,23.0,0.41823938630335966,23,557.0
1085.0,31,642.0,8.126582278481013,4.812768891206768,0,0.0,1.0,10,174.0,0.2420815595440763,18,481.0,0.04889069604307681,2,33.0,0.25637423039155144,30,688.0
1090.0,32,786.0,9.825,4.950094886575305,0,0.0,1.0,11,226.0,0.21096500141556407,18,571.0,0.051183293973825865,3,48.0,0.3376416383898133,32,845.0
1095.0,33,948.0,12.311688311688311,4.956549268786644,0,0.0,1.0,12,283.0,0.16413676913042,18,661.0,0.05172324425667346,3,63.0,0.3807291285447102,33,1007.0
1100.0,33,1113.0,15.04054054054054,4.505002197121408,0,0.0,1.0,12,343.0,0.12296617085362192,18,748.0,0.020647608737225077,3,78.0,0.41078185497335373,33,1169.0
1105.0,36,1292.0,18.457142857142856,4.236847409364444,0,0.0,1.0,13,407.0,0.0895297446487677,19,843.0,0.04971300667978545,3,93.0,0.4001725404723855,35,1343.0
1110.0,26,1064.0,15.420289855072463,4.282971135093089,0,0.0,1.0,3,169.0,0.21824115146933667,19,938.0,0.08421877462011629,4,112.0,0.1933971279484071,26,1219.0
1115.0,23,1113.0,16.611940298507463,5.078498390445833,0,0.0,1.0,0,67.0,0.5651763294591358,19,1033.0,0.09155143833379481,4,132.0,0.269565457074963,23,1232.0
1120.0,25,1234.0,18.417910447761194,5.701698875454487,0,0.0,1.0,1,3.0,0.7018464965162122,19,1137.0,0.2268866590840729,5,155.0,0.34754754731655313,25,1295.0
1125.0,26,1360.0,20.29850746268657,5.821645980903678,0,0.0,1.0,2,9.0,0.30740494783612454,19,1232.0,0.2823580943057309,5,180.0,0.2804409220858578,26,1421.0
1130.0,27,1491.0,22.59090909090909,5.411309620957573,0,0.0,1.0,2,19.0,0.4424950162917245,20,1322.0,0.22805858563017473,5,205.0,0.24963616559689386,27,1546.0
1135.0,30,1624.0,23.536231884057973,4.791940813580964,0,0.0,0.8776458687180906,1,18.0,0.7260965657600946,22,1430.0,0.23020980396654897,7,231.0,0.11188374265533933,30,1679.0
1140.0,30,1774.0,26.87878787878788,4.528820104835065,0,0.0,0.013016631212378841,1,23.0,0.5524664364766522,22,1540.0,0.23013873855456635,7,266.0,0.14771459248342794,30,1829.0
1145.0,32,1932.0,30.1875,3.9533543247650584,1,5.0,8.083743660523894e-05,2,31.0,0.47630572216879025,22,1650.0,0.16114555785254886,7,301.0,0.11438562666594601,32,1987.0
1150.0,35,2102.0,32.33846153846154,3.7426567739221355,1,10.0,0.0,3,46.0,0.23480194406308463,24,1768.0,0.11999401294426672,7,336.0,0.10696443024747937,35,2160.0
1155.0,35,2231.0,33.803030303030305,3.7030544995876107,1,15.0,0.0,1,13.0,0.5021163716624706,25,1890.0,0.09148577164662246,8,374.0,0.16696284494182217,35,2292.0
1160.0,38,2413.0,36.014925373134325,3.4388205382525574,1,20.0,0.0,2,17.0,0.39040403004061314,26,2016.0,0.05036155812769381,8,414.0,0.1836001469829499,37,2467.0
1165.0,39,2601.0,38.25,3.833256148731128,1,25.0,0.0,2,27.0,0.4791480234707271,28,2157.0,0.07368841597849382,8,454.0,0.17476555812045608,39,2663.0
1170.0,42,2807.0,40.68115942028985,3.5737314327109937,1,30.0,0.0,2,37.0,0.06764942095251915,31,2313.0,0.10954506240302789,8,494.0,0.16903678806106281,42,2874.0
1175.0,46,3030.0,42.67605633802817,2.965526796895836,1,35.0,0.0,3,52.0,0.253804738059541,32,2470.0,0.0794245821828953,9,539.0,0.15849532151157655,45,3096.0
1180.0,34,1703.0,23.985915492957748,2.867385950881422,1,40.0,0.0,0,0.0,0.626371593695179,21,1764.0,0.07372051501197238,10,587.0,0.08334428698773112,32,2391.0
1185.0,19,870.0,12.608695652173912,4.385908613570767,1,48.0,0.2879230684060958,1,8.0,0.6516239131960682,7,1057.0,0.19179894910436365,10,637.0,0.08660057044053883,19,1750.0
1190.0,16,866.0,12.19718309859155,6.033635483523186,1,50.0,0.48236319525691623,1,16.0,0.686134000016079,3,363.0,0.364576965509322,11,688.0,0.0798894730876008,16,1117.0
1195.0,17,951.0,13.208333333333334,7.198502277040287,1,55.0,0.31695195378965363,2,26.0,0.748904093959965,3,241.0,0.5414578207268942,11,743.0,0.10209756301841717,17,1065.0
1200.0,16,1011.0,14.442857142857143,7.146873326854561,1,60.0,0.7238448482997714,1,20.0,0.7259291802246471,3,188.0,0.5172131306377784,11,798.0,0.12922077418419373,16,1066.0
1205.0,18,1100.0,16.176470588235293,7.081958476126593,1,65.0,0.0,1,16.0,0.8182533796137366,3,177.0,0.47263534878302077,11,853.0,0.13049986772829766,16,1111.0
1210.0,16,520.0,7.428571428571429,6.669010045352738,1,70.0,0.0,2,22.0,0.6549173588242332,3,189.0,0.43724254257873657,6,501.0,0.210089941613789,12,782.0
1215.0,9,303.0,4.590909090909091,6.744024481177795,1,75.0,0.0,3,34.0,0.5594023436087656,4,214.0,0.3980290217173217,0,238.0,0.34234243827560185,8,561.0
1220.0,14,352.0,5.587301587301587,5.2301660383372175,1,80.0,0.0,5,56.0,0.20857228507045494,7,239.0,0.18085736924075146,0,83.0,0.4512893450744957,13,458.0
1225.0,16,250.0,3.8461538461538463,4.3767699985953765,1,85.0,0.0,5,81.0,0.15289571841221755,6,181.0,0.11407984764114391,4,92.0,0.1845528287606308,16,439.0
1230.0,15,263.0,4.241935483870968,4.823320613385725,1,90.0,0.0,7,111.0,0.15410745601771786,5,68.0,0.1091607569320918,2,23.0,0.2588061136607187,15,292.0
1235.0,23,364.0,5.967213114754099,4.815857136282661,1,95.0,0.0,9,151.0,0.09848933483566955,10,115.0,0.0842907758891929,3,34.0,0.2018282356571551,23,395.0
1240.0,16,304.0,4.825396825396825,4.9065706187489475,1,100.0,0.0,1,37.0,0.17152695213581548,11,170.0,0.006348756211245645,3,49.0,0.19567751654794258,16,356.0
1245.0,11,211.0,3.403225806451613,5.307245462755366,1,105.0,0.0,0,8.0,0.6853401219546466,4,101.0,0.014521240248316018,4,69.0,0.28282016297151963,9,283.0
1250.0,9,229.0,3.7540983606557377,6.56154964954502,1,113.0,0.2807911683034779,0,6.0,0.6852914067768466,1,55.0,0.52708341493397,4,89.0,0.19816892203527361,6,263.0
1255.0,3,26.0,0.4406779661016949,7.5762219260353385,2,8.0,0.2147095083278647,0,9.0,0.8648836243642688,1,30.0,0.7009568992561074,0,14.0,0.5175502475667313,3,61.0
1260.0,5,47.0,0.7966101694915254,7.908751345205804,2,18.0,0.023576032230594356,0,9.0,0.933287316644628,2,45.0,0.6132829915213077,0,0.0,0.9323599187904024,4,72.0
1265.0,6,73.0,1.1774193548387097,8.180070843647306,2,28.0,0.005826494725971899,0,9.0,0.8189355482094488,2,49.0,0.6559554440681552,0,0.0,0.967575335796359,4,86.0
1270.0,10,108.0,1.8305084745762712,7.3506513791996655,3,42.0,0.0011440142314449538,2,24.0,0.7929690249091982,3,62.0,0.5982367980379075,0,0.0,0.941830754790611,8,128.0
1275.0,12,117.0,2.0526315789473686,6.464814364401986,0,8.0,0.038492980684204654,3,37.0,0.7646817177345218,5,80.0,0.3144277338271523,1,1.0,0.6418657116872142,9,126.0
1280.0,12,130.0,2.2033898305084745,5.815405051357706,0,0.0,1.0,4,29.0,0.5577567534270873,7,112.0,0.250094411754514,1,6.0,0.6224846707862535,12,147.0
1285.0,13,191.0,3.183333333333333,5.361442373136571,0,0.0,1.0,4,41.0,0.36858417501254065,7,147.0,0.19683290772364612,2,12.0,0.23506959709053463,13,200.0
1290.0,18,220.0,3.6065573770491803,4.891629916553509,0,0.0,1.0,6,69.0,0.19959350474583476,8,132.0,0.22102365347910577,3,26.0,0.2345059056004901,17,227.0
1295.0,18,280.0,4.590163934426229,5.411276756707644,0,0.0,1.0,9,110.0,0.12941616186256186,8,172.0,0.30841999367055334,0,10.0,0.5731450760147646,17,292.0
1300.0,11,226.0,3.5873015873015874,5.257764573002593,0,0.0,1.0,1,44.0,0.1519457951689073,8,218.0,0.2785938712523643,1,13.0,0.7007458778287532,10,275.0
1305.0,11,258.0,4.095238095238095,5.85535381810794,0,0.0,1.0,0,19.0,0.33201718534759184,10,265.0,0.1974070678752712,1,18.0,0.7163492292623083,11,302.0
1310.0,12,269.0,4.203125,6.945728931043286,0,0.0,1.0,1,19.0,0.5459557549465127,10,272.0,0.37395778290881726,1,23.0,0.7203407087453929,12,314.0
1315.0,14,334.0,5.0606060606060606,6.714474727107646,0,3.0,0.9781374208590077,3,15.0,0.3910836662161438,10,322.0,0.3591370456199258,1,28.0,0.5096393207155431,14,368.0
1320.0,17,412.0,6.242424242424242,6.770534460097784,1,5.0,0.0006655476274024018,3,30.0,0.3556031234854598,11,374.0,0.2569379008752515,2,37.0,0.46926733669277576,17,446.0
1325.0,18,461.0,7.092307692307692,6.7805010408642765,1,10.0,0.0,0,11.0,0.6406404463112211,14,436.0,0.3204024776286059,3,49.0,0.3855413684431142,18,506.0
1330.0,19,552.0,9.049180327868852,6.655071178792282,1,15.0,0.0,0,7.0,0.9590949255411949,14,506.0,0.2874963270587455,4,65.0,0.19727425313329303,19,593.0
1335.0,21,650.0,10.655737704918034,5.773875212645418,1,20.0,0.0,0,8.0,0.7610301418735107,14,576.0,0.23057697268450172,4,85.0,0.31211439646612327,19,689.0
1340.0,25,766.0,13.206896551724139,4.8410885281568365,1,25.0,0.0,1,4.0,0.7112332367953283,15,645.0,0.13991313739257077,4,105.0,0.22223754956766642,21,779.0
1345.0,27,893.0,15.39655172413793,4.090007744781951,1,30.0,0.0,1,14.0,0.5490990578595613,18,733.0,0.1087096249458683,5,129.0,0.1622825092095045,25,906.0
1350.0,31,1040.0,17.93103448275862,3.8937826876006856,1,35.0,0.0,3,27.0,0.4051271588107918,20,830.0,0.08316788479187426,5,154.0,0.15974390513673012,29,1046.0
1355.0,30,1153.0,18.901639344262296,4.031278605365279,1,40.0,0.0,4,38.0,0.28490178492373686,20,930.0,0.08408394514139707,5,179.0,0.11898934477444081,30,1187.0
1360.0,33,1311.0,21.14516129032258,3.7730388412898885,1,45.0,0.0,5,61.0,0.21325893647351554,22,1035.0,0.004944241345280623,5,204.0,0.20826345258320095,33,1345.0
1365.0,31,1437.0,23.177419354838708,3.6093722218651973,1,50.0,0.0,2,53.0,0.20041657220079104,23,1149.0,3.0625759955792305e-05,5,229.0,0.23634388956421457,31,1481.0
1370.0,32,1597.0,24.56923076923077,4.280410334598993,1,55.0,0.0,2,57.0,0.5050503028961429,23,1264.0,8.991911446043384e-06,6,259.0,0.2559360754449512,32,1635.0
1375.0,32,1757.0,27.88888888888889,4.527315493940481,1,60.0,0.0,2,67.0,0.5593213467291972,23,1382.0,0.057460731329634,6,289.0,0.28390710094669225,32,1798.0
1380.0,32,1917.0,29.953125,4.549228750110946,1,65.0,0.0,2,70.0,0.47045469253177274,23,1497.0,0.07783518010260874,6,319.0,0.2244927741145678,32,1951.0
1385.0,32,2077.0,31.953846153846154,4.415450715691332,1,70.0,0.0,2,80.0,0.38286087339091074,23,1612.0,0.06927071286809787,6,349.0,0.12834863815224284,32,2111.0
1390.0,28,2010.0,30.0,4.158941813371049,1,75.0,0.0,0,4.0,0.49806586035648115,23,1727.0,0.07561735544164808,4,269.0,0.12127319057098909,28,2075.0
1395.0,28,2078.0,30.558823529411764,4.466685399595497,0,0.0,1.0,1,5.0,0.4701876182298737,23,1848.0,0.12889788996560364,4,286.0,0.1381691007404748,28,2139.0
1400.0,22,1022.0,14.81159420289855,3.8033687914896745,0,0.0,1.0,1,10.0,0.5909322814513306,12,1236.0,0.18243403018077078,6,310.0,0.13730551398457624,19,1556.0
1405.0,4,148.0,2.084507042253521,5.842790948467892,0,0.0,1.0,1,24.0,0.6708860862613063,3,783.0,0.335788617406573,0,178.0,0.44722951168668634,4,985.0
1410.0,4,165.0,2.323943661971831,7.662340634521173,0,0.0,0.7279995844149424,1,29.0,0.6947071965878913,3,411.0,0.5418707121776601,0,18.0,0.7821313822988203,4,458.0
1415.0,9,195.0,2.8260869565217392,7.6817543379051845,2,3.0,0.17474288420369424,3,40.0,0.6865711954705026,4,167.0,0.5681194800247747,0,0.0,0.9495692972535896,9,210.0
1420.0,9,86.0,1.303030303030303,7.349624746232833,3,17.0,0.04798850849167132,3,55.0,0.7430034476422834,3,106.0,0.501509028191795,0,0.0,0.9767857754216696,9,178.0
1425.0,12,127.0,1.8676470588235294,7.262849948627189,3,32.0,0.007763629761312402,3,70.0,0.751025684725479,4,37.0,0.3199602312779455,0,0.0,0.8759942134044706,10,139.0
1430.0,15,133.0,2.046153846153846,6.791287905165906,6,58.0,0.001719249960887152,0,25.0,0.8020966269977525,6,64.0,0.21848421348673414,0,0.0,0.9672676527619176,12,147.0
1435.0,12,134.0,2.09375,6.269768504954704,1,24.0,0.23290410395259675,2,15.0,0.644029426354333,6,94.0,0.16561190419655394,0,0.0,0.9512084896369896,9,133.0
1440.0,16,196.0,3.111111111111111,5.39233884830091,0,8.0,0.61583921755001,3,30.0,0.4038363130457341,8,131.0,0.18711410068705508,0,0.0,0.9562951974377164,11,169.0
1445.0,20,288.0,4.363636363636363,4.80349526543828,1,1.0,0.0059291902409773336,4,47.0,0.1950039465091161,8,171.0,0.17470092074198765,0,0.0,0.7050602040547034,13,219.0
1450.0,21,347.0,5.257575757575758,4.41212702735194,1,6.0,1.4837359430360606e-05,7,75.0,0.17156466393409428,9,216.0,0.12438092452335475,0,0.0,0.9497628063448815,17,297.0
1455.0,21,370.0,5.78125,4.382422906142245,1,11.0,0.0,9,116.0,0.15123613664160646,10,265.0,0.18381918167158204,0,0.0,0.5476442520201701,20,392.0
1460.0,15,235.0,3.5606060606060606,4.574423600762834,1,16.0,0.0,11,163.0,0.13463789728970016,2,122.0,0.23939058789190412,1,5.0,0.628430324529398,15,306.0
1465.0,14,287.0,4.348484848484849,5.674455695843919,1,27.0,0.4261753496742366,12,221.0,0.2413910308365112,1,72.0,0.4402815476356884,0,0.0,0.9271190528410996,14,320.0
1470.0,14,357.0,5.852459016393443,6.183017420841997,1,26.0,0.4914904237783,12,281.0,0.3361311306222452,1,68.0,0.3597099960873251,0,0.0,0.8122131892236766,14,375.0
1475.0,19,440.0,6.875,5.977238416024797,3,35.0,0.045464321025238306,12,341.0,0.28587607872028875,2,74.0,0.12167447584151438,1,4.0,0.633034925091511,18,454.0
1480.0,21,462.0,6.895522388059701,5.526569492115508,3,50.0,0.007003782030294396,13,402.0,0.25325712829780805,2,12.0,0.1734253448516744,1,9.0,0.6837919208585983,19,473.0
1485.0,25,570.0,8.382352941176471,5.618856979249296,4,69.0,0.16910411327095312,14,470.0,0.25557862647092117,2,22.0,0.3000508242881533,1,14.0,0.3783697595399292,21,575.0
1490.0,29,696.0,10.388059701492537,4.798329263570557,4,86.0,0.08111478243995572,14,540.0,0.11733878543208383,2,32.0,0.3249103528212163,3,27.0,0.24105391008048266,23,685.0
1495.0,23,749.0,11.523076923076923,4.210220340792897,4,105.0,7.288169137603796e-05,15,610.0,0.12217122578997582,2,42.0,0.29969089454610653,0,8.0,0.6886414139955361,21,765.0
1500.0,10,299.0,4.671875,4.839672903260926,3,69.0,1.2009924708404907e-05,5,354.0,0.1419166925936749,2,58.0,0.4627290412972397,0,0.0,0.9452808640935055,10,481.0
1505.0,8,151.0,2.359375,5.4291788222004325,3,84.0,0.0,1,198.0,0.16265524915194246,4,72.0,0.011261775170481865,0,0.0,0.9598075437884485,8,354.0
1510.0,14,211.0,3.246153846153846,6.900197009434963,3,99.0,0.0,2,67.0,0.3422790165050204,6,118.0,0.43146291933658437,0,0.0,0.9748777235183557,11,284.0
1515.0,12,261.0,3.838235294117647,7.533133901740752,3,114.0,0.0,2,21.0,0.5067961598331772,6,148.0,0.3643860928888652,0,0.0,0.9338093371705657,11,283.0
1520.0,12,318.0,4.746268656716418,7.408015839437032,3,129.0,0.0,2,31.0,0.31638398466935524,7,182.0,0.3470980653942994,0,0.0,0.8967854252317936,12,342.0
1525.0,11,339.0,5.136363636363637,7.445939592314189,3,144.0,0.0,0,0.0,0.9944947085520879,7,217.0,0.37633438354826654,1,2.0,0.6286102368480545,11,363.0
1530.0,10,284.0,4.507936507936508,7.536777310875657,3,159.0,0.0,0,0.0,0.6167054729515965,6,194.0,0.450129845693617,1,7.0,0.6257852041336991,10,360.0
1535.0,13,341.0,5.5,7.189682371470338,3,174.0,0.0,1,4.0,0.4449099844046744,7,175.0,0.3404971468082979,1,12.0,0.7114484610964665,12,365.0
1540.0,17,412.0,6.983050847457627,6.372678311144543,3,189.0,0.0,1,9.0,0.6860097639300345,10,218.0,0.10298800197326326,1,17.0,0.5759183069737965,15,433.0
1545.0,14,285.0,5.0,6.141466928408157,0,59.0,0.010829086577227271,1,14.0,0.7153816583763302,10,268.0,0.02409073461154983,2,26.0,0.473181181851504,13,367.0
1550.0,15,359.0,6.298245614035087,6.053389863350327,0,59.0,0.25882185531127994,1,19.0,0.5629120588674309,10,318.0,0.07804506087057426,2,36.0,0.5651166814766558,13,432.0
1555.0,16,424.0,7.43859649122807,6.153874163001527,0,0.0,1.0,2,29.0,0.6405662987408954,12,374.0,0.07098737402038881,2,46.0,0.47533772400637553,16,449.0
1560.0,17,453.0,7.810344827586207,5.5288903857664415,0,0.0,1.0,3,40.0,0.6374019118934556,12,434.0,0.0007141200959528472,0,0.0,0.9388661334214021,15,474.0
1565.0,17,504.0,8.842105263157896,5.414325121803941,0,0.0,1.0,1,15.0,0.5713219394356457,13,507.0,0.039816393481028584,0,0.0,0.8349130272337818,14,522.0
1570.0,10,159.0,2.65,6.360854379969264,0,0.0,1.0,2,25.0,0.5887622115089786,4,257.0,0.11419097453586305,1,4.0,0.6630315529449164,7,286.0
1575.0,9,191.0,3.4107142857142856,6.7940154739006235,0,9.0,0.5708123376381382,2,41.0,0.5624976410332634,4,135.0,0.4231705727182915,0,0.0,0.9774891903139913,6,185.0
1580.0,11,240.0,4.285714285714286,6.561433760417758,0,9.0,0.19858203624506893,2,54.0,0.6869917633240056,4,144.0,0.5355384950744564,0,0.0,0.9719327525834673,6,207.0
1585.0,12,231.0,3.9827586206896552,6.442420035808545,3,22.0,0.027851601372245387,0,9.0,0.7450269882982794,4,164.0,0.4345020573490337,0,0.0,0.8829060215422756,7,195.0
1590.0,12,272.0,4.689655172413793,6.268804396010382,0,0.0,0.028311946766788068,1,13.0,0.7826179344259837,5,187.0,0.3624446739092104,1,2.0,0.41790195995811347,7,202.0
1595.0,13,335.0,5.982142857142857,6.400708714110357,0,0.0,1.0,1,37.0,0.7576633823185237,5,212.0,0.35026566459562447,2,10.0,0.3074265524477909,8,259.0
1600.0,17,416.0,7.298245614035087,5.730150861587945,0,0.0,1.0,2,47.0,0.7763677790941497,5,234.0,0.2704733851795965,2,20.0,0.3188856109429478,9,301.0
1605.0,20,498.0,8.3,5.410897996262313,0,0.0,1.0,1,13.0,0.7161802047190516,6,263.0,0.23240436540693127,2,30.0,0.27260660856007113,9,306.0
1610.0,21,594.0,10.241379310344827,5.381374992708887,0,0.0,1.0,2,19.0,0.6490684963614604,7,294.0,0.09304737222487953,2,40.0,0.39477141008468564,11,353.0
1615.0,19,617.0,10.114754098360656,5.665660016523716,0,0.0,1.0,2,29.0,0.5107410504267068,8,336.0,0.19099614754710487,2,50.0,0.34758542072680815,12,415.0
1620.0,12,307.0,5.293103448275862,5.778515785534985,0,0.0,1.0,3,42.0,0.2885366841009532,5,244.0,0.25876427256415574,2,60.0,0.38809131909643335,10,346.0
1625.0,8,237.0,4.3090909090909095,6.615416864285816,0,0.0,1.0,1,33.0,0.4095418087272848,4,136.0,0.3247842326734443,3,74.0,0.42593296500675626,8,243.0
1630.0,10,284.0,5.461538461538462,6.721029512915489,0,0.0,1.0,2,40.0,0.48299929624538424,4,156.0,0.3250544591537517,4,91.0,0.30245183009073634,10,287.0
1635.0,10,334.0,6.423076923076923,6.659074475174733,0,0.0,1.0,2,50.0,0.4017601663718231,4,179.0,0.3449264815988991,4,111.0,0.15841764427986546,10,340.0
1640.0,12,390.0,7.959183673469388,5.655197340471117,0,0.0,0.058735629555727434,2,60.0,0.4292401909491857,5,240.0,0.3302381775936283,5,136.0,0.15304985713571945,12,436.0
1645.0,16,416.0,8.666666666666666,5.497667317576433,1,3.0,5.6273428924470745e-05,2,22.0,0.5628070769992263,6,267.0,0.2120552211809328,5,161.0,0.1414089835893364,14,453.0
1650.0,17,500.0,10.416666666666666,5.8113438044605195,1,8.0,0.0,2,32.0,0.5784552739757067,7,304.0,0.29152732161577355,5,186.0,0.1240255895829204,15,530.0
1655.0,16,570.0,11.875,5.546860260572129,1,13.0,0.0,2,52.0,0.35389865526787156,7,362.0,0.3382253361084651,5,211.0,0.14065235603727516,15,638.0
1660.0,20,646.0,12.423076923076923,4.859268052990218,1,18.0,0.0,4,70.0,0.25165123140885853,8,397.0,0.1716344971709831,6,239.0,0.1870526251139222,19,724.0
1665.0,20,603.0,11.823529411764707,4.580562243783199,1,23.0,0.0,5,106.0,0.269190755314438,6,307.0,0.17940740890664197,6,269.0,0.19359016246763872,18,705.0
1670.0,16,640.0,12.075471698113208,5.215215998316274,0,6.0,0.5606616800394635,6,144.0,0.2048270526825841,4,306.0,0.28305719579312977,6,299.0,0.2055165085861356,16,755.0
1675.0,18,723.0,13.38888888888889,5.21901593213156,0,0.0,0.5910267744508114,7,177.0,0.22675840901165306,4,317.0,0.17569718805792833,7,329.0,0.1941423911133713,18,823.0
1680.0,14,507.0,9.053571428571429,5.83100652741937,0,0.0,1.0,7,212.0,0.2349408055211034,6,339.0,1.7779400447255004e-06,1,135.0,0.3196129588630655,14,686.0
1685.0,10,394.0,6.912280701754386,6.229703798498574,0,0.0,1.0,4,191.0,0.254703182335439,4,292.0,0.17271796138834603,0,52.0,0.5985580135253745,8,535.0
1690.0,9,424.0,8.0,6.650634971038647,0,0.0,1.0,4,172.0,0.20675011122406498,5,258.0,0.13406549885411617,0,0.0,0.9413886394958271,9,430.0
1695.0,12,481.0,9.075471698113208,6.63410213863933,0,0.0,1.0,5,197.0,0.2369102725247127,7,290.0,0.06306699476475058,0,0.0,0.9922455453839822,12,487.0
1700.0,15,549.0,10.764705882352942,5.7778076254361075,0,0.0,1.0,5,222.0,0.09841467633957159,9,332.0,0.004325588329622247,0,0.0,0.9449431929579527,14,554.0
1705.0,5,301.0,5.901960784313726,5.917397034860805,0,0.0,1.0,0,61.0,0.25710215410613724,5,328.0,0.18672654145829132,0,0.0,0.6620281455441074,5,389.0
1710.0,3,307.0,6.673913043478261,7.1266415281915085,0,0.0,1.0,0,9.0,0.6469293415300682,3,316.0,0.3729737265022765,0,0.0,0.9640360281155302,3,325.0
1715.0,3,322.0,7.0,8.401945328959542,0,0.0,1.0,0,9.0,0.8667304403592112,3,331.0,0.5745122912421913,0,0.0,0.9483837226992043,3,340.0
1720.0,3,337.0,6.877551020408164,8.89859149627943,0,0.0,1.0,0,9.0,0.9290341391326195,3,346.0,0.6884666090218657,0,0.0,0.9361905767922133,3,355.0
1725.0,5,357.0,7.595744680851064,8.359297258078392,0,0.0,1.0,2,11.0,0.789748829223512,3,355.0,0.6711642950708482,0,0.0,0.936649594540124,5,366.0
1730.0,3,69.0,1.3529411764705883,8.316971128535943,0,0.0,1.0,2,21.0,0.7892142003706524,1,199.0,0.7575762207207694,0,0.0,0.956291841126444,3,220.0
1735.0,2,25.0,0.5102040816326531,8.715418890826324,0,0.0,1.0,2,31.0,0.7608588111346392,0,3.0,0.95251238526355,0,0.0,0.5113478453368928,2,34.0
1740.0,3,40.0,0.8163265306122449,8.859516449305099,0,0.0,1.0,2,38.0,0.7679064916215029,0,3.0,0.8177331406352337,1,5.0,0.4929316197388399,3,46.0
1745.0,9,76.0,1.52,7.083828280438361,0,0.0,1.0,5,56.0,0.3801955617151476,1,8.0,0.5164237351601577,1,10.0,0.4787805211633605,7,74.0
1750.0,12,131.0,2.519230769230769,5.752214416677053,0,0.0,1.0,6,84.0,0.32045943128215876,3,20.0,0.1945355339158582,1,15.0,0.6075912439482992,10,119.0
1755.0,18,209.0,4.098039215686274,4.343095914692812,0,0.0,1.0,7,117.0,0.1865449153035077,5,42.0,0.13157636656015448,2,22.0,0.3126404832249179,14,181.0
1760.0,24,320.0,6.153846153846154,4.37659328806646,0,0.0,1.0,9,160.0,0.16496351315764357,6,68.0,0.016902842522038164,2,32.0,0.30980787134566606,17,260.0
1765.0,26,444.0,8.377358490566039,3.9940399230797197,0,0.0,1.0,10,207.0,0.21904952395321786,7,100.0,0.0030189723403958916,2,42.0,0.4796568086874217,19,349.0
1770.0,27,562.0,10.218181818181819,3.3556354088847034,0,0.0,1.0,10,257.0,0.07966733402157901,8,138.0,0.0006286216492639907,2,52.0,0.4841498087393248,20,447.0
1775.0,28,684.0,12.90566037735849,3.4141504632794555,0,0.0,1.0,12,317.0,0.07607799183926839,8,178.0,0.00013224367459922356,2,62.0,0.29120643973459825,22,557.0
1780.0,23,668.0,12.37037037037037,3.4671907126992974,0,0.0,1.0,12,377.0,0.07226487461026712,8,218.0,5.47270526632511e-05,2,72.0,0.2322365837459643,22,667.0
1785.0,23,771.0,13.293103448275861,3.7638900871216143,0,0.0,1.0,12,437.0,0.023668306068402138,8,258.0,5.343601883183195e-06,3,84.0,0.33730469553267267,23,779.0
1790.0,21,791.0,14.125,4.051783856776242,0,0.0,1.0,13,501.0,0.12561447484772206,8,298.0,1.360173693067163e-06,0,6.0,0.5110089810258217,21,805.0
1795.0,21,896.0,16.0,4.6128707969417615,0,0.0,1.0,13,566.0,0.1754245533821454,8,344.0,0.15673419034411687,0,0.0,0.9333093306520692,21,910.0
1800.0,24,1007.0,17.06779661016949,4.462389485489529,0,0.0,1.0,13,631.0,0.06471921828492785,11,390.0,0.034970481341627106,0,0.0,0.9554597215068311,24,1021.0
1805.0,22,907.0,14.868852459016393,4.865494297406447,0,0.0,1.0,11,537.0,0.08390405015553552,11,445.0,0.005042781347119668,0,0.0,0.9470642599554596,22,982.0
1810.0,13,621.0,10.35,5.262658614799152,0,0.0,1.0,10,523.0,0.06026546174971296,2,258.0,0.01370857405130488,1,2.0,0.5135746958453522,13,783.0
1815.0,12,579.0,9.65,6.4006318435879646,0,9.0,0.6208338734248413,10,579.0,0.152358207489838,0,114.0,0.5910519246929338,2,10.0,0.32541691760130903,12,712.0
1820.0,15,644.0,10.557377049180328,6.191618491073952,1,10.0,0.24800452746302135,11,635.0,0.2967529410985865,1,13.0,0.3365903524631391,2,20.0,0.25813246063022227,15,678.0
1825.0,19,735.0,11.85483870967742,5.63277783529349,3,25.0,0.047438140462788096,11,695.0,0.3266344444017559,2,23.0,0.4229782297144869,3,31.0,0.12861420537192664,19,774.0
1830.0,11,169.0,2.7704918032786887,5.872885403016771,4,41.0,0.01133789048900807,1,316.0,0.5331998114370757,3,36.0,0.31171498660281954,3,46.0,0.20495011283322095,11,439.0
1835.0,10,105.0,1.721311475409836,6.501045239377425,6,70.0,0.0027047500463525252,0,99.0,0.7853532515923141,4,56.0,0.3040873307749849,0,0.0,0.9453080203236687,10,225.0
1840.0,13,166.0,2.6774193548387095,6.7592521441247495,7,105.0,0.0005237187336090851,1,19.0,0.7890178879591814,5,95.0,0.38949239753163134,0,0.0,0.9850096700170333,13,219.0
1845.0,18,242.0,3.8412698412698414,6.1575461231945665,7,140.0,0.00012697988414849185,3,18.0,0.467891042200738,8,128.0,0.41726302164937623,0,0.0,0.9537523261663003,18,286.0
1850.0,18,323.0,4.969230769230769,6.157938038789151,7,175.0,3.8482165807559125e-05,4,34.0,0.44722853976831245,7,158.0,0.42888150552329946,0,0.0,0.9324130718906741,18,367.0
1855.0,23,426.0,6.264705882352941,6.037470693604449,7,213.0,0.00613941589897109,6,57.0,0.3209843861446158,10,203.0,0.36417810781844145,0,0.0,0.9993511305112572,23,473.0
1860.0,25,548.0,8.303030303030303,5.6554984728920905,8,253.0,7.369597226027772e-06,7,89.0,0.2156935752257385,10,253.0,0.36206296780919967,0,0.0,0.5571951066404192,25,595.0
1865.0,26,678.0,10.59375,5.3349725800759655,8,293.0,0.0,7,124.0,0.2746672025722966,10,303.0,0.2931482024210283,1,5.0,0.4831910717488176,26,725.0
1870.0,22,639.0,10.306451612903226,4.293198985083062,8,333.0,0.0,5,131.0,0.18188307206476517,8,268.0,0.1011230865101908,1,10.0,0.4844159792650509,22,742.0
1875.0,22,628.0,9.661538461538461,4.646022085326149,8,373.0,0.0,6,159.0,0.3590221829354077,5,204.0,0.08205642482303448,1,15.0,0.6229316032929737,20,751.0
1880.0,27,754.0,11.6,5.279997611475061,8,413.0,0.012959463242527704,6,189.0,0.3937717122197668,8,169.0,0.09098095882429863,1,20.0,0.3353781734608254,23,791.0
1885.0,33,908.0,13.96923076923077,4.371232827099823,9,456.0,1.5543749174225552e-05,7,222.0,0.33694358442544825,10,216.0,0.16647560300394681,2,29.0,0.32116141240343316,28,923.0
1890.0,37,1085.0,16.692307692307693,4.022961345499584,9,501.0,0.0,8,260.0,0.2895447915566628,10,266.0,0.15937842024232393,2,39.0,0.3218889995521583,29,1066.0
1895.0,29,1059.0,15.805970149253731,3.7831774170315144,9,546.0,0.0,9,305.0,0.2242938990698613,3,114.0,0.2814917129370788,2,49.0,0.16345026169431104,23,1014.0
1900.0,29,1179.0,17.863636363636363,3.9125316016056724,9,594.0,0.045472520465458785,10,361.0,0.21197667949080037,2,99.0,0.3498743158695004,3,64.0,0.17200374651200223,24,1118.0
1905.0,24,1117.0,17.453125,4.163870350963219,9,642.0,0.008193519735940409,12,421.0,0.2833462923524305,3,109.0,0.2121264208747231,0,0.0,0.999777976360114,24,1172.0
1910.0,28,1246.0,18.87878787878788,3.6129081097229476,11,689.0,0.0027110013918393255,13,484.0,0.22246049173246937,4,137.0,0.24232610685011954,0,0.0,0.9679523891395792,28,1310.0
1915.0,34,1397.0,20.850746268656717,3.5467937962769733,12,745.0,0.0007571155121077179,15,555.0,0.20515734896901788,7,161.0,0.018196091323868856,0,0.0,0.954827395714153,34,1461.0
1920.0,37,1579.0,24.29230769230769,3.8089887902853534,12,805.0,0.0003108975442276769,16,649.0,0.22909844490765904,9,205.0,0.05021144471943589,0,0.0,0.9442976235281877,37,1659.0
1925.0,32,1168.0,17.96923076923077,3.8533747640678566,6,537.0,0.009920068372719712,16,729.0,0.19464174173132462,10,255.0,0.007288074120060553,0,0.0,0.9558496101589926,32,1521.0
1930.0,29,1058.0,15.333333333333334,3.9122906596112,0,264.0,0.1061683691662011,18,812.0,0.12453655376476361,10,305.0,0.0011460450039823622,0,0.0,0.9692466623540917,28,1381.0
1935.0,23,901.0,13.25,4.380029792952459,0,36.0,0.3265044549418318,20,904.0,0.07226102111130685,1,118.0,0.1795174303049414,0,0.0,0.9546313824960173,21,1058.0
1940.0,23,974.0,14.115942028985508,5.138105505689037,0,6.0,0.7700499596439013,21,1008.0,0.12177435181878907,0,15.0,0.556882479604012,1,2.0,0.4958851068834553,22,1031.0
1945.0,26,1089.0,15.557142857142857,5.1662273459640655,0,6.0,0.24950811151823302,23,1119.0,0.15494040023102595,0,0.0,0.1456878397435142,1,7.0,0.47650396872054557,24,1132.0
1950.0,30,1230.0,17.323943661971832,5.050112260418125,3,20.0,0.03482694134381218,23,1240.0,0.19856722822475317,1,4.0,0.00014487824526810802,0,0.0,0.951034684184873,27,1264.0
1955.0,29,931.0,13.492753623188406,4.326582924849046,5,37.0,0.002907699379817629,20,1111.0,0.1725068461214125,0,3.0,0.319045395042225,0,0.0,0.9631694399834454,25,1151.0
1960.0,20,441.0,7.112903225806452,5.1670875508611465,5,61.0,0.0007692158574251993,11,782.0,0.29963903764966676,2,10.0,0.0006163777255450474,0,0.0,0.9689796143156317,18,853.0
1965.0,19,490.0,8.032786885245901,5.786993844933681,5,86.0,0.0003987012696913041,9,582.0,0.34054188723765666,2,48.0,0.5086791592514938,0,0.0,0.916323334566466,16,716.0
1970.0,20,587.0,10.298245614035087,5.027794086814357,5,111.0,5.3809739310490614e-05,9,435.0,0.20948537524067898,2,33.0,0.5813562408820447,0,0.0,0.9465861721609089,16,579.0
1975.0,16,238.0,4.033898305084746,4.361230854409406,5,136.0,6.661601831381918e-06,3,469.0,0.12779112776660317,2,43.0,0.6153162209118365,1,2.0,0.34552561641819984,11,650.0
1980.0,16,312.0,5.379310344827586,4.235321559382094,5,161.0,2.9152104545694104e-06,2,137.0,0.1774095384602361,2,53.0,0.6840641291350366,2,12.0,0.327003077972807,11,363.0
1985.0,14,319.0,5.316666666666666,5.270691321774872,5,186.0,0.0,2,26.0,0.4822979713291375,2,63.0,0.6691667883848798,2,22.0,0.19668106484641462,11,297.0
1990.0,14,363.0,6.05,5.825431400217623,5,211.0,0.0,2,28.0,0.4801898264936388,2,76.0,0.7704541897672065,0,14.0,0.37630593166994336,9,329.0
1995.0,10,287.0,5.035087719298246,6.944959700581152,5,236.0,0.0,2,41.0,0.5557697430226121,0,10.0,0.863238443681117,0,0.0,0.9370019867597522,7,287.0
2000.0,8,304.0,5.241379310344827,7.218561030625495,5,261.0,0.0,3,56.0,0.4839735340728051,0,6.0,0.8961116318709745,0,0.0,0.9910560323647721,8,323.0
2005.0,7,282.0,5.035714285714286,6.975714485496608,5,286.0,0.09604832980733728,2,38.0,0.5384992880034727,0,6.0,0.8827569639682875,0,0.0,0.9532261515696158,7,330.0
2010.0,7,311.0,5.867924528301887,7.525830793352623,6,312.0,0.00019324164226073554,1,12.0,0.8155482980824728,0,6.0,0.8590960988939792,0,0.0,0.7621600051789059,7,330.0
2015.0,11,354.0,7.08,6.935501008728564,6,342.0,0.0,1,14.0,0.8241553858129789,1,8.0,0.6852387273935779,1,4.0,0.47177126830264393,9,368.0
2020.0,12,406.0,8.12,6.250479687790813,6,372.0,0.0,1,19.0,0.8027699103858875,4,23.0,0.2686966027360804,1,9.0,0.6396367663631223,12,423.0
2025.0,14,468.0,9.0,5.578129665907292,6,402.0,0.0,2,25.0,0.7405572365949327,4,43.0,0.1343449880394545,2,15.0,0.31983890337918575,14,485.0
2030.0,18,543.0,10.245283018867925,5.485024372569736,6,432.0,0.0,4,37.0,0.5584730401430783,6,78.0,0.20424030085021974,2,25.0,0.4740464611755585,18,572.0
2035.0,22,640.0,11.851851851851851,4.935127323803444,6,462.0,0.0,6,86.0,0.2612237098702333,8,114.0,0.10864813831106705,2,35.0,0.46708106413441397,22,697.0
2040.0,23,746.0,13.563636363636364,5.081849670126864,6,492.0,0.0,6,138.0,0.31222877249437364,9,156.0,0.20076322403184854,2,45.0,0.37164890186867083,23,831.0
2045.0,21,357.0,6.2631578947368425,5.060828149743968,0,214.0,0.04350063905810312,8,171.0,0.24097638123623144,10,204.0,0.1027454447282251,3,60.0,0.380119586526852,21,649.0
2050.0,23,466.0,8.175438596491228,5.344433653286187,0,0.0,1.0,9,186.0,0.16761070111999765,11,257.0,0.10700707649201685,3,75.0,0.19992605063944363,23,518.0
2055.0,18,378.0,6.3,5.528887041632124,0,0.0,1.0,9,231.0,0.15699425606628822,5,177.0,0.2672485346730744,4,95.0,0.1659936683791768,18,503.0
2060.0,17,437.0,7.163934426229508,5.66889961766194,0,3.0,0.5498643195471813,10,281.0,0.15313507970221174,3,142.0,0.2971662159726859,4,115.0,0.12308751136333944,17,541.0
2065.0,13,278.0,4.633333333333334,5.524864054010323,0,6.0,0.3845512485596184,3,97.0,0.21615597854287844,6,107.0,0.14124428524547683,4,135.0,0.14913535805983286,13,345.0
2070.0,19,366.0,5.903225806451613,5.370116681862048,3,20.0,0.0708241542174075,4,93.0,0.19843859148144738,6,137.0,0.0015432119820294927,5,159.0,0.16225350108061934,18,409.0
2075.0,14,274.0,4.6440677966101696,5.802165300507749,3,35.0,0.044935751301987965,4,113.0,0.39098967162528186,7,181.0,0.3469239164399898,0,32.0,0.42840184597974523,14,361.0
2080.0,16,280.0,4.745762711864407,6.003289105375675,7,64.0,0.003627840859728848,4,133.0,0.41644973602552,5,163.0,0.4418557614480002,0,0.0,0.6613826589194323,16,360.0
2085.0,19,366.0,6.1,5.553039545092777,8,103.0,0.0007055644818415967,4,153.0,0.15513480745351077,7,176.0,0.3407072704837371,0,0.0,0.9911218984203652,19,432.0
2090.0,23,481.0,7.634920634920635,5.644122838862851,8,143.0,0.00010486619956765088,6,183.0,0.23898372063260231,9,215.0,0.3018750518568215,0,0.0,0.9416719257813149,23,541.0
2095.0,24,597.0,9.78688524590164,5.271740334933961,8,183.0,2.3994155318325785e-05,6,213.0,0.13421000953427606,10,261.0,0.336149235602834,0,0.0,0.8724209594716903,24,657.0
2100.0,26,724.0,12.066666666666666,4.651158366626924,8,223.0,2.976339326981373e-06,6,243.0,0.2923521031138879,11,315.0,0.30298371728081597,1,3.0,0.49030064235617316,26,784.0
2105.0,15,367.0,6.016393442622951,4.4052012176850806,2,135.0,0.015262274670703142,2,126.0,0.36443478287760034,6,293.0,0.26280528123209357,1,8.0,0.4835574078050452,11,562.0
2110.0,10,318.0,4.96875,6.242183813500619,0,54.0,0.3540959225388711,0,3.0,0.6370248829983179,5,289.0,0.3091889949569779,1,13.0,0.6426010356022527,6,359.0
2115.0,11,369.0,5.857142857142857,7.114561227628879,0,2.0,0.6502891725394447,0,9.0,0.7449005583425196,5,305.0,0.1598870013190613,2,19.0,0.48804709883800884,7,335.0
2120.0,14,439.0,7.19672131147541,6.865275244261048,0,0.0,1.0,1,14.0,0.8402727935952787,5,330.0,0.35634291431461185,2,11.0,0.46336095420629597,8,355.0
2125.0,17,515.0,8.174603174603174,6.15018511455917,0,0.0,1.0,2,19.0,0.6862550231557037,5,355.0,0.3298391074735416,2,21.0,0.4585883341254031,9,395.0
2130.0,15,348.0,5.523809523809524,6.058266922415713,0,0.0,0.019397571058187336,3,29.0,0.6216185362941983,4,279.0,0.3547541319026764,2,31.0,0.44273666967310027,9,339.0
2135.0,14,185.0,3.0833333333333335,6.945242938188209,1,5.0,0.0,3,54.0,0.665376266390753,0,138.0,0.5965720734789627,3,44.0,0.3546547187801587,7,241.0
2140.0,18,229.0,4.2407407407407405,6.300909413180536,1,10.0,0.0,6,64.0,0.3456439827177537,0,7.0,0.8840498846974943,4,61.0,0.19002915000559506,11,142.0
2145.0,15,227.0,4.203703703703703,5.903624637386282,1,15.0,0.0,8,100.0,0.2373600716926577,0,0.0,0.8295184559566051,4,81.0,0.19717527431892287,13,196.0
2150.0,16,278.0,5.346153846153846,5.461002317613571,1,20.0,0.0,8,140.0,0.21111980075661768,0,0.0,0.9265417413041234,4,101.0,0.13542549999308065,13,261.0
2155.0,11,180.0,3.5294117647058822,5.53850020017708,0,0.0,1.0,10,188.0,0.1544786109824764,0,0.0,0.9218144290868437,0,16.0,0.3535740704617109,10,204.0
2160.0,11,230.0,4.6938775510204085,6.296414176813407,0,0.0,1.0,11,239.0,0.14486240603218944,0,9.0,0.5437324691105695,0,0.0,0.9720726225695433,11,248.0
2165.0,8,96.0,1.8823529411764706,5.347767613574928,0,0.0,1.0,3,119.0,0.08077880433565574,3,12.0,0.06753146341787487,0,0.0,0.9610656755181293,6,131.0
2170.0,12,150.0,2.9411764705882355,5.953713800116589,0,0.0,1.0,3,103.0,0.19285158911294503,4,31.0,0.17047309147191259,0,0.0,0.958296700832802,7,134.0
2175.0,13,176.0,3.450980392156863,6.10541084413193,0,0.0,1.0,4,118.0,0.19708629859332788,5,59.0,0.36480338838101084,1,1.0,0.48009462347596266,10,178.0
2180.0,10,209.0,4.019230769230769,7.006191427500126,0,0.0,1.0,3,133.0,0.41900308281965265,5,84.0,0.42282705363482825,1,6.0,0.5710988704654,9,223.0
2185.0,9,253.0,4.685185185185185,6.977237217366339,0,0.0,1.0,3,148.0,0.37995335501764554,5,109.0,0.424406178618425,1,11.0,0.33743736434386323,9,268.0
2190.0,12,308.0,5.6,7.237428855769729,0,0.0,1.0,5,168.0,0.22922971273747503,5,156.0,0.5226632687532589,2,21.0,0.3191563892691527,12,345.0
2195.0,7,224.0,4.3076923076923075,7.420906730966326,0,0.0,1.0,5,203.0,0.3337243565358584,0,52.0,0.6947111259037514,2,31.0,0.31829624405649354,7,286.0
2200.0,9,262.0,5.038461538461538,7.025020575813455,0,0.0,0.9542759012778138,5,231.0,0.24449423872425782,0,16.0,0.8612638341664719,2,41.0,0.09263739074421745,7,288.0
2205.0,14,312.0,5.886792452830188,6.773624510523207,0,0.0,0.9618074668206099,6,252.0,0.4067837495638145,2,46.0,0.4935592791783672,3,56.0,0.24084556503361285,11,354.0
2210.0,16,387.0,7.30188679245283,6.260927399299784,0,0.0,0.9475365590571387,6,282.0,0.43757993979957827,3,60.0,0.033655567489728165,3,71.0,0.38456471584662977,12,413.0
2215.0,14,410.0,7.321428571428571,6.7098217297880085,0,0.0,1.0,6,312.0,0.49772603057446074,3,69.0,0.3420047584213038,3,86.0,0.43869579557614785,12,467.0
2220.0,14,474.0,8.31578947368421,6.862355233854185,0,0.0,1.0,6,345.0,0.5359138057430979,2,62.0,0.643837027290524,3,101.0,0.4764522966962907,11,508.0
2225.0,7,213.0,3.8035714285714284,7.387954513851246,0,0.0,0.9664682791626991,2,188.0,0.6255119631719052,2,42.0,0.5697075768102479,3,116.0,0.3859798827809812,7,346.0
2230.0,6,179.0,3.2545454545454544,7.868551928045193,0,0.0,1.0,0,13.0,0.5657546934766664,2,52.0,0.5683864391480513,4,132.0,0.368941879694895,6,197.0
2235.0,10,172.0,2.9655172413793105,7.52639111856522,0,0.0,1.0,3,24.0,0.5378424431942291,0,31.0,0.780251745296877,5,154.0,0.31721611687775536,8,209.0
2240.0,9,206.0,3.4915254237288136,7.884464102381624,0,0.0,1.0,4,40.0,0.4210432823873583,0,8.0,0.841161912745663,5,179.0,0.28203760536940065,9,227.0
2245.0,14,264.0,4.888888888888889,6.9875451838365334,0,0.0,1.0,5,64.0,0.3364456534641116,2,12.0,0.6161790043082368,5,204.0,0.2725963871811597,12,280.0
2250.0,16,327.0,6.169811320754717,5.643586057618393,0,0.0,1.0,7,93.0,0.20359388420094937,2,22.0,0.40841878865048764,7,234.0,0.11359785921401706,16,349.0
2255.0,17,410.0,7.321428571428571,5.4547177546526555,0,0.0,1.0,7,128.0,0.11505255849402996,2,32.0,0.43156778003492047,8,272.0,0.13756303407193998,17,432.0
2260.0,15,230.0,4.181818181818182,5.355054696510317,0,0.0,1.0,9,171.0,0.09552085216889333,3,44.0,0.15388410744951414,3,89.0,0.1831271607298736,15,304.0
2265.0,6,77.0,1.4,5.578932289970737,0,0.0,1.0,1,67.0,0.22874015690383764,5,74.0,0.2006140777979804,0,26.0,0.5355905845047223,6,167.0
2270.0,10,94.0,1.8076923076923077,6.119988050214138,0,0.0,1.0,0,0.0,0.8448142708044939,9,105.0,0.08723185412266886,0,11.0,0.6893349979825983,9,116.0
2275.0,2,11.0,0.22,6.29421423080281,0,0.0,1.0,0,0.0,0.883571672672392,0,34.0,0.3187727410381791,1,14.0,0.6349246469913902,1,48.0
2280.0,5,28.0,0.5384615384615384,7.368325853473897,0,6.0,0.6615077735122175,0,6.0,0.7747256061660355,0,6.0,0.6232253746490687,0,0.0,0.9661479984587805,0,18.0
2285.0,9,60.0,1.1538461538461537,6.710558759659567,3,13.0,0.09070243790630941,0,9.0,0.785926626317168,0,6.0,0.8489795237695488,0,0.0,0.9373449135470103,3,28.0
2290.0,14,123.0,2.1964285714285716,6.7361670404283345,4,33.0,0.005449847891671817,2,14.0,0.7197548955942984,0,6.0,0.9755860920809032,0,0.0,0.9643564768361685,6,53.0
2295.0,17,205.0,4.183673469387755,5.8337094418706945,4,54.0,0.002026581150333051,2,24.0,0.7448012445254327,0,6.0,0.951097870403335,1,3.0,0.4684441526174231,7,87.0
2300.0,16,238.0,4.958333333333333,5.78598758324791,5,79.0,0.00043962990706627146,2,28.0,0.7708698402465965,0,6.0,0.969360918032127,1,8.0,0.4701027369853209,8,121.0
2305.0,20,329.0,6.58,4.994111733649224,5,104.0,3.790456969479078e-05,2,38.0,0.7497120028917728,2,10.0,0.2405912254614137,1,13.0,0.6385958064319119,10,165.0
2310.0,23,421.0,8.591836734693878,3.9696789860489243,5,129.0,7.401538698585165e-06,1,25.0,0.6723959034484204,3,25.0,4.330188046242711e-06,1,18.0,0.6240951054875403,10,197.0
2315.0,22,502.0,10.244897959183673,3.894811600137675,5,154.0,3.359613201072151e-06,1,48.0,0.5648502646766541,0,0.0,1.0,2,24.0,0.3145159140943171,8,226.0
2320.0,21,604.0,12.326530612244898,4.930486687770298,5,182.0,0.10872771864910151,1,53.0,0.7317944922146319,0,3.0,0.9399469633887239,2,34.0,0.32268513536867066,8,272.0
2325.0,19,667.0,12.351851851851851,4.815404035447052,5,213.0,0.024604157522526024,1,37.0,0.516084038360229,0,3.0,0.947530208720742,2,44.0,0.28721433804140184,8,297.0
2330.0,21,728.0,13.236363636363636,4.936492429389055,6,239.0,0.005085595837558762,1,5.0,0.6486088399953432,0,3.0,0.9630232585376267,3,56.0,0.18758428379077816,10,303.0
2335.0,19,567.0,10.903846153846153,5.22632364067283,8,278.0,0.0007750278186280076,1,10.0,0.6292529839219395,0,6.0,0.942257026675245,3,71.0,0.3834008078161152,12,365.0
2340.0,5,72.0,1.5319148936170213,5.694161924254485,2,130.0,0.029908307097970273,1,15.0,0.39770126324657273,0,6.0,0.9212673800149256,0,0.0,0.9690567211634918,3,151.0
2345.0,4,30.0,0.625,6.335301758149979,0,23.0,0.23291454858658175,3,57.0,0.267889116807031,1,16.0,0.6253624099969809,0,0.0,0.9330289902796571,4,96.0
2350.0,11,67.0,1.3673469387755102,6.033026259674346,0,0.0,1.0,4,75.0,0.3173364971320654,7,35.0,0.20492919451380703,0,0.0,0.945203262664387,11,110.0
2355.0,12,101.0,2.02,5.718199517844872,0,0.0,1.0,3,39.0,0.23238539131651498,8,125.0,0.21848075355438876,0,0.0,0.8584227124587143,11,164.0
2360.0,10,130.0,2.4074074074074074,6.201430510280153,0,0.0,1.0,3,66.0,0.5327011896573873,7,151.0,0.04258973088169137,0,0.0,0.9658592588838032,10,217.0
2365.0,12,186.0,3.576923076923077,6.545619205729029,0,0.0,1.0,3,81.0,0.5141931311879732,9,231.0,0.13854110636866512,0,0.0,0.5004504274558218,12,312.0
2370.0,18,260.0,5.2,5.586400789085235,0,0.0,1.0,4,85.0,0.32562004805081507,13,324.0,0.19023356433296576,1,4.0,0.4880139959882282,18,413.0
2375.0,16,252.0,5.25,5.158417763636636,0,0.0,1.0,1,29.0,0.2654948433659154,14,392.0,0.17040324176402696,1,9.0,0.47897662022074333,16,430.0
2380.0,18,332.0,6.916666666666667,5.625318739395581,0,0.0,1.0,1,5.0,0.4443973207293361,14,462.0,0.16845050901215744,1,14.0,0.40487010574443466,16,481.0
2385.0,17,410.0,8.2,5.9376731139427354,0,0.0,1.0,2,12.0,0.4914627326112897,14,532.0,0.15141419614571022,1,19.0,0.3906030558899713,17,563.0
2390.0,18,499.0,10.183673469387756,6.16760941025757,0,0.0,1.0,2,25.0,0.5271747263023444,14,602.0,0.14819121742942087,2,28.0,0.4952404554017981,18,655.0
2395.0,20,590.0,11.132075471698114,5.823017196214452,0,0.0,1.0,3,35.0,0.33743803927564736,15,673.0,0.07642164467608079,2,38.0,0.4851457685188342,20,746.0
2400.0,19,631.0,12.372549019607844,5.074422250289456,0,0.0,1.0,2,19.0,0.30801765288318234,16,751.0,0.09809142549926844,1,14.0,0.6851585611249752,19,784.0
2405.0,21,730.0,14.313725490196079,4.7592435983073385,0,0.0,1.0,2,29.0,0.6381933439271766,16,835.0,0.14713744713840798,1,19.0,0.5208942360298506,19,883.0
2410.0,22,818.0,15.73076923076923,4.670226985579767,0,0.0,1.0,2,39.0,0.6523834620617298,18,922.0,0.09955723766326505,0,1.0,0.7266393748242009,20,962.0
2415.0,14,415.0,7.545454545454546,4.697835703685174,0,0.0,1.0,3,50.0,0.3741261431179267,8,606.0,0.1388524885653144,1,2.0,0.6838957620858892,12,658.0
2420.0,14,424.0,7.43859649122807,5.42814011146853,0,9.0,0.5343188132544171,5,77.0,0.2639784103200211,6,515.0,0.27505283290491983,1,7.0,0.7108297375199035,12,608.0
2425.0,18,500.0,8.620689655172415,5.2917569185496465,2,12.0,0.18203772303113122,5,105.0,0.4567730352837869,6,483.0,0.3034819344287617,2,14.0,0.5524927897115053,15,614.0
2430.0,17,563.0,9.87719298245614,5.39989114537819,3,27.0,0.07465565836187085,5,132.0,0.5499816878695746,6,513.0,0.3213441899049315,2,24.0,0.48740979419863584,16,696.0
2435.0,21,657.0,11.135593220338983,5.652356196557363,5,44.0,0.013223042465714333,6,162.0,0.5457814704960988,6,543.0,0.23337871729942578,3,36.0,0.4498272670429347,20,785.0
2440.0,17,648.0,10.62295081967213,5.5296236409497155,5,69.0,0.0032034007951961085,4,143.0,0.5337419268079946,6,573.0,0.12932793763177508,0,6.0,0.6745164943124001,15,791.0
2445.0,14,657.0,10.95,5.896658379082778,0,23.0,0.03953493088014287,4,140.0,0.6269845304055394,7,613.0,0.20757017815386028,0,0.0,0.9494868310262159,11,776.0
2450.0,19,740.0,12.333333333333334,5.274029852869456,0,0.0,1.0,6,159.0,0.4015732253233525,10,659.0,0.07783413870416177,0,0.0,0.9536438800288487,16,818.0
2455.0,17,558.0,9.147540983606557,4.93930523300918,0,0.0,1.0,7,190.0,0.14268837769885215,8,597.0,0.05574228407269674,0,0.0,0.9741335210009571,15,787.0
2460.0,11,266.0,4.433333333333334,5.769703238459652,0,3.0,0.9405355484478939,8,227.0,0.08106533680260503,3,328.0,0.109823098453675,0,0.0,0.952162947695475,11,558.0
2465.0,15,328.0,5.559322033898305,6.3067122123053725,1,4.0,0.45053375265430057,10,272.0,0.12434394091650236,3,119.0,0.25780514249753095,0,0.0,0.9844359588458813,14,395.0
2470.0,17,409.0,6.704918032786885,5.3433070840288,1,9.0,0.20264763821011875,12,332.0,0.12305730991190397,4,70.0,0.1974952070992741,0,0.0,0.49209378195913267,17,411.0
2475.0,26,529.0,8.816666666666666,4.601082622959,3,23.0,3.6318708870481554e-05,12,392.0,0.10587048308093269,4,90.0,0.18788188300916941,1,5.0,0.4989651490363143,20,510.0
2480.0,17,276.0,4.842105263157895,4.418767197723031,3,38.0,0.0,2,135.0,0.20833169358730128,4,110.0,0.17999193892390145,0,0.0,0.974568579429749,9,283.0
2485.0,9,198.0,3.473684210526316,5.589112101581721,0,13.0,0.05350371943015227,0,17.0,0.7338636570373527,4,133.0,0.07031654327799698,0,0.0,0.9755009801579242,4,163.0
2490.0,8,196.0,3.3793103448275863,6.842572093779005,0,0.0,1.0,0,21.0,0.9190968434423707,5,167.0,0.3261627123692376,0,0.0,0.9402494446379286,5,188.0
2495.0,5,187.0,3.2241379310344827,7.461950434640994,0,0.0,1.0,0,21.0,0.9835223097170583,5,192.0,0.46058901262646224,0,0.0,0.9789348492843326,5,213.0
2500.0,8,220.0,3.7288135593220337,7.178707372668163,0,0.0,1.0,1,1.0,0.5659203288185909,7,244.0,0.48386300188131953,0,0.0,0.9927322130475779,8,245.0
2505.0,10,264.0,4.327868852459017,7.375402498639809,0,0.0,1.0,3,10.0,0.2131486143212185,7,259.0,0.45157188795271874,0,0.0,0.9451605760868533,10,269.0
2510.0,10,314.0,5.607142857142857,7.268136843807654,0,0.0,1.0,3,25.0,0.35460841717873776,7,314.0,0.5149832829261998,0,0.0,0.9958257743777619,10,339.0
2515.0,9,334.0,6.072727272727272,6.71414466981119,0,0.0,1.0,3,40.0,0.5297589233689244,6,299.0,0.3659191371046007,0,0.0,0.9655944771102298,9,339.0
2520.0,14,393.0,7.5576923076923075,5.395692448753461,0,0.0,1.0,3,55.0,0.5382351116382112,9,340.0,0.0894489018588971,0,0.0,0.9719374905357424,12,395.0
2525.0,16,471.0,8.563636363636364,5.286898495165816,0,0.0,1.0,3,70.0,0.5231131021639022,10,390.0,0.01586600501571005,0,0.0,0.9154233918543506,13,460.0
2530.0,21,564.0,10.071428571428571,5.103793199987206,0,0.0,1.0,3,85.0,0.49832878203850656,13,449.0,0.058412100012306525,1,2.0,0.47191893970287185,17,536.0
2535.0,26,678.0,11.894736842105264,3.7441064053649997,0,0.0,1.0,5,120.0,0.2921912818309365,15,520.0,0.058263164002503705,1,7.0,0.4604385072034993,21,647.0
2540.0,26,738.0,12.508474576271187,3.9222874495664786,0,0.0,1.0,2,67.0,0.3346101096259776,15,595.0,0.06179873989585084,1,12.0,0.6516036793068862,18,674.0
2545.0,27,871.0,15.017241379310345,4.029454065774449,0,0.0,1.0,3,74.0,0.26342856276641907,15,670.0,0.057453112225288525,1,17.0,0.6591305131528575,19,761.0
2550.0,28,982.0,16.366666666666667,4.2121325484935195,0,0.0,1.0,3,74.0,0.18327531935549926,15,745.0,0.05647423987433632,1,22.0,0.4666222791922945,19,841.0
2555.0,24,971.0,16.45762711864407,4.905664062776017,0,0.0,1.0,3,90.0,0.38852099415672575,14,781.0,0.000686183368395478,2,32.0,0.4861242505705706,19,903.0
2560.0,22,969.0,15.629032258064516,4.666246614498406,0,3.0,0.9541694620148727,0,1.0,0.6124477082958303,15,856.0,0.0,2,42.0,0.5798824975585355,17,902.0
2565.0,24,1035.0,17.25,4.509275604271911,1,4.0,0.0030513259175026183,1,2.0,0.4130985010493286,15,931.0,0.0,1,1.0,0.6602340211101859,18,938.0
2570.0,21,1076.0,18.551724137931036,4.561777638602118,1,9.0,1.1225049385508134e-05,1,7.0,0.6215602326948234,15,1021.0,0.17250855866184173,1,6.0,0.3503182888878797,18,1043.0
2575.0,22,1160.0,19.661016949152543,5.031425182258125,1,14.0,0.0,1,12.0,0.6738378400673977,15,1096.0,0.17773489494953967,2,16.0,0.48179677827463724,19,1138.0
2580.0,22,1211.0,20.183333333333334,5.053484318642398,1,19.0,0.0,1,17.0,0.7076124145850169,17,1170.0,0.17611129728777802,2,26.0,0.48670860380238945,21,1232.0
2585.0,12,301.0,4.934426229508197,5.082703831171254,1,24.0,0.0,2,24.0,0.529763291501357,5,577.0,0.25042340087599124,2,36.0,0.4441105190423094,10,661.0
2590.0,7,109.0,1.7868852459016393,5.812985003416818,1,35.0,0.4296130526961662,3,62.0,0.3850310869468973,0,221.0,0.46262286344735215,3,48.0,0.4761838274111629,7,366.0
2595.0,8,116.0,1.8125,6.406674916784681,0,4.0,0.3627978837116941,5,83.0,0.41434649800678763,0,0.0,0.5997831415429531,3,63.0,0.5150020724756609,8,150.0
2600.0,10,161.0,2.476923076923077,6.803682416583871,0,0.0,0.5512328834007608,6,111.0,0.5159927630260881,0,0.0,0.6033936786433507,4,80.0,0.41685972144779093,10,191.0
2605.0,10,211.0,3.296875,7.019223977862847,0,0.0,0.65694364782141,6,141.0,0.5724975554591204,0,0.0,1.0,4,100.0,0.22353919284372537,10,241.0
2610.0,8,149.0,2.257575757575758,7.015939459439647,0,0.0,1.0,6,171.0,0.5690669985150618,0,0.0,1.0,2,47.0,0.24208046105866862,8,218.0
2615.0,6,171.0,2.514705882352941,7.731283848299893,0,0.0,1.0,6,198.0,0.5901587462270331,0,9.0,0.5646152187728188,0,9.0,0.6054567052493215,6,216.0
2620.0,11,208.0,3.1044776119402986,6.89583630651419,0,0.0,1.0,8,230.0,0.42806038684187797,3,14.0,0.07786549027398132,0,4.0,0.6363522593552479,11,248.0
2625.0,12,155.0,2.421875,5.7153466480138615,0,0.0,1.0,7,182.0,0.22674149756789952,4,31.0,0.022836326130586965,1,8.0,0.4896817606180885,12,221.0
2630.0,15,209.0,3.3174603174603177,4.975962687484199,0,0.0,1.0,8,178.0,0.07383254760487101,4,41.0,0.016609271076492856,1,13.0,0.22873540276423268,13,232.0
2635.0,18,277.0,4.540983606557377,4.921754392582597,0,0.0,1.0,10,227.0,0.1771120293444272,4,60.0,0.18133068835637592,2,21.0,0.19432077277878887,16,308.0
2640.0,22,360.0,5.901639344262295,5.370001729221131,0,0.0,1.0,14,281.0,0.2510284452527568,6,85.0,0.23551835316982578,2,31.0,0.2935090753194813,22,397.0
2645.0,22,470.0,7.704918032786885,5.204382593802807,0,0.0,1.0,14,351.0,0.24767562907448012,6,115.0,0.23392691230692186,2,41.0,0.3186551403036612,22,507.0
2650.0,16,452.0,7.290322580645161,4.9546926393666615,0,0.0,1.0,14,421.0,0.19028305264674727,1,84.0,0.5787876384099636,1,33.0,0.5785788213445788,16,538.0
2655.0,15,483.0,7.790322580645161,5.4220418283693625,0,0.0,1.0,14,500.0,0.23435761977874184,1,56.0,0.6085896961643147,0,0.0,0.9640156330029297,15,556.0
2660.0,16,562.0,9.525423728813559,6.079145661519055,0,0.0,1.0,14,567.0,0.26070704025397085,2,46.0,0.7333681954434518,0,0.0,0.9382561920420447,16,613.0
2665.0,20,652.0,10.516129032258064,6.2285428299954955,0,0.0,1.0,18,647.0,0.2668464268557058,2,53.0,0.5425108521340932,0,0.0,0.9691300186268031,20,700.0
2670.0,20,751.0,12.516666666666667,5.730960123455552,0,0.0,1.0,17,729.0,0.2800186637856227,3,67.0,0.38379163167327135,0,0.0,0.9735487856810238,20,796.0
2675.0,25,861.0,13.887096774193548,5.552080663395194,0,0.0,1.0,17,814.0,0.3173330917862804,5,88.0,0.2783717700068961,1,1.0,0.6401746073833057,23,903.0
2680.0,25,982.0,15.838709677419354,5.0023926524153834,0,0.0,1.0,18,902.0,0.26886132040296246,5,113.0,0.14701148943338307,1,6.0,0.3496575734887128,24,1021.0
2685.0,25,1101.0,17.758064516129032,4.445207897795166,0,0.0,1.0,18,992.0,0.1849833575878277,5,138.0,0.26766243872941486,2,16.0,0.29577450878024963,25,1146.0
2690.0,27,1228.0,19.49206349206349,4.283629161942368,0,0.0,1.0,19,1083.0,0.10503015300702974,5,163.0,0.3574113667492764,3,27.0,0.18684231628147696,27,1273.0
2695.0,27,1304.0,20.06153846153846,4.307045363248826,0,0.0,1.0,21,1187.0,0.0655648827678698,3,148.0,0.30116683107449244,3,42.0,0.22980975927123581,27,1377.0
2700.0,30,1425.0,21.923076923076923,4.469994259127071,0,0.0,1.0,25,1305.0,0.03533763694181523,2,108.0,0.501457163305535,3,57.0,0.23754139614555042,30,1470.0
2705.0,31,1580.0,23.235294117647058,4.363542292820825,0,0.0,1.0,26,1435.0,0.06300989778821314,2,118.0,0.6276957806430125,3,72.0,0.24376382186644602,31,1625.0
2710.0,31,1735.0,25.144927536231883,4.023340595785445,0,0.0,1.0,26,1565.0,0.06227338635857965,2,128.0,0.6194259575044835,3,87.0,0.33182903126258234,31,1780.0
2715.0,37,1901.0,27.15714285714286,3.415198018052212,0,0.0,1.0,26,1696.0,0.03478114814674891,4,140.0,0.38109641410872347,3,102.0,0.29430386686524335,33,1938.0
2720.0,39,1984.0,27.943661971830984,2.7859357057761036,0,0.0,1.0,27,1831.0,0.034611926796821416,5,162.0,0.1379675444002025,0,39.0,0.37989911028701323,32,2032.0
2725.0,41,2188.0,29.972602739726028,3.062801814504283,0,0.0,1.0,27,1966.0,0.054368710263160945,6,198.0,0.21674137084905748,0,0.0,0.7468764652207991,33,2164.0
2730.0,43,2397.0,32.83561643835616,2.8488719075191424,0,0.0,1.0,27,2101.0,0.07690006828707935,8,232.0,0.01264051606703246,0,0.0,0.8787387916884122,35,2333.0
2735.0,34,1239.0,16.52,2.7868226505067106,0,0.0,1.0,16,1477.0,0.08203786013044662,10,278.0,0.015530899981170708,0,0.0,0.9500725076928902,26,1755.0
2740.0,20,442.0,5.666666666666667,3.7764125204310983,0,0.0,1.0,5,1003.0,0.1526715335341898,7,189.0,0.014101870664276584,0,0.0,0.9611878896395136,12,1192.0
2745.0,21,447.0,5.805194805194805,5.118564656670966,0,0.0,1.0,3,445.0,0.29843575336102474,8,164.0,0.22379740457071473,0,0.0,0.5209600448254452,11,609.0
2750.0,21,438.0,5.688311688311688,5.713365910814756,0,0.0,0.7453969458115711,3,221.0,0.41675368082330594,9,209.0,0.4365109458632726,1,5.0,0.4813075331632231,13,435.0
2755.0,27,558.0,6.975,5.386339485236893,1,2.0,3.082678634766895e-05,5,238.0,0.33710045371465247,9,254.0,0.49301303646559197,1,10.0,0.6617274313387626,16,504.0
2760.0,23,568.0,7.1,5.808242614295591,0,0.0,1.0,5,263.0,0.301657774579028,6,206.0,0.5859282667122396,1,15.0,0.49631936324303155,12,484.0
2765.0,22,540.0,7.012987012987013,5.833515647709918,0,0.0,1.0,7,293.0,0.20689226253594023,6,205.0,0.5941561914848352,0,0.0,0.9754244496858526,13,498.0
2770.0,18,460.0,6.133333333333334,5.808781522941117,0,0.0,1.0,7,328.0,0.16793554268016064,7,240.0,0.4265696213347394,0,0.0,0.9500487705851189,14,568.0
2775.0,13,322.0,4.351351351351352,5.6801062943679055,0,0.0,1.0,5,246.0,0.24782680868959372,8,277.0,0.29031976255807923,0,0.0,0.9852243653867188,13,523.0
2780.0,21,409.0,5.927536231884058,4.643514583893884,0,0.0,1.0,6,268.0,0.2327286375619755,12,327.0,0.12132382309446635,0,0.0,0.9645584958812554,18,595.0
2785.0,26,528.0,7.764705882352941,3.916158511532591,0,0.0,1.0,6,298.0,0.2429491643525738,14,394.0,0.0627137231723011,0,0.0,0.9495084113748433,20,692.0
2790.0,29,628.0,9.373134328358208,3.567350998002105,0,0.0,1.0,6,306.0,0.26855094511990507,17,476.0,0.047743448314611414,0,0.0,0.9447242667227325,23,782.0
2795.0,23,561.0,8.014285714285714,4.38728719083379,0,0.0,1.0,0,84.0,0.5491917270394745,19,571.0,0.08126791259889511,0,0.0,0.9574311388149921,19,655.0
2800.0,11,118.0,1.6857142857142857,5.330035795995628,0,0.0,1.0,0,2.0,0.40966696887669224,9,317.0,0.20478353898598609,0,0.0,0.9485847039845691,9,319.0
2805.0,6,56.0,0.8235294117647058,6.392941537714232,0,6.0,0.45191488046643347,2,20.0,0.5540472333213716,3,144.0,0.391557262625381,1,2.0,0.6062462235970225,6,172.0
2810.0,5,79.0,1.0972222222222223,7.123733142183547,0,0.0,0.7236335804678964,2,30.0,0.7050071494869964,3,85.0,0.48086129174993547,0,0.0,0.8070438014866008,5,115.0
2815.0,9,114.0,1.6056338028169015,7.726436045351354,0,0.0,0.8464174298199761,2,29.0,0.7429390055237781,4,88.0,0.5009869446385977,0,0.0,0.9310268025300764,6,117.0
2820.0,9,132.0,1.8857142857142857,8.035943604355841,0,0.0,1.0,3,70.0,0.7287123871978382,4,123.0,0.44125983060246216,0,0.0,0.9385340381949392,7,193.0
2825.0,9,161.0,2.3333333333333335,7.996153170688456,0,0.0,1.0,3,53.0,0.7020380436043915,6,147.0,0.3142004356132712,0,0.0,0.9778784287175758,9,200.0
2830.0,10,209.0,3.028985507246377,7.67659069606529,0,0.0,0.575181805904553,4,71.0,0.5902133325791077,6,180.0,0.32087154896660214,0,0.0,0.9784773057239178,10,251.0
2835.0,13,153.0,2.25,6.599399422097849,2,5.0,0.000932771766724798,5,75.0,0.5100895606088944,6,158.0,0.2262771063934553,0,0.0,0.4860751087141579,13,238.0
2840.0,16,192.0,2.953846153846154,6.825574032598723,2,15.0,0.0,5,97.0,0.3713647807729886,4,106.0,0.2522705908515661,1,5.0,0.634343613038211,12,223.0
2845.0,18,277.0,4.328125,6.751516559799613,2,25.0,0.08468293694836297,5,122.0,0.3615117880887043,4,120.0,0.4021325902449849,1,10.0,0.5562928317409067,12,277.0
2850.0,20,374.0,5.666666666666667,6.4765121933931615,3,38.0,1.6547880036419083e-05,5,146.0,0.2092504680504821,4,140.0,0.4229980476804296,1,15.0,0.5638485220838491,13,339.0
2855.0,17,256.0,3.9384615384615387,5.960197434341524,3,53.0,0.0,2,77.0,0.23180331933457196,2,107.0,0.4946000882443871,1,20.0,0.5655722775137888,8,257.0
2860.0,17,287.0,4.484375,6.3609346152367445,3,68.0,0.0,0,3.0,0.8912207426550104,1,32.0,0.7236197575896968,2,30.0,0.5692241404850038,6,133.0
2865.0,19,378.0,5.815384615384615,6.376032678790237,3,83.0,0.0,0,3.0,0.9372375385609258,1,37.0,0.7403025691485031,2,40.0,0.5032348937456582,6,163.0
2870.0,24,482.0,7.774193548387097,5.268074453658133,3,98.0,0.0,1,4.0,0.6948520962813955,2,43.0,0.3987683346479998,3,54.0,0.45807867945497605,9,199.0
2875.0,21,510.0,8.360655737704919,4.585934802997356,3,113.0,0.0,0,3.0,0.9622758609593053,2,53.0,0.18687346209513064,4,70.0,0.1699111001150593,9,239.0
2880.0,22,600.0,10.169491525423728,4.783419832987541,3,128.0,0.0,0,3.0,0.9412365039837872,4,72.0,0.17969285616082792,5,95.0,0.15623774464514845,12,298.0
2885.0,20,622.0,10.19672131147541,5.077103420860829,3,143.0,0.0,0,0.0,0.9550172768846615,4,95.0,0.32598178610039047,2,58.0,0.3792564963036411,9,296.0
2890.0,13,422.0,6.918032786885246,5.330139571623113,3,158.0,0.0,0,0.0,0.7823816752071793,4,121.0,0.45945317623903303,0,30.0,0.5527255261041497,7,309.0
2895.0,11,318.0,5.3,5.583916249509552,3,173.0,0.0,0,0.0,0.7580823287431969,6,144.0,0.20452908011340354,0,11.0,0.794328637320956,9,328.0
2900.0,12,358.0,5.59375,5.860023082332962,3,188.0,0.0,0,0.0,0.8774324000717894,8,184.0,0.16816462942127755,1,13.0,0.6328288814629017,12,385.0
2905.0,16,424.0,6.950819672131147,5.788249086852738,3,203.0,0.0,2,4.0,0.37095470432309136,10,275.0,0.22203388437474045,1,18.0,0.6572888494613783,16,500.0
2910.0,20,507.0,8.45,4.910318016284061,3,218.0,0.0,2,75.0,0.43498164356264174,11,371.0,0.1504435711317744,2,26.0,0.36840708757425317,18,690.0
2915.0,18,563.0,9.229508196721312,4.182097136143549,3,233.0,0.0,2,147.0,0.4298952920589694,8,348.0,0.08822607199067001,3,38.0,0.25042135152300565,16,766.0
2920.0,19,642.0,10.19047619047619,4.355297395065577,3,248.0,0.0,5,200.0,0.2546634731662094,7,325.0,0.06265361585494965,3,53.0,0.3933393580706784,18,826.0
2925.0,20,740.0,11.384615384615385,4.986543591924024,3,263.0,0.0,5,225.0,0.3201206484822666,8,300.0,0.01996425991037843,3,68.0,0.2849899520821549,19,856.0
2930.0,24,832.0,12.8,4.7268995552009265,3,278.0,0.0,6,254.0,0.1872606931775012,10,342.0,0.0011099327091914331,4,86.0,0.1971597263595064,23,960.0
2935.0,29,924.0,14.215384615384615,4.43462386684039,3,293.0,0.0,6,245.0,0.3210963634615309,10,392.0,0.08990583250704437,5,106.0,0.16592805480689207,24,1036.0
2940.0,31,1073.0,16.50769230769231,4.015878093092198,3,308.0,0.0,6,275.0,0.30598531455441563,10,442.0,0.08265613782885911,4,126.0,0.08630350346494098,23,1151.0
2945.0,33,1234.0,18.147058823529413,4.486282658534421,3,323.0,0.0,6,305.0,0.3165887958824187,10,498.0,0.13563472493328102,4,146.0,0.13777601068425369,23,1272.0
2950.0,32,1334.0,19.333333333333332,4.6803653567059005,3,338.0,0.0,6,335.0,0.2303311722252659,11,551.0,0.20481743876954667,5,170.0,0.2376274636516277,25,1394.0
2955.0,27,1405.0,19.246575342465754,4.697932370430909,3,353.0,0.0,6,365.0,0.20558918956564648,11,608.0,0.21645617706860978,5,195.0,0.2536938484691735,25,1521.0
2960.0,26,1503.0,20.589041095890412,5.065066223032606,3,368.0,0.0,7,399.0,0.20432696018265795,11,654.0,0.21100651467312032,5,220.0,0.2878489106033036,26,1641.0
2965.0,26,1633.0,22.06756756756757,5.332740331267574,3,383.0,0.0,7,434.0,0.16405070449626616,11,734.0,0.2911725672990271,5,245.0,0.24001489973463624,26,1796.0
2970.0,27,1767.0,24.205479452054796,5.066850581693734,3,398.0,0.0,8,473.0,0.08981621924894183,11,807.0,0.19594265646049772,5,270.0,0.23934202830138585,27,1948.0
2975.0,27,1677.0,22.972602739726028,4.410076131502917,3,413.0,0.0,5,323.0,0.05899891304060012,13,870.0,0.06491654579174853,6,298.0,0.20291644309966267,27,1904.0
2980.0,33,1735.0,24.09722222222222,4.3864485507915765,3,428.0,0.0,3,89.0,0.1894755931562834,14,939.0,0.001855687485820404,7,333.0,0.14811696384701895,27,1789.0
2985.0,21,572.0,8.056338028169014,4.818529293163055,0,137.0,0.030283417977704948,3,62.0,0.41042361816607914,7,502.0,0.06754157107163676,7,368.0,0.11206941337548676,17,1069.0
2990.0,21,582.0,7.972602739726027,5.236779637188168,0,6.0,0.5971537783816453,3,80.0,0.4656132747845569,4,210.0,0.09032377419452443,7,403.0,0.0813511188562971,14,699.0
2995.0,22,654.0,9.083333333333334,5.685540980210371,0,0.0,0.7556652938895739,3,95.0,0.3857507217095964,4,165.0,0.08768508376297472,8,442.0,0.05021909928018049,15,702.0
3000.0,17,315.0,4.5,6.121605214968259,0,0.0,0.8841563021947354,4,115.0,0.3961972553603836,5,182.0,2.018795711111938e-05,2,200.0,0.13817287527047525,11,497.0
3005.0,19,366.0,5.228571428571429,6.019083866817846,0,0.0,1.0,6,142.0,0.31637300396740387,5,216.0,0.2658905753392246,0,10.0,0.4603518798145561,11,368.0
3010.0,27,486.0,6.657534246575342,5.358396349837216,0,0.0,1.0,7,177.0,0.26593998762025034,10,255.0,0.04265445365905179,0,0.0,0.6448897153882303,17,432.0
3015.0,25,579.0,8.271428571428572,5.038104794286412,0,0.0,1.0,4,177.0,0.31381743849308624,10,305.0,0.016071761722662642,1,4.0,0.6449652742665695,15,486.0
3020.0,26,705.0,10.217391304347826,4.995513040104115,0,0.0,1.0,4,192.0,0.41950015930304385,11,356.0,0.021399639839362466,1,9.0,0.48502779567190496,16,557.0
3025.0,27,671.0,10.323076923076924,4.572871370211804,0,0.0,1.0,8,221.0,0.25964880214202823,8,317.0,0.0926346515597177,1,14.0,0.6091301771076663,17,552.0
3030.0,22,594.0,9.737704918032787,5.0345207726412164,0,0.0,1.0,7,252.0,0.24387905920015898,6,166.0,0.17560994556535714,1,19.0,0.49736631549442273,14,437.0
3035.0,22,679.0,11.131147540983607,5.501256995687276,0,0.0,0.9851375709386997,7,287.0,0.25271802020773165,4,50.0,0.12570547955262246,2,28.0,0.3199892420219636,13,365.0
3040.0,17,470.0,7.966101694915254,5.071322986104864,0,0.0,0.9806526102022495,1,61.0,0.48608557872222435,5,66.0,0.010491647954586292,2,34.0,0.3296276934673395,8,161.0
3045.0,17,457.0,7.491803278688525,4.685599061176789,1,2.0,9.362742255307779e-05,1,10.0,0.8153979942209698,1,44.0,0.32364209108415815,2,44.0,0.09482785822676017,5,100.0
3050.0,19,548.0,9.288135593220339,5.283760316117306,0,0.0,1.0,1,18.0,0.625115503445293,1,22.0,0.7499498612678109,3,58.0,0.13800913680926347,5,98.0
3055.0,17,618.0,10.131147540983607,6.198753715612425,0,0.0,1.0,2,34.0,0.6308376998359247,1,27.0,0.7881559850556847,3,73.0,0.23569605437711655,6,134.0
3060.0,16,487.0,8.254237288135593,6.453455883331682,0,0.0,1.0,2,39.0,0.7158893578894348,1,32.0,0.7731520832150296,3,88.0,0.2403683892445409,6,159.0
3065.0,11,245.0,4.016393442622951,6.811688328278984,0,0.0,1.0,3,96.0,0.6565650839805401,0,9.0,0.8696624101307965,3,103.0,0.26779507573501576,6,208.0
3070.0,8,183.0,3.05,6.852206089632392,0,0.0,1.0,3,111.0,0.6765882994171029,0,9.0,0.8978353996038005,3,118.0,0.24785199169081937,6,238.0
3075.0,8,212.0,3.4754098360655736,6.8927365214438625,0,0.0,1.0,3,81.0,0.6527059962072375,0,9.0,0.7117681257447441,3,133.0,0.20728272254818592,6,223.0
3080.0,9,234.0,3.774193548387097,6.339095340346223,0,0.0,1.0,2,103.0,0.588905660926224,4,21.0,0.26563231525334957,3,149.0,0.2321101890115583,9,273.0
3085.0,10,284.0,4.4375,6.204059616200862,0,0.0,1.0,2,110.0,0.3837590053689808,4,132.0,0.27903573783574104,4,169.0,0.26541934243909737,10,411.0
3090.0,12,340.0,5.483870967741935,5.922573327571002,0,0.0,1.0,2,120.0,0.3933866854476637,6,130.0,0.28161250337920546,4,189.0,0.2402112889602881,12,439.0
3095.0,16,414.0,6.571428571428571,6.566042526243772,0,0.0,1.0,3,104.0,0.5292114296531427,9,110.0,0.1724262210001147,4,209.0,0.2681503230559363,16,423.0
3100.0,19,499.0,7.920634920634921,5.8365689675156265,0,0.0,1.0,4,120.0,0.383273850934546,9,155.0,0.17723017545064296,5,232.0,0.2935509223101032,18,507.0
3105.0,24,610.0,10.0,5.639113013240856,0,0.0,1.0,5,165.0,0.3990207164434879,9,200.0,0.1756868411309391,5,257.0,0.244471509443098,19,622.0
3110.0,18,426.0,7.1,5.49538248216126,0,0.0,1.0,5,190.0,0.4115672956624069,8,235.0,0.21708121049211407,0,42.0,0.22669718946175252,13,467.0
3115.0,22,526.0,8.34920634920635,5.153904510904277,0,0.0,1.0,6,210.0,0.28249951609583723,9,286.0,0.16948009194575028,0,0.0,0.34814837566144036,15,496.0
3120.0,22,440.0,6.875,4.855560316591632,0,0.0,1.0,5,141.0,0.15292173631517655,12,337.0,0.08368942202794308,0,0.0,0.4530434295912654,17,478.0
3125.0,22,488.0,7.746031746031746,4.732901437991442,0,0.0,1.0,6,107.0,0.2382468760069467,14,415.0,0.11788077093791635,1,3.0,0.4228697829004745,21,525.0
3130.0,24,602.0,9.40625,4.367407983360693,0,0.0,1.0,6,137.0,0.19728884492954654,17,539.0,0.13848340945068624,1,8.0,0.4741873852972356,24,684.0
3135.0,28,734.0,11.46875,4.787711292314205,0,0.0,1.0,7,170.0,0.1827786716089019,20,633.0,0.11834337519942179,1,13.0,0.5576138041225918,28,816.0
3140.0,29,876.0,13.476923076923077,4.999778105352037,0,0.0,1.0,8,207.0,0.10802234881850525,20,733.0,0.11384273168112712,1,18.0,0.5096323328919055,29,958.0
3145.0,27,856.0,13.169230769230769,5.065186859176088,0,0.0,1.0,4,148.0,0.2690399871624751,21,837.0,0.10195880933216146,2,26.0,0.31198322064988754,27,1011.0
3150.0,25,932.0,13.91044776119403,5.627545843326224,0,0.0,1.0,2,45.0,0.48650942356324756,21,942.0,0.08565972633455604,1,28.0,0.4820530576484619,24,1015.0
3155.0,29,1063.0,15.632352941176471,4.968956963009846,0,0.0,1.0,2,52.0,0.4375186183267318,23,1055.0,0.042349139925802796,1,33.0,0.6399754016948705,26,1140.0
3160.0,30,1211.0,17.3,4.993391172021193,0,0.0,1.0,2,62.0,0.35705537007358884,24,1174.0,0.07761304571880537,1,38.0,0.49875615005429114,27,1274.0
3165.0,30,1293.0,18.47142857142857,4.565672782062034,0,0.0,1.0,0,1.0,0.6986909798038927,25,1296.0,0.0712104081243771,1,43.0,0.48893727575263557,26,1340.0
3170.0,35,1456.0,20.22222222222222,4.10969127263671,0,0.0,1.0,1,2.0,0.6196342200187727,26,1425.0,0.0667303196058399,1,48.0,0.3695863010114317,28,1475.0
3175.0,32,1574.0,22.169014084507044,4.25926996063057,0,0.0,1.0,1,7.0,0.49379166641764777,26,1558.0,0.12868273926031312,1,53.0,0.19992304964551424,28,1618.0
3180.0,31,1675.0,23.591549295774648,4.370957489440401,0,0.0,1.0,2,17.0,0.559020873349413,26,1688.0,0.12681520072909402,2,63.0,0.31202769417295306,30,1768.0
3185.0,29,1803.0,25.041666666666668,4.50788057566993,0,0.0,1.0,0,10.0,0.685476393432201,27,1823.0,0.12247269223184937,2,73.0,0.32631109742816383,29,1906.0
3190.0,29,1948.0,25.973333333333333,5.027145823349965,0,0.0,1.0,0,0.0,0.930159451122266,27,1958.0,0.121327312759908,2,83.0,0.44498829740642576,29,2041.0
3195.0,30,2096.0,28.324324324324323,5.008306216729889,0,0.0,1.0,1,93.0,0.6438821782773303,27,2093.0,0.08127315672896286,2,93.0,0.4361287638844272,30,2279.0
3200.0,28,2085.0,28.175675675675677,5.008916231054238,0,0.0,1.0,1,98.0,0.7370134442275921,25,2131.0,0.07853284425663984,2,103.0,0.26812099647251464,28,2332.0
3205.0,28,2140.0,29.315068493150687,5.016165619453145,0,0.0,1.0,0,3.0,0.8440918144129455,25,2064.0,0.09177828355000382,2,113.0,0.37619218631494017,27,2180.0
3210.0,31,2290.0,30.533333333333335,5.031819636145737,0,0.0,1.0,0,3.0,0.8021750649285918,27,2192.0,0.06789426852605382,3,128.0,0.3826430742919123,30,2323.0
3215.0,35,2453.0,33.602739726027394,4.581935571161528,0,0.0,1.0,2,9.0,0.6212751281682359,28,2331.0,0.06352498824911967,3,143.0,0.3158388781200488,33,2483.0
3220.0,38,2639.0,35.66216216216216,4.448641455576329,0,0.0,1.0,3,23.0,0.5946302831529913,29,2475.0,0.06202341274608393,4,161.0,0.1906285877972688,36,2659.0
3225.0,38,2829.0,38.229729729729726,4.4044885172117505,0,0.0,1.0,3,73.0,0.5356407299125806,29,2620.0,0.08423883847993589,4,181.0,0.12041448087291391,36,2874.0
3230.0,37,2982.0,40.2972972972973,4.107222095479504,0,0.0,1.0,4,90.0,0.4728532930574442,29,2765.0,0.0753440632727953,4,201.0,0.13552767283629719,37,3056.0
3235.0,39,3174.0,42.32,4.03939028783363,0,0.0,1.0,4,77.0,0.39023858515764054,30,2913.0,0.05376843407695112,4,221.0,0.1599185701234477,38,3211.0
3240.0,40,3364.0,46.082191780821915,3.846568338172693,0,0.0,1.0,5,99.0,0.23678984204155307,30,3060.0,0.0262441976494911,5,246.0,0.16169918655192364,40,3405.0
3245.0,38,3479.0,45.776315789473685,4.177510052087093,0,0.0,1.0,3,67.0,0.35930843422124337,30,3210.0,0.03429442225511223,5,271.0,0.1696838030253782,38,3548.0
3250.0,39,3664.0,48.21052631578947,3.9997233259225355,0,0.0,1.0,2,45.0,0.46093818559417654,31,3364.0,0.022192578461864777,5,296.0,0.2247292662398579,38,3705.0
3255.0,41,3864.0,50.8421052631579,4.291035371171539,0,0.0,0.9202586215163268,2,55.0,0.5605197308510751,32,3524.0,0.029199185752530155,5,321.0,0.1577727290313085,39,3900.0
3260.0,42,4069.0,52.84415584415584,3.8513979117051953,0,0.0,1.0,2,65.0,0.3377686569992067,33,3684.0,0.05457435635010228,5,346.0,0.13420954356862488,40,4095.0
3265.0,40,4240.0,56.53333333333333,3.8335416045741932,0,0.0,1.0,1,54.0,0.4425993656502345,32,3844.0,0.07638088172490301,6,374.0,0.146808332322503,39,4272.0
3270.0,41,4445.0,60.89041095890411,3.7510821554281413,0,0.0,1.0,2,64.0,0.5601663502716508,32,4004.0,0.08049051627762131,6,404.0,0.11627652269147104,40,4472.0
3275.0,41,4650.0,64.58333333333333,3.3834796845656054,0,0.0,1.0,2,71.0,0.23620511725173085,32,4165.0,0.092585008104261,6,434.0,0.12750272994204692,40,4670.0
3280.0,35,2741.0,37.04054054054054,3.3606063489095965,0,0.0,1.0,3,85.0,0.38522903237971456,22,3222.0,0.1246878010804043,7,467.0,0.13242478213787495,32,3774.0
3285.0,17,582.0,8.083333333333334,3.759974951226196,0,6.0,0.7070571599278899,2,94.0,0.3928384096646207,10,2258.0,0.12732793853484642,1,155.0,0.2114252500409943,13,2513.0
3290.0,14,286.0,3.864864864864865,4.750271891227021,1,10.0,0.28510523082934747,3,113.0,0.5536474482730693,4,1370.0,0.25067845449263043,0,8.0,0.5010176557471443,8,1501.0
3295.0,16,285.0,3.7012987012987013,5.13441507342073,2,20.0,0.07425483775872578,4,128.0,0.6011322039735055,3,864.0,0.34936194107828156,2,11.0,0.3590809409750676,11,1023.0
3300.0,17,304.0,3.848101265822785,5.175981178352861,4,37.0,0.03935626381410084,4,148.0,0.689634550537721,5,768.0,0.2316905001847901,2,21.0,0.4696209163222238,15,974.0
3305.0,23,398.0,5.2368421052631575,4.673786727549746,6,64.0,0.011278296212550921,4,168.0,0.7210933677511275,8,805.0,0.055803898227848994,2,31.0,0.3264682740944102,20,1068.0
3310.0,23,417.0,5.635135135135135,4.529646340071794,3,40.0,0.01756474476956441,2,147.0,0.8124147158443078,11,847.0,0.0604895755843439,2,30.0,0.30981090966933245,18,1064.0
3315.0,28,531.0,6.9868421052631575,4.78090772319805,0,14.0,0.1018974766200506,2,151.0,0.7960786270249081,16,919.0,0.05195397562493432,3,42.0,0.20719172310755635,21,1126.0
3320.0,19,476.0,6.102564102564102,5.38996812330988,0,3.0,0.3298752787648583,2,161.0,0.7010619641009657,9,624.0,0.13593623352441694,3,57.0,0.13313026321243698,14,845.0
3325.0,9,427.0,5.405063291139241,6.731212183772244,0,3.0,0.8842030670273632,2,174.0,0.5861555746736217,4,392.0,0.3016781478418181,3,72.0,0.31821936313361077,9,641.0
3330.0,10,473.0,5.987341772151899,7.538779605565939,0,0.0,0.6423764774923898,2,187.0,0.5452271973999353,4,283.0,0.42292135883719356,4,89.0,0.3101332765000888,10,559.0
3335.0,11,421.0,5.197530864197531,6.80430200395225,3,3.0,0.19724052937959535,2,197.0,0.6912131574546072,4,227.0,0.3923769859116406,0,6.0,0.6731511469335285,9,433.0
3340.0,12,296.0,4.054794520547945,6.921554462394755,4,21.0,0.016593898700077877,2,207.0,0.6792620951596646,2,126.0,0.5377827514866873,0,0.0,0.8603453083751558,8,354.0
3345.0,14,300.0,4.411764705882353,6.700434062189131,4,42.0,0.005295575635805115,2,214.0,0.49897563538551476,4,34.0,0.4203106780644655,0,0.0,0.9730323429348059,10,290.0
3350.0,19,171.0,2.6307692307692307,6.189070251698398,7,74.0,0.0010406212745646228,2,106.0,0.5810457651215458,5,63.0,0.3221502577862863,0,0.0,0.968492881657423,14,243.0
3355.0,19,218.0,3.4603174603174605,5.790621825030341,7,109.0,0.00024051703082503763,1,20.0,0.4700615331239161,7,96.0,0.2792267349529118,0,0.0,0.6712995604047637,15,225.0
3360.0,16,182.0,3.033333333333333,5.560644170771809,7,144.0,4.680618375665039e-05,3,35.0,0.3998956979883162,2,54.0,0.4632982794608763,1,5.0,0.7291571991217416,13,238.0
3365.0,18,251.0,3.984126984126984,5.200966209368279,7,179.0,9.185061208518872e-06,5,67.0,0.32119239172240105,2,49.0,0.5379746535357351,1,10.0,0.7271279178844556,15,305.0
3370.0,14,289.0,4.378787878787879,6.378540894347392,7,220.0,0.0124432460391154,3,53.0,0.616247238467991,3,55.0,0.5476385953602272,1,15.0,0.769414963891076,14,343.0
3375.0,15,343.0,5.119402985074627,6.788110503932375,8,256.0,0.006231289660865823,4,67.0,0.5938174665899969,3,70.0,0.5213896668956723,0,0.0,0.6141936541437395,15,393.0
3380.0,12,176.0,2.6666666666666665,6.924507227405765,4,161.0,0.018960213807426688,4,88.0,0.5582707975078546,3,88.0,0.5429517167293041,0,0.0,0.952262020261486,11,337.0
3385.0,14,184.0,2.746268656716418,6.576916525231277,0,55.0,0.16090341532528785,6,113.0,0.5237155614689735,7,114.0,0.15584044504518332,0,0.0,0.8902889300652042,13,282.0
3390.0,16,248.0,3.6470588235294117,6.895528903701097,0,4.0,0.4288311008330702,5,130.0,0.3372446993269655,11,165.0,0.07758910273053483,0,0.0,0.9841112564298867,16,299.0
3395.0,18,333.0,4.970149253731344,7.01587061734793,0,0.0,1.0,7,160.0,0.11475953753464374,11,223.0,0.20778331873012532,0,0.0,0.9988182754665642,18,383.0
3400.0,19,424.0,6.3283582089552235,6.595940653030845,0,0.0,1.0,8,196.0,0.09086403661315268,11,278.0,0.1740758968842848,0,0.0,0.9595365240299365,19,474.0
3405.0,22,529.0,7.779411764705882,5.549195396189604,0,0.0,1.0,9,240.0,0.08865273385098224,13,340.0,0.06747620436719215,0,0.0,0.5623754735456438,22,580.0
3410.0,26,655.0,9.776119402985074,5.240678528990829,0,0.0,1.0,11,294.0,0.07102294845010976,14,409.0,0.09485812793626619,1,4.0,0.620484670817712,26,707.0
3415.0,26,764.0,11.9375,4.829781654889994,0,0.0,1.0,10,325.0,0.07670956522545075,15,481.0,0.058824049006062855,1,9.0,0.6637283163551765,26,815.0
3420.0,19,653.0,10.53225806451613,4.707816640182771,0,0.0,1.0,10,394.0,0.1277387079845944,8,382.0,0.013988627751817521,1,14.0,0.650492902636178,19,790.0
3425.0,17,655.0,10.234375,5.546101341320444,0,0.0,1.0,11,458.0,0.24676703269784753,5,337.0,0.1346371779043174,1,19.0,0.7197842419206457,17,814.0
3430.0,18,742.0,11.96774193548387,6.0168019062986104,0,3.0,0.2297158105587686,11,495.0,0.24944673567643252,5,278.0,0.09070399873533684,2,26.0,0.5698765479690655,18,802.0
3435.0,20,838.0,12.892307692307693,6.421726253382158,1,7.0,0.00037118304538476417,11,550.0,0.2696895106738242,5,298.0,0.15582370333775802,3,38.0,0.4095275907679496,20,893.0
3440.0,17,878.0,13.71875,6.575581059713153,0,0.0,1.0,12,608.0,0.270793009631611,5,323.0,0.15540593957562213,0,6.0,0.7782104444339202,17,937.0
3445.0,18,964.0,15.0625,6.215538669616114,0,0.0,1.0,12,665.0,0.21024256990309947,5,354.0,0.15728177678968902,0,0.0,0.9372536820686548,17,1019.0
3450.0,19,1057.0,16.77777777777778,6.141048000467152,0,0.0,1.0,12,725.0,0.26496470841676706,6,376.0,0.14006180935964105,0,0.0,0.97701809965878,18,1101.0
3455.0,20,1099.0,18.016393442622952,5.446917959709003,0,0.0,1.0,13,790.0,0.17973684138503745,5,357.0,0.18710638001599497,0,0.0,0.9764116009676033,18,1147.0
3460.0,12,432.0,6.857142857142857,5.443655732685586,0,0.0,1.0,2,325.0,0.2969461858882302,6,377.0,0.22589931009930633,0,0.0,0.9704687526394827,8,702.0
3465.0,11,409.0,6.596774193548387,5.416431192310233,0,0.0,1.0,0,149.0,0.5184385636549926,7,409.0,0.15978672925908494,0,0.0,0.5119970037914314,7,558.0
3470.0,12,458.0,7.387096774193548,6.300616307352681,0,0.0,1.0,0,19.0,0.6418612801924013,9,465.0,0.2997348855929411,1,4.0,0.4963047708936662,10,488.0
3475.0,9,437.0,6.621212121212121,7.131966695480476,0,0.0,1.0,1,5.0,0.753998639830273,7,466.0,0.46726883241474776,1,9.0,0.631639858967294,9,480.0
3480.0,11,490.0,7.424242424242424,6.911150467533863,0,0.0,1.0,1,16.0,0.40244357700479244,7,501.0,0.4724059609650914,1,14.0,0.6601712936117189,9,531.0
3485.0,15,561.0,8.373134328358208,7.066659059920753,0,0.0,1.0,4,33.0,0.5016668055234513,7,536.0,0.4660645543661655,1,19.0,0.3289831510503964,12,588.0
3490.0,17,642.0,10.19047619047619,6.715234788903574,0,0.0,1.0,4,53.0,0.5173041860937515,7,571.0,0.47841958440948457,2,28.0,0.32802164739069756,13,652.0
3495.0,16,461.0,7.317460317460317,6.109884990862196,0,0.0,1.0,5,76.0,0.345095117500635,5,443.0,0.4945777832462545,2,38.0,0.46013688906570516,12,557.0
3500.0,15,199.0,3.4310344827586206,4.84673839229434,0,0.0,1.0,5,72.0,0.43203519627574005,3,196.0,0.19175890445523766,3,50.0,0.2447572338893732,11,318.0
3505.0,14,230.0,4.035087719298246,5.111051379207632,0,0.0,0.9389866977559818,6,98.0,0.42282557869476733,3,117.0,0.13175773755708325,3,65.0,0.23659624191135364,12,280.0
3510.0,19,310.0,5.535714285714286,5.581260493037472,0,0.0,1.0,7,136.0,0.46518993047453855,6,93.0,0.34257905097117863,3,80.0,0.24363276732118216,16,309.0
3515.0,16,340.0,5.762711864406779,5.44306807393298,0,0.0,1.0,7,168.0,0.4885038917774123,3,65.0,0.32268327383857054,3,95.0,0.10088688017020697,13,328.0
3520.0,14,333.0,5.55,6.071537357590999,0,6.0,0.5857197410163382,8,206.0,0.4675390654434443,2,64.0,0.45486937721729237,3,110.0,0.14993957835712457,13,386.0
3525.0,17,395.0,6.583333333333333,6.217984522796173,0,0.0,0.7431742465899208,9,245.0,0.4297650916541766,3,70.0,0.5466749072657364,4,127.0,0.1934363714869258,16,442.0
3530.0,16,341.0,5.590163934426229,5.583401185714814,0,0.0,0.8390145552947033,10,299.0,0.2904116421563247,3,82.0,0.5336311516576587,0,5.0,0.6583402362351506,13,386.0
3535.0,16,400.0,6.896551724137931,5.991908868021641,0,0.0,1.0,12,354.0,0.21346943307731658,3,103.0,0.5315906885598425,0,0.0,0.965331410647533,15,457.0
3540.0,16,463.0,8.267857142857142,5.781708539352276,0,0.0,1.0,13,419.0,0.09977426778589063,3,101.0,0.3316355518303238,0,0.0,0.9793342526150567,16,520.0
3545.0,16,314.0,5.607142857142857,5.828498682890079,0,0.0,1.0,10,344.0,0.08516703476350836,6,126.0,0.22052092308597163,0,0.0,0.9917091759032065,16,470.0
3550.0,7,120.0,2.1052631578947367,6.4213263209506275,0,0.0,1.0,1,182.0,0.25764533516487703,6,156.0,0.21259427156498142,0,0.0,0.8399651596887291,7,338.0
3555.0,10,159.0,3.18,6.9816863923098,0,0.0,1.0,1,75.0,0.541863931385104,8,197.0,0.15922542729901845,1,3.0,0.4908024396647274,10,275.0
3560.0,11,213.0,4.4375,7.104938674510721,0,0.0,1.0,1,10.0,0.4971823913574423,9,241.0,0.1996980873119855,1,8.0,0.49329896412620533,11,259.0
3565.0,9,150.0,3.061224489795918,7.465256623494428,0,0.0,1.0,0,0.0,0.8902212187740496,8,211.0,0.3130112965469225,1,13.0,0.6469793771263067,9,224.0
3570.0,8,175.0,3.8043478260869565,8.163684242635926,0,0.0,1.0,0,3.0,0.9318677487589433,7,167.0,0.39676994110538877,1,18.0,0.6261144713688683,8,188.0
3575.0,10,220.0,4.888888888888889,7.16901520870575,0,0.0,1.0,1,5.0,0.7180144222186063,7,205.0,0.4466769176945805,2,26.0,0.48550066091470234,10,236.0
3580.0,11,275.0,6.875,6.892081487906336,0,0.0,1.0,1,10.0,0.7208926131999817,8,245.0,0.3983200231008422,2,36.0,0.4719098204031381,11,291.0
3585.0,11,330.0,7.674418604651163,5.873015445269657,0,0.0,1.0,1,15.0,0.5146542493797147,8,285.0,0.25224302268961896,2,46.0,0.5789299849189691,11,346.0
3590.0,14,397.0,9.022727272727273,5.828052131331782,0,0.0,1.0,2,25.0,0.5710936945384357,10,332.0,0.21320749754049306,2,56.0,0.4485858967682015,14,413.0
3595.0,14,467.0,10.86046511627907,5.559859748474312,0,0.0,1.0,2,32.0,0.5711190733597971,10,382.0,0.2165390508694397,2,66.0,0.22027682394018053,14,480.0
3600.0,16,539.0,12.534883720930232,5.6392585595700035,0,0.0,1.0,2,42.0,0.4732303076550744,10,429.0,0.1588309505806166,4,78.0,0.2000343987737835,16,549.0
