step,system_total_stopped,system_total_waiting_time,system_mean_waiting_time,system_mean_speed,cluster_10564135163_13571629282_5146149679_stopped,cluster_10564135163_13571629282_5146149679_accumulated_waiting_time,cluster_10564135163_13571629282_5146149679_average_speed,cluster_10564135205_11749189839_3266988437_5129187741_#3more_stopped,cluster_10564135205_11749189839_3266988437_5129187741_#3more_accumulated_waiting_time,cluster_10564135205_11749189839_3266988437_5129187741_#3more_average_speed,cluster_10564135211_11749189838_12136544949_12136544951_#7more_stopped,cluster_10564135211_11749189838_12136544949_12136544951_#7more_accumulated_waiting_time,cluster_10564135211_11749189838_12136544949_12136544951_#7more_average_speed,cluster_10564135212_13571629279_13571629299_stopped,cluster_10564135212_13571629279_13571629299_accumulated_waiting_time,cluster_10564135212_13571629279_13571629299_average_speed,agents_total_stopped,agents_total_accumulated_waiting_time
0.0,0,0.0,0.0,0.0,0,0.0,1.0,0,0.0,1.0,0,0.0,1.0,0,0.0,1.0,0,0.0
5.0,0,0.0,0.0,10.346748129376142,0,0.0,1.0,0,0.0,0.9920835322537216,0,0.0,1.0,0,0.0,0.9900525659418973,0,0.0
10.0,0,0.0,0.0,8.09818164517318,0,0.0,1.0,0,0.0,0.9572961768447709,0,0.0,1.0,0,0.0,0.9463405298322317,0,0.0
15.0,0,0.0,0.0,8.279984540514663,0,0.0,1.0,0,0.0,0.949582965464556,0,0.0,1.0,0,0.0,0.9366484974713388,0,0.0
20.0,0,0.0,0.0,9.195607045084865,0,0.0,1.0,0,0.0,0.9993374276978289,0,0.0,1.0,0,0.0,0.9915953846213434,0,0.0
25.0,0,0.0,0.0,9.153007865027956,0,0.0,1.0,0,0.0,0.9873052634728572,0,0.0,0.8860284289871632,0,0.0,0.9727795707886264,0,0.0
30.0,1,2.0,0.16666666666666666,8.12291201029945,0,0.0,1.0,0,0.0,0.9693138852339269,1,2.0,0.6444798285796093,0,0.0,0.9403168906056923,1,2.0
35.0,1,7.0,0.5,7.218839739585576,0,0.0,1.0,0,0.0,0.9434342775119956,1,7.0,0.33792116180224374,0,0.0,0.938779515267857,1,7.0
40.0,3,17.0,1.0625,6.591797693909439,0,0.0,1.0,1,1.0,0.3191676549427001,2,16.0,0.3132980744281062,0,0.0,0.9595090144722429,3,17.0
45.0,1,9.0,0.5,6.630352705223299,0,0.0,1.0,0,0.0,0.990383271643589,1,9.0,0.3196485238171148,0,0.0,0.9959150801760108,1,9.0
50.0,2,19.0,1.0,7.46549580512755,0,0.0,1.0,0,0.0,0.9351305575215224,2,19.0,0.34147029296846193,0,0.0,0.9276449245129474,2,19.0
55.0,3,34.0,1.4782608695652173,8.051276374070056,0,0.0,1.0,0,0.0,0.9293925552048155,3,37.0,0.3522557418795384,0,0.0,0.9648546519538642,3,37.0
60.0,3,49.0,2.227272727272727,7.850445591959718,0,0.0,1.0,0,0.0,0.99759538192963,3,52.0,0.3833499375183493,0,0.0,0.9723720625790385,3,52.0
65.0,0,0.0,0.0,7.725021529165374,0,0.0,1.0,0,0.0,0.936595008006111,0,3.0,0.6844533438374077,0,0.0,0.9820600166796903,0,3.0
70.0,1,3.0,0.13043478260869565,7.841083991375949,0,3.0,0.5815678094552789,0,6.0,0.7933201770026752,1,6.0,0.6533750619809569,0,0.0,0.999314081980289,1,15.0
75.0,3,9.0,0.36,7.248344291009298,0,0.0,1.0,1,7.0,0.6186165480388564,2,11.0,0.4896729585736205,0,0.0,0.9733189991255571,3,18.0
80.0,3,21.0,0.7777777777777778,7.405705740433545,0,0.0,0.9975601987533838,1,12.0,0.7651310537865796,1,13.0,0.7088702488970688,0,0.0,0.9889035748912873,2,25.0
85.0,2,29.0,1.0,8.000743721502836,0,0.0,1.0,1,17.0,0.7897897433066381,1,18.0,0.723254088379772,0,0.0,0.9510552898133422,2,35.0
90.0,2,39.0,1.3448275862068966,8.044506913073931,0,0.0,1.0,1,19.0,0.8127428121991017,1,23.0,0.46253938014442647,0,0.0,0.9488801089617447,2,42.0
95.0,4,56.0,1.75,7.328391505445308,0,0.0,1.0,1,24.0,0.6207249454210455,3,35.0,0.0030483063046943095,0,0.0,0.9769451133201076,4,59.0
100.0,7,85.0,2.5757575757575757,7.497740467792152,0,0.0,1.0,3,33.0,0.5345094143805513,4,55.0,0.3795671396864636,0,0.0,0.9494907464845107,7,88.0
105.0,5,78.0,2.4375,7.187716315389416,0,0.0,1.0,0,0.0,0.7325739837329225,5,78.0,0.1505279500721777,0,0.0,0.9687027035678524,5,78.0
110.0,4,76.0,2.1714285714285713,7.729863091828502,0,0.0,0.9864230148041926,0,0.0,0.9886503945059966,3,76.0,0.3863190971655953,0,0.0,0.9360530679035973,3,76.0
115.0,3,90.0,2.5714285714285716,8.098647812620458,0,0.0,1.0,0,0.0,0.8373798328493135,3,97.0,0.47317654466460696,0,0.0,0.992615735248622,3,97.0
120.0,4,109.0,2.945945945945946,8.822889752111053,0,0.0,1.0,0,3.0,0.8760438705792476,4,116.0,0.40305830597473363,0,0.0,0.956970449016877,4,119.0
125.0,4,129.0,3.4864864864864864,9.248632883241374,0,0.0,1.0,0,3.0,0.9520868193885663,4,136.0,0.5247705708657411,0,0.0,0.999674843835856,4,139.0
130.0,5,137.0,3.7027027027027026,7.910224454749966,0,0.0,1.0,1,4.0,0.6237914199422718,4,142.0,0.4196032823886906,0,0.0,0.9615552634255478,5,146.0
135.0,6,164.0,4.4324324324324325,7.966520630410574,0,3.0,0.9434342302430552,2,11.0,0.5713731184685011,4,162.0,0.4531182281698213,0,0.0,0.9459952387226206,6,176.0
140.0,8,198.0,5.6571428571428575,6.84844819700865,0,0.0,1.0,2,21.0,0.5694090052767505,5,185.0,0.34008292611859414,0,0.0,0.9511193938741219,7,206.0
145.0,8,236.0,6.2105263157894735,7.003085265111926,0,0.0,1.0,2,31.0,0.6563421757812972,6,214.0,0.2859734932835408,0,0.0,0.9288115910156439,8,245.0
150.0,6,235.0,6.0256410256410255,7.058686200140696,0,0.0,1.0,3,40.0,0.19785140832387746,3,202.0,0.3975806116404486,0,0.0,0.9424984592884487,6,242.0
155.0,8,272.0,6.9743589743589745,7.2003339922333,0,3.0,0.7658618255182064,4,59.0,0.1944958380556343,4,213.0,0.4008292586368851,0,0.0,0.9438082435577534,8,275.0
160.0,8,312.0,7.8,7.366026433177675,0,0.0,0.7878519592755137,4,82.0,0.4083268936649565,4,233.0,0.21747969404676523,0,0.0,0.9571562378714493,8,315.0
165.0,9,356.0,8.279069767441861,7.507593608844374,0,0.0,1.0,4,102.0,0.46231208571438076,5,257.0,0.27113712013816615,0,0.0,0.98786867818137,9,359.0
170.0,7,353.0,7.844444444444444,7.104301536596666,0,0.0,0.9933065884175414,2,81.0,0.5822857619481947,4,273.0,0.09937174464024291,0,0.0,0.9620521701268375,6,354.0
175.0,9,388.0,8.622222222222222,7.221655993911076,0,0.0,1.0,2,94.0,0.648389496067575,5,298.0,0.27486994883124194,0,0.0,0.9316527943919208,7,392.0
180.0,12,441.0,9.382978723404255,6.57338313055827,0,0.0,1.0,2,104.0,0.6262572570058457,5,321.0,0.21290996305228135,0,0.0,0.9618139258534057,7,425.0
185.0,8,461.0,9.808510638297872,7.623515616491953,0,0.0,1.0,2,111.0,0.632157335771256,6,351.0,0.36104480156777796,0,0.0,0.9680949582364593,8,462.0
190.0,9,504.0,10.72340425531915,7.429026598310743,0,0.0,1.0,2,121.0,0.5247342078511844,6,381.0,0.39050477160468694,1,3.0,0.7127105568101721,9,505.0
195.0,8,320.0,6.808510638297872,7.559437033557749,0,0.0,1.0,2,132.0,0.5807004573100277,5,283.0,0.3305150812787161,1,8.0,0.6874525347609413,8,423.0
200.0,4,181.0,3.851063829787234,8.174846578746608,0,0.0,1.0,2,142.0,0.5538558931668459,1,99.0,0.576930884305551,1,13.0,0.4931889886214883,4,254.0
205.0,5,187.0,4.065217391304348,7.848161655888708,0,0.0,1.0,3,154.0,0.3957842115334512,2,50.0,0.5536641198832258,0,0.0,0.7015702793727349,5,204.0
210.0,9,220.0,4.888888888888889,6.788910208935198,0,0.0,1.0,4,171.0,0.20065362994390684,5,68.0,0.20664375496525034,0,0.0,0.8233297556406443,9,239.0
215.0,12,272.0,6.181818181818182,6.232699569426253,0,0.0,1.0,4,191.0,0.10969222030680563,7,96.0,0.2593539964280633,0,0.0,0.9746623406462831,11,287.0
220.0,18,344.0,7.644444444444445,4.382490503242251,0,0.0,1.0,5,214.0,0.05016817537482846,10,136.0,0.1580216553523716,0,0.0,0.9703378122586039,15,350.0
225.0,21,442.0,10.045454545454545,3.2437918220158406,0,0.0,1.0,5,239.0,0.13628355052853766,10,186.0,0.1511854565789817,0,0.0,0.9332001606043827,15,425.0
230.0,23,366.0,7.956521739130435,3.4353368300170852,0,0.0,1.0,3,162.0,0.3513579696551144,10,236.0,0.0918438581065147,0,0.0,0.9461193111490066,13,398.0
235.0,14,225.0,4.6875,4.456432473138725,0,0.0,1.0,2,48.0,0.5701284418559946,3,125.0,0.15346846545705944,0,0.0,0.9629409243875242,5,173.0
240.0,10,229.0,4.58,5.659034832846284,0,3.0,0.7543178746918219,2,61.0,0.5006082568554583,2,99.0,0.4502530138905451,0,0.0,0.9793126168201736,4,163.0
245.0,10,279.0,5.470588235294118,6.558392344798081,0,0.0,0.7536519978093266,2,77.0,0.5800834098892973,2,93.0,0.6337705348536403,0,0.0,0.9334070510699097,4,170.0
250.0,13,338.0,6.8979591836734695,6.554167475275182,0,0.0,1.0,3,92.0,0.6097726898953912,2,103.0,0.5817099800981019,0,0.0,0.9512166478793823,5,195.0
255.0,8,209.0,4.019230769230769,6.677825584761049,0,0.0,1.0,0,9.0,0.8480082485119679,0,54.0,0.7616397701486435,0,0.0,0.9556698895959355,0,63.0
260.0,3,52.0,1.0,7.469453815293362,0,0.0,1.0,0,9.0,0.8130058193032554,0,3.0,0.9117220002650388,0,0.0,0.9509442894745502,0,12.0
265.0,1,2.0,0.038461538461538464,8.08844691739997,0,0.0,1.0,1,5.0,0.8204141435859924,0,9.0,0.8094347473661306,0,0.0,0.9485564034941006,1,14.0
270.0,4,13.0,0.25,7.281722612599392,0,0.0,1.0,1,7.0,0.8051357689621979,2,13.0,0.49024883388848167,0,0.0,0.9811457608765654,3,20.0
275.0,0,0.0,0.0,7.623297424593252,0,0.0,1.0,0,0.0,0.7666559059390109,0,9.0,0.7854029291348366,0,0.0,0.9694275542298179,0,9.0
280.0,2,7.0,0.14893617021276595,8.216392072279984,0,0.0,1.0,2,10.0,0.5280511733445744,0,3.0,0.9408154641833419,0,0.0,0.9444513700817063,2,13.0
285.0,4,25.0,0.5102040816326531,7.876257050987316,0,0.0,1.0,3,24.0,0.4716062541210653,0,39.0,0.7737467149325259,0,0.0,0.9639639062772167,3,63.0
290.0,8,56.0,1.1428571428571428,7.165068843778612,0,0.0,1.0,4,42.0,0.392326219663978,2,42.0,0.5713684927708924,0,0.0,0.9763449976182016,6,84.0
295.0,4,31.0,0.6595744680851063,7.0388083343603745,0,0.0,0.9260205989068788,0,10.0,0.6688583530563127,2,52.0,0.4357188409613181,0,0.0,0.950987722048564,2,62.0
300.0,5,48.0,1.0434782608695652,7.457891698113826,1,1.0,0.004381925911849217,0,23.0,0.7831920560551103,3,64.0,0.45426403217870276,0,0.0,0.9577147671531281,4,88.0
305.0,5,71.0,1.5434782608695652,8.391833776526047,1,6.0,4.463371454577476e-05,1,42.0,0.7962487563003168,2,89.0,0.5743731627047853,0,0.0,0.9540412873781067,4,137.0
310.0,6,98.0,1.96,7.670622367847694,1,11.0,0.0,2,49.0,0.7010874018871505,2,99.0,0.3987384248008338,0,0.0,0.9866370918551377,5,159.0
315.0,7,102.0,2.0816326530612246,7.5817611250154,1,16.0,0.0,3,58.0,0.4231642579781597,3,114.0,0.38387396156674675,0,0.0,0.9420535344986141,7,188.0
320.0,8,124.0,2.4313725490196076,7.383097481055361,0,0.0,1.0,5,81.0,0.19303620541098201,3,129.0,0.41759004212443207,0,0.0,0.969701090859637,8,210.0
325.0,9,100.0,2.0,7.010817534807203,0,0.0,1.0,6,111.0,0.24020907382027268,2,108.0,0.4828397591140508,0,0.0,0.9804266633277885,8,219.0
330.0,10,130.0,2.8260869565217392,6.438840516282853,0,0.0,1.0,6,141.0,0.1373905665706116,2,16.0,0.27047403744616993,0,0.0,0.9297760928954077,8,157.0
335.0,16,198.0,4.212765957446808,5.673549249659271,0,0.0,1.0,6,171.0,0.24140140800709564,4,35.0,0.3256010038254316,0,0.0,0.9669954480253131,10,206.0
340.0,13,157.0,3.488888888888889,5.607284183331048,0,0.0,1.0,2,107.0,0.3703327201156346,4,55.0,0.3313293634405568,0,0.0,0.9504808674110339,6,162.0
345.0,11,182.0,3.872340425531915,6.503364753109976,0,0.0,1.0,1,25.0,0.578240521805849,4,75.0,0.18221964213545486,0,0.0,0.9531551057020767,5,100.0
350.0,2,35.0,0.7291666666666666,7.118806196633571,0,0.0,1.0,2,35.0,0.6429058339454101,0,0.0,0.5504950543523245,0,0.0,0.6524238673419974,2,35.0
355.0,6,57.0,1.163265306122449,6.882722361130826,0,6.0,0.5127966745290338,2,51.0,0.44463148848697714,0,0.0,0.9104127312800813,1,4.0,0.3418867445241916,3,61.0
360.0,4,54.0,1.148936170212766,7.168488058245919,0,0.0,0.7077746811308956,1,46.0,0.702625740886087,0,0.0,0.89878633733929,2,13.0,0.2522492602694574,3,59.0
365.0,4,74.0,1.510204081632653,7.469928192894829,0,0.0,1.0,1,51.0,0.7571574970509495,0,0.0,0.9318230458376209,2,23.0,0.10371830299864712,3,74.0
370.0,4,57.0,1.14,7.582060517224033,0,0.0,1.0,1,56.0,0.7693202839145054,0,3.0,0.9202691828002767,0,13.0,0.35477655983157175,1,72.0
375.0,2,59.0,1.1568627450980393,8.454094023483735,0,0.0,1.0,1,58.0,0.7563506815855537,0,9.0,0.8067609220493178,0,0.0,0.9611721465682195,1,67.0
380.0,5,74.0,1.3962264150943395,7.824750485506775,0,0.0,1.0,2,65.0,0.6162979854066282,2,12.0,0.511907281160554,0,0.0,0.964494614342652,4,77.0
385.0,8,108.0,2.076923076923077,7.326835315394064,0,0.0,1.0,2,72.0,0.5385189466927913,5,40.0,0.39983085839313975,0,0.0,0.9606891846746152,7,112.0
390.0,10,152.0,3.1020408163265305,7.032139495400008,0,0.0,1.0,3,83.0,0.3853550058708565,6,68.0,0.324562227658035,0,0.0,0.9266329220513336,9,151.0
395.0,9,163.0,3.196078431372549,6.79054272046914,0,0.0,1.0,3,98.0,0.2865270133443288,3,55.0,0.3292690109136811,0,0.0,0.9297361191975752,6,153.0
400.0,9,195.0,3.611111111111111,7.2279785496274815,0,0.0,1.0,4,120.0,0.4558244314080363,2,51.0,0.5252703582529503,0,0.0,0.974931734442228,6,171.0
405.0,10,241.0,4.547169811320755,7.309657900250852,0,0.0,1.0,5,144.0,0.45912118552342224,2,49.0,0.5802671614232425,0,0.0,0.9589652122156622,7,193.0
410.0,8,214.0,4.115384615384615,7.553939102889222,0,0.0,1.0,6,195.0,0.46871924927783887,2,59.0,0.48644517951841715,0,0.0,0.9669681963303625,8,254.0
415.0,6,194.0,3.5925925925925926,7.389314917534185,0,0.0,0.09635997525041591,6,225.0,0.49403120351380125,0,36.0,0.403486579826295,0,0.0,0.9879817071315984,6,261.0
420.0,6,138.0,2.6037735849056602,7.849111007747455,1,5.0,8.444045969465282e-05,4,172.0,0.5166366753813777,1,4.0,0.7217603920385571,0,0.0,0.9382195634461069,6,181.0
425.0,3,124.0,2.5833333333333335,7.96829986432036,1,10.0,0.0,1,141.0,0.5924316842653425,1,9.0,0.4971610226221217,0,0.0,0.9322505032075269,3,160.0
430.0,6,135.0,2.7551020408163267,7.355479748194568,0,0.0,1.0,3,123.0,0.3917044214437241,3,21.0,0.3873192089748289,0,0.0,0.9385326667603909,6,144.0
435.0,5,138.0,2.875,7.441527012401167,0,0.0,1.0,4,141.0,0.2171058908899619,0,3.0,0.843257515715606,0,0.0,0.9422410634818322,4,144.0
440.0,9,171.0,3.5625,7.427564992389148,0,3.0,0.5974620136966955,6,168.0,0.2902231842835294,1,6.0,0.7654544702530915,0,0.0,0.988935882454445,7,177.0
445.0,8,210.0,4.375,7.066670775027123,0,0.0,0.7731336605754677,6,198.0,0.31793656834192496,1,11.0,0.7597254153838885,0,0.0,0.9347611177006044,7,209.0
450.0,9,255.0,5.1,7.010261819381294,0,0.0,1.0,6,233.0,0.32570658706812533,1,16.0,0.5593002064859993,0,0.0,0.968204906647956,7,249.0
455.0,11,306.0,5.884615384615385,6.921734880170011,0,0.0,1.0,7,264.0,0.29704467911649635,2,26.0,0.6363015030907331,0,0.0,0.8991956630907699,9,290.0
460.0,4,180.0,3.3333333333333335,7.151753269223125,0,0.0,1.0,1,167.0,0.5521680114285946,1,23.0,0.541012110529514,1,2.0,0.641166782463354,3,192.0
465.0,4,183.0,3.327272727272727,7.990445595381951,0,3.0,0.8935873685239976,1,148.0,0.7284014457532685,2,31.0,0.4568505740575754,1,7.0,0.6116488996642402,4,189.0
470.0,4,203.0,3.9038461538461537,8.341078073003356,0,0.0,1.0,1,150.0,0.7820911852190583,2,44.0,0.6089097163736161,1,12.0,0.6207009238224008,4,206.0
475.0,3,206.0,3.9615384615384617,7.9601101098854645,0,0.0,1.0,1,155.0,0.5899872297555911,2,75.0,0.4168689742269697,0,0.0,0.8620079402094877,3,230.0
480.0,5,209.0,4.26530612244898,7.301151759135298,0,0.0,1.0,2,161.0,0.4809598649793919,3,78.0,0.44536176847871867,0,0.0,0.9874387816086773,5,239.0
485.0,7,241.0,5.239130434782608,7.259896205128392,0,0.0,1.0,2,171.0,0.5623168158468259,4,91.0,0.3207624825976096,0,0.0,0.9856223413149211,6,262.0
490.0,9,275.0,6.111111111111111,6.7804360831268395,0,0.0,1.0,3,184.0,0.5340963921544373,4,111.0,0.32836022344177396,0,0.0,0.9840633804976332,7,295.0
495.0,10,323.0,7.177777777777778,6.114323170616241,0,0.0,0.9704152867409209,4,202.0,0.47782186180636127,4,131.0,0.19236223246388634,0,0.0,0.5261005923863732,8,333.0
500.0,12,362.0,8.227272727272727,6.039489315972599,1,3.0,0.49053187964688416,4,222.0,0.4811031393591207,4,148.0,0.0,1,4.0,0.4864854768304289,10,377.0
505.0,12,409.0,8.702127659574469,5.872927934274083,2,11.0,0.00011744806517385429,5,242.0,0.35262858858756724,4,168.0,0.0,1,9.0,0.6644062551695004,12,430.0
510.0,12,468.0,9.957446808510639,6.495789652021904,2,21.0,0.0,5,272.0,0.4720379254858329,4,188.0,0.0,1,14.0,0.6210620854358103,12,495.0
515.0,12,511.0,11.355555555555556,6.6510810870090005,2,31.0,0.0,5,297.0,0.3599684663821654,4,208.0,0.0,0,0.0,0.9987110551247393,11,536.0
520.0,11,368.0,7.829787234042553,5.9949541071788826,2,41.0,0.0,5,126.0,0.15375142329942448,4,231.0,0.1707348185212041,0,0.0,0.9549325106232219,11,398.0
525.0,14,391.0,7.979591836734694,6.323247202132631,0,0.0,1.0,8,160.0,0.12402472576540649,6,264.0,0.21471765273560017,0,0.0,0.9595757170945914,14,424.0
530.0,12,441.0,8.82,5.922743508843996,0,0.0,1.0,8,200.0,0.17571714821834852,4,274.0,0.3201027755289615,0,0.0,0.9860198801158302,12,474.0
535.0,13,504.0,10.08,6.3944868788959255,0,0.0,1.0,8,240.0,0.18791290102872413,5,294.0,0.26905499877711153,0,0.0,0.9749359667206767,13,534.0
540.0,11,531.0,10.211538461538462,6.381643639643853,0,0.0,1.0,6,256.0,0.3286839506968378,5,319.0,0.2800078902971347,0,0.0,0.9305115844538948,11,575.0
545.0,14,595.0,11.226415094339623,5.898121340278475,0,0.0,1.0,7,271.0,0.33571000653212574,6,348.0,0.12313650057553037,0,0.0,0.9405016831023394,13,619.0
550.0,13,657.0,12.634615384615385,6.311046226733212,0,0.0,1.0,7,306.0,0.40622548822187693,6,381.0,0.2763839060395379,0,0.0,0.6457056572209218,13,687.0
555.0,14,727.0,14.83673469387755,6.7879657286937825,0,0.0,1.0,7,341.0,0.4495824835350375,6,411.0,0.3133491256615381,1,5.0,0.6380522041008766,14,757.0
560.0,8,425.0,8.333333333333334,6.95774510551426,0,0.0,1.0,0,55.0,0.5579882369625736,7,442.0,0.2795025700834565,1,10.0,0.7211361049784448,8,507.0
565.0,12,477.0,9.0,6.852899429336146,0,0.0,1.0,1,5.0,0.5775085263440539,7,477.0,0.2851035566500812,1,15.0,0.6248420968819197,9,497.0
570.0,9,499.0,9.784313725490197,7.286780318669711,0,0.0,1.0,1,7.0,0.4888461111919824,6,507.0,0.4208979087628617,0,0.0,0.7258633771305806,7,514.0
575.0,10,545.0,10.9,7.984536427388275,0,0.0,1.0,1,20.0,0.6156419893249525,7,541.0,0.5713616236378346,0,0.0,0.9934365260403895,8,561.0
580.0,7,540.0,10.8,8.056895918790948,0,0.0,1.0,0,8.0,0.9391785078048942,7,567.0,0.5376076879026744,0,0.0,0.943058837418473,7,575.0
585.0,8,576.0,11.52,6.968424882944005,0,0.0,1.0,1,1.0,0.7341195091378123,7,602.0,0.4513768541371438,0,0.0,0.9414588208015116,8,603.0
590.0,9,619.0,12.895833333333334,7.004118005076273,0,0.0,1.0,1,6.0,0.7687170339005565,8,643.0,0.4715572670689088,0,0.0,0.9516642892527947,9,649.0
595.0,10,664.0,13.833333333333334,6.864461541964171,0,0.0,0.6395498677593889,2,11.0,0.4991277041259852,8,683.0,0.4941249304409458,0,0.0,0.8464370108418668,10,694.0
600.0,9,696.0,15.130434782608695,6.90311615701002,1,3.0,0.4688986090071259,0,0.0,0.8232740046846966,8,717.0,0.4152517431002089,0,0.0,0.9721734711393806,9,720.0
605.0,6,436.0,9.27659574468085,6.861645031517983,0,0.0,0.11157197199503956,0,0.0,0.9520451883668889,6,588.0,0.331893907204199,0,0.0,0.9432010684666292,6,588.0
610.0,5,72.0,1.469387755102041,7.830142239209301,0,3.0,0.876811281202773,0,0.0,0.97228400456363,5,348.0,0.3685214666355045,0,0.0,0.9515229588406663,5,351.0
615.0,6,100.0,2.0408163265306123,8.736668418389039,0,0.0,1.0,0,0.0,0.9555890007089956,6,171.0,0.4305570419080006,0,0.0,0.7547039268395616,6,171.0
620.0,10,139.0,2.7254901960784315,7.75882288602648,0,0.0,0.9727121514942877,0,0.0,0.9495698724790946,8,138.0,0.27907354391517336,2,5.0,0.4745620980594975,10,143.0
625.0,11,192.0,3.764705882352941,7.4412428566546716,0,0.0,1.0,0,0.0,0.9791479613229183,9,176.0,0.22570736468447045,2,15.0,0.49000915214593754,11,191.0
630.0,8,128.0,2.5098039215686274,6.758279667572616,0,0.0,1.0,0,0.0,0.9573851658630227,8,163.0,0.2433736447878049,0,0.0,0.7790722530007819,8,163.0
635.0,8,137.0,2.8541666666666665,6.942084413890271,0,0.0,1.0,1,4.0,0.7490815791831398,7,141.0,0.18716100652948167,0,0.0,0.9933834905139765,8,145.0
640.0,11,188.0,4.086956521739131,6.7073992954711406,0,0.0,1.0,1,6.0,0.7191887416390875,10,181.0,0.0866058118452712,0,0.0,0.9613438508289779,11,187.0
645.0,11,234.0,5.086956521739131,7.036185926592379,0,0.0,1.0,0,0.0,0.9407151547950426,11,248.0,0.20378326271305403,0,0.0,0.9451106018552832,11,248.0
650.0,3,73.0,1.5869565217391304,7.207524534330822,0,0.0,1.0,0,0.0,0.9692901664502612,3,131.0,0.16150486414784584,0,0.0,0.9577593002367695,3,131.0
655.0,0,0.0,0.0,8.479069234478533,0,6.0,0.6977381459609603,0,3.0,0.7958140101769581,0,77.0,0.5335201035222967,0,0.0,0.9427874872109956,0,86.0
660.0,1,1.0,0.020833333333333332,8.403031658939561,0,9.0,0.2305902786340935,0,6.0,0.8957654293187461,0,3.0,0.9490047101873432,0,0.0,0.932219144220623,0,18.0
665.0,5,22.0,0.4782608695652174,8.238115528253616,4,25.0,0.03028609961807115,0,6.0,0.9583667416114505,0,3.0,0.970643874890066,0,0.0,0.9538336740453062,4,34.0
670.0,6,48.0,0.9795918367346939,7.904900530980762,5,46.0,0.0052595861283055234,0,6.0,0.8338417960409942,0,3.0,0.9426182358444213,0,0.0,0.984730515424,5,55.0
675.0,3,24.0,0.5,7.9374622138096305,0,20.0,0.033631091043157216,1,10.0,0.8097875240258511,0,3.0,0.9718600503128375,0,0.0,0.9448051983993567,1,33.0
680.0,4,40.0,0.8695652173913043,7.35603243748904,0,0.0,1.0,1,15.0,0.7555027963934948,0,3.0,0.3445503417288867,0,0.0,0.9355203848744504,1,18.0
685.0,9,47.0,0.9591836734693877,6.940545593691882,0,0.0,1.0,4,23.0,0.34670229238595135,2,11.0,0.5034567135113692,0,0.0,0.9591386988375966,6,34.0
690.0,8,60.0,1.2765957446808511,6.914443113510783,0,0.0,1.0,5,44.0,0.18352646959731322,3,25.0,0.38630528051464025,0,0.0,0.9679624624631802,8,69.0
695.0,7,72.0,1.565217391304348,6.826001711589858,0,0.0,1.0,6,74.0,0.2513732304090316,0,0.0,0.3845256412411362,0,0.0,0.9442989395931596,6,74.0
700.0,9,111.0,2.3617021276595747,6.970976859491068,0,6.0,0.6457599589647963,7,109.0,0.28865127584440703,1,2.0,0.0003959199420084199,0,0.0,0.9708794137098509,8,117.0
705.0,8,55.0,1.1,6.854091637819323,2,8.0,0.0007055369112135554,3,36.0,0.5011306656872584,1,7.0,0.0,0,0.0,0.9798439152836095,6,51.0
710.0,6,66.0,1.434782608695652,7.308190700638681,2,18.0,1.2444825815980474e-05,3,45.0,0.5967635925425655,1,12.0,0.48809019902510836,0,0.0,0.9621031375246218,6,75.0
715.0,3,57.0,1.2127659574468086,8.141512631835033,0,0.0,1.0,3,60.0,0.6046470614764697,0,6.0,0.719967815944491,0,0.0,0.9623599963980362,3,66.0
720.0,5,77.0,1.6382978723404256,8.573762987176664,0,0.0,1.0,4,77.0,0.533166592064807,1,10.0,0.7577857245088568,0,0.0,0.9407631221733503,5,87.0
725.0,2,10.0,0.2127659574468085,7.86358922032913,0,0.0,1.0,0,29.0,0.5094862740494283,1,15.0,0.6449909176081571,0,0.0,0.9506680878725897,1,44.0
730.0,7,39.0,0.8478260869565217,7.117593287385136,0,0.0,1.0,2,9.0,0.44147220192047393,2,24.0,0.6915216522136529,0,0.0,0.9897185994292681,4,33.0
735.0,4,32.0,0.6808510638297872,7.395007692853547,0,0.0,1.0,3,23.0,0.3675355362789002,0,17.0,0.7358097704902826,0,0.0,0.9947937294171376,3,40.0
740.0,6,60.0,1.25,7.511762029490835,0,0.0,1.0,3,53.0,0.4663002058714153,1,14.0,0.6872892811261619,0,0.0,0.9434750176926016,4,67.0
745.0,11,110.0,2.391304347826087,7.30299569261662,0,0.0,0.6185071841208039,4,73.0,0.4249301426789198,2,17.0,0.5654369375979493,0,0.0,0.8870114176041143,6,90.0
750.0,14,176.0,3.911111111111111,6.049311688385385,2,8.0,0.15104546184499204,5,81.0,0.34937014812406225,2,27.0,0.485384051491722,0,0.0,0.8675445688506099,9,116.0
755.0,11,198.0,4.4,6.202713296374636,0,0.0,0.07793985433932363,5,106.0,0.3700304168756023,0,16.0,0.6629229237821712,0,0.0,0.9400797283612649,5,122.0
760.0,11,221.0,4.804347826086956,6.68687245204987,0,0.0,1.0,6,133.0,0.21543524352272306,0,3.0,0.9231897955299242,0,0.0,0.9410490041781835,6,136.0
765.0,0,0.0,0.0,7.036049026827616,0,0.0,1.0,0,23.0,0.5190322177830587,0,0.0,0.8776678011953579,0,0.0,0.8845128167852457,0,23.0
770.0,0,0.0,0.0,8.108244168308786,0,0.0,1.0,0,0.0,0.9637913578049833,0,33.0,0.6158882300854727,0,0.0,0.9885286580634861,0,33.0
775.0,3,9.0,0.20930232558139536,7.888904625770608,0,0.0,1.0,0,0.0,0.9666333820290092,3,17.0,0.44328699027418467,0,0.0,0.9496393096190097,3,17.0
780.0,4,28.0,0.6666666666666666,8.574763987947913,0,0.0,1.0,0,0.0,0.9650589389080171,4,57.0,0.5773034325665242,0,0.0,0.9506894108375396,4,57.0
785.0,5,49.0,1.3243243243243243,8.255213122057306,0,0.0,1.0,0,6.0,0.7901070250515926,5,78.0,0.47213431204845974,0,0.0,0.983661387615757,5,84.0
790.0,5,74.0,1.9473684210526316,8.042152560281748,0,0.0,1.0,0,9.0,0.8555763276507283,5,103.0,0.47980888640182245,0,0.0,0.9175538552033157,5,112.0
795.0,6,103.0,2.710526315789474,8.374521180358743,0,0.0,1.0,0,3.0,0.7460779662821506,6,132.0,0.5127497659500329,0,0.0,0.9526244555248988,6,135.0
800.0,4,48.0,1.2,7.966482488254516,0,0.0,1.0,1,5.0,0.726704719356707,3,94.0,0.41334673620714557,0,0.0,0.9610841207648079,4,99.0
805.0,3,37.0,0.925,8.402482414417559,0,0.0,0.36504472931502835,1,13.0,0.6384128124291819,2,74.0,0.5150741806081872,0,0.0,0.9715397234387073,3,87.0
810.0,7,63.0,1.5365853658536586,8.010257694323984,3,9.0,0.04781575194524665,1,21.0,0.7778708136817111,2,58.0,0.5633808372435716,0,0.0,0.9745631041845562,6,88.0
815.0,6,78.0,1.813953488372093,7.590563479908129,3,24.0,0.006876485482219843,0,6.0,0.6640512697710537,2,68.0,0.471236647399697,0,0.0,0.9441804233106286,5,98.0
820.0,8,114.0,2.590909090909091,7.557733805272827,4,41.0,0.0481477594496617,1,10.0,0.7568659428002984,2,78.0,0.32479639817255895,0,0.0,0.9393022344724509,7,129.0
825.0,9,147.0,3.2666666666666666,7.892156703781205,4,61.0,0.0035696434547656587,1,15.0,0.7129047703841123,4,101.0,0.4031440959914007,0,0.0,0.9374646022164617,9,177.0
830.0,11,197.0,4.104166666666667,7.546791382532998,5,83.0,0.001717532440980344,2,23.0,0.6496923463433728,4,121.0,0.4112237926400969,0,0.0,0.9724094242226887,11,227.0
835.0,13,257.0,5.354166666666667,7.040515651766785,5,108.0,0.00014963330197836455,3,37.0,0.5143598687287656,4,141.0,0.3994720581640457,1,1.0,0.3302075307025213,13,287.0
840.0,15,305.0,6.354166666666667,6.684512891054183,5,133.0,4.296808433187373e-05,7,61.0,0.18873934894207486,3,141.0,0.6067418520435639,0,0.0,0.9963426361723056,15,335.0
845.0,13,225.0,4.591836734693878,5.910524330013759,0,42.0,0.034677193739394624,7,99.0,0.15497327488306728,4,156.0,0.4109473179457165,0,0.0,0.9730425240420268,11,297.0
850.0,16,300.0,5.769230769230769,6.081707426797515,0,0.0,0.5451479255174018,7,134.0,0.25914180510144885,6,180.0,0.00013679905951337576,0,0.0,0.9831209410427871,13,314.0
855.0,16,283.0,5.339622641509434,6.061789664274635,0,0.0,1.0,5,108.0,0.3689553928515922,6,210.0,0.0,0,0.0,0.9827894756554122,11,318.0
860.0,17,364.0,6.7407407407407405,6.847076647867148,0,0.0,1.0,5,91.0,0.4791311049661039,6,240.0,0.0,0,0.0,0.9690842460263288,11,331.0
865.0,16,413.0,7.509090909090909,6.576088771609914,0,0.0,1.0,6,116.0,0.3753948328396673,4,250.0,0.017757582073446708,0,0.0,0.9953776089085153,10,366.0
870.0,18,499.0,9.24074074074074,6.7656397040434735,0,0.0,1.0,7,144.0,0.3290249678332721,4,254.0,0.0,0,0.0,0.9983093571499925,11,398.0
875.0,19,590.0,12.040816326530612,5.972155793575959,0,0.0,1.0,8,180.0,0.21365898352085502,4,274.0,0.0027133195115619144,0,0.0,0.9535426964234125,12,454.0
880.0,20,690.0,15.0,4.9730687259009025,0,0.0,1.0,8,220.0,0.16052393424487546,5,299.0,0.1534660424269744,0,0.0,0.9810753230725641,13,519.0
885.0,21,792.0,17.217391304347824,4.515893519554486,0,0.0,1.0,8,260.0,0.09629708639015588,5,324.0,0.3448902715518975,0,0.0,0.9541497432324368,13,584.0
890.0,21,710.0,14.791666666666666,4.612820684926747,0,0.0,1.0,9,305.0,0.06678905458319855,3,221.0,0.4563594148862764,0,0.0,0.9664325746730557,12,526.0
895.0,18,603.0,13.108695652173912,4.8664078734314575,0,3.0,0.9599503772946398,10,354.0,0.08305246144298463,1,67.0,0.5916119346446782,0,0.0,0.9427779444282546,11,424.0
900.0,19,631.0,14.340909090909092,5.192751069940865,0,0.0,1.0,11,427.0,0.19684160336969486,4,33.0,0.34311404326628503,0,0.0,0.9866522245512185,15,460.0
905.0,11,325.0,7.558139534883721,5.25059545064572,0,0.0,0.8823201354299849,2,152.0,0.36292587995657166,5,55.0,4.878234303638247e-05,0,0.0,0.9648915160614457,7,207.0
910.0,10,361.0,8.804878048780488,5.301623092104765,0,0.0,1.0,1,59.0,0.30410193559695803,5,80.0,0.05730877169064801,0,0.0,0.9780076348133495,6,139.0
915.0,5,99.0,2.4146341463414633,6.889465390331311,0,0.0,1.0,1,49.0,0.6902428703153368,3,55.0,0.408824713521129,0,0.0,0.9587530191424101,4,104.0
920.0,4,115.0,2.8048780487804876,7.831061375551711,0,0.0,1.0,1,60.0,0.690583989097733,3,70.0,0.6155509984515312,0,0.0,0.9639478464538527,4,130.0
925.0,5,138.0,3.1363636363636362,7.942598911135363,0,0.0,1.0,2,68.0,0.649293186869596,3,85.0,0.5847193585798768,0,0.0,0.9637897454643538,5,153.0
930.0,7,169.0,3.7555555555555555,7.98980753712066,0,0.0,1.0,3,81.0,0.6039073657527414,3,149.0,0.6524322837211227,0,0.0,0.9858707995258293,6,230.0
935.0,7,204.0,4.744186046511628,8.135125277968752,0,0.0,1.0,3,96.0,0.6681081659853467,3,115.0,0.6332490073584631,0,0.0,0.9612665983201494,6,211.0
940.0,7,239.0,5.690476190476191,7.721114778918898,0,0.0,1.0,3,158.0,0.6781016306720203,3,130.0,0.6175535579923658,0,0.0,0.9521636289073475,6,288.0
945.0,12,289.0,6.880952380952381,7.071832720037402,0,0.0,1.0,4,216.0,0.6351594425703022,6,153.0,0.2551186054560958,0,0.0,0.9550498132827745,10,369.0
950.0,13,350.0,7.954545454545454,6.4927677453699095,0,0.0,1.0,5,270.0,0.5227115802090415,6,183.0,0.23259348074215527,0,0.0,0.9936317935885569,11,453.0
955.0,16,383.0,8.704545454545455,5.812786787990322,0,0.0,1.0,7,299.0,0.34984114822109963,9,220.0,0.11497049850066009,0,0.0,0.9751304026940988,16,519.0
960.0,16,463.0,10.522727272727273,5.621307928474777,0,0.0,1.0,7,334.0,0.30808517797526597,9,265.0,0.18932057560108823,0,0.0,0.9785699653840847,16,599.0
965.0,19,552.0,12.837209302325581,5.499271718192675,0,0.0,1.0,8,374.0,0.254246011789855,11,315.0,0.09509994944587628,0,0.0,0.9373495380500374,19,689.0
970.0,20,648.0,14.727272727272727,5.344542466071017,0,0.0,1.0,9,415.0,0.14711492203846935,11,370.0,0.07703205042529021,0,0.0,0.9829022899241036,20,785.0
975.0,14,566.0,12.304347826086957,5.311337731268096,0,0.0,1.0,10,464.0,0.10222504756824524,4,281.0,0.1459522038118423,0,0.0,0.9795163929510885,14,745.0
980.0,16,637.0,13.847826086956522,5.471688328792803,0,6.0,0.606452780473472,11,520.0,0.1780349810902065,4,266.0,0.31946309637512144,1,2.0,0.473032529658601,16,794.0
985.0,15,710.0,14.791666666666666,6.3753689728193494,0,0.0,0.6988116702509517,11,578.0,0.27259876139976547,4,264.0,0.31823026749471167,0,0.0,0.9947527199303573,15,842.0
990.0,16,787.0,16.395833333333332,6.264318367079679,0,0.0,0.7413922559009433,12,635.0,0.2694238357306442,4,287.0,0.3372411575993594,0,0.0,0.9765709723759327,16,922.0
995.0,19,875.0,17.15686274509804,5.946210716510633,0,0.0,1.0,13,700.0,0.21847911461821087,6,310.0,0.23792965704478417,0,0.0,0.9438321595820116,19,1010.0
1000.0,20,973.0,19.46,5.515915677938052,0,0.0,1.0,14,765.0,0.21401590659326755,6,340.0,0.21919004827575708,0,0.0,0.9505401840476895,20,1105.0
1005.0,20,939.0,18.41176470588235,5.762118571814492,0,0.0,1.0,13,696.0,0.2167670703016944,7,375.0,0.19876162472459077,0,0.0,0.966638909367787,20,1071.0
1010.0,22,1043.0,20.057692307692307,5.5664990242652745,0,0.0,1.0,14,759.0,0.20863323708361114,8,416.0,0.1977153213478808,0,0.0,0.9602475477973075,22,1175.0
1015.0,24,1157.0,24.104166666666668,4.518596228069,0,0.0,1.0,16,833.0,0.10267657045498818,8,456.0,0.22819086292778953,0,0.0,0.9476056317134187,24,1289.0
1020.0,22,1222.0,25.458333333333332,4.175635187763025,0,0.0,1.0,17,917.0,0.0539843102531735,5,434.0,0.23205222376224266,0,0.0,0.9434400655362414,22,1351.0
1025.0,18,1283.0,25.66,4.642556562860462,0,3.0,0.8084064358552263,13,967.0,0.1726504032991983,5,459.0,0.16119545463663892,0,0.0,0.7966060497744702,18,1429.0
1030.0,20,1380.0,26.037735849056602,4.936835550357925,1,6.0,0.011512453706457957,13,1026.0,0.2729369524836422,5,484.0,0.15905704380371907,1,4.0,0.647289780859157,20,1520.0
1035.0,22,1487.0,27.537037037037038,5.133551366734535,2,16.0,9.3712410519207e-06,14,1093.0,0.27996099038325145,5,512.0,0.35957714709261857,1,9.0,0.7083973948298075,22,1630.0
1040.0,22,1515.0,27.545454545454547,4.955079540404432,0,0.0,1.0,15,1164.0,0.24820904580697242,5,475.0,0.2756795267127719,2,16.0,0.469829739539043,22,1655.0
1045.0,17,1165.0,20.43859649122807,5.4880109213529105,0,0.0,1.0,12,1002.0,0.316706240431743,5,500.0,0.2707537621952207,0,0.0,0.9484272766738515,17,1502.0
1050.0,9,541.0,9.660714285714286,6.571008921792029,0,0.0,1.0,4,534.0,0.40313534850079025,5,531.0,0.34861472474208344,0,0.0,0.9355373022962984,9,1065.0
1055.0,10,570.0,10.178571428571429,6.9570308312968745,0,0.0,1.0,5,244.0,0.3469294858640678,5,556.0,0.30108707129202694,0,0.0,0.9632103734958051,10,800.0
1060.0,11,307.0,5.581818181818182,7.5780817510531575,0,0.0,1.0,5,62.0,0.323214741885565,5,426.0,0.41259181570664133,0,0.0,0.9248254172128343,10,488.0
1065.0,11,132.0,2.2758620689655173,6.987023782793542,0,0.0,1.0,6,85.0,0.10089425719078517,4,126.0,0.39989741168507914,0,0.0,0.9715314192624651,10,211.0
1070.0,14,198.0,3.7358490566037736,6.06204672670842,0,0.0,1.0,7,120.0,0.06343100986853119,6,84.0,0.3372197338347563,0,0.0,0.7881303402768493,13,204.0
1075.0,17,279.0,5.264150943396227,5.828965746157495,0,0.0,1.0,8,160.0,0.10623559622506874,7,117.0,0.3623535920482855,0,0.0,0.9492016742724196,15,277.0
1080.0,12,238.0,4.407407407407407,5.474305034938815,0,0.0,1.0,8,200.0,0.10981915469885638,2,41.0,0.42301525220946956,0,0.0,0.9803612492596991,10,241.0
1085.0,8,234.0,4.415094339622642,6.320329395437776,0,3.0,0.5912296490422914,8,246.0,0.30830587743396715,0,16.0,0.6368096873682818,0,0.0,0.9460813305981385,8,265.0
1090.0,8,274.0,5.074074074074074,7.53875346286298,0,0.0,0.9330413209242838,8,286.0,0.37477456990453806,0,0.0,0.9884676147825089,0,0.0,0.9729693854779272,8,286.0
1095.0,8,314.0,5.814814814814815,6.8780067933403055,0,0.0,1.0,8,326.0,0.36882273147775013,0,0.0,0.8781634904102836,0,0.0,0.9564956771526683,8,326.0
1100.0,9,359.0,6.773584905660377,7.50626010338067,0,0.0,1.0,9,371.0,0.3617818722249555,0,0.0,0.9667009605198568,0,0.0,0.9553489600470615,9,371.0
1105.0,2,117.0,2.2941176470588234,7.1801296240107595,0,0.0,1.0,2,171.0,0.4241903109445671,0,0.0,0.956291764404781,0,0.0,0.975919665142247,2,171.0
1110.0,3,132.0,2.5384615384615383,7.6298080445426795,0,0.0,1.0,3,138.0,0.5421805091419913,0,0.0,0.6466868406202922,0,0.0,0.9897406644588566,3,138.0
1115.0,4,152.0,2.8679245283018866,8.196084299297322,0,0.0,1.0,3,150.0,0.5344443106819776,1,11.0,0.72498812964268,0,0.0,0.9212657434260805,4,161.0
1120.0,4,172.0,3.5833333333333335,8.537123030399323,0,0.0,1.0,3,162.0,0.4785179776659055,1,16.0,0.8071345596099609,0,0.0,0.9809565211625553,4,178.0
1125.0,1,20.0,0.4,8.598920816381717,0,0.0,1.0,1,20.0,0.31319748318702134,0,6.0,0.9651307259326503,0,0.0,0.960642381551124,1,26.0
1130.0,2,30.0,0.625,8.709031389282337,0,0.0,1.0,2,33.0,0.5177653491939948,0,6.0,0.9765820929816694,0,0.0,0.947143969152214,2,39.0
1135.0,4,42.0,0.8571428571428571,8.194592690846084,0,0.0,0.9230848734854611,3,43.0,0.5210538723014395,0,6.0,0.9559974035902599,0,0.0,0.969634465614508,3,49.0
1140.0,5,63.0,1.3125,8.210780754236092,0,0.0,0.05848019144507373,3,54.0,0.535649165088814,0,6.0,0.941351302002305,0,0.0,0.9468693414923043,3,60.0
1145.0,5,48.0,1.0666666666666667,7.30975823549458,1,4.0,0.0,2,45.0,0.6478679344681265,2,8.0,0.41901307371869395,0,0.0,0.9544530673038196,5,57.0
1150.0,9,81.0,1.7608695652173914,6.756383623594708,0,0.0,1.0,4,60.0,0.4322472888660291,4,26.0,0.3502527499008483,0,0.0,0.9525820729827009,8,86.0
1155.0,11,125.0,2.6595744680851063,6.709083792843604,0,0.0,1.0,6,85.0,0.4273748005167294,5,55.0,0.3622907691254693,0,0.0,0.8475296158977449,11,140.0
1160.0,12,185.0,3.9361702127659575,6.921676826654072,0,0.0,1.0,6,112.0,0.18185176038959883,6,85.0,0.36809739073931513,0,0.0,0.9290821655796146,12,197.0
1165.0,11,136.0,3.090909090909091,6.682783924253221,0,0.0,1.0,3,66.0,0.18698224949099984,8,119.0,0.2580998031004063,0,0.0,0.9251082404279862,11,185.0
1170.0,9,163.0,3.5434782608695654,7.726878733984757,0,0.0,1.0,1,16.0,0.6305355361225152,8,156.0,0.23841999587486976,0,0.0,0.9506083073910536,9,172.0
1175.0,11,210.0,4.468085106382978,7.156136131246928,0,0.0,1.0,1,21.0,0.5749870799870954,9,201.0,0.3303591725765259,0,0.0,0.9612998092325868,10,222.0
1180.0,15,269.0,5.723404255319149,6.144668501398552,0,0.0,1.0,2,30.0,0.3307290464411822,10,248.0,0.28210191904678156,0,0.0,0.940263796178626,12,278.0
1185.0,9,130.0,2.8260869565217392,5.664157058205391,0,0.0,1.0,1,31.0,0.728264431917817,4,127.0,0.344011916415346,0,0.0,0.9561596159859838,5,158.0
1190.0,6,115.0,2.4468085106382977,7.322777989539263,0,6.0,0.5652528299486214,1,39.0,0.721255850723978,1,87.0,0.5363353735883046,0,0.0,0.9614222569975152,2,132.0
1195.0,9,150.0,3.1914893617021276,6.842294485555847,1,10.0,0.21962060322175206,3,54.0,0.553484613028258,1,49.0,0.7809241723348023,0,0.0,0.7241882771546106,5,113.0
1200.0,13,194.0,3.9591836734693877,6.905929584241844,4,29.0,0.020087194817736482,3,69.0,0.591614451864081,1,54.0,0.7619670501750887,1,3.0,0.6580106474289291,9,155.0
1205.0,12,185.0,3.8541666666666665,6.381095009532874,6,52.0,0.0017611613478720472,1,60.0,0.7996439405026528,0,3.0,0.9643524076730503,1,8.0,0.6325055856813855,8,123.0
1210.0,8,167.0,3.34,6.54331944085812,1,28.0,0.14908654936280374,1,65.0,0.6767874747305784,1,4.0,0.644176232016019,0,0.0,0.7266399363607142,3,97.0
1215.0,10,206.0,4.382978723404255,6.707229954214158,0,3.0,0.3900534024112611,2,75.0,0.6881467033973137,1,12.0,0.4996889487328412,0,0.0,0.9558515976200213,3,90.0
1220.0,14,263.0,5.717391304347826,5.953353711618585,0,0.0,1.0,3,86.0,0.3094757302861763,4,23.0,0.47621336795145497,0,0.0,0.9461364633829152,7,109.0
1225.0,8,275.0,5.729166666666667,5.948286420841547,0,0.0,1.0,1,71.0,0.5518645847617496,0,5.0,0.3409043679453081,0,0.0,0.9428423933814439,1,76.0
1230.0,9,319.0,6.38,6.262029151577963,0,3.0,0.47541327464023864,1,82.0,0.5026387183363451,1,4.0,0.25702688683592884,0,0.0,0.9820173744024048,2,89.0
1235.0,14,380.0,7.450980392156863,6.476077798445091,2,10.0,0.022707334793223746,1,87.0,0.6954780150831945,2,15.0,0.5774684692743006,0,0.0,0.9869863208447031,5,112.0
1240.0,15,424.0,8.48,5.995591061664002,3,23.0,0.00017561797725719846,1,92.0,0.756006482404064,2,25.0,0.49675994500690934,0,0.0,0.9631087759429056,6,140.0
1245.0,13,306.0,6.375,6.314193690821182,3,38.0,0.0,1,97.0,0.8195874461602245,2,35.0,0.48385915864980017,0,0.0,0.9534746233698426,6,170.0
1250.0,5,133.0,2.7708333333333335,6.414503808900169,0,0.0,1.0,2,103.0,0.6853944265015988,1,21.0,0.5957977529370644,0,0.0,0.9946744135399713,3,124.0
1255.0,6,140.0,3.111111111111111,6.995683695611194,0,0.0,1.0,2,113.0,0.6858603032459586,2,29.0,0.4870759935715806,0,0.0,0.9384056030016774,4,142.0
1260.0,7,171.0,3.8,6.769714655081134,0,0.0,1.0,3,124.0,0.41275673359432086,2,39.0,0.24968436313297215,0,0.0,0.9325010013362142,5,163.0
1265.0,9,201.0,4.1875,7.156098132844785,0,0.0,1.0,5,144.0,0.31606801501196014,3,54.0,0.231992654326552,0,0.0,0.9539990663982307,8,198.0
1270.0,7,188.0,4.177777777777778,6.350732044434395,0,0.0,1.0,1,116.0,0.5984359016969615,4,72.0,0.1853648486296753,1,1.0,0.7201384401993305,6,189.0
1275.0,5,181.0,3.851063829787234,6.516226521993359,0,0.0,1.0,1,121.0,0.4994778226219536,1,61.0,0.5734586008396896,1,5.0,0.5683013474375521,3,187.0
1280.0,5,192.0,3.9183673469387754,7.681723069640179,0,6.0,0.6638629214510117,2,134.0,0.648551675804305,1,87.0,0.7264637423614982,2,12.0,0.24542990588959404,5,239.0
1285.0,6,200.0,4.3478260869565215,7.571616121279393,2,9.0,0.0015363636969665778,2,144.0,0.563417794998164,2,95.0,0.6468447970706045,0,3.0,0.4310417289962518,6,251.0
1290.0,6,210.0,4.375,7.118672678296171,0,0.0,1.0,3,146.0,0.45247787414435187,3,113.0,0.5925126380851228,0,0.0,0.9705737529503897,6,259.0
1295.0,6,236.0,5.0212765957446805,7.533547711397008,0,0.0,1.0,2,150.0,0.6567860838001561,4,128.0,0.47706220999794613,0,0.0,0.9333348360513671,6,278.0
1300.0,6,266.0,5.782608695652174,8.57052191061585,0,0.0,1.0,2,160.0,0.6353863129695367,4,151.0,0.5777815411450192,0,0.0,0.9615134712025358,6,311.0
1305.0,5,214.0,4.976744186046512,8.553629356310603,0,0.0,1.0,3,174.0,0.6059672857997205,2,97.0,0.6489182205857628,0,0.0,0.9153414481337871,5,271.0
1310.0,7,244.0,5.4222222222222225,7.971790508160792,0,0.0,1.0,4,191.0,0.41224422532439114,3,98.0,0.45790387179677744,0,0.0,0.9182292440933294,7,289.0
1315.0,10,128.0,2.6666666666666665,6.771068516150797,0,0.0,1.0,4,50.0,0.30889117046291475,6,123.0,0.2530199922546966,0,0.0,0.9796518404176979,10,173.0
1320.0,13,188.0,3.9166666666666665,6.367614770544634,0,0.0,1.0,5,73.0,0.2627218956924942,8,164.0,0.3141974898020636,0,0.0,0.9476458195831606,13,237.0
1325.0,8,188.0,4.0,6.755943535160464,0,0.0,1.0,5,98.0,0.3116384244565318,3,142.0,0.5493527032157666,0,0.0,0.9659035325467784,8,240.0
1330.0,8,228.0,4.956521739130435,7.1655980251493645,0,0.0,1.0,5,123.0,0.33392625669408077,3,144.0,0.5521774096545257,0,0.0,0.9683404406879721,8,267.0
1335.0,9,269.0,5.489795918367347,6.594928342747807,0,6.0,0.24746819035025544,5,155.0,0.3265655663102972,3,159.0,0.466002093289187,0,0.0,0.960190988328598,8,320.0
1340.0,13,329.0,6.714285714285714,6.488372347801515,3,18.0,0.000458382173618123,6,186.0,0.3899326145823656,4,178.0,0.29498241645550743,0,0.0,0.9386156391478785,13,382.0
1345.0,13,276.0,5.411764705882353,6.811760364448108,3,33.0,0.0,6,216.0,0.4146136499571684,4,122.0,0.4174308056087173,0,0.0,0.9898203873439657,13,371.0
1350.0,9,264.0,5.176470588235294,6.836727166063915,0,3.0,0.9195708218695017,6,242.0,0.2934325899103783,3,31.0,0.322648461715985,0,0.0,0.9605267283052314,9,276.0
1355.0,5,69.0,1.38,6.2097015416473775,0,0.0,1.0,1,30.0,0.5261933432634865,4,51.0,0.3467757366713104,0,0.0,0.6544981256763828,5,81.0
1360.0,6,76.0,1.4615384615384615,7.294294919266008,0,0.0,1.0,0,3.0,0.9506130138241033,4,71.0,0.40740759706836854,1,4.0,0.619647617404222,5,78.0
1365.0,10,117.0,2.207547169811321,6.946517422857262,0,0.0,1.0,1,4.0,0.5292099388384843,4,100.0,0.578196541977225,1,9.0,0.5206155297752296,6,113.0
1370.0,10,157.0,2.8035714285714284,7.103479795265227,0,0.0,1.0,2,13.0,0.5729190510824045,4,120.0,0.6432808342781794,0,0.0,0.7618866780205765,6,133.0
1375.0,11,208.0,3.7142857142857144,6.142626123531238,0,0.0,1.0,3,24.0,0.2111687744466976,4,143.0,0.5630801933306953,0,0.0,0.8511512970744205,7,167.0
1380.0,16,283.0,5.1454545454545455,6.095775861529339,0,0.0,1.0,4,44.0,0.2775578460010368,7,174.0,0.43812421205293284,0,0.0,0.8548939528165533,11,218.0
1385.0,17,364.0,7.0,5.495496813572938,0,0.0,1.0,4,64.0,0.41467289083974407,8,210.0,0.36377020186278514,0,0.0,0.7791681743304011,12,274.0
1390.0,13,279.0,5.166666666666667,5.14782901132782,0,0.0,1.0,4,84.0,0.2610624926864829,6,191.0,0.20371846698081447,0,0.0,0.9587536489758843,10,275.0
1395.0,21,373.0,6.660714285714286,4.393636826400029,0,0.0,1.0,7,116.0,0.12054573940971246,8,183.0,0.023557516420498976,1,2.0,0.4998847997995238,16,301.0
1400.0,24,484.0,8.491228070175438,4.263874896648979,0,0.0,1.0,7,151.0,0.2067329597599611,10,226.0,0.06969248353969502,1,7.0,0.4894529608964843,18,384.0
1405.0,30,618.0,10.474576271186441,3.8429528983923826,0,0.0,1.0,8,247.0,0.17458577694987773,13,288.0,0.1295276684643622,1,12.0,0.6497542346679278,22,547.0
1410.0,31,768.0,13.241379310344827,3.522801513223584,0,0.0,1.0,8,299.0,0.22747415823838704,13,353.0,0.10971529588887155,2,18.0,0.31609386225108177,23,670.0
1415.0,28,823.0,13.491803278688524,3.6015033294594634,0,0.0,1.0,8,285.0,0.3173119452520766,14,419.0,0.0021639538282855705,0,0.0,0.9669699097993665,22,704.0
1420.0,27,798.0,13.081967213114755,3.2205581641552308,0,0.0,1.0,10,322.0,0.20039593150227167,15,500.0,0.045936795556952126,0,0.0,0.9918144770165207,25,822.0
1425.0,27,918.0,15.049180327868852,3.1497700669727555,0,0.0,1.0,12,368.0,0.16296703660068498,15,575.0,0.004565724547065671,0,0.0,0.9527894486870209,27,943.0
1430.0,18,586.0,9.451612903225806,3.805876678743183,0,0.0,1.0,12,428.0,0.18007657617321726,6,321.0,0.06463238548995238,0,0.0,0.9333797178622101,18,749.0
1435.0,11,391.0,6.741379310344827,4.636855341229001,0,3.0,0.7126998311742765,9,363.0,0.18264624687031264,2,136.0,0.1890813187867002,0,0.0,0.9527923895512384,11,502.0
1440.0,12,451.0,7.6440677966101696,5.765918934680386,0,3.0,0.4025725813919512,10,413.0,0.361937691903991,2,51.0,0.0,0,0.0,0.9396979638118701,12,467.0
1445.0,14,521.0,8.403225806451612,6.055048973904067,2,13.0,0.07954677940852292,10,463.0,0.4308004906466772,2,94.0,0.47113371733177717,0,0.0,0.9578564851505335,14,570.0
1450.0,15,595.0,9.296875,6.073546275645363,3,27.0,0.0055149012805590395,10,513.0,0.3954988909744451,2,80.0,0.6459468031464417,0,0.0,0.9524068347204222,15,620.0
1455.0,19,684.0,10.857142857142858,5.808982008467699,5,51.0,0.09608867538286214,10,563.0,0.391550077329008,3,94.0,0.5103962624909635,0,0.0,0.9425630379083856,18,708.0
1460.0,17,439.0,6.651515151515151,5.676217094976592,5,76.0,0.003130929286116789,6,418.0,0.5162969020151821,4,110.0,0.5725172199734367,0,0.0,0.9610506806800765,15,604.0
1465.0,14,234.0,3.4925373134328357,6.452942915957169,6,105.0,3.103212084267033e-05,3,164.0,0.4153892126744988,5,133.0,0.5861412870924055,0,0.0,0.931201656314883,14,402.0
1470.0,7,144.0,2.1492537313432836,7.179281118810107,0,45.0,0.056821703875199275,4,34.0,0.38826050636306253,3,141.0,0.5047818808719772,0,0.0,0.9305937880538011,7,220.0
1475.0,9,174.0,2.761904761904762,7.4469673076373395,0,0.0,0.5436954899880372,6,60.0,0.37083200010511613,3,137.0,0.45193481485594367,0,0.0,0.9301247289471213,9,197.0
1480.0,10,222.0,3.4153846153846152,7.626143057551486,0,0.0,0.7581894880304924,6,90.0,0.4065474127243566,4,147.0,0.3163205641029802,0,0.0,0.9651847757732755,10,237.0
1485.0,12,278.0,4.34375,7.469429439594269,0,0.0,1.0,8,126.0,0.29666688896818455,4,167.0,0.47054128644409143,0,0.0,0.9736003838255146,12,293.0
1490.0,13,194.0,3.0793650793650795,6.632729563945195,0,0.0,1.0,9,170.0,0.22498323110713545,4,115.0,0.2510779950985404,0,0.0,0.9370180490412219,13,285.0
1495.0,14,226.0,3.53125,6.817382819521363,0,0.0,1.0,11,220.0,0.21202186941881784,3,34.0,0.2768698884116026,0,0.0,0.903427154295774,14,254.0
1500.0,14,294.0,4.741935483870968,6.432131100950618,0,0.0,1.0,11,273.0,0.08852797804432354,3,35.0,0.2398823948864153,0,0.0,0.9795686841709645,14,308.0
1505.0,13,349.0,6.017241379310345,5.846072577171325,0,0.0,1.0,10,313.0,0.06356973742512605,3,50.0,0.014506959403498885,0,0.0,0.9552689140725452,13,363.0
1510.0,12,372.0,6.526315789473684,6.219349170188691,0,0.0,1.0,11,364.0,0.07406210752852725,1,41.0,0.034324743198845244,0,0.0,0.9239552322942175,12,405.0
1515.0,15,438.0,7.3,6.167081458744124,0,0.0,1.0,12,427.0,0.14602529543673504,1,27.0,0.0,0,0.0,0.9522102256715556,13,454.0
1520.0,19,524.0,8.733333333333333,6.2336981027458505,0,0.0,1.0,12,487.0,0.178668883820552,1,32.0,0.0,0,0.0,0.9754858588832294,13,519.0
1525.0,18,612.0,10.032786885245901,6.465235758820734,0,0.0,1.0,12,547.0,0.17676240212730074,1,37.0,0.0,0,0.0,0.9794654523254018,13,584.0
1530.0,19,704.0,11.733333333333333,6.40066460584818,0,0.0,1.0,13,609.0,0.24491189470660485,1,42.0,0.4795881363216193,0,0.0,0.969047750685428,14,651.0
1535.0,19,799.0,13.098360655737705,6.105524486551885,0,0.0,1.0,13,674.0,0.2718481508741667,1,47.0,0.4494249404027656,0,0.0,0.9504298246536836,14,721.0
1540.0,16,794.0,12.603174603174603,5.498526595993874,0,0.0,1.0,13,738.0,0.2608906456927569,1,52.0,0.4793824520356978,0,0.0,0.8265299563130115,14,790.0
1545.0,15,844.0,13.396825396825397,5.409293110933022,0,0.0,1.0,13,803.0,0.19854228677853114,2,59.0,9.557302129596356e-06,0,0.0,0.9607190364118576,15,862.0
1550.0,3,86.0,1.3870967741935485,5.755456464627565,0,0.0,1.0,2,392.0,0.2618643570976686,1,31.0,0.6124203989086456,0,0.0,0.9662900959379795,3,423.0
1555.0,5,26.0,0.40625,6.39807215237039,0,0.0,1.0,0,90.0,0.545260010524083,1,12.0,0.5319081126031143,0,0.0,0.9627784525063714,1,102.0
1560.0,10,67.0,1.0634920634920635,6.897348527683069,0,0.0,1.0,0,56.0,0.7466034226405731,2,29.0,0.6738949238960856,0,0.0,0.9449720504508182,2,85.0
1565.0,15,130.0,2.1666666666666665,6.930651542539446,0,0.0,1.0,1,52.0,0.7459587626419454,4,42.0,0.5748323926948263,0,0.0,0.9916593138954197,5,94.0
1570.0,16,207.0,3.338709677419355,6.951517165429781,0,0.0,1.0,1,57.0,0.6830041384789627,3,55.0,0.6307453454977318,0,0.0,0.9598193127444671,4,112.0
1575.0,16,266.0,4.222222222222222,7.01564081120058,0,0.0,1.0,2,65.0,0.481305037312847,3,70.0,0.6766732455652716,0,0.0,0.9653445563639766,5,135.0
1580.0,17,324.0,5.684210526315789,6.314780447632972,0,0.0,1.0,2,75.0,0.495170651256547,5,86.0,0.6091625669873403,0,0.0,0.9799464564237677,7,161.0
1585.0,16,339.0,6.053571428571429,5.704745081425696,0,0.0,1.0,2,85.0,0.6328182552138782,6,109.0,0.41434809203497946,0,0.0,0.9424352190046466,8,194.0
1590.0,14,261.0,4.833333333333333,5.2816869641240425,0,0.0,1.0,2,95.0,0.5412093340223139,9,148.0,0.16416677434623092,0,0.0,0.4986110981184616,11,243.0
1595.0,4,29.0,0.5686274509803921,5.216424358293889,0,0.0,1.0,0,0.0,0.6286134499381363,2,53.0,0.3615631184863984,1,5.0,0.49481334790645226,3,58.0
1600.0,2,22.0,0.4230769230769231,6.6225992245517205,0,9.0,0.6310841066153081,1,11.0,0.6401802852017878,1,29.0,0.6391442093033898,0,0.0,0.9285080612950233,2,49.0
1605.0,5,39.0,0.7358490566037735,6.628361277290663,1,10.0,0.2779373852712578,1,48.0,0.7891891074702275,1,22.0,0.5176499130710382,0,0.0,0.943351476826682,3,80.0
1610.0,10,77.0,1.4807692307692308,6.398140835402272,3,24.0,0.05845702319655927,2,30.0,0.7416615838784503,1,27.0,0.4983763242899461,0,0.0,0.9905029267195751,6,81.0
1615.0,14,127.0,2.3962264150943398,5.1206826652391335,3,39.0,0.01399929803025217,1,29.0,0.6617696315087669,1,32.0,0.4845681929691197,1,1.0,0.6194469082023774,6,101.0
1620.0,23,229.0,4.2407407407407405,4.2333217983389355,6,68.0,0.0033149256179401203,4,42.0,0.5724139454860735,1,37.0,0.13137730061434516,1,6.0,0.6427508084936218,12,153.0
1625.0,26,354.0,6.321428571428571,4.398355134226196,7,102.0,0.000891050798941599,4,62.0,0.5788236031855544,2,48.0,0.31427728038000136,1,11.0,0.5339046559090627,14,223.0
1630.0,16,282.0,4.947368421052632,4.618216524397798,1,50.0,0.01806886004079935,5,81.0,0.4333057203302206,2,58.0,0.48699398921580606,0,0.0,0.9644671001672979,8,189.0
1635.0,15,307.0,5.293103448275862,5.398869713950454,0,10.0,0.15255606036609515,7,108.0,0.24486059503023108,2,74.0,0.5386591669530202,0,0.0,0.9849888743861701,9,192.0
1640.0,14,225.0,3.6885245901639343,5.9174090341141135,0,0.0,1.0,7,100.0,0.1779456185676414,3,32.0,0.3165335239935928,0,0.0,0.9449172230372717,10,132.0
1645.0,13,181.0,2.9672131147540983,6.689071242225177,0,0.0,1.0,8,140.0,0.1847536583173579,4,55.0,0.3985590785478465,0,0.0,0.9459231021212162,12,195.0
1650.0,12,240.0,3.9344262295081966,6.597712508239189,0,0.0,1.0,8,180.0,0.11933720216635937,4,75.0,0.4255082872017788,0,0.0,0.9391647165288207,12,255.0
1655.0,13,303.0,5.05,6.432497806680306,0,0.0,1.0,9,224.0,0.17470173927612162,4,152.0,0.2857337638388103,0,0.0,0.9368265851920506,13,376.0
1660.0,15,354.0,6.0,5.569110484395377,0,0.0,1.0,7,241.0,0.1502525986462266,6,181.0,0.19319618192613067,0,0.0,0.9608368604250754,13,422.0
1665.0,16,425.0,7.589285714285714,5.835604472441541,0,0.0,1.0,8,279.0,0.1073462127225497,8,220.0,0.2618674433743969,0,0.0,0.9739613507888454,16,499.0
1670.0,16,505.0,9.528301886792454,5.4909126862618916,0,0.0,1.0,8,319.0,0.1042338963578074,8,260.0,0.33722810269846853,0,0.0,0.9562377092475742,16,579.0
1675.0,17,588.0,10.5,5.930578967523673,0,0.0,1.0,8,359.0,0.19608099404419796,9,333.0,0.25150655295690927,0,0.0,0.980777035021764,17,692.0
1680.0,10,403.0,7.327272727272727,6.0515717045020745,0,0.0,1.0,7,381.0,0.2651065756411415,3,177.0,0.326889880656118,0,0.0,0.7893255887037317,10,558.0
1685.0,12,453.0,8.089285714285714,6.489617275453595,0,6.0,0.562963894342122,8,454.0,0.3252656267598918,2,124.0,0.5987732435574722,0,0.0,0.9519117927217593,10,584.0
1690.0,10,498.0,9.054545454545455,7.219540466398476,0,0.0,0.7127475260806809,8,494.0,0.40301175096171027,2,129.0,0.5787036732573316,0,0.0,0.9892295731764958,10,623.0
1695.0,14,557.0,9.771929824561404,7.334492728099704,0,0.0,1.0,9,535.0,0.3845532020346876,2,139.0,0.4793678664577137,0,0.0,0.9721645440959744,11,674.0
1700.0,12,609.0,10.5,6.831067991819046,0,0.0,1.0,9,577.0,0.42165024555711017,2,162.0,0.36595811494153924,0,0.0,0.9535828613577441,11,739.0
1705.0,14,670.0,11.551724137931034,6.560236976346414,0,0.0,1.0,9,619.0,0.4150484436090613,4,180.0,0.40793949907901467,0,0.0,0.9295166393230718,13,799.0
1710.0,18,751.0,12.948275862068966,6.00290554941236,0,0.0,1.0,11,669.0,0.34234210504834583,5,209.0,0.34043127636520887,0,0.0,0.946777244275296,16,878.0
1715.0,20,845.0,14.568965517241379,5.4475434166681564,0,0.0,1.0,12,726.0,0.3329093345141521,6,236.0,0.1165860569993347,0,0.0,0.9365364115132394,18,962.0
1720.0,18,524.0,9.527272727272727,4.545584150200545,0,0.0,1.0,11,581.0,0.16734987661272505,5,243.0,0.12986228550957649,0,0.0,0.951976310946897,16,824.0
1725.0,11,231.0,4.2,5.8330792091714185,0,1.0,0.6409153604803356,4,248.0,0.29541512248476665,5,264.0,0.14272539245411467,0,0.0,0.9335545938216996,9,513.0
1730.0,10,236.0,4.068965517241379,6.58207180519175,0,0.0,0.7711606786673244,5,95.0,0.41305677863542617,5,289.0,0.12303717926166403,0,0.0,0.8624289703913827,10,384.0
1735.0,12,292.0,5.0344827586206895,7.1754115013081154,0,0.0,1.0,6,92.0,0.3860549757009746,5,314.0,0.41934654667199395,0,0.0,0.9363590507923407,11,406.0
1740.0,6,99.0,1.736842105263158,6.403400642693938,0,0.0,1.0,0,27.0,0.6530412776787929,3,202.0,0.4467172181112463,0,0.0,0.940238287230311,3,229.0
1745.0,6,35.0,0.6140350877192983,7.07808047365925,0,0.0,1.0,2,8.0,0.6303022851055209,0,62.0,0.725296040141373,0,0.0,0.9913680012690583,2,70.0
1750.0,6,65.0,1.1607142857142858,7.688410789407265,0,0.0,1.0,2,18.0,0.5825433331695943,0,5.0,0.9413997251567402,0,0.0,0.956756823841729,2,23.0
1755.0,9,106.0,2.0,6.826205777566456,0,0.0,1.0,2,28.0,0.5881723818332117,0,5.0,0.8675438377893807,0,0.0,0.9437059381400049,2,33.0
1760.0,15,166.0,3.3877551020408165,5.834519164839127,0,0.0,1.0,2,38.0,0.3999411377540026,2,10.0,0.5945169509815711,0,0.0,0.9758038888469219,4,48.0
1765.0,18,252.0,5.04,5.740099949489934,0,0.0,1.0,4,54.0,0.316928393767506,3,25.0,0.5937663903003394,0,0.0,0.9953952802108009,7,79.0
1770.0,18,292.0,5.959183673469388,4.699336417500737,0,0.0,1.0,5,76.0,0.16672008073633593,1,25.0,0.6010759000739132,0,0.0,0.9658013939271564,6,101.0
1775.0,17,309.0,7.0227272727272725,4.5321279298022885,0,0.0,1.0,5,101.0,0.15889350258679086,4,29.0,0.37879253786700545,0,0.0,0.9660911950968288,9,130.0
1780.0,17,323.0,7.177777777777778,4.529290943812898,0,0.0,1.0,3,51.0,0.24689805250959723,6,53.0,0.04876091464135035,0,0.0,0.9727817070940261,9,104.0
1785.0,12,215.0,4.673913043478261,4.8271547495832525,0,0.0,1.0,3,66.0,0.19880861946361378,6,83.0,0.006783567134135321,0,0.0,0.9798783784449525,9,149.0
1790.0,12,197.0,4.377777777777778,5.170850632704846,0,0.0,1.0,4,86.0,0.287565212986073,8,119.0,0.07537156168392278,0,0.0,0.9422423250235327,12,205.0
1795.0,13,259.0,5.7555555555555555,5.28499955800556,0,0.0,1.0,4,106.0,0.3211305629346531,9,202.0,0.09737280711533983,0,0.0,0.9320843298097639,13,308.0
1800.0,9,201.0,4.568181818181818,5.701102440108394,0,0.0,1.0,0,3.0,0.9670283649526141,9,206.0,3.785272213698468e-05,0,0.0,0.9409380022135763,9,209.0
1805.0,9,246.0,5.3478260869565215,6.26131837781556,0,0.0,1.0,0,3.0,0.8101952473736868,9,251.0,0.1576758609675365,0,0.0,0.9787404056442548,9,254.0
1810.0,11,297.0,6.319148936170213,6.3564283684915655,0,0.0,1.0,1,5.0,0.49009490317331394,10,306.0,0.2169436341055806,0,0.0,0.9599130744326457,11,311.0
1815.0,12,353.0,7.354166666666667,6.425027752203022,0,0.0,1.0,1,10.0,0.4675435107029418,10,356.0,0.20980059851794763,0,0.0,0.9402908184337118,11,366.0
1820.0,12,399.0,7.823529411764706,7.097629352955864,0,0.0,1.0,0,0.0,0.8527901531890945,11,409.0,0.20803251867313005,0,0.0,0.9478953055835393,11,409.0
1825.0,13,456.0,8.60377358490566,6.852028740648972,0,0.0,1.0,1,3.0,0.5731661192582568,11,483.0,0.34491784485125565,0,0.0,0.9928530178229292,12,486.0
1830.0,12,515.0,9.903846153846153,7.115737445958435,0,0.0,1.0,1,8.0,0.6335014707989176,11,522.0,0.2750488815005658,0,0.0,0.9453462369726057,12,530.0
1835.0,2,42.0,0.84,5.918176399625503,0,0.0,1.0,1,13.0,0.47837832725289453,1,211.0,0.23666594250135262,0,0.0,0.9528665065665141,2,224.0
1840.0,4,14.0,0.2641509433962264,5.671973254137816,0,9.0,0.7039164600389601,0,9.0,0.5037056172312975,2,46.0,0.28807613542155525,0,0.0,0.5590875805933062,2,64.0
1845.0,5,27.0,0.5192307692307693,7.164568418992572,1,8.0,0.3214395655673262,0,25.0,0.8518087442291931,3,28.0,0.47150714018619583,1,4.0,0.49005482040413184,5,65.0
1850.0,7,59.0,1.1568627450980393,6.960662447317926,3,20.0,0.0500725336491159,0,25.0,0.9572461142045399,3,46.0,0.40452780413033945,1,9.0,0.4765109678328157,7,100.0
1855.0,8,99.0,1.8333333333333333,7.307183126200799,3,35.0,0.012228571440813728,0,27.0,0.9447217185378738,4,63.0,0.3180997414600438,1,14.0,0.6021920583814531,8,139.0
1860.0,5,61.0,1.1730769230769231,7.28455770751304,0,9.0,0.038971770207782086,0,11.0,0.934766463525174,3,65.0,0.38108057751029684,0,0.0,0.9776053513639967,3,85.0
1865.0,6,88.0,1.6923076923076923,7.482966100006729,0,3.0,0.1887850748481676,1,11.0,0.8482867824943857,3,83.0,0.35010224831510184,0,0.0,0.9436180419297505,4,97.0
1870.0,10,126.0,2.3333333333333335,6.635907267752912,0,0.0,1.0,3,19.0,0.3456155433322128,5,103.0,0.20964731376840642,0,0.0,0.9583185319975179,8,122.0
1875.0,14,191.0,3.3508771929824563,6.190436148662239,0,0.0,1.0,6,45.0,0.19892767188530616,6,129.0,0.10341940450968079,0,0.0,0.9705496238845145,12,174.0
1880.0,10,203.0,3.690909090909091,6.02999186396022,0,0.0,1.0,0,10.0,0.3148863077504446,7,162.0,0.12568018790598376,0,0.0,0.9948459416371908,7,172.0
1885.0,12,258.0,4.6909090909090905,5.954328778913661,0,0.0,1.0,1,4.0,0.5790969700933231,7,197.0,0.10255275288057819,0,0.0,0.9929175311569833,8,201.0
1890.0,9,177.0,3.2181818181818183,6.519525645548591,0,0.0,1.0,1,9.0,0.5568823129342825,3,161.0,0.3842624425298145,0,0.0,0.9790569067002837,4,170.0
1895.0,8,202.0,3.9607843137254903,6.8455809995034445,0,6.0,0.63869358918952,1,17.0,0.5755242973002128,3,173.0,0.6091808036616807,0,0.0,0.9868343516663192,4,196.0
1900.0,10,220.0,4.4,6.733450107068818,1,7.0,0.012060115426096257,2,28.0,0.6132495769236026,3,188.0,0.5556130455256735,0,0.0,0.979500637541542,6,223.0
1905.0,11,275.0,5.729166666666667,7.030970790510413,2,17.0,6.573021296879243e-05,2,38.0,0.7185632890149605,3,203.0,0.48355800540210153,0,0.0,0.9844226192380751,7,258.0
1910.0,9,271.0,5.76595744680851,7.069373761549786,2,27.0,0.0,0,18.0,0.7417466352918847,3,218.0,0.5280643272722266,0,0.0,0.9638683597398237,5,263.0
1915.0,8,262.0,5.822222222222222,6.961921634356758,2,37.0,0.0,1,10.0,0.7942302400778202,5,237.0,0.16113616511522677,0,0.0,0.9409655364499323,8,284.0
1920.0,8,266.0,6.186046511627907,6.575635222567634,0,0.0,1.0,1,15.0,0.7764610038001061,7,270.0,0.16758906845906354,0,0.0,0.966379416727371,8,285.0
1925.0,11,319.0,7.25,5.765962194498683,0,0.0,1.0,2,39.0,0.2688657493583016,8,310.0,0.2553612255354985,0,0.0,0.9414665170283534,10,349.0
1930.0,3,268.0,5.469387755102041,6.792708891639204,0,0.0,1.0,0,16.0,0.43283029042052906,3,275.0,0.5487820712544662,0,0.0,0.952820010019563,3,291.0
1935.0,6,289.0,6.148936170212766,7.252692013644712,0,9.0,0.5730133654914987,1,20.0,0.4230497614982416,3,290.0,0.5936069853789818,1,2.0,0.4608963002459947,5,321.0
1940.0,9,322.0,6.571428571428571,7.4303855081910735,3,12.0,0.004771010615888609,1,22.0,0.6885424237043309,3,308.0,0.6494916930213369,1,7.0,0.4661067587236796,8,349.0
1945.0,9,367.0,7.0576923076923075,7.144214601574328,3,27.0,1.1692527479083169e-05,1,27.0,0.6892375165738692,3,320.0,0.47232966314354063,1,12.0,0.6489127041849457,8,386.0
1950.0,10,194.0,3.9591836734693877,7.292146950163469,4,44.0,0.0011342593613198866,2,43.0,0.6687690811700406,2,224.0,0.5560250382173555,1,17.0,0.7372538620947984,9,328.0
1955.0,8,95.0,2.0652173913043477,7.198043925820145,4,64.0,0.0,2,56.0,0.6245446832391488,2,14.0,0.5602372455076016,0,0.0,0.9449544287433769,8,134.0
1960.0,6,64.0,1.4883720930232558,7.336401614103089,0,11.0,0.048205978182377346,4,70.0,0.5160351420571575,2,24.0,0.6144255780399426,0,0.0,0.964801804679446,6,105.0
1965.0,10,100.0,2.2222222222222223,6.260107342531168,0,0.0,1.0,4,90.0,0.3348351121355874,6,40.0,0.09462940269171834,0,0.0,0.987747101417339,10,130.0
1970.0,8,119.0,2.5869565217391304,6.757168049981307,0,0.0,1.0,7,121.0,0.3251471408457111,1,30.0,0.2985107966805733,0,0.0,0.9470808207221799,8,151.0
1975.0,6,74.0,1.574468085106383,7.5093551077143035,0,3.0,0.4761566968223037,5,80.0,0.4040793654460402,1,60.0,0.5762623479833987,0,0.0,0.9544424220586953,6,143.0
1980.0,4,85.0,1.8085106382978724,8.32234596874161,0,2.0,0.03561212712951008,3,61.0,0.5596454167706225,1,35.0,0.0,0,0.0,0.9661323633910865,4,98.0
1985.0,8,119.0,2.5319148936170213,8.055564551792452,2,10.0,4.017599911816469e-06,5,83.0,0.5281357651432936,1,40.0,0.0,0,0.0,0.9994631334018254,8,133.0
1990.0,8,159.0,3.975,7.537501678277772,2,20.0,0.0,5,102.0,0.49850812740774625,1,45.0,0.0,0,0.0,0.9832334527634684,8,167.0
1995.0,8,199.0,5.2368421052631575,6.6314324182065185,2,30.0,0.0,5,128.0,0.5218792384911286,1,50.0,0.20725304835160535,0,0.0,0.9485029203149968,8,208.0
2000.0,7,151.0,3.775,6.924162378276771,0,0.0,1.0,6,150.0,0.4848482427531491,1,4.0,0.49959581323308405,0,0.0,0.9414829872889925,7,154.0
2005.0,9,192.0,4.8,6.840707044657449,0,0.0,1.0,8,186.0,0.34365028738090503,1,9.0,0.6135291467387969,0,0.0,0.9763537145938135,9,195.0
2010.0,10,242.0,6.205128205128205,6.334522721476586,0,0.0,1.0,9,234.0,0.17747325049631285,1,14.0,0.7094412434885393,0,0.0,0.9947686763010022,10,248.0
2015.0,9,270.0,6.428571428571429,6.2748741862244355,0,0.0,1.0,8,260.0,0.11050272270298679,1,19.0,0.3241475405116978,0,0.0,0.9419378888148563,9,279.0
2020.0,11,322.0,7.155555555555556,6.642349180541439,0,0.0,1.0,10,304.0,0.09020439026728742,1,24.0,0.49357066197137356,0,0.0,0.9668715782656272,11,328.0
2025.0,12,379.0,8.422222222222222,6.802680692296792,0,0.0,1.0,11,356.0,0.23082391034327984,1,29.0,0.0,0,0.0,0.9601837257690368,12,385.0
2030.0,13,441.0,10.255813953488373,6.818310989587734,0,0.0,1.0,12,416.0,0.2688774923651208,1,34.0,0.0,0,0.0,0.9345846598990529,13,450.0
2035.0,4,52.0,1.1555555555555554,5.823101802531799,0,0.0,1.0,3,460.0,0.1836798577682441,1,39.0,0.0,0,0.0,0.9572856501224973,4,499.0
2040.0,1,5.0,0.1111111111111111,7.170044498650958,0,0.0,1.0,1,157.0,0.3947827063917909,0,0.0,0.9832939839098568,0,0.0,0.9909886077890906,1,157.0
2045.0,3,12.0,0.25,7.978747328892286,0,0.0,1.0,1,24.0,0.7684790890415454,1,2.0,0.5799999977418011,0,0.0,0.9140076161377777,2,26.0
2050.0,4,31.0,0.6458333333333334,9.163814330231931,0,0.0,1.0,1,29.0,0.7796040413822303,2,12.0,0.721268752608037,0,0.0,0.9865414202764878,3,41.0
2055.0,5,52.0,1.0612244897959184,8.719285542758783,0,0.0,1.0,1,23.0,0.8068001524549685,3,23.0,0.6808974823962862,0,0.0,0.9829785509814203,4,46.0
2060.0,3,47.0,0.9791666666666666,8.214444033834264,0,0.0,1.0,1,28.0,0.40350129381597816,1,21.0,0.7759157451794936,0,0.0,0.9973239700999349,2,49.0
2065.0,8,72.0,1.5,7.742957995951127,0,0.0,0.9839975799288061,5,52.0,0.3420352349048929,1,8.0,0.7240198349603879,0,0.0,0.9438141227415848,6,60.0
2070.0,8,87.0,1.891304347826087,7.399493409191318,0,0.0,1.0,6,82.0,0.30967510595250974,2,11.0,0.6891879241135039,0,0.0,0.9997405637354572,8,93.0
2075.0,9,130.0,2.9545454545454546,7.565063743204569,0,0.0,0.934772722105394,6,112.0,0.3774845496586767,3,24.0,0.6078815227495495,0,0.0,0.9552835658578971,9,136.0
2080.0,8,127.0,2.760869565217391,6.672320936356511,0,0.0,0.34505908359601833,5,91.0,0.4265767604481644,3,39.0,0.3862213012453274,0,0.0,0.9841004746300404,8,130.0
2085.0,10,145.0,3.152173913043478,6.335582689862882,3,11.0,0.04004563404736169,5,116.0,0.42749477731316515,2,33.0,0.2682662588294374,0,0.0,0.9909846196018762,10,160.0
2090.0,11,198.0,4.125,6.651635978123245,3,26.0,0.008314415907967103,5,144.0,0.4327118231573637,3,38.0,0.3556679599297825,0,0.0,0.9607360773039815,11,208.0
2095.0,12,256.0,5.333333333333333,6.934655551663737,4,44.0,0.0015514563671861152,5,166.0,0.34154137563844844,3,53.0,0.44863716455639213,0,0.0,0.9855464646309912,12,263.0
2100.0,13,320.0,6.530612244897959,6.696233623978121,4,64.0,0.000375254467944654,5,191.0,0.43774357888773097,4,71.0,0.40884327242852164,0,0.0,0.9732470237598408,13,326.0
2105.0,10,336.0,6.72,7.169045274408668,4,84.0,5.970640692235645e-05,5,216.0,0.36905349826835043,1,42.0,0.7205537523528882,0,0.0,0.9852636341180424,10,342.0
2110.0,11,389.0,7.480769230769231,7.070973813368529,4,110.0,0.21867645582265227,6,247.0,0.2907488507684338,1,47.0,0.7136954289751908,0,0.0,0.8737678915660219,11,404.0
2115.0,8,223.0,4.645833333333333,6.9058179959990795,4,130.0,0.1035297399115868,3,146.0,0.4239927930729694,1,49.0,0.7178257564576489,0,0.0,0.7967335861674414,8,325.0
2120.0,5,198.0,4.212765957446808,7.462393924299969,4,150.0,0.015465513184310253,0,9.0,0.7342130697828763,1,54.0,0.6571058625509278,0,0.0,0.831768080437053,5,213.0
2125.0,2,64.0,1.3061224489795917,7.636942427692426,1,45.0,0.09033032362778816,0,3.0,0.978720077489306,1,64.0,0.674315290988337,0,0.0,0.8635820706939329,2,112.0
2130.0,2,65.0,1.2745098039215685,8.210639816394771,0,9.0,0.14104801544798548,1,4.0,0.6548820041565518,1,69.0,0.6319332117115614,0,0.0,0.8706223314017006,2,82.0
2135.0,2,73.0,1.489795918367347,9.066024863500726,0,0.0,0.5008810356676094,0,0.0,0.9070054720120811,2,78.0,0.7060939345781497,0,0.0,0.9349730919344386,2,78.0
2140.0,4,87.0,1.851063829787234,9.26316866280425,0,0.0,1.0,0,0.0,0.6855145607085076,4,92.0,0.48000022334839326,0,0.0,0.9379319633081683,4,92.0
2145.0,7,118.0,2.36,8.981738485994976,0,0.0,1.0,2,7.0,0.39136952601685454,5,119.0,0.5597963189236185,0,0.0,0.9713792887951347,7,126.0
2150.0,8,158.0,3.16,7.888155722147207,0,0.0,1.0,3,22.0,0.23675594463098137,5,144.0,0.4356311212700088,0,0.0,0.49726778910218644,8,166.0
2155.0,9,116.0,2.4680851063829787,7.064387555205719,0,0.0,1.0,3,37.0,0.24065283607711488,4,80.0,0.3425684401490593,1,2.0,0.4720533002265415,8,119.0
2160.0,10,164.0,3.6444444444444444,7.24487054937895,0,0.0,1.0,3,52.0,0.24630377076370824,5,100.0,0.28359640322600727,1,7.0,0.4681966420305017,9,159.0
2165.0,11,208.0,5.073170731707317,6.7854148131685905,0,0.0,1.0,3,67.0,0.24140937471475782,6,129.0,0.23500394108064834,0,0.0,0.9574572455847989,9,196.0
2170.0,11,263.0,6.575,6.473064856437804,0,0.0,1.0,3,82.0,0.2363186815832928,6,159.0,0.31523663683334713,0,0.0,0.9609594110547238,9,241.0
2175.0,7,187.0,4.348837209302325,6.3957956589057705,0,0.0,1.0,0,29.0,0.6632723957600797,7,192.0,0.18279417618326468,0,0.0,0.9587201099585462,7,221.0
2180.0,1,23.0,0.5,7.618459810148462,0,0.0,1.0,0,0.0,0.9344844117543177,1,83.0,0.3780551430896874,0,0.0,0.9547952653331655,1,83.0
2185.0,3,33.0,0.717391304347826,8.073002960764148,0,3.0,0.6837498550401325,1,6.0,0.532643576131403,2,33.0,0.5528207932874262,0,0.0,0.9773401116904263,3,42.0
2190.0,5,52.0,1.0833333333333333,7.9633256238477585,1,8.0,0.1912001596068542,1,17.0,0.7680914474742765,3,45.0,0.48335467889216166,0,0.0,0.9821527035108115,5,70.0
2195.0,8,78.0,1.625,7.675404482106302,3,21.0,4.534943748192157e-06,0,9.0,0.9666683536736734,4,65.0,0.4068461460940411,0,0.0,0.9420973853480206,7,95.0
2200.0,9,121.0,2.4693877551020407,7.352126205739281,3,36.0,0.11257496871656472,0,9.0,0.9499832727906642,4,85.0,0.43304151252712686,0,0.0,0.9330636571029545,7,130.0
2205.0,5,53.0,1.127659574468085,7.288910543491664,0,0.0,0.05518335170846211,0,9.0,0.9451897518823568,3,61.0,0.531932897097975,0,0.0,0.9870027169886972,3,70.0
2210.0,4,33.0,0.717391304347826,7.74106972837866,0,0.0,1.0,0,12.0,0.9338550284168975,2,30.0,0.48835392771608277,0,0.0,0.9493597771475812,2,42.0
2215.0,4,19.0,0.3958333333333333,7.792500237687051,0,0.0,1.0,0,9.0,0.9178272751895877,3,22.0,0.3338837739715473,0,0.0,0.9426083253371873,3,31.0
2220.0,4,36.0,0.75,8.53367108291721,0,0.0,1.0,0,3.0,0.947316470675006,4,36.0,0.4127624570039214,0,0.0,0.9584092857313982,4,39.0
2225.0,4,56.0,1.1428571428571428,8.61960246743269,0,0.0,1.0,0,3.0,0.7572468142779438,4,57.0,0.4553895255328033,0,0.0,0.9902208734040882,4,60.0
2230.0,2,40.0,0.851063829787234,8.45173183808152,0,0.0,1.0,0,3.0,0.9157271421632736,2,43.0,0.3394441482642282,0,0.0,0.9616612692912713,2,46.0
2235.0,2,50.0,1.0416666666666667,9.140059464418925,0,3.0,0.9971093765920447,0,3.0,0.8119180999460579,2,50.0,0.33090829971565544,0,0.0,0.9520785417629029,2,56.0
2240.0,3,64.0,1.4222222222222223,9.054160426707709,0,0.0,1.0,1,7.0,0.8430460959651099,2,60.0,0.3967704314100936,0,0.0,0.9669576850475349,3,67.0
2245.0,4,81.0,1.975609756097561,8.261445292272594,0,0.0,1.0,1,12.0,0.786386619603752,3,72.0,0.37988921384334173,0,0.0,0.9419765223728193,4,84.0
2250.0,3,22.0,0.5365853658536586,7.641645833008014,0,0.0,1.0,1,17.0,0.7116728646983924,2,44.0,0.4263595817103236,0,0.0,0.9419233517671441,3,61.0
2255.0,6,46.0,1.069767441860465,7.100313237054611,0,0.0,1.0,2,26.0,0.6113032982428528,4,23.0,0.1578110584681875,0,0.0,0.9800550946181946,6,49.0
2260.0,8,86.0,2.0476190476190474,6.935082833634635,0,0.0,1.0,3,38.0,0.5294436621252415,5,48.0,0.15872070445353045,0,0.0,0.9491984906532543,8,86.0
2265.0,10,132.0,3.3,5.729730463804698,0,0.0,1.0,4,54.0,0.4436765211891424,6,78.0,0.10762212898776462,0,0.0,0.9256336865406694,10,132.0
2270.0,12,126.0,3.0,5.055679712427549,0,0.0,1.0,5,75.0,0.23695913491632378,4,73.0,0.16828294352665513,0,0.0,0.9773598291558804,9,148.0
2275.0,11,166.0,3.9523809523809526,5.499105398597097,0,0.0,1.0,5,100.0,0.21605313377209434,2,42.0,0.3291447738769698,0,0.0,0.9674764441651393,7,142.0
2280.0,15,237.0,5.780487804878049,5.253684244848938,0,0.0,1.0,8,138.0,0.26685045467764845,2,10.0,0.23803235194697833,0,0.0,0.9750871401957718,10,148.0
2285.0,20,324.0,7.902439024390244,3.7403446617870646,0,0.0,1.0,9,179.0,0.1654537200024383,4,26.0,0.0006173333459524897,0,0.0,0.9915200231207235,13,205.0
2290.0,13,203.0,4.511111111111111,4.436013153317028,0,0.0,1.0,2,34.0,0.2225400647647436,4,46.0,0.0,0,0.0,0.9436513990601858,6,80.0
2295.0,5,55.0,1.25,6.016954161932441,0,0.0,1.0,3,35.0,0.30952689314611337,0,0.0,0.5783934871777309,0,0.0,0.953433517912107,3,35.0
2300.0,3,50.0,1.1904761904761905,7.565379767463035,0,6.0,0.6091510517604048,3,53.0,0.33162689082855906,0,9.0,0.920538369430131,0,0.0,0.9510318920494905,3,68.0
2305.0,5,70.0,1.5555555555555556,7.743858660084686,2,11.0,0.0021881563738318077,3,71.0,0.5724438351763129,0,9.0,0.9221805207409011,0,0.0,0.967334619663934,5,91.0
2310.0,3,34.0,0.7727272727272727,7.6572496455504755,2,21.0,2.083976286950396e-05,1,25.0,0.7531104939037593,0,9.0,0.7693322219926015,0,0.0,0.9261244831151249,3,55.0
2315.0,3,31.0,0.6888888888888889,8.285227799920495,0,0.0,1.0,2,32.0,0.608336592109453,1,14.0,0.7909499777797239,0,0.0,0.9254516013389196,3,46.0
2320.0,5,51.0,1.275,7.776276477836186,0,0.0,1.0,2,42.0,0.6628694926846935,2,31.0,0.6737973844767354,0,0.0,0.9652606518883727,4,73.0
2325.0,4,68.0,1.619047619047619,7.330829507621138,0,0.0,0.9404552716399018,2,52.0,0.47949987867205246,2,35.0,0.3844839924051093,0,0.0,0.9921545486211739,4,87.0
2330.0,4,75.0,1.7045454545454546,7.041380863469542,0,0.0,0.9750419874145563,1,45.0,0.6994845797849195,3,46.0,0.21041649855462582,0,0.0,0.9376167221539028,4,91.0
2335.0,4,75.0,1.7045454545454546,7.762426764512933,0,0.0,1.0,1,44.0,0.6141329749141533,2,39.0,0.4856880374813393,0,0.0,0.9673622294486222,3,83.0
2340.0,7,103.0,2.2888888888888888,8.445218336079517,0,0.0,1.0,1,71.0,0.783530999236917,5,62.0,0.41888690069622775,0,0.0,0.9247668692945131,6,133.0
2345.0,6,123.0,2.7954545454545454,8.715317241013274,0,0.0,1.0,1,76.0,0.7943527117634448,5,87.0,0.34761908407622233,0,0.0,0.9640694021031337,6,163.0
2350.0,6,153.0,3.4,8.484807650755691,0,0.0,1.0,1,62.0,0.6647677941704275,5,112.0,0.42765905036076485,0,0.0,0.9670023287812963,6,174.0
2355.0,6,124.0,2.7555555555555555,8.204674298903546,0,0.0,1.0,2,71.0,0.6254560889988943,4,102.0,0.2911025377169319,0,0.0,0.9566833589410589,6,173.0
2360.0,6,135.0,3.13953488372093,9.034432027172016,0,3.0,0.9898415080720591,2,81.0,0.6927555511738446,3,57.0,0.4362775728399662,0,0.0,0.9680090038808564,5,141.0
2365.0,8,159.0,3.7857142857142856,7.18087745017091,1,5.0,0.0027561674838207295,3,92.0,0.5843243797945229,4,73.0,0.32881871556193276,0,0.0,0.9806384020882661,8,170.0
2370.0,12,212.0,5.3,5.970065017818022,1,10.0,0.0,4,109.0,0.35083374166425707,5,97.0,0.20354222437789063,0,0.0,0.9587242238663684,10,216.0
2375.0,9,165.0,3.9285714285714284,6.103251492166668,1,15.0,0.06529286640277533,5,134.0,0.356064625465231,0,16.0,0.6025224671397897,0,0.0,0.9738004276871023,6,165.0
2380.0,8,193.0,4.488372093023256,7.002122269377623,0,3.0,0.7985207369518132,5,168.0,0.3427215418861565,0,0.0,0.9555388664995343,0,0.0,0.9693850089978007,5,171.0
2385.0,10,238.0,5.288888888888889,7.22412566146633,0,0.0,0.6561507411605602,6,197.0,0.43824324191259545,1,1.0,0.6280201712263124,0,0.0,0.9357696661246491,7,198.0
2390.0,10,288.0,6.6976744186046515,7.505103838630965,0,0.0,1.0,6,227.0,0.461930587864195,1,6.0,0.6901726634928982,0,0.0,0.9664462436860182,7,233.0
2395.0,9,195.0,4.333333333333333,7.1874875542624,0,0.0,1.0,4,152.0,0.5048777799560586,1,1.0,0.35188707240444606,0,0.0,0.9331129558143094,5,153.0
2400.0,10,243.0,5.4,6.585720376454525,0,0.0,1.0,4,142.0,0.5168783399370726,2,12.0,0.46173487870344354,0,0.0,0.6363687956248596,6,154.0
2405.0,11,296.0,6.5777777777777775,6.98830354981828,0,0.0,1.0,4,162.0,0.5968012732271029,3,25.0,0.3679537185913385,0,0.0,0.9701752574974231,7,187.0
2410.0,14,354.0,8.232558139534884,5.273913459175875,0,0.0,1.0,5,183.0,0.34864044405609557,4,43.0,0.36535923009803223,0,0.0,0.9884723181743944,9,226.0
2415.0,10,248.0,5.904761904761905,4.81923494891115,0,0.0,1.0,7,216.0,0.10486834831912965,2,47.0,0.4136514880887642,0,0.0,0.9548841473770205,9,263.0
2420.0,14,306.0,7.116279069767442,5.507839034989381,0,0.0,1.0,10,258.0,0.09504799617560265,2,52.0,0.5884535260293434,0,0.0,0.9304102684030339,12,310.0
2425.0,13,364.0,8.666666666666666,5.8427798894121015,0,0.0,1.0,10,306.0,0.19993715985638233,2,62.0,0.4655579871825912,0,0.0,0.9432388867158004,12,368.0
2430.0,14,434.0,10.333333333333334,5.547400240706681,0,0.0,0.9853552116876486,11,361.0,0.20718838717981222,2,69.0,0.0,0,0.0,0.934018779673079,13,430.0
2435.0,3,98.0,2.3333333333333335,5.90316627025664,0,0.0,1.0,1,85.0,0.37423517746737056,2,79.0,0.0,0,0.0,0.9781757915847602,3,164.0
2440.0,3,113.0,2.4565217391304346,7.355318474114448,0,0.0,1.0,1,25.0,0.7026942181474534,2,89.0,0.0,0,0.0,0.9531946241840933,3,114.0
2445.0,5,131.0,2.911111111111111,8.083668766547675,0,0.0,1.0,1,30.0,0.722764323310267,2,108.0,0.47910618851917636,0,0.0,0.9626303848083951,3,138.0
2450.0,4,147.0,3.0625,7.9126479425583645,0,0.0,1.0,1,34.0,0.6258879279099773,3,122.0,0.5232750528807336,0,0.0,0.9669682353421023,4,156.0
2455.0,7,176.0,3.52,7.749370864060332,0,0.0,1.0,1,39.0,0.6416322868767339,5,143.0,0.5412460984188857,0,0.0,0.9289702136842791,6,182.0
2460.0,5,188.0,4.0,7.663509290753255,0,0.0,1.0,1,44.0,0.46418516769135204,3,150.0,0.5744581179705064,0,0.0,0.9710624577297421,4,194.0
2465.0,4,201.0,4.369565217391305,8.157271677324289,0,0.0,1.0,1,97.0,0.6658887994082885,2,152.0,0.7031374746210988,0,0.0,0.9721537802409872,3,249.0
2470.0,4,221.0,4.702127659574468,8.58179862196113,0,0.0,1.0,1,102.0,0.8130110362950548,2,155.0,0.7646995345497133,0,0.0,0.9445896660196236,3,257.0
2475.0,6,246.0,5.3478260869565215,7.584721495043277,0,0.0,0.9404935171117306,2,108.0,0.6629602637842353,2,159.0,0.5832008920284701,0,0.0,0.5254198213513939,4,267.0
2480.0,6,247.0,5.25531914893617,6.765284663624427,1,2.0,0.13717552020388477,2,127.0,0.6864504816931984,3,173.0,0.4206006919938961,0,0.0,0.9581145155382698,6,302.0
2485.0,10,293.0,5.86,7.040109846497288,3,16.0,0.05570211480936345,2,94.0,0.6831947213555368,5,198.0,0.23049612345518736,0,0.0,0.9841119140491422,10,308.0
2490.0,8,306.0,5.884615384615385,6.643289235483096,0,1.0,0.08477446847443869,3,96.0,0.36371469170841597,5,216.0,0.1591892573059347,0,0.0,0.9381112802283642,8,313.0
2495.0,7,319.0,6.018867924528302,7.146824061466361,0,0.0,0.33086778524376986,1,79.0,0.6659898078360622,6,243.0,0.06584232212686512,0,0.0,0.9603796712340088,7,322.0
2500.0,8,357.0,7.0,7.638422299864108,0,0.0,1.0,1,84.0,0.6609490298791304,7,296.0,0.08382951642781072,0,0.0,0.9698043148282349,8,380.0
2505.0,9,399.0,7.673076923076923,7.328562013751561,0,0.0,1.0,1,89.0,0.35499382659057716,8,339.0,0.193990662650758,0,0.0,0.9581328673861769,9,428.0
2510.0,8,219.0,4.38,7.185869563079766,0,0.0,1.0,2,98.0,0.3168769579390371,6,262.0,0.36428235894036903,0,0.0,0.955118211779459,8,360.0
2515.0,4,166.0,3.2549019607843137,8.113340026981549,0,0.0,1.0,1,99.0,0.6151098474816505,3,134.0,0.4574093832654434,0,0.0,0.969600268509921,4,233.0
2520.0,4,186.0,4.043478260869565,8.271486845787827,0,0.0,1.0,1,104.0,0.7192420522553782,3,91.0,0.4164254508669974,0,0.0,0.9430654529758865,4,195.0
2525.0,6,213.0,4.733333333333333,7.724594608075159,0,0.0,0.9851737023953634,1,109.0,0.6626153577672514,4,111.0,0.412723907898693,1,2.0,0.47632717723838247,6,222.0
2530.0,4,128.0,2.909090909090909,7.5136136789988885,0,0.0,1.0,3,121.0,0.545707754781826,0,12.0,0.510343762882509,1,7.0,0.47256236258224804,4,140.0
2535.0,6,145.0,3.2954545454545454,6.8175036167483904,0,0.0,0.3010693262333078,3,131.0,0.4822904070688673,0,0.0,1.0,1,12.0,0.49538779382967374,4,143.0
2540.0,10,183.0,3.9782608695652173,6.615484388841463,2,9.0,0.11001019009711213,3,149.0,0.6273246500855912,0,0.0,1.0,1,5.0,0.6322152212385425,6,163.0
2545.0,9,209.0,4.644444444444445,6.497611716644742,3,24.0,0.007644913056250339,3,164.0,0.5916231564960541,0,3.0,0.9503853355686954,0,0.0,0.9829144262758879,6,191.0
2550.0,7,211.0,4.586956521739131,6.893448932642119,4,42.0,0.0013198067550573823,3,183.0,0.622386957149694,0,6.0,0.738960090502404,0,0.0,0.9707820409591361,7,231.0
2555.0,4,172.0,4.0,7.113618185222971,0,10.0,0.015046387639875283,2,176.0,0.6802247337841222,0,3.0,0.9305743073679131,0,0.0,0.9388702528104274,2,189.0
2560.0,3,179.0,3.8085106382978724,7.963877720898227,0,10.0,0.29028271012023765,3,185.0,0.606068486107646,0,3.0,0.9315412928389613,0,0.0,0.9484554884961954,3,198.0
2565.0,3,194.0,4.127659574468085,8.157494669230699,0,0.0,1.0,3,200.0,0.5740789952626045,0,3.0,0.8182887462678998,0,0.0,0.9537843652854436,3,203.0
2570.0,7,220.0,4.888888888888889,7.291901665783843,0,0.0,1.0,6,223.0,0.37857931388747335,1,6.0,0.6872942527488135,0,0.0,0.9813673082916814,7,229.0
2575.0,9,257.0,5.244897959183674,7.320331200261072,0,0.0,1.0,6,253.0,0.4202439323363531,3,13.0,0.3837942130654113,0,0.0,0.952033144390459,9,266.0
2580.0,9,302.0,6.04,7.2513653672210765,0,0.0,1.0,6,283.0,0.26897906295534296,3,28.0,0.384759239956537,0,0.0,0.9467284737428494,9,311.0
2585.0,12,351.0,7.468085106382978,6.071544439952539,0,0.0,1.0,7,314.0,0.1652558615224426,4,45.0,0.19323570604749996,1,1.0,0.6646949007290212,12,360.0
2590.0,11,356.0,7.739130434782608,5.921412281166037,0,0.0,1.0,10,356.0,0.15879913402859297,0,15.0,0.07137341938938588,1,6.0,0.6864164457184169,11,377.0
2595.0,10,400.0,8.16326530612245,6.598963251786155,0,0.0,1.0,10,409.0,0.18859727238551066,0,0.0,1.0,0,0.0,0.9460772652861587,10,409.0
2600.0,11,453.0,9.4375,7.121692478882576,0,0.0,1.0,11,462.0,0.12044383961010702,0,3.0,0.8069473162201651,0,0.0,0.9468093141858365,11,465.0
2605.0,13,512.0,10.666666666666666,6.726831860678828,0,0.0,1.0,11,517.0,0.34120327968376685,0,0.0,1.0,0,0.0,0.9064435545129079,11,517.0
2610.0,9,287.0,5.979166666666667,7.206956869337081,0,0.0,1.0,9,377.0,0.34416005566906976,0,0.0,0.9625435427352926,0,0.0,0.9977819115329538,9,377.0
2615.0,10,334.0,6.68,6.9222149043445595,0,0.0,1.0,10,343.0,0.31715638488008374,0,3.0,0.5970831960101308,0,0.0,0.965948277869363,10,346.0
2620.0,10,384.0,8.0,7.287318125151341,0,0.0,1.0,10,393.0,0.26664547994304616,0,3.0,0.937953464998367,0,0.0,0.9947582964561775,10,396.0
2625.0,11,435.0,9.456521739130435,6.5270387311950815,0,0.0,1.0,10,443.0,0.21314054441747396,0,3.0,0.9169449828300867,0,0.0,0.9837615408098018,10,446.0
2630.0,14,502.0,10.458333333333334,5.8722181048010365,0,0.0,1.0,12,504.0,0.16124797782980616,0,3.0,0.6199686022880433,0,0.0,0.9701147621989614,12,507.0
2635.0,14,560.0,11.2,5.284388825190558,0,0.0,1.0,13,568.0,0.14016316521491873,1,8.0,0.7116558424729135,0,0.0,0.9439663605301163,14,576.0
2640.0,15,635.0,12.211538461538462,5.870772734399763,0,0.0,1.0,14,638.0,0.22859786965263043,1,13.0,0.5598865927910465,0,0.0,0.9529523344933627,15,651.0
2645.0,17,720.0,14.4,5.485518072936932,0,0.0,1.0,15,713.0,0.20550544601260787,2,20.0,0.257066882654468,0,0.0,0.9292365667931293,17,733.0
2650.0,11,132.0,2.64,5.191852607988969,0,0.0,1.0,8,329.0,0.23832812295594527,3,35.0,0.39223753180495385,0,0.0,0.9608963718994122,11,364.0
2655.0,7,112.0,2.24,6.145710991645731,0,0.0,1.0,4,127.0,0.3399252636523852,3,50.0,0.3063800473468675,0,0.0,0.9703340142535751,7,177.0
2660.0,8,150.0,3.0,7.518406328616189,0,0.0,1.0,5,88.0,0.2941052037899325,3,74.0,0.5586504132987328,0,0.0,0.9832995644179258,8,162.0
2665.0,6,114.0,2.150943396226415,7.754169508671743,0,0.0,1.0,6,117.0,0.2464192930293626,0,9.0,0.7547803168517584,0,0.0,0.9860781176066288,6,126.0
2670.0,3,24.0,0.4528301886792453,8.313164026198102,0,0.0,1.0,2,71.0,0.43038972422748345,1,11.0,0.7573695423738309,0,0.0,0.9763880400313311,3,82.0
2675.0,5,15.0,0.2830188679245283,8.491001897159787,0,0.0,1.0,1,17.0,0.7047579624188628,2,13.0,0.7217411805288741,0,0.0,0.8825229981889912,3,30.0
2680.0,3,26.0,0.52,8.43973559521042,0,0.0,1.0,1,12.0,0.7721940039418296,2,26.0,0.6938360786713077,0,0.0,0.9907151293295662,3,38.0
2685.0,7,50.0,1.0,7.959503283562213,0,0.0,1.0,1,14.0,0.8509442926875475,5,41.0,0.5727740209032126,0,0.0,0.9818287293576051,6,55.0
2690.0,7,64.0,1.3333333333333333,7.507443736239438,0,0.0,1.0,0,3.0,0.8452221713365873,7,70.0,0.4086415991064621,0,0.0,0.9778341409458465,7,73.0
2695.0,10,104.0,2.08,6.6664578968108685,0,0.0,1.0,1,6.0,0.7499054751843328,9,107.0,0.2855333150924839,0,0.0,0.9460400390615811,10,113.0
2700.0,13,159.0,3.18,5.955548311937073,0,0.0,1.0,2,13.0,0.5546127504245852,11,159.0,0.29808066386128174,0,0.0,0.9337522800943806,13,172.0
2705.0,8,125.0,2.358490566037736,6.457558020056372,0,0.0,1.0,3,27.0,0.5109778455956897,5,123.0,0.433918277095709,0,0.0,0.9603446861849204,8,150.0
2710.0,8,133.0,2.607843137254902,6.416523875824624,0,3.0,0.4948229190609462,2,17.0,0.6251513130230768,5,133.0,0.4058843133920541,1,1.0,0.47383224666781565,8,154.0
2715.0,9,174.0,3.48,7.380767879108332,0,0.0,0.7606604286454342,2,24.0,0.532142078629499,5,149.0,0.46921570440494986,1,6.0,0.47649808969300544,8,179.0
2720.0,9,215.0,4.134615384615385,6.901308941374268,0,0.0,0.9457735470460875,2,34.0,0.2592177916330973,5,177.0,0.3793854153002973,1,11.0,0.3655871849515087,8,222.0
2725.0,14,177.0,3.4038461538461537,6.601030231946608,0,0.0,1.0,4,52.0,0.3187589235321873,4,149.0,0.41765824011629743,2,17.0,0.19130218985785122,10,218.0
2730.0,10,144.0,2.88,6.470309726357969,0,0.0,1.0,1,29.0,0.7015677403733797,3,83.0,0.22285516253145427,0,0.0,0.9713267525979078,4,112.0
2735.0,12,202.0,4.04,6.995953103352084,0,0.0,1.0,1,34.0,0.7062409759763488,4,102.0,0.28814077087014134,0,0.0,0.9831994385165119,5,136.0
2740.0,16,268.0,5.254901960784314,6.189523835484106,0,0.0,1.0,2,46.0,0.4730682094501881,7,129.0,0.11264318874541347,0,0.0,0.9417250627468425,9,175.0
2745.0,17,299.0,6.1020408163265305,5.220385699442868,0,0.0,1.0,2,54.0,0.5312047515349276,8,168.0,0.18863424279054763,0,0.0,0.9488445748250478,10,222.0
2750.0,17,366.0,7.469387755102041,4.78232021328377,0,0.0,1.0,3,67.0,0.3684803001114651,8,208.0,0.24003092749699392,0,0.0,0.9779182145256878,11,275.0
2755.0,18,452.0,8.692307692307692,5.3142400803989265,0,0.0,1.0,4,83.0,0.1981586497855673,8,248.0,0.2542937240334086,0,0.0,0.9709834976879618,12,331.0
2760.0,19,543.0,10.442307692307692,5.2685462692138465,0,0.0,1.0,4,103.0,0.1917482594010262,8,285.0,0.2906763702521356,0,0.0,0.963740837005139,12,388.0
2765.0,17,497.0,9.745098039215685,4.674466478411612,0,0.0,1.0,4,123.0,0.19654239194278458,3,195.0,0.38088248368843175,0,0.0,0.933116585164103,7,318.0
2770.0,19,559.0,10.547169811320755,5.274705776020283,0,3.0,0.5604307223358043,4,146.0,0.355027919884928,3,182.0,0.38545708591640815,0,0.0,0.9615625717364868,7,331.0
2775.0,21,585.0,10.636363636363637,5.438053553480187,3,11.0,0.15160264431521764,3,95.0,0.515924514136159,3,166.0,0.4802443666424327,0,0.0,0.9618007785490992,9,272.0
2780.0,22,694.0,12.851851851851851,5.107232222411787,3,26.0,0.016654876226267108,4,114.0,0.534439933980646,3,184.0,0.5166829751296071,0,0.0,0.9763758962732021,10,324.0
2785.0,26,634.0,11.74074074074074,4.284280645471551,5,44.0,0.0025077407560272326,4,134.0,0.5787045421492021,3,100.0,0.1865327847773661,0,0.0,0.9475579549782428,12,278.0
2790.0,24,711.0,13.166666666666666,3.963989518161599,0,11.0,0.023622351330289067,4,157.0,0.6143169152338378,4,44.0,0.1790614960504421,0,0.0,0.9257120775063934,8,212.0
2795.0,24,815.0,14.553571428571429,4.604562827430783,0,0.0,1.0,3,169.0,0.6101449313015139,4,64.0,0.1779726783885656,0,0.0,0.9790678970001688,7,233.0
2800.0,21,819.0,14.625,5.717540604630549,0,0.0,1.0,3,184.0,0.6155422786223883,4,84.0,0.48813714327026875,0,0.0,0.9798458871139142,7,268.0
2805.0,18,651.0,11.421052631578947,5.351210636053986,0,0.0,1.0,3,196.0,0.40970510355825185,4,87.0,0.46262710318900685,0,0.0,0.9763768026421771,7,283.0
2810.0,16,458.0,7.508196721311475,5.820638285378915,0,0.0,1.0,4,216.0,0.5029506000025243,6,112.0,0.3796232638136912,0,0.0,0.9907235977850191,10,328.0
2815.0,11,375.0,6.3559322033898304,6.944138885923453,0,0.0,1.0,4,235.0,0.484223834292734,6,139.0,0.31326625728215124,0,0.0,0.9968702485657437,10,374.0
2820.0,10,402.0,6.931034482758621,6.874718094926352,0,0.0,1.0,4,253.0,0.44410026221381177,6,169.0,0.316950338693409,0,0.0,0.9579137834145252,10,422.0
2825.0,12,459.0,8.5,6.816349896313903,0,0.0,1.0,5,277.0,0.4306167987989984,7,202.0,0.291503810545421,0,0.0,0.9304157790236929,12,479.0
2830.0,10,409.0,7.303571428571429,6.4665655298581886,0,0.0,1.0,5,302.0,0.42105062167098367,5,174.0,0.27168783136895197,0,0.0,0.9435499433911058,10,476.0
2835.0,9,376.0,6.962962962962963,6.834109848597098,0,0.0,1.0,5,327.0,0.35677653071078286,4,144.0,0.5251829480773933,0,0.0,0.9847055971766657,9,471.0
2840.0,10,423.0,7.981132075471698,6.857207134862211,0,0.0,0.9223355441146672,5,352.0,0.2710019744334424,5,133.0,0.3686760215392238,0,0.0,0.9118453108949596,10,485.0
2845.0,11,477.0,8.833333333333334,7.144784106201335,0,0.0,1.0,5,377.0,0.2754675140070872,6,162.0,0.2428672630773701,0,0.0,0.985563002213568,11,539.0
2850.0,7,91.0,1.625,6.290449742271778,0,0.0,1.0,2,185.0,0.23733123139215317,4,145.0,0.13756366227505637,0,0.0,0.9383265297937058,6,330.0
2855.0,13,100.0,1.7857142857142858,6.018772223718302,0,0.0,1.0,1,11.0,0.6720539163221207,6,100.0,0.20555249532782405,0,0.0,0.9138520426825248,7,111.0
2860.0,11,125.0,2.232142857142857,6.633413287616783,0,0.0,1.0,1,16.0,0.7626856078876862,7,105.0,0.0007304859540513862,0,0.0,0.8276306921527566,8,121.0
2865.0,10,159.0,2.789473684210526,6.725358569877276,0,0.0,1.0,2,60.0,0.5605378225174701,7,140.0,3.393837234194614e-05,1,3.0,0.670901581376937,10,203.0
2870.0,8,180.0,3.3333333333333335,7.319986185852047,0,0.0,1.0,0,41.0,0.9004731896760421,7,175.0,4.424485232570385e-06,1,8.0,0.6481929890025524,8,224.0
2875.0,2,27.0,0.5,6.9355329385059585,0,0.0,1.0,1,43.0,0.7549629705553808,1,52.0,0.28657641892027547,0,0.0,0.5547136901098517,2,95.0
2880.0,3,39.0,0.75,7.819288454706743,0,9.0,0.597728977430407,1,51.0,0.6419063407819326,2,52.0,0.6294746270537428,0,0.0,0.9691936272526793,3,112.0
2885.0,8,60.0,1.0909090909090908,7.957648157183186,3,12.0,0.10925039565093748,1,56.0,0.8274234090838045,3,64.0,0.3887444008666455,0,0.0,0.9377943701647128,7,132.0
2890.0,7,94.0,1.709090909090909,7.486184741757312,3,27.0,0.0111641841735668,1,61.0,0.7927907350777416,3,79.0,0.3863657925428021,0,0.0,0.9414224254604739,7,167.0
2895.0,7,103.0,1.8727272727272728,7.0494206800784145,4,43.0,0.001986789195292551,1,66.0,0.8411923342461092,1,69.0,0.5914119230183721,0,0.0,0.976403882508162,6,178.0
2900.0,6,131.0,2.2982456140350878,7.837234784024576,4,63.0,0.0004719875155619494,1,74.0,0.8520370839309668,1,56.0,0.7254866739103144,0,0.0,0.9575180642148791,6,193.0
2905.0,6,161.0,2.9272727272727272,8.011601624262314,4,83.0,6.430318665057253e-05,1,79.0,0.7682920597069597,1,61.0,0.42204009301287365,0,0.0,0.9231634677915784,6,223.0
2910.0,9,166.0,3.018181818181818,7.323348712202443,4,103.0,1.370818540755672e-05,1,7.0,0.5992735798258872,3,75.0,0.3932641865375709,1,2.0,0.6081550808505606,9,187.0
2915.0,8,143.0,2.6481481481481484,6.815291261779413,4,123.0,0.0,2,16.0,0.44284140135148886,2,26.0,0.5238078450635764,0,0.0,0.5458946418417574,8,165.0
2920.0,6,53.0,0.9464285714285714,7.095664522753731,0,25.0,0.023942416945652738,3,111.0,0.32481619427633046,3,44.0,0.44214930932285945,0,0.0,0.9135930402534507,6,180.0
2925.0,10,92.0,1.6140350877192982,6.989225413255618,0,0.0,1.0,5,48.0,0.4182729865734409,5,63.0,0.29605001550637305,0,0.0,0.9404404587403025,10,111.0
2930.0,14,149.0,2.6607142857142856,6.699075762746097,0,0.0,1.0,5,72.0,0.2686556309783578,8,96.0,0.17382569258424097,0,0.0,0.9363469477790003,13,168.0
2935.0,12,144.0,2.4827586206896552,6.712667317980705,0,0.0,1.0,5,97.0,0.3588747355324574,3,54.0,0.27586485739881167,0,0.0,0.9522568023906702,8,151.0
2940.0,11,192.0,3.310344827586207,6.846730282108583,0,3.0,0.6206666075989377,5,125.0,0.28073902038367543,2,51.0,0.4200663959489229,0,0.0,0.9345358483799218,7,179.0
2945.0,17,264.0,4.4,6.660667204366512,1,8.0,0.12654640019314833,6,242.0,0.40562502502398773,3,55.0,0.2351274321811866,0,0.0,0.95494187750677,10,305.0
2950.0,18,349.0,6.232142857142857,6.193724446754082,3,22.0,0.01786084150367563,7,255.0,0.4666547523842339,3,67.0,0.0,0,0.0,0.8344202353800698,13,344.0
2955.0,19,440.0,7.857142857142857,5.372901236191737,3,37.0,0.003206325082387503,7,290.0,0.33375321466018537,3,82.0,0.22056362297599577,0,0.0,0.9551418562397473,13,409.0
2960.0,23,476.0,8.350877192982455,4.834444130437436,4,55.0,0.0005135453280995337,9,335.0,0.29869965543901017,2,55.0,0.1964293379382481,0,0.0,0.9620744415957714,15,445.0
2965.0,25,595.0,10.43859649122807,5.249855118836974,4,75.0,9.143673235477426e-05,10,388.0,0.3070837946274895,2,24.0,0.3279710446974942,0,0.0,0.934903073404352,16,487.0
2970.0,26,723.0,12.68421052631579,4.320648134997484,4,96.0,0.034704250601885124,11,441.0,0.2065850070227451,2,34.0,0.30342144923247144,0,0.0,0.9202676412482862,17,571.0
2975.0,26,825.0,13.75,4.136826108842794,5,118.0,8.860674748044042e-06,9,399.0,0.13955610727630574,2,44.0,0.3000799620598851,0,0.0,0.635478653696863,16,561.0
2980.0,23,791.0,12.967213114754099,4.587165647200018,5,143.0,0.0,11,449.0,0.11520710500097758,1,18.0,0.07432387165522043,1,4.0,0.31581062868625315,18,614.0
2985.0,23,899.0,15.23728813559322,4.784881467460332,5,168.0,0.0,12,503.0,0.1272082751720082,1,23.0,0.0,0,0.0,0.9964423742141566,18,694.0
2990.0,27,1024.0,16.516129032258064,4.96121605859462,5,193.0,0.0,14,568.0,0.15627968466882558,1,34.0,0.2687340339103569,0,0.0,0.9841162966363204,20,795.0
2995.0,30,1168.0,18.53968253968254,4.2373098312996635,5,218.0,0.0,14,638.0,0.114489596488604,3,45.0,0.2378453487130442,0,0.0,0.9600173771593699,22,901.0
3000.0,30,1275.0,20.901639344262296,3.6777142742329145,5,243.0,0.0,14,708.0,0.06589174884440996,0,11.0,0.34966125503749707,0,0.0,0.9632049748215844,19,962.0
3005.0,33,1433.0,22.746031746031747,3.88855694224188,5,268.0,0.0,15,782.0,0.1402487930096904,1,5.0,7.197667774990992e-05,0,0.0,0.9821490231701672,21,1055.0
3010.0,34,1600.0,25.396825396825395,3.9465148991807055,5,293.0,0.0,15,860.0,0.1925908489852295,1,10.0,0.0,0,0.0,0.9812605599268878,21,1163.0
3015.0,22,945.0,14.538461538461538,3.768429563826427,5,318.0,0.0,3,387.0,0.275982917105736,1,15.0,0.4886030808812976,0,0.0,0.9440817764487839,9,720.0
3020.0,18,842.0,12.757575757575758,4.757352907137284,5,343.0,0.0,0,164.0,0.627725809359725,1,20.0,0.4703034789768536,0,0.0,0.9982286753598439,6,527.0
3025.0,16,889.0,13.469696969696969,6.087791173248083,5,368.0,0.0,0,6.0,0.9743488418443135,1,34.0,0.7780006007468682,0,0.0,0.9623753128043075,6,408.0
3030.0,15,957.0,14.073529411764707,6.657709326839821,5,393.0,0.0,0,17.0,0.9340998729223889,1,39.0,0.8337769973126999,0,0.0,0.9456758293749162,6,449.0
3035.0,18,1037.0,15.25,6.262363287746203,5,418.0,0.0,1,40.0,0.5090690922768872,1,44.0,0.7465887013149548,0,0.0,0.9798730954499801,7,502.0
3040.0,21,925.0,13.805970149253731,6.449583533802967,5,443.0,0.0,4,44.0,0.4769247532189753,2,54.0,0.7854682838472447,0,0.0,0.9407563565419403,11,541.0
3045.0,17,633.0,9.590909090909092,6.589738449182313,5,468.0,0.0,4,64.0,0.5288889333506801,2,61.0,0.8028658439897974,0,0.0,0.9492641538415784,11,593.0
3050.0,17,575.0,8.984375,5.387615611301631,5,493.0,0.0,7,92.0,0.24504345155433785,2,23.0,0.6516843168820216,0,0.0,0.9707283762930936,14,608.0
3055.0,15,580.0,9.206349206349206,4.693894117653745,5,518.0,0.0,5,60.0,0.2506649865096464,4,148.0,0.4195086131210389,0,0.0,0.9585737869316069,14,726.0
3060.0,17,657.0,9.954545454545455,5.4615502462015915,5,543.0,0.09742729124067451,5,85.0,0.2651331998533824,7,67.0,0.17925941677473003,0,0.0,0.9740426829252403,17,695.0
3065.0,19,748.0,11.164179104477611,5.80740697040089,6,571.0,0.0,5,160.0,0.3202623169072396,8,108.0,0.22215960857979938,0,0.0,0.9312525836028508,19,839.0
3070.0,22,849.0,12.671641791044776,5.461365185859989,6,601.0,0.0,5,185.0,0.36254026633527175,11,196.0,0.18933770728586585,0,0.0,0.967935731102649,22,982.0
3075.0,26,969.0,14.25,4.785010762869971,6,631.0,0.0,5,210.0,0.23656906278458065,13,257.0,0.12187483974633918,0,0.0,0.9488446399043474,24,1098.0
3080.0,29,1111.0,15.647887323943662,5.157453765672934,6,661.0,0.0,6,262.0,0.3816529728655542,14,327.0,0.17083914207193482,0,0.0,0.9601104662366386,26,1250.0
3085.0,26,601.0,8.970149253731343,4.62328864580874,1,262.0,0.027991031427955504,6,289.0,0.21279390586280206,14,397.0,0.2124930530743732,0,0.0,0.9696876698726659,21,948.0
3090.0,15,386.0,5.848484848484849,5.031051220778825,0,0.0,1.0,6,295.0,0.18394510416321483,5,278.0,0.2267591761913094,0,0.0,0.9275592156512495,11,573.0
3095.0,14,357.0,5.409090909090909,6.2797177032590525,0,9.0,0.5750937030145007,7,334.0,0.37271552078134174,3,206.0,0.28576321401430366,0,0.0,0.9477417740214276,10,549.0
3100.0,13,350.0,5.223880597014926,7.196577491794249,0,0.0,0.7943454272263121,7,366.0,0.4338551156044905,4,128.0,0.3607394740236717,0,0.0,0.9406133904944299,11,494.0
3105.0,12,391.0,5.666666666666667,8.012753857434936,0,0.0,0.8552989098328988,8,405.0,0.438263129666874,4,145.0,0.32417042250740286,0,0.0,0.9365171978316413,12,550.0
3110.0,16,460.0,6.571428571428571,7.741938091771648,0,0.0,1.0,10,450.0,0.35642323949376975,4,165.0,0.3204615505569895,0,0.0,0.9889717905499185,14,615.0
3115.0,11,209.0,3.028985507246377,7.794385339145581,0,0.0,1.0,6,331.0,0.4827204200004468,2,102.0,0.21582108880439485,0,0.0,0.9242249003424083,8,433.0
3120.0,7,136.0,2.0606060606060606,8.798292689460308,0,0.0,1.0,2,105.0,0.6166616798811423,2,34.0,0.4531002131295387,0,0.0,0.9476048069430123,4,139.0
3125.0,16,188.0,2.9375,7.749778419071305,0,0.0,1.0,6,90.0,0.3743802436794589,4,47.0,0.0014080963108670207,0,0.0,0.9650991524852798,10,137.0
3130.0,16,268.0,4.5423728813559325,7.14570867515674,0,0.0,1.0,6,120.0,0.29775019515449264,4,69.0,0.39807547626169587,0,0.0,0.9718510323546029,10,189.0
3135.0,6,156.0,2.736842105263158,6.684583633851794,0,0.0,1.0,1,95.0,0.45156645015964275,1,47.0,0.5930982181804498,0,0.0,0.9617846800471743,2,142.0
3140.0,8,192.0,3.4909090909090907,6.883499491960865,0,3.0,0.5374857869834541,1,89.0,0.685410136356482,2,55.0,0.535830624706127,0,0.0,0.9955569029299075,3,147.0
3145.0,12,244.0,4.4363636363636365,6.754128472031459,0,6.0,0.015390927904832881,1,94.0,0.768891460285434,3,71.0,0.5547501336039578,0,0.0,0.9557247337308092,4,171.0
3150.0,12,304.0,5.62962962962963,6.705658064515042,0,0.0,1.0,1,99.0,0.718259652607541,3,86.0,0.531661500548476,0,0.0,0.9479548165222155,4,185.0
3155.0,15,369.0,6.473684210526316,6.501278313607023,0,0.0,1.0,1,104.0,0.7271810039532595,3,101.0,0.48154165950485633,0,0.0,0.9747930752414113,4,205.0
3160.0,13,403.0,6.948275862068965,6.351153479006903,0,0.0,1.0,1,109.0,0.7912542344432869,1,89.0,0.530626955167095,0,0.0,0.9996586320498935,2,198.0
3165.0,17,482.0,9.09433962264151,5.541168242500972,0,0.0,1.0,1,117.0,0.7247999492864868,3,85.0,0.42487713539961736,0,0.0,0.9954110890565767,4,202.0
3170.0,17,445.0,8.24074074074074,5.275672515902237,0,0.0,1.0,3,126.0,0.4813974829735311,4,105.0,0.29998162586811766,0,0.0,0.9711065877804547,7,231.0
3175.0,15,471.0,9.235294117647058,4.649099245162729,0,0.0,1.0,3,141.0,0.34540866177835367,4,125.0,0.24488321374620117,0,0.0,0.9580153884648042,7,266.0
3180.0,15,503.0,9.673076923076923,4.753504103658484,0,0.0,1.0,4,269.0,0.40109917297307224,2,97.0,0.2514804212815953,0,0.0,0.966726708250624,6,366.0
3185.0,15,540.0,10.384615384615385,5.181163778635706,0,0.0,1.0,1,245.0,0.6955161721016756,2,102.0,0.31335062827275406,0,0.0,0.9710425190508716,3,347.0
3190.0,14,506.0,9.37037037037037,5.5894965739087406,0,0.0,0.8858202188772429,1,142.0,0.7665531025156413,2,112.0,0.0,0,0.0,0.9775101234234693,3,254.0
3195.0,12,364.0,6.618181818181818,6.114842282028853,0,0.0,1.0,1,147.0,0.7934117017614302,2,125.0,0.49110652128136967,1,2.0,0.4999749079962974,4,274.0
3200.0,9,331.0,6.365384615384615,6.204276932617829,0,0.0,1.0,1,149.0,0.7610675327833478,3,135.0,0.3910992757623015,1,7.0,0.46285146872941885,5,291.0
3205.0,4,157.0,2.8035714285714284,6.602710314459663,0,0.0,1.0,1,6.0,0.7649664339198922,2,145.0,0.5440536823283535,1,12.0,0.6378694202862804,4,163.0
3210.0,5,166.0,2.9642857142857144,7.210314413923555,0,0.0,1.0,2,28.0,0.657948764172211,2,158.0,0.628586363141595,0,0.0,0.965397758850286,4,186.0
3215.0,6,193.0,3.641509433962264,6.4508088914355834,0,0.0,1.0,3,40.0,0.4707453543685227,2,171.0,0.5163998522826585,0,0.0,0.9446511891375367,5,211.0
3220.0,9,235.0,4.607843137254902,6.290526129977921,0,0.0,1.0,4,105.0,0.29048986485189093,4,188.0,0.3874485506817634,0,0.0,0.9400545217236805,8,293.0
3225.0,11,279.0,5.166666666666667,6.136649456564421,0,0.0,1.0,6,131.0,0.2188971894882121,3,228.0,0.43632861007945406,0,0.0,0.9774560488019866,9,359.0
3230.0,9,260.0,4.7272727272727275,5.899637948910647,0,0.0,0.9798300644793785,5,151.0,0.32916889450872533,4,243.0,0.3205496325356871,0,0.0,0.9444471501898016,9,394.0
3235.0,10,307.0,5.7924528301886795,6.6158109773804386,0,0.0,1.0,6,178.0,0.40593771496007003,4,260.0,0.19984070380815877,0,0.0,0.9572858524205984,10,438.0
3240.0,14,369.0,6.962264150943396,6.449369745252094,0,0.0,1.0,7,166.0,0.35047306616855317,4,285.0,0.39124926129935333,0,0.0,0.9574587401592798,11,451.0
3245.0,17,451.0,8.351851851851851,6.6176181413981965,0,0.0,1.0,8,204.0,0.41362059973996895,4,305.0,0.40731374243457824,0,0.0,0.9726459355859151,12,509.0
3250.0,12,396.0,7.333333333333333,6.655644998151075,0,0.0,1.0,4,148.0,0.4087539901592544,4,325.0,0.4098791602153878,0,0.0,0.9590511225681295,8,473.0
3255.0,6,315.0,5.7272727272727275,7.962244725607713,0,0.0,1.0,1,71.0,0.6597154058028476,5,346.0,0.27656842459227876,0,0.0,0.9489159833667052,6,417.0
3260.0,5,305.0,5.545454545454546,8.010613759625999,0,0.0,1.0,1,10.0,0.5400545542430798,4,305.0,0.28547970603720846,0,0.0,0.9747551582527163,5,315.0
3265.0,7,337.0,6.3584905660377355,7.817980373352994,0,0.0,1.0,4,30.0,0.33755753750542666,3,340.0,0.45519633607721166,0,0.0,0.9810152693797195,7,370.0
3270.0,7,339.0,6.277777777777778,7.128745630153322,0,0.0,1.0,1,7.0,0.6072869284489387,6,341.0,0.27392416402404485,0,0.0,0.9568522326487111,7,348.0
3275.0,8,379.0,7.288461538461538,7.154033973579858,0,0.0,1.0,1,11.0,0.7065200073466575,7,388.0,0.24774631168816533,0,0.0,0.9715183496324037,8,399.0
3280.0,7,376.0,7.09433962264151,7.106989626107697,0,0.0,0.9066338110269032,1,16.0,0.7080510160972233,4,375.0,0.4191085163889918,0,0.0,0.9999193207877549,5,391.0
3285.0,8,413.0,7.7924528301886795,7.407065257927234,0,3.0,0.5776996523533685,1,24.0,0.683031324297363,4,386.0,0.5636543067818294,0,0.0,0.996334798847186,5,413.0
3290.0,10,457.0,8.622641509433961,6.857202895280154,0,6.0,0.04446123222148696,1,26.0,0.7545181031507544,5,405.0,0.4709549995372232,0,0.0,0.9677058720512612,6,437.0
3295.0,12,504.0,9.50943396226415,6.8084382995386985,2,14.0,0.3048897163387428,1,31.0,0.7875864923934378,5,430.0,0.4302113376411926,0,0.0,0.9366379698677961,8,475.0
3300.0,12,522.0,10.653061224489797,6.551073698742117,3,26.0,0.0006141462071566072,2,39.0,0.5895499316767867,5,455.0,0.48198518863917544,0,0.0,0.9793392674542462,10,520.0
3305.0,10,558.0,11.16,6.350697099241254,3,41.0,0.0,2,49.0,0.641278921656672,5,480.0,0.33849346112974277,0,0.0,0.936892193407625,10,570.0
3310.0,10,597.0,12.4375,6.113754120971472,3,56.0,0.1867743621125832,1,46.0,0.7668224974851171,6,504.0,0.12889647727925546,0,0.0,0.9682320743935998,10,606.0
3315.0,9,286.0,5.607843137254902,6.726292411373278,4,72.0,0.026648794253313814,1,48.0,0.6530073850848924,4,309.0,0.17918229512810158,0,0.0,0.9811969677136576,9,429.0
3320.0,7,174.0,3.3461538461538463,7.324156054236598,5,96.0,0.0028608778728654066,1,53.0,0.6558972155712125,1,85.0,0.42332284000125897,0,0.0,0.9857667256520899,7,234.0
3325.0,9,216.0,4.235294117647059,8.023536127041313,6,124.0,0.0006820685206596223,1,116.0,0.7532821863205926,2,44.0,0.492731620552454,0,0.0,0.9805998736531092,9,284.0
3330.0,9,261.0,5.117647058823529,7.776876034123588,6,154.0,0.00017589640412792623,1,121.0,0.6483682030771003,2,50.0,0.5592259875500772,0,0.0,0.9375221987205499,9,325.0
3335.0,8,148.0,2.8461538461538463,6.5849497883827315,1,68.0,0.030849678988537892,3,75.0,0.42499021014409294,2,52.0,0.553049410524692,0,0.0,0.9829457127540271,6,195.0
3340.0,9,172.0,3.372549019607843,6.631564850711115,0,20.0,0.22693029928380767,3,90.0,0.5602703537584117,3,65.0,0.4749276215607568,0,0.0,0.9676745114025571,6,175.0
3345.0,8,185.0,3.5576923076923075,7.252211856211934,0,0.0,1.0,4,121.0,0.5462264986680267,3,80.0,0.4198248377126436,0,0.0,0.9800840083467375,7,201.0
3350.0,8,221.0,4.092592592592593,7.97551300526344,0,0.0,1.0,4,141.0,0.5673493703549503,4,94.0,0.19966243713615234,0,0.0,0.969231638056118,8,235.0
3355.0,5,207.0,3.980769230769231,7.837955290963335,0,0.0,1.0,2,103.0,0.5043820833437742,3,107.0,0.2948505699690964,0,0.0,0.9356613350756813,5,210.0
3360.0,8,241.0,4.82,7.965282743596275,0,0.0,1.0,3,116.0,0.3833260143107477,5,131.0,0.1901406512488873,0,0.0,0.9633418859019295,8,247.0
3365.0,9,283.0,5.775510204081633,8.344330032935805,0,0.0,1.0,3,131.0,0.4496798751482669,6,161.0,0.2364092123411305,0,0.0,0.96797117407969,9,292.0
3370.0,9,328.0,6.6938775510204085,8.316349194426602,0,0.0,1.0,3,143.0,0.46982325637677275,6,188.0,0.32560178520355365,0,0.0,0.942506375581542,9,331.0
3375.0,6,319.0,6.645833333333333,8.140179333627646,0,0.0,1.0,2,140.0,0.5609305647990327,4,182.0,0.39073003325496836,0,0.0,0.8779464029879271,6,322.0
3380.0,6,349.0,7.425531914893617,7.952084015606889,0,0.0,1.0,2,153.0,0.31783666370575775,4,202.0,0.49467716599747263,0,0.0,0.9773467318363067,6,355.0
3385.0,7,384.0,7.836734693877551,8.38134063000597,0,0.0,1.0,3,168.0,0.5574011489804077,4,222.0,0.5006887446657798,0,0.0,0.9716498831845061,7,390.0
3390.0,8,422.0,8.612244897959183,8.346197480364339,0,0.0,0.953683509348809,4,186.0,0.4086533486321874,4,242.0,0.31044572116261315,0,0.0,0.9590916299070065,8,428.0
3395.0,7,454.0,9.458333333333334,7.295695090544721,0,0.0,0.9249737514383015,3,198.0,0.4868990393878276,4,262.0,0.3198753842066564,0,0.0,0.9286069781209819,7,460.0
3400.0,9,324.0,6.612244897959184,7.1620632669449185,0,0.0,1.0,3,213.0,0.4936014211680455,2,169.0,0.48157671082675907,0,0.0,0.9440297480093992,5,382.0
3405.0,9,266.0,5.215686274509804,7.426930608032096,0,0.0,1.0,3,228.0,0.5808067510257096,1,46.0,0.457440865151963,0,0.0,0.9471374549016485,4,274.0
3410.0,10,315.0,6.3,7.45725703743118,0,0.0,1.0,3,240.0,0.4762032473969607,2,14.0,0.5116238069757263,0,0.0,0.9284482864061916,5,254.0
3415.0,11,350.0,7.0,6.757537425132362,0,0.0,1.0,3,255.0,0.5367547103579772,4,29.0,0.3261723796803096,0,0.0,0.9869724869303682,7,284.0
3420.0,7,334.0,7.1063829787234045,6.616228141086679,0,0.0,1.0,3,270.0,0.5377932715755216,1,17.0,0.6410992490194389,0,0.0,0.9846543817466609,4,287.0
3425.0,5,306.0,6.244897959183674,7.389234512630513,0,0.0,1.0,4,312.0,0.5265773771254373,1,22.0,0.6500500790888114,0,0.0,0.9832206973085317,5,334.0
3430.0,6,332.0,6.775510204081633,7.752061450123802,0,0.0,1.0,4,332.0,0.6111400828213372,1,27.0,0.6384181105495285,1,1.0,0.6458512287659443,6,360.0
3435.0,6,351.0,7.3125,7.386657652798928,0,0.0,0.967319616281894,3,340.0,0.6133430319625157,1,29.0,0.6407818458977499,1,6.0,0.6378367601170915,5,375.0
3440.0,7,381.0,8.106382978723405,7.610419996668875,0,0.0,1.0,4,339.0,0.5665527290162721,1,34.0,0.6329956900597465,1,11.0,0.7068326919215943,6,384.0
3445.0,9,421.0,8.591836734693878,7.384888659588401,0,0.0,1.0,4,359.0,0.5317580969207408,1,42.0,0.7871994362862947,1,16.0,0.48580308149432866,6,417.0
3450.0,5,417.0,8.6875,7.094205994146162,0,0.0,0.9247705621204599,4,384.0,0.4900149755570019,1,47.0,0.472811013266602,0,2.0,0.697628190534262,5,433.0
3455.0,8,158.0,3.2916666666666665,6.784328690743355,1,2.0,0.002810629410360555,3,220.0,0.4306402242451959,2,60.0,0.5696315532099361,0,0.0,0.965028115016145,6,282.0
3460.0,13,138.0,2.816326530612245,6.411963999510741,1,7.0,0.0,5,128.0,0.34608689604381687,3,75.0,0.6343118463036034,0,0.0,0.9421313076195019,9,210.0
3465.0,14,194.0,3.9591836734693877,6.559324571432076,1,12.0,0.0,6,100.0,0.29807829775668576,3,90.0,0.6340437286410106,0,0.0,0.9960472230110059,10,202.0
3470.0,12,136.0,2.7755102040816326,5.94565373691033,1,17.0,0.0,8,135.0,0.26551933210664846,3,42.0,0.47269428682673764,0,0.0,0.994439619831531,12,194.0
3475.0,14,153.0,3.0,5.705169443907253,1,22.0,0.0,4,106.0,0.31751784009270284,5,39.0,0.39898758792406563,0,0.0,0.9801059707110273,10,167.0
3480.0,17,231.0,4.4423076923076925,5.841254361824739,1,27.0,0.0,5,120.0,0.35549581537351915,6,66.0,0.368977164908644,0,0.0,0.9503492609030461,12,213.0
3485.0,18,286.0,5.607843137254902,5.6697980071220675,0,0.0,1.0,6,146.0,0.2929489593792237,6,99.0,0.4586356149622865,0,0.0,0.9403678592692466,12,245.0
3490.0,15,284.0,5.3584905660377355,5.313013348165057,0,0.0,1.0,6,173.0,0.3577776955994513,3,35.0,0.26269901680144025,0,0.0,0.9843499916474002,9,208.0
3495.0,13,203.0,3.625,5.585137266820427,0,3.0,0.6763250245795979,3,103.0,0.41643311518995735,3,47.0,0.409390581411573,0,0.0,0.9417371874645059,6,153.0
3500.0,14,227.0,4.127272727272727,6.59237173422056,0,0.0,1.0,1,11.0,0.6549355818599668,3,62.0,0.4919426542694349,0,0.0,0.9765699687937359,4,73.0
3505.0,10,165.0,3.0555555555555554,7.324801949218077,0,0.0,0.9590116588508769,1,15.0,0.799853117793149,3,77.0,0.34486722167014855,0,0.0,0.9587357372489461,4,92.0
3510.0,7,80.0,1.4814814814814814,7.3371217069988575,0,0.0,1.0,1,20.0,0.8250995180388019,1,55.0,0.6581242270664753,0,0.0,0.9991069489984418,2,75.0
3515.0,11,89.0,1.6481481481481481,7.029204071162099,0,0.0,1.0,1,12.0,0.8125230690507713,1,5.0,0.7268851610292246,0,0.0,0.9662744437324902,2,17.0
3520.0,13,152.0,2.980392156862745,7.015965150506413,0,0.0,1.0,1,20.0,0.88033532555852,1,10.0,0.6683523458725693,0,0.0,0.9407811902406557,2,30.0
3525.0,13,134.0,2.7346938775510203,6.226679183886063,0,0.0,1.0,2,20.0,0.6465477634170482,3,21.0,0.5948768372196916,0,0.0,0.9405712707855753,5,41.0
3530.0,11,172.0,3.3076923076923075,6.277411007056225,0,0.0,1.0,2,29.0,0.6442700646336526,2,26.0,0.6441504906096418,0,0.0,0.9419652412084463,4,55.0
3535.0,16,238.0,4.490566037735849,6.169852612995637,0,0.0,1.0,5,44.0,0.48686141474958705,3,38.0,0.6038635377515645,0,0.0,0.9705714278597669,8,82.0
3540.0,14,173.0,3.2641509433962264,6.189160682494124,0,0.0,1.0,6,70.0,0.3683931898363136,5,56.0,0.35257260236196447,0,0.0,0.9409724861717131,11,126.0
3545.0,12,176.0,3.74468085106383,6.300755192029967,0,0.0,1.0,7,103.0,0.1949130942158867,5,81.0,0.35502845719578335,0,0.0,0.9500767174577326,12,184.0
3550.0,10,150.0,3.061224489795918,6.294316812885174,0,0.0,1.0,9,144.0,0.12686146454908015,1,30.0,0.5236336821455791,0,0.0,0.992363751420035,10,174.0
3555.0,10,185.0,3.7755102040816326,6.668113325419088,0,3.0,0.6318220798405145,10,196.0,0.16313387508506652,0,11.0,0.70242788402948,0,0.0,0.9880327404306376,10,210.0
3560.0,9,229.0,4.770833333333333,6.9516801892607445,0,0.0,0.9531061109869092,9,240.0,0.3237106706154477,0,0.0,1.0,0,0.0,0.9844614187186136,9,240.0
3565.0,12,281.0,5.509803921568627,6.945320696977031,1,1.0,0.0013394562721983328,9,285.0,0.33738478679405937,0,0.0,0.968641432589489,0,0.0,0.9845310403811616,10,286.0
3570.0,11,326.0,6.52,7.323621601480169,1,5.0,0.0,10,331.0,0.2780267665041141,0,3.0,0.9586824829062319,0,0.0,0.9791424507864513,11,339.0
3575.0,11,381.0,7.62,6.9199481119296005,1,5.0,0.0,10,378.0,0.3197659388083345,0,3.0,0.706838576795471,0,0.0,0.9412518517962969,11,386.0
3580.0,12,433.0,8.83673469387755,6.771803706763667,1,10.0,0.0,9,417.0,0.29577853426627776,2,11.0,0.6262505294139344,0,0.0,0.9362292964888086,12,438.0
3585.0,15,498.0,10.826086956521738,6.214779687538421,1,15.0,0.0,12,494.0,0.17817613479268052,2,24.0,0.5532661562420305,0,0.0,0.9698929490942221,15,533.0
3590.0,14,560.0,12.173913043478262,5.861716507763296,1,20.0,0.16248234394919484,12,527.0,0.20296717080166413,1,21.0,0.6503955979173321,0,0.0,0.9484841017671543,14,568.0
3595.0,16,636.0,13.826086956521738,5.791115102474878,1,25.0,0.0,13,590.0,0.2009436843418945,2,29.0,0.38245806258659953,0,0.0,0.9649675398865613,16,644.0
3600.0,22,737.0,15.354166666666666,4.8184097089531175,1,30.0,0.0,15,662.0,0.09708170874992662,6,53.0,0.23595590996776178,0,0.0,0.9900545710051798,22,745.0
