step,system_total_stopped,system_total_waiting_time,system_mean_waiting_time,system_mean_speed,cluster_10564135163_13571629282_5146149679_stopped,cluster_10564135163_13571629282_5146149679_accumulated_waiting_time,cluster_10564135163_13571629282_5146149679_average_speed,cluster_10564135205_11749189839_3266988437_5129187741_#3more_stopped,cluster_10564135205_11749189839_3266988437_5129187741_#3more_accumulated_waiting_time,cluster_10564135205_11749189839_3266988437_5129187741_#3more_average_speed,cluster_10564135211_11749189838_12136544949_12136544951_#7more_stopped,cluster_10564135211_11749189838_12136544949_12136544951_#7more_accumulated_waiting_time,cluster_10564135211_11749189838_12136544949_12136544951_#7more_average_speed,cluster_10564135212_13571629279_13571629299_stopped,cluster_10564135212_13571629279_13571629299_accumulated_waiting_time,cluster_10564135212_13571629279_13571629299_average_speed,agents_total_stopped,agents_total_accumulated_waiting_time
0.0,0,0.0,0.0,0.0,0,0.0,1.0,0,0.0,1.0,0,0.0,1.0,0,0.0,1.0,0,0.0
5.0,0,0.0,0.0,10.479009926213008,0,0.0,1.0,0,0.0,0.9473845634844045,0,0.0,1.0,0,0.0,0.9515722501152217,0,0.0
10.0,0,0.0,0.0,9.160261132705411,0,0.0,1.0,0,0.0,0.9365998383610155,0,0.0,1.0,0,0.0,0.9416458861916465,0,0.0
15.0,0,0.0,0.0,8.486919285043651,0,0.0,1.0,0,0.0,0.9533843967409172,0,0.0,1.0,0,0.0,0.9570945539016904,0,0.0
20.0,0,0.0,0.0,8.69264259399315,0,0.0,1.0,0,0.0,0.9332652633103905,0,0.0,1.0,0,0.0,0.9434116623167528,0,0.0
25.0,1,3.0,0.2727272727272727,7.048924206737385,0,0.0,1.0,1,3.0,0.4810409633580402,0,0.0,0.9625739887942313,0,0.0,0.49533848658626933,1,3.0
30.0,2,13.0,1.0,7.205589995780485,0,0.0,1.0,1,8.0,0.48101628520176565,0,0.0,1.0,1,5.0,0.4752768979179088,2,13.0
35.0,2,23.0,1.6428571428571428,7.105331578676511,0,0.0,1.0,1,13.0,0.4813497009500312,0,0.0,1.0,1,10.0,0.4595518930012777,2,23.0
40.0,2,33.0,1.9411764705882353,7.108875582337818,0,0.0,1.0,1,18.0,0.4105359996740303,0,0.0,1.0,1,15.0,0.6335498947288535,2,33.0
45.0,2,28.0,1.75,5.9137356672856765,0,0.0,1.0,2,28.0,0.31184239607135944,0,0.0,1.0,0,0.0,0.9745292277525819,2,28.0
50.0,2,38.0,2.111111111111111,7.503811910119688,0,0.0,1.0,2,38.0,0.31855252113116905,0,3.0,0.7783294887309791,0,0.0,0.9532504879146987,2,41.0
55.0,4,52.0,2.4761904761904763,6.858488217101686,0,0.0,1.0,3,48.0,0.21424632790905965,1,7.0,0.3143832162542903,0,0.0,0.9977517547473386,4,55.0
60.0,5,75.0,3.409090909090909,6.561203625226607,0,0.0,1.0,3,61.0,0.09029317027188394,2,17.0,0.3254285535281132,0,0.0,0.9817802417102534,5,78.0
65.0,0,0.0,0.0,6.660686488332663,0,0.0,1.0,0,0.0,0.8229446158666538,0,0.0,0.5286342039396724,0,0.0,0.978931139161764,0,0.0
70.0,0,0.0,0.0,8.077008895877475,0,0.0,1.0,0,6.0,0.7913007507699672,0,0.0,1.0,0,0.0,0.984628732563887,0,6.0
75.0,0,0.0,0.0,8.953685755221,0,0.0,1.0,0,6.0,0.9304693734279865,0,9.0,0.9271410094321955,0,0.0,0.9545717622061867,0,15.0
80.0,1,1.0,0.037037037037037035,8.865779247834729,0,0.0,1.0,0,6.0,0.9703590152392778,0,9.0,0.962008418656958,0,0.0,0.9978643818701859,0,15.0
85.0,3,8.0,0.2857142857142857,7.274458112358121,0,0.0,1.0,1,7.0,0.7858658597655053,1,10.0,0.7393718852301466,0,0.0,0.9672666783879296,2,17.0
90.0,3,13.0,0.4482758620689655,7.646343417735934,0,0.0,1.0,1,12.0,0.7731368261875565,2,16.0,0.6422195374951817,0,0.0,0.9823834309100802,3,28.0
95.0,4,29.0,0.9354838709677419,8.192696055975698,0,0.0,1.0,1,17.0,0.6606814932718253,3,27.0,0.48352077516104,0,0.0,0.974249863112647,4,44.0
100.0,6,55.0,1.71875,7.782271744656735,0,0.0,0.9187459262769245,3,28.0,0.47875876938086587,3,42.0,0.36982453091614964,0,0.0,0.8365567238788744,6,70.0
105.0,6,66.0,2.0625,6.8125908627971095,0,0.0,1.0,4,45.0,0.18537834535265693,2,27.0,0.47377559133921204,0,0.0,0.9461695100133967,6,72.0
110.0,7,99.0,2.75,6.34655939487572,0,4.0,0.5757230005798233,4,68.0,0.11172735442809406,2,38.0,0.3701674983387509,0,0.0,0.9374910403036392,6,110.0
115.0,9,139.0,3.861111111111111,6.209800848601759,0,5.0,0.02980576329394044,6,97.0,0.30442578769485623,3,52.0,0.24515571933789504,0,0.0,0.9715650686143075,9,154.0
120.0,12,197.0,5.184210526315789,6.337299282519889,3,18.0,5.519162279057691e-05,6,127.0,0.43154730942303116,3,67.0,0.37976607678138075,0,0.0,0.9696647412916813,12,212.0
125.0,10,230.0,6.052631578947368,6.504745386358894,0,0.0,1.0,6,157.0,0.45482798180352474,4,83.0,0.19265922790002585,0,0.0,0.9658110583953897,10,240.0
130.0,12,282.0,7.230769230769231,6.0620128611428825,0,0.0,1.0,6,187.0,0.36009193359309,6,105.0,0.0008378506464756046,0,0.0,0.9759540162252238,12,292.0
135.0,14,349.0,8.512195121951219,6.096340152229981,0,0.0,1.0,8,221.0,0.286423859505079,6,135.0,0.016465662579408496,0,0.0,0.9295076054286502,14,356.0
140.0,15,420.0,10.24390243902439,6.160377674034071,0,0.0,1.0,8,261.0,0.1712105499940947,7,166.0,0.11547169930258061,0,0.0,0.9386849880156227,15,427.0
145.0,5,169.0,3.840909090909091,6.765166700315941,0,0.0,1.0,2,60.0,0.38276597157621667,3,157.0,0.1999594526561747,0,0.0,0.9397529938906203,5,217.0
150.0,5,194.0,4.217391304347826,7.00898848292554,0,3.0,0.9556287287430609,2,40.0,0.47506984977075106,3,157.0,0.026607140689003862,0,0.0,0.8562927037258126,5,200.0
155.0,7,227.0,5.27906976744186,7.715614531562754,0,0.0,1.0,2,53.0,0.5805145638957225,4,185.0,0.45887745575880146,1,4.0,0.633733922381632,7,242.0
160.0,7,262.0,5.822222222222222,7.987430831673883,0,0.0,1.0,2,63.0,0.5768297605571692,4,205.0,0.47080211138538564,1,9.0,0.6102914922424784,7,277.0
165.0,3,161.0,3.5,7.67842647062219,0,0.0,1.0,0,37.0,0.682965410784288,3,174.0,0.5336319288785109,0,0.0,0.6716517889375778,3,211.0
170.0,5,183.0,3.8125,7.836835604940077,0,3.0,0.9266872948762115,1,11.0,0.751465102946697,3,185.0,0.6365365764829941,0,0.0,0.9382228554842373,4,199.0
175.0,6,204.0,4.434782608695652,7.732737325524662,0,0.0,1.0,1,16.0,0.7767076714551019,5,206.0,0.543215166086657,0,0.0,0.967823180597554,6,222.0
180.0,7,238.0,5.409090909090909,7.535832539128584,0,0.0,1.0,1,21.0,0.6296045806889362,6,235.0,0.4102320678706822,0,0.0,0.9528753586169814,7,256.0
185.0,15,295.0,6.555555555555555,5.598240022930718,0,0.0,1.0,4,33.0,0.23006420358153915,10,279.0,0.2496201035287295,0,0.0,0.6822115862851866,14,312.0
190.0,16,370.0,7.872340425531915,5.637818509971812,0,0.0,1.0,4,53.0,0.28241611068685696,11,333.0,0.20432775048112187,1,4.0,0.713422893223353,16,390.0
195.0,18,457.0,9.520833333333334,5.781105661476645,0,0.0,1.0,4,73.0,0.3879802768624403,13,395.0,0.11134277486041017,1,9.0,0.6992087210557674,18,477.0
200.0,20,550.0,11.224489795918368,5.300259695240936,0,0.0,1.0,4,93.0,0.25566686598416605,15,463.0,0.05436849366945109,1,14.0,0.7094964085363447,20,570.0
205.0,18,547.0,10.94,4.921234928228947,0,0.0,1.0,0,3.0,0.2319986030339552,15,538.0,0.1111209791678825,3,23.0,0.389142699502914,18,564.0
210.0,12,419.0,8.215686274509803,4.763570300211728,0,0.0,1.0,1,5.0,0.4871005602602313,7,446.0,0.0490038283005206,4,39.0,0.19626809232400136,12,490.0
215.0,12,468.0,9.0,6.030152414165139,0,3.0,0.49207322562723316,1,10.0,0.4913802592833711,7,421.0,0.22992456609601875,4,59.0,0.19323620254666285,12,493.0
220.0,12,528.0,9.777777777777779,6.910925837111337,0,0.0,0.8685796359234524,1,21.0,0.7298370723191215,7,442.0,0.3498189501358749,4,79.0,0.16459397309380475,12,542.0
225.0,14,593.0,11.18867924528302,6.271011299446305,2,5.0,0.0010516058443223808,1,26.0,0.6387579499277772,7,477.0,0.2698225490946666,4,99.0,0.1547221190047188,14,607.0
230.0,14,607.0,11.036363636363637,6.584509817456022,2,15.0,0.0,2,35.0,0.48274041451707694,6,469.0,0.30624236372089075,4,119.0,0.16651500084653945,14,638.0
235.0,16,681.0,12.849056603773585,6.493915830819182,2,25.0,0.0,2,46.0,0.6019584133255809,6,477.0,0.32213920875102287,6,143.0,0.14019288304668104,16,691.0
240.0,19,769.0,14.788461538461538,5.873975874378562,2,35.0,0.0,4,62.0,0.47929652755180346,7,509.0,0.14765479522134797,5,168.0,0.12677964613424386,18,774.0
245.0,16,828.0,16.897959183673468,5.576302945609062,2,45.0,0.0,2,50.0,0.5575074894380021,7,544.0,0.005379814469760961,5,193.0,0.10696886615709479,16,832.0
250.0,10,678.0,14.125,5.838955828251739,2,55.0,0.0,2,60.0,0.5529889752240815,6,568.0,0.007132341130179275,0,58.0,0.2974199925816807,10,741.0
255.0,11,730.0,14.6,6.568321980082154,2,71.0,0.290919277603364,3,72.0,0.4686712954885774,6,606.0,0.34287992373741977,0,0.0,0.5665580638786801,11,749.0
260.0,11,785.0,15.096153846153847,6.93635673526285,2,81.0,0.09205538142266048,3,87.0,0.4968640516899595,6,630.0,0.43065663091140394,0,0.0,0.8477349089607307,11,798.0
265.0,6,654.0,12.576923076923077,6.8177641322152684,0,3.0,0.03758110165794148,0,15.0,0.7132031620513236,6,660.0,0.31546419408561344,0,0.0,0.992687014582083,6,678.0
270.0,5,330.0,6.73469387755102,7.414836370510999,0,3.0,0.21760496158040768,0,0.0,0.8857151266228573,5,511.0,0.33036355862497147,0,0.0,0.9909306608808038,5,514.0
275.0,2,11.0,0.22,8.75968633737051,0,0.0,1.0,1,3.0,0.7591610427394789,1,231.0,0.6186281793523383,0,0.0,0.9414726358748853,2,234.0
280.0,2,21.0,0.40384615384615385,8.842988358877111,0,0.0,1.0,1,8.0,0.840002444790079,1,69.0,0.5167573036164084,0,0.0,0.5084607771944193,2,77.0
285.0,7,51.0,1.0,7.594842004996671,0,0.0,1.0,1,13.0,0.6604761169514002,4,38.0,0.35264151760983986,1,5.0,0.46968763970373734,6,56.0
290.0,8,70.0,1.3725490196078431,6.98188642345595,0,0.0,1.0,3,24.0,0.4649878592736246,1,26.0,0.7813466969218806,1,10.0,0.6496939917631982,5,60.0
295.0,10,104.0,2.0,6.630640051589207,0,9.0,0.6066870411205887,4,42.0,0.26231679362690885,1,31.0,0.7408822158860842,0,0.0,0.9784918272826003,5,82.0
300.0,15,164.0,3.28,5.865589986512434,0,9.0,0.02652481686606137,7,65.0,0.2187584600179845,2,39.0,0.5347154608910425,0,0.0,0.9923583913380188,9,113.0
305.0,10,144.0,2.88,5.524834403003929,0,0.0,1.0,0,10.0,0.4930404984859052,3,48.0,0.24570551149294095,0,0.0,0.9482436083228464,3,58.0
310.0,8,139.0,2.574074074074074,6.441906192683922,0,0.0,1.0,0,0.0,0.9609012983994885,2,52.0,0.3636602070597647,0,0.0,0.980964993338876,2,52.0
315.0,7,120.0,2.2641509433962264,7.450417269073263,0,0.0,1.0,0,0.0,0.9495959848563573,2,55.0,0.47792836960294227,0,0.0,0.9484254312800322,2,55.0
320.0,8,122.0,2.44,7.872726821206768,0,0.0,1.0,1,5.0,0.7485621444032364,3,69.0,0.4819595502344242,0,0.0,0.98053100299029,4,74.0
325.0,6,128.0,2.4150943396226414,8.000064275116474,0,0.0,1.0,0,3.0,0.8081588884034691,3,84.0,0.48789236205927927,0,0.0,0.9673357646151224,3,87.0
330.0,9,166.0,3.2549019607843137,6.917418182414946,0,0.0,1.0,2,8.0,0.3979503283464184,3,99.0,0.5237672725562847,0,0.0,0.9688761422615031,5,107.0
335.0,11,202.0,4.590909090909091,5.894075206290354,0,0.0,1.0,5,23.0,0.26526286542275035,4,113.0,0.42140083166392855,0,0.0,0.9311795052686141,9,136.0
340.0,13,187.0,4.25,4.999971366683361,0,0.0,1.0,5,48.0,0.18228347623672292,5,135.0,0.27367993052470035,0,0.0,0.9509638276847794,10,183.0
345.0,10,197.0,4.191489361702128,5.706667839314341,0,0.0,1.0,3,28.0,0.3873153600724567,5,161.0,0.24572406481174836,0,0.0,0.9525015570609554,8,189.0
350.0,7,111.0,2.3617021276595747,6.445223023028472,0,0.0,1.0,3,43.0,0.396254400027822,4,102.0,0.25049568202757466,0,0.0,0.9344542812587907,7,145.0
355.0,8,148.0,3.0833333333333335,6.713884162303553,0,0.0,1.0,3,61.0,0.37720832745338817,5,94.0,0.31953731875926583,0,0.0,0.9169149936564184,8,155.0
360.0,10,195.0,3.9,6.651504103979241,0,0.0,1.0,4,78.0,0.30606969109288723,6,124.0,0.2258257945520342,0,0.0,0.9526624714275884,10,202.0
365.0,11,248.0,4.769230769230769,6.53832916506928,0,0.0,1.0,5,120.0,0.3477487183667818,6,154.0,0.19081302130519245,0,0.0,0.9482008721731369,11,274.0
370.0,14,313.0,6.137254901960785,5.992023754754544,0,0.0,1.0,5,145.0,0.30327174991041106,8,190.0,0.2598393318314441,0,0.0,0.9400425026111379,13,335.0
375.0,17,390.0,7.959183673469388,5.030538125829898,0,0.0,1.0,5,166.0,0.3311141027134591,9,231.0,0.1431744595753849,0,0.0,0.9523638788251042,14,397.0
380.0,19,480.0,9.23076923076923,5.035990740290273,0,0.0,1.0,6,194.0,0.3567057286615815,9,276.0,0.02081759155941165,0,0.0,0.9549908213398689,15,470.0
385.0,21,578.0,10.703703703703704,4.194002516447482,0,0.0,1.0,8,212.0,0.1021653145325821,9,321.0,0.0040337435635033995,0,0.0,0.8950862563709546,17,533.0
390.0,23,528.0,9.428571428571429,4.289243356685678,0,0.0,1.0,6,143.0,0.1861295442606081,11,373.0,0.0006145503896609589,1,2.0,0.6476032486758047,18,518.0
395.0,20,589.0,10.517857142857142,5.852627457036164,0,0.0,1.0,3,65.0,0.4615757489715434,11,428.0,0.00013394295078913776,1,7.0,0.6391551364129103,15,500.0
400.0,18,626.0,10.610169491525424,6.317199107864146,0,0.0,1.0,3,74.0,0.5774274783674231,11,499.0,0.15802583725361558,1,12.0,0.7298403904246431,15,585.0
405.0,17,643.0,10.898305084745763,6.24574341750031,0,0.0,1.0,3,89.0,0.4342350402225486,12,558.0,0.18784347070808302,2,19.0,0.2517994445837808,17,666.0
410.0,9,157.0,2.6610169491525424,5.957072753726963,0,0.0,1.0,3,102.0,0.27759071976068667,3,215.0,0.41273574859461987,3,32.0,0.2411255156913675,9,349.0
415.0,7,68.0,1.152542372881356,6.432138997647116,0,3.0,0.5488889995252788,2,16.0,0.41571880245901494,1,99.0,0.6353663515856733,4,47.0,0.1784576665176513,7,165.0
420.0,6,98.0,1.6896551724137931,7.541618574225755,0,6.0,0.38324115089835953,2,26.0,0.7057624689781015,1,33.0,0.7864077126248783,3,62.0,0.12422465510561904,6,127.0
425.0,9,139.0,2.43859649122807,7.365449449767779,3,17.0,0.07931433976288534,2,36.0,0.697198966452048,1,39.0,0.8424030616640547,3,77.0,0.20274842278722766,9,169.0
430.0,12,190.0,3.2758620689655173,7.063939923872448,4,33.0,0.007272154124704708,3,45.0,0.5975655410308723,1,44.0,0.7817226383592836,4,95.0,0.194420810529066,12,217.0
435.0,16,254.0,4.379310344827586,6.572622756076661,5,53.0,0.0021133385491821895,3,60.0,0.5996166936647862,3,53.0,0.6795396136528014,4,115.0,0.18746756553377442,15,281.0
440.0,13,204.0,3.5789473684210527,6.443455259743803,5,78.0,0.00024651447361957523,3,75.0,0.6323920741979877,3,68.0,0.6567188603772849,0,12.0,0.4698164414088586,11,233.0
445.0,15,273.0,4.706896551724138,6.646765059684866,5,103.0,5.583299553775052e-05,3,87.0,0.5932836490770154,4,94.0,0.5298503300145367,0,0.0,0.898463970841267,12,284.0
450.0,12,247.0,4.258620689655173,5.71424257918352,5,128.0,1.4882449175830415e-05,0,24.0,0.5065345202736373,3,99.0,0.3626962357426143,0,0.0,0.9462123004298371,8,251.0
455.0,15,318.0,5.389830508474576,6.054905146615802,5,153.0,0.10222655070984639,1,7.0,0.47396639126199075,4,115.0,0.18856934871610762,0,0.0,0.8855808903563552,10,275.0
460.0,19,393.0,6.661016949152542,5.638952181396028,5,181.0,0.01900548568071446,3,22.0,0.6023745865474757,4,166.0,0.4188000926509351,0,0.0,0.6873691597990503,12,369.0
465.0,21,464.0,8.0,5.053627775000476,6,208.0,0.006233114108500802,3,53.0,0.6132646905348615,5,187.0,0.35404332169688985,1,4.0,0.6500319147581461,15,452.0
470.0,19,501.0,8.637931034482758,5.463809822528458,9,248.0,0.03775829729175409,0,16.0,0.9468015401657824,6,215.0,0.23282266661406223,1,9.0,0.6555762190926598,16,488.0
475.0,18,555.0,9.568965517241379,5.764534185847889,9,293.0,0.004134768398777849,0,16.0,0.8905445398280835,6,245.0,0.2971330099744823,1,14.0,0.7215477373495571,16,568.0
480.0,18,565.0,9.576271186440678,5.8470735845760835,10,340.0,0.0008292134967709455,1,3.0,0.7790256208919214,7,279.0,0.34987156811289694,0,0.0,0.5249701755553604,18,622.0
485.0,16,347.0,5.88135593220339,5.332735139051305,4,190.0,0.0070778396179984925,1,8.0,0.7826656787335541,7,317.0,0.3757896277487287,0,0.0,0.9435780081311466,12,515.0
490.0,17,353.0,5.693548387096774,5.202082668931087,0,71.0,0.09873918382220996,3,16.0,0.47629794605733955,10,357.0,0.19984331171686573,0,0.0,0.9315462751938197,13,444.0
495.0,14,384.0,6.095238095238095,5.939212255437238,0,19.0,0.2959746587175618,4,32.0,0.4211205713931549,7,384.0,0.23914220077498058,0,0.0,0.9987211930618936,11,435.0
500.0,12,425.0,6.746031746031746,6.957090840332156,0,3.0,0.8826581303520583,5,59.0,0.4001107385073026,7,416.0,0.21773580883030969,0,0.0,0.9992111072494713,12,478.0
505.0,13,487.0,7.854838709677419,6.421165905815672,0,0.0,0.07857848424659795,5,84.0,0.30923530808669797,7,451.0,0.2148563423257796,0,0.0,0.8987159714883652,12,535.0
510.0,12,490.0,7.903225806451613,6.522395183171319,1,4.0,0.3539466586363985,4,64.0,0.3663995710638893,7,483.0,0.12206956758226255,0,0.0,0.9516699312745414,12,551.0
515.0,13,546.0,9.254237288135593,6.566735242925806,2,11.0,0.14500234308757673,3,60.0,0.5443665299435415,7,518.0,0.11979260970901358,0,0.0,0.9834082970868391,12,589.0
520.0,13,608.0,10.666666666666666,6.585305622007,2,21.0,0.021622546116577296,3,77.0,0.5945020456263759,8,559.0,0.10130366486267761,0,0.0,0.9450334286540407,13,657.0
525.0,12,647.0,11.763636363636364,6.638732523910281,0,0.0,0.021522399535584227,3,90.0,0.5384309578445928,9,604.0,0.16358114875202265,0,0.0,0.5622943851074156,12,694.0
530.0,12,612.0,11.127272727272727,6.236107476603898,0,0.0,1.0,1,8.0,0.4777847633012045,9,649.0,0.16648755199708212,1,3.0,0.47805348699946876,11,660.0
535.0,11,665.0,12.090909090909092,6.69401709974785,0,0.0,1.0,1,7.0,0.48238891275687845,9,695.0,0.21880731016066554,1,8.0,0.4906376866788292,11,710.0
540.0,11,685.0,12.017543859649123,6.845271321982737,0,0.0,1.0,1,12.0,0.4979615730852163,8,724.0,0.2877744824471435,1,13.0,0.48693938512984164,10,749.0
545.0,11,740.0,12.758620689655173,6.444830844320315,0,0.0,1.0,1,21.0,0.5735255327117489,8,742.0,0.3195278745514542,1,18.0,0.4890784524597722,10,781.0
550.0,12,799.0,13.775862068965518,7.258917428682813,0,0.0,1.0,1,26.0,0.7722695545540889,8,782.0,0.2662783705667373,2,27.0,0.4099214656385134,11,835.0
555.0,11,832.0,15.127272727272727,7.39356727723078,0,0.0,0.4490346856766066,0,4.0,0.8967894406588671,8,819.0,0.2587013996384062,2,37.0,0.46699260004311677,10,860.0
560.0,10,843.0,15.61111111111111,6.999357012093315,1,3.0,2.7828180827661718e-05,0,3.0,0.7624913889105777,8,859.0,0.19891527354365043,0,0.0,0.818564940192692,9,865.0
565.0,10,776.0,14.923076923076923,7.09139414711388,0,0.0,1.0,2,8.0,0.4998660582922825,7,791.0,0.3073658716035909,0,0.0,0.9462061720753553,9,799.0
570.0,12,833.0,17.0,6.89510546416323,0,3.0,0.913261150805496,2,18.0,0.5645260775523959,8,831.0,0.3068809457415601,0,0.0,0.9999013068065236,10,852.0
575.0,14,881.0,17.274509803921568,6.676929703358989,0,0.0,1.0,0,0.0,0.8043901829306449,12,884.0,0.19313624687716238,0,0.0,0.9659771768049555,12,884.0
580.0,14,941.0,17.754716981132077,6.526940080987987,0,0.0,1.0,1,2.0,0.6208274792808843,12,947.0,0.23821587626375518,0,0.0,0.9670424180258053,13,949.0
585.0,12,944.0,18.153846153846153,6.013451576286978,0,0.0,1.0,2,9.0,0.3277717762005412,7,931.0,0.32229931247884797,1,1.0,0.500127727280667,10,941.0
590.0,13,1007.0,19.365384615384617,6.273975201355938,0,0.0,1.0,2,25.0,0.4021966721252149,8,969.0,0.3724503525478289,1,6.0,0.472321451374479,11,1000.0
595.0,13,1072.0,20.22641509433962,6.225283056638535,0,6.0,0.18452655813229923,2,38.0,0.6078625918951225,8,1009.0,0.3149008196812842,1,5.0,0.4916536037282143,11,1058.0
600.0,14,1130.0,21.73076923076923,6.205924345715284,2,15.0,4.36025946647193e-05,2,48.0,0.6405139162696804,8,1049.0,0.34570447986213676,0,0.0,0.8522887633403312,12,1112.0
605.0,12,1181.0,24.102040816326532,6.352425745260662,0,0.0,1.0,2,58.0,0.650910140373533,8,1089.0,0.3377569507388424,0,0.0,0.9329221360413484,10,1147.0
610.0,12,1241.0,25.854166666666668,6.914181643479275,0,0.0,1.0,2,62.0,0.7301398940486097,8,1126.0,0.32106411119401285,0,0.0,0.9252436211564882,10,1188.0
615.0,11,907.0,18.14,6.765939294902808,0,0.0,1.0,2,72.0,0.5514115443735662,7,938.0,0.2716473756111504,0,0.0,0.9601447684837816,9,1010.0
620.0,6,241.0,4.82,6.995834348427621,0,0.0,1.0,2,82.0,0.5110038198023473,2,595.0,0.3122684253825866,0,0.0,0.8082462108514561,4,677.0
625.0,8,150.0,3.0,7.615113201459768,0,0.0,1.0,2,89.0,0.6387187444580614,5,364.0,0.26875012601392456,1,4.0,0.47648017801919973,8,457.0
630.0,9,194.0,3.9591836734693877,7.827793019412213,0,0.0,1.0,2,99.0,0.6745307112678087,5,83.0,0.15200579901524292,2,13.0,0.44137791188743236,9,195.0
635.0,10,242.0,4.938775510204081,7.556124150508818,0,0.0,0.8321387203025545,2,109.0,0.6436130819937023,5,108.0,0.15921585367478222,3,26.0,0.3935794694274925,10,243.0
640.0,8,254.0,5.291666666666667,7.589208701279297,1,3.0,0.0010575001404279547,2,119.0,0.5741616370128575,5,141.0,0.3632063287735062,0,7.0,0.6801330126720492,8,270.0
645.0,7,286.0,6.085106382978723,7.58944392093395,0,0.0,1.0,2,129.0,0.5541450580540541,5,164.0,0.41772345867938426,0,0.0,0.9659918277561685,7,293.0
650.0,11,328.0,6.56,7.509463561257616,0,0.0,1.0,2,141.0,0.6438872023698348,9,196.0,0.18017982125886753,0,0.0,0.9605077573031029,11,337.0
655.0,9,368.0,7.510204081632653,6.691743313569959,0,0.0,1.0,2,149.0,0.5147106617865728,7,228.0,0.23322674588695014,0,0.0,0.9766124859556923,9,377.0
660.0,7,254.0,5.7727272727272725,6.4683772274540425,0,0.0,1.0,0,76.0,0.5117620893276382,7,258.0,0.18758821393326502,0,0.0,0.9718900990725318,7,334.0
665.0,8,290.0,6.744186046511628,6.728590141956488,0,0.0,1.0,0,0.0,0.9853081340336445,8,294.0,0.17839697165283244,0,0.0,0.9649305817433538,8,294.0
670.0,9,335.0,7.282608695652174,6.862802164647067,0,0.0,1.0,0,0.0,0.9447571048504089,9,342.0,0.22280097094083878,0,0.0,0.9535723037357968,9,342.0
675.0,12,240.0,5.217391304347826,6.13409194086251,0,0.0,1.0,1,1.0,0.606014027159705,9,305.0,0.21009590318852805,1,1.0,0.4865045344689012,11,307.0
680.0,10,238.0,5.0638297872340425,6.2963407182838,0,0.0,1.0,0,3.0,0.9648012487306181,8,232.0,0.1869774288244953,1,6.0,0.6132717761477928,9,241.0
685.0,10,282.0,5.755102040816326,6.944825386289854,0,0.0,1.0,0,3.0,0.9606361073132147,8,272.0,0.3208922479381338,0,0.0,0.9160385077977434,8,275.0
690.0,12,335.0,6.836734693877551,6.720332861863982,0,0.0,1.0,0,3.0,0.8799658920344127,10,323.0,0.2727274281603273,0,0.0,0.960925276929018,10,326.0
695.0,14,401.0,8.02,5.886836684848933,0,0.0,1.0,0,3.0,0.9050067157493058,11,378.0,0.2537445015161812,0,0.0,0.9163078134897906,11,381.0
700.0,14,412.0,8.583333333333334,4.8597535570826516,0,0.0,1.0,1,6.0,0.6335362809646075,11,423.0,0.13052476040771274,0,0.0,0.8017386654612959,12,429.0
705.0,16,475.0,9.693877551020408,5.437830130615271,0,0.0,1.0,1,11.0,0.7038539740858927,14,479.0,0.1176990544151197,1,3.0,0.613717212435436,16,493.0
710.0,18,559.0,11.18,5.442840738164358,0,0.0,1.0,1,13.0,0.7305622116713486,14,549.0,0.1749368992575545,1,8.0,0.639685262615031,16,570.0
715.0,18,641.0,12.568627450980392,5.041350953543979,0,0.0,1.0,1,18.0,0.5288624508643027,14,616.0,0.15265142701682638,1,13.0,0.6365022575992193,16,647.0
720.0,7,121.0,2.42,4.847492704513533,0,0.0,1.0,2,26.0,0.31014060062819593,4,238.0,0.18944890053310687,1,18.0,0.6343284226121249,7,282.0
725.0,9,96.0,1.7777777777777777,6.0453641036253805,0,9.0,0.6323862874565099,3,40.0,0.29335936231163506,1,86.0,0.4876297447875617,1,23.0,0.5109664174066746,5,158.0
730.0,8,95.0,1.7924528301886793,6.400170418731877,1,10.0,0.24498347877042426,0,21.0,0.739809813915034,1,30.0,0.7575082069155826,2,33.0,0.35783165740000145,4,94.0
735.0,8,101.0,1.9056603773584906,6.5160871165717635,3,24.0,0.03026666236346168,0,9.0,0.8956257487401322,1,35.0,0.5824545766877531,0,9.0,0.5902237124381221,4,77.0
740.0,13,154.0,2.7017543859649122,6.716358677008732,5,43.0,0.1288852868813577,0,9.0,0.9173398708803393,2,49.0,0.5619224645401758,0,0.0,0.9473880616844411,7,101.0
745.0,17,233.0,4.087719298245614,5.907410327451756,6,73.0,0.014693483897306587,1,7.0,0.8351171965110235,3,62.0,0.42052791032569437,0,0.0,0.962165466635083,10,142.0
750.0,16,235.0,4.12280701754386,5.51090281632908,2,34.0,0.018650969862272132,0,6.0,0.922667493067023,5,88.0,0.3967948680368563,0,0.0,0.9314080383374961,7,128.0
755.0,16,308.0,5.5,5.641446361769,0,2.0,0.1830590182782844,0,28.0,0.9039274972588981,6,116.0,0.3200231106199244,0,0.0,0.9652583355941485,6,146.0
760.0,17,391.0,6.741379310344827,6.217415779512025,0,0.0,1.0,0,25.0,0.8190346041511862,7,152.0,0.33402396611096025,0,0.0,0.9517593139578976,7,177.0
765.0,13,384.0,6.508474576271187,6.553414558622087,0,0.0,1.0,1,2.0,0.47216685482273013,5,145.0,0.3927388759712954,0,0.0,0.8810142377562685,6,147.0
770.0,14,450.0,7.758620689655173,6.523895941297191,0,0.0,1.0,1,7.0,0.495985294809404,6,168.0,0.38380658154674485,0,0.0,0.7908489663929233,7,175.0
775.0,17,525.0,8.75,6.038671229344194,0,0.0,1.0,1,12.0,0.648349518962861,7,200.0,0.2671448790804859,2,3.0,0.4920670662998592,10,215.0
780.0,20,511.0,8.661016949152541,5.793568760849577,0,0.0,1.0,1,17.0,0.5751217367049787,8,240.0,0.2806786099170764,2,13.0,0.4896732491702009,11,270.0
785.0,10,216.0,4.32,5.61487142335594,0,0.0,1.0,1,22.0,0.6950763303681764,2,148.0,0.42205306654304436,3,25.0,0.2383628852217321,6,195.0
790.0,3,172.0,3.739130434782609,6.27044794501432,0,3.0,0.6347024448849669,1,33.0,0.48227979070569216,2,145.0,0.4844734774952605,0,15.0,0.5057827057531297,3,196.0
795.0,4,161.0,3.3541666666666665,6.951584952340961,0,0.0,0.43863674208833947,0,10.0,0.8207008693366497,2,161.0,0.5633465388074117,0,0.0,0.9489039259616054,2,171.0
800.0,9,192.0,3.84,7.327989443372522,0,0.0,1.0,0,9.0,0.8877155607764434,2,176.0,0.6298302770401364,0,0.0,0.9381354084283587,2,185.0
805.0,10,72.0,1.411764705882353,7.104692302910233,0,0.0,1.0,1,12.0,0.8062374386296723,1,140.0,0.5539234300637929,0,0.0,0.9735041642631126,2,152.0
810.0,13,128.0,2.4615384615384617,6.742110142320913,0,0.0,1.0,1,11.0,0.7840940315406421,4,79.0,0.16573552011079248,0,0.0,0.9234891350475054,5,90.0
815.0,13,185.0,3.5576923076923075,6.171406301116101,0,0.0,1.0,0,3.0,0.8191475163233598,5,99.0,0.19075643949055793,0,0.0,0.9654032108204135,5,102.0
820.0,14,252.0,4.846153846153846,5.962379346541036,0,0.0,1.0,0,0.0,0.8705421351379566,6,126.0,0.12808105020396646,0,0.0,0.660496106159561,6,126.0
825.0,15,327.0,6.673469387755102,5.674898929801543,0,0.0,1.0,0,0.0,0.9629083259814301,6,159.0,0.30972667132168824,1,5.0,0.6222025197189723,7,164.0
830.0,11,230.0,4.423076923076923,6.865568824196951,0,0.0,1.0,0,0.0,0.8823966043153434,6,189.0,0.3206896824510398,1,10.0,0.7116628429039996,7,199.0
835.0,4,87.0,1.6730769230769231,7.241850457268706,0,0.0,1.0,0,0.0,0.8688314247171812,3,167.0,0.41524183788286473,1,15.0,0.48590471781794153,4,182.0
840.0,7,116.0,2.2745098039215685,7.397905076113387,0,3.0,0.6151722777546863,1,5.0,0.5383040969203604,3,238.0,0.6021996891760244,2,25.0,0.25054352108548505,6,271.0
845.0,10,156.0,3.25,6.61470871284327,0,0.0,1.0,1,10.0,0.6135444962953702,4,255.0,0.3548145824130683,3,40.0,0.23690891426146304,8,305.0
850.0,9,195.0,3.979591836734694,6.071182097986504,0,0.0,0.9714120113261517,1,15.0,0.4875852750535817,5,293.0,0.18839557445484167,3,55.0,0.16194695357846614,9,363.0
855.0,15,261.0,5.326530612244898,4.992362573292858,0,0.0,0.016822009225886017,2,25.0,0.5583970961240684,7,324.0,0.12471626646019043,4,74.0,0.11653021578524814,13,423.0
860.0,20,348.0,7.1020408163265305,4.644530675114014,1,5.0,9.636638632792642e-06,2,35.0,0.5706261331810443,7,356.0,0.0,4,94.0,0.18900306717589893,14,490.0
865.0,19,306.0,5.884615384615385,4.402707870532722,1,10.0,0.05845176682105927,3,45.0,0.21864602955993365,5,320.0,0.11472927635447604,5,114.0,0.15720876173218754,14,489.0
870.0,8,123.0,2.3653846153846154,5.626010963439059,2,20.0,0.0,3,59.0,0.07418740794655973,2,174.0,0.36174138653176346,0,29.0,0.4795319493617058,7,282.0
875.0,3,55.0,1.0576923076923077,6.728507562519648,0,0.0,0.923422241792901,0,0.0,0.7504215854747147,2,61.0,0.5326343331337844,0,0.0,0.7300447921250484,2,61.0
880.0,4,64.0,1.28,7.656487615589043,0,0.0,1.0,0,0.0,0.9174019175996418,4,73.0,0.1766514192800768,0,0.0,0.9765283045184793,4,73.0
885.0,4,22.0,0.44,8.221203626348206,0,0.0,1.0,0,0.0,0.6602577272014232,4,72.0,0.4678478253647212,0,0.0,0.9762377914684752,4,72.0
890.0,7,49.0,0.98,8.693476071799395,0,0.0,1.0,2,6.0,0.32889231801104996,5,61.0,0.5586183127748316,0,0.0,0.9080915691762526,7,67.0
895.0,9,89.0,1.8541666666666667,7.263100968462109,0,0.0,1.0,2,16.0,0.31397019565485135,6,103.0,0.5131357207145988,1,3.0,0.6174399394834255,9,122.0
900.0,9,115.0,2.3469387755102042,7.7690047104514335,0,0.0,1.0,0,0.0,0.646333406588194,7,135.0,0.4019259332735566,1,8.0,0.6059764511238054,8,143.0
905.0,5,34.0,0.68,7.338782307364697,0,0.0,1.0,1,2.0,0.5813674461798778,1,70.0,0.5024724097157423,1,13.0,0.47877733411112694,3,85.0
910.0,6,44.0,0.9166666666666666,7.50752783098419,0,3.0,0.6933121980053503,1,16.0,0.5733862472429827,2,35.0,0.482831510521321,0,0.0,0.9666920591607585,3,54.0
915.0,9,62.0,1.2653061224489797,7.078894961555276,2,7.0,0.046141653740572094,1,21.0,0.7322120895456447,2,58.0,0.5190068601909208,0,0.0,0.9311344050335922,5,86.0
920.0,9,68.0,1.2830188679245282,7.573001109483376,3,21.0,0.006271389940528457,0,9.0,0.9103501440804218,4,66.0,0.27797901601996816,0,0.0,0.9260057164568897,7,96.0
925.0,10,108.0,2.0377358490566038,7.559076221973844,4,39.0,0.07392399167089916,0,9.0,0.8742121361255318,5,89.0,0.27360135958513004,0,0.0,0.9634508587150397,9,137.0
930.0,12,163.0,3.0754716981132075,6.762826403648308,4,59.0,0.008187472784213595,1,12.0,0.7647969756892439,6,119.0,0.3333038620262883,0,0.0,0.9764956664033857,11,190.0
935.0,9,137.0,2.6862745098039214,6.66781653979298,0,13.0,0.028871123412863367,2,22.0,0.7628765790456818,7,149.0,0.2164393687922514,0,0.0,0.9431763476140418,9,184.0
940.0,10,163.0,3.0754716981132075,6.2374295197157315,0,0.0,1.0,3,7.0,0.5310098294976797,7,184.0,0.21542321387703808,0,0.0,0.8883304208034806,10,191.0
945.0,12,216.0,4.0754716981132075,6.105397417048535,0,0.0,1.0,4,24.0,0.314038725241394,7,219.0,0.2139237973950828,1,1.0,0.47636139455680604,12,244.0
950.0,11,231.0,4.2,6.67413615284768,0,0.0,1.0,4,44.0,0.30265162330778794,6,212.0,0.28114355804925795,1,6.0,0.4852290798893823,11,262.0
955.0,15,298.0,5.321428571428571,6.556751107530368,0,0.0,1.0,6,97.0,0.3172443988032683,8,247.0,0.1021603413235052,1,11.0,0.6411012986547481,15,355.0
960.0,15,361.0,6.5636363636363635,6.512919207777689,0,0.0,1.0,7,131.0,0.31257377493430366,8,287.0,0.10487700419465337,0,0.0,0.9474497594943708,15,418.0
965.0,17,443.0,9.229166666666666,5.632708587897376,0,0.0,1.0,9,147.0,0.17732163401034048,8,330.0,0.12522172384949826,0,0.0,0.9518284740351451,17,477.0
970.0,13,413.0,8.978260869565217,5.469498721174265,0,0.0,1.0,9,270.0,0.22090033245232543,4,252.0,0.06350406075274419,0,0.0,0.945355817433274,13,522.0
975.0,13,478.0,9.958333333333334,6.075460568283094,0,3.0,0.5789639743531486,9,328.0,0.26407805307169024,4,266.0,0.1567804701782406,0,0.0,0.9857298259004418,13,597.0
980.0,17,554.0,11.541666666666666,5.842737149780689,1,7.0,0.019067133936075512,10,306.0,0.31752761488987347,5,288.0,0.15990941946877849,0,0.0,0.9925200677770217,16,601.0
985.0,10,340.0,6.8,5.885434229642523,2,17.0,8.506387766411496e-06,2,140.0,0.5685539920755944,5,313.0,0.16408739322058488,0,0.0,0.9771636169756903,9,470.0
990.0,8,343.0,7.0,6.6017514725638415,2,27.0,0.0,1,55.0,0.7411172268123688,5,338.0,0.16299102138750257,0,0.0,0.9753910303209137,8,420.0
995.0,8,383.0,7.66,6.831363113366762,2,37.0,0.0,1,21.0,0.675258548287977,5,372.0,0.31269811286916416,0,0.0,0.85198088651452,8,430.0
1000.0,11,402.0,7.730769230769231,6.638908987198175,0,0.0,1.0,4,40.0,0.5413984648691664,6,400.0,0.3184345176604227,1,3.0,0.49125693309343366,11,443.0
1005.0,12,449.0,8.471698113207546,6.561901590500556,0,0.0,1.0,6,62.0,0.2914930158038311,6,424.0,0.3847715347895343,0,0.0,0.9173880922451062,12,486.0
1010.0,15,520.0,9.454545454545455,6.503742580953655,0,0.0,1.0,9,103.0,0.2073860350364381,6,457.0,0.39856753234891595,0,0.0,0.9483781741882115,15,560.0
1015.0,17,386.0,7.423076923076923,6.041405076363093,0,0.0,1.0,12,152.0,0.07306580634312147,5,356.0,0.3969721048168436,0,0.0,0.9705565658080976,17,508.0
1020.0,14,230.0,4.6938775510204085,5.783938651797792,0,0.0,1.0,12,215.0,0.12513533377472716,2,176.0,0.36989014181166957,0,0.0,0.9145011815291516,14,391.0
1025.0,13,191.0,3.82,5.914072435316154,0,0.0,0.8920526432843675,8,192.0,0.23563289819669983,5,58.0,0.19757084028479951,0,0.0,0.9648767554290456,13,250.0
1030.0,12,202.0,3.9607843137254903,6.087359091063795,0,0.0,1.0,6,145.0,0.3846653994048798,5,83.0,0.12808313517731285,0,0.0,0.9574201545082909,11,228.0
1035.0,16,273.0,5.571428571428571,6.123876153526577,0,0.0,1.0,7,155.0,0.397046629559098,8,119.0,0.1768580915719562,0,0.0,0.9406245379448881,15,274.0
1040.0,16,351.0,7.163265306122449,5.939963950847118,0,0.0,1.0,7,190.0,0.3884782821085445,8,158.0,0.23947311809742003,0,0.0,0.9578609763922128,15,348.0
1045.0,11,212.0,4.076923076923077,5.795799103703005,0,0.0,1.0,1,63.0,0.5239174930430024,9,201.0,0.23254738774003877,0,0.0,0.8123984798370981,10,264.0
1050.0,12,253.0,5.163265306122449,6.367379143752594,0,0.0,1.0,2,13.0,0.5982549684294506,9,246.0,0.23472196086078315,1,4.0,0.7320324917887634,12,263.0
1055.0,13,315.0,6.176470588235294,6.914617950057652,0,0.0,1.0,3,25.0,0.48721197944054295,9,297.0,0.34034073730541115,1,9.0,0.6946335222284524,13,331.0
1060.0,13,367.0,7.489795918367347,6.388909651713311,0,0.0,1.0,3,40.0,0.24155663338877872,10,340.0,0.28919669310281343,0,0.0,0.9733874595745436,13,380.0
1065.0,15,417.0,8.34,5.64188846328409,0,0.0,1.0,3,36.0,0.16523875140649502,12,397.0,0.22199895592176108,0,0.0,0.7433641163607071,15,433.0
1070.0,17,499.0,10.183673469387756,5.716028881830713,0,0.0,1.0,3,51.0,0.23788638592794492,13,459.0,0.17530647576028457,1,5.0,0.476650439879865,17,515.0
1075.0,18,586.0,13.022222222222222,5.004257237103773,0,0.0,1.0,3,66.0,0.24336764114371104,13,524.0,0.16172692369428143,1,10.0,0.4972616040940744,17,600.0
1080.0,20,682.0,14.51063829787234,4.520476886463555,0,0.0,1.0,3,81.0,0.23847628427035977,15,595.0,0.09418645024747074,1,15.0,0.6049920082373004,19,691.0
1085.0,19,708.0,14.448979591836734,4.449871201238764,0,0.0,1.0,1,21.0,0.45522314029290845,15,670.0,0.05562767525937773,1,20.0,0.526580470603248,17,711.0
1090.0,23,814.0,16.958333333333332,4.61352681283985,0,0.0,1.0,2,30.0,0.5694291543528649,17,751.0,0.06608017201987386,2,29.0,0.4717821662678574,21,810.0
1095.0,23,929.0,19.354166666666668,4.340880810087464,0,0.0,1.0,2,40.0,0.4166691690796596,17,836.0,0.05458485900813112,2,39.0,0.45884066252251654,21,915.0
1100.0,26,1038.0,19.96153846153846,4.274665724855959,0,0.0,1.0,5,57.0,0.14288224380656406,18,922.0,0.053033490302046384,1,35.0,0.49992920414509434,24,1014.0
1105.0,9,287.0,5.415094339622642,4.540468369131768,0,0.0,1.0,2,16.0,0.10505430841299858,6,523.0,0.11365458033227392,1,40.0,0.4890643589594907,9,579.0
1110.0,4,144.0,2.823529411764706,6.2493807705911495,0,9.0,0.604236992427971,3,40.0,0.38485683098994405,1,248.0,0.33933098783338905,0,0.0,0.9100513046737299,4,297.0
1115.0,6,166.0,3.3877551020408165,7.550858445311154,2,11.0,0.1057419768779671,3,55.0,0.635833056267706,1,149.0,0.6262463126121048,0,0.0,0.9737454800400553,6,215.0
1120.0,7,201.0,3.8653846153846154,7.430654065772927,3,26.0,0.11537371747214187,3,70.0,0.6344593200516498,1,132.0,0.7391818530318314,0,0.0,0.967826913005046,7,228.0
1125.0,7,210.0,3.888888888888889,6.930112935880306,0,2.0,0.04187917490121018,5,90.0,0.5444945855387299,1,137.0,0.714170317130794,0,0.0,0.9538206186432482,6,229.0
1130.0,10,252.0,4.846153846153846,6.541610472647595,0,0.0,0.22283403079807307,5,109.0,0.5641039360288743,1,142.0,0.7703954419103085,0,0.0,0.6656554237134052,6,251.0
1135.0,10,286.0,5.2,7.508489374096183,0,0.0,0.84644323249111,5,134.0,0.5865758663146855,1,147.0,0.7984605553081582,1,4.0,0.7210376290693298,7,285.0
1140.0,7,302.0,5.592592592592593,6.833813189170388,0,0.0,0.12309309977818911,5,156.0,0.5422707760974195,1,152.0,0.4069423955931501,0,0.0,0.5236120165886881,6,308.0
1145.0,9,198.0,3.6,7.274007979054572,1,4.0,0.0003699399466300207,5,181.0,0.3914101123871988,3,25.0,0.48696312204481607,0,0.0,0.9618319881188602,9,210.0
1150.0,14,254.0,4.618181818181818,7.0175830668477985,1,9.0,0.0,7,210.0,0.12042132744864341,6,54.0,0.38471865801760474,0,0.0,0.9775300073082179,14,273.0
1155.0,12,285.0,5.089285714285714,7.1672588443035385,1,14.0,0.0,5,213.0,0.2544245907065156,6,84.0,0.26814673781163184,0,0.0,0.8752294723212405,12,311.0
1160.0,14,350.0,6.481481481481482,6.65812357766312,1,19.0,0.0,6,233.0,0.142363193982692,7,137.0,0.2859164445108106,0,0.0,0.8426022276382958,14,389.0
1165.0,14,413.0,8.098039215686274,6.693018389907404,1,24.0,0.0,6,263.0,0.2288266678464207,7,158.0,0.2377903604985407,0,0.0,0.8553045716520382,14,445.0
1170.0,15,485.0,10.543478260869565,6.426926906687883,1,32.0,0.47824935245382866,6,293.0,0.20004329393467202,8,179.0,0.1842285978131701,0,0.0,0.8483463879618862,15,504.0
1175.0,17,565.0,12.282608695652174,5.297240815214692,1,34.0,0.0,7,324.0,0.18511726193915745,9,223.0,0.16078636982502784,0,0.0,0.8693992712634332,17,581.0
1180.0,22,666.0,14.170212765957446,4.232736571295973,1,39.0,0.0,8,361.0,0.11216428039943531,10,270.0,0.16348523892181438,0,0.0,0.7735140342915114,19,670.0
1185.0,26,785.0,16.020408163265305,3.51222305116256,1,44.0,0.0,8,401.0,0.1400904422646031,10,320.0,0.07693856757658545,2,6.0,0.30766588377966303,21,771.0
1190.0,28,919.0,18.38,3.60792563099391,1,49.0,0.0,9,446.0,0.21103219635055082,12,376.0,0.0004125577801280294,1,11.0,0.48104387344916755,23,882.0
1195.0,26,762.0,14.653846153846153,4.502473442246981,1,54.0,0.0,6,298.0,0.2778670560132415,12,436.0,4.031180360316859e-06,2,21.0,0.5690266446078257,21,809.0
1200.0,22,741.0,14.25,5.088858060596712,1,59.0,0.0,2,117.0,0.3565904280689603,12,496.0,0.0,2,31.0,0.4165931993204309,17,703.0
1205.0,24,853.0,16.09433962264151,5.111975168497249,1,64.0,0.0,2,78.0,0.25640087660362115,12,559.0,0.12740789413812112,3,42.0,0.3831794017835194,18,743.0
1210.0,24,942.0,16.821428571428573,4.879986268611242,1,69.0,0.0,3,91.0,0.0524978213496244,12,619.0,0.21216700608051653,3,56.0,0.3612248476420799,19,835.0
1215.0,15,797.0,14.49090909090909,4.919238235018035,1,74.0,0.0,0,7.0,0.2888408249383707,12,679.0,0.2371758677525198,0,9.0,0.4193260217420707,13,769.0
1220.0,14,800.0,14.035087719298245,5.665383616725884,1,79.0,0.0,0,0.0,0.8805734889541017,13,746.0,0.30562153015712223,0,9.0,0.3422154631805201,14,834.0
1225.0,4,184.0,3.1724137931034484,5.88348491475406,1,84.0,0.0,0,0.0,0.9879022575682699,3,318.0,0.43652704114135493,0,2.0,0.6436054058769867,4,404.0
1230.0,2,94.0,1.5932203389830508,6.94862288157732,1,95.0,0.3726557556583891,0,6.0,0.8293232852425393,1,127.0,0.5197441564332268,0,0.0,0.9502896132445033,2,228.0
1235.0,3,14.0,0.23728813559322035,7.9169028841772,1,10.0,0.32140438198495136,0,9.0,0.8586840667359488,2,24.0,0.667781641529494,0,0.0,0.976318376249145,3,43.0
1240.0,6,39.0,0.65,7.863612179286921,4,25.0,0.016132011091996083,0,6.0,0.9596784617339408,2,31.0,0.6902267756566512,0,0.0,0.9402426702810303,6,62.0
1245.0,6,69.0,1.1896551724137931,8.324858338396924,4,46.0,0.003989516224819757,0,6.0,0.9300809016499958,2,41.0,0.6803906678963445,0,0.0,0.9372415097915807,6,93.0
1250.0,9,111.0,1.85,7.745497491218689,6,76.0,0.00048287275442624985,1,8.0,0.8499589199097919,2,51.0,0.5814551070170244,0,0.0,0.9379336962638442,9,135.0
1255.0,15,169.0,2.864406779661017,6.975315870698565,6,106.0,8.268490013359925e-05,1,13.0,0.8306132334627694,8,74.0,0.1455129876116102,0,0.0,0.9389536930941775,15,193.0
1260.0,14,232.0,4.377358490566038,5.917132131966014,6,136.0,1.1054033896034848e-05,0,3.0,0.832413647743847,8,114.0,0.04583401217110748,0,0.0,0.9389474602193006,14,253.0
1265.0,12,248.0,4.428571428571429,6.71336173676355,6,166.0,3.887358079964696e-06,0,6.0,0.8414367282901556,6,113.0,0.01627172603056841,0,0.0,0.9496118935221278,12,285.0
1270.0,14,298.0,5.418181818181818,6.801478488620022,6,196.0,0.0,0,6.0,0.7879872911705685,7,122.0,0.2289823677817883,1,1.0,0.7325206161119231,14,325.0
1275.0,17,372.0,6.642857142857143,6.453982630151968,7,227.0,0.08642703832515856,1,8.0,0.6484547461274177,8,158.0,0.21930921945670637,1,5.0,0.4914758391711518,17,398.0
1280.0,20,468.0,8.068965517241379,6.274197015066057,8,265.0,0.0001732677786855681,2,16.0,0.5253559608318786,8,198.0,0.3184799823336295,2,15.0,0.45346126491917615,20,494.0
1285.0,15,400.0,7.2727272727272725,5.674877016023256,8,305.0,0.0,3,29.0,0.4827789184656203,1,99.0,0.484729354789649,3,28.0,0.20246286795851365,15,461.0
1290.0,13,432.0,7.8545454545454545,5.669922888208427,8,348.0,0.052215219488107645,3,44.0,0.1992702105105587,2,95.0,0.48619258557616696,0,7.0,0.5800688951035059,13,494.0
1295.0,15,506.0,9.73076923076923,5.763127422755942,8,394.0,0.016098634723455567,4,66.0,0.2875475943125197,3,98.0,0.6149116733584997,0,0.0,0.9782880422121092,15,558.0
1300.0,16,534.0,10.075471698113208,5.972015528442992,10,437.0,0.008200823420398084,2,52.0,0.610963230763716,4,108.0,0.3796170132030843,0,0.0,0.9365691353472191,16,597.0
1305.0,15,581.0,10.962264150943396,6.508910816265055,11,491.0,0.0019351237664432849,0,13.0,0.8413989867180998,4,128.0,0.35184102080378693,0,0.0,0.9518300830178791,15,632.0
1310.0,13,240.0,4.444444444444445,6.110441641618381,6,310.0,0.013683855608262765,0,3.0,0.9705895246146995,5,156.0,0.44742138907469425,1,2.0,0.729571471451786,12,471.0
1315.0,8,177.0,3.1052631578947367,6.491439212313241,0,116.0,0.18418055354161864,0,3.0,0.9693513581480309,5,181.0,0.47517083084307327,1,7.0,0.6018117171291749,6,307.0
1320.0,11,222.0,3.8947368421052633,6.873229423021914,0,33.0,0.4777346700115845,0,0.0,0.9430090766287349,6,208.0,0.39951829625976937,2,14.0,0.555175088319792,8,255.0
1325.0,9,194.0,3.288135593220339,7.249803301767801,0,0.0,1.0,0,0.0,0.9584927815591311,3,157.0,0.5094316068591623,3,26.0,0.39237740817596006,6,183.0
1330.0,9,232.0,3.8666666666666667,7.226710633590936,0,9.0,0.6860246173802665,1,1.0,0.45293632278548396,2,145.0,0.6472565857746682,3,41.0,0.20275714942817452,6,196.0
1335.0,12,288.0,4.721311475409836,7.646660168886929,0,0.0,0.6896302942734444,1,44.0,0.7037681880539711,3,152.0,0.5222298842906841,4,61.0,0.32443279361999383,8,257.0
1340.0,13,314.0,5.508771929824562,7.366013362046283,0,0.0,1.0,1,40.0,0.802078290908046,5,174.0,0.3653634244400909,4,81.0,0.3131126755820636,10,295.0
1345.0,12,322.0,6.1923076923076925,7.031520341613128,0,0.0,1.0,1,7.0,0.722968848121893,5,199.0,0.27767628030224756,5,103.0,0.16207021202978172,11,309.0
1350.0,6,238.0,4.857142857142857,7.523301031782405,0,0.0,1.0,1,12.0,0.47843406280749645,4,209.0,0.3948659044960664,1,51.0,0.3476007709658242,6,272.0
1355.0,5,243.0,5.0625,7.363471800410362,0,0.0,1.0,1,17.0,0.26598630859027356,4,238.0,0.3777316233268031,0,20.0,0.437569381532014,5,275.0
1360.0,7,252.0,5.7272727272727275,6.128983417359686,0,0.0,1.0,0,0.0,0.8923376856594452,7,264.0,0.2521056533895232,0,0.0,0.8681207240041495,7,264.0
1365.0,14,306.0,6.954545454545454,5.204631432589571,0,0.0,1.0,1,33.0,0.5444275923799957,10,311.0,0.1942438057492117,0,0.0,0.8661515307661256,11,344.0
1370.0,6,300.0,6.382978723404255,6.423395967343966,0,0.0,1.0,1,38.0,0.7656992209732247,5,312.0,0.4092457410341377,0,0.0,0.9038297802582095,6,350.0
1375.0,5,317.0,6.74468085106383,6.911506331793971,0,3.0,0.5512827310016037,1,49.0,0.5576753796603967,4,320.0,0.47069580512057346,0,0.0,0.8945699066326647,5,372.0
1380.0,5,327.0,6.957446808510638,7.794079543559001,0,0.0,1.0,1,12.0,0.69679934954245,4,332.0,0.4655739123560266,0,0.0,0.8971999313356357,5,344.0
1385.0,5,352.0,7.48936170212766,7.819027775587772,0,0.0,1.0,1,15.0,0.8165953040823041,4,352.0,0.4098292293783122,0,0.0,0.6446669887607944,5,367.0
1390.0,12,404.0,8.244897959183673,7.2665532601520155,0,0.0,1.0,2,23.0,0.6996260951314527,4,372.0,0.32016957274907165,2,9.0,0.44504190411772565,8,404.0
1395.0,10,445.0,8.9,6.966573259313552,0,0.0,0.05146026512618598,2,67.0,0.7076004489873181,4,392.0,0.4686716354411258,0,8.0,0.4989212231121529,6,467.0
1400.0,9,451.0,9.204081632653061,6.76273737920554,1,5.0,0.29468855167599184,2,77.0,0.6734895405462811,4,412.0,0.2434642202815824,0,0.0,0.9598215628460715,7,494.0
1405.0,13,498.0,9.96,5.584733880230733,2,14.0,0.00010255237066373684,4,91.0,0.2970311458105365,7,443.0,0.22589365175675746,0,0.0,0.9843128286209455,13,548.0
1410.0,19,581.0,11.173076923076923,5.198462977335841,2,24.0,0.0,9,125.0,0.05736531809289797,8,482.0,0.23653689979028913,0,0.0,0.9903595060082214,19,631.0
1415.0,19,648.0,12.0,4.827793354858629,0,0.0,1.0,10,174.0,0.11668969301271909,9,537.0,0.10756874742727586,0,0.0,0.9742540012594202,19,711.0
1420.0,17,381.0,7.188679245283019,4.75102630263747,0,0.0,1.0,7,189.0,0.1848903897913858,10,405.0,0.04458224084918353,0,0.0,0.9908959518638379,17,594.0
1425.0,14,269.0,4.803571428571429,6.272475199807834,0,0.0,1.0,7,169.0,0.12589240405192909,7,228.0,0.04880829536054108,0,0.0,0.8694288266539395,14,397.0
1430.0,14,339.0,5.844827586206897,6.94673596021971,0,0.0,1.0,7,204.0,0.10605590549385308,7,171.0,0.1378959113641679,0,0.0,0.7260291652861462,14,375.0
1435.0,15,413.0,7.120689655172414,6.942571859617273,0,0.0,0.8542522463180174,7,239.0,0.19416882897795792,7,198.0,0.11182917532500125,1,4.0,0.7229029749435039,15,441.0
1440.0,13,457.0,7.879310344827586,6.552882266698213,0,0.0,0.6760348915230618,7,274.0,0.1970867485001973,6,198.0,0.13738978347647282,0,0.0,0.9444146483471557,13,472.0
1445.0,15,530.0,9.464285714285714,6.389544536437559,1,6.0,0.46526131086844835,8,314.0,0.1925626934621265,6,231.0,0.1619023790856648,0,0.0,0.9548840324316705,15,551.0
1450.0,15,605.0,11.0,5.627028611619265,1,8.0,0.0,8,354.0,0.21232982745505743,6,261.0,0.13376720658173014,0,0.0,0.7784967673474412,15,623.0
1455.0,16,683.0,12.88679245283019,5.382455195954206,1,13.0,0.0,8,394.0,0.23794793351768462,6,292.0,0.10410287445048655,1,3.0,0.6176932871754355,16,702.0
1460.0,13,459.0,8.345454545454546,5.233859617869869,1,18.0,0.0,10,439.0,0.16686346363273283,1,101.0,0.2069900682368091,1,8.0,0.2967121158704412,13,566.0
1465.0,14,524.0,9.357142857142858,6.201539736342023,1,26.0,0.31653416549791946,11,502.0,0.23642865596549273,0,4.0,0.720600998618648,2,18.0,0.25380925819511807,14,550.0
1470.0,15,599.0,10.696428571428571,7.020321007936083,1,28.0,0.0,11,557.0,0.31329093331568303,0,0.0,0.5695782468420109,3,33.0,0.3892335155537258,15,618.0
1475.0,17,683.0,11.982456140350877,6.398662069423828,1,33.0,0.0,12,617.0,0.35222610726128323,1,4.0,0.008055121158188102,3,48.0,0.3790907084362575,17,702.0
1480.0,19,774.0,13.344827586206897,6.156238558419052,1,38.0,0.0,13,675.0,0.331618142139797,2,14.0,0.0977681901958392,3,63.0,0.4855788571692785,19,790.0
1485.0,7,115.0,1.9491525423728813,6.768674208272065,1,43.0,0.0,3,214.0,0.4479130419572296,3,27.0,4.219258682619996e-06,0,24.0,0.7374625733960511,7,308.0
1490.0,6,122.0,2.033333333333333,7.115454451417538,1,48.0,0.0,2,62.0,0.6212938041846855,3,48.0,0.350079670758124,0,0.0,0.9928131477757457,6,158.0
1495.0,11,160.0,2.622950819672131,6.94332648751017,1,53.0,0.0,3,54.0,0.5928447539253359,7,79.0,0.37898698465724373,0,0.0,0.8514206804320241,11,186.0
1500.0,13,224.0,3.6721311475409837,7.205665446071107,1,58.0,0.0,3,61.0,0.5518452703611337,8,118.0,0.4530549738350224,0,0.0,0.9791782096518766,12,237.0
1505.0,14,229.0,3.693548387096774,6.606375435042336,1,63.0,0.0,5,84.0,0.2610521616076076,6,123.0,0.4520022303926385,0,0.0,0.913745147394815,12,270.0
1510.0,16,291.0,4.693548387096774,6.979750318415514,1,68.0,0.0,5,104.0,0.27731971643656234,6,118.0,0.4789761164979655,0,0.0,0.9399875262820088,12,290.0
1515.0,14,349.0,5.721311475409836,7.089461647458314,1,73.0,0.0,5,129.0,0.2363937743956817,7,152.0,0.47759019083597815,0,0.0,0.8897224757121729,13,354.0
1520.0,17,420.0,7.241379310344827,6.193450310005858,1,78.0,0.0,6,159.0,0.12471998295040977,8,189.0,0.3369654171776787,1,4.0,0.615158495739411,16,430.0
1525.0,19,288.0,5.142857142857143,5.171727545559795,1,83.0,0.0,4,97.0,0.17405360376741305,7,155.0,0.18896932986264958,2,12.0,0.4765933543459885,14,347.0
1530.0,18,321.0,5.631578947368421,5.950862120676336,1,88.0,0.0,3,78.0,0.4603402380354839,6,46.0,0.1837622323961689,0,0.0,0.965712533756553,10,212.0
1535.0,20,395.0,6.810344827586207,5.523633776081522,1,93.0,0.0,3,93.0,0.36161487406634163,7,80.0,0.11893651377164491,0,0.0,0.9885431531499499,11,266.0
1540.0,25,510.0,8.64406779661017,4.817876967105925,1,98.0,0.0,4,100.0,0.39359901282432935,10,125.0,0.042925294106693136,0,0.0,0.84059062153036,15,323.0
1545.0,25,428.0,7.133333333333334,4.41640079514705,0,0.0,1.0,0,0.0,0.7222386970986632,12,183.0,0.003003645769814402,0,0.0,0.9474050421826037,12,183.0
1550.0,17,292.0,4.866666666666666,4.466009517336752,0,0.0,1.0,1,5.0,0.6613099688819453,2,86.0,0.12802048783922637,0,0.0,0.9644919284897537,3,91.0
1555.0,19,338.0,5.633333333333334,5.199509446698344,0,6.0,0.5890082827090297,2,19.0,0.6436927174746389,1,36.0,0.6646093660673823,1,1.0,0.6546385818173384,4,62.0
1560.0,17,317.0,5.112903225806452,5.769465065654807,2,11.0,0.25949164767703553,2,44.0,0.6799146961820495,1,28.0,0.7150038717188425,1,6.0,0.6609636090257819,6,89.0
1565.0,18,333.0,5.285714285714286,5.392668900529307,3,26.0,0.04992013457711803,3,59.0,0.6515873942518097,2,35.0,0.6498341989814319,1,11.0,0.5468515818573431,9,131.0
1570.0,23,433.0,6.873015873015873,5.281668374054093,5,43.0,0.009267881871244494,5,79.0,0.5803896850169658,2,45.0,0.6368825173522624,2,19.0,0.5701870088116314,14,186.0
1575.0,25,555.0,8.80952380952381,5.126647248132282,6,73.0,0.00309343410693201,6,106.0,0.5077857644734531,2,55.0,0.6886310606951981,2,29.0,0.38136359446253715,16,263.0
1580.0,22,404.0,6.622950819672131,5.467891569937003,7,107.0,0.0003790134423509585,6,136.0,0.5094278781128022,2,59.0,0.6593805212818357,3,43.0,0.38959358254582155,18,345.0
1585.0,15,256.0,4.129032258064516,4.757463177539535,1,53.0,0.015534466030890903,4,127.0,0.4409230593386196,5,76.0,0.1624773270215867,4,58.0,0.21991333917665548,14,314.0
1590.0,12,290.0,4.603174603174603,5.666316136102569,0,10.0,0.16418172232821765,4,147.0,0.30588795124461843,3,143.0,0.4778513919795537,5,77.0,0.07875457721191789,12,377.0
1595.0,12,350.0,5.833333333333333,6.666060660230595,0,9.0,0.6846015012481299,4,167.0,0.1673621978283724,3,96.0,0.38540425784271454,5,102.0,0.14300486957250122,12,374.0
1600.0,13,415.0,6.916666666666667,6.60805198806722,0,0.0,0.895999108047295,5,192.0,0.15647099841371076,3,111.0,0.39267459372502567,5,127.0,0.16176784819900344,13,430.0
1605.0,19,500.0,8.064516129032258,5.960437115270566,1,3.0,3.039395066776809e-05,5,217.0,0.33248224285359074,3,126.0,0.3867019633713314,5,152.0,0.19765800692932284,14,498.0
1610.0,23,608.0,9.967213114754099,5.758753283921695,1,8.0,0.0,5,242.0,0.35869354456643066,3,141.0,0.37593461548588236,5,177.0,0.2829891806814575,14,568.0
1615.0,18,527.0,9.24561403508772,4.824178886829839,1,13.0,0.0,6,268.0,0.26612284921523555,3,156.0,0.3266296479039113,1,75.0,0.4216133675948986,11,512.0
1620.0,17,551.0,9.839285714285714,5.527006316258839,1,18.0,0.0,7,301.0,0.20750917429766572,4,181.0,0.3999139445580865,0,28.0,0.8062041199500048,12,528.0
1625.0,17,517.0,9.574074074074074,4.861902937162493,1,23.0,0.0,7,308.0,0.19897875745100246,9,207.0,0.10547106988245993,0,0.0,0.9725030401785143,17,538.0
1630.0,17,455.0,8.584905660377359,5.046034959930481,1,28.0,0.0,8,348.0,0.25835914417221156,8,169.0,0.2051957046973398,0,0.0,0.7762593797176276,17,545.0
1635.0,19,498.0,9.222222222222221,5.35719798352686,1,33.0,0.0,9,389.0,0.19431649247057528,8,98.0,0.18697789464902603,1,2.0,0.48687693216186423,19,522.0
1640.0,20,595.0,10.43859649122807,5.356910975055926,1,38.0,0.007818686710806053,10,436.0,0.2418543557165002,8,176.0,0.21005608144531965,1,7.0,0.559015741865229,20,657.0
1645.0,22,687.0,11.844827586206897,5.013022084720228,2,48.0,0.0,9,466.0,0.24163261790712,10,223.0,0.0965900686400505,1,12.0,0.6273122449251572,22,749.0
1650.0,22,743.0,12.810344827586206,4.878182797850192,0,0.0,1.0,9,511.0,0.2373435417743086,10,288.0,0.20051367977459505,2,20.0,0.30765556758520696,21,819.0
1655.0,26,863.0,14.627118644067796,4.678589846421225,0,0.0,1.0,9,556.0,0.2338534538006248,12,343.0,0.17655579731466914,2,30.0,0.3151987252392035,23,929.0
1660.0,26,976.0,15.741935483870968,4.410034253906135,0,0.0,1.0,9,601.0,0.2241773273746731,13,421.0,0.22506177861320062,2,40.0,0.3028111987154032,24,1062.0
1665.0,28,1103.0,17.79032258064516,4.282651300048667,0,0.0,1.0,11,651.0,0.1492420006198489,14,489.0,0.20982803979775186,2,50.0,0.3966243028154929,27,1190.0
1670.0,17,850.0,14.40677966101695,4.9119702173638915,0,0.0,1.0,11,715.0,0.20022755502653064,4,295.0,0.31810321619555376,2,60.0,0.3708341816458228,17,1070.0
1675.0,19,889.0,14.816666666666666,5.032384203361374,0,3.0,0.6266880703987382,13,777.0,0.07095170676202772,4,185.0,0.388646041402674,2,70.0,0.4730330926054335,19,1035.0
1680.0,17,903.0,15.05,5.84663771119447,0,6.0,0.22915595362223595,13,844.0,0.2802858379383272,4,161.0,0.3138365974119101,0,4.0,0.7593877167897494,17,1015.0
1685.0,19,997.0,16.89830508474576,5.768268616666723,2,15.0,0.08551575346742649,13,909.0,0.32331731516572393,4,184.0,0.26419357470034904,0,0.0,0.8982345648162675,19,1108.0
1690.0,19,1067.0,18.084745762711865,5.73199958283677,0,0.0,0.07247182672766442,13,974.0,0.3214267929901258,4,189.0,0.23039175165578266,0,0.0,0.9908305737699874,17,1163.0
1695.0,19,1147.0,18.206349206349206,6.071771302057126,0,0.0,1.0,13,1039.0,0.33327279580772495,6,213.0,0.0020887965988224686,0,0.0,0.999761983544563,19,1252.0
1700.0,22,1253.0,20.20967741935484,5.5851196299953765,0,0.0,1.0,14,1104.0,0.25615922863395774,7,248.0,0.014768384666877318,0,0.0,0.9504723583638192,21,1352.0
1705.0,25,1373.0,21.793650793650794,4.737589802767712,0,0.0,1.0,16,1179.0,0.1296318042298126,7,283.0,0.0026427664685551057,0,0.0,0.9711460767648685,23,1462.0
1710.0,18,1332.0,21.142857142857142,4.3315327804291375,0,0.0,1.0,13,1169.0,0.06674710446655169,3,261.0,0.21673831480511604,0,0.0,0.9725282138156579,16,1430.0
1715.0,18,1399.0,21.196969696969695,5.3187158021081915,0,0.0,1.0,13,1234.0,0.18025288927590363,5,264.0,0.07334721222529184,0,0.0,0.9377277094953285,18,1498.0
1720.0,19,1492.0,23.682539682539684,5.9994723681223014,0,0.0,1.0,13,1302.0,0.27254099608003635,5,295.0,0.3416278969343205,1,3.0,0.3518326514506209,19,1600.0
1725.0,20,1592.0,25.677419354838708,6.206836155750412,0,0.0,1.0,13,1367.0,0.2499620488810356,5,317.0,0.4340030040966789,2,13.0,0.3260157741205425,20,1697.0
1730.0,19,1673.0,26.555555555555557,6.176491380616469,0,0.0,1.0,14,1436.0,0.28152602847824676,5,342.0,0.4259764971777867,0,9.0,0.6777593094813108,19,1787.0
1735.0,19,1768.0,27.625,5.9548172630014085,0,0.0,1.0,14,1506.0,0.31327451308116994,5,370.0,0.45277186815107007,0,0.0,0.8917203412810057,19,1876.0
1740.0,21,1866.0,30.59016393442623,5.113465155144229,0,0.0,1.0,15,1578.0,0.2149205810578839,6,396.0,0.3534356487785613,0,0.0,0.9884477328884264,21,1974.0
1745.0,26,1985.0,32.540983606557376,4.956992325219719,0,0.0,1.0,16,1652.0,0.22275243526489105,10,435.0,0.152446813250977,0,0.0,0.9916619698173509,26,2087.0
1750.0,24,2083.0,32.546875,4.167461361070121,0,0.0,1.0,19,1740.0,0.024949683699706873,5,450.0,0.03679419519300053,0,0.0,0.9221783799199401,24,2190.0
1755.0,27,2212.0,34.03076923076923,4.054294866930496,0,6.0,0.5144653952177235,20,1841.0,0.05724680259508263,6,469.0,5.461805074663486e-06,0,0.0,0.9393336847871253,26,2316.0
1760.0,29,2353.0,35.65151515151515,4.890798278949162,0,0.0,0.8218748421031028,21,1954.0,0.17005842743113814,6,499.0,0.0,0,0.0,0.9284917165545129,27,2453.0
1765.0,27,2476.0,35.371428571428574,5.177992795477012,0,0.0,1.0,21,2059.0,0.17694625291149566,6,529.0,0.0,0,0.0,0.9852371551425052,27,2588.0
1770.0,25,1759.0,25.86764705882353,5.020374691109993,0,0.0,1.0,17,1719.0,0.1831233754163747,6,559.0,0.0,0,0.0,0.9645316553015313,23,2278.0
1775.0,16,765.0,11.590909090909092,5.928111498402542,0,0.0,1.0,8,1040.0,0.2831678885203119,6,589.0,0.03600302244477155,0,0.0,0.9959528669862159,14,1629.0
1780.0,13,738.0,11.181818181818182,6.647528037861176,0,0.0,1.0,6,435.0,0.36397045210446666,7,622.0,0.0745140808654272,0,0.0,0.9704905874620626,13,1057.0
1785.0,16,814.0,12.333333333333334,6.141514194147141,0,0.0,1.0,8,243.0,0.1035495554645717,8,662.0,0.1881011308969769,0,0.0,0.9757944789585876,16,905.0
1790.0,12,643.0,9.892307692307693,5.904366070366823,0,0.0,1.0,4,274.0,0.06926624024750519,8,702.0,0.2832348880637912,0,0.0,0.98453464659201,12,976.0
1795.0,10,679.0,10.777777777777779,6.24047186100092,0,0.0,1.0,1,60.0,0.28089222165380656,9,745.0,0.2777195030743507,0,0.0,0.9178838888339785,10,805.0
1800.0,11,732.0,12.0,7.041671667849566,0,0.0,1.0,1,18.0,0.5887056912681222,9,790.0,0.35293835718935573,0,0.0,0.9453461847929758,10,808.0
1805.0,13,792.0,12.98360655737705,7.502813135555981,0,0.0,1.0,1,20.0,0.5075432425643827,10,839.0,0.41459048475537386,1,1.0,0.5948993740252355,12,860.0
1810.0,13,857.0,14.049180327868852,7.334537386509584,0,0.0,1.0,1,25.0,0.4638360153435369,10,889.0,0.39404646693457757,1,6.0,0.31873694300147015,12,920.0
1815.0,12,889.0,15.327586206896552,7.387449286311567,0,0.0,1.0,0,0.0,0.9790590792218529,10,939.0,0.40350585245439274,0,0.0,0.9552707365329101,10,939.0
1820.0,10,546.0,8.950819672131148,7.261378785921098,0,0.0,1.0,0,0.0,0.9785442881701024,8,737.0,0.34933739930683566,0,0.0,0.9700992543076787,8,737.0
1825.0,9,107.0,1.9107142857142858,6.801309573278423,0,0.0,1.0,1,2.0,0.49684311163391986,5,407.0,0.31522669803140363,0,0.0,0.9951525427637992,6,409.0
1830.0,8,98.0,1.96,6.501584379508943,0,0.0,1.0,1,7.0,0.6389480782353477,7,258.0,0.26533241346455566,0,0.0,0.9664080458652959,8,265.0
1835.0,8,127.0,2.5918367346938775,6.593990215516449,0,0.0,1.0,0,0.0,0.8574929464956891,7,172.0,0.2316165982291801,0,0.0,0.9283293664829281,7,172.0
1840.0,13,180.0,3.5294117647058822,6.0285373642164135,0,0.0,1.0,1,2.0,0.5838348322523598,11,218.0,0.10232115740616306,0,0.0,0.9763941615868632,12,220.0
1845.0,16,255.0,5.204081632653061,4.9739411189019895,0,0.0,1.0,1,7.0,0.5358746562306176,14,286.0,0.10878658783370337,0,0.0,0.48633451770017255,15,293.0
1850.0,19,347.0,7.081632653061225,5.546819052807072,0,0.0,1.0,1,13.0,0.7377374168553432,16,363.0,0.11044589981196258,1,5.0,0.49590307424925906,18,381.0
1855.0,19,442.0,8.666666666666666,5.230636957334399,0,0.0,1.0,1,18.0,0.8128380192456767,16,443.0,0.10532408879503073,1,10.0,0.50992343297391,18,471.0
1860.0,21,528.0,10.352941176470589,4.19429982277269,0,0.0,1.0,2,24.0,0.32814619332740075,16,523.0,0.108636373310204,0,0.0,0.9821781680509157,18,547.0
1865.0,12,177.0,3.339622641509434,4.364254881412901,0,0.0,1.0,4,43.0,0.3291521258347466,5,283.0,0.18661243822935838,0,0.0,0.9754870887731518,9,326.0
1870.0,9,186.0,3.576923076923077,5.731826949683685,0,6.0,0.769514319102431,4,69.0,0.31452428510530617,4,160.0,0.30318171868295324,0,0.0,0.973058811575306,8,235.0
1875.0,9,219.0,3.981818181818182,6.847660755629801,0,3.0,0.36462992345987416,5,97.0,0.5849217545338038,4,153.0,0.1725797634777803,0,0.0,0.9732660385267975,9,253.0
1880.0,13,278.0,5.148148148148148,5.872838489059605,3,14.0,0.0380172620722645,6,125.0,0.4891167377214194,4,173.0,0.0,0,0.0,0.9537874879866364,13,312.0
1885.0,21,367.0,6.9245283018867925,5.11512879258967,4,30.0,0.019757572501689562,8,162.0,0.5056698484597701,4,193.0,0.0,1,1.0,0.47375516551652275,17,386.0
1890.0,23,470.0,8.545454545454545,4.848451969613217,6,59.0,0.0028391651348622267,8,202.0,0.3996844621655391,4,213.0,0.0,1,6.0,0.484796213779918,19,480.0
1895.0,17,467.0,8.051724137931034,5.201250957996036,1,30.0,0.016675269121435136,11,251.0,0.3633038459279892,4,233.0,0.0,1,11.0,0.4483536438096259,17,525.0
1900.0,17,530.0,9.298245614035087,5.0271397482106925,0,13.0,0.23463860250118374,12,307.0,0.2451048071833167,4,253.0,0.0,0,0.0,0.9805107612870299,16,573.0
1905.0,16,499.0,8.910714285714286,4.7431061466366,0,0.0,1.0,8,268.0,0.1342369832738331,4,277.0,0.21646053329230427,0,0.0,0.9662777390322556,12,545.0
1910.0,15,574.0,9.89655172413793,6.412367950021823,0,0.0,1.0,8,307.0,0.4222311722961919,4,293.0,0.19985935359011492,0,0.0,0.9586474681288502,12,600.0
1915.0,12,605.0,10.254237288135593,7.218315644574121,0,0.0,1.0,8,347.0,0.35701913751349185,4,322.0,0.3877507264589526,0,0.0,0.998520971360522,12,669.0
1920.0,14,672.0,11.586206896551724,7.338436243817416,0,0.0,1.0,10,379.0,0.2719826492861524,4,342.0,0.48593198089338757,0,0.0,0.9651577544531913,14,721.0
1925.0,17,754.0,13.464285714285714,6.415507632547185,0,0.0,1.0,12,437.0,0.23469076276455614,4,362.0,0.48931791639426236,0,0.0,0.9514149493326942,16,799.0
1930.0,17,833.0,14.362068965517242,6.140556686637816,0,0.0,1.0,13,500.0,0.2272918636763761,4,382.0,0.48352890981143665,0,0.0,0.6962683786137599,17,882.0
1935.0,20,926.0,17.14814814814815,5.930897880988092,0,0.0,1.0,13,565.0,0.22655717537956,4,402.0,0.5689589258177008,1,2.0,0.48088810922465225,18,969.0
1940.0,20,1020.0,19.615384615384617,5.478519292264782,0,0.0,1.0,13,630.0,0.17858181113617805,5,423.0,0.40770646003434086,1,5.0,0.4723347895384017,19,1058.0
1945.0,21,905.0,17.07547169811321,5.0732314812891905,0,0.0,1.0,14,699.0,0.21463138075372218,5,330.0,0.25614374141937324,0,0.0,0.9681381313341478,19,1029.0
1950.0,20,804.0,15.461538461538462,5.10763843425559,0,0.0,1.0,14,772.0,0.11293902588065932,4,143.0,0.3173644228519737,0,0.0,0.980385330131556,18,915.0
1955.0,21,875.0,16.50943396226415,5.460989206058571,0,0.0,0.8385477144845628,15,847.0,0.20193133928933651,6,65.0,0.21629189136407334,0,0.0,0.9544555911774264,21,912.0
1960.0,24,990.0,19.41176470588235,4.461941299890555,1,4.0,0.0,16,924.0,0.18109602804884362,7,99.0,0.18397667548460903,0,0.0,0.9724091746571899,24,1027.0
1965.0,26,1116.0,20.29090909090909,4.565750617951824,1,9.0,0.0,16,1004.0,0.15709376444383794,7,134.0,0.11400600736184091,0,0.0,0.9727947057870175,24,1147.0
1970.0,25,1234.0,22.85185185185185,4.204072968910849,1,14.0,0.0,17,1088.0,0.13956697954987468,7,187.0,0.31255277075658533,0,0.0,0.9560478159051579,25,1289.0
1975.0,22,900.0,16.666666666666668,4.103045737324152,1,19.0,0.0,13,920.0,0.16725080469490783,8,206.0,0.1767510177466553,0,0.0,0.8108503093907173,22,1145.0
1980.0,14,331.0,6.245283018867925,5.3817829653130715,1,24.0,0.0,3,570.0,0.30753886286376475,9,251.0,0.17352006205222056,1,2.0,0.46921333560595363,14,847.0
1985.0,13,326.0,6.269230769230769,5.578027004106874,1,29.0,0.0,2,242.0,0.39108957275118084,9,299.0,0.21413073696475982,1,7.0,0.3355915339779967,13,577.0
1990.0,7,116.0,2.2745098039215685,6.142356324259659,1,34.0,0.0,3,61.0,0.44687976050782724,1,110.0,0.3981084315083687,2,17.0,0.3185716926989461,7,222.0
1995.0,5,124.0,2.5306122448979593,7.214179878065282,1,45.0,0.39096131083987123,3,43.0,0.4808244828498541,1,52.0,0.6218262386346187,0,0.0,0.9571768806001858,5,140.0
2000.0,6,152.0,2.8679245283018866,7.581907126716388,1,53.0,0.17227139687917267,3,61.0,0.5881143095945175,2,66.0,0.61614466389984,0,0.0,0.9162697888412005,6,180.0
2005.0,8,191.0,3.673076923076923,7.053002989027799,3,67.0,0.048742894404362545,3,75.0,0.5129408214122033,2,70.0,0.6433735334376569,0,0.0,0.966216605867262,8,212.0
2010.0,10,228.0,4.56,7.27208778730842,5,88.0,0.008284951113079916,4,98.0,0.5459786141534948,1,67.0,0.8133126148542773,0,0.0,0.9882003641586032,10,253.0
2015.0,10,184.0,3.68,7.18428905597487,8,122.0,0.0022587800790149154,0,10.0,0.944164112340832,2,74.0,0.71121436441585,0,0.0,0.9901836689587911,10,206.0
2020.0,10,234.0,4.775510204081633,7.4003044000194835,8,162.0,0.0004410731097758406,0,15.0,0.9031819832054312,2,81.0,0.5659621889276655,0,0.0,0.9800330960088541,10,258.0
2025.0,14,293.0,5.745098039215686,7.389101213844093,8,202.0,0.00015855585001299413,0,9.0,0.9581971792192155,6,106.0,0.3709806904414458,0,0.0,0.9758569800158136,14,317.0
2030.0,12,331.0,6.490196078431373,6.593542018921872,8,242.0,4.1103794828358616e-05,1,10.0,0.586054798984716,3,107.0,0.4183833704029349,0,0.0,0.9732211418550532,12,359.0
2035.0,14,389.0,7.203703703703703,6.894574393943443,9,286.0,0.00026015759087676154,3,26.0,0.45204893572085325,2,110.0,0.5620015906649476,0,0.0,0.9775418447937451,14,422.0
2040.0,15,464.0,8.754716981132075,6.932807508542871,9,331.0,2.4219410567404532e-06,4,46.0,0.3821193133332755,2,120.0,0.6438096262262712,0,0.0,0.634519975300111,15,497.0
2045.0,16,544.0,10.264150943396226,6.722691037574021,9,376.0,0.0,4,66.0,0.4678487185234698,2,130.0,0.6387817335898291,1,5.0,0.641492279383285,16,577.0
2050.0,17,625.0,12.5,6.33384598215214,9,421.0,0.0,4,83.0,0.38188357700197906,2,140.0,0.498325752174513,2,11.0,0.33048839621634646,17,655.0
2055.0,14,607.0,11.673076923076923,6.296127129076873,9,466.0,0.0,1,47.0,0.6203754038956876,4,152.0,0.42405722272759433,0,0.0,0.8368542133942984,14,665.0
2060.0,15,673.0,12.69811320754717,7.21557792900101,9,511.0,0.0,1,4.0,0.6698845616421302,5,179.0,0.37772988700083976,0,0.0,0.9944249170406697,15,694.0
2065.0,17,754.0,15.08,6.423791198364588,9,556.0,0.0,2,9.0,0.6045157837504919,6,207.0,0.2758873626292173,0,0.0,0.9462732456479284,17,772.0
2070.0,20,849.0,17.6875,5.713918545671997,9,601.0,0.0,3,20.0,0.38214704245143116,8,246.0,0.17387226251201593,0,0.0,0.9593179349747867,20,867.0
2075.0,13,299.0,6.229166666666667,5.176786628933155,3,369.0,0.01553829021248148,3,35.0,0.22938308447340414,6,156.0,0.191023999683295,0,0.0,0.9871970287511681,12,560.0
2080.0,11,176.0,3.52,6.254120792673701,0,170.0,0.1615134760054513,4,55.0,0.32928376020949546,6,120.0,0.2321402044927513,0,0.0,0.9583451804951918,10,345.0
2085.0,12,234.0,4.5,7.1565814491579935,0,0.0,0.6861572361067351,4,75.0,0.4174295859675782,6,150.0,0.2350186197520507,1,3.0,0.4818377777849372,11,228.0
2090.0,14,299.0,5.6415094339622645,6.603232546551886,0,0.0,1.0,4,95.0,0.4014317539670054,6,180.0,0.24143277564630888,1,8.0,0.6420904619670584,11,283.0
2095.0,20,384.0,6.9818181818181815,5.106710700036801,0,0.0,1.0,6,120.0,0.3145999025035618,7,212.0,0.006282492050260249,1,13.0,0.33827908934442447,14,345.0
2100.0,26,504.0,9.163636363636364,4.586683117583734,0,0.0,1.0,6,150.0,0.312419481771527,8,251.0,1.7730334576540085e-06,2,22.0,0.3257277364837386,16,423.0
2105.0,23,579.0,10.722222222222221,4.665443758430971,0,0.0,1.0,6,180.0,0.2597745936358215,8,291.0,0.0,2,32.0,0.31878750957249763,16,503.0
2110.0,24,679.0,12.81132075471698,4.081210424978333,0,0.0,1.0,9,220.0,0.02099590120966488,8,331.0,0.0,2,42.0,0.20047902187690622,19,593.0
2115.0,18,531.0,10.62,4.237498258168049,0,0.0,1.0,4,73.0,0.19787322445303884,8,371.0,0.0,0,0.0,0.7058086985526804,12,444.0
2120.0,15,501.0,10.02,5.307176725027794,0,0.0,1.0,4,66.0,0.25360790970958064,8,419.0,0.14104364899140584,0,0.0,0.9192774970595899,12,485.0
2125.0,14,534.0,10.26923076923077,5.818556402620264,0,0.0,1.0,5,89.0,0.2828988209972369,9,469.0,0.25262582710517645,0,0.0,0.9544300588290474,14,558.0
2130.0,15,606.0,11.653846153846153,6.204047391311917,0,0.0,1.0,5,114.0,0.16615093817705248,10,516.0,0.24318249234043693,0,0.0,0.9351973493940546,15,630.0
2135.0,4,63.0,1.1886792452830188,6.454162533041069,0,0.0,1.0,1,63.0,0.3703576106922412,2,165.0,0.4423616426507237,1,1.0,0.40763038381243827,4,229.0
2140.0,3,21.0,0.40384615384615385,8.125512756727376,0,9.0,0.6565413602807487,0,3.0,0.8448692356057718,1,21.0,0.829087884583278,2,9.0,0.3182184628101931,3,42.0
2145.0,5,38.0,0.7169811320754716,8.266986913575241,1,10.0,0.13042750020299126,1,10.0,0.708456643104266,1,29.0,0.8455080739889891,2,19.0,0.47010167123235824,5,68.0
2150.0,9,77.0,1.4528301886792452,7.7794700573094175,4,28.0,0.010056961695241885,1,45.0,0.7835609909451831,1,31.0,0.8025877751690178,2,29.0,0.4530668566523074,8,133.0
2155.0,11,96.0,1.8461538461538463,6.492995654840356,4,49.0,0.03115575235425258,1,50.0,0.8401618899571488,3,12.0,0.4643847078184247,3,43.0,0.23731285859110315,11,154.0
2160.0,11,106.0,2.0,6.563810778535095,5,74.0,0.007703315217595208,1,55.0,0.7498343787142654,5,35.0,0.31911998858898016,0,22.0,0.5078567231091505,11,186.0
2165.0,13,166.0,2.9642857142857144,6.326805802836868,6,102.0,0.0012604343774481766,2,30.0,0.5202254780453958,5,64.0,0.36576592674510455,0,0.0,0.7019825744508591,13,196.0
2170.0,19,249.0,4.368421052631579,5.700295154227808,6,132.0,0.00022345738048762937,5,48.0,0.2425296443303259,8,98.0,0.19287639485976216,0,0.0,0.9097237199095916,19,278.0
2175.0,25,360.0,6.206896551724138,4.69667267816097,6,162.0,6.335457853450724e-05,7,76.0,0.24236836419075844,12,151.0,0.05043792260757311,0,0.0,0.9520231016994173,25,389.0
2180.0,18,284.0,4.655737704918033,5.090010655334539,0,74.0,0.028553082881216486,5,88.0,0.3494238287664457,13,214.0,4.4769357157942074e-05,0,0.0,0.947389817382114,18,376.0
2185.0,19,379.0,6.213114754098361,5.821562153693765,0,0.0,1.0,6,118.0,0.35650804363242555,13,279.0,3.02880510194116e-06,0,0.0,0.9788029371734335,19,397.0
2190.0,21,479.0,8.11864406779661,5.96115000353453,0,0.0,1.0,7,151.0,0.3102826664563993,13,344.0,0.07102847936871276,1,2.0,0.490667735199356,21,497.0
2195.0,22,585.0,9.915254237288135,6.213178797156841,0,0.0,1.0,7,186.0,0.3101425114100323,14,410.0,0.05307760786519682,1,7.0,0.4796653109488207,22,603.0
2200.0,14,394.0,6.566666666666666,5.997225126630105,0,0.0,1.0,1,41.0,0.30241778890966453,12,433.0,0.1321128747116927,1,12.0,0.5524076380060106,14,486.0
2205.0,12,439.0,7.440677966101695,6.7070545582588705,0,0.0,1.0,0,3.0,0.5969286620342731,12,459.0,0.13725727452514042,0,0.0,0.6424462643445755,12,462.0
2210.0,12,499.0,8.910714285714286,7.3804597151456575,0,0.0,1.0,0,0.0,0.9279780696750001,12,529.0,0.260900341357687,0,0.0,0.9461184410473411,12,529.0
2215.0,15,569.0,10.160714285714286,7.03615789548946,0,0.0,1.0,0,0.0,0.9809452885015184,14,595.0,0.19682784143260101,0,0.0,0.9088038052600945,14,595.0
2220.0,6,93.0,1.6607142857142858,6.449358346416689,0,0.0,1.0,0,0.0,0.9732880300972732,5,305.0,0.32531684007531775,0,0.0,0.9444921814109091,5,305.0
2225.0,8,73.0,1.3272727272727274,7.102759351019257,0,9.0,0.5935023857675581,1,12.0,0.6306324450842011,3,122.0,0.47406167728017923,0,0.0,0.9739625684304224,4,143.0
2230.0,9,117.0,2.2941176470588234,7.897669044998156,0,0.0,0.8444615241084514,1,17.0,0.7574194212165313,3,86.0,0.5541043892816722,0,0.0,0.9410002498439018,4,103.0
2235.0,10,167.0,3.150943396226415,7.649077016756534,0,0.0,0.9734043625262774,1,22.0,0.7118321378966526,3,95.0,0.39069083270280835,0,0.0,0.8106602603086831,4,117.0
2240.0,10,184.0,3.4074074074074074,7.126269018728264,0,0.0,0.22811820099462393,0,9.0,0.8864859165362358,4,112.0,0.19145453832062495,1,4.0,0.7295409435116058,5,125.0
2245.0,14,248.0,4.509090909090909,6.792940201435674,2,8.0,0.00013297794941890043,0,6.0,0.8272077520955922,6,138.0,0.23709278622513463,1,9.0,0.5504106963856246,9,161.0
2250.0,17,327.0,6.288461538461538,6.301783221096452,2,18.0,0.0,1,8.0,0.8363985965414285,7,175.0,0.2639877894727659,2,17.0,0.3998129758397269,12,218.0
2255.0,18,383.0,7.226415094339623,5.638673406297959,2,28.0,0.0,1,10.0,0.8117991225677894,8,214.0,0.20086498299699895,3,30.0,0.33001124562842177,14,282.0
2260.0,14,214.0,4.037735849056604,4.986804456543525,2,38.0,0.0,2,2.0,0.19923220419809062,7,191.0,0.20631787955281355,3,45.0,0.18702843321430035,14,276.0
2265.0,12,156.0,3.0,5.932424168612126,0,0.0,1.0,5,25.0,0.16100906619039307,3,106.0,0.3564988128628187,4,65.0,0.19250593854813455,12,196.0
2270.0,12,216.0,4.0754716981132075,6.4642163477504955,0,0.0,1.0,5,50.0,0.2722966529643464,3,94.0,0.5140820330339507,4,85.0,0.3305978003224514,12,229.0
2275.0,10,197.0,3.7169811320754715,6.580684938292806,0,0.0,1.0,6,80.0,0.3065961157308622,3,99.0,0.32129247400652206,1,50.0,0.5096108646803984,10,229.0
2280.0,8,190.0,3.8,6.817944280050057,0,0.0,1.0,6,110.0,0.4072935996270081,2,91.0,0.33124191374911865,0,23.0,0.6982605927453054,8,224.0
2285.0,13,243.0,5.0625,5.944693554981408,0,0.0,1.0,7,141.0,0.29369654506125314,6,111.0,0.12748917209059724,0,0.0,0.9639843236680172,13,252.0
2290.0,17,323.0,6.333333333333333,5.644523302569447,0,0.0,1.0,8,179.0,0.2630755073439255,9,153.0,0.14333932101903515,0,0.0,0.943329130549007,17,332.0
2295.0,18,409.0,8.520833333333334,5.084882844715101,0,0.0,1.0,8,219.0,0.13580738515446533,9,198.0,0.23651945554133635,1,1.0,0.4929447521675059,18,418.0
2300.0,13,270.0,5.625,4.8672432333193845,0,0.0,1.0,2,71.0,0.20622504216062224,10,241.0,0.16576061073282294,1,5.0,0.48138297642153277,13,317.0
2305.0,13,335.0,6.979166666666667,6.162372100724902,0,0.0,1.0,2,41.0,0.2923976608187135,10,298.0,0.22045807144758373,1,10.0,0.5982218798712146,13,349.0
2310.0,4,88.0,1.8333333333333333,6.68532013188273,0,0.0,1.0,2,51.0,0.4796202377312794,1,89.0,0.5415562309149037,1,15.0,0.3657796538301932,4,155.0
2315.0,3,65.0,1.3,7.4753379381662235,0,3.0,0.7302247704984043,2,70.0,0.5281785538270846,1,60.0,0.623963670401678,0,0.0,0.9652366385215247,3,133.0
2320.0,4,20.0,0.4,7.649875511393211,1,10.0,0.31241455568250204,0,9.0,0.9158408860502132,2,26.0,0.644247472385011,0,0.0,0.9462310559134545,3,45.0
2325.0,12,64.0,1.2075471698113207,7.0329468042924885,5,28.0,0.008456729265888464,1,10.0,0.7755261480061525,3,33.0,0.5593401357945463,0,0.0,0.9442958328671193,9,71.0
2330.0,13,129.0,2.6875,6.257453867714787,5,53.0,0.0015408752697897334,1,9.0,0.8084207050197326,3,48.0,0.536136342903922,0,0.0,0.9790713732530466,9,110.0
2335.0,7,84.0,1.7142857142857142,6.1982469602419314,0,27.0,0.0422728031185835,1,14.0,0.7894923810898667,5,66.0,0.3500076582236545,0,0.0,0.9262262052484798,6,107.0
2340.0,9,113.0,2.26,6.151931300492149,0,0.0,1.0,2,21.0,0.6993151391118623,7,96.0,0.21354505041575841,0,0.0,0.9280914782847176,9,117.0
2345.0,11,162.0,3.1153846153846154,6.794766975025057,0,0.0,1.0,3,40.0,0.6370224260690964,7,131.0,0.11369162442537292,1,1.0,0.6308197068725333,11,172.0
2350.0,10,145.0,2.685185185185185,6.23744299430315,0,0.0,1.0,4,56.0,0.3379316837818924,5,160.0,0.017281897808243,1,6.0,0.6329850593389728,10,222.0
2355.0,13,177.0,3.2777777777777777,6.473947147665046,0,0.0,1.0,5,77.0,0.26851235715852095,6,128.0,0.11673694227394943,1,11.0,0.6502978703599657,12,216.0
2360.0,16,253.0,4.685185185185185,6.546930601364023,0,0.0,1.0,6,107.0,0.3251797072310369,6,100.0,0.14092021699272222,2,6.0,0.3899149925908495,14,213.0
2365.0,13,191.0,3.673076923076923,5.610970853761783,0,0.0,1.0,2,18.0,0.36511431524627064,6,149.0,0.13024972010842323,2,16.0,0.2528112762185619,10,183.0
2370.0,11,222.0,4.723404255319149,6.088555699605999,0,0.0,1.0,1,11.0,0.6276357114038964,5,159.0,0.2779432036074672,3,31.0,0.242744049746238,9,201.0
2375.0,9,254.0,5.183673469387755,7.812155157018224,0,0.0,1.0,1,11.0,0.7699524833005218,5,190.0,0.41443218980224983,3,46.0,0.23326729231456136,9,247.0
2380.0,9,299.0,5.75,7.378770672126038,0,0.0,1.0,1,16.0,0.44210393503217454,5,215.0,0.43918296989242167,3,61.0,0.2508032561012493,9,292.0
2385.0,10,348.0,6.823529411764706,6.930902445902898,0,0.0,1.0,1,21.0,0.4783563973587189,6,241.0,0.35952342915006974,3,76.0,0.28725006990089835,10,338.0
2390.0,10,398.0,8.291666666666666,6.9970399396035,0,0.0,1.0,1,26.0,0.4891557442990609,6,271.0,0.43746233180718763,3,91.0,0.320136125816248,10,388.0
2395.0,11,450.0,9.0,6.917179539408913,0,3.0,0.9582476074522136,1,31.0,0.5420048164109014,6,303.0,0.3927618174851096,4,108.0,0.32241937101035584,11,445.0
2400.0,9,371.0,7.8936170212765955,6.098049244853193,1,4.0,0.2742537852419486,2,40.0,0.46521456895923363,6,336.0,0.3390419220807062,0,6.0,0.6596058564103124,9,386.0
2405.0,9,409.0,9.088888888888889,5.664289007863312,1,9.0,0.0,1,41.0,0.7128226580499065,6,372.0,0.27877470901430346,1,8.0,0.6134270087654133,9,430.0
2410.0,11,459.0,10.2,4.5872316784223095,1,14.0,0.0,1,46.0,0.49778803565893326,9,414.0,0.09975615188811034,0,0.0,0.7050690092066939,11,474.0
2415.0,17,537.0,11.1875,5.142520869860646,1,19.0,0.0,3,59.0,0.535785298099422,12,476.0,0.12495916353851642,1,3.0,0.685481537374147,17,557.0
2420.0,19,607.0,12.14,4.847403445211611,0,0.0,1.0,4,75.0,0.17031353039783156,14,540.0,0.1376020922782067,1,8.0,0.6954716432774117,19,623.0
2425.0,23,715.0,14.019607843137255,4.709716404427678,0,0.0,1.0,5,99.0,0.16144485547092377,17,619.0,0.10547255967127325,1,13.0,0.6943966546929741,23,731.0
2430.0,12,220.0,4.489795918367347,4.582342347708191,0,0.0,1.0,5,127.0,0.2390906371608398,5,273.0,0.16120372762414417,2,20.0,0.5437735079152854,12,420.0
2435.0,9,183.0,3.452830188679245,5.903144666768313,0,3.0,0.6808105092894208,5,161.0,0.3423581307472759,0,85.0,0.4425360055046995,3,31.0,0.45854512825686505,8,280.0
2440.0,7,183.0,3.588235294117647,7.223827140191703,0,0.0,0.8879570983988856,5,183.0,0.44479165927109743,0,13.0,0.7941640208903081,0,5.0,0.6518314838598811,5,201.0
2445.0,7,204.0,4.08,7.712501315911901,1,1.0,0.18447966500624408,6,212.0,0.5212533996983251,0,3.0,0.8934482474211145,0,0.0,0.9738740628516869,7,216.0
2450.0,12,253.0,4.773584905660377,6.612964236029949,3,14.0,0.033419915875829195,7,244.0,0.513403888516042,0,0.0,0.9300693574897549,0,0.0,0.9410655405663073,10,258.0
2455.0,15,322.0,5.962962962962963,6.52537559699422,4,32.0,0.032892291583151295,7,279.0,0.5118301941102178,0,0.0,0.9445165499713031,0,0.0,0.9706549887432926,11,311.0
2460.0,16,389.0,7.072727272727272,5.927458216293676,5,55.0,0.0052947723225748025,7,305.0,0.43752995571741476,0,0.0,0.9761226521673654,0,0.0,0.7627709927089652,12,360.0
2465.0,19,476.0,9.153846153846153,5.38986174016353,5,80.0,0.0018001149847822748,7,340.0,0.35471895062088526,0,0.0,0.9547883709904795,1,3.0,0.4675241060937554,13,423.0
2470.0,20,576.0,10.472727272727273,5.722290347367071,6,110.0,0.0004198505575722761,7,375.0,0.2952780574044337,0,0.0,0.968414250258681,1,8.0,0.6555912423719421,14,493.0
2475.0,21,679.0,11.912280701754385,5.553611978977352,6,140.0,3.523154992055326e-05,7,410.0,0.29479837047718316,1,3.0,0.7449378647025486,1,13.0,0.38788666028958496,15,566.0
2480.0,20,766.0,13.43859649122807,4.8326202683738275,6,170.0,7.482271697291301e-06,7,445.0,0.21564238434042302,1,8.0,0.4570657841591815,0,0.0,0.9444022480576475,14,623.0
2485.0,12,349.0,5.915254237288136,5.418722171673527,1,79.0,0.019425837550577658,5,358.0,0.3204197993527048,5,29.0,0.2867650510265776,0,0.0,0.9492828386549466,11,466.0
2490.0,14,366.0,6.1,5.674482151004316,0,21.0,0.14029529595821127,7,314.0,0.20265964851055934,7,60.0,0.24891596755106202,0,0.0,0.9676016707131935,14,395.0
2495.0,19,449.0,7.610169491525424,5.464952430774186,0,0.0,1.0,8,351.0,0.10392927422388573,8,98.0,0.2603060437732752,0,0.0,0.991712402425179,16,449.0
2500.0,17,499.0,8.316666666666666,5.462195720922399,0,0.0,1.0,8,391.0,0.11061441817548667,6,118.0,0.2746580878796894,0,0.0,0.9753897339097329,14,509.0
2505.0,12,233.0,3.8833333333333333,5.755400357281009,0,0.0,1.0,4,253.0,0.38044396103500766,6,132.0,0.2282950437719153,0,0.0,0.97899129335752,10,385.0
2510.0,10,202.0,3.543859649122807,7.077646890666145,0,0.0,1.0,3,61.0,0.5359020653099481,6,162.0,0.2861020683174228,1,2.0,0.48106506721861186,10,225.0
2515.0,11,255.0,4.903846153846154,7.293999490728243,0,0.0,1.0,3,76.0,0.586833873706768,7,192.0,0.2711976679901059,1,7.0,0.4736873154691428,11,275.0
2520.0,6,129.0,2.388888888888889,6.685301675745861,0,0.0,1.0,3,79.0,0.550680918824835,1,43.0,0.07540156936665848,1,12.0,0.48826640074650624,5,134.0
2525.0,8,151.0,2.9038461538461537,6.585439296315434,0,6.0,0.7608014856008386,4,104.0,0.37025914072982685,2,46.0,0.0,0,0.0,0.9385534650056975,6,156.0
2530.0,7,173.0,3.5306122448979593,7.641229808065128,0,0.0,0.7678018219096439,5,126.0,0.5321238191047291,2,59.0,0.38618800113239515,0,0.0,0.974847515886544,7,185.0
2535.0,7,208.0,4.333333333333333,7.961113996479625,0,0.0,1.0,5,151.0,0.5527671438764014,2,66.0,0.0,0,0.0,0.997222090516318,7,217.0
2540.0,8,244.0,5.083333333333333,8.08534268748464,0,0.0,1.0,5,173.0,0.49718780476176233,2,76.0,0.0,0,0.0,0.9126284996433996,7,249.0
2545.0,2,26.0,0.52,7.8240574976503625,0,0.0,1.0,1,26.0,0.7010337088469734,0,24.0,0.21863859428320254,0,0.0,0.9814954455499731,1,50.0
2550.0,2,28.0,0.5714285714285714,7.781027712767357,0,0.0,1.0,1,28.0,0.7697779274193651,1,3.0,0.0009529001579453585,0,0.0,0.940476422013462,2,31.0
2555.0,2,38.0,0.8444444444444444,8.528890670922415,0,0.0,1.0,1,33.0,0.7902361061978336,1,17.0,0.7018616983897811,0,0.0,0.9440754110846934,2,50.0
2560.0,4,52.0,1.1304347826086956,7.487753071627682,0,0.0,1.0,2,39.0,0.6517572293136332,1,22.0,0.7301727735002165,0,0.0,0.6445263114053036,3,61.0
2565.0,5,77.0,1.6382978723404256,7.497190473822289,0,0.0,1.0,2,46.0,0.5533193605904164,1,27.0,0.7545617074051021,1,5.0,0.6211915256457048,4,78.0
2570.0,5,84.0,1.826086956521739,8.095816638663514,0,0.0,1.0,2,56.0,0.4782641250925396,1,62.0,0.8253102100648201,0,0.0,0.9398648560640848,3,118.0
2575.0,5,109.0,2.3191489361702127,8.447015379613843,0,0.0,0.9584391463036629,2,66.0,0.6380939830140725,1,37.0,0.7499219288178037,0,0.0,0.9631728756582729,3,103.0
2580.0,7,117.0,2.4375,7.739413450359858,1,1.0,0.007872705123096638,2,76.0,0.5909893719234546,3,46.0,0.5534405439345577,0,0.0,0.9479890028365683,6,123.0
2585.0,1,26.0,0.5416666666666666,7.145112305511657,0,0.0,1.0,1,26.0,0.501325228111863,0,6.0,0.567591782935923,0,0.0,0.9427565274984914,1,32.0
2590.0,4,40.0,0.8695652173913043,7.716693481285594,0,1.0,0.6003481381930579,4,43.0,0.24453891186925303,0,3.0,0.9901848407811263,0,0.0,0.9407134739171235,4,47.0
2595.0,4,60.0,1.2,8.087672266202535,0,0.0,0.8881543174325994,4,66.0,0.33775538303032104,0,3.0,0.964257702326309,0,0.0,0.9459830781664418,4,69.0
2600.0,5,85.0,1.6666666666666667,8.127017975084042,0,0.0,1.0,5,91.0,0.39394767531268854,0,3.0,0.9499943326235885,0,0.0,0.9519543592659172,5,94.0
2605.0,7,113.0,2.173076923076923,7.619326290898615,0,0.0,0.5823006438361373,5,116.0,0.4839896561944189,0,3.0,0.9533218925239382,1,1.0,0.7044756491011442,6,120.0
2610.0,12,164.0,3.1538461538461537,6.8492088943330875,1,4.0,0.4952519087380171,5,141.0,0.48425457484708695,0,3.0,0.9281938979044472,2,8.0,0.2451224558126181,8,156.0
2615.0,15,234.0,4.588235294117647,6.251576837070712,2,10.0,0.003209969229367661,5,166.0,0.4435560481036267,0,0.0,0.9978123854441378,3,23.0,0.06764456900304425,10,199.0
2620.0,19,324.0,6.612244897959184,5.520716097491806,2,20.0,0.0,7,198.0,0.2687052102201022,0,0.0,0.032172623371041334,4,43.0,0.14948908188813387,13,261.0
2625.0,16,339.0,7.212765957446808,4.672329006143319,2,30.0,0.0,3,143.0,0.29513465092415814,1,4.0,6.659943784589007e-05,4,63.0,0.1910127785062453,10,240.0
2630.0,18,426.0,8.693877551020408,4.483063258465467,2,40.0,0.0,3,158.0,0.10693468308256761,1,9.0,0.0,4,83.0,0.21635527735865498,10,290.0
2635.0,20,524.0,10.693877551020408,5.116645095244355,2,50.0,0.0,3,173.0,0.3307335815910819,1,17.0,0.707669803826419,4,103.0,0.25390062724380114,10,343.0
2640.0,17,531.0,10.411764705882353,5.727997774147206,2,60.0,0.0,3,188.0,0.5094797145659988,1,22.0,0.7416700924746805,1,61.0,0.328380454156012,7,331.0
2645.0,11,267.0,5.34,6.064979381477101,0,0.0,1.0,0,56.0,0.658278433629812,1,33.0,0.700438693175499,0,30.0,0.6189123920872804,1,119.0
2650.0,9,270.0,5.4,7.148548568137073,0,0.0,1.0,0,0.0,0.9300434139961136,1,32.0,0.7267292195272854,0,0.0,0.9748833731297286,1,32.0
2655.0,7,130.0,2.6,7.6556099452739454,0,0.0,1.0,1,7.0,0.8221602389867445,2,43.0,0.7234377746070183,0,0.0,0.9632773242694278,3,50.0
2660.0,4,16.0,0.3137254901960784,7.610566842532718,0,0.0,1.0,2,13.0,0.7071564319775575,2,15.0,0.549920218053868,0,0.0,0.923314389920509,4,28.0
2665.0,8,46.0,0.9019607843137255,6.730768307171366,0,0.0,1.0,2,17.0,0.7064852746488266,4,32.0,0.36833388910205633,0,0.0,0.989731017610947,6,49.0
2670.0,9,71.0,1.392156862745098,5.3630495891145396,0,0.0,1.0,0,24.0,0.4347935594519028,5,57.0,0.2724093343903492,0,0.0,0.6336878990959869,5,81.0
2675.0,17,142.0,2.8979591836734695,5.622284049604126,0,0.0,1.0,1,4.0,0.6060486338434946,7,87.0,0.26076045691782795,1,5.0,0.6460694900646927,9,96.0
2680.0,14,164.0,3.215686274509804,6.249107741102903,0,0.0,1.0,1,9.0,0.6689706885880837,8,125.0,0.35612497534942417,0,0.0,0.9444183408873356,9,134.0
2685.0,5,89.0,1.7450980392156863,6.920397485647688,0,0.0,1.0,1,14.0,0.5563426922667263,4,91.0,0.44081737183377406,0,0.0,0.9459678394446439,5,105.0
2690.0,5,103.0,2.019607843137255,7.455779494224801,0,3.0,0.6026180981803626,2,24.0,0.5527683636209806,3,151.0,0.6242000404659206,0,0.0,0.9849514392028121,5,178.0
2695.0,6,132.0,2.933333333333333,7.279550486974585,0,0.0,0.7696130522058867,3,38.0,0.5854238561584554,3,154.0,0.5133367136522545,0,0.0,0.9382425100264097,6,192.0
2700.0,9,174.0,3.8666666666666667,7.043399783745138,0,0.0,1.0,4,58.0,0.5096861020076575,5,176.0,0.35991452619293696,0,0.0,0.933121732206568,9,234.0
2705.0,10,222.0,4.530612244897959,6.69597675545569,0,0.0,1.0,5,81.0,0.47784323655221866,5,210.0,0.37305991287771295,0,0.0,0.7608312004300593,10,291.0
2710.0,11,199.0,4.061224489795919,5.82625347035748,0,0.0,1.0,3,49.0,0.44100281463317104,7,241.0,0.2075338041962759,1,3.0,0.47552842687703595,11,293.0
2715.0,10,232.0,4.73469387755102,6.957077719653405,0,0.0,1.0,1,12.0,0.7522918456915996,8,281.0,0.20108958199902724,1,5.0,0.46622373762886665,10,298.0
2720.0,15,291.0,5.82,6.161928407448525,0,0.0,1.0,3,20.0,0.26208294672454097,11,330.0,0.18228991249245932,1,10.0,0.6489661843072515,15,360.0
2725.0,13,304.0,5.96078431372549,6.008293872502433,0,0.0,1.0,5,41.0,0.08646140251046958,8,292.0,0.2953232997174501,0,0.0,0.9452019011315812,13,333.0
2730.0,15,375.0,7.352941176470588,6.687798821883082,0,0.0,1.0,5,69.0,0.3817771810108623,8,312.0,0.3365508761442474,0,0.0,0.9508065663742148,13,381.0
2735.0,9,348.0,6.6923076923076925,6.874995095796108,0,0.0,1.0,0,3.0,0.9444170144392071,9,354.0,0.2526621329177619,0,0.0,0.95670333090649,9,357.0
2740.0,12,402.0,7.3090909090909095,6.8308188852952,0,0.0,1.0,1,4.0,0.795727535534496,11,407.0,0.2469766949249646,0,0.0,0.9907769211739813,12,411.0
2745.0,7,338.0,6.035714285714286,6.842799792165418,0,0.0,1.0,1,9.0,0.5749673324344976,6,367.0,0.32125221724990993,0,0.0,0.9563567147306667,7,376.0
2750.0,7,364.0,6.385964912280702,7.099549481668101,0,6.0,0.5204652085896024,2,22.0,0.6003638844068967,5,367.0,0.32188584210753385,0,0.0,0.9252450750612098,7,395.0
2755.0,9,408.0,7.157894736842105,7.365632883684164,0,0.0,0.914668109253952,2,32.0,0.710152150998342,5,379.0,0.373191222794456,0,0.0,0.9251263208085726,7,411.0
2760.0,8,405.0,7.105263157894737,8.282293356845626,0,0.0,1.0,1,7.0,0.8123285987314609,6,407.0,0.38569189325787157,0,0.0,0.9582104498000621,7,414.0
2765.0,9,441.0,8.166666666666666,8.11275563819026,0,0.0,1.0,2,12.0,0.6446384758871967,6,434.0,0.28518554493873094,1,1.0,0.4839031798737097,9,447.0
2770.0,9,484.0,8.962962962962964,7.528136813462471,0,0.0,1.0,2,22.0,0.6421862028142509,7,465.0,0.2602114116952347,0,0.0,0.9772995334102187,9,487.0
2775.0,11,534.0,10.075471698113208,6.890920491606968,0,0.0,1.0,3,34.0,0.2835889555384125,8,506.0,0.26870656549714256,0,0.0,0.968049301649475,11,540.0
2780.0,15,602.0,11.803921568627452,5.799204670490919,0,0.0,1.0,4,51.0,0.2618885222557075,11,554.0,0.038696947408907056,0,0.0,0.9982414013547789,15,605.0
2785.0,17,685.0,13.979591836734693,5.777168111627176,0,0.0,1.0,4,71.0,0.2219248190728965,13,617.0,0.02785829301977224,0,0.0,0.964595555605737,17,688.0
2790.0,16,724.0,14.48,5.188498153706393,0,0.0,1.0,6,98.0,0.13619770803965195,10,628.0,0.003407224479706161,0,0.0,0.9294613785744681,16,726.0
2795.0,16,804.0,14.88888888888889,6.138866219751658,0,3.0,0.7783192710649441,6,131.0,0.24896523257759728,10,676.0,0.0,0,0.0,0.8821640157233612,16,810.0
2800.0,18,887.0,16.425925925925927,5.953397520617181,1,7.0,0.3078638766330412,6,167.0,0.36726384008876267,10,726.0,0.15399413473472853,1,2.0,0.6354348470761657,18,902.0
2805.0,21,984.0,18.566037735849058,4.44759684451843,3,18.0,0.003049966828387708,6,194.0,0.3223853168590724,10,776.0,0.05492863861764357,2,8.0,0.32282046300277734,21,996.0
2810.0,26,805.0,14.375,4.397772220198029,3,33.0,0.0,9,231.0,0.2511797942562352,12,679.0,0.07164961955726026,2,18.0,0.26030828409126094,26,961.0
2815.0,21,491.0,9.264150943396226,4.686243431944299,3,48.0,0.0,9,273.0,0.2824094627899604,7,441.0,0.13711840012790324,2,28.0,0.25618384274211636,21,790.0
2820.0,12,255.0,4.811320754716981,5.670188722735612,3,63.0,0.0,2,75.0,0.3677263527697983,5,258.0,0.20407491411627907,2,38.0,0.2443021005396833,12,434.0
2825.0,10,248.0,4.592592592592593,6.945695239271042,0,0.0,1.0,2,96.0,0.4623214039734993,5,169.0,0.20402128907265954,3,53.0,0.24554128466626496,10,318.0
2830.0,12,302.0,5.11864406779661,7.26725543474489,0,0.0,1.0,2,103.0,0.4924267187591724,7,205.0,0.3135920116019428,3,68.0,0.38840735453460146,12,376.0
2835.0,13,367.0,6.116666666666666,7.142681792012329,0,0.0,1.0,2,113.0,0.43721339951846133,8,245.0,0.45124315057444936,3,83.0,0.29256115635524754,13,441.0
2840.0,14,377.0,6.180327868852459,6.321511998791793,0,0.0,1.0,0,0.0,0.5410926572644847,8,282.0,0.4256592402282429,4,102.0,0.31614418560702245,12,384.0
2845.0,13,337.0,5.349206349206349,6.203929835447629,0,0.0,1.0,0,0.0,0.6221766814197593,9,324.0,0.3568604412071828,0,24.0,0.6125459069028333,9,348.0
2850.0,13,250.0,3.9682539682539684,6.4365388143819064,0,0.0,1.0,1,3.0,0.4375948811076214,8,287.0,0.3920435772102307,0,0.0,0.9679406983652679,9,290.0
2855.0,10,101.0,1.7413793103448276,6.266846477657395,0,3.0,0.9561280060786339,1,8.0,0.5933654593699546,7,213.0,0.267476631448815,0,0.0,0.9194251593095877,8,224.0
2860.0,11,130.0,2.280701754385965,6.477060882252292,0,0.0,1.0,0,0.0,0.96793627139779,9,171.0,0.24083267632378125,0,0.0,0.943086810609025,9,171.0
2865.0,11,170.0,2.8813559322033897,6.459450503487241,0,0.0,1.0,0,0.0,0.9371433089512603,11,195.0,0.08647539246724847,0,0.0,0.9660084074249434,11,195.0
2870.0,16,241.0,4.381818181818182,5.891425674585308,0,0.0,1.0,0,0.0,0.9204263984883149,14,266.0,0.15685289951134399,1,2.0,0.46048674760127545,15,268.0
2875.0,17,321.0,5.836363636363636,5.659285464838454,0,0.0,1.0,0,0.0,0.9277221218050316,15,339.0,0.10683726322457446,2,10.0,0.3154035592814301,17,349.0
2880.0,16,309.0,5.517857142857143,6.008227604121859,0,0.0,1.0,0,0.0,0.8474515940930217,14,356.0,0.11842098882364971,2,20.0,0.3130466706184884,16,376.0
2885.0,16,315.0,5.625,6.138411106482315,0,0.0,1.0,2,4.0,0.5891051106430261,12,331.0,0.15791166093389555,2,30.0,0.10236637006294602,16,365.0
2890.0,15,373.0,6.907407407407407,6.451574606379184,0,0.0,1.0,2,14.0,0.48546800167701676,12,359.0,0.09804674302933906,1,18.0,0.5622094867312541,15,391.0
2895.0,15,448.0,8.0,6.38224957449308,0,0.0,1.0,2,24.0,0.32615663430687847,12,422.0,0.05068329656309842,1,23.0,0.5740624548431281,15,469.0
2900.0,13,489.0,8.431034482758621,5.6435362042254,0,0.0,1.0,0,5.0,0.9476376946565277,12,482.0,0.007130594009149719,1,28.0,0.6034722777354252,13,515.0
2905.0,17,560.0,10.0,5.666449660429117,0,0.0,1.0,0,5.0,0.9462255601610454,16,549.0,0.0584862692422427,1,33.0,0.6765848512839148,17,587.0
2910.0,18,647.0,11.155172413793103,6.084911279304678,0,0.0,1.0,1,18.0,0.6279218407715278,16,632.0,0.1069256981263318,1,38.0,0.6737946894715895,18,688.0
2915.0,21,743.0,13.035087719298245,4.945630894225994,0,0.0,1.0,1,7.0,0.4725915603012618,16,712.0,0.1062658239578432,2,44.0,0.2497811343100621,19,763.0
2920.0,21,841.0,13.78688524590164,4.709907841149996,0,0.0,1.0,2,16.0,0.4315144624577913,16,792.0,0.10501385574260852,3,58.0,0.2519261576966339,21,866.0
2925.0,22,950.0,16.10169491525424,4.914145654102354,0,0.0,1.0,3,30.0,0.4904081174739457,16,872.0,0.08550838228087246,3,73.0,0.20557051004746882,22,975.0
2930.0,22,1050.0,17.5,4.961055542280399,0,0.0,1.0,3,45.0,0.36092109539487005,16,952.0,0.05138361299863184,3,78.0,0.23727274365582782,22,1075.0
2935.0,23,1164.0,18.1875,4.938325069042776,0,0.0,1.0,4,64.0,0.34300960443994194,16,1039.0,0.12304681692911937,3,93.0,0.25843710647808893,23,1196.0
2940.0,26,1269.0,19.523076923076925,4.432500935530771,0,0.0,1.0,3,65.0,0.2874517997603459,18,1126.0,0.043910816672136234,3,108.0,0.3186821115257893,24,1299.0
2945.0,18,472.0,7.151515151515151,4.796646357906848,0,0.0,1.0,3,80.0,0.35985071714632477,9,672.0,0.06861825385683291,4,124.0,0.1892367079798118,16,876.0
2950.0,9,260.0,3.8805970149253732,6.07853227372494,0,3.0,0.5538159326201185,3,98.0,0.4821935180224126,2,293.0,0.29198514174006224,4,144.0,0.27926421525895445,9,538.0
2955.0,11,312.0,4.521739130434782,7.1434011473736625,0,0.0,0.81576777587671,3,119.0,0.6559189050857408,4,58.0,0.3891337611382295,4,164.0,0.28491129083457273,11,341.0
2960.0,11,247.0,3.6323529411764706,7.455017450926115,0,0.0,0.7969395676576476,1,54.0,0.7668378888148175,5,72.0,0.2770335087711572,4,184.0,0.2989732919004995,10,310.0
2965.0,12,291.0,4.343283582089552,7.293792567840452,1,1.0,0.0018185870055298602,1,16.0,0.7507313515566266,4,82.0,0.40910943134396804,4,204.0,0.2882176749307733,10,303.0
2970.0,13,343.0,5.119402985074627,7.168079062814586,1,6.0,0.0,2,26.0,0.7304177629065848,4,102.0,0.4144341703787412,4,224.0,0.27148129461573167,11,358.0
2975.0,8,149.0,2.257575757575758,7.03893702398853,1,11.0,0.0,3,37.0,0.5640281624126885,4,122.0,0.38479234825362013,0,64.0,0.27677282548991744,8,234.0
2980.0,10,196.0,3.2131147540983607,6.8949763915799585,1,16.0,0.0,4,57.0,0.36224840155824767,5,153.0,0.22845298690722265,0,0.0,0.7160680881045792,10,226.0
2985.0,10,226.0,3.7666666666666666,6.003168272583957,0,0.0,1.0,6,85.0,0.18558511374681896,4,159.0,0.1278426682107766,0,0.0,0.9511186311799722,10,244.0
2990.0,11,279.0,4.728813559322034,6.5927542202261105,0,3.0,0.5743518144279467,7,118.0,0.2762507699039024,4,179.0,0.0,0,0.0,0.9703408828139717,11,300.0
2995.0,14,344.0,5.931034482758621,6.712192217081542,0,0.0,1.0,9,162.0,0.35427664719842333,4,199.0,0.0,0,0.0,0.9853819840668021,13,361.0
3000.0,12,235.0,3.983050847457627,5.907225368486458,0,0.0,1.0,3,39.0,0.44663733969712954,4,219.0,0.0,0,0.0,0.671109470523226,7,258.0
3005.0,12,164.0,2.6885245901639343,6.4729045782836865,0,0.0,1.0,1,12.0,0.693403268904495,2,171.0,0.2337004647573127,1,4.0,0.4697293994692063,4,187.0
3010.0,11,116.0,1.8125,7.2724248044044995,0,0.0,1.0,2,16.0,0.7682296914696881,0,60.0,0.7124796780346577,1,9.0,0.2550384856035903,3,85.0
3015.0,9,128.0,2.0317460317460316,8.009080797371146,0,0.0,0.958043491427107,2,26.0,0.7242426323294097,0,6.0,0.9289394383408538,2,18.0,0.21470964078614652,4,50.0
3020.0,7,99.0,1.65,7.732751329200313,0,0.0,1.0,2,15.0,0.5488656668765829,0,3.0,0.9459988266549444,0,0.0,0.9421704812851874,2,18.0
3025.0,6,101.0,1.6557377049180328,8.1650290370465,0,0.0,1.0,3,29.0,0.421119969540355,0,9.0,0.8688356966480663,0,0.0,0.997523315854062,3,38.0
3030.0,6,41.0,0.7321428571428571,7.833769287228263,0,0.0,1.0,5,43.0,0.2659124898317941,1,11.0,0.7095411448511454,0,0.0,0.951958516929708,6,54.0
3035.0,11,84.0,1.5555555555555556,6.635495169499415,0,0.0,1.0,6,73.0,0.31286442309133905,4,23.0,0.417520340853695,0,0.0,0.9683293630993237,10,96.0
3040.0,7,51.0,1.0,6.246420812629538,0,0.0,1.0,1,22.0,0.6443573873236155,5,47.0,0.2094898719585178,1,1.0,0.4694422713393285,7,70.0
3045.0,13,100.0,2.0,6.1439777941366085,0,0.0,1.0,1,17.0,0.7430618062020135,7,79.0,0.1169911963396921,1,6.0,0.6569144970097631,9,102.0
3050.0,11,146.0,2.979591836734694,6.500813163927098,0,0.0,1.0,2,25.0,0.5492190395838564,7,117.0,0.17706216028913283,1,11.0,0.5154604312874834,10,153.0
3055.0,11,193.0,3.938775510204082,6.417213371489044,0,0.0,1.0,2,35.0,0.41026176008596876,7,152.0,0.259522046015271,2,19.0,0.3327502892698624,11,206.0
3060.0,9,192.0,3.84,6.849353029744464,0,0.0,1.0,1,16.0,0.32943881419688686,8,192.0,0.256085437414207,0,0.0,0.9765098310467839,9,208.0
3065.0,3,50.0,0.9433962264150944,7.292758138734419,0,0.0,1.0,2,34.0,0.44049115076626205,1,90.0,0.597024428655909,0,0.0,0.9835216135276552,3,124.0
3070.0,3,65.0,1.3541666666666667,7.458710253205038,0,6.0,0.6268728907256591,2,63.0,0.6293187184056939,1,49.0,0.6581192974321242,0,0.0,0.9782799007898576,3,118.0
3075.0,5,87.0,1.7755102040816326,7.280157638560733,0,0.0,0.7871589345726319,2,73.0,0.5980258143689933,2,59.0,0.634101930989301,0,0.0,0.9922942239981365,4,132.0
3080.0,5,94.0,1.8076923076923077,8.17095816770018,0,0.0,1.0,3,72.0,0.6838850901939652,2,72.0,0.5670925871237306,0,0.0,0.9392180063147555,5,144.0
3085.0,5,107.0,1.9814814814814814,8.21883340911447,0,0.0,1.0,3,87.0,0.6322419068106746,1,58.0,0.6529216573547066,0,0.0,0.9459641170315038,4,145.0
3090.0,6,133.0,2.509433962264151,8.230185694796987,0,0.0,1.0,3,112.0,0.6609936067693422,2,63.0,0.6793009695891187,0,0.0,0.7223701098727406,5,175.0
3095.0,7,157.0,2.9622641509433962,7.897423874097645,0,0.0,1.0,4,130.0,0.6765872381289283,2,73.0,0.3933456575466011,1,4.0,0.6561303245281495,7,207.0
3100.0,9,197.0,3.7169811320754715,8.138400371536509,0,0.0,1.0,5,145.0,0.560932813217866,3,87.0,0.4880834790030773,1,9.0,0.716984617176684,9,241.0
3105.0,9,228.0,4.56,7.064730326181116,0,0.0,1.0,5,170.0,0.388941405794946,2,83.0,0.5828809327758816,2,16.0,0.46136347305419134,9,269.0
3110.0,11,280.0,5.490196078431373,7.082292354767043,0,0.0,1.0,6,198.0,0.38583905484043834,2,93.0,0.5736645701846719,2,26.0,0.47740255680294874,10,317.0
3115.0,11,330.0,6.111111111111111,7.404569643134512,0,0.0,0.8376822748253598,6,225.0,0.383439500935751,2,100.0,0.32831666420795164,2,36.0,0.4874048784589453,10,361.0
3120.0,14,389.0,7.627450980392157,6.530751152116487,2,3.0,0.002137827113091463,6,255.0,0.1811037727245604,2,110.0,0.32094226580559065,3,47.0,0.30412747083929775,13,415.0
3125.0,12,392.0,8.166666666666666,5.9072388952468105,2,13.0,0.0,7,290.0,0.15164591265711894,2,120.0,0.23122680463110135,0,5.0,0.49974679317843096,11,428.0
3130.0,15,462.0,9.829787234042554,5.2625883520655625,2,23.0,0.0,8,329.0,0.10374135061933806,3,142.0,0.40102085069210247,0,0.0,0.9375714065194822,13,494.0
3135.0,15,519.0,11.042553191489361,5.466515176783691,2,33.0,0.0,8,369.0,0.19595641229191346,5,159.0,0.12615007197072453,0,0.0,0.936750349895175,15,561.0
3140.0,14,338.0,7.041666666666667,5.700855888023187,2,43.0,0.0,5,238.0,0.15039363806672137,7,192.0,0.12428847163951333,0,0.0,0.9660624642164115,14,473.0
3145.0,12,306.0,6.375,6.799840455683541,2,53.0,0.0,2,66.0,0.3553468054699187,7,227.0,0.1229305243753553,1,1.0,0.48896325875225,12,347.0
3150.0,12,366.0,7.787234042553192,6.205221177521232,2,63.0,0.0,2,42.0,0.08470430597946181,7,262.0,0.11698298048351856,1,6.0,0.49830358342297865,12,373.0
3155.0,15,365.0,7.3,4.9655676642149595,0,0.0,1.0,3,56.0,0.09056177587942277,7,297.0,0.10102827455467928,1,11.0,0.41788661442876823,11,364.0
3160.0,17,444.0,8.88,5.239925551854184,0,0.0,1.0,3,71.0,0.27421895563372767,8,337.0,0.19510212205784375,2,19.0,0.3212325424789302,13,427.0
3165.0,14,493.0,9.86,5.792360663956598,0,0.0,1.0,3,86.0,0.37993343643709226,8,377.0,0.17869339217549804,0,0.0,0.9229132579884991,11,463.0
3170.0,15,566.0,11.098039215686274,5.440446390684183,0,0.0,1.0,3,102.0,0.3119035346537533,8,423.0,0.22426009818511083,0,0.0,0.9754619347772653,11,525.0
3175.0,18,649.0,12.72549019607843,4.574451055755944,0,0.0,1.0,4,120.0,0.39726087553771916,8,463.0,0.07997306484057574,0,0.0,0.9349558025467042,12,583.0
3180.0,20,744.0,14.037735849056604,4.766884016648163,0,0.0,1.0,4,140.0,0.32462517588897494,10,511.0,0.1141945276555222,0,0.0,0.9736717854320107,14,651.0
3185.0,22,821.0,15.788461538461538,4.315665189935502,0,0.0,1.0,5,165.0,0.3404512246197671,11,565.0,0.07546843893102977,0,0.0,0.9480903220746749,16,730.0
3190.0,19,796.0,14.74074074074074,4.305229332907307,0,0.0,1.0,4,174.0,0.18836355431805596,12,621.0,0.0007857278651221409,0,0.0,0.9100618125160722,16,795.0
3195.0,18,855.0,15.545454545454545,4.796346014594474,0,0.0,1.0,4,184.0,0.16401173753843531,12,681.0,0.00037986041655252044,1,2.0,0.4595245742044816,17,867.0
3200.0,18,939.0,16.767857142857142,5.43392703081148,0,0.0,1.0,4,207.0,0.3250891673668599,13,741.0,5.2650664466606634e-05,1,7.0,0.48356740121905417,18,955.0
3205.0,18,1013.0,17.46551724137931,6.004139835287605,0,0.0,1.0,6,230.0,0.35512833646091463,12,801.0,0.057742574218685366,0,0.0,0.9278076453898412,18,1031.0
3210.0,13,853.0,14.964912280701755,5.794785764234859,0,0.0,1.0,0,32.0,0.4617575872816531,12,864.0,0.08625549882565983,0,0.0,0.9557405269332349,12,896.0
3215.0,14,916.0,16.654545454545456,5.53745826814286,0,0.0,1.0,2,15.0,0.42378394716165835,12,931.0,0.07603084847617904,0,0.0,0.9573337876478194,14,946.0
3220.0,19,1002.0,18.90566037735849,5.427812741232508,0,0.0,1.0,4,25.0,0.2550092475076097,15,1009.0,0.1840337679414319,0,0.0,0.476608050715077,19,1034.0
3225.0,13,494.0,9.148148148148149,5.3481389324422945,0,0.0,1.0,5,47.0,0.2755068985387579,7,701.0,0.34718729917252444,1,5.0,0.3825502922306909,13,753.0
3230.0,10,467.0,8.49090909090909,5.854523292871157,0,0.0,1.0,4,56.0,0.3016072282809058,6,525.0,0.4244420045503254,0,0.0,0.6933233339907401,10,581.0
3235.0,11,521.0,8.982758620689655,6.910670376641438,0,3.0,0.041482436255115614,5,86.0,0.5049813932139804,6,461.0,0.5302937142677946,0,0.0,0.9657157536163684,11,550.0
3240.0,11,576.0,10.105263157894736,7.3320537808145465,0,0.0,1.0,5,111.0,0.6015893893584123,6,490.0,0.5164897235784203,0,0.0,0.9708042037032341,11,601.0
3245.0,12,635.0,10.948275862068966,7.282709991867696,0,0.0,1.0,6,134.0,0.5324120146986424,6,520.0,0.5212918138827541,0,0.0,0.974926183281352,12,654.0
3250.0,9,614.0,10.586206896551724,6.784529387821918,0,0.0,0.9717830492685033,5,137.0,0.5930502292393832,4,508.0,0.29027100939989176,0,0.0,0.9415151781706153,9,645.0
3255.0,12,668.0,11.517241379310345,7.126989615110959,0,0.0,1.0,5,165.0,0.6290940515756459,7,515.0,0.17160723596955424,0,0.0,0.9640221353266157,12,680.0
3260.0,14,729.0,11.758064516129032,7.0457426100623675,0,0.0,0.9623354428010967,5,190.0,0.640637927232161,9,557.0,0.16567815558544385,0,0.0,0.9879219794846522,14,747.0
3265.0,16,797.0,13.283333333333333,6.7607215779803305,0,0.0,1.0,5,215.0,0.6005517176913947,11,600.0,0.2385080030623817,0,0.0,0.9350080633616359,16,815.0
3270.0,12,256.0,4.19672131147541,6.064881147626768,0,0.0,1.0,4,131.0,0.30113074280261454,8,413.0,0.22074314133374948,0,0.0,0.9910412532571086,12,544.0
3275.0,13,149.0,2.442622950819672,6.675216419145552,0,0.0,1.0,5,38.0,0.3044400208768062,8,185.0,0.2801281575196267,0,0.0,0.9988088434311458,13,223.0
3280.0,15,217.0,3.4444444444444446,6.815475654247239,0,0.0,1.0,7,67.0,0.3077512138795482,8,172.0,0.21756293491722264,0,0.0,0.9617452374750535,15,239.0
3285.0,20,303.0,4.967213114754099,6.242338676725276,0,0.0,1.0,10,108.0,0.1583926133557196,9,213.0,0.18527852928154995,1,1.0,0.48145063017794704,20,322.0
3290.0,11,271.0,4.593220338983051,5.958233808415617,0,0.0,1.0,2,55.0,0.28129155996512617,8,249.0,0.16855838698286088,1,6.0,0.48918042900618086,11,310.0
3295.0,12,320.0,5.818181818181818,6.627968847753071,0,0.0,1.0,1,36.0,0.5669852347228983,9,294.0,0.22342698379673748,1,11.0,0.6543368155827901,11,341.0
3300.0,12,369.0,6.709090909090909,6.954266984992379,0,0.0,1.0,1,31.0,0.6640486479257139,10,351.0,0.39924357478819383,0,0.0,0.9308964452824151,11,382.0
3305.0,14,431.0,7.431034482758621,6.423518645963849,0,0.0,1.0,1,36.0,0.6691017883448587,10,400.0,0.3206058532900896,0,0.0,0.9876133840633842,11,436.0
3310.0,9,125.0,2.272727272727273,6.140730177790304,0,0.0,1.0,1,41.0,0.6398149888141724,4,180.0,0.3143931780094617,0,0.0,0.9999194981300036,5,221.0
3315.0,6,106.0,1.7966101694915255,6.68574688026627,0,0.0,1.0,1,52.0,0.5059352327990075,1,83.0,0.5310934044712978,0,0.0,0.9830219111162289,2,135.0
3320.0,7,115.0,2.017543859649123,7.022048902942188,0,9.0,0.4552709313425262,2,61.0,0.7096829041665704,1,18.0,0.697052656570473,1,1.0,0.5014909636900329,4,89.0
3325.0,12,164.0,3.037037037037037,6.207380779086362,3,20.0,0.04882726018520326,2,71.0,0.7474137077236276,2,18.0,0.0007177488352229945,1,6.0,0.630085285957798,8,115.0
3330.0,9,85.0,1.5740740740740742,5.633116781558869,3,35.0,0.028826544546032933,2,21.0,0.7374101667762036,2,28.0,0.0,1,11.0,0.6389730115354565,8,95.0
3335.0,14,140.0,2.5454545454545454,5.662470184463442,8,69.0,0.007741798625122342,3,35.0,0.6043650831607471,2,41.0,0.29960077256754414,1,16.0,0.5558316119048932,14,161.0
3340.0,7,99.0,1.8,6.348517447298352,2,40.0,0.013446619083539555,3,47.0,0.6580557679894106,2,51.0,0.4591181748421413,0,0.0,0.951290855556867,7,138.0
3345.0,6,115.0,2.0535714285714284,6.6591527100460395,0,15.0,0.15329390318923486,4,63.0,0.23715285694785154,2,67.0,0.5385169725224557,0,0.0,0.9696011012618344,6,145.0
3350.0,9,134.0,2.4363636363636365,6.393463110494449,0,1.0,0.40538804259701905,5,66.0,0.14022799300399005,4,87.0,0.35276651137447923,0,0.0,0.9565660573109456,9,154.0
3355.0,12,188.0,3.2982456140350878,6.67431555510153,0,0.0,1.0,5,90.0,0.13496310115854232,7,116.0,0.3397618476332697,0,0.0,0.934676766074413,12,206.0
3360.0,18,263.0,4.614035087719298,6.224622895132879,0,0.0,1.0,6,119.0,0.12396762410096761,9,155.0,0.1944988929204569,0,0.0,0.976021380048469,15,274.0
3365.0,14,287.0,4.948275862068965,6.3374662611202295,0,0.0,1.0,7,150.0,0.2118120895991806,7,158.0,0.08798687662264572,0,0.0,0.951658545948459,14,308.0
3370.0,6,162.0,2.8421052631578947,6.484210927008737,0,0.0,1.0,0,29.0,0.5333508878671736,6,176.0,0.05963929462322499,0,0.0,0.9207040335044188,6,205.0
3375.0,7,194.0,3.5925925925925926,7.050260996517589,0,0.0,1.0,0,9.0,0.7596055815815799,6,198.0,0.0,1,2.0,0.6962387957549977,7,209.0
3380.0,8,228.0,4.653061224489796,7.268163564111443,0,0.0,1.0,1,14.0,0.7953385042648877,6,234.0,0.3795291015153318,0,0.0,0.5820532448374068,7,248.0
3385.0,12,143.0,2.803921568627451,7.156379491491778,0,0.0,1.0,3,23.0,0.6054028105592644,5,190.0,0.4617242923568219,0,0.0,0.9636751205821008,8,213.0
3390.0,6,81.0,1.62,7.865852910069767,0,0.0,1.0,1,16.0,0.7764332438622876,5,113.0,0.41066894792651176,0,0.0,0.9599120517396439,6,129.0
3395.0,8,117.0,2.3877551020408165,8.122598628369468,0,0.0,1.0,2,23.0,0.6484889868509475,6,118.0,0.4307851383998558,0,0.0,0.9452781725815353,8,141.0
3400.0,10,159.0,3.3125,7.199182831526521,0,0.0,1.0,4,35.0,0.16954150842583193,6,151.0,0.44305998935654817,0,0.0,0.9182780825324914,10,186.0
3405.0,8,157.0,3.14,6.82322364187424,0,0.0,1.0,5,58.0,0.1598910853139299,3,133.0,0.46577617818481654,0,0.0,0.9456311035412803,8,191.0
3410.0,11,167.0,3.2745098039215685,6.903903719072739,0,0.0,0.5760597523467647,5,62.0,0.23010667624132455,3,116.0,0.44408360753612225,0,0.0,0.9305843314399128,8,178.0
3415.0,15,236.0,4.538461538461538,6.165955137951446,3,11.0,0.09161926916095596,5,90.0,0.42000441385179077,4,137.0,0.29356025687995646,0,0.0,0.6272265562025773,12,238.0
3420.0,13,287.0,5.415094339622642,5.597532576244737,0,0.0,0.03906233687936685,5,109.0,0.3774502322148072,4,157.0,0.30874776663976267,0,0.0,0.9428222886256914,9,266.0
3425.0,16,362.0,6.350877192982456,5.76697233116541,0,0.0,1.0,6,138.0,0.3433911126433455,4,180.0,0.42959331369630405,0,0.0,0.940193725621243,10,318.0
3430.0,12,253.0,4.517857142857143,5.605233902267818,0,0.0,1.0,1,9.0,0.6086458758053949,5,201.0,0.1757470311089774,0,0.0,0.9434809921049814,6,210.0
3435.0,10,252.0,4.421052631578948,6.587466722385955,0,0.0,1.0,1,14.0,0.7588420520883163,7,235.0,0.2177417629078474,0,0.0,0.9675885433494534,8,249.0
3440.0,12,308.0,5.220338983050848,7.0411035709656655,0,0.0,1.0,1,19.0,0.4911438072182915,7,276.0,0.31810366304443377,0,0.0,0.9615086199989568,8,295.0
3445.0,11,330.0,5.593220338983051,6.825829568190466,0,0.0,1.0,2,29.0,0.31594788797227447,8,315.0,0.34908884070622304,0,0.0,0.7385376333941341,10,344.0
3450.0,9,315.0,5.431034482758621,6.827383988131924,0,0.0,1.0,2,39.0,0.3267422218645862,6,293.0,0.3490179680335764,1,4.0,0.46528931240506954,9,336.0
3455.0,11,365.0,6.517857142857143,7.499244359902499,0,0.0,1.0,2,39.0,0.3253419271696803,6,317.0,0.44029260648807633,2,13.0,0.48439399677271844,10,369.0
3460.0,10,395.0,7.053571428571429,7.274392952550956,0,0.0,1.0,2,68.0,0.39783830848247304,6,347.0,0.48430796256197667,2,23.0,0.3342598942618246,10,438.0
3465.0,16,459.0,8.345454545454546,6.056743340419833,0,0.0,1.0,3,81.0,0.45016398524936047,7,386.0,0.27535992240086193,4,38.0,0.19246340899020997,14,505.0
3470.0,15,381.0,7.188679245283019,4.897991922533711,0,0.0,1.0,1,31.0,0.49079776208714065,5,336.0,0.06386004748064542,4,58.0,0.1991047647615966,10,425.0
3475.0,18,467.0,8.49090909090909,5.602605936443324,0,0.0,0.6395420869341549,1,19.0,0.6211057956937323,6,337.0,2.661327723391766e-05,4,78.0,0.21222107923567415,11,434.0
3480.0,17,510.0,9.622641509433961,5.272724143093254,0,0.0,0.721535590404445,2,26.0,0.640860625506768,7,368.0,0.07041678786517093,4,98.0,0.20907338073788853,13,492.0
3485.0,15,536.0,9.925925925925926,5.771951836737044,0,0.0,1.0,2,33.0,0.5722872481212906,7,403.0,0.1245762949564454,4,118.0,0.16236777421438967,13,554.0
3490.0,17,579.0,10.339285714285714,5.428829716396527,0,0.0,1.0,0,3.0,0.8495376956872245,7,438.0,0.12185303294834558,4,138.0,0.16062081871828973,11,579.0
3495.0,20,674.0,11.423728813559322,5.969431968307001,0,0.0,1.0,0,14.0,0.9019077375116799,7,473.0,0.11824166871484021,5,163.0,0.2233360868205116,12,650.0
3500.0,15,586.0,10.10344827586207,5.576278969149859,0,0.0,1.0,0,14.0,0.7448196962472766,7,514.0,0.3520702841854841,0,46.0,0.3864318760596835,7,574.0
3505.0,20,677.0,11.672413793103448,5.032822693248117,0,0.0,1.0,2,20.0,0.430168557372358,7,558.0,0.3630211436037784,0,0.0,0.9237164317531,9,578.0
3510.0,21,754.0,13.228070175438596,4.461687937156335,0,0.0,1.0,1,21.0,0.2775792919477974,11,601.0,0.25149226673309916,0,0.0,0.9677115021424562,12,622.0
3515.0,22,862.0,14.610169491525424,5.143099823367988,0,0.0,1.0,2,22.0,0.40758079335546366,11,656.0,0.22750579574133553,0,0.0,0.9401448304990372,13,678.0
3520.0,24,976.0,16.54237288135593,5.268666596958874,0,0.0,1.0,2,28.0,0.5349230477367137,13,718.0,0.2336084590308595,0,0.0,0.7367860666247352,15,746.0
3525.0,25,1022.0,17.322033898305083,4.900858039500479,0,0.0,1.0,2,38.0,0.6666729988882995,14,787.0,0.19148617687240416,1,4.0,0.4961718518899026,17,829.0
3530.0,22,920.0,15.081967213114755,4.673236753162633,0,0.0,1.0,0,38.0,0.6144845516701668,15,859.0,0.15760339021120656,1,9.0,0.6536211202292744,16,906.0
3535.0,21,967.0,16.67241379310345,3.8810621560333836,0,0.0,1.0,2,4.0,0.3458228767477073,15,934.0,0.1869554660070964,1,14.0,0.32236181037114936,18,952.0
3540.0,24,1073.0,18.5,4.57317817015714,0,0.0,1.0,3,17.0,0.4052079898355556,17,1015.0,0.20330242836735268,2,24.0,0.31629508719231375,22,1056.0
3545.0,24,1160.0,19.661016949152543,4.322158901992688,0,0.0,1.0,3,34.0,0.2802446669042743,18,1103.0,0.1735453543158473,0,0.0,0.9841816552069788,21,1137.0
3550.0,24,1235.0,20.24590163934426,4.2245998961097095,0,0.0,1.0,1,17.0,0.494805785365787,18,1199.0,0.18765791054687342,0,0.0,0.698156923476664,19,1216.0
3555.0,15,1020.0,17.0,5.333683780958304,0,0.0,1.0,0,0.0,0.9391821458445208,10,1071.0,0.175137437774909,1,3.0,0.49235517454701205,11,1074.0
3560.0,11,1016.0,16.65573770491803,6.416624291265315,0,6.0,0.5940141903743561,1,10.0,0.6966688093042624,8,1006.0,0.24028109572092513,0,0.0,0.9994946515161764,9,1022.0
3565.0,15,1081.0,17.43548387096774,6.577797391222325,1,7.0,0.1814167932142404,1,15.0,0.7488384174447735,8,990.0,0.20737178175894222,0,0.0,0.8142581805205413,10,1012.0
3570.0,18,1152.0,19.2,5.844328360358289,2,17.0,0.18601851804904063,2,24.0,0.7595946564836532,8,1029.0,0.10767817273690018,1,2.0,0.614421305349877,13,1072.0
3575.0,16,1193.0,20.220338983050848,5.809477140810224,3,29.0,0.007524667648006594,2,34.0,0.7573836705008328,7,1033.0,0.11919758588546557,1,7.0,0.6408858408511334,13,1103.0
3580.0,17,1278.0,22.03448275862069,6.087156797197682,4,49.0,0.0025256977893584444,2,44.0,0.7627056927807419,7,1068.0,0.1238041635664244,1,12.0,0.6384013388383251,14,1173.0
3585.0,13,1284.0,21.76271186440678,5.849444330961099,0,13.0,0.028969199518511877,3,55.0,0.6184802056623689,7,1103.0,0.11234300355786947,0,0.0,0.9344386723704972,10,1171.0
3590.0,17,1358.0,23.016949152542374,5.499539324970456,0,0.0,1.0,5,73.0,0.4308355403002832,7,1141.0,0.19389813043193543,0,0.0,0.9237341192767335,12,1214.0
3595.0,13,1354.0,22.949152542372882,5.806818140847077,0,0.0,1.0,0,0.0,0.5860813697519837,8,1179.0,0.22936838435095389,0,0.0,0.9550028520209517,8,1179.0
3600.0,15,1426.0,23.766666666666666,5.969233256568828,0,0.0,1.0,0,0.0,0.605526658120016,10,1226.0,0.09005947210368327,0,0.0,0.9753148616324002,10,1226.0
