step,system_total_stopped,system_total_waiting_time,system_mean_waiting_time,system_mean_speed,cluster_10564135163_13571629282_5146149679_stopped,cluster_10564135163_13571629282_5146149679_accumulated_waiting_time,cluster_10564135163_13571629282_5146149679_average_speed,cluster_10564135205_11749189839_3266988437_5129187741_#3more_stopped,cluster_10564135205_11749189839_3266988437_5129187741_#3more_accumulated_waiting_time,cluster_10564135205_11749189839_3266988437_5129187741_#3more_average_speed,cluster_10564135211_11749189838_12136544949_12136544951_#7more_stopped,cluster_10564135211_11749189838_12136544949_12136544951_#7more_accumulated_waiting_time,cluster_10564135211_11749189838_12136544949_12136544951_#7more_average_speed,cluster_10564135212_13571629279_13571629299_stopped,cluster_10564135212_13571629279_13571629299_accumulated_waiting_time,cluster_10564135212_13571629279_13571629299_average_speed,agents_total_stopped,agents_total_accumulated_waiting_time
0.0,0,0.0,0.0,0.0,0,0.0,1.0,0,0.0,1.0,0,0.0,1.0,0,0.0,1.0,0,0.0
5.0,0,0.0,0.0,11.243115733386931,0,0.0,1.0,0,0.0,0.9617071726398965,0,0.0,1.0,0,0.0,0.9698677302589769,0,0.0
10.0,0,0.0,0.0,9.104076641723324,0,0.0,1.0,0,0.0,0.9440313859973422,0,0.0,1.0,0,0.0,0.9559588181280034,0,0.0
15.0,0,0.0,0.0,9.4861860565139,0,0.0,1.0,0,0.0,0.9850864819093347,0,0.0,1.0,0,0.0,0.9882646913044674,0,0.0
20.0,0,0.0,0.0,9.437888078938773,0,0.0,1.0,0,0.0,0.9403538466267882,0,0.0,1.0,0,0.0,0.9604194280410471,0,0.0
25.0,1,1.0,0.09090909090909091,7.477093301462617,0,0.0,1.0,1,1.0,0.4930344061992688,0,0.0,0.30960817507350824,0,0.0,0.9812916543613066,1,1.0
30.0,3,12.0,0.9230769230769231,6.668611068487265,0,0.0,1.0,1,6.0,0.4793154583360805,2,6.0,0.00023058036330098807,0,0.0,0.9362510277766766,3,12.0
35.0,3,27.0,1.9285714285714286,6.609993327730001,0,0.0,1.0,1,11.0,0.46901810880745787,2,16.0,0.0,0,0.0,0.9807930206785185,3,27.0
40.0,3,42.0,2.4705882352941178,5.885032470660837,0,0.0,1.0,1,16.0,0.3279495615912842,2,26.0,0.0,0,0.0,0.9514716334179583,3,42.0
45.0,1,19.0,1.0555555555555556,6.850153493178336,0,0.0,1.0,0,0.0,0.9519238092740268,1,19.0,0.0,0,0.0,0.9322161344811468,1,19.0
50.0,1,24.0,1.2,8.117504493664025,0,0.0,1.0,0,0.0,0.9871895141071739,1,24.0,0.35717507525349834,0,0.0,0.9938139171985639,1,24.0
55.0,2,34.0,1.4782608695652173,8.746096377155354,0,0.0,1.0,0,0.0,1.0,2,39.0,0.5684634248156988,0,0.0,0.9896038332679828,2,39.0
60.0,3,46.0,2.0,8.347443396228112,0,0.0,1.0,0,0.0,0.9719386262055643,2,49.0,0.6424175136248943,0,0.0,0.9619020303716777,2,49.0
65.0,2,54.0,2.5714285714285716,7.342542960961496,0,0.0,1.0,0,0.0,0.7215070198189172,2,59.0,0.5271225665612544,0,0.0,0.9964397902948319,2,59.0
70.0,2,64.0,2.782608695652174,8.140728772479955,0,0.0,1.0,0,0.0,0.9799169569595086,2,69.0,0.4897122209198351,0,0.0,0.9448705239476313,2,69.0
75.0,3,76.0,3.04,8.169662495056853,0,0.0,1.0,0,0.0,0.6974266813053215,3,81.0,0.5438296934342474,0,0.0,0.9792136486241518,3,81.0
80.0,4,94.0,3.4814814814814814,6.573239983064813,0,0.0,1.0,1,3.0,0.4666852697156732,3,96.0,0.5187255897039915,0,0.0,0.4790273187430782,4,99.0
85.0,6,120.0,4.137931034482759,6.158486660147553,0,0.0,1.0,1,8.0,0.5841453338483339,5,117.0,0.3245635378916892,0,0.0,0.9577702365309281,6,125.0
90.0,7,155.0,5.344827586206897,6.062796830020437,0,0.0,1.0,1,13.0,0.6158164126113476,6,150.0,0.14877019644526637,0,0.0,0.9616096791558006,7,163.0
95.0,11,199.0,6.419354838709677,5.7105080152497845,0,0.0,1.0,2,20.0,0.24415059011738854,9,187.0,0.0007413401561518223,0,0.0,0.9348672610510209,11,207.0
100.0,12,259.0,8.633333333333333,6.097772507572007,0,0.0,1.0,3,35.0,0.23736865083763445,9,232.0,0.028157274676180465,0,0.0,0.9292915385276292,12,267.0
105.0,11,309.0,10.3,5.8276922814863825,0,0.0,1.0,2,40.0,0.3139959225615495,9,277.0,0.08649094161005248,0,0.0,0.9222748916894162,11,317.0
110.0,10,329.0,9.4,5.581740149878212,0,0.0,0.9016333749484067,2,50.0,0.030579626391292126,8,303.0,0.00762555101429516,0,0.0,0.9339191880005177,10,353.0
115.0,11,383.0,11.264705882352942,5.975096532330066,0,0.0,1.0,3,64.0,0.16800427848307395,8,331.0,0.11088732240787794,0,0.0,0.8954817038807962,11,395.0
120.0,12,440.0,12.222222222222221,6.224202874079524,0,0.0,1.0,3,79.0,0.38395072225363747,8,371.0,0.10323366217700447,1,2.0,0.359442534158353,12,452.0
125.0,13,504.0,14.0,6.191179832297696,0,0.0,1.0,3,94.0,0.553746400531928,8,411.0,0.12035764056705482,2,11.0,0.3111886459227658,13,516.0
130.0,5,123.0,3.324324324324324,5.928354224480666,0,0.0,1.0,3,109.0,0.4608049364945385,1,82.0,0.2394963180105748,1,12.0,0.5766568108581153,5,203.0
135.0,5,144.0,3.789473684210526,6.68807040095007,0,9.0,0.5753052878186697,3,130.0,0.3193700924313215,0,5.0,0.717798680903387,2,20.0,0.269308330049149,5,164.0
140.0,5,169.0,4.333333333333333,7.816668724549606,0,0.0,1.0,3,148.0,0.5125792556022268,0,0.0,0.9455794468132344,2,30.0,0.2614006053879686,5,178.0
145.0,9,199.0,4.738095238095238,7.903350602763889,0,0.0,1.0,5,165.0,0.4944762395935434,0,0.0,0.8070678534797558,4,43.0,0.30307248092073286,9,208.0
150.0,8,235.0,5.465116279069767,6.938984327848615,0,0.0,1.0,4,185.0,0.47697434505177744,1,1.0,0.5988533768667382,3,58.0,0.2228306834659274,8,244.0
155.0,8,274.0,6.088888888888889,7.506258033466105,0,0.0,1.0,4,205.0,0.5079915385049826,0,0.0,0.7720891905992519,4,78.0,0.280161923389091,8,283.0
160.0,6,221.0,4.911111111111111,7.525082457303337,0,0.0,1.0,5,228.0,0.47734072413891815,1,4.0,0.4614899929900824,0,17.0,0.6497593141790576,6,249.0
165.0,9,260.0,5.777777777777778,6.568845875248553,0,0.0,1.0,6,257.0,0.2855375330678972,3,23.0,0.16021905267260234,0,0.0,0.9717192334334451,9,280.0
170.0,6,39.0,0.8297872340425532,5.485338843408315,0,0.0,1.0,0,38.0,0.2076591655093382,6,48.0,0.13896017750796544,0,0.0,0.950898580105471,6,86.0
175.0,2,18.0,0.375,6.102279290250365,0,0.0,1.0,0,0.0,0.8877918894471221,1,33.0,0.29821410618026195,0,0.0,0.981282960128878,1,33.0
180.0,5,34.0,0.6938775510204082,7.517786620913986,0,0.0,1.0,0,3.0,0.7986502847489257,3,30.0,0.5188333793646714,0,0.0,0.9343698076707161,3,33.0
185.0,5,59.0,1.2040816326530612,9.070957595166899,0,0.0,1.0,0,6.0,0.9489761816928842,2,40.0,0.7208435128001498,0,0.0,0.9716893784037705,2,46.0
190.0,8,71.0,1.392156862745098,8.372295119697775,0,0.0,1.0,1,8.0,0.7980100271155861,2,50.0,0.7563387502655704,0,0.0,0.9673885718647363,3,58.0
195.0,7,105.0,2.142857142857143,7.912634080894031,0,0.0,1.0,1,10.0,0.8111339324476069,2,57.0,0.6235190253860825,0,0.0,0.9540328186339296,3,67.0
200.0,7,103.0,2.1020408163265305,8.029357524000536,0,0.0,1.0,1,15.0,0.8312717738751342,4,74.0,0.5786332433641506,0,0.0,0.9378525614990246,5,89.0
205.0,7,109.0,2.369565217391304,6.971773961946357,0,0.0,1.0,1,20.0,0.7942651982310031,6,98.0,0.2564808159737912,0,0.0,0.7795862628884079,7,118.0
210.0,12,159.0,3.6136363636363638,6.058447063107198,0,0.0,1.0,3,31.0,0.4418033143159604,8,132.0,0.10827595226617624,1,5.0,0.5850019045588711,12,168.0
215.0,9,168.0,3.7333333333333334,5.719004976356933,0,0.0,1.0,4,51.0,0.16345719421779753,3,143.0,0.26049193977316065,2,12.0,0.3272566745445162,9,206.0
220.0,12,220.0,4.583333333333333,5.607289813390618,0,6.0,0.5625600949405204,6,77.0,0.10800447173927188,4,156.0,0.38081361587655077,2,22.0,0.17446501032918219,12,261.0
225.0,12,254.0,5.404255319148936,6.460366981690273,0,0.0,0.7117792318308713,7,114.0,0.18648342016346026,5,178.0,0.2642951432203496,0,0.0,0.5324209414469881,12,292.0
230.0,9,178.0,3.7083333333333335,6.402241590092575,3,5.0,0.0017507569458865945,0,17.0,0.6597185042057315,6,209.0,0.22384745104095444,0,0.0,0.8992864572417931,9,231.0
235.0,8,134.0,2.5283018867924527,6.707207165932954,3,20.0,0.0,0,3.0,0.9709140817715914,5,161.0,0.10579182302454795,0,0.0,0.9741142286972355,8,184.0
240.0,9,166.0,3.018181818181818,7.650629943399659,3,35.0,0.0,0,6.0,0.9656702892794754,6,140.0,0.38393177786556515,0,0.0,0.987423276755211,9,181.0
245.0,9,211.0,3.981132075471698,7.245793762345387,3,50.0,0.0,0,10.0,0.8794418579790583,6,167.0,0.3145051536281873,0,0.0,0.6103319588208287,9,227.0
250.0,7,195.0,3.823529411764706,7.370754493647484,0,0.0,1.0,0,6.0,0.883771201909676,6,194.0,0.3827326717679096,1,4.0,0.49476258092805125,7,204.0
255.0,5,172.0,3.2452830188679247,7.72957482612883,0,0.0,1.0,1,6.0,0.6964449704195185,3,163.0,0.5638408295913038,1,9.0,0.5926038757998507,5,178.0
260.0,7,203.0,3.980392156862745,7.731485665363093,0,0.0,1.0,2,22.0,0.5212256465530405,3,178.0,0.6005501807439693,2,15.0,0.32547046201713464,7,215.0
265.0,6,215.0,4.3,8.263110693112257,0,0.0,0.9521460121454438,3,34.0,0.6148349527962679,3,190.0,0.6013634030358654,0,0.0,0.9892221260939126,6,224.0
270.0,7,246.0,4.92,8.441116608870015,0,0.0,0.9451332146949288,3,46.0,0.477562646304113,4,212.0,0.446098265578264,0,0.0,0.943701983769768,7,258.0
275.0,11,285.0,5.7,6.96471606900123,1,1.0,0.0014093963951714872,4,62.0,0.4198407457121938,6,234.0,0.23621661678392913,0,0.0,0.9409570936456596,11,297.0
280.0,14,351.0,7.163265306122449,6.7156062412903825,1,6.0,0.0,4,82.0,0.48223612704072705,9,275.0,0.15762493026575536,0,0.0,0.917487189480278,14,363.0
285.0,16,431.0,8.979166666666666,6.397787873022632,1,11.0,0.0,4,99.0,0.479412328951574,10,325.0,0.2121247824496964,0,0.0,0.9597801439310044,15,435.0
290.0,16,503.0,9.862745098039216,6.2892135679757155,1,16.0,0.0,5,118.0,0.3667761280609495,10,375.0,0.20978627237127384,0,0.0,0.9310678367181567,16,509.0
295.0,16,558.0,11.16,5.465054045777237,1,21.0,0.0,6,144.0,0.13703750282620566,9,402.0,0.19441349099126162,0,0.0,0.9516984070489423,16,567.0
300.0,19,642.0,12.84,4.770367649483285,1,26.0,0.0,6,176.0,0.29070109334769095,12,453.0,0.1864713103787268,0,0.0,0.48229010697648117,19,655.0
305.0,21,745.0,14.9,4.700148660035053,1,31.0,0.0,6,206.0,0.3266866482402952,13,517.0,0.1271688697766118,1,4.0,0.4938516545979421,21,758.0
310.0,25,861.0,16.557692307692307,4.420462725634206,1,36.0,0.0,7,238.0,0.3503558203494508,15,587.0,0.06020887076783242,1,9.0,0.6596873642651712,24,870.0
315.0,12,482.0,9.26923076923077,4.542677938947884,1,41.0,0.0,4,150.0,0.27421785588396036,7,440.0,0.10576694377507807,0,0.0,0.9772582246449015,12,631.0
320.0,10,480.0,9.23076923076923,6.101086501823877,1,52.0,0.43009933948596607,2,33.0,0.5029758264424553,7,427.0,0.22162724576089823,0,0.0,0.9403375353435878,10,512.0
325.0,11,530.0,9.636363636363637,6.744172117312312,1,60.0,0.16360360499514343,3,32.0,0.5616731196064928,7,462.0,0.11205810816385871,0,0.0,0.9501376373390213,11,554.0
330.0,13,594.0,10.607142857142858,6.588416496273084,3,74.0,0.05177509499616939,3,47.0,0.5722465386473564,7,497.0,0.20722972067558335,0,0.0,0.9731968617278772,13,618.0
335.0,14,636.0,11.357142857142858,5.417352770123464,4,93.0,0.009587184476653118,1,27.0,0.812680877544646,7,532.0,0.24373099347606786,0,0.0,0.91528621124638,12,652.0
340.0,17,704.0,12.8,5.670644471409596,6,120.0,0.0017035255975163981,1,32.0,0.8369117153094097,8,568.0,0.18922791193819039,0,0.0,0.9417053262036007,15,720.0
345.0,11,644.0,11.298245614035087,6.1109546641737476,1,32.0,0.021253994244855967,1,34.0,0.8307225016892574,8,614.0,0.30180754029530044,0,0.0,0.9764951593479761,10,680.0
350.0,9,678.0,12.107142857142858,6.041396705156943,0,8.0,0.19941467824319511,1,33.0,0.7165590520732508,8,654.0,0.23545714979256652,0,0.0,0.8049964600957374,9,695.0
355.0,10,713.0,12.508771929824562,6.718329307631777,0,0.0,1.0,2,40.0,0.5265949513692074,7,675.0,0.3494672202639922,1,4.0,0.6274328397941805,10,719.0
360.0,9,754.0,13.464285714285714,6.758020010396358,0,0.0,1.0,2,53.0,0.43045819055084805,7,707.0,0.2849461011289786,0,0.0,0.5589910239463367,9,760.0
365.0,10,804.0,14.105263157894736,7.193236147594525,0,0.0,1.0,3,68.0,0.47094513126597387,7,746.0,0.37148310351604413,0,0.0,0.9462277586847495,10,814.0
370.0,11,855.0,15.0,7.289951091054188,0,0.0,1.0,4,84.0,0.4716859281302907,7,778.0,0.34636892385140516,0,0.0,0.9970472172767411,11,862.0
375.0,9,501.0,10.02,6.449912264594778,0,0.0,1.0,1,61.0,0.8122517653253326,6,618.0,0.31332184347272696,0,0.0,0.997862289799224,7,679.0
380.0,3,75.0,1.4705882352941178,7.763181316549449,0,0.0,1.0,1,66.0,0.6763649491408444,2,315.0,0.3689137162966806,0,0.0,0.9644521755942401,3,381.0
385.0,5,96.0,1.8823529411764706,7.829976056477715,0,0.0,1.0,2,75.0,0.6677147117448377,2,171.0,0.5344169573564638,0,0.0,0.9824739051280791,4,246.0
390.0,9,133.0,2.607843137254902,7.214557235101629,0,0.0,1.0,3,83.0,0.4800297907172235,5,50.0,0.4082819456304841,0,0.0,0.9530613853760771,8,133.0
395.0,9,178.0,3.4901960784313726,7.16269884753556,0,0.0,1.0,3,98.0,0.47262270539261003,5,75.0,0.39587586629600907,0,0.0,0.9519079773585323,8,173.0
400.0,12,229.0,4.2407407407407405,6.329799851513464,0,0.0,1.0,3,113.0,0.3925015900334191,6,101.0,0.291107868135676,0,0.0,0.46070752403247295,9,214.0
405.0,17,306.0,5.773584905660377,5.457026684532134,0,0.0,1.0,3,128.0,0.1983379490383515,7,135.0,0.2887827691273568,0,0.0,0.9602723515935104,10,263.0
410.0,17,344.0,6.490566037735849,5.046006448039591,0,0.0,1.0,1,97.0,0.3500476706499893,8,176.0,0.20667758746871182,0,0.0,0.9458245982187592,9,273.0
415.0,14,295.0,5.363636363636363,4.994470011183113,0,0.0,1.0,1,98.0,0.5829924379727824,3,106.0,0.21678561230320686,0,0.0,0.9855298157520693,4,204.0
420.0,13,324.0,5.684210526315789,5.736236953856616,0,3.0,0.612648022196213,2,110.0,0.5585643055869548,2,75.0,0.39950158549884524,0,0.0,0.9669571709923663,4,188.0
425.0,14,390.0,7.090909090909091,6.282881444778185,0,9.0,0.3078238168939626,2,130.0,0.6736173383815308,2,64.0,0.44869682314534454,0,0.0,0.947101776157446,4,203.0
430.0,17,460.0,8.518518518518519,5.342849783142949,3,21.0,0.03990394311845912,2,128.0,0.6457031104882217,2,74.0,0.5163370298877241,0,0.0,0.9889715096355708,7,223.0
435.0,11,338.0,5.9298245614035086,5.773410317002652,0,0.0,0.03376160310789275,2,130.0,0.6400197951900989,0,20.0,0.7740135011011869,0,0.0,0.9542990715892206,2,150.0
440.0,5,202.0,4.04,6.51212796540904,0,0.0,1.0,2,140.0,0.6433535692860578,0,6.0,0.9083241188629971,0,0.0,0.5199549192535101,2,146.0
445.0,7,157.0,3.14,6.835702272546557,0,0.0,1.0,2,147.0,0.5896971021818636,0,6.0,0.8308096971745081,1,5.0,0.4841521906289931,3,158.0
450.0,10,190.0,3.6538461538461537,6.387552887899345,0,0.0,1.0,2,160.0,0.3945745705895133,2,12.0,0.5445155641760789,1,10.0,0.4949035389147188,5,182.0
455.0,11,218.0,3.963636363636364,6.811957247832351,0,0.0,1.0,2,170.0,0.4905304016046195,3,25.0,0.5493336016251399,1,15.0,0.5533562093272147,6,210.0
460.0,9,218.0,4.113207547169812,6.243316601234897,0,0.0,1.0,2,177.0,0.31904061721708443,2,26.0,0.5580897743673897,0,0.0,0.9437196390450735,4,203.0
465.0,6,210.0,4.2,6.613770165609227,0,0.0,1.0,3,190.0,0.2429229875981304,2,22.0,0.6306458960794378,0,0.0,0.9606488265811184,5,212.0
470.0,6,231.0,4.529411764705882,7.5014300859406875,0,0.0,1.0,3,229.0,0.6226731735149363,3,29.0,0.39762825328233875,0,0.0,0.9395763227956601,6,258.0
475.0,6,205.0,4.1,7.2376161190709265,0,0.0,1.0,2,184.0,0.657270795690021,3,91.0,0.328855853845159,0,0.0,0.9710459131647772,5,275.0
480.0,8,205.0,4.270833333333333,6.259007245829818,0,0.0,0.04172332165019816,2,170.0,0.578541790514231,5,121.0,0.09086671671942749,0,0.0,0.9484946254379323,7,291.0
485.0,12,258.0,5.16,6.292445155055434,1,8.0,0.2376246512668479,2,214.0,0.6347826843979211,7,154.0,0.16349101938257865,0,0.0,0.9710600784634247,10,376.0
490.0,15,327.0,6.54,5.774471401361043,2,16.0,5.270049444983757e-05,3,226.0,0.5678431920928886,8,193.0,0.18640946557845361,0,0.0,0.8295368517708743,13,435.0
495.0,12,346.0,7.061224489795919,5.416365203331778,2,26.0,0.0,1,180.0,0.6507307614966953,8,233.0,0.17979844002462173,1,2.0,0.4929409973815711,12,441.0
500.0,10,313.0,6.26,6.707675869699659,0,0.0,1.0,2,190.0,0.5231078473642076,6,236.0,0.2181814454522846,1,7.0,0.4635504960673574,9,433.0
505.0,9,288.0,5.538461538461538,7.566711763196245,0,3.0,0.9099234987841918,4,204.0,0.32652631421154726,3,159.0,0.5050051225033918,2,12.0,0.32056391541297263,9,378.0
510.0,7,290.0,5.8,7.755458696818955,0,0.0,1.0,5,227.0,0.4161338044139089,2,65.0,0.5892623774459526,0,0.0,0.6298300818662296,7,292.0
515.0,4,272.0,5.333333333333333,7.9360740842127,0,0.0,1.0,2,217.0,0.4375476020439831,2,55.0,0.5034882509386143,0,0.0,0.7481093826964742,4,272.0
520.0,1,203.0,4.06,8.636161332336831,0,0.0,1.0,1,203.0,0.7142932648927715,0,3.0,0.9648336758471999,0,0.0,0.9475918079566507,1,206.0
525.0,2,210.0,4.117647058823529,8.947127494414165,0,2.0,0.9336443841562033,2,213.0,0.5692035443141807,0,6.0,0.9718457418656052,0,0.0,0.9353394647004434,2,221.0
530.0,4,222.0,4.269230769230769,8.903348557735372,1,4.0,0.4707399890041046,2,223.0,0.7162586407220066,0,6.0,0.9502350752528221,0,0.0,0.9653424315567949,3,233.0
535.0,3,225.0,4.591836734693878,7.2866854752751795,2,10.0,0.3652218781513838,1,221.0,0.7830968153995591,0,3.0,0.9246601724952507,0,0.0,0.5194181963013894,3,234.0
540.0,7,252.0,5.25,6.593474454860943,3,22.0,0.01911746161591795,1,226.0,0.7631392820646928,0,3.0,0.9561497873105101,1,3.0,0.48365606150806356,5,254.0
545.0,9,295.0,5.9,6.923332122363379,3,37.0,0.0030397444388051598,1,231.0,0.8287299980010181,0,6.0,0.946857260633244,1,8.0,0.7310767623347533,5,282.0
550.0,9,324.0,6.612244897959184,6.765042708314101,4,56.0,0.0006299147255919232,1,236.0,0.8319560385983911,0,3.0,0.8072708189095925,1,13.0,0.6081798395302291,6,308.0
555.0,10,105.0,2.1875,6.658566731090339,4,76.0,8.178356579489456e-05,0,0.0,0.6357827741651564,2,7.0,0.47124915751258234,2,20.0,0.487717184717192,8,103.0
560.0,9,68.0,1.3333333333333333,7.023117785094091,0,13.0,0.02349919398273667,3,67.0,0.49821844023004175,1,14.0,0.734175586843008,2,30.0,0.38252469189920485,6,124.0
565.0,13,121.0,2.326923076923077,6.694429863876765,0,3.0,0.9330492183883892,5,87.0,0.23367520438027506,1,16.0,0.7309405147389061,3,42.0,0.2774317854900815,9,148.0
570.0,13,146.0,2.8627450980392157,6.74859687417199,0,0.0,0.9961499507677994,7,120.0,0.23239836983993228,1,18.0,0.7364252393697571,3,57.0,0.17433850902596357,11,195.0
575.0,13,204.0,3.923076923076923,7.217383947547575,0,0.0,1.0,7,155.0,0.26667910962601693,1,23.0,0.6094189924754903,4,76.0,0.19971763912221815,12,254.0
580.0,15,272.0,5.132075471698113,6.213543796054094,0,0.0,1.0,9,193.0,0.058854147497556346,1,28.0,0.714405942187199,4,96.0,0.18936346386430306,14,317.0
585.0,17,350.0,6.730769230769231,5.606609158000987,0,0.0,1.0,9,238.0,0.0599243711952739,3,36.0,0.3732480660067892,4,116.0,0.23763223450824786,16,390.0
590.0,18,436.0,9.083333333333334,4.725812538526394,0,0.0,1.0,9,283.0,0.08650563353555676,4,52.0,0.0018439043171836905,4,136.0,0.1651363306166925,17,471.0
595.0,16,408.0,8.5,4.641265028293294,0,0.0,1.0,8,264.0,0.17805930570186906,4,72.0,0.0,4,156.0,0.23820501292355933,16,492.0
600.0,7,200.0,4.166666666666667,5.832233235115253,0,0.0,1.0,5,193.0,0.2847665101896359,2,28.0,0.3036590610312424,0,30.0,0.563185052464039,7,251.0
605.0,7,235.0,5.108695652173913,6.865107961869308,0,3.0,0.9182827504444495,5,201.0,0.235023059458633,2,50.0,0.5303828565572323,0,0.0,0.8410598481567887,7,254.0
610.0,10,279.0,5.8125,6.1119341624813055,1,5.0,0.007822098549193522,6,231.0,0.22791724497970492,3,62.0,0.2929757899557746,0,0.0,0.9399296468953827,10,298.0
615.0,7,85.0,1.7,6.5636884463471805,1,10.0,1.0264467724278115e-05,0,23.0,0.6055132472058978,6,90.0,0.32648023941995086,0,0.0,0.9459003935402591,7,123.0
620.0,9,115.0,2.2115384615384617,7.053986742657206,0,0.0,1.0,0,0.0,0.8830745833722309,8,129.0,0.39869439284775776,1,1.0,0.729520343567378,9,130.0
625.0,2,19.0,0.36538461538461536,7.38269851086066,0,0.0,1.0,0,0.0,0.9512999974123653,1,39.0,0.666452700236672,1,6.0,0.7205143641413386,2,45.0
630.0,4,34.0,0.6666666666666666,7.264640925296586,0,0.0,1.0,0,9.0,0.6885124788293148,2,34.0,0.7711828025711509,2,12.0,0.4812845534584211,4,55.0
635.0,5,56.0,1.0566037735849056,7.859413735079914,0,0.0,0.9018022885417635,0,9.0,0.8844774831765859,2,41.0,0.7317047476696299,3,24.0,0.361309500883519,5,74.0
640.0,6,86.0,1.6226415094339623,7.919287286421583,0,0.0,1.0,0,9.0,0.9458186782854999,2,51.0,0.7208181159920264,3,39.0,0.21472398166266665,5,99.0
645.0,0,0.0,0.0,7.765202803439819,0,0.0,1.0,0,6.0,0.863692928936758,0,24.0,0.822762898077583,0,11.0,0.5460639360332112,0,41.0
650.0,2,3.0,0.058823529411764705,8.350588915758433,0,0.0,1.0,1,8.0,0.6674591869363163,0,13.0,0.6992886706921003,0,0.0,0.9634120273089841,1,21.0
655.0,12,44.0,0.88,7.290211312440254,0,0.0,1.0,2,16.0,0.7330186540016451,7,34.0,0.18020327247227222,0,0.0,0.9402936152875389,9,50.0
660.0,14,109.0,2.1372549019607843,5.972912036378549,0,0.0,1.0,4,31.0,0.3644197737592792,7,69.0,0.10782976698103146,0,0.0,0.9355216629601942,11,100.0
665.0,8,64.0,1.3617021276595744,4.879605832689018,0,0.0,1.0,4,38.0,0.16604800986449328,0,11.0,0.16805053232906092,0,0.0,0.9975609300134586,4,49.0
670.0,6,67.0,1.34,6.942264870182183,0,6.0,0.5835623580635857,4,61.0,0.35201958695844837,0,0.0,1.0,0,0.0,0.9734266717548514,4,67.0
675.0,9,105.0,2.142857142857143,7.540951070081366,0,0.0,0.8335874831344696,7,92.0,0.33808002389569475,0,0.0,0.9654017905030171,0,0.0,0.9869623011159679,7,92.0
680.0,10,150.0,2.9411764705882355,6.992020438888246,0,0.0,1.0,7,126.0,0.39885352460692514,0,0.0,0.937006533601946,0,0.0,0.9626403417231753,7,126.0
685.0,14,207.0,3.8333333333333335,6.153178559900126,0,0.0,1.0,8,161.0,0.36930676179827765,0,0.0,0.5970308765116961,0,0.0,0.9619040007455432,8,161.0
690.0,12,202.0,3.740740740740741,6.035792820553933,0,0.0,1.0,8,198.0,0.37352938583732775,1,5.0,0.39580299978376704,0,0.0,0.9325722133704917,9,203.0
695.0,10,239.0,4.509433962264151,6.77028681181964,0,0.0,1.0,8,238.0,0.39181806425547655,2,14.0,0.12879260490648894,0,0.0,0.9439017145948922,10,252.0
700.0,11,291.0,5.82,6.259866733301904,0,0.0,1.0,8,278.0,0.27450908151705755,3,26.0,0.19342152831820122,0,0.0,0.6856269997648087,11,304.0
705.0,12,347.0,6.673076923076923,5.956244243143423,0,0.0,1.0,8,318.0,0.20295623083543685,3,38.0,0.23363831013135128,1,4.0,0.6711892921973025,12,360.0
710.0,14,410.0,7.884615384615385,5.832938682444366,0,0.0,1.0,10,362.0,0.183692166177698,3,53.0,0.22557372578481166,1,9.0,0.4938267203865819,14,424.0
715.0,8,98.0,1.8846153846153846,5.951241607140924,0,0.0,1.0,3,111.0,0.19747662739772848,3,68.0,0.31067229661222695,2,19.0,0.4705969637737097,8,198.0
720.0,8,125.0,2.358490566037736,6.283428515351644,0,0.0,1.0,1,24.0,0.3620462158686725,4,86.0,0.3172678856179107,2,29.0,0.4821676992506771,7,139.0
725.0,9,169.0,3.017857142857143,6.759952216062383,0,0.0,1.0,1,11.0,0.49043323794175214,4,115.0,0.5248228233140302,2,39.0,0.416448947543684,7,165.0
730.0,11,221.0,4.169811320754717,7.112418142136744,0,0.0,1.0,2,21.0,0.31860107209825594,4,135.0,0.5406949542516242,3,51.0,0.37906653808875085,9,207.0
735.0,11,252.0,4.754716981132075,6.878246584117242,0,0.0,1.0,0,0.0,0.9725653929675407,4,155.0,0.4857507867232781,4,68.0,0.19252440054596218,8,223.0
740.0,10,259.0,4.543859649122807,6.99316201055231,0,0.0,1.0,0,0.0,0.9051343477937126,5,180.0,0.483017391390549,5,88.0,0.08483406349273533,10,268.0
745.0,8,202.0,3.8846153846153846,6.981947657940699,0,0.0,1.0,1,2.0,0.6419963021112226,3,144.0,0.585024038655242,4,108.0,0.1905456607784707,8,254.0
750.0,9,243.0,4.86,7.373248264253102,0,0.0,1.0,1,14.0,0.6220256868724411,4,132.0,0.5240533732991757,4,128.0,0.34426092602638797,9,274.0
755.0,7,147.0,3.2666666666666666,6.578239144357618,0,0.0,1.0,2,22.0,0.3671585055514543,5,138.0,0.2007682195764763,0,29.0,0.631596328538433,7,189.0
760.0,11,172.0,3.739130434782609,6.153257553785176,0,0.0,1.0,1,3.0,0.1833852254589787,7,177.0,0.18894951074428135,1,28.0,0.7464974471979984,9,208.0
765.0,12,217.0,4.617021276595745,5.806624605938803,0,0.0,1.0,1,8.0,0.4383623709026558,10,254.0,0.1734132655793658,1,33.0,0.595083895837783,12,295.0
770.0,16,288.0,6.260869565217392,5.041708357525173,0,0.0,1.0,1,13.0,0.48075632550633574,13,315.0,0.15642470370773134,2,42.0,0.4786244545496731,16,370.0
775.0,20,374.0,7.48,5.13666453097433,0,0.0,1.0,1,18.0,0.7203914152581379,15,389.0,0.16616989478940317,3,52.0,0.1976574314813426,19,459.0
780.0,22,475.0,9.693877551020408,4.9215357465297025,0,0.0,1.0,1,23.0,0.6166868843479927,17,470.0,0.17587461043413014,3,67.0,0.11595536934000043,21,560.0
785.0,21,530.0,11.27659574468085,5.260735297253138,0,0.0,1.0,2,29.0,0.477090402072723,16,505.0,0.22124676453683792,3,82.0,0.20475369219385628,21,616.0
790.0,20,597.0,12.4375,5.3579173839134775,0,0.0,1.0,0,0.0,0.8666758294495036,17,583.0,0.17293934838497596,3,97.0,0.24952126384216025,20,680.0
795.0,23,700.0,13.72549019607843,4.712842929587268,0,0.0,1.0,1,1.0,0.3751743503706101,18,671.0,0.10013598071401784,3,112.0,0.28093941321099936,22,784.0
800.0,25,818.0,15.433962264150944,4.621829537843326,0,0.0,1.0,1,6.0,0.5483900924445025,18,761.0,0.08396772339663024,3,127.0,0.3680118076088875,22,894.0
805.0,26,879.0,16.58490566037736,4.4119817759946445,0,0.0,1.0,1,11.0,0.7225981559835423,17,793.0,0.0882960521617463,3,142.0,0.19870408350426388,21,946.0
810.0,26,960.0,17.77777777777778,4.477252141683871,0,0.0,1.0,0,0.0,0.4118594800642159,18,803.0,0.028529192389766117,4,161.0,0.3151201087236989,22,964.0
815.0,24,1052.0,19.12727272727273,4.804453583332495,0,0.0,0.8929136392783988,1,5.0,0.4404623913232203,18,893.0,0.05121292888344307,4,181.0,0.3519414714594067,23,1079.0
820.0,24,1151.0,21.314814814814813,5.5747830259346305,0,0.0,1.0,2,15.0,0.5742532212516029,18,986.0,0.09086598820930825,4,201.0,0.38690337184198526,24,1202.0
825.0,27,1280.0,23.703703703703702,5.173249415497954,0,0.0,1.0,3,26.0,0.41086316167269094,19,1081.0,0.09391298433274814,5,224.0,0.2316340460777377,27,1331.0
830.0,12,456.0,8.142857142857142,5.038108566134995,0,0.0,1.0,0,6.0,0.45873964913760606,7,655.0,0.14555953222570245,5,227.0,0.1373813087128438,12,888.0
835.0,1,3.0,0.05263157894736842,7.0028689756975036,0,3.0,0.6335030038132843,1,9.0,0.5417402895220637,0,207.0,0.435552184512304,0,64.0,0.3402514366121936,1,283.0
840.0,3,10.0,0.17543859649122806,8.110397318454094,2,11.0,0.23171029437542054,1,17.0,0.7458615912389867,0,65.0,0.68691222628689,0,0.0,0.8580062246765432,3,93.0
845.0,6,32.0,0.5818181818181818,7.3708599689267364,4,26.0,0.05236855328702306,1,22.0,0.8090358438864268,0,28.0,0.7016836009926426,0,0.0,0.9421465403967669,5,76.0
850.0,9,69.0,1.1896551724137931,6.320500323051196,5,47.0,0.03299220735730067,1,27.0,0.7331975304212698,1,8.0,0.3049138922942266,0,0.0,0.9330486422671124,7,82.0
855.0,15,135.0,2.3684210526315788,6.439196197100176,7,80.0,0.011461702781518453,2,36.0,0.7699543786357793,3,20.0,0.2298282670520195,0,0.0,0.9335821795207088,12,136.0
860.0,20,213.0,3.6724137931034484,5.747828244334443,10,124.0,0.003341296165286108,3,44.0,0.7180756184386256,2,27.0,0.32701191143165076,1,1.0,0.485284395041424,16,196.0
865.0,21,312.0,5.379310344827586,5.555646483827037,11,176.0,0.0009037215818606149,3,58.0,0.5701244533034231,2,37.0,0.3214844685788663,1,6.0,0.661417050947097,17,277.0
870.0,19,346.0,5.864406779661017,5.40735598951646,11,231.0,0.0001720721171046278,5,80.0,0.3709166931630049,2,44.0,0.3165511503927206,1,11.0,0.6253382829905672,19,366.0
875.0,21,449.0,7.483333333333333,5.362263140425191,11,286.0,2.6680635271237892e-05,7,113.0,0.180046565411656,2,54.0,0.3053978730401245,1,16.0,0.6399856020749578,21,469.0
880.0,21,473.0,7.883333333333334,5.31162859967369,11,341.0,9.30380683015165e-06,10,154.0,0.13123184317721104,0,28.0,0.48810158246123914,0,0.0,0.9404027120712144,21,523.0
885.0,27,592.0,9.704918032786885,4.621536259663673,11,396.0,0.0,13,210.0,0.019701103654847438,0,3.0,0.824390959041158,0,0.0,0.9664151674909072,24,609.0
890.0,32,747.0,12.048387096774194,4.528370050352774,11,451.0,0.0,16,290.0,0.03275180237015194,2,8.0,0.5984282324901055,0,0.0,0.9389329649830871,29,749.0
895.0,22,636.0,10.258064516129032,4.829382983850121,11,506.0,0.0,6,155.0,0.15267962535191634,2,18.0,0.5968238221852492,0,0.0,0.9282530610382376,19,679.0
900.0,13,347.0,5.507936507936508,5.401031010123021,5,369.0,0.012580780024719407,3,108.0,0.36065866141802494,3,29.0,0.23761743317186154,0,0.0,0.9774255370648829,11,506.0
905.0,10,160.0,2.4242424242424243,6.172791836441953,0,223.0,0.11516090681418877,3,88.0,0.2828800060910202,6,62.0,0.3789650654989535,0,0.0,0.9702085428105535,9,373.0
910.0,11,188.0,2.8484848484848486,7.136829819210917,0,83.0,0.38156417789119645,5,110.0,0.2719434183075232,6,92.0,0.4695571946899976,0,0.0,0.9570422033699244,11,285.0
915.0,13,246.0,3.727272727272727,7.6187310251314875,0,0.0,1.0,5,135.0,0.30523926969088133,7,124.0,0.40414688906590474,0,0.0,0.9397986723422223,12,259.0
920.0,6,59.0,0.8939393939393939,8.062166662704072,0,0.0,1.0,2,65.0,0.44828001697924336,2,87.0,0.6164773153707054,1,1.0,0.6579554871329595,5,153.0
925.0,5,57.0,0.9344262295081968,8.621168786731657,0,3.0,0.9348294635382526,1,5.0,0.5633671069395451,3,82.0,0.6384965991738836,1,6.0,0.5001147456038372,5,96.0
930.0,6,86.0,1.4827586206896552,8.699654255537862,0,0.0,0.7643859563424007,1,16.0,0.7915683194656525,3,96.0,0.45228303407203424,2,15.0,0.3233391842708353,6,127.0
935.0,8,104.0,1.9622641509433962,7.740749140108548,2,5.0,0.28971180039755545,1,21.0,0.8264536057568305,5,119.0,0.28077393855912386,0,0.0,0.9507150462276488,8,145.0
940.0,8,105.0,2.142857142857143,6.553078014231807,3,17.0,0.012447871690227433,0,16.0,0.8021303479633061,4,104.0,0.3281352139256876,0,0.0,0.9558023610768775,7,137.0
945.0,9,130.0,2.6530612244897958,7.172016543062571,3,32.0,0.003832946505420821,0,19.0,0.9534549218619148,5,102.0,0.3537481503546968,0,0.0,0.9823210973179327,8,153.0
950.0,9,173.0,3.6041666666666665,7.7576275065425415,4,52.0,0.0009324305186288389,0,9.0,0.8619321266909516,5,126.0,0.47845152683273157,0,0.0,0.9545798718173198,9,187.0
955.0,11,223.0,4.74468085106383,6.8609685611702655,4,72.0,0.00012323564274988326,1,10.0,0.8328152490342683,5,142.0,0.3592624552391969,0,0.0,0.9747877423836863,10,224.0
960.0,7,218.0,4.739130434782608,6.899872373244297,4,92.0,3.0623350335177306e-05,1,15.0,0.5818878115001598,2,120.0,0.5485498179398608,0,0.0,0.9613268870417706,7,227.0
965.0,10,264.0,6.1395348837209305,6.821261781124573,4,112.0,6.0843178574034395e-06,4,37.0,0.471473851840903,2,130.0,0.4795140932519849,0,0.0,0.9641927351191716,10,279.0
970.0,7,183.0,4.159090909090909,6.70663393365032,0,27.0,0.10004228800015033,5,58.0,0.4143178843951846,2,140.0,0.4797859048186527,0,0.0,0.9437968991742357,7,225.0
975.0,9,228.0,5.3023255813953485,6.618930828086951,0,24.0,0.3081841689790058,7,93.0,0.3227516911097183,2,150.0,0.3271370960684525,0,0.0,0.9724711296545838,9,267.0
980.0,7,66.0,1.5348837209302326,6.985572130020892,0,0.0,0.9776075789906241,6,99.0,0.37304030652535264,0,75.0,0.2311510895990937,1,1.0,0.4764397121217534,7,175.0
985.0,8,101.0,2.3488372093023258,8.23425282013448,0,0.0,1.0,5,99.0,0.5186819788148909,1,3.0,0.32931877367962287,1,5.0,0.4949980869897854,7,107.0
990.0,8,135.0,3.0681818181818183,7.923254204537027,0,0.0,1.0,5,124.0,0.4137775578300342,2,13.0,0.3954998089712669,0,0.0,0.9822751185908539,7,137.0
995.0,9,179.0,3.7291666666666665,7.316511884046115,0,0.0,1.0,6,153.0,0.07093097728123607,2,26.0,0.4572417193343103,0,0.0,0.9437601542873008,8,179.0
1000.0,10,214.0,4.6521739130434785,6.449302542274963,0,0.0,1.0,7,187.0,0.0719742028297449,1,18.0,0.5937146833215797,0,0.0,0.9860697373802448,8,205.0
1005.0,12,250.0,5.813953488372093,6.527192667858824,0,0.0,1.0,9,233.0,0.23528923567922877,1,23.0,0.7175947406334029,0,0.0,0.909498832198619,10,256.0
1010.0,12,310.0,7.045454545454546,6.484311198136447,0,0.0,1.0,9,278.0,0.28066175950288746,1,28.0,0.6833408570634041,0,0.0,0.9445991662678092,10,306.0
1015.0,10,340.0,7.906976744186046,6.543459416015964,0,0.0,1.0,9,323.0,0.26678139747769536,1,33.0,0.652635178945785,0,0.0,0.885887484501025,10,356.0
1020.0,11,356.0,8.090909090909092,6.376828180071959,0,0.0,1.0,9,368.0,0.29803232248135686,1,1.0,0.4688388446109665,1,3.0,0.6418419950913504,11,372.0
1025.0,11,411.0,9.785714285714286,6.172009248328454,0,0.0,1.0,9,416.0,0.3656686114305678,1,6.0,0.21439821730815828,1,8.0,0.3631577679017976,11,430.0
1030.0,12,462.0,9.829787234042554,5.3714043297308525,0,0.0,1.0,10,463.0,0.23666503831939015,2,15.0,0.0,0,1.0,0.427131236205363,12,479.0
1035.0,14,530.0,11.041666666666666,5.3637743018824855,0,0.0,1.0,12,521.0,0.19040489741727054,2,28.0,0.27611063894584537,0,0.0,0.8080874266246826,14,549.0
1040.0,16,605.0,12.604166666666666,5.518347250228977,0,0.0,1.0,12,585.0,0.27032017919274864,4,43.0,0.008881835357474225,0,0.0,0.9338622820696082,16,628.0
1045.0,19,685.0,13.7,5.315510829898675,0,0.0,1.0,14,640.0,0.26079109127200034,5,67.0,3.324968422887734e-05,0,0.0,0.9437508438612766,19,707.0
1050.0,20,782.0,15.64,5.305058753670323,0,0.0,1.0,15,709.0,0.11581965736582332,5,92.0,0.0,0,0.0,0.9527201388530144,20,801.0
1055.0,21,887.0,17.392156862745097,4.772424472214031,0,0.0,1.0,16,789.0,0.054658443381550216,5,117.0,0.0,0,0.0,0.8163483118026816,21,906.0
1060.0,24,1001.0,20.02,4.924122125223506,0,0.0,1.0,18,875.0,0.09570005646946511,5,142.0,0.0,1,3.0,0.6328769666072261,24,1020.0
1065.0,23,1097.0,22.387755102040817,4.298569000628905,0,0.0,1.0,16,938.0,0.10338955225871303,5,167.0,0.0,2,11.0,0.500309728627642,23,1116.0
1070.0,22,1192.0,24.3265306122449,4.053206280507661,0,0.0,1.0,17,1019.0,0.03954362521232861,5,195.0,0.14649020467393856,0,0.0,0.5399927306713027,22,1214.0
1075.0,23,1304.0,26.08,3.9707812181713966,0,0.0,1.0,17,1104.0,0.08491361247637655,5,226.0,0.21424696046155434,1,2.0,0.4994607892952978,23,1332.0
1080.0,26,1425.0,27.941176470588236,4.255495315578946,0,0.0,1.0,18,1190.0,0.09493139587176919,7,256.0,0.10576092823728388,1,7.0,0.6427204819463339,26,1453.0
1085.0,19,1269.0,24.88235294117647,4.253034703368834,0,0.0,1.0,17,1264.0,0.06836624404097323,1,58.0,0.24981017199999936,1,12.0,0.7256500893326148,19,1334.0
1090.0,17,1333.0,26.137254901960784,5.507287105631101,0,0.0,1.0,17,1358.0,0.15961847216914385,0,16.0,0.7312897373851843,0,0.0,0.9653684964973863,17,1374.0
1095.0,17,1418.0,28.36,5.978457852613064,0,0.0,1.0,17,1443.0,0.2562798533631634,0,3.0,0.995381398087508,0,0.0,0.9576214191876959,17,1446.0
1100.0,19,1510.0,27.962962962962962,6.03376674055831,0,0.0,0.9454420514658565,18,1532.0,0.2628120523321622,0,0.0,0.7900386143514873,0,0.0,0.9050301767666311,18,1532.0
1105.0,9,356.0,6.472727272727273,5.327377036441282,1,2.0,1.5701152325144144e-05,7,839.0,0.2963454239914397,0,0.0,0.9333654305939366,0,0.0,0.5773765036172667,8,841.0
1110.0,3,18.0,0.3333333333333333,6.5078546984474155,1,7.0,0.0,1,371.0,0.5131951538022762,0,0.0,0.9352271120185421,1,5.0,0.47728990948795835,3,383.0
1115.0,3,33.0,0.6346153846153846,7.858044879027495,1,12.0,0.0,1,85.0,0.7510413223373428,0,9.0,0.8857898120940014,1,10.0,0.6096108831329623,3,116.0
1120.0,2,31.0,0.5636363636363636,8.396348340679797,0,0.0,1.0,1,19.0,0.7542345607864162,0,6.0,0.8806252977333326,1,15.0,0.386790246575416,2,40.0
1125.0,2,22.0,0.38596491228070173,8.715150595234194,0,0.0,1.0,2,22.0,0.4753433851452086,0,6.0,0.8708448481638833,0,0.0,0.8615168073493409,2,28.0
1130.0,4,34.0,0.5862068965517241,8.458814697345641,0,0.0,1.0,3,33.0,0.23664622303733723,1,10.0,0.7725815486049825,0,0.0,0.8772784345507293,4,43.0
1135.0,6,59.0,1.0172413793103448,8.069560144325516,0,0.0,0.9040800057647004,3,48.0,0.22917067815227732,3,20.0,0.6764734628202316,0,0.0,0.8073432944245834,6,68.0
1140.0,7,92.0,1.84,7.792209865997255,0,0.0,0.053257717554448615,3,63.0,0.3574610584512915,4,38.0,0.596695786513368,0,0.0,0.8802998814764328,7,101.0
1145.0,8,130.0,2.765957446808511,6.878312339901442,0,0.0,1.0,3,78.0,0.4313633284108434,5,61.0,0.4539741398965316,0,0.0,0.9585453402945386,8,139.0
1150.0,10,176.0,3.911111111111111,5.563731715619504,0,0.0,1.0,3,93.0,0.3541563193470383,7,92.0,0.24903133015800502,0,0.0,0.9804246527255026,10,185.0
1155.0,4,79.0,1.6458333333333333,5.432007989045947,0,0.0,1.0,4,81.0,0.16631009105201788,0,17.0,0.22915472203524512,0,0.0,0.7853110864501612,4,98.0
1160.0,5,101.0,2.061224489795918,6.427025559863806,0,3.0,0.586938231617177,4,105.0,0.2872559346922571,0,6.0,0.3221384451709785,1,2.0,0.6481761488628616,5,116.0
1165.0,6,127.0,2.5918367346938775,7.266221207986606,1,7.0,0.2872868599198343,4,125.0,0.4818490545608152,0,7.0,0.6764441151161417,1,7.0,0.6483023545986557,6,146.0
1170.0,9,166.0,3.4583333333333335,7.096569296105137,3,19.0,0.0981633676625566,4,145.0,0.556312200285529,1,5.0,0.6228049477538898,1,12.0,0.6429644882543614,9,181.0
1175.0,10,196.0,4.083333333333333,6.384745521798778,4,35.0,0.020485390798418143,4,162.0,0.5570979322592832,1,8.0,0.6438838645696534,0,0.0,0.9492454187340127,9,205.0
1180.0,15,239.0,4.877551020408164,5.349961742664194,8,66.0,0.010700310531739313,4,159.0,0.4705581695473711,1,16.0,0.5290164622334763,0,0.0,0.9736770240498934,13,241.0
1185.0,13,227.0,4.450980392156863,5.393054546885785,4,42.0,0.01491109804580543,5,184.0,0.3572571783766746,2,22.0,0.4926074899647659,0,0.0,0.9328441622007778,11,248.0
1190.0,9,241.0,4.634615384615385,6.462866031767691,0,15.0,0.11010340306840039,6,210.0,0.37986146310367824,3,38.0,0.30771583761041216,0,0.0,0.9372782265649171,9,263.0
1195.0,9,249.0,4.788461538461538,7.0953277649762345,0,1.0,0.36991939865563495,7,241.0,0.12040267364757296,0,13.0,0.7296368278213062,0,0.0,0.9347345988991973,7,255.0
1200.0,7,275.0,5.392156862745098,7.795321581003167,0,0.0,1.0,7,276.0,0.11820408606859625,0,5.0,0.981232087388547,0,0.0,0.94968186445914,7,281.0
1205.0,8,312.0,6.117647058823529,7.699146458696085,0,0.0,1.0,7,314.0,0.2797003898338504,0,5.0,0.9379604031544163,0,0.0,0.932048264363678,7,319.0
1210.0,8,346.0,6.528301886792453,7.793760382284085,0,0.0,1.0,8,350.0,0.2239565721264284,0,3.0,0.9633678786119163,0,0.0,0.9516535276350201,8,353.0
1215.0,8,386.0,7.568627450980392,7.4443704779908675,0,0.0,1.0,8,390.0,0.26023815345153084,0,0.0,0.9401074107217215,0,0.0,0.9312984896501242,8,390.0
1220.0,5,139.0,2.836734693877551,8.193863692692533,0,0.0,1.0,4,269.0,0.4144439973071208,1,2.0,0.7083940847770129,0,0.0,0.9671101445198361,5,271.0
1225.0,2,23.0,0.5,8.829704819093386,0,0.0,1.0,1,46.0,0.6733788856548999,1,7.0,0.3097173317747911,0,0.0,0.9739346566847245,2,53.0
1230.0,3,38.0,0.8444444444444444,8.612741250391052,0,0.0,1.0,1,24.0,0.5917029908789555,2,20.0,0.39717250130091075,0,0.0,0.9634039570824444,3,44.0
1235.0,7,68.0,1.511111111111111,7.7729996956026675,0,0.0,1.0,3,38.0,0.3310450689415996,3,32.0,0.468835812584707,0,0.0,0.9451894832327268,6,70.0
1240.0,2,37.0,0.8043478260869565,7.608524701548678,0,0.0,1.0,0,0.0,0.6482446877818836,2,40.0,0.5919228313031208,0,0.0,0.9341963732676403,2,40.0
1245.0,3,50.0,1.0638297872340425,8.311202477404615,0,0.0,1.0,0,0.0,0.9175431998376765,3,53.0,0.4581994368987727,0,0.0,0.984353846316331,3,53.0
1250.0,4,66.0,1.4042553191489362,8.435538712560549,0,0.0,1.0,0,0.0,0.6386386673510492,3,74.0,0.6107735122106638,1,1.0,0.47842910309055675,4,75.0
1255.0,6,92.0,1.9166666666666667,7.3329371152329585,0,0.0,1.0,1,5.0,0.49985033831831405,4,90.0,0.44610366554887315,1,6.0,0.6252367478988341,6,101.0
1260.0,6,38.0,0.8085106382978723,6.927201019427913,0,0.0,1.0,1,10.0,0.5325387756218593,2,20.0,0.5022324332995306,1,11.0,0.6988249537245128,4,41.0
1265.0,6,53.0,1.127659574468085,7.661626760828719,0,0.0,1.0,1,15.0,0.7001582335829168,2,22.0,0.6337796391972365,0,0.0,0.7981062355434665,3,37.0
1270.0,6,83.0,1.8863636363636365,8.269085330673976,0,0.0,1.0,1,23.0,0.7526400963928298,2,35.0,0.6908809741063394,0,0.0,0.868396992787333,3,58.0
1275.0,7,116.0,2.5217391304347827,7.934357152429584,0,0.0,0.9894401836972079,2,31.0,0.6984526563144338,2,39.0,0.6368120450832179,0,0.0,0.9521142588411535,4,70.0
1280.0,4,65.0,1.3829787234042554,7.593174272540475,0,0.0,1.0,1,6.0,0.6558022200021055,0,23.0,0.6660663352193966,0,0.0,0.9613834305710564,1,29.0
1285.0,4,83.0,1.8043478260869565,8.28561597941088,0,3.0,0.9898692359954891,0,3.0,0.6246725226092307,1,4.0,0.7938991360087644,0,0.0,0.9551509419238042,1,10.0
1290.0,7,112.0,2.4347826086956523,6.99115166628057,0,0.0,0.9630782976014898,2,11.0,0.6543531662258663,1,9.0,0.4268274120081245,0,0.0,0.9514692247272527,3,20.0
1295.0,8,110.0,2.4444444444444446,6.907869996957142,0,0.0,1.0,1,16.0,0.7037452573095793,3,21.0,0.3833047907121905,0,0.0,0.9091284960536588,4,37.0
1300.0,4,37.0,0.8222222222222222,6.937956928088479,0,0.0,1.0,2,26.0,0.4147588567126133,1,10.0,0.6138863303116452,0,0.0,0.9531213050086785,3,36.0
1305.0,9,58.0,1.3488372093023255,6.319060269922848,0,6.0,0.6495435453574925,5,47.0,0.19102562952336175,2,16.0,0.6141396888069693,1,2.0,0.6426011690745571,8,71.0
1310.0,9,99.0,2.2,6.570720064446122,0,0.0,0.8837570548953854,6,74.0,0.22019341744577856,2,26.0,0.6118716448212494,1,7.0,0.725959645209538,9,107.0
1315.0,10,148.0,3.0833333333333335,6.6300492427989,0,0.0,1.0,7,108.0,0.28326703286065513,2,36.0,0.6001231840128799,1,12.0,0.6901258976792883,10,156.0
1320.0,4,83.0,1.8043478260869565,7.269665784354273,0,0.0,1.0,1,41.0,0.4783597119698454,2,46.0,0.5333487582761935,1,17.0,0.772852178045069,4,104.0
1325.0,6,73.0,1.5869565217391304,7.842487900881708,0,0.0,1.0,1,49.0,0.6161900469312576,1,24.0,0.740954230811172,3,26.0,0.38084492614818444,5,99.0
1330.0,7,104.0,2.311111111111111,8.059709824964191,0,0.0,1.0,1,46.0,0.5909528748934662,1,32.0,0.8027622885220195,3,41.0,0.2251715317224725,5,119.0
1335.0,11,148.0,3.0833333333333335,7.008161529711674,0,0.0,1.0,3,55.0,0.2425107539517842,1,37.0,0.7962087946733295,4,60.0,0.22218428992206993,8,152.0
1340.0,9,188.0,4.086956521739131,6.782459741794236,0,0.0,1.0,3,75.0,0.3115930325323278,1,42.0,0.804130575776441,4,80.0,0.28773856455820823,8,197.0
1345.0,7,149.0,3.1702127659574466,7.645335826438936,0,0.0,1.0,3,96.0,0.5653530814608525,1,47.0,0.8082063073983277,1,35.0,0.34098096077839396,5,178.0
1350.0,6,120.0,2.608695652173913,7.340733866504185,0,0.0,1.0,3,109.0,0.4811184411793838,1,13.0,0.7400651337649977,0,14.0,0.6671693347961161,4,136.0
1355.0,9,120.0,2.608695652173913,6.8697228895680755,0,0.0,1.0,6,135.0,0.30661259100412125,3,21.0,0.4248697556776883,0,0.0,0.9612631323470211,9,156.0
1360.0,16,189.0,4.0212765957446805,5.327744216748169,0,0.0,1.0,9,175.0,0.2153903601611516,7,50.0,0.171425626206575,0,0.0,0.9826330948960663,16,225.0
1365.0,17,274.0,5.708333333333333,5.069156450606049,0,0.0,1.0,9,220.0,0.2521393060983395,8,90.0,0.09872523887312884,0,0.0,0.6315444655998778,17,310.0
1370.0,17,206.0,4.12,5.26332563282862,0,0.0,1.0,7,159.0,0.20859149386761328,9,132.0,0.09145425398733577,1,4.0,0.733210039358701,17,295.0
1375.0,3,31.0,0.6078431372549019,6.318480871746642,0,0.0,1.0,1,64.0,0.3358743635457657,1,45.0,0.23018729475958427,1,9.0,0.4915936641346066,3,118.0
1380.0,5,30.0,0.5660377358490566,8.465148207161658,0,6.0,0.6425854429528122,2,35.0,0.5567506252215787,0,21.0,0.6190952039932164,3,19.0,0.25052405713914383,5,81.0
1385.0,3,22.0,0.4230769230769231,8.675462951663159,1,7.0,0.30077094290429235,2,33.0,0.6977498587787015,0,3.0,0.838595002618295,0,5.0,0.5309654543659097,3,48.0
1390.0,3,14.0,0.2692307692307692,8.098232526783672,3,20.0,0.048654513200551766,0,12.0,0.7384468414211288,0,9.0,0.8030634280800726,0,0.0,0.9801099319804121,3,41.0
1395.0,6,36.0,0.6923076923076923,7.430364631478932,4,36.0,0.006163893279375896,1,13.0,0.661574279226003,1,11.0,0.5964656705783338,0,0.0,0.9776861146422279,6,60.0
1400.0,13,84.0,1.5849056603773586,5.97601333696408,5,58.0,0.0006975129497424503,2,21.0,0.5852256447743176,3,28.0,0.5783558241504286,0,0.0,0.9257158165441212,10,107.0
1405.0,16,162.0,2.892857142857143,6.522759537453559,5,83.0,0.00023311663019168755,3,36.0,0.6026997729329364,4,48.0,0.6372083303868755,0,0.0,0.9212264231499894,12,167.0
1410.0,18,246.0,4.315789473684211,6.125105194928828,5,108.0,3.414667005630081e-05,3,45.0,0.47631605732309407,6,72.0,0.46639540239139005,0,0.0,0.982856023656191,14,225.0
1415.0,16,291.0,5.017241379310345,5.5743830501399305,5,133.0,8.274641032957936e-06,3,57.0,0.24044867504365972,7,103.0,0.28071763799354915,0,0.0,0.9932390544635514,15,293.0
1420.0,18,381.0,6.803571428571429,5.723105333530805,5,158.0,0.0,3,114.0,0.3599608967779642,8,140.0,0.22799271404698304,0,0.0,0.9801843118109291,16,412.0
1425.0,18,448.0,8.0,5.461395146071325,5,183.0,0.0,3,87.0,0.38176784146940773,8,157.0,0.10426059093481975,0,0.0,0.8423486632308498,16,427.0
1430.0,14,392.0,6.758620689655173,5.591424129293104,5,211.0,0.11225855963735597,0,29.0,0.4214067073871657,9,200.0,0.1583296037722171,0,0.0,0.9663732397954374,14,440.0
1435.0,16,467.0,8.051724137931034,5.976890786633354,6,239.0,1.4765793043663758e-05,0,0.0,0.9627861012321477,10,247.0,0.15220016013104856,0,0.0,0.9419301259353278,16,486.0
1440.0,17,550.0,10.0,5.760309160792335,6,269.0,0.12402550278706628,0,0.0,0.9626112616090935,11,303.0,0.2005444494331971,0,0.0,0.9069951966269585,17,572.0
1445.0,7,297.0,5.2105263157894735,6.259209330534153,6,299.0,0.0,0,0.0,0.8926980689716282,1,117.0,0.2788569299550955,0,0.0,0.919952632094321,7,416.0
1450.0,9,324.0,5.785714285714286,6.199059091778844,6,332.0,0.015213826239014237,0,9.0,0.7616283806127073,0,11.0,0.583769542330123,1,2.0,0.4699092187902839,7,354.0
1455.0,9,364.0,6.618181818181818,6.288453333146438,7,369.0,0.024553170998718028,0,20.0,0.8476466095949416,0,3.0,0.9784958912824431,0,1.0,0.51765905586275,7,393.0
1460.0,7,388.0,7.054545454545455,7.20248222201056,7,404.0,0.009563433329890738,0,20.0,0.9757667912439657,0,7.0,0.8609622079975635,0,0.0,0.9871580724951619,7,431.0
1465.0,11,435.0,7.5,7.178927984977248,10,450.0,0.0035182398490868822,0,20.0,0.9284039042359734,1,8.0,0.6783353582251993,0,0.0,0.9261063393438682,11,478.0
1470.0,14,498.0,8.736842105263158,6.687019101770344,11,502.0,0.000764560587467928,0,9.0,0.9510595896404299,3,19.0,0.413764847812791,0,0.0,0.9605269408284112,14,530.0
1475.0,9,132.0,2.3157894736842106,6.986000003260406,5,279.0,0.006733220143567042,0,6.0,0.9305320152923912,4,38.0,0.2849312609851862,0,0.0,0.9444391950921576,9,323.0
1480.0,6,56.0,0.9491525423728814,7.112921238325018,0,113.0,0.15333311871245742,1,7.0,0.6149514863895942,5,62.0,0.3635535360100156,0,0.0,0.9752205100475683,6,182.0
1485.0,8,46.0,0.7796610169491526,7.234641187425488,0,32.0,0.41436761712134873,4,26.0,0.2980285966413645,3,27.0,0.23955707787599342,1,3.0,0.6336929858917856,8,88.0
1490.0,9,87.0,1.45,7.6521488973305525,0,0.0,1.0,5,50.0,0.18727772380572752,3,41.0,2.389221198278619e-06,1,8.0,0.33613377498356756,9,99.0
1495.0,12,141.0,2.3114754098360657,7.529479532107645,0,0.0,1.0,7,82.0,0.21087545492528187,3,56.0,0.0,2,18.0,0.4355597743825318,12,156.0
1500.0,13,203.0,3.274193548387097,7.3336836718737874,0,0.0,1.0,8,119.0,0.21242341257202904,3,71.0,0.0,2,28.0,0.5261312228056991,13,218.0
1505.0,13,248.0,4.203389830508475,6.868498141782371,0,0.0,1.0,8,159.0,0.24828877423593754,2,65.0,0.0,3,39.0,0.3915526259038472,13,263.0
1510.0,13,313.0,5.796296296296297,7.110716230690586,0,0.0,1.0,8,199.0,0.2645101579374471,2,75.0,0.0,3,54.0,0.3818011563740009,13,328.0
1515.0,13,378.0,7.0,7.2447549543318885,0,0.0,1.0,8,239.0,0.29834996583070805,2,85.0,0.0,3,69.0,0.5186331142918102,13,393.0
1520.0,14,445.0,8.39622641509434,6.503639638138216,0,0.0,1.0,8,277.0,0.2083021333226038,2,95.0,0.0,4,86.0,0.3915137224689206,14,458.0
1525.0,15,517.0,10.34,6.222731381026168,0,0.0,1.0,8,316.0,0.07610385635538587,2,105.0,0.0,5,108.0,0.2666876503840461,15,529.0
1530.0,12,364.0,7.28,6.486447917802541,0,0.0,1.0,11,364.0,0.12624232273222985,0,53.0,0.5214842950884928,1,51.0,0.4923890541096835,12,468.0
1535.0,13,413.0,7.9423076923076925,6.92367631991372,0,0.0,1.0,11,419.0,0.16145516258869635,0,9.0,0.6733496019327702,0,12.0,0.8067611590827974,11,440.0
1540.0,16,481.0,9.431372549019608,5.584728736543582,0,0.0,1.0,11,474.0,0.16230397374114153,3,12.0,0.11925845668435626,0,0.0,0.8353011439709845,14,486.0
1545.0,18,566.0,10.884615384615385,5.720497968469074,0,0.0,1.0,11,529.0,0.23168093981745166,5,32.0,0.005193514322085469,0,0.0,0.9614984150877788,16,561.0
1550.0,22,666.0,12.333333333333334,5.216955592946437,0,0.0,1.0,12,589.0,0.203170899481156,6,58.0,0.13594440847290104,0,0.0,0.9410383708576416,18,647.0
1555.0,23,736.0,14.153846153846153,4.459280760331586,0,0.0,1.0,14,654.0,0.18351305701410978,6,88.0,0.21040447679102553,0,0.0,0.9398868840128582,20,742.0
1560.0,24,855.0,16.132075471698112,3.993220039888855,0,0.0,1.0,14,724.0,0.17678959396810778,6,118.0,0.03687966301069195,0,0.0,0.9494270220577486,20,842.0
1565.0,28,989.0,18.660377358490567,3.717620393873266,0,0.0,1.0,16,803.0,0.16412409259194768,8,153.0,0.000650424730337116,0,0.0,0.880761378358133,24,956.0
1570.0,20,364.0,6.5,3.865958881573719,0,0.0,1.0,6,363.0,0.18549908129587378,8,193.0,0.00021688105568673705,1,1.0,0.5798326139383045,15,557.0
1575.0,19,394.0,7.163636363636364,4.3316104521693175,0,0.0,1.0,3,124.0,0.2565711283964813,8,233.0,0.10540784717078311,2,10.0,0.4812189171460659,13,367.0
1580.0,16,395.0,7.181818181818182,5.796060018238148,0,0.0,1.0,4,74.0,0.3241251577398936,8,279.0,0.29561572422629495,1,11.0,0.6456195169880222,13,364.0
1585.0,9,208.0,3.586206896551724,6.678319788654627,0,0.0,1.0,4,94.0,0.4965721994840669,2,172.0,0.4935384510121078,1,16.0,0.7241988231047313,7,282.0
1590.0,9,190.0,3.2203389830508473,6.975774484585483,0,0.0,1.0,4,120.0,0.5046619438881479,2,84.0,0.5768409454072397,0,0.0,0.7401574569854091,6,204.0
1595.0,7,178.0,3.1228070175438596,7.477300745507576,0,0.0,1.0,5,145.0,0.4852357079862956,2,49.0,0.7086957246836978,0,0.0,0.9880727244572507,7,194.0
1600.0,7,213.0,3.9444444444444446,8.183979248828082,0,0.0,1.0,5,170.0,0.580885235384191,2,58.0,0.7203979126045765,0,0.0,0.9983531423773541,7,228.0
1605.0,8,251.0,4.735849056603773,7.584607192314401,0,0.0,0.9602345272323344,5,195.0,0.53435635476166,2,82.0,0.7005556289714665,0,0.0,0.9792854728899492,7,277.0
1610.0,14,311.0,5.867924528301887,6.599323374664275,0,0.0,0.9967240294351336,7,227.0,0.4921784084283463,3,73.0,0.4058953235772609,0,0.0,0.9130263307113469,10,300.0
1615.0,15,182.0,3.3703703703703702,5.72985283829774,0,0.0,1.0,4,135.0,0.5804419740493432,5,93.0,0.1537556223063983,0,0.0,0.9614488475193388,9,228.0
1620.0,14,220.0,4.074074074074074,6.416890177203118,0,0.0,1.0,4,47.0,0.5138720927390559,5,118.0,0.16590013483945779,0,0.0,0.9400635437522418,9,165.0
1625.0,16,288.0,5.236363636363636,5.8976034060142215,0,0.0,1.0,6,70.0,0.18946756689167588,6,144.0,0.0005757229218887942,0,0.0,0.9463176592418981,12,214.0
1630.0,13,292.0,5.3090909090909095,5.813254353653007,0,0.0,1.0,6,100.0,0.14377136275370037,6,174.0,0.2394245843448185,0,0.0,0.919565210297134,12,274.0
1635.0,17,347.0,6.673076923076923,5.091163584656663,0,0.0,1.0,8,140.0,0.16714536001783975,7,207.0,0.10993646800734695,0,0.0,0.9760413661215314,15,347.0
1640.0,21,443.0,8.51923076923077,4.728270896488443,1,1.0,0.00209794369962957,10,187.0,0.15524888673606943,8,247.0,0.18895204596088977,0,0.0,0.9602899128274454,19,435.0
1645.0,19,525.0,9.90566037735849,4.957566501316147,1,6.0,0.0,10,237.0,0.15200680751326912,8,287.0,0.18952168086439874,0,0.0,0.9524964155398834,19,530.0
1650.0,20,623.0,11.537037037037036,4.750871753364608,1,11.0,0.0,10,287.0,0.14826876784753268,8,327.0,0.10797658612947514,0,0.0,0.9716039183401272,19,625.0
1655.0,20,718.0,13.296296296296296,5.001294547394543,1,16.0,0.0,10,337.0,0.15734564891744673,9,392.0,0.1619469005552739,0,0.0,0.9864470581312731,20,745.0
1660.0,23,827.0,14.767857142857142,4.883302295658725,1,21.0,0.0,11,398.0,0.18382100382638022,10,416.0,0.1470924520194031,0,0.0,0.9576960516029562,22,835.0
1665.0,23,930.0,16.607142857142858,4.635024320425777,1,26.0,0.0,12,454.0,0.10089452736702512,10,462.0,0.15377800434941613,0,0.0,0.951536532634924,23,942.0
1670.0,18,752.0,12.96551724137931,4.517556604206675,1,31.0,0.0,13,519.0,0.06373432772454168,4,292.0,0.14213016120458666,0,0.0,0.941024655233359,18,842.0
1675.0,8,293.0,4.966101694915254,5.263899078097646,1,39.0,0.29482083626002503,4,225.0,0.24536182897789274,2,224.0,0.21522653204114664,0,0.0,0.9418771217412308,7,488.0
1680.0,5,241.0,4.228070175438597,6.74790525592188,0,0.0,0.19416429725810375,2,80.0,0.6117855493298402,3,216.0,5.774172321765173e-06,0,0.0,0.9384781455257484,5,296.0
1685.0,6,269.0,4.559322033898305,8.139240096167095,0,0.0,1.0,2,51.0,0.7531433695466336,3,240.0,0.56008792453357,1,3.0,0.6558442694150706,6,294.0
1690.0,6,299.0,5.245614035087719,8.398216439386756,0,0.0,1.0,2,61.0,0.6459644739068273,3,255.0,0.6598053204085357,1,8.0,0.6252563178275284,6,324.0
1695.0,7,332.0,5.627118644067797,8.01525082074007,0,0.0,1.0,3,74.0,0.6335423835389472,3,270.0,0.6620606089678971,1,13.0,0.48376084912546935,7,357.0
1700.0,8,372.0,6.413793103448276,7.580802157784766,0,0.0,1.0,3,89.0,0.5782394119475951,3,285.0,0.6490271852747084,2,23.0,0.4087683107385008,8,397.0
1705.0,9,417.0,7.867924528301887,7.681232147333466,0,0.0,1.0,4,106.0,0.44081757504801894,3,304.0,0.696109094781407,2,33.0,0.38904124398833195,9,443.0
1710.0,13,474.0,9.673469387755102,5.88662358685405,0,0.0,1.0,7,136.0,0.154251243684665,3,320.0,0.5211627879271232,3,45.0,0.3855196320458414,13,501.0
1715.0,13,512.0,9.846153846153847,4.734211875848866,0,0.0,1.0,5,132.0,0.13984962346390373,5,332.0,0.2176582309490227,3,60.0,0.31266772504988544,13,524.0
1720.0,13,519.0,9.79245283018868,5.1371684597387315,0,5.0,0.5714219691994312,5,157.0,0.2590904877288704,6,361.0,0.16174790785382115,2,37.0,0.24144823603304555,13,560.0
1725.0,11,561.0,10.584905660377359,6.512906392746458,0,0.0,0.7840350488039945,5,182.0,0.17973111189335317,6,399.0,0.3053076645002512,0,14.0,0.48115477868454143,11,595.0
1730.0,13,621.0,10.894736842105264,6.7520833211953954,0,0.0,1.0,6,211.0,0.2439828223114899,6,424.0,0.2936209309666695,0,0.0,0.9685171739571552,12,635.0
1735.0,13,645.0,11.120689655172415,6.639966846247726,0,0.0,1.0,6,241.0,0.37895121231561607,4,425.0,0.33536525417023083,0,0.0,0.9556300744575019,10,666.0
1740.0,10,485.0,8.818181818181818,6.729303457301649,0,0.0,1.0,3,120.0,0.3069873981028463,3,399.0,0.4436353183954403,0,0.0,0.987491455846635,6,519.0
1745.0,9,472.0,9.076923076923077,7.065494454291234,0,0.0,1.0,1,34.0,0.5818316400779601,4,418.0,0.3216090212579246,0,0.0,0.9527345189717155,5,452.0
1750.0,11,521.0,10.215686274509803,5.706766742505387,0,0.0,1.0,1,11.0,0.5451013011290085,5,440.0,0.16375996108882238,0,0.0,0.608295677945051,6,451.0
1755.0,12,503.0,10.702127659574469,4.754679331001152,0,0.0,1.0,2,18.0,0.4955533842017762,3,441.0,0.3198638875366906,1,4.0,0.4723233557875805,6,463.0
1760.0,4,465.0,10.568181818181818,5.573255266258957,0,3.0,0.5274913925541305,0,0.0,0.9831783987736846,3,456.0,0.34689717076906335,1,9.0,0.4804946237108905,4,468.0
1765.0,5,475.0,10.326086956521738,6.241386627034933,1,6.0,0.0060609830557492245,0,3.0,0.9418552885039331,3,471.0,0.3581973881319894,0,0.0,0.964860328889452,4,480.0
1770.0,9,514.0,11.681818181818182,6.408864325969277,2,15.0,5.092935900275295e-05,0,3.0,0.9560056271201907,3,516.0,0.6203034920805888,0,0.0,0.9780978512709121,5,534.0
1775.0,11,568.0,13.209302325581396,6.5916878299122565,2,25.0,0.0,0,3.0,0.9293061583150966,3,507.0,0.6451856642124648,0,0.0,0.9605031547298103,5,535.0
1780.0,5,526.0,11.954545454545455,6.622926030389459,0,0.0,1.0,0,3.0,0.9830957998702013,4,523.0,0.4633486392007753,0,0.0,0.9439036433848542,4,526.0
1785.0,6,542.0,11.291666666666666,6.804681261493627,0,0.0,1.0,0,3.0,0.9720739898007846,6,548.0,0.30143382960126186,0,0.0,0.9386072674896825,6,551.0
1790.0,8,578.0,12.041666666666666,6.31286888539083,0,0.0,1.0,1,4.0,0.480326533664774,7,583.0,0.2553150512988237,0,0.0,0.9646188262000208,8,587.0
1795.0,10,627.0,13.340425531914894,5.704940152746299,0,0.0,1.0,2,14.0,0.5305304355932554,8,622.0,0.0943192295366134,0,0.0,0.9657797779432338,10,636.0
1800.0,11,681.0,13.62,6.486337658797526,0,0.0,1.0,2,24.0,0.5482317772317328,9,666.0,0.009546944487585036,0,0.0,0.9181986655488712,11,690.0
1805.0,13,740.0,14.509803921568627,6.893779336017602,0,0.0,1.0,3,37.0,0.48852923901752626,10,712.0,0.001847644213070699,0,0.0,0.9494010764139681,13,749.0
1810.0,18,816.0,17.0,6.054835470402274,0,0.0,1.0,5,55.0,0.167047527888905,11,767.0,0.0005927186257880786,2,3.0,0.3268344659440792,18,825.0
1815.0,16,893.0,17.86,6.068643635157324,0,0.0,1.0,5,85.0,0.24921335069621797,11,822.0,0.08029140111742554,0,0.0,0.9734820353047458,16,907.0
1820.0,9,740.0,14.23076923076923,6.341782323663433,0,0.0,1.0,5,110.0,0.3469225458661989,4,717.0,0.08215487699065836,0,0.0,0.9299382864146608,9,827.0
1825.0,10,769.0,14.50943396226415,7.003860227940017,0,6.0,0.8022184605883222,5,120.0,0.4263594438766715,5,661.0,0.1631007815017298,0,0.0,0.9552173880784252,10,787.0
1830.0,11,819.0,16.058823529411764,6.7289071770711555,1,9.0,0.3173212701658487,5,145.0,0.46812088352052966,5,680.0,0.3192663741186746,0,0.0,0.9436057740108178,11,834.0
1835.0,14,881.0,17.62,6.5580985579703635,3,20.0,0.015834902918954667,5,170.0,0.546141618941646,6,709.0,0.2232294097266299,0,0.0,0.9950626185373849,14,899.0
1840.0,13,928.0,17.50943396226415,5.8703127048575645,0,1.0,0.09243603156568567,5,195.0,0.5590121983617559,8,745.0,0.10288334616399217,0,0.0,0.5473719309963428,13,941.0
1845.0,14,998.0,18.830188679245282,6.113881298358136,0,0.0,1.0,5,220.0,0.4402679658239384,8,785.0,0.09898933693645226,1,5.0,0.49279659913945506,14,1010.0
1850.0,13,1018.0,19.20754716981132,6.352620339888723,0,0.0,1.0,6,249.0,0.41588464008109366,6,792.0,0.13393574149738388,1,10.0,0.49411449133814006,13,1051.0
1855.0,13,1031.0,18.745454545454546,6.431569305679042,0,0.0,1.0,9,287.0,0.2965644111420224,4,776.0,0.2085189427747974,0,0.0,0.9362477169091046,13,1063.0
1860.0,12,1091.0,19.836363636363636,6.483686693747675,0,0.0,0.16939386434816264,8,327.0,0.273121423745945,4,780.0,0.11280224794342948,0,0.0,0.9766738556229165,12,1107.0
1865.0,16,1140.0,20.357142857142858,6.158464669037455,1,3.0,6.471368756510179e-05,9,350.0,0.29466301598891687,6,803.0,0.001588010125614634,0,0.0,0.9825463367161227,16,1156.0
1870.0,15,1208.0,22.37037037037037,5.999175680259304,1,8.0,0.0,10,396.0,0.29834036767289623,4,817.0,0.0,0,0.0,0.987601324990342,15,1221.0
1875.0,17,1287.0,23.833333333333332,5.532596685409596,1,13.0,0.0,12,454.0,0.262581372510471,4,837.0,0.0,0,0.0,0.9522567464247268,17,1304.0
1880.0,20,1379.0,25.537037037037038,5.600242235054051,1,18.0,0.0,12,514.0,0.24824237360641413,4,857.0,0.18433550332739435,1,1.0,0.48958648626547147,18,1390.0
1885.0,15,953.0,17.9811320754717,4.872205231744633,1,23.0,0.0,6,566.0,0.24433326048546458,4,877.0,0.19034869204710303,1,6.0,0.47699633219855153,12,1472.0
1890.0,8,962.0,18.150943396226417,5.666124862826848,1,28.0,0.0,0,129.0,0.4579780399146686,4,897.0,0.3188164661657777,1,11.0,0.49205321559270127,6,1065.0
1895.0,9,1006.0,17.964285714285715,6.955790340849665,1,33.0,0.0,0,20.0,0.6993774171595001,4,917.0,0.5062954483038542,1,16.0,0.4386881763981975,6,986.0
1900.0,7,964.0,17.85185185185185,7.846929535318342,0,0.0,1.0,1,10.0,0.6741312866158061,4,937.0,0.6027876087373228,2,23.0,0.32164876910650403,7,970.0
1905.0,5,966.0,18.576923076923077,8.10677192161924,0,0.0,1.0,1,9.0,0.6196433353116404,4,957.0,0.5975091420972428,0,0.0,0.9543389858915299,5,966.0
1910.0,4,977.0,19.15686274509804,7.6315817345355255,0,0.0,1.0,0,8.0,0.7216958230808554,4,983.0,0.5766832767477841,0,0.0,0.9745326596150976,4,991.0
1915.0,4,997.0,19.94,8.352716802912239,0,0.0,1.0,0,8.0,0.7560584710403107,4,997.0,0.5539914081207097,0,0.0,0.9759548573494767,4,1005.0
1920.0,6,1024.0,21.78723404255319,8.526367369943468,0,0.0,1.0,1,5.0,0.732932628333865,4,1020.0,0.5843567551975215,0,0.0,0.9733825896821595,5,1025.0
1925.0,7,1057.0,23.488888888888887,7.920449226065734,0,0.0,1.0,1,10.0,0.778014644174527,4,1040.0,0.6053674463553067,0,0.0,0.9637455965456965,5,1050.0
1930.0,6,372.0,8.08695652173913,7.2549116375699425,0,0.0,0.4107417036255093,1,15.0,0.6941702568720792,4,694.0,0.343122613422046,0,0.0,0.9530294478863908,5,709.0
1935.0,8,43.0,0.9555555555555556,7.10719759322493,1,4.0,0.00025325932737456066,0,0.0,0.9445283439027622,3,114.0,0.3609936395768256,1,2.0,0.47061185649108284,5,120.0
1940.0,9,77.0,1.673913043478261,7.4271705068797464,1,9.0,0.4776424530484139,0,2.0,0.9109324587481193,4,39.0,0.34387380284393654,1,5.0,0.48795546081409197,6,55.0
1945.0,12,132.0,2.75,6.997315995074534,1,14.0,0.231334973468119,1,3.0,0.7846040346731671,7,79.0,0.36863095414688246,1,10.0,0.6141172063104862,10,106.0
1950.0,11,118.0,2.5652173913043477,6.54721497018106,0,0.0,1.0,1,8.0,0.5162037820177137,9,120.0,0.28941757620282843,0,0.0,0.9639148315806678,10,128.0
1955.0,5,43.0,0.8958333333333334,6.716946536978196,0,0.0,1.0,0,0.0,0.9361069560884981,3,73.0,0.3489574645128307,0,0.0,0.9609785781316024,3,73.0
1960.0,2,22.0,0.4888888888888889,7.3559912502705815,0,3.0,0.6971751836212149,0,0.0,0.9200724673273818,0,40.0,0.5259083898087025,0,0.0,0.9722188179109577,0,43.0
1965.0,1,5.0,0.1111111111111111,8.192152034814095,0,0.0,0.6893926207712288,0,0.0,0.9548280883983982,0,8.0,0.8620449138079629,0,0.0,0.9589490759095773,0,8.0
1970.0,2,12.0,0.2608695652173913,8.550419987369072,0,0.0,1.0,1,3.0,0.7130295400154016,0,3.0,0.9637460077911312,0,0.0,0.9445835491545092,1,6.0
1975.0,1,7.0,0.15555555555555556,8.862686936834173,0,0.0,0.9597499767792843,1,8.0,0.8105120250545937,0,0.0,1.0,0,0.0,0.995883695960891,1,8.0
1980.0,1,12.0,0.27906976744186046,8.89963080390505,0,0.0,1.0,1,13.0,0.7158676628009057,0,0.0,1.0,0,0.0,0.9882570390637838,1,13.0
1985.0,2,19.0,0.4318181818181818,8.32404275572833,0,0.0,1.0,2,19.0,0.629236618830816,0,0.0,1.0,0,0.0,0.508879601462867,2,19.0
1990.0,4,35.0,0.813953488372093,8.169899794967465,0,0.0,1.0,3,31.0,0.43411243013253853,0,0.0,1.0,1,4.0,0.4755335276944914,4,35.0
1995.0,5,60.0,1.5384615384615385,7.839869139439834,0,0.0,1.0,4,53.0,0.3846823875593179,0,0.0,1.0,1,9.0,0.4875475144390164,5,62.0
2000.0,5,85.0,2.2972972972972974,7.527215879459767,0,0.0,1.0,4,71.0,0.2369035780832023,0,0.0,0.8940904114041137,1,14.0,0.6623335204118981,5,85.0
2005.0,9,121.0,3.361111111111111,6.432419800238817,0,0.0,1.0,7,99.0,0.14681924473789337,1,3.0,0.6518645792104175,1,19.0,0.4970958914966723,9,121.0
2010.0,8,142.0,3.9444444444444446,6.573280919578744,0,0.0,1.0,7,134.0,0.16962769981726886,1,8.0,0.6144635621984905,0,0.0,0.9463423664279291,8,142.0
2015.0,7,159.0,4.416666666666667,7.017572298265268,0,0.0,1.0,6,157.0,0.24074952754494622,1,17.0,0.5412950817937441,0,0.0,0.9848249968741767,7,174.0
2020.0,8,196.0,5.0256410256410255,7.063331646363941,0,0.0,1.0,6,187.0,0.33191064187849423,2,24.0,0.2517413614561194,0,0.0,0.9578192422076091,8,211.0
2025.0,9,240.0,6.153846153846154,6.839859239502255,0,0.0,1.0,6,209.0,0.2878210442223818,3,38.0,0.03357546827014571,0,0.0,0.9500179073007776,9,247.0
2030.0,11,294.0,7.538461538461538,6.690687561870471,0,0.0,1.0,7,243.0,0.3023737727724108,4,58.0,0.16151786589400105,0,0.0,0.9529352737880599,11,301.0
2035.0,6,77.0,1.8333333333333333,6.367153325876591,0,0.0,1.0,0,56.0,0.5016151553595107,5,80.0,0.15198867161249172,0,0.0,0.9637946878122271,5,136.0
2040.0,6,68.0,1.5813953488372092,7.503520815695622,0,0.0,1.0,1,5.0,0.7158148171539153,5,67.0,0.2502433101503249,0,0.0,0.9453792302125386,6,72.0
2045.0,7,96.0,2.1333333333333333,7.766193972527177,0,0.0,1.0,2,12.0,0.35889533860311945,5,97.0,0.45626808602658814,0,0.0,0.9542716010330782,7,109.0
2050.0,9,139.0,3.088888888888889,7.783370121351664,0,0.0,1.0,3,27.0,0.22381397995869814,6,125.0,0.5070715536009354,0,0.0,0.6300003365915315,9,152.0
2055.0,8,147.0,3.1956521739130435,6.683752920384757,0,0.0,1.0,1,10.0,0.12531046238853086,6,149.0,0.4315019749238593,1,4.0,0.5575216884858171,8,163.0
2060.0,3,31.0,0.6739130434782609,7.708558711821155,0,0.0,1.0,1,6.0,0.5575955790698158,1,45.0,0.6798543201546765,1,9.0,0.5009799102254662,3,60.0
2065.0,4,30.0,0.7142857142857143,8.294483514000278,0,0.0,0.9571612055586703,1,20.0,0.5933963938981462,1,22.0,0.6740788976687129,2,16.0,0.3322258345563816,4,58.0
2070.0,6,57.0,1.3902439024390243,8.036693676582043,1,2.0,0.3629303332705414,1,25.0,0.7396982243643327,2,16.0,0.6611452926826316,2,26.0,0.3301892612437484,6,69.0
2075.0,8,90.0,2.1951219512195124,7.112526019379281,2,9.0,0.014704981625884813,1,30.0,0.8008741498426344,3,24.0,0.3457449472845827,2,36.0,0.48110301565013874,8,99.0
2080.0,4,63.0,1.4318181818181819,6.715791892913622,0,1.0,0.1479044960320859,0,9.0,0.9763474568111257,2,22.0,0.25031771350930115,2,46.0,0.3695062004491151,4,78.0
2085.0,2,27.0,0.627906976744186,7.583073012340584,0,0.0,1.0,0,12.0,0.9442786963417574,2,27.0,0.48101184925526475,0,0.0,0.56406265748572,2,39.0
2090.0,2,37.0,0.8409090909090909,8.167232511226018,0,0.0,1.0,0,9.0,0.9558574572743405,2,43.0,0.4693414609469211,0,0.0,0.9532473806314838,2,52.0
2095.0,3,48.0,1.0434782608695652,8.967647708245599,0,0.0,1.0,0,3.0,0.9476771009863829,3,54.0,0.3620037652575869,0,0.0,0.9830525431505589,3,57.0
2100.0,1,35.0,0.7446808510638298,9.107393643463105,0,0.0,1.0,0,3.0,0.9592133560859534,1,38.0,0.7110547255911853,0,0.0,0.9390200461209718,1,41.0
2105.0,1,40.0,0.8333333333333334,9.249939930951095,0,3.0,0.5612512873820148,0,4.0,0.9224589818004653,1,43.0,0.7080961549816494,0,0.0,0.998060042750344,1,50.0
2110.0,2,46.0,1.0222222222222221,9.295222544298854,1,4.0,0.007578289512388955,0,7.0,0.9671586702944133,1,48.0,0.7375465954214413,0,0.0,0.8717926478560966,2,59.0
2115.0,4,58.0,1.3181818181818181,8.725323232386941,1,9.0,0.4680767507777534,1,5.0,0.7092252813823053,1,50.0,0.7031015865977368,1,1.0,0.6603550056678801,4,65.0
2120.0,3,21.0,0.5121951219512195,8.165341118308499,2,18.0,0.021296722631636896,0,4.0,0.96627738389785,0,0.0,0.9456745170092765,1,6.0,0.6474296462212182,3,28.0
2125.0,3,36.0,0.8181818181818182,7.693490629565136,2,28.0,0.0055784169016942055,0,4.0,0.7908743784086621,0,0.0,0.9210044435703246,1,11.0,0.6036980097990203,3,43.0
2130.0,6,60.0,1.3953488372093024,7.8138219576926184,3,43.0,0.00048822552439636244,1,6.0,0.7427377941465592,1,5.0,0.5712225683501144,1,16.0,0.4702218953752547,6,70.0
2135.0,6,74.0,1.7209302325581395,7.751061245951156,3,58.0,0.00019028063531154656,1,11.0,0.6328956524037618,2,15.0,0.6835861929151422,0,0.0,0.5179875926637761,6,84.0
2140.0,8,100.0,2.3255813953488373,7.449997325609158,3,73.0,3.125847995611336e-05,4,24.0,0.1703796255653159,1,19.0,0.6996642906779427,0,0.0,0.9365441518575983,8,116.0
2145.0,12,150.0,3.3333333333333335,6.869676587063124,3,88.0,4.2844643174894845e-06,6,50.0,0.048034248859280024,3,28.0,0.4250560067525133,0,0.0,0.9753165128054333,12,166.0
2150.0,14,218.0,4.638297872340425,6.815516165694859,3,103.0,0.0,6,83.0,0.17239670712436328,5,51.0,0.3786746354942359,0,0.0,0.9309669271548145,14,237.0
2155.0,15,293.0,6.23404255319149,6.337134811628519,3,118.0,0.0,6,113.0,0.24363039288101818,6,81.0,0.2970486131348185,0,0.0,0.9969416980307981,15,312.0
2160.0,5,88.0,1.9555555555555555,6.013652209997623,0,34.0,0.023445472848819447,3,80.0,0.31646648910942443,2,42.0,0.26013168094744593,0,0.0,0.9448719608536371,5,156.0
2165.0,6,114.0,2.326530612244898,7.442256954921109,0,3.0,0.854769125816379,3,102.0,0.47246575770733895,2,21.0,0.17555989854831022,0,0.0,0.9721643198368817,5,126.0
2170.0,7,149.0,3.1702127659574466,8.081533472139219,0,0.0,0.9972719183830483,4,122.0,0.5360999412652024,2,34.0,0.29042159834509246,0,0.0,0.7563219310503566,6,156.0
2175.0,9,185.0,3.9361702127659575,7.589385536414009,0,0.0,1.0,5,142.0,0.4797376822510013,2,44.0,0.5484281926293243,1,1.0,0.4690268139832642,8,187.0
2180.0,9,179.0,3.58,7.253614585499789,0,0.0,1.0,4,162.0,0.5116487278196017,2,26.0,0.41792736402655783,1,6.0,0.6551807393370254,7,194.0
2185.0,8,213.0,4.346938775510204,7.409244974096229,0,0.0,1.0,4,182.0,0.5356192212388502,2,16.0,0.5815232600081373,0,0.0,0.9637103414117478,6,198.0
2190.0,8,253.0,5.382978723404255,7.531600050153167,0,0.0,1.0,4,202.0,0.48110939379718226,2,29.0,0.6265468026170719,0,0.0,0.9511374524535287,6,231.0
2195.0,12,274.0,6.2272727272727275,5.866980190558533,0,0.0,1.0,6,219.0,0.13543398411468918,5,45.0,0.3390372883754928,0,0.0,0.9522777004160716,11,264.0
2200.0,10,295.0,6.413043478260869,5.882344495387413,0,0.0,1.0,6,249.0,0.13673552198305808,3,45.0,0.5312894981566801,0,0.0,0.9628341578253852,9,294.0
2205.0,11,344.0,7.478260869565218,6.350698294101539,0,3.0,0.5763459591921777,6,285.0,0.27395263122793245,4,65.0,0.44303748211455646,1,1.0,0.6364047581520912,11,354.0
2210.0,12,404.0,8.416666666666666,6.549947300697869,0,0.0,0.9279695895875163,6,315.0,0.3213766725905851,5,90.0,0.22091867530488773,1,6.0,0.6222431676924489,12,411.0
2215.0,13,465.0,9.6875,6.506603962985287,0,0.0,1.0,6,345.0,0.3837392862702038,6,116.0,0.1427851143595254,1,11.0,0.7145697534770086,13,472.0
2220.0,7,135.0,2.8125,6.550224998639815,0,0.0,1.0,2,197.0,0.374997901037655,4,103.0,0.18393038597622377,1,16.0,0.7139795146660652,7,316.0
2225.0,6,43.0,0.9148936170212766,7.352676904094808,0,0.0,1.0,1,13.0,0.7483463709502973,3,54.0,0.28525959050682637,0,0.0,0.956353170661779,4,67.0
2230.0,7,78.0,1.6595744680851063,7.419577894834464,0,0.0,0.08372004571797846,1,18.0,0.8156336337197315,3,51.0,0.33530343741363994,0,0.0,0.9484752557345741,4,69.0
2235.0,12,134.0,2.627450980392157,7.040003805982175,1,4.0,0.00021410196331278183,1,23.0,0.6631632022868703,6,79.0,0.1281585760189606,0,0.0,0.9414130528705926,8,106.0
2240.0,5,94.0,1.9183673469387754,6.8195881927955115,1,9.0,0.0,0,3.0,0.7801667418650944,2,61.0,0.34011082580435037,0,0.0,0.9229426482750093,3,73.0
2245.0,5,89.0,1.934782608695652,7.340499150668336,1,17.0,0.2768683330822147,2,16.0,0.629643314270359,2,71.0,0.4578733407970131,0,0.0,0.9238843997952019,5,104.0
2250.0,5,114.0,2.4782608695652173,7.642284231337328,1,22.0,0.004265207762499983,2,23.0,0.6960883523174524,2,86.0,0.7012664243701275,0,0.0,0.971373608483383,5,131.0
2255.0,7,146.0,3.1739130434782608,7.340874450570174,2,32.0,2.2838682752334182e-05,2,33.0,0.7160444871251754,3,98.0,0.4844895041662148,0,0.0,0.9721139595087815,7,163.0
2260.0,8,186.0,3.9574468085106385,6.856266647330117,2,42.0,0.024541625388854054,2,40.0,0.7124841974948709,4,118.0,0.28668323848147687,0,0.0,0.4823287078995576,8,200.0
2265.0,8,186.0,3.875,6.98578818247627,0,3.0,0.15169334822901595,2,50.0,0.7119999641304895,5,142.0,0.2750350465522987,1,5.0,0.47849634353373927,8,200.0
2270.0,5,147.0,3.340909090909091,7.479052265975387,0,0.0,1.0,0,6.0,0.9510571228055991,3,149.0,0.43786094553578137,1,10.0,0.35162264589540954,4,165.0
2275.0,6,170.0,3.8636363636363638,7.430231764996771,0,3.0,0.9715492801128967,1,8.0,0.5714430533594212,3,156.0,0.38781204522436713,2,17.0,0.20793975699379416,6,184.0
2280.0,8,187.0,4.155555555555556,7.010739854389039,0,0.0,1.0,3,20.0,0.42388268870379003,5,181.0,0.2656851120371318,0,0.0,0.937593327969024,8,201.0
2285.0,8,227.0,5.044444444444444,6.928075272501282,0,0.0,1.0,3,35.0,0.31806643298503084,5,212.0,0.33392875710831543,0,0.0,0.9380885344780222,8,247.0
2290.0,5,64.0,1.3061224489795917,6.6404956484081925,0,0.0,1.0,1,3.0,0.10253990613112014,4,152.0,0.2721690936962753,0,0.0,0.9706774077414495,5,155.0
2295.0,5,54.0,1.2272727272727273,7.400858253107966,0,0.0,1.0,1,6.0,0.3779121529541399,4,62.0,0.5165341115036441,0,0.0,0.9545249573912098,5,68.0
2300.0,6,81.0,1.975609756097561,7.693352898034039,0,0.0,1.0,1,11.0,0.4787122821794483,4,82.0,0.43156517840579395,1,2.0,0.48616998883742824,6,95.0
2305.0,7,112.0,2.5454545454545454,7.638453717112407,0,0.0,1.0,1,16.0,0.6423819088637545,5,113.0,0.32296558862741,1,7.0,0.5067628757312682,7,136.0
2310.0,8,150.0,3.5714285714285716,7.101766449914926,0,0.0,1.0,1,21.0,0.7195582997163077,6,131.0,0.3734204177998755,1,12.0,0.4947912407962787,8,164.0
2315.0,11,200.0,4.761904761904762,6.773671694206851,0,0.0,1.0,2,29.0,0.46361134250851543,6,161.0,0.24299981691215375,2,20.0,0.31323009880861696,10,210.0
2320.0,8,216.0,5.023255813953488,6.139050895137138,0,0.0,0.04881616614692102,2,39.0,0.47118851707495124,6,191.0,0.17616181942212325,0,0.0,0.9855746098898603,8,230.0
2325.0,9,260.0,5.777777777777778,5.597423083322064,1,4.0,2.1147274920742082e-05,2,49.0,0.348366157729354,6,227.0,0.20632837628106407,0,0.0,0.9668332059003051,9,280.0
2330.0,8,287.0,6.239130434782608,5.611125042449459,1,9.0,0.0,1,41.0,0.5112350611634658,6,257.0,0.10962420688653274,0,0.0,0.9590957683443615,8,307.0
2335.0,11,339.0,7.533333333333333,6.011971586723495,1,14.0,7.786109803286505e-06,1,46.0,0.5025527800035058,9,300.0,0.1761651547952415,0,0.0,0.9654670123434705,11,360.0
2340.0,13,398.0,9.045454545454545,6.469678380240188,1,19.0,0.0,1,51.0,0.6555404194132661,11,354.0,0.23910200031902856,0,0.0,0.9310394068109205,13,424.0
2345.0,15,466.0,9.914893617021276,6.206159544222105,1,24.0,0.0,1,56.0,0.5322237030527608,12,411.0,0.1958786939114744,1,1.0,0.6140658325325233,15,492.0
2350.0,6,123.0,2.5625,6.395532335568979,1,29.0,0.0,2,64.0,0.3295509903066591,2,119.0,0.24508480944883923,1,6.0,0.6440503614099748,6,218.0
2355.0,7,144.0,3.0,6.686517607232891,1,43.0,0.4323640780547093,2,88.0,0.5312430264757906,2,43.0,0.5121059686709083,1,11.0,0.6370564516744983,6,185.0
2360.0,11,187.0,3.5961538461538463,6.773584222648722,3,51.0,0.1355011225741126,2,98.0,0.7488395699846694,2,36.0,0.5707925696410013,2,17.0,0.274071751873567,9,202.0
2365.0,10,190.0,3.8,5.831786119302664,0,4.0,0.05625067387084509,3,104.0,0.6963426749035942,2,46.0,0.683816264134923,2,27.0,0.15818760099885076,7,181.0
2370.0,14,235.0,4.7,5.578006456656091,0,0.0,0.4058298337084862,4,120.0,0.5456646518780786,3,52.0,0.48395360147697253,3,42.0,0.23959071082934574,10,214.0
2375.0,14,286.0,5.72,6.722884541370251,0,0.0,0.4621889872316304,5,139.0,0.587791142251094,2,43.0,0.5667354550730943,3,57.0,0.23295407791961703,10,239.0
2380.0,11,302.0,5.8076923076923075,6.905280643442898,0,0.0,1.0,2,119.0,0.5768135201514369,2,53.0,0.4850964507859894,3,72.0,0.24480961068160675,7,244.0
2385.0,11,277.0,5.54,6.970738696360703,0,0.0,1.0,4,124.0,0.3817159412782341,3,66.0,0.24009305431119884,0,25.0,0.6168688006548592,7,215.0
2390.0,9,254.0,5.291666666666667,6.923869666126506,0,0.0,1.0,5,148.0,0.2544992840966941,3,90.0,0.4787875434432327,0,0.0,0.9436806854042936,8,238.0
2395.0,15,305.0,6.1,5.84309913367466,0,0.0,1.0,8,176.0,0.18210905848501688,6,108.0,0.12288143509357426,0,0.0,0.9761810275394086,14,284.0
2400.0,14,333.0,6.9375,4.676711773787354,0,0.0,1.0,3,157.0,0.24789555738873312,10,156.0,0.09300821413646283,0,0.0,0.9260141901368071,13,313.0
2405.0,17,411.0,9.133333333333333,4.958702537883435,0,0.0,1.0,3,163.0,0.50477963988369,11,208.0,0.08080930639467612,1,1.0,0.4768623320200604,15,372.0
2410.0,18,497.0,10.804347826086957,4.806814230101237,0,0.0,1.0,4,179.0,0.25084946336059033,11,267.0,0.19815517855275672,1,6.0,0.6260710091337663,16,452.0
2415.0,17,404.0,8.595744680851064,4.924412380527793,0,0.0,1.0,6,206.0,0.2415448579989249,10,245.0,0.14874239884842058,1,11.0,0.7077391619152681,17,462.0
2420.0,13,404.0,8.08,5.8618700543865945,0,0.0,1.0,3,208.0,0.42133319446832207,9,223.0,0.20030063765194325,1,16.0,0.5033448298509329,13,447.0
2425.0,15,473.0,9.27450980392157,6.336883979451326,0,0.0,0.8151424540539517,4,217.0,0.3184222632061032,9,247.0,0.17211934561359865,2,24.0,0.5798586201963117,15,488.0
2430.0,15,548.0,11.183673469387756,5.974876401734855,0,0.0,1.0,4,237.0,0.21368382825488919,9,295.0,0.24109169747207795,2,34.0,0.5753362854932261,15,566.0
2435.0,16,626.0,12.775510204081632,5.67019844009526,0,0.0,1.0,5,260.0,0.17577247094339424,9,340.0,0.19864179622138745,2,44.0,0.5616453731106129,16,644.0
2440.0,18,696.0,14.5,5.081395937896332,0,0.0,1.0,5,285.0,0.21808048718107326,10,385.0,0.09394665436193644,2,38.0,0.4879803112588138,17,708.0
2445.0,17,779.0,16.574468085106382,5.1827465955967975,0,0.0,1.0,5,333.0,0.3607542093776717,10,438.0,0.1113227223667465,1,41.0,0.5772054654626738,16,812.0
2450.0,20,870.0,17.4,4.915743383650024,0,0.0,1.0,5,361.0,0.4475703778754502,11,490.0,0.06928488197377292,2,49.0,0.48698360501310567,18,900.0
2455.0,22,975.0,19.897959183673468,4.375226308715496,0,0.0,1.0,5,360.0,0.2736220911918024,13,550.0,0.06385336731897927,2,59.0,0.386470285366875,20,969.0
2460.0,9,283.0,5.775510204081633,4.372562007478976,0,0.0,1.0,3,210.0,0.17791056119074025,2,241.0,0.1461015515533502,2,69.0,0.3265859108676123,7,520.0
2465.0,5,123.0,2.46,6.076625385952632,0,0.0,1.0,3,89.0,0.3390955423323505,0,72.0,0.5053906840626519,0,0.0,0.9621889084983702,3,161.0
2470.0,6,153.0,2.8333333333333335,7.136842496888094,0,9.0,0.182864020774835,4,121.0,0.5032010137615748,0,5.0,0.8057275541857349,0,0.0,0.9547217046123557,4,135.0
2475.0,11,164.0,3.1538461538461537,7.186340821678313,3,22.0,0.015769029515682924,5,143.0,0.5781230895931044,1,4.0,0.6833884466847463,0,0.0,0.9689374871645685,9,169.0
2480.0,7,53.0,0.9814814814814815,7.033920360867589,4,38.0,0.0017353741142009766,3,48.0,0.6610016314878153,0,4.0,0.6497389356195994,0,0.0,0.9722385229055523,7,90.0
2485.0,9,94.0,1.6491228070175439,7.566000407597944,4,58.0,0.0006784411587948891,3,48.0,0.7385886462447001,1,5.0,0.694219447330295,0,0.0,0.9690633249578802,8,111.0
2490.0,10,134.0,2.2711864406779663,7.384137005939745,4,78.0,0.0001269090590963947,4,63.0,0.7037106885945128,1,19.0,0.6645697021825583,1,1.0,0.47638832575760237,10,161.0
2495.0,11,185.0,3.135593220338983,7.019372608673775,4,98.0,1.5196520758902824e-05,4,80.0,0.6539625133455164,3,31.0,0.542812007324187,0,0.0,0.9967798780834404,11,209.0
2500.0,14,249.0,4.220338983050848,6.78665401421804,4,118.0,4.639353526881282e-06,4,100.0,0.49777364564646415,4,51.0,0.507419974939881,0,0.0,0.9717825335488802,12,269.0
2505.0,8,157.0,2.6166666666666667,6.9796377919493775,0,25.0,0.019284035022197183,5,121.0,0.38373730617034646,1,31.0,0.6733883107900981,0,0.0,0.9707565249644252,6,177.0
2510.0,10,204.0,3.642857142857143,7.144392419124579,0,3.0,0.9421393054328563,6,145.0,0.19331804820018933,1,30.0,0.8193150814943982,0,0.0,0.9257657311623438,7,178.0
2515.0,13,267.0,4.684210526315789,6.9019776858109205,0,0.0,0.9838501618946996,6,170.0,0.4000283221452074,1,35.0,0.6900745473563983,0,0.0,0.9796240941943852,7,205.0
2520.0,12,314.0,5.607142857142857,6.7425802311106855,0,0.0,0.9610825493793875,6,200.0,0.41852408534840646,1,37.0,0.29593043336167774,0,0.0,0.9478578260709329,7,237.0
2525.0,12,272.0,4.771929824561403,5.992074335628418,2,4.0,0.1359590892429531,4,197.0,0.35773959186086796,2,47.0,0.0,0,0.0,0.9611382774426076,8,248.0
2530.0,13,301.0,5.280701754385965,5.8770166139518825,3,17.0,0.0,6,225.0,0.3697295900979577,2,57.0,0.0,1,1.0,0.46905826162537645,12,300.0
2535.0,12,360.0,6.666666666666667,6.309215100929002,3,32.0,0.0,6,255.0,0.3153611012648001,2,70.0,0.4385475025140903,1,6.0,0.4938128912230996,12,363.0
2540.0,12,420.0,8.571428571428571,6.165247502282178,3,47.0,0.0,6,286.0,0.3060400082546365,2,80.0,0.47319300196820246,1,11.0,0.3670420443182479,12,424.0
2545.0,11,421.0,8.42,5.9843084095516135,0,0.0,1.0,7,317.0,0.11790784504800018,2,90.0,0.47888730436226934,2,18.0,0.16319228562063054,11,425.0
2550.0,9,379.0,7.431372549019608,6.793298748467599,0,0.0,1.0,7,352.0,0.12097861768336388,0,32.0,0.7590409412326798,2,28.0,0.4351246941733623,9,412.0
2555.0,9,424.0,9.02127659574468,7.585071256012266,0,0.0,1.0,7,389.0,0.20904963739740676,0,3.0,0.949620946253729,2,38.0,0.46579852034531366,9,430.0
2560.0,10,472.0,9.833333333333334,7.039431736710643,0,0.0,1.0,7,424.0,0.19039004297539627,0,3.0,0.6465339088714185,2,48.0,0.5490435721118858,9,475.0
2565.0,11,475.0,9.693877551020408,6.186015470101589,0,0.0,1.0,8,462.0,0.19273900452202575,2,11.0,0.5723526285826754,0,0.0,0.793737565023473,10,473.0
2570.0,12,535.0,10.918367346938776,5.91933006424547,0,0.0,1.0,8,502.0,0.1905949014643781,2,27.0,0.46278244454558354,0,0.0,0.6777849167042964,10,529.0
2575.0,15,580.0,11.83673469387755,5.242986550646528,0,0.0,1.0,8,542.0,0.26287501275672687,5,45.0,0.2092922262649077,0,0.0,0.921663216390578,13,587.0
2580.0,13,640.0,13.333333333333334,5.430193590433743,0,0.0,1.0,8,582.0,0.21280584699787983,5,70.0,0.20254983413811772,0,0.0,0.969413933635048,13,652.0
2585.0,12,274.0,5.591836734693878,5.7329642649255605,0,0.0,1.0,5,388.0,0.225413007649003,6,96.0,0.19181326135809373,0,0.0,0.8824562176701541,11,484.0
2590.0,4,94.0,1.88,7.028477993887114,0,0.0,1.0,2,95.0,0.43712781555796565,2,33.0,0.20264222423809616,0,0.0,0.9212243519214054,4,128.0
2595.0,3,104.0,1.9259259259259258,7.8823441924828055,0,0.0,1.0,2,82.0,0.3856852054605168,1,30.0,0.3722966485040671,0,0.0,0.8435638799428175,3,112.0
2600.0,5,127.0,2.3518518518518516,8.78560595244457,0,0.0,0.6864895103062658,3,97.0,0.521389884461906,1,30.0,0.7096368015856529,1,3.0,0.7084194887237699,5,130.0
2605.0,5,152.0,2.814814814814815,8.532617160467419,0,0.0,1.0,3,112.0,0.6365848782344676,1,35.0,0.619650162509496,1,8.0,0.7086641763577486,5,155.0
2610.0,3,136.0,2.6666666666666665,8.007023943492722,0,0.0,0.9531095098002665,1,86.0,0.8104510192409607,1,40.0,0.4863813825904057,1,13.0,0.5876952550552409,3,139.0
2615.0,8,161.0,3.156862745098039,7.477672790902293,1,2.0,0.00041978694997158844,1,91.0,0.8552901501919058,1,45.0,0.38522488496549395,2,21.0,0.3992463311621017,5,159.0
2620.0,11,211.0,4.137254901960785,7.128383164862481,1,7.0,0.0,1,96.0,0.843672004822391,2,56.0,0.5611505956628998,3,36.0,0.19699442575858045,7,195.0
2625.0,9,216.0,4.153846153846154,6.793789895568166,1,12.0,0.0,1,98.0,0.70826683684191,3,67.0,0.4155786742601751,0,9.0,0.5955793149099952,5,186.0
2630.0,10,265.0,5.096153846153846,6.184757876750398,1,17.0,0.0,1,103.0,0.47903023087466884,4,95.0,0.3619931016112879,0,0.0,0.9490197069827425,6,215.0
2635.0,13,224.0,4.226415094339623,5.370651388891679,0,0.0,1.0,3,116.0,0.4227319114086669,3,41.0,0.30941619021025296,0,0.0,0.9686548405594474,6,157.0
2640.0,12,257.0,4.7592592592592595,6.546644962140871,0,3.0,0.878323569046494,3,126.0,0.5728666063996883,2,22.0,0.49047487622534663,0,0.0,0.9487318273012391,5,151.0
2645.0,10,304.0,6.204081632653061,6.7113687441049885,0,0.0,1.0,3,141.0,0.5517058862442676,2,13.0,0.4248887166839573,0,0.0,0.9750832242171991,5,154.0
2650.0,11,325.0,6.372549019607843,5.909048321872578,0,0.0,1.0,1,123.0,0.6176543026230593,4,30.0,0.4090041105948098,0,0.0,0.9312249720519563,5,153.0
2655.0,9,324.0,6.230769230769231,5.875319970015767,0,0.0,1.0,2,161.0,0.6359177374321251,1,1.0,0.626389413622496,0,0.0,0.987687390478228,3,162.0
2660.0,6,244.0,4.6923076923076925,6.992898489833569,0,0.0,1.0,2,180.0,0.5275102629287871,1,9.0,0.7600265234902838,0,0.0,0.9524975499371382,3,189.0
2665.0,8,278.0,5.148148148148148,7.19183760074514,0,3.0,0.013779604401255283,3,193.0,0.6575664670399644,2,15.0,0.6383322003372035,0,0.0,0.9240094965085378,5,211.0
2670.0,10,326.0,5.927272727272728,7.185231771719226,1,8.0,0.0,3,224.0,0.6495202939449081,2,25.0,0.6987889545198718,0,0.0,0.9116196759395304,6,257.0
2675.0,11,377.0,6.981481481481482,6.231371409594787,1,13.0,0.0,3,239.0,0.6746460131804927,2,35.0,0.4907523698945376,1,1.0,0.6224245113003585,7,288.0
2680.0,10,304.0,5.735849056603773,5.9476623126804125,1,18.0,0.0,3,255.0,0.5952899820233778,3,49.0,0.4878675489748537,1,6.0,0.6342373733776481,8,328.0
2685.0,10,305.0,5.545454545454546,5.964781822513796,1,23.0,0.0,5,269.0,0.5853474137558262,3,64.0,0.4338445497359317,0,0.0,0.5080900744235094,9,356.0
2690.0,10,287.0,5.415094339622642,6.333743612002411,1,28.0,0.0,4,197.0,0.45962554260393174,4,87.0,0.3748730734417869,0,0.0,0.9455261974871585,9,312.0
2695.0,10,322.0,6.313725490196078,5.672895836169157,1,33.0,0.0,5,188.0,0.2864372233462435,3,91.0,0.15897216217882024,0,0.0,0.9944267176647773,9,312.0
2700.0,10,357.0,7.285714285714286,6.251022249384041,1,41.0,0.43417112638978655,5,218.0,0.3299852202132106,4,132.0,0.23650535580466983,0,0.0,0.9978721722657758,10,391.0
2705.0,10,370.0,7.115384615384615,6.262666769173359,0,3.0,0.4454756935867211,5,239.0,0.30062033472244426,5,155.0,0.3167100715157218,0,0.0,0.9953850823013519,10,397.0
2710.0,7,357.0,7.0,6.548162313354574,0,0.0,1.0,2,203.0,0.4718492151214409,5,180.0,0.46147124115740806,0,0.0,0.9591572982224121,7,383.0
2715.0,9,398.0,8.122448979591837,6.658015092804412,0,0.0,1.0,3,216.0,0.43963372320705535,5,205.0,0.5065285359514945,0,0.0,0.4839578588097854,8,421.0
2720.0,9,323.0,6.333333333333333,6.748932672693872,0,0.0,1.0,3,231.0,0.5455849098667407,5,172.0,0.4981598226061168,1,5.0,0.09501891622373475,9,408.0
2725.0,7,288.0,5.333333333333333,7.699687799114506,0,0.0,1.0,3,246.0,0.5452621776034648,2,86.0,0.6296896809305234,2,14.0,0.12238129749096681,7,346.0
2730.0,8,306.0,5.666666666666667,7.925444974591877,0,0.0,1.0,4,244.0,0.2879887901129155,2,68.0,0.6487213218461747,2,24.0,0.2595386145392447,8,336.0
2735.0,10,351.0,6.75,7.787136728178488,0,0.0,1.0,5,268.0,0.31463380431339183,3,79.0,0.4820251770422382,2,34.0,0.32170842835360797,10,381.0
2740.0,9,343.0,6.596153846153846,6.726094019167215,0,0.0,1.0,6,294.0,0.18191851932980285,1,12.0,0.49318814795712673,2,44.0,0.3080565258996901,9,350.0
2745.0,10,393.0,7.277777777777778,7.318156978537423,0,0.0,1.0,6,327.0,0.2995606291201913,2,19.0,0.4181733626650682,2,54.0,0.4075833082302435,10,400.0
2750.0,7,312.0,6.117647058823529,6.238693366181528,0,0.0,1.0,2,283.0,0.45300118928770416,3,31.0,0.02653498447347351,0,0.0,0.5996246175082001,5,314.0
2755.0,10,355.0,6.826923076923077,6.544280643042393,0,0.0,1.0,3,295.0,0.48922326004484,3,52.0,0.3111941170292641,0,0.0,0.9935301067565854,6,347.0
2760.0,10,358.0,6.62962962962963,6.506374659946876,0,0.0,1.0,3,310.0,0.46476939056891037,0,16.0,0.7670445534523596,0,0.0,0.9349086378503798,3,326.0
2765.0,10,408.0,7.418181818181818,6.990047314187012,0,6.0,0.7445539026661192,3,326.0,0.5150628894283069,0,10.0,0.6823818283229223,0,0.0,0.94201409373475,3,342.0
2770.0,9,399.0,7.254545454545455,6.951876615864942,0,3.0,0.31930506011154175,3,337.0,0.5288848749927678,2,12.0,0.6177070007179982,0,0.0,0.9693868358962336,5,352.0
2775.0,11,451.0,8.053571428571429,7.4472319906365625,2,10.0,0.0003661663472240175,3,352.0,0.599170305169135,2,22.0,0.6783273258621095,0,0.0,0.9570664967874695,7,384.0
2780.0,9,415.0,7.980769230769231,7.061503586585583,2,20.0,0.0,3,367.0,0.607931138115815,2,32.0,0.6253956841330441,0,0.0,0.6364858375607965,7,419.0
2785.0,10,454.0,8.901960784313726,6.465750037366963,2,30.0,0.17172861860442,3,382.0,0.609719385651695,3,46.0,0.4408518642700207,1,5.0,0.6566073029504041,9,463.0
2790.0,6,424.0,8.0,5.846396597852823,2,40.0,0.019277666631889078,2,361.0,0.4592646025764676,2,42.0,0.3515436803861988,0,0.0,0.9262882008407183,6,443.0
2795.0,9,461.0,8.381818181818181,6.279336152685102,2,50.0,0.004716238469691269,5,382.0,0.21606555769278515,2,43.0,0.3342624641866591,0,0.0,0.9472862302220586,9,475.0
2800.0,12,516.0,9.381818181818181,6.214330499156707,3,64.0,0.0006239332276274837,5,407.0,0.2146120246634087,4,59.0,0.3578910706382954,0,0.0,0.9527012533728764,12,530.0
2805.0,12,509.0,9.425925925925926,5.898850244155386,0,8.0,0.01634023079373806,7,436.0,0.21501651304596806,5,97.0,0.19232343471248958,0,0.0,0.979778555420723,12,541.0
2810.0,9,463.0,8.12280701754386,6.019264372572107,0,0.0,1.0,2,405.0,0.48972191802941994,6,85.0,0.05154568112968146,0,0.0,0.9826689958925906,8,490.0
2815.0,12,505.0,9.017857142857142,6.164706443329786,0,3.0,0.8808274842325117,3,412.0,0.3491412817180645,6,102.0,0.23538858945680516,0,0.0,0.9807141858193212,9,517.0
2820.0,14,564.0,9.894736842105264,6.051489794557137,0,0.0,1.0,3,427.0,0.5447549123670132,7,124.0,0.2584009917574067,0,0.0,0.9366726547178388,10,551.0
2825.0,15,626.0,10.793103448275861,6.330579279114558,0,0.0,1.0,3,442.0,0.545000570940967,8,163.0,0.22127785094261235,0,0.0,0.9583034908006213,11,605.0
2830.0,10,632.0,10.360655737704919,7.048980194512794,0,0.0,1.0,3,472.0,0.5976136704552342,7,184.0,0.275761983772588,0,0.0,0.9646344508090816,10,656.0
2835.0,8,232.0,3.8666666666666667,7.399516031655232,0,3.0,0.9308773636089267,1,190.0,0.7327847764760255,7,219.0,0.38512964867110205,0,0.0,0.9586415171848566,8,412.0
2840.0,9,275.0,5.188679245283019,6.982238471768905,0,0.0,1.0,2,57.0,0.6147699550866433,7,257.0,0.3290519419801215,0,0.0,0.9688224996329928,9,314.0
2845.0,10,321.0,5.944444444444445,6.649509742549736,0,0.0,1.0,3,68.0,0.38926091994298256,7,290.0,0.28648619830670047,0,0.0,0.9566645157038768,10,358.0
2850.0,13,384.0,6.9818181818181815,6.621675875080757,0,0.0,1.0,4,86.0,0.23327740359252244,9,343.0,0.26761809948765963,0,0.0,0.9538792840036038,13,429.0
2855.0,13,444.0,8.222222222222221,5.806119276790198,0,0.0,1.0,3,98.0,0.23696793181092712,10,383.0,0.22665437415540948,0,0.0,0.9576768362626694,13,481.0
2860.0,16,520.0,9.454545454545455,5.204996898616534,0,0.0,1.0,3,113.0,0.2406812346449843,10,433.0,0.13930145559341345,0,0.0,0.9501544163572976,13,546.0
2865.0,20,615.0,10.982142857142858,5.184611468977527,0,0.0,1.0,3,133.0,0.47985421765492575,11,488.0,0.13732582425124013,0,0.0,0.7881917942164277,14,621.0
2870.0,26,738.0,12.947368421052632,4.7403766061036725,0,0.0,1.0,3,146.0,0.47620104546292036,14,556.0,0.10710841383862504,1,4.0,0.6447413167097342,18,706.0
2875.0,17,275.0,4.910714285714286,4.040051574662328,0,0.0,1.0,4,162.0,0.33584262180776486,3,216.0,0.20332229936401616,1,9.0,0.6399421153756476,8,387.0
2880.0,10,149.0,2.6607142857142856,5.5103593360689205,0,6.0,0.5227242413005921,1,67.0,0.45940199402131005,0,38.0,0.5227665130171607,0,0.0,0.9605010970862784,1,111.0
2885.0,11,194.0,3.4035087719298245,6.673833377245732,0,0.0,0.630524806265518,1,10.0,0.7586360674033555,0,10.0,0.7067970237832699,0,0.0,0.9556135747478742,1,20.0
2890.0,11,216.0,3.7241379310344827,6.999257907562525,0,0.0,0.8265833683472577,1,15.0,0.8138960396724899,0,0.0,0.9399245956534403,0,0.0,0.9369411090909934,1,15.0
2895.0,11,226.0,3.896551724137931,7.3778964512885405,0,0.0,1.0,1,20.0,0.8008712539573153,1,1.0,0.6228954982467602,0,0.0,0.9811889861407701,2,21.0
2900.0,11,270.0,4.5,7.471384218461755,0,0.0,1.0,0,9.0,0.9628204002596515,1,6.0,0.6178626636144081,0,0.0,0.9660693596808553,1,15.0
2905.0,7,110.0,1.8644067796610169,7.0250634649518044,0,0.0,1.0,0,9.0,0.9486759417067793,1,11.0,0.3088759219241354,0,0.0,0.6495976852140272,1,20.0
2910.0,5,32.0,0.5925925925925926,6.7524118715588335,0,0.0,1.0,0,3.0,0.9565639100755791,2,22.0,0.5446860995170373,1,4.0,0.6136134412290221,3,29.0
2915.0,3,31.0,0.6078431372549019,6.999346716900149,0,0.0,1.0,0,26.0,0.8971412138798186,2,32.0,0.5759449346461173,0,0.0,0.9844048196484441,2,58.0
2920.0,2,39.0,0.7090909090909091,6.8151427858730225,0,0.0,1.0,0,26.0,0.5720608318845731,2,45.0,0.46527528442535554,0,0.0,0.9435040975160547,2,71.0
2925.0,6,62.0,1.1272727272727272,6.700446327067943,0,0.0,1.0,2,33.0,0.5453498066962362,4,61.0,0.3575672285636229,0,0.0,0.9417489181269897,6,94.0
2930.0,8,96.0,1.8113207547169812,6.677096121398206,0,0.0,1.0,3,45.0,0.38253398500535196,5,83.0,0.25434014736122235,0,0.0,0.9450973742525616,8,128.0
2935.0,9,141.0,2.7115384615384617,6.976847485170085,0,0.0,1.0,3,60.0,0.47351489833752464,6,113.0,0.261428075395458,0,0.0,0.9094210979618611,9,173.0
2940.0,9,163.0,3.326530612244898,6.4052415526990325,0,0.0,1.0,2,23.0,0.23788962257814028,7,146.0,0.10506655346373532,0,0.0,0.965686245925732,9,169.0
2945.0,11,215.0,4.387755102040816,6.357614486062763,0,0.0,1.0,3,38.0,0.38383988869608177,7,182.0,0.0020251870439324483,1,2.0,0.4809923790172494,11,222.0
2950.0,13,276.0,5.52,6.680398184172648,0,0.0,1.0,3,53.0,0.39117461796462216,8,240.0,0.06381500801375141,1,7.0,0.5499203433996073,12,300.0
2955.0,6,110.0,2.1153846153846154,5.813176820851041,0,0.0,1.0,3,68.0,0.1932156353626201,2,109.0,0.09686318766268115,1,12.0,0.6033189251879894,6,189.0
2960.0,10,111.0,2.1346153846153846,6.068377569158618,0,3.0,0.6374988689587227,4,97.0,0.357872803356452,2,70.0,0.14148110861824417,0,0.0,0.9457777349268959,6,170.0
2965.0,10,156.0,2.943396226415094,6.212471691108348,0,6.0,0.18112504272122812,4,117.0,0.5006183464268894,2,73.0,0.39955013340337536,0,0.0,0.9383925270930674,6,196.0
2970.0,8,163.0,2.963636363636364,6.731331031598988,0,0.0,0.11347547136763614,4,137.0,0.4898240578057324,3,83.0,0.2449380952700153,0,0.0,0.9419467184301655,7,220.0
2975.0,10,209.0,3.6666666666666665,6.758989630556387,0,0.0,1.0,5,162.0,0.5169915712054494,3,98.0,0.4265951231204587,0,0.0,0.983725520461863,8,260.0
2980.0,14,262.0,4.517241379310345,6.730377891289361,0,0.0,1.0,5,187.0,0.5232495966290971,5,128.0,0.10945929445801927,0,0.0,0.9443882555777106,10,315.0
2985.0,8,106.0,1.8928571428571428,6.587359116117319,0,0.0,1.0,0,67.0,0.6018449772541272,7,160.0,8.30730947881092e-05,0,0.0,0.9701672434587488,7,227.0
2990.0,8,140.0,2.413793103448276,7.4300678007289385,0,0.0,1.0,1,4.0,0.6915438167175488,7,195.0,0.0,0,0.0,0.9515490395459556,8,199.0
2995.0,7,148.0,2.5517241379310347,8.200724770690487,0,0.0,1.0,1,9.0,0.6800569141188888,5,204.0,0.3917517591119946,0,0.0,0.9866685914766773,6,213.0
3000.0,10,188.0,3.2982456140350878,7.954298456130031,0,0.0,1.0,2,19.0,0.3708442881108386,5,229.0,0.5722964633309297,1,1.0,0.49284773263801523,8,249.0
3005.0,11,239.0,4.425925925925926,7.3679663746411395,0,0.0,1.0,2,29.0,0.44681296813079074,6,255.0,0.4843813822086635,1,6.0,0.4739754493494988,9,290.0
3010.0,13,287.0,5.125,6.605601575067199,0,0.0,1.0,3,40.0,0.3499692723287567,6,285.0,0.4754489252251037,0,0.0,0.9644918643740961,9,325.0
3015.0,12,236.0,4.214285714285714,6.639249255553744,0,0.0,1.0,3,55.0,0.3927199717832942,4,236.0,0.542509253384506,0,0.0,0.9600589337837344,7,291.0
3020.0,15,205.0,3.6607142857142856,5.781076554679046,0,0.0,1.0,3,73.0,0.537063775275669,5,116.0,0.3939172859077456,0,0.0,0.9409158371179637,8,189.0
3025.0,15,264.0,4.631578947368421,6.407300320592742,0,0.0,1.0,3,90.0,0.6074562372386221,6,89.0,0.2973811245855608,0,0.0,0.9710304900291944,9,179.0
3030.0,13,269.0,4.719298245614035,6.084785308869138,0,0.0,1.0,4,108.0,0.5242085824532966,6,119.0,0.11121576911199418,0,0.0,0.5687836778092747,10,227.0
3035.0,11,260.0,4.814814814814815,5.636295213412046,0,0.0,1.0,6,131.0,0.37481323747074147,1,98.0,0.26318537168522693,1,5.0,0.4957472470234888,8,234.0
3040.0,12,282.0,5.529411764705882,6.140968447160649,0,6.0,0.5590573009952078,6,164.0,0.44887855253965575,2,81.0,0.47834612753158556,1,10.0,0.4783470580592581,9,261.0
3045.0,10,168.0,3.169811320754717,5.034770116288305,1,10.0,0.20570083485408008,4,88.0,0.36785832914885885,3,92.0,0.3797103798658569,1,15.0,0.37449946401543643,9,205.0
3050.0,14,206.0,3.9615384615384617,5.691442100235265,3,25.0,0.028125757204997298,4,95.0,0.4787134117246013,3,107.0,0.375297767779999,0,0.0,0.596981213975052,10,227.0
3055.0,10,234.0,4.415094339622642,6.533933200154449,4,42.0,0.0032385995648469405,4,115.0,0.5243258073864734,2,98.0,0.5028811230379376,0,0.0,0.9505696363242345,10,255.0
3060.0,13,293.0,5.528301886792453,6.7541313006963515,5,67.0,0.0006816273514971126,4,173.0,0.42328262527366683,4,112.0,0.31881193197695246,0,0.0,0.9867939498794294,13,352.0
3065.0,14,363.0,6.722222222222222,6.54191732269693,5,92.0,9.384834848256889e-05,5,198.0,0.42677099683831077,4,132.0,0.2227989547762876,0,0.0,0.9891720188020201,14,422.0
3070.0,16,438.0,8.423076923076923,6.172003671059281,5,117.0,1.8103806282487146e-05,6,194.0,0.22280503080215444,5,155.0,0.15369207021680623,0,0.0,0.9705054774418274,16,466.0
3075.0,18,520.0,10.0,5.772700964961128,5,142.0,7.240097381390503e-06,7,225.0,0.19676901813456776,6,186.0,0.1856838568332959,0,0.0,0.9814910421445281,18,553.0
3080.0,17,467.0,8.49090909090909,5.26315555229736,5,167.0,0.0,8,256.0,0.05558311336024927,4,115.0,0.07737793005961623,0,0.0,0.9724704552974485,17,538.0
3085.0,6,112.0,2.0,6.220925990904206,0,60.0,0.02567121317303435,1,45.0,0.2329434431485624,5,95.0,0.1378964083445419,0,0.0,0.9786581367740511,6,200.0
3090.0,8,148.0,2.690909090909091,6.980563852201259,0,0.0,1.0,1,40.0,0.599258872121903,7,126.0,0.11978280435728263,0,0.0,0.9794371320923518,8,166.0
3095.0,8,188.0,3.357142857142857,7.876941184213597,0,0.0,1.0,1,86.0,0.7049268224338899,7,170.0,0.2703651965313213,0,0.0,0.9424576465568475,8,256.0
3100.0,9,216.0,3.857142857142857,7.48487106298545,0,0.0,1.0,2,86.0,0.4815226291224479,6,181.0,0.4376892326841643,0,0.0,0.9380088362911543,8,267.0
3105.0,9,255.0,4.636363636363637,7.129494533516785,0,0.0,1.0,3,59.0,0.41056452671264304,6,211.0,0.4129879900372197,0,0.0,0.9820790641355791,9,270.0
3110.0,10,305.0,5.446428571428571,7.672960212258194,0,0.0,1.0,4,79.0,0.4557869312467168,6,241.0,0.4504113616379487,0,0.0,0.9711370548637407,10,320.0
3115.0,11,358.0,6.509090909090909,7.933244221400784,0,0.0,1.0,4,99.0,0.48170908048096894,7,294.0,0.484818609464754,0,0.0,0.939341578324405,11,393.0
3120.0,8,155.0,2.8703703703703702,6.845881584567318,0,0.0,1.0,5,121.0,0.27201119717316685,2,69.0,0.4082873380877798,1,1.0,0.6043466832019552,8,191.0
3125.0,4,75.0,1.3636363636363635,7.214961172271419,0,6.0,0.917143081163116,1,96.0,0.4600642754125828,1,25.0,0.5551353731645952,1,6.0,0.3320365469385927,3,133.0
3130.0,8,111.0,2.0943396226415096,8.108605532698585,0,0.0,0.7495632887230288,1,82.0,0.7462025753421553,1,28.0,0.6904501819714418,2,16.0,0.3263794229564477,4,126.0
3135.0,7,127.0,2.267857142857143,8.51537191076485,0,0.0,0.9922770598477797,2,89.0,0.752371435335355,1,36.0,0.7002003809668306,0,0.0,0.9678839383232585,3,125.0
3140.0,7,146.0,2.6545454545454548,7.701306074650182,0,0.0,1.0,3,101.0,0.6410593784136447,0,6.0,0.7772970691302863,0,0.0,0.9581887376798408,3,107.0
3145.0,7,167.0,3.036363636363636,7.258395683704386,0,0.0,1.0,1,97.0,0.8451780956470375,0,6.0,0.7256303114912371,0,0.0,0.9584677529615445,1,103.0
3150.0,12,220.0,4.150943396226415,6.9793839973900695,0,0.0,1.0,1,102.0,0.8383535240105708,2,13.0,0.5427372003163707,0,0.0,0.9930913326407443,3,115.0
3155.0,16,287.0,5.125,5.874485729111824,0,0.0,1.0,1,98.0,0.7289817139094925,3,27.0,0.3630936739409229,0,0.0,0.9437686239298685,4,125.0
3160.0,14,290.0,5.686274509803922,5.540024486453526,0,0.0,1.0,1,103.0,0.7146607020286764,5,47.0,0.35578505354417256,0,0.0,0.956623776597372,6,150.0
3165.0,17,263.0,5.1568627450980395,5.596756765891288,0,0.0,1.0,0,3.0,0.8729813128442373,5,72.0,0.35761037928726785,0,0.0,0.9462327443803166,5,75.0
3170.0,17,337.0,6.480769230769231,5.75638689360831,0,0.0,1.0,1,3.0,0.6804135698066995,5,100.0,0.4196776279376716,0,0.0,0.9594319241860613,6,103.0
3175.0,16,366.0,7.176470588235294,5.423828569629393,0,0.0,1.0,2,22.0,0.5092135176458191,5,125.0,0.3645708606334792,0,0.0,0.5987229779572812,7,147.0
3180.0,9,105.0,2.1,5.298877724736287,0,0.0,1.0,3,35.0,0.4276660613599754,0,27.0,0.7428288307219759,0,0.0,0.975439060724189,3,62.0
3185.0,3,21.0,0.4375,5.989224155578249,0,3.0,0.6111038666059687,1,28.0,0.5381098560274676,0,5.0,0.8187935289720608,0,0.0,0.9942960655435517,1,36.0
3190.0,2,19.0,0.37254901960784315,6.864353011798776,0,0.0,1.0,2,28.0,0.5935544518517901,0,3.0,0.9525791693203894,0,0.0,0.9681212561701069,2,31.0
3195.0,2,29.0,0.5686274509803921,7.349237136127009,0,0.0,1.0,2,38.0,0.6844161024622426,0,0.0,0.985391972507601,0,0.0,0.9824401335800921,2,38.0
3200.0,3,42.0,0.7924528301886793,7.29889326097,0,0.0,1.0,2,52.0,0.7346960958222332,1,3.0,0.5000735678524415,0,0.0,0.9531101196197868,3,55.0
3205.0,3,57.0,1.0754716981132075,7.72572798724798,0,0.0,1.0,2,62.0,0.7256999751879425,1,8.0,0.4896335854958713,0,0.0,0.9824329543196471,3,70.0
3210.0,4,77.0,1.5098039215686274,7.427315808703791,0,0.0,1.0,2,69.0,0.5240598235332894,1,34.0,0.6542190621327851,0,0.0,0.8240613059114086,3,103.0
3215.0,9,113.0,2.173076923076923,6.5052106756668815,0,0.0,1.0,5,91.0,0.448936728223152,2,41.0,0.2520297508438099,1,2.0,0.47415499326235694,8,134.0
3220.0,14,170.0,3.4693877551020407,5.696845018156084,0,0.0,1.0,8,149.0,0.20187879302399112,4,60.0,0.18951175094412775,1,7.0,0.4824415303752549,13,216.0
3225.0,7,68.0,1.3333333333333333,6.224948018937096,0,0.0,1.0,4,93.0,0.3371680999971319,2,51.0,0.24583666222890282,1,12.0,0.6391248565280404,7,156.0
3230.0,6,86.0,1.72,6.759683777279484,0,0.0,1.0,4,78.0,0.3273578569413067,2,53.0,0.46934355717217796,0,0.0,0.9466479672960804,6,131.0
3235.0,8,120.0,2.3529411764705883,7.363936765861621,0,0.0,1.0,5,101.0,0.26532023196814764,2,72.0,0.630656573187866,0,0.0,0.9589409796413899,7,173.0
3240.0,10,164.0,3.1538461538461537,8.137459834015221,0,0.0,1.0,7,134.0,0.4042619890370512,3,81.0,0.549321865089741,0,0.0,0.9462829207630787,10,215.0
3245.0,10,214.0,4.037735849056604,8.236449709535156,0,0.0,1.0,7,169.0,0.37292383516767047,3,96.0,0.5500868289255252,0,0.0,0.9469550108291017,10,265.0
3250.0,12,272.0,5.132075471698113,7.1803629505311415,0,0.0,1.0,8,209.0,0.37141431760024674,4,111.0,0.4541126690210721,0,0.0,0.9842228851166308,12,320.0
3255.0,11,279.0,5.58,7.023059709337788,0,0.0,1.0,8,249.0,0.4070622323903538,3,73.0,0.5278264952302956,0,0.0,0.9688823900612098,11,322.0
3260.0,12,316.0,6.076923076923077,7.052262310580669,0,0.0,1.0,8,289.0,0.43347987958873374,4,59.0,0.3193004300876099,0,0.0,0.9487806365722924,12,348.0
3265.0,13,373.0,7.037735849056604,7.111991103961485,0,0.0,0.9176838098511892,9,330.0,0.3780329883744103,4,70.0,0.4091214734477971,0,0.0,0.6963311666223044,13,400.0
3270.0,15,443.0,8.203703703703704,6.8065024672554,0,0.0,1.0,9,375.0,0.2939834806132726,5,92.0,0.3644840816679596,1,3.0,0.4758564439419732,15,470.0
3275.0,14,510.0,9.272727272727273,6.212361143840061,0,0.0,1.0,9,420.0,0.29234189473823186,5,117.0,0.2818711401370572,0,0.0,0.9851824011862672,14,537.0
3280.0,14,516.0,9.735849056603774,6.048935159868806,0,0.0,1.0,9,462.0,0.17231903010974792,4,80.0,0.3057765317668364,0,0.0,0.9372310958956769,13,542.0
3285.0,16,589.0,10.907407407407407,5.594343831558259,0,0.0,1.0,9,507.0,0.1715966654511947,5,99.0,0.2120483295268715,0,0.0,0.9413880745602146,14,606.0
3290.0,16,397.0,7.784313725490196,5.162462567810333,0,0.0,1.0,5,388.0,0.1523099020643372,8,132.0,0.09780897870201213,0,0.0,0.9781897776857449,13,520.0
3295.0,15,242.0,4.84,5.6287088023428105,0,0.0,1.0,1,154.0,0.48694072140275946,9,174.0,0.172432653312148,0,0.0,0.9644795272771219,10,328.0
3300.0,8,113.0,2.215686274509804,6.0384776372903,0,0.0,1.0,1,36.0,0.34621743020611473,2,67.0,0.32932022985631365,0,0.0,0.9440386344557921,3,103.0
3305.0,5,78.0,1.5294117647058822,6.683440883000711,0,6.0,0.5602432758447777,2,52.0,0.445135900453608,1,27.0,0.5343133768784627,0,0.0,0.4962929929987431,3,85.0
3310.0,8,91.0,1.82,6.841551191493379,3,12.0,0.26575349349707517,2,62.0,0.5712049045190426,2,27.0,0.5710311265239421,1,5.0,0.47584829184174926,8,106.0
3315.0,7,121.0,2.372549019607843,6.480130696590634,3,27.0,0.05895175263869869,2,74.0,0.41645267589134743,2,37.0,0.5531400141105091,0,0.0,0.9456418028403832,7,138.0
3320.0,8,160.0,3.2,6.357625030243742,3,42.0,0.0111661561343782,3,88.0,0.4806663086725808,2,63.0,0.5385763934278552,0,0.0,0.9570636707272493,8,193.0
3325.0,12,215.0,4.3,6.326601819078665,6,69.0,0.002590777625952252,3,101.0,0.47692811850802763,3,76.0,0.3589389283257104,0,0.0,0.9652145903365761,12,246.0
3330.0,15,224.0,4.3076923076923075,6.099162189260175,7,103.0,0.00036843320691398214,2,50.0,0.5710948602812943,6,103.0,0.15987675754371314,0,0.0,0.9216729045886441,15,256.0
3335.0,18,307.0,5.685185185185185,5.609986239524978,7,138.0,0.00010408447820079231,2,60.0,0.520373203511592,7,138.0,0.13429946269061166,0,0.0,0.6829236826673776,16,336.0
3340.0,17,324.0,6.113207547169812,5.620729683444556,7,173.0,2.5894997425153718e-05,4,78.0,0.3867288727769133,5,118.0,0.2418851080542509,1,3.0,0.6582740873107064,17,372.0
3345.0,11,229.0,4.490196078431373,5.859488773760781,1,88.0,0.018830966710954366,4,98.0,0.39502324585948845,5,117.0,0.3507453553859124,1,8.0,0.44592246682748365,11,311.0
3350.0,9,155.0,2.980769230769231,6.087605024560397,0,20.0,0.08268985701567003,1,4.0,0.39874454266225984,6,143.0,0.32047478597178575,2,16.0,0.4821466385193637,9,183.0
3355.0,8,177.0,3.2777777777777777,6.76990542180636,0,0.0,0.6159000960473868,2,10.0,0.4771389044038273,6,173.0,0.3613992833440456,0,7.0,0.5585965271773754,8,190.0
3360.0,9,131.0,2.425925925925926,7.418067497348268,0,0.0,1.0,2,20.0,0.5670278562890827,6,159.0,0.3707998276125908,0,0.0,0.9507220464094294,8,179.0
3365.0,9,155.0,2.8181818181818183,7.845473865523591,0,0.0,1.0,2,30.0,0.5895701359822473,6,138.0,0.3740190420141977,0,0.0,0.9221959505321357,8,168.0
3370.0,10,199.0,3.491228070175439,8.351419286856231,0,0.0,1.0,2,40.0,0.7125925560029268,8,171.0,0.3706326625549544,0,0.0,0.9376035497216111,10,211.0
3375.0,11,250.0,4.62962962962963,7.872577584780323,0,0.0,1.0,2,51.0,0.6445103537717533,9,212.0,0.2840859297430839,0,0.0,0.9399623322606329,11,263.0
3380.0,7,81.0,1.7608695652173914,5.955050076975457,0,0.0,1.0,4,65.0,0.31717280587177327,1,60.0,0.36299566443836584,0,0.0,0.6771771917574654,5,125.0
3385.0,13,112.0,2.382978723404255,5.892465144137474,0,3.0,0.33642562776858614,5,96.0,0.38502963719039995,0,17.0,0.7403543840734274,3,3.0,0.24578029915217708,8,119.0
3390.0,10,79.0,1.6122448979591837,5.873285596006458,2,8.0,0.37277929640189045,1,39.0,0.5554880347777896,0,0.0,0.8904688234508733,2,13.0,0.11333692854347485,5,60.0
3395.0,14,144.0,2.938775510204082,6.456575058546795,3,19.0,0.02608883987412352,2,31.0,0.6685358732923847,0,0.0,0.9361748082565877,3,28.0,0.2197556985949964,8,78.0
3400.0,17,219.0,4.38,5.264958835822593,4,36.0,0.003707925259728753,2,41.0,0.6762331501514414,0,0.0,0.933798360889574,3,43.0,0.23766530476112144,9,120.0
3405.0,13,184.0,3.5384615384615383,5.687554083808793,5,60.0,0.0006860232606993083,2,51.0,0.5200518914160818,0,0.0,0.909568685171521,0,20.0,0.5711108759417182,7,131.0
3410.0,11,220.0,4.313725490196078,6.302662907570328,5,85.0,0.0001909512217371186,3,65.0,0.5532485416816917,0,6.0,0.6504951574716554,0,0.0,0.8450248244327773,8,156.0
3415.0,16,288.0,5.538461538461538,5.295727714429284,5,110.0,1.629761698419443e-05,3,80.0,0.562281913355953,3,14.0,0.2908005198094778,0,0.0,0.846137610878835,11,204.0
3420.0,18,357.0,6.865384615384615,4.5999779789557556,5,135.0,2.658269148729193e-06,6,101.0,0.14523560348142275,1,16.0,0.2817459226342479,0,0.0,0.8452489540566988,12,252.0
3425.0,12,274.0,4.892857142857143,5.495616238719761,0,49.0,0.03907144310157646,6,134.0,0.2150030559521461,2,10.0,0.29124410165492215,0,0.0,0.8770399920884653,8,193.0
3430.0,3,39.0,0.6964285714285714,6.47148023127606,0,0.0,1.0,0,7.0,0.4408704792109622,2,15.0,0.28417417950063545,0,0.0,0.8231170034750042,2,22.0
3435.0,8,52.0,0.896551724137931,6.565515421206984,0,0.0,1.0,0,3.0,0.9446059048510946,2,25.0,0.3747118253628099,2,4.0,0.4553489454428905,4,32.0
3440.0,5,63.0,1.0862068965517242,7.720934637274597,0,0.0,1.0,0,12.0,0.8567542423924683,2,44.0,0.6429349972613004,2,14.0,0.5404055259942475,4,70.0
3445.0,3,60.0,1.0526315789473684,8.071589229883545,0,0.0,1.0,1,15.0,0.6715800087879142,2,54.0,0.6304043417201232,0,10.0,0.7187784618922137,3,79.0
3450.0,5,78.0,1.3448275862068966,7.978562698028744,0,0.0,1.0,3,20.0,0.24725286861026058,2,67.0,0.5225874485600207,0,0.0,0.9313672599283621,5,87.0
3455.0,7,111.0,2.018181818181818,7.9059307447329426,0,0.0,1.0,3,35.0,0.23618064336753336,3,82.0,0.49079112060049673,1,3.0,0.6401085911292507,7,120.0
3460.0,11,151.0,2.9607843137254903,6.621085247065003,0,0.0,1.0,4,52.0,0.15447817244418763,5,99.0,0.4678349299384005,2,9.0,0.48574775401948866,11,160.0
3465.0,11,206.0,4.291666666666667,6.314717382673661,0,0.0,1.0,4,72.0,0.26685226734142725,5,124.0,0.34830995009421994,2,19.0,0.32903303070095363,11,215.0
3470.0,16,247.0,4.94,5.743744346424059,0,0.0,1.0,3,60.0,0.25064205368484976,9,160.0,0.15926243768483164,2,29.0,0.3232880541139688,14,249.0
3475.0,19,331.0,6.245283018867925,5.0754361509542,0,0.0,1.0,3,90.0,0.446598494094475,11,211.0,0.027347078755287812,3,39.0,0.24350809489984052,17,340.0
3480.0,21,434.0,8.037037037037036,5.268149502960534,0,0.0,1.0,3,90.0,0.5468744447370378,14,285.0,0.11420667653202425,2,49.0,0.12968807498827856,19,424.0
3485.0,14,272.0,4.945454545454545,5.234012484038954,0,0.0,1.0,4,109.0,0.2707557769673829,5,129.0,0.2031946277486445,3,64.0,0.24114177565421502,12,302.0
3490.0,15,318.0,5.781818181818182,5.849328392930158,0,6.0,0.6650059530157695,5,143.0,0.3942433452235612,4,99.0,0.42479431515934124,3,79.0,0.24816769775346004,12,327.0
3495.0,18,399.0,6.879310344827586,5.840385729128229,1,10.0,0.14695850861738963,5,165.0,0.4906406851838581,5,96.0,0.3672519661668436,3,94.0,0.3885242714235993,14,365.0
3500.0,20,363.0,6.1525423728813555,5.615474913462189,3,23.0,0.018358407748576503,8,199.0,0.4091537085665411,5,121.0,0.36289607661364837,0,40.0,0.6651254348310027,16,383.0
3505.0,17,397.0,6.508196721311475,5.961026524251102,3,38.0,0.002936436432029557,8,240.0,0.4242410028791501,5,163.0,0.36656540253847336,0,0.0,0.9635627524524776,16,441.0
3510.0,20,412.0,6.866666666666666,5.482220365995238,4,56.0,0.018744958118461087,8,264.0,0.38863803039747863,5,154.0,0.3948041586923616,0,0.0,0.9502512180116138,17,474.0
3515.0,20,450.0,7.142857142857143,5.508896346246082,4,76.0,0.003220259124793854,9,311.0,0.43312992789728966,4,101.0,0.3087225917701739,0,0.0,0.9602850847376203,17,488.0
3520.0,24,563.0,9.080645161290322,5.4145195125714,5,100.0,0.0005207879598707957,9,353.0,0.461403824820075,5,88.0,0.3612377223542015,0,0.0,0.9440530296739224,19,541.0
3525.0,29,699.0,11.095238095238095,4.355405551971434,5,125.0,0.03442091825162747,9,398.0,0.31913583408726987,6,114.0,0.3059773555529684,0,0.0,0.9699536684483011,20,637.0
3530.0,20,371.0,5.537313432835821,4.410595723854772,0,38.0,0.05697356490347435,8,271.0,0.24227322323723524,6,144.0,0.2952247759773563,0,0.0,0.9859122516578818,14,453.0
3535.0,11,196.0,2.925373134328358,5.865091321585685,0,0.0,1.0,2,109.0,0.40612353831497355,7,179.0,0.3216591267032274,0,0.0,0.5169683625419239,9,288.0
3540.0,5,104.0,1.625,7.714807878636774,0,0.0,1.0,1,27.0,0.689241708089096,3,102.0,0.38385278885772994,1,4.0,0.4754775021120234,5,133.0
3545.0,5,129.0,2.1864406779661016,8.365067502092264,0,6.0,0.7272609126536735,1,24.0,0.7037940699745967,3,108.0,0.4400489820817457,1,9.0,0.4817496673481346,5,147.0
3550.0,6,157.0,2.6610169491525424,8.102575087367644,0,0.0,0.8462472555937997,1,26.0,0.7148702268028603,3,120.0,0.47889677300642575,1,5.0,0.4141383426595018,5,151.0
3555.0,6,180.0,3.3333333333333335,8.063251524725388,0,0.0,1.0,2,79.0,0.6879686873871567,3,135.0,0.4778076359312511,1,10.0,0.4159137001619749,6,224.0
3560.0,7,214.0,4.196078431372549,7.676636860193048,0,0.0,1.0,2,86.0,0.7083946045044416,3,150.0,0.4544683615539155,2,19.0,0.314645029096497,7,255.0
3565.0,6,211.0,4.3061224489795915,7.231947269377547,0,0.0,1.0,3,96.0,0.5190258168029267,3,165.0,0.5963117934767919,0,0.0,0.9620139119202542,6,261.0
3570.0,7,244.0,5.083333333333333,6.509482513892448,0,0.0,1.0,4,114.0,0.38643756806541407,3,186.0,0.413587651638872,0,0.0,0.9506070393371998,7,300.0
3575.0,12,294.0,6.391304347826087,5.8854633160911405,0,0.0,1.0,5,138.0,0.3322010953770528,7,212.0,0.21675095931147892,0,0.0,0.9639314364312467,12,350.0
3580.0,14,359.0,9.205128205128204,5.226536697426295,0,0.0,1.0,6,188.0,0.278833925975945,8,250.0,0.12029108820394759,0,0.0,0.962359153249253,14,438.0
3585.0,11,381.0,8.86046511627907,5.688035733846986,0,0.0,1.0,7,199.0,0.28112692455890953,4,245.0,0.1705227830980444,0,0.0,0.9625112837107391,11,444.0
3590.0,10,389.0,8.840909090909092,5.862681884610003,0,0.0,1.0,6,147.0,0.310639351341891,4,253.0,0.2963387923159841,0,0.0,0.9505235026525976,10,400.0
3595.0,11,442.0,9.822222222222223,6.440904074453808,0,0.0,1.0,7,180.0,0.4579924941803018,4,273.0,0.31376406082831404,0,0.0,0.9581628615404353,11,453.0
3600.0,11,497.0,10.574468085106384,6.772001529421776,0,0.0,1.0,7,215.0,0.48059516897523524,4,296.0,0.4079958500686637,0,0.0,0.9567577911277966,11,511.0
