step,system_total_stopped,system_total_waiting_time,system_mean_waiting_time,system_mean_speed,cluster_10564135163_13571629282_5146149679_stopped,cluster_10564135163_13571629282_5146149679_accumulated_waiting_time,cluster_10564135163_13571629282_5146149679_average_speed,cluster_10564135205_11749189839_3266988437_5129187741_#3more_stopped,cluster_10564135205_11749189839_3266988437_5129187741_#3more_accumulated_waiting_time,cluster_10564135205_11749189839_3266988437_5129187741_#3more_average_speed,cluster_10564135211_11749189838_12136544949_12136544951_#7more_stopped,cluster_10564135211_11749189838_12136544949_12136544951_#7more_accumulated_waiting_time,cluster_10564135211_11749189838_12136544949_12136544951_#7more_average_speed,cluster_10564135212_13571629279_13571629299_stopped,cluster_10564135212_13571629279_13571629299_accumulated_waiting_time,cluster_10564135212_13571629279_13571629299_average_speed,agents_total_stopped,agents_total_accumulated_waiting_time
0.0,0,0.0,0.0,0.0,0,0.0,1.0,0,0.0,1.0,0,0.0,1.0,0,0.0,1.0,0,0.0
5.0,0,0.0,0.0,9.631016146519777,0,0.0,1.0,0,0.0,0.911388217106111,0,0.0,1.0,0,0.0,0.9272933569150619,0,0.0
10.0,0,0.0,0.0,8.12415703172526,0,0.0,1.0,0,0.0,0.9385133903526304,0,0.0,1.0,0,0.0,0.9972659497338956,0,0.0
15.0,0,0.0,0.0,7.782800972888028,0,0.0,1.0,0,0.0,0.984428364196196,0,0.0,1.0,0,0.0,0.9487414354518712,0,0.0
20.0,0,0.0,0.0,8.323816343634741,0,0.0,1.0,0,0.0,0.9783167773456567,0,0.0,1.0,0,0.0,0.9594711483711216,0,0.0
25.0,0,0.0,0.0,8.484111907400191,0,0.0,1.0,0,0.0,0.9566147237272646,0,0.0,0.9496626328406601,0,0.0,0.9461616607303638,0,0.0
30.0,2,5.0,0.4166666666666667,6.019920538067761,0,0.0,1.0,0,0.0,0.5038728439670271,1,2.0,0.0019575937808626142,1,3.0,0.4891101189433465,2,5.0
35.0,3,19.0,1.3571428571428572,6.201377457933197,0,0.0,1.0,1,4.0,0.4772980891002575,1,7.0,0.0,1,8.0,0.4815940377908677,3,19.0
40.0,3,34.0,2.0,5.716724149761509,0,0.0,1.0,1,9.0,0.08450787663376182,1,12.0,0.0,1,13.0,0.6511065544396718,3,34.0
45.0,1,17.0,0.9444444444444444,6.03262424792749,0,0.0,1.0,0,0.0,0.7255724413250213,1,17.0,0.0,0,0.0,0.9418318908834946,1,17.0
50.0,1,22.0,1.1,7.452888475377618,0,0.0,1.0,0,0.0,0.9450718762310418,1,25.0,0.5331348335910266,0,0.0,0.9446434335436003,1,25.0
55.0,2,30.0,1.3636363636363635,7.929646994202116,0,0.0,1.0,0,0.0,0.9061925857806068,2,39.0,0.44298254188169156,0,0.0,0.9968049599367166,2,39.0
60.0,3,45.0,1.9565217391304348,7.842994770130824,0,0.0,1.0,0,0.0,0.9514664709713796,3,51.0,0.4691100285348086,0,0.0,0.99634800268273,3,51.0
65.0,3,60.0,2.608695652173913,6.8278334681932025,0,0.0,1.0,0,0.0,0.9783383390871953,3,66.0,0.38544345728503865,0,0.0,0.9807895345210176,3,66.0
70.0,5,83.0,3.32,6.516467215729204,0,0.0,1.0,0,0.0,0.874327959102641,4,86.0,0.3656447098460788,0,0.0,0.9780074337782415,4,86.0
75.0,8,113.0,4.185185185185185,5.679363247227253,0,0.0,1.0,1,2.0,0.33447077770270783,6,109.0,0.31757409909133316,0,0.0,0.9878443745885446,7,111.0
80.0,6,135.0,4.655172413793103,5.759346005938546,0,0.0,1.0,1,7.0,0.532191657801413,5,134.0,0.3808331443720664,0,0.0,0.5499973574602303,6,141.0
85.0,6,106.0,3.4193548387096775,7.088499149890372,0,0.0,1.0,0,0.0,0.9615342602561278,5,107.0,0.4177740362833941,1,5.0,0.4928997513452228,6,112.0
90.0,6,136.0,4.533333333333333,6.7311334208240385,0,0.0,1.0,0,0.0,0.5971610531720681,5,132.0,0.3452675774140576,1,10.0,0.4765601760414483,6,142.0
95.0,8,161.0,4.878787878787879,6.353127641321238,0,0.0,0.9361505398360234,1,5.0,0.6568701431562656,7,165.0,0.08679604600938458,0,0.0,0.9605077826309665,8,170.0
100.0,9,206.0,6.0588235294117645,6.969450924838911,0,0.0,1.0,1,10.0,0.46538555110961516,8,208.0,0.21925594874918042,0,0.0,0.9577848263674373,9,218.0
105.0,4,64.0,2.0,6.562682313694715,0,0.0,1.0,0,0.0,0.9376278541536683,4,106.0,0.23704314317408054,0,0.0,0.9439595211457914,4,106.0
110.0,5,85.0,2.361111111111111,7.015462789010896,0,3.0,0.5598284044617378,0,6.0,0.8288230077249559,4,94.0,0.3329761488375751,0,0.0,0.9412882165060698,4,103.0
115.0,6,106.0,2.864864864864865,7.300881004589028,1,7.0,0.2863116431862999,0,6.0,0.8228948696560948,4,107.0,0.40556877100015637,1,1.0,0.6522280000523343,6,121.0
120.0,8,144.0,3.789473684210526,7.046297090360741,2,17.0,0.158961738634575,1,9.0,0.7984478950358677,4,127.0,0.33042356566027925,1,6.0,0.3515855577553694,8,159.0
125.0,9,183.0,4.6923076923076925,7.266673375005755,3,30.0,0.0084948110535935,0,6.0,0.9109563335979587,4,147.0,0.4085113136549161,2,9.0,0.32331398880993906,9,192.0
130.0,8,185.0,4.512195121951219,5.770442176267012,0,3.0,0.041158560096629576,1,8.0,0.6978302438262688,6,170.0,0.13986852780948775,1,14.0,0.31901570364312243,8,195.0
135.0,8,209.0,4.976190476190476,6.48519057145848,0,0.0,1.0,2,18.0,0.688446366995172,6,203.0,0.3044122502332871,0,0.0,0.5080089290163112,8,221.0
140.0,9,250.0,5.9523809523809526,7.29750204228096,0,0.0,1.0,2,28.0,0.6373488718130337,7,237.0,0.2946424580614054,0,0.0,0.9837641766246092,9,265.0
145.0,13,302.0,6.711111111111111,6.675150392333516,0,0.0,1.0,4,37.0,0.3246661783288793,9,277.0,0.24547794572755846,0,0.0,0.9654331922325287,13,314.0
150.0,9,301.0,6.404255319148936,6.7213201147453745,0,0.0,1.0,5,60.0,0.16408214855818234,4,258.0,0.2587135430067571,0,0.0,0.9793214229222729,9,318.0
155.0,10,351.0,7.3125,7.559294927836921,0,6.0,0.7788198890548299,5,88.0,0.2975857241605222,5,272.0,0.4387035603247201,0,0.0,0.8721903200434356,10,366.0
160.0,12,406.0,9.022222222222222,6.6688419025428525,0,3.0,0.01454690375960342,5,110.0,0.3494084051363536,6,298.0,0.1337803464441648,1,4.0,0.6341534816125567,12,415.0
165.0,15,473.0,10.282608695652174,5.828195571801221,1,8.0,0.009127606640529308,6,136.0,0.23912883658304773,6,325.0,0.0,2,10.0,0.47118939703842244,15,479.0
170.0,15,481.0,10.23404255319149,4.888101633847768,2,18.0,0.10988618395987783,6,166.0,0.27352211296819917,4,288.0,0.11167988749513719,2,20.0,0.3608949039261602,14,492.0
175.0,12,516.0,10.97872340425532,5.8268855666376655,2,31.0,0.15201100678742857,6,196.0,0.38469197767603885,4,298.0,0.18254728199733403,0,10.0,0.5060231199560279,12,535.0
180.0,14,577.0,11.775510204081632,5.917820969587996,3,39.0,0.01224054700064855,6,226.0,0.3763215610770879,5,322.0,0.17197780723617315,0,0.0,0.8605464968492442,14,587.0
185.0,15,538.0,10.979591836734693,5.675853763377598,3,54.0,0.0008132620581943521,5,199.0,0.3002230505054123,7,349.0,0.17767927992892138,0,0.0,0.9706337103622567,15,602.0
190.0,17,620.0,12.916666666666666,5.3188466964024625,3,69.0,0.00011266379413291985,5,170.0,0.22296833835844465,9,394.0,0.1705419884714542,0,0.0,0.9277620069360375,17,633.0
195.0,18,709.0,14.18,5.525725162601405,3,84.0,1.6547688442162482e-05,6,202.0,0.2528676438477985,9,442.0,0.15026507673426054,0,0.0,0.9360560438340876,18,728.0
200.0,21,811.0,15.596153846153847,5.185006066690151,3,99.0,0.0,7,235.0,0.19125424368523716,11,497.0,0.19149418079003114,0,0.0,0.6706982470074807,21,831.0
205.0,24,924.0,17.76923076923077,4.395430329651455,3,114.0,0.0,9,271.0,0.05072890981619318,11,552.0,0.12170599045506791,1,4.0,0.7108976338660955,24,941.0
210.0,15,474.0,8.777777777777779,4.416554348985877,3,129.0,0.0,0,36.0,0.2514418841689466,10,466.0,0.17718727208125346,2,10.0,0.4925573533333491,15,641.0
215.0,12,311.0,5.7592592592592595,5.730855219605263,3,144.0,0.0,0,3.0,0.9379346127394437,6,270.0,0.303350549226385,3,22.0,0.248071784558541,12,439.0
220.0,12,371.0,6.508771929824562,7.681854459977948,3,159.0,0.0,0,3.0,0.9655489620494094,6,216.0,0.5207217798965789,3,37.0,0.3739794154168227,12,415.0
225.0,12,431.0,7.56140350877193,7.321648114928839,3,174.0,0.0,0,0.0,0.944799031254389,6,228.0,0.4511777720204377,3,52.0,0.3741209295072989,12,454.0
230.0,15,500.0,8.771929824561404,6.727221043852701,3,189.0,0.0,0,0.0,0.9696772135454181,8,264.0,0.4109983291190222,4,70.0,0.19845571414731253,15,523.0
235.0,15,510.0,8.64406779661017,6.20740314408617,3,204.0,0.0,0,0.0,0.55612242511919,6,261.0,0.416006239046155,5,90.0,0.16270508725529256,14,555.0
240.0,20,596.0,10.456140350877194,5.355983846314472,3,219.0,0.0,2,6.0,0.42846328585524324,7,265.0,0.39966710597311894,4,110.0,0.0953567085152623,16,600.0
245.0,15,338.0,6.2592592592592595,4.789252761480013,0,65.0,0.014046703757671633,2,16.0,0.45803317643834573,7,300.0,0.13569190399984069,0,31.0,0.3063524293457633,9,412.0
250.0,18,415.0,7.830188679245283,5.022366567935886,0,0.0,1.0,2,26.0,0.5372574126152071,10,350.0,0.12394345802869823,1,32.0,0.49872769390699545,13,408.0
255.0,20,510.0,9.444444444444445,4.324439341423321,0,0.0,1.0,2,36.0,0.48975080651978214,10,400.0,0.027486187342510193,1,37.0,0.6492571852916244,13,473.0
260.0,23,620.0,11.071428571428571,3.78131918176307,0,0.0,1.0,3,49.0,0.30748766584909587,11,452.0,0.007165445366697225,1,42.0,0.6268121863109335,15,543.0
265.0,29,758.0,13.535714285714286,3.7177793671838306,0,0.0,1.0,5,71.0,0.26996968835345536,15,523.0,0.0015087329256598043,1,47.0,0.3260253358298379,21,641.0
270.0,28,817.0,15.12962962962963,3.966052111295482,0,0.0,1.0,5,96.0,0.16432138427759063,16,602.0,0.0004402780954097252,2,57.0,0.31494580796691724,23,755.0
275.0,24,859.0,15.907407407407407,3.8649511634306672,0,0.0,1.0,2,66.0,0.4275161380582633,16,682.0,0.00012451312455342357,2,67.0,0.0670997513646766,20,815.0
280.0,21,855.0,16.132075471698112,4.542909999073496,0,0.0,1.0,2,64.0,0.4061595559961357,16,762.0,2.5676622285941085e-05,3,82.0,0.14614371406581547,21,908.0
285.0,21,960.0,18.11320754716981,4.788050438379652,0,0.0,1.0,2,74.0,0.2830348927493943,16,845.0,0.10014693883923549,3,97.0,0.23386175626009234,21,1016.0
290.0,22,1067.0,19.4,5.020585376866193,0,0.0,1.0,3,87.0,0.20024784803807225,16,925.0,0.14840355623408155,3,112.0,0.3215780103402956,22,1124.0
295.0,23,1181.0,21.089285714285715,5.111313258512792,0,0.0,1.0,4,106.0,0.08483579304728833,16,1005.0,0.15243455347266077,3,127.0,0.3824389307938062,23,1238.0
300.0,19,1171.0,20.910714285714285,5.38561816592595,0,0.0,1.0,0,12.0,0.41970293539320813,16,1085.0,0.18684558948638022,3,142.0,0.3356863530117943,19,1239.0
305.0,20,1268.0,22.642857142857142,5.14767642577476,0,0.0,1.0,0,0.0,0.7379252170006527,16,1189.0,0.18442518409284311,3,157.0,0.20316930478221956,19,1346.0
310.0,22,1367.0,22.783333333333335,5.341077285597685,0,0.0,1.0,0,0.0,0.9619440185014572,17,1280.0,0.2131792940757988,3,172.0,0.19451159266179505,20,1452.0
315.0,12,424.0,7.186440677966102,5.043322388713967,0,0.0,1.0,0,0.0,0.9408926055660541,6,731.0,0.2434336150974272,4,191.0,0.18204763341170738,10,922.0
320.0,6,198.0,3.3,6.355170703144127,0,3.0,0.5620322255672686,0,6.0,0.5430936252702394,2,228.0,0.5124660465349196,4,211.0,0.17454450347651396,6,448.0
325.0,9,235.0,3.7301587301587302,7.040922871000372,0,6.0,0.32018257390600674,1,13.0,0.734625583401581,2,61.0,0.7280995282730163,5,231.0,0.14285486201567826,8,311.0
330.0,13,294.0,4.9,7.0773071468174065,3,16.0,0.07410352101128247,2,22.0,0.7439001060710303,2,71.0,0.722712427545016,5,256.0,0.19671612238395758,12,365.0
335.0,14,360.0,6.101694915254237,6.101125228973485,3,31.0,0.00891735002684926,2,58.0,0.7483572270199009,3,82.0,0.41489019490871276,5,281.0,0.16444862553011522,13,452.0
340.0,18,429.0,7.15,5.779647801752985,5,52.0,0.0018919012386102792,1,49.0,0.8416674440354697,5,105.0,0.2622512878451954,5,306.0,0.23568500847387888,16,512.0
345.0,21,529.0,8.396825396825397,5.054063306635081,5,77.0,0.0002959404275289833,1,25.0,0.6163983962016653,5,130.0,0.14008578536940036,6,334.0,0.26397068837815746,17,566.0
350.0,23,635.0,9.921875,4.626072058409116,5,102.0,5.554480349576769e-05,3,36.0,0.5075887160054537,6,158.0,0.0050632672781006525,6,364.0,0.29133575727488065,20,660.0
355.0,28,718.0,11.046153846153846,4.2970324558959945,5,127.0,8.518128829805004e-06,5,58.0,0.30389512152619547,7,122.0,0.11652235691104265,6,394.0,0.1733462133931441,23,701.0
360.0,24,486.0,7.476923076923077,4.083534117503294,5,152.0,3.214192910767226e-06,5,86.0,0.18527248599323176,7,157.0,0.11819866648947816,2,103.0,0.17896304843103206,19,498.0
365.0,23,420.0,6.268656716417911,4.40267119713067,0,54.0,0.02318628654479101,9,122.0,0.22412451370132613,7,198.0,0.18462037622595914,0,23.0,0.4578895590620827,16,397.0
370.0,23,462.0,6.895522388059701,4.352013330610664,0,0.0,1.0,9,167.0,0.2307952010878464,9,235.0,0.1832077453735868,0,0.0,0.9760158963914825,18,402.0
375.0,21,491.0,7.115942028985507,4.783236168679481,0,0.0,1.0,9,212.0,0.23542720667350522,10,284.0,0.07959983364031256,0,0.0,0.9510673000192214,19,496.0
380.0,20,385.0,5.347222222222222,4.757459291921746,0,0.0,1.0,1,72.0,0.3713010189367467,12,337.0,0.005636284986688167,0,0.0,0.9592920408537059,13,409.0
385.0,20,468.0,6.5,5.548811982559137,0,0.0,1.0,2,33.0,0.5413848479897606,15,411.0,0.0011162906852113818,0,0.0,0.9600627667098837,17,444.0
390.0,21,573.0,7.958333333333333,6.064455808019419,0,0.0,1.0,2,43.0,0.5699009721992737,16,497.0,0.1465169543272189,0,0.0,0.6303920472269967,18,540.0
395.0,22,683.0,9.757142857142858,5.954485273079411,0,0.0,1.0,2,50.0,0.27052949869541487,16,577.0,0.19514648315178892,1,5.0,0.6583415290886804,19,632.0
400.0,25,801.0,11.28169014084507,5.47042660035684,0,0.0,1.0,4,66.0,0.27225064329320625,16,681.0,0.2648471009389162,1,10.0,0.27435257779270156,21,757.0
405.0,12,309.0,4.414285714285715,5.445326321029014,0,0.0,1.0,5,91.0,0.318728763372101,5,426.0,0.31230662094565975,2,6.0,0.21014731270036355,12,523.0
410.0,10,223.0,3.328358208955224,6.365625212663824,0,6.0,0.5544298671059477,6,126.0,0.3338466296555961,2,259.0,0.4855207331980494,0,0.0,0.9441949708447341,8,391.0
415.0,9,259.0,3.9242424242424243,6.861067228175211,0,9.0,0.2190058984981445,7,157.0,0.42871448983288457,2,165.0,0.5576948850728937,0,0.0,0.9872056750648817,9,331.0
420.0,13,319.0,4.833333333333333,6.760391888289066,3,23.0,0.11656145382080463,7,192.0,0.5546192233574647,2,145.0,0.33459263346599083,0,0.0,0.965782404909374,12,360.0
425.0,17,396.0,6.0,5.751163992378875,4,40.0,0.0830828721159103,7,227.0,0.5556013784615732,3,159.0,0.2427887875765795,0,0.0,0.5493043230651897,14,426.0
430.0,21,469.0,6.897058823529412,5.821670976057445,6,64.0,0.013883016640567753,8,289.0,0.5460501656987021,2,125.0,0.46290725756801654,1,3.0,0.4694785841716308,17,481.0
435.0,24,570.0,8.26086956521739,5.68023001790728,8,100.0,0.00456425508840923,8,301.0,0.47913647245217056,2,128.0,0.4273314525472901,1,8.0,0.36571039230388536,19,537.0
440.0,32,707.0,10.712121212121213,4.5399029976064895,10,147.0,0.0011922708024887786,12,352.0,0.32133367564497767,1,126.0,0.487373349077207,2,15.0,0.19518981155219484,25,640.0
445.0,23,476.0,7.0,4.166037635896785,4,96.0,0.011895532819224045,10,283.0,0.20852027784075283,2,134.0,0.2804758338328451,2,25.0,0.32617071227695066,18,538.0
450.0,13,328.0,4.753623188405797,5.197469017101052,0,47.0,0.1239435138645858,4,142.0,0.22706532546712388,3,149.0,0.04800707457780603,0,0.0,0.9814990588945027,7,338.0
455.0,16,394.0,5.628571428571429,6.098438722363847,0,10.0,0.29847116288946307,7,93.0,0.13615305888986223,3,166.0,0.3585973915371502,0,0.0,0.9630475033884175,10,269.0
460.0,15,354.0,5.130434782608695,6.917187341516475,0,0.0,0.5597825685790533,10,133.0,0.22692813332791095,3,175.0,0.4588366562317146,0,0.0,0.9590740508697367,13,308.0
465.0,10,213.0,3.0869565217391304,7.1748683626232985,1,3.0,0.002302820227407588,6,177.0,0.2637369933647559,3,190.0,0.59185624579108,0,0.0,0.9525258161460579,10,370.0
470.0,7,216.0,3.0,7.34849427404277,1,8.0,0.0,3,80.0,0.3780643125161213,3,231.0,0.5923861296915122,0,0.0,0.9784434001486555,7,319.0
475.0,5,204.0,2.914285714285714,7.40591658678005,1,13.0,0.0,1,66.0,0.4901027573504035,2,215.0,0.6002065163590447,0,0.0,0.9462876534579756,4,294.0
480.0,5,223.0,3.5396825396825395,8.046344487482074,1,21.0,0.3773501119057839,1,10.0,0.783094744501741,2,204.0,0.741219289723495,1,1.0,0.6205228583249518,5,236.0
485.0,5,227.0,3.783333333333333,7.8258236629697855,0,1.0,0.34418671519667665,1,15.0,0.7393889650903805,2,214.0,0.6710628909234572,2,8.0,0.33050960331391255,5,238.0
490.0,10,264.0,4.190476190476191,7.334536493008943,0,0.0,1.0,4,26.0,0.5030281874711136,4,230.0,0.602015567429797,2,18.0,0.3885787583592816,10,274.0
495.0,12,318.0,4.96875,7.493682497877632,0,0.0,1.0,5,49.0,0.45233240934059,5,251.0,0.4302678877350243,2,28.0,0.23962686763529698,12,328.0
500.0,14,387.0,6.7894736842105265,6.75965185619025,0,0.0,1.0,5,74.0,0.3671813109200701,6,280.0,0.3628039307344813,3,43.0,0.24511203388746458,14,397.0
505.0,19,464.0,8.140350877192983,5.828825102244602,0,0.0,1.0,8,102.0,0.2892176840940628,7,313.0,0.12397448496419983,3,58.0,0.38595813596371015,18,473.0
510.0,16,481.0,8.589285714285714,5.451610903227364,0,0.0,1.0,9,143.0,0.16509813082000724,7,345.0,0.023841734589807102,0,26.0,0.6704477313226729,16,514.0
515.0,18,568.0,10.518518518518519,5.675495748314604,0,0.0,1.0,10,217.0,0.19424983308646096,8,389.0,0.11648710780225058,0,0.0,0.9760772765826187,18,606.0
520.0,22,665.0,12.090909090909092,4.911995648887628,0,0.0,1.0,10,267.0,0.15436738081511492,12,436.0,0.018057218373355464,0,0.0,0.9982239664837174,22,703.0
525.0,21,644.0,11.5,5.044976933617069,0,0.0,1.0,6,195.0,0.21682406732216394,15,507.0,0.00026198336505700153,0,0.0,0.9662382298539494,21,702.0
530.0,22,750.0,13.157894736842104,5.114683746194826,0,0.0,1.0,6,205.0,0.24004153437775175,15,582.0,0.06232690475590782,1,1.0,0.48254187942991605,22,788.0
535.0,22,860.0,15.087719298245615,5.198265198695091,0,0.0,1.0,6,235.0,0.14004766441913102,15,663.0,0.11473748457241727,1,6.0,0.47611675717624635,22,904.0
540.0,18,550.0,9.649122807017545,5.472991314404315,0,0.0,1.0,6,265.0,0.13538621271507867,11,453.0,0.20923631228711156,1,11.0,0.48330494849381905,18,729.0
545.0,18,592.0,10.033898305084746,6.017723492742006,0,0.0,0.8427158825074464,6,296.0,0.2845978836266981,11,322.0,0.20328245617124316,1,16.0,0.47421070445214836,18,634.0
550.0,17,602.0,10.203389830508474,6.460264443359632,0,0.0,1.0,7,331.0,0.3487680516815588,9,332.0,0.22811808357281285,1,5.0,0.625616476515002,17,668.0
555.0,18,691.0,11.913793103448276,5.915737241782855,0,0.0,1.0,7,366.0,0.19487069423071887,10,384.0,0.22031575906611925,1,10.0,0.6272064627614693,18,760.0
560.0,13,443.0,8.054545454545455,5.385917598095965,0,0.0,1.0,9,409.0,0.2531391699092488,2,176.0,0.35183502516662746,0,0.0,0.7087460660965531,11,585.0
565.0,15,473.0,8.6,5.869664438179398,0,3.0,0.9290608176572954,11,466.0,0.23818958634607745,1,66.0,0.49309431136122633,0,0.0,0.7432405713883746,12,535.0
570.0,13,517.0,9.754716981132075,6.259167884706141,0,3.0,0.42782879939906676,11,522.0,0.34492077960549333,1,28.0,0.45398336591231747,0,0.0,0.975270278607153,12,553.0
575.0,18,595.0,11.442307692307692,5.29849337477446,3,10.0,0.07610539916955768,13,583.0,0.31253432985516794,1,33.0,0.35960147372766493,0,0.0,0.9986811061521941,17,626.0
580.0,18,675.0,12.272727272727273,4.873752645567151,3,25.0,0.016221714612514208,14,651.0,0.27388090534201875,1,38.0,0.624784216584132,0,0.0,0.9356437120929304,18,714.0
585.0,19,701.0,13.745098039215685,4.6772459305349825,6,49.0,0.002567871406959835,11,659.0,0.318264413155204,2,46.0,0.32314811161833806,0,0.0,0.8127734548377682,19,754.0
590.0,20,795.0,15.0,5.056072561635331,6,77.0,0.0012172153098278366,11,697.0,0.39159042357751195,2,56.0,0.0,1,2.0,0.47777086131244645,20,832.0
595.0,20,895.0,16.272727272727273,5.462008074716356,6,107.0,0.00022178633715348855,11,752.0,0.39377866230963354,2,75.0,0.6383902133522706,1,7.0,0.6430214854372237,20,941.0
600.0,19,977.0,17.140350877192983,6.020205053355214,6,137.0,3.965038403760332e-05,11,801.0,0.20521959924560185,1,67.0,0.7978782670395792,1,12.0,0.7238046786452823,19,1017.0
605.0,14,927.0,16.553571428571427,6.4163072094308164,1,65.0,0.01419093860834165,11,856.0,0.143802138301648,1,72.0,0.765270161263917,1,17.0,0.7030919624310423,14,1010.0
610.0,14,975.0,16.52542372881356,6.617398034085996,0,19.0,0.25548473505122005,11,911.0,0.1518111200326648,1,77.0,0.5924619027544631,2,23.0,0.5785610124541425,14,1030.0
615.0,13,1017.0,16.403225806451612,7.235844597712787,0,0.0,1.0,11,966.0,0.14726998165094934,2,87.0,0.6920676949271896,0,0.0,0.8956282323183988,13,1053.0
620.0,12,1004.0,16.733333333333334,7.220471359297833,0,0.0,1.0,11,1021.0,0.08166435396166849,1,25.0,0.7065234462532097,0,0.0,0.9308484495559561,12,1046.0
625.0,18,1074.0,18.842105263157894,5.717070226361567,0,3.0,0.9153753262445606,11,1076.0,0.07911892698317617,6,39.0,0.27821450875476533,0,0.0,0.9618014708699376,17,1118.0
630.0,21,1170.0,20.526315789473685,5.561512870097063,0,0.0,1.0,11,1131.0,0.14985516638568042,10,81.0,0.13643192964044792,0,0.0,0.9674545846714997,21,1212.0
635.0,22,1276.0,22.385964912280702,4.7436982478819125,0,0.0,1.0,12,1187.0,0.10448840792458435,10,131.0,0.0847808826592041,0,0.0,0.9335776698890785,22,1318.0
640.0,23,1352.0,24.142857142857142,4.5179778003882705,0,0.0,1.0,13,1250.0,0.068103134610293,9,162.0,0.15386775574946546,1,2.0,0.4656552099249212,23,1414.0
645.0,23,1459.0,26.527272727272727,4.655351184041865,0,0.0,1.0,12,1304.0,0.07338028897397646,10,190.0,0.03125668157246306,1,7.0,0.4681083836454352,23,1501.0
650.0,23,1574.0,26.677966101694917,5.347765738908842,0,0.0,1.0,12,1364.0,0.13342653791500295,10,240.0,0.003769177854732822,1,12.0,0.641211157095431,23,1616.0
655.0,24,1690.0,28.64406779661017,5.171077794649568,0,0.0,1.0,12,1424.0,0.07378635055251545,11,294.0,0.14762698960424708,1,17.0,0.6038946698822768,24,1735.0
660.0,24,1790.0,30.338983050847457,4.8707395940835525,0,0.0,1.0,12,1484.0,0.0728887973551951,11,349.0,0.14773082610985558,1,2.0,0.478166846309244,24,1835.0
665.0,25,1911.0,32.94827586206897,4.943519098660839,0,0.0,1.0,12,1544.0,0.07366891354211513,11,407.0,0.17711362577536188,1,7.0,0.4974284662742841,24,1958.0
670.0,24,2024.0,34.89655172413793,5.006885821686607,0,0.0,1.0,12,1604.0,0.13310445874029544,11,462.0,0.1957125814985524,0,0.0,0.9452234661564813,23,2066.0
675.0,23,2133.0,35.55,5.152744049326668,0,0.0,1.0,12,1664.0,0.12322822210314952,11,517.0,0.1992720890420584,0,0.0,0.9578850096216678,23,2181.0
680.0,16,1771.0,29.516666666666666,4.551651328832076,0,0.0,1.0,13,1726.0,0.06984764858834659,2,219.0,0.21850561634535545,0,0.0,0.9539312827101891,15,1945.0
685.0,12,1002.0,15.904761904761905,5.821724421226981,0,3.0,0.6228219150209384,9,1384.0,0.22329460006860083,0,70.0,0.5155125499563644,0,0.0,0.990485274650171,9,1457.0
690.0,5,141.0,2.203125,6.88949290782366,0,9.0,0.1832913263947131,1,747.0,0.4896086029208852,0,0.0,0.9504796893889944,0,0.0,0.6902748069092409,1,756.0
695.0,6,27.0,0.4153846153846154,6.932769590092365,3,22.0,0.05433476820698867,1,369.0,0.7261264181558925,0,0.0,0.39502137410310645,1,4.0,0.6385644393996363,5,395.0
700.0,8,51.0,0.7846153846153846,6.929872383749197,4,38.0,0.03947047790649824,1,124.0,0.7717151523643446,1,3.0,0.5873804930494222,1,9.0,0.4872436984102663,7,174.0
705.0,14,108.0,1.6363636363636365,6.025033569375603,6,68.0,0.004991066153281985,3,20.0,0.5984631692211375,1,8.0,0.6519007670840462,2,17.0,0.45758414565039257,12,113.0
710.0,13,152.0,2.4516129032258065,6.482245063931632,8,105.0,0.0014945488628826638,3,35.0,0.6986492870497024,1,13.0,0.7885830769366563,0,7.0,0.6396171598989425,12,160.0
715.0,15,220.0,3.5483870967741935,6.105741374230264,8,145.0,0.0006723790195100236,4,52.0,0.531849537842454,2,22.0,0.6420048306012675,0,0.0,0.9445607958211146,14,219.0
720.0,12,158.0,2.5483870967741935,5.644588544530995,2,85.0,0.014015072542473616,6,78.0,0.3207038235510606,3,37.0,0.5498195321100418,0,0.0,0.9320926929830159,11,200.0
725.0,10,158.0,2.46875,5.415954308015248,0,30.0,0.1391675837888286,5,89.0,0.15325525618026312,3,52.0,0.5276858584046478,0,0.0,0.6932175114152835,8,171.0
730.0,13,191.0,3.0806451612903225,6.014776797810536,0,0.0,1.0,7,115.0,0.09540135624140274,2,41.0,0.6373434398313214,1,4.0,0.4880449480413467,10,160.0
735.0,11,240.0,4.067796610169491,6.760718043951426,0,0.0,0.9032556901487887,7,153.0,0.25559344458513933,1,44.0,0.6071046531025619,0,0.0,0.9868546764030703,8,197.0
740.0,17,316.0,5.266666666666667,6.64743950855393,0,0.0,1.0,9,196.0,0.34698568220965526,2,51.0,0.453923179847218,0,0.0,0.9690490697013306,11,247.0
745.0,21,411.0,6.85,6.316979782733321,0,0.0,1.0,9,241.0,0.3436927024431371,3,64.0,0.48848666688547543,0,0.0,0.9662007589968742,12,305.0
750.0,24,510.0,8.5,5.861701344310766,0,0.0,1.0,10,288.0,0.3609961377311687,3,65.0,0.37779455158961434,0,0.0,0.9022136566662243,13,353.0
755.0,25,632.0,11.703703703703704,4.98121440152097,0,0.0,1.0,10,338.0,0.2944357583285482,3,80.0,0.3699518116041188,0,0.0,0.9551329489325129,13,418.0
760.0,25,709.0,13.901960784313726,3.8703131856868698,0,0.0,1.0,12,396.0,0.21097123103504478,3,92.0,0.24288649851839278,0,0.0,0.7573561499471636,15,488.0
765.0,23,789.0,15.78,3.3460179624293405,0,0.0,1.0,12,456.0,0.09052034037807365,3,107.0,0.014791621398425391,1,4.0,0.48262122399839086,16,567.0
770.0,13,427.0,8.372549019607844,3.7789170263908742,0,0.0,1.0,2,184.0,0.11059769909032564,2,101.0,0.3219077650671973,2,14.0,0.4628600816883527,6,299.0
775.0,13,377.0,6.981481481481482,5.154666463820324,0,0.0,1.0,1,62.0,0.4548556821829879,2,111.0,0.0032655806016354126,4,26.0,0.1983078305740305,7,199.0
780.0,6,188.0,3.547169811320755,6.7575237687790315,0,0.0,1.0,1,31.0,0.7101210911282188,3,135.0,0.5201790642249312,0,6.0,0.24269055876281612,4,172.0
785.0,4,170.0,3.1481481481481484,7.398157409431781,0,0.0,1.0,1,32.0,0.4976073897872197,3,153.0,0.6576010540577291,0,0.0,0.732806832991563,4,185.0
790.0,6,61.0,1.1090909090909091,7.467947570059089,0,0.0,1.0,2,41.0,0.494869982588382,3,129.0,0.6382492178711365,0,0.0,0.9627681908076239,5,170.0
795.0,5,71.0,1.2241379310344827,8.078998939779847,0,0.0,1.0,2,51.0,0.627945696134006,2,103.0,0.7058516927831467,0,0.0,0.9662915728897755,4,154.0
800.0,9,106.0,1.9272727272727272,7.66060623368324,0,0.0,1.0,2,61.0,0.603945352398953,2,23.0,0.7441956634666478,0,0.0,0.9372972702010847,4,84.0
805.0,15,166.0,3.2549019607843137,6.406710496464169,0,0.0,0.8899375117084075,3,100.0,0.46466406934934984,4,37.0,0.5752271264182095,0,0.0,0.6595981318295928,7,137.0
810.0,14,210.0,4.2,5.602789586239002,0,0.0,1.0,3,85.0,0.37575945182670306,4,57.0,0.34794038374577796,1,4.0,0.6370214557996288,8,146.0
815.0,14,219.0,4.469387755102041,5.1278257597049555,0,0.0,1.0,6,105.0,0.12086414510824295,5,80.0,0.23584301559995505,1,9.0,0.692063138412186,12,194.0
820.0,14,263.0,5.36734693877551,5.391398123363892,0,0.0,1.0,7,140.0,0.1149341699604584,6,108.0,0.10197601335073125,1,14.0,0.6640797554173693,14,262.0
825.0,18,341.0,6.959183673469388,5.23375417641435,0,0.0,1.0,7,175.0,0.22905872185477943,9,145.0,0.05516922592360085,2,21.0,0.46535617307273364,18,341.0
830.0,15,271.0,5.211538461538462,5.692631339250547,0,0.0,1.0,3,90.0,0.3816532468227966,10,192.0,0.006359141466043958,2,31.0,0.3894781292432693,15,313.0
835.0,14,306.0,5.666666666666667,6.746380846938219,0,0.0,1.0,1,24.0,0.4949442569187837,10,242.0,0.07924095560882873,3,43.0,0.24838524837635179,14,309.0
840.0,17,390.0,7.090909090909091,7.574706119489898,0,0.0,1.0,2,31.0,0.4720138052562826,11,297.0,0.20366337043550511,4,62.0,0.1972461652885101,17,390.0
845.0,19,478.0,8.851851851851851,6.852832373937573,0,0.0,1.0,2,41.0,0.3208426403526781,11,352.0,0.19041982610798824,4,82.0,0.1878002581556454,17,475.0
850.0,19,528.0,9.428571428571429,6.250287022619193,0,0.0,1.0,0,0.0,0.20072425818062134,13,413.0,0.06836054736891863,4,102.0,0.27220976175288675,17,515.0
855.0,20,626.0,11.592592592592593,4.948872201027554,0,0.0,1.0,0,0.0,0.7064862113994569,13,478.0,0.11651586990904561,4,122.0,0.2849598379563814,17,600.0
860.0,20,707.0,13.092592592592593,5.066692020650829,0,0.0,1.0,0,0.0,0.9246273918200487,11,556.0,0.28398052239173305,4,142.0,0.18590873376882192,15,698.0
865.0,17,646.0,11.333333333333334,5.1536452494336205,0,0.0,1.0,0,0.0,0.6664311149308552,11,613.0,0.2523475054084712,0,28.0,0.5339847726949907,11,641.0
870.0,19,726.0,12.736842105263158,5.026615480392698,0,0.0,1.0,1,5.0,0.7189858893886532,13,685.0,0.22690476513411556,0,0.0,0.9411604078909254,14,690.0
875.0,22,831.0,14.327586206896552,5.093824785520675,0,0.0,1.0,1,10.0,0.540373403654618,16,760.0,0.20654984523272948,0,0.0,0.9660042878351084,17,770.0
880.0,23,918.0,15.827586206896552,4.590762304139904,0,0.0,1.0,2,17.0,0.31030631707222495,16,804.0,0.12088733426623659,0,0.0,0.9358494336889223,18,821.0
885.0,23,982.0,16.366666666666667,5.205781121125669,0,0.0,1.0,2,27.0,0.4849557404704833,17,853.0,0.166495677790421,0,0.0,0.9558326086601621,19,880.0
890.0,21,963.0,16.05,5.491657963813867,0,0.0,1.0,2,37.0,0.318414909525148,19,938.0,0.15169662294815972,0,0.0,0.5123397794360591,21,975.0
895.0,23,1048.0,17.76271186440678,5.476513432969329,0,0.0,1.0,1,17.0,0.47662503483040686,21,1038.0,0.16071070318329708,1,5.0,0.5066070562328802,23,1060.0
900.0,25,1166.0,19.76271186440678,5.155754364722157,0,0.0,1.0,1,22.0,0.6028493543328826,23,1150.0,0.10321123518447092,1,10.0,0.6437132032205861,25,1182.0
905.0,27,1296.0,21.6,5.188378835265322,0,0.0,1.0,2,29.0,0.5712646956291383,24,1268.0,0.10618391089644365,1,15.0,0.7207618818840489,27,1312.0
910.0,29,1435.0,24.322033898305083,4.525764942402571,0,0.0,1.0,3,40.0,0.3213154727990684,25,1391.0,0.06750976665342898,1,20.0,0.5713869841484199,29,1451.0
915.0,33,1593.0,26.55,3.9014939524260277,0,0.0,1.0,4,59.0,0.29079716949074885,26,1541.0,0.08883382351294156,2,28.0,0.47747003201689264,32,1628.0
920.0,34,1743.0,28.112903225806452,3.458070645606535,0,0.0,1.0,3,75.0,0.34653094298819276,27,1669.0,0.031790841399629316,3,39.0,0.2072404511973986,33,1783.0
925.0,34,1887.0,29.484375,3.245826895406799,0,0.0,1.0,5,82.0,0.3176965204717589,25,1788.0,0.03726605158972213,4,55.0,0.09752866211153083,34,1925.0
930.0,37,2066.0,33.32258064516129,3.6401153587914306,0,3.0,0.9868796154579056,6,108.0,0.2959990664484834,27,1899.0,0.06469379108737551,4,75.0,0.16697905862785506,37,2085.0
935.0,37,2251.0,37.516666666666666,3.5822978383638127,0,0.0,1.0,6,138.0,0.3148496225973983,27,2034.0,0.0657454772183393,4,95.0,0.19307607169226185,37,2267.0
940.0,37,2436.0,39.9344262295082,3.65841650867986,0,0.0,1.0,6,168.0,0.3150890012629539,27,2169.0,0.0678282328308163,4,115.0,0.19516031538092107,37,2452.0
945.0,37,2621.0,42.967213114754095,3.3631591091727193,0,0.0,1.0,6,249.0,0.3596499387902815,27,2304.0,0.07387396279965124,4,135.0,0.16148894293096588,37,2688.0
950.0,27,1393.0,22.11111111111111,3.6203009925117944,0,0.0,1.0,6,279.0,0.41011386207044115,15,1601.0,0.05801723298489639,4,155.0,0.17065193041776058,25,2035.0
955.0,18,681.0,10.640625,4.513508595829104,0,9.0,0.664146145720036,6,318.0,0.398731532906039,6,1052.0,0.13594328243452597,6,177.0,0.13668150836473397,18,1556.0
960.0,13,462.0,7.21875,5.277897944527865,1,10.0,0.3206445873783087,4,222.0,0.5157142489273018,3,607.0,0.252580835096411,5,202.0,0.1589382694423978,13,1041.0
965.0,12,444.0,7.4,5.747397754705066,3,24.0,0.11747045302485505,1,75.0,0.7464573196324212,3,343.0,0.31833709364653434,5,227.0,0.12735294094306282,12,669.0
970.0,11,480.0,7.868852459016393,5.973148681515452,0,7.0,0.05056570907907943,1,18.0,0.8610467420115295,5,367.0,0.1722068927652598,5,252.0,0.1386290439812416,11,644.0
975.0,14,543.0,8.484375,6.402016560316303,0,0.0,0.1980027858726397,1,31.0,0.8646629290799629,7,398.0,0.18943052249085304,6,279.0,0.1890521683510802,14,708.0
980.0,17,625.0,9.765625,6.316671002755451,0,0.0,0.41118191280975463,2,39.0,0.6806726970519444,8,437.0,0.23605889375712172,6,309.0,0.18543368926142742,16,785.0
985.0,21,715.0,11.0,5.959537974254962,0,0.0,1.0,6,61.0,0.46900712809563083,9,480.0,0.22658474392831124,6,339.0,0.13061044973087757,21,880.0
990.0,21,642.0,9.727272727272727,5.374797340537495,0,0.0,1.0,7,95.0,0.3205411347701109,8,430.0,0.1933343862079321,6,369.0,0.12276859242343441,21,894.0
995.0,23,664.0,9.623188405797102,4.833396573271096,0,0.0,1.0,9,135.0,0.1133598871677424,7,287.0,0.05413945647172115,7,404.0,0.13758557746508587,23,826.0
1000.0,25,761.0,11.530303030303031,4.89648240292913,0,0.0,1.0,9,154.0,0.12745645569210823,9,332.0,1.0692491612351285e-05,7,439.0,0.1171714888095805,25,925.0
1005.0,27,884.0,13.6,5.078276976317655,0,0.0,1.0,11,188.0,0.08042704355620649,9,377.0,1.481646061777435e-06,7,474.0,0.15382907218903946,27,1039.0
1010.0,28,1021.0,16.206349206349206,4.181503299675421,0,0.0,1.0,11,243.0,0.11586920801027843,9,425.0,0.13739432040788985,8,512.0,0.20985378788135617,28,1180.0
1015.0,28,1161.0,19.0327868852459,4.617004053166214,0,0.0,1.0,11,298.0,0.12935512240666627,9,470.0,0.22556233582679988,8,552.0,0.21796320676810185,28,1320.0
1020.0,28,1301.0,21.327868852459016,4.490237730680124,0,0.0,1.0,11,353.0,0.11201192958809239,9,515.0,0.24481006143782388,8,592.0,0.18198497989934062,28,1460.0
1025.0,30,1443.0,24.45762711864407,4.243359093327518,0,0.0,1.0,11,408.0,0.13544276292940646,9,560.0,0.2410235063027828,9,633.0,0.0903299153826752,29,1601.0
1030.0,25,1225.0,19.140625,4.197461961000132,0,0.0,1.0,12,468.0,0.10505512804030367,2,257.0,0.37324045913986376,10,681.0,0.08012311141249051,24,1406.0
1035.0,24,1261.0,19.703125,4.694059416870837,0,9.0,0.5379968514014258,13,535.0,0.18932787745385088,0,86.0,0.5779959289752209,10,731.0,0.1345897566681458,23,1361.0
1040.0,24,1381.0,22.274193548387096,4.525010523491786,0,9.0,0.18732600763960203,13,600.0,0.2869463732287606,0,37.0,0.37665390452765185,10,781.0,0.1474569066165938,23,1427.0
1045.0,30,1504.0,23.138461538461538,4.3540125076687906,3,23.0,0.05275363860997686,16,672.0,0.25008253093556826,0,0.0,1.0,11,834.0,0.21167792541320768,30,1529.0
1050.0,31,1655.0,25.859375,3.7957449613431242,3,38.0,0.009633305033566688,17,753.0,0.14918272621305217,0,0.0,1.0,11,889.0,0.22885195903403577,31,1680.0
1055.0,34,1822.0,28.92063492063492,3.62973751083633,5,63.0,0.0027377589346289453,18,840.0,0.08185439094869473,0,0.0,0.9096025713557855,11,944.0,0.25389159970484126,34,1847.0
1060.0,19,1197.0,18.703125,3.6402022337359616,1,23.0,0.016533081492276617,7,435.0,0.138003339729899,0,0.0,0.9772366321605226,11,999.0,0.13634502001589394,19,1457.0
1065.0,18,1162.0,17.08823529411765,4.812647238438896,0,5.0,0.15352170211189087,5,166.0,0.31246474234902677,0,0.0,0.9942552401529483,13,1060.0,0.07078317669424228,18,1231.0
1070.0,19,1255.0,18.73134328358209,5.991150475829217,0,0.0,1.0,5,130.0,0.3121797415156441,0,9.0,0.9386138895975696,14,1129.0,0.07821242780060253,19,1268.0
1075.0,22,1360.0,20.29850746268657,5.916543952422075,0,0.0,1.0,6,157.0,0.18043432413519153,0,9.0,0.9199482155319327,14,1199.0,0.06597823355786006,20,1365.0
1080.0,22,1462.0,21.18840579710145,6.105881624270249,0,0.0,0.977272371319714,7,189.0,0.21857558301602223,0,9.0,0.9069333222273445,14,1269.0,0.09911903117471088,21,1467.0
1085.0,23,1564.0,23.34328358208955,5.973588627018902,1,1.0,0.004362744600294979,7,224.0,0.2062699192780976,0,9.0,0.9066130226749972,15,1343.0,0.14183855515207083,23,1577.0
1090.0,24,1683.0,26.296875,5.366900085204681,1,6.0,0.0,8,263.0,0.10143988507610982,0,9.0,0.9028749686472896,15,1418.0,0.12282399457952337,24,1696.0
1095.0,25,1807.0,31.155172413793103,4.501642637025771,1,11.0,0.0,9,307.0,0.16078284584806693,0,9.0,0.9187402746040165,15,1493.0,0.06607110473562365,25,1820.0
1100.0,32,1952.0,32.53333333333333,3.5549278255212884,1,16.0,0.0,9,352.0,0.1375944632117022,3,12.0,0.36789360153243494,17,1575.0,0.05504304608832135,30,1955.0
1105.0,31,2093.0,34.31147540983606,3.4091908154636426,1,21.0,0.0,10,398.0,0.08792824825657042,3,27.0,0.24479040286253984,17,1660.0,0.08328374692328562,31,2106.0
1110.0,33,2251.0,36.306451612903224,3.5265826909371936,1,26.0,0.0,10,448.0,0.08674469038184036,5,45.0,0.22657177235686485,17,1745.0,0.06411735847888847,33,2264.0
1115.0,35,2420.0,39.03225806451613,3.7313243360723183,1,31.0,0.0,10,498.0,0.16365384406575856,7,74.0,0.18536572075180133,17,1830.0,0.0975826035446847,35,2433.0
1120.0,31,2282.0,35.65625,3.7815340127789123,1,36.0,0.0,6,379.0,0.2388510948127409,7,109.0,0.11835672737737335,17,1916.0,0.09582698232131959,31,2440.0
1125.0,27,2181.0,34.61904761904762,4.47841450792209,1,41.0,0.0,1,137.0,0.2997217306264989,7,144.0,0.11240385538918687,18,2006.0,0.0895383727829169,27,2328.0
1130.0,23,2172.0,33.9375,4.641913810467792,1,46.0,0.0,2,33.0,0.3317192771824143,2,79.0,0.11062326531430956,18,2096.0,0.08469777699275974,23,2254.0
1135.0,22,2258.0,33.701492537313435,5.030413602990504,1,54.0,0.5346448409099805,2,24.0,0.48586393158412067,0,22.0,0.3687745339141551,18,2186.0,0.05243146921613571,21,2286.0
1140.0,23,2357.0,35.71212121212121,4.8716274858029225,2,66.0,0.2956564350780822,1,19.0,0.47463946534892254,0,0.0,0.8627641153955873,20,2286.0,0.04371792190627678,23,2371.0
1145.0,25,2482.0,38.78125,4.719740662654092,3,81.0,0.06368794061074108,2,29.0,0.6041757687926024,0,3.0,0.952568849125601,20,2386.0,0.04519306291636221,25,2499.0
1150.0,27,2612.0,41.46031746031746,3.8885261416606784,4,100.0,0.018779386610443805,2,39.0,0.5364599650993837,1,4.0,0.7445771486985666,20,2486.0,0.04471590622851754,27,2629.0
1155.0,33,2766.0,41.90909090909091,3.697345036870262,7,134.0,0.00547764913974145,4,52.0,0.030875796092189448,1,9.0,0.7552324225013511,21,2591.0,0.0761680953117077,33,2786.0
1160.0,28,1491.0,21.926470588235293,3.782201157737085,10,180.0,0.0013540522341080046,2,12.0,0.20476301578473163,1,22.0,0.5382266481503001,15,1939.0,0.09770098155879663,28,2153.0
1165.0,21,555.0,8.161764705882353,4.7215355344406635,10,230.0,0.00020859719125730221,2,22.0,0.49409091812894623,3,46.0,0.5348506788838309,6,1357.0,0.15373474298354128,21,1655.0
1170.0,20,347.0,5.102941176470588,4.628523770993207,10,280.0,8.14187826767693e-05,2,32.0,0.40025228904498433,8,78.0,0.3079857284995105,0,922.0,0.3063766251584861,20,1312.0
1175.0,26,460.0,6.865671641791045,3.6395814662639596,10,330.0,1.1229009845964324e-05,2,42.0,0.39389717614532055,10,125.0,0.2172001197504956,4,928.0,0.23178989287875895,26,1425.0
1180.0,33,610.0,9.104477611940299,3.484775342581203,10,380.0,3.3677434802614415e-06,4,59.0,0.3232809748883177,12,179.0,0.20679448918891138,7,958.0,0.1082784608933244,33,1576.0
1185.0,38,790.0,11.44927536231884,3.4099973125726937,10,430.0,0.0,4,79.0,0.24215959794506828,13,242.0,0.20226031226744998,11,1006.0,0.079834771182722,38,1757.0
1190.0,42,994.0,13.805555555555555,3.4624646857890387,10,480.0,0.0,4,100.0,0.26822069368484314,15,317.0,0.14799786656184186,13,1065.0,0.0641377697651237,42,1962.0
1195.0,44,1153.0,15.58108108108108,3.0284097844214326,10,530.0,0.0,6,125.0,0.07014649272782764,14,358.0,0.06417503456158127,14,1132.0,0.082545204243284,44,2145.0
1200.0,41,1203.0,16.256756756756758,3.6373073350387983,10,580.0,0.0,3,86.0,0.18974928240092337,13,372.0,0.0693999739699607,15,1207.0,0.10135336652207644,41,2245.0
1205.0,41,1399.0,18.653333333333332,4.148005733994177,10,630.0,0.0,2,39.0,0.32851130029180226,13,406.0,0.0192078973972423,16,1283.0,0.10951627504436266,41,2358.0
1210.0,43,1608.0,20.615384615384617,4.257250769564829,10,680.0,0.0,2,49.0,0.4857943510229654,15,478.0,0.10518714727822631,16,1363.0,0.11231998500919788,43,2570.0
1215.0,43,1823.0,23.675324675324674,3.6964003862763692,10,730.0,0.0,2,59.0,0.27580504809909356,15,553.0,0.1058290380730554,16,1443.0,0.044060283582824177,43,2785.0
1220.0,44,2043.0,27.60810810810811,2.713426162469707,10,780.0,0.0,2,69.0,0.24601650716166837,15,628.0,0.15775298393676226,17,1528.0,0.05333394252522553,44,3005.0
1225.0,48,2270.0,30.266666666666666,2.8948064844184542,10,830.0,0.0,4,84.0,0.19472724938280225,15,703.0,0.16040732407430913,19,1616.0,0.049580141102993254,48,3233.0
1230.0,48,2508.0,32.15384615384615,3.202066687207478,10,880.0,0.0,4,102.0,0.09924577691778863,16,783.0,0.14630313700412528,18,1706.0,0.042857860669063094,48,3471.0
1235.0,48,2748.0,34.78481012658228,3.04704682374275,10,930.0,0.0,4,122.0,0.18593905923714757,16,863.0,0.061099920251441814,18,1796.0,0.038241340466911466,48,3711.0
1240.0,50,2995.0,36.97530864197531,2.9456570280770675,10,980.0,0.0,4,142.0,0.1847445665617256,18,950.0,0.05294833077042812,18,1886.0,0.047366269278573424,50,3958.0
1245.0,48,3091.0,37.69512195121951,2.643742063151015,10,1030.0,0.0,0,24.0,0.37558700918054017,19,1043.0,0.0007518272572658853,19,1981.0,0.055304499981559445,48,4078.0
1250.0,51,3343.0,40.27710843373494,3.030298266457802,10,1080.0,0.0,0,0.0,0.7569170705460989,20,1143.0,0.0,19,2076.0,0.05641914135127636,49,4299.0
1255.0,50,3579.0,42.10588235294118,3.4942630741720517,10,1130.0,0.0,0,0.0,0.9307148089675237,19,1233.0,0.12533491679956785,19,2171.0,0.07488650123206904,48,4534.0
1260.0,51,3830.0,46.144578313253014,2.847423910102128,10,1180.0,0.0,0,0.0,0.35186089770876733,19,1328.0,0.20009800806025835,20,2267.0,0.10311534783745388,49,4775.0
1265.0,50,4053.0,48.25,3.4409208686301644,10,1230.0,0.0,1,5.0,0.6262161345300831,19,1423.0,0.2268312832259386,20,2367.0,0.12410293486884517,50,5025.0
1270.0,50,4295.0,51.13095238095238,3.294944213620127,10,1280.0,0.0,0,0.0,0.7996387390843676,20,1520.0,0.19517709080186235,20,2467.0,0.11311540761070592,50,5267.0
1275.0,45,3708.0,43.62352941176471,3.354371979038683,4,859.0,0.012661349955802833,1,4.0,0.6589168228142058,20,1620.0,0.2195521957207389,20,2567.0,0.06319662874190936,45,5050.0
1280.0,42,3197.0,36.32954545454545,3.6042778459332125,0,484.0,0.17577657244437364,1,9.0,0.6903233892728583,18,1590.0,0.20011386920763471,23,2677.0,0.04076713124517789,42,4760.0
1285.0,40,3290.0,37.81609195402299,3.7250449409540143,0,122.0,0.6759675881252762,2,17.0,0.25075328280064685,15,1486.0,0.19647366932635776,23,2792.0,0.030756540696242406,40,4417.0
1290.0,44,3504.0,40.74418604651163,3.976803009339637,0,0.0,0.9780262198375458,3,32.0,0.24572500618531348,17,1514.0,0.16278540508674547,23,2907.0,0.040648225695887046,43,4453.0
1295.0,48,3737.0,43.96470588235294,3.73313807764989,0,0.0,0.8998838287801812,3,47.0,0.38681064678654575,20,1611.0,0.14912169276791093,24,3024.0,0.053160193078805866,47,4682.0
1300.0,47,3956.0,45.47126436781609,3.864044239506764,0,0.0,0.01887386202175929,3,62.0,0.4426707318325108,20,1704.0,0.11061865395079605,24,3144.0,0.08029511186884303,47,4910.0
1305.0,50,4203.0,48.872093023255815,3.5754815245421305,1,5.0,1.818454093771817e-05,4,80.0,0.338619035429908,21,1808.0,0.06669048169381427,24,3264.0,0.07139070889088657,50,5157.0
1310.0,52,4461.0,53.74698795180723,3.0604546782574693,1,10.0,0.0,4,100.0,0.19237722067509008,23,1921.0,0.04095982976421111,24,3384.0,0.09008241105714257,52,5415.0
1315.0,56,4727.0,57.646341463414636,2.553411040260666,1,15.0,0.0,5,120.0,0.22642463730575185,23,2036.0,0.038689937032715546,26,3506.0,0.06584292773848448,55,5677.0
1320.0,54,4993.0,60.890243902439025,2.6789035760263964,1,20.0,0.0,4,140.0,0.34650084661167735,23,2151.0,0.039263013242440664,26,3636.0,0.06681062967505098,54,5947.0
1325.0,55,5268.0,63.46987951807229,2.898246488531755,1,25.0,0.0,4,160.0,0.4200534569244964,24,2271.0,0.06990111603097897,26,3766.0,0.04407632547519154,55,6222.0
1330.0,57,5550.0,65.29411764705883,2.7908408030518363,1,30.0,0.0,5,183.0,0.3069458232511162,24,2391.0,0.0948717437123066,27,3900.0,0.0347339421640276,57,6504.0
1335.0,61,5852.0,66.5,2.4056228194041718,1,35.0,0.0,8,221.0,0.14799817923024022,24,2511.0,0.0925123482834077,28,4039.0,0.03283856744267197,61,6806.0
1340.0,63,6163.0,69.24719101123596,1.8620327857509953,1,40.0,0.0,10,267.0,0.07380400391487726,24,2631.0,0.04345199415358539,28,4179.0,0.017634070284186853,63,7117.0
1345.0,53,4666.0,52.42696629213483,2.3561972586801168,1,45.0,0.0,10,319.0,0.18395570743299022,14,1769.0,0.055228431952185617,28,4319.0,0.024639374580878257,53,6452.0
1350.0,30,2344.0,26.337078651685392,3.444734363929314,1,53.0,0.2746302200449462,7,335.0,0.2830940896356277,2,951.0,0.18576800611969413,20,3604.0,0.06652632579392004,30,4943.0
1355.0,19,983.0,10.684782608695652,4.744843106820914,1,61.0,0.2586634931878984,6,323.0,0.4541088812733299,2,298.0,0.40146809641021247,10,2917.0,0.11094608681160503,19,3599.0
1360.0,17,474.0,5.096774193548387,4.965433591341604,3,72.0,0.08867841543131526,6,351.0,0.565228632453454,3,127.0,0.48049740542234065,5,2955.0,0.12659685901999718,17,3505.0
1365.0,23,516.0,5.733333333333333,4.7078715782341565,5,92.0,0.018341300671949133,6,384.0,0.6096931030348728,3,36.0,0.4130541521663648,8,2987.0,0.11618577486935913,22,3499.0
1370.0,28,645.0,7.010869565217392,4.8302689932209,7,124.0,0.004252270728583572,7,418.0,0.609221126917516,3,25.0,0.4592682762054255,10,3032.0,0.09607883430550086,27,3599.0
1375.0,36,801.0,8.612903225806452,4.691984751693926,9,166.0,0.0012879330140370395,7,450.0,0.5505334901121484,3,86.0,0.46844168523429275,15,3093.0,0.0693746646518676,34,3795.0
1380.0,33,860.0,9.148936170212766,4.4741914586448965,9,211.0,0.0002806726891046083,8,494.0,0.44057089390899606,3,101.0,0.4690479556206893,12,2439.0,0.049585829681909215,32,3245.0
1385.0,28,881.0,9.473118279569892,4.429787995441546,9,256.0,6.498691910602958e-05,11,547.0,0.3911412991901638,2,100.0,0.42159388453919777,5,1558.0,0.11808303071029784,27,2461.0
1390.0,27,981.0,10.436170212765957,4.006075611912445,9,301.0,8.441488605448554e-06,11,602.0,0.2828396559894203,4,115.0,0.2080903049466223,1,1054.0,0.17797367208889148,25,2072.0
1395.0,34,1092.0,11.494736842105263,3.841235275517495,9,346.0,0.0,16,664.0,0.08485187840481553,7,142.0,0.09017246885523486,2,971.0,0.2578316914856232,34,2123.0
1400.0,41,1276.0,13.43157894736842,3.8800353220924513,9,391.0,0.0,19,751.0,0.06404948546290619,9,181.0,0.17589842629207833,3,803.0,0.2515286036344698,40,2126.0
1405.0,56,1511.0,15.418367346938776,2.774300156681242,9,436.0,0.0,25,860.0,0.037015594572358236,12,233.0,0.1802149196213491,8,829.0,0.0797827450408306,54,2358.0
1410.0,61,1806.0,18.428571428571427,2.3957210740105244,9,481.0,0.0,25,984.0,0.024866726786260833,13,298.0,0.08660280120616018,10,875.0,0.0778607202893833,57,2638.0
1415.0,56,1285.0,12.97979797979798,2.2985885140966333,9,526.0,0.0,13,598.0,0.04295654369720909,15,372.0,0.0017946791930219831,12,929.0,0.05901310999167399,49,2425.0
1420.0,50,1334.0,13.207920792079207,2.7331561662772943,9,571.0,0.0,3,284.0,0.14840342635237092,16,451.0,1.2412086625353675e-05,13,994.0,0.06335667506522559,41,2300.0
1425.0,51,1589.0,15.427184466019417,3.702399288767604,9,616.0,0.0,3,162.0,0.30958791886532977,16,540.0,0.18480375630316748,14,1064.0,0.11593813357396117,42,2382.0
1430.0,52,1845.0,17.740384615384617,4.164421773771508,9,661.0,0.09050353362277476,3,100.0,0.2855123195510621,16,620.0,0.3183591010694148,14,1134.0,0.10053616470097915,42,2515.0
1435.0,49,1992.0,19.153846153846153,4.324046621341177,9,706.0,0.0,0,30.0,0.6431904208830735,16,700.0,0.3611325206834827,14,1205.0,0.14493806160852368,39,2641.0
1440.0,43,1661.0,15.971153846153847,4.701135426601467,3,439.0,0.023934003283651476,0,0.0,0.9731509085374779,14,750.0,0.37523729886112306,15,1280.0,0.1468606668815058,32,2469.0
1445.0,42,1576.0,15.00952380952381,4.966357058965186,0,215.0,0.3294724859702039,0,0.0,0.8289494263095984,14,797.0,0.40697115212058416,17,1360.0,0.13175911972541612,31,2372.0
1450.0,39,1552.0,15.676767676767676,4.691139057762298,0,0.0,1.0,1,2.0,0.49666069531967577,14,870.0,0.34868361763508793,17,1445.0,0.09923804181464432,32,2317.0
1455.0,34,1642.0,16.927835051546392,4.121707241573625,0,0.0,1.0,0,0.0,0.9539726197079806,14,940.0,0.1889502600233692,17,1530.0,0.05118206023299086,31,2470.0
1460.0,39,1752.0,18.838709677419356,3.393911973307566,0,0.0,1.0,0,0.0,0.81984465599946,15,962.0,0.1087032627351375,19,1623.0,0.0518982425439383,34,2585.0
1465.0,41,1932.0,20.5531914893617,3.6988859373980674,0,3.0,0.9232708028137258,0,0.0,0.9658745998583176,17,1045.0,0.15145864400056658,19,1718.0,0.0685567438605167,36,2766.0
1470.0,44,2117.0,23.522222222222222,3.5597880707683385,0,0.0,1.0,0,0.0,0.7939334731052222,21,1143.0,0.10350577148304757,19,1813.0,0.07991951810037677,40,2956.0
1475.0,44,2312.0,26.272727272727273,3.5198492157460066,0,0.0,1.0,0,0.0,0.7950150204203223,25,1259.0,0.08920802755694149,19,1908.0,0.08829694851398363,44,3167.0
1480.0,46,2528.0,29.057471264367816,3.546594659380151,0,0.0,1.0,1,1.0,0.7046143859630541,25,1378.0,0.07200798517355246,20,2007.0,0.09067131220657842,46,3386.0
1485.0,46,2758.0,31.701149425287355,3.8567663685395677,0,0.0,1.0,1,6.0,0.4936232258769895,25,1498.0,0.0498236048847034,20,2107.0,0.06198095069535303,46,3611.0
1490.0,49,3001.0,34.10227272727273,3.492388342612891,0,0.0,1.0,2,16.0,0.3232202857008348,25,1623.0,0.009020297622919853,21,2210.0,0.04277954729362293,48,3849.0
1495.0,51,3230.0,36.29213483146067,3.4585801518792323,0,0.0,1.0,0,0.0,0.9674737870555941,25,1748.0,0.00215454693917484,22,2317.0,0.07482134329626954,47,4065.0
1500.0,55,3486.0,37.891304347826086,3.4908667996718394,0,0.0,1.0,0,0.0,0.9205730898351493,27,1880.0,0.03433230772202162,22,2427.0,0.09362476751620337,49,4307.0
1505.0,53,3711.0,39.903225806451616,3.4303293698990944,0,0.0,1.0,1,41.0,0.6290964771389373,27,2018.0,0.06619568716706446,22,2537.0,0.07779524504558083,50,4596.0
1510.0,50,3951.0,41.589473684210525,3.5694471257786597,0,0.0,1.0,1,7.0,0.4087099344633815,27,2150.0,0.06560831133831875,22,2647.0,0.06035670762978798,50,4804.0
1515.0,53,4211.0,43.864583333333336,3.72166914777878,0,0.0,1.0,2,15.0,0.3255139726857961,27,2285.0,0.06606757809912613,24,2764.0,0.05288019064433489,53,5064.0
1520.0,41,3027.0,32.202127659574465,3.9860578097365162,0,0.0,1.0,2,25.0,0.4632930197504352,15,1551.0,0.13861434507429968,24,2884.0,0.06092777760707924,41,4460.0
1525.0,23,1613.0,17.159574468085108,4.780356532460885,0,3.0,0.6927862495084124,2,41.0,0.5628999401572442,3,965.0,0.2288109519136287,18,2275.0,0.08842885648147192,23,3284.0
1530.0,16,691.0,7.351063829787234,5.836806134023002,1,9.0,0.29229509337510085,3,55.0,0.6478195704147217,1,394.0,0.3819856419993807,11,1595.0,0.12584959445769867,16,2053.0
1535.0,13,144.0,1.5157894736842106,6.165863531509425,3,21.0,0.06259826619189235,4,71.0,0.6580985216040292,1,240.0,0.5191187339928917,3,1150.0,0.17344888464416672,11,1482.0
1540.0,13,126.0,1.3125,5.788448235897146,0,1.0,0.06676560121707104,4,91.0,0.6855619352983919,7,295.0,0.17968226611137378,0,778.0,0.33555869147911643,11,1165.0
1545.0,18,205.0,2.1354166666666665,5.229559746875991,0,0.0,0.1932253686741249,4,111.0,0.7060204858494487,10,340.0,0.030505954064676256,2,697.0,0.3519104974478572,16,1148.0
1550.0,25,317.0,3.3020833333333335,5.079161878102142,0,0.0,0.47473205042059624,4,131.0,0.6533375614858219,13,401.0,0.05115384541600987,4,714.0,0.1713069174075667,21,1246.0
1555.0,37,466.0,4.755102040816326,4.604421391595641,0,0.0,1.0,5,129.0,0.575592625833036,18,490.0,0.04506126052612741,8,751.0,0.12334014306279653,31,1370.0
1560.0,43,674.0,6.948453608247423,4.75867916516233,0,0.0,1.0,6,154.0,0.4866157566689262,20,590.0,0.04372192195756228,10,797.0,0.11796074709436186,36,1541.0
1565.0,46,842.0,8.68041237113402,4.5176624368849705,0,0.0,1.0,6,184.0,0.36503436787959626,18,641.0,0.08945199415762595,13,858.0,0.16703982654850297,37,1683.0
1570.0,49,1060.0,10.927835051546392,4.713385539924231,0,0.0,1.0,6,214.0,0.24465894045519154,17,637.0,0.14475764792618545,14,928.0,0.13051067985933923,37,1779.0
1575.0,49,1115.0,12.252747252747254,4.330787666508498,0,0.0,1.0,2,124.0,0.35308201136210865,17,722.0,0.18521361077649048,15,1003.0,0.1091951982121905,34,1849.0
1580.0,47,1311.0,15.423529411764706,4.170937656917211,0,0.0,1.0,0,0.0,0.9797421144178027,17,807.0,0.18025576988877287,15,1078.0,0.08633182353865204,32,1885.0
1585.0,50,1552.0,18.258823529411764,3.964677430058086,0,0.0,1.0,0,0.0,0.9231276173250356,17,892.0,0.13985902307778536,18,1159.0,0.052376116574219075,35,2051.0
1590.0,47,1645.0,20.308641975308642,3.47202294173157,0,0.0,1.0,1,1.0,0.7315976868292652,18,982.0,0.06602598917326216,17,1244.0,0.06007367457701547,36,2227.0
1595.0,47,1861.0,24.16883116883117,2.9850744194989947,0,0.0,1.0,1,36.0,0.7248368661737022,18,1072.0,0.011163520168744435,17,1329.0,0.04198250260634184,36,2437.0
1600.0,50,2103.0,28.04,2.4795642086415626,0,0.0,1.0,2,14.0,0.33329651002569544,20,1166.0,0.04430943118385929,17,1414.0,0.05310628508270721,39,2594.0
1605.0,56,2367.0,30.74025974025974,1.8541375034233893,0,0.0,1.0,4,27.0,0.029848548906820323,21,1268.0,0.04251712539205838,18,1502.0,0.060090761806593854,43,2797.0
1610.0,54,2631.0,34.16883116883117,2.0027557540609475,0,0.0,1.0,4,47.0,0.24994790120666077,21,1373.0,0.04124706792277018,18,1592.0,0.07575085277363411,43,3012.0
1615.0,50,2619.0,32.7375,2.6507952842828173,0,0.0,1.0,4,67.0,0.4137897040078397,21,1478.0,0.04431407973349391,18,1682.0,0.08988574690134093,43,3227.0
1620.0,43,2563.0,31.641975308641975,2.7420062874993887,0,0.0,1.0,2,47.0,0.3381005074620952,21,1583.0,0.003377158629730061,18,1772.0,0.08832878081128323,41,3402.0
1625.0,42,2696.0,32.8780487804878,3.1538558497144025,0,0.0,1.0,2,57.0,0.5176927214168101,21,1688.0,0.000791342834975527,19,1867.0,0.09860125983484455,42,3612.0
1630.0,43,2911.0,35.5,3.167598125750108,0,0.0,1.0,2,67.0,0.38978780163942717,22,1801.0,0.0627590879549954,19,1962.0,0.045604251959775244,43,3830.0
1635.0,44,3130.0,38.170731707317074,3.154092109155174,0,0.0,1.0,2,77.0,0.357855629626461,22,1911.0,0.08031601781185486,20,2061.0,0.04549273726652752,44,4049.0
1640.0,46,3356.0,41.4320987654321,3.2002095449063566,0,0.0,1.0,3,90.0,0.34628974078207236,22,2021.0,0.10943051727249915,21,2165.0,0.043900699117494967,46,4276.0
1645.0,47,3587.0,43.74390243902439,3.45446631820251,0,0.0,1.0,4,118.0,0.38026434784987456,22,2131.0,0.11742163402827961,21,2270.0,0.04140999158349656,47,4519.0
1650.0,48,3824.0,46.0722891566265,3.2085142463779244,0,0.0,1.0,4,126.0,0.3150715384647091,22,2241.0,0.11351876745883822,21,2375.0,0.04144181758063926,47,4742.0
1655.0,51,4064.0,48.963855421686745,3.1346926900303758,0,0.0,1.0,6,150.0,0.13966793073692574,22,2348.0,0.07889524609649202,22,2481.0,0.04332641253042963,50,4979.0
1660.0,52,4310.0,50.116279069767444,3.0007221915340883,0,0.0,1.0,5,172.0,0.08311885066110225,24,2492.0,0.07296485379558154,22,2591.0,0.04125859752923706,51,5255.0
1665.0,52,4565.0,53.705882352941174,3.243489132997953,0,0.0,1.0,5,203.0,0.1935082802019582,24,2582.0,0.032875303592942745,22,2701.0,0.03889999556524231,51,5486.0
1670.0,53,4824.0,55.44827586206897,3.5918585596864734,0,0.0,1.0,6,233.0,0.3233869901458082,25,2707.0,0.03440149215784393,22,2811.0,0.06875988521079522,53,5751.0
1675.0,55,5093.0,58.54022988505747,3.2897353601879193,0,0.0,1.0,7,257.0,0.21446038106800966,25,2832.0,0.03068345589748989,23,2925.0,0.08217068683405113,55,6014.0
1680.0,55,5364.0,62.372093023255815,2.754082471888271,0,0.0,1.0,6,287.0,0.17905797028553375,26,2958.0,5.573500339156117e-05,23,3040.0,0.06968407930360393,55,6285.0
1685.0,56,5644.0,64.13636363636364,2.914031757093666,0,0.0,1.0,7,318.0,0.18917103189290294,26,3088.0,0.0,23,3155.0,0.05005172125874279,56,6561.0
1690.0,57,5926.0,67.3409090909091,2.922764033924571,0,0.0,1.0,7,353.0,0.10859247753943992,26,3218.0,0.0,24,3272.0,0.038677706203066715,57,6843.0
1695.0,59,6221.0,69.12222222222222,2.495362301959278,0,0.0,1.0,8,393.0,0.19630059015423704,26,3348.0,0.0,25,3397.0,0.033656655559231176,59,7138.0
1700.0,58,6496.0,72.17777777777778,2.8639700192695754,0,0.0,1.0,7,413.0,0.23492332846194952,26,3478.0,0.0,25,3522.0,0.049089115989112565,58,7413.0
1705.0,58,6786.0,76.24719101123596,3.057787212855856,0,0.0,1.0,7,448.0,0.09974147797017568,26,3608.0,0.0,25,3647.0,0.06947832624774078,58,7703.0
1710.0,60,7083.0,80.48863636363636,2.917567000021943,0,0.0,1.0,8,485.0,0.10545789765442098,26,3738.0,0.08840276322842497,26,3777.0,0.06763711709367848,60,8000.0
1715.0,60,7383.0,83.89772727272727,2.620241137675772,0,0.0,1.0,8,525.0,0.14770650240985372,26,3868.0,0.06788892427686737,26,3907.0,0.06735547497623776,60,8300.0
1720.0,60,7683.0,89.33720930232558,2.412280708288628,0,0.0,1.0,8,565.0,0.17482927164581546,26,3998.0,0.06840166826732309,26,4037.0,0.04275371927891024,60,8600.0
1725.0,50,5797.0,67.40697674418605,2.462947194394322,0,0.0,1.0,8,605.0,0.1283985694226403,14,2869.0,0.0918224404456644,28,4172.0,0.03323130608073924,50,7646.0
1730.0,33,3070.0,34.49438202247191,3.1909237841929627,0,6.0,0.5345358081549292,10,659.0,0.17969491471543733,3,1754.0,0.17314369607401212,20,3419.0,0.0644996919040171,33,5838.0
1735.0,25,1435.0,16.123595505617978,4.039147969967058,0,9.0,0.24564855226722848,10,712.0,0.3641749784177683,2,770.0,0.34313453278837797,13,3489.0,0.06577338279392611,25,4980.0
1740.0,16,421.0,4.576086956521739,4.250800685465538,3,23.0,0.11511387628505812,5,378.0,0.5003924521766564,2,353.0,0.37150833800647254,6,3539.0,0.06709996079424212,16,4293.0
1745.0,16,324.0,3.5217391304347827,4.3207594645528244,0,0.0,0.04460967041519171,2,169.0,0.6619618147202002,4,297.0,0.25128849876289505,10,3580.0,0.05394337434316938,16,4046.0
1750.0,24,429.0,4.612903225806452,4.90798880474025,0,0.0,0.16369488784813652,2,44.0,0.7565958544452012,5,330.0,0.3522227670518723,14,3643.0,0.05591520440983212,21,4017.0
1755.0,33,574.0,6.1063829787234045,5.4262943331909215,0,0.0,0.2884430624161839,2,51.0,0.7753054913000746,5,355.0,0.6040561296294289,20,3728.0,0.03905373091789466,27,4134.0
1760.0,36,735.0,7.819148936170213,5.347784051704898,0,0.0,1.0,2,55.0,0.7569110599464107,5,380.0,0.6458452098987703,22,3833.0,0.03951507770798003,29,4268.0
1765.0,33,549.0,5.6020408163265305,5.083933415775878,0,0.0,1.0,0,26.0,0.48536231133763597,2,122.0,0.743359543437183,25,3950.0,0.034537793010759946,27,4098.0
1770.0,36,720.0,7.5,5.128099815528802,0,0.0,1.0,3,19.0,0.24065570041484965,2,24.0,0.7886448552654655,26,4074.0,0.026219671909378794,31,4117.0
1775.0,40,910.0,9.891304347826088,4.548158338155726,0,0.0,1.0,5,39.0,0.2035844185419858,2,34.0,0.5825104954602771,27,4207.0,0.027169243900535177,34,4280.0
1780.0,44,1123.0,12.617977528089888,3.6235710957834186,0,0.0,1.0,7,71.0,0.1870681966672083,4,50.0,0.23425869843928362,27,4342.0,0.04031540237407595,38,4463.0
1785.0,34,956.0,11.24705882352941,2.9957057242656355,0,0.0,1.0,1,33.0,0.3323629571515437,5,66.0,0.07730343800158251,22,3566.0,0.0783876238819076,28,3665.0
1790.0,28,717.0,8.535714285714286,3.753166519530468,0,0.0,1.0,0,19.0,0.5761217221434812,8,101.0,0.19251856341649212,13,2629.0,0.1102542985715162,21,2749.0
1795.0,28,623.0,7.506024096385542,4.242029538455369,0,0.0,1.0,0,0.0,0.9578802009399,13,152.0,0.13625224594516136,7,2027.0,0.2217164367951747,20,2179.0
1800.0,28,601.0,7.070588235294117,4.759298395402475,0,0.0,1.0,0,0.0,0.7001094396568908,14,221.0,0.17182500059621506,4,1441.0,0.304530119539811,18,1662.0
1805.0,20,450.0,5.172413793103448,4.228412934396956,0,0.0,1.0,0,0.0,0.7900958967547407,7,151.0,0.16489039035418057,1,1301.0,0.28113003323444297,8,1452.0
1810.0,19,426.0,5.011764705882353,4.4252544827755536,0,6.0,0.9456778109360314,0,6.0,0.8296271550277731,0,116.0,0.30879293230829047,5,1319.0,0.1367329338823624,5,1447.0
1815.0,18,499.0,6.085365853658536,5.322752162693099,0,0.0,0.750428657601513,0,9.0,0.8315386851502965,0,39.0,0.47798183610809875,8,1358.0,0.0849283409041116,8,1406.0
1820.0,23,606.0,7.481481481481482,5.830481967105501,0,0.0,0.7914793979681692,1,12.0,0.8139704151034055,0,3.0,0.7066328091013196,11,1409.0,0.04422719411561352,12,1424.0
1825.0,28,737.0,9.098765432098766,5.58905590884578,0,0.0,1.0,1,17.0,0.7419194387325225,2,9.0,0.43147510759530217,14,1474.0,0.03411643287843659,17,1500.0
1830.0,24,739.0,9.012195121951219,5.187249050333569,0,0.0,1.0,1,22.0,0.8479736998646232,2,19.0,0.25564743521842004,9,1032.0,0.06960434618676516,12,1073.0
1835.0,17,712.0,8.790123456790123,5.561679169032786,0,0.0,1.0,1,27.0,0.8537190379809543,2,38.0,0.38570629180895144,2,623.0,0.18066517863260528,5,688.0
1840.0,16,423.0,5.158536585365853,5.656242559739957,0,0.0,1.0,1,26.0,0.8150720961389833,7,62.0,0.20445269599942018,0,292.0,0.29797972646661564,8,380.0
1845.0,16,198.0,2.5063291139240507,5.3084634752790425,0,0.0,1.0,1,28.0,0.6764751555654751,10,101.0,0.1386166587700156,2,295.0,0.2771846475240521,13,424.0
1850.0,17,194.0,2.4556962025316458,5.0729963859602005,0,0.0,1.0,2,41.0,0.48124436982258634,12,154.0,0.12395823118846996,3,310.0,0.1447145387695189,17,505.0
1855.0,20,242.0,3.025,4.896845300443472,0,0.0,1.0,0,7.0,0.6887240556178906,14,217.0,0.1205240498390376,5,332.0,0.10388579207740084,19,556.0
1860.0,26,358.0,4.365853658536586,5.306811487404574,0,0.0,1.0,1,5.0,0.7054491151135269,14,287.0,0.12086044892547121,7,365.0,0.12780353112656917,22,657.0
1865.0,30,471.0,5.962025316455696,4.854662609839475,0,0.0,1.0,1,10.0,0.6404146964831485,15,361.0,0.14854107656047433,9,407.0,0.08422356803678431,25,778.0
1870.0,29,605.0,7.658227848101266,4.043716755910577,0,0.0,1.0,2,18.0,0.4529413350406611,15,433.0,0.06122856996898543,9,452.0,0.08821207112244066,26,903.0
1875.0,33,758.0,9.475,3.9955082193076037,0,0.0,1.0,2,62.0,0.4043681240031688,16,509.0,0.05355886432754135,10,499.0,0.11336631951117866,28,1070.0
1880.0,36,929.0,12.223684210526315,4.0860704367720775,0,0.0,1.0,4,82.0,0.42757918460111516,16,665.0,0.10701892951654575,10,549.0,0.09339971826653033,30,1296.0
1885.0,29,657.0,8.644736842105264,3.662744405819235,0,0.0,1.0,5,69.0,0.32050719406231903,7,502.0,0.14737224945185337,10,599.0,0.08212424143293556,22,1170.0
1890.0,24,382.0,4.961038961038961,4.080300422681771,0,9.0,0.5524911851846032,6,104.0,0.2808461042077942,4,350.0,0.1945131321670315,5,340.0,0.1250715962582045,15,803.0
1895.0,21,354.0,4.481012658227848,4.84081244855181,1,10.0,0.1602742483516905,6,128.0,0.46848667343992195,4,225.0,0.25783496996922495,0,149.0,0.3071008568177719,11,512.0
1900.0,26,428.0,5.487179487179487,5.342317937447488,3,25.0,0.01545766046693805,5,136.0,0.6627925178316945,4,246.0,0.3653179465972882,2,153.0,0.2288176876906511,14,560.0
1905.0,23,361.0,4.878378378378378,5.150404369182345,4,41.0,0.0031408522067322532,5,154.0,0.6800468431388982,3,245.0,0.18193080339658516,3,167.0,0.14876503860491327,15,607.0
1910.0,26,447.0,5.805194805194805,5.11732265869772,5,69.0,0.08550613057421742,5,179.0,0.62094856216012,2,86.0,0.45703265473431554,6,189.0,0.13609626618301543,18,523.0
1915.0,26,554.0,7.2894736842105265,5.373649129694916,6,97.0,0.00015583778200968244,5,204.0,0.6124986993839718,2,88.0,0.4587715324537958,6,219.0,0.15822193264700046,19,608.0
1920.0,11,242.0,3.142857142857143,5.822948819912454,6,127.0,2.1759721550219608e-05,0,57.0,0.6867490336990659,3,103.0,0.528855526650443,0,68.0,0.21255031638718994,9,355.0
1925.0,10,264.0,3.52,6.481181668206169,6,157.0,6.131692100455441e-06,1,7.0,0.71721539964603,3,127.0,0.5772467838171955,0,15.0,0.37737230259949484,10,306.0
1930.0,12,285.0,3.6538461538461537,6.818543873692861,6,187.0,2.354901596410961e-06,1,26.0,0.7634032919945594,2,180.0,0.5801872770758186,1,20.0,0.5503152965081183,10,413.0
1935.0,12,339.0,4.4605263157894735,7.014432634525878,6,217.0,0.0,1,31.0,0.7047945353131179,2,173.0,0.6115498285627397,0,0.0,0.9694240745490801,9,421.0
1940.0,14,380.0,4.871794871794871,7.28617164662568,6,247.0,0.08238840391320204,0,3.0,0.8621910007469851,3,185.0,0.6531879983987815,0,0.0,0.9672217819875738,9,435.0
1945.0,11,400.0,5.128205128205129,7.371966747026622,7,280.0,1.330373028578285e-06,0,3.0,0.8373355542387131,3,200.0,0.5730792835492206,0,0.0,0.9867537497783985,10,483.0
1950.0,18,442.0,6.054794520547945,6.868022477023716,7,315.0,0.0,2,9.0,0.7888619769298016,2,198.0,0.5645296779548257,0,0.0,0.9047811825018636,11,522.0
1955.0,16,509.0,7.3768115942028984,6.756620013521654,7,350.0,0.0,2,19.0,0.7887630785618812,3,139.0,0.30890214902465735,0,0.0,0.9150201105319636,12,508.0
1960.0,11,250.0,3.90625,6.0596663923625815,1,177.0,0.02187338740252432,0,3.0,0.9422652875662447,6,166.0,0.15473604875718203,0,0.0,0.9298042301872633,7,346.0
1965.0,13,262.0,4.158730158730159,5.978537183665477,0,52.0,0.3686836551343147,0,3.0,0.8278142192209028,7,200.0,0.10198471726170025,0,0.0,0.9124068517768625,7,255.0
1970.0,15,314.0,4.90625,6.619097654110118,0,0.0,1.0,1,5.0,0.7905755187871155,8,243.0,0.1646690665854004,0,0.0,0.940353790111559,9,248.0
1975.0,13,296.0,4.774193548387097,6.333850965337665,0,0.0,1.0,1,10.0,0.4798325689028481,9,287.0,0.18825046548689503,1,2.0,0.32623522168260544,11,299.0
1980.0,14,351.0,5.571428571428571,6.418736991494528,0,0.0,1.0,2,19.0,0.3831248803987922,10,335.0,0.16312505321495915,2,12.0,0.31790154050572245,14,366.0
1985.0,16,425.0,6.746031746031746,6.388351617879303,0,0.0,1.0,2,29.0,0.5665090549373276,10,385.0,0.16239921054510006,2,22.0,0.42189724171199733,14,436.0
1990.0,16,495.0,8.68421052631579,5.72227487258596,0,0.0,1.0,3,42.0,0.5092842335609802,10,432.0,0.14105047301390072,3,33.0,0.23568308247155167,16,507.0
1995.0,12,294.0,6.0,5.674712205067632,0,0.0,1.0,3,57.0,0.4729004354782874,6,281.0,0.1150321287458771,3,48.0,0.23587128520712122,12,386.0
2000.0,13,334.0,6.816326530612245,5.608103325842233,0,3.0,0.9182224260494157,4,74.0,0.17711997333312304,6,303.0,0.15651207831254282,3,63.0,0.38656468960712487,13,443.0
2005.0,14,335.0,7.282608695652174,5.4296737898060385,0,0.0,1.0,3,52.0,0.12076408691341932,8,298.0,0.10120964454252013,3,78.0,0.3527031387514926,14,428.0
2010.0,15,401.0,8.53191489361702,5.647866042543338,0,0.0,1.0,2,31.0,0.3082930320738094,8,344.0,0.1776787255822999,3,93.0,0.21294689247931556,13,468.0
2015.0,11,361.0,7.8478260869565215,6.088894019924144,0,0.0,1.0,2,59.0,0.3873062406306741,9,386.0,0.16412525992280874,0,39.0,0.5385168744015937,11,484.0
2020.0,12,417.0,8.6875,6.348495110833878,0,0.0,1.0,2,69.0,0.6326052981675736,10,439.0,0.19672176364320682,0,0.0,0.7726876403962757,12,508.0
2025.0,12,420.0,8.571428571428571,5.9334119710458735,0,0.0,1.0,0,18.0,0.7386507027879717,12,493.0,0.09028890695155349,0,0.0,0.9483261182021889,12,511.0
2030.0,13,484.0,10.297872340425531,5.702159203400433,0,0.0,1.0,1,4.0,0.5761525684809997,12,553.0,0.06477389911028636,0,0.0,0.9064948991174924,13,557.0
2035.0,18,550.0,11.0,5.898703506575423,0,0.0,1.0,4,22.0,0.32212355550065785,14,614.0,0.16310162967104563,0,0.0,0.9571474301157475,18,636.0
2040.0,18,640.0,12.8,6.178333805392092,0,0.0,1.0,4,42.0,0.307140091526326,14,684.0,0.2508924399177618,0,0.0,0.9548581151755554,18,726.0
2045.0,19,732.0,14.076923076923077,6.190503789014088,0,0.0,1.0,4,62.0,0.2781642904941165,15,753.0,0.23916934249039018,0,0.0,0.953985756405953,19,815.0
2050.0,21,834.0,15.735849056603774,5.832418134854589,0,0.0,1.0,5,87.0,0.2544068233068982,15,828.0,0.23185653982489826,1,2.0,0.6401717227785492,21,917.0
2055.0,22,944.0,16.857142857142858,5.160478062880047,0,0.0,1.0,5,112.0,0.25913405687705965,16,911.0,0.2062726271752796,1,7.0,0.7161424154849312,22,1030.0
2060.0,25,1060.0,18.596491228070175,4.701595783415928,0,0.0,1.0,6,138.0,0.24386586873814747,17,995.0,0.14152693866011912,2,13.0,0.3861083112827727,25,1146.0
2065.0,27,1190.0,20.16949152542373,4.365729696074934,0,0.0,0.8331463718933414,6,193.0,0.19866626031928666,18,1081.0,0.07605709957601485,3,27.0,0.24765561467694536,27,1301.0
2070.0,32,1341.0,22.728813559322035,4.059983794318945,1,1.0,0.006225668876233077,7,228.0,0.12031287396829254,21,1182.0,0.04248726785116219,3,42.0,0.24496628910200882,32,1453.0
2075.0,23,594.0,9.737704918032787,3.8553434884458335,1,6.0,0.0,8,239.0,0.11047690228773827,11,704.0,0.11170435775023715,3,57.0,0.19537836598743324,23,1006.0
2080.0,13,362.0,5.65625,5.1032110440045475,1,17.0,0.3535922395429038,8,284.0,0.2864799192865043,4,337.0,0.21694878237636966,0,0.0,0.43858808777727487,13,638.0
2085.0,9,198.0,3.046153846153846,6.513208765868027,0,3.0,0.44082721123401303,4,209.0,0.46899270375048663,5,179.0,0.4069116244617939,0,0.0,0.9848282598170517,9,391.0
2090.0,5,131.0,1.9848484848484849,7.899506234157901,0,0.0,0.6555697574742165,0,38.0,0.6950424162991516,5,131.0,0.34388370961138953,0,0.0,0.9727207179544892,5,169.0
2095.0,5,78.0,1.1470588235294117,8.85796112959109,0,0.0,0.7699417128042564,1,14.0,0.8591955511882382,3,113.0,0.2944814381164326,0,0.0,0.9615143437547825,4,127.0
2100.0,5,51.0,0.7846153846153846,8.4441999236336,0,0.0,1.0,1,19.0,0.8678620491739001,2,54.0,0.26104796005624054,0,0.0,0.5405699497457149,3,73.0
2105.0,9,78.0,1.2,8.007981315947296,0,0.0,1.0,0,9.0,0.8553386759390088,3,55.0,0.21756261336463725,1,3.0,0.48206111287402753,4,67.0
2110.0,12,133.0,2.111111111111111,7.61254116916871,0,0.0,1.0,2,10.0,0.7473862172205404,3,70.0,0.3753436934458927,1,8.0,0.6405190684944825,6,88.0
2115.0,14,196.0,3.5,6.681595186742716,0,0.0,1.0,2,17.0,0.7485688779275382,3,88.0,0.46827924241294117,1,13.0,0.5438165883201272,6,118.0
2120.0,15,270.0,4.909090909090909,6.139251028917143,0,0.0,1.0,2,27.0,0.560984230736161,3,103.0,0.48550032288072825,2,22.0,0.4948111243583968,7,152.0
2125.0,19,330.0,6.0,5.68231552399705,0,0.0,1.0,3,40.0,0.5240594239644913,4,120.0,0.3811606743212,2,32.0,0.4882940263971468,9,192.0
2130.0,18,340.0,6.296296296296297,5.695812038253445,0,0.0,1.0,4,58.0,0.22681274947021104,5,141.0,0.25950517669467466,2,42.0,0.5029407538102564,11,241.0
2135.0,21,434.0,8.18867924528302,5.4950364822405104,0,0.0,1.0,5,81.0,0.16052613096029839,5,158.0,0.2549842921894548,3,54.0,0.3603582901092174,13,293.0
2140.0,18,414.0,8.117647058823529,5.777732282537936,0,0.0,1.0,5,106.0,0.16071844604028257,5,183.0,0.15721835650726676,4,72.0,0.1997510368157601,14,361.0
2145.0,14,428.0,8.392156862745098,5.5132597073596346,0,0.0,1.0,5,134.0,0.2593462585827885,5,208.0,0.14381614836469936,4,92.0,0.23632061773029547,14,434.0
2150.0,14,391.0,8.145833333333334,5.17784587660972,0,0.0,1.0,3,84.0,0.20944545001640427,7,239.0,0.117308681034974,4,112.0,0.18464596788734577,14,435.0
2155.0,13,438.0,9.125,5.697904392703367,0,0.0,1.0,2,35.0,0.31695521144515515,7,274.0,0.004501339470907119,4,132.0,0.1706940467218775,13,441.0
2160.0,15,509.0,10.829787234042554,5.880682927204368,0,0.0,1.0,2,45.0,0.3332586664943354,8,316.0,0.1851939662595682,4,153.0,0.16299290082688575,14,514.0
2165.0,11,359.0,7.18,6.2314063156189965,0,0.0,1.0,2,55.0,0.46469631601173056,3,189.0,0.3702891168715084,5,178.0,0.17103551670297643,10,422.0
2170.0,10,408.0,8.326530612244898,5.951510059549119,0,9.0,0.5594162691578984,2,65.0,0.28015735523805707,3,144.0,0.4586208681493484,5,203.0,0.10789296571030495,10,421.0
2175.0,10,458.0,8.807692307692308,5.726882409517709,0,9.0,0.17686773956229723,2,75.0,0.39093113567742915,3,159.0,0.46880494568614295,5,228.0,0.12870483277462139,10,471.0
2180.0,16,530.0,10.0,5.749040086995084,4,25.0,0.0186701199531573,3,115.0,0.3717591846663572,3,188.0,0.5453457996511435,6,256.0,0.13610020240784104,16,584.0
2185.0,14,577.0,10.685185185185185,5.618468233176803,0,6.0,0.03765847307297833,4,132.0,0.365209370995207,4,202.0,0.3672103688288586,6,286.0,0.1083766607701512,14,626.0
2190.0,15,650.0,12.037037037037036,5.708386850622321,0,0.0,1.0,4,126.0,0.19789334825899682,5,225.0,0.09522338899009287,6,316.0,0.10755929468503563,15,667.0
2195.0,14,709.0,13.12962962962963,6.229476318517127,0,0.0,1.0,4,168.0,0.3212915246093461,4,227.0,0.23534530224967065,6,346.0,0.11979689180768324,14,741.0
2200.0,14,775.0,14.090909090909092,7.410104415605393,0,0.0,1.0,4,188.0,0.4139687942088284,3,232.0,0.44325988017950835,7,380.0,0.1318659559244688,14,800.0
2205.0,16,848.0,15.703703703703704,6.934454936798545,0,0.0,1.0,4,186.0,0.430216283555879,3,246.0,0.30634582334256916,7,415.0,0.11811710852635729,14,847.0
2210.0,15,920.0,17.037037037037038,7.042826806735326,0,0.0,1.0,4,206.0,0.403288014227295,4,266.0,0.19981883965107175,7,450.0,0.18077557574272302,15,922.0
2215.0,18,1000.0,18.181818181818183,6.615558511967497,0,0.0,1.0,5,227.0,0.4095986140951112,5,309.0,0.2627504877844025,8,486.0,0.20494885517931272,18,1022.0
2220.0,18,1088.0,20.528301886792452,5.6828436704351,0,0.0,1.0,5,251.0,0.3328510532223765,5,348.0,0.18569541947984564,8,526.0,0.23031304355225857,18,1125.0
2225.0,21,1188.0,24.244897959183675,4.920845135865894,0,0.0,1.0,6,281.0,0.2972556628881424,7,378.0,0.0003670553269832698,8,566.0,0.20670171499653223,21,1225.0
2230.0,18,998.0,20.791666666666668,4.323368561396393,0,0.0,1.0,1,77.0,0.36677370672855175,7,413.0,6.7990956836225e-06,9,608.0,0.21930469759820662,17,1098.0
2235.0,20,1095.0,21.470588235294116,4.933696674226671,0,0.0,1.0,1,15.0,0.5438408986406184,7,448.0,0.0,10,656.0,0.24998437669401724,18,1119.0
2240.0,18,1174.0,23.019607843137255,5.626383691316687,0,0.0,1.0,1,20.0,0.41957556527903295,7,492.0,0.28662674832883595,10,706.0,0.2736561993097756,18,1218.0
2245.0,19,1268.0,25.36,5.416504741413227,0,0.0,1.0,2,29.0,0.3302786402340568,7,527.0,0.4710708712436097,10,756.0,0.22967508050935528,19,1312.0
2250.0,19,1330.0,25.576923076923077,5.091250681880606,0,0.0,1.0,0,0.0,0.9692151028019939,9,568.0,0.4097945374440018,10,806.0,0.12200591471875533,19,1374.0
2255.0,20,1136.0,20.654545454545456,5.150227494769625,0,0.0,1.0,0,0.0,0.9547378067237837,8,426.0,0.4397738133520121,12,863.0,0.08419482212171464,20,1289.0
2260.0,18,1030.0,18.727272727272727,5.436298917173713,0,0.0,1.0,0,0.0,0.5238988187710355,5,251.0,0.5174441422593758,13,928.0,0.06736417246666064,18,1179.0
2265.0,19,1124.0,20.071428571428573,5.525812134943528,0,0.0,1.0,1,4.0,0.48306999658879685,5,174.0,0.49278097109820745,13,993.0,0.06827276449361859,19,1171.0
2270.0,22,1222.0,21.43859649122807,4.9730163687702795,0,0.0,1.0,0,0.0,0.9371840938219078,7,202.0,0.2782604981448151,14,1061.0,0.06355112347187779,21,1263.0
2275.0,23,1337.0,23.051724137931036,4.4881924678211265,0,0.0,1.0,0,0.0,0.993184098623255,8,242.0,0.16220328748058158,14,1131.0,0.06125519813775498,22,1373.0
2280.0,24,1454.0,25.06896551724138,4.234932521646027,0,0.0,1.0,0,0.0,0.6726037243603841,9,287.0,0.19582883696503267,14,1201.0,0.05868626999434928,23,1488.0
2285.0,30,1592.0,26.983050847457626,3.941449507928893,0,0.0,1.0,1,4.0,0.6412435170050476,12,341.0,0.13277506747403478,15,1272.0,0.061253801397346035,28,1617.0
2290.0,32,1722.0,27.774193548387096,3.6902520314894334,0,0.0,1.0,2,10.0,0.317277322466252,13,405.0,0.13171597832881463,15,1346.0,0.07478062321181181,30,1761.0
2295.0,24,1739.0,28.048387096774192,3.9634015371980302,0,0.0,1.0,2,20.0,0.32416499262658605,7,381.0,0.24019814085586413,15,1421.0,0.08387768449877525,24,1822.0
2300.0,22,1827.0,29.950819672131146,4.710975881217726,0,6.0,0.6183016687251168,2,30.0,0.31752818163839297,5,364.0,0.32201803645274496,15,1496.0,0.061032651713109155,22,1896.0
2305.0,25,1942.0,29.876923076923077,4.401964288542357,1,11.0,0.2326164094203074,3,40.0,0.23007433346207115,5,366.0,0.3621420577892046,15,1571.0,0.0629339592270827,24,1988.0
2310.0,27,2056.0,32.125,3.758377522798108,3,25.0,0.05520430919807354,1,29.0,0.23640234484485012,6,392.0,0.29042355639711454,16,1651.0,0.06956282298879035,26,2097.0
2315.0,24,1966.0,30.246153846153845,3.8005871886339095,0,3.0,0.036498007787755825,1,52.0,0.6324486770203919,6,319.0,0.12809842153988651,16,1731.0,0.060244064782246566,23,2105.0
2320.0,21,1868.0,28.73846153846154,4.755920764029102,0,3.0,0.23714012028387635,1,57.0,0.7491663449950756,2,165.0,0.37691551756592606,16,1811.0,0.053029529425067015,19,2036.0
2325.0,21,1967.0,29.35820895522388,5.567311660929883,0,0.0,0.9117653718893346,1,62.0,0.5087852676862282,3,54.0,0.45541524942379613,17,1894.0,0.06315486414337576,21,2010.0
2330.0,21,2024.0,29.764705882352942,6.01105399362983,0,0.0,0.9077076738352382,0,4.0,0.6848211119709254,3,53.0,0.43830529896087966,17,1979.0,0.043661423086841226,20,2036.0
2335.0,22,2126.0,30.81159420289855,6.035301335945307,1,1.0,0.005628333426601725,1,2.0,0.7082984580392568,3,68.0,0.4813532586497038,17,2064.0,0.07983901292614966,22,2135.0
2340.0,22,2207.0,32.455882352941174,6.661362436369951,1,6.0,0.0,1,7.0,0.7513505686104048,2,52.0,0.6111503960783923,18,2152.0,0.09627317961292564,22,2217.0
2345.0,17,1093.0,17.078125,6.289630998680046,1,11.0,0.0,2,17.0,0.5886555321329983,2,62.0,0.38728076552803986,12,1555.0,0.12210345376015241,17,1645.0
2350.0,8,193.0,3.1129032258064515,6.263947458058469,1,16.0,0.0,0,3.0,0.9000171125387957,3,86.0,0.2611382304069821,3,1234.0,0.18970976887184465,7,1339.0
2355.0,9,120.0,2.142857142857143,6.030670577689013,1,21.0,0.0,1,4.0,0.7972966962045672,6,106.0,0.1509198902324052,0,641.0,0.30012519062947685,8,772.0
2360.0,15,180.0,3.103448275862069,5.0953599342971145,1,26.0,0.0,1,9.0,0.7717521721956712,8,151.0,0.14449311372903498,3,646.0,0.2210367341982876,13,832.0
2365.0,18,247.0,4.410714285714286,4.96718499786644,1,31.0,0.0,1,14.0,0.7313261442238401,10,194.0,0.18686451125320608,5,668.0,0.14839612505718483,17,907.0
2370.0,24,343.0,6.236363636363636,4.406829112675552,1,36.0,0.44351166564522354,3,23.0,0.4520658562509543,12,252.0,0.1824271362677308,8,703.0,0.08934825156827536,24,1014.0
2375.0,29,480.0,8.571428571428571,3.9593698000138238,2,44.0,0.0007962790066289931,3,35.0,0.23642290466139004,13,317.0,0.2302676744827816,11,752.0,0.0789345791621802,29,1148.0
2380.0,30,628.0,10.64406779661017,4.1882069992539,2,54.0,0.0,3,50.0,0.391811143528077,13,382.0,0.22623717501307694,12,810.0,0.07703798639200952,30,1296.0
2385.0,30,774.0,12.688524590163935,3.991988442126873,2,64.0,0.0,3,65.0,0.24654651727674112,13,447.0,0.093704686996839,12,869.0,0.10898963899884238,30,1445.0
2390.0,31,929.0,15.229508196721312,4.0876223012799935,2,74.0,0.0,3,80.0,0.23374434492866164,14,517.0,0.15814654084337493,12,929.0,0.1300477435375365,31,1600.0
2395.0,32,1006.0,15.476923076923077,3.990284651715886,0,0.0,1.0,3,95.0,0.3936863315028614,16,591.0,0.11796968277479195,13,991.0,0.1252101736897835,32,1677.0
2400.0,33,1159.0,18.396825396825395,3.8230671895370447,0,0.0,1.0,3,110.0,0.4145858227650982,17,664.0,0.11621815165173277,13,1056.0,0.137151505276933,33,1830.0
2405.0,33,1324.0,21.015873015873016,3.9241572434435783,0,0.0,1.0,3,125.0,0.5308843520987555,17,749.0,0.09969405821161914,13,1121.0,0.06764658511341488,33,1995.0
2410.0,34,1453.0,22.353846153846153,3.6643641781502785,0,0.0,1.0,2,99.0,0.29554092727712084,18,835.0,0.09489752777190404,14,1190.0,0.10827697535163426,34,2124.0
2415.0,36,1631.0,23.985294117647058,3.6030056531602366,0,0.0,1.0,3,113.0,0.24712292105306033,18,928.0,0.14014013649430226,15,1264.0,0.10939198855297486,36,2305.0
2420.0,39,1823.0,27.208955223880597,3.1235862580529035,0,0.0,1.0,5,137.0,0.24475350560888515,18,1018.0,0.13275728363085867,15,1339.0,0.09829014695401969,38,2494.0
2425.0,28,1198.0,17.880597014925375,3.479243508380633,0,0.0,1.0,5,162.0,0.3464793172256685,7,582.0,0.14747943728386917,15,1414.0,0.14418987912548042,27,2158.0
2430.0,24,1111.0,16.582089552238806,4.049186154310986,0,9.0,0.6290283594980077,5,196.0,0.3166993448430972,2,282.0,0.28839643899231404,16,1491.0,0.14684890142371634,23,1978.0
2435.0,27,1239.0,17.7,4.562491059324108,0,3.0,0.40674427866992735,7,228.0,0.37229935086016147,2,82.0,0.4572770738830682,16,1571.0,0.11239841582338558,25,1884.0
2440.0,30,1388.0,19.82857142857143,4.963836683079843,0,0.0,0.49589020750152235,8,268.0,0.47385326299460206,2,92.0,0.47236537712233373,17,1656.0,0.08740897110061573,27,2016.0
2445.0,31,1539.0,21.375,4.6996262154634,0,0.0,1.0,8,308.0,0.4736535085356525,2,102.0,0.24444031632610194,17,1741.0,0.05122811632744564,27,2151.0
2450.0,33,1666.0,22.213333333333335,4.463694084575167,0,0.0,1.0,8,348.0,0.3995051540869999,4,119.0,2.7481541546936587e-05,19,1830.0,0.0498941130528434,31,2297.0
2455.0,35,1838.0,24.18421052631579,4.488895587075767,0,0.0,1.0,9,392.0,0.4271355355672014,4,139.0,0.0,19,1925.0,0.0602911804540542,32,2456.0
2460.0,24,1076.0,14.54054054054054,4.363006785222808,0,0.0,1.0,7,282.0,0.36492257608299516,4,159.0,0.0,13,1421.0,0.06808312998451821,24,1862.0
2465.0,11,246.0,3.3698630136986303,4.988418130909237,0,0.0,1.0,5,114.0,0.17854849606211878,1,99.0,0.4134182127418162,4,772.0,0.13667561306001916,10,985.0
2470.0,11,171.0,2.310810810810811,5.49353225999369,0,0.0,1.0,6,144.0,0.15002371140670245,4,43.0,0.29277396383878085,0,462.0,0.3346436005045807,10,649.0
2475.0,21,250.0,3.5211267605633805,4.884733680252436,0,0.0,1.0,9,181.0,0.15704417489819159,6,71.0,0.22377493834321832,4,470.0,0.25158020076056015,19,722.0
2480.0,24,340.0,4.857142857142857,4.093172263974112,0,0.0,1.0,10,231.0,0.16314795949897545,8,103.0,0.18945202751410625,4,490.0,0.11844427839859367,22,824.0
2485.0,32,468.0,6.782608695652174,3.676247098284725,0,0.0,1.0,13,290.0,0.19509995295320234,11,149.0,0.14973785661404596,8,519.0,0.08461884170320959,32,958.0
2490.0,35,638.0,9.114285714285714,3.8031569800548817,0,0.0,1.0,13,355.0,0.13651249699666573,12,208.0,0.13994050506379613,10,565.0,0.09711785461353901,35,1128.0
2495.0,37,822.0,11.577464788732394,3.900561579970427,0,0.0,1.0,14,424.0,0.11581310687232105,12,268.0,0.1391140148921666,11,620.0,0.06391343741911268,37,1312.0
2500.0,36,984.0,14.057142857142857,3.4635381436091426,0,0.0,1.0,13,511.0,0.16333409767771115,12,325.0,1.758712827506952e-05,11,675.0,0.07879603980179144,36,1511.0
2505.0,36,1148.0,15.726027397260275,3.793450514492741,0,0.0,1.0,13,568.0,0.17126117881418382,11,366.0,1.5807139965841507e-06,12,733.0,0.07846753070319454,36,1667.0
2510.0,37,1329.0,18.205479452054796,4.030262583325452,0,0.0,1.0,14,605.0,0.10540450621283609,11,421.0,0.08225812743655654,12,793.0,0.06990210866784055,37,1819.0
2515.0,37,1514.0,20.45945945945946,4.273776472694603,0,0.0,1.0,14,675.0,0.15919815846786178,11,476.0,0.08116663296801278,12,853.0,0.07484509736674319,37,2004.0
2520.0,39,1701.0,23.301369863013697,4.155992251239798,0,0.0,1.0,15,746.0,0.1570534912197172,11,531.0,0.0,13,914.0,0.0716330166452239,39,2191.0
2525.0,40,1896.0,25.28,3.431189776927137,0,0.0,1.0,15,821.0,0.14550706041599315,11,586.0,0.037168191661591986,13,978.0,0.07986820662697762,39,2385.0
2530.0,39,2088.0,28.216216216216218,3.823905487380462,0,0.0,1.0,15,896.0,0.15012848904555856,11,641.0,0.0781655940972797,13,1043.0,0.07403614440724722,39,2580.0
2535.0,40,2287.0,30.905405405405407,3.6923023963941275,0,0.0,1.0,16,975.0,0.09055149613432319,11,696.0,0.08148775420764943,13,1108.0,0.06582673807777911,40,2779.0
2540.0,42,2493.0,32.37662337662338,3.597999804921855,0,0.0,1.0,16,1055.0,0.08332488280297767,11,751.0,0.07740757410586684,14,1176.0,0.06168728772976226,41,2982.0
2545.0,35,2165.0,27.756410256410255,3.8530927277703872,0,0.0,1.0,17,1140.0,0.08651910893435501,4,463.0,0.13476421249219833,14,1246.0,0.051453440425784217,35,2849.0
2550.0,31,2062.0,26.10126582278481,4.599912065507582,0,3.0,0.7753478903261528,17,1234.0,0.15255274071672134,0,189.0,0.21769545359346046,14,1316.0,0.099772287154887,31,2742.0
2555.0,34,2221.0,28.474358974358974,4.934275237068796,1,5.0,3.2830763138210884e-05,18,1317.0,0.226584757894861,0,0.0,0.5200009907598206,15,1387.0,0.10999650051511416,34,2709.0
2560.0,34,2391.0,30.265822784810126,5.074498741156594,1,10.0,0.0,18,1407.0,0.297816948508418,0,0.0,0.9204838788713351,15,1462.0,0.11920407597732376,34,2879.0
2565.0,28,2029.0,26.012820512820515,4.51680464034333,1,15.0,0.0,18,1497.0,0.2882821572033068,0,0.0,0.9618598933796195,9,1009.0,0.12497066752618795,28,2521.0
2570.0,22,1596.0,20.727272727272727,4.720039105373976,1,20.0,0.0,18,1587.0,0.30269399336136005,0,9.0,0.695603922539281,0,626.0,0.1951150856081194,19,2242.0
2575.0,28,1696.0,22.025974025974026,4.294979926494447,0,0.0,1.0,20,1676.0,0.280273134653004,4,17.0,0.21429940095569644,0,336.0,0.3332106641216047,24,2029.0
2580.0,17,489.0,6.269230769230769,4.272630029151821,0,0.0,1.0,8,965.0,0.28143664106901917,4,37.0,0.14153004948833856,2,265.0,0.2984673530358204,14,1267.0
2585.0,4,24.0,0.3037974683544304,4.615073767457654,0,0.0,1.0,0,439.0,0.1941996920274479,1,11.0,0.047366780472069776,2,277.0,0.25214905980251595,3,727.0
2590.0,0,0.0,0.0,6.663975163407713,0,0.0,1.0,0,25.0,0.41245304627377727,0,11.0,0.544053647302271,0,69.0,0.48985443743648904,0,105.0
2595.0,3,11.0,0.1375,7.956368128906189,0,0.0,1.0,0,9.0,0.753808206554263,0,9.0,0.8261777554978722,3,80.0,0.34386166412730357,3,98.0
2600.0,8,40.0,0.49382716049382713,7.780881873734952,0,0.0,1.0,1,10.0,0.6001462879274815,0,9.0,0.927162007050234,5,101.0,0.2981232005962644,6,120.0
2605.0,15,110.0,1.375,7.394908704296206,0,0.0,1.0,5,33.0,0.5907240078430896,0,9.0,0.9387766943699052,5,126.0,0.2218651301671683,10,168.0
2610.0,22,201.0,2.5443037974683542,6.693348334544536,0,0.0,1.0,6,80.0,0.5887011789217929,0,9.0,0.9455837986313209,7,156.0,0.11022620061659788,13,245.0
2615.0,20,211.0,2.8513513513513513,5.894891371596238,0,0.0,1.0,7,111.0,0.5778870933038615,1,10.0,0.6873426726710598,3,54.0,0.19584132479673658,11,175.0
2620.0,20,272.0,3.7260273972602738,5.394871050880548,0,0.0,1.0,6,127.0,0.46753175105453354,4,36.0,0.40934254649612795,0,24.0,0.34310593966400516,10,187.0
2625.0,24,379.0,5.338028169014085,3.850460557487719,0,0.0,1.0,6,137.0,0.2437969923416054,7,61.0,0.15698592579552242,1,26.0,0.3263580321883997,14,224.0
2630.0,27,502.0,6.783783783783784,2.981586368705803,0,0.0,1.0,8,172.0,0.1455278874664301,9,102.0,0.03204315704005423,0,16.0,0.42459998076784156,17,290.0
2635.0,25,503.0,6.618421052631579,3.249418173981117,0,0.0,1.0,10,220.0,0.11203614606288234,3,44.0,0.027489707483864027,2,24.0,0.46895082357888507,15,288.0
2640.0,27,586.0,7.6103896103896105,4.423804251068887,0,6.0,0.5618220447343354,15,288.0,0.16309346445334047,1,23.0,0.318348979867888,2,34.0,0.34613881516093137,18,351.0
2645.0,24,500.0,6.756756756756757,5.226766821288889,0,0.0,0.7471516583299903,17,366.0,0.2740123065075046,1,23.0,0.5788815017687554,2,44.0,0.24300383150858101,20,433.0
2650.0,21,504.0,6.72,6.138961817174584,0,0.0,0.9710146181299415,18,449.0,0.3413521072703419,1,28.0,0.7255756899511836,2,54.0,0.31312155561426647,21,531.0
2655.0,21,581.0,7.545454545454546,6.016015467787994,0,0.0,1.0,18,539.0,0.31755964312210294,0,0.0,0.634401076899311,3,69.0,0.22473177722543322,21,608.0
2660.0,16,278.0,3.7567567567567566,5.8757772888150335,0,0.0,1.0,10,336.0,0.3581087838848109,1,5.0,0.6919771278254038,3,84.0,0.3203591404159852,14,425.0
2665.0,13,148.0,1.9733333333333334,5.623512504811679,0,0.0,1.0,3,235.0,0.3183311511690163,2,11.0,0.4876610485193362,4,102.0,0.3203893651238345,9,348.0
2670.0,17,217.0,3.013888888888889,5.8983774089392735,0,0.0,1.0,4,168.0,0.25229297765823233,2,29.0,0.5751708696747277,4,122.0,0.32503148643307644,10,319.0
2675.0,19,307.0,4.385714285714286,5.961334129319136,0,0.0,1.0,4,90.0,0.2786975738415219,3,44.0,0.628067251299544,4,142.0,0.28309169125631956,11,276.0
2680.0,12,158.0,2.323529411764706,5.997376961102017,0,0.0,1.0,3,53.0,0.32457704438346163,3,59.0,0.531301110393073,2,103.0,0.2003125868949448,8,215.0
2685.0,9,89.0,1.3088235294117647,6.211021599825882,0,0.0,1.0,5,40.0,0.23786567093846733,4,79.0,0.6028481954188648,0,50.0,0.28195049626112234,9,169.0
2690.0,11,138.0,2.123076923076923,7.0454643229623635,0,0.0,1.0,7,70.0,0.13087170336044168,4,156.0,0.6539917077594825,0,1.0,0.42818054430927416,11,227.0
2695.0,12,184.0,3.0163934426229506,6.687621936417963,0,0.0,1.0,9,112.0,0.1756905045185407,3,158.0,0.4482894376846123,0,0.0,0.6934268785175569,12,270.0
2700.0,19,264.0,4.714285714285714,6.064970035905536,0,3.0,0.9446167842059356,9,157.0,0.2130741149854729,7,133.0,0.34147280759289605,1,1.0,0.48900338615879835,17,294.0
2705.0,12,207.0,3.6315789473684212,5.756797006114422,0,3.0,0.02001429119058897,2,80.0,0.37450726957589814,7,182.0,0.32137366419580293,1,6.0,0.4944738861652087,10,271.0
2710.0,15,263.0,4.696428571428571,5.873415519924892,1,8.0,4.600149637538477e-05,1,49.0,0.6633919852428275,8,206.0,0.33867328489424403,1,11.0,0.33854505381453565,11,274.0
2715.0,13,283.0,4.879310344827586,5.838270696951267,1,13.0,0.0,1,27.0,0.7242298817075362,4,185.0,0.433159637044739,1,16.0,0.30918770743844054,7,241.0
2720.0,16,339.0,5.65,5.923044640363817,1,24.0,0.3832758385059343,2,35.0,0.6371647536458144,5,197.0,0.35784795111769946,0,3.0,0.4581666034948981,8,259.0
2725.0,15,395.0,6.370967741935484,6.505853053663449,0,3.0,0.4048614158681918,1,37.0,0.7469001286796761,5,225.0,0.42890159058799615,0,0.0,0.9132858018289822,6,265.0
2730.0,16,466.0,7.898305084745763,6.762146936332962,0,0.0,1.0,1,42.0,0.7151576539206403,5,247.0,0.3890176050038939,0,0.0,0.9640398776737004,6,289.0
2735.0,16,386.0,6.771929824561403,6.000015476208397,0,0.0,1.0,2,49.0,0.47532190178876677,4,192.0,0.3371597366349281,0,0.0,0.9936442382296492,6,241.0
2740.0,17,343.0,6.125,5.746496537365187,0,0.0,1.0,3,62.0,0.3633183881727398,3,72.0,0.23760118552644544,0,0.0,0.9376730144733074,6,134.0
2745.0,19,378.0,6.872727272727273,6.046655081239586,0,0.0,1.0,3,23.0,0.2301672867862827,4,30.0,0.1978656278849374,0,0.0,0.9852251339737375,7,53.0
2750.0,20,476.0,9.153846153846153,4.811365474819493,0,0.0,1.0,3,38.0,0.24513718673179377,4,53.0,0.17376946202008256,1,3.0,0.4790851348495667,8,94.0
2755.0,18,478.0,9.018867924528301,4.093950978730969,0,0.0,1.0,3,53.0,0.39356565067538396,4,73.0,0.2876760521833697,1,8.0,0.622542253011044,8,134.0
2760.0,15,484.0,8.962962962962964,4.55671379104396,0,0.0,1.0,3,68.0,0.29041920746406935,0,20.0,0.4913978530306068,1,13.0,0.5636503849454749,4,101.0
2765.0,15,553.0,10.24074074074074,4.524755720399846,0,6.0,0.5677142168618221,4,87.0,0.19109733626526298,0,3.0,0.4779767230745859,1,18.0,0.3288102771154484,5,114.0
2770.0,22,645.0,11.944444444444445,4.056408263800024,2,9.0,0.11066590897777384,4,115.0,0.23804805025240952,1,6.0,0.4779098536219755,2,27.0,0.3247543832425995,9,157.0
2775.0,23,756.0,13.263157894736842,4.214928753317233,2,19.0,0.009148710980392405,4,127.0,0.2441882559043329,1,8.0,0.6464460767109803,2,37.0,0.26437831694929814,9,191.0
2780.0,22,822.0,13.932203389830509,4.386880949761598,3,30.0,0.002573980475232429,5,150.0,0.3118677840889778,1,13.0,0.5536764980549871,0,0.0,0.4888451619778214,9,193.0
2785.0,22,760.0,13.571428571428571,3.9275999413888365,3,45.0,0.0002321479442718426,5,175.0,0.20671152319662395,3,27.0,0.2994806477258508,0,0.0,0.9566509194088875,11,247.0
2790.0,25,507.0,8.894736842105264,3.3405353824773405,3,60.0,7.17032956295574e-05,6,202.0,0.13995369657107987,7,49.0,0.0007687888960652476,0,0.0,0.918936677008079,16,311.0
2795.0,27,475.0,7.786885245901639,3.6356399333520844,3,75.0,2.1909312367451627e-05,6,232.0,0.16060328571849208,7,84.0,1.4569829918612682e-06,0,0.0,0.9669965449972286,16,391.0
2800.0,25,498.0,8.03225806451613,3.9076932604392547,3,90.0,3.043404971238731e-06,6,321.0,0.2047394323055315,5,88.0,0.2366698864941988,0,0.0,0.9600135182211461,14,499.0
2805.0,23,335.0,5.403225806451613,4.272893225063562,3,108.0,0.18472875559320628,1,76.0,0.4864104985462211,5,113.0,0.19893189025395802,0,0.0,0.9824472159213902,9,297.0
2810.0,20,259.0,4.046875,4.7662491913316885,0,30.0,0.017360554327623155,2,119.0,0.6413897017288165,7,143.0,0.0015262903906425149,0,0.0,0.9719256894587812,9,292.0
2815.0,18,289.0,4.446153846153846,5.482129185260956,0,0.0,1.0,2,129.0,0.6650252565672593,8,192.0,0.3269416776027014,0,0.0,0.9742087384763618,10,321.0
2820.0,12,223.0,3.378787878787879,5.63316662382327,0,0.0,1.0,2,157.0,0.5597031067722492,6,178.0,0.4203698721942165,0,0.0,0.9514225846130194,8,335.0
2825.0,9,195.0,3.046875,6.448289402705395,0,0.0,1.0,2,169.0,0.5544753459882228,5,130.0,0.4588359455076408,0,0.0,0.937580264984087,7,299.0
2830.0,11,242.0,3.6666666666666665,6.646981018695387,0,0.0,0.8765907475613248,4,185.0,0.4366418095879541,5,144.0,0.5184859299707782,0,0.0,0.9590376344250248,9,329.0
2835.0,15,311.0,4.936507936507937,5.946058945494283,0,0.0,1.0,5,209.0,0.23553599150894397,5,169.0,0.5590055988217425,0,0.0,0.4776383858190883,10,378.0
2840.0,19,343.0,5.444444444444445,5.13151408882904,0,0.0,1.0,6,237.0,0.21704257262282878,5,194.0,0.510083836366345,1,4.0,0.6463480596039085,12,435.0
2845.0,27,455.0,7.109375,4.327465536790647,0,0.0,1.0,7,279.0,0.22714717489790395,8,227.0,0.19675991685273544,1,9.0,0.7302416050169954,16,515.0
2850.0,31,544.0,8.242424242424242,3.805428067161956,0,0.0,1.0,9,319.0,0.13062448028476553,10,273.0,0.0062222188056743795,1,14.0,0.7292649406503899,20,606.0
2855.0,28,615.0,9.318181818181818,4.120888626001306,0,0.0,1.0,9,364.0,0.09568442941124343,11,324.0,0.0016112078320214673,0,0.0,0.9429228084574829,20,688.0
2860.0,24,662.0,9.880597014925373,4.287803925977734,0,0.0,1.0,9,409.0,0.05562191719556966,10,370.0,0.0352014844672142,0,0.0,0.966332451632428,19,779.0
2865.0,19,540.0,7.9411764705882355,4.413053356314811,0,0.0,1.0,7,263.0,0.03470681427866364,10,408.0,0.004544341657287505,0,0.0,0.7205774440472312,17,671.0
2870.0,20,556.0,8.176470588235293,5.278010065764872,0,0.0,1.0,3,133.0,0.2279796440036912,12,523.0,0.059210485604639505,1,4.0,0.4956512081729085,16,660.0
2875.0,22,661.0,9.579710144927537,5.600413516736669,0,0.0,1.0,3,105.0,0.36581249005375754,13,585.0,0.0024472793481581726,2,12.0,0.33015006722347157,18,702.0
2880.0,10,145.0,2.0714285714285716,5.737035555810625,0,0.0,1.0,3,109.0,0.41374846772340906,3,274.0,0.12272437394349092,2,22.0,0.31986527422461014,8,405.0
2885.0,14,184.0,2.4864864864864864,5.4990948797765,0,3.0,0.6137568033118961,4,128.0,0.28754940845081356,1,128.0,0.44902960713860524,2,32.0,0.38450498035526826,7,291.0
2890.0,19,260.0,3.5616438356164384,5.162655030241551,1,10.0,0.22034123032575842,4,151.0,0.4590439704641962,2,118.0,0.3207537649151836,3,44.0,0.3840785346395094,10,323.0
2895.0,21,357.0,4.958333333333333,5.463516240157384,0,0.0,0.06511834415364734,5,172.0,0.5567772750035477,2,128.0,0.3250353905793814,3,57.0,0.38069904757417666,10,357.0
2900.0,27,487.0,6.859154929577465,5.263096664757559,0,0.0,1.0,7,207.0,0.5018534965119685,2,138.0,0.332349790840327,3,72.0,0.47817749127694015,12,417.0
2905.0,27,616.0,8.8,5.100146713447427,0,0.0,1.0,6,236.0,0.47225960171166115,2,148.0,0.2969031219645041,3,87.0,0.45306122772141005,11,471.0
2910.0,27,666.0,9.652173913043478,4.9847370487644325,0,0.0,1.0,7,268.0,0.47593554578795555,2,158.0,0.0,4,104.0,0.1616065646586859,13,530.0
2915.0,27,661.0,9.579710144927537,4.816659351219492,0,0.0,1.0,9,305.0,0.3474285294153167,2,168.0,0.0,1,46.0,0.36407169563886704,12,519.0
2920.0,26,626.0,8.45945945945946,4.4996214695340875,0,0.0,1.0,13,360.0,0.13263122180021278,2,187.0,0.3766747671549362,0,0.0,0.6856512307660281,15,547.0
2925.0,17,318.0,4.542857142857143,4.320052714806811,0,0.0,1.0,3,150.0,0.2028977269890925,6,204.0,0.04527044150722463,0,0.0,0.9518690420507983,9,354.0
2930.0,13,270.0,3.9130434782608696,5.131555529830071,0,0.0,1.0,3,118.0,0.2996322692482719,7,238.0,0.0030950088011448586,0,0.0,0.9794871680832031,10,356.0
2935.0,13,289.0,4.070422535211268,6.30959103572524,0,0.0,1.0,4,136.0,0.3941446418481352,8,331.0,0.3735462572346558,0,0.0,0.963783340079331,12,467.0
2940.0,8,194.0,2.6944444444444446,6.615056970471776,0,0.0,1.0,4,156.0,0.32142377333390415,4,264.0,0.5335213613766268,0,0.0,0.9636696796556012,8,420.0
2945.0,5,57.0,0.76,7.275388837246709,0,0.0,1.0,1,70.0,0.5134503152973112,3,114.0,0.5849667639700156,1,2.0,0.4954380413370567,5,186.0
2950.0,5,71.0,0.9594594594594594,7.410334389597282,0,0.0,1.0,1,10.0,0.6963610850564228,3,36.0,0.615040535491391,1,7.0,0.47601902246690464,5,53.0
2955.0,10,102.0,1.4166666666666667,6.814010103807548,0,0.0,1.0,2,18.0,0.41375644425502456,4,52.0,0.5399151561634835,0,0.0,0.9429610777680711,6,70.0
2960.0,14,148.0,2.1449275362318843,5.873706859555912,0,0.0,1.0,2,119.0,0.5410530758975909,5,64.0,0.2814938695177644,0,0.0,0.9595723905264923,7,183.0
2965.0,19,235.0,3.5074626865671643,5.548206233746533,0,0.0,1.0,2,129.0,0.5472743944604411,6,92.0,0.1323261005938506,0,0.0,0.9323414191757288,8,221.0
2970.0,21,296.0,4.417910447761194,5.423153639722412,0,0.0,1.0,1,111.0,0.498169658778866,8,128.0,0.08286136571913913,0,0.0,0.942207903646781,9,239.0
2975.0,24,413.0,6.164179104477612,5.709789679679739,0,0.0,1.0,1,113.0,0.646525682383096,11,180.0,0.07377499254958078,0,0.0,0.950565763366923,12,293.0
2980.0,15,231.0,3.5538461538461537,5.231493042528993,0,0.0,1.0,2,120.0,0.3171158760585815,1,60.0,0.19566975240168266,1,1.0,0.47999020585834656,4,181.0
2985.0,10,156.0,2.3636363636363638,6.237677598743569,0,3.0,0.5037178068587211,2,136.0,0.430694530754717,1,9.0,0.5210362003348261,1,6.0,0.4917361436609381,4,154.0
2990.0,5,36.0,0.5142857142857142,6.650223171679064,1,10.0,0.24588800919241705,0,85.0,0.8734770821639831,1,36.0,0.7716390106164991,1,11.0,0.356168637179805,3,142.0
2995.0,13,65.0,0.9285714285714286,6.054246507934186,3,23.0,0.04639472904429398,1,86.0,0.8448360472247552,1,41.0,0.5849025542033867,2,17.0,0.16050264755506793,7,167.0
3000.0,16,101.0,1.4428571428571428,5.8615702201118705,5,40.0,0.010818315732108414,1,15.0,0.8553129694060566,3,54.0,0.46460338813793794,0,0.0,0.898783304691733,9,109.0
3005.0,13,113.0,1.591549295774648,5.8593218788782515,0,13.0,0.020735493234264643,1,20.0,0.8137245258378819,4,76.0,0.3564869112575837,0,0.0,0.9330379338468082,5,109.0
3010.0,12,161.0,2.236111111111111,6.165215250123263,0,0.0,0.12877023843369748,2,26.0,0.7865972778792331,5,101.0,0.11389285297864794,0,0.0,0.948675062134158,7,127.0
3015.0,18,238.0,3.2162162162162162,5.736832694460358,0,0.0,1.0,3,38.0,0.3513728407707016,8,258.0,0.13645080568208529,0,0.0,0.9485988126127861,11,296.0
3020.0,22,304.0,4.164383561643835,5.69619326689338,0,0.0,1.0,7,68.0,0.1976865340677417,10,303.0,0.08875468593695188,1,1.0,0.4804844818102999,18,372.0
3025.0,16,223.0,2.9342105263157894,6.079627533594408,0,0.0,1.0,8,108.0,0.17221518051515355,7,273.0,0.11790433776790425,1,6.0,0.6068524331743911,16,387.0
3030.0,10,172.0,2.356164383561644,6.01739072297711,0,0.0,1.0,2,36.0,0.21480978132122142,5,232.0,0.20023165407823845,1,11.0,0.6255002109846992,8,279.0
3035.0,16,240.0,3.4782608695652173,5.84629710882498,0,0.0,1.0,4,48.0,0.36450140507146433,5,143.0,0.005327260745504781,2,19.0,0.3263689974967787,11,210.0
3040.0,18,318.0,4.818181818181818,5.970934607815267,0,0.0,0.5347135556285318,4,68.0,0.46908889415726035,6,204.0,0.3652126611084793,2,29.0,0.3321328304116966,12,301.0
3045.0,16,355.0,5.546875,5.661936677629692,1,3.0,0.0,4,88.0,0.5417232272124799,6,210.0,0.38019271417607314,2,39.0,0.19158003256449924,13,340.0
3050.0,12,251.0,3.803030303030303,6.134419510440671,1,8.0,0.0,1,44.0,0.5615077018565966,4,169.0,0.43615836433817784,3,52.0,0.14432130997529466,9,273.0
3055.0,10,289.0,4.515625,7.297211925264522,1,13.0,0.0,2,26.0,0.6362619579381429,4,175.0,0.4803684727940889,3,67.0,0.23305942700923263,10,281.0
3060.0,7,257.0,4.283333333333333,7.620252879796322,1,18.0,0.0,2,36.0,0.36429291859668333,4,208.0,0.5390499897229402,0,0.0,0.9505680677128354,7,262.0
3065.0,8,297.0,5.2105263157894735,7.071988684932404,1,23.0,0.0,3,51.0,0.40391339843848145,4,237.0,0.28836164867675557,0,0.0,0.9737231633433754,8,311.0
3070.0,16,363.0,6.722222222222222,5.388695054888446,1,28.0,0.0,4,70.0,0.19397098579104122,8,269.0,0.043132013606806165,0,0.0,0.9796725057179465,13,367.0
3075.0,18,432.0,8.0,5.348001377337254,1,33.0,0.0,4,90.0,0.19936088478760666,11,318.0,0.027428261049679544,0,0.0,0.9842799776710227,16,441.0
3080.0,17,507.0,8.894736842105264,5.227462108441632,1,38.0,0.0,4,110.0,0.1764303347299767,12,377.0,0.06900597305522814,0,0.0,0.880032692389698,17,525.0
3085.0,19,594.0,10.241379310344827,5.363790954192586,1,43.0,0.0,5,131.0,0.19829513554233766,13,438.0,0.07145801701125418,0,0.0,0.9220173830997825,19,612.0
3090.0,19,689.0,11.677966101694915,5.5340506611218965,1,48.0,0.0,5,156.0,0.34262514309956527,13,503.0,0.061090665337636886,0,0.0,0.9939661360519212,19,707.0
3095.0,6,202.0,3.4827586206896552,5.255729685136408,1,53.0,0.0,2,100.0,0.5042259136320941,3,237.0,0.06325457875739773,0,0.0,0.9527010919131251,6,390.0
3100.0,7,213.0,3.610169491525424,6.770067801702895,1,64.0,0.37431305613544574,3,122.0,0.48458438507868407,3,90.0,0.20104941938526602,0,0.0,0.9484468840560597,7,276.0
3105.0,9,252.0,4.271186440677966,7.088525880196832,1,72.0,0.1492111351960086,4,140.0,0.5667825253137747,4,89.0,0.4086300092701179,0,0.0,0.7985088181567672,9,301.0
3110.0,9,233.0,3.8833333333333333,7.065417461185447,0,6.0,0.0756028798270247,4,160.0,0.6201139385970139,4,109.0,0.4663436056593248,1,4.0,0.6366933518383427,9,279.0
3115.0,6,202.0,3.3114754098360657,7.566828660732995,0,0.0,0.32690566939698645,4,180.0,0.6227144595487158,2,67.0,0.5357862039040844,0,0.0,0.9063477965519297,6,247.0
3120.0,7,225.0,3.629032258064516,8.282337819033293,0,0.0,1.0,4,204.0,0.6565331863269186,1,37.0,0.8019662996186884,0,0.0,0.9545357343408317,5,241.0
3125.0,8,255.0,4.112903225806452,8.575969464090365,0,0.0,1.0,4,221.0,0.6971998744463328,3,47.0,0.5652250081500112,0,0.0,0.946487712098158,7,268.0
3130.0,9,299.0,4.901639344262295,8.231261313375116,0,0.0,1.0,4,235.0,0.5511917179509133,4,66.0,0.5628224786872695,0,0.0,0.954687196966895,8,301.0
3135.0,14,178.0,2.78125,6.554090725417761,0,0.0,1.0,5,159.0,0.27519133956356107,7,90.0,0.2271218788798628,0,0.0,0.9687741898923282,12,249.0
3140.0,18,260.0,4.406779661016949,5.875585650943196,0,0.0,1.0,8,121.0,0.2504592563322849,7,128.0,0.2383253204691873,1,1.0,0.46941434809730437,16,250.0
3145.0,18,350.0,5.932203389830509,5.742178544323443,0,0.0,1.0,8,161.0,0.25945573288897456,7,163.0,0.19423426790529932,1,6.0,0.49489843755770685,16,330.0
3150.0,21,454.0,7.964912280701754,4.814083947399822,0,0.0,1.0,8,201.0,0.0995751901288669,9,207.0,0.16665387616977326,1,11.0,0.4937250499054554,18,419.0
3155.0,22,421.0,7.258620689655173,4.301332798017758,0,0.0,1.0,7,139.0,0.06129721528793951,10,253.0,0.154578268939329,1,16.0,0.38124688389943623,18,408.0
3160.0,25,542.0,8.885245901639344,4.97296820754986,0,0.0,1.0,7,129.0,0.1834086874117362,10,303.0,0.21936975149351048,2,25.0,0.32295528689241937,19,457.0
3165.0,26,671.0,10.82258064516129,4.823352326674786,0,0.0,1.0,7,164.0,0.2125957508160871,10,353.0,0.2429154644651463,2,35.0,0.3261009618319455,19,552.0
3170.0,18,512.0,8.0,4.551132943109853,0,0.0,1.0,7,199.0,0.22795999830002742,2,185.0,0.2615026726768881,2,45.0,0.24965471202684253,11,429.0
3175.0,9,285.0,4.384615384615385,5.331559887709723,0,9.0,0.6296645839166772,0,50.0,0.5157263250949153,2,108.0,0.44465092485636704,0,0.0,0.44652649369550945,2,167.0
3180.0,10,270.0,4.285714285714286,6.2991198785446585,0,0.0,0.6401386068589399,0,6.0,0.7427923452979264,2,100.0,0.37191245332351996,0,0.0,0.8131723048963831,2,106.0
3185.0,9,162.0,2.5714285714285716,7.193554768172098,2,4.0,0.0005028975597271832,1,49.0,0.8005383213203374,2,110.0,0.5757483858417619,0,0.0,0.9714225727268976,5,163.0
3190.0,9,59.0,0.8939393939393939,6.612411720260219,2,14.0,0.0,1,51.0,0.8345287988340926,0,24.0,0.7783995519549345,0,0.0,0.9523579590234216,3,89.0
3195.0,8,78.0,1.2,6.7532575521427765,2,24.0,0.0,0,44.0,0.8162449745331087,0,6.0,0.9646574947768302,0,0.0,0.963258911019801,2,74.0
3200.0,6,87.0,1.359375,7.161135222683439,2,34.0,0.0,0,9.0,0.8592876989950776,0,6.0,0.8186464545056956,0,0.0,0.9846367509611882,2,49.0
3205.0,4,67.0,1.046875,7.490273594629252,0,0.0,1.0,1,12.0,0.8218046006223361,1,11.0,0.7974412681484634,0,0.0,0.9715772886636308,2,23.0
3210.0,4,20.0,0.3508771929824561,7.063477049293171,0,0.0,1.0,3,24.0,0.5375978627714999,1,16.0,0.46971735255156716,0,0.0,0.5846760273232058,4,40.0
3215.0,8,39.0,0.6724137931034483,6.277971686222476,0,0.0,1.0,1,18.0,0.4861006121884941,4,32.0,0.18341437689398427,1,3.0,0.49319399964862876,6,53.0
3220.0,10,82.0,1.4642857142857142,6.482057930599858,0,0.0,1.0,2,20.0,0.5148349980569926,6,77.0,0.1351192265738931,0,0.0,0.9334882833389896,8,97.0
3225.0,11,135.0,2.25,7.4925793252269735,0,0.0,1.0,3,33.0,0.6207014126745934,6,97.0,0.167872885624173,0,0.0,0.9757985242589453,9,130.0
3230.0,10,156.0,2.6,7.214617508335651,0,0.0,1.0,3,91.0,0.4313618030722172,7,130.0,0.1898828697834281,0,0.0,0.942589716869349,10,221.0
3235.0,13,195.0,3.482142857142857,6.810739861229828,0,0.0,1.0,5,90.0,0.3517172683881843,8,172.0,0.2405420530198286,0,0.0,0.9564564022187447,13,262.0
3240.0,15,266.0,4.925925925925926,6.263989627292244,0,0.0,1.0,5,72.0,0.21613659537012125,10,221.0,0.22112251483439965,0,0.0,0.9952997309607934,15,293.0
3245.0,16,343.0,6.7254901960784315,5.962862518093987,0,0.0,1.0,6,99.0,0.20926005723505206,10,271.0,0.22127579789792157,0,0.0,0.6325313387493146,16,370.0
3250.0,18,432.0,8.64,5.436780457711634,0,0.0,1.0,7,134.0,0.12343461967529068,10,321.0,0.2707712579778913,1,4.0,0.47839713567400444,18,459.0
3255.0,13,391.0,7.979591836734694,4.9737516624848785,0,0.0,1.0,3,97.0,0.30331734991422676,9,353.0,0.09056048987905556,1,9.0,0.4706770478381719,13,459.0
3260.0,12,402.0,7.584905660377358,6.738943141657209,0,0.0,1.0,1,20.0,0.6158859150712368,11,401.0,0.07605823561666557,0,0.0,0.9754649146621757,12,421.0
3265.0,13,462.0,8.884615384615385,7.121276742425648,0,0.0,1.0,2,26.0,0.401314904736541,11,461.0,0.17851970364126013,0,0.0,0.9683719732442067,13,487.0
3270.0,15,535.0,10.09433962264151,6.639604720092038,0,0.0,1.0,3,41.0,0.3806901913049905,12,519.0,0.12078089214781054,0,0.0,0.933171532809274,15,560.0
3275.0,17,612.0,11.547169811320755,6.072853686921353,0,0.0,1.0,3,56.0,0.39079960759630383,14,582.0,0.10810041952978768,0,0.0,0.936416771486544,17,638.0
3280.0,17,687.0,12.962264150943396,5.700902096629308,0,0.0,1.0,2,56.0,0.5715542286732026,15,657.0,0.10497728918417572,0,0.0,0.9518969984307655,17,713.0
3285.0,19,780.0,15.0,5.150381297101874,0,0.0,1.0,2,66.0,0.4193133760893809,15,735.0,0.20280340056507304,0,0.0,0.5072321594587588,17,801.0
3290.0,22,882.0,17.64,4.362042564055788,0,0.0,1.0,2,73.0,0.24189561628093173,16,808.0,0.13235479650879026,1,5.0,0.47712550364548245,19,886.0
3295.0,24,897.0,16.92452830188679,4.09255644140139,0,0.0,1.0,4,84.0,0.15210138981718083,15,809.0,0.1513449155781376,1,10.0,0.6618014598588532,20,903.0
3300.0,24,1002.0,18.90566037735849,4.204548607005298,0,0.0,1.0,4,102.0,0.10535419839923614,15,865.0,0.11711580646937472,0,0.0,0.9043083992193945,19,967.0
3305.0,25,1126.0,21.245283018867923,4.119194359070849,0,0.0,1.0,4,122.0,0.17859400578884427,16,944.0,0.06894227346512631,0,0.0,0.941468824156153,20,1066.0
3310.0,27,1227.0,22.30909090909091,3.79104829356492,0,0.0,1.0,4,142.0,0.19919170664898192,17,1026.0,0.051616890323732866,0,0.0,0.9681031612391521,21,1168.0
3315.0,26,1284.0,22.928571428571427,4.005484389073589,0,0.0,1.0,4,162.0,0.1971551114650245,19,1115.0,0.049999995554640506,0,0.0,0.9487986086895173,23,1277.0
3320.0,11,412.0,7.490909090909091,3.7905794678484783,0,0.0,1.0,4,182.0,0.20249690164156112,7,574.0,0.017256250642187537,0,0.0,0.4996130890348793,11,756.0
3325.0,7,247.0,4.333333333333333,5.2026485960773625,0,6.0,0.5409609588881639,4,211.0,0.29870261026069805,2,344.0,0.1532393281429146,1,5.0,0.614295909492653,7,566.0
3330.0,7,282.0,5.127272727272727,6.854088826918543,0,0.0,0.6958181767462182,4,231.0,0.47512668002018105,2,109.0,0.24559901291927602,1,10.0,0.6521615028066493,7,350.0
3335.0,8,322.0,5.551724137931035,7.737214009302072,0,0.0,0.9902394088350233,5,256.0,0.5998937845082328,2,60.0,0.10258459913908674,1,15.0,0.709562873812636,8,331.0
3340.0,6,84.0,1.4736842105263157,7.7743033080223265,0,0.0,1.0,0,63.0,0.6664757070384505,1,60.0,0.6640570282205847,1,20.0,0.5731324711529903,2,143.0
3345.0,7,95.0,1.6379310344827587,7.756301534105483,0,0.0,1.0,1,13.0,0.7677160918165398,1,65.0,0.35722602963182304,0,0.0,0.6472701861260947,2,78.0
3350.0,9,139.0,2.43859649122807,8.002705337833172,0,0.0,1.0,2,19.0,0.7810030597067957,2,89.0,0.6082855955675832,0,0.0,0.9492548369799356,4,108.0
3355.0,9,184.0,3.2857142857142856,7.701640544178234,0,0.0,1.0,2,23.0,0.7288777797576925,2,99.0,0.5117808918403746,0,0.0,0.923902684691037,4,122.0
3360.0,11,159.0,2.9444444444444446,6.91539360694449,0,0.0,1.0,2,33.0,0.48109598914959534,4,53.0,0.5335278981449284,0,0.0,0.9574407664660827,6,86.0
3365.0,13,224.0,4.226415094339623,6.694841319283998,0,0.0,1.0,3,48.0,0.3227979907541735,5,55.0,0.5574703761124703,0,0.0,0.9641995854116487,8,103.0
3370.0,10,135.0,2.4107142857142856,7.334927452231336,0,0.0,1.0,4,66.0,0.4251473097836888,5,80.0,0.5651478865069886,0,0.0,0.9416596662331513,9,146.0
3375.0,10,178.0,3.1785714285714284,7.080390223461505,0,0.0,1.0,5,114.0,0.40316265904343124,5,105.0,0.455003707197948,0,0.0,0.8680662894110587,10,219.0
3380.0,13,241.0,4.547169811320755,6.337751090851203,0,0.0,1.0,5,139.0,0.3632799591658731,8,174.0,0.294823163025418,0,0.0,0.5676907331509531,13,313.0
3385.0,12,216.0,4.0,5.513884414176145,0,0.0,1.0,2,69.0,0.36961953039952417,8,244.0,0.12441425413974198,2,5.0,0.21243962776970937,12,318.0
3390.0,19,294.0,5.547169811320755,5.964756720728979,0,0.0,1.0,3,56.0,0.369927558370995,13,295.0,0.06811229225325253,3,18.0,0.11062409116766676,19,369.0
3395.0,18,376.0,6.962962962962963,6.296316145235978,0,0.0,1.0,3,71.0,0.3813593190866104,13,360.0,0.14946541636436683,2,20.0,0.30201375114730555,18,451.0
3400.0,19,471.0,8.722222222222221,5.964932215734744,0,0.0,1.0,3,86.0,0.24628278401468492,14,436.0,0.15227884192389132,2,30.0,0.32763018135981586,19,552.0
3405.0,19,566.0,10.290909090909091,5.40555276610281,0,0.0,1.0,3,101.0,0.39053490540770996,14,506.0,0.05964838741695613,2,40.0,0.3841561756493706,19,647.0
3410.0,21,665.0,11.875,5.136923413927228,0,0.0,1.0,4,117.0,0.1972119741431069,15,579.0,0.08812445595840009,2,50.0,0.5793180446449115,21,746.0
3415.0,24,783.0,13.736842105263158,4.820367012262911,0,0.0,1.0,4,137.0,0.19161490060964534,18,667.0,0.04769225453354708,2,60.0,0.551441791481128,24,864.0
3420.0,25,905.0,15.87719298245614,4.415251349097739,0,0.0,1.0,4,157.0,0.1957516824838992,18,757.0,0.0028995928675015097,3,72.0,0.3566310554992314,25,986.0
3425.0,25,960.0,16.0,4.637068658282221,0,0.0,1.0,5,179.0,0.051982928921176126,17,780.0,0.007927400668094548,3,87.0,0.5390865717764519,25,1046.0
3430.0,21,995.0,16.583333333333332,5.256276170703843,0,0.0,1.0,2,135.0,0.4105982903322479,16,781.0,2.6607899986508257e-06,3,102.0,0.5074861415993465,21,1018.0
3435.0,21,1084.0,17.770491803278688,5.081965162332016,0,0.0,1.0,2,145.0,0.557372740257813,16,861.0,0.05655287749022637,3,101.0,0.34856095768044587,21,1107.0
3440.0,21,1189.0,18.873015873015873,5.679668336650096,0,0.0,1.0,2,155.0,0.6373973951381539,16,953.0,0.18629016151827338,3,116.0,0.468136550393213,21,1224.0
3445.0,22,1295.0,20.234375,5.6524555158503205,0,0.0,1.0,2,165.0,0.5628369044135307,16,1033.0,0.171710115125741,4,132.0,0.38193933251087436,22,1330.0
3450.0,27,1416.0,22.838709677419356,5.1231254649077265,0,0.0,1.0,2,175.0,0.5881491955325037,19,1119.0,0.1706258160068533,5,155.0,0.2568274157289252,26,1449.0
3455.0,17,633.0,10.209677419354838,4.850159226198724,0,0.0,1.0,2,202.0,0.6449131931584171,7,658.0,0.24333813838609408,5,180.0,0.2725238788141627,14,1040.0
3460.0,12,436.0,6.606060606060606,5.436887099862599,0,6.0,0.5819899650755698,2,215.0,0.5122285220895378,1,279.0,0.4473892905178625,5,205.0,0.2647497114448636,8,705.0
3465.0,12,458.0,6.9393939393939394,6.116364747784093,1,10.0,0.2374004451103545,3,230.0,0.6029998614174651,1,53.0,0.677946519851037,6,233.0,0.24312989582085115,11,526.0
3470.0,14,315.0,4.701492537313433,5.7746031180926645,3,24.0,0.07802022919092656,2,124.0,0.6780662727554013,2,24.0,0.35063521928582614,6,263.0,0.18048631126847328,13,435.0
3475.0,21,404.0,5.855072463768116,4.619368944623303,4,40.0,0.0238584191461747,3,51.0,0.7012477694711612,3,41.0,0.42886425679681184,8,296.0,0.10756421519079898,18,428.0
3480.0,28,486.0,7.043478260869565,4.288864735175337,8,70.0,0.017771632862436038,4,67.0,0.6703087339412614,3,26.0,0.4341300925220864,7,331.0,0.07267088318013377,22,494.0
3485.0,21,494.0,7.264705882352941,4.9621833193247555,4,41.0,0.013250469385599234,4,87.0,0.6014030053253221,3,30.0,0.46766350223555087,7,366.0,0.08500507149645013,18,524.0
3490.0,16,521.0,7.442857142857143,5.134524070309743,0,21.0,0.0910842694422616,3,90.0,0.5598938000984514,3,45.0,0.3647012677386262,8,403.0,0.10847119505495816,14,559.0
3495.0,23,623.0,8.534246575342467,5.6062362337539975,0,3.0,0.36679712929062797,5,108.0,0.47601431375063197,5,68.0,0.2676055429966171,8,443.0,0.10948569925409497,18,622.0
3500.0,22,424.0,5.808219178082192,5.516451038982132,0,0.0,1.0,5,133.0,0.3580260804423685,5,96.0,0.3261813173856525,3,280.0,0.19355935477541397,13,509.0
3505.0,20,357.0,4.890410958904109,5.846087519424024,0,0.0,1.0,6,159.0,0.13558186732082214,6,135.0,0.3610590488722734,0,94.0,0.6424694858100013,12,388.0
3510.0,18,244.0,3.2533333333333334,5.984168243123096,0,0.0,1.0,2,90.0,0.3674512828286063,10,173.0,0.20970132752531304,2,96.0,0.33325136020515256,14,359.0
3515.0,16,234.0,3.342857142857143,6.15947605845181,0,0.0,1.0,0,18.0,0.5205914127135972,12,231.0,0.1752289130598945,2,106.0,0.34442396061765057,14,355.0
3520.0,15,236.0,3.6307692307692307,6.267940426792335,0,0.0,1.0,1,10.0,0.5960027062109061,6,218.0,0.26353489239497296,2,116.0,0.36616769380107117,9,344.0
3525.0,15,282.0,4.476190476190476,6.542461440288059,0,3.0,0.7890405509570917,1,15.0,0.6609059112105334,5,196.0,0.4270234383165783,3,128.0,0.24632288958667056,9,342.0
3530.0,14,343.0,5.622950819672131,6.900668800061375,0,0.0,0.9549231984304313,0,0.0,0.8457950703601945,5,207.0,0.44023161018487933,3,143.0,0.21947907314722573,8,350.0
3535.0,15,416.0,7.0508474576271185,6.791920094672288,0,0.0,1.0,1,3.0,0.7389323839678631,5,232.0,0.5079278591931493,3,158.0,0.2831990115817854,9,393.0
3540.0,15,314.0,5.413793103448276,6.472231883476769,0,0.0,1.0,4,16.0,0.6194513870970948,4,192.0,0.5327106703754118,3,173.0,0.31993047792985185,11,381.0
3545.0,13,165.0,2.8448275862068964,6.534542875754155,0,0.0,1.0,5,41.0,0.5495673420332294,2,81.0,0.5715589358483734,4,190.0,0.1990534436364269,11,312.0
3550.0,12,179.0,2.9344262295081966,6.764886040017828,0,0.0,1.0,4,40.0,0.5116334659903956,3,44.0,0.639199402388398,4,210.0,0.2742226792961551,11,294.0
3555.0,10,210.0,3.6842105263157894,7.04174594199604,0,0.0,0.08559647658016892,2,13.0,0.637592390450686,3,59.0,0.481958338390406,4,230.0,0.25576840926038197,9,302.0
3560.0,9,196.0,3.6296296296296298,6.333080172666821,1,4.0,0.0,3,23.0,0.48333183262137747,0,24.0,0.310269351826594,4,250.0,0.18103874294524816,8,301.0
3565.0,14,253.0,4.517857142857143,6.863087888276829,1,9.0,0.0,4,43.0,0.5101048672985402,1,4.0,0.710682541073908,5,270.0,0.13330123683983433,11,326.0
3570.0,8,114.0,2.0357142857142856,6.759739056364694,1,14.0,0.0,4,60.0,0.3973292196421275,1,9.0,0.2524277734756094,0,102.0,0.45662259422726337,6,185.0
3575.0,13,146.0,2.8076923076923075,6.261078147793301,1,19.0,0.0,8,94.0,0.1958244074400604,3,36.0,0.5178383548144556,0,0.0,0.9673450459146484,12,149.0
3580.0,11,168.0,3.2941176470588234,5.165030304350528,1,24.0,0.0,8,134.0,0.1263075569614248,2,16.0,0.24013592460920474,0,0.0,0.958595285836609,11,174.0
3585.0,14,235.0,4.607843137254902,5.699137812754206,1,35.0,0.4077006250893174,9,179.0,0.14595130875751997,4,32.0,0.2453651765463749,0,0.0,0.9603832934199321,14,246.0
3590.0,16,309.0,5.9423076923076925,6.273452201543694,2,41.0,0.017575078362783485,10,229.0,0.29054347165982247,4,52.0,0.19919274211652738,0,0.0,0.974900004133327,16,322.0
3595.0,16,389.0,7.480769230769231,6.0452072958631655,2,51.0,0.004732523114684852,10,279.0,0.3901857364937748,4,73.0,0.28360261324153574,0,0.0,0.8215582753882822,16,403.0
3600.0,21,488.0,9.037037037037036,5.988637448235793,3,63.0,0.0006223907656444557,10,329.0,0.40615675830137676,5,98.0,0.34780508491953466,1,4.0,0.47497870020495253,19,494.0
