step,system_total_stopped,system_total_waiting_time,system_mean_waiting_time,system_mean_speed,cluster_10564135163_13571629282_5146149679_stopped,cluster_10564135163_13571629282_5146149679_accumulated_waiting_time,cluster_10564135163_13571629282_5146149679_average_speed,cluster_10564135205_11749189839_3266988437_5129187741_#3more_stopped,cluster_10564135205_11749189839_3266988437_5129187741_#3more_accumulated_waiting_time,cluster_10564135205_11749189839_3266988437_5129187741_#3more_average_speed,cluster_10564135211_11749189838_12136544949_12136544951_#7more_stopped,cluster_10564135211_11749189838_12136544949_12136544951_#7more_accumulated_waiting_time,cluster_10564135211_11749189838_12136544949_12136544951_#7more_average_speed,cluster_10564135212_13571629279_13571629299_stopped,cluster_10564135212_13571629279_13571629299_accumulated_waiting_time,cluster_10564135212_13571629279_13571629299_average_speed,agents_total_stopped,agents_total_accumulated_waiting_time
0.0,0,0.0,0.0,0.0,0,0.0,1.0,0,0.0,1.0,0,0.0,1.0,0,0.0,1.0,0,0.0
5.0,0,0.0,0.0,9.631016146519777,0,0.0,1.0,0,0.0,0.911388217106111,0,0.0,1.0,0,0.0,0.9272933569150619,0,0.0
10.0,0,0.0,0.0,8.12415703172526,0,0.0,1.0,0,0.0,0.9385133903526304,0,0.0,1.0,0,0.0,0.9972659497338956,0,0.0
15.0,0,0.0,0.0,7.782800972888028,0,0.0,1.0,0,0.0,0.984428364196196,0,0.0,1.0,0,0.0,0.9487414354518712,0,0.0
20.0,0,0.0,0.0,8.323816343634741,0,0.0,1.0,0,0.0,0.9783167773456567,0,0.0,1.0,0,0.0,0.9594711483711216,0,0.0
25.0,0,0.0,0.0,8.505524144674816,0,0.0,1.0,0,0.0,0.9566147237272646,0,0.0,0.9496626328406601,0,0.0,0.9576635242966454,0,0.0
30.0,1,2.0,0.16666666666666666,6.453745954787524,0,0.0,1.0,0,0.0,0.5038728439670271,1,2.0,0.2660981283420018,0,0.0,0.9532800215916978,1,2.0
35.0,3,14.0,1.0,6.220812791740157,0,0.0,1.0,1,4.0,0.4772980891002575,2,10.0,9.129719395463217e-05,0,0.0,0.930375423842652,3,14.0
40.0,3,29.0,1.7058823529411764,5.696172657957198,0,0.0,1.0,1,9.0,0.08450787663376182,2,20.0,0.0,0,0.0,0.951888627461768,3,29.0
45.0,3,36.0,2.0,5.858604270180439,0,0.0,1.0,2,19.0,0.24188712967741877,1,17.0,0.0,0,0.0,0.959193289115531,3,36.0
50.0,1,22.0,1.1,7.3013800767465,0,0.0,1.0,0,0.0,0.9873707338085528,1,22.0,0.6390203552154993,0,0.0,0.9642693284466659,1,22.0
55.0,1,27.0,1.2272727272727273,8.577859327555224,0,0.0,1.0,0,3.0,0.9382960229665661,1,27.0,0.4613146846556327,0,0.0,0.9598029799346701,1,30.0
60.0,1,32.0,1.391304347826087,8.656422834679871,0,0.0,1.0,0,3.0,0.958885470483601,1,38.0,0.7306192369578778,0,0.0,0.9848728881082657,1,41.0
65.0,0,0.0,0.0,7.810653473781054,0,0.0,1.0,0,3.0,0.9714340479324401,0,3.0,0.6224962564798859,0,0.0,0.9430351843471982,0,6.0
70.0,2,10.0,0.4,7.862829405827472,0,0.0,1.0,0,3.0,0.9035242616370921,2,13.0,0.5646382483690258,0,0.0,0.9762764936977988,2,16.0
75.0,4,23.0,0.8518518518518519,7.111535062579727,0,0.0,1.0,1,6.0,0.5750941209070894,3,23.0,0.4874527247794132,0,0.0,0.9646563102246863,4,29.0
80.0,3,38.0,1.3103448275862069,7.411608020851575,0,0.0,1.0,1,11.0,0.7074463308060055,2,33.0,0.6473216882322598,0,0.0,0.9566320422145012,3,44.0
85.0,3,36.0,1.2,7.250479745208755,0,0.0,1.0,2,19.0,0.540635570845735,1,23.0,0.5661600556257965,0,0.0,0.9900990274027407,3,42.0
90.0,6,63.0,2.1724137931034484,7.42088510620868,0,0.0,1.0,3,32.0,0.39344590855004025,3,37.0,0.5885724075368493,0,0.0,0.9435408883556435,6,69.0
95.0,8,96.0,3.096774193548387,6.352699469218831,0,0.0,1.0,4,48.0,0.3069464958506959,4,54.0,0.04810734375883168,0,0.0,0.944261540523997,8,102.0
100.0,10,143.0,4.333333333333333,6.477409643229812,0,0.0,1.0,5,70.0,0.15751642696781665,5,79.0,0.05346453250717311,0,0.0,0.9356436251385327,10,149.0
105.0,11,194.0,5.878787878787879,6.121942239066869,0,0.0,1.0,5,95.0,0.16172463065228218,6,106.0,0.0560536542366299,0,0.0,0.9577848263674373,11,201.0
110.0,3,33.0,0.9166666666666666,5.797392293085922,0,0.0,1.0,1,16.0,0.6453164497620675,2,26.0,0.0177255071577531,0,0.0,0.9499152951372584,3,42.0
115.0,3,48.0,1.2972972972972974,7.037091405823722,0,0.0,1.0,1,24.0,0.5947245999217536,2,36.0,0.2956075929277943,0,0.0,0.9402956775399782,3,60.0
120.0,3,63.0,1.6578947368421053,8.670678413327524,0,0.0,0.9294907580500918,1,32.0,0.755940916374227,2,43.0,0.42997577127279907,0,0.0,0.9532183799250832,3,75.0
125.0,3,78.0,2.0526315789473686,9.156298311857721,0,0.0,1.0,1,37.0,0.8064790165092817,2,53.0,0.5909965969981527,0,0.0,0.950269288183464,3,90.0
130.0,4,60.0,1.5,8.096721633480334,0,0.0,1.0,2,11.0,0.5915331674441199,2,63.0,0.5771513766516727,0,0.0,0.9595258888111964,4,74.0
135.0,3,73.0,1.7804878048780488,8.97001335386161,0,0.0,1.0,1,12.0,0.748463139423033,2,73.0,0.6426763486427022,0,0.0,0.9792868505566157,3,85.0
140.0,3,88.0,2.2,8.708792847468137,0,0.0,1.0,1,17.0,0.8146101070061921,2,83.0,0.5863690828043817,0,0.0,0.9161473998559613,3,100.0
145.0,8,113.0,2.825,7.036659844650501,0,0.0,1.0,1,22.0,0.5199731917861987,4,102.0,0.509144714125897,0,0.0,0.9708362431602646,5,124.0
150.0,8,137.0,3.261904761904762,6.558525345293462,0,0.0,1.0,0,0.0,0.5301440941062193,5,127.0,0.41565732717106413,0,0.0,0.9535633544194301,5,127.0
155.0,6,70.0,1.5909090909090908,6.494816610247258,0,0.0,1.0,0,0.0,0.9618890486393379,3,91.0,0.42990542072173277,0,0.0,0.9409682393187678,3,91.0
160.0,10,113.0,2.627906976744186,6.909176935462882,0,3.0,0.9771359470484678,0,0.0,0.9024178047447017,5,70.0,0.4300063450734346,0,0.0,0.932727070903316,5,73.0
165.0,12,168.0,3.8181818181818183,6.43177248124789,0,0.0,1.0,0,0.0,0.971223207777963,6,95.0,0.38534597620762073,0,0.0,0.9596761138616168,6,95.0
170.0,16,240.0,5.217391304347826,6.4114237738957565,0,0.0,1.0,0,0.0,0.9704512389498339,8,131.0,0.3942476513587634,0,0.0,0.9821407803159873,8,131.0
175.0,15,279.0,5.9361702127659575,5.9339572345925795,0,0.0,1.0,0,0.0,0.941095580453505,9,173.0,0.26750847033618064,0,0.0,0.9517605244891167,9,173.0
180.0,15,252.0,5.478260869565218,5.826475054254117,0,0.0,1.0,0,0.0,0.9646561297338958,11,228.0,0.2526449555262656,0,0.0,0.948945839254417,11,228.0
185.0,12,275.0,5.978260869565218,5.640076534525154,0,0.0,1.0,0,0.0,0.6523635021793343,11,280.0,0.1760933164205768,0,0.0,0.9379875424646815,11,280.0
190.0,11,329.0,7.1521739130434785,5.3621044793878605,0,0.0,1.0,0,0.0,0.963132292805172,11,335.0,0.09598749240231964,0,0.0,0.9296534961511504,11,335.0
195.0,8,65.0,1.4130434782608696,4.9741741697618,0,0.0,1.0,0,0.0,0.8862400972876769,3,138.0,0.0716961325484536,0,0.0,0.9313543493695772,3,138.0
200.0,8,47.0,1.0,5.89129549129332,0,3.0,0.5179388923094299,1,11.0,0.5549962882867828,1,53.0,0.36512148023691493,0,0.0,0.9898504213428523,2,67.0
205.0,9,88.0,1.872340425531915,7.111872440626298,0,0.0,0.9717478964907186,1,16.0,0.7519049806106527,1,11.0,0.5972670501584139,0,0.0,0.9581809472069533,2,27.0
210.0,9,123.0,2.5625,7.55573776118747,0,0.0,0.8506614624720874,0,9.0,0.9155043518628077,1,16.0,0.7187297287500268,0,0.0,0.9299642756859448,1,25.0
215.0,10,153.0,3.1875,6.865911749170542,0,0.0,1.0,0,9.0,0.9065450245322448,1,5.0,0.6537575290544019,0,0.0,0.9355161876672901,1,14.0
220.0,13,209.0,4.354166666666667,6.577890688378751,0,0.0,1.0,1,11.0,0.7102499158363563,2,15.0,0.6406247618578053,0,0.0,0.9650742184011392,3,26.0
225.0,14,279.0,5.9361702127659575,6.295460960684577,0,0.0,1.0,1,44.0,0.7570163994877567,2,25.0,0.5451152643766195,0,0.0,0.9970255424644069,3,69.0
230.0,15,350.0,7.777777777777778,5.159691878280776,0,0.0,1.0,1,49.0,0.5596962637859174,3,36.0,0.1790563646025123,0,0.0,0.9333847019821143,4,85.0
235.0,22,445.0,10.113636363636363,3.973589542627572,0,0.0,1.0,5,35.0,0.14474918384705784,5,60.0,0.16476537836294594,0,0.0,0.9334017461885448,10,95.0
240.0,19,523.0,11.622222222222222,3.605842191898538,0,0.0,1.0,4,55.0,0.07792552594142176,5,85.0,0.15504066255463603,0,0.0,0.9732995884740617,9,140.0
245.0,25,635.0,14.431818181818182,3.055646759555833,0,0.0,1.0,6,84.0,0.22173553464230683,6,111.0,0.011069028716145233,0,0.0,0.9711848922417554,12,195.0
250.0,18,436.0,9.909090909090908,3.6642885949202113,0,0.0,1.0,1,9.0,0.5721934792853062,7,145.0,9.819227379491897e-06,0,0.0,0.9795975809151075,8,154.0
255.0,12,255.0,5.425531914893617,5.093746146845135,0,0.0,1.0,0,0.0,0.8625453490654883,7,180.0,0.0,0,0.0,0.9562992969554451,7,180.0
260.0,9,223.0,4.551020408163265,5.987167126847054,0,0.0,1.0,1,2.0,0.4787952703963377,7,221.0,0.22022929737984173,0,0.0,0.950779730959452,8,223.0
265.0,9,255.0,5.204081632653061,6.352939659347408,0,0.0,1.0,2,11.0,0.48121173588398264,7,256.0,0.2693869253746834,0,0.0,0.9452789219330042,9,267.0
270.0,8,281.0,5.62,6.615509330661156,0,0.0,1.0,0,0.0,0.8454021181456707,8,361.0,0.3229645628964967,0,0.0,0.9607466969194092,8,361.0
275.0,1,1.0,0.018867924528301886,6.539709186359399,0,0.0,1.0,1,1.0,0.6335811137885821,0,169.0,0.4288808914159643,0,0.0,0.9845241103342698,1,170.0
280.0,2,11.0,0.21568627450980393,7.263649273890151,0,3.0,0.6067805778661803,1,15.0,0.5907588818023404,1,141.0,0.6495106803275995,0,0.0,0.9968875606442422,2,159.0
285.0,2,21.0,0.42,7.921082410310312,0,0.0,0.7458418652968585,1,20.0,0.7454241406222819,1,140.0,0.5796582738826968,0,0.0,0.9305962748114116,2,160.0
290.0,2,20.0,0.37037037037037035,8.222265966051774,0,0.0,1.0,0,9.0,0.9449153365067179,2,150.0,0.6400683443156933,0,0.0,0.9605837527210423,2,159.0
295.0,1,1.0,0.018867924528301886,8.233332880802617,0,0.0,0.9738730538788729,0,9.0,0.9122025716579553,0,71.0,0.7482420221814743,0,0.0,0.9962500189132697,0,80.0
300.0,2,4.0,0.07407407407407407,8.67713748278192,0,0.0,1.0,0,9.0,0.8936590054706502,1,9.0,0.7849625801392404,0,0.0,0.9920437688447356,1,18.0
305.0,3,14.0,0.25925925925925924,8.823077711225162,0,0.0,1.0,0,9.0,0.917429383033288,3,61.0,0.6252363948980701,0,0.0,0.9549933960999518,3,70.0
310.0,7,37.0,0.6851851851851852,7.695301292391508,0,0.0,1.0,1,27.0,0.6732970360100793,4,36.0,0.3431566336611825,0,0.0,0.9752045915492198,5,63.0
315.0,10,70.0,1.3461538461538463,6.784491705465012,0,0.0,1.0,4,39.0,0.4562861432589114,6,63.0,0.2255173412056734,0,0.0,0.954326329814714,10,102.0
320.0,9,93.0,1.7222222222222223,6.981961606922338,0,0.0,1.0,5,56.0,0.28726614269966044,4,76.0,0.32305547420749053,0,0.0,0.9476085230140017,9,132.0
325.0,13,146.0,2.7547169811320753,6.824227831896328,0,0.0,0.20868349374293207,7,88.0,0.3829797413818705,5,95.0,1.4540483428503755e-05,0,0.0,0.9689180970263429,12,183.0
330.0,13,207.0,3.980769230769231,6.817240664193074,0,0.0,1.0,8,110.0,0.2870121495523329,5,120.0,0.15550295066384126,0,0.0,0.990914424356055,13,230.0
335.0,6,147.0,2.8823529411764706,7.264324880220023,0,0.0,1.0,1,42.0,0.5464575606162704,5,145.0,0.0,0,0.0,0.9563982417997501,6,187.0
340.0,4,97.0,1.94,7.370869039404961,0,0.0,1.0,1,21.0,0.6450926789175664,3,126.0,0.017694560673789873,0,0.0,0.9676433266984044,4,147.0
345.0,3,53.0,1.0392156862745099,8.330049357110026,0,0.0,1.0,2,31.0,0.6478086359000401,1,71.0,0.5237426931557388,0,0.0,0.9592855107976702,3,102.0
350.0,3,68.0,1.36,8.976238813255916,0,0.0,1.0,2,41.0,0.6821254834971123,1,47.0,0.7157161544939579,0,0.0,0.9717880344935672,3,88.0
355.0,3,71.0,1.3653846153846154,8.808174264144808,0,0.0,1.0,1,36.0,0.6841108250476935,2,55.0,0.5792833083044888,0,0.0,0.9364133507845207,3,91.0
360.0,4,85.0,1.7,7.727475047178976,0,0.0,1.0,3,48.0,0.42435316877478796,1,57.0,0.5878307363747887,0,0.0,0.9326288457596,4,105.0
365.0,6,109.0,2.18,7.67930925676175,0,0.0,1.0,4,65.0,0.27182884081277486,1,65.0,0.7773285209415,0,0.0,0.964535255083898,5,130.0
370.0,7,144.0,2.938775510204082,7.442746192253154,0,0.0,1.0,4,88.0,0.2663365634243622,1,64.0,0.6969099000635568,0,0.0,0.9308127855312662,5,152.0
375.0,8,139.0,2.78,7.174322289906283,0,0.0,0.9846188717950383,3,105.0,0.36562922816715504,2,72.0,0.5376786296251052,0,0.0,0.927727267499287,5,177.0
380.0,6,109.0,2.056603773584906,7.591270279212614,0,0.0,1.0,1,65.0,0.7032246796001758,0,10.0,0.7955429626985379,0,0.0,0.9613655694353042,1,75.0
385.0,6,139.0,2.6226415094339623,8.171011958663613,0,0.0,1.0,1,72.0,0.7384759081124365,0,3.0,0.9252889087636025,0,0.0,0.9441199935234245,1,75.0
390.0,8,174.0,3.2222222222222223,7.572291840531668,0,0.0,1.0,2,80.0,0.6273563133449908,0,3.0,0.8304862798214415,0,0.0,0.961400777189775,2,83.0
395.0,7,135.0,2.5961538461538463,7.0807543092335425,0,0.0,1.0,1,82.0,0.5551847988188456,2,10.0,0.6479373110451637,0,0.0,0.9665327753583348,3,92.0
400.0,11,186.0,3.509433962264151,6.629733925890082,0,0.0,1.0,3,94.0,0.3914799203292644,2,20.0,0.4946765952804933,0,0.0,0.9765626377169963,5,114.0
405.0,4,107.0,2.0576923076923075,6.727406032294376,0,0.0,1.0,4,113.0,0.4087710200413178,0,5.0,0.5654483920825203,0,0.0,0.9537749616136653,4,118.0
410.0,4,127.0,2.4901960784313726,7.302075615918725,0,0.0,1.0,4,133.0,0.48395864201088545,0,3.0,0.9508704001066498,0,0.0,0.9584762381520341,4,136.0
415.0,5,105.0,1.9811320754716981,7.32131781336838,0,0.0,0.9509696840234602,3,152.0,0.4546437776346644,0,3.0,0.9210305412783822,0,0.0,0.9761641398503207,3,155.0
420.0,2,105.0,2.019230769230769,8.417482335549302,0,0.0,0.9358262281157795,2,111.0,0.6477762701661681,0,3.0,0.9391137100222972,0,0.0,0.9564362143951222,2,114.0
425.0,3,117.0,2.2941176470588234,8.404486250492795,0,0.0,1.0,2,121.0,0.7136871596650971,0,4.0,0.8476509203343556,0,0.0,0.9368883465632805,2,125.0
430.0,7,141.0,3.0652173913043477,7.963983296811876,0,0.0,1.0,3,132.0,0.606850926295531,0,1.0,0.9539114740928103,0,0.0,0.9877188781583954,3,133.0
435.0,6,153.0,3.1875,7.684032769745083,0,0.0,1.0,2,121.0,0.5280094676314026,0,1.0,0.93970928687695,0,0.0,0.9710907041294394,2,122.0
440.0,7,179.0,3.6530612244897958,7.346807016282265,0,0.0,1.0,3,133.0,0.49904289503245686,0,1.0,0.834078303842329,0,0.0,0.9543468154955559,3,134.0
445.0,9,212.0,4.51063829787234,6.228270469234039,0,0.0,1.0,4,149.0,0.3960675794735406,1,7.0,0.7373680648747857,0,0.0,0.9433548359169602,5,156.0
450.0,8,251.0,5.340425531914893,6.053992791428329,0,0.0,1.0,4,174.0,0.2638274425525196,1,12.0,0.6046886003135954,0,0.0,0.9969064282962635,5,186.0
455.0,6,241.0,5.127659574468085,6.365238276450447,0,0.0,1.0,1,141.0,0.3511222177841309,2,20.0,0.2449131033954193,0,0.0,0.9319223958674108,3,161.0
460.0,4,171.0,3.717391304347826,7.326082650374587,0,0.0,1.0,1,146.0,0.422267482179265,3,34.0,0.3004970603849122,0,0.0,0.9631286747801022,4,180.0
465.0,6,199.0,4.23404255319149,7.890058271316157,0,0.0,1.0,2,156.0,0.48250536783924475,4,82.0,0.47890666398650816,0,0.0,0.9213863555244328,6,238.0
470.0,9,237.0,4.9375,7.614609836145571,0,0.0,1.0,2,166.0,0.4438942217476832,5,103.0,0.3287479033557279,0,0.0,0.9700302221613758,7,269.0
475.0,8,201.0,4.1875,7.2508687111978345,0,0.0,1.0,3,178.0,0.486422780754112,1,41.0,0.494602779642933,0,0.0,0.9383486194133549,4,219.0
480.0,6,214.0,4.36734693877551,7.234064297722497,0,6.0,0.499816106672537,1,167.0,0.6059166884916081,1,41.0,0.6650974871576075,0,0.0,0.9323313716545154,2,214.0
485.0,9,254.0,5.521739130434782,7.554475351759193,0,0.0,1.0,1,172.0,0.8078350354862581,3,53.0,0.5468341915380402,0,0.0,0.9374144292417202,4,225.0
490.0,7,235.0,4.795918367346939,7.273526061872988,0,0.0,0.9510636014446072,1,177.0,0.7599500297233075,3,68.0,0.3680341051178058,0,0.0,0.9336053498423419,4,245.0
495.0,7,237.0,4.647058823529412,7.879199006411618,0,0.0,1.0,2,186.0,0.6906508724431764,3,83.0,0.48956902503721533,0,0.0,0.9770435529224799,5,269.0
500.0,7,263.0,5.26,7.3652410110889655,0,0.0,1.0,2,196.0,0.6366693094957038,4,101.0,0.39931711605238146,0,0.0,0.9932443619559008,6,297.0
505.0,6,291.0,5.596153846153846,7.655000334864095,0,0.0,1.0,2,206.0,0.6758372687226601,4,121.0,0.3996229508196021,0,0.0,0.943234619439155,6,327.0
510.0,8,325.0,6.372549019607843,6.896147675836587,0,0.0,1.0,3,218.0,0.3677897162266796,5,143.0,0.2612311511491757,0,0.0,0.9682100402056967,8,361.0
515.0,8,292.0,5.959183673469388,6.886454444665189,0,0.0,1.0,5,241.0,0.15393430911057543,3,94.0,0.41518969739791906,0,0.0,0.9422499495021808,8,335.0
520.0,4,239.0,4.979166666666667,6.787898197801687,0,0.0,1.0,1,204.0,0.49881357815557664,3,38.0,0.320327000532003,0,0.0,0.953331411037406,4,242.0
525.0,6,268.0,5.36,7.485208425800944,0,0.0,1.0,1,209.0,0.75623700970384,5,62.0,0.2767651549467195,0,0.0,0.9525467967961094,6,271.0
530.0,8,303.0,6.446808510638298,7.286686160072092,0,0.0,1.0,1,214.0,0.7177333109764898,6,94.0,0.422338437262364,0,0.0,0.9595972612860909,7,308.0
535.0,10,348.0,7.404255319148936,6.9375910523972175,0,0.0,1.0,1,219.0,0.6812265674611108,7,126.0,0.3929413085333116,0,0.0,0.9874544072161276,8,345.0
540.0,10,398.0,8.291666666666666,6.783081844309932,0,0.0,1.0,1,224.0,0.7026192372132699,7,161.0,0.31704233927595343,0,0.0,0.9801924484300673,8,385.0
545.0,11,453.0,9.06,6.523126708426585,0,0.0,1.0,1,229.0,0.6373294147518729,8,201.0,0.3444062752547406,0,0.0,0.9534928749681464,9,430.0
550.0,12,512.0,10.893617021276595,6.670809700441495,0,0.0,1.0,2,247.0,0.6720849064360974,8,241.0,0.2916013755161409,0,0.0,0.9318225781505263,10,488.0
555.0,6,315.0,6.8478260869565215,6.482646286142648,0,0.0,1.0,2,257.0,0.5867107600456095,1,79.0,0.35960823714638,0,0.0,0.9118075951192457,3,336.0
560.0,7,338.0,7.191489361702128,7.3295201493996185,0,3.0,0.9358487170617972,1,259.0,0.6295640751395214,1,20.0,0.6750133195399393,0,0.0,0.9584052177899333,2,282.0
565.0,8,378.0,7.875,7.664999431049978,0,0.0,0.9847827335422319,2,272.0,0.6468512877658453,1,25.0,0.7305058586257047,0,0.0,0.9781910728643752,3,297.0
570.0,7,310.0,6.595744680851064,7.632205228608882,0,0.0,1.0,3,284.0,0.6717156920472511,1,33.0,0.7395539691252084,0,0.0,0.9690791735316199,4,317.0
575.0,7,331.0,6.895833333333333,7.512563482803555,0,0.0,1.0,3,299.0,0.653837791143218,1,38.0,0.8104727966077624,0,0.0,0.9414214124905274,4,337.0
580.0,6,338.0,6.8979591836734695,7.212966261055916,0,0.0,1.0,1,270.0,0.6013311214056877,1,43.0,0.8113542583376746,0,0.0,0.9452778536229833,2,313.0
585.0,6,345.0,7.340425531914893,7.279124645505594,0,0.0,1.0,2,277.0,0.7200202562914185,2,49.0,0.6368984716525148,0,0.0,0.9304684062433383,4,326.0
590.0,7,342.0,7.6,6.2440264667768925,0,0.0,1.0,3,288.0,0.38596403853055106,4,66.0,0.47884354747333,0,0.0,0.9666671742153683,7,354.0
595.0,7,361.0,7.680851063829787,5.972209862532562,0,0.0,1.0,6,312.0,0.1958884030052189,1,58.0,0.6719148548276253,0,0.0,0.8670460689050632,7,370.0
600.0,7,115.0,2.4468085106382977,6.867526257828263,0,3.0,0.8382597359220401,6,64.0,0.18761875591797086,1,63.0,0.7374031600331468,0,0.0,0.9603641556313476,7,130.0
605.0,8,154.0,3.5813953488372094,7.033478945282771,0,0.0,1.0,7,95.0,0.2613833849180082,1,71.0,0.7197420315875612,0,0.0,0.9749256468091666,8,166.0
610.0,10,195.0,4.431818181818182,6.897050060728173,0,0.0,1.0,7,130.0,0.27972719153427933,3,77.0,0.5442067083557638,0,0.0,0.9652130628027754,10,207.0
615.0,9,235.0,5.108695652173913,7.363156256443782,0,0.0,1.0,7,165.0,0.30249329848995843,2,82.0,0.570715830567276,0,0.0,0.9673097181149708,9,247.0
620.0,10,283.0,6.0212765957446805,7.4647903880512185,0,0.0,1.0,8,203.0,0.20364215306179814,2,92.0,0.68730713233635,0,0.0,0.9447478594798523,10,295.0
625.0,12,337.0,7.326086956521739,6.597299867991426,0,0.0,1.0,8,246.0,0.16250493935259505,4,103.0,0.3036694765649599,0,0.0,0.9823522727028788,12,349.0
630.0,13,398.0,9.045454545454545,5.8486350588903555,0,0.0,1.0,9,284.0,0.10515331492533152,4,123.0,0.13860923884629608,0,0.0,0.9726740439171302,13,407.0
635.0,18,381.0,7.9375,5.211455077610964,0,0.0,1.0,10,331.0,0.10530783190716195,5,52.0,0.0005825112980919406,0,0.0,0.9591735400392967,15,383.0
640.0,10,119.0,2.4791666666666665,4.7587468182305415,0,3.0,0.9566676377308686,1,117.0,0.21649531343141623,5,77.0,0.15263213977786352,0,0.0,0.9576081571755451,6,197.0
645.0,7,102.0,2.125,5.468900782086216,1,4.0,0.004289508491497359,1,25.0,0.3917012574342719,5,102.0,0.003607078052674797,0,0.0,0.9446330675444479,7,131.0
650.0,7,136.0,2.6666666666666665,7.116512042910397,0,0.0,1.0,1,7.0,0.64071000589757,6,141.0,0.3177353177857954,0,0.0,0.9282588014899507,7,148.0
655.0,5,39.0,0.75,7.720267526620881,0,0.0,1.0,1,12.0,0.654212671083287,1,81.0,0.6908818248699886,0,0.0,0.8746532764461143,2,93.0
660.0,3,16.0,0.3076923076923077,8.384646307638523,0,0.0,1.0,1,7.0,0.5697881780322248,0,30.0,0.8626049014795516,0,0.0,0.9360845108124949,1,37.0
665.0,3,31.0,0.62,8.8237961891597,0,0.0,1.0,1,15.0,0.7787532626008985,0,9.0,0.9763819869922186,0,0.0,0.9804573852705564,1,24.0
670.0,2,12.0,0.24489795918367346,8.693008823175816,0,0.0,1.0,2,18.0,0.603498256811798,0,9.0,0.962284219267185,0,0.0,0.9503394270935301,2,27.0
675.0,2,22.0,0.4583333333333333,8.365359312764832,0,0.0,1.0,2,28.0,0.7040749854570655,0,9.0,0.49071210139416804,0,0.0,0.966479775348398,2,37.0
680.0,5,41.0,0.8913043478260869,7.778562178698306,0,0.0,1.0,2,38.0,0.6864874177501353,3,18.0,0.05381261167664656,0,0.0,0.6323702504561929,5,56.0
685.0,6,70.0,1.4893617021276595,7.39386125357307,0,0.0,1.0,2,48.0,0.7120129325832054,3,33.0,0.19635580165364253,0,0.0,0.9964638312516904,5,81.0
690.0,11,117.0,2.4893617021276597,6.813847040486584,0,0.0,1.0,3,61.0,0.5957088033538406,4,54.0,0.44719206172085335,0,0.0,0.9652114658078149,7,115.0
695.0,10,146.0,2.979591836734694,5.952375604079631,0,0.0,1.0,4,79.0,0.2624495030071846,5,75.0,0.06238924017541076,0,0.0,0.9327316739229898,9,154.0
700.0,2,17.0,0.3469387755102041,6.051825638890757,0,0.0,1.0,0,93.0,0.1417136363510375,1,16.0,0.008093614053342335,0,0.0,0.927619083716402,1,109.0
705.0,2,27.0,0.5294117647058824,7.064051832284636,0,3.0,0.5863227695027722,0,6.0,0.6260522386787424,1,8.0,0.6644110370275115,0,0.0,0.9667222903408206,1,17.0
710.0,3,40.0,0.7692307692307693,8.415761611956624,0,0.0,0.8024179007355032,0,6.0,0.9344516583931199,1,13.0,0.7651260971532804,0,0.0,0.9581837233046078,1,19.0
715.0,4,60.0,1.1538461538461537,8.43347197462409,0,0.0,1.0,0,6.0,0.9137469812814313,1,18.0,0.8045447582292655,0,0.0,0.9583735504802036,1,24.0
720.0,4,59.0,1.1346153846153846,8.071453982485725,0,0.0,1.0,0,6.0,0.9562936533154562,0,0.0,0.8757419735312884,0,0.0,0.9689828389095885,0,6.0
725.0,5,66.0,1.2222222222222223,8.05977999742465,0,0.0,1.0,0,3.0,0.834399962641552,1,2.0,0.8434190567976936,0,0.0,0.9605063571242506,1,5.0
730.0,6,37.0,0.7115384615384616,7.573318802343815,0,0.0,1.0,1,7.0,0.8045951151211183,3,9.0,0.6429973945658126,0,0.0,0.9918599483619048,4,16.0
735.0,8,71.0,1.5106382978723405,7.010118195884252,0,0.0,1.0,2,13.0,0.5434725748145294,4,26.0,0.3692167164181313,0,0.0,0.9367046307418109,6,39.0
740.0,12,120.0,2.5,6.030300668169949,0,0.0,1.0,2,20.0,0.4919463850224915,5,49.0,0.23379752862050773,0,0.0,0.9658494287534576,7,69.0
745.0,14,149.0,3.239130434782609,5.413431850653652,0,0.0,1.0,4,39.0,0.2899317718027473,1,22.0,0.4170364529141769,0,0.0,0.929122934256476,5,61.0
750.0,12,168.0,3.7333333333333334,5.546019100830519,0,3.0,0.49365440368860436,0,3.0,0.7050499359942045,1,27.0,0.38904157031829983,0,0.0,0.8921188402169573,1,33.0
755.0,13,232.0,5.043478260869565,6.060994710232709,0,0.0,0.7351942028315136,0,3.0,0.9447768856180758,2,36.0,0.29373406019465675,0,0.0,0.940577184075181,2,39.0
760.0,11,241.0,5.355555555555555,6.818930020381458,0,0.0,1.0,0,3.0,0.9727340538258619,2,52.0,0.6094557232824808,0,0.0,0.9645049546819432,2,55.0
765.0,8,217.0,4.822222222222222,6.702450989138174,0,0.0,1.0,0,3.0,0.9401906000392283,1,21.0,0.6848561835302529,0,0.0,0.9785207583093968,1,24.0
770.0,7,154.0,3.276595744680851,7.177900460370363,0,0.0,1.0,0,3.0,0.968767989397545,2,14.0,0.5842498045479225,0,0.0,0.972135949838193,2,17.0
775.0,6,25.0,0.5102040816326531,7.47529468442677,0,0.0,1.0,0,3.0,0.9544393152366071,3,28.0,0.5378925172485641,2,1.0,0.32059784167065086,5,32.0
780.0,6,46.0,1.0222222222222221,6.77454851828094,0,0.0,1.0,2,6.0,0.2453049905651203,3,43.0,0.5739020246938635,1,6.0,0.2038354304639672,6,55.0
785.0,5,43.0,1.0238095238095237,6.794574071679648,0,0.0,1.0,3,26.0,0.371269440112474,1,75.0,0.6973124425435145,1,11.0,0.38376367360436303,5,112.0
790.0,0,0.0,0.0,7.247045296024378,0,0.0,0.9984626810746959,0,9.0,0.7377782604996888,0,51.0,0.7533701342359798,0,0.0,0.947589250156491,0,60.0
795.0,4,10.0,0.22727272727272727,7.508647230205758,0,0.0,1.0,1,10.0,0.719941257690853,1,37.0,0.4474531837929788,0,0.0,0.9546952663162689,2,47.0
800.0,6,35.0,0.7608695652173914,7.972949370930476,0,0.0,1.0,1,9.0,0.7792586272954151,1,45.0,0.6983098102243461,0,0.0,0.931185883645874,2,54.0
805.0,9,53.0,1.1777777777777778,7.873869873768442,0,0.0,1.0,2,34.0,0.7273964565748285,1,50.0,0.7534090278453338,0,0.0,0.9206063373985639,3,84.0
810.0,10,87.0,1.851063829787234,7.040592490233133,0,0.0,1.0,3,26.0,0.45672650928608693,2,64.0,0.5264172365086335,0,0.0,0.9005434498617041,5,90.0
815.0,10,85.0,1.8085106382978724,7.037850828794341,0,0.0,1.0,6,48.0,0.22429423230551557,3,75.0,0.39387676019261453,0,0.0,0.9734900923098043,9,123.0
820.0,11,123.0,2.7954545454545454,6.51624546747208,0,0.0,1.0,8,83.0,0.10244386045523525,3,90.0,0.3839023635219017,0,0.0,0.9216101147868079,11,173.0
825.0,10,162.0,3.6818181818181817,6.7276169359138045,0,0.0,1.0,8,136.0,0.2473638919702931,2,89.0,0.5650969316363914,0,0.0,0.91102640066247,10,225.0
830.0,6,112.0,2.4347826086956523,7.7872902022829305,0,0.0,0.9791153912089418,4,103.0,0.48106233138386256,2,96.0,0.0,0,0.0,0.9497322726549248,6,199.0
835.0,5,119.0,2.4791666666666665,8.193236675757815,0,0.0,0.037960505061738516,3,64.0,0.446257187894249,2,106.0,0.47638449944913663,0,0.0,0.9944369324908781,5,170.0
840.0,8,157.0,3.3404255319148937,8.526096359736064,2,9.0,5.2877932025321974e-05,4,83.0,0.48203974601015115,2,119.0,0.6393540309032059,0,0.0,0.9274424255140614,8,211.0
845.0,8,197.0,4.191489361702128,8.089669684735362,2,19.0,0.0,4,103.0,0.4823531211053024,2,129.0,0.3344577936442615,0,0.0,0.9656162220145162,8,251.0
850.0,4,98.0,2.0,7.915685796179513,0,0.0,1.0,0,3.0,0.7955011820000213,3,142.0,0.2256928994251482,0,0.0,0.9854008371925074,3,145.0
855.0,6,122.0,2.489795918367347,7.710240631820439,0,0.0,1.0,0,3.0,0.8989495546691527,3,157.0,0.44684277948683765,0,0.0,0.9638524291370942,3,160.0
860.0,8,156.0,3.25,7.4690565980659445,0,0.0,1.0,0,0.0,0.9501216284233612,4,196.0,0.5255219973546086,0,0.0,0.9865545206451016,4,196.0
865.0,12,210.0,4.285714285714286,7.094283834282378,0,0.0,1.0,1,2.0,0.6566347722250468,5,218.0,0.41256572000833425,0,0.0,0.983757444569621,6,220.0
870.0,11,132.0,2.64,7.109659229264918,0,0.0,1.0,1,7.0,0.7294251993824667,3,124.0,0.43114405150621027,0,0.0,0.9439734989387708,4,131.0
875.0,9,147.0,3.0,7.551226128828297,0,3.0,0.9011242525263053,1,12.0,0.5790080758768656,1,44.0,0.7501960919713958,0,0.0,0.9529289980494808,2,59.0
880.0,11,196.0,4.260869565217392,7.308195748343382,0,0.0,1.0,2,19.0,0.33077630602677227,2,24.0,0.6082957136865018,0,0.0,0.9963056364521138,4,43.0
885.0,11,198.0,4.212765957446808,7.235383162825234,0,0.0,1.0,2,29.0,0.4917556264492554,3,38.0,0.4987804736842458,0,0.0,0.971586787644398,5,67.0
890.0,6,162.0,3.6,7.041270204131412,0,0.0,1.0,2,29.0,0.3151753269958993,0,0.0,0.8129363064798191,0,0.0,0.990410811317694,2,29.0
895.0,9,200.0,4.545454545454546,6.463784239610657,0,5.0,0.5310135194816624,2,39.0,0.31612888825710844,1,2.0,0.5372439769695864,0,0.0,0.9662581846108811,3,46.0
900.0,11,246.0,5.72093023255814,6.562899335778587,0,0.0,0.8465072514588892,2,55.0,0.6199304030663557,4,20.0,0.256800469584115,0,0.0,0.9556812668407216,6,75.0
905.0,13,306.0,6.6521739130434785,6.601779697427393,0,0.0,1.0,3,67.0,0.6273816800351723,5,43.0,0.18113892053759778,0,0.0,0.9646053169670347,8,110.0
910.0,13,347.0,7.711111111111111,5.858413744803185,0,0.0,1.0,2,86.0,0.663503792016194,6,72.0,0.14039611324998388,0,0.0,0.943987100444503,8,158.0
915.0,11,350.0,8.13953488372093,5.819325001748106,0,0.0,1.0,2,96.0,0.7220984881014884,4,79.0,0.1683241855776266,0,0.0,0.9322414048795356,6,175.0
920.0,9,253.0,5.622222222222222,6.963584813134128,0,0.0,1.0,2,74.0,0.6705874374339426,4,77.0,0.40052639651595645,0,0.0,0.9508773989653952,6,151.0
925.0,8,172.0,4.095238095238095,6.430527295602786,0,0.0,0.9028228353452782,3,83.0,0.47788645969076704,5,98.0,0.4132639326378482,0,0.0,0.978586664785889,8,181.0
930.0,8,188.0,4.7,5.951132649517954,0,0.0,1.0,2,76.0,0.3489244149738476,6,125.0,0.32734694589637325,0,0.0,0.9590262316821493,8,201.0
935.0,6,192.0,4.923076923076923,6.9269037019686035,0,0.0,1.0,3,116.0,0.47479473014922186,3,124.0,0.4195177868671337,0,0.0,0.9959360799999208,6,240.0
940.0,6,222.0,5.285714285714286,7.615687827429964,0,0.0,1.0,3,108.0,0.4326388756512341,3,179.0,0.5623966263765184,0,0.0,0.9396254025239422,6,287.0
945.0,8,256.0,6.2439024390243905,7.719934121483717,0,0.0,1.0,4,152.0,0.5640593388872134,3,194.0,0.45690828880595585,0,0.0,0.9530047272493145,7,346.0
950.0,8,293.0,7.146341463414634,8.218657300408845,0,0.0,1.0,4,183.0,0.6223743299076511,4,209.0,0.19999281365775348,0,0.0,0.980802059158229,8,392.0
955.0,6,218.0,5.317073170731708,7.519366208573023,0,0.0,1.0,4,174.0,0.5666373678897163,2,169.0,0.25859339814886284,0,0.0,0.9647949211417121,6,343.0
960.0,5,190.0,4.523809523809524,8.534037694840764,0,0.0,1.0,4,183.0,0.516081768245635,1,66.0,0.5699228147578962,0,0.0,0.9936869628672049,5,249.0
965.0,7,221.0,5.525,8.073254235719014,0,0.0,1.0,5,206.0,0.4347585623235422,2,74.0,0.00014703936618125894,0,0.0,0.9462578705743456,7,280.0
970.0,7,256.0,6.2439024390243905,8.08051108181355,0,0.0,1.0,5,230.0,0.33272572254112587,2,84.0,5.077433394169232e-06,0,0.0,0.9868826302093958,7,314.0
975.0,8,296.0,7.219512195121951,6.433644591151997,0,0.0,1.0,6,260.0,0.25973862107728785,2,94.0,0.08648698673986399,0,0.0,0.9745388769844705,8,354.0
980.0,12,351.0,8.357142857142858,6.053072398313774,0,0.0,1.0,8,294.0,0.13552776204104883,3,108.0,0.2796176071877812,0,0.0,0.9788679754226649,11,402.0
985.0,11,363.0,8.642857142857142,6.12012941457167,0,0.0,1.0,9,339.0,0.2310577318848048,2,35.0,0.3634020540191562,0,0.0,0.9514921858444622,11,374.0
990.0,12,421.0,10.268292682926829,6.741053301123488,0,0.0,1.0,9,387.0,0.335900226443448,3,40.0,0.33989203224970305,0,0.0,0.9748401909207439,12,427.0
995.0,13,483.0,11.232558139534884,5.950751879784146,0,0.0,1.0,9,432.0,0.28013624122255804,4,57.0,0.28769541917287267,0,0.0,0.9695790435671695,13,489.0
1000.0,5,214.0,4.863636363636363,6.135443049816231,0,0.0,1.0,1,183.0,0.435918875710868,4,77.0,0.45776154324897567,0,0.0,0.9649606916786178,5,260.0
1005.0,2,154.0,3.5,7.139757161632926,0,0.0,1.0,1,145.0,0.6229954614878485,1,29.0,0.5687703412105038,0,0.0,0.9812273549821728,2,174.0
1010.0,2,164.0,3.5652173913043477,8.663141192057207,0,0.0,1.0,1,154.0,0.7168314281028668,1,26.0,0.8119461096025175,0,0.0,0.9627526505785111,2,180.0
1015.0,2,174.0,3.9545454545454546,8.98840442913472,0,0.0,1.0,1,162.0,0.793033387997557,1,31.0,0.8143702107303812,0,0.0,0.9534370106211538,2,193.0
1020.0,2,184.0,4.181818181818182,8.99405063002142,0,0.0,1.0,1,164.0,0.7987230658422436,1,36.0,0.8510421823517664,0,0.0,0.9660216255968241,2,200.0
1025.0,3,196.0,4.260869565217392,8.170642142936643,0,0.0,1.0,1,169.0,0.7657040410480748,2,43.0,0.6390777586236907,0,0.0,0.9553723795438315,3,212.0
1030.0,5,219.0,4.760869565217392,8.388948460069345,0,0.0,1.0,1,174.0,0.7976586630185735,3,58.0,0.6057233581608668,0,0.0,0.9788259921922018,4,232.0
1035.0,6,247.0,5.613636363636363,8.189404211221005,0,0.0,1.0,2,182.0,0.7543549017945906,3,73.0,0.5380543931213894,0,0.0,0.9300899057249111,5,255.0
1040.0,10,286.0,6.5,6.752658691267567,0,0.0,1.0,4,197.0,0.556966330138307,5,92.0,0.19413550762450654,0,0.0,0.9848071504848418,9,289.0
1045.0,11,322.0,7.155555555555556,6.167065655993373,0,0.0,1.0,6,221.0,0.39007964764445996,5,117.0,0.08681478818903218,0,0.0,0.9336631843714677,11,338.0
1050.0,8,306.0,6.51063829787234,5.83697216081799,0,0.0,1.0,7,256.0,0.11582862290434447,1,66.0,0.04761724915833219,0,0.0,0.9510258866941527,8,322.0
1055.0,10,356.0,8.279069767441861,5.993206810061574,0,3.0,0.5855244876027219,9,301.0,0.07416236061134394,1,62.0,0.15670161173940153,0,0.0,0.955543960921042,10,366.0
1060.0,4,284.0,6.454545454545454,6.3073803225841365,0,3.0,0.4015950659234968,3,234.0,0.2789624985697577,1,67.0,0.49060704089809853,0,0.0,0.9792075792298587,4,304.0
1065.0,5,306.0,6.51063829787234,6.557146815396318,0,0.0,0.12565036968840726,3,235.0,0.5545219662069387,1,72.0,0.0,0,0.0,0.9545976466162185,4,307.0
1070.0,5,331.0,7.195652173913044,7.191761999901848,0,0.0,1.0,3,250.0,0.4734374497846326,1,83.0,0.6316896457858077,0,0.0,0.9578681461316532,4,333.0
1075.0,7,364.0,7.913043478260869,7.488065836921688,0,0.0,1.0,3,265.0,0.4855230008882295,1,88.0,0.7702501129450947,0,0.0,0.969020646681787,4,353.0
1080.0,8,402.0,8.553191489361701,7.30771255926889,0,0.0,1.0,3,280.0,0.5438677656707791,1,90.0,0.5777655455765496,0,0.0,0.9639928076869355,4,370.0
1085.0,5,389.0,7.938775510204081,7.2535985054926995,0,0.0,1.0,3,295.0,0.41111706831353795,2,100.0,0.586267346135495,0,0.0,0.9555898685630723,5,395.0
1090.0,7,415.0,8.829787234042554,6.7961005917992185,0,0.0,1.0,5,318.0,0.35374365824493204,1,100.0,0.7435990582049652,0,0.0,0.9752477921091709,6,418.0
1095.0,6,442.0,9.608695652173912,7.031605266147649,0,0.0,0.9859338966769322,5,343.0,0.4062878087529826,1,105.0,0.6402368973215697,0,0.0,0.9326402054327385,6,448.0
1100.0,8,478.0,10.622222222222222,6.861813763830735,0,0.0,1.0,5,371.0,0.4013200927009086,1,107.0,0.6384563174774905,0,0.0,0.9722145415736837,6,478.0
1105.0,6,480.0,10.909090909090908,6.668875399327491,0,0.0,1.0,3,355.0,0.33703849966981597,1,112.0,0.4680402357064841,0,0.0,0.9686879794923852,4,467.0
1110.0,5,489.0,11.372093023255815,6.866034155306244,0,0.0,1.0,4,375.0,0.39629338394348357,1,117.0,0.48029642867474426,0,0.0,0.9707239654882175,5,492.0
1115.0,5,514.0,11.681818181818182,7.4840990784555625,0,0.0,1.0,4,395.0,0.49087400131412406,1,125.0,0.564336823333532,0,0.0,0.9182412803882749,5,520.0
1120.0,6,543.0,12.066666666666666,7.527843898312226,0,0.0,1.0,4,415.0,0.5283520311308036,2,134.0,0.5687056227465516,0,0.0,0.9591505701863445,6,549.0
1125.0,7,558.0,12.4,7.520291669655209,0,0.0,1.0,5,417.0,0.34113509848536017,2,144.0,0.5813404004263175,0,0.0,0.9852694138723728,7,561.0
1130.0,7,581.0,13.204545454545455,6.58417829326672,0,0.0,1.0,6,444.0,0.11862962685239642,1,140.0,0.6875559404722758,0,0.0,0.9320375763819305,7,584.0
1135.0,9,626.0,13.911111111111111,6.4866153486965406,0,0.0,0.9283542885066463,7,482.0,0.30723265957957935,1,148.0,0.7445306275812449,0,0.0,0.9626649236095783,8,630.0
1140.0,8,661.0,15.372093023255815,7.180689015831333,0,0.0,0.8358177430237397,7,517.0,0.3494454100756454,1,153.0,0.7963011106167756,0,0.0,0.9394749758184051,8,670.0
1145.0,7,235.0,5.340909090909091,7.647035286522453,1,1.0,0.47387388617180215,5,179.0,0.5376397060880012,1,155.0,0.7224313403189625,0,0.0,0.9921956943836154,7,335.0
1150.0,6,238.0,5.666666666666667,6.520146214452033,0,0.0,1.0,5,84.0,0.5170802632722402,1,163.0,0.5589816746055448,0,0.0,0.9701708472211888,6,247.0
1155.0,8,118.0,2.5652173913043477,6.730251208010056,0,0.0,1.0,7,116.0,0.31425117912651973,1,11.0,0.734222369206808,0,0.0,0.8779666407886829,8,127.0
1160.0,9,163.0,3.3958333333333335,7.56378150733308,0,0.0,1.0,8,156.0,0.30760062242792074,1,16.0,0.7542193517626052,0,0.0,0.9613586608176133,9,172.0
1165.0,4,59.0,1.2291666666666667,7.671843937722842,0,0.0,1.0,3,47.0,0.5211733368305582,1,35.0,0.6846026719968182,0,0.0,0.9537826485236522,4,82.0
1170.0,6,85.0,1.7708333333333333,7.9953271950681115,0,0.0,1.0,3,59.0,0.39658413625104494,3,46.0,0.5289000629264181,0,0.0,0.9112019418424702,6,105.0
1175.0,5,85.0,1.7708333333333333,8.001193743755712,0,0.0,1.0,3,75.0,0.3670837879127648,1,44.0,0.7090027237779791,0,0.0,0.9295094413965782,4,119.0
1180.0,7,111.0,2.5813953488372094,8.27130490936848,0,3.0,0.946054946852477,4,93.0,0.3155028043577687,3,31.0,0.6718990287416314,0,0.0,0.9542894222192351,7,127.0
1185.0,4,36.0,0.8181818181818182,7.657002302606123,0,0.0,1.0,0,39.0,0.4062598942994109,4,48.0,0.4484152388831398,0,0.0,0.9523452215184611,4,87.0
1190.0,6,66.0,1.434782608695652,8.496151723981134,0,0.0,1.0,0,0.0,0.9426016611715706,6,78.0,0.35063709758081996,0,0.0,0.9750004587881538,6,78.0
1195.0,8,101.0,2.2444444444444445,8.64330175459841,0,0.0,1.0,1,1.0,0.4829405253474358,7,115.0,0.4669531128985991,0,0.0,0.9566070650945362,8,116.0
1200.0,9,142.0,3.4634146341463414,7.268016758218236,0,0.0,1.0,1,6.0,0.46524365387086136,8,151.0,0.27959361075020656,0,0.0,0.9819543655160552,9,157.0
1205.0,8,176.0,4.4,6.326601088536964,0,0.0,1.0,0,0.0,0.9600151579075004,8,191.0,0.17585349565321,0,0.0,0.9183678089088059,8,191.0
1210.0,10,220.0,5.0,6.54143489804184,0,0.0,1.0,0,0.0,0.9717332087495523,10,235.0,0.13913638457057279,0,0.0,0.9150887026527434,10,235.0
1215.0,11,274.0,6.2272727272727275,6.052439752115365,0,0.0,1.0,0,0.0,0.9597242958629316,11,289.0,0.22103975396463377,0,0.0,0.9364624297906066,11,289.0
1220.0,3,16.0,0.36363636363636365,5.950574297955554,0,0.0,1.0,0,0.0,0.9420648924985057,3,117.0,0.371550107780759,0,0.0,0.9858407587858984,3,117.0
1225.0,0,0.0,0.0,7.488755557132941,0,3.0,0.9077162992291425,0,3.0,0.8589117315359699,0,23.0,0.5496342735797577,0,0.0,0.9942109857644945,0,29.0
1230.0,2,8.0,0.17391304347826086,8.806162502214686,0,0.0,0.8523393183780495,1,12.0,0.7273479743372876,1,8.0,0.7843702343447609,0,0.0,0.948215482210244,2,20.0
1235.0,2,18.0,0.391304347826087,8.944295211666134,0,0.0,1.0,1,17.0,0.8243573021348835,1,13.0,0.481401774811963,0,0.0,0.9942257244386069,2,30.0
1240.0,2,28.0,0.5957446808510638,8.216069031099893,0,0.0,1.0,1,22.0,0.8036502559927844,1,18.0,0.44557986175576114,0,0.0,0.9762216131495617,2,40.0
1245.0,4,29.0,0.5918367346938775,7.936247646590376,0,0.0,1.0,0,9.0,0.9299074550024355,4,32.0,0.000359569576084562,0,0.0,0.9499016147161171,4,41.0
1250.0,6,57.0,1.1875,8.004029642542836,0,0.0,1.0,0,9.0,0.9201357777009797,4,52.0,0.19023669574746335,0,0.0,0.9649823736120732,4,61.0
1255.0,7,88.0,1.872340425531915,7.721776901865413,0,0.0,1.0,0,3.0,0.8654661661666566,5,76.0,0.2811574433524561,0,0.0,0.9380303386056039,5,79.0
1260.0,4,57.0,1.3255813953488371,6.753093788453879,0,0.0,1.0,1,3.0,0.7029329471107345,2,56.0,0.4638265695480868,0,0.0,0.9644901975817421,3,59.0
1265.0,5,82.0,1.8222222222222222,7.433030730979173,0,3.0,0.6511022034978572,1,11.0,0.47974601288992486,2,66.0,0.5750233957247585,0,0.0,0.9635798153340764,3,80.0
1270.0,2,73.0,1.6222222222222222,7.473156902912558,0,6.0,0.14248511860345242,0,5.0,0.7388604756464134,2,76.0,0.546979024050652,0,0.0,0.9455589817369473,2,87.0
1275.0,5,98.0,2.1777777777777776,8.337553214090251,2,16.0,1.2042600962994435e-05,0,3.0,0.9359370080227535,3,91.0,0.5496816046730955,0,0.0,0.9481640108267078,5,110.0
1280.0,5,123.0,2.86046511627907,7.376126773207248,2,26.0,0.0,0,3.0,0.9227614743765535,3,109.0,0.5060708706197123,0,0.0,0.9460281540592399,5,138.0
1285.0,6,128.0,2.9767441860465116,6.635256521222286,0,0.0,1.0,1,6.0,0.5994042019789091,5,131.0,0.40400929485895976,0,0.0,0.9252429574913186,6,137.0
1290.0,8,161.0,3.8333333333333335,6.685837204141483,0,0.0,1.0,0,6.0,0.7243913404794997,8,167.0,0.364877273941957,0,0.0,0.9755233441338004,8,173.0
1295.0,8,201.0,4.785714285714286,7.461577713366712,0,0.0,1.0,0,0.0,0.9430884317435316,8,207.0,0.3621537977270248,0,0.0,0.9469378506789792,8,207.0
1300.0,4,74.0,1.6444444444444444,8.042488539080416,0,0.0,1.0,0,0.0,0.9389175435641489,4,154.0,0.4574426134557099,0,0.0,0.9515088194046487,4,154.0
1305.0,4,62.0,1.3777777777777778,8.101323736485778,0,0.0,1.0,0,0.0,0.8333069014374833,4,68.0,0.47713673446562493,0,0.0,0.942873283391254,4,68.0
1310.0,9,96.0,2.1333333333333333,7.3444800908570125,0,0.0,0.8803450201401187,2,5.0,0.3103921645303716,7,97.0,0.32837166997302575,0,0.0,0.9612444278484945,9,102.0
1315.0,12,146.0,3.1739130434782608,6.920058410174455,1,1.0,0.00033283654298168043,2,15.0,0.4912618591341927,8,130.0,0.3168264410252884,0,0.0,0.9727178441671265,11,146.0
1320.0,11,198.0,4.604651162790698,6.533734236003035,1,6.0,0.0,2,25.0,0.5394774139852526,8,170.0,0.2934000672835912,0,0.0,0.9609271890887688,11,201.0
1325.0,14,262.0,6.093023255813954,6.203598846475928,1,11.0,0.0,2,35.0,0.5566135665501383,11,219.0,0.25906373780070424,0,0.0,0.950454210269174,14,265.0
1330.0,13,291.0,6.466666666666667,5.81796877381905,1,16.0,0.0,0,1.0,0.5100516589672638,12,278.0,0.20525691415344643,0,0.0,0.9636039403697952,13,295.0
1335.0,15,341.0,6.959183673469388,5.979717776182944,0,0.0,1.0,1,1.0,0.5066621303578613,14,343.0,0.14898823659961696,0,0.0,0.9470715223222188,15,344.0
1340.0,8,65.0,1.3,5.95963892890133,0,0.0,1.0,1,6.0,0.6279962274647135,7,169.0,0.15575372708282795,0,0.0,0.949198047468921,8,175.0
1345.0,4,36.0,0.7659574468085106,7.652407381963101,0,6.0,0.6157961110598116,1,19.0,0.7225186860787202,3,78.0,0.4445208336254597,0,0.0,0.9773865176649451,4,103.0
1350.0,4,41.0,0.8541666666666666,8.121905418329083,0,0.0,0.8434818136621719,1,12.0,0.7480696310040086,3,43.0,0.5415816420251625,0,0.0,0.9507692831747478,4,55.0
1355.0,7,66.0,1.32,7.602140677316592,2,3.0,0.13532331677150913,2,19.0,0.6846971548104585,3,58.0,0.46208187728263056,0,0.0,0.9885716356517625,7,80.0
1360.0,8,106.0,2.0384615384615383,7.395146669613128,3,18.0,0.019790933143276027,2,29.0,0.754387757910289,3,76.0,0.5876564645499741,0,0.0,0.9181374478423193,8,123.0
1365.0,10,152.0,2.980392156862745,6.949371390133436,3,33.0,0.002452137009232937,3,43.0,0.665243761810634,3,91.0,0.6091614664254035,0,0.0,0.9407426778196315,9,167.0
1370.0,8,162.0,3.0,7.408120439774681,4,52.0,0.0007666879659272064,0,17.0,0.8483501954256195,3,106.0,0.5284450300099041,0,0.0,0.9610212610307891,7,175.0
1375.0,4,87.0,1.6415094339622642,7.062165968977508,0,8.0,0.037296512584431965,1,10.0,0.5486118714733489,2,74.0,0.5254584261100176,0,0.0,0.9414317264280059,3,92.0
1380.0,9,126.0,2.52,6.935453114753219,0,0.0,1.0,4,28.0,0.30672101042920086,4,95.0,0.3876254697997587,0,0.0,0.9426940232710168,8,123.0
1385.0,11,175.0,3.5,6.853193753217462,0,0.0,1.0,4,48.0,0.31251181760674895,5,116.0,0.24496340306191697,0,0.0,0.9389328930710639,9,164.0
1390.0,8,174.0,3.3461538461538463,6.425295635417774,0,0.0,1.0,0,16.0,0.3741338728145523,6,142.0,0.2105100692752061,0,0.0,0.9882256421482084,6,158.0
1395.0,8,172.0,3.2452830188679247,6.799565867347244,0,0.0,1.0,1,4.0,0.5194484239324055,7,175.0,0.25540058549826705,0,0.0,0.9490336076326776,8,179.0
1400.0,6,138.0,2.5555555555555554,7.169511196391096,0,0.0,1.0,3,15.0,0.32147442476908195,2,147.0,0.46774530882181053,0,0.0,0.9466469839021456,5,162.0
1405.0,6,162.0,3.0,7.456486643425355,0,3.0,0.563591706639888,4,37.0,0.2744779049757762,2,134.0,0.6930744139749283,0,0.0,0.9702229926114513,6,174.0
1410.0,6,192.0,3.9183673469387754,8.01508020065549,0,0.0,0.8205269206534402,4,57.0,0.39699687256809446,2,144.0,0.5917152933915883,0,0.0,0.9704443407339846,6,201.0
1415.0,8,228.0,4.56,7.605752423406809,0,0.0,1.0,4,77.0,0.4249875636776653,4,160.0,0.3843171203058967,0,0.0,0.9976382775055772,8,237.0
1420.0,8,114.0,2.375,7.154574250477136,0,0.0,1.0,4,97.0,0.46664595851369495,3,102.0,0.4198404359092408,0,0.0,0.9412093169035765,7,199.0
1425.0,7,132.0,2.75,7.664213613433806,0,0.0,1.0,5,120.0,0.3474017742947731,2,23.0,0.4789192299406958,0,0.0,0.9455160931235881,7,143.0
1430.0,4,38.0,0.76,7.385820168112083,0,0.0,0.9483688063170198,1,69.0,0.5145488803761046,3,30.0,0.2906302538973879,0,0.0,0.9343337348973313,4,99.0
1435.0,7,65.0,1.4444444444444444,7.653711339764797,0,0.0,0.016704806880277184,3,24.0,0.5237253092400598,4,47.0,0.016076817409895597,0,0.0,0.9440703150248925,7,71.0
1440.0,6,70.0,1.4893617021276595,7.236586589915171,1,5.0,0.0,3,39.0,0.553170785336257,1,33.0,0.3064162797876167,0,0.0,0.9494180893709255,5,77.0
1445.0,9,109.0,2.2708333333333335,6.885422551299725,1,16.0,0.43129340026416774,3,54.0,0.42923281622742887,1,38.0,0.6610021379224941,0,0.0,0.9973145378493565,5,108.0
1450.0,8,99.0,2.0625,6.343202914293374,1,15.0,0.32943325697205644,0,3.0,0.7194507226119735,1,43.0,0.4610368306419895,0,0.0,0.9055325034374171,2,61.0
1455.0,9,109.0,2.2708333333333335,6.978334277676152,1,20.0,0.0,0,3.0,0.7879028690184977,1,48.0,0.718591409117261,0,0.0,0.9197465669303402,2,71.0
1460.0,12,164.0,3.28,6.967655430758023,1,25.0,0.0,0,3.0,0.9644018401373926,1,56.0,0.7756086872746234,0,0.0,0.9751921217785148,2,84.0
1465.0,9,144.0,2.88,7.1570432781307485,1,30.0,0.0,0,3.0,0.8983983769181758,1,55.0,0.6856869523824365,0,0.0,0.9446873204225369,2,88.0
1470.0,3,100.0,1.9607843137254901,8.267286657309313,1,35.0,0.0,0,3.0,0.961692563178001,2,65.0,0.6483617029246299,0,0.0,0.9527773296803882,3,103.0
1475.0,3,115.0,2.5,8.650043744842712,1,40.0,0.0,0,0.0,0.7199391164624912,2,75.0,0.6964758584812346,0,0.0,0.9393595927236706,3,115.0
1480.0,3,50.0,1.0869565217391304,8.47896308279191,1,45.0,0.0,1,3.0,0.705701272195544,1,2.0,0.6773422483679858,0,0.0,0.9185973399839933,3,50.0
1485.0,8,72.0,1.565217391304348,7.8902556663275485,1,53.0,0.4726253601486736,1,8.0,0.6508128242620069,3,10.0,0.17248650723831954,0,0.0,0.942021841154268,5,71.0
1490.0,8,102.0,2.1702127659574466,7.273667156887746,1,55.0,0.0,0,0.0,0.5332954276952524,4,28.0,0.1724780558341554,0,0.0,0.9282368764131884,5,83.0
1495.0,8,142.0,3.021276595744681,6.797676106151724,1,60.0,0.0,0,2.0,0.44784667405632755,4,48.0,0.14486462843828865,0,0.0,0.8979031371029518,5,110.0
1500.0,12,192.0,4.085106382978723,6.582509809823722,1,65.0,0.0,1,5.0,0.5502547059481265,6,74.0,0.1325786618603947,0,0.0,0.943435109864967,8,144.0
1505.0,13,254.0,5.521739130434782,6.099890645253329,1,70.0,0.0,1,8.0,0.48041506186744853,6,104.0,0.13735997123408214,0,0.0,0.9719555321792728,8,182.0
1510.0,14,313.0,6.804347826086956,5.603011235768028,1,75.0,0.0,0,0.0,0.9617134869094653,6,134.0,0.1341879343831266,0,0.0,0.9588551733424057,7,209.0
1515.0,17,391.0,7.979591836734694,5.41112400714128,1,80.0,0.0,0,0.0,0.9275712895903574,7,168.0,0.1219374425769666,0,0.0,0.9330370818750382,8,248.0
1520.0,13,280.0,5.714285714285714,4.962378392931838,1,85.0,0.0,0,0.0,0.972854693675943,0,47.0,0.5052819939301001,0,0.0,0.986718785755317,1,132.0
1525.0,12,311.0,6.479166666666667,6.2060235200983405,1,93.0,0.46744688957965524,0,9.0,0.7635336830345675,0,3.0,0.7794796860922277,0,0.0,0.9769322298028775,1,105.0
1530.0,9,337.0,6.877551020408164,7.390523890537095,1,95.0,0.3173672126475335,0,15.0,0.8366268117433577,0,3.0,0.9718814362330389,0,0.0,0.96765213338417,1,113.0
1535.0,8,232.0,4.461538461538462,7.629561946956655,1,100.0,0.0,1,16.0,0.8176141006636325,0,3.0,0.9467170145808353,0,0.0,0.9493667071962868,2,119.0
1540.0,5,118.0,2.3137254901960786,7.644958150111244,1,105.0,0.0,1,15.0,0.7937981881912592,0,3.0,0.8434204217486663,0,0.0,0.9737337994747886,2,123.0
1545.0,6,129.0,2.4339622641509435,7.781151018637646,1,110.0,0.0,1,14.0,0.834009368252055,2,61.0,0.41406916899326085,0,0.0,0.9336017881298699,4,185.0
1550.0,5,138.0,2.5555555555555554,7.476350904444071,1,115.0,0.0,0,3.0,0.8000611959171279,3,74.0,0.2011346750791922,0,0.0,0.9552917757258701,4,192.0
1555.0,6,162.0,2.9454545454545453,7.615614009738232,1,120.0,0.0,1,5.0,0.8073826298003035,4,93.0,0.1986636792980498,0,0.0,0.938612535729386,6,218.0
1560.0,5,150.0,2.8846153846153846,7.148558920893639,1,125.0,0.0,1,10.0,0.7525671490532148,1,99.0,0.6457688754993653,0,0.0,0.9159505900055107,3,234.0
1565.0,9,174.0,3.411764705882353,6.3500162499257105,1,133.0,0.26051780121049944,3,20.0,0.5402199052839675,2,108.0,0.39396647993628064,0,0.0,0.9097618468809808,6,261.0
1570.0,14,233.0,4.236363636363636,6.993591940657706,1,135.0,0.0,3,38.0,0.5456311197209032,3,123.0,0.548372479158889,0,0.0,0.9313186469452028,7,296.0
1575.0,10,234.0,4.5,7.6896452993547495,1,140.0,0.0,0,36.0,0.8227104602901498,3,138.0,0.580880942634116,0,0.0,0.9527949100295748,4,314.0
1580.0,4,177.0,3.4038461538461537,7.981232180912618,1,145.0,0.0,0,25.0,0.9602634767850219,1,73.0,0.714997863336461,0,0.0,0.926799194675236,2,243.0
1585.0,3,176.0,3.52,8.655132024329124,1,150.0,0.0,0,3.0,0.9400580196350345,2,29.0,0.48671510085397446,0,0.0,0.9523302108659053,3,182.0
1590.0,5,196.0,3.92,8.047734051560791,1,155.0,0.0,1,5.0,0.745578481308671,3,43.0,0.19621550783355107,0,0.0,0.9566951839340345,5,203.0
1595.0,11,242.0,5.5,6.856497901046382,1,160.0,0.0,2,10.0,0.515620343373375,4,63.0,0.19673051261782337,0,0.0,0.9783806464562201,7,233.0
1600.0,15,309.0,7.186046511627907,5.597351948549886,1,165.0,0.0,3,25.0,0.176451744089458,5,84.0,0.14511907190792425,0,0.0,0.9874688258018501,9,274.0
1605.0,21,399.0,9.068181818181818,4.212896893431672,1,170.0,0.0,5,46.0,0.035755732529877904,7,113.0,0.12254004645593115,0,0.0,0.9707553802246375,13,329.0
1610.0,19,450.0,10.0,4.3003703093272385,1,175.0,0.0,6,75.0,0.20389910674356315,2,88.0,0.21872092491255488,0,0.0,0.9367156733112199,9,338.0
1615.0,17,514.0,10.936170212765957,4.937460767079528,1,186.0,0.4158987840113622,5,93.0,0.38487317568157214,2,86.0,0.31278060450705814,0,0.0,0.9485491780140186,8,365.0
1620.0,15,567.0,11.8125,5.9644555082409925,1,185.0,0.3631490416009639,5,118.0,0.42821990752906025,2,96.0,0.3030204243703298,0,0.0,0.9406799241520707,8,399.0
1625.0,12,541.0,10.82,6.455842635922838,1,190.0,0.0,5,143.0,0.4376835422026085,2,106.0,0.2961657154663861,0,0.0,0.9427101775475641,8,439.0
1630.0,6,360.0,7.2,6.666341280306545,1,195.0,0.0,5,168.0,0.38688536438782106,0,46.0,0.6749622177276858,0,0.0,0.9407427924352927,6,409.0
1635.0,1,1.0,0.0196078431372549,7.277294609264061,0,0.0,1.0,1,32.0,0.5539754190987459,0,0.0,0.4646884841255996,0,0.0,0.9653538556106663,1,32.0
1640.0,3,14.0,0.2545454545454545,7.559346198294408,0,0.0,0.08251699206168968,1,9.0,0.7358916844535369,2,50.0,0.3161524538479955,0,0.0,0.946973888324023,3,59.0
1645.0,5,38.0,0.7450980392156863,8.008053131399347,1,5.0,0.0,1,14.0,0.7687245687154516,3,70.0,0.5009236548155561,0,0.0,0.9999934244374569,5,89.0
1650.0,6,59.0,1.18,7.5161619133539865,1,10.0,0.0,1,16.0,0.7047979667067015,3,37.0,0.5923864997557535,0,0.0,0.9877650714740958,5,63.0
1655.0,5,49.0,0.9607843137254902,7.941125018386685,0,0.0,1.0,1,4.0,0.6898121074773884,3,75.0,0.573281848646845,0,0.0,0.9275149687791336,4,79.0
1660.0,7,83.0,1.6274509803921569,7.747573503072915,0,0.0,1.0,1,68.0,0.5705042799420633,4,71.0,0.5478616097747827,0,0.0,0.958588697325495,5,139.0
1665.0,8,122.0,2.5416666666666665,7.8655060685382745,0,0.0,1.0,2,75.0,0.4864339886675195,4,94.0,0.6136356133063984,0,0.0,0.9367117213366641,6,169.0
1670.0,4,57.0,1.2127659574468086,7.830245729522914,0,0.0,1.0,2,26.0,0.32867795882402145,0,38.0,0.7171624620110447,0,0.0,0.9659386121598006,2,64.0
1675.0,0,0.0,0.0,8.203596518353816,0,0.0,0.9668422579084558,0,15.0,0.8069903193682522,0,3.0,0.69997931864951,0,0.0,0.9620042091254707,0,18.0
1680.0,1,4.0,0.08333333333333333,8.955246623714773,0,0.0,0.9269926970839653,0,18.0,0.9644094242861415,1,10.0,0.7300400017095022,0,0.0,0.9320323731046033,1,28.0
1685.0,4,16.0,0.3333333333333333,8.1976122204822,1,3.0,0.0,0,18.0,0.8089761595779317,1,18.0,0.7928692074722931,0,0.0,0.9197591675441144,2,39.0
1690.0,5,34.0,0.7391304347826086,7.887285167329399,1,5.0,0.0,1,6.0,0.795869054324088,2,26.0,0.5956352166936738,0,0.0,0.9647418636946012,4,37.0
1695.0,6,51.0,1.0408163265306123,7.519126372390876,1,5.0,0.0,1,11.0,0.8136618442606718,3,38.0,0.4843636742897454,0,0.0,0.948708847489772,5,54.0
1700.0,7,81.0,1.62,7.734694284031628,1,10.0,0.0,2,17.0,0.6124416496476021,4,58.0,0.5168599462049789,0,0.0,0.9258781581535944,7,85.0
1705.0,9,118.0,2.5106382978723403,7.562104991488728,1,15.0,0.0,2,27.0,0.5610765966384147,6,80.0,0.28447799101685306,0,0.0,0.9597184439313956,9,122.0
1710.0,10,164.0,3.4893617021276597,6.8163486170799,1,20.0,0.0,2,34.0,0.2554492863374544,7,108.0,0.20861421330053379,0,0.0,0.8942112522960014,10,162.0
1715.0,6,122.0,2.595744680851064,6.7867959288966215,1,25.0,0.0,3,49.0,0.3110838278040312,2,67.0,0.35494543996747985,0,0.0,0.937326198865209,6,141.0
1720.0,5,146.0,3.1739130434782608,7.396749456861628,1,36.0,0.3916841367386648,3,70.0,0.442683513165361,1,45.0,0.5494361936269911,0,0.0,0.9617034015408941,5,151.0
1725.0,4,128.0,2.909090909090909,8.008498053068974,0,0.0,1.0,3,85.0,0.5044646285388917,1,49.0,0.6652896207249277,0,0.0,0.9169227078808472,4,134.0
1730.0,5,152.0,3.4545454545454546,7.934337376726762,0,0.0,1.0,4,104.0,0.5393099918234593,1,54.0,0.6395403897904747,0,0.0,0.957853900253629,5,158.0
1735.0,5,177.0,4.214285714285714,7.304586679324912,0,0.0,1.0,4,124.0,0.5245247586560904,1,59.0,0.4748968222463317,0,0.0,0.950720420966239,5,183.0
1740.0,5,202.0,5.05,7.472962574848677,0,0.0,1.0,4,144.0,0.4539790803460206,1,64.0,0.6330853005625768,0,0.0,0.9413584640657815,5,208.0
1745.0,6,231.0,5.634146341463414,7.607664688286068,0,0.0,1.0,5,168.0,0.48299811912387075,1,69.0,0.49145966347704345,0,0.0,0.9449894902547045,6,237.0
1750.0,9,267.0,6.357142857142857,7.573817684348205,0,0.0,1.0,5,190.0,0.43298726221105843,1,74.0,0.4769850960178414,0,0.0,0.9541363820388666,6,264.0
1755.0,6,115.0,2.948717948717949,7.001470552642449,0,0.0,1.0,2,87.0,0.3550345646857336,1,79.0,0.6390683820964174,0,0.0,0.9402208745996701,3,166.0
1760.0,2,90.0,2.25,8.029292901691239,0,0.0,1.0,1,5.0,0.6576895825646916,1,84.0,0.5567679858561496,0,0.0,0.9340155189224906,2,89.0
1765.0,3,103.0,2.4523809523809526,8.306623809517102,0,0.0,1.0,1,10.0,0.4912499078383763,2,95.0,0.6016910211598391,0,0.0,0.9565264740648347,3,105.0
1770.0,4,121.0,2.951219512195122,7.533561075085671,0,0.0,1.0,2,18.0,0.47204432018545356,2,105.0,0.5783492093256601,0,0.0,0.9742106055331143,4,123.0
1775.0,5,48.0,1.2307692307692308,7.219977022242178,0,0.0,1.0,3,30.0,0.2346450038276519,2,20.0,0.5604006842153336,0,0.0,0.9526685076250015,5,50.0
1780.0,7,78.0,2.0,7.416464199234474,0,0.0,1.0,3,45.0,0.24161520513100698,4,35.0,0.27933538107497,0,0.0,0.9465359453872286,7,80.0
1785.0,8,118.0,2.95,7.15084057084992,0,0.0,1.0,3,60.0,0.28927852611663696,5,60.0,0.24963293246919935,0,0.0,0.9656355684189659,8,120.0
1790.0,10,164.0,3.9047619047619047,6.552084047968399,0,0.0,1.0,4,79.0,0.199362715358453,6,87.0,0.20877511999191103,0,0.0,0.9096173413688786,10,166.0
1795.0,9,120.0,2.926829268292683,5.784635801176301,0,0.0,1.0,0,0.0,0.956139579612542,9,123.0,4.18437888568854e-05,0,0.0,0.9575138569623122,9,123.0
1800.0,9,165.0,4.125,6.595524559962769,0,0.0,1.0,0,0.0,0.9114439345369378,9,168.0,0.0,0,0.0,0.9554620278198593,9,168.0
1805.0,2,13.0,0.30952380952380953,7.09648919462691,0,0.0,1.0,0,0.0,0.9783816160723634,1,62.0,0.49118558364795195,0,0.0,0.9782310270409649,1,62.0
1810.0,3,28.0,0.6511627906976745,8.221692915452692,0,6.0,0.7552433772436311,0,9.0,0.7536540366636133,1,22.0,0.7454457058790906,0,0.0,0.9989760552442419,1,37.0
1815.0,3,33.0,0.717391304347826,8.703520074389607,0,0.0,0.8694857954777201,0,9.0,0.9664553453039056,2,29.0,0.5887082652917209,0,0.0,0.9715931199072595,2,38.0
1820.0,2,33.0,0.717391304347826,9.6422768285593,0,0.0,1.0,0,17.0,0.947461631526643,2,39.0,0.5870045869032835,0,0.0,0.9730777490988959,2,56.0
1825.0,2,3.0,0.06818181818181818,8.849404291880926,0,0.0,1.0,1,19.0,0.8253453407720022,0,17.0,0.6679165638453727,0,0.0,0.9732976797330695,1,36.0
1830.0,6,22.0,0.5116279069767442,7.713648149442435,0,0.0,1.0,1,16.0,0.8020942199868853,3,12.0,0.19846793270678106,0,0.0,0.938809262754808,4,28.0
1835.0,7,57.0,1.3571428571428572,7.749485220194618,0,0.0,0.9631849732741896,1,21.0,0.7984213713135497,4,32.0,0.43577050250409455,0,0.0,0.9473087748277262,5,53.0
1840.0,8,95.0,2.159090909090909,7.0330015591451,0,0.0,1.0,2,29.0,0.5574035801705393,4,52.0,0.15912707855208014,0,0.0,0.9415599887609378,6,81.0
1845.0,6,45.0,1.0,6.608049593758443,0,0.0,1.0,5,49.0,0.42109491587607656,1,5.0,0.6235846583033148,0,0.0,0.9740132275861451,6,54.0
1850.0,6,75.0,1.6666666666666667,7.0872378544259425,0,3.0,0.5470000665298489,5,74.0,0.40521298827121993,1,10.0,0.4659042151276726,0,0.0,0.9300755599483957,6,87.0
1855.0,2,16.0,0.34782608695652173,7.64122705143562,1,10.0,0.09482776627429196,0,7.0,0.8500815404713434,1,15.0,0.4605232003189395,0,0.0,0.9610932520448582,2,32.0
1860.0,4,35.0,0.7446808510638298,7.944762737998286,3,24.0,0.00010261268418810874,0,6.0,0.8945284022603904,1,20.0,0.0,0,0.0,0.9665325890922251,4,50.0
1865.0,1,25.0,0.5555555555555556,8.060370763945507,0,0.0,1.0,0,3.0,0.8156430988499812,1,31.0,0.6124939501527731,0,0.0,0.9720046465212484,1,34.0
1870.0,3,40.0,0.8695652173913043,7.884950307661688,0,0.0,1.0,1,8.0,0.6143184884492765,2,41.0,0.5794955846760618,0,0.0,0.9584393896879185,3,49.0
1875.0,4,58.0,1.183673469387755,8.516448061220663,0,0.0,1.0,2,16.0,0.642300611878565,2,51.0,0.5953243519331721,0,0.0,0.9631889185963873,4,67.0
1880.0,5,59.0,1.2553191489361701,8.132789602389472,0,0.0,1.0,2,6.0,0.4674834745589755,2,58.0,0.6053563289018244,0,0.0,0.9959668412146996,4,64.0
1885.0,4,37.0,0.8604651162790697,7.834702566433512,0,0.0,1.0,2,16.0,0.31348384965485393,2,27.0,0.6053247988545991,0,0.0,0.9498969358180246,4,43.0
1890.0,8,74.0,1.7619047619047619,6.941369288368639,0,3.0,0.9642937273352313,2,26.0,0.30633066594621094,3,43.0,0.5105144515530313,0,0.0,0.9832382479937043,5,72.0
1895.0,9,94.0,2.41025641025641,6.480815910295054,0,0.0,1.0,3,37.0,0.430529803864172,4,60.0,0.3619366508015501,0,0.0,0.9320453892050992,7,97.0
1900.0,7,91.0,2.3333333333333335,6.641566562067199,0,0.0,1.0,0,19.0,0.8884283826733794,5,81.0,0.3150600858228947,0,0.0,0.9734986589151938,5,100.0
1905.0,2,26.0,0.7027027027027027,7.1878469011817145,0,0.0,1.0,0,19.0,0.7653709258946352,0,11.0,0.4806125328659949,0,0.0,0.9241879827146073,0,30.0
1910.0,1,3.0,0.07894736842105263,7.926728069080514,0,3.0,0.6069073895532421,1,9.0,0.5757265386960636,0,3.0,0.8389576878421885,0,0.0,0.9578511905230083,1,15.0
1915.0,2,9.0,0.24324324324324326,8.605583526526488,0,0.0,0.7979330429646625,2,31.0,0.5846696273077886,0,3.0,0.9590838810496155,0,0.0,0.936050777927318,2,34.0
1920.0,0,0.0,0.0,9.113830160261656,0,0.0,1.0,0,23.0,0.7321681369243817,0,3.0,0.9612464997396915,0,0.0,0.9469366550502538,0,26.0
1925.0,2,9.0,0.23684210526315788,9.064654982512772,0,0.0,1.0,0,6.0,0.9598073762685757,0,3.0,0.9922522221218654,0,0.0,0.9795368995123447,0,9.0
1930.0,1,1.0,0.025,9.14103184839681,0,0.0,1.0,1,7.0,0.7923516771092736,0,6.0,0.941567952206739,0,0.0,0.9780797918568727,1,13.0
1935.0,1,6.0,0.15384615384615385,9.083342208567252,0,0.0,1.0,1,12.0,0.8406522591735579,0,6.0,0.6582783787386087,0,0.0,0.9715280215968435,1,18.0
1940.0,5,12.0,0.32432432432432434,7.538526266415572,0,0.0,1.0,0,0.0,0.9342015899937893,3,24.0,0.6017740669166494,0,0.0,0.9545830643431418,3,24.0
1945.0,1,6.0,0.16216216216216217,7.352958452591275,0,0.0,1.0,0,0.0,0.7077965384189118,0,5.0,0.5613706377490575,0,0.0,0.9880468345718716,0,5.0
1950.0,3,21.0,0.5526315789473685,8.438900609216477,0,6.0,0.6080401433867275,1,13.0,0.678151276968314,1,11.0,0.7946274240262853,0,0.0,0.9081958094944473,2,30.0
1955.0,2,20.0,0.5128205128205128,8.759130284306613,0,0.0,1.0,1,18.0,0.7482372784138093,1,13.0,0.7649476180254874,0,0.0,0.9214607954174898,2,31.0
1960.0,1,15.0,0.39473684210526316,8.907211659944704,0,0.0,1.0,0,3.0,0.9678777561957903,1,18.0,0.7071877254481613,0,0.0,0.9330303880711992,1,21.0
1965.0,1,1.0,0.02564102564102564,8.89605224677689,0,0.0,1.0,0,3.0,0.9610383815333823,0,3.0,0.9696763837116343,0,0.0,0.9148041177752001,0,6.0
1970.0,3,14.0,0.358974358974359,8.551936250151192,0,0.0,1.0,1,6.0,0.7554947400017279,0,3.0,0.9555558461957121,0,0.0,0.9268592190257453,1,9.0
1975.0,4,30.0,0.7692307692307693,8.113872165867484,0,0.0,1.0,1,11.0,0.7302661972036304,0,3.0,0.6581044333071485,0,0.0,0.9395285574124419,1,14.0
1980.0,9,62.0,1.7714285714285714,6.0699880555725505,0,0.0,1.0,1,16.0,0.5472944791494625,4,13.0,0.001103119468080521,0,0.0,0.9379073027361302,5,29.0
1985.0,11,98.0,2.6486486486486487,5.87908015578904,0,0.0,1.0,3,27.0,0.4161659234401595,4,33.0,0.0,0,0.0,0.9844215505576804,7,60.0
1990.0,12,148.0,4.228571428571429,5.089070582687944,0,0.0,1.0,4,45.0,0.35569556504391114,4,53.0,0.17123023721650535,0,0.0,0.9231724177098097,8,98.0
1995.0,11,146.0,4.424242424242424,5.420400794383049,0,0.0,1.0,4,67.0,0.41561880222349207,5,75.0,0.00030179734981876274,0,0.0,0.932584415281304,9,142.0
2000.0,9,179.0,4.837837837837838,5.749270551951828,0,0.0,1.0,4,87.0,0.1794791967177959,5,100.0,0.0,0,0.0,0.9529785472781922,9,187.0
2005.0,10,229.0,6.542857142857143,5.973295097585464,0,0.0,1.0,5,110.0,0.0898519634122163,5,125.0,0.276354660545637,0,0.0,0.9740989510319313,10,235.0
2010.0,0,0.0,0.0,6.864108966410068,0,0.0,1.0,0,0.0,0.956399131261426,0,46.0,0.786426093381929,0,0.0,0.9622008843078762,0,46.0
2015.0,0,0.0,0.0,8.310326203491606,0,6.0,0.5540598658032325,0,3.0,0.8588806198729902,0,16.0,0.7322334547855123,0,0.0,0.9544167702285635,0,25.0
2020.0,3,7.0,0.18421052631578946,8.750227817645095,1,7.0,0.012468326284002042,0,6.0,0.933692933960537,2,31.0,0.6260174504909849,0,0.0,0.9723085757616561,3,44.0
2025.0,2,16.0,0.41025641025641024,8.5541467847751,0,0.0,1.0,0,6.0,0.9548545523812557,2,41.0,0.6278502597833332,0,0.0,0.9565201535998512,2,47.0
2030.0,1,12.0,0.3,8.908435596884683,0,0.0,1.0,0,6.0,0.9589176110537435,1,21.0,0.7856533865086366,0,0.0,0.926689877902798,1,27.0
2035.0,1,17.0,0.3953488372093023,8.512260025485126,0,0.0,1.0,0,6.0,0.6491493664805243,1,23.0,0.6566155587915574,0,0.0,0.9602193076693188,1,29.0
2040.0,3,30.0,0.7142857142857143,8.369004200522,0,0.0,1.0,1,10.0,0.7242772059912674,2,32.0,0.6960664576649724,0,0.0,0.9381115629002269,3,42.0
2045.0,3,45.0,1.0227272727272727,8.290359549790164,0,0.0,1.0,1,15.0,0.6277101042272716,2,39.0,0.54961710074094,0,0.0,0.9274737114151268,3,54.0
2050.0,1,32.0,0.7272727272727273,7.772065915142414,0,0.0,1.0,0,19.0,0.8983080169259668,1,35.0,0.5623469033376016,0,0.0,0.9074453071186539,1,54.0
2055.0,2,39.0,0.8863636363636364,8.351850462593738,0,2.0,0.7531305206526778,0,19.0,0.9545932631746012,2,39.0,0.5193980808614124,0,0.0,0.9715929922614222,2,60.0
2060.0,3,52.0,1.1818181818181819,8.718457547841133,0,0.0,1.0,0,0.0,0.8254824215837305,3,55.0,0.5194578743715976,0,0.0,0.9787437679841454,3,55.0
2065.0,5,75.0,1.7045454545454546,8.385741458150669,0,0.0,0.9476357363677147,1,5.0,0.5587055828717287,4,73.0,0.40887937248598666,0,0.0,0.9923057869820098,5,78.0
2070.0,4,40.0,0.8695652173913043,7.4901801095730605,0,0.0,1.0,0,0.0,0.6079884693604715,4,45.0,0.26360220724183886,0,0.0,0.9710732772435707,4,45.0
2075.0,7,72.0,1.5,8.536186082443221,0,0.0,1.0,1,3.0,0.6112003486231532,5,68.0,0.2713047848840485,0,0.0,0.9927968045784554,6,71.0
2080.0,6,98.0,2.130434782608696,8.794068673264272,0,0.0,1.0,1,8.0,0.7828068425618374,5,90.0,0.31007027206224114,0,0.0,0.9451444058730728,6,98.0
2085.0,9,135.0,3.2142857142857144,7.53901574157099,0,0.0,1.0,1,13.0,0.8200663647825129,7,119.0,0.12282440775145984,0,0.0,0.9961292208554415,8,132.0
2090.0,13,190.0,4.634146341463414,6.47687945665631,0,0.0,1.0,2,19.0,0.5705604523731296,7,154.0,0.11969288350877623,0,0.0,0.9913457451135509,9,173.0
2095.0,15,262.0,6.390243902439025,5.533563851658771,0,0.0,1.0,3,31.0,0.4794841499166509,7,189.0,0.25846582363939163,0,0.0,0.9442051815734439,10,220.0
2100.0,17,254.0,6.0476190476190474,4.95309098750967,0,0.0,1.0,4,49.0,0.4096218073739738,6,177.0,0.13348839643826657,0,0.0,0.9597258433215728,10,226.0
2105.0,15,259.0,6.166666666666667,5.486057317537186,0,0.0,1.0,4,69.0,0.2714210921449894,4,118.0,0.2036199532329741,0,0.0,0.92174414118009,8,187.0
2110.0,17,341.0,7.930232558139535,5.185231675172001,0,0.0,1.0,5,91.0,0.23692677245487462,5,110.0,0.27760739698999143,0,0.0,0.9616156225317977,10,201.0
2115.0,14,326.0,7.409090909090909,5.4221468034223195,0,0.0,1.0,5,116.0,0.31708002984068384,5,135.0,0.35181442202703134,0,0.0,0.9275297204299262,10,251.0
2120.0,9,236.0,5.363636363636363,5.610521784204102,0,0.0,1.0,5,141.0,0.2438665638548655,0,14.0,0.6118007405302818,0,0.0,0.959955210798064,5,155.0
2125.0,9,187.0,4.065217391304348,6.345288183909876,0,6.0,0.7503848927699153,6,173.0,0.34360774952526074,0,0.0,0.8826655174950222,0,0.0,0.9717696985723029,6,179.0
2130.0,7,202.0,4.391304347826087,6.886924101389961,0,0.0,0.9307267952539181,6,206.0,0.45906486585352,1,2.0,0.6370508778062232,0,0.0,0.9609409551322375,7,208.0
2135.0,2,21.0,0.44680851063829785,6.851031109856235,0,0.0,1.0,1,20.0,0.5271692710948284,1,7.0,0.7189734163869232,0,0.0,0.9630250519709106,2,27.0
2140.0,3,29.0,0.6444444444444445,7.860874276568899,0,0.0,1.0,2,30.0,0.6849731560247504,0,0.0,0.9430875823475459,0,0.0,0.9700750903629332,2,30.0
2145.0,3,35.0,0.7608695652173914,8.661269231884697,0,0.0,1.0,2,47.0,0.6918715289224031,1,10.0,0.6195224339171436,0,0.0,0.9623381444514489,3,57.0
2150.0,7,60.0,1.2765957446808511,8.34950553413944,0,0.0,1.0,2,57.0,0.7220619300069611,2,18.0,0.7171419323267398,0,0.0,0.9280643730403493,4,75.0
2155.0,9,100.0,2.127659574468085,7.197569202203607,0,0.0,1.0,2,60.0,0.4293794515079673,3,30.0,0.5723490673470707,0,0.0,0.9381268488414986,5,90.0
2160.0,6,82.0,1.7826086956521738,6.44393218152965,0,0.0,1.0,5,81.0,0.26458008767398083,1,20.0,0.7132419072367933,0,0.0,0.9865668971547618,6,101.0
2165.0,6,112.0,2.2857142857142856,6.911315734822555,0,0.0,1.0,5,106.0,0.1666591521535505,1,21.0,0.804523417819803,0,0.0,0.9818952462530699,6,127.0
2170.0,13,166.0,3.5319148936170213,6.420386105572418,0,0.0,1.0,8,144.0,0.10602261694312849,3,29.0,0.3851244159919275,0,0.0,0.9741460116937306,11,173.0
2175.0,10,109.0,2.2244897959183674,5.973522252593461,0,0.0,1.0,5,117.0,0.1919024061830185,5,52.0,0.15260248165149828,0,0.0,0.9712832682592696,10,169.0
2180.0,10,159.0,3.1176470588235294,6.69039744657661,0,0.0,1.0,5,125.0,0.27875283240111925,5,86.0,0.2770431608015338,0,0.0,0.9597916995968511,10,211.0
2185.0,13,217.0,4.09433962264151,6.790197644470443,0,0.0,1.0,6,154.0,0.27649407781584423,7,122.0,0.18958261992122422,0,0.0,0.9444225464980109,13,276.0
2190.0,14,283.0,5.4423076923076925,7.435617825759696,0,0.0,1.0,6,156.0,0.31335056552217716,8,150.0,0.26254183395386577,0,0.0,0.9636745865007784,14,306.0
2195.0,15,354.0,6.679245283018868,7.105930152637832,0,0.0,1.0,6,186.0,0.3712723993920303,8,185.0,0.19213844324261267,0,0.0,0.999652052653965,14,371.0
2200.0,14,423.0,7.6909090909090905,7.022273805445655,0,0.0,1.0,6,216.0,0.3044138661144001,8,225.0,0.23545222481530212,0,0.0,0.9403837344844926,14,441.0
2205.0,7,242.0,4.481481481481482,6.562896735406419,0,0.0,1.0,6,246.0,0.3113180046460987,1,57.0,0.3718945047824101,0,0.0,0.9190784313302562,7,303.0
2210.0,8,279.0,5.072727272727272,6.8243548322084555,0,6.0,0.5420159710238308,6,279.0,0.31486097117315537,2,42.0,0.21459898519638454,0,0.0,0.9590644094748055,8,327.0
2215.0,5,27.0,0.5094339622641509,6.6827996361,1,10.0,0.24369520314835896,0,59.0,0.6832108109752678,4,41.0,0.00027613420424537597,0,0.0,0.959075218479513,5,110.0
2220.0,7,61.0,1.1090909090909091,6.854126014274455,3,24.0,0.026947536904479083,0,9.0,0.899917175696762,4,61.0,0.19881906126945206,0,0.0,0.9521748538841771,7,94.0
2225.0,8,69.0,1.2777777777777777,7.247286343372474,4,40.0,0.007749821051136695,1,12.0,0.8214465368546494,2,64.0,0.40856367034735613,0,0.0,0.9398467844690361,7,116.0
2230.0,11,121.0,2.2830188679245285,7.680203384264037,6,67.0,0.0016283258287774123,1,14.0,0.8507344540496805,2,63.0,0.689854244661449,0,0.0,0.9102435877779325,9,144.0
2235.0,8,100.0,1.7857142857142858,7.611654095691626,1,26.0,0.008794692292826069,1,19.0,0.838220680264792,3,74.0,0.5476113655630033,0,0.0,0.9283368713145334,5,119.0
2240.0,7,101.0,1.7719298245614035,7.851777835307814,0,9.0,0.1664101821427261,2,20.0,0.4852490135176453,3,89.0,0.5608062198302062,0,0.0,0.9406017018865966,5,118.0
2245.0,6,110.0,2.0754716981132075,7.7692280563677,0,0.0,1.0,2,30.0,0.48352818327365,3,97.0,0.6359977771019083,0,0.0,0.9489717054875124,5,127.0
2250.0,8,146.0,2.8076923076923075,7.54668093097531,0,0.0,1.0,2,43.0,0.4622615064757657,3,109.0,0.5478524116462594,0,0.0,0.942619735453166,5,152.0
2255.0,6,133.0,2.462962962962963,7.879075376687149,0,0.0,0.6125525358115934,0,3.0,0.948329737146435,4,124.0,0.49110536012938305,0,0.0,0.9762255539489884,4,127.0
2260.0,9,171.0,3.1666666666666665,7.474257777164951,2,7.0,0.31189966566398314,1,4.0,0.7208419553559113,4,144.0,0.23323193079099785,0,0.0,0.9591115295412501,7,155.0
2265.0,12,226.0,4.52,6.489014649158,3,19.0,0.024814178611691058,1,9.0,0.7093081657510021,6,179.0,0.29482433999774155,0,0.0,0.9358106051464213,10,207.0
2270.0,13,240.0,5.217391304347826,5.19734727493372,3,34.0,0.005237122754529796,1,14.0,0.49896307652757277,7,213.0,0.22141734403845412,0,0.0,0.9574196029327182,11,261.0
2275.0,9,124.0,2.6382978723404253,5.5072629051480675,0,3.0,0.02619897622171368,2,24.0,0.5956114091942615,6,167.0,0.2190439044541115,0,0.0,0.9523000080859166,8,194.0
2280.0,3,37.0,0.8043478260869565,6.731540011805237,0,3.0,0.8481172480460639,0,0.0,0.9332064184335814,3,85.0,0.23454740863471635,0,0.0,0.9735185770543312,3,88.0
2285.0,3,52.0,1.2380952380952381,7.8548525339584865,0,0.0,1.0,0,0.0,0.8693122312728776,3,66.0,0.3278359641648665,0,0.0,0.925359018026828,3,66.0
2290.0,5,72.0,1.6363636363636365,7.5378668934732245,0,0.0,1.0,2,5.0,0.6797286419127228,3,68.0,0.38073320940856586,0,0.0,0.9875091308797852,5,73.0
2295.0,3,58.0,1.3181818181818181,8.031456967928047,0,0.0,1.0,2,15.0,0.5887240930563287,1,46.0,0.5093207434129582,0,0.0,0.9940610197665541,3,61.0
2300.0,3,73.0,1.697674418604651,8.52216638115805,0,0.0,1.0,2,28.0,0.5690276828505633,1,51.0,0.7808614093860134,0,0.0,0.9975388527165789,3,79.0
2305.0,3,88.0,2.0,8.462458553747867,0,0.0,1.0,2,50.0,0.685122356133623,1,56.0,0.6532716879229837,0,0.0,0.9710413391012417,3,106.0
2310.0,4,106.0,2.5238095238095237,7.837801484313913,0,0.0,1.0,2,60.0,0.6243411624909082,2,70.0,0.5734100785093796,0,0.0,0.9596335868995569,4,130.0
2315.0,5,123.0,3.0,6.645846628916193,0,0.0,1.0,2,73.0,0.5249851515504681,3,77.0,0.35686080999332953,0,0.0,0.9874245208908231,5,150.0
2320.0,5,118.0,2.8095238095238093,7.403313970020832,0,0.0,1.0,1,37.0,0.7590632946518264,4,87.0,0.4047735516579617,0,0.0,0.9556957529656346,5,124.0
2325.0,6,145.0,3.2954545454545454,7.054282606019537,0,0.0,0.9409898875461038,1,39.0,0.7800422761155738,5,109.0,0.2598638748199036,0,0.0,0.9555617761048223,6,148.0
2330.0,8,180.0,4.285714285714286,6.665298077146007,0,0.0,1.0,3,49.0,0.38381825118692015,5,134.0,0.14138682869361804,0,0.0,0.979749654829441,8,183.0
2335.0,8,116.0,2.9743589743589745,6.920583977899419,0,0.0,1.0,4,65.0,0.3038713222738925,4,79.0,0.2792389927914823,0,0.0,0.9750751368571651,8,144.0
2340.0,9,160.0,4.324324324324325,7.270195848924838,0,0.0,1.0,4,85.0,0.3243915680915785,5,80.0,0.287333984787253,0,0.0,0.9585469031250768,9,165.0
2345.0,7,162.0,4.153846153846154,7.483316338413409,0,0.0,1.0,1,56.0,0.6370240017715298,6,108.0,0.2354550489376912,0,0.0,0.9422497162626876,7,164.0
2350.0,7,197.0,4.925,7.494838358022415,0,0.0,1.0,1,61.0,0.7339396829753418,6,138.0,0.012763157959256958,0,0.0,0.9416216670547362,7,199.0
2355.0,2,67.0,1.6341463414634145,7.714679906621943,0,0.0,1.0,2,67.0,0.6681458737764252,0,27.0,0.48962396237938466,0,0.0,0.9991266755159793,2,94.0
2360.0,2,77.0,1.75,7.8851114293166065,0,6.0,0.6285917261567928,2,77.0,0.6821260619687961,0,4.0,0.7417535363139729,0,0.0,0.9750711562497096,2,87.0
2365.0,5,96.0,2.341463414634146,7.779080292960099,0,0.0,0.8065265228376173,2,93.0,0.6979260102648307,0,4.0,0.8323363611608903,0,0.0,0.942871279217032,2,97.0
2370.0,10,132.0,3.142857142857143,6.994602574318243,0,0.0,1.0,4,107.0,0.5370902576101771,1,6.0,0.771925220519109,0,0.0,0.9310904974314879,5,113.0
2375.0,5,135.0,3.292682926829268,6.973028063488763,0,0.0,1.0,4,127.0,0.5228014089969424,0,4.0,0.9510405146440941,0,0.0,0.9734474490522371,4,131.0
2380.0,5,160.0,3.7209302325581395,7.879869555372901,0,3.0,0.9893282634270788,4,147.0,0.5660411033034977,0,0.0,0.74510084941129,0,0.0,0.9592447916482028,4,150.0
2385.0,7,125.0,2.840909090909091,7.610164947384702,1,4.0,0.007971188547583538,3,138.0,0.5316643068696583,3,9.0,0.24620616880744897,0,0.0,0.9585033813929714,7,151.0
2390.0,8,164.0,3.813953488372093,7.17407369621362,1,9.0,0.0,3,136.0,0.5466626530559717,3,24.0,0.32235104913452634,0,0.0,0.9593955725654402,7,169.0
2395.0,10,191.0,4.340909090909091,6.464218302674459,0,0.0,1.0,6,158.0,0.2661324490079835,3,36.0,0.37480316199831804,0,0.0,0.9610748539035913,9,194.0
2400.0,11,233.0,5.295454545454546,6.140276002628371,0,0.0,1.0,6,183.0,0.2932162669655185,5,59.0,0.3253068492960173,0,0.0,0.9608863585296145,11,242.0
2405.0,9,235.0,5.340909090909091,6.313762774127105,0,0.0,1.0,2,154.0,0.5105139772944661,7,86.0,0.2540629965314769,0,0.0,0.9683949253648434,9,240.0
2410.0,12,285.0,6.195652173913044,5.985541054823499,0,0.0,1.0,3,163.0,0.31348976423183134,9,126.0,0.1714180922842311,0,0.0,0.8759075878815195,12,289.0
2415.0,10,234.0,4.9787234042553195,5.648227576596591,0,0.0,1.0,5,184.0,0.27172475878622077,3,71.0,0.42005611645919266,0,0.0,0.9688701543864787,8,255.0
2420.0,9,272.0,5.666666666666667,6.520964819229358,0,3.0,0.608836518454815,5,212.0,0.3271481212701268,2,64.0,0.6433004797136321,0,0.0,0.9010804641640598,7,279.0
2425.0,8,293.0,6.23404255319149,6.885680745073421,1,7.0,0.1946911876942016,5,240.0,0.42108096382360993,2,64.0,0.5691196745836254,0,0.0,0.9376842845106342,8,311.0
2430.0,10,340.0,7.391304347826087,6.9179069770396495,2,16.0,0.029149795237518705,5,274.0,0.4499783971723903,2,71.0,0.5727918183203753,0,0.0,0.9024029820609497,9,361.0
2435.0,7,362.0,7.702127659574468,7.317570953674068,0,0.0,0.029811683396508252,5,306.0,0.5265736209022477,2,81.0,0.6533851842932766,0,0.0,0.9539934784637063,7,387.0
2440.0,8,398.0,8.652173913043478,6.769693386035206,0,0.0,1.0,6,323.0,0.4220228905841528,2,91.0,0.51529662995679,0,0.0,0.9411971919273165,8,414.0
2445.0,11,447.0,9.3125,6.493977330499291,0,0.0,1.0,7,355.0,0.34775197121208806,4,105.0,0.25965453763635105,0,0.0,0.8260091698193832,11,460.0
2450.0,11,417.0,8.176470588235293,5.730734022371113,0,0.0,1.0,4,307.0,0.1930041699871145,6,131.0,0.21420939985598245,1,2.0,0.6324905880765845,11,440.0
2455.0,14,484.0,9.68,6.111790786374891,0,0.0,1.0,7,316.0,0.10471383468098291,6,161.0,0.2261742038482175,1,7.0,0.488355980614484,14,484.0
2460.0,12,495.0,10.3125,5.257864399782986,0,0.0,1.0,7,351.0,0.11840172718187689,3,139.0,0.019503656103304744,2,15.0,0.32015312364773346,12,505.0
2465.0,13,559.0,11.645833333333334,5.558044506701961,0,3.0,0.5523053378077614,7,389.0,0.16796484952932317,3,144.0,3.923511696436637e-06,2,25.0,0.3246411589105572,12,561.0
2470.0,7,511.0,10.872340425531915,6.320405092342449,0,0.0,0.7725436368123783,3,346.0,0.48235482927322015,3,159.0,0.2272841802052945,0,0.0,0.6332059215092996,6,505.0
2475.0,9,552.0,11.26530612244898,7.2725101283926215,1,2.0,0.0019470580227820627,3,370.0,0.5432854909833366,3,177.0,0.484497151998207,0,0.0,0.8210765839627697,7,549.0
2480.0,9,580.0,11.6,6.878489997341083,1,7.0,0.0,3,385.0,0.41248282399149033,4,194.0,0.3496387033592999,0,0.0,0.9974333313997251,8,586.0
2485.0,13,627.0,12.54,6.953223576201449,1,12.0,0.0,5,406.0,0.4247496216576983,7,224.0,0.21664536423918007,0,0.0,0.9548833424623218,13,642.0
2490.0,12,678.0,13.56,6.534412344073339,1,17.0,0.0,3,406.0,0.3845424948042609,7,259.0,0.2129553916510714,0,0.0,0.9586356798759373,11,682.0
2495.0,13,721.0,14.42,6.077655999701826,0,0.0,1.0,4,424.0,0.15683644372128677,7,294.0,0.20906785308513504,0,0.0,0.9742839326359463,11,718.0
2500.0,15,585.0,11.938775510204081,5.471521724614804,0,0.0,1.0,5,448.0,0.1661401963935665,5,223.0,0.3096281601396549,0,0.0,0.9406347871937721,10,671.0
2505.0,11,554.0,10.653846153846153,6.251967807819715,0,0.0,1.0,5,473.0,0.2696289466706056,3,94.0,0.25611815396791654,0,0.0,0.9668667070376875,8,567.0
2510.0,8,562.0,11.24,6.251772235659181,0,0.0,0.9402956950923557,5,498.0,0.3676308677246813,3,70.0,0.20933575096240206,0,0.0,0.9475520426275834,8,568.0
2515.0,13,620.0,12.916666666666666,6.483079364916367,1,2.0,0.002166828475746378,6,526.0,0.37006309057054587,6,98.0,0.13122589457511882,0,0.0,0.9738228406418808,13,626.0
2520.0,7,560.0,11.914893617021276,6.465822598828793,1,5.0,0.0,6,556.0,0.2968422433364752,0,9.0,0.04475429991366798,0,0.0,0.985431000453478,7,570.0
2525.0,10,601.0,12.02,6.805258776423236,1,16.0,0.39961853703812533,8,597.0,0.3149602927854852,0,0.0,0.9488778521990601,0,0.0,0.9549027437744314,9,613.0
2530.0,9,645.0,12.647058823529411,7.1581209404822195,1,21.0,0.04620217869781305,8,640.0,0.5181348522266707,0,0.0,1.0,0,0.0,0.9506501619594857,9,661.0
2535.0,8,668.0,13.63265306122449,7.209113401587319,0,3.0,0.06363735941746072,8,680.0,0.415468339406176,0,0.0,1.0,0,0.0,0.9457324392987493,8,683.0
2540.0,9,711.0,14.22,7.157550431711232,0,0.0,1.0,8,717.0,0.43043674118727643,0,0.0,1.0,0,0.0,0.9502762684853618,8,717.0
2545.0,11,763.0,14.96078431372549,7.142256238105386,0,0.0,1.0,8,757.0,0.40817324570758956,0,0.0,1.0,0,0.0,0.9761169166580941,8,757.0
2550.0,8,788.0,15.153846153846153,6.880279319738315,0,0.0,1.0,8,799.0,0.36609539584726014,0,0.0,0.07203139453216029,0,0.0,0.9451791082152743,8,799.0
2555.0,9,385.0,7.549019607843137,6.85112862280781,0,0.0,1.0,8,576.0,0.2706089611505249,1,5.0,2.9623106578931967e-05,0,0.0,0.9552823499081244,9,581.0
2560.0,9,245.0,4.803921568627451,6.321741913336925,0,0.0,1.0,7,279.0,0.13388840594211965,1,13.0,0.6216920941419942,0,0.0,0.951732282009468,8,292.0
2565.0,12,290.0,5.686274509803922,6.194062835001291,0,0.0,1.0,10,286.0,0.06919295811516389,2,19.0,0.5559404378861286,0,0.0,0.9640515672115291,12,305.0
2570.0,12,350.0,7.446808510638298,6.500010568429218,0,0.0,1.0,10,336.0,0.1365855788818567,2,29.0,0.6365730756506097,0,0.0,0.9647839676788788,12,365.0
2575.0,14,419.0,8.729166666666666,6.183363866348484,0,0.0,1.0,12,395.0,0.14966703346627747,2,39.0,0.5573082504369544,0,0.0,0.9987916267033671,14,434.0
2580.0,12,443.0,9.229166666666666,6.045172935101017,0,0.0,1.0,12,455.0,0.14749949201063398,0,5.0,0.751281956460577,0,0.0,0.9608367977513047,12,460.0
2585.0,12,503.0,10.26530612244898,6.342277277802647,0,0.0,1.0,12,521.0,0.19315143946580413,0,0.0,0.9402011948658643,0,0.0,0.9714398912421242,12,521.0
2590.0,13,567.0,11.34,6.79784639863353,0,0.0,1.0,13,585.0,0.27582655343784224,0,0.0,0.9349015207370744,0,0.0,0.959547015364206,13,585.0
2595.0,15,639.0,12.288461538461538,6.13766636471512,0,0.0,0.8877015717641642,14,655.0,0.2436068767367947,0,0.0,1.0,0,0.0,0.938686325432838,14,655.0
2600.0,4,81.0,1.588235294117647,5.98612556186773,0,0.0,1.0,4,251.0,0.25009066662890395,0,0.0,0.8208082221118026,0,0.0,0.9427962840969261,4,251.0
2605.0,4,54.0,1.0,7.038239694319645,0,0.0,1.0,3,101.0,0.4468565734315885,1,2.0,0.028893331341314773,0,0.0,0.9618443846826578,4,103.0
2610.0,6,80.0,1.4814814814814814,7.987690935054547,0,0.0,1.0,3,75.0,0.527308441513153,2,21.0,0.49715965664613376,0,0.0,0.9727747431478295,5,96.0
2615.0,7,109.0,1.9464285714285714,8.141128882354318,0,0.0,1.0,3,84.0,0.38763758243691904,4,36.0,0.5664196248006886,0,0.0,0.9491360147875139,7,120.0
2620.0,2,7.0,0.125,8.377610570536351,0,0.0,1.0,1,19.0,0.35883152847856353,1,20.0,0.6829337090349294,0,0.0,0.9366202624114276,2,39.0
2625.0,2,9.0,0.16666666666666666,8.55743226190289,0,0.0,1.0,1,27.0,0.6857589295923848,1,15.0,0.7184798818945703,0,0.0,0.96770404473316,2,42.0
2630.0,3,24.0,0.43636363636363634,9.221502895422947,0,0.0,1.0,1,32.0,0.7950841891902368,1,19.0,0.8461727698599179,0,0.0,0.9425060419027413,2,51.0
2635.0,5,45.0,0.9183673469387755,8.262587178929014,0,0.0,1.0,1,20.0,0.6741461945219361,1,24.0,0.7498942051087625,0,0.0,0.9708924561113125,2,44.0
2640.0,5,38.0,0.7916666666666666,7.631278041935501,0,0.0,0.9554471794266114,2,30.0,0.6685717313812539,1,15.0,0.6336631180475816,0,0.0,0.9661907991345761,3,45.0
2645.0,10,75.0,1.6666666666666667,6.920896248262462,0,0.0,1.0,4,44.0,0.5804095754765259,3,19.0,0.2867525322144209,0,0.0,0.9247558693097577,7,63.0
2650.0,11,129.0,2.6875,6.245963210382501,0,0.0,1.0,4,64.0,0.3463561390680245,4,38.0,0.31657450471266313,0,0.0,0.9591844257890151,8,102.0
2655.0,17,202.0,4.297872340425532,5.2456899139532585,0,0.0,1.0,8,96.0,0.23995597733300522,6,64.0,0.11634286811985528,0,0.0,0.932939246829491,14,160.0
2660.0,11,173.0,3.6041666666666665,5.9196191119428505,0,0.0,1.0,6,109.0,0.32744034639723857,2,26.0,0.3144591608337592,0,0.0,0.9314742923431835,8,135.0
2665.0,13,221.0,4.604166666666667,6.559472836929487,0,0.0,1.0,8,129.0,0.35037229931517394,2,18.0,0.28601345390292543,0,0.0,0.9558360698774019,10,147.0
2670.0,13,283.0,5.895833333333333,5.835745883275227,0,9.0,0.2510011778804103,7,164.0,0.30828689034228457,2,23.0,0.4693661117372348,0,0.0,0.9455616248959607,9,196.0
2675.0,15,352.0,7.04,5.225200069667446,0,0.0,0.06635669531672501,7,199.0,0.3232639327051294,4,37.0,0.48436782061437345,0,0.0,0.9385198770681793,11,236.0
2680.0,13,294.0,6.0,6.022381250778806,0,0.0,1.0,8,236.0,0.37246889508246284,4,52.0,0.41167968242627456,0,0.0,0.9595114531252649,12,288.0
2685.0,15,365.0,7.019230769230769,6.076814591278443,0,0.0,1.0,9,284.0,0.32857145109577207,4,72.0,0.45273883925147906,0,0.0,0.9365049400267551,13,356.0
2690.0,17,449.0,8.634615384615385,6.0747951782023755,0,0.0,1.0,10,334.0,0.2933945949671339,5,96.0,0.4847616543406439,0,0.0,0.9969160888331284,15,430.0
2695.0,18,503.0,10.26530612244898,5.105142835987307,0,0.0,1.0,12,389.0,0.17512694064374792,6,120.0,0.2812001286574174,0,0.0,0.9833702985508627,18,509.0
2700.0,10,184.0,3.68,5.031997072735124,0,0.0,1.0,3,139.0,0.18564966370615518,7,154.0,0.10791412367985191,0,0.0,0.9683843325308802,10,293.0
2705.0,8,180.0,3.5294117647058822,6.375024041691076,0,0.0,1.0,4,52.0,0.39503111533240326,4,149.0,0.2688680458173618,0,0.0,0.9877932222693373,8,201.0
2710.0,8,220.0,4.583333333333333,7.901354094450492,0,0.0,1.0,4,75.0,0.46269889283615523,4,160.0,0.5501036912529762,0,0.0,0.9323283991541759,8,235.0
2715.0,8,260.0,5.3061224489795915,7.85044096123157,0,0.0,1.0,4,95.0,0.4385101529855413,4,180.0,0.6050858564848577,0,0.0,0.9391653337392106,8,275.0
2720.0,10,308.0,5.923076923076923,7.594335303158227,0,0.0,1.0,5,120.0,0.4286135469769029,5,200.0,0.48989156246557286,0,0.0,0.9637701696980042,10,320.0
2725.0,9,232.0,4.296296296296297,7.62076080394387,0,0.0,1.0,5,145.0,0.42799833259823,3,155.0,0.6120819766397022,0,0.0,0.9707306587686962,8,300.0
2730.0,3,28.0,0.5490196078431373,8.002613976226334,0,0.0,1.0,1,84.0,0.5439976162771277,0,46.0,0.8085136684168449,0,0.0,0.9630812795487103,1,130.0
2735.0,3,27.0,0.5625,8.480161453104554,0,0.0,1.0,0,8.0,0.773505238580695,0,6.0,0.5870853907696092,0,0.0,0.9416035330430969,0,14.0
2740.0,7,30.0,0.5882352941176471,7.822823077647475,0,0.0,1.0,2,14.0,0.49212466310039754,4,23.0,0.309877158891075,0,0.0,0.9308553806553277,6,37.0
2745.0,9,73.0,1.4313725490196079,6.891633008432432,0,0.0,1.0,3,28.0,0.3304987366553274,4,43.0,0.29709423725114564,0,0.0,0.9617174035591877,7,71.0
2750.0,14,133.0,2.66,5.9122214736517185,0,0.0,1.0,4,44.0,0.1616304242529926,7,72.0,0.19952230850922878,0,0.0,0.9446590538916775,11,116.0
2755.0,19,223.0,4.12962962962963,5.267735180654955,0,0.0,1.0,5,69.0,0.27794651254193703,8,112.0,0.24123927708919102,0,0.0,0.9449384701894181,13,181.0
2760.0,14,182.0,3.3703703703703702,5.00714961419685,0,0.0,1.0,5,94.0,0.18176365714248774,1,78.0,0.4231599258063054,0,0.0,0.9695849687213328,6,172.0
2765.0,16,255.0,4.722222222222222,5.002695382219408,0,6.0,0.5648337561215597,6,129.0,0.26722479585873926,1,42.0,0.25024683298269595,0,0.0,0.9613373339184526,7,177.0
2770.0,16,318.0,5.578947368421052,5.9151099844630215,0,0.0,0.7528546175896741,5,138.0,0.4307417149011932,2,47.0,0.20321956072327177,0,0.0,0.9555231233918562,7,185.0
2775.0,17,402.0,6.813559322033898,6.508069741897543,0,0.0,0.8096582412490133,5,163.0,0.3213813529152848,2,57.0,0.4846321462558386,0,0.0,0.9585510116858189,7,220.0
2780.0,18,477.0,8.368421052631579,6.192681575057601,0,0.0,1.0,6,191.0,0.3471700903773024,1,53.0,0.4928094183856583,0,0.0,0.9384010385543007,7,244.0
2785.0,17,506.0,9.547169811320755,6.242604759186697,0,0.0,1.0,6,221.0,0.3898347471051614,2,62.0,0.31451879104629216,0,0.0,0.9517489023997551,8,283.0
2790.0,9,288.0,5.433962264150943,6.539062525820011,0,0.0,1.0,0,48.0,0.7744301713087417,2,72.0,0.0,0,0.0,0.9530288871274931,2,120.0
2795.0,11,337.0,6.127272727272727,6.469367335717296,0,0.0,1.0,0,6.0,0.9286872308797056,2,82.0,0.0,0,0.0,0.9726098032395741,2,88.0
2800.0,13,383.0,7.226415094339623,6.110908703494903,0,0.0,1.0,0,0.0,0.9044337518341955,1,82.0,0.692127428440256,0,0.0,0.9542022700857622,1,82.0
2805.0,13,432.0,8.307692307692308,6.121430338652744,0,0.0,1.0,0,3.0,0.7381405318780943,1,87.0,0.7067304751454273,0,0.0,0.9515188165852073,1,90.0
2810.0,15,499.0,9.072727272727272,6.11946110797393,0,0.0,1.0,0,3.0,0.6851626899047998,2,97.0,0.6513908778966845,0,0.0,0.9777154429493491,2,100.0
2815.0,13,235.0,4.351851851851852,6.153152706934686,0,0.0,1.0,1,6.0,0.7491624206790645,4,112.0,0.5254024953447044,0,0.0,0.929193705165035,5,118.0
2820.0,7,129.0,2.4339622641509435,6.726884499117948,0,0.0,1.0,1,11.0,0.8006369580171152,3,123.0,0.5971145426176103,0,0.0,0.9472881605893327,4,134.0
2825.0,4,106.0,2.0384615384615383,7.14711001624613,0,3.0,0.9608613017604117,1,16.0,0.8129795583298339,3,132.0,0.5255310087325011,0,0.0,0.967146861149108,4,151.0
2830.0,5,113.0,2.1320754716981134,6.274461869103325,0,0.0,1.0,0,0.0,0.788150479668286,5,152.0,0.19484920045162443,0,0.0,0.9569550396396622,5,152.0
2835.0,6,143.0,2.6481481481481484,6.754113609698155,0,0.0,1.0,0,0.0,0.8764952384059556,6,235.0,0.33457171551432585,0,0.0,0.9281233886215186,6,235.0
2840.0,7,66.0,1.1785714285714286,6.506600649396339,0,0.0,1.0,0,28.0,0.8426051155884177,6,159.0,0.32540446897991226,0,0.0,0.9684866326819216,6,187.0
2845.0,6,63.0,1.0677966101694916,7.219704978411396,0,3.0,0.9847794282988434,0,28.0,0.8489510142828325,6,126.0,0.321664142253917,0,0.0,0.9432686647701973,6,157.0
2850.0,8,99.0,1.65,7.239832920508633,0,0.0,1.0,0,0.0,0.8684504166483894,7,125.0,0.29034366853438,0,0.0,0.9414068694503928,7,125.0
2855.0,10,144.0,2.5714285714285716,7.396016732223946,0,0.0,1.0,1,6.0,0.7982120556267461,7,137.0,0.2971140809442404,0,0.0,0.9347064836663727,8,143.0
2860.0,10,170.0,3.0357142857142856,7.127020221878399,0,0.0,1.0,1,7.0,0.7349426696558764,6,157.0,0.2263558306917127,0,0.0,0.9548206403805652,7,164.0
2865.0,8,182.0,3.3703703703703702,7.47540747744884,0,0.0,1.0,2,26.0,0.5197742802652641,6,190.0,0.2681660493455172,0,0.0,0.9528397323648917,8,216.0
2870.0,9,225.0,4.166666666666667,7.271325068347377,0,0.0,1.0,2,23.0,0.564181799191552,7,223.0,0.20102460844837544,0,0.0,0.9363827782472095,9,246.0
2875.0,15,286.0,5.72,6.198113376820385,0,0.0,1.0,2,33.0,0.24601705881999558,13,274.0,0.06364596143183518,0,0.0,0.9991826599084528,15,307.0
2880.0,9,77.0,1.54,5.857181616956182,0,0.0,1.0,3,46.0,0.23713575389773026,4,106.0,0.1251037482671092,0,0.0,0.9452525858455108,7,152.0
2885.0,5,87.0,1.6111111111111112,6.993449140971214,0,3.0,0.6013035283988072,3,70.0,0.3667170790090532,2,57.0,0.2895712503062988,0,0.0,0.9505194083418065,5,130.0
2890.0,2,36.0,0.6923076923076923,7.927334433166307,0,0.0,0.7289104357891809,0,9.0,0.8248223968241911,2,50.0,0.0,0,0.0,0.9569292599961337,2,59.0
2895.0,2,46.0,0.9019607843137255,9.094937182428861,0,0.0,0.9236848651150841,0,9.0,0.9609951029062702,2,60.0,0.0,0,0.0,0.9761566708941969,2,69.0
2900.0,2,56.0,1.12,9.232134432891957,0,0.0,1.0,0,9.0,0.9664233613698752,2,76.0,0.4359930976840164,0,0.0,0.9713448932614396,2,85.0
2905.0,2,66.0,1.2941176470588236,9.071366251018448,0,0.0,1.0,0,6.0,0.9359467588117456,2,86.0,0.6217296530078352,0,0.0,0.9365700279194704,2,92.0
2910.0,0,0.0,0.0,8.779644348386975,0,0.0,1.0,0,6.0,0.9635102301789654,0,42.0,0.6561272781421612,0,0.0,0.9934801042905745,0,48.0
2915.0,3,7.0,0.13725490196078433,7.919829432533858,0,0.0,1.0,1,8.0,0.5029982039246537,1,7.0,0.6319971452157054,0,0.0,0.9849073191933013,2,15.0
2920.0,5,28.0,0.5490196078431373,7.18899263556973,0,0.0,1.0,3,20.0,0.20051183100420672,2,17.0,0.552915036378426,0,0.0,0.9260256941350388,5,37.0
2925.0,7,62.0,1.2156862745098038,6.956529685886253,0,0.0,1.0,4,40.0,0.3018410852020536,3,28.0,0.271271105070748,0,0.0,0.9540225044072227,7,68.0
2930.0,11,113.0,2.306122448979592,6.46993210176302,0,0.0,1.0,5,65.0,0.27357110455194056,6,56.0,0.14306583913058082,0,0.0,0.9602567949877319,11,121.0
2935.0,14,177.0,3.4705882352941178,6.22969605358158,0,0.0,1.0,5,90.0,0.3422826315972316,8,92.0,0.17289052336058536,0,0.0,0.9455978138900507,13,182.0
2940.0,15,244.0,4.88,5.961589784493866,0,0.0,1.0,5,115.0,0.23381059067742552,10,137.0,0.0866534382761643,0,0.0,0.7700700727527188,15,252.0
2945.0,17,326.0,6.269230769230769,6.002492213117658,0,0.0,1.0,7,147.0,0.21272511963975774,10,187.0,0.12984373351120918,0,0.0,0.9499223474899281,17,334.0
2950.0,6,55.0,1.0576923076923077,5.6963241707337255,0,0.0,1.0,0,33.0,0.4949529121226981,4,100.0,0.00910492575305103,0,0.0,0.9436598367885028,4,133.0
2955.0,5,58.0,1.0175438596491229,7.480792202595355,0,6.0,0.6251059184510863,0,34.0,0.6614761679348048,3,68.0,0.3340712190872199,0,0.0,0.9515771518528909,3,108.0
2960.0,10,97.0,1.7321428571428572,7.587162464203061,2,13.0,0.11555674667855553,0,70.0,0.945468914684244,4,69.0,0.3994424873039044,0,0.0,0.9064272843540717,6,152.0
2965.0,13,158.0,2.7241379310344827,7.26950376755401,3,27.0,0.01784209146351471,0,70.0,0.9521009448774228,4,89.0,0.47994751689324244,0,0.0,0.9356597796289613,7,186.0
2970.0,12,159.0,2.7413793103448274,6.901602945103925,3,42.0,0.0021440548903976526,0,7.0,0.8084916318198209,2,69.0,0.5589239210269371,0,0.0,0.9576538183637544,5,118.0
2975.0,13,191.0,3.183333333333333,7.079604448826955,4,62.0,0.00032156653072094675,1,15.0,0.8215311772846932,0,19.0,0.8963101943104265,0,0.0,0.9265198124954677,5,96.0
2980.0,10,184.0,3.2857142857142856,6.100987504755316,0,9.0,0.2768723619840881,1,20.0,0.8121415607827185,1,7.0,0.5651401988345294,0,0.0,0.9721934451022829,2,36.0
2985.0,14,248.0,4.592592592592593,5.476337113949462,0,0.0,0.37435523896266376,1,18.0,0.7165668584958867,5,26.0,0.245647292430528,0,0.0,0.9753089182567429,6,44.0
2990.0,14,289.0,5.0701754385964914,6.740164512453047,0,0.0,1.0,1,23.0,0.7463775681633951,5,51.0,0.22768230253573635,0,0.0,0.9655356775271352,6,74.0
2995.0,9,231.0,3.9827586206896552,7.4396718705370235,0,0.0,1.0,0,3.0,0.7630669439314046,5,65.0,0.35982162808549917,0,0.0,0.9449444410887125,5,68.0
3000.0,13,287.0,5.125,6.665990429595078,0,0.0,1.0,1,8.0,0.7049978827518115,7,94.0,0.20885508405166917,0,0.0,0.9659677172583723,8,102.0
3005.0,16,363.0,6.722222222222222,6.255639121312854,0,0.0,1.0,1,13.0,0.6128919266829832,8,131.0,0.09418060879880201,0,0.0,0.9657172616684876,9,144.0
3010.0,19,448.0,9.142857142857142,5.1470603552973655,0,0.0,1.0,2,17.0,0.32613265198970426,9,173.0,6.065363792286853e-05,0,0.0,0.9368894371984995,11,190.0
3015.0,11,329.0,7.0,4.744753020799341,0,0.0,1.0,0,0.0,0.9973794887056491,1,80.0,0.18154293481992873,0,0.0,0.9635384421930516,1,80.0
3020.0,12,386.0,8.391304347826088,5.831472174092155,0,9.0,0.5184773801217218,0,3.0,0.8511336611076503,1,22.0,0.4877449071942548,0,0.0,0.9739735339180483,1,34.0
3025.0,12,446.0,9.10204081632653,6.087691480872167,0,0.0,0.4961902850144978,0,6.0,0.9247312366406005,1,33.0,0.6975848167140001,0,0.0,0.9236658481013157,1,39.0
3030.0,14,512.0,10.666666666666666,6.090645112932964,0,0.0,1.0,0,6.0,0.7925863793030986,1,38.0,0.7717559160055422,0,0.0,0.9704789851432469,1,44.0
3035.0,8,390.0,7.959183673469388,6.193747047929067,0,0.0,1.0,1,16.0,0.784697490344422,0,6.0,0.7269179970577926,0,0.0,0.9712570902208005,1,22.0
3040.0,10,430.0,8.958333333333334,7.133114791940396,0,0.0,1.0,1,24.0,0.8402111519724411,2,13.0,0.5815250618715349,0,0.0,0.9670206244824199,3,37.0
3045.0,12,486.0,9.72,6.849245856620097,0,0.0,1.0,1,51.0,0.8265197625830111,2,23.0,0.6394716725862241,0,0.0,0.9474674797379558,3,74.0
3050.0,14,258.0,5.48936170212766,5.370097101234515,0,0.0,1.0,4,59.0,0.41895461481006113,2,30.0,0.35310041085551447,0,0.0,0.9501222806430645,6,89.0
3055.0,11,99.0,2.152173913043478,5.634261735630611,0,0.0,1.0,4,32.0,0.40599818646177166,4,49.0,0.15406385354111654,0,0.0,0.9441188446604833,8,81.0
3060.0,8,88.0,1.872340425531915,6.37092750930026,0,0.0,1.0,4,52.0,0.302262968621851,4,51.0,0.28432321283045303,0,0.0,0.9437622984591245,8,103.0
3065.0,10,134.0,2.68,6.571740407371297,0,0.0,1.0,4,72.0,0.24390068415981184,5,168.0,0.4114993593443858,0,0.0,0.9686659651094225,9,240.0
3070.0,11,182.0,3.7142857142857144,5.901350047167761,0,0.0,1.0,6,97.0,0.14213259634585007,5,142.0,0.358025430373989,0,0.0,0.9417526386842513,11,239.0
3075.0,10,135.0,2.6470588235294117,5.532331204900169,0,0.0,1.0,0,10.0,0.4922945725957867,6,170.0,0.22387109361523216,0,0.0,0.962244276861906,6,180.0
3080.0,6,24.0,0.4528301886792453,6.061729904376016,0,0.0,1.0,0,0.0,0.8615436644430284,1,70.0,0.4813628945256474,0,0.0,0.9154476300774081,1,70.0
3085.0,3,20.0,0.37037037037037035,7.65419080422673,0,6.0,0.5223933790130151,0,60.0,0.8362894024459785,1,57.0,0.7443835688767309,0,0.0,0.9227242793168315,1,123.0
3090.0,4,40.0,0.7407407407407407,8.442654168854485,0,0.0,0.7271076812523383,0,94.0,0.8952870884760338,1,62.0,0.802900406900957,0,0.0,0.9803652482103608,1,156.0
3095.0,5,61.0,1.150943396226415,8.606392978369685,0,0.0,1.0,0,37.0,0.8812547298305249,2,68.0,0.5611020226731745,0,0.0,0.9715981770560793,2,105.0
3100.0,6,87.0,1.6111111111111112,8.495417922070532,0,0.0,1.0,1,7.0,0.8385225942084625,2,96.0,0.5408410279916748,0,0.0,0.9461071805485801,3,103.0
3105.0,6,93.0,1.8235294117647058,8.71530016077875,0,0.0,1.0,1,9.0,0.843816037871019,1,39.0,0.6034037606640713,0,0.0,0.925086948175424,2,48.0
3110.0,7,124.0,2.4313725490196076,8.305257208157043,0,0.0,1.0,1,14.0,0.6999690177333874,1,22.0,0.5903924347018342,0,0.0,0.9644204764537523,2,36.0
3115.0,7,142.0,2.84,6.83403079589151,0,0.0,1.0,0,3.0,0.39682521932918174,3,32.0,0.2282653613965516,0,0.0,0.9582048959977635,3,35.0
3120.0,8,80.0,1.6,6.849325406951051,0,0.0,1.0,1,10.0,0.5570532198791501,5,56.0,0.3855720632213545,0,0.0,0.9842133134587485,6,66.0
3125.0,4,45.0,0.8823529411764706,7.311289256534984,0,0.0,1.0,1,15.0,0.7269018681088134,2,40.0,0.5100517966154549,0,0.0,0.9547022723637325,3,55.0
3130.0,8,73.0,1.4313725490196079,7.505509929792787,0,9.0,0.6267861848594727,2,27.0,0.5855139926538232,1,57.0,0.6668423722103854,0,0.0,0.984676611004663,3,93.0
3135.0,11,122.0,2.259259259259259,7.034738368174585,1,10.0,0.023883373033083747,2,37.0,0.7053384687132821,2,63.0,0.5431344184954131,0,0.0,0.9735712692815006,5,110.0
3140.0,11,134.0,2.627450980392157,6.556767147823613,3,24.0,4.445169119719955e-05,3,48.0,0.4748004858718229,3,78.0,0.4681709320544,0,0.0,0.9909872085808891,9,150.0
3145.0,9,151.0,2.9038461538461537,6.324643544194511,3,39.0,0.0,3,63.0,0.5531183272997553,1,60.0,0.503150085044579,0,0.0,0.9579666301575984,7,162.0
3150.0,11,199.0,3.98,6.360575970346864,3,54.0,0.0,3,81.0,0.54569142132003,3,62.0,0.20693017092067256,0,0.0,0.9561001973351236,9,197.0
3155.0,8,173.0,3.326923076923077,6.684999375042508,0,0.0,1.0,3,96.0,0.5930562095661289,4,81.0,0.3270888094510103,0,0.0,0.9421922698488122,7,177.0
3160.0,5,102.0,1.8545454545454545,6.9831308447509475,0,0.0,1.0,1,27.0,0.6914037957106052,4,101.0,0.36627583014955306,0,0.0,0.9721912144536196,5,128.0
3165.0,3,79.0,1.4363636363636363,7.558722879788265,0,0.0,1.0,2,11.0,0.6119576201389971,1,84.0,0.5560253019071408,0,0.0,0.9544278243011847,3,95.0
3170.0,4,97.0,1.7636363636363637,7.486215844149658,0,6.0,0.4983979663937761,2,24.0,0.3232134851879552,1,76.0,0.6536096260349674,0,0.0,0.9609641762340424,3,106.0
3175.0,6,122.0,2.259259259259259,8.039235663355111,0,0.0,1.0,3,35.0,0.45800436479583106,2,82.0,0.48234485726354304,0,0.0,0.9936661309380113,5,117.0
3180.0,3,105.0,1.9090909090909092,8.253244765553736,0,0.0,1.0,0,105.0,0.6490991469788535,2,92.0,8.506780357527306e-06,0,0.0,0.9455018557006931,2,197.0
3185.0,1,4.0,0.07692307692307693,8.282814249097122,0,0.0,1.0,1,107.0,0.777744585169053,0,10.0,0.07694218211696165,0,0.0,0.9819746856947402,1,117.0
3190.0,1,9.0,0.16981132075471697,8.529614158443598,0,0.0,1.0,1,112.0,0.6931434295867264,0,3.0,0.8426909575976209,0,0.0,0.9502898926586065,1,115.0
3195.0,4,20.0,0.37037037037037035,8.125002593172233,0,0.0,1.0,2,119.0,0.6522661329523526,2,7.0,0.4892583627725042,0,0.0,0.9708120353487867,4,126.0
3200.0,2,14.0,0.28,7.895439658091309,0,0.0,1.0,0,0.0,0.9593008651667487,2,15.0,0.5833730076940661,0,0.0,0.9479260722924755,2,15.0
3205.0,1,12.0,0.24,8.176458627042006,0,0.0,1.0,0,20.0,0.9249772893309982,1,15.0,0.7123281075829284,0,0.0,0.9696801078028525,1,35.0
3210.0,3,19.0,0.3958333333333333,8.050515410228792,0,0.0,1.0,2,25.0,0.6247166782418758,1,20.0,0.7247419788735585,0,0.0,0.9831928979399801,3,45.0
3215.0,4,36.0,0.7346938775510204,8.15451649010939,0,0.0,0.9416743833249631,3,17.0,0.5318473377408727,1,22.0,0.4729266031964947,0,0.0,0.9595220653744747,4,39.0
3220.0,4,40.0,0.8888888888888888,8.622083631492604,1,2.0,0.0014568753651951843,1,10.0,0.7980954526641689,2,31.0,5.481603108623384e-05,0,0.0,0.9868986218452643,4,43.0
3225.0,3,28.0,0.5714285714285714,8.645679696878823,1,7.0,0.050313881368841185,1,35.0,0.8099058279880271,1,9.0,0.45544420409905667,0,0.0,0.9600242072438949,3,51.0
3230.0,5,48.0,0.9795918367346939,8.263334670769654,2,16.0,5.521853148759512e-06,2,44.0,0.6939184392080697,1,17.0,0.7119457619272569,0,0.0,0.9729687674923909,5,77.0
3235.0,5,49.0,1.0425531914893618,7.930251201319115,0,0.0,1.0,2,31.0,0.6408167078916788,2,23.0,0.4880132865519435,0,0.0,0.9387364681162136,4,54.0
3240.0,6,54.0,1.148936170212766,7.730182596372802,0,0.0,1.0,2,17.0,0.6566784408476811,2,33.0,0.47292257588030207,0,0.0,0.968310127964802,4,50.0
3245.0,7,51.0,1.0625,7.809365798887047,0,0.0,1.0,5,32.0,0.4215238562811504,1,17.0,0.733265724485138,0,0.0,0.9399364036602835,6,49.0
3250.0,8,88.0,1.7959183673469388,7.0966053508844995,0,0.0,1.0,6,59.0,0.29769831535493735,1,22.0,0.6728193217826758,0,0.0,0.974406390741393,7,81.0
3255.0,12,141.0,3.0,6.093541400044908,0,0.0,1.0,7,88.0,0.2788583702716056,3,30.0,0.2755796978121496,0,0.0,0.957395045080356,10,118.0
3260.0,13,175.0,3.723404255319149,6.218266206690366,0,0.0,1.0,5,90.0,0.35781272844629597,6,52.0,0.23097366161588065,0,0.0,0.9525238096266462,11,142.0
3265.0,10,182.0,4.136363636363637,5.8535503471819315,0,0.0,1.0,5,115.0,0.13826553586611143,2,21.0,0.4652080921751412,0,0.0,0.9809189686626558,7,136.0
3270.0,12,237.0,5.266666666666667,6.026992343785268,0,3.0,0.5900097266633136,6,172.0,0.2476639628391965,2,34.0,0.5477175028264735,0,0.0,0.9648483365707171,8,209.0
3275.0,13,295.0,6.704545454545454,5.889092833748848,1,7.0,0.025938800692679276,6,205.0,0.3978578519751077,3,43.0,0.39312743363775593,0,0.0,0.9920466181283706,10,255.0
3280.0,15,322.0,7.155555555555556,5.881397279681726,2,15.0,0.00011516047303270649,6,211.0,0.36699209951408795,3,58.0,0.3784024994812884,0,0.0,0.9794009379575724,11,284.0
3285.0,11,276.0,6.0,6.345994079050015,2,25.0,0.0,7,243.0,0.35221866891924436,1,41.0,0.6778500094637868,0,0.0,0.9912344405486726,10,309.0
3290.0,12,333.0,7.568181818181818,5.705252304941691,2,38.0,0.32415490587550805,7,278.0,0.3489058394363621,2,22.0,0.5680485194484816,0,0.0,0.9795311892338613,11,338.0
3295.0,14,365.0,7.76595744680851,5.2786143746208145,0,3.0,0.09136166080833387,7,313.0,0.4001265219651336,3,34.0,0.37037446049430356,0,0.0,0.9980384447216374,10,350.0
3300.0,13,402.0,8.553191489361701,5.590027072712925,0,0.0,1.0,7,342.0,0.12381986603752441,4,53.0,0.4136907477281716,0,0.0,0.9539973321100637,11,395.0
3305.0,4,146.0,3.0416666666666665,5.711552416108213,0,0.0,1.0,3,231.0,0.18933357241652357,1,32.0,0.49323663049390915,0,0.0,0.9721691205933648,4,263.0
3310.0,3,87.0,1.891304347826087,7.363834974677434,0,6.0,0.5658797974675025,1,48.0,0.6471970130959288,2,42.0,0.5023264834441304,0,0.0,0.9583256943492666,3,96.0
3315.0,3,102.0,2.0816326530612246,8.534708136719214,0,0.0,0.8176836709892713,1,53.0,0.7740098990913391,2,55.0,0.5741614278975635,0,0.0,0.9645614227271297,3,108.0
3320.0,4,118.0,2.4583333333333335,8.456366882211698,0,0.0,1.0,1,58.0,0.5914210274393039,3,66.0,0.54087289294127,0,0.0,0.9920501257042608,4,124.0
3325.0,3,68.0,1.4782608695652173,8.175083602757287,0,0.0,1.0,1,63.0,0.7278672678136892,2,30.0,0.431010796061769,0,0.0,0.9286598634372725,3,93.0
3330.0,3,75.0,1.7045454545454546,8.32748107955703,0,0.0,1.0,1,68.0,0.7203492937607369,2,13.0,0.46962333420000113,0,0.0,0.9266299711343914,3,81.0
3335.0,3,90.0,2.0,8.082091656351423,0,0.0,1.0,1,73.0,0.7497787769873815,2,26.0,0.6146653815131476,0,0.0,0.9458329782181597,3,99.0
3340.0,4,109.0,2.422222222222222,8.322400441450254,0,0.0,1.0,1,75.0,0.6366564315559183,3,37.0,0.5267005371751526,0,0.0,0.9817089797266016,4,112.0
3345.0,3,41.0,0.9318181818181818,6.934258244620747,0,0.0,1.0,0,0.0,0.5243676991981187,3,46.0,0.3163519690572448,0,0.0,0.9137546828970746,3,46.0
3350.0,7,74.0,1.608695652173913,7.080828530187653,0,0.0,1.0,0,3.0,0.7532606056018349,6,75.0,0.3923856292272117,0,0.0,0.9858658309450976,6,78.0
3355.0,9,116.0,2.5217391304347827,6.8814897741915875,0,0.0,1.0,1,6.0,0.739454977261695,7,110.0,0.32490651996283665,0,0.0,0.9363804777919789,8,116.0
3360.0,12,171.0,3.717391304347826,6.772706033807013,0,0.0,1.0,1,19.0,0.730201262279385,10,155.0,0.27537898733201105,0,0.0,0.9559738151715597,11,174.0
3365.0,4,49.0,1.0888888888888888,7.423927210558012,0,0.0,1.0,1,24.0,0.7545099397614772,3,74.0,0.30859244550734194,0,0.0,0.9492392998255289,4,98.0
3370.0,4,55.0,1.1702127659574468,8.508932040338745,0,6.0,0.7219750062539331,2,28.0,0.7040476886660723,2,50.0,0.4736609805231097,0,0.0,0.9554188477247826,4,84.0
3375.0,4,75.0,1.530612244897959,9.026237937836527,0,0.0,1.0,2,41.0,0.7648718919829249,2,47.0,0.3127555802897151,0,0.0,0.8823262302729158,4,88.0
3380.0,4,95.0,2.0652173913043477,8.578577422240288,0,0.0,1.0,2,48.0,0.5811031012987389,2,57.0,0.25967664724183526,0,0.0,0.8186852366208806,4,105.0
3385.0,6,117.0,2.5434782608695654,7.27510523027959,0,0.0,1.0,3,58.0,0.49333217035059007,2,67.0,0.3508027561932218,0,0.0,0.9701989550774598,5,125.0
3390.0,10,160.0,3.404255319148936,7.547161785642483,0,0.0,1.0,3,71.0,0.48233602465306236,5,90.0,0.2738659730950839,0,0.0,0.9839361677090112,8,161.0
3395.0,11,211.0,4.586956521739131,6.983487331984428,0,0.0,1.0,3,86.0,0.5450730794769807,6,116.0,0.32023244071044243,0,0.0,0.957731361405095,9,202.0
3400.0,11,266.0,6.186046511627907,5.962493657576499,0,0.0,1.0,3,95.0,0.2727553412000007,6,146.0,0.2577574275701304,0,0.0,0.9201184521677155,9,241.0
3405.0,6,166.0,3.688888888888889,5.423326270717936,0,0.0,1.0,0,0.0,0.4139240813495862,4,145.0,0.2703617239545625,0,0.0,0.963182773733394,4,145.0
3410.0,5,174.0,3.782608695652174,6.586310170654924,0,0.0,1.0,0,0.0,0.723374546061018,3,142.0,0.3576385953261861,0,0.0,0.9777789600407666,3,142.0
3415.0,7,203.0,4.229166666666667,7.601544055959487,0,0.0,1.0,0,6.0,0.9340603259280403,4,151.0,0.5297837052726014,0,0.0,0.9225610698379879,4,157.0
3420.0,6,204.0,4.163265306122449,7.410177201268386,0,0.0,1.0,0,6.0,0.9618305599623398,4,169.0,0.4847360371253476,0,0.0,0.8475610484676814,4,175.0
3425.0,5,89.0,1.7450980392156863,7.522439769626094,0,0.0,1.0,0,3.0,0.958462861071942,2,110.0,0.5621941182431925,0,0.0,0.8997762188186184,2,113.0
3430.0,4,42.0,0.8235294117647058,7.846753212507693,0,0.0,1.0,1,4.0,0.7757401057040026,1,26.0,0.7764957410644107,0,0.0,0.8548818596539328,2,30.0
3435.0,2,28.0,0.5490196078431373,7.7836397019549,0,0.0,1.0,1,9.0,0.775991505397136,1,31.0,0.6680633703389853,0,0.0,0.9715766068837107,2,40.0
3440.0,8,52.0,1.04,6.633875657442047,0,0.0,1.0,1,14.0,0.42023812848990966,4,43.0,0.27079865280204996,0,0.0,0.9592196716181398,5,57.0
3445.0,9,63.0,1.2352941176470589,6.780232032091824,0,0.0,1.0,3,29.0,0.5291382684331898,5,40.0,0.2129943420358034,0,0.0,0.93348119094582,8,69.0
3450.0,12,103.0,2.06,6.5236109139815674,0,0.0,1.0,4,48.0,0.3922691969753254,7,70.0,0.10435168751354786,0,0.0,0.9244433048503264,11,118.0
3455.0,13,160.0,3.1372549019607843,6.317687836044774,0,0.0,1.0,4,64.0,0.2927611679114156,9,108.0,0.04717360489470197,0,0.0,0.9160938056204155,13,172.0
3460.0,15,226.0,4.431372549019608,6.026206554904828,0,0.0,1.0,5,85.0,0.3952250730607043,9,152.0,0.17631571579088445,0,0.0,0.9643120482612355,14,237.0
3465.0,4,30.0,0.6,6.18411982229301,0,0.0,1.0,0,7.0,0.5827574023048522,2,63.0,0.280425358441972,1,1.0,0.6425426014922273,3,71.0
3470.0,5,35.0,0.6862745098039216,6.920606641698252,0,3.0,0.5805163453514304,1,41.0,0.6269890262820076,2,36.0,0.25388931346311094,0,0.0,0.9738007234650631,3,80.0
3475.0,7,67.0,1.3137254901960784,7.680535993493261,0,0.0,0.8533763543600245,1,46.0,0.7637156584030556,3,43.0,0.44063785896480284,0,0.0,0.9564374451096049,4,89.0
3480.0,8,103.0,2.019607843137255,7.479787326807248,0,0.0,1.0,1,18.0,0.7360433395893369,3,58.0,0.4090791351888984,0,0.0,0.9855468869931518,4,76.0
3485.0,7,114.0,2.1923076923076925,7.60022162131827,0,0.0,1.0,0,6.0,0.8818255908291812,3,65.0,0.44440404355111285,0,0.0,0.9761492577385062,3,71.0
3490.0,8,147.0,2.7222222222222223,7.753435671708917,0,0.0,1.0,0,6.0,0.9108337755904157,3,73.0,0.534238087379044,0,0.0,0.9391080254148637,3,79.0
3495.0,10,192.0,3.4285714285714284,7.848668248076927,0,0.0,1.0,1,7.0,0.8131840707706566,3,88.0,0.5953910568060341,0,0.0,0.9335300347867117,4,95.0
3500.0,13,247.0,4.660377358490566,6.829564293711311,0,0.0,1.0,2,10.0,0.747396514173898,4,108.0,0.4993894201101307,0,0.0,0.9609552761052444,6,118.0
3505.0,9,159.0,3.0,6.616596311966083,0,0.0,1.0,0,3.0,0.9529555789475185,4,76.0,0.3526180487464629,0,0.0,0.9827066785420565,4,79.0
3510.0,5,54.0,1.0384615384615385,7.400355858179643,0,0.0,1.0,1,10.0,0.7953637146389959,4,60.0,0.4225371056845991,0,0.0,0.9422061026725341,5,70.0
3515.0,9,87.0,1.6730769230769231,6.81166789722322,0,0.0,1.0,1,12.0,0.7654482132130964,6,88.0,0.3309271355942187,0,0.0,0.9947296186791675,7,100.0
3520.0,14,144.0,2.823529411764706,6.066658253196193,0,0.0,1.0,2,18.0,0.542608304714923,7,122.0,0.27083456762112573,0,0.0,0.9801590284921445,9,140.0
3525.0,7,56.0,1.0980392156862746,6.031279055091031,0,0.0,1.0,0,9.0,0.6768003598949752,1,31.0,0.42450387631870745,0,0.0,0.9670119130174692,1,40.0
3530.0,7,78.0,1.56,7.190584190456877,0,6.0,0.5842296755713864,0,3.0,0.7677683587435553,0,15.0,0.7755075308467017,0,0.0,0.9744122441175513,0,24.0
3535.0,5,63.0,1.2857142857142858,8.201106862825844,0,0.0,0.6675437014569569,1,11.0,0.8092458544504085,0,6.0,0.8773231831595776,0,0.0,0.9842280281438571,1,17.0
3540.0,2,13.0,0.2708333333333333,8.702851307067116,0,0.0,1.0,1,16.0,0.8076192474352597,0,3.0,0.7505000029876963,0,0.0,0.9631557398884173,1,19.0
3545.0,4,11.0,0.23404255319148937,8.517335733550274,0,0.0,1.0,0,6.0,0.8864544614049851,1,8.0,0.7303406142753905,0,0.0,0.9698938628632909,1,14.0
3550.0,1,10.0,0.2127659574468085,8.90951878248411,0,0.0,1.0,0,6.0,0.9435400103316621,1,13.0,0.6180098967969258,0,0.0,0.9358845342720163,1,19.0
3555.0,2,19.0,0.4222222222222222,8.52850762235582,0,0.0,1.0,0,6.0,0.8065956512291498,2,25.0,0.5805836774230656,0,0.0,0.9269524365108318,2,31.0
3560.0,4,38.0,0.926829268292683,8.311835411316736,0,0.0,1.0,1,4.0,0.7004756712143847,3,40.0,0.5452590416189402,0,0.0,0.9303842660776488,4,44.0
3565.0,4,35.0,0.8536585365853658,8.158475012407578,0,0.0,1.0,1,9.0,0.7573901466556274,2,30.0,0.6949594098950017,0,0.0,0.9997573362446723,3,39.0
3570.0,4,50.0,1.25,8.20918601705642,0,0.0,1.0,1,14.0,0.6221692494028237,3,42.0,0.4179802999426343,0,0.0,0.9428389845253177,4,56.0
3575.0,6,78.0,2.0,8.09372867381239,0,0.0,1.0,2,22.0,0.24670978269637836,4,59.0,0.4547402487872072,0,0.0,0.9542912189428076,6,81.0
3580.0,8,117.0,2.925,7.0651423814839776,0,0.0,1.0,3,37.0,0.24333234547354965,5,83.0,0.15173429882830153,0,0.0,0.9608978073934054,8,120.0
3585.0,5,72.0,1.8461538461538463,6.879834612329597,0,0.0,1.0,3,52.0,0.3018960215369278,2,39.0,0.41605259087859014,0,0.0,0.9716199739044632,5,91.0
3590.0,4,66.0,1.736842105263158,7.032651639003841,0,3.0,0.7241764198597074,1,36.0,0.5926585518802188,3,32.0,0.3736706823724204,0,0.0,0.9610546560136046,4,71.0
3595.0,6,90.0,2.3076923076923075,7.81741978057094,0,0.0,1.0,1,44.0,0.7562396575463012,3,47.0,0.47394773076516644,0,0.0,0.9511209903708159,4,91.0
3600.0,6,120.0,2.926829268292683,8.514111077760653,0,0.0,1.0,1,49.0,0.7825717220661106,3,68.0,0.6193577101445445,0,0.0,0.9399201271169815,4,117.0
