step,system_total_stopped,system_total_waiting_time,system_mean_waiting_time,system_mean_speed,cluster_10564135163_13571629282_5146149679_stopped,cluster_10564135163_13571629282_5146149679_accumulated_waiting_time,cluster_10564135163_13571629282_5146149679_average_speed,cluster_10564135205_11749189839_3266988437_5129187741_#3more_stopped,cluster_10564135205_11749189839_3266988437_5129187741_#3more_accumulated_waiting_time,cluster_10564135205_11749189839_3266988437_5129187741_#3more_average_speed,cluster_10564135211_11749189838_12136544949_12136544951_#7more_stopped,cluster_10564135211_11749189838_12136544949_12136544951_#7more_accumulated_waiting_time,cluster_10564135211_11749189838_12136544949_12136544951_#7more_average_speed,cluster_10564135212_13571629279_13571629299_stopped,cluster_10564135212_13571629279_13571629299_accumulated_waiting_time,cluster_10564135212_13571629279_13571629299_average_speed,agents_total_stopped,agents_total_accumulated_waiting_time
0.0,0,0.0,0.0,0.0,0,0.0,1.0,0,0.0,1.0,0,0.0,1.0,0,0.0,1.0,0,0.0
5.0,0,0.0,0.0,9.631016146519777,0,0.0,1.0,0,0.0,0.911388217106111,0,0.0,1.0,0,0.0,0.9272933569150619,0,0.0
10.0,0,0.0,0.0,8.12415703172526,0,0.0,1.0,0,0.0,0.9385133903526304,0,0.0,1.0,0,0.0,0.9972659497338956,0,0.0
15.0,0,0.0,0.0,7.782800972888028,0,0.0,1.0,0,0.0,0.984428364196196,0,0.0,1.0,0,0.0,0.9487414354518712,0,0.0
20.0,0,0.0,0.0,8.323816343634741,0,0.0,1.0,0,0.0,0.9783167773456567,0,0.0,1.0,0,0.0,0.9594711483711216,0,0.0
25.0,0,0.0,0.0,8.484111907400191,0,0.0,1.0,0,0.0,0.9566147237272646,0,0.0,0.9496626328406601,0,0.0,0.9461616607303638,0,0.0
30.0,2,5.0,0.4166666666666667,6.019920538067761,0,0.0,1.0,0,0.0,0.5038728439670271,1,2.0,0.0019575937808626142,1,3.0,0.4891101189433465,2,5.0
35.0,3,19.0,1.3571428571428572,6.201377457933197,0,0.0,1.0,1,4.0,0.4772980891002575,1,7.0,0.0,1,8.0,0.4815940377908677,3,19.0
40.0,3,34.0,2.0,5.716724149761509,0,0.0,1.0,1,9.0,0.08450787663376182,1,12.0,0.0,1,13.0,0.6511065544396718,3,34.0
45.0,3,36.0,2.0,5.872668121130578,0,0.0,1.0,2,19.0,0.24188712967741877,1,17.0,0.0,0,0.0,0.9418318908834946,3,36.0
50.0,2,29.0,1.45,7.131586175996802,0,0.0,1.0,2,29.0,0.32912357793618424,0,3.0,0.7108464447880355,0,0.0,0.9446434335436003,2,32.0
55.0,3,42.0,1.9090909090909092,7.6276835074408975,0,0.0,1.0,2,39.0,0.45186670682515623,1,6.0,0.31187089302294524,0,0.0,0.9968049599367166,3,45.0
60.0,4,62.0,2.6956521739130435,7.298259958177487,0,0.0,1.0,2,49.0,0.3371879546146768,2,16.0,0.3302832104771606,0,0.0,0.99634800268273,4,65.0
65.0,4,82.0,3.5652173913043477,6.021590580317179,0,0.0,1.0,2,59.0,0.25443876949156635,2,26.0,0.04603052238565335,0,0.0,0.9807895345210176,4,85.0
70.0,4,75.0,3.125,5.983686249249861,0,0.0,1.0,3,70.0,0.20006200595714127,1,5.0,0.038952487025596665,0,0.0,0.9780074337782415,4,75.0
75.0,6,96.0,3.6923076923076925,5.602852679832025,0,0.0,1.0,4,87.0,0.16690626140093268,2,10.0,0.0,0,0.0,0.9878443745885446,6,97.0
80.0,5,121.0,4.321428571428571,6.133472158049548,0,0.0,1.0,4,113.0,0.4704084857630523,1,15.0,0.5527637052520212,0,0.0,0.5499973574602303,5,128.0
85.0,2,25.0,0.8333333333333334,7.476020789798418,0,0.0,1.0,0,20.0,0.8098676742882027,1,20.0,0.6236867510548786,1,5.0,0.47656799871179645,2,45.0
90.0,2,35.0,1.206896551724138,7.598847770904238,0,0.0,1.0,0,6.0,0.7909919786371403,1,25.0,0.6419269004360724,1,10.0,0.4743288642087608,2,41.0
95.0,4,53.0,1.65625,7.693879251772822,0,0.0,1.0,1,11.0,0.8007454351695359,2,42.0,0.4578407170167165,1,15.0,0.6724380957936478,4,68.0
100.0,6,79.0,2.393939393939394,8.302498315501609,0,0.0,1.0,1,16.0,0.7675775335137127,3,54.0,0.5398634024876395,2,21.0,0.4595048469333492,6,91.0
105.0,6,109.0,3.303030303030303,8.16507100207077,0,0.0,1.0,1,21.0,0.7646340449101242,3,66.0,0.600658875322387,2,31.0,0.48248165295834944,6,118.0
110.0,6,101.0,2.8857142857142857,6.624021190401194,0,0.0,1.0,3,29.0,0.3480953988825904,3,81.0,0.6042502881412986,0,0.0,0.718456261218126,6,110.0
115.0,4,58.0,1.6111111111111112,7.044992465374805,0,0.0,1.0,3,44.0,0.27985444689521716,1,51.0,0.6588949618791176,0,0.0,0.8121571173491395,4,95.0
120.0,8,63.0,1.7027027027027026,7.135296472353098,0,0.0,1.0,5,65.0,0.37882972885795696,3,13.0,0.3422534499094831,0,0.0,0.9354278253666021,8,78.0
125.0,10,112.0,3.027027027027027,6.792363408488099,0,0.0,1.0,5,90.0,0.40731373242258095,5,37.0,0.24669545526778794,0,0.0,0.933617668146354,10,127.0
130.0,13,170.0,4.358974358974359,4.410584431295897,0,0.0,1.0,6,117.0,0.12207035294864549,7,65.0,0.038424126508175685,0,0.0,0.9379248414249831,13,182.0
135.0,10,162.0,4.05,4.971475352757233,0,0.0,1.0,8,156.0,0.10409643044503838,1,18.0,0.2350491698112182,0,0.0,0.9677952915349401,9,174.0
140.0,9,191.0,4.775,6.120536380686542,0,2.0,0.6702301207082936,8,205.0,0.23293506916561232,0,10.0,0.48149152298389086,1,1.0,0.6312607702746934,9,218.0
145.0,7,164.0,3.813953488372093,7.473461728615964,0,0.0,0.7729000719803794,6,189.0,0.4056253013386499,0,0.0,0.9094103606309321,1,6.0,0.7278709837605744,7,195.0
150.0,6,170.0,3.7777777777777777,7.7873293918396325,0,0.0,1.0,5,183.0,0.4365733035169808,1,2.0,0.0004560538042109327,0,0.0,0.9311612229911294,6,185.0
155.0,6,200.0,4.444444444444445,7.91068244955736,0,0.0,1.0,5,208.0,0.3873895603305465,1,13.0,0.7115982308746363,0,0.0,0.9091118927568468,6,221.0
160.0,6,230.0,5.0,7.888147976788123,0,0.0,1.0,5,233.0,0.47962908140505944,1,15.0,0.5788218924849026,0,0.0,0.9680842842843677,6,248.0
165.0,7,251.0,5.229166666666667,7.867382238560381,0,0.0,1.0,6,262.0,0.3685763182628717,1,8.0,0.7342688686631655,0,0.0,0.9503902104355886,7,270.0
170.0,11,295.0,6.145833333333333,7.020134242345297,0,0.0,1.0,8,299.0,0.2168688832013436,2,14.0,0.5969433410627402,0,0.0,0.9582141592394822,10,313.0
175.0,12,354.0,7.375,6.323825674777947,0,0.0,1.0,8,339.0,0.2248909227721325,2,24.0,0.5138932751917255,0,0.0,0.9773566640318828,10,363.0
180.0,15,425.0,8.5,6.356331629644197,0,0.0,1.0,9,384.0,0.2276534946667659,3,38.0,0.3866367937725769,0,0.0,0.946066644557662,12,422.0
185.0,16,483.0,9.66,5.40096861640279,0,0.0,1.0,10,434.0,0.17937523449287882,4,58.0,0.38311189154732883,0,0.0,0.6411489187411447,14,492.0
190.0,16,549.0,11.204081632653061,5.372746603416934,0,0.0,1.0,10,484.0,0.17255470877794643,5,79.0,0.1413924483522647,1,5.0,0.6981132108674994,16,568.0
195.0,20,633.0,12.411764705882353,4.701100778639159,0,0.0,1.0,11,535.0,0.17464337141659253,6,109.0,0.05643114367237719,0,0.0,0.8725089298024481,17,644.0
200.0,23,741.0,14.25,4.443333045415747,0,0.0,1.0,13,595.0,0.06909957362862805,7,158.0,0.06269728771849843,0,0.0,0.952598992216188,20,753.0
205.0,12,239.0,4.509433962264151,4.805237694117373,0,0.0,1.0,2,213.0,0.16462081222542677,7,188.0,0.09539405310189977,0,0.0,0.939560466138523,9,401.0
210.0,11,241.0,4.547169811320755,5.922608731573205,0,0.0,1.0,0,37.0,0.47898852790030644,8,224.0,0.16531054016103183,0,0.0,0.9486659540316829,8,261.0
215.0,12,254.0,4.703703703703703,6.540880955516261,0,0.0,1.0,0,0.0,0.965749576196645,10,280.0,0.31855341918757285,1,1.0,0.47540233926759384,11,281.0
220.0,11,308.0,5.6,6.964593846242456,0,0.0,1.0,0,0.0,0.9569484461441362,10,330.0,0.40935131403263275,1,6.0,0.6392702573935086,11,336.0
225.0,11,363.0,6.482142857142857,6.799855652340937,0,0.0,1.0,0,0.0,0.684298853642009,10,405.0,0.45609412780929776,1,11.0,0.4866859730171936,11,416.0
230.0,6,139.0,2.482142857142857,6.775107552870752,0,0.0,1.0,0,0.0,0.9474496812875417,4,222.0,0.4888331155116338,2,20.0,0.3245844658345127,6,242.0
235.0,5,143.0,2.6481481481481484,7.829069085086685,0,0.0,1.0,0,6.0,0.7736800525991429,3,174.0,0.6215727539425471,2,30.0,0.46520939655678895,5,210.0
240.0,7,171.0,3.2264150943396226,7.643779852328918,0,0.0,0.976895391360151,1,5.0,0.7004958068020342,3,169.0,0.6251985537051993,2,40.0,0.37682338466105547,6,214.0
245.0,8,200.0,4.081632653061225,7.281551533399155,1,2.0,0.12169634857461675,0,3.0,0.9665566360844238,3,184.0,0.518349230478849,3,54.0,0.23787968685411992,7,243.0
250.0,13,252.0,5.361702127659575,5.68115008714583,2,10.0,0.05208416446536499,0,3.0,0.8596568193350567,4,203.0,0.16003606976218215,3,69.0,0.2385817961374842,9,285.0
255.0,11,223.0,4.551020408163265,5.101821163046585,3,25.0,0.004299870365022573,0,3.0,0.881532796895604,5,231.0,0.127694101376446,0,0.0,0.3340812369099306,8,259.0
260.0,15,286.0,5.607843137254902,5.756488703970684,4,43.0,0.0009919098665617562,1,4.0,0.8103798770301914,7,274.0,0.22060610472848896,0,0.0,0.49969210146176696,12,321.0
265.0,11,270.0,5.4,5.663489699527721,0,7.0,0.02693029284059815,1,12.0,0.4633171217234895,10,314.0,0.09955164933078803,0,0.0,0.8338361085967937,11,333.0
270.0,8,128.0,2.56,5.841375189866813,0,0.0,1.0,0,0.0,0.9270092125574111,8,245.0,0.09277001477391061,0,0.0,0.9597903399629101,8,245.0
275.0,7,106.0,2.0,7.136069665724567,0,0.0,1.0,0,3.0,0.9029428358808272,7,133.0,0.23188571300871813,0,0.0,0.9774140247927509,7,136.0
280.0,7,138.0,2.7058823529411766,7.784120017193543,0,0.0,1.0,0,6.0,0.8935666118178309,6,123.0,0.29621826066195117,0,0.0,0.5113346807153406,6,129.0
285.0,8,171.0,3.3529411764705883,8.042555097665195,0,0.0,1.0,0,6.0,0.97117592652382,7,163.0,0.3888686804134367,1,4.0,0.4655615786797305,8,173.0
290.0,2,11.0,0.2,7.877433360746913,0,0.0,1.0,0,6.0,0.7345561398610823,1,46.0,0.6895090584158269,1,9.0,0.524423426302789,2,61.0
295.0,2,11.0,0.21568627450980393,7.8976409150017375,0,9.0,0.6542196850281816,1,16.0,0.6732364922410198,1,17.0,0.7437523232227009,0,0.0,0.9598340973553143,2,42.0
300.0,6,27.0,0.5510204081632653,7.608245137425737,3,13.0,0.09607356716674731,1,21.0,0.7520068560087346,2,27.0,0.6864110295085516,0,0.0,0.9347601167498778,6,61.0
305.0,9,63.0,1.2857142857142858,7.266108102585725,3,28.0,0.012034118788391003,2,29.0,0.7064796131737915,3,36.0,0.5097218348379172,0,0.0,0.974961575297559,8,93.0
310.0,12,111.0,2.1346153846153846,6.166023240993566,4,45.0,0.12981913015617755,3,40.0,0.625517197081089,4,50.0,0.08378434740922408,0,0.0,0.9489596796897634,11,135.0
315.0,15,179.0,3.5098039215686274,5.680311386806978,4,65.0,0.018806077965282633,3,55.0,0.6478270197537551,5,72.0,3.042104704951018e-05,0,0.0,0.9765663430674091,12,192.0
320.0,16,249.0,4.69811320754717,5.580779172565907,5,87.0,0.0028151439263931926,3,80.0,0.5441436884534163,5,97.0,0.2117233892952826,0,0.0,0.9417141676211404,13,264.0
325.0,20,346.0,6.407407407407407,5.7362688690914,6,117.0,0.0006000964316574368,5,103.0,0.4182942895113925,6,126.0,0.14059177912842838,0,0.0,0.9578080915165872,17,346.0
330.0,20,441.0,8.320754716981131,5.2856998898488925,6,147.0,0.00012777560150049874,5,113.0,0.3144081744788702,6,156.0,0.12923076520425783,0,0.0,0.5732189251828816,17,416.0
335.0,14,277.0,5.12962962962963,5.078868050439728,1,57.0,0.012825298615581395,6,142.0,0.22925456110958278,4,148.0,0.16926135050536073,1,3.0,0.6260362887821348,12,350.0
340.0,12,246.0,4.555555555555555,5.956222288764803,0,43.0,0.19807507460839235,7,173.0,0.1753334915269372,2,110.0,0.46742204921827374,1,8.0,0.6341907395982814,10,334.0
345.0,16,319.0,5.5964912280701755,6.023302471872193,0,0.0,1.0,9,212.0,0.019292563485655088,2,97.0,0.38155097674698507,1,13.0,0.7232810948832988,12,322.0
350.0,11,165.0,2.9464285714285716,5.705139165058017,0,0.0,1.0,3,248.0,0.12666784458905225,3,111.0,0.1882628297977061,2,19.0,0.47333511861604866,8,378.0
355.0,8,163.0,2.810344827586207,6.231958777252565,0,0.0,1.0,0,47.0,0.4361535116160166,4,131.0,0.3050159601494429,2,29.0,0.3557355449017641,6,207.0
360.0,8,126.0,2.290909090909091,6.2109554698103215,0,0.0,1.0,0,0.0,0.49268526594673184,2,71.0,0.5597275095316203,3,43.0,0.24618757754483356,5,114.0
365.0,6,122.0,2.2181818181818183,7.5221990128211775,0,0.0,1.0,1,8.0,0.7581511009420392,2,20.0,0.7207019220751774,3,58.0,0.3267051425948687,6,86.0
370.0,3,79.0,1.462962962962963,7.632582164399774,0,0.0,1.0,1,13.0,0.6990470501876368,2,64.0,0.7147431659609748,0,13.0,0.5045977956545522,3,90.0
375.0,6,103.0,1.8727272727272728,7.47224042753732,0,0.0,1.0,2,21.0,0.46775864461809735,3,83.0,0.5974443858895078,0,0.0,0.9862937608727219,5,104.0
380.0,7,134.0,2.4363636363636365,7.291015426710335,0,0.0,1.0,2,31.0,0.5544688458144703,4,99.0,0.46176063832165454,0,0.0,0.9504675698254706,6,130.0
385.0,9,177.0,3.4705882352941178,6.486568670308888,0,0.0,1.0,2,41.0,0.463697369830662,5,133.0,0.32638074327993744,0,0.0,0.9575830718095942,7,174.0
390.0,14,236.0,4.452830188679245,6.013081423286634,0,0.0,1.0,2,51.0,0.5499603675267619,10,174.0,0.14522351771896008,0,0.0,0.9106148524922598,12,225.0
395.0,14,254.0,4.884615384615385,5.659026524183819,0,0.0,1.0,0,25.0,0.4823862718008201,12,230.0,0.12230075316612263,0,0.0,0.9528579289795688,12,255.0
400.0,8,95.0,1.7592592592592593,5.3279379205156046,0,0.0,1.0,2,9.0,0.3825321815899009,4,99.0,0.15117509163910156,0,0.0,0.6281606244498258,6,108.0
405.0,8,111.0,2.0555555555555554,6.540584366927334,0,3.0,0.554845663152584,2,28.0,0.5222315090390552,2,66.0,0.43752734405189236,2,4.0,0.3311654365222441,6,101.0
410.0,8,151.0,2.849056603773585,7.418871921358664,0,6.0,0.3974964594968626,2,57.0,0.7158709159038951,2,56.0,0.6124185752479147,2,14.0,0.32640144836412,6,133.0
415.0,7,79.0,1.3859649122807018,7.104050871988807,0,0.0,0.11049711065894566,1,77.0,0.7010784441403589,2,66.0,0.6387328908586446,3,24.0,0.20469440073825976,6,167.0
420.0,4,65.0,1.1607142857142858,7.518560724030918,0,0.0,0.5124487484305429,1,40.0,0.8354919031997108,3,77.0,0.5283753581168559,0,0.0,0.4568483039693748,4,117.0
425.0,4,85.0,1.4655172413793103,7.725382156273185,0,0.0,1.0,1,31.0,0.7421802234181722,3,98.0,0.4809241129749722,0,0.0,0.841554462495377,4,129.0
430.0,7,115.0,2.017543859649123,8.030915064704034,0,0.0,1.0,1,36.0,0.7531216025208288,6,124.0,0.48529361577605995,0,0.0,0.9914574115021172,7,160.0
435.0,11,155.0,2.6724137931034484,7.057120683057747,0,0.0,1.0,3,41.0,0.4732451230918942,7,153.0,0.4239138007482512,0,0.0,0.9462650065320424,10,194.0
440.0,11,103.0,1.8070175438596492,6.0593611293472796,0,0.0,1.0,4,60.0,0.22540479890889578,5,101.0,0.4325030210400882,0,0.0,0.9421439916817788,9,161.0
445.0,10,120.0,2.3076923076923075,6.7172919536616105,0,0.0,1.0,5,84.0,0.22357942911625722,3,37.0,0.531874996389656,1,2.0,0.47651925129286354,9,123.0
450.0,15,181.0,3.693877551020408,6.199847056083654,0,0.0,1.0,7,120.0,0.20091259301188175,5,46.0,0.12546169444991845,1,7.0,0.4948104672141975,13,173.0
455.0,19,269.0,5.489795918367347,5.422033058563829,0,0.0,1.0,8,157.0,0.12864565330760025,7,79.0,0.005890054517085045,1,12.0,0.6435609295651262,16,248.0
460.0,9,174.0,3.5510204081632653,5.405565112570257,0,0.0,1.0,2,104.0,0.2581355967076824,7,114.0,0.0011201400926475877,0,0.0,0.981168889883105,9,218.0
465.0,10,224.0,4.48,6.3492497785424495,0,0.0,1.0,2,86.0,0.4858594024537072,8,157.0,0.10450463108157963,0,0.0,0.9723282295973548,10,243.0
470.0,11,275.0,5.188679245283019,7.013236502443025,0,0.0,1.0,2,86.0,0.4345251150812426,9,204.0,0.19593517307591493,0,0.0,0.9683079635282116,11,290.0
475.0,13,333.0,6.403846153846154,6.872537820299366,0,0.0,1.0,3,97.0,0.3871267655096938,10,286.0,0.2065393426238875,0,0.0,0.956966056956209,13,383.0
480.0,9,211.0,3.981132075471698,6.108208372842688,0,0.0,1.0,0,24.0,0.553421685981476,8,266.0,0.2547280268028746,1,2.0,0.5428113376261005,9,292.0
485.0,11,241.0,4.547169811320755,6.3793035793596475,0,0.0,1.0,0,0.0,0.9516957622699388,9,248.0,0.22989774242586472,1,5.0,0.3292728305203564,10,253.0
490.0,15,306.0,5.666666666666667,6.416067892185469,0,0.0,1.0,0,0.0,0.7887201337899925,10,297.0,0.30134888315304825,2,15.0,0.3601720604290591,12,312.0
495.0,16,374.0,7.333333333333333,5.692063304540939,0,0.0,1.0,1,3.0,0.5941699534920485,10,347.0,0.20643842231072387,2,25.0,0.25859600886756734,13,375.0
500.0,8,110.0,2.2,5.410177648558972,0,0.0,1.0,2,20.0,0.5580654105150774,3,133.0,0.33986844121462334,2,35.0,0.24447043431711427,7,188.0
505.0,6,97.0,1.8653846153846154,6.971098349158394,0,3.0,0.6165729037162976,3,42.0,0.5066245163529942,3,115.0,0.4509090862002862,0,3.0,0.6401731463405059,6,163.0
510.0,6,123.0,2.3653846153846154,7.580082313894507,0,0.0,0.7116210412128696,3,53.0,0.4872351819477163,3,133.0,0.4032792200146626,0,0.0,0.9530635654590804,6,186.0
515.0,8,160.0,3.2653061224489797,7.8351188753563,0,0.0,1.0,5,72.0,0.4359069125072395,3,142.0,0.36974243497889336,0,0.0,0.9344668966438388,8,214.0
520.0,4,75.0,1.530612244897959,8.240706390730475,0,0.0,1.0,2,56.0,0.6368169050871318,2,110.0,0.2626255673680244,0,0.0,0.9367816085715978,4,166.0
525.0,4,55.0,1.0576923076923077,9.198260507340859,0,0.0,1.0,2,56.0,0.7652474518859197,2,7.0,0.0012503406590021022,0,0.0,0.958197263645679,4,63.0
530.0,5,76.0,1.4615384615384615,8.886018654867922,0,0.0,1.0,2,66.0,0.7701462021600504,2,20.0,0.5088824294286164,1,1.0,0.4980223119031494,5,87.0
535.0,8,107.0,2.0980392156862746,7.1412884210751555,0,0.0,1.0,4,80.0,0.4574032349264729,2,30.0,0.5726693503890345,1,6.0,0.47876018571567813,7,116.0
540.0,4,56.0,1.1428571428571428,6.436236989554878,0,0.0,1.0,0,0.0,0.7244883021035873,2,40.0,0.38290828141888195,1,11.0,0.4833067531925387,3,51.0
545.0,4,68.0,1.3076923076923077,7.000838720277532,0,0.0,1.0,0,0.0,0.7943049166629239,3,54.0,0.3830038914195648,1,16.0,0.4745751764001577,4,70.0
550.0,4,68.0,1.3877551020408163,7.8588253605012115,0,0.0,1.0,1,1.0,0.7745909260344473,3,75.0,0.6017103045382519,0,0.0,0.9269650253181124,4,76.0
555.0,4,88.0,1.8333333333333333,8.027834497170987,0,0.0,1.0,1,6.0,0.520975067484457,3,93.0,0.6030428409482725,0,0.0,0.9759846036681106,4,99.0
560.0,9,125.0,2.5510204081632653,7.672259488530382,0,0.0,1.0,3,19.0,0.5394675498141648,4,109.0,0.5200400320380042,0,0.0,0.9453741068651231,7,128.0
565.0,10,175.0,3.5,7.568586925633908,0,0.0,1.0,3,34.0,0.3828817611670334,4,129.0,0.5026837144168426,0,0.0,0.9379997718032943,7,163.0
570.0,10,198.0,4.5,6.793628824919097,0,0.0,1.0,3,49.0,0.38864903542339607,7,160.0,0.43669638172287384,0,0.0,0.9485416920980575,10,209.0
575.0,4,98.0,2.227272727272727,7.382072663586275,0,0.0,1.0,3,64.0,0.4196113917042134,1,52.0,0.6048403259538033,0,0.0,0.9915612408270887,4,116.0
580.0,6,124.0,2.6956521739130435,7.108131230099745,0,6.0,0.7490548183509814,4,87.0,0.25928921192695964,2,43.0,0.6263610015582114,0,0.0,0.9452777696646648,6,136.0
585.0,8,159.0,3.7857142857142856,6.551943126435196,0,0.0,0.5398570876221739,5,114.0,0.44305563021026895,2,53.0,0.5771552673657806,1,1.0,0.46781246533190907,8,168.0
590.0,8,197.0,4.4772727272727275,6.576712584813618,0,0.0,1.0,5,139.0,0.47936912621162797,3,67.0,0.47741692672816144,0,0.0,0.9347810786605076,8,206.0
595.0,8,237.0,5.266666666666667,6.813952494731651,0,0.0,1.0,5,164.0,0.5224032675303615,3,85.0,0.384217680396283,0,0.0,0.8743457969285133,8,249.0
600.0,8,143.0,3.0425531914893615,6.760093323019998,0,0.0,1.0,3,90.0,0.5471361370056751,5,104.0,0.304476534713594,0,0.0,0.9716915504168023,8,194.0
605.0,6,132.0,2.8085106382978724,7.741558725447505,0,0.0,1.0,1,29.0,0.7415795708590365,5,129.0,0.35004313707433427,0,0.0,0.9573222331136457,6,158.0
610.0,9,168.0,3.5,6.625688626477415,0,0.0,1.0,3,20.0,0.2940865650132957,6,157.0,0.3094000712397831,0,0.0,0.9274848556456123,9,177.0
615.0,8,182.0,3.7142857142857144,6.879405789320653,0,0.0,1.0,4,38.0,0.20760128981596185,4,150.0,0.44525290263043354,0,0.0,0.9558355129565688,8,188.0
620.0,10,228.0,4.956521739130435,6.767679407241186,0,0.0,0.6850508203736696,5,64.0,0.1926146085014345,4,170.0,0.5326222863319098,1,3.0,0.4659915023617609,10,237.0
625.0,13,289.0,6.148936170212766,6.1929881949725925,1,5.0,0.10571457874661239,6,94.0,0.3200013969197485,4,190.0,0.4093980433743996,2,12.0,0.47699937226832584,13,301.0
630.0,15,364.0,7.74468085106383,5.521928031327301,2,15.0,0.0,6,124.0,0.32272174789675234,5,215.0,0.38566575044434054,2,22.0,0.25672471065942265,15,376.0
635.0,14,320.0,6.530612244897959,5.675156138369269,2,25.0,0.0,7,156.0,0.22015147682411276,4,146.0,0.4512823468237717,1,18.0,0.4225829372282123,14,345.0
640.0,14,382.0,7.490196078431373,6.083491767975139,2,38.0,0.3050125653824661,7,192.0,0.33139086742958207,5,176.0,0.4762824139598438,0,5.0,0.7001461509648441,14,411.0
645.0,18,459.0,9.18,5.117448832362619,2,48.0,0.0031035414414313147,7,224.0,0.32622778390960255,9,200.0,0.020767311976769464,0,0.0,0.9827277082121793,18,472.0
650.0,18,506.0,9.547169811320755,5.100769549939685,0,7.0,0.06204233181974344,7,258.0,0.1895798501302752,11,254.0,2.492805968251013e-05,0,0.0,0.9646211431179635,18,519.0
655.0,18,596.0,11.037037037037036,5.4034933115304895,0,0.0,1.0,7,293.0,0.11657778032321021,11,309.0,0.0,0,0.0,0.9792659926957488,18,602.0
660.0,14,600.0,10.909090909090908,5.457183349675341,0,0.0,1.0,8,331.0,0.0767409021606441,6,302.0,0.018111487921820886,0,0.0,0.492700807965536,14,633.0
665.0,14,638.0,12.26923076923077,6.081928306564264,0,3.0,0.9569465547252844,9,376.0,0.13298875343329616,4,277.0,0.06520978378187654,1,5.0,0.4869704436537156,14,661.0
670.0,15,713.0,13.452830188679245,6.382186321368423,0,0.0,1.0,10,429.0,0.2609557020192134,4,283.0,0.0,1,10.0,0.6347642290805869,15,722.0
675.0,15,788.0,14.592592592592593,6.661088511483456,0,0.0,1.0,10,479.0,0.26699641339163793,4,303.0,0.0,1,15.0,0.663099457447022,15,797.0
680.0,14,843.0,15.90566037735849,5.980304357179067,0,0.0,1.0,10,529.0,0.24942100468190567,4,323.0,0.0,0,0.0,0.9471362159373354,14,852.0
685.0,18,920.0,17.037037037037038,5.195231692127116,0,0.0,1.0,12,582.0,0.19068459124027115,5,347.0,0.19440899435486586,0,0.0,0.9870245025840413,17,929.0
690.0,20,1012.0,18.74074074074074,5.223285589805845,0,0.0,1.0,11,637.0,0.18752430243919346,6,373.0,0.30056901029838756,0,0.0,0.9796858921565321,17,1010.0
695.0,22,1114.0,20.62962962962963,4.488901414364342,0,0.0,1.0,11,686.0,0.12522374671347797,7,404.0,0.12793440977014314,0,0.0,0.9300155044737175,18,1090.0
700.0,23,1196.0,22.566037735849058,3.877535379566989,0,0.0,1.0,12,742.0,0.06860427855305344,6,409.0,0.0002719088878955287,0,0.0,0.980487325866169,18,1151.0
705.0,24,1310.0,23.818181818181817,4.161036337147382,0,0.0,1.0,14,814.0,0.155371738171648,6,439.0,0.14188439768285538,0,0.0,0.9743045817225139,20,1253.0
710.0,23,1379.0,25.537037037037038,4.2279893814070055,0,0.0,1.0,14,889.0,0.2696314666154711,6,469.0,0.1340471916414793,1,1.0,0.6424852660213871,21,1359.0
715.0,22,1467.0,26.196428571428573,4.982210830402786,0,0.0,1.0,14,959.0,0.2686986495071781,6,499.0,0.13812385449080736,1,6.0,0.6471873958564448,21,1464.0
720.0,23,1582.0,27.75438596491228,4.886596598858938,0,0.0,1.0,15,1032.0,0.22420295900465076,6,529.0,0.13677039350426218,1,11.0,0.6210314278201833,22,1572.0
725.0,22,1670.0,28.305084745762713,5.04808485022783,0,0.0,1.0,15,1107.0,0.19105423823739293,6,559.0,0.2441357794511963,1,16.0,0.488142279503701,22,1682.0
730.0,23,1784.0,30.23728813559322,5.129747882298952,0,0.0,1.0,15,1179.0,0.17470049596602696,6,589.0,0.23777188956304665,2,25.0,0.24422601962972879,23,1793.0
735.0,22,1596.0,27.517241379310345,4.736510558859017,0,0.0,1.0,15,1251.0,0.11429117636274463,4,459.0,0.14286249392800418,3,40.0,0.2390850579944296,22,1750.0
740.0,10,258.0,4.372881355932203,5.111929903798046,0,0.0,1.0,4,559.0,0.19449564696153476,1,197.0,0.3720428561759628,4,55.0,0.3052028542183272,9,811.0
745.0,5,121.0,2.086206896551724,6.159485062833995,0,0.0,1.0,0,259.0,0.310646240898526,2,54.0,0.45772676616744085,3,70.0,0.32820734427261217,5,383.0
750.0,9,159.0,2.7413793103448274,7.387808753115988,0,0.0,1.0,0,0.0,0.6457968334378344,2,70.0,0.626485683822716,4,90.0,0.39815916102083476,6,160.0
755.0,9,186.0,3.152542372881356,7.425802197947642,0,0.0,1.0,0,0.0,0.9677105908025041,2,80.0,0.7316542595136966,4,110.0,0.4017376574722826,6,190.0
760.0,11,219.0,3.5901639344262297,6.873709697453469,0,0.0,1.0,1,28.0,0.6503734884526924,3,91.0,0.678593954477383,4,130.0,0.33177716954952574,8,249.0
765.0,7,124.0,2.0,7.382014006084336,0,0.0,1.0,1,33.0,0.5262375703346285,3,113.0,0.6417953147126738,0,38.0,0.4340414924016726,4,184.0
770.0,8,135.0,2.3275862068965516,7.254855962888949,0,0.0,1.0,4,18.0,0.19481401169661858,4,142.0,0.6138035239723018,0,0.0,0.7070775854045679,8,160.0
775.0,11,177.0,3.0517241379310347,6.772248866127494,0,0.0,1.0,5,38.0,0.26846914995697146,6,164.0,0.3792824391317669,0,0.0,0.9952811250665599,11,202.0
780.0,17,248.0,4.428571428571429,5.4417485566938195,0,0.0,1.0,4,58.0,0.2801203061664274,13,215.0,0.19970111614572167,0,0.0,0.5481654048735235,17,273.0
785.0,19,338.0,6.2592592592592595,4.67961114984081,0,0.0,1.0,4,78.0,0.23497521235203897,14,281.0,0.08602129742792172,1,4.0,0.4789081024796331,19,363.0
790.0,25,451.0,8.2,4.5866680084022216,0,0.0,1.0,5,103.0,0.19701001830414133,17,359.0,0.052131778920845404,1,9.0,0.47678653789217973,23,471.0
795.0,18,427.0,7.625,4.629282551067541,0,0.0,1.0,7,135.0,0.2830362932785843,8,308.0,0.0726300409659474,1,14.0,0.5722424481780833,16,457.0
800.0,15,454.0,7.827586206896552,5.129943723273875,0,6.0,0.6200114634829057,7,176.0,0.38967425954493073,4,280.0,0.1930610033116814,1,19.0,0.3649055674673611,12,481.0
805.0,13,429.0,7.15,5.667603899699442,1,10.0,0.2055671392538341,5,159.0,0.44893749953569884,5,268.0,0.25414765746894036,1,24.0,0.3219135936609834,12,461.0
810.0,12,479.0,7.725806451612903,6.525047747407082,0,0.0,0.1352028777731669,5,171.0,0.4423781378608133,5,293.0,0.0,2,31.0,0.4533633234973619,12,495.0
815.0,10,498.0,7.904761904761905,6.96064853085849,0,0.0,0.2198969880809913,5,196.0,0.3758265781734616,5,318.0,0.13814972317577517,0,6.0,0.7213840066863764,10,520.0
820.0,11,549.0,8.85483870967742,7.461348821871576,0,0.0,1.0,6,222.0,0.41874959547074564,5,346.0,0.1915447291790499,0,0.0,0.8058227533201997,11,568.0
825.0,11,604.0,9.741935483870968,8.119418724869577,0,0.0,1.0,6,252.0,0.4616997800986923,5,368.0,0.23725902386570383,0,0.0,0.9271315919509449,11,620.0
830.0,11,441.0,7.0,7.644371305233296,0,0.0,1.0,8,285.0,0.2901879289194117,3,259.0,0.19107357580350404,0,0.0,0.9593570416937465,11,544.0
835.0,8,316.0,4.9375,8.08180657966869,0,0.0,1.0,8,325.0,0.1946848471715797,0,104.0,0.5666974115797075,0,0.0,0.9725074937729761,8,429.0
840.0,13,368.0,6.133333333333334,7.01648737426991,0,0.0,1.0,13,377.0,0.06617932627535637,0,1.0,0.7226508098346959,0,0.0,0.9614795640563699,13,378.0
845.0,18,447.0,7.982142857142857,5.9418134718975875,0,0.0,1.0,13,442.0,0.06515527324299408,3,9.0,0.37044327935668137,0,0.0,0.9818303554932684,16,451.0
850.0,8,77.0,1.4259259259259258,5.526474591104856,0,0.0,1.0,3,151.0,0.11776357550689656,2,18.0,0.037423340458706135,0,0.0,0.972349293549722,5,169.0
855.0,10,123.0,2.3207547169811322,5.927439942923184,0,0.0,1.0,3,54.0,0.30388476557237126,2,31.0,0.29796049985999457,0,0.0,0.46943661901254197,5,85.0
860.0,11,161.0,3.0961538461538463,6.650363771901052,0,0.0,1.0,3,69.0,0.36912072310710814,2,47.0,0.6164291978878009,1,5.0,0.49080025392238347,6,121.0
865.0,10,204.0,4.0,7.020720943396003,0,0.0,1.0,3,84.0,0.3381234558048703,2,57.0,0.7378323573951034,1,10.0,0.6552403672200148,6,151.0
870.0,8,147.0,2.94,7.49299575446155,0,0.0,1.0,1,36.0,0.5793978663873082,2,67.0,0.7311998399327073,0,0.0,0.976917783015986,3,103.0
875.0,10,190.0,3.877551020408163,7.723198535048127,0,0.0,1.0,2,12.0,0.4864660867813477,2,80.0,0.6801011925513915,0,0.0,0.9592283748177214,4,92.0
880.0,11,241.0,5.127659574468085,7.158935900558501,0,0.0,1.0,2,22.0,0.4196653966503502,3,91.0,0.6205839408084132,0,0.0,0.9493172085779575,5,113.0
885.0,13,298.0,6.081632653061225,6.312072071649015,0,0.0,1.0,2,32.0,0.5350315982810889,4,107.0,0.5251892093660445,0,0.0,0.9450583206855092,6,139.0
890.0,15,353.0,7.204081632653061,5.305530747695991,0,0.0,1.0,3,43.0,0.24939367177946903,7,138.0,0.368948722780145,0,0.0,0.47638993417989345,10,181.0
895.0,9,273.0,5.571428571428571,5.260497937703599,0,0.0,1.0,3,72.0,0.30479266157339063,0,51.0,0.3901972583833355,1,5.0,0.6396368412753126,4,128.0
900.0,9,261.0,5.4375,6.011943646503773,0,6.0,0.657766174448944,3,93.0,0.4686343414767517,1,1.0,0.37229806308036856,1,10.0,0.6292893003818005,5,110.0
905.0,10,121.0,2.4693877551020407,6.138366016310525,2,11.0,0.24304776427437333,4,99.0,0.45454380549479967,3,14.0,0.44764811413877803,1,5.0,0.7285300785998321,10,129.0
910.0,7,89.0,1.934782608695652,5.2139507292166245,3,24.0,0.03165059023074811,1,54.0,0.7100780488607006,3,29.0,0.12607313373507598,0,0.0,0.9428500455250837,7,107.0
915.0,13,138.0,2.9361702127659575,5.172791033611572,4,41.0,0.007204946069543995,1,75.0,0.7228221686462485,6,56.0,0.11197851792307756,0,0.0,0.9388430355190223,11,172.0
920.0,15,206.0,4.03921568627451,5.710821518039281,6,71.0,0.003231190952667683,1,64.0,0.7917959743021691,8,101.0,0.2663919302984831,0,0.0,0.9803625066586179,15,236.0
925.0,17,290.0,5.471698113207547,5.911203409048226,7,106.0,0.0004451842357075876,1,78.0,0.7893839269646371,9,145.0,0.27885103637909847,0,0.0,0.9391565382603487,17,329.0
930.0,13,259.0,4.886792452830188,5.5345344545824435,1,54.0,0.028236181792653768,2,86.0,0.6105808086434323,10,187.0,0.27647283652955884,0,0.0,0.9987208989080754,13,327.0
935.0,15,315.0,5.943396226415095,6.225772465884601,0,10.0,0.30428033013638695,4,101.0,0.5174991123704337,11,278.0,0.2606491566818339,0,0.0,0.9622965821903364,15,389.0
940.0,13,333.0,6.054545454545455,6.756017683750234,0,0.0,1.0,4,112.0,0.5099556127473327,9,303.0,0.2779134559738188,0,0.0,0.6237877569283092,13,415.0
945.0,13,361.0,6.685185185185185,6.672496419830555,0,3.0,0.9263522080417429,5,135.0,0.38130963408620466,7,285.0,0.21364099628898725,1,3.0,0.49089901568986966,13,426.0
950.0,15,350.0,6.481481481481482,6.8095158729268475,0,0.0,1.0,5,76.0,0.3860997370388163,9,281.0,0.15576869659495088,1,8.0,0.48296312986058165,15,365.0
955.0,16,415.0,7.410714285714286,6.403430343597948,0,0.0,1.0,6,103.0,0.29274983181266656,10,330.0,0.13984484562174362,0,0.0,0.9611586731559932,16,433.0
960.0,16,381.0,7.470588235294118,6.096197819793667,0,0.0,1.0,7,137.0,0.2714840433551832,9,324.0,0.19581662535612576,0,0.0,0.9812494978090157,16,461.0
965.0,16,403.0,8.955555555555556,5.666689766894355,0,0.0,1.0,8,177.0,0.2496074630384661,8,247.0,0.1583907645730575,0,0.0,0.9541956340357668,16,424.0
970.0,16,450.0,10.0,6.056658385596965,0,0.0,1.0,6,195.0,0.30358785828535817,10,289.0,0.1556497926848755,0,0.0,0.9530101471176248,16,484.0
975.0,17,529.0,11.020833333333334,6.086247265322601,0,0.0,1.0,6,212.0,0.3849328218761176,11,339.0,0.098197922855393,0,0.0,0.9298217122488516,17,551.0
980.0,23,623.0,12.714285714285714,4.9592159902045365,0,0.0,1.0,8,245.0,0.290978935733701,11,391.0,0.11134143011237815,1,2.0,0.4703791357459382,20,638.0
985.0,24,737.0,15.040816326530612,4.8874698705054485,0,0.0,1.0,8,287.0,0.30187799118972386,12,450.0,0.07249518213751703,1,7.0,0.4717361074099613,21,744.0
990.0,24,857.0,17.14,4.5065978350901075,0,0.0,1.0,8,327.0,0.27875077475872984,12,510.0,0.12310768115417692,1,12.0,0.4879158478778534,21,849.0
995.0,27,983.0,18.547169811320753,4.11533637689481,0,0.0,1.0,10,372.0,0.21447332006959394,13,571.0,0.0633530560623541,1,17.0,0.652327877878496,24,960.0
1000.0,17,536.0,10.11320754716981,3.940617114596718,0,0.0,1.0,10,422.0,0.15842965358051414,3,233.0,0.13436868343121283,0,0.0,0.929848110597873,13,655.0
1005.0,16,559.0,10.351851851851851,4.803504043691917,0,6.0,0.5727576827812909,11,486.0,0.2174415960426976,1,73.0,0.34081639825642884,0,0.0,0.9660795027756611,12,565.0
1010.0,16,544.0,9.379310344827585,5.325894696030292,2,11.0,0.15734422665265993,10,517.0,0.30375744773715213,1,16.0,0.5350468965947335,0,0.0,0.9656040154508897,13,544.0
1015.0,17,600.0,10.344827586206897,5.987012812163666,4,30.0,0.0057324989498765124,10,552.0,0.3920019845794061,1,21.0,0.48066339404842295,0,0.0,0.9716760296144894,15,603.0
1020.0,17,655.0,11.491228070175438,5.9742031761013905,5,53.0,0.001325343507514605,10,599.0,0.41841686417998714,1,29.0,0.5583347032486489,1,3.0,0.624545249808622,17,684.0
1025.0,19,746.0,13.087719298245615,5.797083051375707,5,78.0,0.0001734762734947021,11,653.0,0.42306762092271866,1,34.0,0.6335957208244051,2,10.0,0.33243385945960285,19,775.0
1030.0,20,846.0,14.1,5.781840310856546,5,103.0,5.8638675607755e-05,11,711.0,0.4061283179496668,1,39.0,0.6438628864706789,2,20.0,0.29766594829711,19,873.0
1035.0,21,949.0,16.084745762711865,5.126612887411041,5,128.0,6.850752272262366e-06,11,766.0,0.25505217057103136,1,44.0,0.656816860138617,3,33.0,0.34287781243288457,20,971.0
1040.0,7,221.0,3.7457627118644066,5.129073051043325,5,153.0,2.1859478546522605e-06,1,240.0,0.3523346441836814,1,49.0,0.635958063859728,0,16.0,0.6298914856559125,7,458.0
1045.0,6,220.0,3.7288135593220337,6.114458458377471,5,178.0,0.0,0,40.0,0.4355785626147303,1,60.0,0.32657038666069993,0,0.0,0.9114313396494823,6,278.0
1050.0,11,262.0,4.517241379310345,6.3586667540667,5,203.0,0.0,1,1.0,0.47515828392382586,5,85.0,0.376479621643638,0,0.0,0.8978650364547264,11,289.0
1055.0,15,332.0,5.724137931034483,6.472796779177588,5,228.0,0.0,4,16.0,0.19349893639793542,6,115.0,0.5099031781466459,0,0.0,0.9112519043069327,15,359.0
1060.0,12,324.0,5.586206896551724,6.640452868438418,5,253.0,0.0,2,19.0,0.3236546068685632,5,79.0,0.5607981737375729,0,0.0,0.892856961764742,12,351.0
1065.0,13,387.0,6.241935483870968,6.793954739318961,5,278.0,0.0,2,58.0,0.503536242106122,5,107.0,0.5624610051928604,1,3.0,0.426687531371698,13,446.0
1070.0,17,463.0,7.982758620689655,6.531621513214087,5,303.0,0.0,3,97.0,0.48061434431345534,5,132.0,0.5802223610658822,3,16.0,0.38607515209793963,16,548.0
1075.0,19,553.0,9.701754385964913,5.715908108274295,5,328.0,0.0,3,84.0,0.2788647823491455,5,157.0,0.5487421182537432,4,32.0,0.1965984769515265,17,601.0
1080.0,13,430.0,7.962962962962963,5.080427539421462,5,353.0,0.0,1,46.0,0.4242398652562348,0,38.0,0.42895399993792976,4,52.0,0.29175555983663015,10,489.0
1085.0,5,88.0,1.6603773584905661,6.701085465811399,0,140.0,0.16394884458510245,1,20.0,0.5158990622417159,0,3.0,0.5818992093796098,4,72.0,0.39168826481498886,5,235.0
1090.0,7,118.0,2.185185185185185,7.4465504480719344,0,0.0,0.47260770895929644,2,31.0,0.6115659989823162,0,0.0,1.0,5,93.0,0.27148872353967585,7,124.0
1095.0,7,153.0,2.9423076923076925,7.5922717197122,0,0.0,0.5087795723541731,2,41.0,0.5946103480576964,0,0.0,1.0,5,118.0,0.2452169549432583,7,159.0
1100.0,5,85.0,1.5454545454545454,7.7104781836106415,0,0.0,1.0,2,51.0,0.6356281241766168,0,0.0,0.8614150818380365,2,70.0,0.3955189837357631,4,121.0
1105.0,2,55.0,1.0377358490566038,7.894322417940417,0,0.0,1.0,2,58.0,0.48162841144267027,0,9.0,0.7821108493615891,0,37.0,0.6118185809812036,2,104.0
1110.0,5,74.0,1.3962264150943395,7.281421607410024,0,0.0,1.0,3,73.0,0.4133443224438648,2,13.0,0.19413649831841004,0,0.0,0.9256412233980724,5,86.0
1115.0,10,112.0,2.2857142857142856,6.747743432957512,0,0.0,1.0,5,88.0,0.35936717063629436,5,33.0,0.13810181784126546,0,0.0,0.9702622348515884,10,121.0
1120.0,11,153.0,3.1875,6.424306722964608,0,0.0,1.0,5,99.0,0.26892997239912564,6,63.0,0.11663487856240301,0,0.0,0.9277663161516182,11,162.0
1125.0,13,211.0,4.586956521739131,6.212232526693276,0,0.0,1.0,6,126.0,0.1035556899181681,7,95.0,0.11566195325841122,0,0.0,0.9268536932397486,13,221.0
1130.0,9,192.0,4.571428571428571,5.75891698057098,0,0.0,1.0,7,160.0,0.11692219548218998,2,58.0,0.28591825111372343,0,0.0,0.9694824284541146,9,218.0
1135.0,9,197.0,4.282608695652174,6.059123995186456,0,0.0,0.8377886672381278,8,201.0,0.204708329720234,0,36.0,0.5872342774457378,0,0.0,0.9613665371731459,8,237.0
1140.0,2,16.0,0.37209302325581395,7.189964343264679,0,0.0,0.8428407231242329,1,49.0,0.6542329243045938,0,3.0,0.9311824622504444,1,2.0,0.3179364874228496,2,54.0
1145.0,4,35.0,0.7954545454545454,8.302773332517635,1,4.0,0.0,1,28.0,0.8083087356368742,0,3.0,0.9285561640869786,2,12.0,0.31443100390984385,4,47.0
1150.0,5,59.0,1.3409090909090908,7.286025168992234,1,9.0,0.0,1,33.0,0.771844616494854,0,12.0,0.8016138312387735,2,22.0,0.322581296433471,4,76.0
1155.0,7,83.0,1.7659574468085106,7.179323294056476,1,14.0,0.0,4,46.0,0.6224725108136044,0,12.0,0.8768159845453146,2,32.0,0.3678909048480917,7,104.0
1160.0,9,122.0,2.5416666666666665,7.209134577675658,1,21.0,0.474696264178184,4,60.0,0.5760122353901347,2,16.0,0.6845423445063722,2,42.0,0.39928878533361817,9,139.0
1165.0,6,93.0,2.0217391304347827,7.204092658543062,0,0.0,1.0,2,40.0,0.6029300684935507,2,26.0,0.7256015113796569,2,52.0,0.400082514263114,6,118.0
1170.0,8,130.0,2.888888888888889,7.136371436095965,0,0.0,1.0,3,45.0,0.37225968972431506,2,39.0,0.7381495257999737,3,64.0,0.38452435102207655,8,148.0
1175.0,9,147.0,3.127659574468085,5.92480309526097,0,0.0,1.0,6,71.0,0.14443706752702704,0,27.0,0.7077764128397639,3,79.0,0.3659698725102894,9,177.0
1180.0,10,103.0,2.239130434782609,6.790518732106322,0,0.0,0.9576534328981317,9,105.0,0.17677746627870625,0,6.0,0.8228320715540258,1,12.0,0.4214541346923858,10,123.0
1185.0,11,149.0,3.1041666666666665,6.96799275092908,2,4.0,0.2826772183209586,9,149.0,0.15364711095993824,0,6.0,0.8787265528890236,0,1.0,0.6773472003378906,11,160.0
1190.0,9,117.0,2.2941176470588234,7.154039811203998,3,15.0,0.01438757077525143,6,147.0,0.3434432975010774,0,3.0,0.8784096183885475,0,0.0,0.9760873341367513,9,165.0
1195.0,12,168.0,3.2941176470588234,6.989240201512214,4,33.0,0.021798268162495582,7,141.0,0.3618115529872065,1,5.0,0.6471531041704331,0,0.0,0.9422484004471764,12,179.0
1200.0,13,233.0,4.755102040816326,6.88247579663718,5,58.0,0.002328843175098898,7,176.0,0.3962187288440043,1,10.0,0.5952567329197332,0,0.0,0.6693716227506923,13,244.0
1205.0,10,220.0,4.4,6.612570045157432,0,22.0,0.03287663902598504,7,211.0,0.4019881825023654,2,16.0,0.4613650185512088,1,3.0,0.6408041272441379,10,252.0
1210.0,10,270.0,5.09433962264151,7.244987440036668,0,0.0,1.0,7,246.0,0.47744847422466913,2,26.0,0.4707125355885123,1,8.0,0.6217467661436686,10,280.0
1215.0,9,289.0,5.5576923076923075,6.312416392831,0,0.0,1.0,7,281.0,0.24416966462136416,0,3.0,0.9754465632421141,2,15.0,0.44595413435672987,9,299.0
1220.0,9,315.0,6.0576923076923075,6.295883314740304,0,0.0,1.0,9,322.0,0.10596340029223485,0,3.0,0.9563768340511898,0,1.0,0.5261171369794099,9,326.0
1225.0,13,366.0,6.777777777777778,6.409555828814592,0,0.0,1.0,13,373.0,0.0682558247809312,0,9.0,0.6350517762299074,0,0.0,0.985564033867123,13,382.0
1230.0,5,40.0,0.7272727272727273,6.378233250366741,0,0.0,1.0,4,152.0,0.15122704786689903,1,8.0,0.7215599431369455,0,0.0,0.9745877798808144,5,160.0
1235.0,2,27.0,0.5094339622641509,7.487903640895632,0,0.0,1.0,1,46.0,0.550341970063542,1,10.0,0.02591700369616843,0,0.0,0.9799799759277913,2,56.0
1240.0,2,37.0,0.7254901960784313,8.13479761606546,0,0.0,0.8348827432668449,1,25.0,0.7376350747205732,1,21.0,0.6689451517484384,0,0.0,0.9857577155660648,2,46.0
1245.0,3,51.0,0.9807692307692307,8.230063624524,0,0.0,1.0,1,27.0,0.8169992961794158,2,30.0,0.6405047245578027,0,0.0,0.9765811773264956,3,57.0
1250.0,3,36.0,0.6923076923076923,8.04855068855839,0,0.0,1.0,0,0.0,0.9191170863103767,2,40.0,0.6387450097853603,0,0.0,0.5050889546022387,2,40.0
1255.0,6,64.0,1.1851851851851851,8.153436071932276,0,0.0,1.0,0,0.0,0.8275744156528353,2,50.0,0.6340807546622201,1,4.0,0.5319461409846454,3,54.0
1260.0,8,81.0,1.588235294117647,6.763914767238343,0,0.0,1.0,3,7.0,0.41441933452789365,2,60.0,0.6455889264840674,1,9.0,0.6495176292701259,6,76.0
1265.0,9,102.0,2.0,6.515634668433698,0,0.0,1.0,5,26.0,0.31322403171232605,2,70.0,0.46126950227433877,0,0.0,0.905900167355392,7,96.0
1270.0,6,86.0,1.8297872340425532,5.859170438383259,0,0.0,1.0,1,40.0,0.2806941249363556,5,94.0,0.21851851694812485,0,0.0,0.9350225753700695,6,134.0
1275.0,8,120.0,2.5531914893617023,6.398448778300126,0,0.0,1.0,0,0.0,0.9047573302738191,8,129.0,0.2160921768610072,0,0.0,0.9611284577422605,8,129.0
1280.0,3,103.0,2.1458333333333335,6.9968278928223695,0,0.0,1.0,0,0.0,0.9755609918703905,3,112.0,0.5179120468568271,0,0.0,0.8447251273127416,3,112.0
1285.0,5,122.0,2.489795918367347,7.155499718462288,0,6.0,0.630196386859278,0,6.0,0.6707707471139377,3,118.0,0.6649758375401933,1,2.0,0.5072450972538486,4,132.0
1290.0,9,156.0,3.25,7.008430700032512,2,11.0,0.1510706213354782,1,9.0,0.6896943826438228,3,133.0,0.6138374818554586,2,11.0,0.31643523766633297,8,164.0
1295.0,10,198.0,4.4,6.725352106676011,3,26.0,0.011696451988049814,1,14.0,0.759736856254271,4,152.0,0.5286148895367515,2,21.0,0.459346898255937,10,213.0
1300.0,10,241.0,5.355555555555555,6.181260954926344,3,41.0,0.003851423821575937,1,19.0,0.6473714917325883,3,164.0,0.5227255363949816,2,31.0,0.41061504489286876,9,255.0
1305.0,12,261.0,5.8,6.031190014631749,4,61.0,0.0006194068074849302,2,25.0,0.6199023346221294,5,184.0,0.4059862243974639,0,0.0,0.6045479696856554,11,270.0
1310.0,12,321.0,6.829787234042553,6.3323531180745505,4,81.0,7.465268501779492e-05,2,35.0,0.5771994304645498,5,215.0,0.38373773077150375,0,0.0,0.9831791384074641,11,331.0
1315.0,16,392.0,7.84,5.083099426905991,4,101.0,7.239730209875161e-06,3,48.0,0.353177352716821,7,245.0,0.15699151963741678,0,0.0,0.9419341228773281,14,394.0
1320.0,10,319.0,6.38,5.505471094967006,0,19.0,0.017006707593109686,4,68.0,0.41412170431175066,3,225.0,0.2798570081437855,0,0.0,0.9707596510407615,7,312.0
1325.0,7,320.0,6.530612244897959,6.735937250342144,0,0.0,1.0,4,91.0,0.43621149954977995,3,239.0,0.43249191220403593,0,0.0,0.9275751964172282,7,330.0
1330.0,9,359.0,7.18,7.377732622029343,0,0.0,0.9616241188150174,5,112.0,0.4558517511067045,3,253.0,0.4138841425695034,1,3.0,0.5100489900842647,9,368.0
1335.0,12,409.0,7.716981132075472,7.280808254779495,0,0.0,1.0,5,136.0,0.31009769979008783,4,271.0,0.3640223860625841,2,11.0,0.4471533497850174,11,418.0
1340.0,12,467.0,8.648148148148149,7.262933484890824,0,0.0,1.0,6,165.0,0.35097789270156976,4,291.0,0.33921660024239764,2,21.0,0.25438246673335146,12,477.0
1345.0,13,532.0,9.851851851851851,7.479907242955755,0,0.0,1.0,6,199.0,0.47644159458151353,4,311.0,0.4697600462141799,3,36.0,0.24038096877022505,13,546.0
1350.0,9,385.0,7.7,6.674833005513511,0,0.0,1.0,1,27.0,0.6974070345344473,5,333.0,0.34476613116468546,3,51.0,0.24618718179063462,9,411.0
1355.0,11,432.0,8.64,6.301811609309792,0,0.0,1.0,2,11.0,0.5980335825028434,5,361.0,0.35340462155253244,4,67.0,0.0528184602551968,11,439.0
1360.0,11,477.0,9.54,6.682149037453735,0,0.0,1.0,2,21.0,0.3966242422072413,4,380.0,0.5746593728654616,4,87.0,0.23675786273193086,10,488.0
1365.0,12,537.0,10.959183673469388,6.646794419316856,0,0.0,1.0,3,39.0,0.40573229427757024,4,400.0,0.5785455120111223,4,107.0,0.313117149112167,11,546.0
1370.0,12,597.0,11.055555555555555,7.148379727240819,0,0.0,1.0,3,54.0,0.5649011347458454,4,420.0,0.5420689463266231,4,127.0,0.2855586184329634,11,601.0
1375.0,8,510.0,9.622641509433961,6.757757677287059,0,0.0,1.0,3,69.0,0.34828425717974537,4,437.0,0.5349794847995849,0,42.0,0.6082357304621094,7,548.0
1380.0,10,535.0,10.288461538461538,6.976344981603169,0,0.0,1.0,6,93.0,0.2233159149470546,4,466.0,0.5686369722661108,0,0.0,0.768307253326746,10,559.0
1385.0,13,589.0,11.549019607843137,6.465030041261336,0,0.0,1.0,6,123.0,0.2981184779921889,7,487.0,0.27021743598144554,0,0.0,0.9543253358239747,13,610.0
1390.0,15,551.0,10.596153846153847,5.174250755333241,0,0.0,1.0,3,79.0,0.21838188469433936,11,531.0,0.07638035167820684,0,0.0,0.9602879716403463,14,610.0
1395.0,15,597.0,11.264150943396226,6.283450574032557,0,0.0,1.0,1,10.0,0.5279353642162147,13,594.0,0.0664272870486869,0,0.0,0.8601077060194234,14,604.0
1400.0,14,331.0,6.365384615384615,6.341042191300951,0,0.0,1.0,1,10.0,0.5905353220722369,12,490.0,0.2140766576756298,0,0.0,0.9824670895387687,13,500.0
1405.0,11,187.0,3.5961538461538463,7.007944851099922,0,0.0,1.0,1,15.0,0.4753395439654797,10,254.0,0.3193045888558761,0,0.0,0.9956706180382442,11,269.0
1410.0,12,247.0,4.660377358490566,6.744331212987295,0,0.0,0.9694324666905457,2,25.0,0.3251171737965252,10,236.0,0.25039651513648276,0,0.0,0.7402116064789873,12,261.0
1415.0,15,319.0,6.254901960784314,5.783282928613417,0,0.0,0.9050410972403845,2,35.0,0.31985073442582634,12,295.0,0.16333271309317773,1,3.0,0.4881124348706256,15,333.0
1420.0,6,96.0,1.9591836734693877,5.483454306835672,0,0.0,1.0,2,45.0,0.2760941943402786,3,143.0,0.2729144199464974,1,8.0,0.4656247129298594,6,196.0
1425.0,5,80.0,1.5384615384615385,6.777021755420711,0,9.0,0.5733973611279305,3,66.0,0.26809898195503346,2,56.0,0.49186648104696085,0,0.0,0.9446506344012039,5,131.0
1430.0,4,35.0,0.6862745098039216,7.159160290598274,2,11.0,0.31809878998351504,0,9.0,0.7858266695787882,2,36.0,0.47695602526931397,0,0.0,0.9825596824087341,4,56.0
1435.0,5,59.0,1.1568627450980393,7.420534782039146,3,25.0,0.015909316186353332,0,9.0,0.9536333041873365,2,43.0,0.0,0,0.0,0.9702570632780866,5,77.0
1440.0,6,38.0,0.7450980392156863,7.596960708117921,5,45.0,0.004995903675827207,0,6.0,0.9466822991369648,0,32.0,0.6866387677103529,0,0.0,0.9094484993757278,5,83.0
1445.0,7,72.0,1.3333333333333333,7.7033174128953,6,74.0,0.0007461919317262501,0,6.0,0.9516431134061702,0,9.0,0.9639120590947293,0,0.0,0.9158130692325388,6,89.0
1450.0,9,105.0,1.9444444444444444,6.980835082803582,6,104.0,0.00013742109870852268,0,6.0,0.7635188640559167,1,10.0,0.5904317642080702,0,0.0,0.9139786037503606,7,120.0
1455.0,14,167.0,3.150943396226415,5.801474937242042,6,134.0,2.5148305016707205e-05,2,12.0,0.4786898681542793,2,19.0,0.6360336186531294,0,0.0,0.9488892721981074,10,165.0
1460.0,9,47.0,0.8703703703703703,5.0238899554378955,0,61.0,0.036743325960154775,4,52.0,0.2518598536965908,0,17.0,0.8017703114170937,0,0.0,0.6573647062962108,4,130.0
1465.0,9,65.0,1.1403508771929824,5.476967078454073,0,0.0,0.4707745586435058,6,82.0,0.28759569481031905,0,0.0,0.9591856918736641,1,3.0,0.6275259793941022,7,85.0
1470.0,8,87.0,1.5263157894736843,6.995600468448821,0,0.0,0.7127672010481786,7,114.0,0.28133905826293265,1,1.0,0.4777553930442233,0,0.0,0.9743691879176195,8,115.0
1475.0,11,139.0,2.43859649122807,6.944652195167507,0,0.0,1.0,10,139.0,0.2221709249849833,1,6.0,0.5175369756682919,0,0.0,0.9274836014335693,11,145.0
1480.0,17,197.0,3.3389830508474576,6.44603896379842,0,0.0,1.0,12,196.0,0.23157513863428142,1,1.0,0.040802388315239364,0,0.0,0.9466431356510976,13,197.0
1485.0,18,287.0,4.704918032786885,6.688030032783425,0,0.0,1.0,12,256.0,0.22783844398846467,1,6.0,0.008412515887645362,0,0.0,0.9453633265614918,13,262.0
1490.0,10,124.0,2.066666666666667,6.179507533133917,0,0.0,1.0,3,130.0,0.1983882006875157,2,15.0,0.00011481199529888143,0,0.0,0.9573111887739555,5,145.0
1495.0,12,161.0,2.875,5.844867328775656,0,0.0,1.0,3,69.0,0.3675815502057264,2,25.0,0.021672955308335202,0,0.0,0.916980021795148,5,94.0
1500.0,15,232.0,4.218181818181818,6.11450519709481,0,0.0,1.0,3,64.0,0.2427128036980705,3,45.0,0.5092164159018434,0,0.0,0.9378711416834445,6,109.0
1505.0,17,292.0,5.214285714285714,6.09317199771362,0,0.0,1.0,4,84.0,0.18819099161845887,3,60.0,0.5117459122687192,0,0.0,0.6542180787506987,7,144.0
1510.0,14,318.0,5.781818181818182,6.353388020228345,0,0.0,1.0,4,104.0,0.19801448017579681,3,75.0,0.5163707371537442,1,4.0,0.6396858724168153,8,183.0
1515.0,13,379.0,6.649122807017544,6.3889670741401146,0,0.0,1.0,4,124.0,0.19300047814538404,3,90.0,0.5340026559576786,0,0.0,0.9451532248399962,7,214.0
1520.0,11,231.0,4.277777777777778,6.110880624656551,0,0.0,1.0,0,48.0,0.39019289514718,3,108.0,0.5536249100593967,0,0.0,0.9197927916651504,3,156.0
1525.0,14,189.0,3.6346153846153846,6.368206275870741,0,0.0,1.0,0,0.0,0.9604151616743296,6,128.0,0.35418592509055996,0,0.0,0.9595216276213776,6,128.0
1530.0,10,162.0,3.056603773584906,6.591902991587724,0,0.0,1.0,0,5.0,0.9330930636272924,8,161.0,0.18118705702713042,0,0.0,0.9888286881846686,8,166.0
1535.0,10,196.0,3.5636363636363635,6.5263509896410365,0,0.0,1.0,0,5.0,0.7011138187478342,9,247.0,0.22931060166073136,0,0.0,0.9632133711059728,9,252.0
1540.0,14,257.0,4.7592592592592595,5.852786065147609,0,0.0,1.0,0,0.0,0.6910503437965356,10,250.0,0.07659872610284217,1,2.0,0.4734995597850545,11,252.0
1545.0,7,67.0,1.2407407407407407,6.128678985755588,0,0.0,1.0,1,3.0,0.6828665940687504,2,93.0,0.04230949442220457,1,7.0,0.6273834306743752,4,103.0
1550.0,6,74.0,1.3962264150943395,7.184809232291297,0,6.0,0.500910720662093,1,17.0,0.6630861270081799,1,58.0,0.6462578247698121,1,12.0,0.7171651956047982,3,93.0
1555.0,9,115.0,2.1296296296296298,7.46795369309635,0,0.0,0.760837513062004,2,27.0,0.7325887931487849,1,17.0,0.6633951418557961,1,5.0,0.5871650568231271,4,49.0
1560.0,8,70.0,1.2727272727272727,7.145874616108479,2,4.0,0.00088984928463612,3,46.0,0.6247374021847878,1,22.0,0.48393063114625534,0,0.0,0.9047264989384736,6,72.0
1565.0,11,122.0,2.259259259259259,6.747674165876516,2,14.0,7.876078167761594e-06,4,66.0,0.5970359249227851,2,36.0,0.5257760651445609,0,0.0,0.9418185679318034,8,116.0
1570.0,12,142.0,2.491228070175439,7.001479983971611,2,24.0,0.0,5,89.0,0.5145202611335941,3,47.0,0.4872467052351527,0,0.0,0.9289466950274505,10,160.0
1575.0,12,194.0,3.5272727272727273,7.267518095856402,2,34.0,0.0,5,114.0,0.5282726604449747,5,68.0,0.45222449828048034,0,0.0,0.9907544666221406,12,216.0
1580.0,16,259.0,4.980769230769231,6.339686648456483,2,44.0,0.0,5,136.0,0.4820223583285066,8,96.0,0.2311700371612109,0,0.0,0.9756510699331116,15,276.0
1585.0,15,205.0,3.9423076923076925,5.926219553917471,2,54.0,0.0,3,84.0,0.3962980365904805,9,134.0,0.176966147116976,0,0.0,0.770318154126474,14,272.0
1590.0,12,186.0,3.576923076923077,6.25836644242259,2,64.0,0.0,2,13.0,0.32303589609527894,4,104.0,0.1722347607776845,1,4.0,0.6180788808928139,9,185.0
1595.0,11,216.0,4.153846153846154,6.575566045415593,2,77.0,0.3262541026513641,4,36.0,0.28327132755463086,3,125.0,0.26315659157932797,2,10.0,0.33153689230279654,11,248.0
1600.0,13,278.0,5.56,6.1427276883663895,3,89.0,0.06770751394907046,5,64.0,0.4188291158943392,3,134.0,0.12701166401761063,2,20.0,0.3326220530842806,13,307.0
1605.0,14,284.0,5.3584905660377355,4.906711257708706,3,104.0,0.00636537221759541,1,31.0,0.5032428202987248,4,161.0,0.1911973886183002,2,30.0,0.25352640314751085,10,326.0
1610.0,14,314.0,6.1568627450980395,5.247602982808317,5,124.0,0.001495913080809744,1,24.0,0.7414955054824497,3,154.0,0.2370896889001229,0,0.0,0.7281967557492182,9,302.0
1615.0,17,394.0,7.88,5.8621910349292685,5,149.0,0.00032929595293369697,1,29.0,0.8059713112885614,3,168.0,0.4453220130658196,0,0.0,0.9661576825680878,9,346.0
1620.0,12,288.0,5.76,5.507738911655594,0,26.0,0.02463068423376724,1,34.0,0.6364540268465412,4,181.0,0.2852861130063643,0,0.0,0.8177850325419957,5,241.0
1625.0,11,295.0,5.462962962962963,6.291355642818612,0,0.0,1.0,2,14.0,0.4963501637614818,5,206.0,0.2728976908723008,0,0.0,0.9649440256539878,7,220.0
1630.0,11,338.0,6.377358490566038,6.59864418131569,0,0.0,1.0,4,33.0,0.29061755958934377,3,213.0,0.4813459933433031,0,0.0,0.9617366991291733,7,246.0
1635.0,11,278.0,5.245283018867925,6.540030712732212,0,0.0,1.0,7,66.0,0.28670376663796804,3,228.0,0.3833460377968658,1,2.0,0.46377433619667857,11,296.0
1640.0,12,335.0,6.090909090909091,6.56220793290174,0,0.0,0.376959773981657,7,101.0,0.36610737806277704,3,243.0,0.37855426437176015,2,9.0,0.26087832830010155,12,353.0
1645.0,13,346.0,6.407407407407407,6.24627622562881,2,7.0,0.14605140907819922,5,89.0,0.38888660631783556,3,255.0,0.2405329937470846,3,21.0,0.13760377048532627,13,372.0
1650.0,10,362.0,6.961538461538462,6.746187449287277,2,17.0,0.0169335948913291,4,130.0,0.5396217643010804,3,270.0,0.19698333171398932,0,0.0,0.9892753446211738,9,417.0
1655.0,11,406.0,8.458333333333334,6.700594130311619,2,27.0,0.006278521114660701,5,148.0,0.4740029567175352,4,328.0,0.39066945157264277,0,0.0,0.9431455625854301,11,503.0
1660.0,14,435.0,8.365384615384615,5.750620126493059,0,4.0,0.02337969495984127,5,130.0,0.24184549277149037,9,359.0,0.17142777182408253,0,0.0,0.9702952595549599,14,493.0
1665.0,14,504.0,9.882352941176471,6.202415697665759,0,0.0,1.0,6,156.0,0.16666733775374498,8,399.0,0.24527669669558297,0,0.0,0.9793207986578825,14,555.0
1670.0,12,522.0,10.235294117647058,5.916512412435825,0,0.0,1.0,7,187.0,0.1064916002943315,4,372.0,0.41233465667737806,1,2.0,0.6530466381887493,12,561.0
1675.0,14,587.0,11.509803921568627,5.662825477256286,0,0.0,1.0,9,230.0,0.1464879025902298,4,392.0,0.31189067518180746,1,7.0,0.6462772575475743,14,629.0
1680.0,14,655.0,12.843137254901961,6.359443609993541,0,0.0,1.0,8,289.0,0.31516014963031413,5,415.0,0.26908047973709553,1,12.0,0.6867187964409275,14,716.0
1685.0,16,728.0,13.735849056603774,5.916529909912051,0,0.0,1.0,8,329.0,0.3334586799497861,5,437.0,0.11989397463739478,2,19.0,0.4663197642273293,15,785.0
1690.0,13,496.0,9.72549019607843,5.522815097665702,0,0.0,1.0,9,355.0,0.22278477101302274,3,311.0,0.034713837956321984,0,0.0,0.50491265827938,12,666.0
1695.0,12,433.0,8.169811320754716,6.713195786578716,0,0.0,1.0,10,405.0,0.2531295412370172,1,87.0,0.44472202163852564,0,0.0,0.9843286665907804,11,492.0
1700.0,13,487.0,9.018518518518519,6.919948721045506,0,0.0,1.0,10,455.0,0.31015642013740985,3,80.0,0.16276805185028237,0,0.0,0.9640646220301018,13,535.0
1705.0,17,561.0,10.788461538461538,5.73040919440618,0,0.0,1.0,11,506.0,0.15651424708261957,5,101.0,0.0007567806186683273,0,0.0,0.9274035857500339,16,607.0
1710.0,18,599.0,11.30188679245283,5.466553879060838,0,0.0,1.0,13,566.0,0.11664436285082612,4,44.0,0.17617884822037486,0,0.0,0.9417002072218874,17,610.0
1715.0,20,696.0,12.88888888888889,5.275121303138278,0,0.0,1.0,14,635.0,0.15395369661945194,5,67.0,9.966156899888187e-06,0,0.0,0.9763100039256104,19,702.0
1720.0,23,808.0,15.843137254901961,4.5395788207037056,0,0.0,1.0,15,710.0,0.13901107894888767,5,92.0,0.0,1,2.0,0.618240738129591,21,804.0
1725.0,13,253.0,4.96078431372549,4.155242340488191,0,0.0,1.0,5,280.0,0.10916839022063528,5,132.0,0.2683933920889667,1,7.0,0.6157755619146926,11,419.0
1730.0,11,243.0,4.584905660377358,5.109278042005733,0,0.0,1.0,4,124.0,0.23815820455152692,5,142.0,0.0,2,14.0,0.38857388332948123,11,280.0
1735.0,10,281.0,5.30188679245283,6.52170833486253,0,0.0,1.0,4,113.0,0.38108213630207494,5,176.0,0.4003747408243014,1,7.0,0.4532469192261817,10,296.0
1740.0,11,332.0,6.384615384615385,6.70775691281115,0,0.0,1.0,5,134.0,0.16155093468391127,5,204.0,0.5705487116586856,1,12.0,0.47291859422396143,11,350.0
1745.0,11,387.0,7.166666666666667,6.877262961434406,0,0.0,1.0,5,159.0,0.15966624732188098,5,229.0,0.5189968094674593,1,17.0,0.4716390750770064,11,405.0
1750.0,13,444.0,8.072727272727272,6.720947064168096,0,0.0,1.0,5,184.0,0.27307517644347234,6,255.0,0.5019998705816905,1,22.0,0.6453517402217424,12,461.0
1755.0,9,284.0,5.3584905660377355,6.501501920395903,0,0.0,1.0,6,210.0,0.137727291400653,1,113.0,0.6392924052459742,1,27.0,0.6082730029092159,8,350.0
1760.0,8,273.0,5.25,7.049262248166944,0,0.0,1.0,6,249.0,0.2774146067276198,0,49.0,0.8074478538754535,2,33.0,0.3233815637953017,8,331.0
1765.0,9,313.0,5.796296296296297,7.413536193104716,0,0.0,0.589657900679347,7,279.0,0.37734456037363906,0,0.0,0.9805452449539399,2,43.0,0.4842204719278808,9,322.0
1770.0,9,112.0,2.1132075471698113,6.614599287831733,3,8.0,0.10455615544991863,3,162.0,0.48520853974514466,0,0.0,0.9465810128804165,2,53.0,0.35303773405053956,8,223.0
1775.0,9,120.0,2.3076923076923075,6.027957659329876,3,23.0,0.015586512242761114,2,38.0,0.7094387610991124,1,2.0,0.20518028257519524,2,63.0,0.25778456541558065,8,126.0
1780.0,6,122.0,2.44,6.08749306201926,0,3.0,0.026848770044995526,2,48.0,0.707886610298156,2,13.0,0.35530502569859246,2,73.0,0.23916723046659305,6,137.0
1785.0,7,157.0,3.019230769230769,7.155910106098805,0,0.0,1.0,2,58.0,0.7444437593068537,2,23.0,0.45465560374905223,3,88.0,0.3542595386546232,7,169.0
1790.0,9,194.0,3.5925925925925926,7.38603725327916,0,0.0,1.0,3,81.0,0.49997636452459443,2,36.0,0.5576243769976257,4,104.0,0.2571225540335989,9,221.0
1795.0,8,124.0,2.2962962962962963,6.697450884683469,0,0.0,1.0,5,103.0,0.22122435128266899,3,48.0,0.37943008647494664,0,14.0,0.6510843559654903,8,165.0
1800.0,8,137.0,2.6862745098039214,6.6664948734094205,0,0.0,1.0,7,120.0,0.06756785521360795,1,39.0,0.5405363015547368,0,0.0,0.9259766515592023,8,159.0
1805.0,13,187.0,3.4,6.489314802550385,0,0.0,1.0,10,162.0,0.02831517674875877,3,41.0,0.25642358655167236,0,0.0,0.9452970260985506,13,203.0
1810.0,16,257.0,4.9423076923076925,6.434856275590681,0,0.0,1.0,9,201.0,0.06807382890284783,6,70.0,0.05467390965188016,0,0.0,0.9756694957525391,15,271.0
1815.0,17,334.0,6.816326530612245,6.17491979054857,0,0.0,1.0,9,252.0,0.2608767920802928,7,103.0,9.022697862147423e-06,1,1.0,0.5014366561571286,17,356.0
1820.0,11,292.0,5.7254901960784315,6.071620740196076,0,0.0,1.0,9,297.0,0.27874277740381953,0,11.0,0.38528438413884886,1,6.0,0.6427746911929209,10,314.0
1825.0,13,353.0,7.354166666666667,6.13363019888439,0,3.0,0.7630179920626772,9,345.0,0.2726130886302712,0,0.0,0.6389652358329463,2,12.0,0.31054667690250143,11,360.0
1830.0,14,422.0,8.612244897959183,5.99524860422597,0,3.0,0.0229105065425787,9,390.0,0.3316906698940392,1,4.0,0.6153509584328533,2,22.0,0.32158763328436174,12,419.0
1835.0,16,501.0,10.02,5.8866954144031,2,12.0,7.563493246310835e-06,9,435.0,0.359208460509436,1,9.0,0.6431064635118066,2,32.0,0.3212803221327339,14,488.0
1840.0,13,485.0,9.150943396226415,5.058596998873042,2,22.0,0.0,10,481.0,0.2801951255621519,1,3.0,0.2839185880888534,0,0.0,0.9655387448473072,13,506.0
1845.0,14,554.0,10.25925925925926,5.522094252910512,2,35.0,0.2615813329480456,11,535.0,0.2843877981118447,1,12.0,0.5314295720007165,0,0.0,0.9333032692300718,14,582.0
1850.0,18,634.0,11.527272727272727,5.267702072330421,3,47.0,0.0010507073978654263,12,595.0,0.2823054511158449,3,20.0,0.2334834827585317,0,0.0,0.9703063079371568,18,662.0
1855.0,19,728.0,12.771929824561404,4.98650827317255,3,62.0,0.0,13,656.0,0.18748021555832414,3,35.0,0.19059870829085665,0,0.0,0.9455797378095219,19,753.0
1860.0,18,805.0,14.12280701754386,4.988732641962154,3,77.0,0.0,14,726.0,0.1498977175698594,1,23.0,0.010345011468381059,0,0.0,0.9608685895158537,18,826.0
1865.0,18,819.0,14.368421052631579,4.928327928365447,0,4.0,0.0709393282873587,16,807.0,0.14155619268147002,1,26.0,0.0,0,0.0,0.9731013499725994,17,837.0
1870.0,19,901.0,15.271186440677965,5.118780123958144,0,0.0,1.0,17,886.0,0.22011651829890508,1,31.0,0.0,0,0.0,0.9868974020887895,18,917.0
1875.0,11,138.0,2.225806451612903,5.26295010977878,0,0.0,1.0,8,410.0,0.2638284824482564,1,36.0,0.0,0,0.0,0.9205926673342024,9,446.0
1880.0,7,119.0,1.9193548387096775,6.300010084458108,0,0.0,1.0,2,116.0,0.452478820658165,1,41.0,0.0,1,3.0,0.48027317122383856,4,160.0
1885.0,9,136.0,2.2666666666666666,7.440878629401051,0,0.0,1.0,4,76.0,0.5543889349898814,1,55.0,0.7019803854385066,1,8.0,0.48714008284570476,6,139.0
1890.0,6,134.0,2.19672131147541,7.641537969314395,0,0.0,1.0,4,86.0,0.5355570840139394,1,60.0,0.8303612348076751,0,0.0,0.9668123728617088,5,146.0
1895.0,8,165.0,2.7049180327868854,8.056285634201691,0,0.0,1.0,4,128.0,0.4137290780658123,1,68.0,0.8132925970280681,0,0.0,0.9527029874825601,5,196.0
1900.0,8,148.0,2.466666666666667,7.835855527453895,0,0.0,1.0,5,152.0,0.3554934573595767,0,12.0,0.7987477074554945,0,0.0,0.9394053816345322,5,164.0
1905.0,10,197.0,3.581818181818182,7.666394091267901,0,3.0,0.9390812971190725,5,170.0,0.33025038522039407,2,21.0,0.7957612541240802,0,0.0,0.9608596664716026,7,194.0
1910.0,10,214.0,4.196078431372549,6.391085674198067,0,0.0,1.0,5,195.0,0.2513091298179784,3,32.0,0.45192836964268013,0,0.0,0.9958195905324254,8,227.0
1915.0,9,85.0,1.7708333333333333,5.463617494216073,0,0.0,1.0,3,89.0,0.25056038403200287,6,57.0,0.23371296483609985,0,0.0,0.9426561133009224,9,146.0
1920.0,8,79.0,1.7555555555555555,6.036269408409563,0,0.0,1.0,0,26.0,0.4737454830744389,7,89.0,0.16217090771408083,1,2.0,0.48317311370638977,8,117.0
1925.0,10,124.0,2.9523809523809526,6.131705348554484,0,0.0,1.0,0,18.0,0.8060679066734094,9,129.0,0.16139812447568008,1,7.0,0.4930192773831483,10,154.0
1930.0,14,184.0,4.088888888888889,5.895424397916797,0,0.0,1.0,1,1.0,0.6227537252703692,11,182.0,0.21568310665541504,1,12.0,0.6155614489065419,13,195.0
1935.0,15,251.0,5.5777777777777775,5.962375261745302,0,0.0,1.0,0,4.0,0.7149049280471617,12,238.0,0.2676155737125444,2,19.0,0.31253365009885686,14,261.0
1940.0,17,327.0,7.108695652173913,5.621971907507688,0,0.0,1.0,0,0.0,0.9322333168453416,12,298.0,0.2940211485740704,2,29.0,0.31359206344806845,14,327.0
1945.0,10,116.0,2.4680851063829787,5.601715496980266,0,0.0,1.0,1,6.0,0.6659359857575717,5,153.0,0.35583405993302136,2,39.0,0.32990988765726365,8,198.0
1950.0,6,92.0,1.8775510204081634,6.241101011488142,0,3.0,0.5336070197713916,1,14.0,0.6383243246529242,1,85.0,0.48320102857915087,2,49.0,0.34875774938977483,4,151.0
1955.0,3,69.0,1.38,7.284152533189115,0,9.0,0.3422127153679076,0,11.0,0.9462621200117157,1,14.0,0.6422056683897934,2,59.0,0.38412455738985407,3,93.0
1960.0,7,101.0,2.148936170212766,6.5359556136494374,3,24.0,0.08751059856984418,0,6.0,0.9684722272070698,1,15.0,0.6920936744249735,3,71.0,0.39965621551606484,7,116.0
1965.0,6,112.0,2.24,5.517065318068563,0,1.0,0.05048129534605345,0,6.0,0.9509372183975403,2,23.0,0.3292070799950903,3,86.0,0.46771758381194295,5,116.0
1970.0,11,158.0,3.16,5.422544530973251,0,0.0,0.13729892323654908,1,7.0,0.7809383661353086,4,69.0,0.2966057091716535,3,101.0,0.42928798930473094,8,177.0
1975.0,15,227.0,4.54,5.381960178581527,0,0.0,0.3607120260992558,1,12.0,0.6222354197932514,5,65.0,0.11964453407970714,4,120.0,0.31499321188440893,10,197.0
1980.0,20,312.0,6.117647058823529,5.21823463002315,0,0.0,1.0,4,24.0,0.24534104113691702,6,92.0,0.00012333380812644694,5,141.0,0.15984870198555867,15,257.0
1985.0,18,372.0,7.294117647058823,5.519137620778884,0,0.0,1.0,4,44.0,0.38781290156605713,6,122.0,1.4729001170596695e-06,5,166.0,0.14227943936030096,15,332.0
1990.0,20,467.0,8.81132075471698,5.0764961291515025,0,0.0,1.0,5,67.0,0.316124342872612,6,152.0,0.0,5,191.0,0.1404066350508248,16,410.0
1995.0,12,417.0,8.510204081632653,5.552300512426248,0,0.0,1.0,1,19.0,0.6255870052890449,6,182.0,0.0,5,216.0,0.14347922390410214,12,417.0
2000.0,14,485.0,9.89795918367347,5.584020592836658,0,0.0,1.0,2,27.0,0.39177850626951577,6,212.0,0.0,6,246.0,0.12628425402326993,14,485.0
2005.0,13,418.0,9.5,5.640256381623024,0,0.0,1.0,4,43.0,0.19788609004588611,3,144.0,0.4156996965602602,6,276.0,0.18303315631863368,13,463.0
2010.0,12,440.0,10.0,6.636449978486862,0,0.0,1.0,4,63.0,0.19822092113450143,2,95.0,0.6756783897255614,6,306.0,0.18844556434433074,12,464.0
2015.0,9,418.0,9.28888888888889,6.911050492734335,0,0.0,1.0,0,24.0,0.47051844958491296,3,35.0,0.5512910003364121,6,336.0,0.1297498716623302,9,395.0
2020.0,5,147.0,3.0625,7.385260934245518,0,0.0,1.0,0,0.0,0.7625880542283374,3,50.0,0.47023514528797333,1,134.0,0.2644049620517446,4,184.0
2025.0,4,114.0,2.4782608695652173,7.863696319263636,0,0.0,1.0,1,2.0,0.7674259589117345,3,77.0,0.5555438273990634,0,50.0,0.57787397189137,4,129.0
2030.0,7,138.0,3.1363636363636362,7.182540197238695,0,0.0,1.0,1,28.0,0.7365942494270116,6,96.0,0.28168418386398425,0,0.0,0.9233500246503069,7,124.0
2035.0,9,177.0,3.847826086956522,5.677461314648082,0,0.0,1.0,2,33.0,0.24310266362802221,7,130.0,0.09475546796831956,0,0.0,0.9493163796889847,9,163.0
2040.0,12,226.0,4.913043478260869,5.8159307752433955,0,0.0,1.0,2,21.0,0.13582165099853402,10,170.0,0.12321349811731142,0,0.0,0.9486956613377348,12,191.0
2045.0,5,68.0,1.446808510638298,6.191230000302946,0,0.0,1.0,2,31.0,0.321424863779225,3,84.0,0.19879623931007423,0,0.0,0.9160761190979966,5,115.0
2050.0,4,79.0,1.6122448979591837,7.307638932702911,0,9.0,0.6203518209603467,2,66.0,0.545423940799178,1,65.0,0.4363985250272987,1,2.0,0.6306245919621137,4,142.0
2055.0,3,50.0,0.9803921568627451,7.722376368015437,0,0.0,0.6160262034370861,0,25.0,0.8196207674194398,2,62.0,0.40851449306591087,1,7.0,0.7037623433031674,3,94.0
2060.0,4,60.0,1.2,8.20403363466847,0,0.0,1.0,0,9.0,0.8464985094115659,3,76.0,0.39474810083974554,0,0.0,0.4961992817563697,3,85.0
2065.0,7,88.0,1.6923076923076923,8.147587551500807,0,0.0,0.9540607009861614,2,15.0,0.7142517433970077,4,102.0,0.41849268461566796,0,0.0,0.9826700420093021,6,117.0
2070.0,12,134.0,2.5283018867924527,6.861476808052041,0,0.0,1.0,3,27.0,0.6767245893605259,8,131.0,0.2247919963609379,0,0.0,0.9792292283908146,11,158.0
2075.0,10,152.0,2.7636363636363637,7.409681467086323,0,0.0,1.0,0,15.0,0.854190479895953,10,180.0,0.22305836628381062,0,0.0,0.9771003392405386,10,195.0
2080.0,12,205.0,3.8679245283018866,7.104667556524877,0,0.0,1.0,1,11.0,0.655755853929059,10,230.0,0.22001567710459835,1,1.0,0.47043918050763284,12,242.0
2085.0,14,257.0,4.849056603773585,6.318991968108266,0,0.0,1.0,4,25.0,0.31513967149987354,9,263.0,0.2212136424267502,1,6.0,0.47123693983794207,14,294.0
2090.0,15,330.0,6.226415094339623,6.150267812018354,0,0.0,1.0,4,45.0,0.13735345490892925,10,311.0,0.12285147059371533,1,5.0,0.641908162267376,15,361.0
2095.0,11,349.0,6.584905660377358,5.941921318897129,0,0.0,1.0,0,7.0,0.3328080894885481,10,361.0,0.07866598290550929,1,10.0,0.32172974444363983,11,378.0
2100.0,12,409.0,7.865384615384615,6.25148960747915,0,0.0,1.0,0,0.0,0.745591920527087,10,412.0,0.005392243709197071,2,20.0,0.3298185786250722,12,432.0
2105.0,7,308.0,5.923076923076923,6.730524032220487,0,0.0,1.0,0,0.0,0.5716190154817958,5,337.0,0.22012617475223217,2,30.0,0.3191165003040652,7,367.0
2110.0,9,350.0,6.363636363636363,7.324345026588391,0,9.0,0.6909597792156451,2,13.0,0.548793601283696,5,322.0,0.3632763862998425,2,40.0,0.3085740474414125,9,384.0
2115.0,9,395.0,7.053571428571429,7.532745638521415,0,6.0,0.2833007316999189,2,23.0,0.6461068656190104,5,347.0,0.36445398556809777,2,50.0,0.4066289830834611,9,426.0
2120.0,7,374.0,6.8,6.907461135157581,0,0.0,1.0,2,33.0,0.500054070966794,5,372.0,0.3640805377635081,0,0.0,0.9608502781917969,7,405.0
2125.0,8,237.0,4.388888888888889,7.423251128206329,0,0.0,1.0,3,48.0,0.622764411691517,3,274.0,0.4630020797576393,0,0.0,0.9606097540303041,6,322.0
2130.0,7,65.0,1.25,7.487912006660446,0,0.0,1.0,3,63.0,0.4176335196004723,4,147.0,0.270167403203592,0,0.0,0.95750412804989,7,210.0
2135.0,11,109.0,2.2244897959183674,7.540011817927417,0,0.0,1.0,5,82.0,0.4366355245599279,6,50.0,0.30663866970891074,0,0.0,0.9431947362536617,11,132.0
2140.0,11,164.0,3.4166666666666665,7.127123894085901,0,0.0,1.0,5,104.0,0.35711990186985443,6,77.0,0.28018321110146294,0,0.0,0.986669665636464,11,181.0
2145.0,12,222.0,4.723404255319149,6.749214000705781,0,0.0,1.0,5,131.0,0.38236260209109996,7,110.0,0.20316234356776636,0,0.0,0.9818642540928977,12,241.0
2150.0,14,287.0,5.979166666666667,6.695973007202395,0,0.0,1.0,5,156.0,0.358341720264814,9,150.0,0.1791728393871058,0,0.0,0.4721407479310802,14,306.0
2155.0,8,191.0,4.1521739130434785,6.356046889161076,0,0.0,1.0,5,176.0,0.2877086619417009,1,26.0,0.36263403691680735,1,5.0,0.464932876610357,7,207.0
2160.0,11,240.0,5.1063829787234045,6.66326389966896,0,6.0,0.5368056144780209,6,211.0,0.31732916111528386,3,18.0,0.33647385900834065,1,10.0,0.47393747627493854,10,245.0
2165.0,12,282.0,5.529411764705882,5.72402893256423,1,10.0,0.1310920296625263,6,244.0,0.3833208557223151,4,34.0,0.19379675957821424,0,0.0,0.9873124774955451,11,288.0
2170.0,16,361.0,7.22,6.047369417547559,3,25.0,0.010692922467559452,7,278.0,0.3962738799625722,4,57.0,0.3575520342869027,0,0.0,0.975252703402625,14,360.0
2175.0,17,441.0,8.647058823529411,5.96535778053487,3,40.0,0.0027934824987187155,8,313.0,0.45070775343626057,4,74.0,0.31282712643771476,0,0.0,0.996113602548244,15,427.0
2180.0,18,476.0,8.814814814814815,4.908666572428757,4,58.0,0.0006541644222494075,7,342.0,0.45228092407491727,3,62.0,0.2698427563762549,0,0.0,0.9832400981354652,14,462.0
2185.0,17,323.0,5.981481481481482,5.356230352966354,4,78.0,0.00016418985257695795,4,234.0,0.5452988110758823,5,58.0,4.839368743671233e-05,0,0.0,0.9936612125047253,13,370.0
2190.0,12,208.0,3.6491228070175437,6.519125996361213,4,98.0,2.5755996533342235e-05,2,89.0,0.5776585506922749,5,83.0,0.20085593743538538,0,0.0,0.9853265603268208,11,270.0
2195.0,18,278.0,4.87719298245614,6.015597176704182,4,118.0,3.767460337039661e-06,5,54.0,0.45123077329418015,7,122.0,0.28846269339020025,0,0.0,0.9464961456827057,16,294.0
2200.0,20,374.0,6.56140350877193,5.309197901658831,4,138.0,0.0,5,79.0,0.3016470227160059,8,159.0,0.34444978130638965,0,0.0,0.7019098237713473,17,376.0
2205.0,17,380.0,6.666666666666667,4.837847224357653,4,158.0,0.0,0,5.0,0.2616504321780816,9,201.0,0.3357071049479671,0,0.0,0.94194513366193,13,364.0
2210.0,17,465.0,7.88135593220339,5.687630084183535,4,178.0,0.0,0,0.0,0.6919452055414771,9,247.0,0.341250155544248,0,0.0,0.9458363602486493,13,425.0
2215.0,18,551.0,9.032786885245901,6.128722957168141,4,198.0,0.0,0,0.0,0.9577379240752645,10,299.0,0.36222970612167216,0,0.0,0.9698946385614086,14,497.0
2220.0,17,529.0,8.672131147540984,6.07773292524001,4,218.0,0.0,0,0.0,0.6287603511618655,9,289.0,0.36686850893885314,0,0.0,0.9572290423731624,13,507.0
2225.0,14,481.0,8.43859649122807,6.181825816432348,4,238.0,0.0,1,5.0,0.6507055906196496,5,223.0,0.3619970509109662,0,0.0,0.9534460406163291,10,466.0
2230.0,15,313.0,5.491228070175438,6.062595005047716,0,52.0,0.4884833064627079,1,10.0,0.7078639610619373,8,166.0,0.3296709364318316,1,2.0,0.672634895507913,10,230.0
2235.0,17,391.0,6.859649122807017,6.284803782917757,0,52.0,0.24811133878304314,1,15.0,0.8083605510594873,8,206.0,0.31701197409956083,1,7.0,0.7625278468930258,10,280.0
2240.0,10,219.0,4.132075471698113,6.596511037370797,0,0.0,1.0,1,20.0,0.8047297949479714,2,85.0,0.45492450479535157,1,12.0,0.7726556591235004,4,117.0
2245.0,9,141.0,2.7115384615384617,6.957142577573406,0,3.0,0.6547439671072718,2,30.0,0.5922186944670788,4,76.0,0.46148767510315253,0,0.0,0.9253250950368914,6,109.0
2250.0,6,133.0,2.5576923076923075,7.645465017923325,0,3.0,0.3496114842291118,2,43.0,0.6758632189575747,4,96.0,0.4531400568414524,0,0.0,0.9341487065180388,6,142.0
2255.0,9,175.0,3.1818181818181817,7.876713812996815,2,13.0,0.02262110182040546,2,56.0,0.7367559686129597,5,118.0,0.34853447978471563,0,0.0,0.9700198056915574,9,187.0
2260.0,11,226.0,4.52,7.202111086800164,2,23.0,0.23945226532826108,4,72.0,0.574438611051877,5,143.0,0.16578999267788644,0,0.0,0.9585101134294515,11,238.0
2265.0,11,221.0,4.604166666666667,6.802548362293231,4,40.0,0.0007253087970743226,2,25.0,0.7218250231030758,5,168.0,0.3033422881929341,0,0.0,0.935770981840496,11,233.0
2270.0,8,221.0,4.604166666666667,6.491692185526172,0,8.0,0.0385817678793708,2,35.0,0.5317923079376633,6,195.0,0.1052174932153541,0,0.0,0.9521807505427089,8,238.0
2275.0,12,274.0,5.591836734693878,5.623163898367366,0,0.0,1.0,4,51.0,0.39888180483842633,7,231.0,0.2134887255008814,0,0.0,0.9716762924852692,11,282.0
2280.0,13,329.0,7.0,5.637728345855026,0,0.0,1.0,5,73.0,0.4281742671493205,8,267.0,0.1023364461679252,0,0.0,0.965852745351578,13,340.0
2285.0,15,402.0,8.553191489361701,5.971412814566942,0,0.0,1.0,7,104.0,0.392990591788829,8,307.0,0.10162163304457404,0,0.0,0.9332006837053387,15,411.0
2290.0,13,448.0,8.784313725490197,6.160979142699238,0,0.0,1.0,7,139.0,0.28625829883889264,6,318.0,0.1297672823068575,0,0.0,0.9736628427987399,13,457.0
2295.0,14,516.0,9.923076923076923,6.085291244360748,0,0.0,1.0,8,180.0,0.2084150862720261,6,348.0,0.23198331329639948,0,0.0,0.5476027270882456,14,528.0
2300.0,15,588.0,11.76,6.384837812799463,0,0.0,1.0,9,222.0,0.19748318399956932,6,375.0,0.2248526089251504,0,0.0,0.9586374156814292,15,597.0
2305.0,9,427.0,8.056603773584905,6.2943241246223005,0,0.0,1.0,2,74.0,0.2088009481845153,6,408.0,0.2742685111874991,0,0.0,0.9921571749440874,8,482.0
2310.0,8,328.0,6.56,6.314189010940705,0,0.0,1.0,1,29.0,0.45080644702189043,7,391.0,0.10880662560392729,0,0.0,0.9307205946626584,8,420.0
2315.0,6,309.0,6.18,7.415516257614806,0,0.0,1.0,1,26.0,0.6394503702622151,5,319.0,0.4045317845216357,0,0.0,0.9921319721359609,6,345.0
2320.0,8,344.0,7.020408163265306,7.239289138134543,0,0.0,0.11082780556800166,1,31.0,0.6315173253133745,6,358.0,0.42649211151812694,0,0.0,0.9739750913704038,7,389.0
2325.0,14,373.0,7.173076923076923,6.706395685345985,1,4.0,0.3942116592759359,1,4.0,0.6415378646110674,7,353.0,0.39469593815170567,0,0.0,0.9527134552106842,9,361.0
2330.0,8,156.0,3.12,6.6467905857187155,2,10.0,0.0018026360381035967,1,9.0,0.5637128852351025,5,260.0,0.3515523886020136,0,0.0,0.9996559749243544,8,279.0
2335.0,8,98.0,2.1777777777777776,7.1981224362063205,2,20.0,0.0,2,18.0,0.31237089162637605,4,92.0,0.4800780873217322,0,0.0,0.9847390722402338,8,130.0
2340.0,9,139.0,3.3095238095238093,7.516757067049991,2,30.0,4.213241924329755e-06,2,28.0,0.46899538312744143,5,93.0,0.4176506630999637,0,0.0,0.9591782518848,9,151.0
2345.0,14,197.0,4.4772727272727275,5.891432051429482,2,40.0,0.0,3,41.0,0.37786575901359787,7,122.0,0.14766500919924866,0,0.0,0.6965965818995737,12,203.0
2350.0,8,94.0,2.088888888888889,5.388496718913301,0,0.0,1.0,3,56.0,0.47381421747635794,2,29.0,0.030876919240225138,1,5.0,0.6549013344911851,6,90.0
2355.0,10,142.0,3.1555555555555554,6.381090581935595,0,6.0,0.7487388185175342,3,77.0,0.5066842202877145,2,30.0,0.0,1,10.0,0.42876099170948273,6,123.0
2360.0,10,182.0,3.7916666666666665,6.377126042937992,0,0.0,0.8838753609423957,4,97.0,0.5298007144648262,2,40.0,0.0,0,0.0,0.9691603125135742,6,137.0
2365.0,12,241.0,5.239130434782608,6.4426891045987285,0,0.0,1.0,4,166.0,0.6140234320281923,2,53.0,0.1791014391950778,0,0.0,0.9597255543690301,6,219.0
2370.0,10,224.0,4.76595744680851,6.351093385986791,0,0.0,1.0,4,123.0,0.45238433443428916,2,43.0,0.30735763451623443,0,0.0,0.9349748975652763,6,166.0
2375.0,12,273.0,6.066666666666666,6.209415093977096,0,0.0,1.0,6,155.0,0.3760201652364431,3,56.0,0.24256918008817172,0,0.0,0.9772432992693972,9,211.0
2380.0,12,333.0,6.9375,6.874417175258177,0,0.0,1.0,6,185.0,0.42467630591084715,3,74.0,0.3962602821724152,0,0.0,0.9568210355680373,9,259.0
2385.0,13,395.0,8.58695652173913,6.095016501298292,0,0.0,1.0,7,207.0,0.1967131730223097,3,89.0,0.3812633456712583,0,0.0,0.7224526234052137,10,296.0
2390.0,4,64.0,1.391304347826087,6.349411883874106,0,0.0,1.0,1,39.0,0.28778010284926603,2,45.0,0.42552139366873626,1,4.0,0.6327835201410328,4,88.0
2395.0,4,84.0,1.75,7.94939395391135,0,0.0,1.0,1,29.0,0.7151488567379278,2,55.0,0.5563219728309514,1,9.0,0.5829142143387503,4,93.0
2400.0,4,104.0,2.122448979591837,8.127562178743535,0,0.0,1.0,1,34.0,0.7345465692322124,2,74.0,0.6111204832333146,1,14.0,0.45359557189424665,4,122.0
2405.0,3,105.0,2.234042553191489,8.121678076426054,0,0.0,0.7237557687104297,1,39.0,0.7483884267217741,2,84.0,0.6692466959085247,0,0.0,0.6464681571792242,3,123.0
2410.0,5,127.0,2.702127659574468,7.660045799660553,1,2.0,0.0006476321299755864,1,44.0,0.5358852611890713,3,102.0,0.5345659232131516,0,0.0,0.9616937808489003,5,148.0
2415.0,9,162.0,3.4468085106382977,7.112565511446344,1,7.0,0.0,3,54.0,0.4737936860962642,5,122.0,0.440031135799965,0,0.0,0.9415450786081022,9,183.0
2420.0,10,209.0,4.543478260869565,6.780075629122586,1,12.0,0.0,4,71.0,0.305489584307021,5,147.0,0.5074344273983957,0,0.0,0.9513994016396407,10,230.0
2425.0,11,264.0,6.0,6.167722997523125,1,17.0,0.0,4,103.0,0.2787953832000543,6,174.0,0.3602942857729528,0,0.0,0.9446361624293651,11,294.0
2430.0,13,323.0,7.177777777777778,5.336876490304904,1,22.0,0.0,4,112.0,0.3425024867618437,7,207.0,0.18183278956790797,0,0.0,0.9390332877921931,12,341.0
2435.0,15,368.0,7.829787234042553,5.49342434392376,0,0.0,1.0,5,136.0,0.30833466588979375,10,254.0,0.14487705807280551,0,0.0,0.930960914545631,15,390.0
2440.0,17,449.0,9.76086956521739,5.37007060711907,0,0.0,1.0,5,158.0,0.26958221550615613,11,308.0,0.13904665241459158,1,2.0,0.6356514037364809,17,468.0
2445.0,21,547.0,11.638297872340425,4.927068325197229,0,0.0,1.0,7,190.0,0.12459629153621417,12,367.0,0.09586438855954156,1,7.0,0.5665902244948414,20,564.0
2450.0,18,553.0,11.06,4.918746756436222,0,0.0,1.0,4,155.0,0.1912206354519821,12,427.0,0.07328336418954161,2,15.0,0.2686082564503922,18,597.0
2455.0,18,633.0,12.66,5.748763132563571,0,0.0,1.0,3,135.0,0.3584783816180962,13,492.0,0.12399789795657343,2,25.0,0.19196062082636797,18,652.0
2460.0,19,725.0,15.104166666666666,5.430080798317356,0,0.0,0.906417079899625,3,150.0,0.23234790932732916,13,554.0,0.025565997929439376,2,35.0,0.2379639627015205,18,739.0
2465.0,20,816.0,16.32,4.895771939276933,1,2.0,0.0014760595427220273,3,165.0,0.2455333812611749,13,619.0,0.0027994746160800725,3,46.0,0.2507069992939689,20,832.0
2470.0,19,864.0,16.30188679245283,5.4295504858153505,1,7.0,0.0,2,159.0,0.40179454799226366,14,685.0,0.06574732948650926,2,29.0,0.4167386493355391,19,880.0
2475.0,18,938.0,17.69811320754717,5.397381431091016,0,0.0,1.0,2,169.0,0.3271027624304946,14,758.0,0.12612852910601563,1,29.0,0.5415281287743529,17,956.0
2480.0,19,1030.0,19.807692307692307,5.172249772413001,0,0.0,1.0,2,179.0,0.5541899389581769,14,831.0,0.15478477058913015,2,35.0,0.3322603528977101,18,1045.0
2485.0,8,343.0,6.471698113207547,5.638718316738313,0,0.0,1.0,2,189.0,0.6972550668078632,4,423.0,0.16180293732600687,2,45.0,0.4736539184612749,8,657.0
2490.0,5,261.0,4.578947368421052,6.727961768103889,0,6.0,0.5989864865407823,2,205.0,0.507417188337301,1,137.0,0.37729642182543605,2,55.0,0.482536104143366,5,403.0
2495.0,6,290.0,5.178571428571429,7.010113961809517,0,9.0,0.28989477695534377,3,222.0,0.6432370500051641,1,15.0,0.7277484770402377,2,65.0,0.30553132702025704,6,311.0
2500.0,9,334.0,5.964285714285714,6.949605177368914,3,23.0,0.05176035178837173,3,237.0,0.7318933528548851,1,20.0,0.7154876552602448,2,75.0,0.2451377395015682,9,355.0
2505.0,11,360.0,6.315789473684211,6.536005392719597,5,40.0,0.012281659695519104,3,252.0,0.7178436374878602,1,1.0,0.6576335049798324,2,85.0,0.18922096186595838,11,378.0
2510.0,13,188.0,3.2982456140350878,6.437101974167768,6,68.0,0.002322240899652778,1,125.0,0.769527704452375,2,7.0,0.48089560003808984,4,103.0,0.09628149822724945,13,303.0
2515.0,15,262.0,4.517241379310345,6.720432462879922,7,103.0,0.0006335929062043794,2,75.0,0.7905545726909833,2,20.0,0.5667453527831791,4,123.0,0.16643135991719255,15,321.0
2520.0,15,337.0,5.912280701754386,5.988036171738121,7,138.0,0.0001264932313007761,2,85.0,0.5867926080148574,2,30.0,0.5495332480920923,4,143.0,0.18740882242514764,15,396.0
2525.0,21,393.0,6.55,4.8919174571608774,7,173.0,4.2201344720220486e-05,7,108.0,0.22214131348090868,0,3.0,0.6661199022947479,4,163.0,0.2671237388603818,18,447.0
2530.0,23,504.0,8.4,4.734280721218166,7,208.0,6.771577255220717e-06,8,145.0,0.17011524131768194,0,3.0,0.6955667409948963,4,183.0,0.2228686040855613,19,539.0
2535.0,26,624.0,10.758620689655173,3.8258238379125196,7,249.0,0.006521584415444426,10,188.0,0.1365179924140118,0,3.0,0.9562557759449475,4,203.0,0.16578831598098612,21,643.0
2540.0,25,531.0,8.564516129032258,3.911179987156088,7,286.0,0.02719462634595996,12,247.0,0.0893302712644712,0,3.0,0.9557198205457099,0,34.0,0.2941597971917923,19,570.0
2545.0,26,639.0,10.65,4.173372520150379,9,331.0,0.003747155947355893,13,310.0,0.08771579405779675,0,9.0,0.501385152668922,0,0.0,0.6324938954783381,22,650.0
2550.0,23,594.0,9.580645161290322,4.453027563740348,10,378.0,0.000725649961415671,10,249.0,0.0828102803665458,3,16.0,0.22693065204712357,0,0.0,0.9001962951217898,23,643.0
2555.0,19,388.0,6.360655737704918,5.010933392934019,4,237.0,0.011386552420798366,10,279.0,0.08895616933842537,5,39.0,0.02075164538938221,0,0.0,0.9438869735897024,19,555.0
2560.0,16,383.0,6.079365079365079,5.39606817851769,0,95.0,0.14100631953353393,10,329.0,0.10269924883845215,5,65.0,0.0034908265052690244,0,0.0,0.9414122376085454,15,489.0
2565.0,17,466.0,7.28125,6.111526561935863,0,22.0,0.44314988086783313,10,379.0,0.14805709219994828,7,100.0,0.11807819710693748,0,0.0,0.8001677129564078,17,501.0
2570.0,9,162.0,2.5714285714285716,6.069081638061114,0,0.0,1.0,1,147.0,0.29337952533135675,7,135.0,0.1184544871605634,1,3.0,0.518803700835931,9,285.0
2575.0,10,171.0,2.7580645161290325,6.754356079034292,0,0.0,1.0,0,35.0,0.7565786044697957,7,170.0,0.12180784491534243,3,11.0,0.2335225675388047,10,216.0
2580.0,7,195.0,3.046875,7.3948798071892,0,0.0,1.0,0,0.0,0.9551920247411423,7,214.0,0.35126089775275166,0,7.0,0.205534941034151,7,221.0
2585.0,8,231.0,3.5538461538461537,7.953119401459155,0,0.0,1.0,0,0.0,0.8970438799376897,7,252.0,0.40357194768154847,1,8.0,0.5645495112416332,8,260.0
2590.0,9,272.0,4.533333333333333,7.505607592907851,0,0.0,1.0,0,0.0,0.9292495587200793,8,285.0,0.31560255308643936,1,13.0,0.7024987573266099,9,298.0
2595.0,12,324.0,5.4,7.712937694943345,0,0.0,1.0,1,1.0,0.5399016068997536,10,331.0,0.32774941689921183,1,18.0,0.7517785691568288,12,350.0
2600.0,13,385.0,6.875,6.954219311364378,0,0.0,1.0,1,6.0,0.6612184140906497,10,381.0,0.31819523282331375,1,23.0,0.7419317009292795,12,410.0
2605.0,12,444.0,8.705882352941176,6.673638522426673,0,0.0,1.0,1,11.0,0.6034893163634746,10,431.0,0.20574429858335386,1,28.0,0.6412883981201704,12,470.0
2610.0,5,63.0,1.2115384615384615,6.508864240429046,0,0.0,1.0,1,16.0,0.6274505418925768,1,157.0,0.1823717413850943,3,37.0,0.24516668975676484,5,210.0
2615.0,6,70.0,1.2962962962962963,6.658553490706949,0,3.0,0.7741223473775061,1,27.0,0.32750638735106913,0,21.0,0.32830894835037855,3,52.0,0.18169308659703556,4,103.0
2620.0,7,96.0,1.7777777777777777,7.324917399968398,1,8.0,0.36538298225339944,2,40.0,0.6260167425914799,0,0.0,0.7578734942720198,4,70.0,0.16027311197559072,7,118.0
2625.0,9,140.0,2.641509433962264,7.072908051714272,3,22.0,0.04532208204015353,2,50.0,0.7636801747147887,0,0.0,0.37551186800764075,4,90.0,0.18734939243481935,9,162.0
2630.0,11,192.0,3.5555555555555554,6.726434481484255,3,37.0,0.006800197766344756,2,60.0,0.7195090696810403,1,2.0,0.0036869554907337796,4,110.0,0.20696797829890887,10,209.0
2635.0,17,268.0,5.254901960784314,6.091153517178576,6,66.0,0.0017125353827129146,2,70.0,0.7656605843784523,1,11.0,0.2887042976045394,4,130.0,0.2936895017819113,13,277.0
2640.0,15,326.0,6.150943396226415,6.309814182467237,6,96.0,0.0004513200942042517,2,80.0,0.7033924808922455,2,18.0,0.33333877678363705,4,150.0,0.30291425025729607,14,344.0
2645.0,16,406.0,7.96078431372549,5.544643234639773,6,126.0,4.860259029005989e-05,3,92.0,0.49168556041062245,2,28.0,0.30824978916556767,4,170.0,0.16612163660395607,15,416.0
2650.0,16,330.0,6.111111111111111,5.186766147839677,6,156.0,1.3800231101266904e-05,8,128.0,0.2991513417315436,0,15.0,0.690601386233818,1,83.0,0.32292894317168547,15,382.0
2655.0,10,231.0,4.2,5.286514496416349,6,186.0,0.0,3,40.0,0.2781402924815622,0,6.0,0.6210378784178437,0,0.0,0.808499177976965,9,232.0
2660.0,7,77.0,1.375,6.177487791288605,0,86.0,0.030703642279341147,3,46.0,0.4052520280118411,3,9.0,0.4972358090273367,0,0.0,0.9140389808345672,6,141.0
2665.0,10,117.0,2.0172413793103448,7.765846169481135,0,0.0,1.0,4,63.0,0.43045168374946363,5,33.0,0.4714791103934427,0,0.0,0.9359926543722707,9,96.0
2670.0,12,171.0,3.0,7.429848051433575,0,0.0,1.0,4,80.0,0.283883742420281,6,59.0,0.47435594719719393,0,0.0,0.9701978982634337,10,139.0
2675.0,16,202.0,3.4237288135593222,6.809104802717694,0,0.0,1.0,5,103.0,0.3274324726794774,7,91.0,0.4085805564845877,0,0.0,0.95587047856255,12,194.0
2680.0,13,258.0,4.448275862068965,7.061123749824065,0,0.0,1.0,5,128.0,0.43857412625222275,7,126.0,0.40575222775491304,0,0.0,0.9845464554077429,12,254.0
2685.0,15,326.0,5.821428571428571,6.257559638090565,0,0.0,1.0,6,155.0,0.27802319581344537,7,161.0,0.38637692473776103,0,0.0,0.9804006924710891,13,316.0
2690.0,18,351.0,7.02,5.012650889431307,0,0.0,1.0,9,190.0,0.18734485998764552,6,162.0,0.26222260684661974,0,0.0,0.4925913240092114,15,352.0
2695.0,15,222.0,4.625,5.1398160672255075,0,0.0,1.0,5,135.0,0.2171732471993127,9,161.0,0.1981085104036797,1,5.0,0.4937147032388832,15,301.0
2700.0,12,237.0,5.386363636363637,6.104174885459559,0,0.0,1.0,2,37.0,0.30282388154263734,9,206.0,0.09304575766354913,1,10.0,0.4956442221363528,12,253.0
2705.0,13,298.0,6.081632653061225,6.633385055117978,0,0.0,1.0,2,39.0,0.5414733752640709,9,254.0,0.23367273436222144,2,16.0,0.3074741087784814,13,309.0
2710.0,15,353.0,7.204081632653061,5.583049241127696,0,0.0,1.0,3,50.0,0.23839167798093858,11,308.0,0.25255325933069184,1,6.0,0.46247984362398986,15,364.0
2715.0,7,90.0,1.875,5.656633527888553,0,0.0,1.0,0,0.0,0.9617397011683427,3,120.0,0.433792336596757,1,11.0,0.49643260448841875,4,131.0
2720.0,3,55.0,1.0576923076923077,7.087189124158854,0,6.0,0.5613478170331616,0,9.0,0.7540595385436715,2,81.0,0.5811087906279434,0,0.0,0.9448599413851425,2,96.0
2725.0,4,71.0,1.290909090909091,7.868405707036126,1,10.0,0.1914062727938997,0,9.0,0.9196941007055406,2,72.0,0.6903449563976427,0,0.0,0.9888453484692326,3,91.0
2730.0,7,103.0,1.8727272727272728,7.806970582515753,3,24.0,0.022665912370201456,0,9.0,0.8859006985052653,2,78.0,0.7392972738409107,0,0.0,0.5011338336357664,5,111.0
2735.0,8,127.0,2.267857142857143,7.600318542737709,3,39.0,0.003935339447758997,1,11.0,0.8246227955651082,1,72.0,0.7255384855599081,1,3.0,0.4948608053974823,6,125.0
2740.0,4,89.0,1.5614035087719298,7.827025097358706,0,8.0,0.030553745640772817,1,19.0,0.7825453902649976,2,80.0,0.4774139675869081,1,8.0,0.5574300368758257,4,115.0
2745.0,6,118.0,2.1454545454545455,7.625812395570833,0,0.0,1.0,2,28.0,0.6563693471796767,3,95.0,0.4098156858045203,1,13.0,0.3926196139362305,6,136.0
2750.0,11,161.0,2.9272727272727272,7.128954830291427,0,0.0,1.0,5,47.0,0.469768509007131,4,108.0,0.18542303111916245,2,21.0,0.30861253550328677,11,176.0
2755.0,8,147.0,2.5789473684210527,6.387025221259759,0,0.0,1.0,4,45.0,0.25443430873790496,1,100.0,0.28497619901518956,2,31.0,0.4771142974843588,7,176.0
2760.0,11,200.0,3.4482758620689653,6.712880554430183,0,3.0,0.5750498383500375,4,56.0,0.14907150797490087,1,94.0,0.6276992095207637,2,41.0,0.48210483102301144,7,194.0
2765.0,18,268.0,4.620689655172414,5.457805369863336,1,5.0,0.2142327071914232,8,85.0,0.10609446411124875,2,100.0,0.01592818293366596,2,51.0,0.27906504122320097,13,241.0
2770.0,19,309.0,5.517857142857143,5.674133778129618,3,18.0,0.00021828534863768095,8,127.0,0.18503773713057908,3,114.0,0.12553077456590458,0,0.0,0.519738379802136,14,259.0
2775.0,16,331.0,5.910714285714286,5.793623129962013,3,33.0,2.9919344921256453e-06,8,165.0,0.12264793742956191,2,124.0,0.5505421235288418,0,0.0,0.9556045280167387,13,322.0
2780.0,19,394.0,7.035714285714286,5.421923389783769,3,48.0,0.0,10,209.0,0.05253295763873762,4,136.0,0.3257615135679097,0,0.0,0.9391783099936776,17,393.0
2785.0,18,459.0,8.660377358490566,5.251067647746485,3,63.0,0.0,10,259.0,0.08926372150734008,5,158.0,0.14197459904321816,0,0.0,0.9774439065244972,18,480.0
2790.0,19,551.0,10.39622641509434,4.973517311726811,3,78.0,0.0,10,309.0,0.08907429898105979,6,185.0,0.0010973141792131596,0,0.0,0.9340003747076351,19,572.0
2795.0,22,660.0,11.578947368421053,5.291791966080139,3,93.0,0.0,10,359.0,0.10643015304362381,6,231.0,0.044736137899515145,0,0.0,0.8342660204351272,19,683.0
2800.0,20,685.0,11.810344827586206,4.534633506081616,3,108.0,0.0,9,388.0,0.11256194614655418,3,198.0,0.2938059398778797,1,3.0,0.6507631091842293,16,697.0
2805.0,23,795.0,13.706896551724139,4.44394590763802,3,123.0,0.0,9,442.0,0.2647650753180276,4,203.0,0.15832615819600385,1,8.0,0.5832198434025481,17,776.0
2810.0,29,927.0,15.19672131147541,3.8699748837120183,3,138.0,0.0,10,488.0,0.33585230523211274,5,226.0,0.046575911775136335,2,15.0,0.22718730542019858,20,867.0
2815.0,28,1029.0,17.15,3.7597006531161443,3,153.0,0.0,10,538.0,0.3000765205935324,6,255.0,0.14239850117299935,0,0.0,0.4599224590569752,19,946.0
2820.0,25,1084.0,17.770491803278688,4.106491329310887,3,168.0,0.0,10,588.0,0.29377026028080533,5,282.0,0.2415350064383795,0,0.0,0.8404188740199695,18,1038.0
2825.0,25,1116.0,17.714285714285715,4.542236441848223,3,186.0,0.12303793230263939,11,636.0,0.29896360070492106,8,315.0,0.0007838112615663019,0,0.0,0.9733308333801546,22,1137.0
2830.0,23,1204.0,17.970149253731343,4.870899522069706,4,204.0,0.0002477940678139427,11,706.0,0.2797383132817486,8,355.0,0.1025673568492151,0,0.0,0.9359397970457726,23,1265.0
2835.0,23,1319.0,19.686567164179106,5.02637640693507,4,224.0,0.0,11,761.0,0.1963647559166154,8,395.0,0.19269411539766362,0,0.0,0.9645692020936154,23,1380.0
2840.0,22,1191.0,18.045454545454547,4.449162733383266,4,244.0,0.0,12,800.0,0.07327493946366881,6,284.0,0.20166790321570063,0,0.0,0.6769000083538298,22,1328.0
2845.0,20,926.0,13.228571428571428,4.670725972291072,0,20.0,0.08890790907111495,15,867.0,0.10225764706007895,3,169.0,0.21235803911817103,1,5.0,0.7178472157394516,19,1061.0
2850.0,21,1021.0,14.585714285714285,5.475310793254604,0,0.0,1.0,15,940.0,0.16693191769195093,5,117.0,0.24956095128836622,1,10.0,0.7268099294788442,21,1067.0
2855.0,24,1137.0,16.242857142857144,5.470825902602489,0,0.0,1.0,16,1020.0,0.2082169589178563,5,119.0,0.1463390909061596,2,16.0,0.571371455275576,23,1155.0
2860.0,10,100.0,1.408450704225352,5.43341371022489,0,0.0,1.0,5,459.0,0.3094405336624915,2,41.0,0.4918459754174148,0,0.0,0.9367645693497435,7,500.0
2865.0,4,52.0,0.7323943661971831,6.532344671994417,0,0.0,1.0,0,82.0,0.5482679471139396,2,57.0,0.43845059569820805,0,0.0,0.9111555389712725,2,139.0
2870.0,7,74.0,1.0571428571428572,8.04355814139732,0,0.0,1.0,0,35.0,0.786150220916381,4,74.0,0.5400312031822879,0,0.0,0.9503451690029775,4,109.0
2875.0,5,70.0,1.0606060606060606,8.242861911099784,0,0.0,1.0,1,37.0,0.81310027209353,4,94.0,0.5868061021763074,0,0.0,0.9494680920526872,5,131.0
2880.0,6,97.0,1.564516129032258,8.452254517931024,0,0.0,1.0,2,17.0,0.7608024835096692,4,114.0,0.603494292755726,0,0.0,0.9861921546988053,6,131.0
2885.0,9,133.0,2.015151515151515,8.026866462859,0,0.0,1.0,3,28.0,0.6556241844409839,4,131.0,0.5941661034044153,0,0.0,0.8391977334720331,7,159.0
2890.0,9,167.0,2.783333333333333,8.072222364056811,0,0.0,1.0,4,45.0,0.6357916183661779,4,151.0,0.6128120854777609,1,2.0,0.6480954968630345,9,198.0
2895.0,9,189.0,3.2586206896551726,7.365437163465635,0,0.0,1.0,4,59.0,0.46057655044356105,4,171.0,0.5455266676732305,1,7.0,0.630852689651589,9,237.0
2900.0,15,252.0,4.581818181818182,5.138557878341928,0,0.0,1.0,7,88.0,0.13966212986932852,7,200.0,0.1495225775842159,1,12.0,0.7141823542780822,15,300.0
2905.0,14,204.0,3.7777777777777777,5.202994883102947,0,0.0,1.0,9,133.0,0.08434207659947145,5,175.0,0.03816875557636073,0,0.0,0.938361104564647,14,308.0
2910.0,19,287.0,5.125,5.279040968183771,0,0.0,1.0,11,184.0,0.07678372127020971,8,156.0,0.04839926884236157,0,0.0,0.9408298440144335,19,340.0
2915.0,24,395.0,7.181818181818182,4.760759366666318,0,0.0,1.0,12,266.0,0.11528266247781939,11,203.0,0.011528790020065814,0,0.0,0.9828121721817329,23,469.0
2920.0,19,368.0,6.237288135593221,4.817515577231484,0,0.0,1.0,5,191.0,0.15730411057944932,13,267.0,0.00044887769688406096,0,0.0,0.9596214081929966,18,458.0
2925.0,18,441.0,7.229508196721311,5.2781139686995475,0,0.0,1.0,5,185.0,0.2399635249183616,13,332.0,0.03708662285383104,0,0.0,0.996460761619968,18,517.0
2930.0,20,537.0,8.80327868852459,5.7395724804777695,0,0.0,1.0,5,199.0,0.20793266642537422,15,410.0,0.16373688900138025,0,0.0,0.955126623393725,20,609.0
2935.0,22,646.0,10.09375,6.188087011496192,0,0.0,1.0,6,229.0,0.30782838748056807,16,494.0,0.1873387766370633,0,0.0,0.9364296173689883,22,723.0
2940.0,23,761.0,12.079365079365079,6.149159933737833,0,0.0,1.0,6,259.0,0.31562772855142496,17,579.0,0.18039124215042127,0,0.0,0.7457787496673411,23,838.0
2945.0,23,726.0,11.34375,5.853470313301532,0,0.0,1.0,6,289.0,0.23913430582134215,16,570.0,0.18904587834723235,1,3.0,0.4794554094195176,23,862.0
2950.0,21,807.0,13.016129032258064,5.639098267319887,0,0.0,1.0,6,319.0,0.23471132609888906,14,552.0,0.15567886468808836,1,8.0,0.49419019779347095,21,879.0
2955.0,21,912.0,14.25,5.953081402135104,0,0.0,1.0,6,349.0,0.32080642794807024,14,606.0,0.13792510481440526,1,13.0,0.590545280161926,21,968.0
2960.0,17,743.0,11.793650793650794,5.835232329662595,0,0.0,0.7918143798907341,2,219.0,0.43981311680144347,14,676.0,0.10398614550460582,1,18.0,0.47678957293132196,17,913.0
2965.0,20,770.0,12.62295081967213,5.649306897138595,1,3.0,0.0004172033615147586,0,0.0,0.9743150613312569,17,758.0,0.12366871104190018,1,23.0,0.4758657910151125,19,784.0
2970.0,22,877.0,14.37704918032787,5.545629080716607,1,8.0,0.0,1,3.0,0.6300530258592308,17,843.0,0.09862586930062202,2,32.0,0.4795072116507587,21,886.0
2975.0,23,960.0,15.737704918032787,5.048814912554587,1,13.0,0.0,2,10.0,0.31103167095947,16,897.0,0.07929446762610702,2,42.0,0.5251956405388054,21,962.0
2980.0,25,1079.0,18.28813559322034,4.532787373491575,1,18.0,0.0,2,20.0,0.41858182545823425,17,984.0,0.053433221572318695,4,58.0,0.1882573995502299,24,1080.0
2985.0,25,1204.0,20.75862068965517,4.7525940398267785,1,23.0,0.0,2,30.0,0.46884337147818655,17,1067.0,0.0005420793864333952,4,78.0,0.18750995935729867,24,1198.0
2990.0,26,1279.0,20.9672131147541,4.606140606613521,0,0.0,1.0,2,40.0,0.4858930245478751,18,1155.0,0.0485148387482195,4,98.0,0.1734795301056702,24,1293.0
2995.0,26,1395.0,22.5,4.653002449616568,0,0.0,1.0,2,50.0,0.48855319240938055,18,1245.0,1.4101837867107956e-05,3,100.0,0.11884930787138606,23,1395.0
3000.0,27,1530.0,24.677419354838708,4.344150097919659,0,0.0,1.0,2,60.0,0.4817881855398533,18,1338.0,0.03131717912712177,3,115.0,0.22242602153830265,23,1513.0
3005.0,29,1670.0,26.09375,4.417490252117003,0,0.0,1.0,3,71.0,0.4620513933278396,18,1428.0,0.004188265689601889,3,130.0,0.23468976823887108,24,1629.0
3010.0,32,1819.0,27.149253731343283,4.288645625794508,0,0.0,1.0,4,88.0,0.39807375739807543,20,1521.0,0.0005436145173349595,3,145.0,0.27701958123149173,27,1754.0
3015.0,32,1979.0,29.53731343283582,4.2839484563278525,0,0.0,1.0,4,108.0,0.35969590008232427,20,1621.0,0.00014871439488671375,3,160.0,0.37110765293889714,27,1889.0
3020.0,30,2017.0,30.104477611940297,4.150618868065571,0,0.0,1.0,0,15.0,0.7296873442983716,20,1721.0,0.046477169498715436,4,176.0,0.189625029101176,24,1912.0
3025.0,19,984.0,14.686567164179104,4.765084597998301,0,0.0,1.0,0,4.0,0.9743806078228702,9,1107.0,0.17482473851127137,4,196.0,0.3010602749762639,13,1307.0
3030.0,11,434.0,6.477611940298507,5.731960639275448,0,6.0,0.6095243558384897,0,7.0,0.68300223750614,1,632.0,0.38839579294184634,4,216.0,0.2956271547859739,5,861.0
3035.0,9,255.0,3.923076923076923,6.130435224750619,1,10.0,0.22340016868697535,2,15.0,0.6666201339877921,1,248.0,0.5187055990179389,4,236.0,0.21112343425798186,8,509.0
3040.0,11,297.0,4.367647058823529,6.330466890122428,3,23.0,0.07222683437123811,1,19.0,0.829543079271313,2,74.0,0.6127495214126665,5,261.0,0.16191334101238317,11,377.0
3045.0,14,358.0,5.264705882352941,5.444384846906924,4,40.0,0.021844077456381315,1,24.0,0.8458682714900939,3,86.0,0.6005222546087308,5,286.0,0.07182604926469507,13,436.0
3050.0,15,370.0,5.522388059701493,5.2358330544405565,1,14.0,0.02215964210871381,2,31.0,0.6967487620491468,2,80.0,0.6786209543015733,5,311.0,0.09280817701771517,10,436.0
3055.0,10,400.0,6.0606060606060606,5.98224259438126,0,1.0,0.08388514129369092,2,41.0,0.7528902905904948,2,90.0,0.5009061658710442,6,337.0,0.14213160027856905,10,469.0
3060.0,12,445.0,6.641791044776119,6.096402193433103,0,0.0,0.2887221073353408,1,30.0,0.4238547600038374,4,109.0,0.29268289493248756,6,366.0,0.13747029963760282,11,505.0
3065.0,11,212.0,3.1641791044776117,6.847352251412691,0,0.0,1.0,3,45.0,0.3963867931065527,6,133.0,0.13258914828986368,1,195.0,0.25048700972540744,10,373.0
3070.0,12,180.0,2.6865671641791047,7.238009863029108,0,0.0,1.0,3,60.0,0.3777409566959671,6,175.0,0.3244433024191835,0,88.0,0.6345212113170234,9,323.0
3075.0,6,125.0,1.838235294117647,7.085063338064747,0,0.0,1.0,4,77.0,0.32138684093412057,2,80.0,0.3684366962291921,0,0.0,0.9326160995734212,6,157.0
3080.0,8,144.0,2.1176470588235294,7.419296016764405,0,6.0,0.5199951721458638,4,97.0,0.5041307634582037,2,73.0,0.4157092820355586,0,0.0,0.9699741659775833,6,176.0
3085.0,10,114.0,1.78125,7.343712929000387,0,9.0,0.2511040700901524,4,64.0,0.5172039115124966,2,66.0,0.5814356855252374,0,0.0,0.9854630671219073,6,139.0
3090.0,15,171.0,3.0535714285714284,5.958440838742148,4,23.0,0.018010955643562806,4,60.0,0.5523466349581094,2,79.0,0.6360318596477178,0,0.0,0.5004619330410573,10,162.0
3095.0,13,189.0,3.375,5.573644704491516,4,43.0,0.004221746411982975,5,80.0,0.4900915491953596,1,65.0,0.6606733871771623,1,5.0,0.6467674150704342,11,193.0
3100.0,15,250.0,4.166666666666667,5.821118434253932,6,72.0,0.00045368332565077227,4,104.0,0.4873170788925603,3,75.0,0.4523298615956937,1,10.0,0.718865868274042,14,261.0
3105.0,18,326.0,5.52542372881356,5.6765512091548205,6,102.0,9.727613947538396e-05,7,137.0,0.4186724285225771,4,94.0,0.3083900809321301,0,0.0,0.9390376199208511,17,333.0
3110.0,18,385.0,6.52542372881356,5.234873936706712,6,132.0,4.0803522861529235e-05,6,137.0,0.36206060009838104,4,117.0,0.3411791650600249,0,0.0,0.9590065360835409,16,386.0
3115.0,16,446.0,7.079365079365079,5.6971105116534115,6,162.0,6.18331841900855e-06,6,167.0,0.4212926074153262,2,101.0,0.28431736053453005,0,0.0,0.9641086137872574,14,430.0
3120.0,16,526.0,8.21875,6.414535986033658,6,198.0,0.12413702048547193,6,204.0,0.4224473966102554,2,114.0,0.7012935214670771,0,0.0,0.9886250208982978,14,516.0
3125.0,17,611.0,9.546875,6.592558909778877,6,228.0,0.018246427106616853,6,234.0,0.5096176537327495,2,124.0,0.6440560435202307,0,0.0,0.9472111291367938,14,586.0
3130.0,16,504.0,8.0,6.384944043652305,7,262.0,0.0031193168608018933,4,136.0,0.46710451873961567,2,134.0,0.6432363205356734,0,0.0,0.9341619239570296,13,532.0
3135.0,12,258.0,4.03125,6.513151461051061,3,145.0,0.01821113437189076,1,16.0,0.6721783505512942,2,144.0,0.6358570858064373,0,0.0,0.9654444778230491,6,305.0
3140.0,12,293.0,5.051724137931035,6.472907622595389,0,24.0,0.2415598324189037,2,17.0,0.6379372794935517,2,154.0,0.6186335946778142,0,0.0,0.9453066241890727,4,195.0
3145.0,14,360.0,6.101694915254237,6.37744036233306,0,0.0,1.0,2,27.0,0.5564847092704236,2,164.0,0.41747701389842595,0,0.0,0.9733322475607861,4,191.0
3150.0,17,409.0,7.051724137931035,5.816783274204367,0,0.0,1.0,0,0.0,0.7247929791731228,6,186.0,0.1324891324843285,0,0.0,0.9923771869121603,6,186.0
3155.0,19,475.0,7.786885245901639,5.778638983591406,0,0.0,1.0,0,10.0,0.8334568551480329,6,216.0,0.23377385907541276,0,0.0,0.5877131800457074,6,226.0
3160.0,21,552.0,9.049180327868852,5.851308225217445,0,0.0,1.0,0,10.0,0.8590504742013076,6,249.0,0.3782252922313746,1,3.0,0.48463364519025814,7,262.0
3165.0,18,324.0,5.491525423728813,5.545657729279561,0,0.0,1.0,0,10.0,0.6477489914877868,4,149.0,0.43391458087111584,1,8.0,0.4759453408336191,5,167.0
3170.0,13,192.0,3.310344827586207,5.371907937394778,0,0.0,1.0,1,15.0,0.24313961542551074,4,101.0,0.3734223654821464,1,13.0,0.622203306829957,6,129.0
3175.0,14,167.0,3.036363636363636,5.147056492088471,0,0.0,1.0,3,35.0,0.4179008873216129,5,124.0,0.19677528076469256,1,18.0,0.38562533133164106,9,177.0
3180.0,18,232.0,4.218181818181818,4.7235745044303785,0,0.0,1.0,5,53.0,0.39947199296286606,5,149.0,0.14416664555686617,2,28.0,0.3316130057732369,12,230.0
3185.0,15,157.0,2.9074074074074074,3.9320689003709046,0,0.0,1.0,5,78.0,0.3165789188895516,0,50.0,0.07610461801221703,2,38.0,0.3277993170154781,7,166.0
3190.0,14,107.0,1.9107142857142858,4.386085814489144,0,6.0,0.5877651088637587,4,70.0,0.19109654108259508,0,3.0,0.5780872718381483,0,0.0,0.3048776443440912,4,79.0
3195.0,11,115.0,2.017543859649123,5.2544638574571545,1,10.0,0.2330784815350555,5,96.0,0.3677685344950992,0,6.0,0.7138475900459827,0,0.0,0.7276600597968987,6,112.0
3200.0,11,140.0,2.3728813559322033,6.289764299666072,3,24.0,0.025731509997110224,5,127.0,0.5604388937144665,0,3.0,0.9779471053069408,0,0.0,0.9729267035632725,8,154.0
3205.0,10,176.0,2.933333333333333,6.349732298285295,4,40.0,0.0042740120415755796,5,152.0,0.5569085134397516,0,3.0,0.9749380284943934,0,0.0,0.9827895500879834,9,195.0
3210.0,13,235.0,3.983050847457627,6.060898493367993,5,65.0,0.0005782173643792301,6,180.0,0.46238880011920963,0,3.0,0.9638181453495674,0,0.0,0.9457588070296179,11,248.0
3215.0,16,310.0,5.166666666666667,5.6621407001014115,5,90.0,0.0001482955277659256,8,242.0,0.3531393576824252,0,3.0,0.6640782144102042,0,0.0,0.5577301535404501,13,335.0
3220.0,19,403.0,6.948275862068965,5.6477890901890335,5,115.0,2.326156176168697e-05,9,286.0,0.2626405538843532,1,6.0,0.4698188111081136,1,4.0,0.47336195308071494,16,411.0
3225.0,16,310.0,5.0,5.570579308394109,0,39.0,0.029482676880271237,11,337.0,0.17395688733366677,3,32.0,0.38530356715251834,1,9.0,0.6484932743039205,15,417.0
3230.0,18,390.0,6.5,4.712688071818693,0,0.0,1.0,12,371.0,0.09450812532899758,3,32.0,0.24438839204898133,1,14.0,0.38129416450348547,16,417.0
3235.0,19,446.0,7.193548387096774,5.461681802835325,0,0.0,1.0,11,398.0,0.1841743935553542,3,47.0,0.2400064096970934,2,24.0,0.31561658191630154,16,469.0
3240.0,17,509.0,8.079365079365079,5.993589816038872,0,0.0,1.0,11,453.0,0.18785972486889066,2,37.0,0.31607463061570645,2,34.0,0.3114059662072036,15,524.0
3245.0,16,569.0,8.753846153846155,6.614694600945999,0,0.0,1.0,12,510.0,0.18871452135765873,2,66.0,0.6718287947903523,2,44.0,0.14416645360688413,16,620.0
3250.0,19,655.0,9.924242424242424,6.587747542259911,0,0.0,1.0,13,571.0,0.12949616014021864,3,77.0,0.4586701434142081,3,58.0,0.14930528060981146,19,706.0
3255.0,21,754.0,12.360655737704919,6.101462391411607,0,0.0,1.0,13,636.0,0.17596858226903642,5,96.0,0.3617844798111556,3,73.0,0.229496116236708,21,805.0
3260.0,14,447.0,7.327868852459017,6.737875582162249,0,0.0,1.0,9,513.0,0.2112830367696966,2,46.0,0.6057794901116411,3,88.0,0.30536833348440895,14,647.0
3265.0,8,132.0,2.2,7.019096352312113,0,3.0,0.5240293054515595,2,329.0,0.2137482722037143,3,47.0,0.5937074741714349,3,103.0,0.37638725937974304,8,482.0
3270.0,8,172.0,2.819672131147541,7.24437621941201,0,6.0,0.0267197591201983,2,152.0,0.3884170434983743,3,59.0,0.3306252458079779,3,118.0,0.23366227611344126,8,335.0
3275.0,11,223.0,3.716666666666667,7.0456167342764635,2,15.0,0.1336379602733556,2,54.0,0.3637541199378388,4,73.0,0.16359295667091434,3,133.0,0.18896390831966517,11,275.0
3280.0,11,213.0,3.55,6.464561227403749,3,28.0,0.016384982120476767,1,16.0,0.3363201962034608,2,51.0,0.42152932759703743,4,150.0,0.2221136127231215,10,245.0
3285.0,15,261.0,4.423728813559322,6.641063651470326,5,47.0,0.002574346678732298,2,29.0,0.4816202176249227,1,15.0,0.7223593547748347,4,170.0,0.18519800724362298,12,261.0
3290.0,15,334.0,5.964285714285714,6.175554267486157,5,71.0,0.09139118223870274,2,39.0,0.47178134550711814,1,20.0,0.7299460816456422,4,190.0,0.1680111667108398,12,320.0
3295.0,22,424.0,7.851851851851852,5.109022485583433,6,99.0,0.0002599281610599497,3,49.0,0.35628711504627153,1,25.0,0.7639334059707323,6,213.0,0.13898888332513865,16,386.0
3300.0,18,463.0,8.735849056603774,4.750435024155866,6,129.0,6.210533680078445e-05,0,3.0,0.7630350561998274,1,30.0,0.7675356460700885,5,238.0,0.16443337086346116,12,400.0
3305.0,15,480.0,9.411764705882353,5.030343439179917,6,159.0,1.2376350334614261e-05,0,3.0,0.9585463850590256,1,35.0,0.35693424272436874,5,263.0,0.1468222562811658,12,460.0
3310.0,13,510.0,10.408163265306122,5.249565967665113,6,189.0,0.007334522537532012,0,3.0,0.918720350796354,2,48.0,0.634158542544682,5,288.0,0.1426284631010312,13,528.0
3315.0,15,584.0,10.814814814814815,5.555847474288687,7,224.0,0.0,0,0.0,0.9654852927530531,2,58.0,0.6437007640482858,6,317.0,0.17555969771887694,15,599.0
3320.0,16,660.0,12.692307692307692,5.735475610184457,7,259.0,0.0,0,0.0,0.9606513174528678,3,69.0,0.4844114229274233,6,347.0,0.2013548547013434,16,675.0
3325.0,12,379.0,7.288461538461538,5.7794312945446205,7,294.0,0.0,1,1.0,0.5779829671813704,3,84.0,0.47916496493253535,1,92.0,0.3496547633513951,12,471.0
3330.0,11,420.0,8.076923076923077,6.473116327112612,7,329.0,0.0,1,6.0,0.6010597001943646,3,108.0,0.5179051744791416,0,16.0,0.6872422282817473,11,459.0
3335.0,13,479.0,9.037735849056604,5.564501714124686,7,364.0,0.0,1,11.0,0.3965133530180728,5,128.0,0.2202483833991476,0,0.0,0.951328780344833,13,503.0
3340.0,17,550.0,9.821428571428571,5.215382289668605,7,399.0,0.0,1,4.0,0.6838549792761288,9,170.0,0.13778314306373293,0,0.0,0.9726843535649152,17,573.0
3345.0,19,531.0,9.31578947368421,5.48578369614871,7,434.0,0.0,2,10.0,0.5451709237670463,10,149.0,0.09256260890036735,0,0.0,0.8377998590295193,19,593.0
3350.0,20,603.0,10.578947368421053,5.420619210708908,7,469.0,0.0,2,20.0,0.555709331075715,10,140.0,0.2558691605022619,1,3.0,0.5644193447615531,20,632.0
3355.0,21,708.0,12.872727272727273,5.129461712339624,7,504.0,0.0,2,30.0,0.44921662025326947,11,195.0,0.18258206368904056,1,8.0,0.45404049615748027,21,737.0
3360.0,23,803.0,14.6,5.276344055482747,7,539.0,0.0,1,16.0,0.6208845465455067,13,260.0,0.1782141726697861,2,17.0,0.5461474412316892,23,832.0
3365.0,21,887.0,16.12727272727273,5.64139210291849,7,574.0,0.0,1,21.0,0.6404362827129711,11,303.0,0.2019434600923344,2,27.0,0.5738551401755704,21,925.0
3370.0,21,979.0,16.316666666666666,5.87632196137889,7,609.0,0.0,1,51.0,0.6147515433859174,11,349.0,0.20352380011451995,1,23.0,0.7458659904081995,20,1032.0
3375.0,21,1083.0,18.35593220338983,5.911134449888732,7,644.0,0.03842293994065355,2,39.0,0.6636022369362411,11,407.0,0.17487367984343968,1,28.0,0.7045527609623705,21,1118.0
3380.0,21,1181.0,20.362068965517242,5.0791407618582225,8,682.0,3.35632430353143e-05,1,40.0,0.5751712426058603,11,462.0,0.04271349371606199,1,33.0,0.5300696259669556,21,1217.0
3385.0,20,882.0,14.7,4.675542072028829,8,722.0,0.0,4,55.0,0.3498664642032367,3,198.0,0.030961076586394465,5,50.0,0.16279771846807037,20,1025.0
3390.0,17,899.0,14.5,5.164805869434061,8,765.0,0.05527240923717106,5,84.0,0.3438028048288014,0,79.0,0.31848388495294394,4,70.0,0.09671957498259783,17,998.0
3395.0,20,996.0,15.5625,5.596264748968917,8,811.0,0.01532214226691042,5,109.0,0.48901935843579114,2,18.0,0.5329504528968315,5,93.0,0.15536278778155657,20,1031.0
3400.0,22,1098.0,17.15625,6.070235775977668,10,853.0,0.0050973045349841355,5,131.0,0.6146728518332119,2,28.0,0.5330977953828879,5,118.0,0.16484455269172565,22,1130.0
3405.0,18,480.0,7.2727272727272725,6.061816349002762,6,503.0,0.017565820856453314,5,156.0,0.6503841362134992,2,38.0,0.4774854779007309,5,143.0,0.200010770321768,18,840.0
3410.0,8,241.0,3.5970149253731343,6.762158194603692,0,171.0,0.1910610516694419,5,181.0,0.631150990004612,2,48.0,0.5694269481179461,1,56.0,0.525983046671855,8,456.0
3415.0,8,249.0,3.890625,7.162262564576986,0,22.0,0.4757444615457586,5,206.0,0.6361676868466914,3,68.0,0.3981932751556088,0,0.0,0.8722414950316653,8,296.0
3420.0,11,193.0,3.0634920634920637,6.242085009997374,0,0.0,1.0,2,150.0,0.6181447724152895,8,94.0,0.11701394893444593,0,0.0,0.921532754972048,10,244.0
3425.0,17,268.0,4.0,5.863315656807904,0,0.0,1.0,6,138.0,0.25728602427853137,10,143.0,0.08519293743137078,0,0.0,0.894993372633262,16,281.0
3430.0,16,316.0,4.7164179104477615,5.83493306409441,0,0.0,1.0,6,168.0,0.11439523574644046,8,163.0,0.19399441408200416,0,0.0,0.8969777533388336,14,331.0
3435.0,19,391.0,5.924242424242424,5.738786874759238,0,0.0,1.0,9,210.0,0.15072631432335148,7,149.0,0.28178286815551823,1,1.0,0.46431403286873857,17,360.0
3440.0,13,388.0,6.258064516129032,5.7320149014511195,0,0.0,1.0,3,182.0,0.12912057147010927,6,179.0,0.25464007813415424,2,10.0,0.5944210383038092,11,371.0
3445.0,14,451.0,7.39344262295082,5.789742339150454,0,0.0,1.0,2,172.0,0.37285702997884823,7,214.0,0.24913177340322765,3,22.0,0.46275083570944564,12,408.0
3450.0,9,243.0,3.9836065573770494,5.802199022534436,0,0.0,1.0,2,187.0,0.6330607711030694,1,40.0,0.49030423020648667,1,15.0,0.4909418953628438,4,242.0
3455.0,6,232.0,3.6825396825396823,6.626578146942512,0,6.0,0.6134622098336742,2,203.0,0.5339922850110373,1,20.0,0.5514261507242055,0,2.0,0.7457439399716069,3,231.0
3460.0,10,86.0,1.34375,7.247806810456183,0,0.0,0.7206489561273193,2,102.0,0.6951845925709663,1,16.0,0.7227200406900429,0,0.0,0.9664224382948418,3,118.0
3465.0,14,145.0,2.230769230769231,6.959257313415755,2,3.0,0.0021679881717093646,2,32.0,0.67150344354793,1,24.0,0.7295765561382012,0,0.0,0.9709825629021842,5,59.0
3470.0,18,224.0,3.6129032258064515,6.5649318550211495,2,13.0,1.5665847964606233e-05,3,47.0,0.6783960111160118,3,29.0,0.4538708076210119,0,0.0,0.5893296115772771,8,89.0
3475.0,21,311.0,5.016129032258065,5.781249186806723,2,23.0,0.0,4,64.0,0.6201291308124488,4,45.0,0.31938776200971547,1,4.0,0.6336125258780064,11,136.0
3480.0,22,375.0,6.147540983606557,4.921064074590548,2,33.0,0.0,2,27.0,0.63725125145974,4,65.0,0.3176946887192659,1,9.0,0.4642446022666776,9,134.0
3485.0,17,250.0,4.237288135593221,5.634125063494274,2,43.0,0.0,3,34.0,0.5833796594757577,4,85.0,0.3239800489464086,2,17.0,0.3197483185977496,11,179.0
3490.0,10,169.0,2.913793103448276,5.614096743028522,2,53.0,0.0,5,55.0,0.4024765861826764,2,68.0,0.35578787354893965,0,0.0,0.9513283040788737,9,176.0
3495.0,16,233.0,3.819672131147541,5.308399402498619,2,69.0,0.26721704384755063,6,81.0,0.1557030300698084,2,81.0,0.49102553608634053,0,0.0,0.9682407311053134,10,231.0
3500.0,21,323.0,5.295081967213115,5.385142333110166,2,79.0,0.016340589209645637,7,112.0,0.3503208721497764,2,85.0,0.47089537241513196,0,0.0,0.9388751656122682,11,276.0
3505.0,21,416.0,7.0508474576271185,5.343735739196464,3,93.0,0.004627947591411418,8,152.0,0.40299278341004896,2,123.0,0.4752184701319543,0,0.0,0.9830778169581201,13,368.0
3510.0,17,423.0,7.169491525423729,5.493640614887527,4,112.0,0.0008869246802659806,9,200.0,0.31998927506267155,2,120.0,0.5672941118442825,0,0.0,0.9570208701941345,15,432.0
3515.0,19,488.0,8.0,5.242888613486878,4,132.0,0.00012413324535889725,10,254.0,0.35632048916348225,2,127.0,0.37313606111821934,0,0.0,0.9692021757475344,16,513.0
3520.0,22,586.0,9.766666666666667,5.066130397696736,4,152.0,2.020289511631962e-05,9,301.0,0.39021890388019986,3,130.0,0.10886396914872006,0,0.0,0.9281580647523026,16,583.0
3525.0,24,704.0,11.540983606557377,4.646067234990996,4,172.0,0.0021436292565450146,9,332.0,0.3730929623856724,5,153.0,0.16037575517334948,0,0.0,0.9843287127269956,18,657.0
3530.0,23,672.0,10.666666666666666,5.01642941377435,5,197.0,2.141455258117704e-05,10,376.0,0.34732752359797475,2,82.0,0.4287805982375615,0,0.0,0.9686981433872635,17,655.0
3535.0,17,558.0,8.857142857142858,5.80472903257112,0,40.0,0.033901254044625045,10,426.0,0.2969235705453951,1,28.0,0.7887451953308374,0,0.0,0.9773427480099777,11,494.0
3540.0,20,651.0,10.333333333333334,5.883345685410016,0,0.0,1.0,12,482.0,0.2404872844275206,1,23.0,0.7155071877065885,1,3.0,0.4903278053850003,14,508.0
3545.0,24,764.0,12.32258064516129,6.0783462481089865,0,0.0,1.0,14,548.0,0.21222632542315348,1,28.0,0.6817300343104575,1,8.0,0.47713897274188055,16,584.0
3550.0,21,707.0,11.59016393442623,6.035977068443784,0,0.0,1.0,16,623.0,0.17400617088046616,1,33.0,0.690323519653345,1,13.0,0.6212640538579921,18,669.0
3555.0,19,750.0,12.5,6.050197611509784,0,0.0,1.0,16,703.0,0.10615010133094682,1,38.0,0.639848141669403,2,19.0,0.31096474973505317,19,760.0
3560.0,19,845.0,14.322033898305085,5.780782701195192,0,0.0,1.0,16,783.0,0.08663178203938629,1,43.0,0.4821360938155458,2,29.0,0.31639609046109923,19,855.0
3565.0,22,914.0,15.758620689655173,4.860164258063839,0,0.0,1.0,18,867.0,0.09328437991194947,2,49.0,0.4656157989668963,0,0.0,0.9872916389582747,20,916.0
3570.0,20,1002.0,17.892857142857142,5.0279666512147925,0,0.0,1.0,17,952.0,0.0900171837638285,2,65.0,0.4124542650234499,0,0.0,0.9389484768626377,19,1017.0
3575.0,21,1099.0,19.625,5.2682673494550665,0,0.0,1.0,18,1039.0,0.08765818827379389,3,76.0,0.32339848330021265,0,0.0,0.9419710780744008,21,1115.0
3580.0,23,1201.0,21.836363636363636,4.627049563193385,0,0.0,1.0,18,1124.0,0.09632873187841084,5,93.0,0.0426578405110278,0,0.0,0.9500783428729715,23,1217.0
3585.0,25,1322.0,22.79310344827586,4.542776665983492,0,0.0,1.0,18,1214.0,0.09733464275046554,6,125.0,0.23348902205511624,0,0.0,0.9350634087109192,24,1339.0
3590.0,20,1312.0,23.428571428571427,4.4951755546350105,0,0.0,1.0,18,1304.0,0.08441104470446512,1,27.0,0.26545803211690505,0,0.0,0.9911216290183886,19,1331.0
3595.0,20,1407.0,25.125,5.364156657107622,0,0.0,1.0,18,1397.0,0.16497050492783658,2,23.0,0.48734829760737175,0,0.0,0.9905002227071644,20,1420.0
3600.0,22,1511.0,27.472727272727273,5.8809179221801156,0,0.0,1.0,20,1497.0,0.25548079207902763,2,33.0,0.5804578251191906,0,0.0,0.9483538873947331,22,1530.0
