step,system_total_stopped,system_total_waiting_time,system_mean_waiting_time,system_mean_speed,cluster_10564135163_13571629282_5146149679_stopped,cluster_10564135163_13571629282_5146149679_accumulated_waiting_time,cluster_10564135163_13571629282_5146149679_average_speed,cluster_10564135205_11749189839_3266988437_5129187741_#3more_stopped,cluster_10564135205_11749189839_3266988437_5129187741_#3more_accumulated_waiting_time,cluster_10564135205_11749189839_3266988437_5129187741_#3more_average_speed,cluster_10564135211_11749189838_12136544949_12136544951_#7more_stopped,cluster_10564135211_11749189838_12136544949_12136544951_#7more_accumulated_waiting_time,cluster_10564135211_11749189838_12136544949_12136544951_#7more_average_speed,cluster_10564135212_13571629279_13571629299_stopped,cluster_10564135212_13571629279_13571629299_accumulated_waiting_time,cluster_10564135212_13571629279_13571629299_average_speed,agents_total_stopped,agents_total_accumulated_waiting_time
0.0,0,0.0,0.0,0.0,0,0.0,1.0,0,0.0,1.0,0,0.0,1.0,0,0.0,1.0,0,0.0
5.0,0,0.0,0.0,9.631016146519777,0,0.0,1.0,0,0.0,0.911388217106111,0,0.0,1.0,0,0.0,0.9272933569150619,0,0.0
10.0,0,0.0,0.0,8.12415703172526,0,0.0,1.0,0,0.0,0.9385133903526304,0,0.0,1.0,0,0.0,0.9972659497338956,0,0.0
15.0,0,0.0,0.0,7.782800972888028,0,0.0,1.0,0,0.0,0.984428364196196,0,0.0,1.0,0,0.0,0.9487414354518712,0,0.0
20.0,0,0.0,0.0,8.323816343634741,0,0.0,1.0,0,0.0,0.9783167773456567,0,0.0,1.0,0,0.0,0.9594711483711216,0,0.0
25.0,0,0.0,0.0,8.484111907400191,0,0.0,1.0,0,0.0,0.9566147237272646,0,0.0,0.9496626328406601,0,0.0,0.9461616607303638,0,0.0
30.0,2,5.0,0.4166666666666667,6.019920538067761,0,0.0,1.0,0,0.0,0.5038728439670271,1,2.0,0.0019575937808626142,1,3.0,0.4891101189433465,2,5.0
35.0,3,19.0,1.3571428571428572,6.201377457933197,0,0.0,1.0,1,4.0,0.4772980891002575,1,7.0,0.0,1,8.0,0.4815940377908677,3,19.0
40.0,3,34.0,2.0,5.716724149761509,0,0.0,1.0,1,9.0,0.08450787663376182,1,12.0,0.0,1,13.0,0.6511065544396718,3,34.0
45.0,2,35.0,1.9444444444444444,5.818800882940398,0,0.0,1.0,0,0.0,0.7255724413250213,1,17.0,0.0,1,18.0,0.5606791431519246,2,35.0
50.0,2,25.0,1.25,7.093338030781585,0,0.0,1.0,0,0.0,0.9450718762310418,0,0.0,1.0,2,25.0,0.3302711140363833,2,25.0
55.0,2,35.0,1.5909090909090908,8.165703229778849,0,0.0,1.0,0,0.0,0.9061925857806068,0,6.0,0.8816373138441932,2,35.0,0.35887635669678986,2,41.0
60.0,2,45.0,1.9565217391304348,7.916881151387426,0,0.0,1.0,0,0.0,0.9514664709713796,0,3.0,0.9382200570696172,2,45.0,0.30840849932681813,2,48.0
65.0,2,55.0,2.391304347826087,7.320740723486017,0,0.0,1.0,0,0.0,0.9783383390871953,0,3.0,0.7295592339665444,2,55.0,0.2524828718928505,2,58.0
70.0,2,8.0,0.3333333333333333,6.900728051235162,0,0.0,1.0,0,0.0,0.874327959102641,1,8.0,0.7186060167546618,0,0.0,0.48143623336897445,1,8.0
75.0,4,20.0,0.7692307692307693,6.458309144366025,0,0.0,1.0,1,2.0,0.33447077770270783,2,19.0,0.580214476841321,0,0.0,0.9560272246509631,3,21.0
80.0,2,22.0,0.7857142857142857,7.55621454257174,0,0.0,1.0,1,7.0,0.6123829757246801,1,18.0,0.7371261342338477,0,0.0,0.9622158129424232,2,25.0
85.0,3,33.0,1.1,8.432008719443559,1,1.0,0.005199153799657596,1,12.0,0.8170648639770769,1,23.0,0.7568296234881636,0,0.0,0.9362979805677079,3,36.0
90.0,3,48.0,1.6551724137931034,7.614381984295614,1,6.0,1.3246190077704327e-05,1,17.0,0.702814105536314,1,28.0,0.6766366291172846,0,0.0,0.9299405716363182,3,51.0
95.0,8,78.0,2.4375,6.7225397913322755,1,11.0,0.0,2,27.0,0.7133197111246256,5,43.0,0.005091861233069672,0,0.0,0.953100756663633,8,81.0
100.0,11,127.0,3.735294117647059,6.7538621901848535,1,16.0,0.0,3,39.0,0.6038433742832447,6,73.0,0.1332779966591024,1,2.0,0.6341097890564988,11,130.0
105.0,8,122.0,3.696969696969697,6.3346387414657945,0,0.0,1.0,1,15.0,0.7939139244586562,6,103.0,0.0014770892085078056,1,7.0,0.6158160716013632,8,125.0
110.0,8,133.0,3.5945945945945947,6.287174925140689,0,0.0,1.0,1,20.0,0.79474280781344,5,100.0,4.010996797378141e-06,1,12.0,0.6985538894504567,7,132.0
115.0,8,169.0,4.447368421052632,7.085714365665299,0,6.0,0.7009224564167524,1,25.0,0.6002046876271363,5,131.0,0.24391957964943936,2,19.0,0.47407083503773106,8,181.0
120.0,8,209.0,5.358974358974359,7.423132956070351,0,0.0,1.0,1,30.0,0.6239692223792788,5,156.0,0.3567026672139304,2,29.0,0.2635960299645036,8,215.0
125.0,8,218.0,5.45,7.873674898350819,0,0.0,1.0,0,0.0,0.8257339346672177,5,181.0,0.42595890381707907,3,43.0,0.24746235283662035,8,224.0
130.0,4,99.0,2.357142857142857,6.696004681276938,0,0.0,1.0,0,0.0,0.5495163461269877,4,142.0,0.3780828031971856,0,8.0,0.39851638733206746,4,150.0
135.0,4,84.0,2.1538461538461537,8.002548846059163,0,0.0,1.0,1,5.0,0.48883947415754836,3,91.0,0.5781242320428123,0,0.0,0.6109874107466173,4,96.0
140.0,5,106.0,2.789473684210526,7.592036468510416,0,0.0,1.0,1,10.0,0.47325680648707136,4,111.0,0.401107271222968,0,0.0,0.9383870220947379,5,121.0
145.0,10,147.0,3.769230769230769,6.625426708332081,0,0.0,1.0,1,15.0,0.6330010678832828,7,144.0,0.3312081069090543,0,0.0,0.9466337526496144,8,159.0
150.0,9,79.0,1.9268292682926829,6.001385124758988,0,0.0,1.0,2,22.0,0.31326253840070856,5,107.0,0.31378103411870933,0,0.0,0.9723381493894462,7,129.0
155.0,8,98.0,2.3902439024390243,6.686127174267352,0,3.0,0.9173531004579429,2,32.0,0.3217302623800351,6,86.0,0.28714312108408835,0,0.0,0.9227438533825673,8,121.0
160.0,11,146.0,3.65,5.873375295943421,0,0.0,1.0,2,42.0,0.4394020860680897,8,122.0,0.14402354298810444,1,3.0,0.6336429168515332,11,167.0
165.0,14,211.0,5.023809523809524,5.110269178043517,0,0.0,1.0,2,52.0,0.21279732309643387,10,170.0,0.1527338743974805,1,8.0,0.4838412342842807,13,230.0
170.0,14,264.0,6.0,4.587738670178173,0,0.0,1.0,3,67.0,0.2865007247111213,9,200.0,0.04532168752509299,2,18.0,0.2970505664303897,14,285.0
175.0,15,326.0,7.2444444444444445,5.769281321942931,0,0.0,1.0,3,82.0,0.3629669436126908,11,255.0,0.07854744953620246,1,10.0,0.3309157569048978,15,347.0
180.0,15,401.0,8.53191489361702,6.298882787829801,0,0.0,1.0,3,97.0,0.38777097545139527,11,313.0,0.1673630134143343,1,15.0,0.44849349296202023,15,425.0
185.0,15,476.0,9.916666666666666,5.887693447933231,0,0.0,1.0,3,112.0,0.3659899265842532,11,368.0,0.13432000144761122,1,20.0,0.5838008235300798,15,500.0
190.0,11,217.0,4.428571428571429,5.490997340732394,0,0.0,1.0,4,128.0,0.24773234666043567,3,126.0,0.1302467321823339,1,25.0,0.7088632210632672,8,279.0
195.0,8,180.0,3.75,6.1216032201084,0,3.0,0.4703079726137505,4,157.0,0.3704064987826989,1,60.0,0.35679043718737286,0,0.0,0.9554660181054103,5,220.0
200.0,11,230.0,4.6938775510204085,6.282800808452774,0,6.0,0.25004992203105486,5,179.0,0.444923237097807,2,15.0,0.0001691160695440024,0,0.0,0.9367573298909471,7,200.0
205.0,13,295.0,6.020408163265306,6.385910164574619,2,16.0,0.022051259104387096,5,204.0,0.5140147411586604,2,25.0,0.31589302759411436,0,0.0,0.9319798092535642,9,245.0
210.0,14,340.0,6.666666666666667,5.652648296343737,2,26.0,0.004074189264435673,5,229.0,0.47856102956417546,2,35.0,0.3282425402342862,0,0.0,0.6707291186059777,9,290.0
215.0,18,402.0,7.730769230769231,5.109177455784647,3,40.0,0.001233716768258227,7,262.0,0.5004405581775369,2,45.0,0.3436580783254874,2,7.0,0.3172994787897721,14,354.0
220.0,19,495.0,9.166666666666666,5.702941390400354,3,55.0,0.00010978035751813323,7,294.0,0.4739447499213753,2,55.0,0.4635055002990387,2,17.0,0.47930371395349664,14,421.0
225.0,19,508.0,9.407407407407407,4.95603418555058,3,70.0,1.9963325788202024e-05,7,316.0,0.2673917785293441,2,65.0,0.36743542677761354,2,27.0,0.368001126406156,14,478.0
230.0,14,464.0,8.592592592592593,4.7487256735065095,0,18.0,0.02567217300071313,8,352.0,0.12101009434505149,3,77.0,5.4225702912230236e-05,3,41.0,0.24335768739890815,14,488.0
235.0,16,538.0,9.781818181818181,5.460988868511121,0,0.0,1.0,10,398.0,0.09444406905684768,3,92.0,0.0,3,56.0,0.37238865584768654,16,546.0
240.0,20,626.0,10.982456140350877,4.961372834622193,0,0.0,1.0,13,455.0,0.0634929735548805,3,145.0,0.09815069800125224,3,71.0,0.29394801002148746,19,671.0
245.0,7,137.0,2.4909090909090907,4.708392156339895,0,0.0,1.0,1,124.0,0.12513358500492236,4,163.0,0.00024218659640636066,0,31.0,0.4939034002337833,5,318.0
250.0,8,157.0,2.8035714285714284,5.860644300376296,0,0.0,1.0,0,11.0,0.5313156244222189,4,191.0,0.26838432688700203,0,0.0,0.9748072300071988,4,202.0
255.0,6,170.0,3.0357142857142856,6.769269594597461,0,0.0,1.0,0,0.0,0.914202637840395,5,221.0,0.2570468132457246,0,0.0,0.9573210931081784,5,221.0
260.0,9,205.0,3.5964912280701755,6.999286839436044,0,0.0,1.0,1,1.0,0.44828719755678265,8,259.0,0.42598571449135536,0,0.0,0.9565605237527478,9,260.0
265.0,10,252.0,4.421052631578948,7.2866532524906855,0,0.0,1.0,2,8.0,0.45130931741749136,8,314.0,0.46997859721765767,0,0.0,0.9559047968072283,10,322.0
270.0,6,243.0,4.418181818181818,7.352761933475541,0,0.0,1.0,2,20.0,0.5656950375697308,4,299.0,0.5062978858486781,0,0.0,0.9760847225818051,6,319.0
275.0,7,278.0,4.964285714285714,7.4476378219342525,0,0.0,1.0,2,39.0,0.46380233263287984,5,312.0,0.6080261269078173,0,0.0,0.4913947731261523,7,351.0
280.0,11,329.0,6.092592592592593,7.201770063230492,0,0.0,1.0,5,58.0,0.45704573806686305,5,328.0,0.46860289454694665,1,5.0,0.48583851705477993,11,391.0
285.0,11,377.0,6.732142857142857,7.505671220093457,0,0.0,0.8429256468426604,5,76.0,0.4769537092542878,5,353.0,0.42614287305049614,1,5.0,0.4811071170433609,11,434.0
290.0,10,270.0,4.7368421052631575,7.255603027433707,0,0.0,1.0,5,101.0,0.4728629424791217,5,278.0,0.2056756639652323,0,0.0,0.8088984731960159,10,379.0
295.0,9,292.0,5.0344827586206895,7.44827017811574,0,0.0,1.0,5,126.0,0.5054733843053411,4,183.0,0.4449956371131866,0,0.0,0.8904923806085587,9,309.0
300.0,10,341.0,5.779661016949152,7.582142810021717,0,0.0,1.0,5,151.0,0.5498449415221675,5,205.0,0.42546654946822476,0,0.0,0.9265309538482339,10,356.0
305.0,14,402.0,6.813559322033898,6.800392355161119,0,0.0,1.0,5,173.0,0.45925675609137934,8,241.0,0.3317134952535977,0,0.0,0.9199929559817158,13,414.0
310.0,19,484.0,8.491228070175438,5.472228543137451,0,0.0,1.0,8,203.0,0.3237509878038144,9,284.0,0.18120225941755486,0,0.0,0.9614547753844672,17,487.0
315.0,20,576.0,10.666666666666666,5.647950732281308,0,0.0,1.0,9,248.0,0.3052142799869525,11,338.0,0.1426449012841446,0,0.0,0.9613660732000555,20,586.0
320.0,22,682.0,12.178571428571429,5.260953892413057,0,0.0,1.0,10,298.0,0.2226452648079158,11,393.0,0.09561044296805986,1,2.0,0.4931547159518942,22,693.0
325.0,22,578.0,9.796610169491526,5.193106183212851,0,0.0,1.0,8,222.0,0.1987797881246472,12,453.0,0.07724590820658621,1,7.0,0.6362935111544007,21,682.0
330.0,18,394.0,7.163636363636364,5.3386127398085845,0,0.0,1.0,7,114.0,0.26005603106901826,10,379.0,0.08430018571160945,1,12.0,0.37756169368481035,18,505.0
335.0,15,349.0,6.345454545454546,5.939276998435957,0,0.0,1.0,7,149.0,0.1935431428049325,7,286.0,0.23814204736535224,0,0.0,0.5825007969401946,14,435.0
340.0,18,433.0,7.872727272727273,6.148812624832576,0,0.0,1.0,8,189.0,0.16542035074818923,7,274.0,0.30412577773697863,0,0.0,0.9716076844557593,15,463.0
345.0,11,307.0,5.482142857142857,5.424133962100856,0,0.0,1.0,1,58.0,0.25092607811571854,7,287.0,0.212754089220497,0,0.0,0.9338388742365585,8,345.0
350.0,5,84.0,1.5849056603773586,5.823357546416498,0,0.0,1.0,0,0.0,0.6698197295325988,1,67.0,0.4333722883941925,0,0.0,0.9668213764764202,1,67.0
355.0,6,72.0,1.309090909090909,6.79704905678581,0,9.0,0.5758521748571693,1,12.0,0.5775106474148767,1,55.0,0.7913853276959362,0,0.0,0.9508307227437096,2,76.0
360.0,7,96.0,1.7777777777777777,6.706677735729535,1,11.0,0.1279816975539486,1,17.0,0.6776353670875466,1,60.0,0.8058097856975618,1,1.0,0.4719184546360994,4,89.0
365.0,11,147.0,2.5789473684210527,6.997303754111126,3,26.0,0.013965534309262522,2,27.0,0.7510889158875033,1,65.0,0.7996864147936841,1,6.0,0.6130195090207265,7,124.0
370.0,12,203.0,3.625,6.498557460478563,3,41.0,0.002628043905025603,2,34.0,0.6543483498729644,1,67.0,0.7553450702946076,2,12.0,0.33310887012179113,8,154.0
375.0,7,65.0,1.1607142857142858,6.238628105310502,0,3.0,0.0444610916427029,3,47.0,0.6524666192703981,2,5.0,0.5462605180970553,2,22.0,0.3108291790998403,7,77.0
380.0,7,70.0,1.206896551724138,7.107337299610472,0,0.0,1.0,3,59.0,0.657995412855143,3,16.0,0.42457394353229444,0,0.0,0.9282071286673074,6,75.0
385.0,9,109.0,1.8793103448275863,6.898268214492642,0,0.0,1.0,5,78.0,0.3111782475955284,3,37.0,0.29281168167050986,0,0.0,0.9518477836112753,8,115.0
390.0,13,167.0,2.9298245614035086,6.657222008427482,0,0.0,1.0,8,113.0,0.12493524649569912,4,52.0,0.2769778278901609,0,0.0,0.9564825969322719,12,165.0
395.0,9,166.0,2.8620689655172415,6.333455585147513,0,0.0,1.0,8,153.0,0.05164020653359349,0,28.0,0.486866105073204,0,0.0,0.9890335669692785,8,181.0
400.0,12,219.0,3.65,6.639195388836002,0,3.0,0.5979402045404077,10,202.0,0.17274921364412896,1,20.0,0.33344555873094306,0,0.0,0.9575110762652683,11,225.0
405.0,9,161.0,2.875,6.736317335852034,0,0.0,0.8354876776490681,7,178.0,0.36215768500065143,1,25.0,0.0,0,0.0,0.9481242384192878,8,203.0
410.0,8,168.0,3.111111111111111,7.397217323503513,0,0.0,1.0,6,151.0,0.44339167632540055,1,30.0,0.0,0,0.0,0.9568837672182523,7,181.0
415.0,9,210.0,3.75,7.17584687925598,0,0.0,1.0,6,196.0,0.4574703532586882,1,38.0,0.47839118621981735,0,0.0,0.9985513725078545,7,234.0
420.0,8,212.0,3.7857142857142856,7.400956052949256,0,0.0,1.0,6,218.0,0.487387921780345,2,48.0,0.6232593833821437,0,0.0,0.5113171190118652,8,266.0
425.0,10,258.0,4.607142857142857,7.228195087421781,0,0.0,1.0,6,238.0,0.46354318635168834,3,59.0,0.5911205204450495,1,5.0,0.4930002051391671,10,302.0
430.0,11,300.0,5.555555555555555,6.8144540492336,0,0.0,1.0,8,261.0,0.24459123183351159,3,74.0,0.6323615793696964,0,0.0,0.9393812009787245,11,335.0
435.0,11,334.0,6.072727272727272,6.1542519532481155,0,0.0,1.0,8,292.0,0.07894267149919156,2,72.0,0.639493168406529,0,0.0,0.9475723633943562,10,364.0
440.0,18,407.0,7.4,5.452741685392828,0,0.0,1.0,12,340.0,0.14378141120662163,3,83.0,0.6579437827777659,0,0.0,0.9618519137672868,15,423.0
445.0,17,481.0,8.907407407407407,5.77258071111673,0,0.0,1.0,11,384.0,0.25761496860643085,3,95.0,0.6038353491811388,0,0.0,0.9759051632626046,14,479.0
450.0,20,573.0,10.418181818181818,5.663470892405631,0,0.0,1.0,11,442.0,0.257082862236174,4,111.0,0.42729126379337856,0,0.0,0.9807430534954171,15,553.0
455.0,20,584.0,10.428571428571429,5.494557116051744,0,0.0,1.0,11,497.0,0.2603252940131019,3,56.0,0.036306917193628066,0,0.0,0.9407176346733931,14,553.0
460.0,18,637.0,11.796296296296296,5.632874343465085,0,0.0,1.0,11,557.0,0.22078658539701396,3,21.0,0.0,1,2.0,0.6241657204658724,15,580.0
465.0,20,733.0,13.574074074074074,5.552668771848814,0,0.0,0.9034766820558408,11,612.0,0.1594871095115493,3,36.0,0.2340998073862845,1,7.0,0.6212115007595537,15,655.0
470.0,17,721.0,13.10909090909091,5.354105373283247,0,0.0,1.0,12,669.0,0.13199760377534306,3,51.0,0.38523053122139517,0,0.0,0.9382964093798299,15,720.0
475.0,17,784.0,14.254545454545454,6.065019821238796,0,0.0,1.0,14,727.0,0.10009024644058999,3,69.0,0.30744504252279203,0,0.0,0.9802982565597335,17,796.0
480.0,22,879.0,15.981818181818182,5.021777588686809,0,0.0,1.0,17,804.0,0.05506723444194122,4,123.0,0.42217764011062886,0,0.0,0.9442829544588547,21,927.0
485.0,13,201.0,3.6545454545454548,4.323272097878201,0,0.0,1.0,6,346.0,0.1532845367857484,6,148.0,0.12837238040678267,0,0.0,0.9368398521010192,12,494.0
490.0,14,189.0,3.375,5.17565580241911,0,0.0,1.0,2,109.0,0.391826508246898,8,186.0,0.10290994907916279,0,0.0,0.959750928798998,10,295.0
495.0,12,174.0,3.0,6.054771154093044,0,0.0,1.0,2,53.0,0.26221083722031485,6,150.0,0.3553260941940636,0,0.0,0.9372108967351086,8,203.0
500.0,13,194.0,3.288135593220339,6.499314040649353,0,3.0,0.5974538945402059,4,56.0,0.3282044332322031,8,181.0,0.4428762383846342,0,0.0,0.9327846117106028,12,240.0
505.0,13,253.0,4.216666666666667,6.956252878901496,1,6.0,6.770774748468993e-05,4,96.0,0.4360824578009774,8,218.0,0.43732587203151585,0,0.0,0.9578579213911897,13,320.0
510.0,13,318.0,5.3,7.194744348075504,1,11.0,0.0,4,116.0,0.3239245222324383,8,258.0,0.4438571178382898,0,0.0,0.9816773032839033,13,385.0
515.0,9,199.0,3.618181818181818,6.628035727931952,1,16.0,0.0,6,144.0,0.13403524949595264,2,130.0,0.6000629310188709,0,0.0,0.48258783808896394,9,290.0
520.0,9,231.0,4.4423076923076925,6.968688988270598,0,3.0,0.42881110075465934,7,182.0,0.18477623216636482,2,113.0,0.6000921547561198,0,0.0,0.939155239024784,9,298.0
525.0,8,262.0,5.137254901960785,8.089161691657385,0,0.0,0.9917676651304481,6,209.0,0.4411770478778853,2,123.0,0.5626463533902931,0,0.0,0.955991209454943,8,332.0
530.0,8,302.0,5.69811320754717,8.35870066095842,0,0.0,0.9187420769311524,6,239.0,0.4419827891108048,2,130.0,0.308748677701387,0,0.0,0.9966323189200494,8,369.0
535.0,8,342.0,6.452830188679245,7.519835498400994,0,0.0,1.0,6,269.0,0.4832650377983398,2,143.0,0.4897931647171922,0,0.0,0.9563579288952769,8,412.0
540.0,12,391.0,7.109090909090909,7.311245358453208,0,0.0,1.0,6,300.0,0.5093378694874094,4,159.0,0.317259371951831,0,0.0,0.9551348172453226,10,459.0
545.0,13,452.0,8.071428571428571,6.678219830234279,0,0.0,1.0,7,331.0,0.5010574122677469,4,179.0,0.4105554436179259,0,0.0,0.9805720370329205,11,510.0
550.0,14,512.0,9.309090909090909,6.243847377996489,0,0.0,1.0,7,366.0,0.40849715493614086,5,201.0,0.2747528387920466,0,0.0,0.9386258364937882,12,567.0
555.0,20,603.0,11.377358490566039,5.366760406326463,0,0.0,1.0,12,417.0,0.23778415943933495,5,226.0,0.28192571801905764,0,0.0,0.9673163285450848,17,643.0
560.0,23,700.0,13.461538461538462,4.700294744946995,0,0.0,1.0,13,479.0,0.17450063457841733,4,239.0,0.40651050004588063,0,0.0,0.9760398285504314,17,718.0
565.0,25,821.0,15.203703703703704,4.329327017350563,0,0.0,1.0,14,549.0,0.13059382508515807,4,256.0,0.17979000088271152,0,0.0,0.6159537292850172,18,805.0
570.0,20,840.0,15.849056603773585,4.310949966720027,0,0.0,1.0,9,525.0,0.2317175973870459,4,276.0,0.19379031481984596,1,5.0,0.49578147301411607,14,806.0
575.0,18,875.0,15.909090909090908,5.113899624485819,0,0.0,1.0,10,568.0,0.19437218871751283,4,296.0,0.17037533036391572,0,0.0,0.9706482877595485,14,864.0
580.0,14,685.0,12.232142857142858,6.098305196415846,0,0.0,1.0,11,619.0,0.14933331395609908,3,194.0,0.5011732321556039,0,0.0,0.9520715795114947,14,813.0
585.0,13,661.0,12.24074074074074,6.2776684913048895,0,0.0,1.0,11,677.0,0.24799104985926554,2,63.0,0.5611544510909788,0,0.0,0.9327012493845969,13,740.0
590.0,16,738.0,13.418181818181818,6.099454966938519,0,0.0,1.0,11,732.0,0.22585009195841363,5,43.0,0.4342467777939326,0,0.0,0.941126252863503,16,775.0
595.0,17,822.0,14.172413793103448,6.078263266391641,0,0.0,0.06337115150362878,12,791.0,0.23535087843213415,5,68.0,0.4336523513543862,0,0.0,0.8541691290311952,17,859.0
600.0,19,912.0,17.53846153846154,5.584549689910203,1,4.0,0.00021109302768129346,13,852.0,0.17357529280453787,5,93.0,0.44292242846515695,0,0.0,0.9594861670028973,19,949.0
605.0,17,959.0,19.18,5.73066247157604,1,9.0,0.0,13,917.0,0.1759573916487936,3,87.0,0.5002396303172515,0,0.0,0.9739056380453929,17,1013.0
610.0,18,1021.0,19.634615384615383,5.95680068077598,1,14.0,0.0,11,949.0,0.20276790368217087,5,89.0,0.3640327118614749,1,3.0,0.702559040243889,18,1055.0
615.0,19,1113.0,21.0,6.065143551530317,1,19.0,0.0,11,1001.0,0.19659003444566014,6,116.0,0.12124097325209902,1,8.0,0.7288811316627851,19,1144.0
620.0,21,1214.0,22.48148148148148,5.59384658228813,1,24.0,0.0,11,1056.0,0.1485532688017355,7,154.0,0.2841672671143633,2,14.0,0.3937306638721729,21,1248.0
625.0,20,1297.0,24.01851851851852,5.038632217498457,1,29.0,0.0,11,1111.0,0.14679319196968318,8,191.0,0.1990223291922148,0,4.0,0.659764506886399,20,1335.0
630.0,16,834.0,15.444444444444445,5.351032599366308,1,34.0,0.0,7,855.0,0.18984944363748968,8,237.0,0.28503390598306394,0,0.0,0.7941186955370567,16,1126.0
635.0,14,274.0,4.892857142857143,5.55155306285821,0,0.0,1.0,1,349.0,0.3516877393615828,10,281.0,0.1503266079349222,1,3.0,0.5602908576658963,12,633.0
640.0,15,345.0,6.052631578947368,6.139804087723364,0,0.0,1.0,2,123.0,0.3892076068474192,10,342.0,0.2805397977224295,1,8.0,0.4707230368499654,13,473.0
645.0,14,392.0,6.87719298245614,6.165330159676289,0,0.0,1.0,2,20.0,0.4690941793553076,10,366.0,0.20977245301983338,1,13.0,0.4725838900168557,13,399.0
650.0,12,415.0,7.155172413793103,6.106181720930346,0,0.0,1.0,1,25.0,0.523448100021884,10,416.0,0.21317416976664813,1,18.0,0.5569494715456274,12,459.0
655.0,15,480.0,8.135593220338983,6.500479141632001,0,0.0,1.0,1,2.0,0.47379640627744424,13,475.0,0.2929473381171659,1,23.0,0.6408830296653281,15,500.0
660.0,17,561.0,9.508474576271187,6.221200673555041,0,0.0,1.0,1,7.0,0.477879150692246,13,540.0,0.2957865893475489,2,30.0,0.32952945166848163,16,577.0
665.0,19,654.0,11.89090909090909,5.696570396400982,0,0.0,1.0,1,12.0,0.47890057289114446,13,608.0,0.35584217873711516,2,40.0,0.3249639870465017,16,660.0
670.0,18,721.0,12.220338983050848,6.0381797591451996,0,0.0,1.0,1,1.0,0.49922538511828424,13,673.0,0.3454636134406391,1,38.0,0.6568453504380979,15,712.0
675.0,19,801.0,13.576271186440678,5.494843466832677,0,0.0,1.0,1,6.0,0.6261222254969273,15,746.0,0.19926493219853827,1,43.0,0.6404572869020081,17,795.0
680.0,22,903.0,15.305084745762711,4.674416743172789,0,0.0,1.0,1,11.0,0.638014856136807,18,828.0,0.09494837752603869,1,48.0,0.45477721439033464,20,887.0
685.0,26,1025.0,16.80327868852459,4.360721024878694,0,0.0,1.0,1,16.0,0.6055029926810992,20,924.0,0.09894499106603316,1,53.0,0.6131523734009038,22,993.0
690.0,26,1150.0,18.852459016393443,4.3472587005026755,0,0.0,1.0,1,21.0,0.5361539878608356,20,1021.0,0.09994053682767817,1,58.0,0.4844928218504895,22,1100.0
695.0,17,396.0,6.711864406779661,4.060973488091537,0,0.0,1.0,2,30.0,0.41574693055846335,9,569.0,0.06720140744371537,2,67.0,0.48353347966093,13,666.0
700.0,10,155.0,2.719298245614035,4.356676480487815,0,3.0,0.6096811729051028,3,50.0,0.3722270888027821,2,234.0,0.22419731084376623,2,77.0,0.475956614938879,7,364.0
705.0,15,199.0,3.262295081967213,5.653781122970006,0,9.0,0.19180997262489513,4,67.0,0.5143892291802925,2,54.0,0.24075702758178044,3,88.0,0.43868706134839225,9,218.0
710.0,11,136.0,2.2666666666666666,5.918719618678608,3,24.0,0.09103611833728191,4,87.0,0.6576569964871057,2,27.0,0.0,0,5.0,0.6639157524477487,9,143.0
715.0,9,163.0,2.76271186440678,6.353387426341024,3,39.0,0.02023267849603188,3,99.0,0.7286524266190775,2,43.0,0.2675991409893707,0,0.0,0.9657062133340395,8,181.0
720.0,17,233.0,3.819672131147541,5.880181437305493,7,68.0,0.0086597959288665,3,114.0,0.7176893129635125,6,66.0,0.02388416705644043,0,0.0,0.9711759954049515,16,248.0
725.0,20,328.0,5.2063492063492065,5.824215572973231,9,109.0,0.001378863580619495,3,121.0,0.633346287936982,7,103.0,0.20104364053798549,0,0.0,0.693244357850428,19,333.0
730.0,21,406.0,6.655737704918033,4.964375534574456,9,154.0,0.0003147057878991911,4,139.0,0.3838497468880742,7,138.0,0.22661048463353156,1,4.0,0.490831103474172,21,435.0
735.0,17,361.0,5.82258064516129,5.251354060469277,9,199.0,5.0248565062266425e-05,0,0.0,0.6090389634061933,7,173.0,0.23328950752003863,1,9.0,0.49144466385474517,17,381.0
740.0,15,354.0,5.53125,5.776581707286386,9,244.0,1.2039718985046187e-05,0,0.0,0.8610480359139235,4,133.0,0.25307100631733553,2,14.0,0.47701651567449044,15,391.0
745.0,14,401.0,6.467741935483871,6.878078940445645,9,289.0,0.0,0,3.0,0.8722557550793729,3,118.0,0.6158814654502804,2,20.0,0.4373492706180988,14,430.0
750.0,16,475.0,7.786885245901639,7.251683045590613,9,334.0,0.0,0,6.0,0.8783623016374873,4,129.0,0.5985798846514064,2,30.0,0.5642632362907967,15,499.0
755.0,17,550.0,9.01639344262295,6.881521544601749,9,379.0,0.0,0,6.0,0.9568867578618294,5,150.0,0.527224787889291,2,40.0,0.5827416002261943,16,575.0
760.0,22,649.0,9.984615384615385,5.499277215411017,9,424.0,0.0,1,8.0,0.534375879499259,5,175.0,0.5179149011100459,2,50.0,0.3694072011991007,17,657.0
765.0,12,352.0,5.770491803278689,5.803874403064045,3,277.0,0.013811633816996108,2,17.0,0.6128714066639764,5,200.0,0.47582705996087904,0,0.0,0.729053748222175,10,494.0
770.0,8,249.0,4.368421052631579,6.786128924936927,0,137.0,0.27968716879990757,2,27.0,0.6461187353744152,5,227.0,0.4422040316019071,0,0.0,0.9022585043770579,7,391.0
775.0,9,171.0,2.9482758620689653,7.208259439997799,0,0.0,0.44030612993989143,4,38.0,0.36669284257111456,5,176.0,0.21206468884723292,0,0.0,0.9892826675055193,9,214.0
780.0,13,204.0,3.5172413793103448,7.505158168301026,0,0.0,1.0,5,58.0,0.34979379207178024,7,149.0,0.04458284315661457,0,0.0,0.9618420744332825,12,207.0
785.0,15,272.0,4.689655172413793,6.553276643214155,0,0.0,0.9759749062919242,5,83.0,0.14930535433513104,7,184.0,0.11327626106359787,0,0.0,0.49538323897321346,12,267.0
790.0,18,357.0,6.155172413793103,6.315878482507001,0,0.0,1.0,5,108.0,0.13823087821422342,7,219.0,0.20932624661022295,1,5.0,0.48952946141135306,13,332.0
795.0,22,455.0,7.844827586206897,5.910310310463979,0,0.0,1.0,6,137.0,0.318233219306862,7,254.0,0.11044102678096429,1,10.0,0.5819667133595078,14,401.0
800.0,24,571.0,10.773584905660377,4.942309601180523,0,0.0,1.0,6,167.0,0.31823427167052476,8,294.0,0.10012242081227157,2,16.0,0.30869972335698603,16,477.0
805.0,24,662.0,13.510204081632653,4.050993186576893,0,0.0,1.0,7,200.0,0.25725537596555736,8,334.0,0.11052381953280548,0,0.0,0.9903182672762583,15,534.0
810.0,25,786.0,15.411764705882353,3.9705249254612442,0,0.0,1.0,8,239.0,0.10380427647100632,8,380.0,0.0886494910203748,0,0.0,0.951478762644913,16,619.0
815.0,16,499.0,9.415094339622641,4.350836501941473,0,0.0,1.0,3,46.0,0.13853884262780114,9,404.0,0.00406704839236611,0,0.0,0.9636658090701551,12,450.0
820.0,14,490.0,9.074074074074074,6.20165484574125,0,0.0,1.0,3,38.0,0.37057417754614336,10,454.0,0.08456252788803854,0,0.0,0.9354202529426572,13,492.0
825.0,15,542.0,10.037037037037036,5.716558682325399,0,0.0,1.0,3,53.0,0.22588570795287288,10,510.0,0.30619955399215554,0,0.0,0.9734868986241011,13,563.0
830.0,14,605.0,10.803571428571429,6.634451557164549,0,0.0,1.0,3,60.0,0.4810812989133468,10,560.0,0.2986443478582685,0,0.0,0.9334679834368727,13,620.0
835.0,6,314.0,5.508771929824562,6.813196845940211,0,0.0,1.0,4,80.0,0.3120073171260425,2,285.0,0.5161903861803944,0,0.0,0.9470428003154894,6,365.0
840.0,6,255.0,4.396551724137931,7.092288584892183,0,3.0,0.7049947225152683,2,53.0,0.3237832713648516,3,255.0,0.6190152572381407,1,2.0,0.4765252433071078,6,313.0
845.0,6,275.0,4.910714285714286,7.815621276205148,0,0.0,1.0,1,14.0,0.7564025841219516,3,275.0,0.5789076676506169,1,7.0,0.46671034883072593,5,296.0
850.0,12,314.0,5.508771929824562,7.779518032314351,0,0.0,1.0,2,20.0,0.7292985162210232,6,295.0,0.36398634183471945,1,12.0,0.5315311511424944,9,327.0
855.0,11,352.0,6.175438596491228,7.2588172496652525,0,0.0,0.9936907183191515,2,30.0,0.7629883032195328,4,305.0,0.16065793391306932,1,17.0,0.3275690001294836,7,352.0
860.0,14,421.0,7.258620689655173,7.389951687461802,0,0.0,1.0,2,40.0,0.7596240714715197,6,324.0,0.23468197658960932,2,27.0,0.308978646215895,10,391.0
865.0,12,443.0,7.637931034482759,6.719114200378723,0,0.0,1.0,3,50.0,0.5915355485212375,6,353.0,0.1388899279437983,0,0.0,0.9799672056157279,9,403.0
870.0,11,438.0,7.821428571428571,6.622332226231078,0,0.0,1.0,5,67.0,0.33108048433081055,6,386.0,0.25829281718385044,0,0.0,0.9680281006644436,11,453.0
875.0,10,458.0,8.807692307692308,7.079019398295535,0,0.0,1.0,6,96.0,0.22573253234125265,4,374.0,0.40420035929411663,0,0.0,0.9777984501528064,10,470.0
880.0,5,393.0,8.020408163265307,6.974543719472242,0,6.0,0.6842059435404927,1,4.0,0.43598610004129995,4,391.0,0.1947605575270424,0,0.0,0.9864911565838099,5,401.0
885.0,5,418.0,8.36,7.867056007976737,0,0.0,1.0,1,9.0,0.684880710136938,4,411.0,0.4085729819049219,0,0.0,0.9624750564156408,5,420.0
890.0,5,443.0,8.686274509803921,8.68872176388124,0,0.0,1.0,1,26.0,0.8031178489414931,4,442.0,0.6204070019154028,0,0.0,0.4714547924828748,5,468.0
895.0,5,118.0,2.269230769230769,8.129570409708442,0,0.0,1.0,1,31.0,0.6898532049563724,3,263.0,0.37997655024231775,1,4.0,0.5258828954832467,5,298.0
900.0,4,42.0,0.8571428571428571,8.148620205318533,0,0.0,1.0,1,22.0,0.7352453259413358,2,73.0,0.4733983526164602,1,9.0,0.6490325759570542,4,104.0
905.0,5,63.0,1.2352941176470589,9.068074165605351,0,0.0,1.0,2,28.0,0.6947744109390096,2,27.0,0.6747598367991896,1,14.0,0.7282384539738245,5,69.0
910.0,6,92.0,2.090909090909091,8.125070372982691,0,0.0,1.0,3,42.0,0.5690655957643546,2,36.0,0.5595588210879329,1,19.0,0.6160310989899831,6,97.0
915.0,10,114.0,2.590909090909091,6.836849498363718,0,0.0,1.0,6,62.0,0.25467829436289136,2,27.0,0.3879909675052156,2,27.0,0.4862055073929035,10,116.0
920.0,10,133.0,2.891304347826087,5.2527438780837,0,3.0,0.40680784207386705,3,56.0,0.1786615780432592,2,37.0,0.32476414585826807,3,38.0,0.2110660943285711,8,134.0
925.0,15,157.0,3.2708333333333335,4.954065274112757,2,9.0,0.19885929217470266,5,79.0,0.26722776773245194,2,47.0,0.4858354152541908,0,5.0,0.26170014951180515,9,140.0
930.0,18,239.0,5.195652173913044,4.832737077696311,3,21.0,0.12672562647707283,5,104.0,0.27725195536653074,2,66.0,0.5387869575599049,0,0.0,0.7546284437639803,10,191.0
935.0,20,333.0,7.744186046511628,4.1531467124898125,4,38.0,0.012592309453017467,5,129.0,0.35636374196369835,2,76.0,0.2840270734142302,0,0.0,0.966321897323965,11,243.0
940.0,26,452.0,9.826086956521738,4.139955968388652,5,59.0,0.0011459782285042296,5,154.0,0.3552249570921882,5,100.0,0.2764856232531164,0,0.0,0.9811405824814471,15,313.0
945.0,22,429.0,9.326086956521738,4.369425884714694,5,84.0,0.00036062691511617854,1,81.0,0.5819593026317799,5,125.0,0.3593094757133876,0,0.0,0.9549322588439186,11,290.0
950.0,23,512.0,11.130434782608695,4.2242825133839235,5,109.0,9.486002598984959e-05,0,3.0,0.9618373761971644,6,148.0,0.2596054869878508,0,0.0,0.9832588849896763,11,260.0
955.0,17,360.0,7.659574468085107,5.15834842179974,5,134.0,1.7565703844891138e-05,0,0.0,0.9507314265976198,5,122.0,0.2604815237666202,0,0.0,0.9854890432705328,10,256.0
960.0,18,381.0,7.9375,5.326873667798428,5,159.0,3.819317059037639e-06,1,4.0,0.6452018845862137,6,108.0,0.3217714930995191,1,1.0,0.49996197925501235,13,272.0
965.0,21,481.0,10.688888888888888,4.728260142927436,6,185.0,0.00020389740471540136,2,13.0,0.5745803620568504,6,138.0,0.3120490647279507,1,6.0,0.47149914159216233,15,342.0
970.0,15,401.0,8.717391304347826,4.956619290232468,6,215.0,0.0,2,23.0,0.5482412708052864,6,168.0,0.28533239747176287,0,0.0,0.9708808165791614,14,406.0
975.0,15,463.0,9.448979591836734,5.500970256498708,6,245.0,0.0,2,33.0,0.6386333678907329,6,198.0,0.22968928209200506,0,0.0,0.9743958011199848,14,476.0
980.0,16,539.0,11.0,4.806786962959997,6,275.0,0.0,3,44.0,0.447727521657222,6,228.0,0.11754567859628234,0,0.0,0.9611585673180932,15,547.0
985.0,19,627.0,12.54,5.196931706229057,6,305.0,0.0,3,56.0,0.5321374952758324,9,266.0,0.08996156364393794,0,0.0,0.9570607024138222,18,627.0
990.0,20,724.0,14.775510204081632,5.5319101261206125,6,335.0,0.0,3,71.0,0.4706461721700241,10,313.0,0.08709067615309779,0,0.0,0.9472777596720884,19,719.0
995.0,21,825.0,15.865384615384615,5.15134880800783,6,365.0,0.0,4,87.0,0.21866653887375623,10,373.0,0.15913090314256226,0,0.0,0.8950379830052051,20,825.0
1000.0,21,906.0,17.423076923076923,5.111951550122024,6,395.0,0.0,4,107.0,0.15955693768430548,10,413.0,0.1511245967518072,1,3.0,0.47841332480314114,21,918.0
1005.0,21,1011.0,19.823529411764707,5.202874899702164,6,425.0,0.0,4,127.0,0.3162139812905129,10,463.0,0.15840216621546957,1,8.0,0.6384510268342233,21,1023.0
1010.0,21,1116.0,20.29090909090909,5.419734232780022,6,455.0,0.0,4,182.0,0.42464489309406506,10,513.0,0.15534219487654724,1,13.0,0.7267919053433248,21,1163.0
1015.0,20,1203.0,23.134615384615383,5.686259275084743,6,485.0,0.0,4,232.0,0.5120748061490754,10,563.0,0.16144631500934173,0,0.0,0.9720282854215975,20,1280.0
1020.0,12,769.0,14.50943396226415,5.636355214893,6,515.0,0.0,4,282.0,0.4356243252943672,2,232.0,0.2497747987357831,0,0.0,0.9302771366320134,12,1029.0
1025.0,8,546.0,10.30188679245283,5.879366489852152,6,545.0,0.0,2,73.0,0.515977084963734,0,108.0,0.27834917619081834,0,0.0,0.9731034553797128,8,726.0
1030.0,10,591.0,10.553571428571429,6.6098918131045865,6,581.0,0.026935561423359906,4,91.0,0.571220615227913,0,0.0,0.57914666912375,0,0.0,0.8969900248839087,10,672.0
1035.0,11,642.0,11.672727272727272,7.405870475779358,6,611.0,0.010602852682821353,5,112.0,0.6005563344074881,0,9.0,0.9584830087435052,0,0.0,0.9564846249546586,11,732.0
1040.0,14,703.0,12.553571428571429,7.591543146833197,9,647.0,0.0017919244818181428,5,134.0,0.670156277508554,0,9.0,0.9494964679603168,0,0.0,0.9110033702298141,14,790.0
1045.0,11,692.0,11.931034482758621,7.0072101492734,9,691.0,0.0004422292246134881,1,80.0,0.6678154551422313,0,9.0,0.9505370149723575,0,0.0,0.9323578706822367,10,780.0
1050.0,5,118.0,2.0344827586206895,7.590062643133115,3,352.0,0.014844340431158246,1,11.0,0.7439932906557216,0,9.0,0.9543397091047906,0,0.0,0.9472954737193602,4,372.0
1055.0,4,19.0,0.3333333333333333,7.8189634012070055,0,114.0,0.22464169486811095,4,25.0,0.5567645679298794,0,9.0,0.9445690799014123,0,0.0,0.9284869816607093,4,148.0
1060.0,7,45.0,0.7894736842105263,7.2273622287791754,0,11.0,0.40951354887985614,6,50.0,0.27963484389174725,0,9.0,0.9382429878255508,1,1.0,0.4784716948651312,7,71.0
1065.0,9,64.0,1.0666666666666667,6.283479542435591,0,0.0,1.0,4,54.0,0.14206287923506022,3,14.0,0.33879423459247454,2,11.0,0.4058999647613823,9,79.0
1070.0,13,124.0,2.1379310344827585,5.857331533008544,0,0.0,1.0,7,86.0,0.05853441969270961,3,32.0,0.28134941411509656,3,25.0,0.3879090866107361,13,143.0
1075.0,19,209.0,3.732142857142857,5.166509523238043,0,0.0,1.0,11,137.0,0.07961708687392254,4,48.0,0.2614918017026484,3,40.0,0.19287907350980016,18,225.0
1080.0,21,304.0,5.735849056603773,5.245761530686353,0,0.0,1.0,11,192.0,0.14465683960864115,5,72.0,0.27161563465936106,4,60.0,0.3061974340127917,20,324.0
1085.0,5,60.0,1.1764705882352942,5.2894165387363525,0,0.0,1.0,3,95.0,0.3006614387805212,1,23.0,0.2565520366063474,1,43.0,0.5310635170631048,5,161.0
1090.0,1,1.0,0.018867924528301886,6.779711139527061,0,9.0,0.6667987013837428,1,44.0,0.40765676784073124,0,9.0,0.7274446874395226,0,19.0,0.736440443156866,1,81.0
1095.0,2,7.0,0.1346153846153846,7.3815737296195225,0,9.0,0.23334106703703963,2,7.0,0.6334749046038587,0,6.0,0.8161502224051427,0,0.0,0.9476599252441726,2,22.0
1100.0,6,31.0,0.5636363636363636,7.649659911027175,4,23.0,0.025449978371847527,2,17.0,0.7174181219257023,0,6.0,0.9502993551440663,0,0.0,0.9423980516262891,6,46.0
1105.0,5,35.0,0.6363636363636364,7.922425035331008,5,44.0,0.0035882737579678407,0,0.0,0.8128661682124569,0,6.0,0.9805521985486001,0,0.0,0.9421841444737542,5,50.0
1110.0,2,2.0,0.03773584905660377,7.6103064545579135,0,18.0,0.03995575940131165,1,1.0,0.7800428949489252,0,6.0,0.969277171581489,0,0.0,0.9646611378642878,1,25.0
1115.0,1,6.0,0.11538461538461539,7.983615211272831,0,0.0,1.0,1,6.0,0.7879770426481745,0,9.0,0.8230472794908185,0,0.0,0.948193821510542,1,15.0
1120.0,3,16.0,0.32,7.802326363210913,0,0.0,1.0,1,11.0,0.6442142690064765,2,14.0,0.5013339840273193,0,0.0,0.9630483490875964,3,25.0
1125.0,7,40.0,0.8333333333333334,7.2929537589649955,0,0.0,1.0,4,21.0,0.3529952160380979,3,28.0,0.3772313364630681,0,0.0,0.6728358268037775,7,49.0
1130.0,8,79.0,1.6808510638297873,6.746414607502178,0,0.0,1.0,4,41.0,0.2034280786536636,3,43.0,0.3840247204269028,1,4.0,0.6557098756698008,8,88.0
1135.0,9,116.0,2.4166666666666665,6.46977268562749,0,0.0,0.9281286824819082,5,66.0,0.24926420992767587,4,61.0,0.4810766718403466,0,0.0,0.9766597343805725,9,127.0
1140.0,10,162.0,3.5217391304347827,6.48325724942684,0,0.0,0.6695776555990453,6,92.0,0.31441786714122777,4,82.0,0.47598729183808813,0,0.0,0.9860970453611583,10,174.0
1145.0,10,121.0,2.813953488372093,5.712287435287215,1,3.0,0.0014869741456335576,1,26.0,0.515546187834157,8,109.0,0.17765644190228042,0,0.0,0.9967898804806006,10,138.0
1150.0,11,172.0,4.095238095238095,6.034536582874191,1,8.0,0.0,1,26.0,0.6177573906868596,9,150.0,0.09848701090162118,0,0.0,0.9748945812435309,11,184.0
1155.0,14,234.0,5.318181818181818,5.850242778591748,1,13.0,0.45596076746114056,4,38.0,0.19649685254829727,9,201.0,0.15996381198354895,0,0.0,0.8801372037835553,14,252.0
1160.0,15,309.0,6.717391304347826,5.784355292990799,1,18.0,0.0,4,58.0,0.19517780027126672,10,251.0,0.27643916144803055,0,0.0,0.9485743814941671,15,327.0
1165.0,13,332.0,7.0638297872340425,5.620651350767215,1,23.0,0.0,2,36.0,0.29514840775221246,10,301.0,0.2748684385061013,0,0.0,0.9660427846601727,13,360.0
1170.0,14,401.0,8.717391304347826,6.578887448230389,1,28.0,0.0,2,36.0,0.5113915668573952,10,354.0,0.30660634430840356,0,0.0,0.9403937476905826,13,418.0
1175.0,16,474.0,10.085106382978724,5.92999321768485,1,33.0,0.0,3,48.0,0.4238910428027219,11,405.0,0.3180285905498557,0,0.0,0.9535755934511969,15,486.0
1180.0,16,543.0,12.066666666666666,5.284390671404151,1,38.0,0.0,4,66.0,0.2857918151797089,11,457.0,0.2742168052910146,0,1.0,0.33459011541543293,16,562.0
1185.0,18,622.0,13.23404255319149,4.991981927110825,1,43.0,0.0,4,76.0,0.31748643013221317,11,512.0,0.17396247282337193,2,10.0,0.31355787088982107,18,641.0
1190.0,18,700.0,14.0,5.590109042663788,1,48.0,0.0,5,98.0,0.33046216384605515,12,572.0,0.1179633656829011,0,8.0,0.6534541133542145,18,726.0
1195.0,21,797.0,15.326923076923077,5.408100519440098,1,53.0,0.0,6,124.0,0.14235468045423952,14,644.0,0.15198808710880918,0,8.0,0.6401108623285562,21,829.0
1200.0,24,915.0,17.596153846153847,4.9404146022377695,1,58.0,0.0,6,154.0,0.1426543196833412,16,722.0,0.12473319100337035,1,13.0,0.6280287551770697,24,947.0
1205.0,26,1039.0,19.60377358490566,4.315922183952501,1,63.0,0.0,6,184.0,0.13407953054112773,18,806.0,0.09266720070608657,1,18.0,0.6504517283468298,26,1071.0
1210.0,16,533.0,9.350877192982455,4.8476216048938,1,68.0,0.0,6,214.0,0.1368446721276175,7,456.0,0.13987728441991465,1,23.0,0.6443273039896723,15,761.0
1215.0,10,350.0,6.140350877192983,5.6988761093860605,1,79.0,0.35261617095169545,6,250.0,0.3083686239336917,0,249.0,0.3976944556645301,2,31.0,0.4908111706221442,9,609.0
1220.0,11,401.0,6.913793103448276,6.380415393822915,1,78.0,0.588889056503141,6,283.0,0.4845298542387315,0,79.0,0.7826784031113234,3,42.0,0.23555342502552995,10,482.0
1225.0,9,225.0,3.8135593220338984,7.2018341856934605,1,83.0,0.4231649655160026,2,186.0,0.6746865269115128,0,0.0,0.6304470077370364,4,57.0,0.19437114291409335,7,326.0
1230.0,6,43.0,0.7166666666666667,7.698187828982863,1,2.0,0.22357678353929292,1,8.0,0.8330125779751575,1,3.0,0.657353610028038,0,10.0,0.28890290743330604,3,23.0
1235.0,8,81.0,1.35,7.983628142447353,2,11.0,7.159153075351846e-05,1,13.0,0.8308689339535301,1,17.0,0.4857676485495755,0,0.0,0.9268065657977618,4,41.0
1240.0,10,83.0,1.4310344827586208,6.866983544876242,2,14.0,0.0,1,18.0,0.8229428727728532,5,39.0,0.22133248300228192,0,0.0,0.9646438563966724,8,71.0
1245.0,13,118.0,2.107142857142857,6.189598293196816,2,24.0,0.0,3,27.0,0.5754676473913382,7,74.0,0.20765176502495997,0,0.0,0.9774906160828242,12,125.0
1250.0,9,118.0,2.185185185185185,5.959046114812872,2,34.0,0.0,5,45.0,0.25784619390897434,2,53.0,0.42086705982468564,0,0.0,0.9749492512544709,9,132.0
1255.0,9,163.0,3.0185185185185186,6.105261945894143,2,47.0,0.1828725025925847,5,73.0,0.16703271333343403,2,51.0,0.5543031697926091,0,0.0,0.9631408942859709,9,171.0
1260.0,12,216.0,3.9272727272727272,6.220466055977736,2,57.0,0.03368005397639432,8,106.0,0.33973984695287723,2,72.0,0.5410094371045229,0,0.0,0.947312734046814,12,235.0
1265.0,6,144.0,2.6666666666666665,6.105889612261302,2,67.0,0.006845443287129279,1,28.0,0.47852044365089164,3,85.0,0.37795530474024713,0,0.0,0.8567239729938866,6,180.0
1270.0,6,125.0,2.272727272727273,6.266852404750422,3,80.0,0.001162996137289274,1,8.0,0.6172020396222612,1,56.0,0.37218539374939924,1,2.0,0.7006097559041935,6,146.0
1275.0,5,62.0,1.1481481481481481,7.6385938964447195,0,10.0,0.04264579042855229,2,11.0,0.6857910724247692,2,53.0,0.5592088085837427,1,7.0,0.5954074402353754,5,81.0
1280.0,6,91.0,1.6545454545454545,7.828062118668631,0,0.0,0.6403480419615295,2,21.0,0.7204878048014958,2,63.0,0.6840360505697031,2,16.0,0.3167042140700958,6,100.0
1285.0,5,97.0,1.8653846153846154,7.62154652583127,0,0.0,1.0,2,31.0,0.48242214531419664,2,73.0,0.6799743789052674,0,3.0,0.5392021353910583,4,107.0
1290.0,8,77.0,1.5098039215686274,6.7320662085860485,0,0.0,1.0,6,51.0,0.12648851368298972,1,34.0,0.5421608524992804,0,0.0,0.9616171044198603,7,85.0
1295.0,12,132.0,2.693877551020408,6.54514555352176,0,0.0,1.0,7,86.0,0.20818334409599915,4,49.0,0.4287040947348378,0,0.0,0.9551865164916762,11,135.0
1300.0,12,180.0,3.673469387755102,6.736879944477415,0,0.0,1.0,7,154.0,0.2911033802347583,5,74.0,0.27981609968365023,0,0.0,0.9548548362547932,12,228.0
1305.0,10,179.0,3.891304347826087,5.852550466283952,0,0.0,1.0,4,125.0,0.2875670473651531,6,99.0,0.02633373158995673,0,0.0,0.9546869227615113,10,224.0
1310.0,5,115.0,2.4468085106382977,5.5780393857303485,0,0.0,1.0,5,148.0,0.14028166160021371,0,25.0,0.27719520719465873,0,0.0,0.9351513727085713,5,173.0
1315.0,6,144.0,2.88,7.376851212302132,0,6.0,0.8312345337666154,6,180.0,0.2872808210548261,0,6.0,0.9633776998074566,0,0.0,0.9470045008053543,6,192.0
1320.0,6,174.0,3.5510204081632653,8.154861340878266,0,0.0,0.7802504066073003,6,213.0,0.47732084714545564,0,6.0,0.9679115468740823,0,0.0,0.6834139879151181,6,219.0
1325.0,8,212.0,4.416666666666667,7.785553341300061,0,0.0,1.0,6,243.0,0.43316548852707387,0,6.0,0.956327688360917,2,8.0,0.4838824388979335,8,257.0
1330.0,9,254.0,5.08,7.688783942549595,0,0.0,1.0,7,276.0,0.4066283557367812,0,6.0,0.9279794533323272,2,18.0,0.3640929235583905,9,300.0
1335.0,10,276.0,5.411764705882353,7.030454722513924,0,0.0,1.0,10,316.0,0.27924005917265543,0,6.0,0.9007998345241651,0,2.0,0.608192654475894,10,324.0
1340.0,12,330.0,6.346153846153846,6.4007611372548325,0,0.0,1.0,11,369.0,0.2553412843508595,1,7.0,0.6187362271552723,0,0.0,0.9884390786068704,12,376.0
1345.0,16,401.0,7.711538461538462,6.397772118807465,0,0.0,1.0,11,420.0,0.24216308672816078,5,23.0,0.315433049798912,0,0.0,0.9935781713768704,16,443.0
1350.0,9,192.0,3.9183673469387754,5.803934756311689,0,0.0,1.0,7,312.0,0.11406439639713054,2,17.0,0.3843719813144994,0,0.0,0.9994362967364824,9,329.0
1355.0,5,35.0,0.6730769230769231,7.004310729919537,0,0.0,1.0,2,165.0,0.2297002882955718,2,27.0,0.462411183168684,0,0.0,0.9367029993081198,4,192.0
1360.0,8,68.0,1.2830188679245282,6.954426504490652,0,3.0,0.29739274853606773,2,48.0,0.6222202844086367,3,42.0,0.43335225601475563,0,0.0,0.9762156230077828,5,93.0
1365.0,14,129.0,2.480769230769231,6.54026703045184,3,14.0,0.09213276436124133,2,31.0,0.6503915733265845,3,57.0,0.4594776070488024,0,0.0,0.943819306457018,8,102.0
1370.0,14,199.0,3.7547169811320753,6.22400750148408,3,29.0,0.010226471450113217,2,41.0,0.6754523064469982,3,72.0,0.5528219771799701,0,0.0,0.9627824201467855,8,142.0
1375.0,16,273.0,5.150943396226415,6.186022288734026,4,45.0,0.0017175139069379244,2,51.0,0.5566210001842947,3,87.0,0.6399835843929845,0,0.0,0.6458456872438009,9,183.0
1380.0,16,350.0,6.730769230769231,5.836416483456099,4,65.0,0.0005965059830907848,3,72.0,0.4277187713724383,3,102.0,0.6753925871447912,0,0.0,0.9494842236321841,10,239.0
1385.0,15,335.0,6.320754716981132,5.667270403185295,4,85.0,7.816463975579213e-05,4,88.0,0.4223798368581514,3,120.0,0.6002932412625159,0,0.0,0.9761317022463251,11,293.0
1390.0,16,347.0,6.196428571428571,5.812977133332029,4,105.0,1.4922777094512367e-05,5,104.0,0.39384976604131694,5,141.0,0.5204645245226129,0,0.0,0.9715096868131866,14,350.0
1395.0,17,384.0,6.620689655172414,4.898713009095085,4,125.0,0.0,6,135.0,0.19710286418664352,6,135.0,0.3246228017894277,0,0.0,0.981621066455373,16,395.0
1400.0,22,478.0,8.385964912280702,4.652306981945752,4,145.0,0.0,7,167.0,0.2729091019678909,8,173.0,0.33642916599599676,0,0.0,0.9793532117924723,19,485.0
1405.0,31,611.0,10.183333333333334,3.900349161586655,4,165.0,0.0,10,206.0,0.06430289150131863,10,219.0,0.23983807886494074,0,0.0,0.9653551449637463,24,590.0
1410.0,26,563.0,9.229508196721312,4.046308045883884,0,35.0,0.015149980072059976,11,259.0,0.026054424863796274,11,273.0,0.24732358592633036,0,0.0,0.7240849846360173,22,567.0
1415.0,10,230.0,3.7096774193548385,4.535417333906168,0,0.0,1.0,3,76.0,0.1181589240698246,4,214.0,0.23541782146782436,1,3.0,0.46658272205375456,8,293.0
1420.0,8,227.0,3.913793103448276,6.2321427600740815,0,0.0,1.0,3,58.0,0.30534266896620865,4,168.0,0.3035404408348095,1,8.0,0.48166126932452796,8,234.0
1425.0,8,267.0,4.52542372881356,7.730238518330592,0,0.0,1.0,3,76.0,0.542366695968227,4,197.0,0.505440148303461,1,5.0,0.7190192379733167,8,278.0
1430.0,7,289.0,4.982758620689655,7.599836543650433,0,0.0,0.933395038087672,3,91.0,0.48706529850059116,4,217.0,0.4744821322722308,0,0.0,0.9446959591376289,7,308.0
1435.0,7,324.0,5.684210526315789,7.71823214356749,0,0.0,1.0,3,106.0,0.5352611842403494,4,258.0,0.5265200096005128,0,0.0,0.9821482385747281,7,364.0
1440.0,8,363.0,6.722222222222222,8.034498961224608,0,0.0,1.0,3,121.0,0.5375457103542018,5,261.0,0.4359664891491285,0,0.0,0.9466176998711836,8,382.0
1445.0,9,408.0,7.846153846153846,7.439251579520941,0,0.0,1.0,3,136.0,0.3065673851926193,6,291.0,0.4766339592789656,0,0.0,0.9433400842576631,9,427.0
1450.0,15,467.0,8.98076923076923,5.962965313946603,0,0.0,1.0,6,160.0,0.1292559704388399,9,323.0,0.21843572703159087,0,0.0,0.9730652193261486,15,483.0
1455.0,19,556.0,11.12,5.130696836794332,0,0.0,1.0,7,195.0,0.11700136054368389,11,375.0,0.035983035601524486,0,0.0,0.9160268317476659,18,570.0
1460.0,16,607.0,11.901960784313726,5.1650621517594475,0,0.0,1.0,4,185.0,0.09444810383450893,11,430.0,0.06443534026956153,0,0.0,0.6834506610615604,15,615.0
1465.0,9,553.0,10.24074074074074,6.496219954302659,0,0.0,1.0,4,209.0,0.40492832689397135,4,365.0,0.29728280640854804,1,4.0,0.6196798489448004,9,578.0
1470.0,9,598.0,11.074074074074074,7.083485670366304,0,9.0,0.5504180880143226,4,231.0,0.4059337005419598,4,371.0,0.35754862116362757,1,9.0,0.7041796893529575,9,620.0
1475.0,12,653.0,11.872727272727273,7.2122463506631735,0,0.0,0.7047531170929164,5,256.0,0.4491783162929622,5,396.0,0.24744610466745945,2,17.0,0.480542642589762,12,669.0
1480.0,13,717.0,12.578947368421053,7.449733234941347,0,0.0,1.0,5,281.0,0.4754162668478017,6,425.0,0.3191895102615892,2,27.0,0.4506050170381621,13,733.0
1485.0,15,791.0,13.87719298245614,7.363796981044614,0,0.0,1.0,6,311.0,0.4563455478678751,6,455.0,0.24381303598069615,3,41.0,0.36877511900866466,15,807.0
1490.0,18,872.0,15.571428571428571,6.797644961557261,0,0.0,1.0,8,346.0,0.3279840527662439,7,486.0,0.12318022429349558,3,56.0,0.2685576326122817,18,888.0
1495.0,17,892.0,15.928571428571429,5.803770305610127,0,0.0,1.0,9,383.0,0.23681013014532187,7,518.0,0.11863797900345749,0,3.0,0.6444593840674967,16,904.0
1500.0,15,942.0,17.12727272727273,5.905527342892383,0,0.0,1.0,6,384.0,0.055730880346177,8,562.0,0.2131542358758056,0,0.0,0.9230955106377524,14,946.0
1505.0,15,692.0,12.357142857142858,6.1806045996773635,0,0.0,1.0,6,414.0,0.11781946680653135,8,438.0,0.00948119249240044,0,0.0,0.9895197057532177,14,852.0
1510.0,16,515.0,9.196428571428571,6.4315088577934265,0,0.0,1.0,6,444.0,0.136938201136398,5,220.0,0.2556385346275171,0,0.0,0.9677558696140944,11,664.0
1515.0,16,591.0,10.189655172413794,6.836874018640124,0,0.0,1.0,6,474.0,0.3234484693273418,5,118.0,0.29545962008947774,0,0.0,0.9580679365740861,11,592.0
1520.0,14,258.0,4.448275862068965,6.218440924831349,0,0.0,1.0,2,260.0,0.34146537601166066,6,115.0,0.23209044427125583,0,0.0,0.9345352461064513,8,375.0
1525.0,19,260.0,4.814814814814815,5.566863922425289,0,0.0,1.0,1,37.0,0.608389793507277,7,149.0,0.20770029645724133,0,0.0,0.9323476709086512,8,186.0
1530.0,13,178.0,3.2962962962962963,6.2171822637362295,0,0.0,1.0,1,37.0,0.675646874113028,1,25.0,0.48998084255119956,0,0.0,0.9612673990755176,2,62.0
1535.0,14,235.0,4.196428571428571,6.4191440366224475,0,3.0,0.7871089353980976,2,21.0,0.570838171038333,0,12.0,0.7409832567362691,0,0.0,0.9452238326900249,2,36.0
1540.0,17,312.0,5.777777777777778,4.857333263424727,1,8.0,0.016184307319170376,3,34.0,0.558206726966777,0,3.0,0.4815022149109872,1,2.0,0.48139137186524505,5,47.0
1545.0,21,411.0,7.339285714285714,4.759654349634786,3,22.0,0.1278098545312756,4,49.0,0.6130379788117515,1,4.0,0.00027505348362539606,0,0.0,0.9095813279572054,8,75.0
1550.0,18,342.0,5.796610169491525,5.475578563421463,3,37.0,0.008079140487965807,4,89.0,0.6523373899128906,1,12.0,0.49363287309916454,0,0.0,0.9418898250438817,8,138.0
1555.0,13,317.0,5.372881355932203,5.679552866741822,3,53.0,0.0034879112028584633,5,111.0,0.5862121283076032,0,3.0,0.4747223661727781,0,0.0,0.9848343455695521,8,167.0
1560.0,12,190.0,3.2203389830508473,5.652708545804223,4,73.0,0.0004454436209658508,7,145.0,0.41414656584963555,1,8.0,0.19724650959044612,0,0.0,0.9375308286391907,12,226.0
1565.0,16,262.0,4.366666666666666,5.5086910329021554,4,93.0,8.180533076319577e-05,9,187.0,0.331716207977972,2,17.0,6.613853971473164e-05,0,0.0,0.9390890047274058,15,297.0
1570.0,23,362.0,5.838709677419355,4.586145994978572,4,113.0,3.878912013123637e-05,13,244.0,0.11382036212640273,2,76.0,0.3060490469471074,0,0.0,0.7757974544622843,19,433.0
1575.0,29,495.0,8.25,4.015060061769038,4,133.0,3.1585220275561905e-06,13,309.0,0.0935657226310031,2,37.0,0.3221197276057793,2,7.0,0.49785673694407556,21,486.0
1580.0,22,398.0,6.524590163934426,4.26840970741015,4,153.0,0.0,6,176.0,0.17274629325822863,3,47.0,0.24932044841168616,2,17.0,0.4619858805649132,15,393.0
1585.0,7,164.0,2.6031746031746033,5.617378114143933,0,30.0,0.03274671063762942,5,177.0,0.40831159870908473,0,0.0,0.06242388938993488,0,0.0,0.6996110330980668,5,207.0
1590.0,5,169.0,2.6825396825396823,7.442605331561522,0,0.0,1.0,5,195.0,0.4453705837541793,0,15.0,0.7804992811622853,0,0.0,0.9675955241112006,5,210.0
1595.0,6,196.0,3.111111111111111,7.979758830162708,0,0.0,1.0,6,222.0,0.45652426302599475,0,9.0,0.9502475111520947,0,0.0,0.9408589174110803,6,231.0
1600.0,2,40.0,0.6666666666666666,8.356064660129721,0,0.0,1.0,2,196.0,0.6523851044721719,0,9.0,0.9159449847753538,0,0.0,0.9723684914129628,2,205.0
1605.0,5,17.0,0.2786885245901639,8.21572160071698,0,0.0,1.0,1,69.0,0.7100991254747271,0,9.0,0.949903004154667,0,0.0,0.9740800069245754,1,78.0
1610.0,10,59.0,1.0,7.79628418035585,0,0.0,1.0,2,27.0,0.7208850097487114,0,9.0,0.8657911499086296,0,0.0,0.9412278927149189,2,36.0
1615.0,11,94.0,1.6491228070175439,6.8832794663693635,0,0.0,1.0,2,37.0,0.7180594222310158,2,14.0,0.389012035041229,0,0.0,0.963687383235482,4,51.0
1620.0,13,116.0,2.1481481481481484,5.7695685236864325,0,0.0,1.0,2,31.0,0.4593189077455584,4,31.0,0.22322497843814368,0,0.0,0.925045863684848,6,62.0
1625.0,14,159.0,3.0576923076923075,5.175110267499088,0,0.0,1.0,5,56.0,0.29220476659450945,0,3.0,0.42994821520909343,0,0.0,0.990003833257792,5,59.0
1630.0,17,240.0,4.615384615384615,5.460801594085928,0,9.0,0.6137529690429323,8,92.0,0.19389644673899306,0,3.0,0.9717521436984793,0,0.0,0.9628373114837305,8,104.0
1635.0,21,331.0,6.12962962962963,4.488055610560223,2,11.0,0.16664938521316824,9,137.0,0.2206928338778611,0,3.0,0.9290077414858908,0,0.0,0.9841639113857736,11,151.0
1640.0,16,325.0,5.701754385964913,4.97516099406735,3,26.0,0.046082428842047087,4,67.0,0.4866306078176005,0,38.0,0.9370692851209206,0,0.0,0.9739179061087251,7,131.0
1645.0,21,417.0,7.446428571428571,4.928302062803003,6,49.0,0.0016255598413052455,4,87.0,0.5388187887218803,1,39.0,0.6438078072649981,0,0.0,0.9817131806891227,11,175.0
1650.0,22,520.0,9.285714285714286,4.949539778416431,6,79.0,0.0004926589345047423,4,107.0,0.5328138508744031,0,9.0,0.608524216277521,0,0.0,0.9570616355333191,10,195.0
1655.0,18,491.0,8.927272727272728,5.484264376795388,6,109.0,0.00011964506160767737,4,127.0,0.5370699530799571,1,14.0,0.7640695645050795,0,0.0,0.9550525233744709,11,250.0
1660.0,16,476.0,8.067796610169491,5.779141587947298,6,139.0,1.2197426277080068e-05,2,74.0,0.49809477862257295,1,19.0,0.7947063261160608,0,0.0,0.970735986455597,9,232.0
1665.0,16,529.0,9.280701754385966,6.068476502962857,6,169.0,0.0,2,16.0,0.541588108654485,1,24.0,0.8214909210548959,0,0.0,0.9268023506036571,9,209.0
1670.0,11,265.0,4.818181818181818,5.923043089007511,6,199.0,0.0,3,35.0,0.3945892644111309,0,9.0,0.9233246706023847,0,0.0,0.9634327538067443,9,243.0
1675.0,10,259.0,4.709090909090909,6.2014755909530175,6,229.0,0.0,4,50.0,0.28886999863577056,0,3.0,0.8216822472037233,0,0.0,0.9470076832364711,10,282.0
1680.0,11,311.0,5.654545454545454,5.991472520564545,6,259.0,0.03708286874278489,4,69.0,0.3584824596995435,1,81.0,0.744534662497758,0,0.0,0.9628422941224853,11,409.0
1685.0,8,91.0,1.6545454545454545,5.757759129247525,0,125.0,0.025249798640319388,5,84.0,0.33590318895267485,2,87.0,0.4677644124685944,1,1.0,0.652514321574781,8,297.0
1690.0,11,141.0,2.7115384615384617,5.766533668993669,0,0.0,0.1488270067184623,5,109.0,0.2715704906703365,2,158.0,0.5550105960989178,1,6.0,0.3494931176615063,8,273.0
1695.0,13,187.0,3.3392857142857144,6.354407193542928,0,0.0,0.3866716986148529,5,134.0,0.32882213232062657,3,169.0,0.36657617195241504,2,14.0,0.35383834837849876,10,317.0
1700.0,13,241.0,4.381818181818182,6.206072298521856,0,0.0,1.0,5,159.0,0.3400927363177062,3,184.0,0.04077573281387298,3,25.0,0.36372788436812653,11,368.0
1705.0,9,109.0,1.9464285714285714,6.379393718785541,0,0.0,1.0,1,24.0,0.22144091063304305,5,206.0,5.65887737775058e-05,3,40.0,0.38073299504785507,9,270.0
1710.0,10,158.0,2.8214285714285716,7.191252933860362,0,0.0,1.0,2,11.0,0.31167772198599225,5,231.0,0.26484237809834615,3,55.0,0.3908154927179486,10,297.0
1715.0,6,113.0,2.0545454545454547,7.243789801799673,0,0.0,1.0,2,21.0,0.5133727399978537,4,245.0,0.2930698644225875,0,22.0,0.5602928988260005,6,288.0
1720.0,6,143.0,2.803921568627451,8.437807743804125,0,0.0,1.0,2,31.0,0.47926867204748225,4,260.0,0.5233211080223281,0,0.0,0.8285589040871233,6,291.0
1725.0,6,173.0,3.5306122448979593,8.46579849067694,0,0.0,1.0,2,41.0,0.6028373655855176,4,274.0,0.48445185332039076,0,0.0,0.9506046932944792,6,315.0
1730.0,7,207.0,4.0588235294117645,7.865018452052631,0,0.0,1.0,3,55.0,0.6012585980729496,4,294.0,0.545827560868497,0,0.0,0.9577153057926553,7,349.0
1735.0,7,242.0,5.148936170212766,7.8021130119717395,0,0.0,1.0,3,70.0,0.5442161010131222,4,314.0,0.4849342446364535,0,0.0,0.963828851269809,7,384.0
1740.0,7,180.0,4.0,7.416252670494995,0,0.0,1.0,4,89.0,0.43927756926017014,3,203.0,0.26211279862889375,0,0.0,0.9329636644646835,7,292.0
1745.0,9,191.0,4.1521739130434785,7.673162940664586,0,0.0,1.0,5,112.0,0.425042008657182,3,83.0,0.2664894355198462,1,2.0,0.48123646860560687,9,197.0
1750.0,10,121.0,2.5208333333333335,6.542535238427348,0,0.0,1.0,2,65.0,0.5203252796904098,4,100.0,0.0025033222588143893,1,7.0,0.6533787127965244,7,172.0
1755.0,15,184.0,3.8333333333333335,5.705133218780946,0,0.0,1.0,3,26.0,0.1769414463284036,5,193.0,0.27212947956901395,1,12.0,0.5400308149784028,9,231.0
1760.0,19,270.0,6.0,5.423340167729493,0,0.0,1.0,5,50.0,0.16059885273545532,5,152.0,0.20714206588433526,2,21.0,0.31288140687144667,12,223.0
1765.0,18,334.0,6.816326530612245,5.056076932263621,0,0.0,1.0,6,75.0,0.06545973597161787,5,177.0,0.27033649297665646,0,0.0,0.9338463637589081,11,252.0
1770.0,12,319.0,6.510204081632653,5.109703160806539,0,0.0,1.0,0,0.0,0.3560954331780536,5,208.0,0.35343674529220315,0,0.0,0.9034772665765297,5,208.0
1775.0,12,339.0,7.369565217391305,5.463803251625353,0,0.0,1.0,0,0.0,0.7298883752792914,6,235.0,0.2565213661421831,0,0.0,0.942077931182702,6,235.0
1780.0,12,320.0,7.111111111111111,6.031959703567201,0,0.0,1.0,0,0.0,0.9531670812515655,9,282.0,0.33217062686758175,0,0.0,0.9484247652800388,9,282.0
1785.0,11,309.0,6.3061224489795915,6.310051835620132,0,0.0,1.0,0,0.0,0.9537309579556668,11,329.0,0.20426792833323218,0,0.0,0.9497291610919404,11,329.0
1790.0,2,119.0,2.38,6.661595285116887,0,0.0,1.0,0,0.0,0.687683054099977,2,183.0,0.38423343386256953,0,0.0,0.9405228812246107,2,183.0
1795.0,2,121.0,2.42,7.634289675281793,0,9.0,0.5185679150940943,1,6.0,0.6610837174724349,1,121.0,0.6683395421909781,0,0.0,0.9658083408199207,2,136.0
1800.0,2,131.0,2.7291666666666665,7.720299189965581,0,9.0,0.21273044949888062,1,17.0,0.734226311590714,1,126.0,0.7220362974211427,0,0.0,0.9706176794567669,2,152.0
1805.0,8,163.0,3.326530612244898,7.174306739659398,5,28.0,0.07268634340695104,2,25.0,0.5794186070122148,1,131.0,0.46107631865785165,0,0.0,0.7350372262317474,8,184.0
1810.0,8,51.0,1.0408163265306123,6.434172720822942,6,54.0,0.019705230754574747,0,9.0,0.881883352342706,0,13.0,0.34120150389505594,2,6.0,0.3147615029583662,8,82.0
1815.0,3,8.0,0.16,7.133222894871256,1,29.0,0.03278004220582575,0,13.0,0.9422347919916506,2,20.0,0.2560318861407517,0,0.0,0.9948030011904884,3,62.0
1820.0,3,18.0,0.3673469387755102,8.266910868142322,0,1.0,0.19715791798336194,0,13.0,0.942651118804678,3,43.0,0.345016169615191,0,0.0,0.9414575523314204,3,57.0
1825.0,5,39.0,0.78,8.314149642291238,0,0.0,1.0,1,11.0,0.7887271395968819,4,63.0,0.40049238090200423,0,0.0,0.9947787808993722,5,74.0
1830.0,11,79.0,1.58,7.289399337998961,0,0.0,1.0,4,23.0,0.27510972849771587,6,90.0,0.3099538148268312,0,0.0,0.9717201460701999,10,113.0
1835.0,13,143.0,2.803921568627451,6.785528453537496,0,0.0,1.0,5,69.0,0.2485884141171455,7,124.0,0.3162436436514115,0,0.0,0.9972845418700628,12,193.0
1840.0,17,220.0,4.0,6.311219366733006,0,0.0,1.0,7,100.0,0.20907929702561598,9,165.0,0.16470592042416135,0,0.0,0.9623139732022075,16,265.0
1845.0,18,309.0,5.9423076923076925,5.343895131139147,0,0.0,1.0,7,135.0,0.14070763975388448,10,214.0,0.025824130294481936,0,0.0,0.49783372715787305,17,349.0
1850.0,14,220.0,4.583333333333333,4.933189530596792,0,0.0,1.0,4,73.0,0.31475324356846324,8,188.0,0.013865666763016427,1,5.0,0.48985299874408633,13,266.0
1855.0,10,220.0,4.230769230769231,6.553777656678656,0,0.0,1.0,4,93.0,0.47328227890680563,5,139.0,0.0834605273364142,0,0.0,0.9498546829855379,9,232.0
1860.0,12,276.0,5.3076923076923075,6.794589521500196,0,0.0,0.7821646234548018,4,113.0,0.5418985242958488,6,122.0,0.2679121748017106,0,0.0,0.9581563781361464,10,235.0
1865.0,13,299.0,5.537037037037037,6.779285286455344,1,2.0,0.00015524589263163154,4,133.0,0.5567705059558615,7,153.0,0.29312587381286853,0,0.0,0.9796267604049037,12,288.0
1870.0,2,36.0,0.6666666666666666,6.95084815723933,1,7.0,0.0,0,67.0,0.48035380056268323,1,52.0,0.4982366808711785,0,0.0,0.9520076293320967,2,126.0
1875.0,2,46.0,0.8518518518518519,7.831298518649077,1,15.0,0.3443339145188521,0,9.0,0.6544604979534531,1,37.0,0.7120695487726091,0,0.0,0.965657121422261,2,61.0
1880.0,4,49.0,1.0,7.904391544151898,0,3.0,0.3890163445914092,1,13.0,0.8197412363653419,1,45.0,0.7671853388485491,0,0.0,0.998649893244538,2,61.0
1885.0,6,70.0,1.4285714285714286,8.323157506367668,0,0.0,0.8543785630906566,1,18.0,0.8301273309253095,1,50.0,0.7540347694374484,0,0.0,0.9433678555460485,2,68.0
1890.0,7,83.0,1.66,7.81237307248426,0,0.0,1.0,2,24.0,0.7100571897703006,2,58.0,0.5669808092087024,0,0.0,0.972487819923026,4,82.0
1895.0,8,99.0,1.9411764705882353,7.758692003468529,0,0.0,1.0,4,40.0,0.6105690012537249,3,72.0,0.45546866302539213,0,0.0,0.961166807950429,7,112.0
1900.0,9,134.0,2.7346938775510203,6.941995175093872,0,0.0,1.0,4,60.0,0.5489281815829737,4,88.0,0.42813600257331286,0,0.0,0.9767876249033024,8,148.0
1905.0,8,173.0,3.6041666666666665,6.380215149848238,0,0.0,1.0,4,80.0,0.3406896148009549,4,108.0,0.38311452281797836,0,0.0,0.9871869333129673,8,188.0
1910.0,8,171.0,3.9767441860465116,4.860840760226597,0,0.0,1.0,5,103.0,0.08671829037254593,1,74.0,0.4465762286006907,0,0.0,0.9541049814739425,6,177.0
1915.0,10,207.0,4.928571428571429,5.5833971875516335,0,0.0,1.0,9,142.0,0.11878232917751207,1,74.0,0.5999219055670373,0,0.0,0.9593039749738088,10,216.0
1920.0,14,266.0,6.045454545454546,5.4412249485646536,0,6.0,0.05878668813232041,11,207.0,0.19677583114221214,1,79.0,0.477523876429061,1,1.0,0.4929221469897791,13,293.0
1925.0,17,347.0,8.069767441860465,5.5695225342252845,2,15.0,0.0,12,302.0,0.23399318163181396,1,84.0,0.49289595475280307,1,6.0,0.4717692689588886,16,407.0
1930.0,11,174.0,3.702127659574468,5.496620693687548,2,25.0,0.0,4,143.0,0.3006057052629074,2,90.0,0.0010519402202530427,1,11.0,0.5571794030922365,9,269.0
1935.0,9,197.0,4.104166666666667,6.234038670561308,2,35.0,0.0,3,70.0,0.3599308578549294,2,100.0,0.3217474041654031,1,16.0,0.32849696152714675,8,221.0
1940.0,9,210.0,4.468085106382978,7.00235351893579,0,0.0,1.0,4,76.0,0.49318367307825395,2,119.0,0.5976370111020844,2,26.0,0.3120590355750303,8,221.0
1945.0,10,259.0,5.285714285714286,7.4028894295340075,0,0.0,1.0,4,93.0,0.4592786190491193,2,129.0,0.5629311016608078,2,36.0,0.31112467182291514,8,258.0
1950.0,9,218.0,4.2745098039215685,6.9032021368271215,0,0.0,1.0,2,47.0,0.19354373862113167,3,144.0,0.5551789803813695,2,46.0,0.38945653228560306,7,237.0
1955.0,6,212.0,4.24,7.947780076333009,0,0.0,1.0,1,6.0,0.513661691893796,3,159.0,0.5530669034678877,2,56.0,0.38271400256894844,6,221.0
1960.0,9,246.0,5.466666666666667,7.682789583547779,0,0.0,1.0,1,11.0,0.6248809882603725,3,187.0,0.6563916675464301,3,68.0,0.3867333625709752,7,266.0
1965.0,10,293.0,6.813953488372093,6.282807334641469,0,0.0,1.0,1,16.0,0.692911144845449,4,194.0,0.2968825120524298,3,83.0,0.3574142412143763,8,293.0
1970.0,9,253.0,6.023809523809524,5.481976201812499,0,0.0,1.0,1,21.0,0.46900708962701343,5,219.0,0.2253344306546047,0,11.0,0.5652615426958629,6,251.0
1975.0,9,276.0,6.571428571428571,5.163033812223953,0,0.0,1.0,0,0.0,0.7345955613373764,6,254.0,0.28507392047840463,0,0.0,0.7287043718687154,6,254.0
1980.0,4,182.0,4.439024390243903,5.696519389560163,0,0.0,1.0,1,3.0,0.507555112331727,2,192.0,0.40241782029203654,0,0.0,0.9706262579412883,3,195.0
1985.0,4,196.0,4.454545454545454,7.148502562525858,0,6.0,0.7213082282900289,2,12.0,0.629498780439447,2,193.0,0.5411018990470758,0,0.0,0.961640667744462,4,211.0
1990.0,4,216.0,5.023255813953488,7.642487206186531,0,0.0,0.7219635450081405,2,22.0,0.6211349076189439,2,200.0,0.5720309461316824,0,0.0,0.958653841564423,4,222.0
1995.0,3,206.0,4.681818181818182,8.688728223342107,0,0.0,1.0,0,4.0,0.7629338179034346,2,210.0,0.6518884735476084,0,0.0,0.9965168011830897,2,214.0
2000.0,2,214.0,4.7555555555555555,8.93237119120061,0,0.0,1.0,0,0.0,0.822396151521519,2,225.0,0.5463696878834214,0,0.0,0.9751758375909823,2,225.0
2005.0,4,231.0,5.25,8.921458775686153,0,0.0,1.0,1,5.0,0.8349906687776355,3,237.0,0.5092516396623405,0,0.0,0.9595804370737206,4,242.0
2010.0,5,253.0,6.023809523809524,8.405199727857749,0,0.0,1.0,1,10.0,0.8114871972115142,3,252.0,0.5035586398822786,1,2.0,0.4929643185606381,5,264.0
2015.0,7,283.0,7.075,6.655918558185087,0,0.0,1.0,2,16.0,0.40041107005939763,4,271.0,0.3570683794428741,1,7.0,0.47804977685288386,7,294.0
2020.0,11,333.0,8.325,5.83858402136116,0,0.0,1.0,4,35.0,0.4303673124493583,6,297.0,0.13532493345225188,1,12.0,0.6208823091248888,11,344.0
2025.0,13,372.0,9.073170731707316,5.9675182514073315,0,0.0,1.0,6,58.0,0.34247696119696963,5,300.0,0.14219897544111176,2,20.0,0.30512002504555924,13,378.0
2030.0,14,440.0,10.476190476190476,6.1039628225913605,0,0.0,1.0,6,88.0,0.3495117668720143,6,328.0,0.13712962317174215,2,30.0,0.4792809972846341,14,446.0
2035.0,10,393.0,8.733333333333333,5.613325753025046,0,0.0,1.0,1,12.0,0.27831473515522426,6,358.0,0.1221211374357994,3,40.0,0.3690423913710118,10,410.0
2040.0,12,446.0,9.911111111111111,6.26009078471386,0,0.0,1.0,3,31.0,0.3547281270011225,7,389.0,0.20961036307566516,2,50.0,0.47317173251214867,12,470.0
2045.0,6,358.0,7.782608695652174,7.22119932901618,0,0.0,1.0,3,46.0,0.4849925907187181,3,353.0,0.43517318528732435,0,0.0,0.7319911315173545,6,399.0
2050.0,7,389.0,8.456521739130435,7.929505332507343,0,3.0,0.5509976309394193,3,61.0,0.33840317680389204,4,358.0,0.5129808732628419,0,0.0,0.9638427641010043,7,422.0
2055.0,4,366.0,7.469387755102041,7.72080560116422,0,6.0,0.19234871268684958,0,18.0,0.6679960603452468,4,372.0,0.4860220145743718,0,0.0,0.9873018047640317,4,396.0
2060.0,8,402.0,8.04,8.265097036546399,2,16.0,0.021193416197905657,1,1.0,0.8042728873697012,5,397.0,0.4511724286858255,0,0.0,0.9639558520251822,8,414.0
2065.0,11,445.0,9.081632653061224,7.288451324738087,3,27.0,0.1837380290933904,1,6.0,0.8113702164749416,7,424.0,0.2618870444451526,0,0.0,0.980461456921343,11,457.0
2070.0,13,159.0,3.2448979591836733,6.565266182197984,5,50.0,0.0006243277097670553,1,11.0,0.6772190345197734,7,237.0,0.25617200432365134,0,0.0,0.9879407227953146,13,298.0
2075.0,14,167.0,3.4081632653061225,6.479946827482259,5,78.0,0.06642200351953095,2,19.0,0.5191605779008593,7,95.0,0.2252596003101684,0,0.0,0.9609230586860678,14,192.0
2080.0,15,241.0,5.020833333333333,6.205641257924774,6,107.0,2.482705602882204e-05,2,29.0,0.5834885035179738,7,123.0,0.2123242920068012,0,0.0,0.47423766832302544,15,259.0
2085.0,13,208.0,4.425531914893617,5.699089898434884,1,49.0,0.03351862897678988,3,41.0,0.5497130040549967,7,158.0,0.2080449052193776,1,5.0,0.4731622573794078,12,253.0
2090.0,13,213.0,4.346938775510204,5.750089247062674,0,0.0,0.5503395064743415,4,58.0,0.3705861928262863,4,129.0,0.3092666204031522,1,5.0,0.6600191392134095,9,192.0
2095.0,15,283.0,5.66,5.6429677057022705,0,6.0,0.667592899300127,4,81.0,0.3297959554951438,4,146.0,0.182063312941037,1,10.0,0.3383715402455816,9,243.0
2100.0,18,364.0,7.428571428571429,5.754715192724718,0,0.0,1.0,4,101.0,0.3942192051684116,4,166.0,0.0,2,18.0,0.3331415226011227,10,285.0
2105.0,21,459.0,9.18,5.414377525793159,0,0.0,1.0,7,126.0,0.2673519877252174,4,186.0,0.0,2,28.0,0.31280783525388683,13,340.0
2110.0,20,451.0,8.673076923076923,5.045401428928935,0,0.0,1.0,8,164.0,0.15154360560100347,2,144.0,0.014416695213275842,2,38.0,0.48387390189121005,12,346.0
2115.0,7,109.0,2.2708333333333335,5.221466860160859,0,0.0,1.0,2,41.0,0.3563692678844879,0,45.0,0.3502845586456321,0,0.0,0.7216035011918519,2,86.0
2120.0,7,121.0,2.630434782608696,5.969421490102938,0,0.0,1.0,2,29.0,0.493551367679083,0,6.0,0.6028875098908284,0,0.0,0.9517163942833063,2,35.0
2125.0,11,129.0,2.8043478260869565,6.443482912725509,0,0.0,1.0,3,39.0,0.5107166260045813,1,16.0,0.5436201511437829,0,0.0,0.952740324572796,4,55.0
2130.0,8,80.0,1.6666666666666667,7.037753283526172,0,0.0,1.0,3,54.0,0.4772389920376275,2,26.0,0.5335411007180128,0,0.0,0.9592969712710983,5,80.0
2135.0,7,92.0,1.9574468085106382,7.496302460936206,0,0.0,1.0,4,70.0,0.3243354531975548,3,31.0,0.6349407417046958,0,0.0,0.9539785806053359,7,101.0
2140.0,8,130.0,2.7083333333333335,7.892216251116802,0,0.0,1.0,4,90.0,0.4181878560272892,4,49.0,0.5648817462159132,0,0.0,0.9420036722887372,8,139.0
2145.0,9,174.0,3.702127659574468,7.30309100230181,0,0.0,1.0,4,110.0,0.4408167406889726,5,73.0,0.5021850688778247,0,0.0,0.9956139404594495,9,183.0
2150.0,15,232.0,4.833333333333333,5.804553069437861,0,0.0,1.0,6,134.0,0.14103502617287753,8,105.0,0.34161149494975934,0,0.0,0.9456616116747795,14,239.0
2155.0,14,300.0,6.382978723404255,5.25679432334981,0,0.0,1.0,6,164.0,0.13264856329583952,8,145.0,0.10954741443032077,0,0.0,0.994701993089623,14,309.0
2160.0,15,366.0,7.956521739130435,5.265142638716628,0,0.0,1.0,5,182.0,0.16590601227986634,10,193.0,0.05547823409324893,0,0.0,0.9737663993833732,15,375.0
2165.0,17,445.0,9.081632653061224,5.424298256806723,0,0.0,1.0,5,207.0,0.16629975155215224,12,249.0,0.007936648041825436,0,0.0,0.9560480481055538,17,456.0
2170.0,19,532.0,10.64,5.569303613495506,0,0.0,1.0,5,232.0,0.15680755883611067,13,317.0,0.22620588086587548,1,1.0,0.5006296752246758,19,550.0
2175.0,20,627.0,12.057692307692308,5.06764617143762,0,0.0,1.0,6,287.0,0.19646018921480052,13,378.0,0.18306375923094076,1,6.0,0.4889073791690034,20,671.0
2180.0,9,387.0,7.166666666666667,5.512903587920463,0,0.0,1.0,5,312.0,0.44149419996807476,3,189.0,0.19649034390033976,1,11.0,0.37539199969712916,9,512.0
2185.0,10,397.0,6.964912280701754,6.699475532398597,0,6.0,0.49194942501557637,5,340.0,0.38997193959995363,3,112.0,0.5023739079490195,2,20.0,0.3297179854240046,10,478.0
2190.0,12,452.0,7.9298245614035086,7.215806445265333,0,0.0,0.8475128732976216,6,375.0,0.49143671499881575,4,89.0,0.3921273475432785,2,10.0,0.3124250148211009,12,474.0
2195.0,13,517.0,9.070175438596491,7.524191863284833,0,0.0,1.0,7,410.0,0.4768204196185962,4,109.0,0.39354372122327835,2,20.0,0.3306832474647384,13,539.0
2200.0,10,439.0,7.440677966101695,7.368221989042204,0,0.0,1.0,7,445.0,0.48058840464514635,3,78.0,0.4358834733381154,0,0.0,0.6803862591382019,10,523.0
2205.0,8,159.0,2.789473684210526,7.879673640657751,0,0.0,1.0,5,300.0,0.4687520270934455,3,74.0,0.4973187092066789,0,0.0,0.7766991751841752,8,374.0
2210.0,7,75.0,1.3157894736842106,8.241462310436075,0,0.0,1.0,1,71.0,0.7448755846571191,6,97.0,0.233069661375024,0,0.0,0.9426224324901431,7,168.0
2215.0,11,118.0,2.0701754385964914,6.774312370555369,0,0.0,1.0,2,21.0,0.43169543950064393,8,137.0,0.16314249233037648,0,0.0,0.9601462566786899,10,158.0
2220.0,19,193.0,3.4464285714285716,5.362628833675188,0,0.0,1.0,4,37.0,0.21088768410094455,9,178.0,0.23344939711148083,1,1.0,0.6385755470651583,14,216.0
2225.0,17,249.0,4.527272727272727,4.918043382841623,0,0.0,1.0,0,0.0,0.4988238387326164,9,223.0,0.22089662291493525,1,6.0,0.69452954716466,10,229.0
2230.0,10,186.0,3.381818181818182,5.544938819266355,0,0.0,1.0,1,2.0,0.6316197416238271,4,165.0,0.3610741274151429,1,11.0,0.5818254681515772,6,178.0
2235.0,12,241.0,4.155172413793103,6.768305648729816,0,6.0,0.6123963744019034,1,13.0,0.6164575721409973,4,181.0,0.537471951572961,2,20.0,0.6191086936358903,7,220.0
2240.0,13,299.0,5.245614035087719,6.656062265479407,0,6.0,0.02939572360350477,2,20.0,0.5983244610421112,4,198.0,0.5287676045029788,2,14.0,0.6208347562595867,8,238.0
2245.0,10,333.0,5.946428571428571,6.5621687388821766,0,0.0,1.0,0,6.0,0.9626748885049059,4,218.0,0.47472732981077614,2,24.0,0.5519668984111241,6,248.0
2250.0,10,383.0,6.719298245614035,7.289953676784739,0,0.0,1.0,0,6.0,0.9582735368808768,4,238.0,0.4139025472252506,2,34.0,0.42256477845691326,6,278.0
2255.0,7,293.0,5.232142857142857,7.275614085174888,0,0.0,1.0,0,6.0,0.9542917532971416,4,261.0,0.42783525665927186,3,45.0,0.18342305594447536,7,312.0
2260.0,10,268.0,5.056603773584905,6.0236640144039635,0,0.0,1.0,1,7.0,0.5829411973670601,6,285.0,0.35295954316785344,2,13.0,0.32634805805494993,9,305.0
2265.0,10,305.0,5.754716981132075,5.9434050472508915,0,0.0,1.0,2,17.0,0.28731195645448226,8,324.0,0.3231065836066208,0,9.0,0.6095377668101936,10,350.0
2270.0,14,206.0,3.9615384615384617,5.054772180139319,0,0.0,1.0,3,32.0,0.02788226632941104,10,287.0,0.17148022926179027,0,4.0,0.5740541576882522,13,323.0
2275.0,11,97.0,1.9019607843137254,5.467981276458086,0,0.0,1.0,5,55.0,0.25307589155436533,5,164.0,0.15617223708526204,1,9.0,0.6532902716574692,11,228.0
2280.0,13,159.0,3.1176470588235294,6.324719991010236,0,0.0,0.769046073117251,5,80.0,0.4611325819053361,7,113.0,0.1639282408739329,1,14.0,0.48958977716623125,13,207.0
2285.0,11,135.0,2.7,5.7285885326077155,1,2.0,0.44143008872224004,0,13.0,0.6897069652016213,9,124.0,0.00929599744954099,1,19.0,0.470403662060822,11,158.0
2290.0,13,195.0,3.823529411764706,5.53934940984104,2,8.0,0.0033784579304784717,1,7.0,0.6392200312912604,9,169.0,0.0021227735514714806,1,24.0,0.6377330553776952,13,208.0
2295.0,15,266.0,5.115384615384615,6.35791309433232,2,18.0,0.0,2,17.0,0.5626968433531854,10,221.0,0.21699567683016793,1,29.0,0.40955103630740125,15,285.0
2300.0,16,346.0,6.653846153846154,6.270685587312859,2,28.0,0.0,2,36.0,0.6038679708877434,10,271.0,0.31489288262334253,2,39.0,0.3243111861484365,16,374.0
2305.0,18,378.0,7.132075471698113,6.120786605462753,0,0.0,1.0,1,24.0,0.7226898269512738,11,322.0,0.25021676006572524,3,49.0,0.24832835852388785,15,395.0
2310.0,15,442.0,8.5,6.3897829706003515,0,0.0,1.0,1,20.0,0.5749221853932772,10,372.0,0.30772030110833704,1,44.0,0.4865236444876442,12,436.0
2315.0,15,511.0,10.428571428571429,5.913761930606537,0,0.0,1.0,2,36.0,0.4386580162814651,10,424.0,0.22355815012394045,1,49.0,0.46212958238365726,13,509.0
2320.0,14,566.0,11.32,6.003304989684233,0,0.0,1.0,2,46.0,0.5694386839889753,10,474.0,0.13976907465688168,1,54.0,0.4888123864426116,13,574.0
2325.0,13,601.0,11.339622641509434,5.89847935283392,0,0.0,1.0,1,35.0,0.6834803877641756,11,527.0,0.10323331693957052,1,59.0,0.6528131981810891,13,621.0
2330.0,16,674.0,13.215686274509803,5.455626275329445,0,0.0,1.0,2,42.0,0.5038487221110669,13,589.0,0.06208679450025926,1,64.0,0.6289904686822722,16,695.0
2335.0,18,757.0,15.14,5.535527358712448,0,0.0,1.0,3,54.0,0.47420543094262846,14,692.0,0.19976233777302732,1,69.0,0.4221663399000482,18,815.0
2340.0,20,855.0,17.1,5.824326750294049,0,0.0,1.0,3,69.0,0.380743159435448,15,734.0,0.1982456252528427,2,77.0,0.4852254397706381,20,880.0
2345.0,19,928.0,18.19607843137255,5.565749221083352,0,0.0,1.0,2,68.0,0.483099217659165,15,809.0,0.1598528513858115,2,87.0,0.4163574564492425,19,964.0
2350.0,20,1027.0,19.37735849056604,6.007652658974192,0,0.0,1.0,2,67.0,0.5683100708972976,15,884.0,0.10973662448725459,3,101.0,0.37217788566911764,20,1052.0
2355.0,19,1109.0,21.326923076923077,6.298526577425477,0,0.0,1.0,2,77.0,0.6073526421052738,15,959.0,0.11358906881585902,2,98.0,0.47265459169320534,19,1134.0
2360.0,21,1208.0,22.79245283018868,5.11868218639154,0,0.0,1.0,2,87.0,0.541894327160736,15,1037.0,0.08421305864319102,3,110.0,0.2742147503322262,20,1234.0
2365.0,23,1318.0,26.36,3.9460155427032406,0,0.0,1.0,3,99.0,0.4598798937631118,15,1112.0,0.07657176594008663,3,125.0,0.3322246717054791,21,1336.0
2370.0,31,1454.0,28.50980392156863,3.3496789305824635,0,0.0,1.0,4,116.0,0.3209522615738743,19,1197.0,0.09182010961000596,4,141.0,0.19942315342746594,27,1454.0
2375.0,19,561.0,11.0,3.79256716125273,0,0.0,1.0,4,136.0,0.18474928445294142,7,641.0,0.19150463055559344,4,161.0,0.19662321598838056,15,938.0
2380.0,9,237.0,4.388888888888889,5.43398492464656,0,6.0,0.6002421970201758,4,165.0,0.45996213787535506,1,225.0,0.4157922160888204,0,0.0,0.5960239048598573,5,396.0
2385.0,10,264.0,4.714285714285714,6.222086156830859,1,12.0,0.21978587779363098,4,185.0,0.55285065841164,2,29.0,0.4742764794660456,0,0.0,0.8323634990209369,7,226.0
2390.0,6,137.0,2.4909090909090907,6.621563249024891,0,0.0,0.12733852372940868,2,104.0,0.686609810056053,2,30.0,0.43106945841531424,1,1.0,0.6444701062438347,5,135.0
2395.0,6,119.0,2.087719298245614,7.258073319730466,0,0.0,0.2659691521799647,4,94.0,0.6717686778853323,1,31.0,0.5271973877355866,1,6.0,0.5808527346712996,6,131.0
2400.0,8,152.0,2.6206896551724137,7.491372124814781,0,0.0,1.0,4,112.0,0.6575146033679063,3,41.0,0.46028469585437765,1,11.0,0.71459343410929,8,164.0
2405.0,8,177.0,3.0517241379310347,7.616902442720799,0,0.0,1.0,4,129.0,0.6875752145101598,4,57.0,0.31253041874537696,0,0.0,0.5281682811528232,8,186.0
2410.0,5,75.0,1.271186440677966,7.012503915838022,0,0.0,1.0,0,18.0,0.7174563736715522,5,81.0,0.30809321645189436,0,0.0,0.8753320844149268,5,99.0
2415.0,8,95.0,1.5833333333333333,7.008951874274353,0,0.0,1.0,3,6.0,0.6729867134433639,3,89.0,0.3157590277944948,0,0.0,0.9587953585974462,6,95.0
2420.0,7,127.0,2.152542372881356,7.707056837150377,0,0.0,1.0,3,24.0,0.5108832512189968,3,110.0,0.6129056717649016,0,0.0,0.9415554261341538,6,134.0
2425.0,6,149.0,2.6140350877192984,8.064598400542984,0,0.0,0.9868589525267427,3,39.0,0.5582845769415433,3,122.0,0.6281135892202266,0,0.0,0.9453093397609754,6,161.0
2430.0,5,147.0,2.7222222222222223,7.663419633267076,1,2.0,0.39010140549185823,1,17.0,0.7458595713422083,3,137.0,0.6002998850484702,0,0.0,0.9453116937681157,5,156.0
2435.0,6,74.0,1.3962264150943395,7.495013399103782,2,10.0,0.00031702953442290976,2,47.0,0.6136354094493208,1,83.0,0.6999255941078649,0,0.0,0.93791174563797,5,140.0
2440.0,4,55.0,1.0576923076923077,8.384099237621331,2,23.0,0.29001056832389377,2,77.0,0.714507658702987,0,3.0,0.8996627667762743,0,0.0,0.9611187819034642,4,103.0
2445.0,6,80.0,1.6,7.405720654613966,3,35.0,0.12187224093620098,2,65.0,0.6651191172259991,1,6.0,0.41863039972152194,0,0.0,0.8904475350636178,6,106.0
2450.0,10,122.0,2.5416666666666665,6.089579799911647,3,50.0,0.06355729264014975,3,56.0,0.2345044144696231,4,22.0,0.2199231395387137,0,0.0,0.9627788807096413,10,128.0
2455.0,11,123.0,2.6739130434782608,5.619310378194856,0,14.0,0.1820046005957149,5,79.0,0.08130961471221147,6,47.0,0.01559266956038838,0,0.0,0.6860234781423146,11,140.0
2460.0,14,185.0,4.204545454545454,5.323228296983304,0,0.0,1.0,5,104.0,0.12994003302279897,7,79.0,0.0034328291485458103,1,4.0,0.49602055656527844,13,187.0
2465.0,16,264.0,5.739130434782608,5.478419588433146,0,0.0,1.0,6,134.0,0.13288572694644887,8,118.0,0.0005292064738056304,1,9.0,0.4976864137066374,15,261.0
2470.0,16,344.0,6.88,5.751518982500394,0,0.0,1.0,6,164.0,0.2710398082093963,8,158.0,0.10198296637097272,1,14.0,0.6602304596908025,15,336.0
2475.0,17,367.0,7.196078431372549,5.463463338018798,0,0.0,1.0,5,141.0,0.3337747922140805,8,198.0,0.1425310854480026,2,21.0,0.3100229999645055,15,360.0
2480.0,16,426.0,8.352941176470589,5.407517853941506,0,0.0,1.0,5,166.0,0.2623103962919309,9,244.0,0.20925564161794263,2,31.0,0.32125396644624377,16,441.0
2485.0,20,514.0,10.489795918367347,4.714905152036724,0,0.0,1.0,7,196.0,0.20226776503545707,11,294.0,0.10455076605125514,2,41.0,0.4656582380627994,20,531.0
2490.0,22,622.0,12.196078431372548,4.890674558694386,0,0.0,1.0,8,236.0,0.178861081580492,12,352.0,0.07267029018036576,2,51.0,0.4845383023982579,22,639.0
2495.0,16,454.0,8.901960784313726,4.556100601963296,0,0.0,1.0,3,81.0,0.1631504779391505,12,412.0,0.07471415146527079,1,22.0,0.35276799690710064,16,515.0
2500.0,14,495.0,9.51923076923077,5.150709478265257,0,0.0,1.0,3,52.0,0.24792674624300287,10,451.0,0.12662100702136525,1,27.0,0.4954226800750393,14,530.0
2505.0,15,523.0,9.339285714285714,6.467810531239135,0,0.0,1.0,3,70.0,0.487363171636408,10,475.0,0.2502028285623795,0,0.0,0.9614131843053463,13,545.0
2510.0,16,589.0,10.517857142857142,6.2402097461357915,1,1.0,0.0032883285569450214,3,85.0,0.5398840244550326,12,533.0,0.2726835304219638,0,0.0,0.9749855483245924,16,619.0
2515.0,17,670.0,11.551724137931034,6.188864749240158,1,6.0,0.0,3,100.0,0.5306459608941438,12,593.0,0.2587964452432801,0,0.0,0.9430427875254134,16,699.0
2520.0,17,719.0,12.186440677966102,6.08912321483671,1,11.0,0.0,3,115.0,0.5504581436852045,12,617.0,0.2617299490882927,0,0.0,0.9732988042401156,16,743.0
2525.0,21,815.0,14.051724137931034,5.459638298948859,1,16.0,0.0,4,131.0,0.43358478019811,13,675.0,0.24310092346796588,0,0.0,0.5817922141910739,18,822.0
2530.0,19,893.0,15.946428571428571,5.363549595994722,1,21.0,0.0,4,148.0,0.4528944153159179,13,741.0,0.20066338951455134,1,4.0,0.4873839330963027,19,914.0
2535.0,15,831.0,15.38888888888889,4.84734478889075,1,26.0,0.0,1,54.0,0.4767358843621289,13,806.0,0.12073809169636704,0,0.0,0.9867222232636638,15,886.0
2540.0,17,912.0,15.724137931034482,5.5980400968374715,1,31.0,0.0,1,16.0,0.5125690492806516,15,880.0,0.1081137446617642,0,0.0,0.946231906038997,17,927.0
2545.0,21,1006.0,17.050847457627118,5.519536771805799,1,36.0,0.0,2,24.0,0.30879566998959757,17,958.0,0.09780458595402389,0,0.0,0.6834786754145883,20,1018.0
2550.0,22,1107.0,19.086206896551722,5.5310369634116245,1,41.0,0.0,2,34.0,0.3311790838926744,18,1045.0,0.049433071957352394,1,2.0,0.5552718909965804,22,1122.0
2555.0,21,1186.0,21.563636363636363,5.034828647861915,1,46.0,0.0,1,13.0,0.6346261374185849,18,1135.0,0.0037634112600765856,1,7.0,0.6151281874943514,21,1201.0
2560.0,23,1297.0,24.01851851851852,4.742547651222435,1,51.0,0.0,1,18.0,0.639931408200193,19,1231.0,0.03771725648257081,1,12.0,0.6322336226933425,22,1312.0
2565.0,25,1411.0,25.196428571428573,4.650398600677501,1,56.0,0.0,3,28.0,0.26804309115460495,20,1329.0,0.048833233596114384,1,17.0,0.6238456735625383,25,1430.0
2570.0,25,1536.0,27.927272727272726,4.609034016473279,1,61.0,0.0,3,43.0,0.37835721257143595,20,1429.0,0.04225781068880438,1,22.0,0.6217133691162656,25,1555.0
2575.0,27,1588.0,27.379310344827587,4.041376414799933,0,0.0,1.0,3,46.0,0.21927379501439398,21,1533.0,0.04169984854090163,3,28.0,0.24432118536506772,27,1607.0
2580.0,15,499.0,8.60344827586207,4.148177376473502,0,0.0,1.0,3,59.0,0.26736601366127644,9,938.0,0.05100696542310478,2,38.0,0.131465600972122,14,1035.0
2585.0,7,136.0,2.2666666666666666,5.687809650224986,0,9.0,0.5937541643384086,3,83.0,0.3814481700129955,0,419.0,0.22828249664696776,3,53.0,0.38298016981579036,6,564.0
2590.0,8,175.0,2.9166666666666665,7.391180079093131,0,0.0,0.7942825514914121,4,102.0,0.5640131555266754,0,87.0,0.5012488249843261,3,68.0,0.46903679664483106,7,257.0
2595.0,9,143.0,2.2698412698412698,7.013121692564004,3,6.0,0.17852520747074282,4,122.0,0.5879204747595111,0,3.0,0.9380508639634665,0,20.0,0.7692998909172796,7,151.0
2600.0,14,204.0,3.4,6.3370951119618155,3,21.0,0.0680219584564902,4,142.0,0.5646872577321889,0,9.0,0.7603175376502088,0,0.0,0.9644577158291455,7,172.0
2605.0,13,202.0,3.2063492063492065,6.3027388529932535,5,39.0,0.012669236481814419,5,166.0,0.5358703230376124,3,15.0,0.3383163287868825,0,0.0,0.9537714654290811,13,220.0
2610.0,19,279.0,4.359375,5.928430068884743,6,68.0,0.0036941671290439417,7,196.0,0.5146137695156122,6,34.0,0.009701540972853834,0,0.0,0.4915675737180865,19,298.0
2615.0,23,206.0,3.377049180327869,4.724799560085373,8,107.0,0.0009964452626685103,3,60.0,0.4428431590470185,7,68.0,1.941823784041148e-05,1,4.0,0.1474704822080566,19,239.0
2620.0,18,276.0,4.380952380952381,5.6908219147134185,8,147.0,0.0002697800339987775,3,38.0,0.4113880502207631,6,89.0,0.14316940904582584,1,9.0,0.36217514845615006,18,283.0
2625.0,18,366.0,5.71875,6.163498569338582,8,187.0,9.054223465612899e-05,3,53.0,0.24055222291346184,6,128.0,0.24797070233896212,1,14.0,0.4902662246668734,18,382.0
2630.0,20,463.0,6.8088235294117645,6.666419375326571,8,227.0,2.1988474528751756e-05,3,68.0,0.48281597485065175,8,165.0,0.3601361896925925,1,19.0,0.5091607718841311,20,479.0
2635.0,21,564.0,8.294117647058824,6.525971566201854,8,267.0,2.2471731209792274e-06,3,83.0,0.44152839010863776,8,210.0,0.4113900785737335,1,24.0,0.6427692281267605,20,584.0
2640.0,17,422.0,6.492307692307692,6.159492851225068,2,163.0,0.015748143982202832,5,103.0,0.35942308033388387,9,251.0,0.3919298503085814,1,29.0,0.6234229294577417,17,546.0
2645.0,16,439.0,7.440677966101695,6.0344957400834005,0,62.0,0.1474398517012751,6,129.0,0.3191241320127885,9,296.0,0.38725632133371946,1,34.0,0.47900946007894984,16,521.0
2650.0,16,519.0,8.796610169491526,5.980503929629397,0,0.0,1.0,6,159.0,0.20993682346305217,9,341.0,0.31156283524053907,1,39.0,0.615908445358578,16,539.0
2655.0,17,454.0,7.442622950819672,5.2989984384501945,0,0.0,1.0,4,93.0,0.3231396585343848,12,394.0,0.08796661376289658,1,44.0,0.6559873499560941,17,531.0
2660.0,8,192.0,3.2,6.24012022343859,0,0.0,1.0,2,33.0,0.49659940138585346,5,260.0,0.18938194690502555,1,49.0,0.6117742490140691,8,342.0
2665.0,9,176.0,2.933333333333333,6.894753456071613,0,3.0,0.6573202089857434,4,54.0,0.3003770379609176,4,137.0,0.300705171395711,1,54.0,0.7419337956855115,9,248.0
2670.0,9,219.0,3.65,7.525249641957183,0,9.0,0.2043953422708295,4,72.0,0.4866661272425958,4,105.0,0.46043467621963974,1,59.0,0.704704258990134,9,245.0
2675.0,11,202.0,3.672727272727273,6.56651856334527,3,24.0,0.023414247286028686,0,22.0,0.8222490701891859,6,130.0,0.320210682183746,1,64.0,0.48286581945408774,10,240.0
2680.0,13,173.0,3.326923076923077,6.384518346772408,5,41.0,0.003022901638393407,0,9.0,0.9616850247002509,4,105.0,0.37011465075649086,2,74.0,0.30715296476693266,11,229.0
2685.0,12,218.0,4.1923076923076925,7.174091442082006,5,66.0,0.0004981290137047017,0,9.0,0.8551325737515844,3,73.0,0.6483675844311213,3,88.0,0.3551911907676473,11,236.0
2690.0,10,168.0,3.169811320754717,7.803585515839032,5,91.0,0.00016018534004699422,2,16.0,0.797065111887557,3,88.0,0.6706649299269906,0,8.0,0.5444154486410562,10,203.0
2695.0,10,209.0,4.098039215686274,6.400556257521351,5,116.0,2.7767079346814167e-05,2,17.0,0.6069691515397605,3,106.0,0.5016141205791963,0,0.0,0.9458383003660084,10,239.0
2700.0,15,199.0,3.826923076923077,5.604338216302086,5,141.0,4.67929030207832e-06,5,36.0,0.3695482234019964,5,88.0,0.396302966601283,0,0.0,0.9789216331808924,15,265.0
2705.0,10,79.0,1.4107142857142858,6.495197473723697,0,50.0,0.017842801259742254,7,65.0,0.2426140164202121,3,41.0,0.5694629109140411,0,0.0,0.9420072328632227,10,156.0
2710.0,11,130.0,2.3214285714285716,6.775441982789521,0,0.0,1.0,8,101.0,0.2621221947459996,3,44.0,0.546955897799111,0,0.0,0.9761186229798284,11,145.0
2715.0,14,169.0,2.9649122807017543,5.955258612822203,0,0.0,1.0,8,116.0,0.160968191430946,6,68.0,0.3303771595681891,0,0.0,0.9878849743203543,14,184.0
2720.0,20,257.0,4.431034482758621,5.213245286395653,0,0.0,1.0,9,162.0,0.09955838635719894,8,104.0,0.21860888251100166,0,0.0,0.9546261034570079,17,266.0
2725.0,24,369.0,6.254237288135593,5.154189534702061,0,0.0,1.0,11,212.0,0.11638201935657691,9,146.0,0.18407544780023466,0,0.0,0.9769379645796724,20,358.0
2730.0,15,300.0,5.084745762711864,5.079812608481812,0,0.0,1.0,11,267.0,0.11625193418539007,0,39.0,0.200690374357261,0,0.0,0.48309691436254826,11,306.0
2735.0,15,369.0,6.362068965517241,5.5410295795164,0,9.0,0.5410615505556468,11,325.0,0.1861793240969122,0,3.0,0.5712125957481282,0,0.0,0.97295481683588,11,337.0
2740.0,15,444.0,7.4,5.718025587252411,0,9.0,0.17741431701707797,11,383.0,0.3046377219334205,0,6.0,0.8580179898647777,0,0.0,0.9814997185205032,11,398.0
2745.0,21,543.0,9.362068965517242,5.039475573898916,4,27.0,0.010030490709965891,11,438.0,0.2900475498504201,0,0.0,1.0,0,0.0,0.9998196392426685,15,465.0
2750.0,26,661.0,11.203389830508474,4.857964075116301,5,48.0,0.001969638149791392,11,503.0,0.32283848110111824,0,0.0,0.016141878247969477,0,0.0,0.9919910432205074,16,551.0
2755.0,17,372.0,6.305084745762712,4.793610281673371,0,17.0,0.05429421373020324,4,273.0,0.4789395404542093,1,4.0,0.4862177722202377,0,0.0,0.9617639169704273,5,294.0
2760.0,14,272.0,4.610169491525424,5.557317965387019,0,0.0,1.0,1,129.0,0.6188934183536039,1,9.0,0.4921742523547342,0,0.0,0.9725800544407586,2,138.0
2765.0,10,255.0,4.473684210526316,6.649957890840078,0,0.0,1.0,1,13.0,0.6277961870358341,1,20.0,0.6459701577874132,0,0.0,0.4994676793750195,2,33.0
2770.0,13,316.0,5.3559322033898304,6.83009869487054,0,0.0,1.0,1,12.0,0.6489408134664162,2,30.0,0.6293492479339671,1,5.0,0.47301561046949187,4,47.0
2775.0,14,385.0,6.111111111111111,7.107294516074829,0,0.0,1.0,1,17.0,0.6156307476902583,2,40.0,0.724757656201096,1,10.0,0.34577553524015636,4,67.0
2780.0,12,193.0,3.1129032258064515,6.919677376670666,0,0.0,1.0,3,28.0,0.38724177969227375,2,50.0,0.673283932378592,2,16.0,0.19762010749893222,7,94.0
2785.0,8,102.0,1.8214285714285714,6.248268273614203,0,0.0,1.0,4,45.0,0.19759365797279715,3,65.0,0.5335948450816108,0,0.0,0.9255048259756575,7,110.0
2790.0,8,112.0,2.074074074074074,5.3856475639225945,0,0.0,1.0,4,65.0,0.18886258240818526,3,66.0,0.31304909730651453,0,0.0,0.973337385589725,7,131.0
2795.0,8,146.0,2.8076923076923075,5.476050508126891,0,0.0,1.0,4,85.0,0.17105706125591447,4,76.0,0.13653374205235475,0,0.0,0.9485087703678392,8,161.0
2800.0,10,180.0,3.5294117647058822,5.822879726646697,0,0.0,1.0,4,96.0,0.17777541880580752,6,103.0,0.15647391489373721,0,0.0,0.9512039580043258,10,199.0
2805.0,16,248.0,4.769230769230769,5.024495376299147,0,0.0,1.0,5,117.0,0.16405935597447402,10,147.0,0.08428969230005448,1,3.0,0.6027184093300517,16,267.0
2810.0,14,200.0,3.6363636363636362,4.523151115623921,0,0.0,1.0,5,142.0,0.09069919871977818,3,60.0,0.04818937072394669,2,10.0,0.26017334449365537,10,212.0
2815.0,15,251.0,4.648148148148148,4.5292990985489645,0,6.0,0.5970647192759655,6,174.0,0.13271370900348187,4,61.0,0.19690566494464345,3,21.0,0.12559770924948177,13,262.0
2820.0,14,312.0,5.777777777777778,4.828322956123885,0,9.0,0.16099216429178548,6,207.0,0.34987657498209446,4,81.0,0.18041994071452733,3,36.0,0.24598779226779885,13,333.0
2825.0,15,350.0,6.60377358490566,4.722676701316836,3,23.0,0.01645684315642419,6,251.0,0.40538338052917366,4,129.0,0.126704644080181,0,0.0,0.9788882124189796,13,403.0
2830.0,16,353.0,5.983050847457627,5.0168262701099,3,38.0,0.002762857852020828,6,291.0,0.47823246937218894,4,117.0,0.2563236300770632,0,0.0,0.9506358110719554,13,446.0
2835.0,14,375.0,6.25,5.9135509527046,4,61.0,0.15610098118775675,6,318.0,0.46025625921246294,4,78.0,0.280710815989164,0,0.0,0.9653166218671496,14,457.0
2840.0,8,258.0,4.161290322580645,6.451299080391718,0,13.0,0.04900329242651669,4,231.0,0.4833965279302258,4,68.0,0.33055947185252343,0,0.0,0.9339749129506042,8,312.0
2845.0,14,308.0,4.967741935483871,6.738489604971521,0,0.0,1.0,7,230.0,0.3793629323817994,7,103.0,0.16921839544272838,0,0.0,0.9480726930929168,14,333.0
2850.0,11,327.0,5.109375,7.052538964776568,0,0.0,1.0,6,263.0,0.32164245731023533,5,93.0,0.09797709143636377,0,0.0,0.9558055628964235,11,356.0
2855.0,12,386.0,5.938461538461539,7.086846518029647,0,0.0,1.0,7,300.0,0.3824103946651577,5,107.0,0.16091458816933485,0,0.0,0.7122794306044545,12,407.0
2860.0,6,129.0,2.015625,7.200004686225061,0,0.0,1.0,0,36.0,0.6752519496432682,5,132.0,0.2590989027086,1,5.0,0.7107274097521173,6,173.0
2865.0,7,160.0,2.5,7.26807304355105,0,0.0,1.0,0,9.0,0.8164789062317406,5,157.0,0.13171155541882257,2,11.0,0.5448680946726809,7,177.0
2870.0,7,98.0,1.6896551724137931,7.226457692939981,0,0.0,1.0,0,9.0,0.9192165641319108,4,135.0,0.44157844372858585,3,23.0,0.19997032857151104,7,167.0
2875.0,6,79.0,1.462962962962963,7.700932770961044,0,3.0,0.901189890478424,0,9.0,0.9659962252553995,2,76.0,0.6109573393168645,4,43.0,0.18917010590477357,6,131.0
2880.0,7,113.0,2.0925925925925926,7.822119298049422,0,0.0,1.0,0,9.0,0.885133212414757,3,67.0,0.5974383879354213,4,63.0,0.19762397882020252,7,139.0
2885.0,9,151.0,2.6491228070175437,7.101800236468747,0,0.0,1.0,2,12.0,0.2810958125216592,3,82.0,0.5957659744682537,4,83.0,0.18480225341006787,9,177.0
2890.0,9,125.0,2.272727272727273,6.829355935618871,0,0.0,1.0,4,30.0,0.2758434200538656,3,97.0,0.6173030458576252,1,45.0,0.41149937863800057,8,172.0
2895.0,13,156.0,2.8363636363636364,6.367498647016793,0,0.0,1.0,5,53.0,0.2642583281635454,3,114.0,0.5342635860038524,0,20.0,0.7702588078774827,8,187.0
2900.0,14,226.0,4.109090909090909,6.140376772285136,0,0.0,0.43908580346067067,5,78.0,0.3339192693774168,3,118.0,0.1556844671677428,0,0.0,0.9357574726175226,8,196.0
2905.0,18,310.0,5.636363636363637,5.407386069644408,3,9.0,0.048425234193903016,6,108.0,0.38808239213148876,3,133.0,0.0,0,0.0,0.935612742554985,12,250.0
2910.0,19,402.0,7.052631578947368,5.010455576853588,3,24.0,0.010738348956806983,6,138.0,0.3822530769366886,3,148.0,0.0,0,0.0,0.9308846995995563,12,310.0
2915.0,27,519.0,8.948275862068966,3.6494070742026623,6,49.0,0.0016605549864877882,6,229.0,0.3957591317964726,3,163.0,0.0,1,2.0,0.4730844577277363,16,443.0
2920.0,25,444.0,7.4,4.0942718447610815,6,79.0,0.0001789379453954384,7,322.0,0.4410125497859601,1,98.0,0.07583621182004709,1,7.0,0.5600930983285206,15,506.0
2925.0,25,511.0,8.37704918032787,4.908068643549905,6,109.0,5.659493508492671e-05,7,296.0,0.3583960649838509,0,0.0,0.971575582182194,2,15.0,0.319025760679225,15,420.0
2930.0,26,598.0,9.80327868852459,4.586187314656155,6,139.0,1.0210489439941603e-05,9,275.0,0.20074947350472977,0,0.0,1.0,2,25.0,0.3140249128469077,17,439.0
2935.0,27,698.0,10.575757575757576,4.7508354036576685,6,169.0,0.0,11,325.0,0.17197740604698364,0,0.0,0.9385052800213834,0,0.0,0.9419605055398335,17,494.0
2940.0,21,505.0,7.890625,4.912885896799868,6,199.0,0.0,4,93.0,0.22894791832141126,0,3.0,0.6420676965229672,0,0.0,0.9653768487680244,10,295.0
2945.0,19,542.0,8.741935483870968,5.035061659556799,6,229.0,0.0,3,52.0,0.30022561620569016,0,3.0,0.18470527127863012,0,0.0,0.9414256876535722,9,284.0
2950.0,18,448.0,7.0,5.854785552634467,6,259.0,0.0,3,102.0,0.4540524144027915,3,23.0,0.5055135086730465,0,0.0,0.9592838811275145,12,384.0
2955.0,16,399.0,5.867647058823529,6.219737530509004,6,289.0,0.0,3,117.0,0.5554753877648759,1,19.0,0.7842545377586654,0,0.0,0.9307266941039455,10,425.0
2960.0,10,67.0,0.9852941176470589,5.491302355335957,0,142.0,0.01833879575098735,0,68.0,0.48047692228618577,1,24.0,0.652986959237919,0,0.0,0.9274302163541139,1,234.0
2965.0,15,129.0,1.9253731343283582,6.539250953747882,0,0.0,1.0,1,11.0,0.7294011622206414,2,34.0,0.688359752320134,0,0.0,0.9413537595479844,3,45.0
2970.0,13,147.0,2.227272727272727,7.0541324604364375,0,0.0,1.0,2,18.0,0.6355167479281485,2,44.0,0.6840194652313587,0,0.0,0.9126492173479197,4,62.0
2975.0,9,122.0,1.9365079365079365,6.794233250819508,0,0.0,0.9749443123746768,3,30.0,0.44485027967925034,2,45.0,0.3285507660428908,0,0.0,0.9655407764796359,5,75.0
2980.0,8,65.0,1.0483870967741935,6.2501687542228614,2,4.0,0.012770348067092546,3,45.0,0.5042479763306348,1,20.0,0.16375510892304798,1,1.0,0.49549953796599444,7,70.0
2985.0,9,108.0,1.6875,6.7849989017546575,3,19.0,0.0,3,60.0,0.5487426685687609,2,83.0,0.3129692354709067,1,6.0,0.47885024242163715,9,168.0
2990.0,12,162.0,2.6557377049180326,6.182398164537324,3,34.0,0.0,3,75.0,0.3298978780868038,2,93.0,0.03290255639311837,1,11.0,0.36066172675992086,9,213.0
2995.0,18,227.0,3.913793103448276,5.49397788107151,3,49.0,0.0,6,103.0,0.29135795901925815,3,157.0,0.1329344568249589,2,18.0,0.15393483978067155,14,327.0
3000.0,13,118.0,2.0344827586206895,5.249179717347074,0,0.0,1.0,1,1.0,0.4699269482138858,3,155.0,5.643797658234354e-05,2,28.0,0.28744887998512797,6,184.0
3005.0,16,195.0,3.482142857142857,5.417675890865896,0,0.0,1.0,1,6.0,0.3366758555899569,3,173.0,0.21699032984141625,2,38.0,0.3247067890922543,6,217.0
3010.0,20,291.0,4.85,5.707744112934438,0,0.0,1.0,2,27.0,0.5903531312672553,3,199.0,0.3794284584969314,2,48.0,0.4341439907139869,7,274.0
3015.0,22,398.0,6.745762711864407,5.4040611257315465,0,0.0,1.0,2,37.0,0.5677649080403426,4,213.0,0.4773491505177402,2,58.0,0.42443494960601097,8,308.0
3020.0,20,438.0,7.180327868852459,5.514992160943121,0,0.0,1.0,2,47.0,0.4739879463240407,4,233.0,0.576182420703132,0,0.0,0.5532571585298889,6,280.0
3025.0,23,550.0,8.59375,5.556471414569248,0,0.0,1.0,3,67.0,0.4390419576999423,4,259.0,0.5407027783300903,0,0.0,0.917140529115464,7,326.0
3030.0,22,558.0,9.620689655172415,5.002081715705543,0,0.0,1.0,4,85.0,0.38824834244630074,6,283.0,0.43275898240328436,0,0.0,0.9786878713004324,10,368.0
3035.0,20,624.0,10.758620689655173,4.813560053197936,0,0.0,1.0,4,100.0,0.18633720914887103,7,316.0,0.3322368329062188,0,0.0,0.9763268537567049,11,416.0
3040.0,22,511.0,8.810344827586206,4.884879288256761,0,0.0,1.0,6,127.0,0.2277305410090349,10,360.0,0.17193733457227728,0,0.0,0.9526254622683089,16,487.0
3045.0,21,456.0,7.862068965517241,4.634623083852329,0,0.0,1.0,6,157.0,0.2710180224624279,12,417.0,0.10803876853044521,0,0.0,0.7593306594906292,18,574.0
3050.0,26,553.0,9.372881355932204,4.087748605568514,0,0.0,1.0,8,189.0,0.188260439958342,13,570.0,0.13727671999035754,1,3.0,0.4928158761655157,22,762.0
3055.0,30,695.0,11.39344262295082,3.889323388351642,0,0.0,1.0,8,229.0,0.18819940306501368,14,638.0,0.11765224259966675,1,8.0,0.47588681447786496,23,875.0
3060.0,16,412.0,6.5396825396825395,4.378400215774661,0,0.0,1.0,4,152.0,0.16362749549700295,5,540.0,0.10276300997241188,0,0.0,0.9598622307008643,9,692.0
3065.0,14,424.0,6.838709677419355,6.0020782583117605,0,6.0,0.5424269151159093,4,136.0,0.363383315191954,5,521.0,0.28128654075230103,0,0.0,0.9814668215517051,9,663.0
3070.0,12,451.0,7.274193548387097,5.503071166559683,0,9.0,0.18350614348745786,4,159.0,0.4521107060185342,6,546.0,0.13953133878321947,0,0.0,0.9516704080329385,10,714.0
3075.0,18,519.0,8.109375,5.4161898432204705,4,24.0,0.05718652657782358,5,167.0,0.556798852130972,6,576.0,0.0,0,0.0,0.9980478090853374,15,767.0
3080.0,11,251.0,3.8615384615384616,5.5997243660989025,5,46.0,0.0018811235883534052,1,60.0,0.6663449016660806,4,485.0,0.17821747914818767,0,0.0,0.7911229815147915,10,591.0
3085.0,10,102.0,1.5692307692307692,5.997340415332324,6,75.0,0.000896922051430126,2,61.0,0.677884239936867,0,217.0,0.5246716970587662,1,4.0,0.49723441352602255,9,357.0
3090.0,10,152.0,2.4126984126984126,6.714239526895982,6,105.0,0.03504842132471457,2,40.0,0.7748420729785699,0,234.0,0.6600227186349693,1,9.0,0.49910833216454176,9,388.0
3095.0,10,185.0,2.9365079365079363,7.075040609659657,6,135.0,0.03255198949280891,2,47.0,0.7826199165009526,1,144.0,0.7112690478142598,1,14.0,0.6252492589695503,10,340.0
3100.0,4,83.0,1.3174603174603174,7.249834162309089,1,68.0,0.05165203761316537,2,54.0,0.6650444649666677,1,62.0,0.6890844366326476,0,0.0,0.9418022612018594,4,184.0
3105.0,6,86.0,1.3870967741935485,7.864664705637857,0,22.0,0.5232155535619012,4,71.0,0.45116612313123344,2,73.0,0.667309547162743,0,0.0,0.9867116146778973,6,166.0
3110.0,7,120.0,1.9047619047619047,8.264743967488247,0,0.0,1.0,4,91.0,0.4785920394129439,2,89.0,0.7336999296898766,0,0.0,0.9616952968408863,6,180.0
3115.0,8,160.0,2.4615384615384617,8.316640391873888,0,0.0,0.9820806553788411,5,116.0,0.4679609179020711,2,96.0,0.4973401375249586,0,0.0,0.8810022758999434,7,212.0
3120.0,10,193.0,3.216666666666667,7.843204356778316,0,0.0,1.0,5,144.0,0.4184782999735817,4,121.0,0.39830083428976004,1,2.0,0.3211042508639867,10,267.0
3125.0,16,265.0,4.491525423728813,7.3686336495523745,0,0.0,1.0,5,169.0,0.42506201432761587,7,152.0,0.33095535597997305,2,12.0,0.3123722337310582,14,333.0
3130.0,16,331.0,6.12962962962963,6.4683800544653645,0,0.0,1.0,6,195.0,0.3267093790161075,8,188.0,0.20325952163109628,2,22.0,0.3196013167414694,16,405.0
3135.0,17,412.0,7.228070175438597,6.178906285296567,0,0.0,1.0,6,225.0,0.24103153702498203,8,228.0,0.17989319953980443,2,32.0,0.20619379673271965,16,485.0
3140.0,11,390.0,7.090909090909091,6.397135309070319,0,0.0,1.0,6,255.0,0.2459574126194867,5,211.0,0.3048036324282417,0,0.0,0.3421473727606651,11,466.0
3145.0,7,262.0,4.678571428571429,7.028768941823307,0,3.0,0.5797854072110727,2,178.0,0.2050758763267446,5,237.0,0.2547913648842153,0,0.0,0.9148177113755986,7,418.0
3150.0,8,282.0,5.222222222222222,7.199231096552054,1,7.0,0.1267059355669777,2,94.0,0.31117929110806475,5,259.0,0.1597493591219223,0,0.0,0.9859976909553977,8,360.0
3155.0,12,341.0,6.089285714285714,7.097064373395009,3,22.0,0.016565957486219134,3,108.0,0.38002187868957665,5,287.0,0.27636410705181275,0,0.0,0.9574176331021429,11,417.0
3160.0,15,410.0,7.192982456140351,6.9688411221307485,4,38.0,0.00116137682650073,3,123.0,0.5075005123650974,5,312.0,0.363562692897404,0,0.0,0.9419237317807277,12,473.0
3165.0,13,346.0,5.9655172413793105,6.1465569044947985,4,58.0,0.0003962713550302441,1,104.0,0.7626087529634523,3,223.0,0.2863171246594764,0,0.0,0.9596813739363812,8,385.0
3170.0,14,332.0,5.724137931034483,6.245280495899267,4,78.0,5.7102245501495994e-05,2,110.0,0.7080116652218453,3,125.0,0.36527438616354974,0,0.0,0.9338398735524341,9,313.0
3175.0,14,402.0,7.052631578947368,5.780120160415664,4,98.0,9.204793539240691e-06,2,120.0,0.5926678484426368,3,106.0,0.29387647571840914,0,0.0,0.5685951221411969,9,324.0
3180.0,17,385.0,6.637931034482759,5.6144264669777195,0,20.0,0.029104665565227103,3,133.0,0.4703998316743412,4,123.0,0.40182481303617645,1,5.0,0.49879048367731466,8,281.0
3185.0,16,450.0,7.758620689655173,5.863991786294399,0,0.0,1.0,1,131.0,0.6395407220678625,4,143.0,0.3243959961886893,1,10.0,0.48582831834648627,6,284.0
3190.0,17,450.0,7.5,5.84554513465867,0,0.0,1.0,2,130.0,0.6246241667441292,2,114.0,0.5323489840314659,0,0.0,0.995821748257757,4,244.0
3195.0,10,398.0,6.419354838709677,6.218629569531106,0,3.0,0.5767498076188021,2,143.0,0.6401812709717224,2,124.0,0.4870600163777013,0,0.0,0.9482868616883471,4,270.0
3200.0,7,304.0,5.066666666666666,6.453487060403978,0,3.0,0.2623588749017482,2,158.0,0.7164975248073742,3,131.0,0.24901336199870605,0,0.0,0.9428110992875345,5,292.0
3205.0,7,168.0,2.847457627118644,6.650449804888286,2,11.0,0.2440498394007784,3,130.0,0.650386995302266,2,141.0,0.25771457386816193,0,0.0,0.9934493480750044,7,282.0
3210.0,9,203.0,3.56140350877193,6.396401686612585,2,21.0,0.022825557274233757,4,239.0,0.5256555109360979,2,154.0,0.4528016567382614,0,0.0,0.9383406771283209,8,414.0
3215.0,9,248.0,4.679245283018868,6.330196031085082,2,31.0,0.005397973140025288,4,161.0,0.602625240061788,2,164.0,0.38756713384341707,0,0.0,0.9940167395447915,8,356.0
3220.0,15,310.0,5.849056603773585,5.802947518951323,3,45.0,0.0010652633614897551,6,183.0,0.32262885633984467,5,205.0,0.3563529112377142,0,0.0,0.9344329948002648,14,433.0
3225.0,12,292.0,5.12280701754386,5.948405097016089,3,60.0,0.0003135351099964082,4,135.0,0.4052529672275127,5,210.0,0.27573758133762627,0,0.0,0.9495478665387295,12,405.0
3230.0,12,352.0,6.175438596491228,6.457575851265052,3,75.0,5.21225058764691e-05,4,152.0,0.3793433133223759,5,235.0,0.2578817863134469,0,0.0,0.5135169536468294,12,462.0
3235.0,14,420.0,7.11864406779661,6.696441405261439,3,90.0,8.909585822520841e-06,5,177.0,0.27612295502158907,5,271.0,0.47280085151150536,1,3.0,0.4885816719260337,14,541.0
3240.0,16,498.0,8.586206896551724,6.248159586550544,3,105.0,0.0,6,219.0,0.34793674011032133,5,293.0,0.4120802454039856,1,8.0,0.4713006740653245,15,625.0
3245.0,13,454.0,7.827586206896552,6.694430358156318,0,28.0,0.021945692483846965,6,249.0,0.3559109552910541,6,321.0,0.36167244834792034,1,13.0,0.43802443867909485,13,611.0
3250.0,13,457.0,7.879310344827586,6.4534259274805015,0,0.0,1.0,7,281.0,0.19564836413706277,4,315.0,0.5222472832698326,2,22.0,0.31647931195848805,13,618.0
3255.0,15,528.0,9.777777777777779,6.122501390598341,0,0.0,1.0,8,323.0,0.2241397604396539,5,305.0,0.38446156578713253,2,32.0,0.32692876808835675,15,660.0
3260.0,17,608.0,10.857142857142858,6.62255423271222,0,0.0,1.0,8,363.0,0.3200459632690252,7,332.0,0.28565564302049234,2,42.0,0.34339892470531874,17,737.0
3265.0,17,689.0,12.087719298245615,6.699409011077957,0,0.0,0.6327772825726967,9,404.0,0.22824395133267697,6,359.0,0.34211899875776375,2,52.0,0.2671825973118416,17,815.0
3270.0,19,723.0,12.68421052631579,5.707254025762561,3,7.0,0.0018108445241958595,9,449.0,0.20917959653306903,7,393.0,0.21418265688507615,0,0.0,0.5052568033003628,19,849.0
3275.0,20,821.0,14.660714285714286,5.17304507872471,3,22.0,0.0,9,494.0,0.16340541960223767,8,437.0,0.17020586130931928,0,0.0,0.9913471884507274,20,953.0
3280.0,24,933.0,16.36842105263158,4.684172905946656,3,37.0,0.0,10,544.0,0.16257213270817414,10,482.0,0.1274299924788456,0,0.0,0.9693879308123854,23,1063.0
3285.0,23,989.0,17.051724137931036,4.425533600169983,0,0.0,1.0,10,575.0,0.08547752547021045,11,534.0,0.21426920115453674,0,0.0,0.9551500488505238,21,1109.0
3290.0,20,1048.0,18.714285714285715,4.267066371473284,0,0.0,1.0,10,625.0,0.0893154960220847,8,536.0,0.22250115190742517,0,0.0,0.9476709388926645,18,1161.0
3295.0,23,1155.0,19.576271186440678,4.99846053486322,0,3.0,0.4956715557300925,10,675.0,0.1418977160687274,8,570.0,0.2667699088180804,0,0.0,0.9754210603450879,18,1248.0
3300.0,24,1271.0,21.54237288135593,5.082639098929231,0,0.0,1.0,11,734.0,0.2738419669373587,8,610.0,0.26411799587280993,0,0.0,0.9377436085146198,19,1344.0
3305.0,27,1398.0,23.3,4.658255344829235,0,0.0,1.0,11,789.0,0.29479552302337875,9,652.0,0.16944094331922133,1,2.0,0.4702460113879675,21,1443.0
3310.0,24,1378.0,22.59016393442623,4.874866583948224,0,0.0,1.0,11,844.0,0.2963129230792805,7,623.0,0.20466084579432023,1,7.0,0.4645917259818882,19,1474.0
3315.0,20,1314.0,22.271186440677965,5.088190078676727,0,0.0,1.0,11,902.0,0.3632404841461362,6,539.0,0.16576170148587183,1,12.0,0.5741001111928102,18,1453.0
3320.0,19,1377.0,23.338983050847457,5.13703675914099,0,0.0,1.0,11,957.0,0.32546361725891565,8,550.0,3.70566248864287e-05,0,0.0,0.9251778471979358,19,1507.0
3325.0,17,1057.0,18.54385964912281,4.9970785374311095,0,0.0,1.0,9,692.0,0.218511800440332,8,593.0,0.061658804455007266,0,0.0,0.9346497858074707,17,1285.0
3330.0,11,697.0,12.228070175438596,5.932533210245377,0,0.0,1.0,5,330.0,0.23749292457085155,6,598.0,0.0,0,0.0,0.9618799991525546,11,928.0
3335.0,12,754.0,13.0,6.598634075426049,0,0.0,1.0,6,141.0,0.2774923946513483,6,628.0,0.04525784983111554,0,0.0,0.9601130912662138,12,769.0
3340.0,15,824.0,13.966101694915254,6.678039246621424,1,4.0,0.006949944925740648,8,177.0,0.34189938382476753,6,658.0,0.2765077651403498,0,0.0,0.9725058494480392,15,839.0
3345.0,16,902.0,15.551724137931034,6.74856519988737,1,9.0,0.0,9,220.0,0.24225320025164299,6,692.0,0.3215726696605346,0,0.0,0.9576336452863559,16,921.0
3350.0,15,554.0,9.719298245614034,6.038165729202728,1,14.0,0.0,9,265.0,0.3296014909646968,5,468.0,0.378442520708091,0,0.0,0.9540483727640987,15,747.0
3355.0,15,335.0,5.982142857142857,5.608061792728997,1,19.0,0.0,9,310.0,0.30289392102926915,5,185.0,0.27443846786081766,0,0.0,0.6854986643123581,15,514.0
3360.0,17,402.0,7.052631578947368,6.137715110126439,1,24.0,0.0,10,356.0,0.3097656780161247,5,84.0,0.38273492748417776,1,4.0,0.7253967852638382,17,468.0
3365.0,8,99.0,1.7678571428571428,6.210262905144029,1,29.0,0.0,1,91.0,0.3365600842257777,5,62.0,0.30924381207411045,1,9.0,0.7069279319587376,8,191.0
3370.0,12,148.0,2.5964912280701755,6.496677901962745,1,34.0,0.0,2,17.0,0.5885706729608104,6,90.0,0.13960485224711164,1,14.0,0.7397910913137725,10,155.0
3375.0,5,71.0,1.2456140350877194,7.397760504165273,0,0.0,1.0,2,51.0,0.6402631639884031,2,74.0,0.4025135352056017,1,19.0,0.7399416484589673,5,144.0
3380.0,6,78.0,1.3220338983050848,8.3392577024055,0,0.0,1.0,2,67.0,0.6593067791217031,2,27.0,0.7157964569385309,1,24.0,0.4313210060551408,5,118.0
3385.0,10,83.0,1.360655737704918,7.729817354407446,0,0.0,0.9649714481307484,1,38.0,0.6810573405769162,2,37.0,0.6933934441495955,4,36.0,0.16548411058676227,7,111.0
3390.0,8,85.0,1.3934426229508197,7.9504502640972605,0,0.0,1.0,2,16.0,0.5606748328608775,2,47.0,0.7242697498536046,1,11.0,0.19016698205723426,5,74.0
3395.0,7,115.0,2.090909090909091,8.139981338588948,0,0.0,1.0,2,26.0,0.5608766893998044,2,63.0,0.6427854576988882,0,5.0,0.6552622882739331,4,94.0
3400.0,9,157.0,2.9074074074074074,6.855833954647939,0,0.0,1.0,2,36.0,0.5549269659325998,3,78.0,0.3811577156196564,0,0.0,0.9327984209840566,5,114.0
3405.0,13,203.0,3.830188679245283,6.1697387827628,0,0.0,1.0,1,28.0,0.7535187511565153,8,112.0,0.09628412690619471,0,0.0,0.9852148613183489,9,140.0
3410.0,15,277.0,5.431372549019608,5.709872943988948,0,0.0,1.0,1,30.0,0.49621713445056137,10,161.0,0.15209893959259935,0,0.0,0.9369642604897144,11,191.0
3415.0,8,178.0,3.56,5.494031558478371,0,0.0,1.0,1,35.0,0.48832844609129283,3,88.0,0.28720340971827524,0,0.0,0.8837095525100583,4,123.0
3420.0,7,190.0,3.8,6.3836526660818285,0,6.0,0.721889889687261,1,46.0,0.6152873156856565,1,36.0,0.5109808977763216,1,3.0,0.5695711323004141,3,91.0
3425.0,11,231.0,4.3584905660377355,6.073691341059567,2,11.0,0.30767374352236126,2,55.0,0.6478450153853449,1,14.0,0.6274958967241338,1,8.0,0.7316147392279552,6,88.0
3430.0,10,245.0,4.537037037037037,6.475207003319419,3,25.0,0.03090274878311468,2,59.0,0.6332426864754791,1,19.0,0.6624350882831497,0,0.0,0.7867399190685346,6,103.0
3435.0,11,296.0,5.381818181818182,5.839514441539576,4,41.0,0.006093235271918467,2,69.0,0.6339984473880306,1,27.0,0.5697591611293695,0,0.0,0.9872553321791465,7,137.0
3440.0,13,192.0,3.5555555555555554,5.287282586578646,6,71.0,0.0010671532503636718,2,79.0,0.42682059934303185,3,37.0,0.2804804946038675,0,0.0,0.9568661221891768,11,187.0
3445.0,13,213.0,3.8035714285714284,5.830133904657844,6,101.0,0.00012016943616432962,1,68.0,0.7288525698339049,6,62.0,0.22348088979888056,0,0.0,0.9430850921027947,13,231.0
3450.0,14,279.0,5.072727272727272,5.860872462630597,6,131.0,2.7331109220274707e-05,1,73.0,0.6279762828288654,7,93.0,0.09883124916096915,0,0.0,0.9674502459006591,14,297.0
3455.0,6,130.0,2.3214285714285716,6.240411149576849,0,58.0,0.033557861783485285,2,99.0,0.6103971949557264,2,63.0,0.4549405479965675,0,0.0,0.9203382109781673,4,220.0
3460.0,7,154.0,2.6551724137931036,7.120789026063612,0,6.0,0.5660929997261914,2,115.0,0.5847586309271391,1,55.0,0.6910792509889925,0,0.0,0.9289445189785995,3,176.0
3465.0,8,181.0,3.0166666666666666,7.453838475443729,0,0.0,1.0,1,112.0,0.567325370622989,1,60.0,0.5900321786355199,1,1.0,0.6457643773085298,3,173.0
3470.0,11,230.0,3.8333333333333335,7.659945513710765,0,0.0,1.0,2,104.0,0.6649577619887329,2,68.0,0.38306273847036637,1,6.0,0.37086582406212426,5,178.0
3475.0,11,274.0,4.491803278688525,7.729940790823266,0,0.0,1.0,2,114.0,0.7135124931631546,3,79.0,0.4866371050799727,0,0.0,0.9528983735943827,5,193.0
3480.0,14,336.0,5.6,6.40548242585461,0,0.0,1.0,3,123.0,0.6053586369772732,4,100.0,0.15961257615037536,0,0.0,0.9465965154660857,7,223.0
3485.0,17,314.0,5.508771929824562,6.073883377475091,0,0.0,1.0,2,33.0,0.5900174734117497,8,133.0,0.10887094274161743,0,0.0,0.9326588121120258,10,166.0
3490.0,14,237.0,4.3090909090909095,5.709343332576333,0,0.0,1.0,4,50.0,0.43067494162862974,8,176.0,0.20725877374080784,0,0.0,0.9638575833031525,12,226.0
3495.0,20,286.0,5.107142857142857,4.67941241705608,0,0.0,1.0,6,74.0,0.13058106981302264,11,227.0,0.1533017105363766,0,0.0,0.9924175029737536,17,301.0
3500.0,22,259.0,4.543859649122807,4.448487085280735,0,0.0,1.0,7,109.0,0.15684596998969233,7,172.0,0.1914421640591713,1,1.0,0.49582664044283753,15,282.0
3505.0,22,295.0,5.175438596491228,5.152714205286593,0,0.0,1.0,9,155.0,0.24119219360057773,4,134.0,0.2502831752405709,1,6.0,0.4991655265026492,14,295.0
3510.0,20,341.0,5.982456140350878,5.436097771608469,0,0.0,1.0,10,204.0,0.3027636310855628,5,124.0,0.32054268041341333,1,11.0,0.49434948742526047,16,339.0
3515.0,18,382.0,6.47457627118644,5.034489168670436,0,0.0,1.0,10,254.0,0.3011317332799982,5,139.0,0.26826769891002533,1,16.0,0.408264646755935,16,409.0
3520.0,18,326.0,5.52542372881356,4.782041963841699,0,0.0,0.02616036886251191,11,307.0,0.31316689033901385,1,18.0,0.3178914338530606,0,0.0,0.9984157630631082,12,325.0
3525.0,19,328.0,5.466666666666667,5.433507280910758,1,7.0,0.278408647440148,8,294.0,0.4528823978144933,1,10.0,0.5117809618043191,0,0.0,0.9917555280152207,10,311.0
3530.0,19,393.0,6.442622950819672,6.337399786723089,1,15.0,0.07208302613471153,7,286.0,0.5382177206982155,1,6.0,0.4978449168012522,0,0.0,0.9690770400686723,9,307.0
3535.0,19,474.0,7.770491803278689,6.350449400254155,2,25.0,0.0038528368706974184,7,309.0,0.5370540495029152,1,11.0,0.42348983543981294,0,0.0,0.9612326066124872,10,345.0
3540.0,14,417.0,7.189655172413793,6.381705630511683,0,7.0,0.04754019659993137,7,344.0,0.46110609654137447,2,17.0,0.6038940753897256,0,0.0,0.952275875541359,9,368.0
3545.0,10,395.0,7.181818181818182,6.8963337369989715,0,0.0,1.0,8,380.0,0.46115092852010914,2,27.0,0.4658816482569859,0,0.0,0.9918865933840265,10,407.0
3550.0,12,447.0,8.433962264150944,6.440918378455628,0,0.0,1.0,9,418.0,0.34060055165292424,2,37.0,0.4884708506213557,0,0.0,0.8604922429530195,11,455.0
3555.0,12,503.0,9.673076923076923,5.88853358486407,0,0.0,1.0,9,520.0,0.2807610331492534,2,47.0,0.4403554349797686,1,2.0,0.49680942318920074,12,569.0
3560.0,13,564.0,10.846153846153847,5.676667382059638,0,0.0,1.0,10,563.0,0.19201105487655237,2,57.0,0.4511535449306686,1,7.0,0.47840449501095256,13,627.0
3565.0,18,631.0,11.267857142857142,5.333482713503317,0,0.0,1.0,14,621.0,0.14851599640919677,2,67.0,0.6251613788863878,0,0.0,0.9808475720018066,16,688.0
3570.0,14,676.0,14.083333333333334,5.221141302214048,0,0.0,1.0,12,605.0,0.214858381605289,2,80.0,0.4857839524753351,0,0.0,0.9644273509759387,14,685.0
3575.0,16,752.0,15.346938775510203,5.194685794152814,0,0.0,1.0,13,670.0,0.1170952665486565,3,91.0,0.2988625854024151,0,0.0,0.9802248398430097,16,761.0
3580.0,19,843.0,16.86,5.095495475561022,0,0.0,1.0,14,740.0,0.1089012900606959,5,115.0,0.12922133809416825,0,0.0,0.9508289948853542,19,855.0
3585.0,19,926.0,18.15686274509804,4.9433182391073744,0,0.0,1.0,16,818.0,0.10961209871432213,3,117.0,0.38110319039902024,0,0.0,0.9499759785047539,19,935.0
3590.0,18,1006.0,19.725490196078432,5.33157402396521,0,0.0,1.0,15,889.0,0.14911973510263138,3,132.0,0.3250913796773205,0,0.0,0.9620977914476159,18,1021.0
3595.0,19,1100.0,21.153846153846153,5.834545747858702,0,0.0,1.0,15,964.0,0.23994830431299274,4,154.0,0.4831480880072546,0,0.0,0.9405210346226365,19,1118.0
3600.0,21,1200.0,23.529411764705884,5.863392397388321,0,0.0,1.0,17,1044.0,0.25061196892439336,4,171.0,0.40812169076671406,0,0.0,0.9863547015165444,21,1215.0
