step,system_total_stopped,system_total_waiting_time,system_mean_waiting_time,system_mean_speed,cluster_10564135163_13571629282_5146149679_stopped,cluster_10564135163_13571629282_5146149679_accumulated_waiting_time,cluster_10564135163_13571629282_5146149679_average_speed,cluster_10564135205_11749189839_3266988437_5129187741_#3more_stopped,cluster_10564135205_11749189839_3266988437_5129187741_#3more_accumulated_waiting_time,cluster_10564135205_11749189839_3266988437_5129187741_#3more_average_speed,cluster_10564135211_11749189838_12136544949_12136544951_#7more_stopped,cluster_10564135211_11749189838_12136544949_12136544951_#7more_accumulated_waiting_time,cluster_10564135211_11749189838_12136544949_12136544951_#7more_average_speed,cluster_10564135212_13571629279_13571629299_stopped,cluster_10564135212_13571629279_13571629299_accumulated_waiting_time,cluster_10564135212_13571629279_13571629299_average_speed,agents_total_stopped,agents_total_accumulated_waiting_time
0.0,0,0.0,0.0,0.0,0,0.0,1.0,0,0.0,1.0,0,0.0,1.0,0,0.0,1.0,0,0.0
5.0,0,0.0,0.0,9.631016146519777,0,0.0,1.0,0,0.0,0.911388217106111,0,0.0,1.0,0,0.0,0.9272933569150619,0,0.0
10.0,0,0.0,0.0,8.12415703172526,0,0.0,1.0,0,0.0,0.9385133903526304,0,0.0,1.0,0,0.0,0.9972659497338956,0,0.0
15.0,0,0.0,0.0,7.782800972888028,0,0.0,1.0,0,0.0,0.984428364196196,0,0.0,1.0,0,0.0,0.9487414354518712,0,0.0
20.0,0,0.0,0.0,8.323816343634741,0,0.0,1.0,0,0.0,0.9783167773456567,0,0.0,1.0,0,0.0,0.9594711483711216,0,0.0
25.0,0,0.0,0.0,8.505524144674816,0,0.0,1.0,0,0.0,0.9566147237272646,0,0.0,0.9496626328406601,0,0.0,0.9576635242966454,0,0.0
30.0,0,0.0,0.0,6.804171444554573,0,0.0,1.0,0,0.0,0.5038728439670271,0,0.0,0.530238662903141,0,0.0,0.9532800215916978,0,0.0
35.0,2,7.0,0.5,7.020156681169468,0,0.0,1.0,1,4.0,0.4772980891002575,1,3.0,0.00018259438790926434,0,0.0,0.930375423842652,2,7.0
40.0,2,17.0,1.0,6.381676475881941,0,0.0,1.0,1,9.0,0.08450787663376182,1,8.0,0.0,0,0.0,0.951888627461768,2,17.0
45.0,1,13.0,0.7222222222222222,6.60000106348684,0,0.0,1.0,0,0.0,0.7255724413250213,1,13.0,0.0,0,0.0,0.959193289115531,1,13.0
50.0,0,0.0,0.0,7.85456811606615,0,0.0,1.0,0,0.0,0.9450718762310418,0,0.0,1.0,0,0.0,0.9642693284466659,0,0.0
55.0,0,0.0,0.0,9.010546433614186,0,0.0,1.0,0,3.0,0.8424024035063573,0,6.0,0.8816373138441932,0,0.0,0.9598029799346701,0,9.0
60.0,0,0.0,0.0,8.98277584832355,0,0.0,1.0,0,0.0,0.9533857113625526,0,3.0,0.9382200570696172,0,0.0,0.9848728881082657,0,3.0
65.0,0,0.0,0.0,8.429734376503701,0,0.0,1.0,0,0.0,0.9617262019662282,0,3.0,0.7295592339665444,0,0.0,0.9430351843471982,0,3.0
70.0,1,3.0,0.125,8.095568193804938,0,0.0,1.0,0,0.0,0.9392528318158058,0,3.0,0.9581413556728825,0,0.0,0.9762764936977988,0,3.0
75.0,2,10.0,0.38461538461538464,7.965396803790692,0,0.0,1.0,1,2.0,0.6422039847452322,0,3.0,0.9625046694217853,0,0.0,0.9646563102246863,1,5.0
80.0,1,7.0,0.25,7.335308010427728,0,0.0,1.0,1,7.0,0.7208505715073094,0,3.0,0.7975595352281106,0,0.0,0.546270809406917,1,10.0
85.0,3,20.0,0.6666666666666666,7.94308066877896,0,0.0,1.0,1,12.0,0.7156239754126131,1,8.0,0.7499934570649931,1,3.0,0.4875510022997658,3,23.0
90.0,3,23.0,0.7931034482758621,7.05198503300077,0,0.0,1.0,3,23.0,0.39160125287775377,0,4.0,0.6988877389577788,0,0.0,0.9833131112632241,3,27.0
95.0,5,43.0,1.34375,6.785327517746585,0,0.0,0.8969856783936045,3,38.0,0.3583208303210756,2,9.0,0.22795351882354922,0,0.0,0.9142342361395212,5,47.0
100.0,8,76.0,2.235294117647059,6.98399139567689,1,4.0,0.24828519819905356,4,55.0,0.17175701043762814,3,21.0,0.38473817556025286,0,0.0,0.9518893448947285,8,80.0
105.0,8,111.0,3.46875,6.586391041071966,0,0.0,1.0,5,76.0,0.3642385442122601,3,36.0,0.27741289318491835,0,0.0,0.9699776079319347,8,112.0
110.0,2,19.0,0.5277777777777778,6.640025286067405,0,0.0,1.0,0,5.0,0.7615544584559162,2,34.0,0.26898869268247294,0,0.0,0.9657808315953348,2,39.0
115.0,2,29.0,0.8055555555555556,8.239800109162855,0,0.0,1.0,0,0.0,0.8613131797853816,2,30.0,0.410102869843472,0,0.0,0.9592961103473938,2,30.0
120.0,3,42.0,1.105263157894737,8.817352729006224,0,0.0,1.0,0,0.0,0.8536399948517515,3,49.0,0.47235291535017465,0,0.0,0.9341462349895319,3,49.0
125.0,4,58.0,1.5263157894736843,8.638621619360697,0,0.0,1.0,0,0.0,0.9057835776458376,4,65.0,0.35233740309713757,0,0.0,0.929597623416187,4,65.0
130.0,6,28.0,0.7,6.443594418960569,0,0.0,1.0,1,1.0,0.3797860888981226,4,51.0,0.37700880353511856,0,0.0,0.9627734106256349,5,52.0
135.0,12,80.0,2.051282051282051,6.157869576060515,0,3.0,0.9135597773322761,5,20.0,0.16164851335764416,4,49.0,0.48016025960597997,0,0.0,0.5970378985806984,9,72.0
140.0,13,143.0,4.085714285714285,5.570102868449292,0,0.0,1.0,5,45.0,0.15775346720165206,4,66.0,0.4408635950233697,1,3.0,0.6259345868538878,10,114.0
145.0,16,217.0,6.027777777777778,4.970793743385517,0,0.0,1.0,5,70.0,0.27566212574377164,5,89.0,0.2658496429837777,1,8.0,0.7156466374660596,11,167.0
150.0,12,200.0,5.2631578947368425,4.745807158462227,0,0.0,1.0,4,75.0,0.17414523759755232,5,114.0,0.124473901110728,1,13.0,0.6781424127340328,10,202.0
155.0,11,220.0,5.7894736842105265,5.3921383732671275,0,0.0,1.0,4,77.0,0.19110062533031796,6,140.0,0.12954628123853998,1,3.0,0.6172978371058074,11,220.0
160.0,13,280.0,7.17948717948718,5.378452843363718,0,0.0,1.0,4,97.0,0.19230635823545653,7,179.0,0.22544217159188795,1,8.0,0.6569100215506596,12,284.0
165.0,14,332.0,7.904761904761905,4.817264267431436,0,0.0,1.0,5,118.0,0.023021028657566514,8,219.0,0.1540807918337432,0,0.0,0.6696123498317629,13,337.0
170.0,3,57.0,1.2954545454545454,5.723273265569912,0,0.0,1.0,0,0.0,0.5054552874498247,2,116.0,0.4247975688379176,1,4.0,0.4998629150531633,3,120.0
175.0,1,15.0,0.32608695652173914,7.537151057518272,0,6.0,0.8635509856776818,0,3.0,0.8134366456426227,1,61.0,0.5967683776768924,0,0.0,0.9946803702852551,1,70.0
180.0,2,21.0,0.44680851063829785,8.12363385613122,1,7.0,0.22708273133189116,0,6.0,0.9462642508969985,1,32.0,0.580850796328797,0,0.0,0.9588963243915116,2,45.0
185.0,5,43.0,0.8958333333333334,8.488766121253363,3,20.0,0.00028568599947908737,0,6.0,0.9554076888388486,2,41.0,0.7110654953242838,0,0.0,0.9406766807968269,5,67.0
190.0,7,69.0,1.4680851063829787,7.575282353789436,3,35.0,0.0,0,6.0,0.9538948104524453,1,42.0,0.6659466448582574,0,0.0,0.9270250247552493,4,83.0
195.0,7,68.0,1.4166666666666667,7.909063463609925,0,0.0,1.0,0,6.0,0.9281779455031762,4,55.0,0.5368300170626136,0,0.0,0.9362986738779501,4,61.0
200.0,4,63.0,1.2857142857142858,8.183733558998584,0,0.0,1.0,0,23.0,0.8630347587395445,4,75.0,0.4729588783839768,0,0.0,0.9335761739351426,4,98.0
205.0,9,95.0,1.9791666666666667,6.795915657531104,0,0.0,1.0,4,32.0,0.4836771601763174,5,95.0,0.21369137269440308,0,0.0,0.915147993821085,9,127.0
210.0,9,76.0,1.5510204081632653,6.330710548807458,0,0.0,1.0,4,35.0,0.18497544369888372,4,70.0,0.15784282343304987,1,1.0,0.6082309875218527,9,106.0
215.0,12,131.0,2.519230769230769,6.4189399653737045,0,0.0,1.0,6,67.0,0.1827528183275359,4,75.0,0.28153858225127576,2,7.0,0.3290527736541638,12,149.0
220.0,15,203.0,3.759259259259259,6.417543153613777,0,0.0,1.0,8,105.0,0.10667409954680962,5,110.0,0.2750233609414977,2,17.0,0.4845018681842944,15,232.0
225.0,17,283.0,5.4423076923076925,5.467422818154658,0,0.0,1.0,9,149.0,0.20392518291789938,5,124.0,0.008731406689721314,2,27.0,0.35267261673246986,16,300.0
230.0,17,366.0,6.90566037735849,5.495090815644962,0,0.0,1.0,9,194.0,0.2310101040886818,5,150.0,0.001865530826291724,3,41.0,0.2475758312886048,17,385.0
235.0,16,401.0,7.566037735849057,5.538011261484202,0,0.0,1.0,7,181.0,0.301151263556657,6,180.0,0.00019171219870538897,3,56.0,0.38079809537033615,16,417.0
240.0,16,481.0,8.745454545454546,6.025747323411835,0,0.0,1.0,7,216.0,0.21836781184961487,6,210.0,1.562942830026572e-05,3,71.0,0.30013000557787894,16,497.0
245.0,16,485.0,9.326923076923077,5.590959496594678,0,0.0,1.0,8,256.0,0.28737268391532195,6,243.0,0.13658229761214064,0,30.0,0.5003435086063958,14,529.0
250.0,15,557.0,10.314814814814815,5.720831761303373,0,0.0,1.0,8,296.0,0.29836202194730355,6,281.0,0.2723440507154794,0,0.0,0.9721803713705487,14,577.0
255.0,12,325.0,5.803571428571429,5.344473481942401,0,0.0,1.0,1,94.0,0.31334312659770014,9,317.0,0.0938909595431192,0,0.0,0.9630618320651392,10,411.0
260.0,14,362.0,6.464285714285714,5.664520514090896,0,0.0,1.0,1,5.0,0.4214787115535364,10,365.0,0.10268904902993846,0,0.0,0.9509965525844076,11,370.0
265.0,13,413.0,7.375,6.194254198871734,0,0.0,1.0,2,13.0,0.3780483316771429,10,421.0,0.23910142004707063,0,0.0,0.9806047548851652,12,434.0
270.0,6,71.0,1.2456140350877194,6.564465907734336,0,0.0,1.0,3,28.0,0.3923718694595106,2,194.0,0.41065890736100297,0,0.0,0.9868606705245325,5,222.0
275.0,4,44.0,0.7857142857142857,7.325084796893394,0,6.0,0.5766685935335161,3,52.0,0.48913189882105873,0,53.0,0.7648925099830691,1,1.0,0.49513584684849177,4,112.0
280.0,6,70.0,1.2280701754385965,8.273794683909399,1,7.0,0.35770668003482675,4,75.0,0.5312787182748446,0,7.0,0.9554934692082385,1,6.0,0.465191026409729,6,95.0
285.0,9,101.0,1.8703703703703705,7.47593059423051,3,17.0,0.012073208537718217,6,102.0,0.41298259856740954,0,7.0,0.8054151843301688,0,0.0,0.995775161829974,9,126.0
290.0,11,149.0,2.811320754716981,6.2639044164293,3,32.0,0.004766295289612201,7,130.0,0.307808991820301,1,20.0,0.5268963588757912,0,0.0,0.9385272298556505,11,182.0
295.0,13,101.0,1.9423076923076923,6.086888266235702,4,51.0,0.0006120203006063713,4,96.0,0.4294618697788803,4,24.0,0.32182842632276953,0,0.0,0.9450972066076014,12,171.0
300.0,12,141.0,2.7115384615384617,6.415061163470573,4,71.0,0.00023210279898147398,2,37.0,0.6809797997742082,5,47.0,0.3229111515496689,0,0.0,0.9786203111528073,11,155.0
305.0,16,211.0,3.981132075471698,6.026772057773606,4,91.0,2.2798471173434715e-05,3,42.0,0.5412994979943856,8,84.0,0.25022472048439204,0,0.0,0.9685752630583814,15,217.0
310.0,14,202.0,3.607142857142857,5.274904469076115,4,111.0,1.2195093631863057e-05,5,61.0,0.32051010484701353,3,33.0,0.23701974541226575,0,0.0,0.9410420818755113,12,205.0
315.0,15,268.0,4.872727272727273,5.308471271372846,4,140.0,0.2180913926229808,6,95.0,0.3381015317964012,4,40.0,0.19779634500990476,0,0.0,0.9375693954314558,14,275.0
320.0,16,318.0,5.781818181818182,5.260028271622416,4,160.0,0.05303165694053581,7,127.0,0.3569849126031616,4,60.0,0.1781402325406743,0,0.0,0.9993645161544653,15,347.0
325.0,18,396.0,7.2,5.3505457043119105,6,182.0,0.011135429924266442,8,163.0,0.4423024356828318,4,80.0,0.1742926759321022,0,0.0,0.9630254887721623,18,425.0
330.0,21,490.0,8.909090909090908,5.095323007878089,7,214.0,0.0026877069932924507,8,200.0,0.39900620096133194,4,100.0,0.3072163879984186,0,0.0,0.9713040629044638,19,514.0
335.0,13,369.0,6.589285714285714,5.217421044284037,8,254.0,0.000546837765633601,1,54.0,0.5438529710079981,4,120.0,0.1113829728200623,0,0.0,0.9318794497082724,13,428.0
340.0,17,450.0,7.894736842105263,5.323326480597789,8,294.0,0.00018112481488866675,1,25.0,0.5826726912494509,6,148.0,0.00012321553641143882,0,0.0,0.968480579156679,15,467.0
345.0,18,540.0,9.0,6.293790612960087,8,334.0,3.414805535391356e-05,2,32.0,0.5790850625481383,6,184.0,0.30948031544659904,0,0.0,0.9424744394864059,16,550.0
350.0,13,489.0,7.887096774193548,6.412840465270052,8,374.0,6.054307081889072e-06,2,42.0,0.5312505582075784,3,144.0,0.5651951429260494,0,0.0,0.9651776515631514,13,560.0
355.0,11,454.0,7.32258064516129,6.992229448724583,8,414.0,1.1578637760402104e-06,1,39.0,0.442862871924814,2,65.0,0.665880930814033,0,0.0,0.9619898998721552,11,518.0
360.0,6,140.0,2.2950819672131146,7.088992297635607,2,209.0,0.011362056820835324,2,46.0,0.312919025545422,2,38.0,0.6146804170717057,0,0.0,0.9510765090085456,6,293.0
365.0,6,105.0,1.7796610169491525,7.175493340396039,0,105.0,0.1462907846052334,2,56.0,0.24148482325171897,3,55.0,0.6292052851130545,0,0.0,0.9592075120419215,5,216.0
370.0,9,143.0,2.4655172413793105,6.876381566610952,0,0.0,1.0,3,71.0,0.23584740404400117,5,73.0,0.5004950322916609,0,0.0,0.9281341424875343,8,144.0
375.0,16,207.0,3.6315789473684212,6.232016018601966,0,0.0,1.0,3,86.0,0.3551515269227693,7,103.0,0.24377398027424055,0,0.0,0.9814935097890057,10,189.0
380.0,16,287.0,4.704918032786885,6.210691971857835,0,0.0,1.0,3,101.0,0.4488620491348683,7,138.0,0.2817492101651446,0,0.0,0.9376114789993081,10,239.0
385.0,20,377.0,6.180327868852459,6.572314445373026,0,0.0,1.0,4,117.0,0.3579917606515928,10,182.0,0.22192559009833673,0,0.0,0.9892515469112683,14,299.0
390.0,20,477.0,8.224137931034482,5.619314150301904,0,0.0,1.0,4,137.0,0.39399779358425174,10,232.0,0.1961588256323779,0,0.0,0.9317229063755657,14,369.0
395.0,24,591.0,10.745454545454546,4.609458144840921,0,0.0,1.0,4,157.0,0.22881473000124466,11,286.0,0.16676282632162803,0,0.0,0.9306868831239015,15,443.0
400.0,26,687.0,12.267857142857142,4.044627018374839,0,0.0,1.0,5,181.0,0.2634460286528678,12,346.0,0.11984412411980183,0,0.0,0.75243211917988,17,527.0
405.0,27,765.0,14.166666666666666,4.021483179776971,0,0.0,1.0,5,206.0,0.31455745732572665,13,411.0,0.12456032003722477,1,4.0,0.48264044564243846,19,621.0
410.0,28,905.0,17.07547169811321,3.731026487928026,0,0.0,1.0,5,231.0,0.24200650253341513,14,481.0,0.1107975620298808,1,9.0,0.48366052553485045,20,721.0
415.0,30,951.0,16.982142857142858,3.4424652539612777,0,0.0,1.0,5,160.0,0.2138299911409564,15,554.0,0.11435630888239959,2,14.0,0.3154192935425601,22,728.0
420.0,27,930.0,17.22222222222222,3.4503385712379315,0,0.0,1.0,5,185.0,0.26919452354295315,16,633.0,0.08468674396595899,1,19.0,0.18975282439302296,22,837.0
425.0,27,1060.0,20.0,3.634968656377208,0,0.0,1.0,5,210.0,0.24605285251849923,17,721.0,0.08150939600014179,1,24.0,0.4179304882935665,23,955.0
430.0,25,1053.0,19.5,3.9876124336687915,0,0.0,1.0,6,236.0,0.13888925666262134,18,801.0,0.09459827753160396,1,29.0,0.48959896405255526,25,1066.0
435.0,20,933.0,16.660714285714285,4.489401122006433,0,0.0,1.0,1,25.0,0.10386710604704578,18,891.0,0.13345319744510492,1,34.0,0.5346021127062376,20,950.0
440.0,22,1036.0,18.17543859649123,5.052953596860193,0,0.0,1.0,1,26.0,0.3531068741355126,18,981.0,0.17638580626642425,1,39.0,0.6226878821975692,20,1046.0
445.0,9,296.0,5.103448275862069,5.956661413675075,0,0.0,0.9474455442078685,1,31.0,0.6063485150038027,6,568.0,0.34376391035538717,2,45.0,0.332858096668118,9,644.0
450.0,5,95.0,1.6379310344827587,7.09163176667418,0,6.0,0.5871007093420575,1,47.0,0.6294843498388569,1,240.0,0.6133927246466965,2,55.0,0.3172191634431595,4,348.0
455.0,4,52.0,0.9122807017543859,7.474048830545277,1,10.0,0.17030621704073917,1,55.0,0.8049728976559409,1,44.0,0.7743049108487053,0,0.0,0.938305857299518,3,109.0
460.0,7,75.0,1.3392857142857142,7.775099091031395,3,24.0,0.012831800818127778,2,72.0,0.6682359094944721,1,21.0,0.7874532285825319,0,0.0,0.9409848941948716,6,117.0
465.0,8,110.0,1.896551724137931,8.337838700843314,4,40.0,0.004075814461509117,3,87.0,0.7264050345266094,1,50.0,0.8046084873557571,0,0.0,0.9531993774983698,8,177.0
470.0,9,151.0,2.603448275862069,7.503341871919936,5,63.0,0.026347609977082923,3,91.0,0.6218678710494981,1,28.0,0.6048855681835075,0,0.0,0.9331871596963554,9,182.0
475.0,12,189.0,3.3157894736842106,6.561849583304439,5,88.0,0.020066001786964344,3,139.0,0.7061758035308304,4,39.0,0.17206629587665703,0,0.0,0.9830686271440737,12,266.0
480.0,9,149.0,2.6607142857142856,6.343892495426395,0,27.0,0.02473695890240604,3,145.0,0.6859492085576288,4,59.0,0.0035006458035531313,1,1.0,0.49590491265341613,8,232.0
485.0,10,195.0,3.3620689655172415,7.172316329109911,0,0.0,1.0,3,160.0,0.6052365214788873,5,86.0,0.2684866393895721,2,10.0,0.33270536002252954,10,256.0
490.0,10,245.0,4.083333333333333,7.7548813744878,0,0.0,1.0,3,130.0,0.5669213983819321,5,111.0,0.2822248117627101,2,20.0,0.3817505336880431,10,261.0
495.0,11,275.0,4.435483870967742,7.30668587937019,0,0.0,1.0,5,155.0,0.28349901890675927,5,136.0,0.27222530706979853,0,13.0,0.5091503420620334,10,304.0
500.0,12,333.0,5.55,7.3702727442858995,0,0.0,1.0,7,189.0,0.3449254766382944,5,188.0,0.4487060987258873,0,0.0,0.9603861450678087,12,377.0
505.0,13,397.0,6.616666666666666,7.133518226398844,0,0.0,1.0,7,224.0,0.34197476290272805,6,217.0,0.2586180627067279,0,0.0,0.9581768167076206,13,441.0
510.0,16,472.0,8.137931034482758,6.768584047782139,0,0.0,1.0,8,260.0,0.19025525765576812,8,232.0,0.12872513427746152,0,0.0,0.9598617068328843,16,492.0
515.0,16,552.0,10.615384615384615,5.795602072686924,0,0.0,1.0,8,300.0,0.18716160432030068,8,272.0,0.16396335874402354,0,0.0,0.595836652094968,16,572.0
520.0,18,638.0,12.037735849056604,5.1556449874601125,0,0.0,1.0,8,340.0,0.10938324315246392,9,316.0,0.15530582572240673,1,4.0,0.499523273967413,18,660.0
525.0,18,482.0,8.607142857142858,5.886860889061187,0,0.0,1.0,4,218.0,0.33020102735875984,11,371.0,0.12876308815366858,1,9.0,0.6464206269404181,16,598.0
530.0,15,445.0,7.946428571428571,6.16603774349605,0,0.0,1.0,0,19.0,0.5704282865270415,11,426.0,0.13920825728184139,2,16.0,0.32297531350636655,13,461.0
535.0,14,419.0,7.482142857142857,5.976617815519446,0,0.0,1.0,1,5.0,0.484016398074737,10,397.0,0.23836230599516545,1,7.0,0.4940046958692433,12,409.0
540.0,14,481.0,8.745454545454546,5.839851816797324,0,3.0,0.7834619622665819,1,10.0,0.4931559163866835,11,454.0,0.23898644377248152,0,0.0,0.9971392461338643,12,467.0
545.0,15,510.0,9.272727272727273,5.72770980855242,1,5.0,0.0015354433127184892,1,15.0,0.353659809994079,13,516.0,0.23679787202743655,0,0.0,0.9336597571818896,15,536.0
550.0,15,583.0,10.6,5.882747241698264,0,0.0,1.0,2,25.0,0.5929445544296946,13,581.0,0.19211337574020304,0,0.0,0.9611793273562448,15,606.0
555.0,16,649.0,11.8,6.154040260398049,0,0.0,1.0,2,35.0,0.4640523568610917,14,638.0,0.19183911565374961,0,0.0,0.9331281043504704,16,673.0
560.0,19,738.0,12.724137931034482,5.709946575991567,0,3.0,0.9690213278534091,2,45.0,0.419889489518728,15,712.0,0.22163793422973,0,0.0,0.9720975663394014,17,760.0
565.0,24,843.0,14.288135593220339,5.509118855644658,0,0.0,1.0,2,55.0,0.42577276546933307,17,791.0,0.177229934955858,1,2.0,0.6353576073045889,20,848.0
570.0,24,960.0,16.842105263157894,5.084760636235681,0,0.0,1.0,2,66.0,0.44976868451537183,17,874.0,0.13702738679783918,1,7.0,0.4697437133246172,20,947.0
575.0,14,311.0,5.456140350877193,4.542932904935953,0,0.0,1.0,3,113.0,0.3376493421273757,6,465.0,0.13490976700966903,1,12.0,0.4880630556705389,10,590.0
580.0,8,138.0,2.4210526315789473,5.734415414716693,0,6.0,0.629750401602233,5,142.0,0.398390616472942,1,175.0,0.31663782887862274,1,17.0,0.6173462984470893,7,340.0
585.0,10,160.0,2.909090909090909,5.867065167949665,1,10.0,0.2841632374909554,6,171.0,0.40109418895511395,1,30.0,0.4082361128358011,2,23.0,0.3299692898169191,10,234.0
590.0,12,206.0,3.7454545454545456,5.381464913209223,3,24.0,0.0703870680506661,5,189.0,0.43538687499844314,2,18.0,8.440445656083848e-06,2,33.0,0.3143605764581084,12,264.0
595.0,12,233.0,4.160714285714286,4.985763412305184,0,0.0,0.034180790323962186,6,168.0,0.46467018006555644,2,28.0,0.0,3,43.0,0.3298553124816047,11,239.0
600.0,7,222.0,3.8947368421052633,5.72755038437618,0,0.0,0.16552809638565252,5,193.0,0.475578292538223,2,41.0,0.45561776173663315,0,0.0,0.7845131101726089,7,234.0
605.0,7,257.0,4.589285714285714,6.776797860046557,0,0.0,0.3953447401883853,5,218.0,0.4531383309258173,2,57.0,0.6027955031078345,0,0.0,0.9054150214053941,7,275.0
610.0,4,60.0,1.0526315789473684,7.048233211191665,0,0.0,1.0,0,56.0,0.5569580913444713,4,69.0,0.3422899287754994,0,0.0,0.964271871172606,4,125.0
615.0,3,73.0,1.2586206896551724,8.129921372416423,0,0.0,1.0,0,0.0,0.9644141815022838,3,79.0,0.5054335089834124,0,0.0,0.9739533108357592,3,79.0
620.0,3,88.0,1.4915254237288136,8.58744858510332,0,0.0,1.0,0,3.0,0.7802627639164891,3,100.0,0.6762270981652853,0,0.0,0.9364422753292407,3,103.0
625.0,4,105.0,1.8103448275862069,8.328898021073867,0,0.0,1.0,0,6.0,0.9118928285099479,3,112.0,0.6135846246894502,1,2.0,0.6170152560545875,4,120.0
630.0,5,130.0,2.452830188679245,8.226468158685718,0,0.0,1.0,0,6.0,0.9765215307394807,4,132.0,0.6219462570370643,1,5.0,0.41088527154348053,5,143.0
635.0,7,160.0,3.1372549019607843,8.022090599931584,0,0.0,1.0,1,8.0,0.770287082948816,4,152.0,0.5903568762772321,2,13.0,0.38778366922828156,7,173.0
640.0,5,77.0,1.6382978723404256,8.071282280387411,0,0.0,1.0,1,13.0,0.79073691376874,2,106.0,0.6500962747762854,2,23.0,0.24020379427977975,5,142.0
645.0,1,12.0,0.2553191489361702,7.874279456954215,0,0.0,1.0,1,18.0,0.6557181557090633,0,25.0,0.8443255116383097,0,12.0,0.5417142270704374,1,55.0
650.0,5,26.0,0.52,7.5466057170444625,0,0.0,1.0,4,31.0,0.4779401335310993,1,13.0,0.5107790514074432,0,0.0,0.9694341772584618,5,44.0
655.0,6,26.0,0.5306122448979592,6.334841835954101,0,0.0,1.0,1,9.0,0.7098802446375317,5,29.0,0.04698473708533088,0,0.0,0.9944202081719393,6,38.0
660.0,7,61.0,1.297872340425532,6.463997335514153,0,0.0,1.0,1,14.0,0.6673606004883578,6,59.0,0.09333543407472673,0,0.0,0.9836260458969139,7,73.0
665.0,10,104.0,2.2127659574468086,6.875884437992529,0,0.0,1.0,1,19.0,0.6480922411218195,9,104.0,0.15757807248850417,0,0.0,0.9782716432817483,10,123.0
670.0,11,159.0,3.18,6.499114419859836,0,0.0,1.0,1,24.0,0.6996564896550423,10,154.0,0.20489078756745918,0,0.0,0.9730093386180416,11,178.0
675.0,12,219.0,4.211538461538462,7.089691733377027,0,0.0,1.0,1,29.0,0.6597070552172585,11,209.0,0.21137365146632886,0,0.0,0.9701826632408845,12,238.0
680.0,12,279.0,5.166666666666667,6.964534988138556,0,0.0,1.0,1,34.0,0.32056451663059365,11,264.0,0.20809639951472508,0,0.0,0.9635210160847142,12,298.0
685.0,13,342.0,6.333333333333333,7.136139143148678,0,0.0,1.0,2,42.0,0.4415057613564852,11,319.0,0.28718356136136997,0,0.0,0.9677814806241747,13,361.0
690.0,13,407.0,7.679245283018868,6.203951045968082,0,0.0,1.0,2,52.0,0.457115784133509,11,374.0,0.19431442018895223,0,0.0,0.9342327169755913,13,426.0
695.0,15,481.0,9.075471698113208,5.220385185287754,0,0.0,1.0,3,67.0,0.3252825252636059,12,433.0,0.046238128993020364,0,0.0,0.9612184189807687,15,500.0
700.0,19,564.0,10.846153846153847,4.748750030543726,0,0.0,1.0,4,83.0,0.1728475400072658,15,500.0,0.004011968094590645,0,0.0,0.8589516006824107,19,583.0
705.0,18,569.0,10.345454545454546,4.979573265027215,0,0.0,1.0,2,38.0,0.1803793760340271,15,569.0,0.0009034526861372433,1,3.0,0.6590959791698828,18,610.0
710.0,20,666.0,12.10909090909091,5.182110759173562,0,0.0,1.0,2,27.0,0.48802002712903236,16,649.0,0.08485160892828048,1,8.0,0.6028533563980417,19,684.0
715.0,19,759.0,14.055555555555555,5.748169069328781,0,0.0,1.0,2,37.0,0.6346911483586296,16,732.0,0.05506233297089727,1,13.0,0.6590740536712278,19,782.0
720.0,19,854.0,15.814814814814815,5.607073600236407,0,0.0,1.0,2,46.0,0.4791676950759937,16,813.0,0.09990148626313895,1,18.0,0.6121233144422366,19,877.0
725.0,18,898.0,16.62962962962963,5.210123681278315,0,0.0,1.0,0,0.0,0.49597876528325124,17,898.0,0.14344973452011806,1,23.0,0.5069872170276877,18,921.0
730.0,20,997.0,18.12727272727273,5.085029727258793,0,0.0,1.0,1,4.0,0.3503305466749335,17,983.0,0.15516941959518465,2,33.0,0.32411352635246243,20,1020.0
735.0,20,1097.0,21.096153846153847,5.122880021347727,0,0.0,1.0,1,9.0,0.64323007137194,17,1071.0,0.17924220432408272,2,43.0,0.3283386505015296,20,1123.0
740.0,23,1199.0,22.62264150943396,5.3294491675575175,0,0.0,1.0,1,14.0,0.7599582794358606,19,1158.0,0.19824564654034635,3,53.0,0.38545871098350937,23,1225.0
745.0,10,309.0,5.9423076923076925,5.197948808419296,0,0.0,1.0,0,0.0,0.8517652245381176,7,687.0,0.2300078201679573,2,63.0,0.37006685748760715,9,750.0
750.0,2,9.0,0.16363636363636364,6.648287911537664,0,9.0,0.6262577674518098,1,13.0,0.6423997549720392,1,266.0,0.4586243002700177,0,22.0,0.7550265390983959,2,310.0
755.0,5,31.0,0.5636363636363636,7.257098694091751,0,0.0,0.6055214691901024,1,18.0,0.6759301192734322,1,57.0,0.49904342361269927,0,0.0,0.9364257497179542,2,75.0
760.0,8,66.0,1.2,7.774845632765487,0,0.0,0.7748362638150237,3,28.0,0.6240171676118345,2,23.0,0.46873833928901454,0,0.0,0.7312879603974706,5,51.0
765.0,6,63.0,1.1454545454545455,7.419771366844244,0,0.0,1.0,0,9.0,0.9039968276586193,2,30.0,0.3178486267193944,1,4.0,0.6479174208867561,3,43.0
770.0,5,86.0,1.5636363636363637,7.431656474360307,0,0.0,0.9661597099894492,0,3.0,0.9504886909157945,2,43.0,0.379887882620903,1,8.0,0.5177360594598268,3,54.0
775.0,9,117.0,2.0526315789473686,7.610718081048898,0,0.0,1.0,0,3.0,0.9433209671843382,3,61.0,0.4602082612151705,4,17.0,0.18966758052252802,7,81.0
780.0,3,67.0,1.1964285714285714,7.7870803838250096,0,0.0,1.0,0,0.0,0.960298366845053,3,76.0,0.5484237611259379,0,5.0,0.31710053018432527,3,81.0
785.0,3,82.0,1.5769230769230769,7.941876258900317,0,0.0,1.0,0,0.0,0.8428041580540429,3,97.0,0.47839187639674174,0,0.0,0.8915697213708486,3,97.0
790.0,5,88.0,1.8333333333333333,7.333459438882161,0,0.0,1.0,2,5.0,0.22243723158004042,3,99.0,0.5480483945013089,0,0.0,0.9862258713426754,5,104.0
795.0,7,118.0,2.3137254901960786,7.822039054907971,0,0.0,1.0,4,25.0,0.4055086874237209,2,99.0,0.6847015100552784,0,0.0,0.9419140221461966,6,124.0
800.0,10,161.0,3.22,7.858320220892988,0,0.0,1.0,5,47.0,0.46406448383841303,2,100.0,0.45516297790642657,0,0.0,0.9510748224353573,7,147.0
805.0,8,188.0,3.9166666666666665,7.150993931077482,0,0.0,0.06854073204637363,5,72.0,0.40421341582573017,2,110.0,0.5895067861164194,0,0.0,0.9974518429669114,7,182.0
810.0,11,189.0,4.0212765957446805,6.431485880261038,3,12.0,2.824949890137528e-05,3,51.0,0.4441405938923719,3,122.0,0.23322596580311103,0,0.0,0.9147389762210358,9,185.0
815.0,11,235.0,4.895833333333333,6.86904769275738,3,27.0,0.0,5,72.0,0.3682707089448836,3,137.0,0.3900419155510978,0,0.0,0.9506066155541458,11,236.0
820.0,12,291.0,5.938775510204081,7.178697978224662,3,42.0,0.0,5,97.0,0.1556831726518397,4,156.0,0.31282458476514924,0,0.0,0.8936912999946388,12,295.0
825.0,13,354.0,7.08,7.148246583225138,3,57.0,0.0,5,138.0,0.32509657969388017,4,176.0,0.32084212698899045,1,3.0,0.6474124811066764,13,374.0
830.0,10,378.0,7.269230769230769,7.4731762906950845,3,72.0,0.0,5,149.0,0.4686761632618727,2,163.0,0.47094942959205266,0,0.0,0.9609886484868729,10,384.0
835.0,8,284.0,5.2592592592592595,7.594596937980442,3,87.0,0.0,3,84.0,0.2399793958405942,2,176.0,0.6717736562244236,0,0.0,0.9711589567717263,8,347.0
840.0,7,287.0,5.627450980392157,7.762651187358573,3,105.0,0.02494727244827675,1,13.0,0.6127279915477895,3,184.0,0.5545388824555264,0,0.0,0.9843967794036698,7,302.0
845.0,10,332.0,6.509803921568627,7.487206512217088,3,120.0,0.07377358445268486,1,12.0,0.7638961168170268,4,203.0,0.36741152804075533,0,0.0,0.9519245337240819,8,335.0
850.0,14,390.0,7.5,6.673966744751206,4,136.0,0.004958741489568321,2,18.0,0.6411129377237472,5,226.0,0.15115564845177215,0,0.0,0.980226720855958,11,380.0
855.0,15,443.0,8.358490566037736,6.338439401558236,5,158.0,0.0009180732819137777,0,3.0,0.9681785593876733,5,251.0,0.31808735293141627,0,0.0,0.9327027569328362,10,412.0
860.0,19,526.0,9.924528301886792,5.99880289723975,5,183.0,0.00023292495300115897,0,3.0,0.953777451744274,7,279.0,0.1150831791792067,0,0.0,0.9628678455765352,12,465.0
865.0,15,417.0,7.722222222222222,5.895182934731463,0,29.0,0.045387787634824366,1,1.0,0.6500699193616334,7,320.0,0.27777912769903346,0,0.0,0.9946889735441655,8,350.0
870.0,15,257.0,4.849056603773585,6.190749325698604,0,0.0,1.0,1,6.0,0.6822842329192698,5,229.0,0.3933665986170092,0,0.0,0.960583779948818,6,235.0
875.0,12,236.0,4.452830188679245,6.911516666125463,0,0.0,1.0,0,0.0,0.6200174669190587,2,94.0,0.5369359439872999,1,2.0,0.47885328557609025,3,96.0
880.0,14,303.0,5.826923076923077,7.004387256531278,0,0.0,0.959227343317022,2,7.0,0.32243844108720915,2,32.0,0.6461255011948451,1,7.0,0.4806758102022563,5,46.0
885.0,15,376.0,7.52,6.916111010098182,0,0.0,1.0,2,17.0,0.4872093112456549,2,71.0,0.7008344046553738,1,12.0,0.5558501839322226,5,100.0
890.0,9,229.0,4.58,7.047996382912655,0,0.0,1.0,3,30.0,0.24680128092277664,0,9.0,0.9572854277088763,0,0.0,0.9584933994043012,3,39.0
895.0,9,262.0,5.822222222222222,6.122357262585457,0,0.0,0.08531822490849951,3,48.0,0.31367628861788016,0,9.0,0.6770339340931989,0,0.0,0.9565510759166409,3,57.0
900.0,16,328.0,8.0,4.798275331553437,1,7.0,0.19267394264461501,3,91.0,0.5639669212787941,3,10.0,0.3245399048435912,0,0.0,0.9209640236438914,7,108.0
905.0,13,375.0,8.522727272727273,5.324228973787573,0,0.0,0.05588552562634068,4,107.0,0.5665038649682705,3,25.0,0.29403813999883205,0,0.0,0.9554646218139875,7,132.0
910.0,12,407.0,9.25,5.552181114909274,0,0.0,0.9398399898575998,4,99.0,0.4918682300075659,3,30.0,0.011630018632828715,0,0.0,0.9476174572565036,7,129.0
915.0,5,167.0,3.9761904761904763,6.209494862659209,0,0.0,1.0,1,40.0,0.7022212882829738,2,25.0,0.1553455910994215,0,0.0,0.9594578236915265,3,65.0
920.0,5,83.0,1.8444444444444446,7.338653958497329,0,0.0,1.0,1,45.0,0.6960578182095986,3,40.0,0.0,1,1.0,0.6307837602186516,5,86.0
925.0,11,125.0,2.717391304347826,6.8556414538982215,0,0.0,1.0,2,52.0,0.5154491043890469,3,61.0,0.4539930130888876,2,8.0,0.317943784010741,7,121.0
930.0,13,186.0,4.043478260869565,6.221984209880435,0,0.0,1.0,3,66.0,0.47937755996441805,3,76.0,0.4851568302733227,2,18.0,0.3219784378987091,8,160.0
935.0,7,93.0,2.2142857142857144,6.312484782265822,0,0.0,1.0,1,11.0,0.6001455008653584,2,71.0,0.5772340891540403,0,0.0,0.9400754912070381,3,82.0
940.0,3,83.0,1.8043478260869565,7.41628257614188,0,0.0,1.0,1,50.0,0.6465498335693082,2,84.0,0.5644787938089882,0,0.0,0.9382997653211413,3,134.0
945.0,5,105.0,2.282608695652174,7.703714345867941,0,0.0,1.0,2,53.0,0.6968650016837828,2,91.0,0.6073082949056076,0,0.0,0.9626315886282342,4,144.0
950.0,5,123.0,2.7333333333333334,8.10046614395775,0,0.0,0.5725223889217164,2,30.0,0.7376178614446603,2,101.0,0.5653996419857268,0,0.0,0.9528189235464669,4,131.0
955.0,4,46.0,1.0454545454545454,7.379695210052099,1,3.0,0.04061325290611451,2,40.0,0.7010050477683748,0,113.0,0.40622845177909095,0,0.0,0.9888280794201822,3,156.0
960.0,3,17.0,0.38636363636363635,8.333294722449448,2,13.0,0.0,0,39.0,0.9411012591029967,1,10.0,0.6725190075854867,0,0.0,0.9928736883447851,3,62.0
965.0,2,10.0,0.23255813953488372,8.82336817840143,0,0.0,0.10287677493066286,0,39.0,0.9477544656488669,2,16.0,0.5820775079899734,0,0.0,0.9470156413451459,2,55.0
970.0,2,20.0,0.47619047619047616,8.47272561280347,0,0.0,1.0,0,3.0,0.6344303801639185,2,25.0,0.42331534557652484,0,0.0,0.9760191283506326,2,28.0
975.0,4,9.0,0.21951219512195122,8.264865519858988,0,0.0,1.0,3,7.0,0.5512365019629692,0,6.0,0.7158505344624679,0,0.0,0.9518935808131841,3,13.0
980.0,4,12.0,0.2857142857142857,7.800351064534016,0,0.0,1.0,2,13.0,0.42506734529154566,0,3.0,0.7176230063867919,1,1.0,0.4668368350282911,3,17.0
985.0,4,31.0,0.6888888888888889,8.591942062134962,0,0.0,1.0,1,11.0,0.7616032395013268,1,8.0,0.7132876723216599,1,5.0,0.4962996854295614,3,24.0
990.0,3,34.0,0.8095238095238095,9.139150429026458,0,0.0,1.0,1,16.0,0.7755470152846716,1,16.0,0.732260608360172,1,6.0,0.49908340496513015,3,38.0
995.0,3,35.0,0.8536585365853658,8.55437061602171,0,0.0,1.0,1,21.0,0.6077103656712253,1,7.0,0.7277224060302041,1,11.0,0.5886423370775186,3,39.0
1000.0,7,59.0,1.4390243902439024,7.219449584763147,0,0.0,1.0,2,33.0,0.6243346844777534,3,14.0,0.22407292768401793,2,19.0,0.3275392164104718,7,66.0
1005.0,5,60.0,1.5,7.808623129662808,0,0.0,1.0,2,43.0,0.5798183204409093,3,29.0,0.41557065505852053,0,0.0,0.9480299059379865,5,72.0
1010.0,6,88.0,2.1463414634146343,7.52156215460448,0,0.0,1.0,3,56.0,0.48204632833451394,3,50.0,0.4826992670580937,0,0.0,0.9793789578705708,6,106.0
1015.0,7,119.0,2.902439024390244,7.476338916975808,0,0.0,1.0,3,71.0,0.49636673564094486,4,66.0,0.28880359426684593,0,0.0,0.9656113149298758,7,137.0
1020.0,9,164.0,4.205128205128205,7.069234991543271,0,0.0,1.0,3,86.0,0.39229550781471645,6,96.0,0.2640272653554706,0,0.0,0.954945752822439,9,182.0
1025.0,10,210.0,5.121951219512195,5.930465519627965,0,0.0,1.0,4,99.0,0.18907011665403162,6,126.0,0.23405238494796396,0,0.0,0.9414789774720965,10,225.0
1030.0,14,268.0,6.090909090909091,5.597922993903062,0,0.0,1.0,6,125.0,0.23786270486438582,8,158.0,0.09971017287437607,0,0.0,0.9297150677248303,14,283.0
1035.0,9,197.0,4.5813953488372094,5.645984253766323,0,0.0,1.0,7,156.0,0.17703956389268047,2,72.0,0.029435721261598602,0,0.0,0.9630989428675414,9,228.0
1040.0,8,234.0,5.85,6.589322679582163,0,6.0,0.675796721689115,7,194.0,0.42903476402496754,1,50.0,0.11210373093359036,0,0.0,0.9633977469805628,8,250.0
1045.0,10,275.0,6.7073170731707314,6.592301786360358,1,7.0,0.017132718823089803,8,232.0,0.4458146561915792,1,51.0,0.0,0,0.0,0.9691490944628586,10,290.0
1050.0,10,325.0,7.926829268292683,6.6807899958954815,2,17.0,7.861703676871552e-05,7,267.0,0.40454039732835795,1,56.0,0.0,0,0.0,0.9522180658609889,10,340.0
1055.0,13,382.0,9.095238095238095,5.809104451322384,2,27.0,0.0,10,309.0,0.3152950381883103,1,61.0,0.41020141803464644,0,0.0,0.9657921551201488,13,397.0
1060.0,14,449.0,11.225,5.079336630425763,2,37.0,0.0,10,359.0,0.3233877152150014,1,66.0,0.46235532079259517,1,2.0,0.4967974776185868,14,464.0
1065.0,5,75.0,1.7045454545454546,5.834170565697513,0,0.0,1.0,3,117.0,0.4094212666480779,0,0.0,0.9900922437977808,2,12.0,0.38494974077578525,5,129.0
1070.0,6,105.0,2.441860465116279,6.71583403421911,0,0.0,1.0,3,78.0,0.4110334818477371,0,0.0,0.9586170978796225,3,27.0,0.39058294450921616,6,105.0
1075.0,8,142.0,3.1555555555555554,7.455909288770419,0,0.0,1.0,3,93.0,0.2498183881740093,0,9.0,0.9529761927039713,4,44.0,0.1927807768408096,7,146.0
1080.0,9,185.0,4.021739130434782,7.120381182512022,0,0.0,1.0,3,108.0,0.3550985763011737,0,9.0,0.7882505828664749,4,64.0,0.2558526853074607,7,181.0
1085.0,9,230.0,4.6938775510204085,7.460680249005605,0,0.0,1.0,3,123.0,0.5067296678575729,0,9.0,0.9164665960955726,4,84.0,0.3586780867657499,7,216.0
1090.0,6,165.0,3.4375,7.197354231170588,0,2.0,0.7181279860381716,5,140.0,0.2751947250499411,0,9.0,0.9102101772021293,1,54.0,0.4920215724902874,6,205.0
1095.0,6,168.0,3.7333333333333334,6.965631531629147,1,5.0,0.00039148706645733637,5,165.0,0.1945247991292826,0,15.0,0.8487096063212962,0,25.0,0.7491299725620334,6,210.0
1100.0,8,208.0,4.333333333333333,7.113705658864739,1,10.0,0.0,6,195.0,0.3232991208227969,0,9.0,0.8834578652749722,0,0.0,0.9498777812189445,7,214.0
1105.0,10,228.0,4.851063829787234,5.882636828263578,1,15.0,0.0,5,209.0,0.3548825420261088,4,15.0,0.14424243549135024,0,0.0,0.950282464526911,10,239.0
1110.0,11,268.0,5.826086956521739,5.7252942043845865,0,0.0,1.0,6,238.0,0.3913580056153715,5,39.0,0.01836383969668008,0,0.0,0.9680894733500619,11,277.0
1115.0,14,328.0,6.833333333333333,5.740354391874978,0,0.0,1.0,6,268.0,0.43466406563584403,8,72.0,0.21561675625529067,0,0.0,0.930663589286671,14,340.0
1120.0,15,402.0,8.204081632653061,6.041670845314576,0,0.0,1.0,6,298.0,0.48503791045714784,9,116.0,0.181424487742435,0,0.0,0.9637618693591269,15,414.0
1125.0,6,328.0,6.56,6.306908295214761,0,0.0,1.0,6,328.0,0.3715466103873556,0,53.0,0.35333103885741884,0,0.0,0.7173500355360146,6,381.0
1130.0,9,369.0,7.38,6.815282090719984,0,3.0,0.6642145813293027,8,368.0,0.2980405272884377,0,3.0,0.9119147290757315,1,4.0,0.637134541366254,9,378.0
1135.0,10,416.0,7.849056603773585,6.971720739778959,0,0.0,0.8112632427138184,9,407.0,0.2641534697720105,0,3.0,0.9420885174968966,1,9.0,0.5875223669375369,10,419.0
1140.0,9,452.0,9.04,6.689453942555157,0,0.0,0.6695776555990453,9,452.0,0.20676214497352116,0,3.0,0.8698825867372167,0,1.0,0.5807350368545637,9,456.0
1145.0,11,505.0,9.901960784313726,7.23918625272275,1,3.0,0.4584247539252401,10,502.0,0.2760691886442081,0,3.0,0.8579712121993011,0,0.0,0.9435275658585569,11,508.0
1150.0,14,567.0,11.117647058823529,6.158007591982176,1,8.0,0.0,11,556.0,0.2523411206243899,2,6.0,0.4756252629256107,0,0.0,0.9391402228901853,14,570.0
1155.0,16,644.0,11.925925925925926,6.133479768259749,1,13.0,0.4431397000479298,13,618.0,0.12212854316151212,2,16.0,0.4354975749119794,0,0.0,0.8756796481800362,16,647.0
1160.0,19,733.0,14.096153846153847,5.703043005769587,1,18.0,0.0,14,688.0,0.13740333013181363,4,30.0,0.17988125654991577,0,0.0,0.9495086133935479,19,736.0
1165.0,16,391.0,8.145833333333334,5.4620736978382824,1,23.0,0.0,10,505.0,0.2091992918754666,4,50.0,0.18314822981184006,1,2.0,0.6475008197654527,16,580.0
1170.0,11,274.0,5.708333333333333,6.455969953996468,1,28.0,0.0,7,226.0,0.18339292569218038,2,56.0,0.2712014574463059,1,7.0,0.6158623531495895,11,317.0
1175.0,11,329.0,6.714285714285714,6.838797600330751,1,33.0,0.0,7,231.0,0.21683047749379425,2,56.0,0.45793538842410364,1,12.0,0.6920502829354144,11,332.0
1180.0,14,388.0,8.25531914893617,6.784725185244069,1,38.0,0.0,8,267.0,0.15482964162318055,2,66.0,0.5908703705024676,3,20.0,0.2412372166871249,14,391.0
1185.0,14,458.0,9.74468085106383,6.911378784052014,1,43.0,0.0,8,310.0,0.2945079981800232,2,76.0,0.6526116288231083,3,33.0,0.24992595437240137,14,462.0
1190.0,16,533.0,11.340425531914894,6.036375369200345,1,48.0,0.0,9,354.0,0.15816307524564752,3,87.0,0.5429771829125772,3,48.0,0.20972687648298383,16,537.0
1195.0,19,620.0,12.916666666666666,5.304791734094539,1,53.0,0.0,12,403.0,0.0380017694481528,3,102.0,0.5464665560519348,3,63.0,0.21615482179177317,19,621.0
1200.0,20,720.0,15.0,5.536158361685143,1,58.0,0.0,12,463.0,0.059907431466546375,3,117.0,0.5359470359014649,4,83.0,0.30286923958496165,20,721.0
1205.0,11,334.0,6.816326530612245,5.198927117977601,1,63.0,0.0,3,142.0,0.13638075052808157,3,132.0,0.3402930411986079,4,103.0,0.31457062063805874,11,440.0
1210.0,9,271.0,5.211538461538462,6.108707338143168,1,68.0,0.0,3,52.0,0.3936130591027841,5,154.0,0.1425704274374453,0,30.0,0.5548162143020688,9,304.0
1215.0,5,147.0,2.826923076923077,7.017726228698203,1,73.0,0.0,3,67.0,0.24658036512887394,1,34.0,0.6302241442935819,0,0.0,0.7655202167292475,5,174.0
1220.0,4,160.0,3.1372549019607843,7.575522570236164,1,78.0,0.0,3,88.0,0.49150515897325836,0,9.0,0.8383858854743165,0,0.0,0.9369182677268652,4,175.0
1225.0,1,83.0,1.537037037037037,8.217951816217994,1,83.0,0.02556862109511315,0,36.0,0.8415077380101156,0,9.0,0.8065435363513164,0,0.0,0.9815777653647765,1,128.0
1230.0,3,12.0,0.21818181818181817,9.045145260436701,1,5.0,6.236230954148089e-05,1,8.0,0.8257629263480074,1,14.0,0.8389361123613102,0,0.0,0.9862847959751195,3,27.0
1235.0,2,17.0,0.3148148148148148,8.75267820254122,1,10.0,0.0,1,13.0,0.8281224318634992,0,9.0,0.8065407765928141,0,0.0,0.5293704361795896,2,32.0
1240.0,5,40.0,0.7843137254901961,7.87025228565524,1,15.0,0.0,1,18.0,0.825049456769227,1,13.0,0.7358814852827954,1,5.0,0.4887496198979012,4,51.0
1245.0,10,79.0,1.5192307692307692,6.533829585497973,1,20.0,0.47205297360776677,1,23.0,0.8152971456936908,4,26.0,0.13637539879223698,1,10.0,0.6272243736947315,7,79.0
1250.0,16,143.0,2.69811320754717,5.033475791560637,1,25.0,0.08906679101646453,5,34.0,0.34440725074152767,4,46.0,0.017332043166667997,1,15.0,0.3550862201173253,11,120.0
1255.0,14,171.0,3.2884615384615383,4.8530161129416465,1,30.0,0.0,5,59.0,0.28685838187914003,1,22.0,0.023191148834770903,0,0.0,0.8641530664797952,7,111.0
1260.0,14,214.0,4.196078431372549,4.750341192362976,1,41.0,0.3946422878814326,7,86.0,0.23051608061372275,1,29.0,0.3718365678030327,0,0.0,0.9483788284371197,9,156.0
1265.0,15,286.0,5.5,4.872234878020658,1,49.0,0.19602734335647787,8,123.0,0.26669832553358974,1,29.0,0.0,0,0.0,0.9432143094833,10,201.0
1270.0,14,256.0,5.12,4.997533949008927,0,3.0,0.06404677071369126,9,165.0,0.2713835811038425,1,34.0,0.5015882705038225,0,0.0,0.9367328662145944,10,202.0
1275.0,10,243.0,4.764705882352941,6.3850160112290055,0,0.0,0.27761146423576244,9,210.0,0.3711648561775597,1,39.0,0.6098517692996929,0,0.0,0.9486126605540721,10,249.0
1280.0,11,295.0,5.566037735849057,6.525873648214908,0,0.0,1.0,9,255.0,0.3974469565800954,1,44.0,0.7542703193992626,1,2.0,0.4339329219424669,11,301.0
1285.0,12,354.0,6.8076923076923075,6.329476930077491,0,0.0,1.0,9,300.0,0.33322280493621037,1,49.0,0.7600342311019704,2,11.0,0.34538384259516675,12,360.0
1290.0,16,427.0,8.211538461538462,5.644177919350448,0,0.0,1.0,11,350.0,0.1772890985301992,1,74.0,0.632397123479047,3,24.0,0.24776155315026968,15,448.0
1295.0,14,463.0,8.903846153846153,5.455486739275968,0,0.0,1.0,11,405.0,0.13848634581760957,3,84.0,0.4575096309580293,0,13.0,0.5868204695993684,14,502.0
1300.0,16,537.0,10.132075471698114,6.031340457711958,0,0.0,1.0,13,465.0,0.1550227145976969,3,102.0,0.4727137144266834,0,0.0,0.9614393234659387,16,567.0
1305.0,6,123.0,2.510204081632653,6.009503780010327,0,0.0,1.0,3,187.0,0.2137230271826903,3,114.0,0.0,0,0.0,0.927795525075887,6,301.0
1310.0,6,139.0,2.9574468085106385,6.191602347749992,0,0.0,1.0,3,43.0,0.2989581229954174,3,129.0,0.0,0,0.0,0.9619167699696356,6,172.0
1315.0,5,148.0,2.96,7.470962295628485,0,0.0,1.0,3,46.0,0.5256980668889536,2,112.0,0.6168768596873514,0,0.0,0.9240096763722558,5,158.0
1320.0,5,173.0,3.46,8.301642817754061,0,3.0,0.972602740904263,3,60.0,0.5561457133091293,2,122.0,0.7063724504669795,0,0.0,0.684322685026376,5,185.0
1325.0,4,130.0,2.5,8.378615507294283,0,3.0,0.030497510623986496,0,19.0,0.7586612459418739,2,132.0,0.7007975234513624,2,7.0,0.45990082729846044,4,161.0
1330.0,5,155.0,3.0392156862745097,8.794145381720412,1,8.0,0.0,0,0.0,0.762321942191808,2,142.0,0.7476171256630034,2,17.0,0.3285655690571795,5,167.0
1335.0,7,184.0,3.5384615384615383,8.30192896001746,1,13.0,0.0,0,0.0,0.5223024433872843,2,155.0,0.7639736671886032,3,30.0,0.34517122908260334,6,198.0
1340.0,9,226.0,4.52,7.48867786325735,1,18.0,0.0,2,10.0,0.49566956993839534,3,165.0,0.6463334369030533,3,45.0,0.22524709219225025,9,238.0
1345.0,9,261.0,5.326530612244898,7.606182123646135,1,23.0,0.10857061588149705,0,4.0,0.9466884456063499,4,179.0,0.6276375898568289,4,65.0,0.1970873178600402,9,271.0
1350.0,11,311.0,6.617021276595745,6.07355646199923,2,32.0,0.17367853892877252,1,5.0,0.6150027871978692,4,199.0,0.533763780306663,4,85.0,0.11642010711377726,11,321.0
1355.0,12,371.0,7.2745098039215685,5.823311130753824,3,47.0,0.01888078028137411,1,10.0,0.3324235889924474,4,248.0,0.5091942799378834,4,105.0,0.0630914043889209,12,410.0
1360.0,17,447.0,8.433962264150944,5.628385030237755,5,67.0,0.004078792035808288,2,20.0,0.3213425399362968,5,247.0,0.5204815983031025,5,126.0,0.2365525592980538,17,460.0
1365.0,21,542.0,10.627450980392156,5.004369424641216,6,97.0,0.0013607818131163244,2,33.0,0.4686317049111034,5,272.0,0.38694034185898896,5,151.0,0.2831576495965337,18,553.0
1370.0,23,655.0,11.696428571428571,5.224499796672753,6,127.0,0.0002240512181784629,2,43.0,0.6161103082866568,7,305.0,0.33040884697804196,5,176.0,0.25195611087052505,20,651.0
1375.0,26,777.0,14.127272727272727,4.369778399860278,6,157.0,2.7275743196114702e-05,4,57.0,0.3029735120918617,8,343.0,0.15435997826510264,5,201.0,0.281046177087915,23,758.0
1380.0,14,440.0,8.0,3.8945731368902643,0,62.0,0.02813200317585865,7,81.0,0.1236325297067723,4,339.0,0.11053439061246553,0,67.0,0.4023407085210827,11,549.0
1385.0,11,425.0,8.018867924528301,5.432325932766084,0,3.0,0.6483570744685769,2,39.0,0.305895738108761,4,345.0,0.29799604017626063,0,0.0,0.9322348946313053,6,387.0
1390.0,10,444.0,8.072727272727272,6.945820579431355,0,0.0,1.0,1,17.0,0.5955093262316117,4,356.0,0.2755400750110825,0,0.0,0.9573380518111192,5,373.0
1395.0,11,470.0,8.24561403508772,7.334087587968041,0,0.0,1.0,2,26.0,0.6590585387820775,4,379.0,0.298267388963354,0,0.0,0.9566213543549089,6,405.0
1400.0,8,438.0,7.684210526315789,6.7270936020949375,0,0.0,1.0,2,36.0,0.6910564556930504,4,399.0,0.35532004489392244,0,0.0,0.9745508410544439,6,435.0
1405.0,16,489.0,8.431034482758621,5.966448745121626,0,0.0,1.0,3,90.0,0.5389956982623824,5,424.0,0.42337366487626893,0,0.0,0.9736274326809089,8,514.0
1410.0,16,567.0,9.775862068965518,6.615478512290943,0,0.0,1.0,3,103.0,0.6064557532361964,5,449.0,0.4565985379657141,0,0.0,0.9731070169023655,8,552.0
1415.0,16,616.0,10.807017543859649,5.525224460489148,0,0.0,1.0,4,101.0,0.5022713872490486,6,476.0,0.2726504451062167,0,0.0,0.9529231903759916,10,577.0
1420.0,22,714.0,13.471698113207546,4.2603569156340235,0,0.0,1.0,7,127.0,0.1259114885481765,8,513.0,0.17368415825945058,0,0.0,0.9764827630360333,15,640.0
1425.0,14,602.0,11.358490566037736,4.2299016719905485,0,0.0,1.0,3,52.0,0.16629035600961886,9,557.0,0.00953509386147249,0,0.0,0.9384387897712552,12,609.0
1430.0,13,645.0,11.727272727272727,4.946952968977612,0,0.0,0.933395038087672,3,67.0,0.1676171648975568,10,606.0,0.04720937696415842,0,0.0,0.9491170742395687,13,673.0
1435.0,11,367.0,6.672727272727273,5.94703945506024,0,0.0,1.0,3,82.0,0.3153700287406535,8,465.0,0.2627005796535354,0,0.0,0.9799011637737506,11,547.0
1440.0,8,169.0,3.188679245283019,6.861980268181752,0,0.0,1.0,3,97.0,0.38390446647102455,5,251.0,0.36639749953098427,0,0.0,0.9543718321957861,8,348.0
1445.0,5,122.0,2.1403508771929824,7.393910817501055,0,0.0,1.0,0,25.0,0.5808283223925613,5,183.0,0.4903576111083526,0,0.0,0.6477486487132901,5,208.0
1450.0,7,152.0,2.6666666666666665,7.4659115502944084,0,0.0,1.0,0,0.0,0.6441115928074527,5,186.0,0.39334364164331637,2,5.0,0.49475249620986356,7,191.0
1455.0,4,15.0,0.2777777777777778,7.057189583824612,0,0.0,1.0,1,5.0,0.6464151459515065,1,84.0,0.6234999463412056,0,0.0,0.9404730346615657,2,89.0
1460.0,6,33.0,0.6,6.54023386029967,0,3.0,0.7853372263601379,1,18.0,0.46478941484009795,1,52.0,0.5965414038536616,0,0.0,0.9558606006799895,2,73.0
1465.0,12,68.0,1.2363636363636363,6.800657851075175,3,10.0,0.17366846066989325,2,28.0,0.709403380187487,1,45.0,0.6602435959911152,0,0.0,0.9656478063131035,6,83.0
1470.0,9,84.0,1.5555555555555556,6.8258453860561685,3,25.0,0.019379402215529976,2,36.0,0.6973982567788286,2,51.0,0.3141136759770606,0,0.0,0.9231830938340057,7,112.0
1475.0,10,112.0,2.1132075471698113,6.55660947410605,5,42.0,0.002960243457774736,3,48.0,0.647058800529181,2,61.0,0.3981942373319989,0,0.0,0.9434181289307371,10,151.0
1480.0,14,172.0,3.185185185185185,6.156394436023798,5,67.0,0.0005432959509741237,4,65.0,0.63296567055687,3,74.0,5.6819744787315784e-05,0,0.0,0.9375656019774639,12,206.0
1485.0,6,103.0,1.8727272727272728,6.115643209776688,0,20.0,0.032850690111763156,4,85.0,0.5970347665031831,2,24.0,0.007581567144899667,0,0.0,0.9763049232148816,6,129.0
1490.0,8,138.0,2.5090909090909093,6.149833058790731,0,3.0,0.9232708028137258,5,106.0,0.2208398373074262,3,38.0,1.5515935517382338e-05,0,0.0,0.9518801624393469,8,147.0
1495.0,14,194.0,3.5272727272727273,5.726178858038674,0,0.0,1.0,9,145.0,0.10293009664157898,3,53.0,0.005165906203398891,0,0.0,0.9347746364454099,12,198.0
1500.0,17,275.0,4.824561403508772,5.68532850689112,0,0.0,1.0,9,190.0,0.10389403402802443,4,73.0,0.0,0,0.0,0.9418081370651251,13,263.0
1505.0,10,128.0,2.169491525423729,5.483743820139787,0,0.0,1.0,1,59.0,0.2778660276414632,2,73.0,0.02769547363469946,0,0.0,0.9357975218166399,3,132.0
1510.0,15,191.0,3.183333333333333,6.497346518016694,0,0.0,1.0,1,24.0,0.6363471879241815,2,74.0,0.0,0,0.0,0.959429091517096,3,98.0
1515.0,17,271.0,4.516666666666667,7.027175427762504,0,0.0,1.0,1,29.0,0.7880187231034479,2,93.0,0.5773880561843139,0,0.0,0.9284608820256064,3,122.0
1520.0,20,363.0,6.1525423728813555,6.4368756277293375,0,0.0,1.0,1,34.0,0.6474946595133679,2,103.0,0.6022678541937627,1,1.0,0.6047455598831177,4,138.0
1525.0,20,350.0,5.932203389830509,5.747179978854338,0,0.0,1.0,2,42.0,0.5908538926826715,0,53.0,0.8330847320551392,2,9.0,0.4932740003663027,4,104.0
1530.0,14,326.0,5.620689655172414,6.617421641290975,0,0.0,1.0,2,52.0,0.6312937067848342,0,6.0,0.9734802297615149,2,19.0,0.4741479748504759,4,77.0
1535.0,12,356.0,6.245614035087719,6.721640548958404,0,0.0,1.0,2,59.0,0.5693166313826646,0,6.0,0.9525097127269696,0,0.0,0.7238277265301318,2,65.0
1540.0,16,431.0,7.696428571428571,6.466079302747232,0,0.0,1.0,2,69.0,0.6390840079362902,1,13.0,0.6601386365052269,0,0.0,0.9764878637711921,3,82.0
1545.0,15,431.0,7.56140350877193,5.745678772896909,0,0.0,1.0,0,49.0,0.6947086405661178,0,0.0,0.6083524256205993,0,0.0,0.9226769963088881,0,49.0
1550.0,13,465.0,7.88135593220339,6.985537742614345,0,5.0,0.6430911061095829,1,54.0,0.782092164966429,0,0.0,0.9829089430083371,0,0.0,0.9399493677214451,1,59.0
1555.0,14,493.0,8.216666666666667,6.579027032546694,0,0.0,0.935024399355606,2,11.0,0.605433175507773,0,0.0,0.9969053032074615,0,0.0,0.9342450013305338,2,11.0
1560.0,19,566.0,9.433333333333334,6.071379112128006,0,0.0,1.0,3,62.0,0.6310599731133494,0,0.0,0.6412531400835075,1,2.0,0.6117294222272734,4,64.0
1565.0,21,667.0,10.934426229508198,5.850763830145277,0,0.0,1.0,3,77.0,0.6196322873500775,0,0.0,0.6762935170571291,1,7.0,0.6942125837919642,4,84.0
1570.0,24,766.0,12.35483870967742,4.937871209958863,0,0.0,1.0,5,59.0,0.33948487214188255,1,4.0,0.004249127051583023,1,12.0,0.5155804306663941,7,75.0
1575.0,21,820.0,14.137931034482758,5.267535997364271,0,0.0,1.0,5,84.0,0.38338236267577336,2,14.0,0.31872239307866335,0,2.0,0.6994458026751301,7,100.0
1580.0,22,927.0,17.49056603773585,4.857010510986443,0,0.0,1.0,5,109.0,0.2461791234889859,2,30.0,0.4347449539637885,0,0.0,0.9930673865919166,7,139.0
1585.0,14,704.0,12.350877192982455,4.896365700159899,0,0.0,1.0,0,51.0,0.6720425961882966,1,15.0,0.09298266312967081,0,0.0,0.963848050815247,1,66.0
1590.0,11,336.0,6.109090909090909,5.580406266924066,0,3.0,0.5503117820649499,0,0.0,0.8412301858089002,1,20.0,0.25442775744997453,0,0.0,0.9759684311758892,1,23.0
1595.0,10,152.0,2.814814814814815,6.644382702223199,0,0.0,1.0,1,10.0,0.7755096334744856,1,31.0,0.685393350003417,0,0.0,0.9524435761235204,2,41.0
1600.0,6,67.0,1.2181818181818183,7.1292326345168435,0,0.0,1.0,1,6.0,0.8109004566652959,1,36.0,0.7063328139968796,0,0.0,0.9838692980601397,2,42.0
1605.0,5,19.0,0.3275862068965517,6.166667494022355,0,0.0,1.0,0,0.0,0.6515681017356458,0,99.0,0.9415779642313427,0,0.0,0.9665971735959498,0,99.0
1610.0,11,60.0,1.1320754716981132,5.924197618943281,0,0.0,1.0,2,10.0,0.6745713780837866,0,9.0,0.783888641737797,0,0.0,0.9783777365932311,2,19.0
1615.0,15,126.0,2.3773584905660377,5.771162973360404,0,0.0,1.0,2,20.0,0.6275021766689381,1,11.0,0.7812672396231085,0,0.0,0.9548052323437051,3,31.0
1620.0,19,200.0,3.9215686274509802,4.6309106456313565,0,0.0,1.0,4,34.0,0.2618252277993889,1,16.0,0.5388858233602445,0,0.0,0.9473774473481114,5,50.0
1625.0,13,149.0,2.811320754716981,5.309899994194166,0,0.0,1.0,4,38.0,0.27897741965157724,0,3.0,0.5981449670513548,0,0.0,0.9593725532049538,4,41.0
1630.0,9,135.0,2.547169811320755,5.6116671311771915,0,3.0,0.3479787163720514,4,55.0,0.31174177391132385,0,3.0,0.990924926353938,0,0.0,0.9312405845261718,4,61.0
1635.0,8,105.0,1.9444444444444444,5.800664260066906,1,8.0,0.02536000613775946,4,78.0,0.3372092178817573,0,1.0,0.9262785359939169,1,3.0,0.47291968972025594,6,90.0
1640.0,9,124.0,2.175438596491228,5.900189917897652,3,23.0,0.032242752280163545,5,100.0,0.46547586282113196,0,1.0,0.9255869654899409,1,8.0,0.36726050405142924,9,132.0
1645.0,7,55.0,1.0,5.605052900241214,4,42.0,0.0,0,22.0,0.7382480294568605,0,103.0,0.929672754080752,2,14.0,0.1761181928816339,6,181.0
1650.0,6,83.0,1.509090909090909,6.373782645281829,4,62.0,0.0,0,16.0,0.9522068803458261,0,1.0,0.9633382372781061,2,24.0,0.32181833972826435,6,103.0
1655.0,5,80.0,1.4285714285714286,7.1494811177640525,4,82.0,0.0,1,19.0,0.7309218254354816,0,7.0,0.9385522881540278,0,0.0,0.9684336097989957,5,108.0
1660.0,5,105.0,1.7796610169491525,7.657144060092755,4,102.0,0.0,1,7.0,0.699106579521868,0,65.0,0.9036253779744361,0,0.0,0.9651696376584196,5,174.0
1665.0,5,130.0,2.1666666666666665,7.205546116798656,4,122.0,0.0,1,16.0,0.6094413228026996,0,7.0,0.6991719742234921,0,0.0,0.993860068992994,5,145.0
1670.0,10,171.0,2.8983050847457625,6.672072490197435,4,142.0,0.0,3,26.0,0.37931314344806016,3,18.0,0.6630356998632819,0,0.0,0.9637612909729164,10,186.0
1675.0,12,223.0,3.6557377049180326,6.224492838870353,4,162.0,0.0,3,41.0,0.29156207403010304,4,34.0,0.4632004024834881,0,0.0,0.9492276700311533,11,237.0
1680.0,11,107.0,1.8448275862068966,5.899016889665269,0,38.0,0.059399483387130914,5,60.0,0.2376437916134561,6,56.0,0.3302558602860621,0,0.0,0.9424278912018624,11,154.0
1685.0,3,31.0,0.5344827586206896,6.7580035328401715,0,0.0,1.0,2,42.0,0.41234612816250654,1,30.0,0.3542292979583657,0,0.0,0.9427688946260642,3,72.0
1690.0,3,46.0,0.8363636363636363,8.241607068774114,0,0.0,1.0,2,40.0,0.5218412847738227,1,43.0,0.2520426300319083,0,0.0,0.6047438403342675,3,83.0
1695.0,6,68.0,1.2363636363636363,8.305003124125307,0,0.0,0.7665162352379091,2,50.0,0.5725733486388082,2,50.0,0.00012626045013044716,1,4.0,0.526869845350555,5,104.0
1700.0,7,95.0,1.7272727272727273,8.6967139303788,0,0.0,1.0,3,62.0,0.5916568394010057,2,60.0,0.0,2,10.0,0.4654571116651663,7,132.0
1705.0,6,64.0,1.1851851851851851,7.933394256228225,0,0.0,1.0,0,6.0,0.6912816270651806,2,70.0,0.0,2,20.0,0.48500740882223564,4,96.0
1710.0,7,86.0,1.72,7.721890408850121,0,0.0,1.0,2,15.0,0.6405046908578725,1,35.0,0.6037953096895863,2,30.0,0.46087988107198147,5,80.0
1715.0,7,121.0,2.372549019607843,7.92042111316783,0,0.0,1.0,2,22.0,0.6704808230952212,1,43.0,0.7297534516600807,2,40.0,0.419431700840703,5,105.0
1720.0,7,156.0,3.391304347826087,7.6473016808620295,0,0.0,1.0,2,29.0,0.4891863469832467,1,48.0,0.7394723861021992,2,50.0,0.37165584108893257,5,127.0
1725.0,5,131.0,3.119047619047619,7.242088734945217,0,0.0,1.0,0,18.0,0.5354093548913379,1,53.0,0.7281574496648545,3,61.0,0.2805830869903647,4,132.0
1730.0,1,1.0,0.021739130434782608,7.999214187141358,0,0.0,1.0,0,0.0,0.967136093455369,0,6.0,0.969495181116565,1,5.0,0.3551143754166479,1,11.0
1735.0,0,0.0,0.0,9.13837422114786,0,0.0,1.0,0,0.0,0.6587872343878901,0,15.0,0.7635372042515643,0,1.0,0.7931449579340275,0,16.0
1740.0,3,9.0,0.20930232558139536,7.88120563419152,0,0.0,1.0,1,4.0,0.4939516332178585,2,20.0,0.4017584256439092,0,0.0,0.9055021151897615,3,24.0
1745.0,5,33.0,0.7857142857142857,7.351145140871061,0,0.0,1.0,1,9.0,0.47553743920169345,4,39.0,0.3599623437605175,0,0.0,0.9908023365205186,5,48.0
1750.0,8,51.0,1.186046511627907,6.470518886607056,0,0.0,1.0,0,0.0,0.9458944621219555,6,65.0,0.1988021082700534,0,0.0,0.9340091224662403,6,65.0
1755.0,5,24.0,0.5454545454545454,6.834783093089612,0,0.0,1.0,0,110.0,0.9770231098899189,1,12.0,0.48111212712690077,0,0.0,0.976067467961202,1,122.0
1760.0,5,33.0,0.7674418604651163,7.257850073845738,0,3.0,0.7833712393684511,0,3.0,0.7360309239802754,0,9.0,0.7860531081609038,1,1.0,0.47901658697359234,1,16.0
1765.0,7,66.0,1.5,7.555238593723384,0,0.0,0.6287308121502562,1,7.0,0.7417681168636252,0,3.0,0.9671369420968751,1,6.0,0.6410845933386099,2,16.0
1770.0,6,89.0,2.119047619047619,7.187524708070809,0,0.0,1.0,1,9.0,0.7486873747369235,0,3.0,0.9582052435320584,1,11.0,0.6446200515283842,2,23.0
1775.0,7,121.0,2.880952380952381,7.009662122756672,0,0.0,1.0,1,14.0,0.7601966112530002,0,3.0,0.9803806428963483,2,18.0,0.32125693443424924,3,35.0
1780.0,4,71.0,1.6904761904761905,6.863473262105576,0,0.0,1.0,1,19.0,0.7740907279825539,0,3.0,0.7476580068984472,0,0.0,0.6025445117736725,1,22.0
1785.0,2,28.0,0.6363636363636364,7.413758303873028,0,0.0,1.0,1,24.0,0.6533762887174955,1,13.0,0.6610488212528501,0,0.0,0.9185331945338685,2,37.0
1790.0,6,20.0,0.46511627906976744,6.43320919369328,0,0.0,1.0,2,6.0,0.4862232952627611,3,19.0,0.2815627061919997,0,0.0,0.94344183797275,5,25.0
1795.0,11,58.0,1.3488372093023255,5.754613870300281,0,0.0,1.0,3,17.0,0.20901977779858175,5,40.0,0.021695041905567855,0,0.0,0.9498919627424609,8,57.0
1800.0,3,32.0,0.7111111111111111,6.5159600329911935,0,0.0,1.0,3,32.0,0.26776629229998766,0,0.0,0.017801794419606255,0,0.0,0.9053713402983503,3,32.0
1805.0,5,54.0,1.173913043478261,7.117745068239938,0,3.0,0.6130630454830452,5,63.0,0.3213466167283771,0,0.0,1.0,0,0.0,0.964033793688878,5,66.0
1810.0,2,4.0,0.0851063829787234,7.176271215040196,0,6.0,0.22482106471881783,0,20.0,0.7481623528626943,0,0.0,1.0,2,4.0,0.3174338941069765,2,30.0
1815.0,4,23.0,0.5111111111111111,7.897020621191574,2,15.0,0.02140314217758947,0,12.0,0.9557643879160388,0,11.0,0.7054507363327822,2,14.0,0.32931662578989646,4,52.0
1820.0,4,26.0,0.5306122448979592,7.770884806423031,0,0.0,0.024021563409847242,1,13.0,0.7707337561438949,1,21.0,0.6071305674989258,2,24.0,0.25965094061231336,4,58.0
1825.0,4,41.0,0.82,7.989976996634073,0,0.0,1.0,1,14.0,0.6795915070335612,0,11.0,0.7604234701646407,3,35.0,0.1249232184631802,4,60.0
1830.0,2,16.0,0.3137254901960784,8.503768087457335,0,0.0,1.0,2,24.0,0.6257649891651412,0,6.0,0.9650922146031673,0,0.0,0.9747481342698769,2,30.0
1835.0,5,34.0,0.7083333333333334,7.7580381907827105,0,0.0,1.0,4,40.0,0.37917398622628506,0,12.0,0.8120419481050868,0,0.0,0.9314360959084133,4,52.0
1840.0,11,70.0,1.4,6.503224785654304,0,0.0,0.040353982009345785,8,70.0,0.26165724342846647,2,15.0,0.40054975761602823,0,0.0,0.9680725318120766,10,85.0
1845.0,13,124.0,2.5306122448979593,6.37784036648685,1,4.0,0.0001751555865139729,8,110.0,0.34648518531064276,4,21.0,0.04156992591573565,0,0.0,0.9674225571526951,13,135.0
1850.0,5,87.0,1.7755102040816326,6.119514690021971,1,9.0,0.0,3,73.0,0.5033277715406836,1,9.0,0.36858373762765845,0,0.0,0.9681770989455026,5,91.0
1855.0,7,120.0,2.4489795918367347,6.792590219302413,1,17.0,0.24042390693765467,5,99.0,0.4830051271217928,1,14.0,0.19676461106506232,0,0.0,0.9279609884899449,7,130.0
1860.0,7,139.0,2.836734693877551,7.586621236507181,0,3.0,0.13801822592539245,6,130.0,0.5281363519233391,1,25.0,0.624458901710866,0,0.0,0.8769840174150326,7,158.0
1865.0,8,176.0,3.450980392156863,7.847370915331995,0,0.0,1.0,6,160.0,0.4750269373219527,1,30.0,0.7201850946639055,1,2.0,0.477608063001597,8,192.0
1870.0,9,217.0,4.09433962264151,7.295883861730957,0,0.0,1.0,7,191.0,0.3219483226669508,1,32.0,0.7313039511273542,1,7.0,0.4955870206668631,9,230.0
1875.0,11,260.0,4.642857142857143,7.253197982594331,0,0.0,1.0,8,228.0,0.339327089027973,1,37.0,0.7479383769702024,0,0.0,0.5685638560919091,9,265.0
1880.0,14,321.0,6.056603773584905,6.459877728097884,0,0.0,1.0,10,276.0,0.25614212674123243,1,45.0,0.6041192120635025,0,0.0,0.5638123827393356,11,321.0
1885.0,18,396.0,7.92,5.279771020734063,0,0.0,1.0,12,331.0,0.14618260601300695,4,53.0,0.30882908371198137,0,0.0,0.9276863682126967,16,384.0
1890.0,17,417.0,8.6875,4.673997732211682,0,0.0,1.0,8,326.0,0.21233527004043187,5,74.0,0.057865679368772384,0,0.0,0.9659137120379387,13,400.0
1895.0,14,465.0,9.3,5.889199553105592,0,0.0,1.0,8,363.0,0.30034261547897506,5,99.0,0.0050168390589865166,0,0.0,0.9348906116985874,13,462.0
1900.0,14,465.0,9.6875,5.779489753747629,0,0.0,1.0,9,407.0,0.15128470398537147,5,70.0,0.15722144540632585,0,0.0,0.8288166672575044,14,477.0
1905.0,16,543.0,11.553191489361701,5.705312988400779,0,3.0,0.9074057737505447,10,457.0,0.17742071257390307,5,95.0,0.2668725391897326,1,3.0,0.4833303678570082,16,558.0
1910.0,18,630.0,12.857142857142858,5.658173324589883,0,0.0,1.0,12,514.0,0.16183820616576494,5,120.0,0.2568782345322401,1,8.0,0.6305517031417841,18,642.0
1915.0,19,710.0,15.106382978723405,5.246673579813862,0,0.0,1.0,13,576.0,0.1102622525470324,6,146.0,0.32833474737157137,0,0.0,0.9851049764845968,19,722.0
1920.0,14,637.0,13.847826086956522,5.122149207010862,0,0.0,1.0,14,643.0,0.06539332260657893,0,32.0,0.620132052028865,0,0.0,0.9638282352614521,14,675.0
1925.0,14,707.0,15.042553191489361,5.755015304544451,0,3.0,0.6557892117029858,14,719.0,0.16693845916709657,0,0.0,0.9592755812557386,0,0.0,0.9712491081431665,14,722.0
1930.0,11,393.0,8.020408163265307,6.595194850136857,0,0.0,0.7410050355166808,10,572.0,0.25878689300153757,0,0.0,0.9597998951143908,0,0.0,0.9671182938771075,10,572.0
1935.0,3,32.0,0.6808510638297872,7.686767941407086,0,0.0,1.0,2,271.0,0.4539980055741516,0,0.0,0.9591501254471152,0,0.0,0.9391486139203058,2,271.0
1940.0,2,25.0,0.5434782608695652,9.186496872011737,0,0.0,1.0,1,118.0,0.7668616098970562,0,3.0,0.7929408200159207,0,0.0,0.9730991434538311,1,121.0
1945.0,5,39.0,0.8478260869565217,8.410942588223367,0,0.0,1.0,2,23.0,0.7242758221950607,1,6.0,0.5171992255711172,0,0.0,0.9934469942369046,3,29.0
1950.0,6,66.0,1.4042553191489362,8.078750825265526,0,0.0,1.0,2,36.0,0.6375607096350657,2,33.0,0.6675570148348225,0,0.0,0.5853631514641995,4,69.0
1955.0,5,59.0,1.372093023255814,7.382621147446807,0,0.0,1.0,2,43.0,0.4146604022926611,2,26.0,0.6951246336224444,1,4.0,0.6142158283513256,5,73.0
1960.0,7,80.0,1.951219512195122,7.044406653395051,0,0.0,1.0,5,67.0,0.33893862797929997,1,18.0,0.824607902504613,1,9.0,0.6345403050463728,7,94.0
1965.0,7,103.0,2.5121951219512195,6.600939721139501,0,0.0,1.0,6,94.0,0.2169044584275742,1,20.0,0.783423859096786,0,0.0,0.7045102167540556,7,114.0
1970.0,3,35.0,0.8333333333333334,6.585804266681448,0,0.0,1.0,2,22.0,0.3280700913762954,1,28.0,0.71789696138888,0,0.0,0.8508436429430746,3,50.0
1975.0,4,53.0,1.2619047619047619,6.851370936030018,0,0.0,1.0,2,28.0,0.25379237030372886,2,36.0,0.5067838165408831,0,0.0,0.9955721682324244,4,64.0
1980.0,4,70.0,1.627906976744186,7.32887018292235,0,0.0,1.0,3,43.0,0.29659885173599987,1,44.0,0.6459949858266688,0,0.0,0.9763698355498558,4,87.0
1985.0,4,90.0,2.0,8.6136835258459,0,1.0,0.6652827913475139,3,61.0,0.6204014948810885,1,46.0,0.7718039363720897,0,0.0,0.9243852483007757,4,108.0
1990.0,2,47.0,1.0217391304347827,7.897170143895488,1,2.0,0.000291121209848661,0,17.0,0.5706955766586075,1,51.0,0.6398654038783956,0,0.0,0.9810285560752144,2,70.0
1995.0,4,65.0,1.4444444444444444,8.992195945894705,1,7.0,0.0,1,7.0,0.7931558585893762,2,60.0,0.6516020656918485,0,0.0,0.9917257800422353,4,74.0
2000.0,3,30.0,0.7317073170731707,8.27658325578383,1,12.0,0.0,1,12.0,0.5955007130986946,1,15.0,0.723524577734663,0,0.0,0.9661532142937941,3,39.0
2005.0,5,35.0,0.9210526315789473,7.998505148011138,0,0.0,1.0,2,21.0,0.5531255372233608,3,23.0,0.4845693098769725,0,0.0,0.9469529654417503,5,44.0
2010.0,5,60.0,1.5789473684210527,7.7256153520902515,0,0.0,1.0,2,31.0,0.639035413553032,3,38.0,0.3683848308026903,0,0.0,0.4997595959797083,5,69.0
2015.0,7,91.0,2.3947368421052633,7.2394004897317386,0,0.0,1.0,3,42.0,0.46145281108062125,3,53.0,0.3172530140211495,1,5.0,0.4825726320139991,7,100.0
2020.0,9,105.0,2.6923076923076925,7.132847367358225,0,0.0,1.0,4,61.0,0.5253963842942333,4,43.0,0.1931442216690506,1,10.0,0.6288840324326758,9,114.0
2025.0,8,135.0,3.4615384615384617,6.911642423174404,0,0.0,1.0,4,81.0,0.4612798009637641,4,63.0,0.1806454069527807,0,0.0,0.9365515688085289,8,144.0
2030.0,8,175.0,4.375,6.730277919299823,0,0.0,1.0,4,101.0,0.3286037380257144,4,87.0,0.3086094755539818,0,0.0,0.9553151140299947,8,188.0
2035.0,13,222.0,5.285714285714286,5.690669468386542,0,0.0,1.0,6,122.0,0.007641538383470738,6,109.0,0.0972740628810523,0,0.0,0.9690290820250188,12,231.0
2040.0,9,186.0,4.428571428571429,5.898010552043274,0,0.0,1.0,7,160.0,0.15862136733592097,1,43.0,0.32981147238628816,0,0.0,0.9470993483360169,8,203.0
2045.0,9,231.0,5.372093023255814,7.205930922386314,0,0.0,1.0,7,201.0,0.3376605744737861,1,28.0,0.6258119940488601,0,0.0,0.9473054420023069,8,229.0
2050.0,11,278.0,6.318181818181818,6.696586207033183,0,6.0,0.18956350923038845,7,233.0,0.3889626818827964,2,34.0,0.4578049820396489,1,1.0,0.6266918834839198,10,274.0
2055.0,13,318.0,6.76595744680851,6.067451607521568,2,14.0,0.024781449433281196,7,268.0,0.3080688300268136,3,45.0,0.3756714889907886,1,6.0,0.720389083321232,13,333.0
2060.0,16,391.0,8.319148936170214,6.065337747420681,3,25.0,0.002992363651663658,8,307.0,0.31681995400430946,3,60.0,0.4124405840781602,2,14.0,0.3670453240419472,16,406.0
2065.0,15,406.0,8.638297872340425,5.431746316228027,3,40.0,0.16187089955155992,9,349.0,0.24717723798432562,3,29.0,0.24792823691631138,0,7.0,0.5366872213200475,15,425.0
2070.0,15,443.0,9.229166666666666,5.302812997855504,0,10.0,0.017454402809352794,10,397.0,0.1914087990187908,5,57.0,0.2733585158006353,0,0.0,0.9346606370263182,15,464.0
2075.0,14,481.0,9.816326530612244,5.096825991117126,0,0.0,1.0,8,413.0,0.1262014229878599,6,83.0,0.006966619189169075,0,0.0,0.9495741653184666,14,496.0
2080.0,17,565.0,11.07843137254902,5.774320876060302,0,0.0,1.0,9,450.0,0.1362644823209017,8,123.0,0.09718977686541748,0,0.0,0.990040016198095,17,573.0
2085.0,18,652.0,12.784313725490197,5.7877818796133935,0,0.0,1.0,9,496.0,0.14819362570294575,9,168.0,0.09686411517172186,0,0.0,0.9642094932557509,18,664.0
2090.0,19,674.0,12.716981132075471,5.3948213380538235,0,0.0,1.0,11,550.0,0.056441041422846144,7,171.0,0.1174680906706161,0,0.0,0.9900287088201142,18,721.0
2095.0,16,701.0,13.48076923076923,5.451496799414613,0,0.0,1.0,11,605.0,0.10003167328231319,5,135.0,0.18612831084895912,0,0.0,0.49741620546104,16,740.0
2100.0,18,787.0,16.395833333333332,5.439443823343353,0,0.0,1.0,11,660.0,0.2328818188025988,5,134.0,0.15346579286333834,1,5.0,0.48731217992787634,17,799.0
2105.0,18,875.0,18.229166666666668,5.552958448381655,0,0.0,1.0,12,719.0,0.17290811446795165,5,159.0,0.16542998102840442,1,10.0,0.4714481871958925,18,888.0
2110.0,15,796.0,15.92,5.45569076419901,0,0.0,1.0,14,786.0,0.13653502179586344,0,37.0,0.5133075960987485,1,15.0,0.3870137081269316,15,838.0
2115.0,4,67.0,1.34,6.582492820480351,0,3.0,0.9314170205795246,3,300.0,0.3179233555502465,0,0.0,1.0,1,20.0,0.5122319769942925,4,323.0
2120.0,3,28.0,0.5714285714285714,7.748740638892979,0,0.0,1.0,3,69.0,0.5443597595737193,0,0.0,1.0,0,0.0,0.9478698755109833,3,69.0
2125.0,3,43.0,0.86,8.686675672919264,0,0.0,1.0,3,52.0,0.6124337479778139,0,13.0,0.7946081530467681,0,0.0,0.912021974110881,3,65.0
2130.0,4,60.0,1.1764705882352942,8.965701077321508,0,0.0,1.0,3,67.0,0.6094400315614883,1,11.0,0.8001871170183418,0,0.0,0.9236767118318557,4,78.0
2135.0,5,78.0,1.5,8.44897425525135,0,0.0,1.0,5,87.0,0.5225618799545884,0,9.0,0.9427057034312792,0,0.0,0.964107404376898,5,96.0
2140.0,5,103.0,1.9433962264150944,8.633234993082109,0,0.0,1.0,5,106.0,0.5169212029360147,0,3.0,0.8885768793445795,0,0.0,0.9784748126873264,5,109.0
2145.0,6,130.0,2.5,8.237821030767183,0,0.0,1.0,5,131.0,0.5084798729876194,1,5.0,0.7996559906727772,0,0.0,0.952838588359264,6,136.0
2150.0,11,171.0,3.3529411764705883,7.177292216856079,0,0.0,1.0,8,162.0,0.26044780414446433,3,15.0,0.6196032393746815,0,0.0,0.9423704439636287,11,177.0
2155.0,10,211.0,4.0576923076923075,5.7976839815416445,0,0.0,1.0,5,181.0,0.31802582456556344,5,36.0,0.22457835251388794,0,0.0,0.9481928199656822,10,217.0
2160.0,13,274.0,5.169811320754717,5.928979641724494,0,0.0,1.0,5,203.0,0.26917335263293374,8,74.0,0.05406922252540471,0,0.0,0.949968636394961,13,277.0
2165.0,15,348.0,6.327272727272727,6.437896582558802,0,0.0,1.0,5,228.0,0.16079907590469936,10,126.0,0.13075712554767419,0,0.0,0.9849398217397785,15,354.0
2170.0,19,431.0,7.696428571428571,5.843198958903978,0,0.0,1.0,5,253.0,0.15783964289038846,13,183.0,0.11283429667349229,1,1.0,0.5008161243339818,19,437.0
2175.0,15,271.0,4.593220338983051,6.098622573271074,0,0.0,1.0,1,150.0,0.25523672281998444,13,235.0,0.17329519870034024,1,6.0,0.4967003403113538,15,391.0
2180.0,15,297.0,5.033898305084746,6.101359156826648,0,0.0,1.0,0,0.0,0.8876802898047944,13,294.0,0.12645615070114177,1,11.0,0.3703559115943997,14,305.0
2185.0,17,379.0,6.649122807017544,5.979387649637876,0,0.0,1.0,1,3.0,0.7713162107410638,13,362.0,0.2064080476551259,2,20.0,0.32420715339946393,16,385.0
2190.0,16,435.0,8.055555555555555,5.682226692875743,0,0.0,1.0,1,8.0,0.728163238812955,13,427.0,0.2178800383511125,0,0.0,0.9729876341770783,14,435.0
2195.0,14,492.0,9.461538461538462,5.853438589899047,0,0.0,0.9643590350865786,1,13.0,0.7311361505551053,13,495.0,0.2639645352168037,0,0.0,0.956564402223485,14,508.0
2200.0,15,565.0,10.462962962962964,6.213770133532164,1,3.0,8.65621044950187e-05,1,18.0,0.8009155348280533,13,572.0,0.2531558492163298,0,0.0,0.9517682240067267,15,593.0
2205.0,22,658.0,12.185185185185185,5.297734405093202,1,8.0,0.0,2,25.0,0.6734410940046074,19,654.0,0.15682698623855365,0,0.0,0.9720172579628186,22,687.0
2210.0,25,777.0,14.38888888888889,4.4849719598667335,1,13.0,0.0,3,37.0,0.28875081179165996,21,756.0,0.059476932750939265,0,0.0,0.9715691976659947,25,806.0
2215.0,25,739.0,13.196428571428571,4.325075033391478,1,18.0,0.0,1,7.0,0.6182488569069268,23,800.0,0.004736876926616236,0,0.0,0.95923201005824,25,825.0
2220.0,23,840.0,14.736842105263158,5.250056343012316,1,23.0,0.0,1,12.0,0.6362846820110067,21,838.0,0.029516633567333497,0,0.0,0.9106546428978122,23,873.0
2225.0,23,955.0,16.46551724137931,5.543802125520683,1,28.0,0.0,1,17.0,0.4422630855685752,21,945.0,0.11788186884892285,0,0.0,0.9345381448125142,23,990.0
2230.0,25,1074.0,18.842105263157894,4.5431423266338395,1,33.0,0.0,2,25.0,0.31789436960312817,21,1051.0,0.11574607034793935,0,0.0,0.7097338861713738,24,1109.0
2235.0,16,415.0,6.80327868852459,4.7965490798756125,0,0.0,1.0,0,7.0,0.7392508155253241,11,694.0,0.1573596459639477,1,4.0,0.7432043822966017,12,705.0
2240.0,9,135.0,2.25,5.9637794134554305,0,6.0,0.5550100148392496,1,10.0,0.5717691753318305,3,452.0,0.33772629764464523,1,9.0,0.7571994423277546,5,477.0
2245.0,9,139.0,2.3559322033898304,6.903605322813878,0,0.0,0.831006656191687,1,15.0,0.7371203547577564,4,294.0,0.389242367493451,0,0.0,0.9537947000076943,5,309.0
2250.0,9,184.0,3.1724137931034484,7.6047229097318745,0,0.0,0.7449537341478112,1,20.0,0.8243681925492073,4,155.0,0.4725988166003111,0,0.0,0.9454147809062775,5,175.0
2255.0,9,215.0,3.5245901639344264,7.962885512736877,0,0.0,0.9404698502213726,0,9.0,0.9442481649294937,5,143.0,0.26496374561887215,0,0.0,0.9619530625195056,5,152.0
2260.0,9,260.0,4.262295081967213,8.030128793368373,0,0.0,1.0,0,9.0,0.9594509228795006,5,168.0,0.2279226576604138,0,0.0,0.9543561273468876,5,177.0
2265.0,11,308.0,5.220338983050848,7.748416577814348,0,0.0,1.0,0,9.0,0.960324008135676,6,198.0,0.3945905329606201,0,0.0,0.9821398267445703,6,207.0
2270.0,7,151.0,2.603448275862069,7.33156409696555,0,0.0,1.0,0,3.0,0.8925611766218008,4,158.0,0.3643127363517842,0,0.0,0.98270935881579,4,161.0
2275.0,4,41.0,0.7321428571428571,7.8043577899270655,0,0.0,1.0,0,6.0,0.9466031457571895,1,61.0,0.5626642074411974,0,0.0,0.9356617977687385,1,67.0
2280.0,4,42.0,0.7777777777777778,8.559620732235226,0,0.0,1.0,0,3.0,0.9469876850297538,3,36.0,0.4789473755228469,0,0.0,0.9465237783743804,3,39.0
2285.0,4,62.0,1.3191489361702127,8.047434767041125,0,0.0,1.0,0,0.0,0.9379564848969077,3,51.0,0.47629753961627613,0,0.0,0.9932640120813612,3,51.0
2290.0,1,37.0,0.8043478260869565,7.975757726852455,0,0.0,1.0,0,0.0,0.6481137891398713,1,37.0,0.6878987567929712,0,0.0,0.9709144700722685,1,37.0
2295.0,4,55.0,1.3414634146341464,7.60843984039649,0,3.0,0.7915918516675348,3,16.0,0.49623027174114365,1,42.0,0.6046958702065837,0,0.0,0.9876496106854343,4,61.0
2300.0,6,79.0,2.135135135135135,7.463660041805465,2,7.0,0.44605082421021186,3,31.0,0.48250853749111977,1,47.0,0.46261946944144816,0,0.0,0.9991222960991132,6,85.0
2305.0,10,114.0,2.85,6.66148854776672,3,18.0,0.020025990707474354,5,49.0,0.35238048745281336,1,52.0,0.48247269871885085,0,0.0,0.9911103576512652,9,119.0
2310.0,8,102.0,2.4878048780487805,5.917290175932791,3,33.0,0.003698157727122879,4,69.0,0.295444306604998,0,6.0,0.5951798880508463,0,0.0,0.9815407901188702,7,108.0
2315.0,5,91.0,2.275,6.571269456612008,0,2.0,0.052971761092054676,5,95.0,0.3547271206552036,0,0.0,0.43697250891655104,0,0.0,0.9315568569793826,5,97.0
2320.0,9,126.0,3.073170731707317,6.8468250819653,0,0.0,1.0,5,120.0,0.44548308755761773,3,9.0,0.0009777907570740407,0,0.0,0.9414265507229079,8,129.0
2325.0,12,179.0,3.977777777777778,6.349814670927203,0,0.0,1.0,5,144.0,0.3828748183021897,3,24.0,0.21615323392869928,0,0.0,0.9740370106850715,8,168.0
2330.0,8,205.0,4.456521739130435,5.815096733022712,0,0.0,1.0,5,169.0,0.31425773382257227,3,39.0,0.18456300612916304,0,0.0,0.7577841851017919,8,208.0
2335.0,3,70.0,1.5555555555555556,6.51241578705176,0,0.0,1.0,1,52.0,0.42107290145614035,2,40.0,0.25021091752907937,0,0.0,0.7908606682894178,3,92.0
2340.0,2,75.0,1.6666666666666667,8.464513023363242,0,3.0,0.9069816130039647,1,50.0,0.6259213486697609,1,27.0,0.6517936626021505,0,0.0,0.9625990109440028,2,80.0
2345.0,5,91.0,2.116279069767442,8.090266280402155,1,4.0,0.0036352596139874057,1,55.0,0.7206620079641829,2,40.0,0.5548332438983944,0,0.0,0.9377247021397634,4,99.0
2350.0,6,114.0,2.533333333333333,7.749533153744082,1,9.0,0.0,1,60.0,0.7403060866088254,3,90.0,0.4943031432851398,0,0.0,0.9373902027553298,5,159.0
2355.0,5,97.0,2.255813953488372,7.774264382181506,1,14.0,0.0,1,65.0,0.7375401912212325,2,20.0,0.5440480442400822,0,0.0,0.9732105669789296,4,99.0
2360.0,4,106.0,2.3555555555555556,8.02490637694643,0,0.0,1.0,1,73.0,0.7430712029491283,2,30.0,0.6605171558302321,0,0.0,0.5292321618967889,3,103.0
2365.0,6,132.0,3.0697674418604652,7.856735378693059,0,0.0,1.0,2,82.0,0.6847358658094261,2,40.0,0.6643964328464083,1,5.0,0.5433522039246433,5,127.0
2370.0,8,146.0,3.5609756097560976,7.580814966623806,0,0.0,1.0,3,96.0,0.6238696197635255,3,49.0,0.6070904617610419,2,13.0,0.30796557045444634,8,158.0
2375.0,4,145.0,3.717948717948718,7.782415442460756,0,0.0,0.9685131733646155,2,97.0,0.6781288517098528,2,54.0,0.5648860285170748,0,0.0,0.9592896020338119,4,151.0
2380.0,6,169.0,4.023809523809524,7.989934938340631,0,3.0,0.9332485613086295,3,108.0,0.583149002219081,3,70.0,0.4783634484443711,0,0.0,0.9638276696978483,6,181.0
2385.0,9,202.0,4.809523809523809,7.6427635161228995,1,4.0,0.001983063384524672,3,123.0,0.5277533666532739,5,87.0,0.3676963063368166,0,0.0,0.9649000458601548,9,214.0
2390.0,9,247.0,5.744186046511628,7.411393028987577,1,9.0,0.0,3,135.0,0.46835800651017573,5,112.0,0.4436301770542862,0,0.0,0.9264810692137877,9,256.0
2395.0,8,136.0,3.1627906976744184,7.072272573184524,1,14.0,0.0,3,46.0,0.3470150053268121,4,110.0,0.42077541402612395,0,0.0,0.9353537625365611,8,170.0
2400.0,10,183.0,4.463414634146342,6.67224088159068,1,22.0,0.3491124677125456,4,44.0,0.41682956689411726,5,137.0,0.4477058456244774,0,0.0,0.6647377389133576,10,203.0
2405.0,12,239.0,5.829268292682927,6.134424194385722,2,28.0,0.0029387846972012232,4,64.0,0.5706225208479768,5,162.0,0.4285565188933269,1,5.0,0.34632886579899397,12,259.0
2410.0,13,303.0,7.214285714285714,6.212033137333668,2,38.0,2.1802881261239356e-05,4,84.0,0.4375940914480102,5,187.0,0.4219518361428112,2,14.0,0.4487803823186837,13,323.0
2415.0,11,291.0,6.613636363636363,6.088832182057663,2,48.0,0.0,3,47.0,0.544976665606066,6,213.0,0.3841867673965519,0,0.0,0.6244516679102619,11,308.0
2420.0,12,348.0,7.565217391304348,6.292713449330663,2,58.0,0.0,3,62.0,0.555327394364674,7,251.0,0.37563097812317814,0,0.0,0.8437707854236122,12,371.0
2425.0,15,415.0,9.021739130434783,5.4506951214272785,2,68.0,0.0,4,79.0,0.4257927474584099,9,294.0,0.2847764158010622,0,0.0,0.9555964665605501,15,441.0
2430.0,16,493.0,10.955555555555556,5.394828380826258,2,78.0,0.0,4,96.0,0.32692895969164243,10,339.0,0.222789370271226,0,0.0,0.9520206027651437,16,513.0
2435.0,9,286.0,5.836734693877551,6.122607085078118,0,0.0,1.0,1,39.0,0.3039473528321326,8,334.0,0.28991663229108744,0,0.0,0.9276051347312042,9,373.0
2440.0,9,331.0,6.895833333333333,7.632134580292217,0,0.0,1.0,1,5.0,0.486668503032655,8,336.0,0.2635361891983982,0,0.0,0.9595143946398906,9,341.0
2445.0,11,383.0,8.704545454545455,6.859351988312647,0,0.0,1.0,1,10.0,0.4794021659730585,10,383.0,0.18679233830704672,0,0.0,0.9211811376799837,11,393.0
2450.0,12,439.0,9.543478260869565,5.882357874481011,0,0.0,1.0,2,16.0,0.13389469606628,10,433.0,0.089731104851439,0,0.0,0.9806220814520032,12,449.0
2455.0,6,314.0,6.977777777777778,5.759570404494468,0,0.0,1.0,2,26.0,0.26664350178809804,4,327.0,0.10502382720365885,0,0.0,0.6724504802791844,6,353.0
2460.0,4,303.0,6.733333333333333,6.476094954106821,0,3.0,0.7478722664149027,0,6.0,0.684620871024081,3,301.0,0.19694108509510974,1,3.0,0.4748812485953505,4,313.0
2465.0,5,326.0,7.2444444444444445,6.854100231342042,1,12.0,0.25609309605625385,0,6.0,0.8846658457167994,3,315.0,0.13641788001385907,1,8.0,0.4709708208786107,5,341.0
2470.0,8,361.0,7.680851063829787,6.731500861494245,4,27.0,0.030173195239417,0,6.0,0.9788234665376272,3,336.0,0.2383816605234664,1,13.0,0.6417953391928797,8,382.0
2475.0,9,392.0,8.0,6.677938285388216,5,51.0,0.005045725701377772,0,9.0,0.9268838208438404,3,348.0,0.4430399806557778,0,0.0,0.9689486274653306,8,408.0
2480.0,12,449.0,8.98,6.295066652611142,7,86.0,0.08709814589181876,0,9.0,0.9782420082504654,3,366.0,0.5277842384564362,0,0.0,0.9256416661711311,10,461.0
2485.0,14,504.0,10.285714285714286,5.987119528693263,8,122.0,0.0009365203344084246,0,6.0,0.8294743552488612,5,384.0,0.23610852427219337,0,0.0,0.9223015920748131,13,512.0
2490.0,17,584.0,11.450980392156863,6.224936853492847,8,162.0,3.831611698490324e-05,1,4.0,0.7889356123788915,6,414.0,0.2371492719486027,0,0.0,0.9677657915485933,15,580.0
2495.0,13,615.0,11.826923076923077,6.055379554348419,8,202.0,1.0418713777826804e-05,1,9.0,0.5758415903269697,4,415.0,0.4058518884554272,0,0.0,0.9971414523760502,13,626.0
2500.0,9,495.0,9.339622641509434,6.127007366145282,2,126.0,0.05355852275808076,2,22.0,0.5874773934844296,4,435.0,0.32994657275370703,0,0.0,0.9865138864510163,8,583.0
2505.0,7,491.0,9.092592592592593,7.397695852111652,0,41.0,0.24536575804358784,2,35.0,0.7081679242495268,4,455.0,0.32150918280871915,0,0.0,0.893687687233576,6,531.0
2510.0,7,516.0,9.923076923076923,7.681465830590748,0,0.0,0.672489913555365,2,35.0,0.6414422988390325,4,475.0,0.3202692656537518,1,2.0,0.4747831101902289,7,512.0
2515.0,7,534.0,10.075471698113208,7.898403153986503,0,0.0,1.0,1,40.0,0.677505058549109,4,495.0,0.3773887153410094,1,7.0,0.49413887690275576,6,542.0
2520.0,8,565.0,10.660377358490566,7.751889349698973,0,0.0,1.0,2,50.0,0.6845210054166435,5,518.0,0.2815402928344862,0,0.0,0.9928938427091987,7,568.0
2525.0,8,593.0,10.589285714285714,7.262545713979163,0,0.0,1.0,3,61.0,0.6134418386324437,5,546.0,0.28819024331074744,0,0.0,0.9820118884499689,8,607.0
2530.0,11,641.0,12.568627450980392,6.814223936616702,0,0.0,1.0,3,76.0,0.3876642938642605,8,579.0,0.1915733383083486,0,0.0,0.9809695220292307,11,655.0
2535.0,15,710.0,14.791666666666666,5.616243254569628,0,0.0,1.0,6,103.0,0.1503372474368317,8,619.0,0.1959533993937248,0,0.0,0.9622659644479539,14,722.0
2540.0,13,745.0,15.520833333333334,5.49656147674375,0,0.0,1.0,7,135.0,0.1191716418889746,5,618.0,0.2726927086692107,0,0.0,0.9443828045974296,12,753.0
2545.0,15,813.0,16.9375,5.692279947308716,0,3.0,0.6833233648120636,9,182.0,0.2072474978290926,5,643.0,0.26860856246322823,0,0.0,0.7140561526652508,14,828.0
2550.0,15,881.0,18.354166666666668,6.245662285009849,0,0.0,1.0,9,227.0,0.219993332683105,5,668.0,0.1519527460416747,1,3.0,0.6033876046774835,15,898.0
2555.0,16,961.0,20.4468085106383,6.145014982791185,0,0.0,0.9143167059258327,10,277.0,0.22317821723203757,5,693.0,0.0,1,8.0,0.6526221409085535,16,978.0
2560.0,13,875.0,18.229166666666668,5.832807795918761,1,3.0,0.0005579021235912809,6,201.0,0.3383426100889621,5,718.0,0.0,1,13.0,0.5335989677731678,13,935.0
2565.0,13,504.0,10.72340425531915,6.164063764312767,1,8.0,0.0,5,168.0,0.3916840170306503,3,523.0,0.027392032096114165,2,21.0,0.4848882112171885,11,720.0
2570.0,10,245.0,5.104166666666667,6.73344503852874,1,13.0,0.0,5,187.0,0.3390156891607556,0,131.0,0.32481874234841973,2,31.0,0.4665713288423724,8,362.0
2575.0,14,299.0,5.98,5.926657548189911,1,18.0,0.0,7,215.0,0.10192456355646459,0,0.0,0.9516542784300193,4,42.0,0.18885383959097965,12,275.0
2580.0,2,21.0,0.42857142857142855,5.8933563053550495,0,0.0,1.0,0,40.0,0.30141784388334025,0,0.0,0.9597454685738963,0,5.0,0.24190334268236727,0,45.0
2585.0,2,31.0,0.6326530612244898,6.766309738130799,0,0.0,1.0,0,0.0,0.5387914406870747,0,6.0,0.5371966806799597,0,0.0,0.8527159905931149,0,6.0
2590.0,3,45.0,0.9,7.336938037037152,0,0.0,1.0,0,0.0,0.9357372745576528,0,8.0,0.7705150303657893,0,0.0,0.9641552283374919,0,8.0
2595.0,3,7.0,0.12962962962962962,8.066357785130304,0,0.0,1.0,0,3.0,0.7690408549622564,0,8.0,0.9634063077435293,0,0.0,0.9472877247482814,0,11.0
2600.0,2,4.0,0.07547169811320754,8.347239362500368,0,0.0,1.0,1,5.0,0.6445482517662916,0,8.0,0.9618303637991257,0,0.0,0.9389472896290438,1,13.0
2605.0,0,0.0,0.0,8.247329568945757,0,0.0,1.0,0,3.0,0.9480159485928323,0,8.0,0.9465123554516138,0,0.0,0.665477232482542,0,11.0
2610.0,6,12.0,0.23529411764705882,7.502312791647334,0,0.0,1.0,0,3.0,0.9557521644490745,0,8.0,0.9722187425931207,2,7.0,0.24226916880790716,2,18.0
2615.0,12,56.0,1.0566037735849056,6.419606911392647,0,0.0,1.0,1,1.0,0.8186237893341204,1,9.0,0.46547944553094633,3,22.0,0.18998052206223487,5,32.0
2620.0,19,141.0,2.7115384615384617,5.758623554568323,0,0.0,1.0,1,6.0,0.7283125046577945,4,26.0,0.26481390236499974,4,40.0,0.18916360871009485,9,72.0
2625.0,19,199.0,3.9019607843137254,4.946896697530623,0,0.0,1.0,3,16.0,0.403078863283887,5,49.0,0.09442198201902073,1,32.0,0.34208588929469813,9,97.0
2630.0,18,274.0,5.074074074074074,4.83625944974945,0,0.0,1.0,3,31.0,0.48419149366188746,5,80.0,0.11742596031943497,0,15.0,0.7277706682847267,8,126.0
2635.0,16,251.0,4.735849056603773,4.256216041542284,0,0.0,1.0,5,50.0,0.22517080249366533,1,20.0,0.03951887418385871,0,0.0,0.9544077991010476,6,70.0
2640.0,13,237.0,4.388888888888889,5.786321637247511,0,6.0,0.49735056965238156,5,75.0,0.3720513931984198,1,20.0,0.5224678773943913,0,0.0,0.9840943414641091,6,101.0
2645.0,9,150.0,2.8846153846153846,6.558311266462316,1,10.0,0.21389128465395477,5,100.0,0.501725687922783,1,23.0,0.6470166792184471,0,0.0,0.9581475627926793,7,133.0
2650.0,6,153.0,2.732142857142857,6.910730489436858,0,0.0,0.09238805495128594,5,125.0,0.45915609277718933,1,28.0,0.7515205004472165,0,0.0,0.9243983873903205,6,153.0
2655.0,2,34.0,0.6071428571428571,6.932584446050553,0,0.0,1.0,1,26.0,0.6423682301047539,1,33.0,0.5651601556630182,0,0.0,0.8638965180823603,2,59.0
2660.0,5,56.0,1.018181818181818,7.75563839823409,0,0.0,1.0,1,9.0,0.7199347702429535,2,43.0,0.6206541825083369,1,4.0,0.6322280908871808,4,56.0
2665.0,3,59.0,1.0727272727272728,8.32879860062889,0,0.0,1.0,2,19.0,0.5812683445964741,1,53.0,0.7177943673497642,0,0.0,0.9352376407368025,3,72.0
2670.0,5,82.0,1.4642857142857142,8.796032674179612,0,0.0,1.0,4,37.0,0.41122320511263233,1,60.0,0.7604821496623398,0,0.0,0.9622995842265083,5,97.0
2675.0,3,62.0,1.1481481481481481,8.373848478591094,0,0.0,1.0,1,20.0,0.47169772217065864,2,99.0,0.6308597256666968,0,0.0,0.9191995193658473,3,119.0
2680.0,6,77.0,1.54,8.047006851970622,0,0.0,1.0,2,7.0,0.5708397574124228,4,109.0,0.41266509285063363,0,0.0,0.9290810539247109,6,116.0
2685.0,7,40.0,0.8163265306122449,7.408135120763541,0,0.0,1.0,2,17.0,0.34810157325488494,2,65.0,0.5674318315432418,0,0.0,0.9643929590822462,4,82.0
2690.0,7,66.0,1.4042553191489362,7.522802800939287,0,0.0,1.0,4,34.0,0.315952375637284,3,38.0,0.4517640587541552,0,0.0,0.49872964004229087,7,72.0
2695.0,10,113.0,2.4565217391304346,6.517781901898982,0,0.0,1.0,4,54.0,0.38863919327277385,5,60.0,0.23068650586073236,1,5.0,0.47128618351295165,10,119.0
2700.0,8,104.0,2.260869565217391,6.79623633170168,0,0.0,1.0,1,12.0,0.7346630021374423,6,88.0,0.2446994174131901,1,10.0,0.4830762877641446,8,110.0
2705.0,2,25.0,0.5102040816326531,7.417319355128544,0,0.0,1.0,1,17.0,0.7803758414779095,1,27.0,0.4670188064962679,0,0.0,0.9582367050347539,2,44.0
2710.0,2,35.0,0.7142857142857143,8.255170399655555,0,3.0,0.6037283134915356,1,28.0,0.681826518047123,1,22.0,0.6895478315285135,0,0.0,0.9345584532214891,2,53.0
2715.0,2,45.0,0.9,8.487754416505885,0,6.0,0.2628189164006813,1,46.0,0.7762016581828455,1,24.0,0.8220707812989686,0,0.0,0.9676771478771163,2,76.0
2720.0,3,57.0,1.0754716981132075,8.036997115052921,0,0.0,0.08166855117264055,1,51.0,0.6615157720544066,1,29.0,0.6499347379992386,0,0.0,0.9895600305960828,2,80.0
2725.0,9,88.0,1.6923076923076923,7.439113372321925,0,0.0,0.1863762607284329,4,51.0,0.5442064146721679,2,39.0,0.5841026097943849,0,0.0,0.9633731412784681,6,90.0
2730.0,9,125.0,2.5510204081632653,7.459294758375627,0,0.0,1.0,4,71.0,0.5622187990847956,2,49.0,0.6409090352176529,0,0.0,0.9660856207915831,6,120.0
2735.0,5,86.0,1.6862745098039216,7.318967419175355,0,0.0,1.0,4,91.0,0.5488654541722937,1,21.0,0.2633586470483073,0,0.0,0.9664495130161528,5,112.0
2740.0,7,121.0,2.372549019607843,6.590136242763854,0,0.0,1.0,4,111.0,0.35726251288276145,3,22.0,0.004720469781160997,0,0.0,0.983169951806194,7,133.0
2745.0,12,179.0,3.58,6.2122468867666525,0,0.0,1.0,6,139.0,0.09568703711023299,5,47.0,4.395176240229756e-06,0,0.0,0.589026845913599,11,186.0
2750.0,13,234.0,4.775510204081633,6.5063297579282215,0,0.0,1.0,7,171.0,0.1785458158564879,5,72.0,0.0,1,3.0,0.4942129796575079,13,246.0
2755.0,12,230.0,4.339622641509434,5.999190086938764,0,0.0,1.0,9,211.0,0.2434831076685361,1,15.0,0.4596179966947983,1,8.0,0.6282043703403047,11,234.0
2760.0,13,214.0,4.037735849056604,6.501340255671772,0,6.0,0.5460743185688699,8,184.0,0.19140581593246547,1,20.0,0.47548267847341025,0,0.0,0.9646731523153491,9,210.0
2765.0,15,282.0,5.320754716981132,5.814190933700811,1,10.0,0.019099096782919472,8,227.0,0.1951090667732614,1,31.0,0.4457660073541664,0,0.0,0.9864594120773867,10,268.0
2770.0,18,372.0,6.888888888888889,5.601423521986266,3,25.0,8.196029169343936e-05,8,267.0,0.2965034673978606,2,38.0,0.3687190024892616,0,0.0,0.9763658487275678,13,330.0
2775.0,18,462.0,8.105263157894736,5.555236155160309,3,40.0,0.0,8,308.0,0.2368789266440939,2,48.0,0.5779982913253333,0,0.0,0.9494022320884423,13,396.0
2780.0,24,570.0,10.0,5.011512139138616,3,55.0,0.0,10,388.0,0.2754384315950515,2,58.0,0.4897258115676185,1,1.0,0.48305998735632216,16,502.0
2785.0,25,691.0,12.563636363636364,4.720759811886084,3,70.0,0.0,10,406.0,0.31826657590961893,3,69.0,0.19292147190928624,1,6.0,0.635772436680203,17,551.0
2790.0,28,821.0,14.403508771929825,4.203168725056974,3,85.0,0.0,11,457.0,0.2489522420135603,5,88.0,0.0005941343164747581,1,11.0,0.6368329032606397,20,641.0
2795.0,28,960.0,15.737704918032787,4.102040020469039,3,100.0,0.0,11,512.0,0.25754884107517984,4,104.0,0.0,1,16.0,0.6096695078972926,19,732.0
2800.0,28,1077.0,17.65573770491803,3.98240850567486,3,115.0,0.0,10,556.0,0.1484667511829412,4,124.0,0.20172056489276544,0,0.0,0.9512402519932541,17,795.0
2805.0,31,1226.0,19.774193548387096,3.943977228747796,3,130.0,0.0,11,610.0,0.06724604147997588,4,149.0,0.3365553408120936,0,0.0,0.9715256447276055,18,889.0
2810.0,34,1238.0,19.34375,3.707552955477437,3,145.0,0.0,14,673.0,0.1177392823420249,6,169.0,0.0016108635317599507,0,0.0,0.9407930803338218,23,987.0
2815.0,32,1259.0,19.671875,3.7997379876815383,3,160.0,0.0,14,743.0,0.1835691675381961,7,204.0,0.21361470520016582,0,0.0,0.9926084595879893,24,1107.0
2820.0,27,1256.0,19.625,4.194865466626926,3,175.0,0.0,14,813.0,0.23833405671872515,7,239.0,0.11184265896373977,0,0.0,0.9276349560255326,24,1227.0
2825.0,26,1331.0,21.126984126984127,4.200437855856568,3,190.0,0.0,15,885.0,0.24122328718812716,8,325.0,0.09421206653398372,0,0.0,0.9492240548261046,26,1400.0
2830.0,28,1464.0,21.850746268656717,3.965843617479431,3,205.0,0.0,15,960.0,0.22792802529930015,9,366.0,0.0958945840050724,0,0.0,0.9685524016300713,27,1531.0
2835.0,25,1476.0,22.029850746268657,4.179808218126215,3,220.0,0.0,15,1035.0,0.17244412263563616,7,340.0,0.20118654444646547,0,0.0,0.48508923283258143,25,1595.0
2840.0,24,1508.0,22.507462686567163,4.462073312358734,3,235.0,0.0,16,1112.0,0.07520488486384007,4,265.0,0.2642391992666224,1,5.0,0.6287382611676368,24,1617.0
2845.0,14,596.0,8.764705882352942,4.997210723424968,3,250.0,0.23479132564648447,6,546.0,0.07910847778654659,4,245.0,0.25652576303624886,1,10.0,0.7099810704127499,14,1051.0
2850.0,8,473.0,6.757142857142857,5.88312780987218,4,267.0,3.0168473118585914e-05,0,161.0,0.2428251159456352,4,288.0,0.07703631083796383,0,0.0,0.914747615158613,8,716.0
2855.0,12,527.0,7.5285714285714285,6.8221752455731695,4,287.0,0.0,0,54.0,0.5995904857384277,5,324.0,0.43470349686908794,0,0.0,0.9518238257519226,9,665.0
2860.0,12,296.0,4.2898550724637685,6.616336583065604,0,11.0,0.06416449142495459,1,1.0,0.6503918589688861,5,346.0,0.5710470762007116,0,0.0,0.9771535484113079,6,358.0
2865.0,14,359.0,5.128571428571429,6.860051705717262,0,0.0,1.0,0,52.0,0.789041039358271,5,371.0,0.6036924269020607,0,0.0,0.973443817266781,5,423.0
2870.0,16,412.0,6.0588235294117645,7.052870494374947,0,0.0,1.0,0,50.0,0.7670866781405741,5,396.0,0.5868862936295395,1,3.0,0.5575524190935819,6,449.0
2875.0,16,296.0,4.352941176470588,7.092293363908288,0,0.0,1.0,1,5.0,0.7272078263887961,3,285.0,0.6236287303623074,2,11.0,0.3136957185547489,6,301.0
2880.0,13,226.0,3.53125,6.743362179849393,0,3.0,0.9163034182673894,1,10.0,0.6555896007306424,0,155.0,0.6513949178364462,2,21.0,0.3300003835342091,3,189.0
2885.0,13,160.0,2.5806451612903225,6.1976065825141635,0,0.0,1.0,2,18.0,0.6004138381115192,3,19.0,0.34965360389871075,2,31.0,0.32341594113667393,7,68.0
2890.0,9,102.0,1.8214285714285714,5.822741290039351,0,0.0,1.0,2,28.0,0.562468197035208,3,34.0,0.1336758145169222,2,41.0,0.38953923025674747,7,103.0
2895.0,9,91.0,1.5964912280701755,6.346735786817851,0,0.0,1.0,4,49.0,0.5476094357374046,5,99.0,0.19736607634038478,0,0.0,0.6639289747352676,9,148.0
2900.0,11,141.0,2.4310344827586206,6.607407271010283,0,0.0,1.0,4,66.0,0.5683688450510611,7,136.0,0.1932027445217451,0,0.0,0.9869483542567336,11,202.0
2905.0,15,212.0,3.719298245614035,6.150757138306271,0,0.0,1.0,4,86.0,0.4019477948073232,11,211.0,0.12575736005407237,0,0.0,0.9225664150424758,15,297.0
2910.0,20,298.0,5.137931034482759,4.675771357377985,0,0.0,1.0,6,111.0,0.16924476194797114,13,271.0,0.023154264970107804,0,0.0,0.9495508475562379,19,382.0
2915.0,20,366.0,6.310344827586207,4.007726076199392,0,0.0,1.0,8,147.0,0.08789392230143679,11,264.0,0.010164560578086377,0,0.0,0.9718893046676716,19,411.0
2920.0,23,465.0,7.622950819672131,4.562160777415611,0,0.0,1.0,10,189.0,0.09991918357874414,12,289.0,0.004384016517805735,0,0.0,0.8705839628061891,22,478.0
2925.0,23,574.0,9.40983606557377,4.998069663319078,0,0.0,1.0,9,234.0,0.19551577221052707,13,352.0,0.014050446852385892,1,3.0,0.4886036076134787,23,589.0
2930.0,16,414.0,6.786885245901639,5.130687808058361,0,0.0,1.0,1,59.0,0.3300774895438346,14,419.0,9.211490174029163e-07,1,8.0,0.4699061095237429,16,486.0
2935.0,6,127.0,2.0483870967741935,6.699311177615316,0,0.0,1.0,1,7.0,0.6921888395920391,4,239.0,0.1268509382831795,1,13.0,0.5918142886498505,6,259.0
2940.0,1,12.0,0.2,7.840752869668119,0,6.0,0.6061131887909846,1,21.0,0.6580948870580505,0,122.0,0.6119576273736663,0,0.0,0.9654207063461057,1,149.0
2945.0,3,20.0,0.32786885245901637,7.883134533690945,1,10.0,0.23858095154789646,1,26.0,0.7946933190905422,1,18.0,0.6200640442763513,0,0.0,0.9480090050701546,3,54.0
2950.0,11,65.0,1.0483870967741935,7.237664876652176,3,23.0,0.056798537965151476,1,90.0,0.8409041201357272,3,29.0,0.5948565432868465,0,0.0,0.9499890785204242,7,142.0
2955.0,11,90.0,1.40625,6.950407238065532,4,40.0,0.013675312802478601,2,97.0,0.7377046594122063,2,32.0,0.7063003188602368,0,0.0,0.9666146831866714,8,169.0
2960.0,16,142.0,2.3666666666666667,6.134674369748992,6,69.0,0.004403341530813722,3,108.0,0.6527124676116707,3,44.0,0.5477619451248185,0,0.0,0.9643596566824301,12,221.0
2965.0,18,159.0,2.6065573770491803,5.036640038582851,2,35.0,0.012712654794423881,3,123.0,0.6118220873605904,7,76.0,0.21200401236244068,0,0.0,0.9534085400448846,12,234.0
2970.0,21,245.0,3.9516129032258065,4.571407589174864,0,8.0,0.16477588140738064,5,144.0,0.23642579648950304,8,115.0,0.10469129692899447,0,0.0,0.9645131452209935,13,267.0
2975.0,20,251.0,3.8615384615384616,4.860185923289753,0,0.0,1.0,6,57.0,0.08292014663774758,4,95.0,0.1418237795960672,0,0.0,0.9367885310961679,10,152.0
2980.0,21,353.0,5.348484848484849,5.324941190331721,0,9.0,0.53561054029941,6,87.0,0.09437367027896945,4,115.0,0.006147597722616275,1,2.0,0.33871700997475473,11,213.0
2985.0,23,467.0,7.296875,4.870974287582683,0,9.0,0.16590690256261417,6,117.0,0.12200841476362903,5,139.0,0.0,2,12.0,0.31388375638118965,13,277.0
2990.0,27,587.0,8.761194029850746,4.327095593251376,3,24.0,0.01860318245761052,7,151.0,0.20063696663181826,5,164.0,0.0,0,9.0,0.35955664176025987,15,348.0
2995.0,23,500.0,7.6923076923076925,4.777328639973756,4,40.0,0.0035968718595439804,7,186.0,0.2780760222685306,3,139.0,0.3422072950279832,0,0.0,0.4966508131271692,14,365.0
3000.0,21,458.0,7.26984126984127,4.653137276379059,5,64.0,0.000546362127060198,8,226.0,0.2170999565784566,3,64.0,0.13811710801294774,0,0.0,0.9080979459229985,16,354.0
3005.0,26,573.0,9.241935483870968,4.2420689437122805,6,90.0,0.08387536063789446,9,267.0,0.21176235402022744,4,47.0,4.185256854053628e-06,0,0.0,0.9397748575216069,19,404.0
3010.0,31,717.0,11.380952380952381,3.7880529795255877,7,121.0,0.0009281889880440814,10,317.0,0.21882511086286363,4,67.0,0.0,0,0.0,0.9752426770639951,21,505.0
3015.0,29,826.0,13.32258064516129,3.4424194299242745,7,156.0,8.559882299166889e-06,10,367.0,0.18624192433657832,1,47.0,0.02685896126253744,0,0.0,0.9736977694071516,18,570.0
3020.0,33,983.0,16.114754098360656,3.50682821132419,7,191.0,1.1685155076435332e-06,10,420.0,0.26785012248025936,1,39.0,0.4877449071942548,1,2.0,0.4901617315049383,19,652.0
3025.0,35,1150.0,17.692307692307693,3.9776155902535377,7,226.0,0.0,12,475.0,0.313579805482826,1,44.0,0.47672366573240044,1,7.0,0.6228366790886469,21,752.0
3030.0,32,1266.0,19.476923076923075,3.599047486232361,7,261.0,0.0,11,530.0,0.25084846602671024,1,49.0,0.4895620935552384,1,12.0,0.6361925919653696,20,852.0
3035.0,30,1321.0,20.323076923076922,3.382423988558813,7,296.0,0.0,13,590.0,0.17380814110026085,1,54.0,0.34130599339141804,0,0.0,0.9469022421680827,21,940.0
3040.0,28,1133.0,17.703125,3.775312143313675,7,331.0,0.0,13,655.0,0.2148173232615862,2,67.0,0.41521270845050945,0,0.0,0.9487035210179849,22,1053.0
3045.0,23,837.0,12.681818181818182,3.54047533267852,1,174.0,0.02405115873648808,14,755.0,0.22103198690619313,3,78.0,0.32146835667503815,0,0.0,0.9778916345085229,18,1007.0
3050.0,24,897.0,13.590909090909092,3.7926578306847945,0,0.0,0.359784176692398,15,827.0,0.13537620163711828,4,98.0,0.2846882487987338,0,0.0,0.9417612033887259,19,925.0
3055.0,23,895.0,13.35820895522388,4.439949872200478,0,0.0,1.0,12,820.0,0.14773027413221193,2,94.0,0.4737331710321027,0,0.0,0.9328967639392705,14,914.0
3060.0,24,961.0,13.927536231884059,5.756133362775637,0,0.0,1.0,15,848.0,0.16500091731155428,2,104.0,0.3193643734768186,0,0.0,0.9521334198577928,17,952.0
3065.0,21,1016.0,13.917808219178083,6.137791767578044,0,0.0,0.04611437619762676,16,905.0,0.17416950262000408,2,114.0,0.31930483322885056,0,0.0,0.9786937123043358,18,1019.0
3070.0,19,1090.0,15.352112676056338,6.378973517927587,1,3.0,3.536542035362522e-05,16,985.0,0.1821965034356272,2,124.0,0.0,0,0.0,0.9647181366912134,19,1112.0
3075.0,20,1175.0,17.279411764705884,5.890072669321252,1,8.0,0.22176076065001546,16,1054.0,0.22934930930472142,2,229.0,0.31008421175761247,0,0.0,0.9650989400906599,19,1291.0
3080.0,20,1137.0,17.49230769230769,4.983335767638329,2,16.0,2.3303249031177133e-05,16,1134.0,0.22472762166850446,0,47.0,0.48694935385709215,0,0.0,0.9656350046568272,18,1197.0
3085.0,20,1237.0,18.46268656716418,5.18995481780905,2,26.0,0.0,16,1317.0,0.20283552320342935,0,47.0,0.6727784324633224,0,0.0,0.9441711277981945,18,1390.0
3090.0,22,1345.0,20.074626865671643,5.062503252991637,2,36.0,0.0,16,1397.0,0.19047879189801317,2,55.0,0.4767125840657832,0,0.0,0.971171160655585,20,1488.0
3095.0,11,265.0,3.955223880597015,5.399291109678266,2,46.0,0.0,5,644.0,0.18232472709243833,2,65.0,0.31999499932791575,0,0.0,0.9388033176021545,9,755.0
3100.0,5,89.0,1.328358208955224,6.201930552568491,2,56.0,0.0,1,258.0,0.30647159441678956,2,78.0,0.44876429862532086,0,0.0,0.9520882871233951,5,392.0
3105.0,5,98.0,1.462686567164179,7.5257464239004355,2,66.0,0.0,2,115.0,0.44415753481587783,1,88.0,0.6877010350553417,0,0.0,0.9178047027651794,5,269.0
3110.0,8,132.0,1.9701492537313432,8.320082031275852,2,76.0,0.0,3,120.0,0.3621298762930881,2,91.0,0.7707648907062471,0,0.0,0.9280906636503188,7,287.0
3115.0,10,179.0,2.557142857142857,8.097987887308147,2,86.0,0.0,5,145.0,0.40496479315709555,2,101.0,0.7625512810502825,0,0.0,0.8695261844108186,9,332.0
3120.0,12,222.0,3.1714285714285713,7.908531775969538,2,96.0,0.0,7,173.0,0.3260037316167019,2,111.0,0.8063590055336783,0,0.0,0.9572328191676737,11,380.0
3125.0,12,184.0,2.6666666666666665,7.581840824598328,0,0.0,1.0,8,212.0,0.36680406612459165,2,115.0,0.7616295744234088,0,0.0,0.9760669777923265,10,327.0
3130.0,12,183.0,2.8153846153846156,7.408004797737759,0,0.0,1.0,9,251.0,0.301568785710113,0,37.0,0.7473588950087339,0,0.0,0.9566868420159883,9,288.0
3135.0,12,196.0,3.0153846153846153,7.0138081907853635,0,0.0,1.0,5,238.0,0.42553900232461356,3,26.0,0.5526945812875086,0,0.0,0.966982658067711,8,264.0
3140.0,15,267.0,4.045454545454546,6.402060263767182,0,0.0,1.0,6,267.0,0.3792063439517433,4,28.0,0.31029336199828517,0,0.0,0.9600661703275088,10,295.0
3145.0,16,346.0,5.164179104477612,5.792329290365431,0,0.0,1.0,6,297.0,0.3748023597223451,5,55.0,0.17006775145610517,0,0.0,0.9476677364920585,11,352.0
3150.0,22,447.0,6.7727272727272725,5.698098837748882,0,0.0,1.0,6,327.0,0.2260958758493545,9,95.0,0.15194305758545498,0,0.0,0.9644484503001267,15,422.0
3155.0,24,372.0,5.904761904761905,5.166926180753753,0,0.0,1.0,2,189.0,0.4842523045974765,11,147.0,0.20561900314287707,0,0.0,0.9324406963988469,13,336.0
3160.0,23,421.0,6.578125,5.463511519492563,0,0.0,1.0,0,20.0,0.740856058437237,11,202.0,0.24101411191094807,0,0.0,0.9510712774451633,11,222.0
3165.0,24,541.0,8.453125,5.577394137687971,0,0.0,1.0,0,0.0,0.7552421484404319,12,265.0,0.2428204983299113,0,0.0,0.9787725328651536,12,265.0
3170.0,25,664.0,10.709677419354838,4.814494805537433,0,0.0,1.0,1,3.0,0.4921965894308283,12,325.0,0.17732981182353844,0,0.0,0.9579178526238386,13,328.0
3175.0,17,374.0,6.131147540983607,4.2594466571308205,0,0.0,1.0,3,13.0,0.22790302263035134,4,204.0,0.16880426266350462,0,0.0,0.9609592462666925,7,217.0
3180.0,14,276.0,4.524590163934426,5.042651386045701,0,9.0,0.5812719699387782,3,118.0,0.428969444617659,1,123.0,0.20807419716921086,0,0.0,0.9532104790524872,4,250.0
3185.0,18,356.0,6.033898305084746,4.773713178464847,1,11.0,0.19729262293402874,3,133.0,0.5789315323351466,1,19.0,0.36308979527481544,0,0.0,0.9831544306008595,5,163.0
3190.0,18,432.0,7.081967213114754,4.3651047974040145,3,24.0,0.07214560799914196,3,64.0,0.40887714020529786,1,18.0,0.6386898830393362,0,0.0,0.9839118096739125,7,106.0
3195.0,19,502.0,8.229508196721312,4.104772062787347,4,40.0,0.032066046866413254,3,62.0,0.5643867230353128,1,20.0,0.0,0,0.0,0.9807797893352417,8,122.0
3200.0,20,376.0,6.163934426229508,4.280817583612443,6,66.0,0.016247270068430176,3,177.0,0.6934372271007461,2,25.0,0.0,0,0.0,0.96000273435402,11,268.0
3205.0,20,280.0,4.516129032258065,4.7482986656106325,9,106.0,0.003484283724967636,4,192.0,0.6048423420123996,1,30.0,0.33541615607099673,0,0.0,0.9712121766802426,14,328.0
3210.0,18,300.0,4.838709677419355,5.032423021723841,11,160.0,0.0011715864246000423,4,108.0,0.41212551097399186,1,35.0,0.4972454131678531,0,0.0,0.5923488702814268,16,303.0
3215.0,15,261.0,4.209677419354839,5.182498393804216,11,215.0,0.0004437839594766862,1,7.0,0.42879261878080027,1,40.0,0.28821074141676395,1,3.0,0.46377656737840095,14,265.0
3220.0,18,343.0,5.444444444444445,5.60909449029301,11,270.0,6.439230004595991e-05,2,10.0,0.49734831994693046,2,47.0,0.000777685540360284,1,5.0,0.4700813326619711,16,332.0
3225.0,18,433.0,6.765625,6.255102071355751,11,325.0,1.5968671573886895e-05,2,36.0,0.5974809256593661,2,63.0,0.4562233699944093,1,10.0,0.6549624770985022,16,434.0
3230.0,19,524.0,8.061538461538461,5.878382966731597,11,380.0,2.8932975156460747e-06,3,98.0,0.498320369298154,2,102.0,0.534545992886248,1,15.0,0.3669525627190609,17,595.0
3235.0,20,577.0,8.611940298507463,5.693284710229028,11,435.0,1.6166370959352621e-06,4,140.0,0.3787626035049702,3,114.0,0.5460429537107152,0,0.0,0.9593277696689393,18,689.0
3240.0,18,558.0,8.328358208955224,6.053529398434059,11,490.0,0.0,5,111.0,0.2394796476846009,1,72.0,0.6774979296505605,0,0.0,0.9588899082299001,17,673.0
3245.0,20,623.0,9.734375,5.759053803571159,11,545.0,0.0,6,187.0,0.2668644651958504,3,59.0,0.5908575772117307,0,0.0,0.9832476919027787,20,791.0
3250.0,23,731.0,11.421875,5.017722107972899,11,600.0,0.0,7,222.0,0.20165249920382894,3,74.0,0.38426233372121155,0,0.0,0.9953930054773744,21,896.0
3255.0,18,451.0,7.046875,4.894812171090965,5,433.0,0.008164210912885586,7,249.0,0.28804394237315495,6,114.0,0.20342088964017593,0,0.0,0.9746006169663183,18,796.0
3260.0,13,228.0,3.4545454545454546,6.229339027114212,0,328.0,0.11588280527808688,7,284.0,0.38198803833092637,6,92.0,0.22134628665567432,0,0.0,0.9664959255114035,13,704.0
3265.0,14,290.0,4.3283582089552235,7.004787458713929,0,106.0,0.2518547896172034,8,323.0,0.2731704194900999,6,102.0,0.31495532733209747,0,0.0,0.9929971481335018,14,531.0
3270.0,19,376.0,5.529411764705882,6.8460551530768,0,0.0,1.0,9,367.0,0.2866310375575278,10,148.0,0.25481697313652235,0,0.0,0.970774422140868,19,515.0
3275.0,19,462.0,7.0,6.687366999630851,0,0.0,0.8739898965405513,8,398.0,0.259691177422624,11,196.0,0.14634007909851168,0,0.0,0.9302561571793861,19,594.0
3280.0,13,358.0,5.507692307692308,6.567491486503112,0,0.0,1.0,8,438.0,0.24290461293110746,3,76.0,0.36997880103271524,0,0.0,0.9425480799713623,11,514.0
3285.0,12,393.0,6.140625,6.6313139510373365,0,6.0,0.5436562756045902,9,489.0,0.2809545748724405,1,44.0,0.6581980011048271,0,0.0,0.9414149689436492,10,539.0
3290.0,12,453.0,7.426229508196721,6.09537710055603,0,9.0,0.26471784610853244,9,534.0,0.39738589584575407,1,20.0,0.4793037975238944,0,0.0,0.9958860406968051,10,563.0
3295.0,12,258.0,4.372881355932203,6.09120342530272,0,0.0,0.11325117498291513,6,436.0,0.4415969197059847,2,29.0,0.47181054171549214,0,0.0,0.9676083560080533,8,465.0
3300.0,9,118.0,2.0,6.788179950218775,0,0.0,0.4118511223186042,2,153.0,0.6103016959664842,2,39.0,0.4628409714587789,0,0.0,0.9326231888791932,4,192.0
3305.0,10,143.0,2.508771929824561,6.9334438843748085,0,0.0,1.0,2,41.0,0.7174522352463466,2,52.0,0.20948537575631737,1,3.0,0.49894405288815696,5,96.0
3310.0,11,152.0,2.7142857142857144,7.170349016673055,0,0.0,1.0,2,48.0,0.7198991143865571,4,70.0,0.3753362689765162,1,8.0,0.4726018545415652,7,126.0
3315.0,9,152.0,2.533333333333333,6.511459270521684,0,0.0,1.0,4,61.0,0.307941337553085,4,90.0,0.4083022917867906,1,13.0,0.5405443264797901,9,164.0
3320.0,10,187.0,3.280701754385965,6.285322369924003,0,0.0,1.0,5,83.0,0.14207153282276577,4,95.0,0.30511668306339135,1,18.0,0.33498186994764984,10,196.0
3325.0,13,246.0,4.823529411764706,6.09543690535598,0,0.0,1.0,7,112.0,0.11573208894031091,4,115.0,0.3128263280419814,2,28.0,0.4904010463837648,13,255.0
3330.0,13,308.0,6.16,5.990217524271668,0,0.0,1.0,7,146.0,0.10823141814615327,4,135.0,0.3068168100734506,2,38.0,0.4549100103338465,13,319.0
3335.0,7,202.0,3.811320754716981,6.1785523591039,0,0.0,0.8000335257810642,0,28.0,0.3462986686730612,4,152.0,0.18591831725803845,2,48.0,0.5752436358204028,6,228.0
3340.0,4,130.0,2.452830188679245,7.227287543262725,0,0.0,1.0,0,0.0,0.7710750480525209,3,128.0,0.35571043399245167,0,0.0,0.7731496344877561,3,128.0
3345.0,5,151.0,2.9038461538461537,8.28281107277603,0,0.0,1.0,1,1.0,0.6245545115445817,3,150.0,0.6052319446838464,0,0.0,0.8124165808660564,4,151.0
3350.0,8,180.0,3.4615384615384617,7.555493308050136,0,0.0,1.0,2,7.0,0.6630096476502213,5,168.0,0.4154106742274941,0,0.0,0.9598715784134579,7,175.0
3355.0,7,197.0,3.94,6.980287564138155,0,0.0,0.9865680819839966,1,11.0,0.7811805417442271,6,198.0,0.30509826315878874,0,0.0,0.9873546566085086,7,209.0
3360.0,10,238.0,4.76,7.068354178783286,0,0.0,1.0,2,18.0,0.6240188923759608,8,232.0,0.27558127799647225,0,0.0,0.9493519726876901,10,250.0
3365.0,12,298.0,6.208333333333333,6.887413101717893,0,0.0,1.0,2,28.0,0.5461981966777285,10,282.0,0.27691112418216873,0,0.0,0.9258380499955088,12,310.0
3370.0,12,358.0,7.617021276595745,6.116022012196437,0,0.0,1.0,2,38.0,0.48715993796483137,10,332.0,0.1710477603183042,0,0.0,0.9605505255598689,12,370.0
3375.0,14,410.0,8.72340425531915,6.346152016317921,0,0.0,1.0,1,56.0,0.7647986005107278,13,391.0,0.11860191200161421,0,0.0,0.8809124673665159,14,447.0
3380.0,14,480.0,10.666666666666666,5.969470137814225,0,0.0,1.0,1,36.0,0.6385763326129406,13,456.0,0.06665927287776034,0,0.0,0.8338626797709746,14,492.0
3385.0,18,559.0,11.645833333333334,5.403756917764514,0,0.0,1.0,2,45.0,0.26357509276066465,13,527.0,0.16642586676399262,3,5.0,0.2421898533338456,18,577.0
3390.0,20,654.0,13.346938775510203,5.732804852418297,0,0.0,1.0,4,62.0,0.18643495151581393,14,595.0,0.20141681946079532,2,15.0,0.13520772131022116,20,672.0
3395.0,19,738.0,14.76,5.257945404131749,0,0.0,1.0,2,72.0,0.24873833686080563,15,666.0,0.23113199818646352,2,25.0,0.27278866877678426,19,763.0
3400.0,20,834.0,16.352941176470587,5.4059298883827305,0,0.0,1.0,2,75.0,0.3089234998173526,16,742.0,0.14853151247403384,2,35.0,0.33166885397454243,20,852.0
3405.0,22,942.0,17.444444444444443,5.241657915677954,0,0.0,1.0,2,85.0,0.48256909896919503,18,830.0,0.12832744529682308,2,45.0,0.3613181355689755,22,960.0
3410.0,12,666.0,12.10909090909091,5.254643152053212,0,0.0,1.0,2,95.0,0.24778377909049246,8,618.0,0.14132534618553477,2,55.0,0.5459625311067564,12,768.0
3415.0,10,556.0,9.75438596491228,5.756293967408495,0,6.0,0.6191976582503027,1,47.0,0.5230278605134618,7,547.0,0.1434794538999188,2,65.0,0.5486868316164294,10,665.0
3420.0,11,608.0,10.482758620689655,6.337296729078501,0,0.0,0.6560860496673139,1,19.0,0.8163564485546031,7,524.0,0.15093330252935955,3,77.0,0.3549111470389267,11,620.0
3425.0,12,666.0,10.741935483870968,7.135894801489936,0,0.0,0.8834650603970736,2,27.0,0.7318053863768521,7,559.0,0.21485834346402752,3,92.0,0.5161844597855393,12,678.0
3430.0,13,729.0,11.758064516129032,7.344438951020561,0,0.0,1.0,2,37.0,0.7371895849843559,7,594.0,0.22114051792164255,3,107.0,0.5505845687202334,12,738.0
3435.0,14,762.0,12.290322580645162,6.496921274896083,0,0.0,1.0,0,9.0,0.9469938421979656,7,629.0,0.29370421809759273,5,126.0,0.27487469566864264,12,764.0
3440.0,16,841.0,12.938461538461539,6.780812201976896,0,0.0,1.0,0,9.0,0.966703477702467,7,664.0,0.2913235042850321,5,151.0,0.33756573055836625,12,824.0
3445.0,13,758.0,12.225806451612904,6.383675119795456,0,0.0,1.0,0,0.0,0.9248892306430844,8,706.0,0.33861790324618746,1,73.0,0.4560375427487253,9,779.0
3450.0,14,811.0,13.745762711864407,6.304902665946186,0,0.0,1.0,0,0.0,0.9428882740425476,9,759.0,0.35923137689761186,0,0.0,0.7905921010822331,9,759.0
3455.0,19,892.0,15.11864406779661,5.342663484148197,0,0.0,1.0,0,13.0,0.8021102386893404,14,815.0,0.1726290537227276,0,0.0,0.9533683756530849,14,828.0
3460.0,23,947.0,15.524590163934427,4.923555151628728,0,0.0,1.0,1,17.0,0.49005399041826075,13,832.0,0.2131890368195347,0,0.0,0.9445116615845924,14,849.0
3465.0,22,1025.0,16.80327868852459,5.237344786347377,0,0.0,1.0,2,17.0,0.544890281992564,13,882.0,0.17195092133514622,0,0.0,0.9793643779856782,15,899.0
3470.0,20,1046.0,18.350877192982455,5.270528027885938,0,0.0,1.0,2,27.0,0.5728328934546478,14,912.0,0.06376586864113531,0,0.0,0.9341510100609443,16,939.0
3475.0,24,1145.0,19.406779661016948,4.69454433593151,0,0.0,1.0,2,37.0,0.5943848483697824,14,979.0,0.02052216568769657,0,0.0,0.9626588075079178,16,1016.0
3480.0,22,1143.0,19.372881355932204,4.34487804584458,0,0.0,1.0,3,48.0,0.5547534417154303,8,954.0,0.0998968697181697,0,0.0,0.96260484787426,11,1002.0
3485.0,18,1198.0,20.305084745762713,5.4417582449422826,0,3.0,0.5225004224012729,3,69.0,0.5956827631046949,8,967.0,0.13921167775515375,0,0.0,0.9825804151710281,11,1039.0
3490.0,19,1283.0,21.74576271186441,5.869062741258982,0,0.0,0.9629673510087794,3,84.0,0.6323565624810787,8,1007.0,0.10838829207927592,0,0.0,0.9544411403035888,11,1091.0
3495.0,17,1199.0,19.03174603174603,5.963385183608606,0,0.0,1.0,3,99.0,0.5809057850060396,8,1047.0,0.17133971326252864,0,0.0,0.967029182691697,11,1146.0
3500.0,25,1260.0,20.322580645161292,5.303001434272819,0,0.0,1.0,4,115.0,0.5971838904220859,8,1087.0,0.18534862771445124,1,1.0,0.48786310558716856,13,1203.0
3505.0,20,901.0,14.770491803278688,5.00710697025791,0,0.0,1.0,4,135.0,0.574438795529688,6,894.0,0.13226421789875578,0,0.0,0.9484617880570726,10,1029.0
3510.0,6,202.0,3.3666666666666667,6.849955541932767,0,0.0,1.0,4,159.0,0.6237314926356832,1,527.0,0.46211019533399494,0,0.0,0.972633300862791,5,686.0
3515.0,8,176.0,2.983050847457627,7.0349789668704155,0,0.0,1.0,5,180.0,0.4730137563853188,1,221.0,0.5664619921049611,0,0.0,0.936953286194272,6,401.0
3520.0,11,225.0,4.090909090909091,6.431279352037353,0,0.0,1.0,6,234.0,0.24896170542995366,1,9.0,0.4366917954672762,0,0.0,0.9909829468780859,7,243.0
3525.0,10,269.0,4.890909090909091,5.891592970357138,0,0.0,1.0,6,264.0,0.2733178784637749,0,71.0,0.7141582768861001,0,0.0,0.928508897944033,6,335.0
3530.0,16,338.0,5.827586206896552,5.833189932001571,0,0.0,1.0,9,281.0,0.32341973886706094,2,105.0,0.46178882668753257,0,0.0,0.982462955626836,11,386.0
3535.0,22,433.0,7.4655172413793105,5.434536496077908,0,0.0,1.0,11,328.0,0.32520804394877934,4,122.0,0.39101916615099147,0,0.0,0.9635322245600939,15,450.0
3540.0,25,533.0,9.189655172413794,5.130521795341176,0,0.0,1.0,14,389.0,0.21808656864185805,5,143.0,0.2717717183551712,1,3.0,0.48498154595633064,20,535.0
3545.0,28,664.0,11.066666666666666,4.887298901816005,0,0.0,1.0,15,461.0,0.1842328872216607,5,168.0,0.256389531221627,1,8.0,0.4853047075464378,21,637.0
3550.0,28,739.0,12.316666666666666,4.680958544302679,0,0.0,1.0,17,546.0,0.22105640677257402,5,193.0,0.0045932291498320356,1,13.0,0.5763467247283821,23,752.0
3555.0,20,670.0,11.166666666666666,4.844334434995106,0,0.0,1.0,14,587.0,0.15908323878837785,6,223.0,1.4295840100355783e-05,0,0.0,0.9574826135258245,20,810.0
3560.0,17,730.0,12.372881355932204,5.377153238148556,0,0.0,1.0,11,588.0,0.14281605736357708,6,256.0,0.1520017202773396,0,0.0,0.9175352311033216,17,844.0
3565.0,24,829.0,13.370967741935484,5.199939622735462,0,0.0,1.0,13,643.0,0.11426094315407476,8,288.0,0.1043758193947731,0,0.0,0.9837880405213284,21,931.0
3570.0,19,896.0,14.688524590163935,5.556647504201956,0,0.0,1.0,14,710.0,0.14152943797071846,5,293.0,0.14497253179665606,0,0.0,0.921466658526561,19,1003.0
3575.0,21,998.0,16.633333333333333,5.799003900600388,0,0.0,1.0,15,786.0,0.08807806981234018,6,322.0,0.11098908769090425,0,0.0,0.9480037961676537,21,1108.0
3580.0,22,1106.0,19.75,5.568203711639167,0,0.0,1.0,15,864.0,0.1475410381446415,7,355.0,1.92666275803951e-06,0,0.0,0.9530260947850291,22,1219.0
3585.0,23,1218.0,20.3,4.842589806066856,0,0.0,1.0,16,942.0,0.19260809577346494,7,390.0,0.054974050581206226,0,0.0,0.9411614100287059,23,1332.0
3590.0,26,1343.0,23.982142857142858,4.48487360347542,0,0.0,1.0,16,1019.0,0.17404680712798723,9,432.0,9.180192856088226e-05,0,0.0,0.7787483629564546,25,1451.0
3595.0,15,507.0,9.053571428571429,5.129506901409984,0,0.0,1.0,4,447.0,0.3433345544372353,9,477.0,0.09620213992688051,2,4.0,0.31501790579077704,15,928.0
3600.0,10,324.0,5.684210526315789,5.8671442421271935,0,0.0,1.0,1,169.0,0.4918607161447343,7,405.0,0.19489673195388382,2,14.0,0.3328317278096388,10,588.0
