step,system_total_stopped,system_total_waiting_time,system_mean_waiting_time,system_mean_speed,cluster_10564135163_13571629282_5146149679_stopped,cluster_10564135163_13571629282_5146149679_accumulated_waiting_time,cluster_10564135163_13571629282_5146149679_average_speed,cluster_10564135205_11749189839_3266988437_5129187741_#3more_stopped,cluster_10564135205_11749189839_3266988437_5129187741_#3more_accumulated_waiting_time,cluster_10564135205_11749189839_3266988437_5129187741_#3more_average_speed,cluster_10564135211_11749189838_12136544949_12136544951_#7more_stopped,cluster_10564135211_11749189838_12136544949_12136544951_#7more_accumulated_waiting_time,cluster_10564135211_11749189838_12136544949_12136544951_#7more_average_speed,cluster_10564135212_13571629279_13571629299_stopped,cluster_10564135212_13571629279_13571629299_accumulated_waiting_time,cluster_10564135212_13571629279_13571629299_average_speed,agents_total_stopped,agents_total_accumulated_waiting_time
0.0,0,0.0,0.0,0.0,0,0.0,1.0,0,0.0,1.0,0,0.0,1.0,0,0.0,1.0,0,0.0
5.0,0,0.0,0.0,9.631016146519777,0,0.0,1.0,0,0.0,0.911388217106111,0,0.0,1.0,0,0.0,0.9272933569150619,0,0.0
10.0,0,0.0,0.0,8.12415703172526,0,0.0,1.0,0,0.0,0.9385133903526304,0,0.0,1.0,0,0.0,0.9972659497338956,0,0.0
15.0,0,0.0,0.0,7.782800972888028,0,0.0,1.0,0,0.0,0.984428364196196,0,0.0,1.0,0,0.0,0.9487414354518712,0,0.0
20.0,0,0.0,0.0,8.323816343634741,0,0.0,1.0,0,0.0,0.9783167773456567,0,0.0,1.0,0,0.0,0.9594711483711216,0,0.0
25.0,0,0.0,0.0,8.484111907400191,0,0.0,1.0,0,0.0,0.9566147237272646,0,0.0,0.9496626328406601,0,0.0,0.9461616607303638,0,0.0
30.0,2,5.0,0.4166666666666667,6.019920538067761,0,0.0,1.0,0,0.0,0.5038728439670271,1,2.0,0.0019575937808626142,1,3.0,0.4891101189433465,2,5.0
35.0,3,19.0,1.3571428571428572,6.201377457933197,0,0.0,1.0,1,4.0,0.4772980891002575,1,7.0,0.0,1,8.0,0.4815940377908677,3,19.0
40.0,3,34.0,2.0,5.716724149761509,0,0.0,1.0,1,9.0,0.08450787663376182,1,12.0,0.0,1,13.0,0.6511065544396718,3,34.0
45.0,1,17.0,0.9444444444444444,6.03262424792749,0,0.0,1.0,0,0.0,0.7255724413250213,1,17.0,0.0,0,0.0,0.9418318908834946,1,17.0
50.0,1,22.0,1.1,7.674996225257411,0,0.0,1.0,0,0.0,0.9450718762310418,1,25.0,0.5375825695761596,0,0.0,0.9446434335436003,1,25.0
55.0,1,27.0,1.2272727272727273,8.83513516331085,0,0.0,1.0,0,0.0,0.9487591789960604,1,33.0,0.6612279853831449,0,0.0,0.9968049599367166,1,33.0
60.0,1,32.0,1.391304347826087,8.623443078097875,0,0.0,1.0,0,0.0,0.9528106576039277,1,35.0,0.7036650428022129,0,0.0,0.99634800268273,1,35.0
65.0,0,0.0,0.0,7.823069490940827,0,0.0,1.0,0,0.0,0.9622176598159632,0,3.0,0.6149671875950584,0,0.0,0.9807895345210176,0,3.0
70.0,3,12.0,0.48,7.679658004445346,0,0.0,1.0,0,0.0,0.9339179169623605,2,12.0,0.5748848134037294,0,0.0,0.9780074337782415,2,12.0
75.0,5,29.0,1.0740740740740742,6.757705066999735,0,0.0,1.0,1,2.0,0.5740574321129411,3,22.0,0.4750031129478569,0,0.0,0.9878443745885446,4,24.0
80.0,3,36.0,1.2413793103448276,6.818009844903815,0,0.0,1.0,1,7.0,0.6713851236300846,2,32.0,0.5384195943166172,0,0.0,0.9988586306089555,3,39.0
85.0,4,56.0,1.8666666666666667,7.14571378137868,0,0.0,1.0,1,12.0,0.5789281572445362,3,47.0,0.4765994211448328,0,0.0,0.9430055411408814,4,59.0
90.0,4,49.0,1.6896551724137931,6.771580370705954,0,0.0,1.0,3,24.0,0.24029323623962834,1,29.0,0.681720324262909,0,0.0,0.9939252280480261,4,53.0
95.0,5,72.0,2.25,6.641056441798133,0,0.0,0.9546957641629701,3,44.0,0.4443767496438378,2,34.0,0.11904700327192932,0,0.0,0.924872463014872,5,78.0
100.0,8,109.0,3.2058823529411766,7.715001254425787,0,0.0,0.970041091231801,4,61.0,0.4162012736041853,4,54.0,0.31876887715152336,0,0.0,0.9518893448947285,8,115.0
105.0,8,149.0,4.515151515151516,7.2872130561429636,0,0.0,1.0,4,81.0,0.4814933005577133,4,74.0,0.18496914673576156,0,0.0,0.9699776079319347,8,155.0
110.0,3,35.0,0.9459459459459459,7.013084937238951,0,0.0,1.0,0,5.0,0.9535632330592987,3,53.0,0.21214938832958916,0,0.0,0.9684594153884108,3,58.0
115.0,2,30.0,0.7894736842105263,8.501341372597123,0,0.0,1.0,0,5.0,0.8865416964780016,2,31.0,0.43638151987472806,0,0.0,0.9597681800006622,2,36.0
120.0,3,43.0,1.1025641025641026,9.016321234211063,0,0.0,1.0,0,5.0,0.8672362828534658,3,50.0,0.45323435057058986,0,0.0,0.9341462349895319,3,55.0
125.0,3,58.0,1.5675675675675675,8.487547708935368,0,0.0,1.0,0,0.0,0.9109500354775056,3,65.0,0.3585162676660197,0,0.0,0.929597623416187,3,65.0
130.0,7,88.0,2.2564102564102564,6.183854692840898,0,0.0,1.0,0,0.0,0.49948769764367545,6,92.0,0.3217910084605905,0,0.0,0.9669149561285992,6,92.0
135.0,12,145.0,3.8157894736842106,6.294615097540624,0,0.0,1.0,2,8.0,0.3260312711571351,6,122.0,0.3926108931152371,0,0.0,0.9846240779654946,8,130.0
140.0,10,125.0,3.3783783783783785,5.894013665641271,0,0.0,1.0,2,18.0,0.3155045376580476,4,100.0,0.45201909771905463,0,0.0,0.938617681897601,6,118.0
145.0,14,185.0,4.625,5.98999392697131,0,3.0,0.8997193090051059,2,28.0,0.4824087200516004,6,90.0,0.35076142691595297,0,0.0,0.9541955166214128,8,121.0
150.0,10,156.0,4.105263157894737,5.061705994872528,0,0.0,1.0,0,0.0,0.9618890486393379,7,121.0,0.2243470345027756,0,0.0,0.9217092345450433,7,121.0
155.0,10,161.0,4.128205128205129,5.691265003840035,0,0.0,1.0,0,0.0,0.944638678172381,8,159.0,0.2295936146079107,1,2.0,0.6288387118997992,9,161.0
160.0,9,197.0,5.051282051282051,5.993338605520201,0,0.0,1.0,0,0.0,0.9504864704589245,8,194.0,0.28168916295364915,1,5.0,0.6441357930697477,9,199.0
165.0,9,235.0,5.7317073170731705,6.456877157413479,0,0.0,1.0,0,0.0,0.9359341613556016,9,239.0,0.27703961950223854,0,0.0,0.6547438918118188,9,239.0
170.0,10,285.0,6.627906976744186,6.472500104756377,0,0.0,1.0,0,0.0,0.9772240169166078,9,286.0,0.31813808520648124,1,5.0,0.4880918226778106,10,291.0
175.0,13,343.0,7.795454545454546,6.095802361059341,0,0.0,1.0,0,0.0,0.9580429702891329,12,339.0,0.23412764097239913,1,10.0,0.48048541172667214,13,349.0
180.0,4,95.0,2.111111111111111,5.93886304784571,0,0.0,1.0,0,0.0,0.9925902678514161,3,172.0,0.25166435422081,1,15.0,0.5398615266708181,4,187.0
185.0,2,30.0,0.6521739130434783,7.7344912364983776,0,9.0,0.7317386797719411,0,9.0,0.7043946897896102,2,91.0,0.5364638432515874,0,0.0,0.8932203946116242,2,109.0
190.0,2,40.0,0.8888888888888888,8.527492677170574,0,0.0,0.6977167783828775,0,9.0,0.8943420210838157,2,40.0,0.5944281477396668,0,0.0,0.9414987758429553,2,49.0
195.0,2,50.0,1.1111111111111112,9.485449007902305,0,0.0,0.9444665517696171,0,9.0,0.9331280496434408,2,50.0,0.49953393293960086,0,0.0,0.9305875094690675,2,59.0
200.0,2,22.0,0.4583333333333333,9.129944705168812,0,0.0,1.0,0,25.0,0.8335542836870714,2,22.0,0.4051293630988738,0,0.0,0.9208384839912743,2,47.0
205.0,3,36.0,0.7659574468085106,8.832905944052182,0,0.0,1.0,1,32.0,0.8295516705481376,2,32.0,0.509753910837331,0,0.0,0.9264537357407806,3,64.0
210.0,3,43.0,0.8958333333333334,9.105117369891362,0,0.0,1.0,1,7.0,0.8379180525043828,2,42.0,0.578776863384254,0,0.0,0.9850281377808547,3,49.0
215.0,7,63.0,1.3125,7.620773798470545,0,0.0,1.0,1,9.0,0.7955205686668257,3,53.0,0.2836519933806202,1,1.0,0.47525785333705683,5,63.0
220.0,4,26.0,0.5416666666666666,8.549745865214419,0,0.0,1.0,1,14.0,0.7001606064751218,2,33.0,0.5715336090158417,1,6.0,0.6334280311600698,4,53.0
225.0,4,46.0,0.9787234042553191,8.872440803424182,0,0.0,1.0,1,19.0,0.6938991032578306,2,22.0,0.6388221398082151,1,11.0,0.4989458595374132,4,52.0
230.0,5,51.0,1.0851063829787233,8.015581643634176,0,0.0,1.0,0,3.0,0.7993531735767299,3,34.0,0.3869611541093626,2,20.0,0.3240554116651455,5,57.0
235.0,4,50.0,1.0869565217391304,8.272192949265195,0,0.0,1.0,1,7.0,0.534062630580516,3,49.0,0.38783295892170033,0,0.0,0.9412557531237495,4,56.0
240.0,3,15.0,0.3333333333333333,7.432981265723252,0,0.0,1.0,2,13.0,0.3123582945381575,0,20.0,0.5184229779121496,0,0.0,0.9381755737181662,2,33.0
245.0,6,37.0,0.8604651162790697,7.187387246501173,0,3.0,0.8026455769788721,2,26.0,0.5224287516535614,0,0.0,0.6963593743075298,0,0.0,0.9483147421063877,2,29.0
250.0,6,67.0,1.5952380952380953,7.3699668111636765,0,0.0,1.0,2,36.0,0.6588418699432178,0,0.0,1.0,0,0.0,0.9960709664132241,2,36.0
255.0,8,102.0,2.3181818181818183,7.38706164123407,0,0.0,1.0,2,46.0,0.6451850552255001,0,0.0,1.0,0,0.0,0.9488652399069042,2,46.0
260.0,9,131.0,2.911111111111111,6.970614423649863,0,0.0,1.0,3,59.0,0.5427432826666212,0,0.0,1.0,0,0.0,0.9592045746442281,3,59.0
265.0,10,181.0,3.9347826086956523,6.972145580551181,0,0.0,1.0,3,74.0,0.6827990170358753,0,0.0,0.9331743829827577,0,0.0,0.9989513118125029,3,74.0
270.0,6,120.0,2.5531914893617023,6.973902375023836,0,0.0,1.0,0,3.0,0.8171599772396801,0,0.0,0.8973563585399977,0,0.0,0.9707748377538692,0,3.0
275.0,5,104.0,2.4186046511627906,7.428579831262198,0,0.0,1.0,1,7.0,0.8095126890315358,0,0.0,0.8001277497349631,0,0.0,0.932875247921902,1,7.0
280.0,7,134.0,3.1904761904761907,7.2400160430102884,0,0.0,1.0,1,9.0,0.7200230877714067,1,8.0,0.5238882913618645,0,0.0,0.9373131516657401,2,17.0
285.0,8,174.0,4.2439024390243905,7.016751764434253,0,0.0,1.0,1,14.0,0.6438394050233008,2,18.0,0.7000827582097925,0,0.0,0.9751889539809684,3,32.0
290.0,4,54.0,1.2272727272727273,7.372095528265425,0,0.0,1.0,1,2.0,0.2607982255104476,2,28.0,0.7457267300838962,0,0.0,0.9757621694232487,3,30.0
295.0,4,43.0,0.9772727272727273,7.734543253929206,0,0.0,1.0,2,11.0,0.307982176266479,2,38.0,0.6401374361636675,0,0.0,0.935200911916046,4,49.0
300.0,5,67.0,1.5227272727272727,7.85616747097088,0,0.0,1.0,2,21.0,0.31842600464172993,3,52.0,0.6371205352329083,0,0.0,0.9622697772617334,5,73.0
305.0,6,96.0,2.2857142857142856,7.461190030732631,0,0.0,1.0,2,31.0,0.33214357115273624,4,71.0,0.44789585003775895,0,0.0,0.9706593319472598,6,102.0
310.0,9,136.0,3.090909090909091,6.162588192382853,0,0.0,1.0,2,41.0,0.26041700150314784,6,98.0,0.16030036714764287,0,0.0,0.9327707617623365,8,139.0
315.0,5,31.0,0.7045454545454546,5.734403322868343,0,0.0,1.0,0,0.0,0.7178695380218795,2,85.0,0.17286675836570486,0,0.0,0.8935771462728443,2,85.0
320.0,8,50.0,1.0869565217391304,5.981139966578254,0,6.0,0.5932879502834709,1,2.0,0.6087476306074397,3,64.0,8.154902862298351e-05,1,3.0,0.4756871869034987,5,75.0
325.0,7,66.0,1.434782608695652,6.986326882803764,0,0.0,0.792087358632432,1,13.0,0.753323169910069,3,85.0,0.38429642866707103,0,0.0,0.9488715210481591,4,98.0
330.0,9,106.0,2.25531914893617,7.027993492501955,0,0.0,1.0,1,45.0,0.6451577365834568,3,103.0,0.5047493977633976,0,0.0,0.9792786278219687,4,148.0
335.0,10,135.0,2.872340425531915,6.824430095636051,0,0.0,1.0,2,52.0,0.6623420145679686,3,97.0,0.4228832763549762,0,0.0,0.9335510952506129,5,149.0
340.0,11,175.0,3.723404255319149,6.923635845869636,0,0.0,1.0,2,62.0,0.6799131803416698,4,117.0,0.417810929355872,0,0.0,0.951618315517737,6,179.0
345.0,9,176.0,3.5918367346938775,7.03703093928498,0,0.0,1.0,3,93.0,0.4184330201529914,4,137.0,0.41580468650360297,0,0.0,0.9587258636874626,7,230.0
350.0,9,181.0,3.7708333333333335,6.852955810331302,0,0.0,1.0,4,112.0,0.42397339767722164,5,158.0,0.2644204694274242,0,0.0,0.9473294394260573,9,270.0
355.0,7,182.0,3.872340425531915,6.329265971329719,0,0.0,1.0,5,135.0,0.2028034680798155,2,127.0,0.40092892757848125,0,0.0,0.9514832045849475,7,262.0
360.0,8,220.0,4.489795918367347,6.858398364655298,0,5.0,0.5367818706021095,6,169.0,0.24417198486789532,2,137.0,0.3731807259337624,0,0.0,0.9881195140987176,8,311.0
365.0,9,261.0,5.117647058823529,6.88478211046469,1,6.0,0.1479915908035318,6,199.0,0.3666746275532461,2,147.0,0.3304546868734916,0,0.0,0.9656039686462246,9,352.0
370.0,10,311.0,6.098039215686274,6.5784419630966875,2,16.0,0.01984888677556892,6,229.0,0.38341216342393186,2,157.0,0.4128973049163642,0,0.0,0.9613650687506877,10,402.0
375.0,10,348.0,6.444444444444445,6.261204996915926,0,0.0,0.37262470820907295,6,259.0,0.48914358621540355,3,171.0,0.237946685032901,0,0.0,0.9539750903659301,9,430.0
380.0,13,406.0,7.12280701754386,6.67512465576103,0,0.0,1.0,6,286.0,0.5031759298411527,3,186.0,0.39468771902859395,0,0.0,0.9682175447823336,9,472.0
385.0,15,476.0,8.350877192982455,6.415679819034477,0,0.0,1.0,7,319.0,0.4321059262474008,4,203.0,0.19328795137790447,0,0.0,0.947272504483284,11,522.0
390.0,14,404.0,6.9655172413793105,6.110994884488787,0,0.0,1.0,5,221.0,0.32963930005863884,4,223.0,0.37326842596925036,0,0.0,0.9155307401472945,9,444.0
395.0,15,390.0,6.724137931034483,6.089316976665161,0,0.0,1.0,3,136.0,0.3680103191066977,5,246.0,0.14102868451503542,0,0.0,0.9141224679228259,8,382.0
400.0,18,477.0,8.084745762711865,5.929251150896201,0,0.0,1.0,4,109.0,0.27231932320883245,6,276.0,0.20361172008813633,0,0.0,0.9769863714586796,10,385.0
405.0,17,473.0,8.446428571428571,5.406362449952474,0,0.0,1.0,6,134.0,0.2408340792406528,3,261.0,0.471515943833328,0,0.0,0.9560764425858502,9,395.0
410.0,16,440.0,7.857142857142857,6.023038504708214,0,3.0,0.6294588963383494,5,72.0,0.3385139916886773,3,276.0,0.5951979635883148,0,0.0,0.9370589599905631,8,351.0
415.0,18,526.0,8.915254237288135,5.87805396034239,0,0.0,1.0,6,104.0,0.3335378293928904,3,294.0,0.5045468607074153,0,0.0,0.9902278239105784,9,398.0
420.0,16,542.0,9.508771929824562,6.401288673601073,0,0.0,1.0,7,138.0,0.38912960024838233,3,315.0,0.6306634591699736,0,0.0,0.9755024874627334,10,453.0
425.0,18,627.0,11.196428571428571,5.734785830551864,0,0.0,1.0,8,175.0,0.32484449336324983,4,333.0,0.5122410256811528,0,0.0,0.9614892197173959,12,508.0
430.0,14,547.0,10.12962962962963,5.231358667436097,0,0.0,1.0,2,68.0,0.39369816299885113,5,357.0,0.4577451330532415,0,0.0,0.9953666985809806,7,425.0
435.0,13,610.0,10.892857142857142,5.97952242074866,0,0.0,1.0,2,46.0,0.4852908397066814,5,382.0,0.457336474482038,0,0.0,0.9576636569854103,7,428.0
440.0,12,501.0,9.452830188679245,6.32087997681285,0,0.0,1.0,2,56.0,0.5006806754177343,5,413.0,0.46135330019685844,0,0.0,0.949872044925571,7,469.0
445.0,7,443.0,8.358490566037736,7.0683280783445275,0,0.0,1.0,2,63.0,0.483457711374103,4,412.0,0.527329281025849,0,0.0,0.9286493544611978,6,475.0
450.0,9,480.0,9.6,6.827976959128279,0,0.0,1.0,2,81.0,0.4698489413756672,5,427.0,0.37313627952933526,0,0.0,0.9769979151661139,7,508.0
455.0,9,525.0,9.722222222222221,6.968970157967171,0,0.0,1.0,2,91.0,0.6405919594084993,5,452.0,0.3372009080839968,0,0.0,0.9698188461801656,7,543.0
460.0,9,539.0,11.46808510638298,6.690569806564664,0,0.0,1.0,3,110.0,0.5233787343817312,6,481.0,0.3815918406518537,0,0.0,0.9401887047899531,9,591.0
465.0,8,268.0,5.702127659574468,6.904910287074562,0,0.0,0.426138782931292,3,125.0,0.6002881841211455,5,372.0,0.31289655577860803,0,0.0,0.9414387209789733,8,497.0
470.0,7,158.0,3.3617021276595747,7.270331058356606,1,4.0,2.032939708152345e-05,3,132.0,0.6169486311876169,3,117.0,0.27699336584517126,0,0.0,0.946491130568145,7,253.0
475.0,8,194.0,4.217391304347826,7.78663239605337,1,9.0,0.0,4,148.0,0.5380618328681697,3,45.0,0.4738782887470723,0,0.0,0.9502336919365365,8,202.0
480.0,9,225.0,4.787234042553192,7.0673206210603325,0,0.0,0.06993328773727224,4,164.0,0.40520562437303054,3,60.0,0.4577886251621088,0,0.0,0.9341418184069893,7,224.0
485.0,7,220.0,4.782608695652174,6.554534802935443,0,0.0,1.0,4,184.0,0.5209878354758172,3,68.0,0.28262286520100466,0,0.0,0.937132426342838,7,252.0
490.0,9,262.0,5.458333333333333,7.248470486277821,0,3.0,0.9865327919624445,4,208.0,0.5242657288191036,5,90.0,0.13790367169722223,0,0.0,0.9770882324364281,9,301.0
495.0,11,314.0,6.28,7.2535515943409825,0,0.0,1.0,5,227.0,0.43328129816764344,6,119.0,0.3255351471180219,0,0.0,0.940403031102733,11,346.0
500.0,13,374.0,7.791666666666667,6.538100054806377,0,0.0,1.0,6,255.0,0.3384371572392906,7,178.0,0.27528729196943796,0,0.0,0.998512502918409,13,433.0
505.0,16,446.0,8.576923076923077,5.989524836589208,0,0.0,1.0,7,289.0,0.33665498545629113,9,216.0,0.09576983771103656,0,0.0,0.9664008337885703,16,505.0
510.0,11,358.0,6.884615384615385,6.403846366614721,0,0.0,1.0,9,333.0,0.18641750732991447,2,125.0,0.20850187486443855,0,0.0,0.9444654018525742,11,458.0
515.0,10,161.0,3.22,6.717670172968176,0,9.0,0.5455788063368002,7,246.0,0.26235115945267606,2,94.0,0.3086578578390285,1,1.0,0.49973010871575246,10,350.0
520.0,4,73.0,1.46,8.359460139814495,0,0.0,0.7608181507259854,2,71.0,0.4893799798293292,2,104.0,0.3142898684405799,0,0.0,0.9915040279798802,4,175.0
525.0,4,93.0,1.7547169811320755,8.966703528850564,0,0.0,1.0,2,40.0,0.6173399267601539,2,120.0,0.4299599134677283,0,0.0,0.9324569657991741,4,160.0
530.0,6,116.0,2.1481481481481484,8.000156802339696,0,0.0,1.0,2,50.0,0.4852328015855037,3,132.0,0.5458409046207845,0,0.0,0.9528119567656813,5,182.0
535.0,10,160.0,2.909090909090909,7.205784342807241,0,0.0,1.0,3,65.0,0.47336400938254614,4,150.0,0.47261831165190743,0,0.0,0.9945479342380412,7,215.0
540.0,12,219.0,3.981818181818182,6.757609078999982,0,0.0,1.0,3,80.0,0.46729253984478164,5,174.0,0.5118249411376472,0,0.0,0.9866617374606171,8,254.0
545.0,11,256.0,4.7407407407407405,6.084365071720817,0,0.0,1.0,3,95.0,0.20823506017714685,6,202.0,0.4435726117313911,0,0.0,0.9071064737698593,9,297.0
550.0,12,217.0,4.09433962264151,6.0658508963007245,0,0.0,1.0,5,120.0,0.3691234407445947,4,140.0,0.43295877591494,0,0.0,0.9655091333023744,9,260.0
555.0,8,116.0,2.2745098039215685,6.294724266011534,0,0.0,1.0,0,6.0,0.597471519877555,3,66.0,0.47058675090739144,0,0.0,0.967662755072323,3,72.0
560.0,11,163.0,2.963636363636364,6.74997771805747,0,0.0,1.0,1,8.0,0.7064391064089609,5,75.0,0.3236603060728582,0,0.0,0.9443980949406926,6,83.0
565.0,14,228.0,4.222222222222222,6.659783430145239,0,0.0,1.0,2,15.0,0.6421699124750918,6,113.0,0.4546329928003234,0,0.0,0.9752916979674979,8,128.0
570.0,5,86.0,1.6862745098039216,7.150902491837546,0,0.0,1.0,2,25.0,0.6353355627671095,0,30.0,0.708667574764654,0,0.0,0.9554269994036602,2,55.0
575.0,4,57.0,1.14,7.527188659836306,0,0.0,0.9372569255987426,2,41.0,0.5479573420614238,0,9.0,0.8396064998821584,0,0.0,0.9753845245623806,2,50.0
580.0,5,50.0,1.0,7.6148308885433105,0,0.0,1.0,4,56.0,0.5383362996695007,1,12.0,0.8262456432934978,0,0.0,0.9315829732657808,5,68.0
585.0,5,75.0,1.6304347826086956,7.858956339447199,0,0.0,1.0,4,121.0,0.5722302123485206,1,17.0,0.7834320800029964,0,0.0,0.9719875345363669,5,138.0
590.0,6,103.0,2.340909090909091,7.443480621837972,0,0.0,1.0,4,141.0,0.5785324615481856,2,25.0,0.7158068936700941,0,0.0,0.9428485804336213,6,166.0
595.0,8,139.0,3.0217391304347827,7.278858612148834,0,0.0,0.9627736362961805,5,162.0,0.5720455921799757,2,26.0,0.5835230711088119,0,0.0,0.8540248961429766,7,188.0
600.0,8,175.0,3.6458333333333335,6.77225492680929,1,3.0,0.21601272184776812,5,187.0,0.5342358716859593,2,36.0,0.5002627006984319,0,0.0,0.9778032923642529,8,226.0
605.0,9,214.0,4.458333333333333,6.324824028314752,0,0.0,1.0,6,215.0,0.27106379412685705,3,50.0,0.5383197652613487,0,0.0,0.9494337884665622,9,265.0
610.0,11,265.0,5.520833333333333,6.1744617963032455,0,0.0,1.0,7,248.0,0.1710200726437665,3,65.0,0.290247206109572,1,3.0,0.7018554878920872,11,316.0
615.0,12,325.0,6.63265306122449,5.724299881555301,0,0.0,1.0,7,283.0,0.1236013857597146,4,85.0,0.2560087280552414,1,8.0,0.7274365425953612,12,376.0
620.0,13,315.0,6.176470588235294,5.671662957967889,0,0.0,1.0,10,332.0,0.08760263241149355,3,66.0,0.3405594380567873,0,0.0,0.6254686369592645,13,398.0
625.0,7,295.0,6.020408163265306,6.5717475314152844,0,0.0,1.0,5,321.0,0.13942619649977783,2,37.0,0.3874413925019324,0,0.0,0.9358684935173975,7,358.0
630.0,8,331.0,6.755102040816326,7.131006018853,0,0.0,1.0,5,334.0,0.2772832496903695,3,48.0,0.021643286525035315,0,0.0,0.9695245791756413,8,382.0
635.0,10,379.0,7.58,7.2669527388835995,0,0.0,1.0,5,359.0,0.2766795915178496,5,74.0,0.12631638207354506,0,0.0,0.9724931068940028,10,433.0
640.0,13,442.0,8.84,6.986704520344599,0,0.0,1.0,5,384.0,0.3590883672971411,7,108.0,0.2869259826088166,0,0.0,0.9730378750050404,12,492.0
645.0,10,259.0,5.18,6.523852960258138,0,0.0,1.0,2,236.0,0.5054291507469789,8,145.0,0.1906668273776771,0,0.0,0.9948327805446112,10,381.0
650.0,8,179.0,3.4423076923076925,7.4216751787483775,0,0.0,1.0,0,103.0,0.836310393993807,8,185.0,0.19605062976604753,0,0.0,0.9435552691119494,8,288.0
655.0,2,22.0,0.44,6.700578744518506,0,0.0,1.0,1,2.0,0.3400743831799326,1,66.0,0.49525772290812886,0,0.0,0.8356888764264268,2,68.0
660.0,3,17.0,0.34,7.312282788649343,0,3.0,0.5779544391179386,2,21.0,0.458861698007591,0,26.0,0.7326087763276928,0,0.0,0.9352745778679298,2,50.0
665.0,5,36.0,0.75,8.283492118933479,0,0.0,0.8565400327858871,2,31.0,0.6727101389025592,0,3.0,0.9302733920108985,0,0.0,0.9596135903999762,2,34.0
670.0,5,47.0,0.94,8.176667999612421,0,0.0,1.0,3,39.0,0.5310369624744005,0,3.0,0.9314062776173704,0,0.0,0.9695471840147692,3,42.0
675.0,3,48.0,0.9230769230769231,8.518989663652997,0,0.0,1.0,3,54.0,0.6258182540363136,0,3.0,0.8974057079205127,0,0.0,0.9749802590393922,3,57.0
680.0,4,64.0,1.2075471698113207,7.798722909422433,0,0.0,1.0,3,69.0,0.5775595518183727,0,3.0,0.6418349455562097,0,0.0,0.6452526937495412,3,72.0
685.0,7,93.0,1.690909090909091,7.664924697790343,0,0.0,1.0,3,87.0,0.6270728942447392,2,10.0,0.5387516185528476,1,5.0,0.5965752047531233,6,102.0
690.0,8,120.0,2.3076923076923075,7.47194645580079,0,0.0,1.0,4,104.0,0.5153060120755689,3,23.0,0.4676116126853207,0,0.0,0.8795988171257267,7,127.0
695.0,7,136.0,2.7755102040816326,6.276363098904324,0,0.0,1.0,5,127.0,0.2615466157367095,1,23.0,0.37686472139196614,0,0.0,0.9555303512305684,6,150.0
700.0,9,169.0,3.595744680851064,6.039109837236838,0,0.0,1.0,5,152.0,0.19747887115536644,2,7.0,4.9232784852227994e-05,0,0.0,0.9416763098465301,7,159.0
705.0,4,46.0,0.8846153846153846,6.261636786727838,0,0.0,1.0,0,10.0,0.40615936381310175,2,17.0,0.30157978286876796,0,0.0,0.9265578093412722,2,27.0
710.0,5,68.0,1.3877551020408163,7.619735005155507,0,0.0,1.0,0,3.0,0.9040916236357213,2,27.0,0.31810518372157726,0,0.0,0.9380359864255994,2,30.0
715.0,4,86.0,1.72,8.411571545745124,0,0.0,1.0,0,3.0,0.9606460157527935,2,43.0,0.68260444860234,0,0.0,0.970173385177111,2,46.0
720.0,5,74.0,1.5416666666666667,7.796826845222175,0,0.0,1.0,1,4.0,0.801299252281686,2,53.0,0.654720036959305,0,0.0,0.9365766067799034,3,57.0
725.0,4,87.0,1.7058823529411764,7.942063455998982,0,0.0,1.0,0,0.0,0.7994995688184239,3,64.0,0.6772717427482027,0,0.0,0.968714946942784,3,64.0
730.0,6,85.0,1.7,7.736415880356059,0,0.0,1.0,1,5.0,0.6556592743809666,3,47.0,0.6393211165180975,0,0.0,0.9842782589670961,4,52.0
735.0,8,122.0,2.5416666666666665,7.174306795738407,0,0.0,1.0,2,14.0,0.5014056657483065,4,68.0,0.5155193682877084,0,0.0,0.97017752282431,6,82.0
740.0,13,174.0,3.702127659574468,6.5306548375505145,0,0.0,1.0,3,25.0,0.5009415285062135,6,94.0,0.29248094840463934,0,0.0,0.9697138281434777,9,119.0
745.0,14,211.0,4.48936170212766,5.75999742404947,0,0.0,1.0,0,0.0,0.6981051595195632,7,127.0,0.21952521013725845,0,0.0,0.9843624718250684,7,127.0
750.0,6,67.0,1.3958333333333333,6.20030218613774,0,0.0,1.0,0,0.0,0.9305019091659312,4,86.0,0.1490618263585181,0,0.0,0.9163878012745839,4,86.0
755.0,7,80.0,1.7391304347826086,6.457660448919765,0,0.0,1.0,0,0.0,0.9479782140834045,4,86.0,0.3059217239706341,0,0.0,0.9427647405177138,4,86.0
760.0,6,102.0,2.125,7.2270015880321035,0,0.0,1.0,0,0.0,0.9291209836057692,6,113.0,0.345697382967073,0,0.0,0.762071464565006,6,113.0
765.0,9,140.0,2.978723404255319,6.921684594697682,0,0.0,1.0,0,0.0,0.9256413884773365,7,170.0,0.3898547669496197,2,5.0,0.46072121524680365,9,175.0
770.0,2,15.0,0.32608695652173914,7.086558929851075,0,0.0,1.0,0,0.0,0.9727912265500095,0,26.0,0.6178760787392704,2,15.0,0.44164151838056653,2,41.0
775.0,0,0.0,0.0,7.7808342795887215,0,9.0,0.584008026459076,0,3.0,0.8338225972022881,0,17.0,0.864645423176739,0,10.0,0.2560392197486405,0,39.0
780.0,1,3.0,0.06976744186046512,8.687584163090706,0,0.0,0.7820424805321355,0,6.0,0.9595405963571674,1,21.0,0.6904730300057026,0,0.0,0.3380388731907057,1,27.0
785.0,1,8.0,0.18181818181818182,8.686743297866284,0,0.0,0.9774753791969908,0,6.0,0.7985073268143232,1,20.0,0.7578953164608168,0,0.0,0.8736807308685951,1,26.0
790.0,4,24.0,0.5333333333333333,8.378531783169402,0,0.0,0.48426736340701965,2,12.0,0.6955267977731232,1,25.0,0.6177628568367162,0,0.0,0.9980454441456411,3,37.0
795.0,9,60.0,1.2765957446808511,7.570021454657063,2,7.0,0.009142335811950189,2,22.0,0.700460845052932,1,30.0,0.6031504081078799,0,0.0,0.9534373509573038,5,59.0
800.0,13,118.0,2.6222222222222222,6.937462694577472,3,21.0,9.657723358316677e-05,3,35.0,0.6602369101629594,1,35.0,0.6340413142507881,0,0.0,0.9754025831069145,7,91.0
805.0,15,185.0,4.111111111111111,5.8980703373559376,3,36.0,0.0,4,51.0,0.4059251746025966,2,41.0,0.567317635950947,0,0.0,0.9772685718420933,9,128.0
810.0,10,153.0,3.3260869565217392,5.219171551907035,0,13.0,0.04284008057710597,3,51.0,0.2511081417818772,3,52.0,0.20735260610374706,0,0.0,0.9319881821553528,6,116.0
815.0,12,179.0,3.8085106382978724,5.821359538917224,0,0.0,1.0,5,71.0,0.15658639524099774,2,61.0,0.3172245430731054,0,0.0,0.9537273124986444,7,132.0
820.0,9,172.0,3.510204081632653,7.515210856773877,0,0.0,0.7106100748093226,5,105.0,0.3081860113785998,2,74.0,0.4791469621252581,0,0.0,0.9629006571887277,7,179.0
825.0,8,191.0,3.82,7.663426615081206,0,0.0,1.0,5,124.0,0.41150556586327003,2,84.0,0.48781070612596106,0,0.0,0.9194407896937984,7,208.0
830.0,7,225.0,4.5,7.964770383233756,0,0.0,1.0,5,149.0,0.4437053917707447,2,94.0,0.4822753903864412,0,0.0,0.9259890300757366,7,243.0
835.0,9,268.0,5.254901960784314,7.87867772833725,0,0.0,1.0,7,182.0,0.2745486415790102,2,104.0,0.6159854786247664,0,0.0,0.9188630588161493,9,286.0
840.0,11,320.0,6.808510638297872,7.7248375701787335,0,0.0,1.0,8,221.0,0.31889731348463374,3,117.0,0.6306103705725008,0,0.0,0.9725167369905104,11,338.0
845.0,8,82.0,1.7826086956521738,7.293200057062256,0,0.0,0.561401920438,4,143.0,0.4038422362676771,2,52.0,0.458695022455073,0,0.0,0.9727354197372671,6,195.0
850.0,5,14.0,0.2857142857142857,8.036981254245198,1,6.0,0.4509024703113297,1,29.0,0.530725147296408,3,12.0,0.3050823688093897,0,0.0,0.9624433347202115,5,47.0
855.0,9,54.0,1.1020408163265305,7.63626043797595,1,8.0,0.21951344015049135,2,14.0,0.6271070852083277,3,27.0,0.4783955317640752,0,0.0,0.9974631110278988,6,49.0
860.0,12,108.0,2.297872340425532,7.003095574685757,1,13.0,0.0,2,24.0,0.5374346067818004,4,43.0,0.3217026423225547,0,0.0,0.9395921780799878,7,80.0
865.0,9,111.0,2.3125,6.52319608416177,0,0.0,1.0,3,34.0,0.10603136355603332,2,37.0,0.5634860525115821,0,0.0,0.9938318950238572,5,71.0
870.0,11,152.0,3.3777777777777778,6.268684676087493,0,3.0,0.6555838164724253,5,54.0,0.24628380946714026,2,47.0,0.4699610045471256,0,0.0,0.9647265053308558,7,104.0
875.0,12,211.0,4.688888888888889,6.696938776140216,0,0.0,1.0,5,79.0,0.31227269134696983,2,57.0,0.66135544962185,0,0.0,0.9512201912258207,7,136.0
880.0,13,264.0,5.617021276595745,6.498765062829791,0,0.0,1.0,6,105.0,0.31363845164966286,2,67.0,0.38698410052439813,0,0.0,0.9686264551777738,8,172.0
885.0,6,99.0,2.020408163265306,6.8088546028099355,0,0.0,1.0,1,25.0,0.5209518613902185,1,39.0,0.6438786800977611,0,0.0,0.9676628380906189,2,64.0
890.0,2,20.0,0.425531914893617,8.404830485248546,0,0.0,1.0,1,14.0,0.6845589056336052,1,9.0,0.7687739348813479,0,0.0,0.9322958551977661,2,23.0
895.0,2,30.0,0.6666666666666666,8.72396914049695,0,0.0,1.0,1,19.0,0.7308515881001194,1,20.0,0.5667344876644711,0,0.0,0.9467388386246145,2,39.0
900.0,6,50.0,1.1627906976744187,8.365383670359645,0,0.0,1.0,1,21.0,0.6672619730586873,3,33.0,0.5536635574657044,0,0.0,0.9238688389342495,4,54.0
905.0,7,81.0,1.7608695652173914,8.545205524279048,0,0.0,1.0,1,34.0,0.8266021102124482,3,48.0,0.5687069124977145,0,0.0,0.9546318831811312,4,82.0
910.0,7,88.0,1.9130434782608696,7.26794763184677,0,0.0,1.0,2,40.0,0.42299386225365126,2,34.0,0.565252850295477,0,0.0,0.9758455077164978,4,74.0
915.0,11,134.0,2.977777777777778,6.638344663988889,0,0.0,1.0,4,63.0,0.40423083640642865,2,44.0,0.588048551566014,0,0.0,0.9355452549247631,6,107.0
920.0,14,174.0,3.9545454545454546,5.243619398899923,0,0.0,1.0,5,78.0,0.2442049679832114,4,59.0,0.2994086671762804,0,0.0,0.9701375329411952,9,137.0
925.0,11,147.0,3.340909090909091,5.554612079821428,0,0.0,1.0,3,44.0,0.29471217309926784,5,82.0,0.38154628111015815,0,0.0,0.993497142728381,8,126.0
930.0,11,153.0,3.642857142857143,5.69564945411643,0,0.0,1.0,0,5.0,0.7434238191539132,8,112.0,0.19590641837000639,0,0.0,0.9656029057842674,8,117.0
935.0,8,146.0,3.4761904761904763,6.3941965081538985,0,0.0,1.0,0,0.0,0.9726389595224265,8,155.0,0.2074563856670971,0,0.0,0.9776535891643693,8,155.0
940.0,8,186.0,4.428571428571429,6.760911204627408,0,0.0,1.0,0,16.0,0.7787325959317573,8,195.0,0.244162844842317,0,0.0,0.6135637608981384,8,211.0
945.0,11,232.0,5.523809523809524,6.2062763227190105,0,0.0,1.0,0,0.0,0.7858530637594714,9,279.0,0.2554323683318054,1,4.0,0.49385279367292956,10,283.0
950.0,5,21.0,0.5,6.163910104117532,0,0.0,1.0,1,1.0,0.706247535664865,1,102.0,0.2935385983765932,1,9.0,0.47466953766691006,3,112.0
955.0,4,32.0,0.7804878048780488,7.373403345889802,0,6.0,0.807807636549922,1,15.0,0.6348524242642423,1,51.0,0.6289911339884705,0,0.0,0.9861032183327418,2,72.0
960.0,5,56.0,1.3333333333333333,8.363506897567671,0,0.0,0.7200567664662232,2,24.0,0.6969451803128341,1,59.0,0.6801481357379728,0,0.0,0.9947994702722803,3,83.0
965.0,3,56.0,1.3658536585365855,8.8204998353824,0,0.0,1.0,0,17.0,0.8222230382477477,1,61.0,0.6422029844477137,0,0.0,0.9381380132523781,1,78.0
970.0,2,50.0,1.2195121951219512,9.571833747624973,0,0.0,1.0,0,9.0,0.9531578712987493,0,2.0,0.9457924713413302,0,0.0,0.9810674773931931,0,11.0
975.0,2,60.0,1.4285714285714286,9.722940008516044,0,0.0,1.0,0,15.0,0.9500013800279581,0,2.0,0.955545994581125,0,0.0,0.9809558315677092,0,17.0
980.0,4,74.0,1.7209302325581395,9.003926384648096,0,0.0,1.0,1,25.0,0.8578097864012886,0,2.0,0.7834539113658491,0,0.0,0.9448631216322589,1,27.0
985.0,7,101.0,2.3488372093023258,7.357594170069357,0,0.0,1.0,2,28.0,0.6113255763040469,2,8.0,0.5311588017022847,0,0.0,0.9506531954749373,4,36.0
990.0,6,31.0,0.7948717948717948,6.824371898871129,0,0.0,1.0,6,47.0,0.4167288198233977,0,0.0,0.8883544595211876,0,0.0,0.9496504417547735,6,47.0
995.0,10,67.0,1.5952380952380953,5.681555472816197,0,0.0,1.0,9,86.0,0.2370751917149056,1,1.0,0.46164864280157714,0,0.0,0.9634586858289698,10,87.0
1000.0,15,131.0,3.046511627906977,4.890206052093698,0,0.0,0.9385471054929293,13,143.0,0.1996815106604536,1,6.0,0.0,1,2.0,0.47514439719931817,15,151.0
1005.0,12,149.0,3.3863636363636362,5.520710393490223,0,0.0,1.0,11,173.0,0.18911736246514227,1,11.0,0.0,0,0.0,0.8712042822415211,12,184.0
1010.0,9,162.0,3.375,7.275139905570195,0,0.0,1.0,9,182.0,0.2672467076701205,0,3.0,0.5261710817094059,0,0.0,0.9816114619980084,9,185.0
1015.0,10,208.0,4.333333333333333,7.060963631431839,0,0.0,1.0,9,216.0,0.26409712093458604,1,4.0,0.4061646756231834,0,0.0,0.9534951186503936,10,220.0
1020.0,10,258.0,5.48936170212766,7.071675373866208,0,0.0,1.0,9,258.0,0.23420527545276795,1,9.0,0.6408844258980786,0,0.0,0.969170786280033,10,267.0
1025.0,3,38.0,0.8260869565217391,6.464410231954189,0,0.0,1.0,1,102.0,0.16918755007088393,2,17.0,0.6149451265285,0,0.0,0.9921084227794703,3,119.0
1030.0,1,4.0,0.0851063829787234,6.9953379807020815,0,0.0,1.0,1,31.0,0.40230095710326924,0,1.0,0.7073121323745346,0,0.0,0.981463538855352,1,32.0
1035.0,1,9.0,0.2,8.426559579719774,0,0.0,1.0,1,12.0,0.5741671428962873,0,6.0,0.927788061883955,0,0.0,0.9603470041616609,1,18.0
1040.0,1,14.0,0.30434782608695654,9.335742466629533,0,0.0,1.0,1,20.0,0.8458633352387229,0,6.0,0.94620147009552,0,0.0,0.977332104372765,1,26.0
1045.0,0,0.0,0.0,9.006621129079292,0,0.0,1.0,0,6.0,0.7824756563386166,0,6.0,0.9436378929921185,0,0.0,0.9401427405896255,0,12.0
1050.0,2,6.0,0.13636363636363635,8.988792086721736,0,0.0,1.0,1,9.0,0.6769056432797917,0,6.0,0.9656920830739988,0,0.0,0.9640316296933851,1,15.0
1055.0,4,23.0,0.5897435897435898,8.408646876180947,0,0.0,1.0,3,21.0,0.5423533333670473,0,6.0,0.9654606733349297,0,0.0,0.9420009505173951,3,27.0
1060.0,5,46.0,1.2777777777777777,7.7381617229100135,0,0.0,1.0,3,36.0,0.5451512394403422,0,6.0,0.9661302454672546,0,0.0,0.9256553818050904,3,42.0
1065.0,9,78.0,2.0,5.828074888884241,0,0.0,1.0,3,51.0,0.34372681679080497,3,11.0,0.23943397091598118,0,0.0,0.9316305890774905,6,62.0
1070.0,14,122.0,3.2972972972972974,4.189860523234327,0,0.0,1.0,6,79.0,0.12583568490539085,6,35.0,0.009771095739885003,0,0.0,0.9485894759044832,12,114.0
1075.0,17,187.0,5.054054054054054,3.908481327429951,0,0.0,1.0,7,114.0,0.11586884827388744,7,66.0,0.0005236835093516632,1,2.0,0.4733167746445743,15,182.0
1080.0,18,275.0,7.2368421052631575,4.532022061629,0,0.0,1.0,7,149.0,0.1898640321417719,7,101.0,0.00015237077185995874,1,7.0,0.6602772673887489,15,257.0
1085.0,9,206.0,5.15,5.019303432678781,0,0.0,1.0,7,184.0,0.2219921835894884,1,45.0,0.022557878512207533,1,12.0,0.7207749514678891,9,241.0
1090.0,10,234.0,5.571428571428571,5.580188189915534,0,6.0,0.6517059736203444,7,219.0,0.15751352208660158,0,16.0,0.3372447971273805,2,19.0,0.48456868266003106,9,260.0
1095.0,8,251.0,5.837209302325581,6.65346860804981,0,0.0,0.7276516179022333,8,260.0,0.23459305075831607,0,0.0,1.0,0,0.0,0.7893938666357733,8,260.0
1100.0,9,293.0,6.369565217391305,6.74848532614191,0,0.0,1.0,8,300.0,0.2738645132840983,0,6.0,0.75796993791666,0,0.0,0.968808413915401,8,306.0
1105.0,11,338.0,7.3478260869565215,6.210145457575013,0,0.0,1.0,8,340.0,0.24198289002204287,2,10.0,0.2315961247818391,0,0.0,0.9460672397568448,10,350.0
1110.0,5,136.0,2.893617021276596,5.951060379236652,0,0.0,1.0,2,137.0,0.38287596342457547,3,25.0,0.3312224068516766,0,0.0,0.938038176705816,5,162.0
1115.0,5,161.0,3.3541666666666665,7.0660958704710675,0,0.0,1.0,2,130.0,0.5496466240940491,3,40.0,0.3231226549388178,0,0.0,0.9227225367979455,5,170.0
1120.0,6,190.0,3.9583333333333335,7.911864639454769,0,0.0,1.0,2,140.0,0.6355776820175935,4,65.0,0.511858919599142,0,0.0,0.9639414413130738,6,205.0
1125.0,7,221.0,5.0227272727272725,7.95646433908652,0,0.0,1.0,3,151.0,0.37216055301395395,4,85.0,0.5835463070480064,0,0.0,0.9952265210790384,7,236.0
1130.0,8,257.0,5.711111111111111,7.107088212962119,0,0.0,1.0,4,167.0,0.19756975489116052,4,105.0,0.5542500779407958,0,0.0,0.943652581316923,8,272.0
1135.0,8,297.0,6.061224489795919,7.271043622521844,0,0.0,0.9283542885066463,4,187.0,0.3218943010050737,4,125.0,0.5445865368545313,0,0.0,0.9617479048806702,8,312.0
1140.0,9,341.0,7.5777777777777775,6.847651729114075,0,0.0,0.7120482656054374,4,207.0,0.2551127995984399,5,149.0,0.4847429527989505,0,0.0,0.9512161925914325,9,356.0
1145.0,13,396.0,8.608695652173912,6.114975101600279,1,3.0,0.0005991761178092489,5,231.0,0.4207772162017357,7,177.0,0.3030955814150655,0,0.0,0.9641353359457493,13,411.0
1150.0,6,239.0,5.311111111111111,5.783100384685936,1,8.0,0.0,3,223.0,0.4043908121973972,2,65.0,0.28378943662308675,0,0.0,0.9825902922520114,6,296.0
1155.0,8,263.0,5.479166666666667,6.546532900179437,1,19.0,0.35623744304293686,6,250.0,0.2506010784391909,1,13.0,0.5150865112189672,0,0.0,0.878343311248007,8,282.0
1160.0,8,303.0,6.183673469387755,7.45491945255619,1,18.0,0.5825277192585774,6,283.0,0.46927781164829685,1,28.0,0.572055316265299,0,0.0,0.8918328794902064,8,329.0
1165.0,10,349.0,7.270833333333333,7.761686362560244,1,23.0,0.0,6,313.0,0.5316478429415351,2,36.0,0.4835471393239038,1,3.0,0.6422333687985292,10,375.0
1170.0,7,356.0,7.416666666666667,8.065972316142364,1,28.0,0.0,4,323.0,0.5696235693760945,2,46.0,0.47311563035737425,0,0.0,0.9293545497691826,7,397.0
1175.0,7,360.0,7.346938775510204,7.764375008656741,0,0.0,1.0,5,330.0,0.5365215808055604,2,59.0,0.5153909092476218,0,0.0,0.9302809930987214,7,389.0
1180.0,8,396.0,7.92,8.09397850239983,0,0.0,1.0,5,355.0,0.5404302918450411,3,73.0,0.6081547976017555,0,0.0,0.9811406744250911,8,428.0
1185.0,10,439.0,9.755555555555556,6.971176554040866,0,0.0,1.0,5,380.0,0.5069770933607111,5,88.0,0.3252592137904075,0,0.0,0.995795407334027,10,468.0
1190.0,11,157.0,3.3404255319148937,6.441050846025057,0,0.0,1.0,4,133.0,0.2171726707457767,7,118.0,0.21766259875036875,0,0.0,0.9527062878115449,11,251.0
1195.0,12,107.0,2.183673469387755,5.984325753704096,0,0.0,1.0,7,98.0,0.09286192090222185,5,109.0,0.33202669390702094,0,0.0,0.9356769875698489,12,207.0
1200.0,13,168.0,3.5,6.669432722959009,0,3.0,0.946054946852477,8,111.0,0.15914314838054977,5,88.0,0.4201824641014346,0,0.0,0.9785712572090615,13,202.0
1205.0,15,242.0,4.938775510204081,6.1971229481491195,0,0.0,1.0,9,156.0,0.16780369038321452,6,117.0,0.34281391157673025,0,0.0,0.9688283891311341,15,273.0
1210.0,15,303.0,5.9411764705882355,6.144171609129971,0,0.0,1.0,8,169.0,0.19148911908551777,7,152.0,0.3453358415095946,0,0.0,0.9580354567912105,15,321.0
1215.0,15,378.0,7.875,5.9642942780565695,0,0.0,1.0,8,209.0,0.12157088377135354,7,187.0,0.32973567410411686,0,0.0,0.9433682606571964,15,396.0
1220.0,16,455.0,9.1,5.006100750179528,0,0.0,1.0,8,249.0,0.10159897291366027,8,221.0,0.26936729538464693,0,0.0,0.9722484199346297,16,470.0
1225.0,22,548.0,11.183673469387756,4.43280202317906,0,0.0,1.0,10,291.0,0.08685615204593854,12,272.0,0.1430556548015993,0,0.0,0.9982487830596973,22,563.0
1230.0,24,659.0,12.673076923076923,4.482686497846757,0,0.0,1.0,10,337.0,0.039280648824127774,13,336.0,0.08428729638551212,1,1.0,0.4929220993733948,24,674.0
1235.0,14,417.0,7.867924528301887,4.7958584163713445,0,0.0,1.0,10,387.0,0.08815162390640677,3,144.0,0.03829278600104998,1,6.0,0.47113720676252385,14,537.0
1240.0,13,459.0,8.660377358490566,5.815511274060263,0,9.0,0.7340149678910252,10,443.0,0.1716443601692525,2,33.0,0.25513106189025747,1,11.0,0.48527073384981695,13,496.0
1245.0,13,510.0,9.272727272727273,6.209722534642493,0,0.0,1.0,10,496.0,0.29323852846380244,3,32.0,2.3864114008470786e-05,0,0.0,0.9931581008437633,13,528.0
1250.0,15,582.0,10.581818181818182,6.440918524473504,0,0.0,1.0,10,546.0,0.32998252770298786,3,50.0,0.28780509007229177,0,0.0,0.9706475314479683,13,596.0
1255.0,16,640.0,11.228070175438596,6.355265535330791,0,0.0,1.0,10,596.0,0.35785103061718077,4,48.0,0.0031439485359092767,0,0.0,0.9349432693352102,14,644.0
1260.0,15,706.0,12.836363636363636,5.887960068731886,0,0.0,1.0,10,643.0,0.3300206504518152,4,68.0,1.2393306996654856e-05,0,0.0,0.9558427813738657,14,711.0
1265.0,16,769.0,13.981818181818182,6.031697956417242,0,0.0,1.0,12,699.0,0.2677773554835702,4,88.0,0.19073991489791914,0,0.0,0.9610482920646493,16,787.0
1270.0,15,841.0,16.173076923076923,4.881151026720066,0,0.0,1.0,11,751.0,0.19441722350005466,4,108.0,0.03375573560553248,0,0.0,0.932896817445196,15,859.0
1275.0,15,839.0,15.830188679245284,4.937021715776301,0,0.0,1.0,12,807.0,0.16002378001881135,3,81.0,0.1590440106394793,0,0.0,0.7501082253395016,15,888.0
1280.0,19,917.0,16.672727272727272,5.250243392152152,0,0.0,1.0,15,874.0,0.15936476380817974,3,62.0,0.4231559563475562,1,3.0,0.4017825835026424,19,939.0
1285.0,22,1026.0,19.0,4.815631108243049,0,0.0,0.8803450201401187,16,953.0,0.08081872110993328,4,82.0,0.4668758773482451,2,13.0,0.3205731291884225,22,1048.0
1290.0,24,1145.0,21.203703703703702,4.420438387316408,0,0.0,0.022742084659914466,17,1037.0,0.055749912847184814,4,102.0,0.42445041100593317,2,23.0,0.31881592832077993,23,1162.0
1295.0,25,1256.0,23.69811320754717,3.9089385922240796,1,5.0,0.0,17,1118.0,0.09586581584049426,5,126.0,0.41486434188253885,2,33.0,0.4215374128324444,25,1282.0
1300.0,26,1386.0,25.2,4.654267559516789,1,10.0,0.0,18,1208.0,0.12872238458490137,5,151.0,0.4083765040224405,2,43.0,0.5862880118471605,26,1412.0
1305.0,27,1519.0,27.125,4.594454525017012,1,15.0,0.0,18,1298.0,0.09472378730637618,6,176.0,0.22301973090039123,2,53.0,0.47475707043590826,27,1542.0
1310.0,27,1654.0,29.017543859649123,4.066298831681319,1,20.0,0.0,18,1388.0,0.04769799621695854,6,206.0,0.11903901474694459,2,63.0,0.5392856373280461,27,1677.0
1315.0,17,548.0,9.133333333333333,4.353928144991906,1,25.0,0.0,7,740.0,0.07551341605201922,7,243.0,0.22973408335676374,2,73.0,0.5783794795493665,17,1081.0
1320.0,11,386.0,6.433333333333334,5.236399628984906,1,30.0,0.0,0,233.0,0.3300754066074355,7,278.0,0.13730730713426315,3,84.0,0.4529069060377902,11,625.0
1325.0,12,411.0,6.737704918032787,6.9201482406480554,0,0.0,1.0,0,0.0,0.6692284198402271,9,327.0,0.33142285940882393,3,99.0,0.3733742589569181,12,426.0
1330.0,13,472.0,7.612903225806452,7.385309776523346,0,0.0,1.0,1,1.0,0.5932882054673695,9,372.0,0.5047736220714016,3,114.0,0.2513747567309961,13,487.0
1335.0,14,536.0,8.121212121212121,6.836386170048097,0,0.0,1.0,0,0.0,0.5899738668146629,10,419.0,0.518289464592231,4,132.0,0.1850707436779604,14,551.0
1340.0,14,606.0,9.044776119402986,6.612437419811574,0,0.0,1.0,0,0.0,0.663121217412482,10,469.0,0.46067871624235696,4,152.0,0.13091693874109045,14,621.0
1345.0,8,248.0,3.8153846153846156,6.847714421414064,0,0.0,1.0,1,7.0,0.7187821207730395,3,206.0,0.5240653702687174,4,172.0,0.1681544295598969,8,385.0
1350.0,5,35.0,0.5932203389830508,7.4292743260818135,0,0.0,1.0,1,18.0,0.598157198572878,3,163.0,0.6297971925696173,1,117.0,0.2993798132117216,5,298.0
1355.0,4,38.0,0.6909090909090909,7.1198930600442045,0,0.0,0.5246115073557376,1,13.0,0.6572895099497256,3,39.0,0.6294175645851057,0,21.0,0.3927286222418167,4,73.0
1360.0,6,64.0,1.1228070175438596,7.261860357316614,2,6.0,0.2609473390306204,1,17.0,0.7640281532093657,3,53.0,0.5728644371125267,0,4.0,0.6991148608058781,6,80.0
1365.0,4,78.0,1.4444444444444444,7.554729410195097,0,0.0,0.14871428086106894,1,22.0,0.8322585416436442,3,71.0,0.5427986864517687,0,0.0,0.9311307757369487,4,93.0
1370.0,5,75.0,1.271186440677966,7.937571070231026,0,0.0,0.25189676489654195,1,24.0,0.8221187585071044,3,62.0,0.4980064752815278,0,0.0,0.9345839828720842,4,86.0
1375.0,7,104.0,1.793103448275862,8.054315960751035,0,0.0,1.0,3,33.0,0.644561796846152,3,77.0,0.45763781050538443,0,0.0,0.9501345309945057,6,110.0
1380.0,9,134.0,2.310344827586207,7.864173418934608,0,0.0,1.0,4,57.0,0.5478006702606699,4,94.0,0.40738719517119987,0,0.0,0.9466733446934514,8,151.0
1385.0,10,180.0,3.103448275862069,7.305674746047995,0,0.0,1.0,4,74.0,0.43129009867193924,4,114.0,0.37123015432340273,0,0.0,0.9439130848531475,8,188.0
1390.0,14,241.0,3.9508196721311477,6.412018420047616,0,0.0,1.0,4,94.0,0.24958265944568012,5,135.0,0.16142162153851805,0,0.0,0.9827913203015145,9,229.0
1395.0,16,212.0,3.533333333333333,6.073299950954764,0,0.0,1.0,7,125.0,0.20515153763429503,3,105.0,0.2641479759722782,0,0.0,0.9441033430849608,10,230.0
1400.0,16,185.0,3.3035714285714284,5.5361558860046705,0,0.0,1.0,3,83.0,0.21353692722481993,5,76.0,0.36291572330179955,0,0.0,0.9934622162315121,8,159.0
1405.0,16,227.0,4.127272727272727,6.34271412609114,0,0.0,1.0,0,9.0,0.5170352664828367,5,101.0,0.40501731379976813,0,0.0,0.9763605597148595,5,110.0
1410.0,13,239.0,4.596153846153846,6.510161679327873,0,0.0,1.0,1,4.0,0.6347705658776462,5,129.0,0.3321493133013745,0,0.0,0.7553788728913804,6,133.0
1415.0,13,273.0,5.25,6.108604921293786,0,0.0,1.0,1,9.0,0.6273749319439599,5,154.0,0.3135570701896655,1,4.0,0.4842311389255502,7,167.0
1420.0,13,323.0,6.211538461538462,5.554433048492042,0,0.0,1.0,0,0.0,0.9594911629637713,6,184.0,0.24345642364861586,1,9.0,0.4796962222203916,7,193.0
1425.0,8,185.0,3.425925925925926,6.181597103662366,0,0.0,1.0,0,0.0,0.9731370264478237,0,42.0,0.5169856193618698,1,14.0,0.6936277795684951,1,56.0
1430.0,4,19.0,0.3584905660377358,6.49956158287657,0,0.0,0.8730355902781469,1,1.0,0.469368474223454,0,6.0,0.7834109333126573,0,0.0,0.9352975613148828,1,7.0
1435.0,4,19.0,0.35185185185185186,7.015253239640926,0,0.0,0.4240887057782892,1,6.0,0.4935000558933779,0,6.0,0.8743108478820353,0,0.0,0.9370103753921928,1,12.0
1440.0,5,44.0,0.8,6.687878304003209,0,0.0,0.2829729234000646,1,11.0,0.7704455556505606,0,3.0,0.9607830914301934,0,0.0,0.91253138857323,1,14.0
1445.0,7,37.0,0.6727272727272727,6.761683900161543,2,8.0,0.00017755203037006848,1,16.0,0.6445051875502348,0,41.0,0.9431779354355863,0,0.0,0.9316192287994737,3,65.0
1450.0,12,89.0,1.679245283018868,5.763844962021257,2,18.0,0.0,2,26.0,0.4991540705679809,1,40.0,0.2888208839347989,0,0.0,0.926955263395171,5,84.0
1455.0,20,166.0,3.1923076923076925,4.705120503798942,2,28.0,0.0,3,41.0,0.47900565314756843,4,56.0,0.1543929549714339,0,0.0,0.9628845140695858,9,125.0
1460.0,15,138.0,2.6538461538461537,5.256509480356758,0,0.0,1.0,2,42.0,0.5176951836724947,5,81.0,0.2592039578378524,0,0.0,0.9475549844355331,7,123.0
1465.0,12,160.0,3.018867924528302,5.702996783186706,0,0.0,1.0,2,71.0,0.6217088676019066,6,109.0,0.32102646112661354,0,0.0,0.9422060174460926,8,180.0
1470.0,10,178.0,3.2962962962962963,6.065545433702338,0,0.0,1.0,2,75.0,0.45463391184789115,6,87.0,0.3264373187185249,0,0.0,0.9591399732252858,8,162.0
1475.0,9,190.0,3.5185185185185186,6.431915024325468,0,3.0,0.955758706521671,3,85.0,0.4118781360593566,6,117.0,0.27929909196070946,0,0.0,0.9715932799893581,9,205.0
1480.0,10,237.0,4.157894736842105,6.436946988342621,0,0.0,1.0,3,100.0,0.4176477712924803,7,149.0,0.22288561371016313,0,0.0,0.7837337574529887,10,249.0
1485.0,13,294.0,5.345454545454546,6.488181446273694,0,0.0,1.0,4,116.0,0.27104415620198713,8,188.0,0.17610216198118828,1,2.0,0.6587211260787853,13,306.0
1490.0,9,194.0,3.5272727272727273,6.287631498898806,0,0.0,1.0,4,135.0,0.20570453240972608,3,101.0,0.3073014140741381,1,7.0,0.4665692746223966,8,243.0
1495.0,9,207.0,3.9056603773584904,6.356064881313242,0,0.0,1.0,5,161.0,0.25398217831196124,2,71.0,0.47298686003348944,2,16.0,0.44057423442886656,9,248.0
1500.0,9,229.0,4.089285714285714,7.103887376970893,0,0.0,0.8030001603606618,7,196.0,0.2565917238269073,2,53.0,0.4755590575463715,0,0.0,0.9116509536132781,9,249.0
1505.0,10,279.0,4.894736842105263,7.619676326118086,0,0.0,1.0,8,236.0,0.29332110900172753,2,66.0,0.5710494229245254,0,0.0,0.9538964186627562,10,302.0
1510.0,11,330.0,5.689655172413793,7.255303455196804,0,0.0,1.0,8,276.0,0.26603049431936077,3,86.0,0.41056024792504914,0,0.0,0.9467825845645983,11,362.0
1515.0,15,398.0,6.633333333333334,7.5494839628201,0,0.0,1.0,8,316.0,0.25254683342917156,4,97.0,0.3153664935071056,0,0.0,0.9678240075360733,12,413.0
1520.0,18,477.0,7.95,6.32098762519305,0,0.0,1.0,9,358.0,0.24153327970734906,4,117.0,0.39480150761517463,0,0.0,0.9668580734561943,13,475.0
1525.0,20,573.0,9.711864406779661,5.588320056311071,0,0.0,1.0,9,400.0,0.17324517807096446,5,140.0,0.1255146870433222,0,0.0,0.9496282064322186,14,540.0
1530.0,16,616.0,10.620689655172415,5.948746351804611,0,0.0,1.0,9,445.0,0.23325583441515443,2,120.0,0.3985949835207414,0,0.0,0.9492780700411778,11,565.0
1535.0,16,696.0,11.6,6.065332199182003,0,6.0,0.6331406692189234,9,499.0,0.2341187014677058,2,123.0,0.48608318082329105,0,0.0,0.9640815249946484,11,628.0
1540.0,19,788.0,12.918032786885245,5.868465106315556,0,0.0,1.0,11,553.0,0.3221092788905935,2,133.0,0.25311871672045616,1,3.0,0.4884658435064404,14,689.0
1545.0,16,557.0,9.283333333333333,6.414947288169747,0,0.0,0.940862763317773,7,395.0,0.429612360670886,3,148.0,0.0,1,8.0,0.6181717370792289,11,551.0
1550.0,12,283.0,4.639344262295082,6.735902223521087,1,1.0,0.0051594389501586025,4,296.0,0.5541398432263479,1,81.0,0.37036121615183343,1,13.0,0.7032116869226019,7,391.0
1555.0,9,228.0,3.737704918032787,7.444396087688027,1,6.0,0.0,3,193.0,0.5088043226372834,0,3.0,0.9078630760676147,1,18.0,0.6322461311725047,5,220.0
1560.0,5,71.0,1.1451612903225807,7.677095992657366,1,11.0,0.0,4,196.0,0.5311881183729439,0,3.0,0.9697146039792801,0,0.0,0.9796504814536406,5,210.0
1565.0,1,2.0,0.03333333333333333,7.436155504342497,0,0.0,1.0,1,132.0,0.6025381078444781,0,8.0,0.6662490520847285,0,0.0,0.9653639858514693,1,140.0
1570.0,5,13.0,0.21666666666666667,6.894051918319735,0,0.0,1.0,1,137.0,0.37158651260208936,0,48.0,0.9315091996859542,0,0.0,0.9716447271794059,1,185.0
1575.0,12,60.0,1.0526315789473684,7.066487724967473,0,0.0,1.0,3,149.0,0.5866899316905502,0,9.0,0.9551413610252425,0,0.0,0.9476754552598764,3,158.0
1580.0,16,130.0,2.3214285714285716,6.9748992965054475,0,0.0,1.0,3,164.0,0.5953722916528635,0,6.0,0.9571632746137932,0,0.0,0.9582699734572402,3,170.0
1585.0,16,210.0,3.8181818181818183,6.598854740546549,0,0.0,1.0,3,179.0,0.6359909008547199,0,6.0,0.7390785900746862,0,0.0,0.9408147333733388,3,185.0
1590.0,16,290.0,5.2727272727272725,6.364614444276529,0,0.0,1.0,3,211.0,0.6313858938710744,0,6.0,0.7302431925896088,0,0.0,0.9487702520726847,3,217.0
1595.0,21,387.0,7.30188679245283,5.356549506414791,0,0.0,1.0,4,231.0,0.5167704987675326,1,11.0,0.7248958355025739,0,0.0,0.9868781469255394,5,242.0
1600.0,26,507.0,10.346938775510203,3.827646888578493,0,0.0,1.0,5,255.0,0.41969671668580955,3,21.0,0.43690241232250204,0,0.0,0.9371013299577775,8,276.0
1605.0,28,607.0,11.452830188679245,3.935033433100355,0,0.0,1.0,5,283.0,0.3617532147673006,6,43.0,0.12509225793626372,0,0.0,0.9604192812987145,11,326.0
1610.0,20,560.0,10.566037735849056,4.417080533374316,0,0.0,1.0,5,308.0,0.3435511092742365,3,44.0,0.32015017902565607,0,0.0,0.9320647253660933,8,352.0
1615.0,22,656.0,12.148148148148149,5.019833845645088,0,0.0,1.0,6,337.0,0.37069332159982216,5,60.0,0.27223467283930874,0,0.0,0.9582169111740226,11,397.0
1620.0,24,771.0,14.277777777777779,4.637731597161626,0,0.0,1.0,7,365.0,0.1650604851416363,5,69.0,0.2621323605479362,0,0.0,0.9735693711629012,12,434.0
1625.0,26,896.0,15.719298245614034,4.515317787019688,0,0.0,1.0,8,403.0,0.18903101885567666,6,88.0,0.13809255980491922,0,0.0,0.9594798098959484,14,491.0
1630.0,17,753.0,13.690909090909091,4.79541750346403,0,0.0,1.0,8,452.0,0.20183448214455305,0,22.0,0.6538514681707047,0,0.0,0.9257429324566584,8,474.0
1635.0,13,534.0,9.535714285714286,5.3046596301450615,0,3.0,0.6482938494779693,9,489.0,0.23339196803860182,0,0.0,0.7513385484604063,0,0.0,0.9939271596951005,9,492.0
1640.0,10,382.0,6.701754385964913,5.420864076814113,0,9.0,0.27901274216271804,10,539.0,0.34911226859925487,0,0.0,0.9835087891106127,0,0.0,0.9671478235565569,10,548.0
1645.0,13,446.0,7.559322033898305,5.532949145104128,3,23.0,0.08257842317670697,10,589.0,0.3239541416412635,0,0.0,0.9719906040571459,0,0.0,0.9319679986076573,13,612.0
1650.0,10,482.0,8.456140350877194,5.602708794895328,0,1.0,0.05085901441789433,10,639.0,0.36458232738256463,0,0.0,0.9367136229992945,0,0.0,0.9302559664159433,10,640.0
1655.0,10,532.0,9.172413793103448,6.408792416157563,0,0.0,0.27169584173762007,10,686.0,0.36078944790640444,0,0.0,0.9653211626851079,0,0.0,0.9333139093506561,10,686.0
1660.0,12,587.0,9.46774193548387,6.598228767263781,0,0.0,1.0,10,736.0,0.3139379698441869,0,57.0,0.8894818758269012,0,0.0,0.9627244827304013,10,793.0
1665.0,8,280.0,4.516129032258065,6.76947289288991,0,0.0,1.0,7,496.0,0.30607821125848333,1,59.0,0.8029178696007876,0,0.0,0.959943344522468,8,555.0
1670.0,5,92.0,1.4603174603174602,7.361356571915473,0,0.0,1.0,2,240.0,0.33698593262486487,2,65.0,0.623123942510726,0,0.0,0.9512762135832344,4,305.0
1675.0,5,111.0,1.7076923076923076,7.87882087565505,0,0.0,1.0,3,112.0,0.26804285474386297,2,75.0,0.39070806722782164,0,0.0,0.9502569635926009,5,187.0
1680.0,8,148.0,2.466666666666667,7.904501611877283,0,0.0,1.0,4,125.0,0.3068377803268363,4,140.0,0.45020179412028766,0,0.0,0.9470760371483328,8,265.0
1685.0,3,115.0,2.0535714285714284,7.453032572440421,0,0.0,1.0,1,106.0,0.5592364612943606,2,135.0,0.41651354122445783,0,0.0,0.6338213512039907,3,241.0
1690.0,4,131.0,2.5686274509803924,7.581805213638749,0,0.0,0.9619017381265136,2,98.0,0.32248381383783564,2,136.0,0.45158800105101515,0,0.0,0.9776714020060063,4,234.0
1695.0,4,151.0,2.9607843137254903,8.298280932113286,0,0.0,1.0,2,111.0,0.5654777966668089,2,152.0,0.5238854636876487,0,0.0,0.9764654296846047,4,263.0
1700.0,4,171.0,3.42,8.76636324700145,0,0.0,1.0,2,121.0,0.6364554057479113,2,159.0,0.6770714248412897,0,0.0,0.9564817789597346,4,280.0
1705.0,7,194.0,3.803921568627451,7.836082096184256,0,0.0,1.0,3,132.0,0.45425828132178303,3,170.0,0.5271880129539055,0,0.0,0.9798944815165616,6,302.0
1710.0,7,210.0,4.117647058823529,7.305099153985601,0,0.0,1.0,1,122.0,0.586621937567285,3,185.0,0.489335657394228,0,0.0,0.9530364105920134,4,307.0
1715.0,9,249.0,4.98,7.085025100175302,0,0.0,1.0,2,127.0,0.5581302909122062,4,219.0,0.3426875082457461,0,0.0,0.9454746660217003,6,346.0
1720.0,11,302.0,6.425531914893617,6.901021747339803,0,0.0,1.0,2,137.0,0.5876277272820322,6,250.0,0.2944356686617437,0,0.0,0.9342294989762041,8,387.0
1725.0,11,335.0,7.282608695652174,6.352614903835495,0,0.0,1.0,3,151.0,0.4307802609075637,5,260.0,0.227331486860459,0,0.0,0.9689485606047552,8,411.0
1730.0,12,386.0,8.212765957446809,6.492529472437149,0,3.0,0.5943114423539314,3,171.0,0.4866538332992426,5,276.0,0.34944640779964536,0,0.0,0.9898775502661212,8,450.0
1735.0,14,315.0,6.8478260869565215,6.262429656361583,0,0.0,1.0,3,48.0,0.4849658210338286,5,296.0,0.2695894398691785,0,0.0,0.9634795561819909,8,344.0
1740.0,17,397.0,8.446808510638299,5.755361762546489,0,0.0,1.0,4,67.0,0.371214022843564,5,324.0,0.3411812470431872,0,0.0,0.9351706806548614,9,391.0
1745.0,18,348.0,7.1020408163265305,4.881974096758043,0,0.0,1.0,5,91.0,0.4141052415693651,3,209.0,0.1965160920396865,0,0.0,0.9241731181645196,8,300.0
1750.0,17,262.0,5.24,5.508855032719176,0,0.0,1.0,6,117.0,0.34500883883595135,2,83.0,0.3780206533917044,0,0.0,0.948327509047789,8,200.0
1755.0,14,226.0,4.913043478260869,5.105735329438927,0,0.0,1.0,1,19.0,0.7413382668807915,2,25.0,0.3150496607866197,0,0.0,0.9869625686902106,3,44.0
1760.0,8,144.0,3.2,6.476793971660308,0,0.0,1.0,1,19.0,0.7258382315042122,2,35.0,0.30306253219626134,0,0.0,0.9813460979686567,3,54.0
1765.0,3,28.0,0.6086956521739131,6.555331383333219,0,0.0,1.0,1,24.0,0.5873562785136927,0,12.0,0.737131910753622,0,0.0,0.9336133685220005,1,36.0
1770.0,7,56.0,1.3333333333333333,6.661998279019209,0,0.0,1.0,2,37.0,0.5808080752928978,0,9.0,0.9602083817978156,0,0.0,0.932082746100324,2,46.0
1775.0,4,13.0,0.3023255813953488,6.8661407356959785,0,0.0,1.0,0,3.0,0.6381384242252364,0,3.0,0.9527955885950089,1,2.0,0.4767129863045604,1,8.0
1780.0,2,12.0,0.2727272727272727,7.622104497160038,0,0.0,1.0,1,8.0,0.6457660555700829,0,3.0,0.9630538175120502,1,7.0,0.40046159044113544,2,18.0
1785.0,1,10.0,0.23255813953488372,7.83044238906296,0,0.0,1.0,1,13.0,0.4995037371325899,0,3.0,0.9596198680235232,0,0.0,0.9584075580097524,1,16.0
1790.0,2,19.0,0.4318181818181818,7.029644662405489,0,0.0,1.0,2,22.0,0.486462294190521,0,40.0,0.629266325230723,0,0.0,0.9198414920244173,2,62.0
1795.0,6,42.0,1.024390243902439,6.398162211373334,0,0.0,1.0,2,32.0,0.48309694898242117,3,18.0,0.20841178866083412,0,0.0,0.9590639349272707,5,50.0
1800.0,6,71.0,1.6511627906976745,6.6308897701562195,0,0.0,1.0,2,39.0,0.4933488270465123,4,38.0,0.040988726990616044,0,0.0,0.9122544067016142,6,77.0
1805.0,10,111.0,2.4130434782608696,6.413233718673241,0,0.0,1.0,4,52.0,0.3157279968504418,6,65.0,0.0011405947132706637,0,0.0,0.9663436905035715,10,117.0
1810.0,10,161.0,3.744186046511628,6.347719052426631,0,0.0,1.0,4,72.0,0.2905766987705796,6,95.0,0.1788491299631636,0,0.0,0.9388400334914128,10,167.0
1815.0,4,92.0,2.090909090909091,6.579007508183653,0,0.0,1.0,4,92.0,0.19669344270629008,0,14.0,0.0392294612069871,0,0.0,0.9728996424212338,4,106.0
1820.0,5,115.0,2.5,7.436287997845477,0,9.0,0.5939612483480973,4,115.0,0.39984453025375977,0,5.0,0.5520348488367511,0,0.0,0.9369405171301017,4,129.0
1825.0,9,140.0,2.9166666666666665,7.802697540503298,2,11.0,0.09309716095215516,4,140.0,0.5396652742818752,1,8.0,0.7721198674342015,0,0.0,0.943322260117953,7,159.0
1830.0,9,179.0,3.6530612244897958,7.394008737662217,3,26.0,0.019927305145978437,4,160.0,0.5620581359041864,2,15.0,0.3819417920275373,0,0.0,0.9359324154192885,9,201.0
1835.0,8,59.0,1.2553191489361701,6.102635549491317,4,43.0,0.0024662483696839613,0,7.0,0.7822383362800248,3,29.0,0.33931899560913276,0,0.0,0.9619406354703104,7,79.0
1840.0,7,50.0,0.9803921568627451,6.465583866302932,0,6.0,0.030220675285755297,1,8.0,0.7912645736773056,4,51.0,0.3208799087641143,0,0.0,0.9607272265885245,5,65.0
1845.0,7,78.0,1.5,6.919278376463591,0,0.0,1.0,1,13.0,0.8214378281560341,6,85.0,0.41417342676143143,0,0.0,0.4843890552227086,7,98.0
1850.0,6,68.0,1.3333333333333333,7.697710773969812,0,0.0,1.0,1,18.0,0.7858245696759395,4,81.0,0.4460293632020497,1,5.0,0.47392869474777155,6,104.0
1855.0,2,25.0,0.46296296296296297,8.611871397229347,0,0.0,1.0,0,3.0,0.7056713202527493,1,49.0,0.6442439458355528,1,10.0,0.6240871545537096,2,62.0
1860.0,3,27.0,0.4909090909090909,8.84948346655151,0,0.0,0.8900122265859441,2,7.0,0.6074012763011319,1,26.0,0.769179051071676,0,0.0,0.9863714031048412,3,33.0
1865.0,4,44.0,0.8627450980392157,8.614794594738449,0,0.0,0.010822081274800683,2,17.0,0.6625109519261877,2,36.0,0.5655689775549547,0,0.0,0.9351541673535796,4,53.0
1870.0,9,80.0,1.6666666666666667,7.0317623335435835,1,5.0,0.0,3,29.0,0.45776068332888453,4,50.0,0.1507606429545128,0,0.0,0.943923886523014,8,84.0
1875.0,4,57.0,1.163265306122449,6.691948239270421,1,10.0,0.0,0,6.0,0.5858329391115416,1,38.0,0.21078383030836267,0,0.0,0.9754380159648949,2,54.0
1880.0,3,56.0,1.2173913043478262,7.533507249594085,1,20.0,0.3306803949337479,0,3.0,0.7927653038210366,1,40.0,0.6370797460967532,0,0.0,0.9423763632859299,2,63.0
1885.0,4,51.0,1.1333333333333333,8.031755730189241,0,3.0,0.35822291670032874,1,7.0,0.7957526542571697,1,48.0,0.6792308239074467,0,0.0,0.9628166770816617,2,58.0
1890.0,7,81.0,1.8,7.607005496010847,0,0.0,1.0,1,12.0,0.7926749094981483,1,53.0,0.7101352873931328,0,0.0,0.9818811766871105,2,65.0
1895.0,7,106.0,2.2083333333333335,8.50432915675558,0,0.0,1.0,0,6.0,0.9603693870471586,1,58.0,0.7124987017805703,0,0.0,0.9655394506471658,1,64.0
1900.0,4,52.0,1.1555555555555554,7.693069500669781,0,0.0,1.0,0,6.0,0.8079284902290035,0,3.0,0.6465883490428671,0,0.0,0.9658590244641454,0,9.0
1905.0,2,10.0,0.23809523809523808,7.6892694092116285,0,3.0,0.9384621518828116,1,11.0,0.7803862803610878,1,11.0,0.5262012533902833,0,0.0,0.9923975069902982,2,25.0
1910.0,3,25.0,0.5681818181818182,6.8346713238590135,0,0.0,1.0,1,16.0,0.29920116581213235,2,18.0,0.39610020540897356,0,0.0,0.9686866186032608,3,34.0
1915.0,9,59.0,1.7352941176470589,5.917653644303539,0,0.0,1.0,5,51.0,0.2207206708797337,4,32.0,0.31101178013906233,0,0.0,0.9360678128731412,9,83.0
1920.0,10,108.0,3.0,6.165632484350908,0,0.0,1.0,6,80.0,0.22303971015909102,4,52.0,0.39779180216453713,0,0.0,0.9648204680134131,10,132.0
1925.0,12,166.0,4.611111111111111,5.556528836026484,0,0.0,1.0,7,115.0,0.15778075370423852,5,75.0,0.2719511844523938,0,0.0,0.9379891390158507,12,190.0
1930.0,15,236.0,5.9,5.920037060365033,0,0.0,1.0,8,153.0,0.16896738365801967,5,100.0,0.27000434489126673,0,0.0,0.9814033674605984,13,253.0
1935.0,12,264.0,6.6,5.285946863677371,0,0.0,1.0,5,150.0,0.17457575786544835,6,127.0,0.16746662520131403,0,0.0,0.9785540955327935,11,277.0
1940.0,6,170.0,4.0476190476190474,5.753987965348861,0,0.0,1.0,5,168.0,0.32643826271483106,0,34.0,0.31057006154302136,0,0.0,0.9420997062996606,5,202.0
1945.0,8,203.0,4.613636363636363,6.619242486527432,0,3.0,0.5852350237341472,7,202.0,0.359400429689766,0,3.0,0.575372778912775,0,0.0,0.9818795900181341,7,208.0
1950.0,10,249.0,5.659090909090909,6.809599675037623,0,0.0,1.0,6,225.0,0.30453301782245107,1,8.0,0.6279820813937209,0,0.0,0.7276010407792265,7,233.0
1955.0,12,309.0,6.866666666666666,6.7450465023368995,0,0.0,1.0,7,272.0,0.3870022457636834,1,13.0,0.6426436704335826,1,5.0,0.6376808186929427,9,290.0
1960.0,2,16.0,0.35555555555555557,7.12597905715104,0,0.0,1.0,0,35.0,0.8087526360212024,1,18.0,0.6265923151849272,0,0.0,0.9411744148570924,1,53.0
1965.0,1,20.0,0.4444444444444444,7.86616588050562,0,0.0,1.0,0,18.0,0.8776867221045382,1,49.0,0.6512963630558511,0,0.0,0.9549491633726771,1,67.0
1970.0,3,29.0,0.6304347826086957,8.033412904299878,0,0.0,1.0,1,19.0,0.7344574942265861,2,41.0,0.6244393671756217,0,0.0,0.9271709828386575,3,60.0
1975.0,5,53.0,1.2045454545454546,7.899777131867342,0,0.0,1.0,2,26.0,0.564847547419763,3,55.0,0.5422523767021183,0,0.0,0.9830446477374466,5,81.0
1980.0,1,35.0,0.7777777777777778,7.83962015830156,0,0.0,1.0,0,1.0,0.5636943897145078,1,48.0,0.628867439430602,0,0.0,0.9382030653902875,1,49.0
1985.0,1,40.0,0.8333333333333334,9.106858171795603,0,0.0,1.0,0,4.0,0.7518947298481901,1,49.0,0.830891700526406,0,0.0,0.9697678001982988,1,53.0
1990.0,2,49.0,1.1136363636363635,8.765751068976805,0,0.0,1.0,1,8.0,0.7337203497193728,1,54.0,0.7263784511011585,0,0.0,0.9604327300764517,2,62.0
1995.0,4,64.0,1.5609756097560976,8.95498100590671,0,0.0,0.9741977461680671,1,13.0,0.829768598200964,2,54.0,0.4762304455265368,0,0.0,0.929290876529595,3,67.0
2000.0,3,72.0,1.7560975609756098,7.6949228205755,0,0.0,1.0,1,18.0,0.5901815602845603,2,58.0,0.31244742972663203,0,0.0,0.9777305280463455,3,76.0
2005.0,4,91.0,2.3947368421052633,8.26148761602967,0,0.0,1.0,2,26.0,0.5647192118646439,2,68.0,0.43575486457937745,0,0.0,0.9371132754548023,4,94.0
2010.0,5,112.0,2.9473684210526314,8.388051345472082,0,0.0,1.0,2,36.0,0.6431147158135527,3,79.0,0.4727732321154654,0,0.0,0.9604774720397422,5,115.0
2015.0,7,140.0,3.58974358974359,7.573152767649647,0,0.0,1.0,3,48.0,0.5680203302117326,4,96.0,0.31786538047564544,0,0.0,0.9394598033618462,7,144.0
2020.0,6,137.0,3.7027027027027026,7.068175135089726,0,0.0,1.0,4,65.0,0.5259602039851556,2,76.0,0.33089015093637136,0,0.0,0.9707789290145983,6,141.0
2025.0,6,167.0,4.513513513513513,6.79424318913269,0,3.0,0.7121577290920023,4,85.0,0.3111661356670828,2,86.0,0.29056522935983,0,0.0,0.979809519951707,6,174.0
2030.0,9,204.0,5.368421052631579,6.354932217539339,1,7.0,0.014976918901808854,6,114.0,0.36873476204249517,2,96.0,0.3307696102897511,0,0.0,0.9488349775434785,9,217.0
2035.0,11,249.0,6.073170731707317,6.15973650060141,0,0.0,1.0,9,151.0,0.26430430545073713,2,106.0,0.0,0,0.0,0.9468547010558187,11,257.0
2040.0,9,279.0,6.804878048780488,6.26065457246158,0,0.0,1.0,7,175.0,0.2309945825249304,2,116.0,0.3121457935561791,0,0.0,0.9566388508420239,9,291.0
2045.0,9,324.0,7.534883720930233,7.56127616276136,0,0.0,1.0,7,205.0,0.3341416587923154,2,126.0,0.3051131256792495,0,0.0,0.9508664740538707,9,331.0
2050.0,9,369.0,8.581395348837209,8.053303387040508,0,0.0,1.0,7,240.0,0.38485625074716046,2,139.0,0.5132123793679936,0,0.0,0.950212998369096,9,379.0
2055.0,10,418.0,9.5,7.06438030847444,0,0.0,1.0,7,272.0,0.2359992187893165,3,153.0,0.3762309845763269,0,0.0,0.9436713587550759,10,425.0
2060.0,4,169.0,3.840909090909091,6.770126167736458,0,0.0,1.0,0,56.0,0.36587532469809514,3,168.0,0.46135736525790594,0,0.0,0.927803054251591,3,224.0
2065.0,5,186.0,4.133333333333334,7.356069905754782,0,0.0,0.9496883701938929,1,4.0,0.5822666753973609,4,185.0,0.17899211529836032,0,0.0,0.9848894397939819,5,189.0
2070.0,6,46.0,1.0454545454545454,7.761717492523804,0,0.0,1.0,2,11.0,0.4792907702658199,4,97.0,0.4563388938167628,0,0.0,0.9561624598819861,6,108.0
2075.0,5,67.0,1.5227272727272727,8.53427521417621,0,0.0,1.0,2,21.0,0.5722734867687906,3,58.0,0.644260302649882,0,0.0,0.9730306818799588,5,79.0
2080.0,5,92.0,2.090909090909091,8.363050020676633,0,0.0,1.0,2,31.0,0.45159574704747474,3,73.0,0.5663952584297949,0,0.0,0.9935524026587716,5,104.0
2085.0,8,128.0,2.909090909090909,7.7116469383608495,0,0.0,1.0,3,46.0,0.4725631082812088,5,94.0,0.47932632119374424,0,0.0,0.9415259771741203,8,140.0
2090.0,6,69.0,1.6046511627906976,7.11778120356336,0,0.0,1.0,4,62.0,0.3101527167584233,0,29.0,0.8216142966545571,0,0.0,0.9653895912133912,4,91.0
2095.0,9,108.0,2.6341463414634148,6.283070034784924,0,3.0,0.9884431191173758,5,92.0,0.2819453817222875,0,3.0,0.9664441584651295,0,0.0,0.47335456294099665,5,98.0
2100.0,8,77.0,1.8780487804878048,6.619864407918195,0,0.0,0.9797013916940579,2,48.0,0.5893518614899577,0,0.0,0.9295018868996476,1,5.0,0.49792830867638654,3,53.0
2105.0,9,122.0,2.8372093023255816,7.536300601409529,0,0.0,0.9362127262258231,2,48.0,0.6889415862978749,0,0.0,1.0,1,10.0,0.4815344918207651,3,58.0
2110.0,10,155.0,3.4444444444444446,7.016509971720553,0,0.0,1.0,3,60.0,0.46839086071125846,0,3.0,0.884666645274043,0,0.0,0.9878221794940233,3,63.0
2115.0,7,140.0,3.0434782608695654,7.398800241007383,0,0.0,1.0,3,75.0,0.5717393230985677,0,6.0,0.7746345696168605,0,0.0,0.9113775697589568,3,81.0
2120.0,6,100.0,2.1739130434782608,6.843710987904988,0,0.0,1.0,0,9.0,0.7473362715976379,0,6.0,0.5790746085136631,0,0.0,0.9524215131912436,0,15.0
2125.0,7,44.0,0.9565217391304348,7.575443132744839,0,0.0,1.0,1,7.0,0.7873891230470225,2,15.0,0.6355822130211365,0,0.0,0.979996492690003,3,22.0
2130.0,3,28.0,0.5957446808510638,8.19048195885425,0,0.0,1.0,1,9.0,0.6461968035352307,2,34.0,0.6634804997872755,0,0.0,0.9649236887114526,3,43.0
2135.0,3,19.0,0.41304347826086957,8.234409705652245,0,0.0,1.0,3,19.0,0.24420487642668823,0,12.0,0.8947160785207063,0,0.0,0.9631830276840929,3,31.0
2140.0,3,34.0,0.7906976744186046,8.811153969986838,0,0.0,1.0,3,34.0,0.2440071924697379,0,9.0,0.889794080633259,0,0.0,0.9374915280232744,3,43.0
2145.0,3,49.0,1.1136363636363635,8.341692303596277,0,0.0,1.0,3,55.0,0.5764448316412192,0,9.0,0.8315569322497285,0,0.0,0.9902032857316673,3,64.0
2150.0,6,69.0,1.5333333333333334,8.095831617968056,0,0.0,1.0,4,71.0,0.4832220586851223,1,12.0,0.8280110103010733,0,0.0,0.9390177314135084,5,83.0
2155.0,6,88.0,2.0,6.9143697215639115,0,0.0,1.0,4,91.0,0.47552516517202514,2,12.0,0.21868630716014784,0,0.0,0.9830833245853465,6,103.0
2160.0,5,33.0,0.7674418604651163,7.5738861757796,0,0.0,1.0,1,42.0,0.6526702001768295,4,31.0,0.09054654368910994,0,0.0,0.9599799429333568,5,73.0
2165.0,5,58.0,1.288888888888889,8.276403051620454,0,0.0,1.0,1,22.0,0.6537944818017783,4,53.0,0.1770905646954439,0,0.0,0.949425578057651,5,75.0
2170.0,7,89.0,1.934782608695652,7.109949935673688,0,0.0,1.0,2,32.0,0.46029961837901573,4,74.0,0.18524811685669668,1,1.0,0.5004069488290988,7,107.0
2175.0,10,136.0,2.8333333333333335,6.386088145537978,0,0.0,1.0,4,49.0,0.2930724047719541,5,97.0,0.24564630394140013,1,5.0,0.4934674241619772,10,151.0
2180.0,6,123.0,2.510204081632653,6.584770266533522,0,0.0,1.0,0,0.0,0.7620773320189206,5,121.0,0.16210550611246638,1,10.0,0.4075646646791084,6,131.0
2185.0,5,137.0,2.6346153846153846,7.714557933541769,0,0.0,1.0,0,4.0,0.8772422372240257,5,146.0,0.27657645565494865,0,0.0,0.9525587372687306,5,150.0
2190.0,6,166.0,3.1923076923076925,8.390472920196453,0,0.0,1.0,1,8.0,0.7070748680851242,5,182.0,0.5165654535330124,0,0.0,0.9524904457934916,6,190.0
2195.0,1,9.0,0.18,7.91662787481199,0,0.0,1.0,1,13.0,0.6659778216413761,0,30.0,0.6480527941716764,0,0.0,0.9888805835391313,1,43.0
2200.0,0,0.0,0.0,9.046598964713796,0,9.0,0.5181576194026739,0,3.0,0.7715764549363023,0,19.0,0.9146137076198594,0,0.0,0.9705777898844344,0,31.0
2205.0,2,2.0,0.038461538461538464,9.231718712715477,0,0.0,0.7042802344631185,0,3.0,0.8166890328398443,2,21.0,0.5742160195049377,0,0.0,0.9493913542171641,2,24.0
2210.0,4,19.0,0.3958333333333333,8.653137407404143,0,0.0,1.0,1,8.0,0.7231722495592935,3,33.0,0.5196038411945979,0,0.0,0.9302380505553507,4,41.0
2215.0,8,38.0,0.76,7.6414898939998395,0,0.0,1.0,3,17.0,0.581507707972856,3,39.0,0.27987297959874136,0,0.0,0.9803701782383222,6,56.0
2220.0,8,55.0,1.0576923076923077,7.5378649713379815,0,0.0,1.0,0,3.0,0.8773916750749532,4,55.0,0.017801064115567887,1,2.0,0.6322998444913276,5,60.0
2225.0,8,89.0,1.78,7.867659009337488,0,0.0,1.0,0,3.0,0.867628381176489,5,76.0,0.162392433950201,0,0.0,0.9432141767506147,5,79.0
2230.0,6,86.0,1.9111111111111112,7.665103727495217,0,0.0,1.0,1,4.0,0.6243407788107099,5,107.0,0.375297205848965,0,0.0,0.9280048379882643,6,111.0
2235.0,8,121.0,2.574468085106383,7.239061042416984,0,0.0,1.0,1,9.0,0.6307389452849139,6,135.0,0.2100457279889422,0,0.0,0.9350617853113312,7,144.0
2240.0,11,167.0,3.630434782608696,6.7044418990958645,0,0.0,1.0,2,17.0,0.47404330535386485,7,170.0,0.2850936684211988,0,0.0,0.9328770199013363,9,187.0
2245.0,5,112.0,2.382978723404255,7.050850589189461,0,0.0,1.0,2,27.0,0.32811508450033083,2,117.0,0.493429469220326,0,0.0,0.9666598020152053,4,144.0
2250.0,6,131.0,2.847826086956522,7.077018017242769,0,6.0,0.6024778661938479,2,43.0,0.49999915707115894,2,104.0,0.5575606165761964,1,3.0,0.7038117592660158,5,156.0
2255.0,9,164.0,3.6444444444444444,6.758769222029682,0,0.0,0.900477348297146,2,50.0,0.631187103359273,4,120.0,0.3293272398225865,3,13.0,0.39534533770519725,9,183.0
2260.0,11,216.0,4.695652173913044,6.673811710173149,0,0.0,1.0,2,60.0,0.561404145738241,6,144.0,0.14168796552055127,3,28.0,0.3688043719804916,11,232.0
2265.0,8,225.0,4.891304347826087,6.158536249220333,0,0.0,0.9278299662054161,2,70.0,0.5728958963541207,5,163.0,0.24886192888632386,1,24.0,0.33615508618267526,8,257.0
2270.0,9,257.0,5.468085106382978,6.849890510082479,0,0.0,1.0,2,80.0,0.5992137402706197,6,197.0,0.34235372770533273,0,11.0,0.581358269059718,8,288.0
2275.0,9,294.0,6.25531914893617,6.62776342384274,0,0.0,1.0,2,90.0,0.5731914817148751,7,228.0,0.2831706670015673,0,0.0,0.9347447561834101,9,318.0
2280.0,14,355.0,8.068181818181818,5.464424585670264,0,0.0,1.0,2,97.0,0.41288975950248485,12,279.0,0.13750306159739467,0,0.0,0.9356100261692321,14,376.0
2285.0,10,384.0,9.365853658536585,5.39215067259462,0,0.0,1.0,3,111.0,0.3749937407780575,7,297.0,0.1977995620534953,0,0.0,0.9334772721493667,10,408.0
2290.0,6,296.0,6.5777777777777775,6.374616988050548,0,0.0,1.0,0,14.0,0.45419334979730985,6,319.0,0.2717052884726512,0,0.0,0.9747577528302701,6,333.0
2295.0,8,335.0,7.976190476190476,7.130314473984429,0,3.0,0.05222047479954127,2,18.0,0.6346833959954138,6,342.0,0.3272527716467302,0,0.0,0.9732444170674537,8,363.0
2300.0,10,382.0,9.317073170731707,6.87308058442284,1,7.0,0.5150310990141819,2,32.0,0.6794848912033957,6,375.0,0.22904292748982247,1,3.0,0.47377271135672266,10,417.0
2305.0,12,426.0,9.906976744186046,5.825774814220846,0,0.0,0.11144566833854383,3,35.0,0.6008191777831048,6,408.0,0.270231018505035,1,8.0,0.48264632446498573,10,451.0
2310.0,14,470.0,10.681818181818182,4.902879181477062,0,0.0,1.0,1,25.0,0.5959322261574448,7,440.0,0.11081075632424965,1,13.0,0.598426740646523,9,478.0
2315.0,16,539.0,11.977777777777778,5.044029577614546,0,0.0,1.0,2,38.0,0.688898346034136,7,475.0,0.12161135476908495,2,21.0,0.3250904821833637,11,534.0
2320.0,16,592.0,12.595744680851064,5.379454827011727,0,0.0,1.0,2,42.0,0.6837068007322785,7,513.0,0.28418532536236346,2,31.0,0.31001491173452506,11,586.0
2325.0,13,632.0,12.392156862745098,5.369112851467252,0,0.0,1.0,3,53.0,0.5425329596940573,7,545.0,0.21446251556542928,2,41.0,0.47116341052616306,12,639.0
2330.0,13,697.0,13.403846153846153,5.733894298272153,0,0.0,1.0,3,68.0,0.5007352779714896,7,580.0,0.28192764253979286,2,51.0,0.35854828400262534,12,699.0
2335.0,14,766.0,15.019607843137255,5.754747741332969,0,0.0,1.0,3,80.0,0.47058708122960263,7,615.0,0.3495021120756165,2,61.0,0.31792457290782056,12,756.0
2340.0,12,751.0,15.326530612244898,5.762407964845655,0,0.0,1.0,2,86.0,0.25542147725897035,7,650.0,0.3992004178176238,0,0.0,0.6376950542175163,9,736.0
2345.0,12,536.0,10.72,6.062878917092777,0,0.0,1.0,4,99.0,0.31049042545492606,5,536.0,0.3974478241443821,0,0.0,0.9125879326464793,9,635.0
2350.0,11,149.0,2.9215686274509802,6.098390210930104,0,3.0,0.9077498178439009,1,64.0,0.5492423124554642,7,334.0,0.20641307954251548,0,0.0,0.9701689582464461,8,401.0
2355.0,9,116.0,2.4166666666666665,7.143505149840948,1,4.0,0.007885991796887875,1,64.0,0.7616768172546662,7,232.0,0.2487973813324294,0,0.0,0.9505344455476892,9,300.0
2360.0,10,163.0,3.3958333333333335,7.649043763344174,1,9.0,0.1871984428197411,1,69.0,0.7594855328429904,8,198.0,0.33954304367606236,0,0.0,0.9462583956471947,10,276.0
2365.0,8,122.0,2.652173913043478,6.291768465572043,0,0.0,0.6223217543067674,2,75.0,0.6169311187974197,4,104.0,0.25076973507396516,0,0.0,0.9764891038380934,6,179.0
2370.0,10,160.0,3.4782608695652173,6.516022357731442,0,0.0,1.0,2,89.0,0.553573330122907,5,118.0,0.38826300287620485,0,0.0,0.9529905794607623,7,207.0
2375.0,11,213.0,4.733333333333333,6.945685773201386,0,0.0,0.7345928052370306,3,105.0,0.6381740021246779,5,140.0,0.27931616061026693,0,0.0,0.94961304497501,8,245.0
2380.0,9,238.0,5.0638297872340425,7.615796687522652,0,0.0,1.0,3,120.0,0.6289118667824952,5,168.0,0.3166825965207417,0,0.0,0.9539231700864785,8,288.0
2385.0,10,284.0,5.916666666666667,7.266044627620513,0,0.0,1.0,3,135.0,0.635009880092036,6,194.0,0.3151361957993315,0,0.0,0.7429061368315698,9,329.0
2390.0,10,309.0,6.4375,7.045045704305579,0,0.0,1.0,3,150.0,0.6471269469444718,6,224.0,0.3057318020669783,1,5.0,0.6311300232164802,10,379.0
2395.0,7,290.0,5.918367346938775,7.134340478286673,0,0.0,1.0,3,165.0,0.6752506632969987,4,187.0,0.23995257822161856,0,0.0,0.9549988076933914,7,352.0
2400.0,6,266.0,5.782608695652174,7.466980304959368,0,0.0,1.0,3,153.0,0.5765392581703103,3,130.0,0.5044552964521771,0,0.0,0.9254390916987274,6,283.0
2405.0,10,306.0,6.6521739130434785,6.951234443950247,0,0.0,0.945666182376454,5,176.0,0.43221046730310403,5,145.0,0.3807795794466731,0,0.0,0.9473718670896858,10,321.0
2410.0,14,364.0,7.583333333333333,6.16414007233616,0,0.0,0.8822929167948971,6,202.0,0.270626286386978,8,180.0,0.26604272716196076,0,0.0,0.9437752300158561,14,382.0
2415.0,11,399.0,8.48936170212766,6.442486339498835,0,0.0,1.0,7,234.0,0.2187628631158242,4,184.0,0.36091135501510957,0,0.0,0.9429723786039572,11,418.0
2420.0,12,451.0,9.595744680851064,6.359323009557269,0,0.0,0.9578264559056928,9,284.0,0.24285012099824588,3,192.0,0.44605970578474635,0,0.0,0.9062631137168006,12,476.0
2425.0,13,512.0,10.893617021276595,6.253040616714179,1,4.0,0.01689601380906297,9,329.0,0.343839428438901,3,200.0,0.3879557146738438,0,0.0,0.9449566046784638,13,533.0
2430.0,14,581.0,12.630434782608695,5.824693033540216,2,13.0,0.14775277137759937,9,386.0,0.3430983018203166,3,215.0,0.2399371025521854,0,0.0,0.9539603110954604,14,614.0
2435.0,17,656.0,13.666666666666666,5.431025233954365,2,23.0,0.01903585346450957,11,435.0,0.30646583712836895,3,227.0,0.0,0,0.0,0.9465141410521756,16,685.0
2440.0,11,538.0,11.208333333333334,5.436055097774987,3,34.0,0.0013784408451896987,4,315.0,0.3914242277314106,3,242.0,0.12797539667633048,0,0.0,0.9287656237579793,10,591.0
2445.0,7,529.0,11.5,5.966952341171134,0,5.0,0.011838705166021146,3,280.0,0.5078422645854307,4,260.0,0.035453617952877416,0,0.0,0.9053486465765976,7,545.0
2450.0,9,566.0,11.791666666666666,6.9471487724936525,0,0.0,1.0,3,287.0,0.47364232968241377,5,287.0,0.23719907028450563,0,0.0,0.9460806797651935,8,574.0
2455.0,7,590.0,12.040816326530612,7.471978098232638,0,0.0,1.0,3,299.0,0.2386604946855463,4,302.0,0.3635013014643107,0,0.0,0.9556220440124986,7,601.0
2460.0,6,616.0,13.106382978723405,8.04836594645971,0,0.0,1.0,3,317.0,0.3233209990379396,3,312.0,0.5520183231113607,0,0.0,0.9465930468547313,6,629.0
2465.0,6,646.0,13.458333333333334,7.825627625160398,0,0.0,1.0,3,332.0,0.4882907931373965,3,323.0,0.4163181781966005,0,0.0,0.9889207337785447,6,655.0
2470.0,7,680.0,14.166666666666666,7.868338091587312,0,0.0,1.0,3,347.0,0.5201886797771019,4,342.0,0.3753125803152163,0,0.0,0.9570168311759468,7,689.0
2475.0,7,710.0,15.106382978723405,6.852123067755957,0,0.0,1.0,4,366.0,0.41169095706444303,3,353.0,0.3610629468528531,0,0.0,0.4817872375037121,7,719.0
2480.0,11,749.0,17.833333333333332,5.861274297189739,0,3.0,0.9261808510097994,3,377.0,0.5229868888589263,6,377.0,0.1344661176322673,0,0.0,0.9273089083869869,9,757.0
2485.0,10,791.0,18.3953488372093,5.905992889622085,1,4.0,0.0021480831217988608,3,393.0,0.638914320227553,6,410.0,0.07441983113877296,0,0.0,0.9533060054697287,10,807.0
2490.0,12,846.0,18.391304347826086,6.820322446360114,1,9.0,1.1478690210742841e-05,3,405.0,0.5943693828409848,8,448.0,0.1111508335323373,0,0.0,0.9549398444966382,12,862.0
2495.0,13,907.0,19.29787234042553,6.284889740830104,1,14.0,0.0,4,420.0,0.3695958719036845,8,488.0,0.25400632602605067,0,0.0,0.9871674939745478,13,922.0
2500.0,8,886.0,18.851063829787233,6.1022947241019425,1,19.0,0.0,3,436.0,0.4328380980272805,4,439.0,0.31628228922913965,0,0.0,0.936727812815155,8,894.0
2505.0,8,926.0,18.52,7.5417218554552266,1,30.0,0.36934545403211666,3,452.0,0.5994468049814669,4,459.0,0.31602448725821203,0,0.0,0.976751668333651,8,941.0
2510.0,7,940.0,19.583333333333332,7.7355394734893705,0,3.0,0.2082397321798808,3,464.0,0.5362433696855526,4,479.0,0.4158834400456903,0,0.0,0.9959459747022246,7,946.0
2515.0,8,978.0,21.733333333333334,7.7510921932154435,0,0.0,1.0,4,482.0,0.5395522606080321,4,499.0,0.39653824436900686,0,0.0,0.9671866340603985,8,981.0
2520.0,9,1012.0,21.083333333333332,7.346580294386908,0,0.0,1.0,3,494.0,0.5265367778028333,6,521.0,0.1424522259918474,0,0.0,0.9889590165713894,9,1015.0
2525.0,11,1061.0,20.80392156862745,6.552528286232163,0,0.0,1.0,4,512.0,0.5347450575536673,7,552.0,0.0008974542904832216,0,0.0,0.5375743181781276,11,1064.0
2530.0,11,1116.0,21.88235294117647,7.0960692402367656,0,0.0,1.0,4,532.0,0.5756979691545147,7,590.0,0.21503653152431276,0,0.0,0.9715206626984892,11,1122.0
2535.0,12,1174.0,23.959183673469386,6.145016526721913,0,0.0,1.0,4,552.0,0.32043007864560447,7,627.0,0.24732396929013692,0,0.0,0.9824596837454755,11,1179.0
2540.0,14,817.0,15.711538461538462,6.019251689913863,0,0.0,1.0,5,330.0,0.25543213088228195,7,662.0,0.19458500020291009,0,0.0,0.9649961656718975,12,992.0
2545.0,14,736.0,14.431372549019608,6.269273165258042,0,0.0,1.0,4,174.0,0.353864281916978,8,705.0,0.2574750400315603,0,0.0,0.9547122067105733,12,879.0
2550.0,12,780.0,15.0,6.047725485553562,0,0.0,1.0,4,44.0,0.16529250868264755,8,745.0,0.3385610954066834,0,0.0,0.9565008058601998,12,789.0
2555.0,14,848.0,16.307692307692307,6.557584996472737,0,0.0,1.0,5,68.0,0.15804846777473394,9,789.0,0.3248075770023124,0,0.0,0.9569923586454248,14,857.0
2560.0,13,865.0,16.96078431372549,6.354090419799373,0,0.0,1.0,2,46.0,0.39657154961512636,9,831.0,0.30253520770726045,0,0.0,0.9361770847319697,11,877.0
2565.0,10,807.0,16.14,6.385304817224095,0,0.0,1.0,3,51.0,0.2684990772301413,5,747.0,0.35579477753780325,0,0.0,0.934274578382976,8,798.0
2570.0,10,857.0,17.14,6.620932471191311,0,3.0,0.7637176944147892,3,72.0,0.43749053068034816,5,767.0,0.4424917916730392,0,0.0,0.9520051261978122,8,842.0
2575.0,11,907.0,17.784313725490197,6.802623716288798,0,0.0,0.8565256705220055,4,87.0,0.4318817795032006,5,792.0,0.46016914606240833,0,0.0,0.9972399777555987,9,879.0
2580.0,11,961.0,19.22,6.678046919707859,0,0.0,0.9960370845077249,4,106.0,0.461369175923011,5,817.0,0.28037177809693264,0,0.0,0.9519546935059264,9,923.0
2585.0,12,1019.0,21.229166666666668,6.578137873945544,0,0.0,1.0,4,126.0,0.5364059497003271,5,842.0,0.1635447322164044,0,0.0,0.9613300981764412,9,968.0
2590.0,14,1055.0,21.53061224489796,6.458100699743861,0,0.0,1.0,5,148.0,0.5295735315634992,5,867.0,0.16300573510985894,0,0.0,0.9574323577384333,10,1015.0
2595.0,10,1061.0,20.0188679245283,6.545952820298824,0,0.0,1.0,5,170.0,0.508985234831616,5,892.0,0.12862001623637967,0,0.0,0.9478763408941929,10,1062.0
2600.0,6,920.0,17.692307692307693,5.868194325856966,0,0.0,1.0,0,21.0,0.41970754551538997,6,920.0,0.12246190951691498,0,0.0,0.9424558685269583,6,941.0
2605.0,8,955.0,19.1,6.388966984763715,0,0.0,1.0,1,12.0,0.7143871108598883,7,953.0,0.011167496682103172,0,0.0,0.9277701594406813,8,965.0
2610.0,9,979.0,19.58,6.754025910228929,0,0.0,1.0,1,17.0,0.7153456594248743,5,976.0,0.3370493733477529,1,2.0,0.3311421301160749,7,995.0
2615.0,13,1034.0,19.884615384615383,6.708589578387647,0,0.0,1.0,2,29.0,0.5735900061849715,5,1001.0,0.41159969204080177,2,11.0,0.228877852079446,9,1041.0
2620.0,11,1050.0,19.81132075471698,7.080865418775954,0,0.0,1.0,0,6.0,0.9078863758653973,5,1023.0,0.47919724531842506,3,24.0,0.19843574810311,8,1053.0
2625.0,7,1046.0,20.50980392156863,7.563288120846957,0,0.0,1.0,0,6.0,0.9756181349135201,6,1048.0,0.43885209793031305,0,13.0,0.5306660424858225,6,1067.0
2630.0,8,521.0,10.215686274509803,6.955704620691598,0,0.0,1.0,0,6.0,0.9497596659434885,4,798.0,0.5035826576326252,0,0.0,0.9526256462841334,4,804.0
2635.0,7,37.0,0.7254901960784313,6.661427218070209,0,0.0,1.0,0,6.0,0.6961237536633548,5,289.0,0.337740168332721,0,0.0,0.960391172778281,5,295.0
2640.0,8,58.0,1.16,7.7379037032538465,0,0.0,1.0,1,11.0,0.7862993990616455,7,62.0,0.20960540224711263,0,0.0,0.9249033910565277,8,73.0
2645.0,9,99.0,2.2,7.528040022314892,0,0.0,1.0,2,14.0,0.5528270942462233,7,97.0,0.19917047616991654,0,0.0,0.970460195586022,9,111.0
2650.0,11,148.0,3.217391304347826,6.7267758771034964,0,0.0,1.0,2,24.0,0.3695192388089787,9,145.0,0.295375792188921,0,0.0,0.954695920042383,11,169.0
2655.0,13,210.0,4.468085106382978,6.643765642941134,0,0.0,1.0,4,45.0,0.42053116458486844,9,190.0,0.20638567202146368,0,0.0,0.9596970939576017,13,235.0
2660.0,6,101.0,2.148936170212766,6.825225602202076,0,0.0,1.0,4,65.0,0.3858969333674233,2,93.0,0.41556802705748314,0,0.0,0.9524615731515879,6,158.0
2665.0,9,135.0,2.8125,7.1551206714741715,0,6.0,0.5548557499258626,6,90.0,0.19552435135897245,3,63.0,0.4767782552827091,0,0.0,0.9521083265079388,9,159.0
2670.0,7,96.0,2.0,7.149561852490597,0,0.0,0.8151209260852037,2,35.0,0.4735065883724814,3,78.0,0.4837055038985275,0,0.0,0.9606979254650545,5,113.0
2675.0,10,137.0,2.74,6.83156568284913,0,0.0,1.0,2,35.0,0.6107263657104698,5,98.0,0.27173581682450226,0,0.0,0.9497910998896733,7,133.0
2680.0,10,169.0,3.38,7.4929295988763736,0,0.0,1.0,2,42.0,0.7190956515032662,3,112.0,0.42376273817731497,0,0.0,0.9532391510782555,5,154.0
2685.0,10,219.0,4.132075471698113,7.959516311091885,0,0.0,1.0,2,52.0,0.726441027274015,3,122.0,0.5230404875177554,0,0.0,0.9517215998335866,5,174.0
2690.0,14,283.0,5.339622641509434,6.975975136310546,0,0.0,1.0,4,68.0,0.45311435290514923,4,141.0,0.5290650756908435,0,0.0,0.9688821754366977,8,209.0
2695.0,17,364.0,6.867924528301887,6.000428666872782,0,0.0,1.0,6,96.0,0.3836160354300171,5,164.0,0.4295625757181972,0,0.0,0.9774517820328333,11,260.0
2700.0,17,322.0,6.313725490196078,5.806046314947174,0,0.0,1.0,6,126.0,0.31631227595137545,2,93.0,0.5682444341638352,0,0.0,0.9460040641689291,8,219.0
2705.0,19,376.0,7.230769230769231,5.389641268874163,0,0.0,1.0,6,156.0,0.35898522199451305,2,17.0,0.6451748776606188,1,1.0,0.47932322411227757,9,174.0
2710.0,21,375.0,7.0754716981132075,4.710246329971094,0,0.0,1.0,7,188.0,0.39910915481414017,3,30.0,0.4625228601699413,1,5.0,0.4886841204042365,11,223.0
2715.0,15,242.0,4.481481481481482,4.667741798949238,0,0.0,1.0,3,118.0,0.35987233590317624,3,27.0,0.33203474630172497,1,10.0,0.49109076290369524,7,155.0
2720.0,10,181.0,3.290909090909091,5.5380725522371765,0,0.0,1.0,1,65.0,0.5965613346522151,1,7.0,0.27615278512669694,0,0.0,0.597707337545271,2,72.0
2725.0,10,139.0,2.5272727272727273,6.374058701586292,0,6.0,0.565002879362671,2,45.0,0.6140248902938424,1,12.0,0.6023744854950367,0,0.0,0.8051199682735788,3,63.0
2730.0,5,80.0,1.509433962264151,7.396411878868427,0,0.0,0.824547395819871,2,55.0,0.7083795605174915,1,14.0,0.6411671061826258,0,0.0,0.9944352349564295,3,69.0
2735.0,6,75.0,1.4150943396226414,7.7248165167255145,0,0.0,1.0,1,50.0,0.7762078539147672,1,19.0,0.7083249026905497,0,0.0,0.946641733447702,2,69.0
2740.0,8,112.0,2.1132075471698113,7.288510588775006,0,0.0,1.0,1,55.0,0.7655824065143174,1,24.0,0.7066783382651877,0,0.0,0.9502501687662266,2,79.0
2745.0,8,130.0,2.3214285714285716,7.398944728818969,0,0.0,1.0,2,62.0,0.6379464765393182,1,32.0,0.7715043648115377,0,0.0,0.9516005421309035,3,94.0
2750.0,13,184.0,3.3454545454545452,6.50516233463202,0,0.0,1.0,2,72.0,0.6421583228208417,2,38.0,0.607632909409925,0,0.0,0.9647043880433848,4,110.0
2755.0,15,238.0,4.25,5.917603277000309,0,0.0,1.0,2,82.0,0.5477388650966144,5,54.0,0.2858128852917307,0,0.0,0.9307677284911322,7,136.0
2760.0,8,170.0,3.090909090909091,6.455165941192713,0,0.0,1.0,3,87.0,0.4678662172525813,1,49.0,0.6043347067112956,0,0.0,0.9578473305439124,4,136.0
2765.0,5,150.0,2.8846153846153846,7.186079927651188,0,0.0,1.0,4,107.0,0.323661478875529,1,49.0,0.6786117525620519,0,0.0,0.9753673906141817,5,156.0
2770.0,6,178.0,3.358490566037736,7.657601947262778,0,0.0,1.0,4,130.0,0.39274341415046,2,54.0,0.4122751357793758,0,0.0,0.9797083823255772,6,184.0
2775.0,6,208.0,3.8518518518518516,7.35484738527907,0,0.0,0.5024789022604171,4,150.0,0.2672877450973085,2,64.0,0.46708681693055376,0,0.0,0.9700886751180617,6,214.0
2780.0,9,250.0,4.716981132075472,6.173541396578096,1,5.0,0.008312047376849593,6,177.0,0.2776445771202469,2,74.0,0.3085185578192904,0,0.0,0.955985689136,9,256.0
2785.0,15,315.0,6.176470588235294,5.964053658683531,2,15.0,0.0,6,207.0,0.32823743344811945,4,92.0,0.020040011482935195,0,0.0,0.956991144628371,12,314.0
2790.0,15,373.0,7.037735849056604,6.408707519775568,0,0.0,1.0,6,252.0,0.3560277769665442,5,147.0,0.1513248991859387,0,0.0,0.9456851275399534,11,399.0
2795.0,10,294.0,5.157894736842105,6.984338452251076,0,0.0,1.0,5,157.0,0.4839757154561143,5,140.0,0.0,0,0.0,0.9454974450758494,10,297.0
2800.0,12,348.0,6.327272727272727,6.4344819369552075,0,0.0,1.0,7,186.0,0.22068270527050024,5,181.0,0.36599867161001987,0,0.0,0.9540188792878606,12,367.0
2805.0,13,413.0,7.509090909090909,6.128370536198815,0,0.0,1.0,7,221.0,0.3321220230291057,6,198.0,0.23882105793214786,0,0.0,0.964692108239934,13,419.0
2810.0,13,347.0,5.982758620689655,5.910921042927324,0,0.0,1.0,9,260.0,0.29610745029681845,4,136.0,0.13310185791152912,0,0.0,0.9643490614583095,13,396.0
2815.0,6,73.0,1.280701754385965,6.639374415169072,0,0.0,1.0,2,67.0,0.33694327913308497,3,82.0,0.3732290681927176,1,1.0,0.48286636863952664,6,150.0
2820.0,7,108.0,2.0,7.7539573396431765,0,0.0,1.0,3,34.0,0.5051277135393152,3,71.0,0.3856453343129383,1,6.0,0.49773156495607573,7,111.0
2825.0,8,145.0,2.7358490566037736,8.62200467772751,0,0.0,1.0,3,49.0,0.5403542935683999,4,93.0,0.4131158364214951,1,11.0,0.473160573830833,8,153.0
2830.0,5,87.0,1.5535714285714286,8.591387699466718,0,0.0,1.0,3,64.0,0.5543132069907132,1,34.0,0.6785159451266743,1,16.0,0.6428955554666541,5,114.0
2835.0,5,94.0,1.7407407407407407,8.155613745162777,0,0.0,1.0,3,85.0,0.33646437192604073,1,20.0,0.8030748659202446,0,0.0,0.9382653681564204,4,105.0
2840.0,7,126.0,2.3773584905660377,7.637949337537729,0,0.0,1.0,3,100.0,0.5409858494360656,2,30.0,0.7145860398180288,0,0.0,0.94686468350458,5,130.0
2845.0,9,164.0,2.981818181818182,7.281055748952814,0,0.0,1.0,3,115.0,0.6262299617350108,3,38.0,0.6243880792637371,0,0.0,0.9440671687868342,6,153.0
2850.0,8,203.0,3.759259259259259,7.0969172271987935,0,0.0,1.0,3,130.0,0.6413648125434198,2,42.0,0.5034673381480749,0,0.0,0.9619204215887522,5,172.0
2855.0,10,250.0,4.8076923076923075,6.907850857725957,0,0.0,1.0,3,145.0,0.6438647887589126,4,59.0,0.3964634030194152,0,0.0,0.9757441853929989,7,204.0
2860.0,9,101.0,1.9056603773584906,6.6629488975866495,0,0.0,1.0,0,50.0,0.788923172249427,6,82.0,0.23038885102712664,0,0.0,0.9593756376896492,6,132.0
2865.0,13,137.0,2.4909090909090907,6.102209682286284,0,0.0,1.0,3,12.0,0.33923867890081333,8,119.0,0.16076727604127108,0,0.0,0.9495408242653278,11,131.0
2870.0,13,129.0,2.3454545454545452,5.519149538386742,0,0.0,1.0,4,30.0,0.179029100424569,7,114.0,0.20232909700748372,0,0.0,0.9399659148840723,11,144.0
2875.0,16,181.0,3.175438596491228,5.1665072427023295,0,0.0,1.0,4,50.0,0.1489903156268934,8,113.0,0.11793995513871164,0,0.0,0.9444101412353176,12,163.0
2880.0,15,225.0,3.8793103448275863,5.287069956298319,0,0.0,1.0,5,73.0,0.2098313914836728,9,157.0,0.08992680089092514,0,0.0,0.9307329028012287,14,230.0
2885.0,17,307.0,5.203389830508475,5.61071842646099,0,0.0,1.0,6,102.0,0.2729859002217271,10,205.0,0.08230039264671186,0,0.0,0.8674196128292623,16,307.0
2890.0,17,380.0,6.333333333333333,5.687466823413251,0,0.0,1.0,7,135.0,0.21247613002077853,10,255.0,0.11952898815160919,0,0.0,0.9764711899871354,17,390.0
2895.0,18,469.0,7.9491525423728815,5.773844816867589,0,0.0,1.0,7,170.0,0.2121510564690621,11,309.0,0.0805817567362834,0,0.0,0.9598225155354807,18,479.0
2900.0,12,362.0,6.033333333333333,5.746339464046632,0,0.0,1.0,0,79.0,0.44924887544891307,12,365.0,0.0004924137740303932,0,0.0,0.9484962866667467,12,444.0
2905.0,12,422.0,7.275862068965517,6.656041022936572,0,0.0,1.0,0,36.0,0.9452371651767435,12,425.0,0.0,0,0.0,0.7455816116723849,12,461.0
2910.0,13,487.0,8.254237288135593,6.396430541194724,0,0.0,1.0,0,0.0,0.4197496810117712,12,491.0,0.15718953514442108,1,5.0,0.45144402669423994,13,496.0
2915.0,16,565.0,10.089285714285714,6.03058335392081,0,0.0,1.0,2,24.0,0.47238213969628173,12,551.0,0.19353125821774741,2,14.0,0.32394590667036943,16,589.0
2920.0,17,647.0,10.966101694915254,6.39680008348771,0,0.0,1.0,2,34.0,0.5472615791044427,12,611.0,0.240187637368083,2,24.0,0.3071192966126396,16,669.0
2925.0,16,706.0,12.607142857142858,6.241841056182163,0,0.0,1.0,3,45.0,0.4693294957169732,12,671.0,0.2351293738890267,1,14.0,0.32879029323249725,16,730.0
2930.0,16,786.0,14.290909090909091,5.932381233412243,0,0.0,1.0,3,60.0,0.3481906333836793,12,739.0,0.2580410453813214,1,19.0,0.4688894454154802,16,818.0
2935.0,18,871.0,15.553571428571429,5.525982578174428,0,0.0,1.0,4,79.0,0.29914159974656235,13,800.0,0.13649732668301176,1,24.0,0.6303145121315684,18,903.0
2940.0,16,882.0,15.473684210526315,5.600128216881653,0,0.0,1.0,0,36.0,0.36502389598547286,15,871.0,0.14656652096932768,1,29.0,0.6552138217617337,16,936.0
2945.0,20,974.0,16.79310344827586,5.7819625627886815,0,0.0,1.0,1,3.0,0.616198572414276,18,956.0,0.05737144433254778,1,34.0,0.48022044096844724,20,993.0
2950.0,20,1053.0,18.155172413793103,5.741548722451222,0,0.0,1.0,1,8.0,0.6255917542419009,18,1036.0,0.051039825026744305,1,39.0,0.4988493951102307,20,1083.0
2955.0,22,1150.0,18.253968253968253,6.1753417208759585,0,0.0,1.0,2,18.0,0.42500773221689175,19,1104.0,0.0818935964732944,1,44.0,0.7257366144222412,22,1166.0
2960.0,21,1237.0,20.278688524590162,5.59994347529654,0,0.0,0.9990733242454413,0,3.0,0.8287461991706135,19,1199.0,0.056790555346652845,2,51.0,0.48148045122387095,21,1253.0
2965.0,21,1342.0,22.0,5.721015612549649,0,0.0,1.0,0,3.0,0.9128213294223312,19,1294.0,0.048061429992236795,2,61.0,0.48261703498589786,21,1358.0
2970.0,20,1435.0,23.14516129032258,5.901668219961071,0,0.0,1.0,0,3.0,0.9556651290317102,19,1392.0,0.0840160134004832,1,59.0,0.6424186551746466,20,1454.0
2975.0,9,405.0,6.532258064516129,6.051754342712098,0,0.0,1.0,0,3.0,0.9407776989909662,8,818.0,0.1813837104864369,1,64.0,0.6845044394791691,9,885.0
2980.0,1,10.0,0.1694915254237288,6.349819656912338,0,0.0,1.0,0,12.0,0.8014507017678018,1,365.0,0.32773512763011964,0,0.0,0.51265907353228,1,377.0
2985.0,1,5.0,0.0847457627118644,7.188784792654732,0,9.0,0.24712231770145038,0,12.0,0.9177672892863943,1,58.0,0.5221574046964248,0,0.0,0.972597256763654,1,79.0
2990.0,8,35.0,0.5833333333333334,7.295234845865372,3,23.0,0.07770226656590952,0,9.0,0.9437603524663989,1,23.0,0.6226437941876336,0,0.0,0.9711349500171025,4,55.0
2995.0,5,13.0,0.22033898305084745,6.840265955003293,0,0.0,0.03996024201384873,0,9.0,0.9304892714365376,3,19.0,0.45487771818899136,0,0.0,0.9636199902033069,3,28.0
3000.0,5,25.0,0.4166666666666667,7.160533628693244,0,0.0,0.15588349726638667,1,4.0,0.8640946034787901,4,37.0,0.40280603591046354,0,0.0,0.9450369768462631,5,41.0
3005.0,6,52.0,0.8524590163934426,7.757082181909167,0,0.0,0.28672466198935986,1,9.0,0.8264005280829655,4,57.0,0.3861944541026859,0,0.0,0.9472195182213216,5,66.0
3010.0,10,95.0,1.484375,7.7074228425103675,0,0.0,1.0,2,17.0,0.7361837325724785,6,82.0,0.1385614317205372,0,0.0,0.9629041211303896,8,99.0
3015.0,9,124.0,1.9375,7.694531636072838,0,0.0,1.0,2,24.0,0.5308109718534852,5,91.0,0.3484221240152542,0,0.0,0.9284884088374985,7,115.0
3020.0,11,172.0,2.6875,7.474774712820448,0,0.0,1.0,3,38.0,0.46745342794528083,6,118.0,0.3270879044569013,0,0.0,0.9555246164361852,9,156.0
3025.0,11,227.0,3.6031746031746033,7.3482030041988775,0,0.0,1.0,3,53.0,0.47168404124976177,6,148.0,0.31542020228595513,0,0.0,0.9326251682678882,9,201.0
3030.0,12,259.0,4.4655172413793105,6.742228026735995,0,0.0,1.0,3,68.0,0.328552544021735,6,178.0,0.29836048915063706,0,0.0,0.9677263383795378,9,246.0
3035.0,12,285.0,5.377358490566038,6.337663913814966,0,0.0,1.0,4,96.0,0.4160766151194781,7,210.0,0.1466234375655346,1,3.0,0.4760022585747474,12,309.0
3040.0,9,250.0,4.901960784313726,6.87343284308376,0,0.0,1.0,1,41.0,0.6195483494437704,7,245.0,0.1155955241444338,1,8.0,0.48673538234082714,9,294.0
3045.0,9,284.0,5.568627450980392,6.793594636611028,0,0.0,1.0,1,15.0,0.7091296386038135,8,282.0,0.23266614799455396,0,0.0,0.19804150246617008,9,297.0
3050.0,10,327.0,6.411764705882353,6.596826013810388,0,0.0,1.0,2,22.0,0.5687328688530261,8,324.0,0.17046046315818264,0,0.0,0.6688729177290784,10,346.0
3055.0,11,382.0,7.64,6.501617620531904,0,0.0,1.0,2,31.0,0.5837120279741753,9,369.0,0.09141093857656045,0,0.0,0.9369142127576547,11,400.0
3060.0,11,437.0,8.74,6.015180444596216,0,0.0,1.0,2,41.0,0.24263084273351085,9,414.0,0.08345558930780494,0,0.0,0.9715687863771094,11,455.0
3065.0,15,504.0,10.08,6.071099515126896,0,0.0,1.0,3,55.0,0.26925974742187586,11,465.0,0.0773052463964855,0,0.0,0.9479813349843355,14,520.0
3070.0,15,574.0,11.958333333333334,5.494139766797968,0,0.0,1.0,4,73.0,0.186476821694838,11,520.0,0.040649791766478156,0,0.0,0.8209348633313298,15,593.0
3075.0,17,655.0,13.36734693877551,5.48405126100794,0,0.0,1.0,4,93.0,0.4094829433773672,12,578.0,6.860636291555496e-05,1,3.0,0.4784394913974286,17,674.0
3080.0,16,698.0,13.686274509803921,5.507272040346106,0,0.0,1.0,2,69.0,0.6204035382530112,12,641.0,0.13518097548446611,1,8.0,0.5241381419296581,15,718.0
3085.0,18,771.0,14.826923076923077,5.325384363858474,0,0.0,1.0,2,79.0,0.40230809183475935,13,702.0,0.1316658516535715,0,0.0,0.9334835076516532,15,781.0
3090.0,19,864.0,17.28,5.550500658039818,0,0.0,1.0,3,92.0,0.39511365500056667,13,778.0,0.23390570974390895,0,0.0,0.9254560446811072,16,870.0
3095.0,20,960.0,18.46153846153846,5.160278449295205,0,0.0,1.0,4,108.0,0.42169667991625837,13,843.0,0.16194914768967109,0,0.0,0.9269371878022532,17,951.0
3100.0,19,1006.0,18.29090909090909,6.072240088654136,0,0.0,1.0,4,128.0,0.4654941458173528,15,911.0,0.20447809715903661,0,0.0,0.9276521078765269,19,1039.0
3105.0,9,271.0,4.839285714285714,5.814313149408804,0,0.0,1.0,5,151.0,0.3460072020208243,4,395.0,0.30317440634582427,0,0.0,0.8226159645351858,9,546.0
3110.0,8,209.0,3.8703703703703702,6.361306127032985,0,0.0,1.0,5,183.0,0.3152354118118246,2,111.0,0.5049183595994267,0,0.0,0.9217620793226731,7,294.0
3115.0,9,251.0,4.4035087719298245,7.425493524204671,0,0.0,0.7160423363143067,6,213.0,0.4238078923154211,2,51.0,0.5525729131241672,0,0.0,0.9976472227704396,8,264.0
3120.0,9,285.0,5.0,7.9117656439621635,0,0.0,0.9229563174541084,6,247.0,0.5326219748271063,2,54.0,0.5766050728791842,1,1.0,0.335555748722923,9,302.0
3125.0,11,335.0,5.677966101694915,8.133006662619314,0,0.0,1.0,6,277.0,0.5701027322853519,3,66.0,0.4163009278534781,2,9.0,0.3206618489439778,11,352.0
3130.0,13,395.0,6.694915254237288,7.796378728202433,0,0.0,1.0,7,308.0,0.5130073897024938,4,85.0,0.31361401350232315,2,19.0,0.3208244508045173,13,412.0
3135.0,11,431.0,6.951612903225806,7.455071193936848,0,0.0,1.0,7,343.0,0.5095411546020779,4,105.0,0.32665155697615594,0,0.0,0.9045668562976761,11,448.0
3140.0,12,491.0,8.46551724137931,7.085899661379406,0,0.0,1.0,7,369.0,0.3982175265573414,4,131.0,0.45302070556604973,0,0.0,0.9449308865335192,11,500.0
3145.0,12,534.0,9.206896551724139,6.387781777521164,0,0.0,1.0,7,404.0,0.21623303744541542,3,126.0,0.2737721449330993,0,0.0,0.9451030974007371,10,530.0
3150.0,13,593.0,10.589285714285714,6.738720074137498,0,3.0,0.5346280226023251,7,440.0,0.2138599904328909,3,141.0,0.24889032548961404,0,0.0,0.9907367620919866,10,584.0
3155.0,14,660.0,11.578947368421053,6.889821630530399,0,0.0,1.0,7,475.0,0.2950346422047258,3,156.0,0.39034237480244893,0,0.0,0.981836173622656,10,631.0
3160.0,17,740.0,13.454545454545455,6.244322721095413,0,0.0,1.0,7,510.0,0.39839782091301834,3,171.0,0.48925608865413245,0,0.0,0.9722578473237756,10,681.0
3165.0,14,645.0,12.169811320754716,5.755843389557462,0,0.0,1.0,7,545.0,0.3993976836520374,1,101.0,0.4871863637489538,0,0.0,0.9541107973632788,8,646.0
3170.0,13,629.0,11.867924528301886,6.479558731658797,0,0.0,1.0,7,583.0,0.44278828420123345,1,4.0,0.6373970012475235,0,0.0,0.9342318404733136,8,587.0
3175.0,11,627.0,12.294117647058824,5.841179587297265,0,0.0,1.0,8,622.0,0.3553585070077663,1,9.0,0.4015062946498169,0,0.0,0.5539789212379094,9,631.0
3180.0,13,682.0,13.372549019607844,5.810158140079102,0,0.0,1.0,9,665.0,0.3292383066392901,3,20.0,0.24108176386320337,1,5.0,0.4864193095361049,13,690.0
3185.0,13,738.0,14.192307692307692,5.725257624699338,0,0.0,1.0,9,710.0,0.28337416673594684,3,35.0,0.24448581127588187,0,0.0,0.9445954581386381,12,745.0
3190.0,11,762.0,13.854545454545455,6.063077768756944,0,0.0,1.0,9,755.0,0.21754919399177416,1,17.0,0.6367708422494422,0,0.0,0.9959724897752772,10,772.0
3195.0,11,816.0,14.836363636363636,6.670122697169886,0,6.0,0.5394634365920693,10,808.0,0.3388013740608257,1,19.0,0.6537085833548957,0,0.0,0.9886483178267792,11,833.0
3200.0,12,871.0,15.836363636363636,6.963603312623269,0,0.0,0.8802972948006043,10,855.0,0.35617404112461604,2,24.0,0.32027699404123755,0,0.0,0.9543092911738225,12,879.0
3205.0,7,502.0,8.964285714285714,7.218908300066033,0,0.0,1.0,6,674.0,0.3849846562816427,1,33.0,0.6881842428125701,0,0.0,0.9699226369158908,7,707.0
3210.0,4,364.0,6.618181818181818,7.897389537813291,0,0.0,1.0,3,380.0,0.4602899679070535,1,38.0,0.581926792711414,0,0.0,0.9499098395483647,4,418.0
3215.0,6,356.0,6.472727272727273,8.105144951856934,0,0.0,1.0,4,376.0,0.5035436569667733,2,10.0,0.39982144380061574,0,0.0,0.9396055908490879,6,386.0
3220.0,8,390.0,7.5,8.188360928228331,0,0.0,1.0,4,399.0,0.4257327994275696,4,24.0,0.20002272255487547,0,0.0,0.9836905156666147,8,423.0
3225.0,10,437.0,8.403846153846153,7.727128716281045,0,0.0,1.0,6,400.0,0.229165574050078,4,44.0,0.2982995592832781,0,0.0,0.9483938987494631,10,444.0
3230.0,12,494.0,9.686274509803921,7.411416990052604,0,0.0,1.0,7,435.0,0.2533897544035334,5,66.0,0.35493262280191185,0,0.0,0.9544366581537177,12,501.0
3235.0,12,554.0,11.08,7.0413391136382195,0,0.0,1.0,7,470.0,0.2868765971326561,5,91.0,0.2351159995609421,0,0.0,0.948163926003233,12,561.0
3240.0,14,622.0,13.521739130434783,6.61299572117411,0,0.0,1.0,7,505.0,0.19234882353382007,6,121.0,0.22922930177431688,0,0.0,0.9430340394150432,13,626.0
3245.0,15,694.0,14.76595744680851,6.708595195147234,0,0.0,1.0,8,542.0,0.20753075340874325,6,151.0,0.13560823875697708,0,0.0,0.9372687484064436,14,693.0
3250.0,17,772.0,16.083333333333332,5.587338077374883,0,0.0,1.0,9,583.0,0.15594714038005278,6,181.0,0.2473105130295592,0,0.0,0.9736516867485333,15,764.0
3255.0,22,869.0,18.104166666666668,4.10909216954841,0,0.0,1.0,9,628.0,0.17318383713562094,9,220.0,0.0025663668589208394,0,0.0,0.9829778944382735,18,848.0
3260.0,19,936.0,18.352941176470587,5.183739948887762,0,0.0,1.0,9,679.0,0.16137727305883723,10,270.0,0.15005629111975524,0,0.0,0.9652222360660905,19,949.0
3265.0,20,1035.0,20.294117647058822,5.204909814682333,0,0.0,1.0,10,728.0,0.16290934242311556,10,320.0,0.19676137931702883,0,0.0,0.9909296849398065,20,1048.0
3270.0,21,1138.0,21.884615384615383,4.947752645437797,0,0.0,1.0,10,772.0,0.08452837719893387,11,373.0,0.13619853948235497,0,0.0,0.9892002616103346,21,1145.0
3275.0,21,1243.0,24.372549019607842,4.6428308033933865,0,0.0,1.0,10,822.0,0.08381268905545779,11,428.0,0.06924712249905682,0,0.0,0.9756614035842606,21,1250.0
3280.0,16,1060.0,21.2,4.405880065024246,0,0.0,1.0,11,876.0,0.08061081914034748,5,257.0,0.1278945547697526,0,0.0,0.9721166010350449,16,1133.0
3285.0,8,773.0,15.156862745098039,5.146530035794653,0,6.0,0.799776710923402,4,628.0,0.14326517087763657,4,211.0,0.26777557402394664,0,0.0,0.9984409457159267,8,845.0
3290.0,9,816.0,16.653061224489797,6.6759252803607385,0,0.0,1.0,4,608.0,0.5324243183048718,5,221.0,2.487101220287004e-05,0,0.0,0.9781925695726285,9,829.0
3295.0,9,861.0,16.88235294117647,7.510209532634367,0,0.0,1.0,4,628.0,0.6092493689212902,5,255.0,0.39690799305833074,0,0.0,0.9777790078190773,9,883.0
3300.0,8,746.0,14.346153846153847,7.519510696438041,0,0.0,1.0,4,648.0,0.6021022063686778,3,185.0,0.5831792795426385,0,0.0,0.9431452065779053,7,833.0
3305.0,4,659.0,11.981818181818182,7.84198132810431,0,0.0,1.0,4,671.0,0.6085540553311322,0,70.0,0.7095789583771929,0,0.0,0.9796035365759371,4,741.0
3310.0,6,685.0,12.924528301886792,8.195212169369931,0,0.0,0.9130099837771667,4,691.0,0.6442022881034583,2,15.0,0.7488272634197904,0,0.0,0.9688895124201995,6,706.0
3315.0,7,716.0,14.612244897959183,7.5177638572580285,0,0.0,1.0,5,712.0,0.42824340096450475,2,25.0,0.7492643900243063,0,0.0,0.9686282532842253,7,737.0
3320.0,9,747.0,14.94,6.403803887808456,0,0.0,1.0,8,746.0,0.2297733573619482,1,22.0,0.5480353203269805,0,0.0,0.938055528667382,9,768.0
3325.0,14,802.0,16.367346938775512,5.903582116108957,0,0.0,1.0,9,787.0,0.21811584348400898,5,36.0,0.18687209379002723,0,0.0,0.9191109679145129,14,823.0
3330.0,13,303.0,5.9411764705882355,5.680838584713119,0,0.0,1.0,8,533.0,0.17881809502975496,5,61.0,0.06290528786683672,0,0.0,0.9443833904770457,13,594.0
3335.0,15,179.0,3.3773584905660377,5.989852430741065,0,0.0,1.0,9,302.0,0.22258946919955724,6,94.0,0.19812603650330252,0,0.0,0.936770775625221,15,396.0
3340.0,17,260.0,4.90566037735849,5.9810910219234374,0,0.0,1.0,9,156.0,0.1734319061242246,8,130.0,0.3485242995939503,0,0.0,0.9539069047316311,17,286.0
3345.0,17,342.0,6.218181818181818,5.83353904398295,0,0.0,1.0,9,201.0,0.23389577335652442,8,168.0,0.31924924822267803,0,0.0,0.9737919131940571,17,369.0
3350.0,10,213.0,3.8035714285714284,6.323387340600289,0,0.0,1.0,1,83.0,0.5411943284646266,9,210.0,0.33908142048431555,0,0.0,0.9446063138427385,10,293.0
3355.0,11,247.0,4.660377358490566,6.967699770264479,0,0.0,1.0,0,0.0,0.8939789244821098,11,261.0,0.36353548955824655,0,0.0,0.9552068187035598,11,261.0
3360.0,12,293.0,5.528301886792453,6.8411909763143095,0,0.0,0.9827310251467014,2,3.0,0.5799419813791206,10,310.0,0.33705785253412796,0,0.0,0.9420703537281749,12,313.0
3365.0,14,362.0,6.703703703703703,7.11290611382039,0,0.0,1.0,2,13.0,0.6042827883796634,12,368.0,0.3152564377196143,0,0.0,0.994298814139379,14,381.0
3370.0,15,414.0,7.2631578947368425,6.4528233225591185,0,0.0,1.0,1,1.0,0.7622093900205243,14,432.0,0.1698757547428842,0,0.0,0.9426712969201045,15,433.0
3375.0,17,497.0,8.568965517241379,6.77434305235607,0,0.0,1.0,1,6.0,0.7619448317883327,16,507.0,0.15003801232239583,0,0.0,0.933664941606106,17,513.0
3380.0,8,100.0,1.9230769230769231,5.508816918273788,0,0.0,1.0,1,11.0,0.4492322717848192,6,253.0,0.19046406498378762,1,1.0,0.5283512148910373,8,265.0
3385.0,7,30.0,0.5660377358490566,5.982612618438949,0,6.0,0.60648108467245,3,29.0,0.33326832695991754,0,95.0,0.33802945414778585,4,10.0,0.19724186962481047,7,140.0
3390.0,4,34.0,0.6181818181818182,7.524191351707541,0,0.0,0.786187160933132,1,18.0,0.7169357719567108,0,11.0,0.5981426464400097,3,25.0,0.13479323786083133,4,54.0
3395.0,5,57.0,1.0555555555555556,8.63309450339536,0,0.0,0.81830025734748,1,23.0,0.8004037294183176,0,0.0,0.9652185307363124,4,43.0,0.19655495769744433,5,66.0
3400.0,4,38.0,0.6785714285714286,8.626638426057214,2,3.0,0.09209970759145669,1,28.0,0.7809419648577607,0,4.0,0.8900299129343676,1,33.0,0.3279689045093899,4,68.0
3405.0,4,39.0,0.6610169491525424,8.371080601784572,2,13.0,0.007691886138030287,1,33.0,0.8221575588120063,1,12.0,0.6683987993820711,0,16.0,0.6636720611895682,4,74.0
3410.0,8,45.0,0.7758620689655172,7.586566657019963,3,28.0,4.1354199425539956e-05,0,9.0,0.9088146470313836,3,20.0,0.37685347326988183,0,0.0,0.9354533471075196,6,57.0
3415.0,12,96.0,1.7454545454545454,6.476875230826501,3,43.0,0.0,1,10.0,0.5129512544621139,6,48.0,0.30715497568443284,0,0.0,0.8696212905317361,10,101.0
3420.0,12,109.0,2.18,5.602685057074698,0,0.0,1.0,4,26.0,0.3442461535948503,6,78.0,0.3427115408474418,0,0.0,0.8939866271908927,10,104.0
3425.0,8,75.0,1.4150943396226414,6.027124010893889,0,0.0,1.0,6,51.0,0.22261049138817654,2,49.0,0.25044442443324083,0,0.0,0.8959865407612897,8,100.0
3430.0,7,92.0,1.7692307692307692,6.893986771261041,0,0.0,1.0,6,81.0,0.36235662248308553,1,41.0,0.45619138483504723,0,0.0,0.908250076888278,7,122.0
3435.0,7,127.0,2.4423076923076925,7.946038879078362,0,0.0,1.0,6,114.0,0.48088793242067274,1,35.0,0.6644343177340704,0,0.0,0.9566633122003768,7,149.0
3440.0,7,162.0,2.9454545454545453,7.828979761371037,0,0.0,1.0,6,144.0,0.36088811325902087,1,40.0,0.6556179143685319,0,0.0,0.9491544909986288,7,184.0
3445.0,9,207.0,3.6964285714285716,7.514263324347719,0,0.0,1.0,8,177.0,0.33791635041897644,1,45.0,0.2544294785562182,0,0.0,0.9245924189089809,9,222.0
3450.0,13,267.0,5.134615384615385,6.466418352902165,0,0.0,1.0,8,217.0,0.3687608375000436,4,62.0,0.17987350595466417,0,0.0,0.9211846941215077,12,279.0
3455.0,15,336.0,6.72,5.930258438204868,0,0.0,1.0,8,257.0,0.3351468976261299,5,83.0,0.0661113838726733,0,0.0,0.9281532029903787,13,340.0
3460.0,15,411.0,8.058823529411764,5.7961596269319715,0,0.0,1.0,8,298.0,0.3524615265838768,5,108.0,0.1587622001529453,0,0.0,0.9398840250898438,13,406.0
3465.0,15,486.0,9.918367346938776,5.239725927522302,0,0.0,1.0,8,335.0,0.21225596455576498,5,133.0,0.15993295248542386,0,0.0,0.984625634392889,13,468.0
3470.0,17,508.0,9.96078431372549,4.312798158168079,0,0.0,1.0,10,380.0,0.07963970881485029,4,112.0,0.1821242504002318,0,0.0,0.9915486317668464,14,492.0
3475.0,17,531.0,9.833333333333334,5.547093976383735,0,0.0,1.0,13,453.0,0.16376951943139684,3,112.0,0.4786239990621873,0,0.0,0.9583269321836074,16,565.0
3480.0,19,620.0,11.272727272727273,5.199728447258668,0,0.0,1.0,13,502.0,0.20614113103014442,5,127.0,0.25885721624950786,0,0.0,0.9455041168729276,18,629.0
3485.0,21,709.0,12.89090909090909,5.038727052440465,0,0.0,1.0,14,569.0,0.1978150257991621,7,156.0,0.12128146262666177,0,0.0,0.9517826879460568,21,725.0
3490.0,22,811.0,14.482142857142858,4.724751669475481,0,0.0,1.0,14,634.0,0.2275978344188191,8,193.0,0.10753058827877685,0,0.0,0.9829152600110508,22,827.0
3495.0,21,781.0,13.23728813559322,5.005647830988032,0,0.0,1.0,14,704.0,0.24139656648397412,6,140.0,0.10068490957495069,0,0.0,0.9813532311855664,20,844.0
3500.0,21,859.0,14.810344827586206,5.479832437961902,0,0.0,1.0,14,771.0,0.23384037226750448,5,90.0,0.12148700650925526,0,0.0,0.9374682141953341,19,861.0
3505.0,23,970.0,16.440677966101696,5.048160337849901,0,0.0,1.0,14,841.0,0.23153981426867282,6,118.0,0.0003550573642570239,0,0.0,0.9627087532951563,20,959.0
3510.0,13,297.0,5.120689655172414,4.498973878236512,0,0.0,1.0,5,373.0,0.18699806412255504,6,148.0,0.1419720820941265,0,0.0,0.9610835147871605,11,521.0
3515.0,9,155.0,2.6271186440677967,5.31163860333107,0,0.0,1.0,2,156.0,0.33075883765256175,4,139.0,0.17560178450375705,0,0.0,0.9819031257038138,6,295.0
3520.0,7,90.0,1.5254237288135593,6.554475952863586,0,0.0,1.0,3,67.0,0.36792086919829764,2,89.0,0.5312137718062767,0,0.0,0.9254936743096801,5,156.0
3525.0,9,131.0,2.2586206896551726,7.653242614880001,0,0.0,1.0,4,47.0,0.5263194097275534,3,40.0,0.6824836134151728,0,0.0,0.9438065793763383,7,87.0
3530.0,9,176.0,2.8852459016393444,7.951771918241894,0,0.0,0.5960535534911473,4,89.0,0.6260843512087221,3,55.0,0.6806680811412269,0,0.0,0.9449926704899244,7,144.0
3535.0,12,229.0,3.7540983606557377,7.33878381056617,1,3.0,1.1025989908530052e-05,5,112.0,0.5112537687192761,3,67.0,0.6759446008196327,0,0.0,0.9668296565259378,9,182.0
3540.0,12,200.0,3.508771929824561,6.752478428660242,1,8.0,0.0,6,122.0,0.4066794365622123,4,81.0,0.6342430555356153,1,3.0,0.49838341748942033,12,214.0
3545.0,14,191.0,3.537037037037037,6.064071223269028,0,0.0,1.0,9,162.0,0.2973384085369549,2,32.0,0.7031654646563859,0,0.0,0.9825086926386409,11,194.0
3550.0,13,242.0,4.653846153846154,6.139820007444419,0,0.0,0.6961297095092661,11,220.0,0.23654766433528082,2,42.0,0.6822368364520501,0,0.0,0.9219690433862453,13,262.0
3555.0,13,307.0,6.395833333333333,6.828865438547278,0,0.0,0.9920681720614664,11,272.0,0.2885498896626749,2,49.0,0.5757223877477518,0,0.0,0.9757156830026885,13,321.0
3560.0,14,375.0,7.5,6.807183494176132,0,0.0,0.9488761907398585,12,330.0,0.30644282643605947,2,59.0,0.48084249648015076,0,0.0,0.9316629734347017,14,389.0
3565.0,14,381.0,7.055555555555555,6.6308934129064045,0,0.0,1.0,12,390.0,0.3506230798788045,0,26.0,0.5970059627815119,0,0.0,0.9925273967618661,12,416.0
3570.0,14,442.0,8.185185185185185,6.931339916293087,0,0.0,1.0,12,450.0,0.3057464716527892,2,6.0,0.49124550296822805,0,0.0,0.9524612791071809,14,456.0
3575.0,15,514.0,9.69811320754717,6.774384611711393,0,0.0,1.0,13,512.0,0.26760595409946775,2,16.0,0.4986262510135873,0,0.0,0.6817418387932676,15,528.0
3580.0,18,597.0,11.705882352941176,6.221897469112228,0,0.0,1.0,13,571.0,0.17863574013939706,4,31.0,0.00022202091401082747,1,3.0,0.6350823428769697,18,605.0
3585.0,17,679.0,13.057692307692308,6.3761887263514545,0,0.0,1.0,13,636.0,0.12602019618628696,4,52.0,0.3108355003451564,0,0.0,0.8585881134810548,17,688.0
3590.0,16,733.0,14.66,5.867530122693363,0,0.0,1.0,13,701.0,0.06720117163342873,3,54.0,0.4359277028425338,0,0.0,0.9372721818359763,16,755.0
3595.0,15,786.0,15.72,6.307579163403615,0,0.0,1.0,12,747.0,0.21961256196536788,3,54.0,0.49886447382718596,0,0.0,0.9993490341694425,15,801.0
3600.0,18,868.0,18.46808510638298,5.742585311774415,0,0.0,1.0,13,808.0,0.15413734558108694,5,78.0,0.4019015623936217,0,0.0,0.9359411416552322,18,886.0
