step,system_total_stopped,system_total_waiting_time,system_mean_waiting_time,system_mean_speed,cluster_10564135163_13571629282_5146149679_stopped,cluster_10564135163_13571629282_5146149679_accumulated_waiting_time,cluster_10564135163_13571629282_5146149679_average_speed,cluster_10564135205_11749189839_3266988437_5129187741_#3more_stopped,cluster_10564135205_11749189839_3266988437_5129187741_#3more_accumulated_waiting_time,cluster_10564135205_11749189839_3266988437_5129187741_#3more_average_speed,cluster_10564135211_11749189838_12136544949_12136544951_#7more_stopped,cluster_10564135211_11749189838_12136544949_12136544951_#7more_accumulated_waiting_time,cluster_10564135211_11749189838_12136544949_12136544951_#7more_average_speed,cluster_10564135212_13571629279_13571629299_stopped,cluster_10564135212_13571629279_13571629299_accumulated_waiting_time,cluster_10564135212_13571629279_13571629299_average_speed,agents_total_stopped,agents_total_accumulated_waiting_time
0.0,0,0.0,0.0,0.0,0,0.0,1.0,0,0.0,1.0,0,0.0,1.0,0,0.0,1.0,0,0.0
5.0,0,0.0,0.0,9.631016146519777,0,0.0,1.0,0,0.0,0.911388217106111,0,0.0,1.0,0,0.0,0.9272933569150619,0,0.0
10.0,0,0.0,0.0,8.12415703172526,0,0.0,1.0,0,0.0,0.9385133903526304,0,0.0,1.0,0,0.0,0.9972659497338956,0,0.0
15.0,0,0.0,0.0,7.782800972888028,0,0.0,1.0,0,0.0,0.984428364196196,0,0.0,1.0,0,0.0,0.9487414354518712,0,0.0
20.0,0,0.0,0.0,8.323816343634741,0,0.0,1.0,0,0.0,0.9783167773456567,0,0.0,1.0,0,0.0,0.9594711483711216,0,0.0
25.0,0,0.0,0.0,8.505524144674816,0,0.0,1.0,0,0.0,0.9566147237272646,0,0.0,0.9496626328406601,0,0.0,0.9576635242966454,0,0.0
30.0,1,2.0,0.16666666666666666,6.453745954787524,0,0.0,1.0,0,0.0,0.5038728439670271,1,2.0,0.2660981283420018,0,0.0,0.9532800215916978,1,2.0
35.0,3,14.0,1.0,6.220812791740157,0,0.0,1.0,1,4.0,0.4772980891002575,2,10.0,9.129719395463217e-05,0,0.0,0.930375423842652,3,14.0
40.0,3,29.0,1.7058823529411764,5.696172657957198,0,0.0,1.0,1,9.0,0.08450787663376182,2,20.0,0.0,0,0.0,0.951888627461768,3,29.0
45.0,2,30.0,1.6666666666666667,5.945122170692167,0,0.0,1.0,0,0.0,0.7255724413250213,2,30.0,0.0,0,0.0,0.959193289115531,2,30.0
50.0,2,40.0,2.0,7.1800706559428304,0,0.0,1.0,0,0.0,0.9450718762310418,2,40.0,0.3956697859445459,0,0.0,0.9642693284466659,2,40.0
55.0,3,53.0,2.409090909090909,7.88774634317921,0,0.0,1.0,0,0.0,0.9061925857806068,3,59.0,0.4409274255258337,0,0.0,0.9598029799346701,3,59.0
60.0,3,68.0,2.9565217391304346,7.811772068690259,0,0.0,1.0,0,0.0,0.9514664709713796,3,71.0,0.4691100285348086,0,0.0,0.9848728881082657,3,71.0
65.0,3,83.0,3.608695652173913,7.451737550372068,0,0.0,1.0,0,0.0,0.9783383390871953,3,86.0,0.44035549071919383,0,0.0,0.9430351843471982,3,86.0
70.0,3,59.0,2.36,7.200963919904143,0,0.0,1.0,0,0.0,0.874327959102641,2,59.0,0.4841691219916111,0,0.0,0.9762764936977988,2,59.0
75.0,5,77.0,2.8518518518518516,6.978952975972833,0,0.0,1.0,1,2.0,0.33447077770270783,3,70.0,0.5510324173595621,0,0.0,0.9646563102246863,4,72.0
80.0,4,89.0,3.0689655172413794,6.236420406627589,0,0.0,1.0,1,7.0,0.532191657801413,3,85.0,0.5096214446759917,0,0.0,0.9566320422145012,4,92.0
85.0,5,114.0,3.6774193548387095,7.307316073430497,0,0.0,1.0,1,12.0,0.7237233034067078,4,105.0,0.43078683366416914,0,0.0,0.9900990274027407,5,117.0
90.0,6,143.0,4.931034482758621,6.625901249966555,0,0.0,1.0,1,17.0,0.47999628964613167,5,129.0,0.34636767796496054,0,0.0,0.9435408883556435,6,146.0
95.0,8,179.0,5.774193548387097,6.170942483494229,0,0.0,1.0,1,22.0,0.6344304053059246,7,160.0,0.061494609540222664,0,0.0,0.944261540523997,8,182.0
100.0,4,44.0,1.375,6.731350783480421,0,0.0,1.0,2,29.0,0.3153371603969684,2,43.0,0.23141740000623987,0,0.0,0.9356436251385327,4,72.0
105.0,4,64.0,2.0,7.373025435739592,0,0.0,1.0,2,48.0,0.47674185195065916,2,25.0,0.35841853529772905,0,0.0,0.9577848263674373,4,73.0
110.0,5,86.0,2.4571428571428573,7.761689724304135,0,0.0,0.9497307627195958,2,58.0,0.7038768369496181,3,37.0,0.22434830356565416,0,0.0,0.9499152951372584,5,95.0
115.0,5,111.0,3.0833333333333335,7.640383064133808,0,0.0,1.0,2,68.0,0.6534865228076245,3,52.0,0.3832932576754236,0,0.0,0.9402956775399782,5,120.0
120.0,4,124.0,3.263157894736842,8.251927464424336,0,0.0,1.0,2,78.0,0.6921526268132854,2,55.0,0.32839059190405007,0,0.0,0.9532183799250832,4,133.0
125.0,3,67.0,1.763157894736842,8.418842714458066,0,3.0,0.9091008978976535,0,10.0,0.8363194024840949,3,67.0,0.22529668301789685,0,0.0,0.950269288183464,3,80.0
130.0,4,83.0,2.128205128205128,7.629510836714323,0,0.0,1.0,1,10.0,0.6986231354292273,3,82.0,0.0,0,0.0,0.9595258888111964,4,92.0
135.0,5,108.0,2.918918918918919,8.068286557635753,0,0.0,1.0,2,15.0,0.6364507900181515,3,103.0,0.4213361196869142,0,0.0,0.9792868505566157,5,118.0
140.0,4,116.0,3.0526315789473686,8.633825442514956,0,0.0,1.0,2,21.0,0.4922369719647447,2,101.0,0.6807666629697721,0,0.0,0.9161473998559613,4,122.0
145.0,2,105.0,2.625,8.623700179270566,0,0.0,1.0,0,14.0,0.5882306080896991,2,111.0,0.6875662615850893,0,0.0,0.9708362431602646,2,125.0
150.0,4,122.0,2.975609756097561,8.16413759665229,0,0.0,1.0,2,7.0,0.48306198810933754,2,118.0,0.5547517295443424,0,0.0,0.9535633544194301,4,125.0
155.0,5,146.0,3.395348837209302,8.659143609220088,0,0.0,1.0,2,17.0,0.47096337699376445,3,132.0,0.6475010442675048,0,0.0,0.9409682393187678,5,149.0
160.0,6,172.0,4.095238095238095,8.025603890931405,0,0.0,1.0,2,27.0,0.5829580939497239,4,148.0,0.3858033886879438,0,0.0,0.932727070903316,6,175.0
165.0,2,20.0,0.4878048780487805,8.266895419499795,0,0.0,1.0,0,0.0,0.6998403170007359,2,92.0,0.5418304859145434,0,0.0,0.9596761138616168,2,92.0
170.0,1,11.0,0.2619047619047619,8.202392585576963,0,0.0,1.0,0,0.0,0.8598172855591074,1,14.0,0.5272891201665301,0,0.0,0.99490744174352,1,14.0
175.0,4,31.0,0.7209302325581395,8.717806668912333,0,0.0,1.0,0,0.0,0.9937796930145131,3,32.0,0.5199063815091124,0,0.0,0.9594256314900941,3,32.0
180.0,4,46.0,1.0454545454545454,8.553915489464952,0,0.0,1.0,0,0.0,0.9660671390745552,4,52.0,0.5650371709220775,0,0.0,0.9869290073874274,4,52.0
185.0,3,28.0,0.5957446808510638,7.960195796650912,0,0.0,1.0,0,0.0,0.8195106780908703,1,29.0,0.6894397600981285,0,0.0,0.9740923113256374,1,29.0
190.0,6,54.0,1.35,7.726925853689394,0,3.0,0.7107376769221094,1,7.0,0.5105406255461208,1,34.0,0.721962629032657,0,0.0,0.9538765603681257,2,44.0
195.0,6,82.0,2.0,7.802923890266003,0,0.0,1.0,2,17.0,0.6323643080917435,1,39.0,0.4886027520332612,0,0.0,0.9368226894505547,3,56.0
200.0,7,102.0,2.4285714285714284,7.630304511491809,0,0.0,1.0,3,34.0,0.4837423492965357,2,45.0,9.470885605982471e-05,0,0.0,0.9680404883531306,5,79.0
205.0,5,94.0,2.238095238095238,8.19655776520036,0,0.0,1.0,3,44.0,0.5466103423887271,2,55.0,0.0,0,0.0,0.9464096469832461,5,99.0
210.0,4,68.0,1.6585365853658536,7.856066636511375,0,0.0,1.0,3,54.0,0.4872649796331052,1,14.0,0.46607755852231497,0,0.0,0.9593375335135861,4,68.0
215.0,5,90.0,2.0930232558139537,7.822630763255088,0,0.0,1.0,3,72.0,0.41724139803496957,2,24.0,0.44030957930405296,0,0.0,0.9729808360612396,5,96.0
220.0,8,122.0,2.652173913043478,7.4735816845899015,0,0.0,1.0,5,92.0,0.18747399621122166,3,36.0,0.3807494620761858,0,0.0,0.9544826978696945,8,128.0
225.0,2,41.0,0.8913043478260869,7.4987429051129855,0,0.0,1.0,0,19.0,0.6173712923931387,2,37.0,0.3421334967908524,0,0.0,0.978353184359496,2,56.0
230.0,5,60.0,1.3636363636363635,7.307495644999375,0,0.0,1.0,0,19.0,0.9435246841711542,3,50.0,0.22000851177951386,0,0.0,0.9858974054335743,3,69.0
235.0,4,41.0,0.9111111111111111,8.059890572260445,0,0.0,1.0,0,19.0,0.848907544689904,2,37.0,0.5968947368621231,0,0.0,0.9411657301117009,2,56.0
240.0,4,50.0,1.0869565217391304,8.213519680152048,0,0.0,1.0,1,19.0,0.7815523862051604,2,37.0,0.5897366205035179,0,0.0,0.9478512311084073,3,56.0
245.0,3,48.0,1.0909090909090908,8.056917975001278,0,0.0,1.0,1,19.0,0.6188478144378932,2,47.0,0.5043336357687834,0,0.0,0.9612686889043284,3,66.0
250.0,5,72.0,1.7560975609756098,7.935554406960154,0,0.0,1.0,1,8.0,0.4846843048792943,2,57.0,0.4737975375910994,0,0.0,0.9416422171905893,3,65.0
255.0,3,32.0,0.7619047619047619,7.603101752932826,0,0.0,1.0,1,13.0,0.5056891960454727,0,11.0,0.7227823325462652,0,0.0,0.9732869208127657,1,24.0
260.0,2,22.0,0.5238095238095238,7.858544565695517,0,0.0,0.6096686515876419,2,28.0,0.551094932405651,0,0.0,1.0,0,0.0,0.964324894379265,2,28.0
265.0,2,3.0,0.07317073170731707,7.334131087171151,1,2.0,0.17673254387305823,1,7.0,0.7354914415966114,0,0.0,1.0,0,0.0,0.9452789219330042,2,9.0
270.0,5,22.0,0.5365853658536586,7.764584304913779,3,15.0,0.00015113788750593818,2,13.0,0.6788742392759106,0,0.0,1.0,0,0.0,0.9607466969194092,5,28.0
275.0,5,47.0,1.119047619047619,8.1171947626271,3,30.0,4.420675583442355e-06,2,23.0,0.7373319174086551,0,6.0,0.896134736129725,0,0.0,0.9845241103342698,5,59.0
280.0,3,29.0,0.6904761904761905,7.206851129102569,0,0.0,1.0,2,33.0,0.6009549205871011,1,8.0,0.3969756557428496,0,0.0,0.9968875606442422,3,41.0
285.0,6,57.0,1.3255813953488371,7.642430720708661,0,0.0,1.0,3,48.0,0.5932466919495416,3,24.0,0.5943801957734983,0,0.0,0.9305962748114116,6,72.0
290.0,8,90.0,1.9565217391304348,7.081888366007483,0,0.0,1.0,4,62.0,0.38546718421130277,4,40.0,0.5422560213275962,0,0.0,0.9605837527210423,8,102.0
295.0,9,115.0,2.3958333333333335,6.657418499282433,0,0.0,1.0,7,88.0,0.12694825785027847,2,44.0,0.6053251947517058,0,0.0,0.9962500189132697,9,132.0
300.0,10,163.0,3.326530612244898,6.379225529880274,0,0.0,1.0,7,132.0,0.2631277375514397,3,49.0,0.5491976317538698,0,0.0,0.9920437688447356,10,181.0
305.0,10,171.0,3.5625,5.72861176812514,0,0.0,1.0,3,113.0,0.4171468826168831,7,75.0,0.2759930973869292,0,0.0,0.9549933960999518,10,188.0
310.0,12,225.0,4.591836734693878,5.390366475046051,0,0.0,1.0,3,126.0,0.42102421991050526,8,112.0,0.077280265773442,0,0.0,0.9839372235276169,11,238.0
315.0,10,184.0,3.7551020408163267,5.444873715338265,0,0.0,1.0,4,146.0,0.4089270995440324,4,74.0,0.25662020546124514,0,0.0,0.9390314967761548,8,220.0
320.0,13,244.0,4.88,5.926040389371385,0,3.0,0.5495730198663845,5,172.0,0.39153571159151995,4,62.0,0.32940033434669796,0,0.0,0.9476085230140017,9,237.0
325.0,13,309.0,6.18,6.921145936286169,0,0.0,0.7250918964221196,5,203.0,0.5289183836908616,4,82.0,0.3279402132138885,0,0.0,0.9468133227787782,9,285.0
330.0,7,145.0,2.9,7.268279940814751,0,0.0,1.0,2,100.0,0.6241942496021059,4,102.0,0.49313376904864303,0,0.0,0.9602700017579009,6,202.0
335.0,6,138.0,2.875,7.897932087321003,0,0.0,1.0,1,30.0,0.6776439931442354,5,123.0,0.3549210771026194,0,0.0,0.9563982417997501,6,153.0
340.0,7,173.0,3.6041666666666665,7.108558108806684,0,0.0,1.0,2,34.0,0.6475688832215877,5,151.0,0.2650422247932461,0,0.0,0.9353574470335625,7,185.0
345.0,11,227.0,4.63265306122449,6.728153814122232,0,0.0,1.0,2,41.0,0.47578320184816153,7,185.0,0.3120061787550535,0,0.0,0.9579529305518247,9,226.0
350.0,12,279.0,5.8125,6.044631050674472,0,0.0,1.0,4,58.0,0.36031113574450946,7,220.0,0.3740512729797705,0,0.0,0.9687087194670977,11,278.0
355.0,12,327.0,6.8125,5.617693947086412,0,0.0,1.0,4,78.0,0.3032020006680989,8,258.0,0.2614428079378604,0,0.0,0.9364133507845207,12,336.0
360.0,15,392.0,8.166666666666666,4.973643156491465,0,0.0,1.0,6,102.0,0.12481210948854597,9,299.0,0.21207014543322167,0,0.0,0.978520911786709,15,401.0
365.0,17,473.0,9.46,5.203686537810217,0,0.0,1.0,6,132.0,0.05789013636577616,10,346.0,0.27262528322709995,0,0.0,0.9336080454811677,16,478.0
370.0,12,452.0,8.862745098039216,5.345627172965289,0,0.0,1.0,1,63.0,0.30391517674674534,10,396.0,0.21377440327377487,0,0.0,0.9643449612309052,11,459.0
375.0,9,364.0,7.0,5.706805413612033,0,0.0,1.0,1,58.0,0.6276065148742517,6,316.0,0.13734301749985592,0,0.0,0.9462226300525381,7,374.0
380.0,9,400.0,7.142857142857143,7.102148028396338,0,3.0,0.6502489823262787,1,68.0,0.695541060241182,5,321.0,0.36295429010518226,0,0.0,0.9475906514307587,6,392.0
385.0,7,397.0,7.089285714285714,8.18665211680479,0,0.0,0.7280595473904068,2,77.0,0.7348044305839732,5,334.0,0.35645868749443,0,0.0,0.9656290700119537,7,411.0
390.0,8,434.0,7.75,8.017536701893759,0,0.0,1.0,3,89.0,0.5776818942054331,5,359.0,0.48273848452856116,0,0.0,0.9481953614865251,8,448.0
395.0,11,480.0,8.571428571428571,7.3436963566145605,0,0.0,1.0,4,105.0,0.48240095907724745,5,384.0,0.42635086515207493,0,0.0,0.9407954831520882,9,489.0
400.0,7,321.0,5.631578947368421,7.9351443787615095,0,0.0,1.0,4,125.0,0.582642468871554,3,305.0,0.49793076964067906,0,0.0,0.989217309043305,7,430.0
405.0,6,167.0,3.150943396226415,7.935264501115596,0,0.0,1.0,4,154.0,0.613412156725507,2,125.0,0.3683575801597565,0,0.0,0.9391606552575594,6,279.0
410.0,9,152.0,3.04,6.944086587789846,0,0.0,1.0,4,136.0,0.3034892748246154,5,60.0,0.28221307296691667,0,0.0,0.9477029982438704,9,196.0
415.0,9,197.0,3.6481481481481484,7.400992707481267,0,0.0,1.0,4,135.0,0.302351752820265,5,85.0,0.3705064465799041,0,0.0,0.9540523153271598,9,220.0
420.0,6,186.0,3.509433962264151,6.81012501496507,0,0.0,1.0,5,150.0,0.3414375883003115,1,50.0,0.38925941677441117,0,0.0,0.9760105597789819,6,200.0
425.0,7,221.0,4.510204081632653,7.2045950973017625,0,6.0,0.554792850550261,5,178.0,0.35992565730068193,2,57.0,0.527162545433472,0,0.0,0.9580668567318171,7,241.0
430.0,8,260.0,5.416666666666667,7.318636872516471,0,0.0,0.7867921985284715,5,203.0,0.3173507461655547,3,71.0,0.5634812627931179,0,0.0,0.9390799276548327,8,274.0
435.0,11,188.0,3.76,6.833710052171563,0,0.0,1.0,5,113.0,0.2891382900089169,4,87.0,0.5110145141596956,0,0.0,0.964044570839597,9,200.0
440.0,12,164.0,3.215686274509804,6.1117279154484425,0,0.0,1.0,6,141.0,0.31441384528314664,2,45.0,0.6157733560787778,0,0.0,0.9990214517816547,8,186.0
445.0,8,167.0,3.4791666666666665,7.087198335915034,0,0.0,1.0,6,171.0,0.3860635983472954,1,17.0,0.7457724121652467,0,0.0,0.9311196252565253,7,188.0
450.0,10,202.0,4.208333333333333,6.957296244536319,0,0.0,0.991481718240549,6,202.0,0.24891734840747434,3,17.0,0.4512462600194014,0,0.0,0.985210389839172,9,219.0
455.0,4,32.0,0.6530612244897959,6.880165490151694,0,0.0,1.0,0,26.0,0.467461199347109,3,32.0,0.42204187173011487,0,0.0,0.9674349263777081,3,58.0
460.0,1,11.0,0.2391304347826087,7.115852975772661,0,0.0,1.0,0,13.0,0.49356164608215575,1,32.0,0.4823122588696878,0,0.0,0.9755554743646933,1,45.0
465.0,3,22.0,0.46808510638297873,8.469162413890643,0,0.0,1.0,1,21.0,0.6787628321687302,2,42.0,0.5873609645249928,0,0.0,0.9359580507027907,3,63.0
470.0,3,37.0,0.7708333333333334,8.886697806877455,0,0.0,1.0,1,17.0,0.665054952520784,2,49.0,0.6361600958196024,0,0.0,0.9318060147953299,3,66.0
475.0,4,42.0,0.8571428571428571,8.524708914829326,0,0.0,1.0,1,1.0,0.7150953948107038,2,59.0,0.4839511112907301,0,0.0,0.953788324096665,3,60.0
480.0,4,47.0,1.0,8.097521979692205,0,0.0,1.0,1,6.0,0.7540535826763854,1,41.0,0.5766947961552878,0,0.0,0.9512298173705094,2,47.0
485.0,7,75.0,1.7045454545454546,7.120060198137076,0,0.0,1.0,1,15.0,0.7714224683985389,2,48.0,0.62632000462908,0,0.0,0.9522822228498605,3,63.0
490.0,10,120.0,2.7906976744186047,5.893168197101843,0,0.0,1.0,1,20.0,0.6397515981249715,3,62.0,0.2327665005708496,0,0.0,0.960581564806141,4,82.0
495.0,11,158.0,3.511111111111111,5.815086483894815,0,0.0,1.0,0,12.0,0.8299331244510192,5,86.0,0.23792614321964556,0,0.0,0.9899791035850464,5,98.0
500.0,12,170.0,3.7777777777777777,5.297590530478483,0,0.0,1.0,1,16.0,0.6115417809411526,6,113.0,0.11775445241367077,0,0.0,0.9581201320508841,7,129.0
505.0,4,72.0,1.5,6.683059622549375,0,0.0,1.0,3,20.0,0.6378272418440039,1,85.0,0.503131068201692,0,0.0,0.9641941396794115,4,105.0
510.0,5,94.0,1.9583333333333333,7.189500368743837,0,0.0,1.0,4,43.0,0.5397124236048012,1,68.0,0.7203836832293258,0,0.0,0.9789591592787377,5,111.0
515.0,1,66.0,1.375,7.751262526572654,0,0.0,0.6676751753140094,0,23.0,0.5024363263419138,1,70.0,0.7193779566911399,0,0.0,0.9939851469222195,1,93.0
520.0,2,76.0,1.6521739130434783,8.341659253045556,0,0.0,1.0,1,11.0,0.8103305246675706,1,75.0,0.6522614919809241,0,0.0,0.9420620574475835,2,86.0
525.0,4,89.0,1.8936170212765957,8.616400397239547,0,0.0,1.0,1,16.0,0.7885714172517838,1,83.0,0.7128167990291713,0,0.0,0.9764201275623201,2,99.0
530.0,6,114.0,2.326530612244898,8.021251883130459,0,0.0,1.0,2,22.0,0.6386881483332988,1,88.0,0.6570726180985631,0,0.0,0.9597847837033311,3,110.0
535.0,6,105.0,2.234042553191489,6.9565596744050415,0,0.0,1.0,0,6.0,0.9589171745872822,4,100.0,0.398187349698048,0,0.0,0.9423715327084806,4,106.0
540.0,5,121.0,2.75,7.6928343840297995,0,0.0,1.0,0,7.0,0.9515317562738124,4,120.0,0.3172766755819379,0,0.0,0.9894696522671489,4,127.0
545.0,2,109.0,2.369565217391304,8.304719410642278,0,0.0,1.0,0,4.0,0.9099072704759148,1,105.0,0.769576193239833,0,0.0,0.9584325148120791,1,109.0
550.0,1,101.0,2.1956521739130435,8.291358632473575,0,0.0,1.0,0,4.0,0.8108664945355053,1,119.0,0.8253147449589875,0,0.0,0.9340530278187336,1,123.0
555.0,1,106.0,2.409090909090909,8.639710787410777,0,0.0,1.0,0,3.0,0.7191844761678104,1,112.0,0.779847697934946,0,0.0,0.9656447846238869,1,115.0
560.0,2,116.0,2.4680851063829787,9.014760953236019,0,0.0,1.0,0,3.0,0.9524144320816607,1,117.0,0.7967011217570498,0,0.0,0.9726287669978437,1,120.0
565.0,4,133.0,2.8297872340425534,8.892475418884311,0,0.0,0.9170092920435647,1,6.0,0.7803808507752261,1,124.0,0.7591769904054921,0,0.0,0.91150457136294,2,130.0
570.0,3,11.0,0.25,8.4311651044118,0,0.0,1.0,2,12.0,0.6747455159392867,0,8.0,0.9492306176030773,0,0.0,0.9630590733466594,2,20.0
575.0,1,7.0,0.1590909090909091,8.064125517600633,0,3.0,0.9013740442610119,0,0.0,0.8587536521780382,0,8.0,0.5641248376799877,0,0.0,0.9598565917564588,0,11.0
580.0,4,22.0,0.5,8.211376996582912,0,0.0,1.0,1,1.0,0.5246557801591306,2,20.0,0.5831091678608621,0,0.0,0.9766240380796679,3,21.0
585.0,7,48.0,1.1428571428571428,7.6785887474002505,0,0.0,1.0,2,9.0,0.47108510828701644,4,36.0,0.5664461587289352,0,0.0,0.9924559852596184,6,45.0
590.0,3,41.0,0.9534883720930233,7.176928547985228,0,0.0,1.0,2,19.0,0.5875754302090987,0,13.0,0.7723712728979112,0,0.0,0.9439969972074155,2,32.0
595.0,4,36.0,0.8372093023255814,7.854154808549338,0,6.0,0.7543234946493097,2,30.0,0.5798161747120204,0,6.0,0.9306768922823415,0,0.0,0.8601201666651086,2,42.0
600.0,2,39.0,1.054054054054054,8.569076388257674,0,0.0,0.7304080901403155,2,39.0,0.5716681246619519,0,6.0,0.9431756083247655,0,0.0,0.9437066695007365,2,45.0
605.0,4,53.0,1.4324324324324325,8.00090440016688,0,0.0,1.0,2,49.0,0.5764121290704987,0,3.0,0.92584337239654,0,0.0,0.9635707287874409,2,52.0
610.0,2,1.0,0.025,7.824662881286576,0,0.0,1.0,0,27.0,0.744099926063962,2,4.0,0.691870205560914,0,0.0,0.9344183746886369,2,31.0
615.0,1,6.0,0.15,8.424453496880503,0,0.0,0.946922395889658,0,0.0,0.8430762396203006,1,6.0,0.5768492291664175,0,0.0,0.9643306802351242,1,6.0
620.0,2,7.0,0.17073170731707318,8.17259284408799,0,0.0,1.0,2,8.0,0.5654433131356656,0,3.0,0.8007764758464213,0,0.0,0.9447478594798523,2,11.0
625.0,4,24.0,0.5581395348837209,7.901401962406667,0,0.0,1.0,2,18.0,0.40005316419750336,2,10.0,0.5553860608551755,0,0.0,0.9823522727028788,4,28.0
630.0,3,19.0,0.48717948717948717,7.856804183310871,0,0.0,1.0,0,0.0,0.9610589484749328,3,22.0,0.3946096827434399,0,0.0,0.9726740439171302,3,22.0
635.0,5,37.0,0.8809523809523809,7.696051650792929,0,0.0,1.0,0,0.0,0.9369376169869825,4,39.0,0.32105600424171243,0,0.0,0.9591735400392967,4,39.0
640.0,6,66.0,1.6097560975609757,7.839277735749342,0,0.0,1.0,0,0.0,0.9391992479739534,4,62.0,0.5183742477474502,0,0.0,0.9576081571755451,4,62.0
645.0,7,89.0,2.1707317073170733,7.010468927595241,0,0.0,1.0,0,0.0,0.9730321839789094,6,85.0,0.31928173498291823,0,0.0,0.9446330675444479,6,85.0
650.0,9,129.0,2.8666666666666667,6.8120020537445445,0,0.0,1.0,0,0.0,0.9758635407749754,7,117.0,0.21176177065975413,0,0.0,0.9282588014899507,7,117.0
655.0,10,161.0,3.577777777777778,6.647703431300533,0,0.0,1.0,0,0.0,0.9421585052638499,7,152.0,0.285169506419265,0,0.0,0.8746532764461143,7,152.0
660.0,5,69.0,1.5681818181818181,6.954936958022535,0,0.0,1.0,0,17.0,0.8636211654699562,2,97.0,0.42327272857251813,0,0.0,0.9360845108124949,2,114.0
665.0,3,45.0,1.0227272727272727,7.989730042348575,0,3.0,0.7952806192115683,0,20.0,0.8746329753046306,0,39.0,0.6806359505007751,0,0.0,0.9804573852705564,0,62.0
670.0,2,4.0,0.08695652173913043,8.452692047254486,1,5.0,0.2287796232265835,1,8.0,0.7239943575224533,0,0.0,0.935301783226808,0,0.0,0.9756424613168263,2,13.0
675.0,4,20.0,0.425531914893617,8.315226506178565,3,16.0,7.954901720914086e-05,1,10.0,0.7983980341272144,0,0.0,0.9453459640602981,0,0.0,0.9408889968139749,4,26.0
680.0,4,40.0,0.8333333333333334,7.728002784290392,3,31.0,2.995715147580658e-06,1,15.0,0.675562641955755,0,0.0,0.9700962418580905,0,0.0,0.9553783806293974,4,46.0
685.0,4,31.0,0.6458333333333334,7.6556483155082375,0,0.0,1.0,2,24.0,0.6583011077092183,0,0.0,0.9747009117720186,0,0.0,0.978714310979683,2,24.0
690.0,6,59.0,1.2291666666666667,7.8896748528058005,0,0.0,1.0,2,34.0,0.7070931628097206,0,0.0,0.9807361644125488,0,0.0,0.946833339795774,2,34.0
695.0,3,26.0,0.5416666666666666,7.064175804862629,0,0.0,1.0,1,14.0,0.6304550139419132,1,2.0,0.2066174011038569,0,0.0,0.9453685715922573,2,16.0
700.0,5,47.0,1.0,7.344478919375392,0,0.0,1.0,2,21.0,0.47142837584893493,2,11.0,1.1990339930816924e-05,0,0.0,0.9527256157284651,4,32.0
705.0,5,72.0,1.44,7.420720808732037,0,0.0,1.0,2,31.0,0.47785612677690914,2,25.0,0.4926243461356657,0,0.0,0.9663632879284658,4,56.0
710.0,5,87.0,1.74,7.696334603763287,0,0.0,1.0,2,42.0,0.5825421330342766,2,25.0,0.6451302790481063,0,0.0,0.92027496776125,4,67.0
715.0,5,83.0,1.7291666666666667,7.777792811956426,0,0.0,1.0,2,51.0,0.6793603325076308,3,36.0,0.4140620189859453,0,0.0,0.9230467173530236,5,87.0
720.0,5,54.0,1.173913043478261,6.947818838751117,0,0.0,1.0,0,0.0,0.6066789189018407,4,55.0,0.48060334999629084,0,0.0,0.932757825723693,4,55.0
725.0,8,86.0,1.8297872340425532,6.144817353262565,0,0.0,1.0,1,3.0,0.36885613585161164,5,78.0,0.4219608351008248,0,0.0,0.6215576359096963,6,81.0
730.0,7,57.0,1.2127659574468086,6.745848296655958,0,0.0,1.0,2,11.0,0.4649990116700017,2,49.0,0.5909880822786655,1,5.0,0.4875985549981465,5,65.0
735.0,6,63.0,1.3404255319148937,7.140097486872572,0,0.0,0.5246811008166476,2,27.0,0.5452968792227919,2,33.0,0.5060529933699415,0,0.0,0.9562623172286538,4,60.0
740.0,10,102.0,2.1702127659574466,7.070061832145843,2,6.0,0.07088743559971618,2,37.0,0.6246156531035191,2,27.0,0.45734726817191473,0,0.0,0.9598867531402878,6,70.0
745.0,14,163.0,3.6222222222222222,6.57158054860693,2,16.0,0.006966053201770157,3,52.0,0.5959135872496228,2,37.0,0.5729573072558886,0,0.0,0.9375415603730236,7,105.0
750.0,13,211.0,4.586956521739131,6.375184430556512,0,1.0,0.05263196012093164,3,67.0,0.6427972475588599,2,47.0,0.45069026500533527,0,0.0,0.8921188402169573,5,115.0
755.0,13,256.0,5.688888888888889,6.132642715672619,0,0.0,1.0,3,82.0,0.5951730529665813,1,33.0,0.3913202075408155,0,0.0,0.940577184075181,4,115.0
760.0,14,320.0,6.808510638297872,5.705017718085765,0,0.0,1.0,4,99.0,0.3967278841114376,2,41.0,0.25444287417608236,0,0.0,0.9768541536441869,6,140.0
765.0,13,240.0,5.217391304347826,5.383860530950578,0,0.0,1.0,6,127.0,0.18738752303831263,4,57.0,0.18555769167218855,0,0.0,0.9749947204590208,10,184.0
770.0,12,234.0,4.9787234042553195,5.414917979893755,0,0.0,1.0,7,162.0,0.1935282203247982,5,78.0,0.0511565163443074,0,0.0,0.9745214777268513,12,240.0
775.0,14,270.0,5.510204081632653,5.576827704196263,0,0.0,1.0,9,201.0,0.22144141596937253,3,116.0,0.2035146210988906,2,1.0,0.32480286909730327,14,318.0
780.0,3,82.0,1.7826086956521738,5.936006162386131,0,0.0,1.0,0,32.0,0.4635157109324252,3,147.0,0.4296000884488252,0,0.0,0.38684212216243885,3,179.0
785.0,5,100.0,2.2222222222222223,6.576663126478455,0,0.0,1.0,0,3.0,0.5636896480748063,4,160.0,0.19139511449357868,0,0.0,0.817258118294183,4,163.0
790.0,6,128.0,2.909090909090909,7.83527597259533,0,0.0,1.0,2,12.0,0.5689949779550716,4,189.0,0.5662801341137895,0,0.0,0.9440318997561113,6,201.0
795.0,6,54.0,1.125,7.905939142888674,0,0.0,1.0,2,22.0,0.6924782116154414,2,135.0,0.6549250856401505,0,0.0,0.9527626641359956,4,157.0
800.0,4,36.0,0.75,8.405251447591516,0,0.0,1.0,2,32.0,0.689460196369191,0,46.0,0.899280888811745,0,0.0,0.9546952663162689,2,78.0
805.0,5,45.0,0.9183673469387755,8.532109600391578,0,0.0,1.0,3,43.0,0.45857768514467284,0,9.0,0.9600843709919861,0,0.0,0.9348125616268312,3,52.0
810.0,2,11.0,0.23404255319148937,8.64752231162035,0,0.0,1.0,0,5.0,0.6667405472630097,0,3.0,0.7121222555104225,0,0.0,0.9391264975320652,0,8.0
815.0,3,21.0,0.45652173913043476,8.71393758562749,0,0.0,1.0,1,3.0,0.637107934335473,1,7.0,0.49110731211319614,0,0.0,0.9598682922236231,2,10.0
820.0,4,24.0,0.5217391304347826,9.113422493592182,0,0.0,1.0,1,8.0,0.6360214133979027,3,19.0,0.41332791598928453,0,0.0,0.9637228683593362,4,27.0
825.0,7,52.0,1.2093023255813953,7.7144444731877595,0,0.0,1.0,1,13.0,0.5958742893326417,5,40.0,0.27838785685676937,0,0.0,0.9215610142567315,6,53.0
830.0,7,67.0,1.558139534883721,7.810383168460751,0,0.0,1.0,0,3.0,0.973679806810803,7,70.0,0.17852610300390326,0,0.0,0.976310664636855,7,73.0
835.0,0,0.0,0.0,8.511269807627956,0,0.0,1.0,0,3.0,0.9516611178159641,0,21.0,0.5366635342805066,0,0.0,0.9803033672504518,0,24.0
840.0,2,5.0,0.1111111111111111,8.390391643520093,0,6.0,0.6645980224807493,1,12.0,0.49130042855801587,1,5.0,0.6201173475595848,0,0.0,0.9950179025775637,2,23.0
845.0,8,31.0,0.6888888888888889,7.089427039634328,2,12.0,0.114161036888802,2,22.0,0.6059681095244257,4,18.0,0.46513099780147105,0,0.0,0.9357814714209766,8,52.0
850.0,13,87.0,1.8125,6.6190756217661395,4,30.0,0.038163528515621166,2,32.0,0.5572706509908119,4,38.0,0.36378843292289853,0,0.0,0.9655810353089491,10,100.0
855.0,15,135.0,2.8125,5.755293054832809,4,50.0,0.005070548975004366,3,47.0,0.6089852826706749,3,45.0,0.4274648259263144,0,0.0,0.9545169100724848,10,142.0
860.0,12,136.0,2.8333333333333335,6.074967322467205,0,18.0,0.024267690872183927,3,62.0,0.5921271382320601,3,31.0,0.38526008247934784,0,0.0,0.9552553611083279,6,111.0
865.0,13,196.0,3.92,5.919953179124426,0,0.0,1.0,4,74.0,0.4250277613268165,3,46.0,0.18816251701171743,0,0.0,0.9819262145685471,7,120.0
870.0,14,244.0,4.784313725490196,6.687353456798566,0,0.0,1.0,2,66.0,0.4860261500914949,4,65.0,0.25725914510809983,0,0.0,0.9834365575353368,6,131.0
875.0,12,288.0,5.538461538461538,6.952172212568746,0,0.0,1.0,2,76.0,0.3551859612046013,2,56.0,0.6343070564875982,0,0.0,0.9369875184334162,4,132.0
880.0,13,351.0,7.163265306122449,6.7171733643448945,0,4.0,0.6359677504256274,3,89.0,0.3908500464618182,2,70.0,0.41438566674125205,0,0.0,0.9315611871963331,5,163.0
885.0,16,427.0,8.372549019607844,6.804855599533483,0,0.0,1.0,3,107.0,0.5479116276996884,4,88.0,0.5309560860341274,0,0.0,0.975455475790085,7,195.0
890.0,12,387.0,7.74,7.181086200654538,0,0.0,1.0,3,122.0,0.5425273764107023,4,108.0,0.6095347264896005,0,0.0,0.9499786046934178,7,230.0
895.0,13,356.0,8.090909090909092,5.680667907527952,0,0.0,1.0,4,139.0,0.4141219650693882,3,78.0,0.3677412120724561,0,0.0,0.929010919392963,7,217.0
900.0,15,430.0,9.772727272727273,6.016040496995686,0,0.0,1.0,4,159.0,0.47131555711354245,4,53.0,0.37792744000629275,0,0.0,0.9735326554359001,8,212.0
905.0,15,496.0,11.272727272727273,5.723584645558723,0,0.0,1.0,5,181.0,0.4486582481532511,4,73.0,0.16052768674286916,0,0.0,0.9572939689669459,9,254.0
910.0,12,385.0,8.555555555555555,5.431761303321767,0,0.0,1.0,2,59.0,0.3558576576341486,5,98.0,0.003530622449570193,0,0.0,0.9569399868397879,7,157.0
915.0,15,395.0,9.186046511627907,5.215785934168275,0,0.0,1.0,4,45.0,0.3263771476420643,5,93.0,0.04642422498685001,0,0.0,0.9730857773281314,9,138.0
920.0,16,465.0,10.813953488372093,5.263811590075494,0,0.0,1.0,5,95.0,0.1327958193164314,5,80.0,0.16629599677354248,0,0.0,0.9561168018561782,10,175.0
925.0,15,394.0,8.565217391304348,5.3084233766326365,0,0.0,0.9877573440636507,5,120.0,0.30065555986239717,6,108.0,0.2870574367987675,0,0.0,0.9966205575193046,11,228.0
930.0,7,136.0,3.238095238095238,5.273960918281281,0,0.0,1.0,0,0.0,0.955040403761896,7,140.0,0.21214036705575345,0,0.0,0.9374482441634051,7,140.0
935.0,7,171.0,4.071428571428571,6.03354816567855,0,0.0,1.0,0,0.0,0.9673109766970573,7,175.0,0.21481620810941504,0,0.0,0.9502581140991068,7,175.0
940.0,7,206.0,4.478260869565218,7.1665258188082275,0,0.0,1.0,0,39.0,0.9220287508607384,7,219.0,0.38130771664028135,0,0.0,0.989862161437904,7,258.0
945.0,7,241.0,5.355555555555555,7.204458098542916,0,0.0,1.0,0,71.0,0.8966985678034202,7,254.0,0.32625083817906547,0,0.0,0.9591117703629426,7,325.0
950.0,9,279.0,5.9361702127659575,6.883537574883109,0,0.0,1.0,1,73.0,0.6011884391906962,8,342.0,0.3374016048877865,0,0.0,0.9585203204773547,9,415.0
955.0,3,10.0,0.2127659574468085,6.716517244016907,0,0.0,1.0,1,44.0,0.525625094977238,2,147.0,0.44487850105880405,0,0.0,0.9901691559037156,3,191.0
960.0,1,8.0,0.17391304347826086,7.932011131851564,0,3.0,0.5219532851729243,0,6.0,0.6561536915543534,1,75.0,0.64758799949264,0,0.0,0.9715016351907299,1,84.0
965.0,2,16.0,0.35555555555555557,9.006080064094107,0,0.0,0.7945959312464235,1,51.0,0.7817493889859767,1,74.0,0.6261432920996987,0,0.0,0.9959573979191886,2,125.0
970.0,2,26.0,0.5777777777777777,9.663815420884019,0,0.0,1.0,1,56.0,0.8061643437731627,1,76.0,0.49599239590521815,0,0.0,0.9927021004643465,2,132.0
975.0,3,38.0,0.8085106382978723,9.140779509709498,0,0.0,1.0,1,22.0,0.7863028836204639,1,81.0,0.39168305155073285,0,0.0,0.9442040148202286,2,103.0
980.0,5,34.0,0.7083333333333334,7.829451425208319,0,0.0,1.0,3,31.0,0.5506235422502911,1,5.0,0.3497487894493818,0,0.0,0.9372024775655524,4,36.0
985.0,9,64.0,1.3333333333333333,7.707318051833141,0,0.0,1.0,7,63.0,0.5449558639089156,2,10.0,0.41870089427157314,0,0.0,0.9529871705317852,9,73.0
990.0,12,116.0,2.5217391304347827,6.597794326938469,0,0.0,1.0,9,101.0,0.3570597824216528,3,24.0,0.20060732996248087,0,0.0,0.9440269581256377,12,125.0
995.0,13,127.0,2.702127659574468,5.402054989887833,0,0.0,1.0,9,119.0,0.16046720120324862,4,41.0,0.0005207884416675448,0,0.0,0.9661302998008645,13,160.0
1000.0,9,149.0,3.1702127659574466,6.587072344113875,0,0.0,1.0,6,106.0,0.2713128613109098,3,54.0,0.06762686040202344,0,0.0,0.9733031050867993,9,160.0
1005.0,11,201.0,4.568181818181818,6.6378973471250955,0,0.0,1.0,8,141.0,0.2551813262058809,3,69.0,0.17144317036982182,0,0.0,0.9472987375918238,11,210.0
1010.0,11,256.0,5.565217391304348,6.7960873574926,0,0.0,1.0,8,181.0,0.16784684709055545,3,84.0,0.34362061026411383,0,0.0,0.9726739352328861,11,265.0
1015.0,5,109.0,2.422222222222222,6.682775898949133,0,0.0,1.0,1,39.0,0.26336729685759136,4,104.0,0.4224181761893428,0,0.0,0.9640647370127771,5,143.0
1020.0,4,124.0,2.6956521739130435,7.803917450940583,0,0.0,1.0,0,0.0,0.780562077524039,4,124.0,0.4546697519555412,0,0.0,0.9674323685062675,4,124.0
1025.0,0,0.0,0.0,8.07287074752672,0,0.0,1.0,0,0.0,0.5791779530400409,0,23.0,0.7711785367839085,0,0.0,0.9438676117083384,0,23.0
1030.0,1,4.0,0.08,8.579258790020756,0,3.0,0.6197149377752308,1,7.0,0.7139949286872187,0,9.0,0.8668628464190982,0,0.0,0.9582210046588568,1,19.0
1035.0,0,0.0,0.0,8.869332187957866,0,0.0,1.0,0,6.0,0.7048818115188981,0,9.0,0.9581872243524121,0,0.0,0.9295047531363246,0,15.0
1040.0,1,5.0,0.10869565217391304,9.408188536697788,0,0.0,1.0,1,11.0,0.83200950857821,0,9.0,0.9568094511589962,0,0.0,0.9466991179616961,1,20.0
1045.0,2,10.0,0.23809523809523808,8.795714280880768,0,0.0,1.0,2,16.0,0.7340038120049739,0,9.0,0.9638937424924195,0,0.0,0.976867129180313,2,25.0
1050.0,2,18.0,0.43902439024390244,8.315874503162044,0,0.0,1.0,2,24.0,0.570386007084398,0,9.0,0.9293699543568725,0,0.0,0.9331004801334339,2,33.0
1055.0,3,12.0,0.3076923076923077,7.416659575236693,0,0.0,1.0,2,14.0,0.6832988611753399,1,13.0,0.15504779436207894,0,0.0,0.934722167410374,3,27.0
1060.0,5,37.0,0.9487179487179487,7.32281220694264,0,0.0,1.0,2,21.0,0.6793103748794659,3,28.0,0.19761132099614948,0,0.0,0.9376402692652732,5,49.0
1065.0,2,28.0,0.6829268292682927,7.278917657135774,0,0.0,1.0,2,28.0,0.48292816414388196,0,6.0,0.4936507404887154,0,0.0,0.9349966380415287,2,34.0
1070.0,4,44.0,1.1282051282051282,7.416140628565809,0,6.0,0.6623802070838986,2,38.0,0.46108263104721875,0,6.0,0.9710417444677528,0,0.0,0.9296880561174254,2,50.0
1075.0,5,65.0,1.6666666666666667,7.041685325144511,1,10.0,0.13844091148680684,2,48.0,0.47103606615323546,0,6.0,0.970340123969718,0,0.0,0.974529074220816,3,64.0
1080.0,6,86.0,2.15,7.483986581478118,3,25.0,0.01266282662244908,2,59.0,0.6112499114948161,0,3.0,0.9910006628487197,0,0.0,0.9578599743808975,5,87.0
1085.0,5,99.0,2.302325581395349,7.240800221810201,3,40.0,0.0038510608312395936,2,69.0,0.6827726334664399,0,3.0,0.9771056094641394,0,0.0,0.9625641274909137,5,112.0
1090.0,9,139.0,3.475,6.11885801055918,4,59.0,0.0006532255561552513,3,81.0,0.5403421465542116,0,0.0,0.7306492114502021,0,0.0,0.9623009070995935,7,140.0
1095.0,8,166.0,4.048780487804878,6.014501115257877,4,79.0,0.00015558014990589255,2,88.0,0.5875898733877992,2,8.0,0.3979771214492752,0,0.0,0.9483081556516614,8,175.0
1100.0,9,211.0,4.688888888888889,6.238688390208778,4,99.0,1.6511299695291606e-05,2,98.0,0.6282253537094882,3,23.0,0.24402192058414504,0,0.0,0.9680177046281289,9,220.0
1105.0,11,262.0,5.954545454545454,6.078339903003921,4,119.0,6.883830003251717e-06,3,112.0,0.40505398990390357,4,41.0,0.274999030814167,0,0.0,0.9363206993507696,11,272.0
1110.0,4,130.0,2.888888888888889,6.068914517147229,0,23.0,0.025199487408232232,4,130.0,0.3132884261242706,0,8.0,0.5813448960644642,0,0.0,0.9525683899832117,4,161.0
1115.0,2,128.0,2.782608695652174,7.230482009558773,0,6.0,0.6015919590897876,2,131.0,0.4809543355930549,0,1.0,0.8836250128829776,0,0.0,0.9313480602396681,2,138.0
1120.0,2,138.0,2.9361702127659575,8.61978378598251,0,0.0,0.7860328440489026,2,141.0,0.641568069854582,0,1.0,0.9238553934903855,0,0.0,0.9348739200784331,2,142.0
1125.0,3,149.0,3.1702127659574466,8.661292622342115,0,0.0,1.0,3,152.0,0.4809170295221674,0,4.0,0.9350400948221862,0,0.0,0.9427016969592354,3,156.0
1130.0,3,164.0,3.5652173913043477,8.246232810153106,0,0.0,1.0,3,167.0,0.4740614478124589,0,4.0,0.8252143389940341,0,0.0,0.9204720935016463,3,171.0
1135.0,6,188.0,3.836734693877551,7.816053161581313,0,0.0,0.8377886672381278,3,182.0,0.5469470557049972,2,11.0,0.630349762603378,0,0.0,0.972281645062744,5,193.0
1140.0,6,218.0,4.844444444444444,7.299748442046113,0,0.0,0.6694728178798887,3,203.0,0.44162064364622544,2,21.0,0.5422448160908717,0,0.0,0.9579705197375966,5,224.0
1145.0,10,253.0,6.023809523809524,7.053443038162434,1,2.0,0.0013331578113482453,4,216.0,0.49185520465908916,5,42.0,0.40888433611197345,0,0.0,0.9817637301639024,10,260.0
1150.0,11,308.0,7.897435897435898,6.000207629535826,1,7.0,0.0,5,241.0,0.38571824816474654,5,64.0,0.26648959678380874,0,0.0,0.9240256136367343,11,312.0
1155.0,12,336.0,8.195121951219512,5.573577976325332,1,12.0,0.0,7,272.0,0.15904588510444503,4,69.0,0.10027041847320543,0,0.0,0.8954437420999158,12,353.0
1160.0,11,361.0,8.395348837209303,5.962577442842865,1,17.0,0.0,5,265.0,0.1641827979871451,5,79.0,0.14005781590251817,0,0.0,0.9740655069341195,11,361.0
1165.0,11,416.0,9.674418604651162,6.662324326789484,1,22.0,0.0,5,290.0,0.27727909259609146,5,98.0,0.2556537149712627,0,0.0,0.9370875135968937,11,410.0
1170.0,12,473.0,10.75,6.976342627774813,1,27.0,0.0,5,315.0,0.24530573938801933,6,122.0,0.3158356809707541,0,0.0,0.9436483042715949,12,464.0
1175.0,6,372.0,8.454545454545455,6.7143650265013255,1,32.0,0.0,5,340.0,0.13914621868170737,0,38.0,0.7811164297070364,0,0.0,0.9364443300614153,6,410.0
1180.0,4,92.0,2.1904761904761907,7.73368286592054,1,43.0,0.4315511749829051,3,113.0,0.4045237567997555,0,6.0,0.9020160155132332,0,0.0,0.9871744349588508,4,162.0
1185.0,3,80.0,1.8181818181818181,8.589320933747894,1,42.0,0.0,2,47.0,0.6593006972420378,0,6.0,0.8680160448289637,0,0.0,0.9985860300260427,3,95.0
1190.0,3,95.0,2.111111111111111,9.269110174562607,1,47.0,0.0,2,57.0,0.6916360178111923,0,3.0,0.9463394043636058,0,0.0,0.9669982918825194,3,107.0
1195.0,5,116.0,2.577777777777778,8.282568174541392,1,52.0,0.0,4,73.0,0.5003633694879555,0,3.0,0.8285899143161451,0,0.0,0.9706832593153865,5,128.0
1200.0,9,150.0,3.3333333333333335,7.62832603119235,1,57.0,0.0,4,89.0,0.5825506469050921,3,10.0,0.44935023415433184,0,0.0,0.9174746768682889,8,156.0
1205.0,11,202.0,4.391304347826087,6.833129639268864,1,62.0,0.0,4,109.0,0.5641637384179214,5,29.0,0.29679655265219373,0,0.0,0.9797865357096358,10,200.0
1210.0,12,196.0,4.083333333333333,6.7359603577709875,0,0.0,1.0,4,129.0,0.5156792506442714,6,58.0,0.31331503067969735,0,0.0,0.8386348600612482,10,187.0
1215.0,13,260.0,5.531914893617022,6.299141441052532,0,0.0,1.0,4,143.0,0.19912010452070567,6,88.0,0.28999330988023975,1,4.0,0.6115380837239873,11,235.0
1220.0,7,57.0,1.1875,5.6433627031028735,0,0.0,1.0,0,53.0,0.4037683079435976,1,38.0,0.5045840770012612,2,10.0,0.3229275244785462,3,101.0
1225.0,3,19.0,0.38,7.064800820106161,0,6.0,0.5313461265960727,0,3.0,0.8173535565083494,0,8.0,0.6633653780017554,0,0.0,0.9084417880696114,0,17.0
1230.0,3,8.0,0.16326530612244897,7.636117062135007,1,10.0,0.15357524137359965,1,6.0,0.6261197112581479,1,13.0,0.7588310720993866,0,0.0,0.9867397145019022,3,29.0
1235.0,2,17.0,0.34,7.9682706216287205,0,5.0,0.07066875906647341,1,11.0,0.7686664401328114,1,12.0,0.4721292168080571,0,0.0,0.9903746312632986,2,28.0
1240.0,1,5.0,0.10869565217391304,7.902984748860464,0,0.0,0.7270462729912556,0,3.0,0.9607747810739808,1,8.0,0.36733773156931665,0,0.0,0.9869606701065269,1,11.0
1245.0,2,15.0,0.32608695652173914,8.249077532119781,0,0.0,1.0,0,3.0,0.9658429057459127,2,22.0,0.4748968234448544,0,0.0,0.9662737184188687,2,25.0
1250.0,2,25.0,0.5434782608695652,8.804845478107037,0,0.0,1.0,0,3.0,0.9374730277170038,2,31.0,0.5741238833713057,0,0.0,0.9837058909435794,2,34.0
1255.0,3,36.0,0.7659574468085106,8.740525049054355,0,0.0,1.0,0,0.0,0.9712837844028863,3,39.0,0.3886751379026726,0,0.0,0.9273813512907745,3,39.0
1260.0,4,52.0,1.1304347826086956,7.575061465227382,0,0.0,1.0,1,1.0,0.37582674599787363,3,54.0,0.3916835274766652,0,0.0,0.9690430832920734,4,55.0
1265.0,4,44.0,1.0232558139534884,7.619850989470427,0,0.0,1.0,3,14.0,0.359176113934907,1,33.0,0.7217013563398507,0,0.0,0.9512157298266333,4,47.0
1270.0,5,68.0,1.7,7.37071497978136,0,0.0,1.0,4,36.0,0.4476995749329804,1,38.0,0.5782369529510543,0,0.0,0.9674433201229334,5,74.0
1275.0,6,97.0,2.425,7.722693308529044,0,0.0,1.0,4,74.0,0.49180390733388746,2,44.0,0.4753451758222422,0,0.0,0.951689193945619,6,118.0
1280.0,4,79.0,1.975,7.492725786237999,0,0.0,1.0,2,46.0,0.6885718494487356,2,54.0,0.5675169502606408,0,0.0,0.9626128107200229,4,100.0
1285.0,5,87.0,2.175,7.005887892357462,0,0.0,1.0,3,57.0,0.43034069421782384,2,51.0,0.5805766780993505,0,0.0,0.9526426823018893,5,108.0
1290.0,6,116.0,2.8292682926829267,7.278317113778278,0,3.0,0.8314192344019387,4,76.0,0.414715600341439,2,63.0,0.4924730163637447,0,0.0,0.9999605214872581,6,142.0
1295.0,8,155.0,3.6904761904761907,7.0581617033692945,0,3.0,0.03025337920248531,4,96.0,0.4052149399699722,4,82.0,0.4816980063697298,0,0.0,0.9273311349163675,8,181.0
1300.0,9,200.0,4.545454545454546,6.717655242188684,1,8.0,0.0,4,116.0,0.2893437117345959,4,93.0,0.4313577088204313,0,0.0,0.9530108698521023,9,217.0
1305.0,9,212.0,5.0476190476190474,6.656046409428247,0,0.0,1.0,7,149.0,0.28074716127891314,2,84.0,0.5903065029406658,0,0.0,0.6215276686817327,9,233.0
1310.0,11,262.0,6.238095238095238,6.743510795753482,0,3.0,0.7144332674305272,8,188.0,0.19422498916033043,2,94.0,0.5824427257833892,1,4.0,0.7003721617136353,11,289.0
1315.0,12,320.0,7.111111111111111,6.36861059933859,0,0.0,0.9316540512944786,9,231.0,0.23075836529208285,2,104.0,0.32433162500683815,1,9.0,0.6990029057024151,12,344.0
1320.0,9,233.0,5.177777777777778,6.706726503270626,0,0.0,1.0,5,169.0,0.31164335804718885,2,114.0,0.0,2,16.0,0.5101825371427001,9,299.0
1325.0,6,202.0,4.297872340425532,7.573734345217885,0,0.0,1.0,4,96.0,0.46436464202561645,2,124.0,0.3124899388288692,0,6.0,0.6529350524871725,6,226.0
1330.0,6,232.0,4.9361702127659575,8.169362587699302,0,0.0,1.0,4,104.0,0.47297195180632656,2,143.0,0.6117841591529383,0,0.0,0.8466758985140314,6,247.0
1335.0,8,265.0,5.520833333333333,7.231413262160875,0,0.0,1.0,4,124.0,0.2647675672377622,4,153.0,0.45386262730878324,0,0.0,0.946420478474417,8,277.0
1340.0,12,318.0,6.489795918367347,5.934165151277898,0,0.0,1.0,5,148.0,0.2051693700001298,7,182.0,0.33825174311737005,0,0.0,0.9482741640505616,12,330.0
1345.0,10,350.0,7.446808510638298,6.744246503901048,0,0.0,1.0,5,176.0,0.3286775653651707,5,194.0,0.4724365670588204,0,0.0,0.9499622349207255,10,370.0
1350.0,9,387.0,8.6,7.2163492218040055,0,0.0,1.0,5,210.0,0.4304132696632809,4,206.0,0.5586760711595378,0,0.0,0.9852972244017468,9,416.0
1355.0,10,437.0,9.297872340425531,7.254206165986576,0,0.0,1.0,6,237.0,0.4047241746698505,4,215.0,0.5173705411669947,0,0.0,0.9868861859855093,10,452.0
1360.0,10,487.0,10.361702127659575,6.89231151125542,0,0.0,1.0,6,267.0,0.40145640278748523,4,235.0,0.5188524964273531,0,0.0,0.9762167613753328,10,502.0
1365.0,12,542.0,11.291666666666666,6.523577581077567,0,0.0,1.0,6,297.0,0.4547269603828697,4,255.0,0.46997197885269826,0,0.0,0.9307283356982702,10,552.0
1370.0,10,385.0,7.549019607843137,6.638509779146571,0,0.0,1.0,7,332.0,0.44000603331370713,2,139.0,0.5307937969591776,0,0.0,0.936264551137823,9,471.0
1375.0,10,357.0,7.0,6.660391903437742,0,0.0,1.0,7,367.0,0.3511381619557232,1,32.0,0.653747390048028,0,0.0,0.9323815822041949,8,399.0
1380.0,10,401.0,8.354166666666666,6.409516086115523,0,0.0,1.0,8,408.0,0.13849046421563396,2,10.0,0.47219856679235583,0,0.0,0.9596138088886847,10,418.0
1385.0,2,20.0,0.39215686274509803,6.72398488822452,0,0.0,1.0,0,73.0,0.43282017838535547,2,20.0,0.40458507551037626,0,0.0,0.9447333948999065,2,93.0
1390.0,5,40.0,0.7407407407407407,6.8199557834176385,0,0.0,1.0,0,7.0,0.8017429420197084,3,32.0,0.018623200185217383,0,0.0,0.9518581438757949,3,39.0
1395.0,10,76.0,1.3571428571428572,6.9198062857294635,0,0.0,1.0,1,8.0,0.47497927084092045,6,65.0,0.3107623859723301,0,0.0,0.997626178274315,7,73.0
1400.0,9,104.0,1.8571428571428572,7.177293327505957,0,0.0,1.0,3,22.0,0.3388760635665495,6,95.0,0.5047744424595225,0,0.0,0.9409081290745541,9,117.0
1405.0,10,154.0,2.6551724137931036,7.199823185262514,0,0.0,1.0,3,37.0,0.2067326499880186,6,125.0,0.5332284924536559,0,0.0,0.9856638910681401,9,162.0
1410.0,14,218.0,3.824561403508772,6.680308654140928,0,0.0,1.0,6,65.0,0.1391963755019692,6,155.0,0.506028388131454,0,0.0,0.9943235825230622,12,220.0
1415.0,14,288.0,5.052631578947368,6.241162707321314,0,0.0,1.0,6,95.0,0.14008682733789055,6,191.0,0.4707077945578359,0,0.0,0.9357366390164792,12,286.0
1420.0,16,348.0,6.327272727272727,5.255853552023567,0,0.0,1.0,6,125.0,0.12089121569194335,8,228.0,0.24146183578106442,0,0.0,0.956474419302298,14,353.0
1425.0,16,400.0,7.547169811320755,4.775789111367162,0,0.0,1.0,4,117.0,0.033081512717623565,9,273.0,0.07138185526604486,0,0.0,0.9211246078724121,13,390.0
1430.0,15,450.0,8.181818181818182,4.751864931750996,0,0.0,0.9881686586539998,4,137.0,0.12062579946230587,9,303.0,0.053749497621012755,0,0.0,0.976755475993344,13,440.0
1435.0,16,500.0,9.433962264150944,5.029471412289582,1,4.0,0.4495345069853407,4,157.0,0.2820393661687584,11,358.0,0.11205793464236949,0,0.0,0.9709799779594692,16,519.0
1440.0,18,587.0,11.075471698113208,5.30018660050487,1,6.0,0.0,4,177.0,0.30859315464442305,13,421.0,0.12570862101244124,0,0.0,0.9666218097304711,18,604.0
1445.0,19,681.0,12.160714285714286,5.4395429177811385,1,11.0,0.0,4,197.0,0.32249550510716285,14,490.0,0.12401281996987787,0,0.0,0.8288171827766986,19,698.0
1450.0,10,284.0,5.071428571428571,5.02777677164356,1,16.0,0.0,5,221.0,0.24270950001563144,3,219.0,0.20596958582944327,1,1.0,0.6503171340053816,10,457.0
1455.0,8,270.0,4.909090909090909,5.797944575524155,1,27.0,0.43427978956531677,6,257.0,0.20830927120694942,0,56.0,0.39709745959603315,0,0.0,0.9203684804500586,7,340.0
1460.0,10,311.0,5.553571428571429,6.306938558385901,2,33.0,0.21584215721908517,6,290.0,0.31614829105563835,0,17.0,0.7055859352726259,0,0.0,0.9565685562105426,8,340.0
1465.0,8,87.0,1.5,6.7925256877239235,4,50.0,0.05285385130383554,4,179.0,0.5476050743936219,0,0.0,0.9242324645985666,0,0.0,0.939115733782217,8,229.0
1470.0,7,94.0,1.6206896551724137,7.660940469119038,4,70.0,0.019401212137454847,2,38.0,0.7398923088671644,0,0.0,0.9994148274483914,0,0.0,0.9310560722722062,6,108.0
1475.0,3,80.0,1.4035087719298245,7.7821647116984405,1,50.0,0.02573967949234582,2,48.0,0.7373548788659783,0,0.0,0.8689393743388022,0,0.0,0.931147929839138,3,98.0
1480.0,4,96.0,1.6842105263157894,7.865323583515644,1,48.0,0.14695342768982556,2,58.0,0.6717348505267056,1,1.0,0.6388961054138841,0,0.0,0.9728465664213577,4,107.0
1485.0,3,59.0,1.0350877192982457,7.796525882594143,1,51.0,0.0,0,3.0,0.7089285673652189,1,6.0,0.2681216409452222,0,0.0,0.932411222970481,2,60.0
1490.0,6,83.0,1.456140350877193,8.342734620153912,1,56.0,0.0,1,1.0,0.4899049078788167,3,19.0,0.2461640063167247,0,0.0,0.9780878630437368,5,76.0
1495.0,5,52.0,0.8524590163934426,8.561124160702734,0,0.0,1.0,1,6.0,0.47723584995704876,3,40.0,0.47863279991758906,0,0.0,0.9364635215323436,4,46.0
1500.0,4,44.0,0.7096774193548387,8.610689171387767,0,0.0,1.0,1,18.0,0.5160253076685354,1,23.0,0.6928624306444923,0,0.0,0.9428712551355521,2,41.0
1505.0,2,34.0,0.5573770491803278,9.008528583622134,0,0.0,1.0,1,29.0,0.6655972527023275,1,24.0,0.7690874059190684,0,0.0,0.9949235237970753,2,53.0
1510.0,2,44.0,0.8301886792452831,9.397490966229341,0,0.0,1.0,1,34.0,0.6535094700734687,1,29.0,0.7804356192374742,0,0.0,0.9647348849543395,2,63.0
1515.0,3,56.0,1.1428571428571428,8.430565367530761,0,0.0,1.0,2,39.0,0.6390126158719147,1,34.0,0.7943599723415795,0,0.0,0.9645636657669098,3,73.0
1520.0,3,71.0,1.5434782608695652,7.962066208580486,0,0.0,1.0,2,49.0,0.6398820543516252,1,39.0,0.5710216524756884,0,0.0,0.9442045719685477,3,88.0
1525.0,9,104.0,2.260869565217391,7.131310668276594,0,0.0,1.0,2,59.0,0.6556484701685563,4,55.0,0.13229400968257385,0,0.0,0.951926747684674,6,114.0
1530.0,9,101.0,2.2444444444444445,7.103962789982569,0,0.0,1.0,0,11.0,0.8522506705424092,6,85.0,0.22063654586814563,0,0.0,0.9856193271764766,6,96.0
1535.0,11,145.0,3.0208333333333335,6.936134696272508,0,0.0,1.0,1,14.0,0.6778325794999173,8,123.0,0.18980853067204526,0,0.0,0.9491004545041597,9,137.0
1540.0,7,110.0,2.2916666666666665,6.218965955403443,0,0.0,1.0,2,16.0,0.539190717300463,2,70.0,0.2197637868556063,0,0.0,0.9323657807928949,4,86.0
1545.0,8,150.0,3.0,6.699983981916291,0,3.0,0.6186729167529744,2,29.0,0.4461711442807376,3,76.0,0.1088547909490167,0,0.0,0.9496572360316994,5,108.0
1550.0,9,185.0,3.490566037735849,7.344345489292686,0,0.0,0.7629008319418865,4,45.0,0.6181275950666241,3,91.0,0.23333624494194788,0,0.0,0.948897888396293,7,136.0
1555.0,5,171.0,3.2264150943396226,7.086513607517538,0,0.0,1.0,0,11.0,0.7751151720409637,3,106.0,0.23722124889776072,0,0.0,0.9642472567431294,3,117.0
1560.0,6,162.0,3.1153846153846154,7.032870766380332,0,0.0,1.0,1,4.0,0.6903385260137334,3,121.0,0.19803969933525054,0,0.0,0.9312799531364448,4,125.0
1565.0,5,129.0,2.5294117647058822,7.749920212300472,0,0.0,1.0,2,14.0,0.7336476018652921,2,117.0,0.3531608993180982,0,0.0,0.9513464791722132,4,131.0
1570.0,5,144.0,2.6666666666666665,8.714620752495804,0,0.0,1.0,2,22.0,0.6699577174095785,3,128.0,0.554921483156905,0,0.0,0.9769817334315093,5,150.0
1575.0,7,175.0,3.5,7.629133778092418,0,0.0,1.0,4,38.0,0.3657979556440471,3,143.0,0.5240752895256767,0,0.0,0.9368539972160785,7,181.0
1580.0,11,221.0,4.804347826086956,6.649905136204274,0,0.0,1.0,5,62.0,0.3562009458163275,6,165.0,0.3786258172288341,0,0.0,0.9430432109221146,11,227.0
1585.0,10,123.0,2.6739130434782608,6.033457834155345,0,0.0,1.0,5,87.0,0.43578153231382866,4,93.0,0.36918486231832104,0,0.0,0.7171507681359842,9,180.0
1590.0,16,174.0,3.782608695652174,5.639825213072281,0,0.0,1.0,7,118.0,0.3076028849082263,3,37.0,0.4052067691620205,1,3.0,0.6132768635028492,11,158.0
1595.0,18,174.0,4.046511627906977,4.501820850725175,0,0.0,1.0,5,86.0,0.22705642051112485,5,56.0,0.18051455022360283,1,8.0,0.49155626983308026,11,150.0
1600.0,19,269.0,6.255813953488372,4.707235520750114,0,0.0,1.0,6,93.0,0.24472629971336332,5,81.0,0.008377614162608711,1,13.0,0.4892969314006122,12,187.0
1605.0,16,286.0,6.085106382978723,4.40239246708932,0,0.0,1.0,6,127.0,0.2027882737158712,1,49.0,0.029248679873827094,1,18.0,0.385116186418808,8,194.0
1610.0,12,263.0,5.717391304347826,5.132336850780066,0,6.0,0.6355636084955714,7,158.0,0.1934801053533464,0,22.0,0.3387124123134569,0,0.0,0.585896790607328,7,186.0
1615.0,9,195.0,4.148936170212766,5.684254889521716,1,7.0,0.12068087702635759,8,203.0,0.39398969284202867,0,1.0,0.49660263698313895,0,0.0,0.9383065711632992,9,211.0
1620.0,11,245.0,5.326086956521739,6.117255832961775,2,16.0,0.02087088563518165,8,243.0,0.3276705919271412,0,0.0,1.0,0,0.0,0.9205411131289105,10,259.0
1625.0,10,294.0,6.0,6.6306075062213505,2,26.0,0.0034503998943886376,8,287.0,0.4222198161871473,0,0.0,0.9227008349255508,0,0.0,0.9208134266591138,10,313.0
1630.0,14,353.0,7.06,6.517839422508005,3,39.0,0.0006120092416520433,8,324.0,0.4035133442426044,0,0.0,0.8873155434119435,0,0.0,0.9515096566555851,11,363.0
1635.0,9,361.0,7.22,6.07333573985847,0,7.0,0.014999244141797126,8,360.0,0.270508644688324,0,0.0,0.9408241757012126,0,0.0,0.9492896209597015,8,367.0
1640.0,12,404.0,7.769230769230769,5.916472897417615,0,0.0,1.0,9,406.0,0.17944844794400167,1,1.0,0.4957727800081022,0,0.0,0.9885042092544205,10,407.0
1645.0,15,470.0,9.038461538461538,5.922535034972944,0,0.0,1.0,10,452.0,0.12244195447202992,2,9.0,0.5010794874636313,0,0.0,0.9262636919823944,12,461.0
1650.0,13,504.0,9.692307692307692,5.769553929073895,0,0.0,1.0,13,513.0,0.10105422747093663,0,38.0,0.6356248126435702,0,0.0,0.9812814014524114,13,551.0
1655.0,15,574.0,11.038461538461538,5.881490086762707,0,0.0,1.0,14,588.0,0.16273087818786625,1,60.0,0.3498284419573015,0,0.0,0.9622902237896119,15,648.0
1660.0,15,645.0,11.727272727272727,6.398773115959485,0,0.0,1.0,13,651.0,0.1815871480674416,2,69.0,0.47332382110117144,0,0.0,0.9595245990846467,15,720.0
1665.0,5,128.0,2.4150943396226414,6.420358522610563,0,0.0,1.0,3,306.0,0.3179263700914155,2,79.0,0.5487022798380781,0,0.0,0.992308613171899,5,385.0
1670.0,4,108.0,2.1176470588235294,7.24480523204807,0,0.0,1.0,2,132.0,0.566740201375606,2,89.0,0.3217201853736094,0,0.0,0.9242480317693822,4,221.0
1675.0,4,128.0,2.4150943396226414,7.920028820173156,0,0.0,1.0,2,98.0,0.6592242086924135,2,108.0,0.5153975018353945,0,0.0,0.9210501631001464,4,206.0
1680.0,6,156.0,2.888888888888889,8.101954430493306,0,0.0,1.0,3,111.0,0.5917103424933221,3,123.0,0.6289914980806428,0,0.0,0.9721405592412332,6,234.0
1685.0,6,186.0,3.4444444444444446,8.094131581718115,0,0.0,1.0,3,126.0,0.5457247651357352,3,138.0,0.6931748000206418,0,0.0,0.9839949812397164,6,264.0
1690.0,8,221.0,4.092592592592593,7.803802765621445,0,0.0,1.0,3,138.0,0.3772053289079145,4,156.0,0.582855719254933,0,0.0,0.9994603101999092,7,294.0
1695.0,6,228.0,4.30188679245283,7.515549712487975,0,0.0,1.0,3,153.0,0.4062554023499008,2,148.0,0.6689657011303682,0,0.0,0.9880303290131724,5,301.0
1700.0,5,251.0,5.122448979591836,8.250787562591084,0,0.0,1.0,3,168.0,0.4659817642098815,2,152.0,0.7712530453265207,0,0.0,0.975377325281124,5,320.0
1705.0,5,276.0,5.872340425531915,8.133359293744634,0,0.0,0.9543362720717722,3,186.0,0.4084705733699955,2,159.0,0.5686168713207582,0,0.0,0.9402678793861983,5,345.0
1710.0,4,228.0,4.956521739130435,8.051694513019093,0,0.0,0.9823415826817603,2,122.0,0.49350415891025623,2,169.0,0.5910555289955107,0,0.0,0.9760673775174131,4,291.0
1715.0,6,250.0,5.319148936170213,7.931386523474272,0,0.0,0.03566703501996077,2,126.0,0.5746972451137965,3,180.0,0.2454492006597253,0,0.0,0.9620516152959491,5,306.0
1720.0,7,285.0,5.9375,7.185351238982541,1,5.0,0.0,2,136.0,0.6306805519790114,3,195.0,0.445387131725512,0,0.0,0.9109307398178577,6,336.0
1725.0,9,323.0,7.177777777777778,6.778446749099405,1,10.0,0.0,2,146.0,0.5609582905782767,4,212.0,0.35202451279168095,0,0.0,0.945650876169758,7,368.0
1730.0,11,361.0,7.520833333333333,6.075329434724021,1,15.0,0.0,1,138.0,0.7725100014840371,7,243.0,0.2265593940164113,0,0.0,0.9536278680814728,9,396.0
1735.0,14,407.0,9.25,5.549020441981241,0,0.0,1.0,1,140.0,0.651422052184114,9,285.0,0.17094824897760494,0,0.0,0.908157035541486,10,425.0
1740.0,10,254.0,5.906976744186046,5.681002686530511,0,0.0,1.0,1,145.0,0.4463939032285756,7,214.0,0.3247685823159267,0,0.0,0.9995939377122603,8,359.0
1745.0,7,228.0,5.181818181818182,6.625749205738028,0,0.0,1.0,2,152.0,0.31421607711653055,5,104.0,0.3551859826053073,0,0.0,0.9708997958530886,7,256.0
1750.0,9,267.0,6.068181818181818,6.784138016302771,0,0.0,1.0,2,162.0,0.3312296388123392,7,108.0,0.21766370792100195,0,0.0,0.9545369951388505,9,270.0
1755.0,15,331.0,7.5227272727272725,5.896293341015669,0,0.0,1.0,2,172.0,0.3239207712089453,7,148.0,0.34647778492978815,0,0.0,0.7757229139529741,9,320.0
1760.0,14,389.0,9.725,5.335284482959309,0,0.0,1.0,2,182.0,0.3326177285940957,7,178.0,0.32108311662831046,0,0.0,0.9557519270881296,9,360.0
1765.0,11,413.0,9.833333333333334,6.149928550421135,0,0.0,1.0,2,198.0,0.46912912069617646,8,213.0,0.21754641483946396,0,0.0,0.9669593095194063,10,411.0
1770.0,12,460.0,11.5,5.61020081948463,0,0.0,1.0,2,208.0,0.47030978912493127,9,257.0,0.18248876184606375,0,0.0,0.9684758292577924,11,465.0
1775.0,11,514.0,12.536585365853659,5.295331161935436,0,0.0,1.0,2,218.0,0.2538154755626256,9,302.0,0.17126194221313804,0,0.0,0.9392980867672452,11,520.0
1780.0,4,274.0,6.523809523809524,5.734409459576425,0,0.0,1.0,3,233.0,0.2386540510708151,1,131.0,0.18633707488503143,0,0.0,0.9391263053018895,4,364.0
1785.0,3,242.0,5.5,7.279408345864175,0,6.0,0.5626135966213186,3,257.0,0.4437277465476654,0,47.0,0.5632952863595564,0,0.0,0.9347147346080792,3,310.0
1790.0,1,195.0,4.239130434782608,8.749566604829294,0,0.0,0.9273648957839172,1,204.0,0.7749326808162614,0,0.0,0.98005620553997,0,0.0,0.909158110756094,1,204.0
1795.0,1,200.0,4.3478260869565215,9.75776490861255,0,0.0,0.9892235501163484,1,209.0,0.8314942908997977,0,0.0,0.9562632023540235,0,0.0,0.9543871586203154,1,209.0
1800.0,1,205.0,4.555555555555555,9.004069361618473,0,0.0,1.0,1,214.0,0.7973050288621634,0,0.0,0.5019522951758011,0,0.0,0.9400406570147843,1,214.0
1805.0,3,217.0,4.717391304347826,9.102187370751151,0,0.0,1.0,2,222.0,0.7018452642743286,1,4.0,0.4745549354577112,0,0.0,0.9652583718460079,3,226.0
1810.0,2,224.0,4.869565217391305,8.444363971665405,0,0.0,1.0,1,224.0,0.8131890329885972,1,9.0,0.4964435648246862,0,0.0,0.9844922630812953,2,233.0
1815.0,6,243.0,5.651162790697675,7.996150419825352,0,0.0,1.0,1,223.0,0.6769459963523711,5,23.0,0.00043611311056419866,0,0.0,0.9629092308162273,6,246.0
1820.0,4,255.0,5.795454545454546,8.678400037573569,0,0.0,1.0,2,228.0,0.4729791813638291,2,30.0,0.32591788221483353,0,0.0,0.9387498884836454,4,258.0
1825.0,4,275.0,6.5476190476190474,8.074188982676894,0,3.0,0.5457876441352488,2,238.0,0.32136290860685984,2,40.0,0.4971266284882972,0,0.0,0.9695015429239237,4,281.0
1830.0,4,64.0,1.4883720930232558,8.731938709668414,0,0.0,1.0,1,16.0,0.7674521914550108,3,54.0,0.48320874947523834,0,0.0,0.9879789500443391,4,70.0
1835.0,5,85.0,1.9767441860465116,8.326974547304218,0,0.0,1.0,1,21.0,0.5909361153005248,3,72.0,0.5982646216418276,0,0.0,0.9594736842914469,4,93.0
1840.0,8,119.0,2.7045454545454546,7.369731300619239,0,0.0,1.0,3,33.0,0.4195800405772066,4,92.0,0.3571179995740358,0,0.0,0.9605668032735561,7,125.0
1845.0,8,89.0,2.0697674418604652,6.787779437272611,0,0.0,0.48635510848467084,3,48.0,0.5040814977032191,4,68.0,0.37385988650647173,0,0.0,0.9620282676700224,7,116.0
1850.0,6,78.0,1.7727272727272727,6.482560396086938,1,3.0,2.6956587177886893e-05,2,51.0,0.5706657563193744,2,27.0,0.44392013619881937,0,0.0,0.9285828465334848,5,81.0
1855.0,6,91.0,1.9782608695652173,7.748452957876628,1,8.0,0.4398802049111592,3,62.0,0.6355449648742598,2,21.0,0.47453356112909917,0,0.0,0.9467987595871488,6,91.0
1860.0,10,130.0,2.7083333333333335,7.120329429016029,2,16.0,0.0006635789759583102,3,77.0,0.6059134322882037,4,38.0,0.17924868684274195,0,0.0,0.9595240521938806,9,131.0
1865.0,9,153.0,3.1875,6.951437014615138,2,26.0,0.0,3,92.0,0.5919736760198591,1,27.0,0.6278414117956362,0,0.0,0.9561478267661592,6,145.0
1870.0,7,184.0,3.9148936170212765,7.084669100117922,2,39.0,0.19614665462416978,3,110.0,0.5895226008275883,1,32.0,0.6544250568978316,0,0.0,0.9705530500975088,6,181.0
1875.0,10,229.0,4.770833333333333,7.009380157444766,2,49.0,0.027195143169123498,4,136.0,0.5815297486515117,1,37.0,0.6606186673704572,0,0.0,0.9769862916953485,7,222.0
1880.0,11,281.0,5.9787234042553195,6.9770811409303555,2,59.0,0.010508815655690187,4,156.0,0.5635099288844143,1,42.0,0.713817213302507,0,0.0,0.9407836225532574,7,257.0
1885.0,8,227.0,5.044444444444444,6.505842894815867,0,6.0,0.02539869818989341,6,182.0,0.35271778041108326,1,44.0,0.6532566925390905,0,0.0,0.959036258327701,7,232.0
1890.0,8,82.0,1.7826086956521738,6.107990639561201,0,0.0,1.0,3,87.0,0.43538893663057776,1,49.0,0.44575321080816505,0,0.0,0.9544211525831939,4,136.0
1895.0,7,81.0,1.7234042553191489,7.465402756499714,0,0.0,1.0,1,25.0,0.6466683123371036,2,57.0,0.3122519988855858,0,0.0,0.9480058813145577,3,82.0
1900.0,7,107.0,2.3777777777777778,7.4958815827167475,0,0.0,1.0,2,10.0,0.6246733822594204,2,70.0,0.3803041680576638,0,0.0,0.9869036672989178,4,80.0
1905.0,7,132.0,2.933333333333333,7.458566782719625,0,0.0,1.0,3,23.0,0.4137221884105223,1,67.0,0.6428714585834842,0,0.0,0.9816120213308153,4,90.0
1910.0,5,125.0,2.9069767441860463,6.937777337292668,0,3.0,0.3571252439004422,3,38.0,0.3072157390622702,1,72.0,0.7377751667361127,0,0.0,0.9724506989982077,4,113.0
1915.0,2,79.0,2.0256410256410255,6.985240849876359,1,8.0,0.004973214275046402,0,2.0,0.6806015236653581,1,77.0,0.7343592638771081,0,0.0,0.9312067297153142,2,87.0
1920.0,3,94.0,2.611111111111111,8.044052532109388,2,18.0,0.0,0,20.0,0.6071238759598209,1,82.0,0.8021336888233432,0,0.0,0.9718311569483149,3,120.0
1925.0,3,11.0,0.28205128205128205,8.143192095803725,0,0.0,1.0,2,28.0,0.6512721134787391,0,9.0,0.9237274588318046,0,0.0,0.9753679922541997,2,37.0
1930.0,4,22.0,0.5365853658536586,8.138182349323436,0,3.0,0.8893983043243893,2,38.0,0.5432639101560887,0,6.0,0.9342364629652702,0,0.0,0.9489851625816317,2,47.0
1935.0,4,41.0,1.025,8.110111885678053,0,0.0,1.0,3,53.0,0.44480472284271644,0,6.0,0.8763876635965918,0,0.0,0.9411976801116361,3,59.0
1940.0,8,67.0,1.5952380952380953,8.052854619160929,0,0.0,1.0,3,70.0,0.5347337028057582,2,10.0,0.6395833923055901,0,0.0,0.9687263892314755,5,80.0
1945.0,2,25.0,0.6097560975609756,7.526520909070941,0,0.0,1.0,0,26.0,0.7131972785369806,0,8.0,0.5656365762902994,0,0.0,0.968356434840987,0,34.0
1950.0,4,42.0,1.05,8.512423850013729,0,3.0,0.7645651493499113,1,9.0,0.7160201198152034,1,5.0,0.4768249317738534,0,0.0,0.9288571430533084,2,17.0
1955.0,4,21.0,0.5526315789473685,7.373070010009393,2,7.0,0.049446415259448144,1,17.0,0.6392104479343964,1,13.0,0.7053501559799069,0,0.0,0.9055456700806666,4,37.0
1960.0,5,46.0,1.2432432432432432,7.725919276544748,2,17.0,0.008551087127180577,2,20.0,0.6507860508938536,1,18.0,0.7169709712845458,0,0.0,0.8978110473887437,5,55.0
1965.0,2,4.0,0.0975609756097561,6.970010013310986,0,3.0,0.034513816322675035,0,3.0,0.8421569231033215,0,3.0,0.6137387371452322,0,0.0,0.9164615709910633,0,9.0
1970.0,6,30.0,0.75,7.243206644294366,0,0.0,1.0,1,7.0,0.7725555141803198,1,40.0,0.7052262266989797,0,0.0,0.967142861749839,2,47.0
1975.0,6,60.0,1.5,7.158244283275669,0,0.0,1.0,1,12.0,0.6498122397346551,1,16.0,0.7448475984825806,0,0.0,0.9557184931925423,2,28.0
1980.0,10,104.0,2.5365853658536586,6.351652185878534,0,0.0,1.0,2,19.0,0.5078945565066944,3,25.0,0.4741368999593121,0,0.0,0.9293969117437613,5,44.0
1985.0,7,97.0,2.255813953488372,5.864749088924685,0,0.0,1.0,1,10.0,0.5283049200430283,0,13.0,0.4048212117028811,0,0.0,0.9716212948193035,1,23.0
1990.0,8,107.0,2.488372093023256,6.583818207840525,0,3.0,0.5378851830468139,2,10.0,0.4909748846922109,0,3.0,0.8478332620231126,0,0.0,0.9910592396288558,2,16.0
1995.0,8,147.0,3.8684210526315788,7.345562906950719,0,0.0,1.0,2,24.0,0.6760793639908472,0,3.0,0.9725863026203229,0,0.0,0.9293264193390391,2,27.0
2000.0,5,56.0,1.435897435897436,7.2573218841638525,0,0.0,1.0,2,34.0,0.4664211789230669,0,0.0,0.8726309918983592,0,0.0,0.9397536966863319,2,34.0
2005.0,4,47.0,1.175,6.9881087060616185,0,0.0,1.0,3,49.0,0.3570081265774593,1,2.0,0.6305641244913719,0,0.0,0.9821907792365819,4,51.0
2010.0,7,76.0,2.1714285714285713,6.9509913389985245,0,0.0,1.0,4,69.0,0.4122787501936855,1,7.0,0.7363041275358644,0,0.0,0.934691186712465,5,76.0
2015.0,6,99.0,2.75,6.852727571947402,0,0.0,1.0,4,89.0,0.48105342567779,2,14.0,0.4898499064498374,0,0.0,0.9664651507371949,6,103.0
2020.0,6,129.0,3.3947368421052633,7.254417449177691,0,0.0,1.0,4,109.0,0.5573700472457486,2,24.0,0.30121686877995774,0,0.0,0.9564828222679037,6,133.0
2025.0,1,20.0,0.5128205128205128,7.376865796543416,0,0.0,1.0,1,24.0,0.5904576923256146,0,28.0,0.7093081751618262,0,0.0,0.9314171435473183,1,52.0
2030.0,2,28.0,0.7368421052631579,7.613439402758708,0,3.0,0.6866521065117347,1,29.0,0.6580297345586884,1,31.0,0.4773240101146211,0,0.0,0.911330292994587,2,63.0
2035.0,5,46.0,1.0952380952380953,8.062948252545677,0,0.0,1.0,4,42.0,0.4186195584056122,1,42.0,0.6585246859213599,0,0.0,0.9719350978869529,5,84.0
2040.0,5,71.0,1.7317073170731707,8.072649444497976,0,0.0,1.0,4,62.0,0.41579736106469317,1,47.0,0.7897841874154,0,0.0,0.9754810533999967,5,109.0
2045.0,1,18.0,0.4186046511627907,8.459361724169074,0,0.0,1.0,0,24.0,0.6293267136727174,1,49.0,0.756520095923955,0,0.0,0.9332874575863487,1,73.0
2050.0,0,0.0,0.0,9.56126255454417,0,0.0,1.0,0,24.0,0.9275702424835769,0,3.0,0.8788630342297434,0,0.0,0.9972522338299749,0,27.0
2055.0,1,2.0,0.044444444444444446,9.494216532964845,0,0.0,1.0,0,24.0,0.7704223671686427,1,8.0,0.8194341091271441,0,0.0,0.9541533744945511,1,32.0
2060.0,3,14.0,0.32558139534883723,8.368529484718556,0,0.0,1.0,1,26.0,0.6461080553805737,2,15.0,0.5979817348843894,0,0.0,0.9374425121898814,3,41.0
2065.0,4,24.0,0.5581395348837209,7.756894637748155,0,0.0,0.9352928825606796,0,0.0,0.8159462958170336,4,30.0,0.31652208727318065,0,0.0,0.9803845865729953,4,30.0
2070.0,3,9.0,0.20930232558139536,7.168675861921323,0,0.0,1.0,1,5.0,0.35157158842510305,1,16.0,0.4063777446833331,0,0.0,0.9504414471854985,2,21.0
2075.0,4,25.0,0.5952380952380952,8.336345111793555,0,3.0,0.5995610333560286,3,20.0,0.45445399274745024,1,14.0,0.7197707743456615,0,0.0,0.9868520446456291,4,37.0
2080.0,4,45.0,1.0465116279069768,9.181947296818434,0,0.0,0.7246305242877895,3,36.0,0.5900570507181163,1,19.0,0.7648355142998036,0,0.0,0.9707998042615036,4,55.0
2085.0,4,65.0,1.5116279069767442,8.957127115202868,0,0.0,1.0,3,51.0,0.614265908809948,1,21.0,0.6492905871939404,0,0.0,0.954092483603199,4,72.0
2090.0,4,65.0,1.4772727272727273,8.04225322665446,0,0.0,1.0,4,69.0,0.49682041876248195,0,3.0,0.9517810222814773,0,0.0,0.9607108467310339,4,72.0
2095.0,8,100.0,2.3255813953488373,7.726973542831396,0,0.0,1.0,5,92.0,0.39941459561854786,0,3.0,0.9590303998098234,0,0.0,0.938043656759856,5,95.0
2100.0,12,144.0,3.4285714285714284,6.658915163447754,0,0.0,1.0,5,117.0,0.4999467030186804,2,5.0,0.31615361251368285,0,0.0,0.9587474407376901,7,122.0
2105.0,12,204.0,4.857142857142857,5.8355553433733,0,0.0,1.0,5,142.0,0.4380192201378385,2,12.0,0.102709195208522,0,0.0,0.9403342419133907,7,154.0
2110.0,18,279.0,6.2,5.027669982085938,0,0.0,1.0,9,175.0,0.12924304484390595,3,26.0,0.0,0,0.0,0.9632213607026475,12,201.0
2115.0,17,333.0,7.4,4.366776526347295,0,0.0,1.0,6,178.0,0.18328819047796752,3,41.0,0.0,0,0.0,0.921992277049748,9,219.0
2120.0,20,423.0,9.4,3.9844026249165294,0,0.0,1.0,7,209.0,0.12017588241092562,3,56.0,0.050567567221593515,0,0.0,0.9140364089943167,10,265.0
2125.0,20,469.0,9.770833333333334,4.883116051741689,0,0.0,1.0,7,244.0,0.2837025784626049,4,81.0,0.36961593969316603,0,0.0,0.9720293235425693,11,325.0
2130.0,16,440.0,8.8,5.656439370579202,0,0.0,1.0,7,279.0,0.20476273875134673,0,6.0,0.983039242255619,0,0.0,0.9689576556592173,7,285.0
2135.0,11,156.0,3.0588235294117645,6.144305088134413,0,6.0,0.5629778086555124,5,186.0,0.19717150742093398,0,6.0,0.9225034051903122,0,0.0,0.9504149369884131,5,198.0
2140.0,2,19.0,0.3877551020408163,8.268961709814533,0,0.0,1.0,1,45.0,0.645794480313923,0,6.0,0.9851218152483542,0,0.0,0.983007221358877,1,51.0
2145.0,1,13.0,0.2708333333333333,8.333099220937983,0,0.0,1.0,1,19.0,0.6622734035944445,0,9.0,0.824603454402918,0,0.0,0.97514799828496,1,28.0
2150.0,5,28.0,0.5957446808510638,7.748984899121772,0,0.0,1.0,2,43.0,0.5899518267943893,2,15.0,0.5733040793613088,0,0.0,0.9487227745613772,4,58.0
2155.0,8,39.0,0.8478260869565217,6.928726210083643,0,0.0,1.0,0,23.0,0.9713608929577285,4,31.0,0.4460186832215755,0,0.0,0.9864682797351312,4,54.0
2160.0,7,54.0,1.2272727272727273,6.901190600332532,0,0.0,1.0,0,6.0,0.8557171903966017,5,55.0,0.42115141895386504,0,0.0,0.9506050524711205,5,61.0
2165.0,8,76.0,1.6170212765957446,6.859897683312502,0,0.0,1.0,1,5.0,0.769146108279189,5,86.0,0.5090315029351827,0,0.0,0.968945793905291,6,91.0
2170.0,6,103.0,2.2888888888888888,7.109242073297221,0,0.0,1.0,1,7.0,0.4965853520251161,5,111.0,0.5375987655736119,0,0.0,0.9889681781462629,6,118.0
2175.0,7,127.0,2.702127659574468,6.970779211424013,0,0.0,1.0,0,0.0,0.9755766497365213,7,142.0,0.37488879024829536,0,0.0,0.970546724742868,7,142.0
2180.0,9,167.0,3.4081632653061225,6.738998535557212,0,0.0,1.0,0,0.0,0.8475473050425518,9,182.0,0.288168377373516,0,0.0,0.9972898878209788,9,182.0
2185.0,11,215.0,4.215686274509804,6.709835860241278,0,0.0,1.0,1,2.0,0.49157239938903946,10,245.0,0.27206088430743525,0,0.0,0.9449912972952318,11,247.0
2190.0,4,98.0,1.9215686274509804,7.043291127527214,0,0.0,1.0,1,39.0,0.6388313174197527,3,139.0,0.33267126004436287,0,0.0,0.9536996243610287,4,178.0
2195.0,3,91.0,1.8571428571428572,7.945548073192833,0,9.0,0.6353672544491995,0,38.0,0.8104554202222995,3,116.0,0.3929243554729073,0,0.0,0.9513452888552383,3,163.0
2200.0,5,111.0,2.176470588235294,8.733417603406897,0,0.0,1.0,0,9.0,0.8616679092549758,5,136.0,0.38246442783281276,0,0.0,0.9617488000387948,5,145.0
2205.0,7,139.0,2.78,8.142050752256472,0,0.0,0.9677588246830026,1,10.0,0.820274971083796,6,166.0,0.21246794136807104,0,0.0,0.9386318749179754,7,176.0
2210.0,6,146.0,2.8076923076923075,8.598599604602802,0,0.0,1.0,1,15.0,0.7969709042883387,5,201.0,0.33025140300080874,0,0.0,0.9532279012169165,6,216.0
2215.0,5,141.0,2.660377358490566,8.295525010571444,0,0.0,1.0,0,9.0,0.9397824446657036,4,188.0,0.28268776913986454,0,0.0,0.9734912817186934,4,197.0
2220.0,6,168.0,3.230769230769231,8.337743473572116,0,0.0,1.0,1,11.0,0.7769089166069931,4,175.0,0.39024488646288386,0,0.0,0.9533794377401417,5,186.0
2225.0,9,206.0,4.12,7.728074557061396,0,0.0,0.9323218953797275,2,19.0,0.5478133652509958,5,186.0,0.275890901684369,0,0.0,0.9471649774670835,7,205.0
2230.0,9,236.0,5.0212765957446805,7.292180060860105,0,0.0,1.0,4,37.0,0.5188457987353348,5,211.0,0.27181084776540326,0,0.0,0.9421540127803505,9,248.0
2235.0,10,271.0,6.022222222222222,7.05971408885334,0,0.0,1.0,4,57.0,0.45191671098192265,4,220.0,0.19821794516198296,0,0.0,0.9586340458384409,8,277.0
2240.0,11,313.0,6.955555555555556,6.276500618398852,0,0.0,1.0,6,83.0,0.42500046156149335,4,240.0,0.14639819273322288,0,0.0,0.9621953884473312,10,323.0
2245.0,5,261.0,5.8,6.9204646622756485,0,0.0,1.0,0,9.0,0.5486454890006779,5,261.0,0.2571938492896324,0,0.0,0.9404567208853817,5,270.0
2250.0,5,286.0,6.651162790697675,7.23280346198589,0,0.0,1.0,0,0.0,0.8355630466223467,5,286.0,0.26290912555118057,0,0.0,0.9247084889480736,5,286.0
2255.0,6,304.0,6.608695652173913,7.831779905740716,0,0.0,1.0,0,0.0,0.9557705356245983,6,314.0,0.3850424828812842,0,0.0,0.9626412126012236,6,314.0
2260.0,7,338.0,7.3478260869565215,7.451780314557075,0,0.0,1.0,0,0.0,0.9589692886215732,7,344.0,0.26177036092294964,0,0.0,0.8766844809565366,7,344.0
2265.0,8,378.0,8.042553191489361,7.264321702361867,0,0.0,0.04637035378148598,0,0.0,0.9529273668990007,8,384.0,0.2989927446989728,0,0.0,0.982188322681568,8,384.0
2270.0,9,421.0,8.957446808510639,6.644813196691633,1,3.0,0.0003114245746941506,0,0.0,0.4891131031947084,8,424.0,0.2607224604061289,0,0.0,0.9689515800516677,9,427.0
2275.0,12,477.0,10.840909090909092,6.1517704074529265,1,8.0,0.0,1,4.0,0.5259151793037481,10,471.0,0.2808516667617398,0,0.0,0.9689405703459819,12,483.0
2280.0,7,455.0,11.097560975609756,5.992578106472916,0,0.0,1.0,1,9.0,0.6971881943243088,6,475.0,0.25228664178308335,0,0.0,0.993688733268223,7,484.0
2285.0,6,465.0,11.625,6.802928156254208,0,0.0,0.9486064590618515,1,17.0,0.6325460772559612,5,471.0,0.20745766205476798,0,0.0,0.9973845750682275,6,488.0
2290.0,6,495.0,12.073170731707316,7.217284793771484,0,0.0,1.0,1,25.0,0.5225932250595068,5,476.0,0.15493534154585045,0,0.0,0.9465374600166326,6,501.0
2295.0,7,529.0,13.564102564102564,7.106989412938753,0,0.0,1.0,2,34.0,0.6152927207983799,5,501.0,0.3367914058728317,0,0.0,0.9301901418611375,7,535.0
2300.0,7,564.0,14.461538461538462,6.662560237997997,0,0.0,1.0,2,44.0,0.6394793803748186,5,526.0,0.2687433202671973,0,0.0,0.9832927949187162,7,570.0
2305.0,10,608.0,14.476190476190476,6.397332094566373,0,0.0,1.0,2,54.0,0.6157001428763283,7,564.0,0.2799000968575461,0,0.0,0.9941104406465441,9,618.0
2310.0,11,661.0,16.121951219512194,5.795759245502727,0,0.0,1.0,2,64.0,0.6323557502669549,7,594.0,0.10035301086095712,0,0.0,0.9639178304477242,9,658.0
2315.0,14,725.0,17.682926829268293,5.22716647753638,0,0.0,1.0,3,99.0,0.42060448511299803,8,637.0,0.20135910070744964,0,0.0,0.9253165800053005,11,736.0
2320.0,10,425.0,9.883720930232558,4.785146112762789,0,0.0,1.0,3,93.0,0.3493223703749265,7,506.0,0.12930734355121284,0,0.0,0.9783742525345456,10,599.0
2325.0,11,177.0,3.847826086956522,5.800176349793264,0,0.0,1.0,5,117.0,0.3661889869364234,6,262.0,0.07945072470526916,0,0.0,0.9367026986120115,11,379.0
2330.0,7,101.0,2.148936170212766,6.722896133512055,0,0.0,1.0,1,15.0,0.2637108584253299,6,115.0,0.21143016944049475,0,0.0,0.9846158946989942,7,130.0
2335.0,10,147.0,3.0625,7.003342767992568,0,0.0,1.0,2,14.0,0.478035241986983,6,132.0,0.31090981404729845,0,0.0,0.9721529613466657,8,146.0
2340.0,8,159.0,3.382978723404255,7.1741412428231275,0,0.0,1.0,2,24.0,0.4959910324960465,4,144.0,0.40001053791500873,0,0.0,0.9908141216149824,6,168.0
2345.0,9,204.0,4.25,7.392009286325089,0,0.0,1.0,2,34.0,0.5460673496755042,4,147.0,0.4889374315105144,0,0.0,0.965220554766564,6,181.0
2350.0,7,172.0,3.510204081632653,7.530919023704634,0,0.0,1.0,0,0.0,0.9579623922386572,7,178.0,0.3782754007856323,0,0.0,0.9632607557620212,7,178.0
2355.0,8,212.0,4.326530612244898,7.795420853321351,0,0.0,1.0,0,0.0,0.9216756231014038,8,218.0,0.37734038650400864,0,0.0,0.9382362181986061,8,218.0
2360.0,3,28.0,0.56,8.132437601741229,0,0.0,1.0,0,0.0,0.8993841206370611,3,48.0,0.5453761631131957,0,0.0,0.9590788814429068,3,48.0
2365.0,4,40.0,0.8333333333333334,7.681985591201401,0,3.0,0.6905642597580359,1,4.0,0.6447751648662072,2,39.0,0.5448244331343379,0,0.0,0.9284039215293687,3,46.0
2370.0,8,76.0,1.6521739130434783,7.718281144081109,0,0.0,0.6443877060025606,2,20.0,0.6514858628548008,3,48.0,0.48108760380107457,0,0.0,0.9615651176336314,5,68.0
2375.0,9,121.0,2.630434782608696,7.558124300155387,0,0.0,1.0,3,35.0,0.6726575116504344,3,63.0,0.44066329965875073,0,0.0,0.9454434605628078,6,98.0
2380.0,6,85.0,1.7708333333333333,7.712530044254836,0,0.0,1.0,3,50.0,0.6679304005020572,1,42.0,0.5213433191213924,0,0.0,0.964178568459965,4,92.0
2385.0,6,99.0,2.020408163265306,8.213437063078567,0,0.0,1.0,4,68.0,0.5677274441764635,1,17.0,0.6262486884732571,0,0.0,0.9476778018142579,5,85.0
2390.0,3,43.0,0.86,8.493227249045948,0,0.0,1.0,1,29.0,0.8319937419666068,2,23.0,0.4420537066055834,0,0.0,0.983029961241529,3,52.0
2395.0,3,58.0,1.16,8.386297842220397,0,0.0,1.0,1,28.0,0.8029709316044089,2,33.0,0.3342192642823815,0,0.0,0.9851101170926321,3,61.0
2400.0,4,44.0,0.9361702127659575,7.556630652251847,0,0.0,1.0,1,30.0,0.6759752701935232,3,23.0,0.49604077338021146,0,0.0,0.9316771051637719,4,53.0
2405.0,3,52.0,1.1818181818181819,8.652047991706672,0,3.0,0.9612690900922397,1,35.0,0.8008210573076896,2,23.0,0.5246358548120293,0,0.0,0.9850195113092276,3,61.0
2410.0,4,35.0,0.7608695652173914,7.646499011011438,0,0.0,0.8962094046809341,0,0.0,0.47495674834452284,3,38.0,0.4172435003527563,0,0.0,0.8756114968410964,3,38.0
2415.0,9,74.0,1.6444444444444444,7.381779037181972,0,0.0,1.0,3,11.0,0.2762470098546914,4,61.0,0.5333569079588075,0,0.0,0.9701117189765892,7,72.0
2420.0,7,61.0,1.3863636363636365,6.633514387716065,0,0.0,1.0,4,30.0,0.19051033958601157,1,33.0,0.7054347818804751,0,0.0,0.8899952444179774,5,63.0
2425.0,4,50.0,1.1904761904761905,7.549011585432091,0,0.0,1.0,4,53.0,0.37737041580968406,0,19.0,0.8623615895263721,0,0.0,0.9613652486690939,4,72.0
2430.0,4,70.0,1.7073170731707317,7.94614284189429,0,0.0,0.9606179970338284,4,90.0,0.4731117152295938,0,3.0,0.9452559635323527,0,0.0,0.9536360508934564,4,93.0
2435.0,5,93.0,2.1627906976744184,7.77664763840379,0,0.0,1.0,5,113.0,0.4791247098298947,0,3.0,0.9330087350520795,0,0.0,0.9620996202206559,5,116.0
2440.0,5,93.0,2.2142857142857144,7.077904925688149,0,0.0,1.0,3,106.0,0.49909842994352804,0,3.0,0.7454082512125035,0,0.0,0.9589016052401403,3,109.0
2445.0,7,125.0,3.048780487804878,6.8676173027992755,0,0.0,1.0,4,124.0,0.49051146628806325,1,7.0,0.05525221168798347,0,0.0,0.875598796023227,5,131.0
2450.0,8,165.0,3.6666666666666665,6.820769363294343,0,0.0,1.0,4,141.0,0.48021959364140904,2,23.0,0.31855965806796493,0,0.0,0.9833323658548369,6,164.0
2455.0,9,178.0,3.869565217391304,6.526988396378742,0,0.0,1.0,4,161.0,0.3172618784629018,4,42.0,0.4164611141848647,0,0.0,0.9748179088393072,8,203.0
2460.0,11,226.0,5.255813953488372,5.996103919004896,0,0.0,1.0,5,184.0,0.1615726570454196,4,62.0,0.43651684828176357,0,0.0,0.9898143312424271,9,246.0
2465.0,13,285.0,6.785714285714286,5.541714125161481,0,0.0,1.0,5,209.0,0.16657314587262417,5,85.0,0.32868561921125067,0,0.0,0.9405752495307422,10,294.0
2470.0,12,329.0,7.1521739130434785,6.508758838987291,0,0.0,1.0,5,243.0,0.2876676210806727,6,115.0,0.3784643951425132,0,0.0,0.9715709683522327,11,358.0
2475.0,13,393.0,8.733333333333333,6.037252073214629,0,0.0,1.0,6,285.0,0.2975727046525138,6,145.0,0.3231589527187876,0,0.0,0.9759889706412956,12,430.0
2480.0,8,306.0,6.6521739130434785,5.33459208574702,0,0.0,1.0,4,271.0,0.27248017678626557,3,78.0,0.21936286125341434,0,0.0,0.9936756109914903,7,349.0
2485.0,11,323.0,6.872340425531915,6.322362292913496,0,3.0,0.604618584615453,6,304.0,0.39561483901258315,4,61.0,0.0896396459886871,0,0.0,0.9442274352241415,10,368.0
2490.0,11,354.0,7.224489795918367,6.190787671906609,1,7.0,0.07070522586908803,6,334.0,0.3428976630263849,4,55.0,0.1977907644110148,0,0.0,0.975618004738623,11,396.0
2495.0,14,424.0,8.48,6.352647137073477,3,22.0,0.006043615065141969,7,377.0,0.37926995045664286,4,75.0,0.4118025360420156,0,0.0,0.9741467556219037,14,474.0
2500.0,7,138.0,2.6538461538461537,6.022422113599211,0,1.0,0.02670821317895466,3,233.0,0.5290461736239196,4,95.0,0.3110065840163427,0,0.0,0.9493612481996451,7,329.0
2505.0,4,112.0,2.1132075471698113,7.683029314623054,0,0.0,1.0,0,26.0,0.8112743709482911,4,115.0,0.31312403945573447,0,0.0,0.9653657571614088,4,141.0
2510.0,5,134.0,2.627450980392157,8.233249592429338,0,0.0,1.0,0,7.0,0.9129666365706167,4,135.0,0.3908147066560764,0,0.0,0.9806762755460157,4,142.0
2515.0,7,168.0,3.111111111111111,7.663958918925849,0,0.0,1.0,1,11.0,0.43584786339591297,5,160.0,0.3617697461689699,0,0.0,0.9790977359527631,6,171.0
2520.0,10,213.0,3.9444444444444446,7.034350216783811,0,0.0,1.0,4,26.0,0.4102624991420325,5,185.0,0.12981627380822897,0,0.0,0.963236017726918,9,211.0
2525.0,6,169.0,3.1296296296296298,6.652578887266973,0,0.0,1.0,1,1.0,0.6619854431207136,5,173.0,0.02411566216761909,0,0.0,0.9319261734159933,6,174.0
2530.0,7,203.0,4.142857142857143,7.644557134965536,0,0.0,1.0,1,6.0,0.7785671597050678,6,200.0,0.12555641738413104,0,0.0,0.9535080511590045,7,206.0
2535.0,10,247.0,5.040816326530612,7.207090479256225,0,0.0,1.0,2,12.0,0.3872156884810498,7,238.0,0.21919496644281822,0,0.0,0.9801968768585277,9,250.0
2540.0,13,302.0,5.69811320754717,6.466229533553365,0,0.0,1.0,3,24.0,0.24544031932607843,7,273.0,0.2186653639865981,0,0.0,0.9791665555991086,10,297.0
2545.0,14,230.0,4.339622641509434,5.971990806589743,0,0.0,1.0,3,39.0,0.23198775964947807,5,227.0,0.3245958304951075,0,0.0,0.9698318071203142,8,266.0
2550.0,9,194.0,3.660377358490566,6.719069232320068,0,3.0,0.9285700879610611,3,59.0,0.3931393168892689,4,119.0,0.38233841534164303,0,0.0,0.9683272029495789,7,181.0
2555.0,9,239.0,4.877551020408164,6.960091277583621,0,0.0,1.0,3,74.0,0.5348884323406449,4,139.0,0.3131753583877137,0,0.0,0.9930424630923458,7,213.0
2560.0,11,289.0,5.8979591836734695,6.363115584192716,0,0.0,1.0,3,89.0,0.49544983609997745,5,161.0,0.25032121098749816,0,0.0,0.9659305913405818,8,250.0
2565.0,3,52.0,1.0833333333333333,6.77412193172561,0,0.0,1.0,2,53.0,0.46576165497289096,0,6.0,0.4854558751798127,0,0.0,0.9610807212885323,2,59.0
2570.0,2,54.0,1.148936170212766,8.135551236133642,0,6.0,0.6264953378825852,2,57.0,0.6681953697900677,0,0.0,0.9431664841626565,0,0.0,0.9517104487650605,2,63.0
2575.0,2,64.0,1.3617021276595744,7.722595644360997,0,6.0,0.2628499718292378,2,70.0,0.6133897139776603,0,0.0,0.7672177047479857,0,0.0,0.9545575513920452,2,76.0
2580.0,7,97.0,2.108695652173913,7.212225432889643,3,19.0,0.013121337400486332,3,85.0,0.6006122512998588,0,0.0,0.9690463148697424,0,0.0,0.9677866763477281,6,104.0
2585.0,6,62.0,1.3777777777777778,7.52808573313576,4,35.0,0.004551923615301842,2,39.0,0.6984968417073919,0,0.0,0.9017982672069332,0,0.0,0.935672651720522,6,74.0
2590.0,3,46.0,1.0,7.424414454549704,0,8.0,0.03256780386170168,3,52.0,0.6318666380123624,0,3.0,0.8333566391002214,0,0.0,0.9496963645768371,3,63.0
2595.0,4,64.0,1.3061224489795917,7.706972310267019,0,0.0,1.0,4,70.0,0.49467109265141684,0,3.0,0.9797292878499677,0,0.0,0.9522850816699979,4,73.0
2600.0,7,90.0,1.836734693877551,6.901772647360022,0,0.0,1.0,6,95.0,0.2685317523840572,0,3.0,0.9164448035682354,0,0.0,0.9522699378474772,6,98.0
2605.0,3,16.0,0.32,7.293648926608317,0,0.0,1.0,1,27.0,0.49006926277683477,0,3.0,0.9416350745572126,0,0.0,0.954358384599281,1,30.0
2610.0,1,12.0,0.23529411764705882,8.44241732435711,0,0.0,1.0,1,29.0,0.7469024100739919,0,3.0,0.6943504684431772,0,0.0,0.9719060049885796,1,32.0
2615.0,2,20.0,0.37735849056603776,8.872943827719864,0,0.0,1.0,1,34.0,0.7998761203342584,1,15.0,0.4023128951635853,0,0.0,0.9614510593732346,2,49.0
2620.0,6,44.0,0.8461538461538461,8.020669468721021,0,0.0,1.0,2,40.0,0.47707609206559404,4,33.0,0.43332018845181147,0,0.0,0.9399620280173784,6,73.0
2625.0,6,50.0,1.0204081632653061,8.03246701763398,0,0.0,1.0,0,3.0,0.7320496283083657,6,62.0,0.3811504633962427,0,0.0,0.9273669696947034,6,65.0
2630.0,2,22.0,0.4489795918367347,8.680265998757175,0,0.0,1.0,0,0.0,0.8357517112103594,2,40.0,0.6236976765398282,0,0.0,0.9561280329942952,2,40.0
2635.0,5,24.0,0.5454545454545454,8.104859123882331,0,0.0,1.0,1,7.0,0.5508515895368815,2,19.0,0.6423906016126579,0,0.0,0.9438901461737504,3,26.0
2640.0,5,45.0,1.0,8.55985384826419,0,0.0,0.974491423338961,2,16.0,0.6326589951936102,2,29.0,0.6336378123920614,0,0.0,0.9991728059152587,4,45.0
2645.0,4,48.0,1.1162790697674418,7.890084179769038,0,0.0,0.9723557955826556,0,0.0,0.7777094624428083,2,36.0,0.5715490838514846,0,0.0,0.9392931679005548,2,36.0
2650.0,6,77.0,1.8333333333333333,8.208559835445365,0,0.0,1.0,1,5.0,0.6491616024802052,2,46.0,0.5711264815880781,0,0.0,0.9595306801738621,3,51.0
2655.0,7,111.0,2.466666666666667,7.85101264496717,0,0.0,1.0,2,14.0,0.6577717057301455,2,59.0,0.6303005893404584,0,0.0,0.9442634237660246,4,73.0
2660.0,7,146.0,3.3181818181818183,8.399940809982864,0,0.0,1.0,2,24.0,0.6725289040398278,2,69.0,0.6550622505520691,0,0.0,0.9191285491096428,4,93.0
2665.0,8,185.0,4.3023255813953485,7.890530138687435,0,0.0,1.0,2,34.0,0.46789096938206476,3,83.0,0.536593292706666,0,0.0,0.9629080689436385,5,117.0
2670.0,5,98.0,2.2790697674418605,7.729353046766529,0,0.0,1.0,0,4.0,0.6666353490087152,1,48.0,0.6537476641567331,0,0.0,0.9454878430033444,1,52.0
2675.0,9,133.0,3.0930232558139537,6.750612520887606,0,0.0,1.0,1,1.0,0.6593994973258933,2,19.0,0.6592192247203635,0,0.0,0.9561682071969767,3,20.0
2680.0,7,54.0,1.2857142857142858,6.872766365181478,0,0.0,1.0,1,6.0,0.7725928466486636,3,35.0,0.5089490581264574,0,0.0,0.940406653048257,4,41.0
2685.0,8,86.0,2.0,7.056732731585325,0,0.0,1.0,2,44.0,0.5887591585821964,4,50.0,0.40133100013448875,0,0.0,0.9845521958082659,6,94.0
2690.0,12,122.0,2.8372093023255816,6.681301388126591,0,0.0,1.0,3,23.0,0.5251183374015249,5,62.0,0.4533070000453514,0,0.0,0.9534187371563483,8,85.0
2695.0,11,166.0,4.048780487804878,6.37447289566922,0,0.0,1.0,3,33.0,0.5202954245108776,6,89.0,0.2366158209804624,0,0.0,0.9632379526187328,9,122.0
2700.0,11,192.0,4.682926829268292,6.230027882720587,0,0.0,1.0,4,49.0,0.46210085714767735,6,119.0,0.2517925665535557,0,0.0,0.966042826763509,10,168.0
2705.0,11,217.0,5.046511627906977,6.17981411746912,0,0.0,1.0,4,69.0,0.4463972370649346,7,151.0,0.226451593091662,0,0.0,0.9760848524398242,11,220.0
2710.0,16,287.0,6.674418604651163,4.813481916743218,0,0.0,1.0,7,97.0,0.2189433483017527,8,190.0,0.18583835642835878,0,0.0,0.9755970691661844,15,287.0
2715.0,10,264.0,5.866666666666666,4.828823294787995,0,0.0,1.0,2,41.0,0.20784743351368906,8,230.0,0.15637618510390114,0,0.0,0.9593885090192675,10,271.0
2720.0,14,330.0,6.875,5.3830910744866,0,0.0,1.0,3,52.0,0.3538071610051222,11,281.0,0.018115909808454532,0,0.0,0.9386575877410765,14,333.0
2725.0,15,404.0,8.08,5.868469109475205,0,0.0,1.0,3,67.0,0.23160399925411707,12,346.0,0.1766921644035109,0,0.0,0.9592147305357052,15,413.0
2730.0,7,141.0,2.82,6.4906891659847314,0,0.0,1.0,3,82.0,0.30837637253840633,4,151.0,0.30507242218189917,0,0.0,0.9394755235765827,7,233.0
2735.0,4,115.0,2.2549019607843137,7.549640298543236,0,3.0,0.6190686519883661,3,106.0,0.514372102392563,1,75.0,0.5721865713918033,0,0.0,0.9243137372793924,4,184.0
2740.0,1,23.0,0.4339622641509434,8.52502831945718,0,0.0,0.681567637717682,0,50.0,0.6923380815866411,1,29.0,0.7140434621684069,0,0.0,0.9535953184384878,1,79.0
2745.0,2,32.0,0.6274509803921569,9.399561414327579,0,0.0,1.0,1,13.0,0.791056457846851,1,34.0,0.7236838994577357,0,0.0,0.9535392780659028,2,47.0
2750.0,3,12.0,0.22641509433962265,8.89134954654493,0,0.0,1.0,1,18.0,0.7957454039930563,2,12.0,0.4132214875319669,0,0.0,0.9465523719386137,3,30.0
2755.0,7,38.0,0.7169811320754716,7.797095504612996,0,0.0,1.0,1,23.0,0.8072699140121877,4,29.0,0.41573738197757615,0,0.0,0.9559705698197475,5,52.0
2760.0,6,54.0,1.0188679245283019,7.880441534291233,0,0.0,1.0,0,9.0,0.9214240217655522,4,80.0,0.47587747084800436,0,0.0,0.9608230702222037,4,89.0
2765.0,9,90.0,1.7307692307692308,7.058058726595869,0,0.0,1.0,0,6.0,0.9127025636907948,5,102.0,0.43307646479587575,0,0.0,0.9535309698089806,5,108.0
2770.0,5,55.0,1.0576923076923077,7.406410834909293,0,0.0,1.0,0,3.0,0.8704169417099977,1,44.0,0.6959403736220332,0,0.0,0.9476723018626748,1,47.0
2775.0,6,83.0,1.509090909090909,7.850125649684497,0,9.0,0.550288357961859,0,0.0,0.8863706698788864,1,46.0,0.7205589854362705,0,0.0,0.9688243330776083,1,55.0
2780.0,3,26.0,0.48148148148148145,7.607724145545467,1,10.0,0.043710037813690795,0,3.0,0.7308006556363444,1,51.0,0.6551161333128522,0,0.0,0.98607873344603,2,64.0
2785.0,6,45.0,0.8823529411764706,7.637754466104192,4,28.0,2.102720934866216e-05,0,3.0,0.9687222818653192,2,60.0,0.5690162344247566,0,0.0,0.9577373362056063,6,91.0
2790.0,1,27.0,0.5192307692307693,7.688806524408776,0,7.0,0.05052895057912919,0,3.0,0.9629992454543306,1,62.0,0.6132376856443369,0,0.0,0.9528770382093247,1,72.0
2795.0,1,32.0,0.6274509803921569,8.345600308302044,0,0.0,1.0,0,3.0,0.7753976438816961,1,81.0,0.6775784354600922,0,0.0,0.93540497838483,1,84.0
2800.0,4,44.0,0.8461538461538461,7.788583112380976,0,0.0,1.0,1,8.0,0.761827568891,3,88.0,0.3652414509645554,0,0.0,0.9291523427338659,4,96.0
2805.0,6,63.0,1.2352941176470589,6.958676313913705,0,0.0,1.0,0,3.0,0.9490124713231457,6,112.0,0.14665483389142098,0,0.0,0.9519736155851348,6,115.0
2810.0,9,102.0,1.8888888888888888,6.456833273016995,0,0.0,1.0,0,0.0,0.9844486753177387,7,145.0,0.14778744287602516,0,0.0,0.9371568500056069,7,145.0
2815.0,10,112.0,2.1538461538461537,6.0013883080892905,0,0.0,1.0,0,0.0,0.9258797526749977,5,136.0,0.32980037713860766,0,0.0,0.9520467833028584,5,136.0
2820.0,8,125.0,2.5510204081632653,6.30860077020263,0,6.0,0.6756371112658484,0,1.0,0.959089845909756,5,160.0,0.35997157641439403,0,0.0,0.9305904153754813,5,167.0
2825.0,8,149.0,3.1041666666666665,6.688277822511455,0,6.0,0.1678868765109395,0,4.0,0.9672919749606003,5,185.0,0.31041624208008756,0,0.0,0.9900145945532214,5,195.0
2830.0,10,173.0,3.392156862745098,6.240831144610656,2,13.0,0.010947718339820238,1,5.0,0.7339280320288107,6,212.0,0.3159011525444934,0,0.0,0.9419635602565276,9,230.0
2835.0,6,95.0,1.9387755102040816,7.017358979930383,0,0.0,0.027853876770045503,1,10.0,0.800817985684339,4,138.0,0.5324294441018115,0,0.0,0.9572098841977191,5,148.0
2840.0,2,23.0,0.46,7.811235786701408,0,3.0,0.8216876553949937,1,15.0,0.7771887386641886,1,67.0,0.5501379878933551,0,0.0,0.9316160335463384,2,85.0
2845.0,6,44.0,0.8148148148148148,8.069183574723425,0,0.0,1.0,1,20.0,0.7888273539481606,5,31.0,0.2344072077259097,0,0.0,0.9306634889931726,6,51.0
2850.0,6,56.0,1.0,7.601063979279559,0,0.0,1.0,0,3.0,0.8370350580181048,6,66.0,0.24669350616203556,0,0.0,0.9404721196573074,6,69.0
2855.0,3,46.0,0.8518518518518519,7.86175379072964,0,0.0,1.0,0,0.0,0.9659663079606056,3,46.0,0.47172601013990434,0,0.0,0.9745955342095135,3,46.0
2860.0,8,73.0,1.3518518518518519,7.680319949328601,0,3.0,0.5929719728701923,0,3.0,0.9094786786642723,3,64.0,0.447775908492481,0,0.0,0.9511183822598591,3,70.0
2865.0,6,91.0,1.7169811320754718,7.849084864225399,0,0.0,1.0,0,8.0,0.9064680740922698,3,79.0,0.5438678941665372,0,0.0,0.9634854003771484,3,87.0
2870.0,3,91.0,1.9361702127659575,8.138954537621226,0,0.0,1.0,0,11.0,0.9434416704039853,3,94.0,0.48449016846009263,0,0.0,0.9892410737484238,3,105.0
2875.0,3,106.0,2.2083333333333335,8.074797819470673,0,0.0,1.0,0,3.0,0.7401845513076779,3,109.0,0.47937045840772546,0,0.0,0.9476572606403393,3,112.0
2880.0,7,134.0,2.977777777777778,7.492494605903408,0,0.0,1.0,2,10.0,0.5759996053935615,3,124.0,0.34205587264820186,0,0.0,0.9673387400773326,5,134.0
2885.0,6,156.0,3.25,7.606650266197447,0,0.0,1.0,2,20.0,0.6577949742026493,4,142.0,0.20570738596007018,0,0.0,0.9719402441578154,6,162.0
2890.0,5,163.0,3.7906976744186047,6.926491357404681,0,0.0,1.0,0,15.0,0.6084584479128069,5,166.0,0.1473518666931572,0,0.0,0.9666658829984671,5,181.0
2895.0,9,203.0,4.72093023255814,6.886217300323684,0,0.0,1.0,2,11.0,0.5164434377654679,7,198.0,0.12388932376827384,0,0.0,0.964635834858913,9,209.0
2900.0,5,199.0,4.738095238095238,6.999023562798816,0,0.0,1.0,2,21.0,0.23029710550667967,3,191.0,0.1948648111110656,0,0.0,0.9669650380915438,5,212.0
2905.0,6,229.0,5.325581395348837,7.5560679512011495,0,6.0,0.5598425206173234,3,39.0,0.2552707136730918,3,196.0,0.22321706838347305,0,0.0,0.9617319716929482,6,241.0
2910.0,3,211.0,5.023809523809524,7.663199920659981,0,0.0,0.8380450865350199,0,5.0,0.6596505882943634,3,211.0,0.0,0,0.0,0.9537077382494268,3,216.0
2915.0,4,228.0,5.181818181818182,7.746996188684938,0,0.0,1.0,0,26.0,0.9741673878435823,3,226.0,0.0,0,0.0,0.9819312455637937,3,252.0
2920.0,1,73.0,1.489795918367347,8.946441244487431,0,0.0,1.0,0,26.0,0.959245351357714,1,151.0,0.4998623665115195,0,0.0,0.9540403572107478,1,177.0
2925.0,1,1.0,0.02,9.075241515591259,0,0.0,1.0,1,27.0,0.7557896958908487,0,3.0,0.740360048718377,0,0.0,0.9380499859785345,1,30.0
2930.0,6,20.0,0.425531914893617,7.661847103992359,0,0.0,1.0,0,3.0,0.9510190774214374,2,13.0,0.42314533682968763,0,0.0,0.972728536458969,2,16.0
2935.0,10,66.0,1.346938775510204,7.452217340214277,0,0.0,1.0,0,3.0,0.6039429147283784,4,30.0,0.4078391495978063,0,0.0,0.9333891276248774,4,33.0
2940.0,9,84.0,1.826086956521739,6.726270674570158,0,0.0,1.0,2,10.0,0.23727448405249113,2,35.0,0.4873189984777488,0,0.0,0.9533131158522183,4,45.0
2945.0,13,145.0,3.152173913043478,6.13548808421427,0,0.0,0.9887075135947281,4,33.0,0.32967743304368397,3,32.0,0.00021793448273119123,0,0.0,0.9538218440882696,7,65.0
2950.0,10,167.0,3.5531914893617023,6.387969943689809,0,0.0,1.0,0,12.0,0.7756420742991923,3,47.0,0.0,0,0.0,0.9859992002087232,3,59.0
2955.0,10,217.0,4.254901960784314,7.0232339741544445,0,0.0,1.0,0,3.0,0.9378974355820583,3,62.0,0.3390725463733594,0,0.0,0.974979233799396,3,65.0
2960.0,12,218.0,4.541666666666667,6.25791587123063,0,0.0,1.0,0,3.0,0.9502737332027171,2,50.0,0.38137377721115734,0,0.0,0.9244189411562103,2,53.0
2965.0,14,283.0,5.775510204081633,6.496865811222002,0,0.0,1.0,0,6.0,0.9667347671921721,2,29.0,0.5922839928055577,0,0.0,0.9348723846011529,2,35.0
2970.0,15,354.0,7.866666666666666,6.055959627829176,0,0.0,1.0,1,7.0,0.7608844072783008,2,39.0,0.5652428719344524,0,0.0,0.9149818699066004,3,46.0
2975.0,17,432.0,9.191489361702128,5.298512185097258,0,0.0,1.0,3,15.0,0.23753532954835374,2,49.0,0.5803165772798231,0,0.0,0.9460240510970869,5,64.0
2980.0,17,484.0,10.521739130434783,4.702660133428116,0,0.0,1.0,4,34.0,0.2764458234066565,1,19.0,0.4125299723908828,0,0.0,0.9904901496598084,5,53.0
2985.0,21,584.0,12.695652173913043,4.2912415695752655,0,0.0,1.0,4,54.0,0.3258101944634082,5,39.0,0.0007397610780258167,0,0.0,0.9805654262949659,9,93.0
2990.0,15,486.0,10.125,5.063080010479517,0,0.0,1.0,0,3.0,0.9736540039319909,5,64.0,0.11459670019134571,0,0.0,0.9827683080997227,5,67.0
2995.0,17,567.0,11.34,5.425567965647655,0,0.0,1.0,0,10.0,0.8894062660239067,6,95.0,0.2081234710053947,0,0.0,0.9866518150775715,6,105.0
3000.0,18,643.0,13.122448979591837,5.233261795505849,0,0.0,1.0,0,7.0,0.6973646298178731,7,131.0,0.21568221456517359,0,0.0,0.9763686137980162,7,138.0
3005.0,14,532.0,10.431372549019608,5.614520113039825,0,0.0,1.0,1,12.0,0.3622162192743087,6,153.0,0.3162463026562854,0,0.0,0.965424636448224,7,165.0
3010.0,14,254.0,4.703703703703703,5.961097103263097,0,0.0,1.0,3,27.0,0.3885746544852826,6,183.0,0.3109171461393491,0,0.0,0.967841994879126,9,210.0
3015.0,11,248.0,4.509090909090909,5.904915927251327,0,0.0,1.0,3,42.0,0.3946616015816747,6,213.0,0.38311008068586644,0,0.0,0.9996985039063829,9,255.0
3020.0,10,295.0,5.673076923076923,6.39476056189415,0,0.0,1.0,3,57.0,0.47685298805247284,6,240.0,0.4034437255118748,0,0.0,0.9505996224374172,9,297.0
3025.0,4,78.0,1.4181818181818182,6.962779162874207,0,78.0,0.9487674511431355,3,81.0,0.5472309584915017,0,44.0,0.6512563195725265,0,0.0,0.916154289088704,3,203.0
3030.0,3,77.0,1.4807692307692308,7.666978444273259,0,6.0,0.5432613399674515,3,105.0,0.4604622320863921,0,0.0,0.945921628714383,0,0.0,0.9687656251965098,3,111.0
3035.0,4,93.0,1.7884615384615385,8.175424221770234,0,0.0,1.0,3,108.0,0.4953216144074318,0,0.0,0.7251404504318959,0,0.0,0.9678698505196518,3,108.0
3040.0,6,118.0,2.2264150943396226,8.609323990688013,0,0.0,1.0,4,126.0,0.6069964939796757,1,53.0,0.7121698233343744,0,0.0,0.9908993776652579,5,179.0
3045.0,5,140.0,2.5925925925925926,8.316684073373175,0,0.0,1.0,4,176.0,0.6305150019462714,1,17.0,0.7828552239597342,0,0.0,0.9437622984591245,5,193.0
3050.0,3,19.0,0.35185185185185186,8.108934776290486,0,0.0,1.0,2,104.0,0.6091827631210996,1,15.0,0.5767642069240784,0,0.0,0.9640869826860249,3,119.0
3055.0,3,30.0,0.5882352941176471,8.152632392018294,0,0.0,1.0,1,16.0,0.8134979064167182,2,23.0,0.37379620464942953,0,0.0,0.9555597805697923,3,39.0
3060.0,8,56.0,1.0566037735849056,8.02751208093813,0,0.0,1.0,4,26.0,0.418462603793641,3,38.0,0.2291444334275433,0,0.0,0.9852787785991252,7,64.0
3065.0,6,70.0,1.3461538461538463,7.864718573261266,0,0.0,1.0,5,49.0,0.2189728903262413,1,33.0,0.6470778598185251,0,0.0,0.9892677770351753,6,82.0
3070.0,2,43.0,0.8958333333333334,7.676493884518436,0,3.0,0.5232773313561125,1,11.0,0.3013895062947218,1,35.0,0.0,0,0.0,0.9570076492622225,2,49.0
3075.0,2,53.0,1.127659574468085,8.2129250446255,0,0.0,0.5046203043999997,1,16.0,0.6991476566082969,1,42.0,0.4889998634323888,0,0.0,0.9808286212195283,2,58.0
3080.0,4,67.0,1.34,8.233253251740111,0,0.0,1.0,1,21.0,0.7780104514556008,2,54.0,0.45899960054721156,0,0.0,0.9788301138895734,3,75.0
3085.0,6,94.0,1.88,8.372561524496415,0,0.0,1.0,1,26.0,0.7261458577223278,2,64.0,0.5575713760353082,0,0.0,0.9969349273159529,3,90.0
3090.0,2,83.0,1.7291666666666667,8.997910757467169,0,0.0,1.0,1,31.0,0.804699395683767,1,61.0,0.7654003558286353,0,0.0,0.9608938618748446,2,92.0
3095.0,2,93.0,1.8979591836734695,8.910355030573733,0,0.0,1.0,1,39.0,0.8266567338490078,1,66.0,0.5961972770776086,0,0.0,0.9461703626726023,2,105.0
3100.0,5,109.0,2.3191489361702127,8.224206223925275,0,0.0,1.0,3,47.0,0.4908040666947904,2,74.0,0.6472133394957318,0,0.0,0.9525755746248357,5,121.0
3105.0,6,137.0,3.0444444444444443,7.8212726281886615,0,0.0,1.0,4,65.0,0.47677380957947985,2,84.0,0.6266064149885809,0,0.0,0.9832793471612707,6,149.0
3110.0,6,81.0,1.7608695652173914,7.229038826365338,0,0.0,1.0,4,85.0,0.4368629800791439,2,20.0,0.342607039170805,0,0.0,0.9637101083106878,6,105.0
3115.0,7,115.0,2.3469387755102042,6.872798422005724,0,0.0,1.0,4,105.0,0.23555208586637816,3,22.0,0.22269652104700013,0,0.0,0.9809875848988253,7,127.0
3120.0,10,160.0,3.2,6.380613942750566,0,0.0,1.0,7,139.0,0.27032196116341684,3,37.0,0.3399141411774063,0,0.0,0.9700149657788477,10,176.0
3125.0,15,220.0,4.4,6.2962954935056175,0,0.0,1.0,8,172.0,0.24210241423264922,7,61.0,0.17250462505283337,0,0.0,0.9734576348093407,15,233.0
3130.0,9,211.0,4.395833333333333,6.2907167626157765,0,0.0,1.0,8,208.0,0.19058752363913536,1,20.0,0.3598155229786952,0,0.0,0.9709401173035371,9,228.0
3135.0,1,73.0,1.46,7.219987674850618,0,3.0,0.6660601011130444,1,114.0,0.4943000299259614,0,6.0,0.72081634067851,0,0.0,0.9691172581025036,1,123.0
3140.0,1,78.0,1.6595744680851063,8.259923351230656,0,0.0,0.7355419474752881,1,84.0,0.7084460886634883,0,0.0,0.9728961631830715,0,0.0,0.9720222308446381,1,84.0
3145.0,1,83.0,1.7659574468085106,9.185565407117176,0,0.0,1.0,1,169.0,0.792793186712892,0,6.0,0.9318710685386491,0,0.0,0.9785326520582592,1,175.0
3150.0,3,91.0,1.8571428571428572,8.480087955601004,0,0.0,1.0,1,171.0,0.7269210041554613,1,8.0,0.73744044003125,0,0.0,0.9780084410820201,2,179.0
3155.0,3,106.0,2.0384615384615383,7.925394189955383,0,0.0,1.0,1,96.0,0.7595142459907247,1,13.0,0.7767658953790141,0,0.0,0.9361039242749459,2,109.0
3160.0,6,129.0,2.5294117647058822,7.7156327954257735,0,0.0,1.0,1,177.0,0.7565075133764845,1,18.0,0.6892636563424132,0,0.0,0.9788663107225941,2,195.0
3165.0,10,169.0,3.38,6.7234272645504625,0,0.0,1.0,2,183.0,0.6409353446270275,2,28.0,0.6786751341160199,0,0.0,0.9896262728665448,4,211.0
3170.0,10,199.0,3.98,5.741010910246559,0,0.0,1.0,2,193.0,0.23293397391516463,1,16.0,0.47621737575228557,0,0.0,0.9492344803443058,3,209.0
3175.0,12,247.0,5.145833333333333,5.485419353761199,0,0.0,1.0,1,116.0,0.42517359771600066,4,30.0,0.20487611628918923,0,0.0,0.9594312984568729,5,146.0
3180.0,15,313.0,6.387755102040816,5.679701871142951,0,0.0,1.0,1,118.0,0.7006239253996829,5,51.0,0.010041095342950607,0,0.0,0.9844117524312618,6,169.0
3185.0,16,389.0,7.78,5.474069605603657,0,0.0,1.0,1,126.0,0.6429279485549907,6,79.0,0.1379394220156951,0,0.0,0.9956882252512319,7,205.0
3190.0,19,444.0,8.222222222222221,5.046645145293353,0,0.0,1.0,2,136.0,0.5857162254692742,6,108.0,0.19522426580561122,0,0.0,0.9912847682378915,8,244.0
3195.0,15,247.0,4.574074074074074,4.830490075005097,0,0.0,1.0,2,20.0,0.410127053014778,6,138.0,0.22236737535325368,0,0.0,0.9391758913036681,8,158.0
3200.0,12,259.0,4.709090909090909,5.460812064291513,0,0.0,1.0,3,36.0,0.5695306316405035,6,171.0,0.35051420000503347,0,0.0,0.9925317411293024,9,207.0
3205.0,10,236.0,4.214285714285714,5.713321834408118,0,0.0,1.0,3,51.0,0.5457332129641961,7,204.0,0.31962043781044525,0,0.0,0.991670263010269,10,255.0
3210.0,4,58.0,1.0545454545454545,5.650560430551241,0,0.0,1.0,3,61.0,0.3421352598945434,0,36.0,0.5011342098561018,0,0.0,0.9670860528551797,3,97.0
3215.0,7,93.0,1.7547169811320755,6.345127717777854,0,9.0,0.5720956969244623,5,92.0,0.40240019091211465,0,3.0,0.6359249542639817,0,0.0,0.9381919853757535,5,104.0
3220.0,6,111.0,2.0943396226415096,7.664288761495862,0,0.0,0.717653955291308,5,118.0,0.48748231530412073,1,26.0,0.5768465710872309,0,0.0,0.9687403871291896,6,144.0
3225.0,12,160.0,2.807017543859649,7.144531794512515,2,4.0,0.07672678411356813,8,155.0,0.3678803883591954,2,37.0,0.5827423206354698,0,0.0,0.9697022214795123,12,196.0
3230.0,13,213.0,3.8035714285714284,6.852315124069195,3,18.0,7.781466138382853e-06,9,198.0,0.3353807614599242,1,30.0,0.7678829924067733,0,0.0,0.9619338707561793,13,246.0
3235.0,10,122.0,2.1785714285714284,6.68233516381478,3,33.0,0.0,5,149.0,0.4162893544035397,2,41.0,0.636229149004065,0,0.0,0.9630300327613956,10,223.0
3240.0,6,73.0,1.3272727272727274,8.293558904840296,3,48.0,0.0,0,45.0,0.7262083841473974,3,52.0,0.47552075896131063,0,0.0,0.9806059250659528,6,145.0
3245.0,6,47.0,0.8867924528301887,8.053595042436823,0,0.0,1.0,3,13.0,0.27924515569455105,3,67.0,0.3985566626803898,0,0.0,0.9550355307972191,6,80.0
3250.0,6,66.0,1.2222222222222223,7.553008220747268,0,0.0,1.0,4,33.0,0.1596526377924302,2,66.0,0.5644184959925725,0,0.0,0.9588533396777967,6,99.0
3255.0,11,108.0,2.0377358490566038,7.186428124938579,0,0.0,0.9667259137078587,5,55.0,0.3634176372626663,4,77.0,0.3084347080561245,0,0.0,0.9427906414043162,9,132.0
3260.0,9,147.0,2.7735849056603774,7.9678265588290245,0,0.0,1.0,5,86.0,0.4108003153237952,4,97.0,0.4077397674245807,0,0.0,0.9805531367256912,9,183.0
3265.0,10,193.0,3.784313725490196,7.915785441610441,0,0.0,1.0,6,112.0,0.3478916458352931,4,117.0,0.5384682134370703,0,0.0,0.9617229852632848,10,229.0
3270.0,8,164.0,3.1538461538461537,7.713557130468094,0,0.0,1.0,6,142.0,0.3579957932765369,2,69.0,0.514447311998702,0,0.0,0.9850439260648356,8,211.0
3275.0,2,5.0,0.1,7.576020276010625,0,0.0,1.0,1,30.0,0.7059614420951419,1,19.0,0.6644311735357499,0,0.0,0.9382119157225747,2,49.0
3280.0,4,20.0,0.40816326530612246,7.779231687608638,0,0.0,0.9591945630723094,1,14.0,0.8036668101636842,1,7.0,0.5872133836848487,0,0.0,0.9888502485119268,2,21.0
3285.0,6,45.0,0.9782608695652174,7.637803681031411,0,0.0,1.0,1,16.0,0.751408882679749,2,22.0,0.6650512484122366,0,0.0,0.960419917574065,3,38.0
3290.0,7,78.0,1.7333333333333334,7.294840336951927,0,0.0,1.0,1,21.0,0.7615480411371055,3,35.0,0.5351218102654046,0,0.0,0.9978925042706741,4,56.0
3295.0,6,74.0,1.608695652173913,7.0907618570022795,0,0.0,1.0,0,3.0,0.7480586334927548,1,28.0,0.7633991998705688,0,0.0,0.9659914682994273,1,31.0
3300.0,9,115.0,2.5555555555555554,7.169190525302626,0,3.0,0.7807118520604117,2,8.0,0.46714474889378993,1,33.0,0.7741569142688562,0,0.0,0.9584358522775782,3,44.0
3305.0,11,166.0,3.9523809523809526,6.284695771019474,1,6.0,0.0007822561301042471,2,21.0,0.49718666616378504,1,38.0,0.606880107934058,0,0.0,0.9928398038158399,4,65.0
3310.0,13,225.0,5.769230769230769,5.4436479160220115,1,11.0,0.4480826435440858,2,31.0,0.5787586757523999,2,43.0,0.5770528788011864,0,0.0,0.947261032709272,5,85.0
3315.0,6,121.0,3.025,6.131498985665137,0,0.0,0.940757494318148,0,3.0,0.9278973129216738,0,7.0,0.36718852154131953,0,0.0,0.9556443102817662,0,10.0
3320.0,2,16.0,0.4,7.436154665372088,0,0.0,1.0,0,3.0,0.964242723017224,1,5.0,0.48341741476311456,0,0.0,0.9826824654447948,1,8.0
3325.0,2,11.0,0.2682926829268293,8.02400761759482,0,0.0,1.0,0,3.0,0.9674479952891576,2,14.0,0.4810878793710593,0,0.0,0.9498225236241628,2,17.0
3330.0,2,21.0,0.5121951219512195,7.884073831234389,0,0.0,1.0,0,0.0,0.978626130905434,2,24.0,0.4732097983343785,0,0.0,0.9694180021831982,2,24.0
3335.0,3,33.0,0.7674418604651163,7.291516886466406,0,0.0,1.0,0,0.0,0.6612745855949693,2,34.0,0.5643823720713768,0,0.0,0.9258370879041452,2,34.0
3340.0,5,54.0,1.255813953488372,7.301970474762473,0,0.0,1.0,2,8.0,0.4712029427634158,2,44.0,0.5808534694305789,0,0.0,0.9584547543169684,4,52.0
3345.0,4,69.0,1.6829268292682926,7.630153975670035,0,0.0,1.0,2,18.0,0.46790596517677174,2,51.0,0.47269840155020665,0,0.0,0.9539617492063603,4,69.0
3350.0,7,98.0,2.2790697674418605,7.152596584462751,0,0.0,1.0,2,28.0,0.4735949294794655,5,70.0,0.33374968102731684,0,0.0,0.983954843477048,7,98.0
3355.0,9,140.0,3.3333333333333335,6.341101896214468,0,0.0,1.0,3,42.0,0.19802867881368735,6,111.0,0.224942175547788,0,0.0,0.9163254104716718,9,153.0
3360.0,5,25.0,0.5952380952380952,6.3162369166429535,0,0.0,1.0,1,4.0,0.6522591828673394,4,43.0,0.3116303775659629,0,0.0,0.9279573431476821,5,47.0
3365.0,5,42.0,0.9767441860465116,7.071772256078838,0,6.0,0.5570395520901759,1,15.0,0.610072340460802,4,53.0,0.2183067246162083,0,0.0,0.959247691152199,5,74.0
3370.0,7,75.0,1.6304347826086956,8.470027519682509,0,0.0,0.8520236095663495,2,23.0,0.7045414524607031,5,79.0,0.3709575158133189,0,0.0,0.9597005701776984,7,102.0
3375.0,7,110.0,2.391304347826087,8.049966514654571,0,0.0,1.0,2,33.0,0.5957605344616594,5,104.0,0.35379102834727877,0,0.0,0.8613492476605432,7,137.0
3380.0,3,70.0,1.4893617021276595,8.151831080331307,0,0.0,1.0,0,43.0,0.7345115959529714,3,94.0,0.4315996349015253,0,0.0,0.8017201907635121,3,137.0
3385.0,3,70.0,1.4285714285714286,8.771966274017872,0,0.0,1.0,1,47.0,0.7584907318208203,2,71.0,0.5111227113217799,0,0.0,0.9706178095590646,3,118.0
3390.0,7,98.0,2.0416666666666665,8.569070679127051,0,0.0,1.0,2,16.0,0.6514304674964975,5,94.0,0.47602509494316825,0,0.0,0.9490426506439951,7,110.0
3395.0,8,136.0,2.893617021276596,7.2637723952475834,0,0.0,1.0,3,29.0,0.43994842163265263,5,119.0,0.3470428438449025,0,0.0,0.9690595750513136,8,148.0
3400.0,8,73.0,1.553191489361702,7.10187476580058,0,0.0,1.0,1,23.0,0.6020024534151016,7,103.0,0.16186374721202618,0,0.0,0.9565941459185408,8,126.0
3405.0,8,113.0,2.26,7.723210641955461,0,0.0,1.0,1,28.0,0.7696699320372428,7,97.0,0.12363743011650781,0,0.0,0.9718390447923861,8,125.0
3410.0,8,153.0,2.9423076923076925,7.925496922716765,0,0.0,1.0,1,33.0,0.7014713868737081,7,135.0,0.28237736382630496,0,0.0,0.9812773926493757,8,168.0
3415.0,10,196.0,3.92,7.004171800472506,0,0.0,1.0,1,35.0,0.4894168198377866,9,173.0,0.24156212245661932,0,0.0,0.9431128182030162,10,208.0
3420.0,3,79.0,1.58,7.169641010412046,0,0.0,1.0,1,40.0,0.4697080284872165,2,82.0,0.34585893770233117,0,0.0,0.8417433321194268,3,122.0
3425.0,2,13.0,0.23636363636363636,7.916672162725635,0,3.0,0.5675515229530418,1,4.0,0.5806131308695162,1,47.0,0.48259326332218516,0,0.0,0.9227125757426102,2,54.0
3430.0,4,25.0,0.4807692307692308,8.148135658028052,2,11.0,0.014175999506564176,1,12.0,0.789813337267045,1,23.0,0.7145449816307499,0,0.0,0.9054662147443867,4,46.0
3435.0,2,33.0,0.6226415094339622,8.461617652503918,0,0.0,0.691088690511343,1,17.0,0.7962486572205597,1,25.0,0.7436275399843084,0,0.0,0.9790553726505604,2,42.0
3440.0,3,45.0,0.8181818181818182,7.687704463192608,0,0.0,1.0,1,19.0,0.4949584914531741,2,32.0,0.5878461907241153,0,0.0,0.9355635511830167,3,51.0
3445.0,6,51.0,0.9444444444444444,7.5510817546196725,0,0.0,1.0,1,8.0,0.7536873810126803,3,43.0,0.40997257458477715,0,0.0,0.9365289986566229,4,51.0
3450.0,7,79.0,1.6122448979591837,7.377146888904636,0,0.0,1.0,1,13.0,0.8056327331621672,4,61.0,0.2981246587585829,0,0.0,0.9112106429447074,5,74.0
3455.0,7,103.0,2.019607843137255,7.431045512942203,0,0.0,1.0,1,18.0,0.7701942261835248,5,89.0,0.4051438412534555,0,0.0,0.9692239249167328,6,107.0
3460.0,10,147.0,2.672727272727273,7.429973117337897,0,0.0,1.0,1,45.0,0.8283707178169628,5,114.0,0.3080067590765004,0,0.0,0.9912824672471438,6,159.0
3465.0,7,121.0,2.372549019607843,6.102472180922579,0,0.0,1.0,1,47.0,0.6187026870481531,2,88.0,0.27554518670779704,0,0.0,0.9468991384655652,3,135.0
3470.0,10,166.0,3.32,6.883129237246356,0,3.0,0.6487836137591275,2,58.0,0.34321755005258864,4,86.0,0.48619598193800023,0,0.0,0.9918877400537248,6,147.0
3475.0,13,225.0,4.245283018867925,7.0155372207905,0,0.0,1.0,3,73.0,0.5476725262452843,5,107.0,0.36179832723228156,0,0.0,0.9472944313631841,8,180.0
3480.0,15,267.0,5.037735849056604,6.121992579001228,0,0.0,0.9657640029924837,4,89.0,0.4831643270003908,6,130.0,0.14212194046204132,0,0.0,0.9360016403516598,10,219.0
3485.0,8,142.0,2.730769230769231,6.290192654715781,2,4.0,0.0007579952086055991,1,45.0,0.5732879039322107,5,141.0,0.31977976206530023,0,0.0,0.9408087162714943,8,190.0
3490.0,10,179.0,3.5098039215686274,6.771183213952511,2,14.0,1.6466124955543465e-05,0,3.0,0.8578158730871059,7,172.0,0.21577526606675423,0,0.0,0.9509992989516055,9,189.0
3495.0,13,237.0,4.471698113207547,6.147442137205067,2,24.0,0.0,0,3.0,0.6333125632450264,7,207.0,0.1929253300219899,0,0.0,0.9734152084122052,9,234.0
3500.0,18,316.0,6.076923076923077,5.5367745804384985,2,34.0,0.0,2,11.0,0.6242625716765123,8,244.0,0.2365224859929045,0,0.0,0.9921707955797203,12,289.0
3505.0,16,351.0,6.622641509433962,5.081028394614224,0,0.0,1.0,0,0.0,0.916172456340976,9,288.0,0.17144959992232603,0,0.0,0.9721996558160765,9,288.0
3510.0,12,349.0,6.711538461538462,5.675393167628356,0,0.0,1.0,1,1.0,0.6513074863221902,9,333.0,0.18756400179045782,0,0.0,0.9744221812519867,10,334.0
3515.0,12,383.0,6.963636363636364,6.298986240099306,0,0.0,1.0,2,11.0,0.41427346802308807,10,384.0,0.2171825612027076,0,0.0,0.950390407626743,12,395.0
3520.0,16,452.0,8.218181818181819,5.5828013000028385,0,0.0,1.0,4,24.0,0.19927046354724326,10,434.0,0.20399863129765422,0,0.0,0.9389837016573103,14,458.0
3525.0,19,543.0,9.696428571428571,5.623451144128777,0,0.0,1.0,4,44.0,0.3780623455498294,12,491.0,0.18170809362946783,0,0.0,0.9244762125064665,16,535.0
3530.0,18,455.0,8.125,5.931345594542509,0,0.0,1.0,4,64.0,0.5363921544066871,11,435.0,0.20042258310003253,0,0.0,0.9961753924307699,15,499.0
3535.0,13,248.0,4.679245283018868,5.970020146358646,0,0.0,1.0,2,40.0,0.5563532337846647,7,334.0,0.33194169184561967,0,0.0,0.9461582947424033,9,374.0
3540.0,13,292.0,5.615384615384615,6.139895657808055,0,0.0,1.0,0,6.0,0.7445948901565039,8,259.0,0.3114416832763151,0,0.0,0.9462694102838717,8,265.0
3545.0,16,365.0,7.3,6.363804112433236,0,0.0,1.0,0,3.0,0.9340610881022291,10,265.0,0.23138379998821748,0,0.0,0.9992000806106954,10,268.0
3550.0,3,46.0,0.9019607843137255,7.025755756763667,0,0.0,0.05830689597682631,0,3.0,0.8135996174571031,2,92.0,0.47842706048326217,0,0.0,0.9709980058605122,2,95.0
3555.0,3,54.0,1.0588235294117647,8.092624460285089,1,7.0,0.30374005611245963,0,12.0,0.8402847559205124,2,53.0,0.6373339306896025,0,0.0,0.9552870002718837,3,72.0
3560.0,4,70.0,1.4583333333333333,7.61770945772891,1,18.0,0.12881568961434792,1,10.0,0.826791494294664,2,63.0,0.563344378251679,0,0.0,0.9813703588940651,4,91.0
3565.0,7,101.0,2.1041666666666665,7.32912564249163,3,32.0,0.026226603672693496,1,15.0,0.8670927916061019,2,76.0,0.6838023963494767,0,0.0,0.998532366013025,6,123.0
3570.0,8,132.0,2.933333333333333,7.263011776084655,5,51.0,0.007891016456846403,1,20.0,0.8262563247983921,2,86.0,0.5553118108171673,0,0.0,0.9710287674567297,8,157.0
3575.0,8,73.0,1.5869565217391304,7.18828374554753,6,78.0,0.0012084337977962287,1,10.0,0.8228955082869265,1,46.0,0.703121699307375,0,0.0,0.8630253918682917,8,134.0
3580.0,9,114.0,2.533333333333333,7.294139635213307,6,108.0,0.00038361141390638064,1,15.0,0.8251168615219979,2,13.0,0.38680922418196023,0,0.0,0.8844376919546193,9,136.0
3585.0,7,51.0,1.0625,6.603539809532786,1,47.0,0.01963384396852975,3,23.0,0.38513123779330694,3,28.0,0.48442634432291504,0,0.0,0.9233104872296892,7,98.0
3590.0,10,75.0,1.6304347826086956,6.163093485641007,0,28.0,0.24969733691304552,5,41.0,0.19206331835022578,5,46.0,0.16290894927614327,0,0.0,0.8718682974531723,10,115.0
3595.0,10,106.0,2.3555555555555556,6.925591852482857,0,0.0,1.0,7,70.0,0.27918322245034777,3,46.0,0.557335804815031,0,0.0,0.9465692719232655,10,116.0
3600.0,10,153.0,3.4,7.673250843567291,0,0.0,1.0,7,107.0,0.3854241885400967,3,61.0,0.46356669173598525,0,0.0,0.9771807401300752,10,168.0
