step,system_total_stopped,system_total_waiting_time,system_mean_waiting_time,system_mean_speed,cluster_10564135163_13571629282_5146149679_stopped,cluster_10564135163_13571629282_5146149679_accumulated_waiting_time,cluster_10564135163_13571629282_5146149679_average_speed,cluster_10564135205_11749189839_3266988437_5129187741_#3more_stopped,cluster_10564135205_11749189839_3266988437_5129187741_#3more_accumulated_waiting_time,cluster_10564135205_11749189839_3266988437_5129187741_#3more_average_speed,cluster_10564135211_11749189838_12136544949_12136544951_#7more_stopped,cluster_10564135211_11749189838_12136544949_12136544951_#7more_accumulated_waiting_time,cluster_10564135211_11749189838_12136544949_12136544951_#7more_average_speed,cluster_10564135212_13571629279_13571629299_stopped,cluster_10564135212_13571629279_13571629299_accumulated_waiting_time,cluster_10564135212_13571629279_13571629299_average_speed,agents_total_stopped,agents_total_accumulated_waiting_time
0.0,0,0.0,0.0,0.0,0,0.0,1.0,0,0.0,1.0,0,0.0,1.0,0,0.0,1.0,0,0.0
5.0,0,0.0,0.0,9.631016146519777,0,0.0,1.0,0,0.0,0.911388217106111,0,0.0,1.0,0,0.0,0.9272933569150619,0,0.0
10.0,0,0.0,0.0,8.12415703172526,0,0.0,1.0,0,0.0,0.9385133903526304,0,0.0,1.0,0,0.0,0.9972659497338956,0,0.0
15.0,0,0.0,0.0,7.782800972888028,0,0.0,1.0,0,0.0,0.984428364196196,0,0.0,1.0,0,0.0,0.9487414354518712,0,0.0
20.0,0,0.0,0.0,8.323816343634741,0,0.0,1.0,0,0.0,0.9783167773456567,0,0.0,1.0,0,0.0,0.9594711483711216,0,0.0
25.0,0,0.0,0.0,8.505524144674816,0,0.0,1.0,0,0.0,0.9566147237272646,0,0.0,0.9496626328406601,0,0.0,0.9576635242966454,0,0.0
30.0,1,2.0,0.16666666666666666,6.453745954787524,0,0.0,1.0,0,0.0,0.5038728439670271,1,2.0,0.2660981283420018,0,0.0,0.9532800215916978,1,2.0
35.0,3,14.0,1.0,6.220812791740157,0,0.0,1.0,1,4.0,0.4772980891002575,2,10.0,9.129719395463217e-05,0,0.0,0.930375423842652,3,14.0
40.0,3,29.0,1.7058823529411764,5.696172657957198,0,0.0,1.0,1,9.0,0.08450787663376182,2,20.0,0.0,0,0.0,0.951888627461768,3,29.0
45.0,4,49.0,2.7222222222222223,5.785166043895256,0,0.0,1.0,2,19.0,0.24188712967741877,2,30.0,0.0,0,0.0,0.959193289115531,4,49.0
50.0,1,18.0,0.9,7.048815498173124,0,0.0,1.0,0,0.0,0.9873707338085528,1,18.0,0.5275597145927279,0,0.0,0.9642693284466659,1,18.0
55.0,2,26.0,1.1818181818181819,8.189873555191708,0,0.0,1.0,0,0.0,0.8913782373405021,2,26.0,0.3077606603112294,0,0.0,0.9598029799346701,2,26.0
60.0,2,36.0,1.565217391304348,8.248942440576466,0,0.0,1.0,0,0.0,0.9839202337496143,2,42.0,0.5844953895663022,0,0.0,0.8242895246708444,2,42.0
65.0,3,49.0,2.130434782608696,7.291584718886011,0,0.0,1.0,0,0.0,0.9603382448707268,2,49.0,0.4857963756774306,1,3.0,0.4983091488280523,3,52.0
70.0,3,64.0,2.6666666666666665,7.194977926844099,0,0.0,1.0,0,0.0,0.8222659270545349,2,59.0,0.5682876148336454,1,8.0,0.48900371688912075,3,67.0
75.0,4,82.0,3.1538461538461537,7.03399117937404,0,0.0,1.0,1,3.0,0.22427986132909336,2,69.0,0.6517606812333986,1,13.0,0.6624859571541494,4,85.0
80.0,3,84.0,3.0,7.50954052413078,0,0.0,1.0,1,8.0,0.535620321472692,2,79.0,0.6844175252871094,0,0.0,0.987334693771963,3,87.0
85.0,4,100.0,3.3333333333333335,7.296474733755095,0,0.0,1.0,1,13.0,0.7101257557693659,2,92.0,0.47821445788435607,0,0.0,0.9298236618890079,3,105.0
90.0,1,18.0,0.6206896551724138,6.496514995537934,0,0.0,1.0,1,18.0,0.4052452102022162,0,6.0,0.602427243931796,0,0.0,0.9691390382445675,1,24.0
95.0,4,35.0,1.09375,6.9309570750461855,0,3.0,0.7984552959029476,2,34.0,0.5238101355048096,2,10.0,0.2297350050482402,0,0.0,0.9286447680085418,4,47.0
100.0,6,62.0,1.8235294117647058,7.971374005506667,0,0.0,0.9574836159727559,3,49.0,0.5756419942936688,3,22.0,0.24472473611472592,0,0.0,0.9513502153912065,6,71.0
105.0,6,92.0,2.787878787878788,8.095741990080597,0,0.0,1.0,3,64.0,0.6331999127250802,3,37.0,0.211447650009818,0,0.0,0.923876086280975,6,101.0
110.0,5,102.0,2.8333333333333335,7.108529089107341,0,0.0,1.0,2,59.0,0.7390875256955601,3,52.0,0.0020989305656452335,0,0.0,0.9401823039038127,5,111.0
115.0,6,132.0,3.5675675675675675,7.6049461229909046,0,0.0,1.0,2,69.0,0.6611969906517768,4,72.0,0.19999695912843224,0,0.0,0.9465719954128262,6,141.0
120.0,6,162.0,4.2631578947368425,8.11241066077681,0,0.0,1.0,2,79.0,0.7069222820632243,4,95.0,0.1787611292383396,0,0.0,0.9872657701072761,6,174.0
125.0,7,194.0,5.243243243243243,7.660664918436969,0,0.0,1.0,3,91.0,0.6553043647742457,4,115.0,0.26449870203574716,0,0.0,0.9238124169466796,7,206.0
130.0,12,243.0,6.230769230769231,5.368926573270224,0,0.0,1.0,6,113.0,0.22942355366166653,6,142.0,0.1277560064397238,0,0.0,0.9389891036736682,12,255.0
135.0,14,312.0,7.8,5.250536350711213,0,0.0,1.0,8,152.0,0.15495370191911462,6,172.0,0.2242154800206094,0,0.0,0.9911434456478538,14,324.0
140.0,13,359.0,9.205128205128204,5.699733413809731,0,0.0,1.0,9,197.0,0.13729285125076804,4,186.0,0.3406122252348377,0,0.0,0.9368345743803286,13,383.0
145.0,15,428.0,10.19047619047619,5.756381563743943,0,0.0,0.9889503920696736,11,246.0,0.14352434019101704,4,192.0,0.3195995038156218,0,0.0,0.9635304915973188,15,438.0
150.0,14,498.0,11.581395348837209,5.463607274793305,0,0.0,1.0,10,296.0,0.13327076295431087,4,212.0,0.15536629221834505,0,0.0,0.9465302127321557,14,508.0
155.0,17,579.0,12.866666666666667,5.440856035684716,0,0.0,1.0,11,350.0,0.12728732900368905,5,237.0,0.23777655037324413,1,2.0,0.6345169439741125,17,589.0
160.0,16,548.0,12.177777777777777,5.431083735023547,0,0.0,1.0,11,405.0,0.14062012105113544,4,195.0,0.1702965501134006,1,7.0,0.6048996588652578,16,607.0
165.0,15,614.0,12.791666666666666,5.88091097170086,0,3.0,0.9208803466272949,12,465.0,0.14020426815107281,3,159.0,0.11445901031133124,0,0.0,0.6693437799361511,15,627.0
170.0,15,653.0,13.604166666666666,5.79482528802821,0,0.0,1.0,11,485.0,0.16513548137435652,4,181.0,0.19492010334278964,0,0.0,0.9759942791203474,15,666.0
175.0,16,729.0,14.877551020408163,5.591769514392904,0,0.0,1.0,11,540.0,0.13655726296955556,5,202.0,0.12570884433164037,0,0.0,0.9565505451980654,16,742.0
180.0,15,790.0,15.490196078431373,5.859822020849651,0,0.0,1.0,12,596.0,0.12467956868003865,3,211.0,0.20854819075063996,0,0.0,0.9361799097974934,15,807.0
185.0,17,870.0,16.73076923076923,5.794687230517376,0,0.0,1.0,13,664.0,0.18539372978280363,4,224.0,0.4019556896856369,0,0.0,0.9678574430181281,17,888.0
190.0,6,281.0,5.62,6.488207915400831,0,0.0,1.0,1,258.0,0.42005727325254594,5,245.0,0.27500517157565013,0,0.0,0.9870560789247896,6,503.0
195.0,5,267.0,5.134615384615385,6.83500076766778,0,0.0,1.0,0,45.0,0.6808838120703736,5,270.0,0.2439616842399609,0,0.0,0.9307766772513938,5,315.0
200.0,8,302.0,5.592592592592593,7.283399722780554,0,0.0,1.0,1,8.0,0.7985943367718485,6,309.0,0.34569282627143944,1,2.0,0.672369829946392,8,319.0
205.0,9,347.0,6.425925925925926,7.439965709580381,0,0.0,1.0,1,13.0,0.7517472956141802,7,344.0,0.4474092939439433,1,7.0,0.7010231351885635,9,364.0
210.0,9,384.0,6.857142857142857,7.9223810564701225,0,0.0,1.0,1,18.0,0.8027243715130695,8,383.0,0.4768181445114543,0,0.0,0.9609266368840911,9,401.0
215.0,9,429.0,7.660714285714286,7.287592145853736,0,0.0,1.0,1,23.0,0.2465373952871457,8,420.0,0.4916802864360316,0,0.0,0.9839254386149344,9,443.0
220.0,15,492.0,8.945454545454545,6.849824351937002,0,0.0,1.0,4,39.0,0.19095716802766338,11,464.0,0.40265762652082754,0,0.0,0.9706748448741057,15,503.0
225.0,12,496.0,9.538461538461538,6.032634294569576,0,0.0,1.0,4,59.0,0.280792372768881,8,474.0,0.2843311782585667,0,0.0,0.9540358993164341,12,533.0
230.0,14,563.0,10.622641509433961,6.116473370301418,0,0.0,1.0,4,79.0,0.280660147227373,10,492.0,0.1799660761017262,0,0.0,0.9569338490521634,14,571.0
235.0,16,602.0,11.148148148148149,5.54863657772828,0,0.0,1.0,3,61.0,0.39742689786617097,13,549.0,0.08114372246565153,0,0.0,0.9313098661051007,16,610.0
240.0,17,683.0,12.648148148148149,5.126624479455962,0,0.0,1.0,3,76.0,0.39220838159032706,13,614.0,0.006249964141521094,0,0.0,0.9461040334834037,16,690.0
245.0,16,638.0,12.26923076923077,4.855219437352897,0,0.0,1.0,4,94.0,0.3139764683720668,9,565.0,0.08463092335136059,0,0.0,0.9405919549729562,13,659.0
250.0,13,696.0,13.647058823529411,5.678146914719422,0,3.0,0.6121993768071651,4,117.0,0.4006564561695781,6,574.0,0.1394107365744725,0,0.0,0.9960709664132241,10,694.0
255.0,10,633.0,11.943396226415095,6.406175893100412,0,0.0,0.764828556103429,0,6.0,0.8420578838776828,6,597.0,0.18118902513274832,0,0.0,0.9584605299401849,6,603.0
260.0,12,692.0,12.814814814814815,6.297266136067059,0,0.0,0.8875128858833563,0,6.0,0.8582323441497323,6,624.0,0.1346220478353348,0,0.0,0.972999247261593,6,630.0
265.0,11,685.0,12.924528301886792,6.915120667286375,0,0.0,1.0,2,10.0,0.6673055230135364,6,660.0,0.3567759275415689,0,0.0,0.9754110844408769,8,670.0
270.0,11,740.0,13.962264150943396,7.236164431353751,0,0.0,1.0,2,20.0,0.6690579284396339,6,690.0,0.29777140470915103,0,0.0,0.9930492111474067,8,710.0
275.0,10,757.0,14.018518518518519,7.205842413021937,0,0.0,1.0,0,6.0,0.827297481224328,7,725.0,0.3496616532360998,1,1.0,0.4997803497898189,8,732.0
280.0,9,762.0,14.377358490566039,7.669894812298044,0,0.0,1.0,1,11.0,0.7852424234064307,7,760.0,0.2871053909540914,1,6.0,0.4688694574685489,9,777.0
285.0,7,412.0,8.76595744680851,6.958456245397757,0,0.0,1.0,2,20.0,0.33700381027555,4,585.0,0.4632889816400869,1,5.0,0.4991790571068877,7,610.0
290.0,6,48.0,0.9795918367346939,6.710269005478626,0,0.0,1.0,3,35.0,0.04762315145775102,2,270.0,0.46107591810706233,1,10.0,0.5219501369567757,6,315.0
295.0,4,38.0,0.7916666666666666,7.148316337291592,0,0.0,1.0,0,1.0,0.23492487099791368,3,46.0,0.4945722777778357,1,15.0,0.6135273609457172,4,62.0
300.0,5,59.0,1.2291666666666667,7.360554816694036,0,0.0,1.0,0,0.0,0.9183244018642747,3,61.0,0.42228096791161207,2,21.0,0.31725866242370443,5,82.0
305.0,5,60.0,1.25,6.5028826823402275,0,0.0,1.0,0,0.0,0.7622727427174929,2,53.0,0.5263813401169148,2,31.0,0.3072104373532012,4,84.0
310.0,11,99.0,1.9038461538461537,6.4017795803868625,0,6.0,0.5582203200075456,0,0.0,0.9461388325290818,4,67.0,0.44077856235146073,2,41.0,0.4903598697560948,6,114.0
315.0,7,69.0,1.3529411764705883,6.285499880384324,0,0.0,0.7919276417266018,0,25.0,0.6894333734204605,5,83.0,0.2757953301004957,0,0.0,0.7759408089262481,5,108.0
320.0,12,120.0,2.2641509433962264,6.6006610175817375,0,0.0,1.0,2,31.0,0.4871228608127611,5,114.0,0.3432656054254948,0,0.0,0.9817108285226388,7,145.0
325.0,9,100.0,1.9607843137254901,6.747585861558341,0,0.0,1.0,2,40.0,0.48432980451995283,4,102.0,0.26413828182845367,0,0.0,0.9548615743715052,6,142.0
330.0,9,105.0,2.142857142857143,6.6346594725969865,0,0.0,1.0,3,53.0,0.49546517686577574,5,80.0,0.18823862882561626,0,0.0,0.9359805425562503,8,133.0
335.0,10,129.0,2.74468085106383,6.1851405369228845,0,0.0,1.0,1,40.0,0.5486762125313207,8,112.0,0.004383859284387718,0,0.0,0.958171984890692,9,152.0
340.0,12,180.0,3.9130434782608696,5.532642969923301,0,0.0,1.0,2,50.0,0.37779742197670807,9,156.0,0.00011360209623040284,0,0.0,0.9388273024822678,11,206.0
345.0,6,148.0,3.217391304347826,6.3076760346514344,0,0.0,1.0,3,64.0,0.37498537949543576,3,124.0,0.3125489363828817,0,0.0,0.9510172145080924,6,188.0
350.0,7,180.0,3.8297872340425534,7.0613262337748735,0,6.0,0.584420585373217,3,88.0,0.5006389874681125,3,129.0,0.49415183137334506,1,2.0,0.648271278228614,7,225.0
355.0,7,215.0,4.387755102040816,7.094685148008439,0,0.0,1.0,3,103.0,0.6325939457212381,3,144.0,0.47584115919759923,1,7.0,0.4609718614622931,7,254.0
360.0,9,256.0,5.12,6.981257304309686,0,0.0,1.0,4,120.0,0.5721901314873392,3,159.0,0.4785470772000926,2,16.0,0.3175667171065325,9,295.0
365.0,6,162.0,3.1153846153846154,7.429737657962316,0,0.0,1.0,4,134.0,0.5677863020109772,1,113.0,0.6038270854368173,0,8.0,0.5702416397441331,5,255.0
370.0,5,135.0,2.547169811320755,7.5223326134176505,0,0.0,1.0,4,160.0,0.5658006909966011,0,9.0,0.5334029888401093,0,0.0,0.9989357624601988,4,169.0
375.0,12,184.0,3.3454545454545452,6.846743529222017,0,0.0,1.0,4,177.0,0.5313413280384872,6,28.0,0.12354861126017866,0,0.0,0.9250879218997127,10,205.0
380.0,14,253.0,4.43859649122807,6.618923968697111,0,0.0,1.0,4,195.0,0.465983354848332,7,62.0,0.21283068303327174,0,0.0,0.9437717650594593,11,257.0
385.0,16,317.0,5.4655172413793105,5.708885025280516,0,0.0,1.0,5,217.0,0.42685057261369563,7,87.0,0.13325668181355985,0,0.0,0.9557079513164077,12,304.0
390.0,19,404.0,7.087719298245614,5.692511063679779,0,0.0,1.0,5,238.0,0.3038391290809879,7,122.0,0.20225181212636695,0,0.0,0.9676661081461904,12,360.0
395.0,19,378.0,6.75,4.756731307616663,0,0.0,1.0,4,171.0,0.26519166708904834,7,157.0,0.10773434160713546,0,0.0,0.9374051495126008,11,328.0
400.0,18,361.0,6.333333333333333,5.129332461478288,0,0.0,1.0,2,91.0,0.2824680750634444,8,196.0,0.0954867819022713,0,0.0,0.7901383664716966,10,287.0
405.0,20,431.0,7.836363636363636,5.4738336145568995,0,0.0,1.0,2,94.0,0.5301964825086488,9,243.0,0.2091314903439122,1,2.0,0.47495380067207715,12,339.0
410.0,12,283.0,5.339622641509434,5.447760749778475,0,0.0,1.0,2,104.0,0.4582010014440415,1,72.0,0.4970149497630123,1,7.0,0.4778384426197889,4,183.0
415.0,6,173.0,3.1454545454545455,6.477303921486233,0,6.0,0.5185146967362286,2,120.0,0.37098929424149585,0,32.0,0.7218666500007916,0,0.0,0.9442084373419175,2,158.0
420.0,6,203.0,3.980392156862745,7.766805057566561,0,0.0,0.8225671404764718,2,117.0,0.693961092569653,0,4.0,0.9043214676206645,0,0.0,0.9810763598751686,2,121.0
425.0,8,238.0,4.666666666666667,7.698365079204694,2,5.0,0.0004352226204171787,2,127.0,0.7384943986378281,0,4.0,0.8841586811249518,0,0.0,0.9788708077048138,4,136.0
430.0,9,280.0,5.490196078431373,7.2910571972429175,2,12.0,5.06300254955562e-06,2,137.0,0.7095440258374118,0,4.0,0.9056204916872416,0,0.0,0.9424302022735869,4,153.0
435.0,7,296.0,5.803921568627451,7.4720341841386855,2,22.0,0.0,1,125.0,0.7734885081355617,0,1.0,0.9282293314297009,0,0.0,0.9496867217176075,3,148.0
440.0,10,336.0,6.461538461538462,6.8898887924254995,2,32.0,0.0,2,133.0,0.7003547345605189,0,1.0,0.8167713657643063,0,0.0,0.9675474289771435,4,166.0
445.0,10,197.0,4.020408163265306,6.416779946710327,2,42.0,0.0,4,146.0,0.46650468368504,1,8.0,0.7495783089715955,0,0.0,0.9923593261610201,7,196.0
450.0,10,242.0,4.745098039215686,5.982232957293959,2,52.0,0.29469296650523674,5,167.0,0.14576607612005876,1,13.0,0.5968993998486177,0,0.0,0.937322584668734,8,232.0
455.0,7,234.0,4.415094339622642,5.273245030680705,3,64.0,0.00013873348383640702,1,136.0,0.10964563617829493,2,21.0,0.2736326568207538,0,0.0,0.9814020343645917,6,221.0
460.0,7,232.0,4.73469387755102,6.267596524338417,3,79.0,0.0,1,156.0,0.5922257461042034,1,6.0,0.47675405878771976,1,2.0,0.6328051971076935,6,243.0
465.0,4,170.0,3.3333333333333335,7.545945071346921,0,17.0,0.31220408763805074,1,178.0,0.6814975077656745,1,57.0,0.690210811765019,1,7.0,0.6538594523520174,3,259.0
470.0,4,179.0,3.3773584905660377,7.994956307912486,0,0.0,0.38414120047965417,1,213.0,0.6380619046730266,2,60.0,0.4893345312710068,0,0.0,0.9421600043395545,3,273.0
475.0,4,199.0,3.9019607843137254,8.511828253899358,0,0.0,1.0,1,189.0,0.6688174594812681,2,73.0,0.48577754649387045,0,0.0,0.930085946892734,3,262.0
480.0,4,190.0,3.8,7.918016632660301,0,0.0,1.0,2,168.0,0.4861931157200561,0,84.0,0.485000574509121,0,0.0,0.9674670800788369,2,252.0
485.0,5,210.0,4.468085106382978,7.7687077705369125,0,3.0,0.9119873935259208,2,178.0,0.5850210413006023,1,13.0,0.5302230208549755,0,0.0,0.9849257908504763,3,194.0
490.0,7,239.0,5.085106382978723,7.179906156495283,0,0.0,1.0,2,188.0,0.5954020892362369,4,28.0,0.21889694726681866,0,0.0,0.9757221037462076,6,216.0
495.0,9,261.0,5.931818181818182,6.656829302524227,0,0.0,1.0,3,200.0,0.45629027507296194,5,71.0,0.33189407736226684,0,0.0,0.938036662265289,8,271.0
500.0,4,230.0,5.348837209302325,6.517430617218327,0,0.0,1.0,2,185.0,0.582067239579302,1,35.0,0.4796043489566175,0,0.0,0.9624019327251979,3,220.0
505.0,4,205.0,4.361702127659575,7.9071610473310345,0,3.0,0.5403255316541413,3,205.0,0.5681906954597319,1,28.0,0.7006096052673144,0,0.0,0.947777460468403,4,236.0
510.0,5,227.0,4.63265306122449,8.871655062362507,0,0.0,1.0,4,222.0,0.6286845982180268,1,33.0,0.7525619133209128,0,0.0,0.9549107898551451,5,255.0
515.0,6,253.0,5.06,8.827266984913885,0,0.0,1.0,4,242.0,0.5517484620843527,1,36.0,0.7039017300897744,1,1.0,0.4816582933094864,6,279.0
520.0,1,201.0,4.02,8.549000609327523,0,0.0,1.0,1,221.0,0.6211911049757365,0,1.0,0.9485371457685874,0,0.0,0.9772264828188224,1,222.0
525.0,1,206.0,4.12,9.765080539858147,0,0.0,1.0,1,212.0,0.8062835363830351,0,4.0,0.9119932156096151,0,0.0,0.9208653962642578,1,216.0
530.0,4,215.0,4.3,8.770656388840376,0,0.0,1.0,2,218.0,0.643908432712581,1,5.0,0.748709775410564,0,0.0,0.9733443641537434,3,223.0
535.0,6,240.0,5.0,6.846784855013216,0,0.0,1.0,2,225.0,0.34324478935869057,2,14.0,0.34524584653051327,0,0.0,0.9586995194777441,4,239.0
540.0,8,271.0,5.645833333333333,6.0903450459594195,0,0.0,1.0,1,221.0,0.4944061643387577,4,33.0,0.3055544970738157,0,0.0,0.9810799672372397,5,254.0
545.0,7,287.0,5.857142857142857,7.028719976836401,0,0.0,1.0,1,226.0,0.6120737442002131,4,53.0,0.3568043143495451,0,0.0,0.967833077622325,5,279.0
550.0,8,325.0,6.63265306122449,7.133449277069705,0,0.0,1.0,1,231.0,0.7791522231064132,4,76.0,0.4021208786357893,0,0.0,0.9429867544845677,5,307.0
555.0,6,282.0,5.755102040816326,6.529902911574143,0,0.0,1.0,1,236.0,0.441947394033593,0,3.0,0.5086966447051126,0,0.0,0.9795705060125222,1,239.0
560.0,9,324.0,6.230769230769231,6.642587580954725,0,0.0,1.0,2,252.0,0.5219704979587021,1,8.0,0.782599721470647,0,0.0,0.9488185441523367,3,260.0
565.0,11,348.0,6.566037735849057,6.755772960563809,0,6.0,0.26110742647956453,3,266.0,0.553999063796671,1,13.0,0.7578496072258579,1,1.0,0.6051338123691096,5,286.0
570.0,10,342.0,7.434782608695652,6.462132798451771,2,14.0,0.12922471728177798,3,281.0,0.5736101902623717,1,18.0,0.7563817787049862,1,6.0,0.4828621310338979,7,319.0
575.0,5,321.0,6.829787234042553,6.7299138822175895,0,0.0,0.03423100161413054,3,296.0,0.578321134270749,1,23.0,0.7413545044836312,1,11.0,0.49605509857200175,5,330.0
580.0,4,305.0,6.630434782608695,6.994382153447203,0,0.0,1.0,1,270.0,0.6026208410651024,2,28.0,0.566546448185706,1,16.0,0.6112215064205474,4,314.0
585.0,6,314.0,7.136363636363637,7.162693599838605,0,0.0,1.0,2,273.0,0.6582383673148773,4,44.0,0.4083793720111009,0,0.0,0.9837129750149411,6,317.0
590.0,7,346.0,7.688888888888889,6.9333412419799325,0,0.0,1.0,3,333.0,0.5238845694925666,4,70.0,0.44249174263799296,0,0.0,0.931399853344586,7,403.0
595.0,9,338.0,7.041666666666667,6.801201997776438,0,0.0,1.0,6,353.0,0.3250317034619186,3,42.0,0.4538925580990576,0,0.0,0.8668861340710127,9,395.0
600.0,5,334.0,6.68,7.0086544835325135,0,3.0,0.9826239317792813,1,332.0,0.3491011779835621,4,59.0,0.47692808856466645,0,0.0,0.9621306778416588,5,394.0
605.0,7,367.0,7.645833333333333,7.218721656521358,0,3.0,0.026145368024140338,2,342.0,0.43432317354422467,5,82.0,0.45936937717357473,0,0.0,0.9593084561661381,7,427.0
610.0,11,408.0,8.5,6.567045176899486,1,7.0,2.2034296121461485e-05,2,352.0,0.466698159709375,7,112.0,0.4125041462663436,0,0.0,0.9716907219125749,10,471.0
615.0,7,437.0,8.74,6.872229635770066,0,0.0,1.0,2,362.0,0.5848810750051849,5,133.0,0.3604765960982786,0,0.0,0.9460526218375634,7,495.0
620.0,9,481.0,10.020833333333334,6.88252607259846,0,0.0,1.0,2,372.0,0.32345958283064374,7,167.0,0.3054098715251556,0,0.0,0.9423414365227893,9,539.0
625.0,13,538.0,11.446808510638299,6.650038813826866,0,0.0,1.0,2,382.0,0.3272548283702243,11,214.0,0.21051811246816107,0,0.0,0.9376826171890217,13,596.0
630.0,15,606.0,13.173913043478262,6.096502134424586,0,0.0,1.0,2,392.0,0.320707672276985,11,269.0,0.20636591801005538,0,0.0,0.8156861487217422,13,661.0
635.0,9,414.0,8.28,5.925966693079171,0,0.0,1.0,2,402.0,0.33037786131088015,3,91.0,0.2971331160830864,1,2.0,0.6475907928540497,6,495.0
640.0,4,346.0,7.061224489795919,7.178814341488766,0,0.0,1.0,1,327.0,0.5824850070525245,0,48.0,0.5756951112869755,0,0.0,0.9988959208561541,1,375.0
645.0,1,326.0,6.653061224489796,8.506141183449179,0,0.0,0.7308685926713236,1,335.0,0.8040635941103067,0,15.0,0.8702861538906994,0,0.0,0.9246169458195864,1,350.0
650.0,2,333.0,6.66,8.876808387314725,0,0.0,1.0,1,340.0,0.8351495680395196,0,3.0,0.9817561667852089,0,0.0,0.9360419377960466,1,343.0
655.0,7,355.0,6.69811320754717,8.611136540936412,0,0.0,1.0,2,347.0,0.73796101978155,1,28.0,0.7147136411065961,0,0.0,0.9400404494674557,3,375.0
660.0,8,388.0,7.320754716981132,7.596568499195611,0,0.0,1.0,1,350.0,0.822188005484873,1,10.0,0.5809846801039746,1,3.0,0.4950491611967137,3,363.0
665.0,8,422.0,8.44,7.752406713470154,0,0.0,1.0,1,355.0,0.83971102052496,2,16.0,0.305872629060677,1,8.0,0.48819282006910436,4,379.0
670.0,6,420.0,8.235294117647058,8.041438924193335,0,0.0,1.0,1,351.0,0.7038083299412594,2,29.0,0.4826106682516169,1,13.0,0.639875728257441,4,393.0
675.0,2,374.0,7.791666666666667,8.029831647031546,0,0.0,1.0,1,356.0,0.699294168939725,0,6.0,0.9649878649941762,1,18.0,0.6229907324379601,2,380.0
680.0,3,386.0,7.72,7.520006858649872,0,6.0,0.5488539425940668,1,361.0,0.4774855649878836,0,3.0,0.958426001101651,1,23.0,0.3694641306867747,2,393.0
685.0,6,384.0,7.384615384615385,7.92909864771349,0,0.0,1.0,2,369.0,0.44529260886193844,0,3.0,0.9522785282141167,0,0.0,0.9686602824501375,2,372.0
690.0,6,414.0,8.625,7.892615651401883,0,0.0,1.0,2,379.0,0.48431730329076983,0,9.0,0.8538404494170907,0,0.0,0.9529142198942446,2,388.0
695.0,7,408.0,8.5,6.9257596485794695,0,0.0,1.0,2,389.0,0.39661092852912394,3,12.0,0.35257898363350115,0,0.0,0.9793673419334724,5,401.0
700.0,10,440.0,9.565217391304348,6.435411963205846,0,0.0,1.0,3,401.0,0.24982880985892558,6,38.0,0.13737359062676271,0,0.0,0.9811733292470904,9,439.0
705.0,11,107.0,2.276595744680851,6.672719482209512,0,0.0,1.0,2,30.0,0.4771602231616365,6,68.0,0.3170090396046279,0,0.0,0.916630772806769,8,98.0
710.0,14,170.0,3.5416666666666665,6.290339497719683,0,0.0,1.0,2,40.0,0.48291033114296245,7,103.0,0.32722881275845866,0,0.0,0.9395835375879635,9,143.0
715.0,13,197.0,4.020408163265306,5.8246841061617305,0,0.0,1.0,3,51.0,0.37545440823078774,6,119.0,0.2778292161418914,0,0.0,0.9163594202573226,9,170.0
720.0,11,209.0,4.354166666666667,6.1690594812110815,0,0.0,1.0,3,66.0,0.357791185785392,7,153.0,0.3354082198286248,0,0.0,0.9472528858192946,10,219.0
725.0,11,191.0,3.8979591836734695,5.989592800580699,0,0.0,1.0,0,25.0,0.5429121577924055,9,196.0,0.23436099795017246,0,0.0,0.6745783483674161,9,221.0
730.0,15,257.0,5.244897959183674,5.506185691679503,0,0.0,1.0,1,17.0,0.6327382745106435,10,242.0,0.168007563616768,1,3.0,0.48907963902446056,12,262.0
735.0,18,340.0,7.083333333333333,4.653630060949348,0,0.0,1.0,1,9.0,0.47769042515336385,11,295.0,0.12422015943764284,1,8.0,0.49503229529246096,13,312.0
740.0,12,116.0,2.230769230769231,4.854680005644448,0,0.0,1.0,1,14.0,0.5593098960102272,3,107.0,0.20237215271347803,2,13.0,0.47556276105606843,6,134.0
745.0,8,97.0,1.8653846153846154,6.545708000692097,0,6.0,0.46615202500308306,0,9.0,0.7592610429487167,2,35.0,0.5291325408273202,0,0.0,0.9613926170927487,2,50.0
750.0,9,138.0,2.816326530612245,6.84151558809746,1,10.0,0.19804649762824894,0,9.0,0.9034141415457475,2,44.0,0.4609323395358227,0,0.0,0.9699436494853456,3,63.0
755.0,12,196.0,4.0,6.661305792677931,3,23.0,0.016424348757500765,0,9.0,0.9103396241918601,2,59.0,0.6447971204849251,0,0.0,0.9721054807638652,5,91.0
760.0,6,156.0,3.391304347826087,6.461946145620124,0,0.0,0.049628945071281835,0,6.0,0.9263998634882932,0,27.0,0.822452791916358,0,0.0,0.9482809918378798,0,33.0
765.0,8,190.0,4.222222222222222,7.44772091125386,0,0.0,1.0,0,3.0,0.955615631005987,1,6.0,0.8044962368453503,0,0.0,0.9862807396366721,1,9.0
770.0,4,72.0,1.5319148936170213,7.636486229158694,0,0.0,1.0,0,3.0,0.9522467053102683,1,11.0,0.4997850232539104,0,0.0,0.9895090187152421,1,14.0
775.0,6,25.0,0.49019607843137253,7.850530343649105,0,0.0,1.0,0,0.0,0.9776446061430756,4,28.0,0.46965139023652663,2,2.0,0.3306250318248732,6,30.0
780.0,5,50.0,0.9803921568627451,7.529122997122205,0,0.0,1.0,0,0.0,0.9336457984686403,4,88.0,0.4401351220322978,1,7.0,0.2354182424120135,5,95.0
785.0,7,83.0,1.6938775510204083,7.172435135713396,0,0.0,1.0,0,0.0,0.9484623001248478,6,108.0,0.3847856126272379,1,12.0,0.4518102918776392,7,120.0
790.0,8,122.0,2.652173913043478,6.3458711357064,0,0.0,1.0,0,15.0,0.7898645645039315,6,138.0,0.16833215062303322,1,17.0,0.49030114837403477,7,170.0
795.0,12,180.0,3.8297872340425534,6.660558817511632,0,0.0,1.0,0,20.0,0.9164073603837289,10,186.0,0.16467169413137264,1,22.0,0.5803561278886747,11,228.0
800.0,5,79.0,1.7173913043478262,6.4729201374588285,0,0.0,1.0,0,15.0,0.863926004679271,2,117.0,0.3921356764901491,1,27.0,0.6498696599535153,3,159.0
805.0,7,77.0,1.7906976744186047,7.375743153253198,0,6.0,0.583610139396643,2,26.0,0.5483032893229013,1,74.0,0.6708888229679069,2,33.0,0.3073513953589134,5,139.0
810.0,7,112.0,2.488888888888889,7.5651563201051975,0,6.0,0.27155475335500046,2,36.0,0.5133675102485636,1,51.0,0.63531337574374,2,43.0,0.4516699713506197,5,136.0
815.0,11,114.0,2.4782608695652173,6.968288533086445,4,20.0,0.11967157536597964,4,58.0,0.3860065762872119,1,56.0,0.48121264008357995,0,0.0,0.9316646475713434,9,134.0
820.0,12,144.0,3.0,6.888747560797,4,40.0,0.01354424457610642,6,87.0,0.3848883439987306,1,67.0,0.411922099658064,0,0.0,0.9572561778985191,11,194.0
825.0,9,129.0,2.6875,7.145666898613193,0,12.0,0.04451337650183617,6,111.0,0.35808788829479304,3,77.0,0.25951695040538697,0,0.0,0.9407113598023411,9,200.0
830.0,7,91.0,1.8571428571428572,6.819284169605659,0,0.0,1.0,3,72.0,0.3529918406705273,4,93.0,0.010923179364756118,0,0.0,0.972480394565804,7,165.0
835.0,8,107.0,2.0980392156862746,7.858924602735726,0,0.0,1.0,3,36.0,0.30237106159770466,5,116.0,0.23016373869459109,0,0.0,0.9785995838619483,8,152.0
840.0,5,98.0,1.9215686274509804,8.158202051749,0,0.0,1.0,4,55.0,0.19915615960862362,1,88.0,0.5033617726737626,0,0.0,0.9983650549341446,5,143.0
845.0,7,127.0,2.54,8.045135622613195,0,3.0,0.6047090209945084,4,78.0,0.3008932124296195,2,92.0,0.5293248492359365,0,0.0,0.9777321405874512,6,173.0
850.0,8,157.0,2.9622641509433962,7.5764085936060255,0,0.0,1.0,5,99.0,0.3436959774960804,3,104.0,0.15966066216373306,0,0.0,0.9866365221115991,8,203.0
855.0,15,217.0,4.254901960784314,5.8349020423963,0,0.0,1.0,5,124.0,0.4431090840346569,6,132.0,0.13056471475190126,1,1.0,0.4658667416568945,12,257.0
860.0,15,218.0,4.541666666666667,5.755649909227949,0,0.0,1.0,5,149.0,0.4777886222743842,4,60.0,0.17971705944310323,1,6.0,0.46541027931875706,10,215.0
865.0,14,267.0,5.134615384615385,6.471073581390414,0,3.0,0.9282851379757138,5,174.0,0.4375776814483384,2,45.0,0.31814956459147725,1,11.0,0.662309961012451,8,233.0
870.0,13,321.0,6.173076923076923,6.6673218158243355,0,0.0,1.0,5,199.0,0.47694392740383584,2,46.0,0.46380985036731304,0,0.0,0.9867995131674254,7,245.0
875.0,16,396.0,8.081632653061224,6.016560344048462,0,0.0,1.0,6,225.0,0.2068570583588905,2,59.0,0.48479911818449983,0,0.0,0.9327555831054565,8,284.0
880.0,15,413.0,8.098039215686274,5.599649542504664,0,0.0,1.0,6,255.0,0.16348482019372032,1,35.0,0.35725091624893246,0,0.0,0.9971326451728648,7,290.0
885.0,19,503.0,9.673076923076923,5.2673435055314615,0,0.0,1.0,8,293.0,0.08844679694502021,2,16.0,0.6318824715513522,0,0.0,0.9689535890965019,10,309.0
890.0,15,497.0,9.94,5.672686455247811,0,0.0,1.0,8,333.0,0.05979805302962278,2,26.0,0.6873063265336616,0,0.0,0.9625998726830491,10,359.0
895.0,16,577.0,11.775510204081632,5.208105037309554,0,0.0,1.0,9,378.0,0.0725078494139461,2,36.0,0.40445736837343577,0,0.0,0.9497327501179079,11,414.0
900.0,19,629.0,13.673913043478262,4.6180688971200095,0,0.0,1.0,10,428.0,0.18156678315687236,1,1.0,0.47491811199510847,0,0.0,0.9451850920119343,11,429.0
905.0,20,726.0,14.816326530612244,5.390753762678263,0,1.0,0.5919740874428406,10,515.0,0.2980592498330885,2,8.0,0.4721517775813901,0,0.0,0.9889983331389672,12,524.0
910.0,21,828.0,17.617021276595743,4.225005207398131,1,3.0,0.0008011339428208334,10,565.0,0.3111685210759447,2,18.0,0.2649507664997994,0,0.0,0.9461306253807277,13,586.0
915.0,26,942.0,19.625,4.06414845765108,0,0.0,1.0,10,584.0,0.3456638469311473,5,36.0,0.00202663844858346,0,0.0,0.9444933981417234,15,620.0
920.0,23,1010.0,20.2,4.321107059810428,0,0.0,1.0,11,637.0,0.2885170555387926,3,50.0,0.18044047457791687,0,0.0,0.9580678797296331,14,687.0
925.0,20,1061.0,20.80392156862745,4.714830027103439,0,3.0,0.9361676921935749,12,692.0,0.2530848436665047,2,48.0,0.2834741609111569,0,0.0,0.9983084183326604,14,743.0
930.0,21,1164.0,23.28,4.7471895753343105,0,0.0,1.0,11,747.0,0.3284924658507227,3,61.0,0.24438724039493231,0,0.0,0.9825678117915699,14,808.0
935.0,23,1194.0,24.875,4.072323192437025,0,0.0,1.0,12,801.0,0.260898597827481,3,76.0,0.24517275086911355,0,0.0,0.9920616040329705,15,877.0
940.0,17,958.0,19.16,4.392969555621705,0,0.0,1.0,12,890.0,0.26201139323032335,2,78.0,0.31165357741679944,0,0.0,0.6366218032133606,14,968.0
945.0,16,1002.0,20.04,4.515375805604435,0,0.0,1.0,13,925.0,0.2244740953371145,2,88.0,0.2999755122723337,1,4.0,0.4875966420513998,16,1017.0
950.0,18,1089.0,21.352941176470587,4.900637630999596,0,0.0,1.0,15,998.0,0.18693910879278317,2,98.0,0.0,1,9.0,0.47929865367628804,18,1105.0
955.0,20,1167.0,22.0188679245283,4.773005871397763,0,0.0,1.0,18,1076.0,0.08902491801972184,2,108.0,0.0,0,0.0,0.9344076711001718,20,1184.0
960.0,21,1272.0,23.555555555555557,5.0549359244089676,0,0.0,1.0,19,1171.0,0.10945435253197176,2,188.0,0.4681128012764881,0,0.0,0.9906141386993708,21,1359.0
965.0,21,1377.0,27.0,4.523261522781451,0,0.0,1.0,19,1266.0,0.1604189043573356,2,131.0,0.005183340301770765,0,0.0,0.9608674764037578,21,1397.0
970.0,22,1473.0,28.326923076923077,4.747527051351744,0,0.0,1.0,19,1344.0,0.1632045577859021,3,146.0,2.6031280449130334e-05,0,0.0,0.9597074553925035,22,1490.0
975.0,23,1585.0,29.90566037735849,4.999050110477766,0,0.0,1.0,19,1439.0,0.15823157694305678,3,161.0,0.0,0,0.0,0.9655864194509682,22,1600.0
980.0,25,1705.0,31.0,5.1444422585065075,0,0.0,1.0,20,1583.0,0.1490363867341606,3,176.0,0.377587069298927,0,0.0,0.986837922974798,23,1759.0
985.0,24,1810.0,31.75438596491228,4.674110407427971,0,0.0,1.0,20,1644.0,0.14668135722058942,2,168.0,0.2546978400846934,0,0.0,0.9406724424872823,22,1812.0
990.0,14,497.0,8.875,4.7564241141848695,0,0.0,1.0,9,834.0,0.22464665067339296,3,181.0,0.13655425090709652,0,0.0,0.9661167888995174,12,1015.0
995.0,7,244.0,4.206896551724138,5.701652005593737,0,0.0,1.0,1,323.0,0.4003125567283278,4,199.0,3.020007033722326e-05,0,0.0,0.9737068843580843,5,522.0
1000.0,7,234.0,4.105263157894737,6.449883705409176,0,0.0,1.0,3,87.0,0.4097435480754462,4,228.0,0.4096987242842802,0,0.0,0.947892495652873,7,315.0
1005.0,8,273.0,4.963636363636364,8.149770606410176,0,0.0,1.0,4,49.0,0.4875149774371226,4,248.0,0.630621053187633,0,0.0,0.9431173552127656,8,297.0
1010.0,9,317.0,5.372881355932203,8.440649668871009,0,0.0,1.0,5,73.0,0.5310832218370872,4,265.0,0.7033265569449411,0,0.0,0.9577642698085104,9,338.0
1015.0,7,134.0,2.310344827586207,8.221221041275133,0,0.0,1.0,5,98.0,0.49638895963507434,2,168.0,0.7610011888470447,0,0.0,0.9698870316865703,7,266.0
1020.0,9,146.0,2.56140350877193,8.207316735868496,0,0.0,1.0,8,128.0,0.3099266957037969,1,39.0,0.8501560749472544,0,0.0,0.952408891735217,9,167.0
1025.0,10,195.0,3.6792452830188678,7.348208812056013,0,0.0,1.0,8,168.0,0.1619202247339551,2,48.0,0.6556698852390154,0,0.0,0.9944779147177643,10,216.0
1030.0,16,264.0,4.888888888888889,5.654707553045488,0,0.0,1.0,9,213.0,0.18882803101064458,6,70.0,0.3404502810220076,0,0.0,0.9518678505933964,15,283.0
1035.0,12,166.0,3.1320754716981134,4.252966177906295,0,0.0,1.0,8,176.0,0.2107159479277012,1,57.0,0.17463165594088384,0,0.0,0.9654555152847207,9,233.0
1040.0,11,181.0,3.3518518518518516,5.84324365389461,0,6.0,0.5676094642802436,6,106.0,0.4529292450258518,1,53.0,0.1992932324292215,0,0.0,0.9061004160500257,7,165.0
1045.0,9,202.0,3.740740740740741,7.184887296285889,0,0.0,0.7643440035138656,7,136.0,0.383430479143957,1,61.0,0.533676715043177,0,0.0,0.9031955599807064,8,197.0
1050.0,11,252.0,4.5,6.736325191187204,2,5.0,0.1306978119083608,7,171.0,0.28135489292905885,1,66.0,0.7066127981348385,0,0.0,0.9456637044327182,10,242.0
1055.0,7,120.0,2.1052631578947367,6.366862330664274,3,20.0,0.05074263598496658,2,37.0,0.35669637354013295,1,71.0,0.7111521798682977,0,0.0,0.9381865704154329,6,128.0
1060.0,12,167.0,2.982142857142857,6.476801327878542,6,40.0,0.01209313381781182,2,18.0,0.4854294743410676,1,76.0,0.7591727397234381,0,0.0,0.923824102254005,9,134.0
1065.0,14,229.0,3.9482758620689653,6.649267853936914,7,71.0,0.0029259512957199017,2,28.0,0.569383939881926,2,91.0,0.6317746694170288,0,0.0,0.9709286518067204,11,190.0
1070.0,10,198.0,3.8076923076923075,5.545615874566203,2,43.0,0.012908097177739625,2,38.0,0.4857293210419541,3,102.0,0.44567429004724357,0,0.0,0.9523543329624946,7,183.0
1075.0,8,164.0,3.1538461538461537,5.8371519453922085,0,13.0,0.20617225737297484,2,45.0,0.331870536802592,5,121.0,0.45595614960938224,0,0.0,0.47710477572290294,7,179.0
1080.0,7,172.0,3.44,6.895431070524146,0,0.0,1.0,2,55.0,0.4802298166255344,2,121.0,0.5617882907380355,1,5.0,0.6538760893675518,5,181.0
1085.0,5,183.0,3.7346938775510203,7.582006408829947,0,0.0,1.0,2,68.0,0.4860423601839488,1,113.0,0.7360049269463455,0,0.0,0.8373665377326133,3,181.0
1090.0,6,212.0,4.1568627450980395,7.976226354007157,0,0.0,0.6050885271006707,3,82.0,0.467065601110858,1,109.0,0.7337892188145789,0,0.0,0.971336361217367,4,191.0
1095.0,6,235.0,4.519230769230769,7.926982522529642,1,2.0,0.46601105860438097,2,107.0,0.5656710735087445,1,108.0,0.4811602391930034,0,0.0,0.9712794315722617,4,217.0
1100.0,7,158.0,3.0384615384615383,7.129279684581066,1,7.0,0.03054838524833035,3,121.0,0.526671974288701,0,0.0,0.6567641963202233,1,2.0,0.6275740856661783,5,130.0
1105.0,8,143.0,2.86,6.490956110536439,2,17.0,0.006324746845439566,3,127.0,0.3631248979600279,1,4.0,0.6465370627670924,1,7.0,0.6205281187248038,7,155.0
1110.0,12,199.0,4.4222222222222225,5.688828609383021,3,31.0,0.0011610463267589693,6,154.0,0.32177994106019364,1,9.0,0.6333435039584315,1,12.0,0.39147903485143504,11,206.0
1115.0,6,182.0,3.9565217391304346,6.207143664276384,3,46.0,0.0001566645030991715,2,153.0,0.5090526080739921,1,14.0,0.6469702021393233,0,0.0,0.9632383241369273,6,213.0
1120.0,6,212.0,4.326530612244898,7.440524780350287,3,61.0,2.268480632766489e-05,2,141.0,0.6445341277250206,1,24.0,0.5764693727479642,0,0.0,0.9459447122062851,6,226.0
1125.0,11,252.0,5.04,7.105623518333333,3,76.0,4.557684492691456e-06,5,167.0,0.3155211620502396,3,37.0,0.5066537122765815,0,0.0,0.9257862038552542,11,280.0
1130.0,8,216.0,4.235294117647059,6.940438586774319,0,23.0,0.02904363922835768,5,178.0,0.2401056742343537,3,52.0,0.5170616636107783,0,0.0,0.923171072002948,8,253.0
1135.0,8,236.0,4.452830188679245,6.459064524866904,0,0.0,0.9281286824819082,3,176.0,0.3908707954309281,4,70.0,0.3246531808033199,0,0.0,0.9802304578900829,7,246.0
1140.0,9,275.0,5.288461538461538,6.930523356784563,0,0.0,0.6695776555990453,4,194.0,0.29825818676595933,5,93.0,0.38398183179255096,0,0.0,0.930339818519903,9,287.0
1145.0,13,331.0,6.245283018867925,6.827227314432355,1,3.0,0.0014869741456335576,4,214.0,0.4623713876505312,8,129.0,0.40700232755818355,0,0.0,0.994569970333063,13,346.0
1150.0,12,388.0,7.461538461538462,6.148949882383212,0,0.0,1.0,4,234.0,0.3508912841835351,8,169.0,0.3182833840041077,0,0.0,0.9853940600937799,12,403.0
1155.0,14,441.0,8.018181818181818,6.0517925928578995,0,0.0,1.0,4,239.0,0.21742638496806438,10,217.0,0.13988646048931153,0,0.0,0.862094558760632,14,456.0
1160.0,14,453.0,8.38888888888889,5.94281883993387,0,0.0,1.0,5,264.0,0.32153771557929944,9,247.0,0.22592999324464463,0,0.0,0.8723884615569618,14,511.0
1165.0,16,527.0,10.134615384615385,6.39918925412368,0,3.0,0.9480519542880358,5,288.0,0.3277969171047312,10,272.0,0.26483965433574125,1,3.0,0.6128811836214227,16,566.0
1170.0,15,599.0,12.479166666666666,6.802975609351075,0,0.0,1.0,5,313.0,0.4208502705533983,10,319.0,0.2390404550440653,0,0.0,0.938539655365654,15,632.0
1175.0,15,656.0,12.862745098039216,6.080118036322273,0,0.0,1.0,4,319.0,0.2518123210917614,11,373.0,0.17364099424766397,0,0.0,0.9532597726124376,15,692.0
1180.0,18,738.0,15.061224489795919,5.200096158238904,0,0.0,1.0,6,344.0,0.11429665602071704,11,428.0,0.1932030732340833,0,0.0,0.9999644922025358,17,772.0
1185.0,10,467.0,9.53061224489796,5.299665188700433,0,0.0,1.0,6,374.0,0.18567496709283857,4,190.0,0.30923940338128797,0,0.0,0.9724679099785666,10,564.0
1190.0,6,404.0,7.921568627450981,7.187298098764053,0,9.0,0.5733222655506118,6,413.0,0.40249392803411316,0,104.0,0.5354500935942218,0,0.0,0.9684185659466922,6,526.0
1195.0,7,435.0,8.20754716981132,8.301961527295974,0,0.0,0.7934988784118818,7,444.0,0.4816015294205779,0,35.0,0.8577057868410488,0,0.0,0.9494580473889136,7,479.0
1200.0,7,470.0,9.038461538461538,8.648338990973413,0,0.0,1.0,7,496.0,0.5261789056316133,0,3.0,0.936825499451927,0,0.0,0.9364679177914208,7,499.0
1205.0,7,505.0,9.711538461538462,8.426091588196815,0,0.0,0.9993237694271115,7,528.0,0.5115012881121094,0,3.0,0.9834483130461072,0,0.0,0.952895292758595,7,531.0
1210.0,10,546.0,9.927272727272728,7.490624870482421,0,0.0,0.12707249566436934,8,564.0,0.4669160761469618,0,3.0,0.3602900060798604,0,0.0,0.9741259622221867,8,567.0
1215.0,10,194.0,3.730769230769231,6.853219615370434,1,4.0,5.4704150995635974e-05,5,278.0,0.5288061021539535,2,13.0,0.398103040449559,0,0.0,0.9784455669528918,8,295.0
1220.0,11,181.0,3.549019607843137,6.215943956645831,1,9.0,0.0,5,146.0,0.4767059451001135,3,30.0,0.5805331491754686,0,0.0,0.9551850801435415,9,185.0
1225.0,16,253.0,5.06,4.962524525981725,1,14.0,0.0,6,172.0,0.26894195599524834,4,48.0,0.507703091280518,0,0.0,0.9988441820714167,11,234.0
1230.0,17,290.0,5.471698113207547,4.534829775461004,1,19.0,0.0,9,212.0,0.14997323834131723,1,14.0,0.6397832485602807,0,0.0,0.48436683314211504,11,245.0
1235.0,20,386.0,7.283018867924528,4.6595771009856115,1,27.0,0.3114331870857391,11,263.0,0.0717835850935773,1,12.0,0.6638893818188623,1,5.0,0.47019470826405274,14,307.0
1240.0,14,343.0,6.125,4.891939497402979,1,35.0,0.1048454571754562,6,260.0,0.18327320404578595,2,21.0,0.5834449670072775,1,5.0,0.47546711400919894,10,321.0
1245.0,13,391.0,6.741379310344827,5.472601779996475,2,44.0,0.18253302427332352,5,259.0,0.3313283775879211,2,28.0,0.4773517137606791,0,0.0,0.9877044216670217,9,331.0
1250.0,17,421.0,7.258620689655173,5.760309354647216,5,64.0,0.005616105210910643,5,277.0,0.28197193406795257,1,20.0,0.6554493813372829,0,0.0,0.9665674746340468,11,361.0
1255.0,11,321.0,5.5344827586206895,6.266065818506534,1,20.0,0.021071754449288993,5,302.0,0.2681117849873974,4,32.0,0.33606522806944433,0,0.0,0.9789533202274541,10,354.0
1260.0,6,74.0,1.2542372881355932,6.7685260794473106,0,6.0,0.2878940292240211,1,160.0,0.4164980677007312,5,55.0,0.26722585632345136,0,0.0,0.9599065830355468,6,221.0
1265.0,6,76.0,1.2666666666666666,7.856593809984252,0,0.0,1.0,1,5.0,0.5672226022384155,5,80.0,0.27543399696722753,0,0.0,0.9675962787695566,6,85.0
1270.0,7,108.0,1.9285714285714286,7.748274897149734,0,0.0,1.0,2,12.0,0.5709813306893411,5,132.0,0.30780402271837715,0,0.0,0.9592920849924914,7,144.0
1275.0,7,143.0,2.69811320754717,7.381635202058816,0,0.0,1.0,2,22.0,0.5730291969598624,5,165.0,0.26822550944016443,0,0.0,0.7612965076189323,7,187.0
1280.0,9,162.0,3.056603773584906,6.774543685422878,0,0.0,1.0,0,0.0,0.8758234460951334,8,200.0,0.2747675197473657,1,3.0,0.396991293418949,9,203.0
1285.0,13,217.0,4.34,6.095684203215898,0,0.0,1.0,0,0.0,0.48174026065236597,10,246.0,0.25577805101055195,2,11.0,0.33251306630322597,12,257.0
1290.0,12,194.0,4.127659574468085,5.8400161072153765,0,0.0,1.0,1,5.0,0.46535916800033217,8,211.0,0.32446441070301946,2,21.0,0.3201931393283441,11,237.0
1295.0,14,261.0,5.8,6.317383153822902,0,0.0,1.0,1,10.0,0.6095227113838779,10,258.0,0.3208763230889752,2,31.0,0.40663578542753587,13,299.0
1300.0,13,315.0,6.5625,7.023010397413802,0,0.0,1.0,1,45.0,0.7494164251845014,10,308.0,0.2807882172731898,2,41.0,0.5856630105510623,13,394.0
1305.0,13,364.0,7.428571428571429,6.53358106537052,0,0.0,1.0,0,30.0,0.7657120249588081,11,362.0,0.2481894198630082,2,51.0,0.4650310405424251,13,443.0
1310.0,14,433.0,9.020833333333334,5.908138530399062,0,0.0,1.0,0,0.0,0.989193196815338,12,421.0,0.22138456267035492,2,61.0,0.5129370945337828,14,482.0
1315.0,5,183.0,3.588235294117647,6.019116836823776,0,0.0,1.0,0,0.0,0.8200289340478736,3,211.0,0.2900000801563546,2,71.0,0.5496910707639332,5,282.0
1320.0,2,85.0,1.6666666666666667,7.12570101954751,0,3.0,0.5749589924325833,0,4.0,0.6272962903617718,2,164.0,0.5286368454348004,0,37.0,0.6012421442908489,2,208.0
1325.0,3,96.0,1.9591836734693877,7.966270949844117,1,7.0,0.2676730155800698,0,10.0,0.8383339434983992,2,135.0,0.6313180921734065,0,0.0,0.9135468319331489,3,152.0
1330.0,5,118.0,2.36,8.14931985834038,3,19.0,0.03195684869792596,0,10.0,0.7275291114725033,2,143.0,0.7081186309788572,0,0.0,0.9422685069567032,5,172.0
1335.0,8,156.0,3.0,7.8997720975966965,3,34.0,0.007048712269511244,3,23.0,0.6464343432680555,2,156.0,0.6337189516059518,0,0.0,0.9881672154942318,8,213.0
1340.0,12,208.0,4.0,6.450823631169848,4,52.0,0.025876208323807874,5,42.0,0.5475717951011729,3,171.0,0.4983517788808668,0,0.0,0.9614139074469922,12,265.0
1345.0,11,215.0,4.134615384615385,6.557906422658539,0,7.0,0.04654901766721606,5,69.0,0.5957991846412164,5,192.0,0.4209411359125421,0,0.0,0.9893206934971428,10,268.0
1350.0,12,258.0,4.961538461538462,5.737373484449358,0,0.0,1.0,6,96.0,0.3842176800500784,4,207.0,0.3601015511653992,0,0.0,0.999620446892231,10,303.0
1355.0,19,345.0,6.388888888888889,5.456050317983665,0,0.0,1.0,11,145.0,0.14858727617873183,4,219.0,0.3237010704066993,0,0.0,0.973650467951156,15,364.0
1360.0,21,444.0,8.072727272727272,5.081298213412908,0,0.0,1.0,11,200.0,0.17558505034533908,5,242.0,0.2639502921670223,0,0.0,0.9476885354367667,16,442.0
1365.0,17,436.0,7.927272727272728,4.325267746133286,0,0.0,1.0,7,192.0,0.24940018345122417,7,270.0,0.000704724940207331,0,0.0,0.9173987804118575,14,462.0
1370.0,13,474.0,8.033898305084746,5.9456663670448116,0,0.0,1.0,7,221.0,0.472398065202733,3,255.0,0.0,0,0.0,0.9468205508646913,10,476.0
1375.0,10,488.0,8.413793103448276,6.6767844892099335,0,3.0,0.6382818187451144,7,259.0,0.23139557887926093,3,273.0,0.37190556652387324,0,0.0,0.9602305813195802,10,535.0
1380.0,14,551.0,9.666666666666666,6.3458146448079535,0,6.0,0.055084618443874335,11,307.0,0.24219314924917787,3,288.0,0.37947746626064466,0,0.0,0.9727943313248237,14,601.0
1385.0,15,622.0,10.912280701754385,6.0175694478525745,0,0.0,1.0,10,354.0,0.25601419903986206,3,303.0,0.38453775644056687,0,0.0,0.5489329552664045,13,657.0
1390.0,15,691.0,11.711864406779661,6.2879557904503125,0,0.0,1.0,10,404.0,0.22621874879249648,3,318.0,0.3892783712128629,1,5.0,0.17091147419428407,14,727.0
1395.0,17,774.0,13.344827586206897,6.329818842039571,0,0.0,1.0,11,471.0,0.2759460955061778,3,333.0,0.4842481905942639,2,15.0,0.21649335564496,16,819.0
1400.0,15,820.0,15.185185185185185,6.193342149171849,0,0.0,1.0,11,519.0,0.22436563145246868,4,349.0,0.40741426763356575,0,0.0,0.938616876395104,15,868.0
1405.0,18,903.0,16.125,5.598261268313631,0,0.0,1.0,14,582.0,0.07137024380055755,4,375.0,0.4253345213825285,0,0.0,0.9927282077207171,18,957.0
1410.0,24,1013.0,17.771929824561404,4.98821971540555,0,0.0,1.0,17,661.0,0.053424476726145365,7,406.0,0.1955088063412588,0,0.0,0.9826164744991639,24,1067.0
1415.0,18,1065.0,19.017857142857142,4.75272618337155,0,0.0,1.0,14,735.0,0.10784247584778606,4,395.0,0.17821266419726792,0,0.0,0.9607733351826293,18,1130.0
1420.0,19,1159.0,20.333333333333332,5.2915731174154965,0,6.0,0.6089939690001873,14,808.0,0.10681657738538294,5,419.0,0.1603584083362177,0,0.0,0.9911250697080575,19,1233.0
1425.0,20,1258.0,21.689655172413794,5.694670814163887,0,0.0,0.504563731948455,15,882.0,0.1550268518400009,5,447.0,0.26788536628420795,0,0.0,0.8924562359853799,20,1329.0
1430.0,20,1358.0,23.016949152542374,5.919067510132529,0,0.0,0.9040836038433822,15,957.0,0.15666339015062955,5,472.0,0.27610387744071435,0,0.0,0.6623568928452522,20,1429.0
1435.0,21,1463.0,25.224137931034484,6.02965546838794,0,0.0,0.02389003499750295,15,1032.0,0.18920730727733528,5,497.0,0.2777996240149008,1,5.0,0.7169762799196069,21,1534.0
1440.0,22,1573.0,26.661016949152543,5.8370406571500935,1,5.0,0.0,15,1107.0,0.1814612793273181,5,522.0,0.27651269768951886,1,10.0,0.7088887146440161,22,1644.0
1445.0,22,1655.0,27.131147540983605,5.419189288764483,1,10.0,0.0,16,1181.0,0.14620930658816406,4,518.0,0.3112757495660181,1,15.0,0.48295802715825104,22,1724.0
1450.0,25,1755.0,28.306451612903224,4.8474627259796526,1,15.0,0.0,18,1267.0,0.050373326652890314,6,542.0,0.0001631069417328651,0,1.0,0.6636454621809778,25,1825.0
1455.0,23,1861.0,31.016666666666666,4.909810321524849,1,20.0,0.0,16,1338.0,0.056653622309396114,6,576.0,0.22277184673591385,0,0.0,0.9556493868915533,23,1934.0
1460.0,27,1982.0,31.46031746031746,4.5049807543879625,1,25.0,0.0,16,1418.0,0.11018866438970903,8,609.0,0.17139056204573733,0,0.0,0.9719504823102655,25,2052.0
1465.0,25,1736.0,26.70769230769231,5.309670785563398,1,30.0,0.0,16,1498.0,0.1437010432673411,8,441.0,0.3022250386857799,0,0.0,0.94883725921856,25,1969.0
1470.0,25,1670.0,25.692307692307693,5.62149707610493,1,38.0,0.46731053128811817,17,1581.0,0.09592599765139175,7,151.0,0.3085983684466303,0,0.0,0.9253698477238873,25,1770.0
1475.0,22,1228.0,19.49206349206349,5.6221728185411495,1,40.0,0.4420989950247943,13,1374.0,0.1071040451137523,7,130.0,0.2570700420737215,1,2.0,0.6537319240262361,22,1546.0
1480.0,14,318.0,5.0476190476190474,6.567956773644784,1,45.0,0.0,4,871.0,0.3002837040234747,8,168.0,0.2659767948837911,1,7.0,0.5774205662283705,14,1091.0
1485.0,7,119.0,1.859375,7.417930125633443,1,50.0,0.0,1,364.0,0.4206078137763769,3,76.0,0.35357422092350965,2,15.0,0.4832370792607843,7,505.0
1490.0,6,108.0,1.6875,8.268644793920789,1,61.0,0.4761988576979327,2,31.0,0.5052287337961155,3,64.0,0.478537665558848,0,0.0,0.5457730845742381,6,156.0
1495.0,5,114.0,1.8688524590163935,8.189149635420003,1,60.0,0.46069353717657285,1,23.0,0.5443926234610699,3,60.0,0.5673835804450877,0,0.0,0.9469522054293488,5,143.0
1500.0,6,144.0,2.2857142857142856,8.271615964802576,1,65.0,0.0,2,33.0,0.6869018435654483,3,69.0,0.6310674334133048,0,0.0,0.9670006462962522,6,167.0
1505.0,7,114.0,1.9322033898305084,8.143442618301748,1,70.0,0.0,2,43.0,0.6919172015348282,1,50.0,0.779131523089112,0,0.0,0.985360351285369,4,163.0
1510.0,10,156.0,2.6440677966101696,8.170929025258447,1,75.0,0.0,2,62.0,0.7261136181299754,2,29.0,0.6457378262129846,0,0.0,0.9539234758013104,5,166.0
1515.0,12,212.0,3.6551724137931036,7.828269643826628,1,80.0,0.0,2,72.0,0.7368832558910194,3,43.0,0.6023962165770995,0,0.0,0.9668369468184228,6,195.0
1520.0,15,279.0,4.810344827586207,6.565637121195813,1,85.0,0.0,3,78.0,0.47856254506666057,5,63.0,0.3614103567913537,0,0.0,0.9334437096271402,9,226.0
1525.0,16,328.0,5.754385964912281,6.2344599263354645,1,90.0,0.0,3,93.0,0.37871015453138435,2,53.0,0.3360907269672188,0,0.0,0.9192135512506797,6,236.0
1530.0,15,392.0,7.127272727272727,6.755289776306485,1,95.0,0.45992989491772895,3,120.0,0.5433165186716606,1,45.0,0.700467805106712,0,0.0,0.9569114514792066,5,260.0
1535.0,15,467.0,8.339285714285714,7.14344970990375,1,100.0,0.0,3,135.0,0.6348185444943151,1,50.0,0.7095457225201549,0,0.0,0.9627898389053791,5,285.0
1540.0,15,440.0,8.0,6.398992538276257,0,0.0,0.9226905196659624,3,150.0,0.5846903866692843,1,52.0,0.49131660714068826,1,3.0,0.49918702871920534,5,205.0
1545.0,19,527.0,9.581818181818182,5.963955853642849,1,3.0,0.48422177996575605,4,168.0,0.5792719982964775,2,61.0,0.3190102125629174,1,8.0,0.6062116367672282,8,240.0
1550.0,15,454.0,8.107142857142858,5.937769835800554,1,8.0,0.007898580359532219,5,189.0,0.5653545933313705,1,62.0,0.6446141287553527,1,13.0,0.6995955395279467,8,272.0
1555.0,16,509.0,9.089285714285714,5.899716108525327,2,18.0,0.0,6,217.0,0.37298091393523775,1,67.0,0.6419529064445825,1,18.0,0.6202244493630548,10,320.0
1560.0,14,525.0,9.722222222222221,5.612150490023509,0,0.0,1.0,7,248.0,0.3073114443330423,1,72.0,0.650257803468641,0,0.0,0.9615619605306196,8,320.0
1565.0,17,609.0,11.277777777777779,5.686731184303437,0,0.0,1.0,8,285.0,0.2611014846330011,1,82.0,0.5107047208873069,0,0.0,0.9417255454280378,9,367.0
1570.0,15,459.0,8.196428571428571,6.320456475450692,0,0.0,1.0,8,325.0,0.19174090214343836,3,93.0,0.41526994321359895,0,0.0,0.9589848560421962,11,418.0
1575.0,13,442.0,8.5,6.314246659400005,0,0.0,1.0,8,365.0,0.1902271668635015,5,114.0,0.40211504805546366,0,0.0,0.936362331843891,13,479.0
1580.0,15,509.0,10.387755102040817,5.964047784744727,0,0.0,1.0,8,405.0,0.18703811123159947,7,203.0,0.3453353033129405,0,0.0,0.9902089911571437,15,608.0
1585.0,13,289.0,5.5576923076923075,5.635420194870731,0,0.0,1.0,4,260.0,0.3381059024881721,9,236.0,0.17821992082552784,0,0.0,0.7293498662395598,13,496.0
1590.0,7,128.0,2.5098039215686274,6.341430613763725,0,0.0,1.0,1,62.0,0.5395780198078699,4,193.0,0.17558006999581388,1,4.0,0.6367107158314846,6,259.0
1595.0,4,136.0,2.72,7.409198543509214,0,1.0,0.6392633003006623,1,13.0,0.46986041635981596,3,198.0,0.41909126820388626,0,0.0,0.9479455395461722,4,212.0
1600.0,6,165.0,3.235294117647059,8.076215044884144,0,0.0,0.9253836405698573,2,26.0,0.698311605473698,4,210.0,0.1593372106439798,0,0.0,0.9856897080683338,6,236.0
1605.0,8,199.0,3.685185185185185,7.388630821714576,0,0.0,1.0,3,49.0,0.5185429005092062,4,230.0,0.0,0,0.0,0.9655470910147759,7,279.0
1610.0,7,188.0,3.547169811320755,6.383896150444901,0,0.0,1.0,1,36.0,0.7651291842493807,3,238.0,0.08159487081657198,0,0.0,0.9453401325029585,4,274.0
1615.0,12,238.0,4.576923076923077,6.589487654345446,0,0.0,1.0,1,41.0,0.7808904778133176,5,261.0,0.00015956781531429123,0,0.0,0.9558301365836114,6,302.0
1620.0,11,266.0,5.018867924528302,6.870021798835745,0,0.0,1.0,2,51.0,0.723613559234732,5,292.0,0.2561295480582372,0,0.0,0.9451782804605763,7,343.0
1625.0,9,279.0,5.264150943396227,7.0101371411096665,0,0.0,1.0,4,59.0,0.5161595344387554,5,317.0,0.2727078668433726,0,0.0,0.9637519926929404,9,376.0
1630.0,7,270.0,5.09433962264151,6.845642923012828,0,0.0,1.0,3,44.0,0.47156016107176596,4,323.0,0.31637265575337675,0,0.0,0.5446856177706939,7,367.0
1635.0,10,314.0,6.1568627450980395,6.451905257964632,0,0.0,1.0,6,68.0,0.3134438691977705,4,346.0,0.39990033706719397,0,1.0,0.5291048486690262,10,415.0
1640.0,10,364.0,7.0,7.327083554701507,0,0.0,1.0,6,98.0,0.3375915311493146,4,369.0,0.4762373681549025,0,0.0,0.9602564507579125,10,467.0
1645.0,11,416.0,8.0,6.948001097901132,0,0.0,1.0,7,130.0,0.3541068515892269,4,383.0,0.4124665830861454,0,0.0,0.9643040127737891,11,513.0
1650.0,7,157.0,3.0784313725490198,6.6801764397048515,0,0.0,0.032094683590958156,4,90.0,0.48248465248671196,3,249.0,0.17316908534814804,0,0.0,0.9304669060909241,7,339.0
1655.0,5,71.0,1.4489795918367347,8.073813746720147,1,3.0,0.00011267653546931313,3,63.0,0.5196344243771036,1,72.0,0.3895061545295082,0,0.0,0.9822978518188781,5,138.0
1660.0,6,101.0,2.02,7.4686397975998515,1,8.0,0.0,4,80.0,0.44409251848674947,1,16.0,0.47140880489793613,0,0.0,0.9967167780258734,6,104.0
1665.0,7,127.0,2.5918367346938775,7.68432748403328,0,0.0,1.0,5,104.0,0.35530074415782054,2,26.0,0.6258250856678863,0,0.0,0.9649307655949729,7,130.0
1670.0,8,167.0,3.4791666666666665,7.0414880641701,0,0.0,1.0,6,134.0,0.38592974074052644,2,36.0,0.46295647424444547,0,0.0,0.9276730180632407,8,170.0
1675.0,11,213.0,4.531914893617022,6.480094438976978,0,0.0,1.0,8,165.0,0.12009963563591641,3,51.0,0.3271676497338087,0,0.0,0.9230666628557671,11,216.0
1680.0,11,267.0,5.933333333333334,5.9853697528735195,0,0.0,1.0,7,200.0,0.16379659814196346,4,70.0,0.29975601466355134,0,0.0,0.9318304430041208,11,270.0
1685.0,12,324.0,7.2,6.17084114685997,0,0.0,1.0,8,239.0,0.15924376470365903,4,90.0,0.39478978282629784,0,0.0,0.9702826579743955,12,329.0
1690.0,14,388.0,8.818181818181818,5.966259619587846,0,0.0,1.0,9,280.0,0.09549585536982406,5,113.0,0.14865518505458827,0,0.0,0.9971094958710494,14,393.0
1695.0,17,469.0,10.659090909090908,5.47196860360104,0,0.0,1.0,9,325.0,0.1509939141103753,7,144.0,0.0011982951505585036,0,0.0,0.9647234063743753,16,469.0
1700.0,11,380.0,8.444444444444445,5.645674849629475,0,0.0,1.0,9,370.0,0.176072777563718,2,43.0,0.03938873064413803,0,0.0,0.6344249220548709,11,413.0
1705.0,10,418.0,9.28888888888889,6.398706298700126,0,3.0,0.6047619402735614,9,421.0,0.20979376937900948,0,12.0,0.3878626528220899,1,5.0,0.6433726721951273,10,441.0
1710.0,11,470.0,10.217391304347826,6.8450344664879035,0,0.0,1.0,10,468.0,0.21613996236530195,0,0.0,0.9784478379725178,1,10.0,0.6405443563987953,11,478.0
1715.0,10,510.0,10.408163265306122,6.156632570304172,0,0.0,1.0,10,518.0,0.23025796296735826,0,0.0,0.2819887383961501,0,0.0,0.7449738095447339,10,518.0
1720.0,13,570.0,11.875,5.934411761931621,0,0.0,1.0,10,568.0,0.21831648261790498,3,15.0,0.3741014157617921,0,0.0,0.8547264642922022,13,583.0
1725.0,13,618.0,13.733333333333333,6.217328799508538,0,0.0,1.0,11,619.0,0.304338307946629,2,20.0,0.4011977068918785,0,0.0,0.9950643887743238,13,639.0
1730.0,2,28.0,0.6086956521739131,6.511926133659142,0,0.0,1.0,1,194.0,0.46879291764502873,1,11.0,0.6487018558857995,0,0.0,0.9597649967589469,2,205.0
1735.0,3,14.0,0.3111111111111111,7.067121620264525,0,0.0,1.0,1,29.0,0.5214294443385288,2,18.0,0.43688574672675984,0,0.0,0.973278932739968,3,47.0
1740.0,3,29.0,0.6444444444444445,8.247378368572553,0,0.0,1.0,1,6.0,0.4614821087560853,2,37.0,0.6921645661587114,0,0.0,0.9747019324959407,3,43.0
1745.0,2,16.0,0.3404255319148936,8.842072317650459,0,0.0,1.0,2,16.0,0.48447236863905796,0,20.0,0.845107569568138,0,0.0,0.9600285859407157,2,36.0
1750.0,0,0.0,0.0,9.257040613731174,0,0.0,1.0,0,12.0,0.7326693946215576,0,9.0,0.9473975652957011,0,0.0,0.9483324508384656,0,21.0
1755.0,2,5.0,0.10204081632653061,9.061392944817939,0,0.0,1.0,1,3.0,0.6377107952248512,0,9.0,0.9396406587088689,0,0.0,0.9383795949723635,1,12.0
1760.0,2,12.0,0.2608695652173913,9.277725669554016,0,0.0,1.0,2,12.0,0.5693910484528872,0,9.0,0.9232117104392747,0,0.0,0.9423806681436265,2,21.0
1765.0,3,22.0,0.4888888888888889,8.238834051952882,0,0.0,1.0,3,22.0,0.4780117441752979,0,9.0,0.7720580962997647,0,0.0,0.9371583307785148,3,31.0
1770.0,4,11.0,0.2682926829268293,6.2468823322531755,0,0.0,1.0,0,0.0,0.832430058863948,4,20.0,0.19374300561959362,0,0.0,0.983311402887366,4,20.0
1775.0,4,31.0,0.775,6.552673040895671,0,0.0,1.0,0,0.0,0.8956320027967952,4,40.0,0.14778485587103618,0,0.0,0.9922379673526601,4,40.0
1780.0,8,62.0,1.5121951219512195,6.701865320725455,0,0.0,1.0,0,0.0,0.9560686063551185,8,76.0,0.16309966240554252,0,0.0,0.9348173236093151,8,76.0
1785.0,9,107.0,2.4318181818181817,6.630734964399694,0,0.0,1.0,0,0.0,0.9522483168222006,9,121.0,0.18625291043699016,0,0.0,0.9624006758095636,9,121.0
1790.0,11,161.0,3.5,6.395272642914952,0,0.0,1.0,0,0.0,0.9713921054825152,11,175.0,0.1730809747425759,0,0.0,0.9613883017410549,11,175.0
1795.0,12,220.0,4.782608695652174,6.430184977079862,0,0.0,1.0,0,0.0,0.9696881746298335,12,234.0,0.1965807997839792,0,0.0,0.9711957675302071,12,234.0
1800.0,13,281.0,5.9787234042553195,6.551728185948925,0,0.0,1.0,0,0.0,1.0,12,293.0,0.15582202794978084,0,0.0,0.98326247278782,12,293.0
1805.0,12,340.0,7.23404255319149,6.102949119173041,0,0.0,1.0,0,0.0,0.8510967495971233,12,353.0,0.1815645910343313,0,0.0,0.7295461275665502,12,353.0
1810.0,14,405.0,8.4375,6.188651316398072,0,0.0,1.0,0,2.0,0.9693621324081457,12,413.0,0.12546137161709806,2,5.0,0.31844959991873784,14,420.0
1815.0,8,120.0,2.5,5.8140157227625275,0,0.0,1.0,0,2.0,0.6616310372908979,6,263.0,0.16153116501698947,2,15.0,0.33147065467247483,8,280.0
1820.0,6,73.0,1.46,6.7831276497870565,0,6.0,0.6772682124830938,1,7.0,0.6297521600694876,2,121.0,0.23406157018150422,2,25.0,0.25438715650557575,5,159.0
1825.0,4,63.0,1.2857142857142858,7.410903461933109,0,0.0,0.5605991185694201,1,15.0,0.7195460115348004,2,62.0,0.3627839214634592,0,0.0,0.42472850777901255,3,77.0
1830.0,4,81.0,1.6875,8.518129232272672,0,0.0,0.8099792756430076,1,20.0,0.7762512479984012,3,70.0,0.46390430306019426,0,0.0,0.814576676082014,4,90.0
1835.0,2,10.0,0.20833333333333334,8.464448707659463,0,0.0,1.0,0,6.0,0.8629089006779012,2,37.0,0.4001961018234469,0,0.0,0.9723740173397567,2,43.0
1840.0,3,10.0,0.2,8.590852205630831,0,0.0,1.0,1,9.0,0.7044558211517725,2,8.0,0.30704998229445735,0,0.0,0.93543127565348,3,17.0
1845.0,3,25.0,0.5102040816326531,8.434520955730708,0,0.0,0.9844034733447644,1,14.0,0.8048757853631203,2,19.0,0.4854320549787073,0,0.0,0.9777537967258294,3,33.0
1850.0,3,40.0,0.8333333333333334,8.350643166049029,0,0.0,1.0,1,19.0,0.6197526484529643,2,29.0,0.46826248891805955,0,0.0,0.9620510879605567,3,48.0
1855.0,2,22.0,0.4888888888888889,8.173845708904492,0,0.0,1.0,0,0.0,0.9450677508489758,2,24.0,0.3602945272930707,0,0.0,0.9330125706340509,2,24.0
1860.0,3,34.0,0.8095238095238095,7.937144138045144,0,3.0,0.9894573094235356,0,0.0,0.9405491740184717,3,36.0,0.22628697211473445,0,0.0,0.9952325839630395,3,39.0
1865.0,3,49.0,1.1951219512195121,8.026612388034716,0,0.0,1.0,0,0.0,0.909883222026467,3,54.0,0.4107928578732539,0,0.0,0.9506179139501929,3,54.0
1870.0,3,64.0,1.5238095238095237,7.943123565306859,0,0.0,1.0,0,0.0,0.8508558215418438,3,66.0,0.3301565783901121,0,0.0,0.9580384494933047,3,66.0
1875.0,6,87.0,2.0232558139534884,7.078876290424506,0,0.0,1.0,2,5.0,0.3326604142539828,4,84.0,0.3212140578481966,0,0.0,0.9487968058221773,6,89.0
1880.0,11,134.0,3.1904761904761907,6.852803042440893,0,0.0,1.0,4,24.0,0.31668439912092755,4,104.0,0.3270871698520144,1,3.0,0.495646860777904,9,131.0
1885.0,13,186.0,4.894736842105263,5.740087596952144,0,0.0,1.0,5,45.0,0.27554759240378957,4,124.0,0.28175316995123684,1,8.0,0.4936289090598255,10,177.0
1890.0,14,253.0,6.487179487179487,4.730803929773849,0,0.0,1.0,5,70.0,0.3229359857104531,4,144.0,0.0876634492495254,1,13.0,0.48590725823305936,10,227.0
1895.0,9,131.0,3.1951219512195124,5.718606595075037,0,0.0,1.0,6,97.0,0.33402394497782195,0,25.0,0.032026500240917175,0,0.0,0.9804798533332323,6,122.0
1900.0,7,137.0,3.5128205128205128,6.122224428549538,0,5.0,0.6201336644455059,6,130.0,0.24054132006994716,0,3.0,0.5074455253962324,0,0.0,0.9785650016532288,6,138.0
1905.0,7,161.0,4.2368421052631575,7.611024866832733,0,0.0,0.6875628295363189,7,167.0,0.4526564477182552,0,0.0,1.0,0,0.0,0.9808025424675668,7,167.0
1910.0,8,197.0,5.184210526315789,6.971744821733655,0,0.0,1.0,8,213.0,0.37869960492705024,0,0.0,0.8966505643352904,0,0.0,0.9748559095192258,8,213.0
1915.0,9,242.0,6.205128205128205,7.099610540508952,0,0.0,1.0,9,258.0,0.41841594461794185,0,0.0,1.0,0,0.0,0.9600990386179382,9,258.0
1920.0,5,114.0,2.7804878048780486,7.215359906675992,0,0.0,1.0,5,130.0,0.45777261798932783,0,0.0,0.6595858707825405,0,0.0,0.9617568178313378,5,130.0
1925.0,8,150.0,3.5714285714285716,7.280512599800089,0,0.0,1.0,6,159.0,0.47280182776876506,1,4.0,0.0002991625606613072,0,0.0,0.9996336830759048,7,163.0
1930.0,7,182.0,4.439024390243903,7.72807552855465,0,0.0,1.0,6,183.0,0.4241690222593785,1,18.0,0.6824388485532047,0,0.0,0.9614676395001007,7,201.0
1935.0,7,217.0,5.166666666666667,7.577166201953554,0,0.0,1.0,6,213.0,0.16781707799947687,1,23.0,0.6862041231178825,0,0.0,0.9621256048568272,7,236.0
1940.0,5,110.0,2.5,7.649997978610892,0,0.0,1.0,3,143.0,0.3878625053081188,2,31.0,0.6763073107356276,0,0.0,0.9815444285281113,5,174.0
1945.0,2,2.0,0.044444444444444446,8.021279126302652,0,0.0,1.0,0,52.0,0.6046992496621592,1,11.0,0.6626960925036848,0,0.0,0.9793948928552723,1,63.0
1950.0,3,15.0,0.3409090909090909,8.499644727978803,0,0.0,1.0,1,14.0,0.638888175118627,1,18.0,0.7838254819148951,0,0.0,0.7088298122546416,2,32.0
1955.0,3,23.0,0.5348837209302325,8.543336664821686,0,0.0,0.9723557813575798,1,19.0,0.7799294732464297,1,36.0,0.7756022030324928,1,4.0,0.6130245864476312,3,59.0
1960.0,1,16.0,0.42105263157894735,8.283080613005259,0,0.0,1.0,0,11.0,0.7869589579678063,1,19.0,0.7913259961191479,0,0.0,0.8806692710612987,1,30.0
1965.0,4,31.0,0.775,8.38599871393613,0,0.0,0.964428976939364,2,17.0,0.6809455248635734,1,27.0,0.7641336583263466,0,0.0,0.948877897819632,3,44.0
1970.0,3,18.0,0.43902439024390244,8.169104534749064,0,0.0,1.0,2,24.0,0.6199093728563212,1,11.0,0.7968356760897509,0,0.0,0.9394716865104525,3,35.0
1975.0,3,33.0,0.7857142857142857,8.265130536688043,0,0.0,1.0,2,34.0,0.5614953818863667,1,13.0,0.8246876930974848,0,0.0,0.9311160629921811,3,47.0
1980.0,6,55.0,1.3414634146341464,7.779764808227577,0,0.0,1.0,3,48.0,0.4030914831747114,3,21.0,0.5517754117598407,0,0.0,0.9712463533272898,6,69.0
1985.0,8,92.0,2.1904761904761907,7.268790461433018,0,0.0,1.0,4,63.0,0.3718065422015345,4,40.0,0.48158241222310455,0,0.0,0.9750963460027572,8,103.0
1990.0,1,2.0,0.05,6.560946605295416,0,0.0,1.0,0,20.0,0.4518506233877762,0,13.0,0.6506331136348058,1,2.0,0.47223834272272747,1,35.0
1995.0,2,10.0,0.25,8.763201521678635,0,3.0,0.748101265377809,0,1.0,0.9375240580633405,1,3.0,0.6513335229071313,1,7.0,0.46219694556990626,2,14.0
2000.0,2,20.0,0.4878048780487805,8.580272863698196,0,0.0,1.0,0,7.0,0.7132936934315923,1,8.0,0.6500068824894201,1,5.0,0.6473480171761932,2,20.0
2005.0,2,16.0,0.4,9.143770868523376,0,0.0,0.9710892793217987,1,9.0,0.7410801125449971,1,13.0,0.7167309881415062,0,0.0,0.9962001375433611,2,22.0
2010.0,1,18.0,0.4864864864864865,8.769229616351872,0,0.0,1.0,0,6.0,0.9688188205739516,1,21.0,0.723135617279912,0,0.0,0.9503702117325614,1,27.0
2015.0,3,27.0,0.7297297297297297,8.246403378947571,0,0.0,1.0,0,6.0,0.9500497124666447,3,30.0,0.47322447955185476,0,0.0,0.9546565959318813,3,36.0
2020.0,3,42.0,1.105263157894737,8.449939476247298,0,0.0,1.0,0,3.0,0.9672280345841627,3,48.0,0.3379560244164872,0,0.0,0.9600358170687928,3,51.0
2025.0,4,62.0,1.631578947368421,8.109244605888794,0,0.0,1.0,0,0.0,0.9356103704314709,4,68.0,0.39018083852523583,0,0.0,0.9200693915901382,4,68.0
2030.0,5,83.0,2.2432432432432434,7.78471065465561,0,0.0,1.0,1,1.0,0.6835127585622318,4,88.0,0.35924052587167954,0,0.0,0.9044154570893848,5,89.0
2035.0,4,50.0,1.2195121951219512,7.1131743673000365,0,0.0,1.0,3,7.0,0.3603404607653211,1,48.0,0.5179110608336751,0,0.0,0.9637866981007971,4,55.0
2040.0,3,65.0,1.6666666666666667,8.21179905980616,0,3.0,0.6410286451206458,2,23.0,0.3469056219863625,1,51.0,0.6827667351917319,0,0.0,0.9747305990199199,3,77.0
2045.0,3,80.0,1.951219512195122,8.778861291852984,0,3.0,0.5070005962228751,2,33.0,0.6558675237884127,1,53.0,0.7105662492572016,0,0.0,0.9097114636560443,3,89.0
2050.0,2,62.0,1.5121951219512195,8.178344315116487,0,0.0,1.0,0,6.0,0.9785142562882532,1,58.0,0.5383261575993143,1,4.0,0.6578313566713008,2,68.0
2055.0,4,79.0,1.8372093023255813,7.84512070228488,0,0.0,1.0,0,6.0,0.7889310278410138,3,70.0,0.36879869362021206,1,9.0,0.7287266681835923,4,85.0
2060.0,3,26.0,0.6046511627906976,8.068205199710109,0,0.0,1.0,1,11.0,0.7929154296882183,1,19.0,0.5527984677358405,1,14.0,0.3714999472402541,3,44.0
2065.0,1,10.0,0.22727272727272727,9.019078619562642,0,0.0,0.9292268118922927,1,16.0,0.8136047296660541,0,3.0,0.705340159788497,0,4.0,0.49835390646195976,1,23.0
2070.0,2,4.0,0.09523809523809523,8.211311978890317,0,0.0,1.0,0,6.0,0.6624188568710854,2,11.0,0.54025289583201,0,0.0,0.9795480584922304,2,17.0
2075.0,7,27.0,0.6428571428571429,7.445406295036712,0,0.0,1.0,3,15.0,0.25084181798334637,4,25.0,0.2839654376630292,0,0.0,0.9523012586084771,7,40.0
2080.0,8,67.0,1.5952380952380953,7.505646125920823,0,0.0,1.0,3,30.0,0.385855041207729,5,47.0,0.3641764271251798,0,0.0,0.9528769428108664,8,77.0
2085.0,5,60.0,1.4285714285714286,7.348039953685987,0,0.0,1.0,4,49.0,0.4017039867720756,1,26.0,0.5154129193422833,0,0.0,0.9722037418032057,5,75.0
2090.0,3,24.0,0.6,7.498013540610861,0,3.0,0.7394951344595138,1,15.0,0.5956244237085002,1,22.0,0.6255701822200807,0,0.0,0.9911081448418886,2,40.0
2095.0,2,33.0,0.825,7.634740834772354,0,0.0,0.043601954790276634,1,12.0,0.811155674103869,1,27.0,0.6148343849577653,0,0.0,0.48854445111443057,2,39.0
2100.0,5,55.0,1.375,7.820158464560214,1,5.0,0.4262760277534295,1,17.0,0.7521726757261616,1,35.0,0.6932353998015395,1,4.0,0.49727743592618245,4,61.0
2105.0,7,85.0,2.0238095238095237,7.601796074553784,2,11.0,0.002887990636589109,1,22.0,0.6838634806883751,1,40.0,0.7348850958992041,1,9.0,0.49210544762150377,5,82.0
2110.0,6,90.0,2.142857142857143,7.508437149216634,0,0.0,1.0,2,31.0,0.5727873891203963,1,45.0,0.7287452634072875,0,0.0,0.8859496475699279,3,76.0
2115.0,6,106.0,2.5238095238095237,7.747684780437093,0,0.0,1.0,3,42.0,0.5980518993539936,1,53.0,0.7078332770716962,0,0.0,0.9348652052249438,4,95.0
2120.0,4,106.0,2.5238095238095237,7.117191803701282,0,0.0,1.0,3,57.0,0.383685135853965,1,58.0,0.4990741592505891,0,0.0,0.9391232349241938,4,115.0
2125.0,11,150.0,3.488372093023256,7.028873566967792,0,0.0,1.0,6,83.0,0.3411291468533149,5,76.0,0.2730928534011245,0,0.0,0.9707389917973862,11,159.0
2130.0,12,207.0,4.6,6.603867653892948,0,0.0,1.0,7,115.0,0.1245512603781879,5,101.0,0.1022514202344208,0,0.0,0.8532425437263026,12,216.0
2135.0,12,166.0,3.608695652173913,6.341673519520441,0,0.0,1.0,6,83.0,0.13897286312633284,5,126.0,0.1494107393207519,1,3.0,0.553848252054037,12,212.0
2140.0,11,212.0,4.818181818181818,7.352822123024279,0,0.0,1.0,4,64.0,0.21839340483135936,5,151.0,0.13687735811447768,2,11.0,0.32331269975446936,11,226.0
2145.0,12,270.0,6.136363636363637,6.998704545452906,0,0.0,1.0,4,81.0,0.18354507828138367,6,182.0,0.28450582024501836,2,21.0,0.32618367938053183,12,284.0
2150.0,7,183.0,3.9782608695652173,6.750420722876309,0,0.0,1.0,5,103.0,0.1098705165230993,2,95.0,0.5935601385824314,0,12.0,0.4767434685446159,7,210.0
2155.0,8,220.0,4.888888888888889,6.948565773748553,0,6.0,0.5294628472398215,5,134.0,0.34836026551298616,3,103.0,0.44240394674175193,0,0.0,0.9539726494786279,8,243.0
2160.0,4,117.0,2.6,7.846734776917813,0,0.0,0.7035262340472439,0,36.0,0.7759624921295583,4,120.0,0.39918657040651395,0,0.0,0.9309420522944186,4,156.0
2165.0,4,137.0,2.8541666666666665,8.462130581386287,0,0.0,1.0,0,6.0,0.948113581749643,4,140.0,0.39713351392294144,0,0.0,0.9529444362157737,4,146.0
2170.0,3,140.0,2.9166666666666665,9.22788500551056,0,0.0,1.0,0,6.0,0.9377844519532554,3,146.0,0.5636486716317765,0,0.0,0.9980667106108084,3,152.0
2175.0,5,158.0,3.0980392156862746,8.497707277298884,0,0.0,1.0,0,6.0,0.9628709864921291,5,164.0,0.3841689674014436,0,0.0,0.9801823168166206,5,170.0
2180.0,9,197.0,3.7884615384615383,7.887724629084207,0,0.0,1.0,0,13.0,0.9289550421200317,6,193.0,0.3789728245638088,0,0.0,0.9984065400019922,6,206.0
2185.0,9,230.0,4.423076923076923,7.237338428162458,0,0.0,1.0,1,15.0,0.6006966959189721,7,221.0,0.3562018564703766,0,0.0,0.9956678508948462,8,236.0
2190.0,13,288.0,6.0,6.485568593822858,0,0.0,1.0,4,31.0,0.4348824572980923,7,258.0,0.361814572377421,0,0.0,0.9856852890230279,11,289.0
2195.0,11,285.0,6.333333333333333,5.807777316664594,0,0.0,0.9642418146950873,4,51.0,0.4274517045711714,4,225.0,0.34621562676626966,0,0.0,0.9677769273232798,8,276.0
2200.0,8,286.0,6.217391304347826,6.7573898753397,0,0.0,0.9329363856067744,0,9.0,0.7482434346400811,5,246.0,0.2798601286140468,0,0.0,0.7095547939153878,5,255.0
2205.0,8,326.0,7.2444444444444445,6.576029414384334,0,0.0,1.0,0,6.0,0.9010894001378689,5,271.0,0.14048538909855632,0,0.0,0.6684643587868498,5,277.0
2210.0,6,297.0,6.456521739130435,7.750347834301591,0,0.0,1.0,0,6.0,0.9770409657527553,6,306.0,0.26423702184361375,0,0.0,0.9577433123044918,6,312.0
2215.0,7,331.0,6.895833333333333,7.874038790298147,0,0.0,1.0,0,6.0,0.9040434664320421,7,338.0,0.21552853896082583,0,0.0,0.9581524320742196,7,344.0
2220.0,7,366.0,7.32,8.12636539066674,0,0.0,1.0,0,3.0,0.94444841845004,7,373.0,0.29203073466196694,0,0.0,0.9727199477071878,7,376.0
2225.0,7,343.0,7.145833333333333,7.840187336880138,0,0.0,1.0,1,4.0,0.7594338307171868,5,374.0,0.3268514611600182,0,0.0,0.9506631565987234,6,378.0
2230.0,8,379.0,8.813953488372093,7.831907911875597,0,0.0,1.0,1,9.0,0.7570766689830526,5,367.0,0.3597910762216742,0,0.0,0.9280048379882643,6,376.0
2235.0,10,425.0,9.883720930232558,7.476048639461876,0,0.0,1.0,2,16.0,0.7151351953628684,5,392.0,0.2962416399460466,0,0.0,0.9350617853113312,7,408.0
2240.0,13,485.0,11.022727272727273,6.2715200935507935,0,0.0,1.0,3,28.0,0.4339572754349937,7,425.0,0.26921611558718844,0,0.0,0.9328770199013363,10,453.0
2245.0,11,513.0,12.512195121951219,5.535815569146986,0,0.0,1.0,0,3.0,0.7307962400285483,8,463.0,0.23060695579471846,0,0.0,0.9666598020152053,8,466.0
2250.0,12,573.0,13.975609756097562,5.392275718213319,0,0.0,1.0,0,3.0,0.961150643085121,9,508.0,0.21291630607595188,0,0.0,0.9138630011707963,9,511.0
2255.0,11,556.0,13.238095238095237,6.227595317137339,0,0.0,1.0,0,0.0,0.9956064387182588,11,562.0,0.2228651657898727,0,0.0,0.9709295929143924,11,562.0
2260.0,13,615.0,14.30232558139535,6.13856566804522,0,0.0,1.0,0,0.0,0.9548816216448528,13,622.0,0.12174855219719116,0,0.0,0.875009544128459,13,622.0
2265.0,9,582.0,13.227272727272727,6.190158827638331,0,0.0,1.0,0,0.0,0.9559438030467542,9,597.0,0.2499347243285829,0,0.0,0.9890958463441417,9,597.0
2270.0,10,621.0,14.113636363636363,6.6022503628129785,0,3.0,0.6441588600629984,0,6.0,0.8658308596148849,8,619.0,0.19087428533572007,0,0.0,0.9846058263489259,8,628.0
2275.0,11,672.0,15.272727272727273,6.36032474270022,1,7.0,0.2079458555636598,0,6.0,0.9635635958919874,8,659.0,0.3276002310599461,0,0.0,0.940112671862655,9,672.0
2280.0,12,714.0,16.227272727272727,6.059176708760782,3,22.0,0.009391369944347897,0,3.0,0.9268040944800007,8,699.0,0.26238627516586877,0,0.0,0.9716349047722898,11,724.0
2285.0,13,714.0,15.866666666666667,5.4335724735841575,4,38.0,0.002020210305630506,0,3.0,0.9124013932242174,7,699.0,0.1961908345381004,0,0.0,0.9275536411441738,11,740.0
2290.0,12,736.0,16.0,5.325359452496826,0,8.0,0.35105120898865405,0,3.0,0.7033416226894209,7,711.0,0.21451043648909077,0,0.0,0.9666163391955964,7,722.0
2295.0,12,773.0,17.177777777777777,5.960766882585975,0,0.0,1.0,2,12.0,0.6763086783934101,7,746.0,0.16800983575505626,0,0.0,0.9699785294420438,9,758.0
2300.0,10,798.0,18.136363636363637,5.994145352885875,0,0.0,1.0,2,19.0,0.633579082448391,8,782.0,0.08510993388408329,0,0.0,0.9924733057154209,10,801.0
2305.0,13,462.0,9.428571428571429,5.497520278826042,0,0.0,1.0,4,33.0,0.32248691620297415,8,591.0,0.07796425138276993,0,0.0,0.9961329862913855,12,624.0
2310.0,10,106.0,2.2083333333333335,5.640078020700582,0,0.0,1.0,6,55.0,0.07513694762348444,4,310.0,0.07756169946779855,0,0.0,0.9381443940813754,10,365.0
2315.0,12,160.0,3.3333333333333335,6.177369044995049,0,0.0,1.0,6,85.0,0.13415440423973474,4,142.0,0.3518782623995416,0,0.0,0.9922160026837414,10,227.0
2320.0,12,151.0,3.2127659574468086,5.319450468202856,0,0.0,1.0,1,30.0,0.4760941890590972,6,110.0,0.002732965913315684,0,0.0,0.9796469020207439,7,140.0
2325.0,15,212.0,4.24,5.68072620174193,0,0.0,1.0,1,35.0,0.7173650706827565,5,138.0,0.02416648866609154,0,0.0,0.9889160303546565,6,173.0
2330.0,14,281.0,5.509803921568627,6.3966621594921955,0,3.0,0.9857466866460761,1,56.0,0.6926348604949906,5,156.0,0.3518001527535132,0,0.0,0.7711973089964098,6,215.0
2335.0,16,336.0,6.72,6.0535193949083155,1,5.0,0.0025167043631583686,1,61.0,0.7186349465513653,5,181.0,0.42372665766096024,1,3.0,0.47669596994134716,8,250.0
2340.0,9,286.0,5.836734693877551,6.923085577207279,0,0.0,1.0,1,50.0,0.6393775205647105,5,206.0,0.4896701185366835,0,0.0,0.9575090477729893,6,256.0
2345.0,7,280.0,5.714285714285714,7.219045973470923,0,0.0,1.0,2,58.0,0.5681403926873847,5,234.0,0.4413951509462084,0,0.0,0.9600839207330829,7,292.0
2350.0,7,315.0,6.428571428571429,7.103742409048555,0,0.0,1.0,2,68.0,0.5508815728119207,5,301.0,0.36496210219918657,0,0.0,0.9287436175265946,7,369.0
2355.0,9,358.0,7.955555555555556,6.5771046199045085,0,0.0,1.0,3,81.0,0.4470132555438317,6,303.0,0.28892493062500674,0,0.0,0.956134331392043,9,384.0
2360.0,12,392.0,8.166666666666666,5.953380437325961,0,0.0,1.0,1,70.0,0.7853666905997913,8,340.0,0.18691465754453482,0,0.0,0.9391179061950959,9,410.0
2365.0,8,110.0,2.4444444444444446,5.290035043204926,0,0.0,1.0,1,75.0,0.6612499317689874,2,98.0,0.17000606861172776,0,0.0,0.8579550452861857,3,173.0
2370.0,5,99.0,2.2,6.6507833327659345,0,6.0,0.6276324510935389,3,89.0,0.4367822800005089,1,34.0,0.6316558133613616,0,0.0,0.9865520639289813,4,129.0
2375.0,5,112.0,2.3333333333333335,6.914960907268617,1,10.0,0.27534531594160966,3,107.0,0.5738820894154671,1,36.0,0.7691597305605499,0,0.0,0.9550117460468741,5,153.0
2380.0,2,30.0,0.6,7.538543649421756,0,0.0,0.13945967152346375,1,31.0,0.7640032752008513,1,41.0,0.7521639606186432,0,0.0,0.9830829634554032,2,72.0
2385.0,3,42.0,0.84,8.158433466951927,0,0.0,0.2723619508706107,2,28.0,0.7166054732303114,1,49.0,0.684213354920923,0,0.0,0.9424264405425261,3,77.0
2390.0,4,60.0,1.2244897959183674,8.615581372984465,0,0.0,1.0,2,38.0,0.7531467380412568,2,57.0,0.5647275042106403,0,0.0,0.9674922533663284,4,95.0
2395.0,6,83.0,1.6274509803921569,8.155721959267494,0,0.0,1.0,3,48.0,0.6085777450762178,3,70.0,0.3546581577896869,0,0.0,0.9591458957944665,6,118.0
2400.0,9,109.0,2.0961538461538463,6.942887230783223,0,0.0,1.0,2,38.0,0.5992542055677408,7,100.0,0.27171912121492,0,0.0,0.9586219043665665,9,138.0
2405.0,6,123.0,2.2777777777777777,7.662054899830008,0,0.0,1.0,2,45.0,0.6084585179197168,4,101.0,0.3553022312391495,0,0.0,0.9834185052300396,6,146.0
2410.0,6,153.0,2.8333333333333335,7.006276054420697,0,6.0,0.6127621520002475,2,58.0,0.41587225312805887,4,124.0,0.435913234719397,0,0.0,0.9115915206441427,6,188.0
2415.0,10,198.0,3.7358490566037736,7.134509037255694,0,6.0,0.2157014797967841,5,78.0,0.434224344675474,5,146.0,0.36181256047922333,0,0.0,0.9283776482999041,10,230.0
2420.0,9,240.0,4.615384615384615,6.918090527087125,0,0.0,0.31910742951252435,4,95.0,0.4842081978219956,5,171.0,0.3617145902225876,0,0.0,0.8943689966411986,9,266.0
2425.0,9,191.0,3.673076923076923,6.806241678000839,0,0.0,1.0,5,119.0,0.43846600782087053,4,118.0,0.3701297359222709,0,0.0,0.9331811874815586,9,237.0
2430.0,7,153.0,3.122448979591837,7.11512319737361,0,0.0,1.0,6,151.0,0.33511622246183226,1,60.0,0.5922228474032704,0,0.0,0.9254541163997173,7,211.0
2435.0,9,196.0,3.92,7.138923830555025,0,0.0,1.0,8,189.0,0.2527088042047143,1,16.0,0.4939055031677444,0,0.0,0.9494401394425972,9,205.0
2440.0,8,218.0,4.36,7.054839357622988,0,0.0,1.0,6,199.0,0.32424751217919734,2,25.0,0.2729921661592007,0,0.0,0.9342169265311663,8,224.0
2445.0,10,266.0,5.215686274509804,7.091411062923219,0,0.0,1.0,6,229.0,0.23565366886680258,4,43.0,0.18178117677885186,0,0.0,0.9057067682096958,10,272.0
2450.0,12,318.0,6.489795918367347,6.43592894568756,0,0.0,1.0,6,259.0,0.2316240784545211,5,70.0,0.29762171153155687,0,0.0,0.9514730077746228,11,329.0
2455.0,14,385.0,8.020833333333334,6.500795665232495,0,0.0,1.0,6,289.0,0.32717095872018986,7,102.0,0.28795194300436117,0,0.0,0.9807647130032877,13,391.0
2460.0,12,208.0,4.521739130434782,5.875301255513853,0,0.0,1.0,2,159.0,0.20841787694133815,7,137.0,0.27070683678803276,0,0.0,0.9742199258032129,9,296.0
2465.0,11,195.0,4.148936170212766,6.7259164487923115,0,0.0,1.0,0,1.0,0.6926172267885888,8,174.0,0.26545921989234383,0,0.0,0.9407319503196117,8,175.0
2470.0,12,255.0,5.543478260869565,6.8126419055916765,0,0.0,1.0,0,0.0,0.8223871606853576,8,217.0,0.34324552525194335,0,0.0,0.9495201162012845,8,217.0
2475.0,14,322.0,6.851063829787234,5.923874012624621,0,0.0,0.9105046468822279,1,3.0,0.47349125817497195,8,257.0,0.24214676268670118,0,0.0,0.9610187364080214,9,260.0
2480.0,14,388.0,8.25531914893617,4.714142526449354,0,0.0,1.0,0,0.0,0.9468682372673155,9,301.0,0.1371137938715116,0,0.0,0.9658302708653073,9,301.0
2485.0,15,362.0,7.541666666666667,5.081216128459466,0,0.0,1.0,0,0.0,0.8970043048197757,12,350.0,0.07081423552433588,0,0.0,0.9313863160487397,12,350.0
2490.0,3,51.0,1.02,6.142676111915112,0,0.0,1.0,0,0.0,0.964243999977572,3,146.0,0.17792645628958892,0,0.0,0.9511218605020788,3,146.0
2495.0,1,12.0,0.24489795918367346,6.843696041457724,0,6.0,0.5653769312940805,0,9.0,0.5559457056395695,1,82.0,0.6371648652213596,0,0.0,0.9626175045011182,1,97.0
2500.0,1,17.0,0.3469387755102041,7.768650378738677,0,0.0,0.6955690676592301,0,9.0,0.9044441683580468,1,60.0,0.6153683062096077,0,0.0,0.9639072457290419,1,69.0
2505.0,2,25.0,0.5,8.274094984691997,0,0.0,1.0,0,9.0,0.9644955427290525,2,68.0,0.3798790037572525,0,0.0,0.8891639958421733,2,77.0
2510.0,3,13.0,0.2653061224489796,8.299789361769017,0,0.0,1.0,0,9.0,0.9395928296895643,2,55.0,0.5751127036312011,1,1.0,0.48861349327159553,3,65.0
2515.0,4,31.0,0.6326530612244898,8.39133343219451,0,0.0,1.0,1,27.0,0.8562512550694193,2,65.0,0.5704484266135992,1,6.0,0.4698198519890868,4,98.0
2520.0,3,43.0,0.8775510204081632,8.364542705298334,0,0.0,1.0,0,9.0,0.9517057563840107,2,75.0,0.24284857195561926,1,11.0,0.4917026173105304,3,95.0
2525.0,7,55.0,1.0784313725490196,7.410773769824955,0,0.0,1.0,2,3.0,0.643450380409731,3,90.0,0.2008066324268843,0,0.0,0.3734275002400893,5,93.0
2530.0,5,68.0,1.4782608695652173,7.717434058856951,0,0.0,1.0,2,13.0,0.623520372747929,2,98.0,0.48477557861757214,0,0.0,0.8096316118508409,4,111.0
2535.0,7,97.0,2.0208333333333335,6.804403567490129,0,3.0,0.6372513413197508,2,23.0,0.35527844929422053,2,105.0,0.47553561204465555,0,0.0,0.9451265220758677,4,131.0
2540.0,9,130.0,2.549019607843137,6.856883182404916,0,0.0,1.0,4,40.0,0.43040094140790397,2,115.0,0.4843012168454676,0,0.0,0.9669297998062454,6,155.0
2545.0,8,154.0,3.019607843137255,7.43812100830435,0,0.0,1.0,4,60.0,0.4817712718555213,2,125.0,0.5806701996894225,0,0.0,0.9630925436479861,6,185.0
2550.0,6,172.0,3.510204081632653,7.537727879095325,0,0.0,1.0,4,80.0,0.3670029185553746,2,135.0,0.5875247172559273,0,0.0,0.9626524047903964,6,215.0
2555.0,7,206.0,4.291666666666667,7.793157250983019,0,0.0,1.0,5,104.0,0.36552505695385273,2,145.0,0.46842682617584863,0,0.0,0.9877712842657413,7,249.0
2560.0,7,241.0,5.020833333333333,7.469461268643258,0,0.0,1.0,5,129.0,0.4266549945553344,2,155.0,0.4657981606182817,0,0.0,0.7267648674546261,7,284.0
2565.0,7,160.0,3.2653061224489797,7.581350520161073,0,0.0,1.0,5,154.0,0.35484545901845904,1,82.0,0.4912616321521315,1,5.0,0.6178154782860555,7,241.0
2570.0,7,195.0,4.0625,7.694360452189444,0,0.0,1.0,5,182.0,0.46054413595453403,1,9.0,0.6220891678989974,1,10.0,0.5446596803156388,7,201.0
2575.0,9,234.0,4.875,7.226790621730852,0,0.0,1.0,5,207.0,0.4711485819149804,2,15.0,0.32403568571840385,2,18.0,0.3284731728282486,9,240.0
2580.0,7,251.0,5.340425531914893,7.030422551393532,0,0.0,1.0,5,232.0,0.47039319754757747,2,25.0,0.4829861562600074,0,7.0,0.3903307224858642,7,264.0
2585.0,7,286.0,6.217391304347826,7.093270006635351,0,0.0,1.0,5,257.0,0.35114104291869136,2,38.0,0.4161469547929541,0,0.0,0.9953812790665187,7,295.0
2590.0,5,279.0,5.9361702127659575,7.325040029532638,0,0.0,1.0,5,282.0,0.43695928300967407,0,0.0,0.6773990192909153,0,0.0,0.9551227497780891,5,282.0
2595.0,5,304.0,6.333333333333333,8.19142743620212,0,6.0,0.7194161887599586,5,307.0,0.3896097640342204,0,0.0,0.9639886826827997,0,0.0,0.9541838095112487,5,313.0
2600.0,5,329.0,7.0,7.955162389156977,0,0.0,0.7948928966266764,5,332.0,0.3532991851192656,0,0.0,0.9175715136214226,0,0.0,0.9636418482876253,5,332.0
2605.0,6,356.0,7.26530612244898,8.21799590792675,0,0.0,1.0,6,362.0,0.3703937479942669,0,0.0,0.9701304307741623,0,0.0,0.9440491101393041,6,362.0
2610.0,7,388.0,7.918367346938775,7.878943076788876,0,0.0,1.0,7,394.0,0.39593611758997554,0,0.0,0.9656685414669796,0,0.0,0.9554593077772645,7,394.0
2615.0,7,423.0,8.8125,7.950966872015832,0,0.0,1.0,7,429.0,0.3973041985545447,0,0.0,0.9740408091209308,0,0.0,0.9272077774030212,7,429.0
2620.0,8,461.0,9.22,8.368513306170483,0,0.0,1.0,7,464.0,0.3521049549593256,0,0.0,0.6526244830613176,0,0.0,0.9343163719394559,7,464.0
2625.0,10,508.0,10.36734693877551,7.619136691543112,0,0.0,1.0,7,500.0,0.34404784448500464,2,10.0,0.582327872472924,0,0.0,0.931678318169053,9,510.0
2630.0,12,567.0,11.34,6.813961857663168,0,0.0,1.0,7,531.0,0.39732989030517124,2,17.0,0.32066551291610984,0,0.0,0.9370566692172257,9,548.0
2635.0,15,622.0,13.23404255319149,5.7948158884566725,0,0.0,1.0,8,568.0,0.3064405584174507,2,27.0,0.3178010146254863,0,0.0,0.9757205178189425,10,595.0
2640.0,10,642.0,13.659574468085106,7.231834105538683,0,0.0,1.0,8,608.0,0.38253128816852255,2,37.0,0.579019330726835,0,0.0,0.9237541154166081,10,645.0
2645.0,5,267.0,6.209302325581396,6.76663501671337,0,0.0,1.0,5,417.0,0.32775008979392134,0,0.0,0.9500082606127469,0,0.0,0.9302097029266098,5,417.0
2650.0,1,126.0,2.8,8.622045484065112,0,3.0,0.5341416342741253,1,147.0,0.465444221331491,0,0.0,0.9465158325454647,0,0.0,0.9653570749307152,1,150.0
2655.0,2,136.0,2.9565217391304346,9.142037396796729,0,0.0,1.0,2,141.0,0.6770628076790297,0,0.0,0.6418275142694766,0,0.0,0.8387636418066149,2,141.0
2660.0,5,155.0,3.297872340425532,8.563903190996177,0,0.0,1.0,2,151.0,0.5412263351400677,1,4.0,0.7332697774261607,1,1.0,0.6270823360986454,4,156.0
2665.0,4,162.0,3.375,8.833616654828992,0,0.0,1.0,4,177.0,0.47804819560514694,0,0.0,0.8391658355933089,0,0.0,0.9463825800065351,4,177.0
2670.0,5,184.0,4.181818181818182,8.545968250163387,0,0.0,1.0,5,199.0,0.4334340233063684,0,3.0,0.783394130047149,0,0.0,0.9523936382857414,5,202.0
2675.0,9,221.0,5.1395348837209305,7.4003929592243285,0,0.0,1.0,5,214.0,0.4031575201342914,3,12.0,0.5648606388050359,0,0.0,0.9297549147655343,8,226.0
2680.0,10,268.0,6.232558139534884,6.961510695792064,0,0.0,1.0,5,239.0,0.36818135633721194,4,29.0,0.4815824949598236,0,0.0,0.9103122466430074,9,268.0
2685.0,12,323.0,7.177777777777778,5.938334511316866,0,0.0,1.0,7,269.0,0.09186770109483529,4,49.0,0.38387464014831196,0,0.0,0.9711408958426848,11,318.0
2690.0,15,379.0,8.813953488372093,5.739699733695819,0,0.0,1.0,9,309.0,0.12454904372556524,6,78.0,0.292964502984179,0,0.0,0.9979199860899688,15,387.0
2695.0,15,432.0,10.046511627906977,5.280037147902657,0,0.0,1.0,9,354.0,0.23623346604955286,6,86.0,0.058071229368381785,0,0.0,0.9739920886438422,15,440.0
2700.0,17,515.0,12.261904761904763,4.687075678764559,0,0.0,1.0,9,402.0,0.23172725230110794,8,124.0,2.354707691546662e-06,0,0.0,0.9435561695299075,17,526.0
2705.0,12,362.0,7.869565217391305,4.865242496416052,0,0.0,1.0,4,439.0,0.26595274407512043,8,164.0,0.12805861131776158,0,0.0,0.4690603854331028,12,603.0
2710.0,12,416.0,8.851063829787234,5.454845487594151,0,0.0,1.0,2,257.0,0.35614806843774616,8,204.0,0.26329747145554355,1,5.0,0.4719223420024317,11,466.0
2715.0,11,457.0,9.520833333333334,6.278551887769013,0,0.0,1.0,3,227.0,0.37383150406383076,7,226.0,0.3855359046656937,1,10.0,0.47385626729596236,11,463.0
2720.0,12,514.0,10.07843137254902,6.733292840248467,0,0.0,1.0,3,242.0,0.48161506632521084,8,273.0,0.428618635083814,1,15.0,0.34760274515744544,12,530.0
2725.0,13,549.0,10.358490566037736,6.532092524874497,0,0.0,1.0,2,242.0,0.5184382153518788,9,315.0,0.3728540862821481,0,0.0,0.7709026210306573,11,557.0
2730.0,18,627.0,11.830188679245284,5.781417132342979,0,0.0,1.0,4,258.0,0.31419275274765485,10,364.0,0.27054571743823264,0,0.0,0.5056915489697105,14,622.0
2735.0,15,669.0,12.38888888888889,5.985759875628242,0,0.0,1.0,4,278.0,0.32329223570648297,10,396.0,0.24913122683732009,0,0.0,0.9930830586483391,14,674.0
2740.0,19,744.0,14.037735849056604,5.166263101433108,0,3.0,0.8951427466127899,4,298.0,0.2161018180302961,12,451.0,0.13713087051805087,0,0.0,0.9481064261341947,16,752.0
2745.0,17,803.0,14.87037037037037,5.346679570639624,0,0.0,1.0,2,279.0,0.3309936984788485,12,511.0,0.02113202096663166,0,0.0,0.9585240181598125,14,790.0
2750.0,18,889.0,16.163636363636364,5.475571486685468,0,0.0,1.0,2,289.0,0.5523310146115193,13,572.0,0.005166713241569976,0,0.0,0.974274606346546,15,861.0
2755.0,21,989.0,17.051724137931036,5.623761091035342,0,0.0,1.0,2,299.0,0.5376318982783176,16,651.0,0.14940702468470107,0,0.0,0.9507311697557967,18,950.0
2760.0,22,1095.0,18.25,5.286245372492048,0,0.0,1.0,3,313.0,0.31811412963174335,16,729.0,0.1473553912559487,0,0.0,0.994336840542104,19,1042.0
2765.0,20,810.0,13.5,5.15685763566899,0,0.0,1.0,2,90.0,0.23339310181667333,18,811.0,0.09963305773455476,0,0.0,0.4740172645618409,20,901.0
2770.0,10,224.0,3.7333333333333334,6.002189634238359,0,0.0,1.0,3,28.0,0.23751427795199714,6,459.0,0.21966769296365227,1,5.0,0.48402675896308023,10,492.0
2775.0,5,64.0,1.0158730158730158,6.946249111886863,0,9.0,0.6801066473778756,3,43.0,0.08151171066759591,1,203.0,0.5699737988002853,1,10.0,0.3325283652152135,5,265.0
2780.0,8,79.0,1.253968253968254,7.2107149409427445,1,7.0,0.27039519169417564,3,54.0,0.5206111134695726,2,22.0,0.6333057527330894,2,17.0,0.17812837370156998,8,100.0
2785.0,11,129.0,2.1147540983606556,7.246585660897338,2,17.0,0.1355459355795144,4,72.0,0.5935519688591204,3,34.0,0.35664882635474643,2,27.0,0.4647296840682742,11,150.0
2790.0,7,84.0,1.3548387096774193,6.691918474183336,3,32.0,0.016221499640848118,2,54.0,0.7151314542691347,2,25.0,0.3914730269258236,0,0.0,0.9351046124432281,7,111.0
2795.0,12,126.0,2.032258064516129,6.9569264419379735,6,54.0,0.005210168447874984,2,64.0,0.7442731346064728,2,28.0,0.24958110848814657,0,0.0,0.9629413664291392,10,146.0
2800.0,17,199.0,3.262295081967213,6.203788528362222,7,88.0,0.0016167093340653076,2,74.0,0.7229581474649276,4,49.0,0.40663954889338993,0,0.0,0.9594395985497598,13,211.0
2805.0,18,277.0,4.467741935483871,5.932760478483591,7,123.0,0.000166994425844037,2,81.0,0.723909178872534,7,77.0,0.3389643719615058,0,0.0,0.9643272845721904,16,281.0
2810.0,21,375.0,5.769230769230769,5.210366854251068,7,158.0,4.520072777903075e-05,2,88.0,0.48779598972884497,7,112.0,0.32861768020498067,0,0.0,0.9537362635671827,16,358.0
2815.0,27,436.0,6.707692307692308,3.6432362499185924,7,194.0,0.029654592838614692,7,112.0,0.125653195095061,4,88.0,0.3937502118129419,0,0.0,0.4841659115752812,18,394.0
2820.0,28,525.0,8.203125,4.2708306725798035,8,231.0,4.705939330781969e-06,7,155.0,0.2677226796123087,4,85.0,0.47300721904486276,1,5.0,0.47478590272834353,20,476.0
2825.0,21,407.0,6.4603174603174605,5.011745120282884,2,131.0,0.014710302617852847,8,193.0,0.35254519107412857,4,105.0,0.34471742744450673,1,5.0,0.4628371696241739,15,434.0
2830.0,21,471.0,7.136363636363637,5.024969996227979,0,71.0,0.23891416348281094,9,235.0,0.2908443910491929,5,124.0,0.2696014347733376,1,10.0,0.5421506751128989,15,440.0
2835.0,14,346.0,5.492063492063492,5.692335152666253,0,0.0,0.9296065887757612,9,280.0,0.32164866204718895,4,92.0,0.29307801862694527,0,0.0,0.9805946648968409,13,372.0
2840.0,11,330.0,5.15625,6.798241911586015,0,0.0,1.0,9,323.0,0.40561616086993046,2,42.0,0.41452853739403933,0,0.0,0.9661167875460213,11,365.0
2845.0,12,390.0,6.0,6.799148968135257,0,0.0,1.0,9,368.0,0.3998004477585131,3,30.0,0.12111635468024519,0,0.0,0.9248805336860598,12,398.0
2850.0,17,466.0,6.955223880597015,6.49399165348477,0,0.0,1.0,10,412.0,0.2919137605637368,6,57.0,8.169788711182305e-05,0,0.0,0.946933397747305,16,469.0
2855.0,15,505.0,7.651515151515151,6.136693132539154,0,0.0,1.0,11,463.0,0.24976517054016362,3,63.0,0.38152016768112135,0,0.0,0.9596238912300924,14,526.0
2860.0,10,310.0,4.920634920634921,5.955415213000158,0,0.0,1.0,5,292.0,0.3023499022481877,3,78.0,0.13530263422363636,0,0.0,0.938066820079138,8,370.0
2865.0,10,344.0,5.830508474576271,6.0828683074806955,0,0.0,1.0,3,264.0,0.4493539279357527,5,99.0,0.277084930861957,0,0.0,0.9576743399430742,8,363.0
2870.0,11,399.0,7.254545454545455,7.213392809432094,0,0.0,1.0,4,276.0,0.5590496165402284,5,130.0,0.3376982623657568,0,0.0,0.9539341827354741,9,406.0
2875.0,12,455.0,7.982456140350878,6.915829793300709,0,0.0,1.0,4,292.0,0.4855770031678726,5,155.0,0.39728561077514524,0,0.0,0.9328956771106075,9,447.0
2880.0,12,229.0,4.017543859649122,7.175162431291344,0,0.0,1.0,1,115.0,0.5962215857377928,6,184.0,0.38729225860734817,0,0.0,0.9437185699091253,7,299.0
2885.0,9,254.0,4.305084745762712,7.776186608725194,0,0.0,1.0,1,49.0,0.759387078711335,6,214.0,0.32483593005179806,0,0.0,0.8499123035162679,7,263.0
2890.0,10,235.0,4.051724137931035,7.663540821435851,0,0.0,1.0,2,33.0,0.6500400691491522,7,246.0,0.334552692644206,1,3.0,0.6532537143952094,10,282.0
2895.0,8,162.0,3.1153846153846154,7.248451873124389,0,0.0,1.0,3,29.0,0.5143228693812665,5,213.0,0.22665296885017785,0,0.0,0.932146599775608,8,242.0
2900.0,5,117.0,2.34,7.095845658646782,0,0.0,1.0,0,0.0,0.5286395628036494,5,145.0,0.17553369903566135,0,0.0,0.9646364700393875,5,145.0
2905.0,8,154.0,3.08,7.597869099365778,0,0.0,1.0,1,4.0,0.48703547482038245,7,179.0,0.1004008932900946,0,0.0,0.9598952019693409,8,183.0
2910.0,9,199.0,3.826923076923077,7.4401833821794074,0,0.0,1.0,1,9.0,0.4769736182497744,8,222.0,0.24966821704893485,0,0.0,0.9787913343058503,9,231.0
2915.0,3,120.0,2.2641509433962264,6.747106673683619,0,0.0,1.0,1,14.0,0.4755320126119753,2,141.0,0.38050804533178645,0,0.0,0.9674720830728656,3,155.0
2920.0,6,142.0,2.5357142857142856,7.4958461762908355,0,6.0,0.5608659166759303,1,22.0,0.6966131975236085,2,138.0,0.505470180362187,0,0.0,0.9168051947951832,3,166.0
2925.0,8,164.0,2.981818181818182,7.626698301913419,1,10.0,0.17386230060010224,1,27.0,0.7262104401240624,2,148.0,0.6769976372041054,0,0.0,0.9826995821622414,4,185.0
2930.0,7,182.0,3.5,7.3931779075620305,3,24.0,0.016041013002864684,1,32.0,0.6846529819117427,3,160.0,0.4857841203437368,0,0.0,0.9690258866379168,7,216.0
2935.0,8,82.0,1.5769230769230769,7.18924998864136,3,40.0,0.0028436782940365903,2,42.0,0.6772334956357683,3,92.0,0.3506413586060102,0,0.0,0.9402424366514093,8,174.0
2940.0,5,23.0,0.4339622641509434,7.208621680308158,0,5.0,0.018353301284732237,0,3.0,0.8046709690144404,2,24.0,0.4918742934675093,0,0.0,0.9445912946443089,2,32.0
2945.0,8,59.0,1.0727272727272728,7.304953435323638,0,0.0,0.9094912773047878,1,8.0,0.8178153323102312,3,31.0,0.20640671279140263,0,0.0,0.9350273397293041,4,39.0
2950.0,11,106.0,2.0,7.004033768003403,0,0.0,1.0,2,14.0,0.658797219808522,4,50.0,0.16739864274356134,0,0.0,0.9788194713424468,6,64.0
2955.0,10,105.0,1.9090909090909092,6.509728989633074,0,0.0,1.0,3,27.0,0.2549219689225054,5,73.0,0.2789350417653961,0,0.0,0.95683480210398,8,100.0
2960.0,7,82.0,1.64,6.1676682524013975,0,0.0,1.0,0,0.0,0.619214450965324,5,83.0,0.12714708299636338,1,1.0,0.6506352491066695,6,84.0
2965.0,12,125.0,2.450980392156863,6.366595514042763,0,0.0,1.0,0,0.0,0.9352601295929618,6,129.0,0.23654197317899772,1,6.0,0.6548162189625194,7,135.0
2970.0,14,190.0,3.8,6.310302489021373,0,0.0,1.0,0,0.0,0.9300057058774622,7,163.0,0.21039532393084862,1,11.0,0.6170566223567397,8,174.0
2975.0,14,246.0,4.823529411764706,6.11425227802252,0,0.0,1.0,0,0.0,0.9277064667312972,7,198.0,0.2833924943430963,0,0.0,0.9430159741962414,7,198.0
2980.0,15,320.0,6.4,5.9271285322194895,0,0.0,1.0,0,0.0,0.9267600642085635,7,233.0,0.26287638834037813,0,0.0,0.9815270440786525,7,233.0
2985.0,14,353.0,6.921568627450981,5.597327072591857,0,0.0,1.0,0,0.0,0.9800441373536566,6,241.0,0.24987303444336703,0,0.0,0.967996061484977,6,241.0
2990.0,18,434.0,8.18867924528302,5.518655440996,0,0.0,1.0,0,0.0,0.9813118043089353,7,242.0,0.19417785555564462,0,0.0,0.9804571960177821,7,242.0
2995.0,21,471.0,8.88679245283019,4.728329736728081,0,0.0,0.12973028303297754,1,2.0,0.6593927887427669,8,282.0,0.23837873720845507,1,2.0,0.4696320421571208,10,286.0
3000.0,17,503.0,9.49056603773585,5.560284769474015,1,4.0,0.00014159587375339876,1,7.0,0.7025445653138834,9,324.0,0.1709845511612947,1,7.0,0.48578995012602855,12,342.0
3005.0,9,244.0,4.518518518518518,5.935316874051289,1,9.0,0.0,1,12.0,0.6750451642107927,1,93.0,0.2279166859098726,1,12.0,0.4814720746625306,4,126.0
3010.0,6,54.0,1.0,6.149349233361342,1,20.0,0.33936267782304347,3,27.0,0.38420758582529496,0,16.0,0.28720690050159947,1,17.0,0.6431216465133774,5,80.0
3015.0,6,61.0,1.1090909090909091,6.222300761878244,1,28.0,0.17095554674191268,4,47.0,0.5035440498233162,0,0.0,1.0,0,0.0,0.9279615487943166,5,75.0
3020.0,5,67.0,1.2884615384615385,6.324900074107911,0,3.0,0.054724952968984525,4,67.0,0.5783275762526012,0,3.0,0.6857773739489615,0,0.0,0.9367967221641833,4,73.0
3025.0,5,46.0,0.8363636363636363,7.584305018089038,0,0.0,0.2339524157029476,2,45.0,0.7517463810673595,2,5.0,0.30733913315102573,0,0.0,0.9284079189786728,4,50.0
3030.0,4,55.0,1.0,7.676128562714962,0,0.0,1.0,2,55.0,0.5918644626190832,2,64.0,0.5634872304132571,0,0.0,0.9691957663452457,4,119.0
3035.0,6,81.0,1.5,7.608094481600305,0,0.0,1.0,4,71.0,0.48480877122890287,2,31.0,0.4612107653889401,0,0.0,0.9942655437189686,6,102.0
3040.0,7,115.0,2.169811320754717,8.074630021053594,0,0.0,1.0,4,85.0,0.4122344090855644,3,47.0,0.4820876587998087,0,0.0,0.985702145802426,7,132.0
3045.0,6,98.0,1.7818181818181817,7.656090459241688,0,0.0,1.0,4,128.0,0.43836559007203907,2,19.0,0.5589639908520988,0,0.0,0.7422281738039597,6,147.0
3050.0,9,132.0,2.5384615384615383,7.033632010742106,0,0.0,1.0,6,153.0,0.34017482253701126,2,31.0,0.6709912210616319,1,2.0,0.4978067177822305,9,186.0
3055.0,10,178.0,3.7083333333333335,6.921743042691955,0,0.0,0.955522641663417,7,187.0,0.3747039992694789,2,38.0,0.6282998212905255,1,7.0,0.48009413650293337,10,232.0
3060.0,9,216.0,4.32,7.593918297106114,0,0.0,0.9959798167396637,7,223.0,0.3971473359928324,2,48.0,0.5767170088091436,0,0.0,0.9322018541218853,9,271.0
3065.0,7,223.0,4.372549019607843,7.869994149454601,0,0.0,0.9506086629233396,5,226.0,0.4517763294037124,2,58.0,0.5510552404514005,0,0.0,0.9129803823854507,7,284.0
3070.0,7,226.0,4.431372549019608,7.601488035317044,0,0.0,1.0,5,251.0,0.41783129528145424,2,58.0,0.5773506209845711,0,0.0,0.9724919865288416,7,309.0
3075.0,12,277.0,5.226415094339623,7.168401379180823,0,0.0,1.0,7,280.0,0.34800286118449386,5,77.0,0.37516111502935034,0,0.0,0.9691723064347846,12,357.0
3080.0,14,341.0,6.2,7.100243100973418,0,0.0,1.0,7,312.0,0.29292010828112713,7,106.0,0.3541831242874624,0,0.0,0.9758251418862443,14,418.0
3085.0,15,412.0,7.62962962962963,6.447798801640774,0,0.0,1.0,8,348.0,0.10225140700365645,7,141.0,0.33999936817202214,0,0.0,0.9818804267498212,15,489.0
3090.0,12,421.0,7.796296296296297,6.419791759352915,0,0.0,1.0,9,393.0,0.21884069528854164,3,102.0,0.4772204393975867,0,0.0,0.9357963990236742,12,495.0
3095.0,14,482.0,9.26923076923077,6.114210876631876,0,3.0,0.9653738095293304,10,444.0,0.19769427703434536,4,118.0,0.32622152236257196,0,0.0,0.9328244525436203,14,565.0
3100.0,14,549.0,10.358490566037736,6.424785211538582,0,0.0,1.0,10,491.0,0.24953361995108977,4,138.0,0.19235584649775334,0,0.0,0.9804202187514425,14,629.0
3105.0,13,581.0,10.75925925925926,6.443601497805855,0,0.0,0.9994176043248236,9,503.0,0.33395734326469373,4,155.0,0.035687574576050415,0,0.0,0.9462489612183489,13,658.0
3110.0,13,635.0,11.339285714285714,6.726939822330251,0,0.0,1.0,9,548.0,0.3432876786864635,4,164.0,0.045248049243022795,0,0.0,0.9639840510176982,13,712.0
3115.0,14,704.0,11.932203389830509,7.159648729056728,0,0.0,1.0,9,593.0,0.3902566804565927,5,194.0,0.26893985884591187,0,0.0,0.9692911974668088,14,787.0
3120.0,14,774.0,13.821428571428571,6.927220077980964,0,0.0,1.0,9,639.0,0.28597052927037,5,219.0,0.4240308073420447,0,0.0,0.9787914315964682,14,858.0
3125.0,19,854.0,14.982456140350877,6.448863989807722,0,0.0,1.0,9,681.0,0.12629055582130422,9,252.0,0.2959246297179373,0,0.0,0.9764576822842477,18,933.0
3130.0,16,799.0,14.017543859649123,6.162362856556586,0,0.0,1.0,9,722.0,0.09710534288271365,7,208.0,0.3264498003888122,0,0.0,0.9398954465942474,16,930.0
3135.0,15,787.0,14.309090909090909,6.167814903605015,0,0.0,1.0,10,771.0,0.08717992883211075,4,98.0,0.4479222184721796,0,0.0,0.9379370373949597,14,869.0
3140.0,18,869.0,16.71153846153846,5.889146407377046,0,0.0,1.0,10,821.0,0.2213687098161638,5,80.0,0.42148933830553603,1,1.0,0.49864625822075154,16,902.0
3145.0,18,948.0,18.23076923076923,5.438373978325496,0,0.0,1.0,10,876.0,0.2675701549628814,6,108.0,0.210480798690294,1,6.0,0.47260927657802354,17,990.0
3150.0,20,1031.0,19.452830188679247,5.523493060807725,0,0.0,1.0,10,988.0,0.2318525299126545,8,144.0,0.1100775374127993,1,11.0,0.4683563612409796,19,1143.0
3155.0,19,1112.0,20.59259259259259,5.245742782693857,0,0.0,1.0,11,980.0,0.18891012726532136,8,184.0,0.19164111920535784,0,0.0,0.9488818935199093,19,1164.0
3160.0,20,1209.0,21.98181818181818,5.213437964774041,0,0.0,1.0,12,1037.0,0.19498181421352567,8,227.0,0.2770429363054475,0,0.0,0.9469639980869909,20,1264.0
3165.0,17,748.0,12.89655172413793,4.957663819549423,0,0.0,1.0,8,782.0,0.23657796615081864,9,268.0,0.1749770071429952,0,0.0,0.9913961366229235,17,1050.0
3170.0,12,314.0,5.322033898305085,6.4628579235125665,0,0.0,1.0,2,304.0,0.3654621632021194,10,315.0,0.15060115766248663,0,0.0,0.9349658412803822,12,619.0
3175.0,12,374.0,6.448275862068965,7.1899478299088955,0,0.0,1.0,2,45.0,0.5338832626647945,10,365.0,0.027637336550264718,0,0.0,0.5202685884034104,12,410.0
3180.0,4,82.0,1.4642857142857142,7.335624831408004,0,0.0,1.0,2,23.0,0.5356038100909841,1,160.0,0.13258144800813934,1,4.0,0.4857059609918328,4,187.0
3185.0,3,41.0,0.7592592592592593,7.562436111127745,0,9.0,0.592287561840723,2,35.0,0.5815014522660774,0,56.0,0.5243728628312292,1,9.0,0.4716233517667943,3,109.0
3190.0,2,17.0,0.30357142857142855,7.973607493619028,0,0.0,0.7455404163182348,0,9.0,0.7019860091919635,0,0.0,0.9595305154705799,1,14.0,0.3416294543547053,1,23.0
3195.0,2,5.0,0.09090909090909091,7.369300264299041,1,1.0,0.011326052079220932,1,17.0,0.7895724754770193,0,0.0,0.7490276916491082,0,0.0,0.957975942416075,2,18.0
3200.0,3,20.0,0.35714285714285715,8.090175753933028,2,11.0,0.0,1,23.0,0.8350236478314536,0,7.0,0.7911705213014703,0,0.0,0.9878335907724209,3,41.0
3205.0,7,47.0,0.8392857142857143,7.670501574795949,2,21.0,0.0,1,30.0,0.8580151565716946,1,9.0,0.6515212835864951,0,0.0,0.9708076923342872,4,60.0
3210.0,11,96.0,1.7777777777777777,7.3238427684288645,2,31.0,0.0,2,31.0,0.6744053784930379,2,19.0,0.5627973324140211,0,0.0,0.999133295908095,6,81.0
3215.0,11,87.0,1.6730769230769231,6.22227659074897,0,0.0,1.0,4,17.0,0.4721462404176258,2,29.0,0.3323884460192424,0,0.0,0.9374415975842152,6,46.0
3220.0,12,136.0,2.6666666666666665,6.239407559010502,0,0.0,1.0,5,36.0,0.33791052708801017,3,41.0,0.13267144488937707,0,0.0,0.958240438628318,8,77.0
3225.0,11,156.0,2.943396226415094,6.49156647848862,0,0.0,1.0,5,61.0,0.31261178094646763,2,15.0,0.21337087360222837,0,0.0,0.9578552749507341,7,76.0
3230.0,13,211.0,4.137254901960785,6.660552658859821,0,1.0,0.5924176117973601,8,97.0,0.1907799593644371,1,17.0,0.5524150594912086,0,0.0,0.9741793560645365,9,115.0
3235.0,7,177.0,3.4705882352941178,6.966302108575187,0,0.0,1.0,1,45.0,0.569086413607899,1,20.0,0.4560760759759186,0,0.0,0.9665534323688212,2,65.0
3240.0,10,219.0,4.5625,7.439374827854728,0,0.0,1.0,1,35.0,0.798772296571292,1,25.0,0.4599490235711852,0,0.0,0.9577411521214528,2,60.0
3245.0,8,212.0,4.51063829787234,8.086721267060694,0,0.0,1.0,1,40.0,0.8236056245729241,1,36.0,0.7546518488944528,0,0.0,0.935030347406372,2,76.0
3250.0,9,253.0,5.270833333333333,7.080209406161718,0,0.0,1.0,1,45.0,0.8120516783794626,1,41.0,0.6939241080891242,0,0.0,0.992302804348279,2,86.0
3255.0,8,129.0,2.6875,6.453119888394615,0,0.0,1.0,1,50.0,0.7206738921837565,2,50.0,0.540772902735784,0,0.0,0.9709588160944063,3,100.0
3260.0,8,133.0,2.7142857142857144,6.7028476521191385,0,0.0,1.0,3,65.0,0.528879129200609,4,64.0,0.4100373292405486,0,0.0,0.9558245605386629,7,129.0
3265.0,9,99.0,2.106382978723404,6.796055368693776,0,0.0,1.0,6,91.0,0.28219529467057336,2,79.0,0.6402374927370413,1,1.0,0.47140851126502076,9,171.0
3270.0,11,148.0,3.2888888888888888,6.403969505985727,0,0.0,1.0,7,117.0,0.22096111673187258,3,92.0,0.29279462603770806,1,5.0,0.4980514816235482,11,214.0
3275.0,14,215.0,4.673913043478261,6.031398552440408,0,0.0,1.0,7,147.0,0.11972429294212886,6,138.0,0.21336097295980108,1,10.0,0.47796546065521633,14,295.0
3280.0,10,185.0,4.111111111111111,5.726771269832965,0,0.0,1.0,2,98.0,0.24424171633595107,7,169.0,0.10915303965027563,0,0.0,0.9390711141026032,9,267.0
3285.0,4,116.0,2.4680851063829787,6.119870890139797,0,0.0,1.0,2,98.0,0.31813191888897013,2,114.0,0.420302743735529,0,0.0,0.98872886656993,4,212.0
3290.0,5,137.0,3.0444444444444443,6.938298087942649,0,9.0,0.5991231441781945,2,111.0,0.4909841405436738,3,101.0,0.3680652784062517,0,0.0,0.9366701363264307,5,221.0
3295.0,7,164.0,3.3469387755102042,7.426695145195437,2,11.0,0.08083078605942424,2,121.0,0.6310982591167372,3,116.0,0.4843169291014997,0,0.0,0.9891269136084864,7,248.0
3300.0,5,187.0,3.6666666666666665,7.639306180979894,0,0.0,0.12427532997515515,2,131.0,0.6405798759618256,3,131.0,0.5548171549512608,0,0.0,0.953682616331528,5,262.0
3305.0,5,212.0,4.24,7.837638468314137,0,0.0,1.0,2,141.0,0.6392300775734435,3,146.0,0.44133395066623926,0,0.0,0.9303240283081274,5,287.0
3310.0,4,172.0,3.739130434782609,8.111182299193905,0,0.0,1.0,2,151.0,0.6890150999950838,2,73.0,0.5293119377855279,0,0.0,0.9868617687350976,4,224.0
3315.0,4,169.0,3.4489795918367347,8.73813226975051,0,0.0,1.0,2,164.0,0.7096568036352626,2,11.0,0.5711760389962116,0,0.0,0.929211307981811,4,175.0
3320.0,9,197.0,4.191489361702128,6.829988481344049,0,0.0,1.0,5,179.0,0.43275344201902427,3,23.0,0.1990256189493845,1,1.0,0.4902081079348333,9,203.0
3325.0,10,247.0,5.25531914893617,6.807085661513659,0,0.0,1.0,5,204.0,0.33841553665692153,4,43.0,0.07449671463520081,1,6.0,0.6285951970479843,10,253.0
3330.0,7,262.0,5.822222222222222,6.260905529871877,0,0.0,1.0,2,191.0,0.4890862519286159,4,64.0,0.165340332740481,1,11.0,0.6250975763323013,7,266.0
3335.0,4,241.0,5.127659574468085,6.323432548057608,0,0.0,1.0,2,201.0,0.5751037864483651,2,44.0,0.08785366914914901,0,0.0,0.9454715420787648,4,245.0
3340.0,5,266.0,5.428571428571429,7.495878566054683,0,3.0,0.5758507743239666,2,211.0,0.5662885481868027,3,65.0,0.4880643018708244,0,0.0,0.9248014487456498,5,279.0
3345.0,6,294.0,6.125,8.365117595295516,0,0.0,0.7568503069456446,3,221.0,0.46299651066951664,3,77.0,0.5445054463048226,0,0.0,0.9447048359145802,6,298.0
3350.0,7,325.0,6.5,7.8273558979528435,0,0.0,1.0,3,236.0,0.5958065051284612,4,93.0,0.3580878602282484,0,0.0,0.9773877270540792,7,329.0
3355.0,7,285.0,5.7,7.711195598923419,0,0.0,1.0,3,251.0,0.5911481655160493,4,72.0,0.3223088865530213,0,0.0,0.9179434869072621,7,323.0
3360.0,9,317.0,6.604166666666667,7.7957543056229754,0,0.0,1.0,5,269.0,0.3643777072000235,4,52.0,0.37454301423727343,0,0.0,0.9420928098098226,9,321.0
3365.0,10,366.0,7.787234042553192,7.577044857094901,0,0.0,1.0,5,294.0,0.36477368442757274,5,76.0,0.2850301844863262,0,0.0,0.9692177005315861,10,370.0
3370.0,11,420.0,8.936170212765957,7.2362120015524996,0,0.0,1.0,5,319.0,0.424701637789035,6,102.0,0.1867939061977737,0,0.0,0.9618913145220724,11,421.0
3375.0,9,435.0,9.25531914893617,6.492052208027592,0,0.0,1.0,5,344.0,0.42503810713487644,3,89.0,0.3924499428255808,0,0.0,0.8726479182972352,8,433.0
3380.0,11,448.0,9.73913043478261,5.822368216557221,0,4.0,0.6909796956027443,4,332.0,0.2250063734669341,3,104.0,0.32469411767466716,0,0.0,0.8197857550580024,7,440.0
3385.0,14,514.0,11.173913043478262,6.009207162987205,0,0.0,0.8506514587931777,5,355.0,0.27147848560771703,3,119.0,0.4180190099656061,0,0.0,0.9919897506210267,8,474.0
3390.0,16,589.0,12.020408163265307,6.189099057695723,0,0.0,1.0,6,383.0,0.3179465472131392,3,134.0,0.4775565160950288,0,0.0,0.9360815509720807,9,517.0
3395.0,10,497.0,10.142857142857142,6.831131979293908,0,0.0,1.0,6,413.0,0.3175494884788086,1,87.0,0.5056651785585329,0,0.0,0.9962233002088752,7,500.0
3400.0,12,509.0,10.604166666666666,6.64165195818945,0,0.0,1.0,6,446.0,0.41545372387365037,3,10.0,0.352008697611898,0,0.0,0.9923013028381507,9,456.0
3405.0,11,529.0,10.372549019607844,6.274403058202831,0,0.0,1.0,4,433.0,0.5712791426566629,3,25.0,0.18596714133444164,0,0.0,0.9343827126604081,7,458.0
3410.0,13,593.0,11.627450980392156,6.531546841706856,0,0.0,1.0,4,450.0,0.47554065821723357,4,45.0,0.3206344435702079,0,0.0,0.9563218567982524,8,495.0
3415.0,15,654.0,13.08,5.77984669799244,0,0.0,1.0,4,470.0,0.5134724092825856,4,59.0,0.30672149180669245,1,2.0,0.6275651078399826,9,531.0
3420.0,16,726.0,14.235294117647058,5.930744554144882,0,0.0,1.0,4,490.0,0.5270352057288866,5,83.0,0.2765209287792313,1,7.0,0.5762758102808223,10,580.0
3425.0,14,718.0,13.296296296296296,5.915797169265283,0,0.0,1.0,4,510.0,0.37071889672907676,5,108.0,0.36408896716281197,1,12.0,0.7160612672720321,10,630.0
3430.0,11,677.0,13.01923076923077,6.119188510275217,0,0.0,1.0,5,533.0,0.35183726377475244,5,133.0,0.36533230250381343,1,17.0,0.574356764928288,11,683.0
3435.0,13,695.0,13.9,5.719390857649836,0,0.0,1.0,5,555.0,0.23674730926172,4,134.0,0.45257893045272457,0,1.0,0.6309940978851194,9,690.0
3440.0,12,741.0,14.25,6.411825617911991,0,0.0,1.0,6,584.0,0.23085673470264306,4,159.0,0.37164070944875244,1,2.0,0.7630913635784521,11,745.0
3445.0,12,792.0,14.943396226415095,6.577017159892188,0,0.0,1.0,6,614.0,0.24399836111071632,6,184.0,0.3450252288313877,0,0.0,0.9470950512418677,12,798.0
3450.0,16,866.0,16.037037037037038,5.8747593183515,0,0.0,1.0,6,652.0,0.2717522897026328,10,230.0,0.11699200002926771,0,0.0,0.6448876330563353,16,882.0
3455.0,10,692.0,13.056603773584905,5.70467259964602,0,0.0,1.0,6,682.0,0.31853068275414315,2,114.0,0.19934430771134948,1,5.0,0.6189073927761483,9,801.0
3460.0,6,276.0,4.928571428571429,6.820760028044556,0,6.0,0.6123674341728786,4,463.0,0.37871995465597885,1,22.0,0.5931742992263692,1,10.0,0.7031368411840629,6,501.0
3465.0,7,106.0,1.8928571428571428,7.456153013099622,0,9.0,0.15092624512512332,4,162.0,0.5208418309651951,1,21.0,0.6800937860892531,2,17.0,0.44967760831506076,7,209.0
3470.0,12,158.0,2.981132075471698,6.292831192111119,3,22.0,0.05910036988652344,5,103.0,0.49260048808720464,2,27.0,0.4750269255824764,2,27.0,0.27484530896774984,12,179.0
3475.0,14,226.0,4.035714285714286,6.058587399620565,3,37.0,0.007149684402728102,5,125.0,0.5208468904336854,3,41.0,0.5599139152343863,3,41.0,0.3870757819234177,14,244.0
3480.0,5,70.0,1.2280701754385965,6.4182529611983945,0,5.0,0.019506160789585843,1,72.0,0.6002770172915783,2,61.0,0.6178023374683895,0,16.0,0.5848512983207718,3,154.0
3485.0,7,100.0,1.7241379310344827,7.811020436196796,0,0.0,1.0,2,51.0,0.7184335675238546,2,60.0,0.6219480563423351,0,0.0,0.9823333956679329,4,111.0
3490.0,10,144.0,2.526315789473684,7.331843151574342,0,0.0,1.0,3,45.0,0.605139906407493,4,74.0,0.47139351249855177,0,0.0,0.962441005588993,7,119.0
3495.0,15,209.0,3.4833333333333334,6.743281423889555,0,0.0,0.9549669277673662,4,65.0,0.40947255670222793,6,98.0,0.22058092818823463,0,0.0,0.9596465210128113,10,163.0
3500.0,9,169.0,2.816666666666667,6.509394559990133,0,0.0,1.0,0,3.0,0.7235100153760455,2,86.0,0.31378542384751373,0,0.0,0.9348607961971251,2,89.0
3505.0,6,169.0,2.816666666666667,7.19664941188438,0,0.0,1.0,0,9.0,0.7998333027045923,2,94.0,0.3312627212713745,0,0.0,0.9418494028367507,2,103.0
3510.0,3,106.0,1.8928571428571428,8.279450112327888,0,0.0,1.0,1,13.0,0.7720925531572018,2,113.0,0.6940598610939314,0,0.0,0.9486556300889173,3,126.0
3515.0,5,124.0,2.2962962962962963,8.106495148481768,0,0.0,1.0,1,18.0,0.8392620831962725,2,123.0,0.6428263197914035,0,0.0,0.9864445983795005,3,141.0
3520.0,5,20.0,0.38461538461538464,7.585281517035262,0,0.0,1.0,0,8.0,0.7526050698020965,1,60.0,0.6000724479655456,0,0.0,0.9639714707662048,1,68.0
3525.0,6,49.0,0.98,8.017478682584553,0,0.0,1.0,1,7.0,0.7979616707066011,1,15.0,0.7679455831800863,0,0.0,0.9778989028483253,2,22.0
3530.0,7,80.0,1.6326530612244898,8.135129526688551,0,0.0,1.0,1,12.0,0.7843632710316111,1,23.0,0.7671983750176662,0,0.0,0.9473452436475394,2,35.0
3535.0,8,119.0,2.4791666666666665,7.584782374671488,0,0.0,1.0,2,68.0,0.6330988173670745,1,22.0,0.6545113075109088,0,0.0,0.9663979215640901,3,90.0
3540.0,3,5.0,0.10638297872340426,6.6557785367466265,0,0.0,1.0,2,54.0,0.4547066955256991,1,4.0,0.6948189641110496,0,0.0,0.9744354499088368,3,58.0
3545.0,5,26.0,0.5777777777777777,7.197951827640375,0,0.0,0.6555262091272371,4,70.0,0.3520357886174549,1,9.0,0.622177208600091,0,0.0,0.9533374821079688,5,79.0
3550.0,8,56.0,1.1428571428571428,7.344673533595158,2,6.0,0.019251353592670387,5,93.0,0.32366349351658397,1,20.0,0.7917542760583388,0,0.0,0.8958495151138091,8,119.0
3555.0,8,90.0,1.9565217391304348,7.4499978496546175,0,0.0,1.0,6,123.0,0.32672471114586027,1,25.0,0.7908502861244947,1,2.0,0.49534782197429733,8,150.0
3560.0,7,109.0,2.5952380952380953,7.65795022237224,0,0.0,1.0,6,153.0,0.3233338764342203,0,6.0,0.9485664992534546,1,7.0,0.4699553830968218,7,166.0
3565.0,8,148.0,3.148936170212766,8.089196093586176,0,0.0,1.0,6,183.0,0.44109450960733254,0,3.0,0.966531788642716,1,12.0,0.6493069997192625,7,198.0
3570.0,7,163.0,3.6222222222222222,7.80739248823969,0,0.0,1.0,6,213.0,0.3822002375574113,1,4.0,0.7761021859880787,0,0.0,0.880088745568904,7,217.0
3575.0,9,202.0,4.590909090909091,7.348704396769398,0,0.0,1.0,7,243.0,0.11778152700514541,2,13.0,0.6048742897840831,0,0.0,0.92435608495204,9,256.0
3580.0,11,252.0,5.7272727272727275,6.624496023425331,0,0.0,1.0,7,278.0,0.123916468459645,4,28.0,0.1582989979334137,0,0.0,0.8541546856613449,11,306.0
3585.0,9,287.0,6.674418604651163,6.381095188221824,0,0.0,1.0,7,313.0,0.12194843218336437,2,25.0,0.38973971832893595,0,0.0,0.8558178141971658,9,338.0
3590.0,10,333.0,7.568181818181818,6.890286774317283,0,6.0,0.5134733863870704,7,351.0,0.22319128481674494,3,33.0,0.37084213509371755,0,0.0,0.8855581888490413,10,390.0
3595.0,10,383.0,8.906976744186046,6.975600890382748,0,0.0,0.6975054420221377,7,386.0,0.3885312238974124,3,48.0,0.5639453868448042,0,0.0,0.9743082135309671,10,434.0
3600.0,10,433.0,10.069767441860465,7.112234699568176,0,0.0,1.0,7,421.0,0.385252212455879,3,63.0,0.5483062527923089,0,0.0,0.9423164315415057,10,484.0
