step,system_total_stopped,system_total_waiting_time,system_mean_waiting_time,system_mean_speed,cluster_10564135163_13571629282_5146149679_stopped,cluster_10564135163_13571629282_5146149679_accumulated_waiting_time,cluster_10564135163_13571629282_5146149679_average_speed,cluster_10564135205_11749189839_3266988437_5129187741_#3more_stopped,cluster_10564135205_11749189839_3266988437_5129187741_#3more_accumulated_waiting_time,cluster_10564135205_11749189839_3266988437_5129187741_#3more_average_speed,cluster_10564135211_11749189838_12136544949_12136544951_#7more_stopped,cluster_10564135211_11749189838_12136544949_12136544951_#7more_accumulated_waiting_time,cluster_10564135211_11749189838_12136544949_12136544951_#7more_average_speed,cluster_10564135212_13571629279_13571629299_stopped,cluster_10564135212_13571629279_13571629299_accumulated_waiting_time,cluster_10564135212_13571629279_13571629299_average_speed,agents_total_stopped,agents_total_accumulated_waiting_time
0.0,0,0.0,0.0,0.0,0,0.0,1.0,0,0.0,1.0,0,0.0,1.0,0,0.0,1.0,0,0.0
5.0,0,0.0,0.0,11.287591599264207,0,0.0,1.0,0,0.0,0.986951311180665,0,0.0,1.0,0,0.0,0.9869596345651862,0,0.0
10.0,0,0.0,0.0,8.488092707926157,0,0.0,1.0,0,0.0,0.9438382058006369,0,0.0,1.0,0,0.0,0.9438740297991238,0,0.0
15.0,0,0.0,0.0,8.732320694842178,0,0.0,1.0,0,0.0,0.9885763578489817,0,0.0,1.0,0,0.0,0.9885836446628196,0,0.0
20.0,0,0.0,0.0,8.955809830531425,0,0.0,1.0,0,0.0,0.9849234571333036,0,0.0,1.0,0,0.0,0.9861802708579981,0,0.0
25.0,0,0.0,0.0,8.514639856396906,0,0.0,1.0,0,0.0,0.9388546123501248,0,0.0,0.7669464041895514,0,0.0,0.9657774836852205,0,0.0
30.0,2,4.0,0.3076923076923077,7.204915861316035,0,0.0,1.0,0,0.0,0.9435122949888671,2,4.0,0.325070878367505,0,0.0,0.926363477424565,2,4.0
35.0,2,14.0,1.0,7.402086237245426,0,0.0,1.0,0,0.0,0.9902953947883667,2,14.0,0.31694647124219993,0,0.0,0.94478891620765,2,14.0
40.0,2,24.0,1.5,6.546676798969775,0,0.0,1.0,0,0.0,0.3982559556176746,2,24.0,0.32393804515331504,0,0.0,0.9416969473078015,2,24.0
45.0,1,17.0,0.9444444444444444,7.0109776719081145,0,0.0,1.0,0,0.0,0.9972359533581281,1,17.0,0.545434518318963,0,0.0,0.9810119647868013,1,17.0
50.0,2,24.0,1.263157894736842,7.26455381426962,0,0.0,1.0,0,0.0,0.9281985982444496,2,24.0,0.2544685241943653,0,0.0,0.9565596187728941,2,24.0
55.0,3,38.0,1.6521739130434783,8.332240842782177,0,0.0,1.0,0,0.0,0.97477294253416,3,41.0,0.36492501759301044,0,0.0,0.9859286872488966,3,41.0
60.0,3,53.0,2.3043478260869565,7.787872770178019,0,0.0,1.0,0,0.0,0.9471142907504485,3,56.0,0.42790127700898156,0,0.0,0.9910288784125899,3,56.0
65.0,1,1.0,0.045454545454545456,6.9788061451169305,0,0.0,1.0,0,0.0,0.8471582415953481,1,4.0,0.5152535455557141,0,0.0,0.9980804867025923,1,4.0
70.0,1,6.0,0.2727272727272727,7.53345411535352,0,0.0,1.0,0,0.0,0.9772444135237082,1,9.0,0.6420629563970511,0,0.0,0.9385632975956636,1,9.0
75.0,2,11.0,0.4230769230769231,7.495956852475744,0,0.0,1.0,0,6.0,0.6747739793369186,2,14.0,0.4819514487554506,0,0.0,0.939462559842269,2,20.0
80.0,2,20.0,0.7407407407407407,7.567705120500473,0,0.0,1.0,1,10.0,0.7615815292808567,1,16.0,0.6501468306861155,0,0.0,0.9937978572078199,2,26.0
85.0,2,23.0,0.7931034482758621,7.78748831804364,0,0.0,1.0,0,6.0,0.9156060377077283,1,21.0,0.7016351427161962,0,0.0,0.9313544454036117,1,27.0
90.0,2,30.0,1.0,8.133314922098808,0,0.0,1.0,0,6.0,0.955096813511992,1,26.0,0.46253610273266094,0,0.0,0.9293411411452897,1,32.0
95.0,3,38.0,1.1515151515151516,8.352611959492622,0,0.0,1.0,0,6.0,0.8591251884384438,3,41.0,0.34983449223212976,0,0.0,0.9635053386876314,3,47.0
100.0,5,60.0,1.8181818181818181,8.486282816866057,0,0.0,0.9249124125541229,1,5.0,0.7623636586452558,4,58.0,0.4101118249546939,0,0.0,0.9520912948742772,5,63.0
105.0,4,68.0,2.2666666666666666,7.955147432699851,0,0.0,1.0,1,3.0,0.655972184164383,3,68.0,0.3898849417038767,0,0.0,0.9219900982025981,4,71.0
110.0,4,88.0,2.75,7.509693217859795,0,3.0,0.5889175610098631,1,9.0,0.41106695704581836,3,83.0,0.39029958254687375,0,0.0,0.9324171648691998,4,95.0
115.0,6,116.0,3.411764705882353,7.262024323046854,0,3.0,0.032993742944576104,3,22.0,0.39424859314188465,3,101.0,0.4797923810404825,0,0.0,0.9716778164128264,6,126.0
120.0,7,151.0,4.4411764705882355,7.594354091361769,1,8.0,0.00017544345975423504,3,37.0,0.5105404168354528,3,113.0,0.4949644459275681,0,0.0,0.9806165615404919,7,158.0
125.0,4,81.0,2.3142857142857145,8.385962236400738,0,0.0,1.0,3,52.0,0.6594960668292219,1,66.0,0.5281723696208788,0,0.0,0.9762847624668793,4,118.0
130.0,6,72.0,2.1176470588235294,7.69135961564985,0,0.0,1.0,4,69.0,0.38750099311473324,2,7.0,0.3232978190876347,0,0.0,0.9876597886505425,6,76.0
135.0,9,108.0,3.0,7.417732505081556,0,0.0,1.0,4,89.0,0.37682949505269087,2,17.0,0.5464665692505231,0,0.0,0.9555708976090477,6,106.0
140.0,9,153.0,4.135135135135135,7.1470971832046075,0,0.0,1.0,4,109.0,0.32329403348560215,2,24.0,0.6420467557961798,0,0.0,0.9738088988503721,6,133.0
145.0,8,76.0,1.9,6.901156508202635,0,0.0,1.0,0,1.0,0.7347785067150951,3,35.0,0.3257030702311074,0,0.0,0.946334261387876,3,36.0
150.0,3,43.0,1.075,7.407699025964459,0,0.0,1.0,0,0.0,0.9268036025203742,0,0.0,0.8407515021810142,0,0.0,0.9555960281975056,0,0.0
155.0,0,0.0,0.0,8.578419613347767,0,6.0,0.821209481064288,0,3.0,0.8731882119659027,0,6.0,0.9176551714073987,0,0.0,0.9570535768234771,0,15.0
160.0,3,5.0,0.1282051282051282,8.018923589853992,1,5.0,9.592892206637687e-05,0,3.0,0.9678896586433924,0,6.0,0.7703285233716293,0,0.0,0.9514137258456999,1,14.0
165.0,3,13.0,0.30952380952380953,8.110156808611784,1,10.0,0.0,0,3.0,0.9276928498971476,1,11.0,0.7583172649772469,0,0.0,0.9605779295143788,2,24.0
170.0,5,29.0,0.6590909090909091,7.183894102838547,0,0.0,1.0,0,0.0,0.9796026608004674,1,16.0,0.6401185966694487,0,0.0,0.9919579797872564,1,16.0
175.0,11,77.0,1.9743589743589745,6.510166093859186,0,0.0,1.0,0,0.0,0.9626365493672825,3,29.0,0.6009255294097295,0,0.0,0.9852748118068114,3,29.0
180.0,14,139.0,3.3902439024390243,6.047447864712483,0,0.0,1.0,1,1.0,0.6293128857829721,4,46.0,0.39548149016607825,0,0.0,0.9368078531755373,5,47.0
185.0,15,211.0,4.906976744186046,5.591064688066749,0,0.0,1.0,2,8.0,0.32105282684297354,4,66.0,0.36684462899490133,0,0.0,0.9490975323560249,6,74.0
190.0,17,261.0,6.069767441860465,5.242828615889384,0,0.0,1.0,2,21.0,0.349155404819635,6,61.0,0.24229537452098007,0,0.0,0.9502832983204729,8,82.0
195.0,16,306.0,6.954545454545454,4.795795837365065,0,0.0,1.0,3,38.0,0.3758482949379924,6,91.0,0.09277011644891381,0,0.0,0.9762953530095583,9,129.0
200.0,17,389.0,8.644444444444444,4.948379207295789,0,0.0,1.0,3,53.0,0.43082960534744824,7,124.0,0.09621173339459702,0,0.0,0.9760229408275691,10,177.0
205.0,20,480.0,10.666666666666666,4.8660697366776215,0,0.0,1.0,3,68.0,0.4054382339636938,8,162.0,0.16661943541688126,0,0.0,0.965744682695922,11,230.0
210.0,6,141.0,3.1333333333333333,5.385109410537421,0,0.0,1.0,0,3.0,0.9699628442461378,1,48.0,0.22435449131931157,0,0.0,0.9342809853494922,1,51.0
215.0,1,18.0,0.4090909090909091,6.8139842063938,0,3.0,0.516134705621652,0,12.0,0.7492627659436959,1,18.0,0.6174098025851323,0,0.0,0.9614334949367649,1,33.0
220.0,1,23.0,0.5,8.567350403770208,0,0.0,0.7354918977534648,0,12.0,0.8485747588386658,1,26.0,0.7241598509760295,0,0.0,0.9736566164390227,1,38.0
225.0,2,32.0,0.6666666666666666,8.224453528085542,0,0.0,1.0,1,10.0,0.7731977515789894,1,31.0,0.6525318498197205,0,0.0,0.9406188856741952,2,41.0
230.0,6,50.0,1.0,7.166429113528787,0,0.0,1.0,1,15.0,0.7747994717639932,3,40.0,0.4816865924737659,0,0.0,0.968900447224466,4,55.0
235.0,5,67.0,1.2641509433962264,7.559828119041933,0,0.0,1.0,1,20.0,0.6732564308286068,3,55.0,0.48907148339015083,0,0.0,0.9865160207582683,4,75.0
240.0,5,90.0,1.7647058823529411,7.149246822691264,0,0.0,1.0,2,29.0,0.644569304253743,3,70.0,0.36208053973654947,0,0.0,0.9647683163266998,5,99.0
245.0,12,129.0,2.6875,5.792370047025574,0,0.0,1.0,6,45.0,0.13718034957260633,5,89.0,0.14671739801135728,0,0.0,0.9799391168260405,11,134.0
250.0,6,109.0,2.369565217391304,6.262793603378359,0,0.0,1.0,4,62.0,0.3031584271542407,2,115.0,0.4858924663118593,0,0.0,0.9955514276791068,6,177.0
255.0,6,139.0,2.8958333333333335,6.678743320712759,0,3.0,0.5218679157764868,4,63.0,0.4155924732283751,2,125.0,0.24073829589698928,0,0.0,0.9595824255396449,6,191.0
260.0,8,175.0,3.5714285714285716,7.267392934556112,0,0.0,0.9869747106654305,5,87.0,0.30458439665709885,3,146.0,0.4875656785596652,0,0.0,0.9798205949465273,8,233.0
265.0,10,218.0,4.36,7.241048976727201,0,0.0,1.0,5,112.0,0.45645120140678125,3,161.0,0.2032883805925135,0,0.0,0.9644159201919275,8,273.0
270.0,2,115.0,2.2549019607843137,7.537053208187413,0,0.0,1.0,0,6.0,0.9606602287845929,2,141.0,0.3136931102726565,0,0.0,0.9418517920229288,2,147.0
275.0,2,125.0,2.6041666666666665,8.247660332762065,0,0.0,1.0,0,6.0,0.9256883164827422,2,130.0,0.38268146580565826,0,0.0,0.9691355901847423,2,136.0
280.0,3,138.0,2.9361702127659575,8.227775537017928,0,0.0,1.0,0,6.0,0.9194545200140863,2,144.0,0.483971383270579,0,0.0,0.9878389772405392,2,150.0
285.0,6,163.0,3.4680851063829787,8.802096283689444,0,0.0,1.0,0,0.0,0.8531042867948703,5,164.0,0.43196693130528246,0,0.0,0.9524518959852918,5,164.0
290.0,3,168.0,3.5,8.5338262374501,0,0.0,1.0,0,0.0,0.7370493284799786,2,170.0,0.6138360979889149,0,0.0,0.9775049275179695,2,170.0
295.0,5,174.0,3.48,8.502145701580845,0,0.0,1.0,2,4.0,0.557740532492336,2,173.0,0.6002384171365827,0,0.0,0.9998873302727238,4,177.0
300.0,6,196.0,4.083333333333333,8.626702769298328,0,0.0,1.0,2,17.0,0.6376720565340593,4,190.0,0.5410859206124063,0,0.0,0.9414086998392461,6,207.0
305.0,8,232.0,4.833333333333333,8.423626002179633,0,0.0,0.9660844628315186,2,27.0,0.6498513339806116,5,206.0,0.4136028795068711,0,0.0,0.9445772194110731,7,233.0
310.0,8,228.0,4.75,6.640754580199399,1,1.0,0.47092672987495576,0,3.0,0.7757390109501499,6,218.0,0.23427129177914924,0,0.0,0.9556739600918606,7,222.0
315.0,10,260.0,5.777777777777778,6.473285220962743,3,11.0,0.001336878105529428,0,6.0,0.8471874180193897,7,249.0,0.2103781257613323,0,0.0,0.9373420093979562,10,266.0
320.0,8,286.0,6.217391304347826,7.022021424440996,0,0.0,1.0,1,8.0,0.7174063106205993,7,286.0,0.29357440293065173,0,0.0,0.96384344511393,8,294.0
325.0,8,326.0,6.791666666666667,7.479513921336849,0,0.0,1.0,1,10.0,0.6972702513139994,7,321.0,0.27874702736236745,0,0.0,0.9402242098859563,8,331.0
330.0,6,131.0,2.7872340425531914,7.997592518172681,0,0.0,1.0,1,15.0,0.7097489245368095,5,222.0,0.38700623453657373,0,0.0,0.9374743254613199,6,237.0
335.0,4,41.0,0.9111111111111111,8.24762794131293,0,0.0,1.0,1,20.0,0.7271809258433896,2,101.0,0.45158061252549103,0,0.0,0.9412937434338009,3,121.0
340.0,7,71.0,1.5777777777777777,8.123532914863834,0,0.0,1.0,1,22.0,0.6232269563097418,2,34.0,0.5722676126878083,0,0.0,0.9629311700733783,3,56.0
345.0,10,110.0,2.391304347826087,7.212127727480548,0,0.0,1.0,2,28.0,0.4494974199239897,4,47.0,0.18793005318482914,0,0.0,0.9644744349946697,6,75.0
350.0,8,99.0,2.25,5.8073007329312825,0,0.0,1.0,2,38.0,0.4808426261832731,0,0.0,0.7524361075299403,0,0.0,0.9438691738165295,2,38.0
355.0,11,146.0,3.2444444444444445,5.416901295169859,0,6.0,0.5526997591028591,2,54.0,0.3364681843412973,0,0.0,0.9792332782559903,0,0.0,0.9707546930125814,2,60.0
360.0,12,161.0,3.425531914893617,6.070621453773141,0,0.0,1.0,3,69.0,0.5033742840688085,0,0.0,0.9386404373550753,0,0.0,0.9409632252541053,3,69.0
365.0,9,174.0,3.625,6.72176344051083,0,0.0,0.970637982753393,3,84.0,0.552053674335511,0,0.0,0.9684235897528094,0,0.0,0.9398818298784392,3,84.0
370.0,9,219.0,4.294117647058823,6.644383400556156,0,0.0,1.0,3,99.0,0.5696589303986047,0,0.0,0.6545103313555831,0,0.0,0.933778057334032,3,99.0
375.0,11,221.0,4.42,6.62084791224247,0,0.0,1.0,1,82.0,0.6925898186523526,2,5.0,0.3286406363075048,0,0.0,0.9930180188928387,3,87.0
380.0,7,113.0,2.1320754716981134,6.935863872677631,0,0.0,1.0,1,68.0,0.630520457438139,2,15.0,0.295092910337112,0,0.0,0.9648848187312914,3,83.0
385.0,10,133.0,2.5576923076923075,6.442514806969021,0,0.0,1.0,4,81.0,0.3139910526644408,3,29.0,0.3966990979560057,0,0.0,0.9622935143235546,7,110.0
390.0,7,142.0,2.730769230769231,6.440030359151963,0,0.0,1.0,4,101.0,0.3070729304890171,0,8.0,0.7239061432310618,0,0.0,0.9747813300083108,4,109.0
395.0,8,150.0,3.0,6.506713787945384,0,3.0,0.5318962808627725,2,82.0,0.48585850766643873,0,3.0,0.9344892981333363,0,0.0,0.9778928749043014,2,88.0
400.0,3,90.0,1.6981132075471699,7.520665171987995,0,0.0,1.0,2,91.0,0.5460401228659524,0,3.0,0.9420511896927514,0,0.0,0.9309053517187921,2,94.0
405.0,3,102.0,1.8545454545454545,8.196653287640249,0,0.0,1.0,3,105.0,0.5454343261356924,0,37.0,0.8150549075816428,0,0.0,0.9220914547943938,3,142.0
410.0,4,119.0,2.1636363636363636,7.559839607295756,0,0.0,1.0,4,119.0,0.4837017707097358,0,37.0,0.7514993361181007,0,0.0,0.9381988876014957,4,156.0
415.0,3,100.0,1.7241379310344827,7.665201762635744,0,0.0,1.0,1,103.0,0.6998501359819992,2,9.0,0.5536647861886985,0,0.0,0.9892680280682096,3,112.0
420.0,7,123.0,2.1964285714285716,7.5184445690826305,0,0.0,1.0,2,152.0,0.5904669427225995,3,20.0,0.39313701728633943,0,0.0,0.9724513553017476,5,172.0
425.0,12,173.0,3.2641509433962264,6.771629818335346,0,0.0,1.0,3,190.0,0.5310788585806681,4,36.0,0.4337138815366174,0,0.0,0.9526976424109985,7,226.0
430.0,12,207.0,4.14,7.021062625106951,0,0.0,1.0,5,166.0,0.361329000267417,1,29.0,0.5056533488703615,0,0.0,0.9831106331073253,6,195.0
435.0,8,203.0,3.759259259259259,7.316131895115812,0,3.0,0.49565830429187246,1,126.0,0.4694451810720942,0,3.0,0.9210174873397469,0,0.0,0.9433741227007495,1,132.0
440.0,10,249.0,4.69811320754717,7.274725924159401,0,0.0,1.0,2,127.0,0.48938815672660724,1,4.0,0.8061185305361852,0,0.0,0.970088104180783,3,131.0
445.0,10,299.0,5.537037037037037,8.08138333326569,0,0.0,1.0,2,139.0,0.6633692508147757,1,12.0,0.7954774867324457,0,0.0,0.9904739121919449,3,151.0
450.0,11,340.0,6.296296296296297,7.13186953863486,0,0.0,1.0,2,149.0,0.5879773551168036,2,8.0,0.6321555217547048,0,0.0,0.9890090920772038,4,157.0
455.0,11,378.0,6.872727272727273,6.815602960128549,0,3.0,0.9089628253500719,1,138.0,0.683050105925191,2,18.0,0.5468940426038152,0,0.0,0.9894339416365905,3,159.0
460.0,12,432.0,8.470588235294118,6.630461231757472,0,0.0,1.0,1,145.0,0.7445225651421813,4,35.0,0.4895299614014872,0,0.0,0.9689083527851594,5,180.0
465.0,14,412.0,8.408163265306122,6.038318065571673,0,0.0,1.0,1,147.0,0.5904049921588477,5,56.0,0.3579265869380283,0,0.0,0.9372038225532042,6,203.0
470.0,6,197.0,3.7169811320754715,7.105516786218279,0,0.0,1.0,2,156.0,0.5608931523231789,1,23.0,0.5863311048979323,0,0.0,0.9353228926979921,3,179.0
475.0,2,183.0,3.7346938775510203,7.494547626340393,0,0.0,1.0,1,205.0,0.5287675871121229,1,53.0,0.5992296919152029,0,0.0,0.9736426917643461,2,258.0
480.0,4,199.0,4.061224489795919,7.331950011075893,0,0.0,0.9604292754005851,1,210.0,0.7004639791511125,3,64.0,0.3356699512533699,0,0.0,0.9448467592747553,4,274.0
485.0,8,233.0,5.065217391304348,6.615432072632463,0,0.0,1.0,1,170.0,0.727086830789695,4,84.0,0.3111721585524876,0,0.0,0.9627862894086843,5,254.0
490.0,10,241.0,5.127659574468085,6.8841080251161815,0,0.0,1.0,1,175.0,0.7430761391864097,3,63.0,0.2333141309155172,0,0.0,0.9650358613649241,4,238.0
495.0,12,284.0,5.795918367346939,7.249633663889534,0,3.0,0.9955824336022202,1,180.0,0.7769342105444076,5,84.0,0.3320678853853159,0,0.0,0.9937911919831771,6,267.0
500.0,10,287.0,5.857142857142857,6.96062637471083,0,0.0,1.0,2,184.0,0.5159102828257286,6,112.0,0.24381067319387814,0,0.0,0.9635498206298264,8,296.0
505.0,9,314.0,6.680851063829787,6.940861293848222,0,0.0,1.0,3,199.0,0.46718612469657167,6,142.0,0.24279976203625317,0,0.0,0.9805443385571941,9,341.0
510.0,14,373.0,7.9361702127659575,6.5678749492770345,0,0.0,1.0,4,244.0,0.3575893334438914,6,172.0,0.3458785910881284,0,0.0,0.97438533229041,10,416.0
515.0,9,307.0,6.395833333333333,6.942173825507965,0,0.0,1.0,1,231.0,0.6042720573342507,4,140.0,0.2772803383503369,0,0.0,0.9320866976150713,5,371.0
520.0,7,275.0,5.851063829787234,7.467292182409258,0,0.0,1.0,2,208.0,0.5181761079307777,4,60.0,0.21166252989565723,0,0.0,0.9931264816686216,6,268.0
525.0,8,300.0,6.122448979591836,7.436467192681759,0,0.0,1.0,3,220.0,0.4331174902552478,5,84.0,0.24091861779837462,0,0.0,0.9818231513688889,8,304.0
530.0,11,349.0,7.122448979591836,6.552803975572621,0,0.0,1.0,3,231.0,0.41486849826095323,6,110.0,0.3725101951704177,0,0.0,0.9784197886856104,9,341.0
535.0,6,268.0,5.826086956521739,6.651386502693536,0,0.0,1.0,3,246.0,0.4654118387599824,0,18.0,0.6049009562830764,0,0.0,0.9799485342933606,3,264.0
540.0,7,301.0,6.404255319148936,6.767143982289852,0,3.0,0.8224171421631326,3,261.0,0.5415766082513359,1,3.0,0.7283749866416168,0,0.0,0.9426535694110271,4,267.0
545.0,5,288.0,5.877551020408164,7.81009463448804,0,0.0,1.0,3,282.0,0.6128112051095288,1,8.0,0.71834244726605,0,0.0,0.9521370869753539,4,290.0
550.0,4,304.0,6.333333333333333,7.966532060586272,0,0.0,1.0,3,297.0,0.6387824007407884,1,13.0,0.7649425406300928,0,0.0,0.9506747216170987,4,310.0
555.0,4,92.0,1.9574468085106382,7.6563804156473045,0,0.0,0.9931331268468057,3,80.0,0.5514329193722746,1,18.0,0.6410010439116881,0,0.0,0.9881541341654076,4,98.0
560.0,5,117.0,2.4375,7.790206778716398,0,0.0,1.0,4,100.0,0.4825470024494558,1,26.0,0.4044247880297196,0,0.0,0.9748900562465278,5,126.0
565.0,7,148.0,3.020408163265306,7.508943647924793,0,0.0,1.0,6,126.0,0.38404386474456026,1,31.0,0.7268192941618774,0,0.0,0.939989324272861,7,157.0
570.0,11,193.0,4.195652173913044,6.04125345246183,0,0.0,1.0,7,156.0,0.2927052024708372,2,37.0,0.46205210809683683,0,0.0,0.9272955245641268,9,193.0
575.0,10,210.0,4.565217391304348,6.380893211683283,0,0.0,1.0,7,163.0,0.30307264282473445,2,47.0,0.5581418260587943,0,0.0,0.9840548946854997,9,210.0
580.0,11,262.0,5.695652173913044,5.926621619035222,0,0.0,1.0,8,201.0,0.18899396558087975,2,57.0,0.42330996838101215,0,0.0,0.9457276786814182,10,258.0
585.0,10,301.0,6.840909090909091,5.7790186917478925,0,0.0,1.0,8,241.0,0.10274138299498214,1,51.0,0.5275909827813725,0,0.0,0.9773712701317329,9,292.0
590.0,12,356.0,8.279069767441861,5.405305847103755,0,0.0,1.0,8,284.0,0.1304812483577229,2,57.0,0.5692953147030734,0,0.0,0.936427936135334,10,341.0
595.0,4,99.0,2.25,5.671924673947334,0,0.0,1.0,0,49.0,0.33597777179848165,2,67.0,0.558366602893495,0,0.0,0.8576478045347873,2,116.0
600.0,5,92.0,2.090909090909091,6.7131646177375615,0,0.0,1.0,0,3.0,0.664507552338462,2,80.0,0.635601941191835,0,0.0,0.9538415876493505,2,83.0
605.0,5,79.0,1.7954545454545454,7.51003165100941,0,0.0,1.0,0,3.0,0.9518387286463555,2,81.0,0.6848990920021464,0,0.0,0.9575965228710124,2,84.0
610.0,3,81.0,1.7234042553191489,8.158954527099686,0,0.0,1.0,0,6.0,0.9622084735724287,3,93.0,0.7355721179883632,0,0.0,0.9564012380492158,3,99.0
615.0,3,96.0,1.92,8.397529396349004,0,0.0,1.0,0,6.0,0.9666901945992755,3,108.0,0.6059376120658582,0,0.0,0.9631151676748253,3,114.0
620.0,5,118.0,2.36,8.229479210149806,0,0.0,1.0,0,3.0,0.9247449394545126,5,130.0,0.5424198835005944,0,0.0,0.9755307557373339,5,133.0
625.0,8,67.0,1.3673469387755102,6.885460013587598,0,0.0,1.0,0,3.0,0.9677904580168468,6,74.0,0.42370591296727395,0,0.0,0.9493103062911628,6,77.0
630.0,7,96.0,2.0869565217391304,6.6584076477816145,0,3.0,0.9293628832457921,0,3.0,0.9568917114194198,7,105.0,0.2865887795335624,0,0.0,0.9496015531177805,7,111.0
635.0,10,139.0,2.78,6.2616305680485,0,0.0,1.0,0,3.0,0.9080300698374748,10,145.0,0.20031462439283618,0,0.0,0.9752461608945504,10,148.0
640.0,11,191.0,3.8979591836734695,6.095962132959762,0,0.0,1.0,1,5.0,0.4898433853116866,10,195.0,0.14995028381898662,0,0.0,0.7525605524356824,11,200.0
645.0,13,251.0,4.921568627450981,6.12253180724663,0,0.0,1.0,1,10.0,0.49567274190714067,11,248.0,0.13039715505826663,0,0.0,0.9440274450943896,12,258.0
650.0,6,93.0,1.8979591836734695,5.4452746500114575,0,0.0,1.0,2,16.0,0.13046778600929632,3,143.0,0.1279993810161887,0,0.0,0.9797811676242765,5,159.0
655.0,6,70.0,1.4285714285714286,6.895396983684653,0,6.0,0.5405322251177109,2,33.0,0.5202197308779101,1,29.0,0.31324885304389055,0,0.0,0.9295942234300142,3,68.0
660.0,7,103.0,2.06,8.052154145033033,0,0.0,0.7040442285910775,2,43.0,0.6721139203955638,1,34.0,0.0,0,0.0,0.9888152692521304,3,77.0
665.0,5,98.0,2.0,8.630502785775363,0,0.0,0.8721753336786838,2,53.0,0.6817562263020069,1,39.0,0.0,0,0.0,0.9873048825375069,3,92.0
670.0,3,55.0,1.0576923076923077,8.408495852196099,0,0.0,1.0,2,62.0,0.6245404097173134,0,0.0,0.02403876812883851,0,0.0,0.9775810283766548,2,62.0
675.0,1,4.0,0.08,8.841171935928704,0,0.0,1.0,0,6.0,0.7877732056964944,1,4.0,0.4458793678206359,0,0.0,0.9410724271652137,1,10.0
680.0,3,15.0,0.3125,8.983376869504239,0,0.0,1.0,1,11.0,0.8032904167549154,2,10.0,0.0022828676574344017,0,0.0,0.9284498064745834,3,21.0
685.0,4,31.0,0.6739130434782609,9.165335834177835,0,0.0,1.0,1,10.0,0.7804684815139639,2,25.0,0.5784627921776303,0,0.0,0.9484432445201604,3,35.0
690.0,3,32.0,0.6956521739130435,8.903117366168601,0,0.0,1.0,1,15.0,0.7270451314525554,1,15.0,0.7714184095137322,0,0.0,0.9929152412537077,2,30.0
695.0,3,47.0,1.0444444444444445,8.768647277761247,0,0.0,1.0,1,20.0,0.5263540975092128,1,19.0,0.5891240733590681,0,0.0,0.9441100973415667,2,39.0
700.0,7,72.0,1.6363636363636365,7.832146569849312,0,0.0,1.0,2,27.0,0.4115892354028985,2,28.0,0.4874707859244909,0,0.0,0.949952682413439,4,55.0
705.0,6,79.0,1.7555555555555555,7.339335319779093,0,0.0,1.0,2,37.0,0.6393265613316758,3,43.0,0.43347695915252993,0,0.0,0.9948544861393304,5,80.0
710.0,7,71.0,1.6136363636363635,5.792685572864378,0,0.0,1.0,3,48.0,0.2537525687615757,1,14.0,0.488109112626409,0,0.0,0.97823406647415,4,62.0
715.0,5,82.0,1.7826086956521738,6.590031718608841,0,0.0,0.33563305213558947,4,73.0,0.4197983287545235,1,15.0,0.5887564054653974,0,0.0,0.9422435115056382,5,88.0
720.0,9,118.0,2.5652173913043477,6.9994114861479195,2,6.0,0.0002755013509506047,4,93.0,0.5176020515730965,1,20.0,0.5340061353924971,0,0.0,0.9300043454577943,7,119.0
725.0,11,168.0,3.5,6.983185560413081,2,16.0,0.0,5,116.0,0.4801600785817004,1,25.0,0.7104475679465944,0,0.0,0.9520144647416177,8,157.0
730.0,11,223.0,4.551020408163265,6.583133136266591,2,26.0,0.0,5,141.0,0.42533142955497966,1,30.0,0.7384627057390335,0,0.0,0.9761641907048964,8,197.0
735.0,12,253.0,5.163265306122449,6.049291930767118,0,0.0,1.0,6,169.0,0.437652148050365,2,39.0,0.37835872381728725,0,0.0,0.9631530168649555,8,208.0
740.0,13,299.0,5.75,6.401028121703861,0,0.0,1.0,6,199.0,0.43522331043934254,4,57.0,0.18067142722597984,0,0.0,0.9427831538704776,10,256.0
745.0,8,116.0,2.230769230769231,6.424418023168306,0,0.0,1.0,2,110.0,0.3141614209876392,5,81.0,0.2797310576649602,0,0.0,0.9763799389084518,7,191.0
750.0,9,89.0,1.7115384615384615,6.65907493681325,0,0.0,1.0,3,35.0,0.35621756453736436,2,64.0,0.30131178921342305,0,0.0,0.93181673935266,5,99.0
755.0,13,145.0,2.843137254901961,6.94763486132136,0,3.0,0.685571260422966,4,38.0,0.2876075697896174,2,77.0,0.33288751374992487,0,0.0,0.9631735321367159,6,118.0
760.0,14,214.0,4.28,6.584131297839203,0,0.0,0.8038189710555949,4,58.0,0.29589786552398745,2,87.0,0.467700941384048,0,0.0,0.9619196319123519,6,145.0
765.0,7,146.0,2.979591836734694,6.824139502874095,1,3.0,0.0007412999599867126,0,3.0,0.6535096384805567,2,97.0,0.5752500050074539,0,0.0,0.944689233503028,3,103.0
770.0,3,112.0,2.5454545454545454,7.589906880337886,1,8.0,0.0,0,3.0,0.9470373102783638,2,113.0,0.6445773423961809,0,0.0,0.8178585569334926,3,124.0
775.0,3,127.0,2.6458333333333335,8.327257168316153,1,13.0,0.0,0,3.0,0.9746178175614331,2,160.0,0.6582009719377498,0,0.0,0.937868068414718,3,176.0
780.0,3,142.0,3.021276595744681,8.43183400707113,1,18.0,0.0,0,3.0,0.7761602454339493,2,157.0,0.7330875725284773,0,0.0,0.9740051953925264,3,178.0
785.0,7,148.0,3.217391304347826,7.0695921872091585,0,0.0,1.0,2,9.0,0.5172631355336972,3,142.0,0.6214035364764476,0,0.0,0.9715003423497515,5,151.0
790.0,8,179.0,4.162790697674419,7.748261065432947,0,0.0,1.0,3,21.0,0.5276688914482557,4,158.0,0.5386398333243014,0,0.0,0.9499623297960883,7,179.0
795.0,10,214.0,4.863636363636363,7.153227426578552,0,0.0,1.0,3,36.0,0.5628481106748606,2,157.0,0.641226295449143,0,0.0,0.9888092291384859,5,193.0
800.0,9,243.0,5.651162790697675,6.794176501083656,0,0.0,1.0,5,59.0,0.23278074608210492,2,167.0,0.6109912698901815,0,0.0,0.9407352153563195,7,226.0
805.0,10,261.0,5.8,7.097983072366311,0,0.0,1.0,3,56.0,0.45325515642979597,2,174.0,0.49651521476857463,0,0.0,0.9455862745925401,5,230.0
810.0,13,319.0,6.787234042553192,6.576194007464841,0,0.0,0.017056517934167174,4,70.0,0.4224602781385492,3,186.0,4.2433550402855026e-05,0,0.0,0.8947814713344271,7,256.0
815.0,7,99.0,2.0625,6.681870897008437,2,9.0,0.07444916028355474,4,90.0,0.39185926383517866,1,85.0,0.4160628657759454,0,0.0,0.9521715025750456,7,184.0
820.0,10,142.0,2.9583333333333335,6.845143988142925,2,19.0,0.010791352506976418,5,115.0,0.425124242159962,2,14.0,0.31134417512186013,0,0.0,0.9622511977149852,9,148.0
825.0,7,157.0,3.488888888888889,7.035365731496358,0,0.0,0.029875346580322492,5,137.0,0.35985994407015903,2,24.0,0.26215051954806695,0,0.0,0.931915549095027,7,161.0
830.0,9,200.0,4.25531914893617,7.01725663574326,0,0.0,1.0,6,165.0,0.20505393246649525,3,39.0,0.2293110788731689,0,0.0,0.9307488486800333,9,204.0
835.0,8,205.0,4.270833333333333,7.3252054535264435,0,0.0,1.0,7,201.0,0.0501372613981187,1,26.0,0.5036667205310769,0,0.0,0.9563454357785884,8,227.0
840.0,9,250.0,5.208333333333333,8.046366852775897,0,0.0,1.0,8,241.0,0.0952214900356855,1,15.0,0.762235384768081,0,0.0,0.9665105789931112,9,256.0
845.0,10,296.0,6.040816326530612,7.689245559962309,0,0.0,1.0,8,281.0,0.11006506082180939,2,21.0,0.3643182014359307,0,0.0,0.972126469711922,10,302.0
850.0,12,356.0,6.846153846153846,7.212072333954747,0,0.0,1.0,8,321.0,0.17804193342734945,4,41.0,0.0602826418666777,0,0.0,0.9460452405830267,12,362.0
855.0,11,369.0,7.851063829787234,6.247990246614086,0,0.0,1.0,8,361.0,0.19322842236984217,2,22.0,0.013784986442186425,0,0.0,0.9533868420010551,10,383.0
860.0,11,424.0,9.636363636363637,6.288230988869094,0,0.0,1.0,8,407.0,0.25510261457948463,2,23.0,0.0,0,0.0,0.9988921240729052,10,430.0
865.0,14,483.0,10.27659574468085,6.295350731020245,0,0.0,1.0,10,450.0,0.27441251285648555,2,33.0,0.30870556340375177,0,0.0,0.9858206865065413,12,483.0
870.0,14,553.0,12.28888888888889,6.135421210863474,0,0.0,1.0,9,495.0,0.252432299953635,2,43.0,0.31483180374600755,0,0.0,0.9386311314912659,11,538.0
875.0,15,624.0,13.27659574468085,6.232700423338254,0,0.0,1.0,9,540.0,0.3390014579194171,2,53.0,0.3316405592523925,0,0.0,0.981902919962316,11,593.0
880.0,15,641.0,13.638297872340425,6.121378010145997,0,0.0,1.0,10,586.0,0.3615238125298924,0,27.0,0.53793452532641,0,0.0,0.9770804425394505,10,613.0
885.0,13,676.0,14.083333333333334,6.903670713767816,0,0.0,1.0,10,636.0,0.35003777388077995,0,0.0,0.9491424714442684,0,0.0,0.945569585873782,10,636.0
890.0,5,73.0,1.489795918367347,6.550828877213866,0,0.0,1.0,1,185.0,0.3633740695294804,1,2.0,0.7831345725011142,0,0.0,0.9282360201061911,2,187.0
895.0,3,18.0,0.3673469387755102,7.112199544974302,0,0.0,1.0,1,15.0,0.4411053173444007,2,9.0,0.4540358954389173,0,0.0,0.9004878470100173,3,24.0
900.0,6,39.0,0.7959183673469388,7.7571485730327225,0,0.0,1.0,2,15.0,0.5071322434043948,3,30.0,0.5690927412000061,0,0.0,0.9370644074435664,5,45.0
905.0,8,75.0,1.4423076923076923,7.551700091954057,0,0.0,1.0,2,25.0,0.5279483735162417,4,46.0,0.5673966894990207,0,0.0,0.9776705052185575,6,71.0
910.0,10,121.0,2.372549019607843,6.728356892955583,0,0.0,1.0,3,37.0,0.27172308466529604,4,66.0,0.5952720390570688,0,0.0,0.9383940534441066,7,103.0
915.0,11,165.0,3.235294117647059,6.646040803632136,0,0.0,1.0,4,71.0,0.39986161002735077,4,86.0,0.6104055091379401,0,0.0,0.9304291193315173,8,157.0
920.0,9,167.0,3.5531914893617023,6.7099379358067495,0,0.0,1.0,4,91.0,0.40220859845279555,2,57.0,0.7069538112477823,0,0.0,0.9694863054965395,6,148.0
925.0,8,162.0,3.375,6.723352793223221,0,0.0,1.0,5,99.0,0.392065167382756,2,61.0,0.702121586379483,0,0.0,0.9629206852353183,7,160.0
930.0,8,191.0,4.1521739130434785,6.893479422883387,0,0.0,0.9419210541236634,6,152.0,0.463431913904241,2,68.0,0.6319619927132797,0,0.0,0.9944098773817206,8,220.0
935.0,11,236.0,5.0212765957446805,6.783215518664171,0,0.0,0.9190680626772756,7,158.0,0.40979648418422815,2,78.0,0.3325056388268609,0,0.0,0.9413888164212056,9,236.0
940.0,9,194.0,3.9591836734693877,6.450013738185094,0,0.0,1.0,8,196.0,0.349440818826904,0,81.0,0.32277626755888544,0,0.0,0.947288368833854,8,277.0
945.0,10,240.0,4.8979591836734695,7.171939943293049,0,0.0,1.0,8,241.0,0.3738896775637346,1,8.0,0.7146580385873056,0,0.0,0.9359479874127722,9,249.0
950.0,8,103.0,2.1458333333333335,7.394063368950479,0,0.0,1.0,4,171.0,0.5343589577962743,2,15.0,0.47549456718393907,0,0.0,0.9664550044360195,6,186.0
955.0,4,43.0,0.9772727272727273,8.347492282781074,0,0.0,1.0,0,37.0,0.7088805145799992,2,25.0,0.4693918013107711,0,0.0,0.9804743421858869,2,62.0
960.0,6,67.0,1.558139534883721,8.739338676619713,0,0.0,1.0,2,8.0,0.6271728090746378,2,38.0,0.5752586421723512,0,0.0,0.9635453896893263,4,46.0
965.0,7,102.0,2.55,7.899522856924724,0,0.0,1.0,3,23.0,0.4832577021332355,2,48.0,0.5557847932077464,0,0.0,0.9443844276813674,5,71.0
970.0,9,97.0,2.4871794871794872,7.300668847694016,0,0.0,1.0,4,42.0,0.47761713675943773,4,63.0,0.2830034353064795,0,0.0,0.9647557854860304,8,105.0
975.0,5,78.0,1.9024390243902438,7.249218984245077,0,0.0,1.0,0,2.0,0.5977600415035859,4,83.0,0.369516488487372,0,0.0,0.979751725106466,4,85.0
980.0,4,14.0,0.34146341463414637,6.176309877880785,0,0.0,1.0,2,6.0,0.26529422790976287,0,8.0,0.5966206587846556,0,0.0,0.9925148887548656,2,14.0
985.0,4,22.0,0.5238095238095238,7.536096716701406,0,3.0,0.6158740973276845,3,25.0,0.4962439606578197,1,8.0,0.7853309906858756,0,0.0,0.9588746707208733,4,36.0
990.0,4,42.0,1.024390243902439,7.422774377227285,0,0.0,0.7333173984876444,3,40.0,0.5422509000300253,1,13.0,0.716214484524902,0,0.0,0.9979217750756251,4,53.0
995.0,7,71.0,1.5777777777777777,6.971374891309461,0,0.0,1.0,5,62.0,0.47630394183768815,2,20.0,0.5680542499165414,0,0.0,0.9440018167432854,7,82.0
1000.0,8,89.0,1.934782608695652,6.703680627631112,0,0.0,1.0,6,88.0,0.3951150808136013,2,12.0,0.48647171468695916,0,0.0,0.967153513276685,8,100.0
1005.0,9,133.0,3.0930232558139537,7.31677265686665,0,0.0,1.0,7,125.0,0.4364318648360114,2,22.0,0.5524223122291542,0,0.0,0.9377424180386861,9,147.0
1010.0,11,182.0,3.9565217391304346,6.819084756148577,0,0.0,1.0,7,160.0,0.475015707258708,4,36.0,0.02568417518475712,0,0.0,0.9476170389627202,11,196.0
1015.0,7,105.0,2.3863636363636362,6.196243771134366,0,0.0,1.0,3,117.0,0.29931884948664256,4,56.0,0.144526651651088,0,0.0,0.9618362885050353,7,173.0
1020.0,6,61.0,1.4186046511627908,6.790392099019534,0,0.0,1.0,5,43.0,0.2815406249791111,1,31.0,0.037663266521735135,0,0.0,0.9375077284628499,6,74.0
1025.0,6,91.0,2.1666666666666665,7.714533823720366,0,3.0,0.5629031295404747,5,71.0,0.3755707004537825,1,35.0,0.5146002029232483,0,0.0,0.9604340253360937,6,109.0
1030.0,6,121.0,2.688888888888889,6.9988578404220565,0,0.0,1.0,5,96.0,0.31710183702015055,1,40.0,0.7460155132835368,0,0.0,0.9862337110367807,6,136.0
1035.0,9,162.0,3.6818181818181817,7.26409554477975,0,0.0,1.0,7,127.0,0.4064419262299316,1,45.0,0.7027489078151434,0,0.0,0.9425821585972349,8,172.0
1040.0,8,152.0,3.4545454545454546,7.375449424793035,0,0.0,1.0,8,164.0,0.4268018736790037,0,3.0,0.9574077261730817,0,0.0,0.9713944605212901,8,167.0
1045.0,8,192.0,4.266666666666667,7.614137403014126,0,0.0,1.0,8,204.0,0.484032186992046,0,3.0,0.9362699081024477,0,0.0,0.9553118195474175,8,207.0
1050.0,9,233.0,5.5476190476190474,6.6419157404627684,0,0.0,1.0,9,245.0,0.3433070205316038,0,0.0,0.6514370390865323,0,0.0,0.9215024651399029,9,245.0
1055.0,11,285.0,6.785714285714286,5.388784199843842,0,0.0,1.0,10,293.0,0.19716063020263325,1,4.0,0.06739734091781306,0,0.0,0.9153485502259278,11,297.0
1060.0,10,308.0,7.333333333333333,5.158258014605309,0,0.0,1.0,7,309.0,0.14357832857320438,3,18.0,0.19196835134783513,0,0.0,0.9647769542509523,10,327.0
1065.0,13,371.0,8.627906976744185,5.576534808635671,0,0.0,1.0,9,345.0,0.0840530278844444,4,38.0,0.18806775038800866,0,0.0,0.9260573876000541,13,383.0
1070.0,14,439.0,9.755555555555556,4.882420398355289,0,0.0,1.0,10,394.0,0.0604218179908959,4,58.0,0.16615841011378846,0,0.0,0.9768674153797154,14,452.0
1075.0,18,524.0,11.391304347826088,4.898778113933929,0,0.0,1.0,11,447.0,0.12845888157163798,5,81.0,0.1656085195714661,0,0.0,0.9180746360701492,16,528.0
1080.0,4,40.0,0.8888888888888888,5.574180124668182,0,0.0,1.0,1,111.0,0.25766924707746375,1,27.0,0.4640097425949625,0,0.0,0.9426469677394449,2,138.0
1085.0,1,1.0,0.023255813953488372,6.806937292178927,0,0.0,1.0,1,18.0,0.6432536617562916,0,8.0,0.3855405749756462,0,0.0,0.964029865344262,1,26.0
1090.0,2,8.0,0.17777777777777778,8.610840882978609,0,0.0,1.0,1,9.0,0.6476351064401281,0,9.0,0.9676554834034164,0,0.0,0.9872960546227523,1,18.0
1095.0,3,20.0,0.45454545454545453,8.859664269505943,0,0.0,1.0,1,14.0,0.6390316977272521,0,9.0,0.9696637417300161,0,0.0,0.8775645575591434,1,23.0
1100.0,2,19.0,0.3958333333333333,8.163762688241102,0,0.0,1.0,0,3.0,0.7852154408372319,0,9.0,0.7272772287305699,0,0.0,0.9524047534595586,0,12.0
1105.0,3,13.0,0.2653061224489796,8.373313777335229,0,0.0,1.0,1,7.0,0.7194609242663583,2,18.0,0.7305437328157467,0,0.0,0.9509099354891106,3,25.0
1110.0,3,28.0,0.6222222222222222,7.730739488153517,0,0.0,1.0,1,12.0,0.6015109441177298,2,28.0,0.6666344626946431,0,0.0,0.9524615635514834,3,40.0
1115.0,5,52.0,1.1818181818181819,7.424868965368524,0,0.0,1.0,2,22.0,0.4527510753610116,3,42.0,0.6194011142325094,0,0.0,0.9802881181647882,5,64.0
1120.0,10,91.0,2.022222222222222,6.147925796322253,0,0.0,1.0,5,39.0,0.1730066887163974,5,64.0,0.30952675353370457,0,0.0,0.9564326533148426,10,103.0
1125.0,1,7.0,0.15217391304347827,6.318198483863464,0,0.0,1.0,1,7.0,0.3334050886831572,0,23.0,0.36615824484826215,0,0.0,0.9365589633488738,1,30.0
1130.0,2,16.0,0.3404255319148936,7.325382610000328,0,3.0,0.5722298229203147,2,19.0,0.5059901831056066,0,0.0,0.676196347844444,0,0.0,0.9598155898489679,2,22.0
1135.0,3,27.0,0.5625,8.056956949772736,1,9.0,0.3500131876108139,2,32.0,0.6990833542916141,0,6.0,0.9025208895751368,0,0.0,0.9669303612487821,3,47.0
1140.0,3,37.0,0.7708333333333334,7.551504847500314,1,1.0,0.14862466877349875,2,39.0,0.7161871193696422,0,6.0,0.884114801440378,0,0.0,0.9617274996608016,3,46.0
1145.0,6,35.0,0.7291666666666666,7.570242212017749,1,6.0,0.0,2,23.0,0.737244941409743,1,10.0,0.7524659184689899,0,0.0,0.9679335855423081,4,39.0
1150.0,5,51.0,1.0851063829787233,7.828750635097943,1,11.0,0.0,2,33.0,0.7226155639185448,2,19.0,0.6062994045973564,0,0.0,0.9567640302258074,5,63.0
1155.0,6,78.0,1.5918367346938775,7.3162979644073705,1,16.0,0.0,3,45.0,0.5715121360088565,2,29.0,0.45768531621133274,0,0.0,0.8882610897142086,6,90.0
1160.0,8,115.0,2.4468085106382977,6.614106817276097,1,21.0,0.0,4,67.0,0.30812712308164547,3,39.0,0.40440871169720094,0,0.0,0.9093483813477138,8,127.0
1165.0,3,53.0,1.127659574468085,7.01926748280755,0,0.0,1.0,3,56.0,0.32868955575861125,0,10.0,0.6691968970676473,0,0.0,0.9127265691369175,3,66.0
1170.0,3,68.0,1.511111111111111,8.37143326003418,0,0.0,1.0,3,75.0,0.45360833052623534,0,12.0,0.9305236052524212,0,0.0,0.9554072501532374,3,87.0
1175.0,4,85.0,1.9318181818181819,8.4045549022896,0,3.0,0.1868932403534181,3,87.0,0.4902852786507631,0,4.0,0.9223585520949219,0,0.0,0.9350171574077799,3,94.0
1180.0,5,108.0,2.4545454545454546,8.628052234554211,2,13.0,6.462324716289957e-05,3,103.0,0.4636312522351261,0,4.0,0.9660742542829993,0,0.0,0.9460222843841577,5,120.0
1185.0,1,2.0,0.047619047619047616,8.018436301819271,0,0.0,1.0,0,35.0,0.6125692837986046,1,6.0,0.644610169252118,0,0.0,0.9859475462905778,1,41.0
1190.0,2,12.0,0.2857142857142857,9.259161106381574,0,0.0,1.0,0,4.0,0.9401329471195818,2,16.0,0.4965332619108774,0,0.0,0.8907535809303954,2,20.0
1195.0,5,31.0,0.7560975609756098,8.79340549942536,0,0.0,1.0,1,7.0,0.7222535378763478,4,35.0,0.5084403808437202,0,0.0,0.9662296983097336,5,42.0
1200.0,6,58.0,1.45,8.295105620899676,0,0.0,1.0,2,14.0,0.4839227965294476,4,52.0,0.4246992678202699,0,0.0,0.9748170394916724,6,66.0
1205.0,0,0.0,0.0,7.371887068796985,0,0.0,1.0,0,0.0,0.9227782022470924,0,22.0,0.5547411652000575,0,0.0,0.9469210957473408,0,22.0
1210.0,3,10.0,0.23255813953488372,8.03217660704765,0,0.0,0.7981014929988927,1,4.0,0.48572459687254527,0,3.0,0.9560777420469856,0,0.0,0.9581577331616756,1,7.0
1215.0,5,29.0,0.6904761904761905,7.908649528610182,2,6.0,0.006517554639824977,1,12.0,0.7681168753816665,0,6.0,0.9634885586833045,0,0.0,0.9284753464470749,3,24.0
1220.0,8,64.0,1.4883720930232558,7.487396884067141,3,21.0,0.1742496882018805,1,14.0,0.7721302459345836,0,3.0,0.9332261587527633,0,0.0,0.9423523862303527,4,38.0
1225.0,6,60.0,1.3333333333333333,6.841446348625113,0,1.0,0.0564253796304066,0,3.0,0.968911023589939,0,3.0,0.774104068246726,0,0.0,0.9947052529338327,0,7.0
1230.0,7,95.0,2.111111111111111,7.404457378159183,0,0.0,1.0,0,3.0,0.869180707665324,1,8.0,0.7060040488021562,0,0.0,0.9830471470783778,1,11.0
1235.0,9,135.0,3.13953488372093,6.802229182199517,0,0.0,1.0,2,8.0,0.5676166676402621,1,13.0,0.6107891067448785,0,0.0,0.9557416050139642,3,21.0
1240.0,13,196.0,4.355555555555555,6.174527837930077,0,0.0,1.0,3,20.0,0.25877613912906694,2,22.0,0.48985702471713366,0,0.0,0.964544479505145,5,42.0
1245.0,8,162.0,3.5217391304347827,5.8606609046556395,0,0.0,1.0,0,3.0,0.5128456160146143,1,20.0,0.0,0,0.0,0.9368108295005579,1,23.0
1250.0,8,189.0,4.2,6.742313305948892,0,0.0,0.6389990721019226,0,0.0,0.9573082932966629,1,25.0,0.4936140732398345,0,0.0,0.9548257445189923,1,25.0
1255.0,6,109.0,2.422222222222222,7.393136727363883,0,0.0,1.0,0,3.0,0.9875798314708497,1,33.0,0.6391092565585433,0,0.0,0.9970209004608348,1,36.0
1260.0,2,44.0,1.0232558139534884,8.201066877446362,0,0.0,1.0,0,3.0,0.9613975750303142,1,38.0,0.6259664855383601,0,0.0,0.9527788337048132,1,41.0
1265.0,1,40.0,0.8695652173913043,8.670117748929723,0,0.0,1.0,0,3.0,0.9648258892324812,1,43.0,0.7313626636167703,0,0.0,0.9167864619260073,1,46.0
1270.0,1,45.0,1.0227272727272727,8.121032958986474,0,0.0,1.0,0,3.0,0.7162684952488564,1,82.0,0.7739458923161691,0,0.0,0.8437861566467723,1,85.0
1275.0,4,60.0,1.3333333333333333,7.6608399997941925,0,0.0,1.0,2,11.0,0.6744210986467097,2,110.0,0.4511543255315882,0,0.0,0.9299923165379171,4,121.0
1280.0,8,93.0,2.1136363636363638,6.905468406282259,0,0.0,1.0,2,21.0,0.5288286786093988,6,133.0,0.3497157084134182,0,0.0,0.7830119816787432,8,154.0
1285.0,12,151.0,3.511627906976744,6.479242567916767,0,0.0,1.0,4,40.0,0.46227646527870586,7,168.0,0.3329028608036731,1,4.0,0.4941486792801502,12,212.0
1290.0,12,171.0,4.071428571428571,5.226454651783455,0,0.0,1.0,3,27.0,0.26815667059735837,8,205.0,0.09134658459761962,1,9.0,0.4878440536176095,12,241.0
1295.0,13,149.0,3.4651162790697674,5.929343699924744,0,0.0,1.0,4,35.0,0.28036376625415144,8,183.0,0.10589254790717115,1,14.0,0.43610011549806577,13,232.0
1300.0,13,194.0,4.217391304347826,6.815267960063286,0,0.0,1.0,5,94.0,0.25705851070839414,7,129.0,0.23285096923306636,1,19.0,0.6171981305958124,13,242.0
1305.0,14,263.0,5.717391304347826,6.41039768545216,0,0.0,0.950658653066725,5,119.0,0.20923225536415277,8,168.0,0.22528222011179808,1,24.0,0.621321079060209,14,311.0
1310.0,15,338.0,7.041666666666667,6.514937535370808,0,0.0,1.0,5,106.0,0.13579658082595558,9,213.0,0.2376290189605517,1,29.0,0.6677305463001951,15,348.0
1315.0,8,196.0,4.083333333333333,6.123245893141561,0,0.0,1.0,6,131.0,0.1413428893127245,1,101.0,0.5542210524652955,1,34.0,0.6903957769938619,8,266.0
1320.0,5,152.0,3.1666666666666665,7.635907797101356,0,0.0,1.0,5,170.0,0.3547287671883252,0,62.0,0.7541811206750354,0,0.0,0.9436433411646419,5,232.0
1325.0,5,177.0,3.6122448979591835,8.910192574910154,0,0.0,0.7297386160161529,5,195.0,0.5028775448009922,0,0.0,0.8649518443778591,0,0.0,0.9728695750620644,5,195.0
1330.0,5,202.0,4.391304347826087,8.739269670384058,0,0.0,0.03967945474499918,5,215.0,0.5016913099893825,0,10.0,0.9448589710366985,0,0.0,0.9912445034758961,5,225.0
1335.0,9,239.0,4.877551020408164,8.671613651968833,1,4.0,6.583556012281294e-05,6,245.0,0.5286101689282513,1,12.0,0.6636486940859933,0,0.0,0.9462648830842135,8,261.0
1340.0,9,282.0,5.875,7.896427225925929,1,9.0,0.0,6,275.0,0.5001538229451821,2,21.0,0.30390685331795236,0,0.0,0.984897682217161,9,305.0
1345.0,11,332.0,7.0638297872340425,7.2074502655072,1,14.0,0.0,6,310.0,0.40952956677275776,3,31.0,0.3107930679563693,0,0.0,0.9970270609512735,10,355.0
1350.0,12,375.0,8.152173913043478,5.916466496907407,0,0.0,1.0,7,344.0,0.2681744702804992,3,46.0,0.317997737557464,0,0.0,0.9684271264219384,10,390.0
1355.0,4,43.0,0.8958333333333334,5.721289076039805,0,0.0,1.0,1,40.0,0.16749808381368586,1,32.0,0.5614853502790915,0,0.0,0.9559711974733912,2,72.0
1360.0,4,63.0,1.2857142857142858,7.106696202860443,0,0.0,1.0,1,17.0,0.5750861954266571,1,37.0,0.6313862501953643,0,0.0,0.9589715722197951,2,54.0
1365.0,4,45.0,0.9183673469387755,8.169792087691945,0,0.0,1.0,1,16.0,0.786339117101872,1,48.0,0.741817141523429,0,0.0,0.9403605223318211,2,64.0
1370.0,6,68.0,1.3076923076923077,8.271422805752028,0,0.0,1.0,2,22.0,0.6954341219598565,1,53.0,0.8484401661244719,0,0.0,0.9238944793522798,3,75.0
1375.0,2,40.0,0.7843137254901961,8.041168323503285,0,0.0,1.0,1,1.0,0.6088179121997458,1,58.0,0.8418324738686864,0,0.0,0.9742552009327081,2,59.0
1380.0,3,11.0,0.21153846153846154,8.449740148846592,0,0.0,1.0,2,16.0,0.6453928546041181,1,7.0,0.8103868152333672,0,0.0,0.9595640268849607,3,23.0
1385.0,4,27.0,0.574468085106383,8.091887184633254,0,0.0,1.0,3,27.0,0.5360604382974464,1,15.0,0.7283540625273797,0,0.0,0.9927531676256379,4,42.0
1390.0,7,57.0,1.2127659574468086,6.890194141145002,0,0.0,1.0,3,52.0,0.20502256569632746,3,25.0,0.5447072595462235,0,0.0,0.9993468258331728,6,77.0
1395.0,10,93.0,1.9375,6.348135433144616,0,0.0,1.0,4,70.0,0.22338754076933667,6,48.0,0.364912962073557,0,0.0,0.9754942734066353,10,118.0
1400.0,7,84.0,1.7142857142857142,5.966540717605789,0,0.0,1.0,5,93.0,0.18333846087063987,0,25.0,0.5625280145170213,0,0.0,0.9187282906672957,5,118.0
1405.0,6,104.0,2.1666666666666665,7.300722045639406,0,3.0,0.6819897846953262,6,104.0,0.3136523809890885,0,3.0,0.7587003322944833,0,0.0,0.9681877920058793,6,110.0
1410.0,8,142.0,2.84,7.6684732073453326,0,0.0,0.9803720186753787,6,140.0,0.374844570512019,1,5.0,0.6536749366623226,0,0.0,0.9658731163693834,7,145.0
1415.0,9,185.0,3.7755102040816326,6.690408611965168,0,0.0,1.0,6,180.0,0.3261302677889,2,13.0,0.23580414102099143,0,0.0,0.9344205089434182,8,193.0
1420.0,9,215.0,4.215686274509804,6.838310708633601,0,0.0,1.0,8,213.0,0.35027601962436433,1,18.0,0.10370006533071578,0,0.0,0.9612388974655407,9,231.0
1425.0,12,268.0,5.153846153846154,7.149433928705908,0,0.0,1.0,9,244.0,0.22237349360162054,2,24.0,0.0001523488000678587,0,0.0,0.9566811075362193,11,268.0
1430.0,13,326.0,6.150943396226415,6.940129342837484,0,0.0,0.9916407325096508,11,292.0,0.14136179399392892,2,34.0,0.31923689789429277,0,0.0,0.9654575300136481,13,326.0
1435.0,15,395.0,8.404255319148936,6.201630177968956,0,0.0,0.9624932926733268,12,349.0,0.07576552159682451,3,46.0,1.9119061009401315e-05,0,0.0,0.9400470261001003,15,395.0
1440.0,14,446.0,9.291666666666666,5.892024706981815,1,2.0,0.000837289187139186,12,409.0,0.07202099431308095,1,35.0,0.0,0,0.0,0.9622316578509178,14,446.0
1445.0,6,156.0,3.183673469387755,6.430308625979331,1,7.0,0.0,4,188.0,0.2690676853534381,1,40.0,0.4583760553851032,0,0.0,0.9494834859089609,6,235.0
1450.0,6,186.0,3.6470588235294117,7.424960075453055,1,12.0,0.0,4,135.0,0.4584904508680601,1,45.0,0.4795733674341903,0,0.0,0.9234703184462877,6,192.0
1455.0,7,218.0,4.1923076923076925,7.86376160041098,1,17.0,0.0,4,155.0,0.4869357358124233,1,59.0,0.7485650482978672,0,0.0,0.9504169639871612,6,231.0
1460.0,6,246.0,4.555555555555555,8.494849324727493,1,22.0,0.0,4,175.0,0.6120142697244263,1,64.0,0.7283719420391227,0,0.0,0.9520154454185805,6,261.0
1465.0,3,91.0,1.6851851851851851,8.903233170734815,1,27.0,0.0,0,78.0,0.7279957098740604,2,70.0,0.7487254056714436,0,0.0,0.9136582962318605,3,175.0
1470.0,5,112.0,2.074074074074074,8.780413067998333,1,32.0,0.0,1,7.0,0.8109438451913896,2,77.0,0.6659462181726555,0,0.0,0.9235317098002245,4,116.0
1475.0,8,148.0,2.96,7.492918443731852,1,37.0,0.0,2,14.0,0.4049647430920044,3,91.0,0.5597609131294726,0,0.0,0.9320708802832012,6,142.0
1480.0,9,170.0,3.3333333333333335,6.851179648228486,1,42.0,0.0,4,33.0,0.3523607400751606,2,76.0,0.3963444851757906,0,0.0,0.9449152665482957,7,151.0
1485.0,12,221.0,4.25,6.582138690603463,1,48.0,0.3263509381824237,5,57.0,0.19248959610122676,2,86.0,0.24224320504956323,0,0.0,0.9818233890531082,8,191.0
1490.0,14,286.0,5.72,6.245674885943693,1,52.0,0.5074154515523374,7,89.0,0.28536456282595357,2,96.0,0.0,0,0.0,0.996890150058057,10,237.0
1495.0,18,364.0,6.867924528301887,5.6724032432874365,1,57.0,0.0,8,124.0,0.26163598706337365,2,106.0,0.0,0,0.0,0.8952545238075074,11,287.0
1500.0,11,210.0,3.9622641509433962,6.27760630844083,0,0.0,1.0,8,161.0,0.20943858476457355,0,20.0,0.09576894932619165,0,0.0,0.964434103180316,8,181.0
1505.0,4,91.0,1.6851851851851851,7.17855170485603,0,3.0,0.9819398597776982,1,72.0,0.46980206698686633,0,0.0,0.2428074111060986,0,0.0,0.9602570694280561,1,75.0
1510.0,8,122.0,2.3461538461538463,7.200034151609709,0,0.0,1.0,1,27.0,0.7187735537651971,1,5.0,0.0,0,0.0,0.926610559714793,2,32.0
1515.0,12,174.0,3.2830188679245285,7.278520520455173,0,0.0,1.0,1,29.0,0.6403634005011113,1,19.0,0.6834313219994671,0,0.0,0.957851556146619,2,48.0
1520.0,13,225.0,4.591836734693878,6.628336567026042,0,0.0,1.0,1,34.0,0.4818696545554139,0,9.0,0.9091001334392435,0,0.0,0.9630294228805009,1,43.0
1525.0,12,215.0,4.479166666666667,6.617349064454811,0,0.0,1.0,0,3.0,0.8033268420294597,0,9.0,0.965895340796043,0,0.0,0.98045627627902,0,12.0
1530.0,9,200.0,4.25531914893617,7.357004967342308,0,0.0,1.0,0,3.0,0.9719998874076097,0,9.0,0.9612903698597236,0,0.0,0.9404418301486719,0,12.0
1535.0,5,73.0,1.4313725490196079,7.372158126947208,0,0.0,1.0,1,26.0,0.7390303832910797,0,9.0,0.960737680238512,0,0.0,0.9120662636646621,1,35.0
1540.0,10,68.0,1.446808510638298,6.107955515263722,0,0.0,1.0,1,25.0,0.7866230886699768,1,10.0,0.6328973845352073,0,0.0,0.8338696573424218,2,35.0
1545.0,12,72.0,1.5,6.456893971636039,0,0.0,1.0,1,15.0,0.7862178496001965,3,21.0,0.3201287192683012,0,0.0,0.9798627659616582,4,36.0
1550.0,16,135.0,2.7551020408163267,6.147360266196098,0,0.0,1.0,1,20.0,0.739402322191417,5,42.0,0.21845297419550364,0,0.0,0.9660046933083145,6,62.0
1555.0,18,218.0,4.36,5.217810515954673,0,0.0,1.0,3,30.0,0.4403815194548374,5,67.0,0.12657429701546632,0,0.0,0.9419248713963766,8,97.0
1560.0,15,151.0,3.02,4.84786244139289,0,0.0,1.0,7,58.0,0.33234321411964884,2,22.0,0.24681025514044858,0,0.0,0.96930933796104,9,80.0
1565.0,11,144.0,3.130434782608696,4.967716926353698,0,0.0,1.0,7,96.0,0.32203742655652684,2,32.0,0.0,0,0.0,0.9573447379860305,9,128.0
1570.0,10,135.0,2.7551020408163267,6.0414341128485365,0,0.0,0.7773623027648517,6,101.0,0.286748580803797,2,42.0,0.0,0,0.0,0.9503105263540177,8,143.0
1575.0,14,196.0,3.92,6.8345809859158795,0,0.0,1.0,7,131.0,0.3068574344408649,2,52.0,0.4637201479943973,0,0.0,0.9538704478081574,9,183.0
1580.0,15,239.0,4.686274509803922,6.800591064368168,0,0.0,1.0,7,184.0,0.36782008059455107,4,72.0,0.31241191511798183,0,0.0,0.9531694296350168,11,256.0
1585.0,15,283.0,5.4423076923076925,6.491980235099774,0,0.0,1.0,9,222.0,0.34095380695704397,4,81.0,0.013005922943316447,0,0.0,0.9839666436630086,13,303.0
1590.0,6,105.0,2.0588235294117645,6.205060902519165,0,0.0,1.0,0,28.0,0.4305071364519075,6,105.0,8.082570595554127e-05,0,0.0,0.9731414736603363,6,133.0
1595.0,6,135.0,2.872340425531915,6.562252037109605,0,0.0,1.0,0,7.0,0.45253380375483376,6,135.0,0.0,0,0.0,0.9849054541399567,6,142.0
1600.0,5,68.0,1.5813953488372092,6.992336044044602,0,0.0,1.0,1,12.0,0.627053475567311,4,113.0,0.4039473876449679,0,0.0,0.933872209651792,5,125.0
1605.0,8,83.0,1.8043478260869565,7.085260944939803,0,0.0,1.0,1,17.0,0.569763061095612,4,72.0,0.4506948044713239,0,0.0,0.9870579441139198,5,89.0
1610.0,12,123.0,2.6739130434782608,7.253734487713516,0,0.0,1.0,1,4.0,0.76206226067498,4,89.0,0.4903071828194544,0,0.0,0.9507769396578655,5,93.0
1615.0,14,188.0,4.0,6.613005556312983,0,0.0,1.0,2,11.0,0.6252502958143277,4,112.0,0.4986909148024548,0,0.0,0.9714464560764561,6,123.0
1620.0,13,169.0,3.840909090909091,5.792840673868233,0,0.0,1.0,2,21.0,0.3313183902603785,1,69.0,0.6946919131388778,0,0.0,0.9530313889585422,3,90.0
1625.0,14,196.0,4.170212765957447,6.424314527021552,0,0.0,1.0,5,45.0,0.38655108926617826,0,34.0,0.7239817204275584,0,0.0,0.9147987093297408,5,79.0
1630.0,12,241.0,5.127659574468085,6.959894264448017,0,0.0,1.0,3,50.0,0.6655042609007777,0,3.0,0.9550286858322166,0,0.0,0.9836435769911482,3,53.0
1635.0,12,301.0,6.142857142857143,6.7318658562664115,0,0.0,1.0,3,65.0,0.5949476616746812,0,3.0,0.9191763297996626,0,0.0,0.945768227313806,3,68.0
1640.0,15,371.0,7.42,5.957075294357705,0,0.0,1.0,4,85.0,0.5486204796579907,0,9.0,0.7653935071187368,0,0.0,0.9544873296759961,4,94.0
1645.0,15,355.0,6.96078431372549,5.860258536231881,0,0.0,1.0,4,164.0,0.5700078994689515,1,11.0,0.7266752284873154,0,0.0,0.9604717987497479,5,175.0
1650.0,9,283.0,5.66,6.3489879928844175,0,0.0,1.0,0,112.0,0.6563260458792486,1,16.0,0.6823407985760696,0,0.0,0.9896499401406966,1,128.0
1655.0,14,341.0,6.959183673469388,5.464650813471053,0,0.0,1.0,1,12.0,0.6008270618580039,3,23.0,0.49440067256760073,0,0.0,0.9368031209947066,4,35.0
1660.0,14,402.0,7.730769230769231,5.370190032564569,0,0.0,1.0,3,22.0,0.08489285102623244,2,37.0,0.6775244513222497,0,0.0,0.9854005601328375,5,59.0
1665.0,17,478.0,9.372549019607844,5.341381361747574,0,0.0,1.0,6,47.0,0.09439811299034628,3,50.0,0.42329402389340937,0,0.0,0.9417409990710485,9,97.0
1670.0,17,433.0,8.326923076923077,5.01751303274815,0,0.0,1.0,6,76.0,0.13315820443141807,5,74.0,0.24596688038739994,0,0.0,0.9209442275829329,11,150.0
1675.0,13,216.0,4.235294117647059,5.120454815736518,0,0.0,1.0,6,106.0,0.24497190920154288,6,101.0,0.20799905727023343,0,0.0,0.9374395375750647,12,207.0
1680.0,7,138.0,2.76,5.360413155761044,0,0.0,1.0,6,136.0,0.29324720280793165,1,19.0,0.3738357904009729,0,0.0,0.9390445061123315,7,155.0
1685.0,7,173.0,3.5306122448979593,6.170467370473451,0,6.0,0.5516725754366517,6,169.0,0.2757367665639497,1,96.0,0.5915848591681705,0,0.0,0.9618560248499826,7,271.0
1690.0,3,20.0,0.4,6.105343179325392,0,6.0,0.14739924826172154,0,30.0,0.657478281031545,2,100.0,0.2819805900850762,0,0.0,0.9826660618919822,2,136.0
1695.0,5,43.0,0.8269230769230769,7.242867373808121,2,16.0,0.020547775052924808,0,6.0,0.8737223285324741,2,113.0,0.3194672386195651,0,0.0,0.9504630776290619,4,135.0
1700.0,6,64.0,1.2307692307692308,7.779475383509791,3,28.0,0.0020393874864709518,0,6.0,0.9361289018946922,2,190.0,0.5923267966028677,0,0.0,0.9395033889146749,5,224.0
1705.0,7,57.0,1.0961538461538463,7.593563507864264,3,42.0,0.0008304217989260823,1,8.0,0.6744314205433569,2,170.0,0.6527800041358031,0,0.0,0.9889652384093603,6,220.0
1710.0,3,30.0,0.5769230769230769,8.26466957314753,0,10.0,0.025902405746649367,0,45.0,0.8241978301089232,3,181.0,0.4813685431894221,0,0.0,0.9232288173776102,3,236.0
1715.0,5,49.0,0.9245283018867925,7.976556864380348,0,0.0,1.0,0,42.0,0.5158676428884041,5,200.0,0.4320895005266123,0,0.0,0.95998791643124,5,242.0
1720.0,10,93.0,1.86,7.406906213351422,0,0.0,1.0,4,23.0,0.3195814150843866,6,227.0,0.41460435546471913,0,0.0,0.9283313856821671,10,250.0
1725.0,11,147.0,2.8823529411764706,6.555716513451435,0,0.0,1.0,4,43.0,0.1969557145045707,7,261.0,0.30765971599364045,0,0.0,0.5111977483804543,11,304.0
1730.0,6,108.0,2.0,7.037519105944843,0,0.0,1.0,0,0.0,0.18465805232700197,4,262.0,0.27984892115302806,1,5.0,0.6318862897950686,5,267.0
1735.0,4,103.0,1.9074074074074074,8.082646160880966,0,3.0,0.6192463989489462,0,3.0,0.7431577671083601,3,263.0,0.5001119590240853,0,0.0,0.95275778179767,3,269.0
1740.0,3,117.0,2.25,8.00031485311542,0,0.0,1.0,0,6.0,0.9449277840951201,3,268.0,0.538585202865797,0,0.0,0.9611657603410007,3,274.0
1745.0,4,133.0,2.607843137254902,8.233942529036621,0,0.0,0.9317233752569684,1,7.0,0.7263775893852246,3,289.0,0.45260787233704874,0,0.0,0.9983064127286666,4,296.0
1750.0,5,55.0,1.0576923076923077,8.183538484114854,0,0.0,1.0,1,12.0,0.8101728947093534,2,163.0,0.4699277455829715,0,0.0,0.9513392709217582,3,175.0
1755.0,3,23.0,0.45098039215686275,7.853650591116593,0,0.0,1.0,0,6.0,0.7642983000541332,0,16.0,0.7181230269407978,0,0.0,0.9433153654969639,0,22.0
1760.0,9,57.0,1.2127659574468086,7.124696936614499,0,0.0,1.0,1,11.0,0.776916299252337,1,5.0,0.32597148992779545,0,0.0,0.9728940541627024,2,16.0
1765.0,11,107.0,2.276595744680851,7.038085432447338,0,0.0,1.0,2,19.0,0.5499460674210324,2,12.0,0.33230694680667267,0,0.0,0.9383364328094311,4,31.0
1770.0,11,142.0,3.227272727272727,5.795157983349444,0,0.0,1.0,4,28.0,0.2253539758361506,0,0.0,1.0,0,0.0,0.9821345654634088,4,28.0
1775.0,9,164.0,3.9047619047619047,5.187813961257662,0,0.0,0.6324908973365474,0,3.0,0.8259915895196367,0,0.0,1.0,0,0.0,0.9849647599616383,0,3.0
1780.0,7,163.0,4.075,6.201148929579967,0,0.0,1.0,0,3.0,0.868069388424653,0,0.0,1.0,0,0.0,0.9354112415738656,0,3.0
1785.0,6,183.0,4.357142857142857,7.393188060963321,0,0.0,1.0,0,3.0,0.9871770107418619,0,6.0,0.9568089506901849,0,0.0,0.9487751066493582,0,9.0
1790.0,5,168.0,3.9069767441860463,7.3982640994331605,0,0.0,1.0,0,3.0,0.9462689582304838,0,6.0,0.8129232194052046,0,0.0,0.9576151737630227,0,9.0
1795.0,3,9.0,0.2,7.378804315476693,0,0.0,1.0,0,3.0,0.9717546239508157,1,9.0,0.7281972918228248,0,0.0,0.933351030200277,1,12.0
1800.0,1,8.0,0.17777777777777778,7.914741936156545,0,0.0,1.0,0,3.0,0.9377709149529485,1,14.0,0.7246776429421273,0,0.0,0.9197151380412782,1,17.0
1805.0,1,13.0,0.29545454545454547,7.871944302029945,0,0.0,1.0,0,3.0,0.5646850381192146,1,19.0,0.6138953711654782,0,0.0,0.9839139576281027,1,22.0
1810.0,3,10.0,0.25,8.049584254505138,0,0.0,1.0,3,13.0,0.38694030763522197,0,3.0,0.6728397605401607,0,0.0,0.9871234097292585,3,16.0
1815.0,1,2.0,0.04878048780487805,7.960183559916855,0,0.0,1.0,0,0.0,0.5262395862209923,0,0.0,0.9423073950248025,0,0.0,0.9700645836508768,0,0.0
1820.0,1,4.0,0.09523809523809523,9.156014689820568,0,0.0,1.0,1,7.0,0.710280525484558,0,0.0,1.0,0,0.0,0.9677018630240426,1,7.0
1825.0,2,11.0,0.2391304347826087,9.170796488990085,0,0.0,1.0,1,12.0,0.7333582294124514,0,26.0,0.9418084520153117,0,0.0,0.9806985317927486,1,38.0
1830.0,2,15.0,0.3333333333333333,7.786115092701729,0,0.0,1.0,1,17.0,0.7267499602438889,0,3.0,0.6221121910418341,0,0.0,0.9900020698694922,1,20.0
1835.0,4,32.0,0.6956521739130435,8.007480217178838,0,0.0,1.0,1,44.0,0.7983613503691184,1,16.0,0.8037382811055903,0,0.0,0.9747880846219927,2,60.0
1840.0,8,65.0,1.3265306122448979,6.961430995670355,0,0.0,0.15472554256224524,1,49.0,0.8024470310332283,2,14.0,0.5689636606383253,0,0.0,0.9701876610551732,3,63.0
1845.0,5,42.0,0.9130434782608695,6.777918495750613,1,5.0,0.0,0,25.0,0.6976902561956876,2,24.0,0.5707870772905881,0,0.0,0.9326039991163924,3,54.0
1850.0,4,37.0,0.8222222222222222,7.028827818036374,1,10.0,0.0,2,11.0,0.6367639291012724,1,22.0,0.3842367429215946,0,0.0,0.9303062710001073,4,43.0
1855.0,6,65.0,1.4130434782608696,7.74978281255225,1,18.0,0.10403951154004089,2,22.0,0.6693520025308222,3,35.0,0.3979751424713265,0,0.0,0.956537727807053,6,75.0
1860.0,7,79.0,1.7954545454545454,7.878271884337837,0,0.0,1.0,3,32.0,0.5471581597977544,4,62.0,0.40510537508610145,0,0.0,0.950270907131419,7,94.0
1865.0,7,114.0,2.590909090909091,7.465118076496162,0,0.0,1.0,3,47.0,0.5433022964392554,4,82.0,0.22061544822061777,0,0.0,0.9252823239957778,7,129.0
1870.0,5,63.0,1.3695652173913044,6.4422893068519045,0,0.0,1.0,4,63.0,0.1553698131626268,1,15.0,0.3726277575050074,0,0.0,0.9332838081568665,5,78.0
1875.0,7,98.0,2.0416666666666665,6.839029783292474,0,0.0,1.0,6,99.0,0.3271754920910536,1,17.0,0.4832194284876975,0,0.0,0.9590318428099924,7,116.0
1880.0,10,142.0,3.1555555555555554,7.108150035033015,0,0.0,0.6530368206566817,7,131.0,0.4431304952732269,1,22.0,0.475535025148017,0,0.0,0.9451156138491221,8,153.0
1885.0,6,41.0,0.8913043478260869,6.44223414222741,0,0.0,1.0,1,36.0,0.6040021863535637,1,27.0,0.0,0,0.0,0.9736447981637862,2,63.0
1890.0,9,82.0,1.7826086956521738,7.363677201931056,0,0.0,1.0,2,15.0,0.729221543373243,1,32.0,0.0,0,0.0,0.9554885576892185,3,47.0
1895.0,9,117.0,2.4893617021276597,7.480175209061953,0,0.0,1.0,2,25.0,0.669053493381161,1,43.0,0.7153298063152702,0,0.0,0.980685458696193,3,68.0
1900.0,5,66.0,1.4666666666666666,7.136674940232356,0,0.0,1.0,3,37.0,0.6111206826206694,2,50.0,0.4788566381860355,0,0.0,0.9623200044997677,5,87.0
1905.0,5,91.0,2.116279069767442,8.069642853269757,0,0.0,1.0,3,49.0,0.5947039806039867,2,60.0,0.5820953191031113,0,0.0,0.9422704231936198,5,109.0
1910.0,4,27.0,0.6136363636363636,7.72350313893923,0,0.0,1.0,3,54.0,0.4370583796870737,1,15.0,0.6043031942536672,0,0.0,0.9608219704037448,4,69.0
1915.0,4,29.0,0.7073170731707317,7.9599109375145005,0,0.0,1.0,3,31.0,0.4076367069717866,1,20.0,0.5794503313149761,0,0.0,0.9430525706874642,4,51.0
1920.0,6,59.0,1.4390243902439024,7.7961925236295,0,0.0,1.0,4,35.0,0.40525360917857345,2,36.0,0.5171482808426582,0,0.0,0.9650288190358336,6,71.0
1925.0,8,97.0,2.3095238095238093,7.519408243539539,0,0.0,1.0,4,55.0,0.31010891371832666,4,54.0,0.4061693975304985,0,0.0,0.9773752807295943,8,109.0
1930.0,6,71.0,1.6511627906976745,6.781120965438176,0,0.0,1.0,1,68.0,0.1113018629019709,5,79.0,0.41152607055893703,0,0.0,0.9701888287627554,6,147.0
1935.0,5,95.0,2.159090909090909,7.00568093530652,0,0.0,1.0,0,0.0,0.8353318676513473,5,104.0,0.4626226213196609,0,0.0,0.9300128564409992,5,104.0
1940.0,8,126.0,2.8636363636363638,6.811478707634968,0,0.0,1.0,0,9.0,0.7713748779137489,6,131.0,0.44413237141973977,0,0.0,0.9894453988238002,6,140.0
1945.0,9,168.0,3.7333333333333334,6.792177058032782,0,0.0,1.0,0,9.0,0.7103299178120929,8,165.0,0.46809644556889074,0,0.0,0.9862146787312717,8,174.0
1950.0,2,13.0,0.30952380952380953,7.108550339390438,0,0.0,1.0,1,13.0,0.5639740774263075,1,54.0,0.6197053746165901,0,0.0,0.9125918164716759,2,67.0
1955.0,3,14.0,0.35,7.385476247917458,0,3.0,0.7053764588290902,3,29.0,0.4561036681165209,0,10.0,0.6174038586474921,0,0.0,0.9457733069420966,3,42.0
1960.0,3,29.0,0.7073170731707317,8.140728029237188,0,0.0,0.737151786845395,3,47.0,0.5245797701084436,0,1.0,0.9442290284914611,0,0.0,0.9145641125008408,3,48.0
1965.0,6,55.0,1.3095238095238095,7.928826490652697,0,0.0,1.0,5,68.0,0.44080733148478984,0,1.0,0.9027655492522424,0,0.0,0.9530529254676386,5,69.0
1970.0,4,62.0,1.441860465116279,7.983051517684015,0,0.0,0.9594812428977162,3,64.0,0.5896877252934059,0,0.0,1.0,0,0.0,0.9674798311896595,3,64.0
1975.0,3,67.0,1.5227272727272727,7.9235844364927885,0,0.0,1.0,3,79.0,0.5466467856452399,0,0.0,0.08563836484612161,0,0.0,0.9415390825155586,3,79.0
1980.0,5,88.0,2.0952380952380953,8.147754631599577,0,0.0,1.0,4,97.0,0.5425427064406341,1,9.0,0.6494876348099422,0,0.0,0.9367250656361404,5,106.0
1985.0,6,117.0,2.7209302325581395,8.524092557057873,0,0.0,1.0,4,114.0,0.6104021045366913,2,18.0,0.4785253624414949,0,0.0,0.9658080688124513,6,132.0
1990.0,10,155.0,3.7804878048780486,6.454628530725894,0,0.0,1.0,8,142.0,0.22620200793885872,2,25.0,0.6117280683025492,0,0.0,0.9814255213290275,10,167.0
1995.0,14,218.0,5.7368421052631575,5.562107205387818,0,0.0,1.0,10,190.0,0.15045109007981983,4,40.0,0.31581915570425534,0,0.0,0.9597231271943928,14,230.0
2000.0,15,293.0,7.146341463414634,5.18523308551129,0,0.0,1.0,11,245.0,0.02478882247691806,4,60.0,0.2689132663709364,0,0.0,0.9628329076175681,15,305.0
2005.0,18,380.0,9.268292682926829,4.848521364164439,0,0.0,1.0,13,310.0,0.03624120976746056,5,79.0,0.34692771783104936,0,0.0,0.9514131535269912,18,389.0
2010.0,16,282.0,6.878048780487805,4.910521490252373,0,0.0,1.0,9,241.0,0.09247512456899766,7,106.0,0.11532321593896341,0,0.0,0.959548425464399,16,347.0
2015.0,6,144.0,3.4285714285714284,6.611339721795686,0,0.0,1.0,5,155.0,0.2698909525953607,1,55.0,0.3525798679260885,0,0.0,0.9985036177902631,6,210.0
2020.0,7,175.0,4.069767441860465,7.8032766468699775,0,3.0,0.5190329122736606,5,156.0,0.4774037273127874,2,28.0,0.32166794789671416,0,0.0,0.9916812412048657,7,187.0
2025.0,7,210.0,4.7727272727272725,8.583289083433122,0,0.0,1.0,5,181.0,0.5448354969947274,2,38.0,0.3109024254280763,0,0.0,0.9680845805232067,7,219.0
2030.0,6,52.0,1.1818181818181819,7.201180040915971,0,0.0,1.0,4,200.0,0.3688692271849523,2,48.0,0.3081718573142324,0,0.0,0.9788867535250039,6,248.0
2035.0,5,33.0,0.717391304347826,7.688855644880839,0,0.0,1.0,3,24.0,0.5684036966625474,1,16.0,0.6199391346530273,0,0.0,0.9447192570848103,4,40.0
2040.0,4,51.0,1.1333333333333333,8.5453960132641,0,0.0,1.0,3,39.0,0.6247268296727478,1,21.0,0.7239081029384997,0,0.0,0.9908268686508148,4,60.0
2045.0,4,71.0,1.5777777777777777,8.283266009042151,0,0.0,1.0,3,54.0,0.5981526487347464,1,26.0,0.5534026037512807,0,0.0,0.9409955971359696,4,80.0
2050.0,7,104.0,2.311111111111111,8.411089720073482,0,0.0,1.0,3,71.0,0.549086353576705,4,44.0,0.5645652071104336,0,0.0,0.947389839859305,7,115.0
2055.0,7,105.0,2.234042553191489,7.71406401931389,0,0.0,1.0,4,85.0,0.3179552064714902,3,28.0,0.5479975985160948,0,0.0,0.949900701021661,7,113.0
2060.0,9,146.0,3.0416666666666665,7.435104964330627,0,0.0,1.0,4,105.0,0.2736552511140125,5,49.0,0.46064329074592353,0,0.0,0.9690328401714569,9,154.0
2065.0,13,204.0,4.340425531914893,6.546098118234563,0,0.0,0.9881914292589983,6,131.0,0.12204076983245285,7,81.0,0.201158126252188,0,0.0,0.9482960176859622,13,212.0
2070.0,16,281.0,5.854166666666667,5.786095033281282,0,0.0,1.0,7,163.0,0.12065718722992433,9,126.0,0.17480772806312667,0,0.0,0.9417285547890631,16,289.0
2075.0,12,234.0,4.9787234042553195,5.289244490099614,0,0.0,1.0,6,176.0,0.23784142751394044,5,95.0,0.13726312827382275,0,0.0,0.9662123651650535,11,271.0
2080.0,13,283.0,6.1521739130434785,5.901635132681655,0,3.0,0.5547234305253306,6,209.0,0.3523306159788875,4,84.0,0.11495855008066735,0,0.0,0.9454356850470755,10,296.0
2085.0,13,348.0,7.404255319148936,6.478374625684118,0,0.0,0.75970070789233,6,239.0,0.42415232978519857,4,94.0,0.30399511027375076,0,0.0,0.985868397168177,10,333.0
2090.0,15,422.0,8.791666666666666,6.186918824540721,0,0.0,1.0,6,269.0,0.3675096805802756,4,114.0,0.41539576188629884,0,0.0,0.9721464395181219,10,383.0
2095.0,17,505.0,10.306122448979592,5.881298824797784,0,0.0,1.0,7,303.0,0.3794185630644544,4,134.0,0.4726389811068845,0,0.0,0.991347043235339,11,437.0
2100.0,20,596.0,11.686274509803921,5.599036526572438,0,0.0,1.0,7,338.0,0.4383841647690666,5,156.0,0.3661787714694279,0,0.0,0.9482795653712041,12,494.0
2105.0,17,617.0,11.865384615384615,5.800354440598346,0,0.0,1.0,7,373.0,0.3722625765200828,5,181.0,0.3527171220377403,0,0.0,0.9674036075697025,12,554.0
2110.0,21,704.0,13.803921568627452,4.910155077784694,0,0.0,1.0,11,418.0,0.17407941399181062,6,209.0,0.06241744471278273,0,0.0,0.8771070514494174,17,627.0
2115.0,23,811.0,15.596153846153847,4.289058161427411,0,0.0,1.0,11,464.0,0.13872009292641244,7,244.0,0.09795817376295662,0,0.0,0.9909900553568416,18,708.0
2120.0,16,743.0,14.568627450980392,4.817818300586003,0,0.0,1.0,11,519.0,0.12388875262437421,4,231.0,0.00680148240506277,0,0.0,0.9692039380517099,15,750.0
2125.0,16,819.0,14.89090909090909,5.749197077553622,0,3.0,0.597203076955793,12,576.0,0.10568584730097544,4,254.0,0.3230250327790534,0,0.0,0.96592612476655,16,833.0
2130.0,17,901.0,15.807017543859649,6.5006574396232795,0,0.0,0.6647566872779561,12,639.0,0.22172456849873523,5,276.0,0.3631775317805584,0,0.0,0.9418746062807204,17,915.0
2135.0,13,597.0,10.473684210526315,7.186805829543621,0,0.0,1.0,8,485.0,0.3159783288319517,5,301.0,0.39716982878923157,0,0.0,0.9809042209360633,13,786.0
2140.0,3,157.0,2.8035714285714284,8.16454536811133,0,0.0,1.0,0,177.0,0.49448450950012196,3,241.0,0.423135033474104,0,0.0,0.9695130735240026,3,418.0
2145.0,2,4.0,0.07407407407407407,9.627959830997154,0,0.0,1.0,1,50.0,0.6162434320359378,0,88.0,0.7635685034485641,0,0.0,0.979483438503902,1,138.0
2150.0,2,9.0,0.18,8.736464266709474,0,0.0,1.0,1,10.0,0.7311221184216232,1,5.0,0.4764821800087189,0,0.0,0.9721578817290715,2,15.0
2155.0,5,19.0,0.40425531914893614,7.323555103492198,0,0.0,1.0,0,13.0,0.4882089812476978,5,22.0,0.3320867338675818,0,0.0,0.9858365718340334,5,35.0
2160.0,3,29.0,0.6304347826086957,7.533121470451254,0,0.0,1.0,0,0.0,0.7684010818521262,3,37.0,0.4835340679475122,0,0.0,0.9975810420304653,3,37.0
2165.0,3,44.0,0.9565217391304348,8.397949351123053,0,0.0,1.0,0,0.0,0.9467498007554186,3,48.0,0.5529901623960841,0,0.0,0.9569577232100729,3,48.0
2170.0,3,59.0,1.2553191489361701,8.568719607605109,0,0.0,1.0,0,0.0,0.924450001035846,3,66.0,0.6022896079071428,0,0.0,0.9391237645772469,3,66.0
2175.0,5,81.0,1.653061224489796,7.939578353228243,0,0.0,1.0,0,7.0,0.9591642406611903,5,88.0,0.5333414554108586,0,0.0,0.9213428190208621,5,95.0
2180.0,3,15.0,0.30612244897959184,8.104480589362511,0,0.0,1.0,0,7.0,0.9611355503171776,2,14.0,0.6632945333309492,0,0.0,0.97427888453796,2,21.0
2185.0,5,35.0,0.7142857142857143,7.604532463890246,0,6.0,0.48006887278509847,0,6.0,0.4934282387277155,4,28.0,0.41727046568060266,0,0.0,0.9612674470394491,4,40.0
2190.0,7,58.0,1.2340425531914894,8.081821126347197,0,0.0,0.9563106912534647,3,19.0,0.490473589825828,4,48.0,0.31868457560187274,0,0.0,0.981688997609933,7,67.0
2195.0,6,83.0,1.8043478260869565,8.507034668814828,0,0.0,1.0,2,24.0,0.6352684160280516,4,68.0,0.19229166340679998,0,0.0,0.9874309630114094,6,92.0
2200.0,6,113.0,2.3541666666666665,8.912638237795631,0,0.0,1.0,2,34.0,0.6389201467393029,4,88.0,0.3177049361096123,0,0.0,0.9883526782022864,6,122.0
2205.0,5,125.0,2.840909090909091,9.012151317537006,0,0.0,1.0,1,27.0,0.632722459944005,4,117.0,0.4721129892860206,0,0.0,0.9362390430094383,5,144.0
2210.0,9,161.0,3.659090909090909,7.526696491246789,0,0.0,1.0,2,37.0,0.6416314468601847,6,142.0,0.2887940628981752,0,0.0,0.9299551307748584,8,179.0
2215.0,12,211.0,4.688888888888889,6.494988105133096,0,0.0,1.0,4,49.0,0.2827393197917076,7,177.0,0.2197869217662423,0,0.0,0.9445642027180828,11,226.0
2220.0,13,271.0,6.022222222222222,6.593854676137742,0,0.0,1.0,5,73.0,0.32305591276581064,7,212.0,0.22155369145441872,0,0.0,0.9426823764593409,12,285.0
2225.0,15,340.0,7.7272727272727275,5.984697218310492,0,0.0,1.0,6,99.0,0.24114199116566382,7,247.0,0.19277436230171177,0,0.0,0.9674068707769085,13,346.0
2230.0,15,303.0,6.733333333333333,5.279223748798561,0,0.0,1.0,6,129.0,0.20391204769818208,7,224.0,0.1228037205897366,0,0.0,0.9541648462242489,13,353.0
2235.0,9,160.0,3.3333333333333335,6.105368375455413,0,0.0,1.0,3,92.0,0.4573495680955241,3,143.0,0.11487890161523596,0,0.0,0.9614961190348202,6,235.0
2240.0,12,216.0,4.408163265306122,6.984167751233216,0,0.0,1.0,3,107.0,0.4320062544846928,5,88.0,0.28782713140756633,0,0.0,0.9454593078664381,8,195.0
2245.0,10,218.0,4.448979591836735,7.208808472406551,0,0.0,0.9268575944367684,4,126.0,0.45952912310796246,6,96.0,0.36616477956832216,0,0.0,0.9259840326152986,10,222.0
2250.0,5,148.0,3.0833333333333335,6.940876703761209,1,3.0,6.689917353200747e-05,4,146.0,0.47480212746779205,0,17.0,0.5924642288310666,0,0.0,0.4957615601250832,5,166.0
2255.0,4,15.0,0.29411764705882354,6.695170359295233,1,14.0,0.41362996012282593,0,49.0,0.573417328805175,3,10.0,0.3450153154153491,0,0.0,0.9753846674883064,4,73.0
2260.0,6,43.0,0.8269230769230769,7.256713408388397,1,19.0,0.033048763693457744,1,13.0,0.8204516074634577,4,29.0,0.3245936198263002,0,0.0,0.9904578516148401,6,61.0
2265.0,7,77.0,1.6041666666666667,7.537063465128251,2,28.0,0.004671376472351644,1,18.0,0.8421730994825908,4,49.0,0.38204128677661375,0,0.0,0.9508284152673924,7,95.0
2270.0,6,49.0,1.0425531914893618,6.995783997125369,0,6.0,0.07077435120511547,2,25.0,0.6970205601608724,4,52.0,0.174005568134299,0,0.0,0.9535894092435968,6,83.0
2275.0,3,34.0,0.7555555555555555,6.969165648281809,0,3.0,0.9899940642001802,0,9.0,0.9375581494338363,3,37.0,0.2670245475749947,0,0.0,0.977037666722798,3,49.0
2280.0,5,54.0,1.148936170212766,7.42608376792426,0,0.0,1.0,1,10.0,0.8331355417135433,4,56.0,0.1780972190883741,0,0.0,0.9436427239937263,5,66.0
2285.0,5,79.0,1.6808510638297873,7.581161624598965,0,0.0,1.0,1,5.0,0.7413732849469395,4,80.0,0.4081203463902642,0,0.0,0.980477142534943,5,85.0
2290.0,3,49.0,1.0425531914893618,7.825003416217795,0,0.0,1.0,2,16.0,0.4771622683616409,1,40.0,0.6723535536631706,0,0.0,0.9620803204159548,3,56.0
2295.0,3,64.0,1.3617021276595744,7.442873642713437,0,6.0,0.5822368096015357,2,25.0,0.41448368785207956,1,45.0,0.6007297968066385,0,0.0,0.9512514149221083,3,76.0
2300.0,6,84.0,1.8666666666666667,7.315976058146047,2,8.0,0.034530755630201394,3,38.0,0.47064073242943016,1,50.0,0.7681016666686288,0,0.0,0.9228495128903302,6,96.0
2305.0,7,117.0,2.6,7.688267445607212,3,21.0,0.00011267912439518356,3,53.0,0.48296931945802263,1,60.0,0.794714734888453,0,0.0,0.9849773190211843,7,134.0
2310.0,7,152.0,3.8,7.274170840189143,3,36.0,0.0,3,68.0,0.4944259995115348,1,60.0,0.6052836885498359,0,0.0,0.9704224500065297,7,164.0
2315.0,9,177.0,4.538461538461538,6.80643731993619,3,51.0,0.0,2,71.0,0.5058525126474117,4,73.0,0.34274784849196754,0,0.0,0.9801211625351297,9,195.0
2320.0,13,231.0,5.775,6.057565347018516,3,66.0,0.0,3,88.0,0.5204801208749658,6,95.0,0.14428723877201113,0,0.0,0.9341970136186697,12,249.0
2325.0,15,298.0,6.7727272727272725,5.98205377209007,3,81.0,0.21860130296257643,3,100.0,0.37726082345749584,6,125.0,0.1375239343860157,0,0.0,0.9673460664246245,12,306.0
2330.0,16,286.0,6.651162790697675,4.838096262275252,4,97.0,0.0004828543892254279,4,113.0,0.3285010572636597,4,78.0,0.28311780841759354,0,0.0,0.9423836568394868,12,288.0
2335.0,12,317.0,7.372093023255814,5.78450395196682,4,117.0,0.0,4,133.0,0.36805650917004645,4,82.0,0.2646030758272832,0,0.0,0.9380919282745163,12,332.0
2340.0,6,151.0,3.511627906976744,6.201392574216497,0,37.0,0.055005266374727343,1,62.0,0.613684230471447,4,102.0,0.43323190323090405,0,0.0,0.9387247079340686,5,201.0
2345.0,6,177.0,4.116279069767442,7.060947017140712,0,0.0,1.0,1,57.0,0.7433347485646552,5,124.0,0.23396997705866374,0,0.0,0.9295550757493483,6,181.0
2350.0,1,62.0,1.441860465116279,7.22235556416155,0,0.0,1.0,1,62.0,0.5599309374846759,0,6.0,0.4437997635035442,0,0.0,0.9192041980679955,1,68.0
2355.0,3,76.0,1.7674418604651163,7.577056401439793,0,6.0,0.5763302413737684,2,72.0,0.6086547121477712,1,4.0,0.6039061195902631,0,0.0,0.9903377685826182,3,82.0
2360.0,5,97.0,2.1555555555555554,8.512211067637615,0,0.0,0.6874211687299872,2,88.0,0.7529880361921186,1,9.0,0.48823471828173465,0,0.0,0.9704652309325901,3,97.0
2365.0,5,122.0,2.8372093023255816,8.364934176943676,0,0.0,1.0,2,98.0,0.5654423099960237,1,14.0,0.6436921465787061,0,0.0,0.9717081769470653,3,112.0
2370.0,6,138.0,3.3658536585365852,7.492033142677569,0,0.0,1.0,4,118.0,0.41614170370829645,0,0.0,0.6396289230581118,0,0.0,0.9539081082166915,4,118.0
2375.0,6,141.0,3.710526315789474,7.797296280353814,0,0.0,1.0,5,142.0,0.47036466678578465,1,5.0,0.47589703725887955,0,0.0,0.9915539813777127,6,147.0
2380.0,3,117.0,2.7857142857142856,8.37531643906434,0,0.0,1.0,2,127.0,0.5760429804494611,1,10.0,0.48156832765809965,0,0.0,0.9739894104734306,3,137.0
2385.0,3,132.0,3.3,8.20581880350473,0,0.0,1.0,2,137.0,0.5568219491891961,1,15.0,0.5708451959062403,0,0.0,0.9762000159284261,3,152.0
2390.0,4,134.0,3.4358974358974357,7.716915686798791,0,0.0,1.0,3,135.0,0.39551623279149967,1,8.0,0.7628385460854342,0,0.0,0.9307362441175009,4,143.0
2395.0,4,154.0,3.6666666666666665,7.893132178420527,0,0.0,1.0,3,150.0,0.4610727270088674,1,13.0,0.5230924841383829,0,0.0,0.9369512837263011,4,163.0
2400.0,5,164.0,4.0,7.94079275676714,0,0.0,1.0,2,153.0,0.6579480533074566,3,23.0,0.47179074600832305,0,0.0,0.9511343234019384,5,176.0
2405.0,6,191.0,4.5476190476190474,7.669100668777746,0,0.0,1.0,3,162.0,0.643181630852405,3,38.0,0.5474062473495332,0,0.0,0.9919069969675102,6,200.0
2410.0,4,186.0,4.325581395348837,8.376094695708364,0,0.0,1.0,3,177.0,0.6340541784762974,1,33.0,0.6580929046809535,0,0.0,0.977512180424909,4,210.0
2415.0,4,192.0,4.266666666666667,8.789231656996389,0,3.0,0.9038688074456511,4,195.0,0.48409379173779,0,9.0,0.7436339321198143,0,0.0,0.9689317281515236,4,207.0
2420.0,5,201.0,4.674418604651163,7.548869334100005,1,4.0,0.020852118787135544,3,198.0,0.5389537929260105,1,14.0,0.47687556037500267,0,0.0,0.9782919636856078,5,216.0
2425.0,6,231.0,5.5,7.323606866745957,1,9.0,0.0,3,210.0,0.3812919384418202,2,24.0,0.1840630374941194,0,0.0,0.9318664074465421,6,243.0
2430.0,8,270.0,6.585365853658536,7.0386767888690684,1,14.0,0.0,3,225.0,0.24897836792450076,3,44.0,0.37350144541613545,0,0.0,0.9550872736658099,7,283.0
2435.0,9,299.0,6.953488372093023,7.086938447549537,0,0.0,1.0,3,240.0,0.23524246283115974,4,63.0,0.48898315325933894,0,0.0,0.9629927828090409,7,303.0
2440.0,11,348.0,7.909090909090909,6.681472308075825,0,0.0,1.0,3,258.0,0.3295937051379343,4,80.0,0.45631845244807867,0,0.0,0.9710511858630129,7,338.0
2445.0,11,401.0,9.325581395348838,6.287303590179101,0,0.0,1.0,3,273.0,0.45636245601815933,5,104.0,0.39024054916060874,0,0.0,0.9551223470564375,8,377.0
2450.0,8,322.0,7.318181818181818,6.05009230670919,0,0.0,1.0,3,285.0,0.35352102606779146,2,30.0,0.37601656014086565,0,0.0,0.9555957398779122,5,315.0
2455.0,6,315.0,7.0,6.436425416635789,0,6.0,0.7717890872877557,5,308.0,0.2179446217538618,1,14.0,0.5213098034091967,0,0.0,0.9557670868593756,6,328.0
2460.0,8,347.0,8.069767441860465,6.335517798264347,1,7.0,0.22139772344089126,5,336.0,0.4258299078195245,1,15.0,0.4784185901104712,0,0.0,0.9523852727299026,7,358.0
2465.0,9,390.0,8.863636363636363,6.2561300191929465,3,21.0,0.043666984278394515,5,361.0,0.43145931370074203,1,20.0,0.4711583352874123,0,0.0,0.9443250099966815,9,402.0
2470.0,11,417.0,8.872340425531915,6.18798346128549,5,40.0,0.004842939686071982,5,386.0,0.4261997311493305,0,0.0,0.9515353927532132,0,0.0,0.9566877409116983,10,426.0
2475.0,11,463.0,9.851063829787234,6.436377031422126,6,70.0,0.0839098568888642,5,411.0,0.42935079146575655,0,0.0,0.9133163031800573,0,0.0,0.9343995823148067,11,481.0
2480.0,12,470.0,9.591836734693878,5.849675627405292,7,104.0,0.0003179710456765974,3,378.0,0.45900457999993766,1,2.0,0.43364794523356304,0,0.0,0.9651541675158858,11,484.0
2485.0,14,535.0,10.7,5.725180737938854,7,139.0,5.6567726043507985e-05,4,397.0,0.2788575635074786,3,15.0,0.38784659799780086,0,0.0,0.9967961739516727,14,551.0
2490.0,16,598.0,11.283018867924529,6.115271228752526,7,174.0,1.0057772617660544e-05,7,441.0,0.2906652079945986,1,8.0,0.34560268543049916,0,0.0,0.9766519790386392,15,623.0
2495.0,11,503.0,10.06,5.92438766278736,1,95.0,0.017719989444245774,7,462.0,0.2909485038993368,2,17.0,0.3202379554543961,0,0.0,0.9802549720729832,10,574.0
2500.0,6,463.0,9.07843137254902,6.320154734807361,0,49.0,0.27127009272926594,3,438.0,0.47372364071267015,3,30.0,2.8826315241432156e-06,0,0.0,0.9292775813857825,6,517.0
2505.0,6,493.0,9.48076923076923,7.813048605308014,0,0.0,0.4965369893303778,3,453.0,0.5501879418143155,3,45.0,0.0,0,0.0,0.9425450860605623,6,498.0
2510.0,5,496.0,9.358490566037736,8.112249711438315,0,0.0,1.0,3,468.0,0.495030123780031,2,36.0,0.56771457323017,0,0.0,0.9563480488401105,5,504.0
2515.0,5,521.0,9.830188679245284,8.585802675028003,0,0.0,1.0,3,483.0,0.48845328233240676,2,46.0,0.5497702962326021,0,0.0,0.9554443153479244,5,529.0
2520.0,6,550.0,10.185185185185185,8.197964484779149,0,0.0,1.0,3,498.0,0.5353455178050306,3,60.0,0.38064366995345306,0,0.0,0.9299064496200939,6,558.0
2525.0,8,584.0,11.23076923076923,7.328079170835101,0,0.0,1.0,5,517.0,0.2421192940242341,3,75.0,0.3871732367773502,0,0.0,0.9680426851308621,8,592.0
2530.0,11,623.0,13.543478260869565,6.872397815754014,0,0.0,1.0,7,549.0,0.20989233623494255,2,76.0,0.5634361306069804,0,0.0,0.9589281786668906,9,625.0
2535.0,12,679.0,15.088888888888889,6.556358217140826,0,0.0,1.0,7,587.0,0.36620858774756465,2,83.0,0.313606255551899,0,0.0,0.939190314980233,9,670.0
2540.0,10,312.0,6.638297872340425,6.774931313797699,0,0.0,1.0,5,369.0,0.43288205625502785,2,93.0,0.0,0,0.0,0.9515705888986744,7,462.0
2545.0,10,218.0,4.638297872340425,6.894826381811831,0,0.0,1.0,5,89.0,0.4650343197226515,2,106.0,0.3851838124888607,0,0.0,0.9627248147174318,7,195.0
2550.0,8,208.0,4.333333333333333,7.247379987611976,0,0.0,1.0,6,103.0,0.3133232407120755,2,116.0,0.46544900636417647,0,0.0,0.945961853236212,8,219.0
2555.0,10,257.0,5.468085106382978,7.033849950208339,0,0.0,1.0,7,137.0,0.28691383762783873,3,131.0,0.5428290938976374,0,0.0,0.9527141353588789,10,268.0
2560.0,8,263.0,5.1568627450980395,6.754472148578901,0,0.0,1.0,4,135.0,0.33140500203506895,3,146.0,0.5470923476341842,0,0.0,0.9480951350720979,7,281.0
2565.0,8,301.0,6.404255319148936,7.090670972899036,0,0.0,1.0,5,151.0,0.19862991683862743,3,161.0,0.5535112243435649,0,0.0,0.9613079246099421,8,312.0
2570.0,8,325.0,6.914893617021277,6.8688189702134315,0,0.0,1.0,6,180.0,0.22723352992480272,2,153.0,0.5579010406504147,0,0.0,0.9568936681192863,8,333.0
2575.0,9,366.0,7.469387755102041,6.930649289535608,0,0.0,0.9413960755071507,7,214.0,0.281421124860177,2,163.0,0.5439447479157276,0,0.0,0.9762199275946539,9,377.0
2580.0,9,411.0,8.74468085106383,6.915686828891567,0,0.0,1.0,7,250.0,0.3949395254869244,2,173.0,0.4532474727225739,0,0.0,0.9727195038878917,9,423.0
2585.0,9,456.0,9.91304347826087,6.834463621793977,0,0.0,1.0,7,285.0,0.3052786401538977,2,183.0,0.47373236031456806,0,0.0,0.9224731631753716,9,468.0
2590.0,10,505.0,11.477272727272727,6.858873443628741,0,0.0,1.0,8,324.0,0.3020130940224525,2,193.0,0.30620565105141595,0,0.0,0.9275100241578732,10,517.0
2595.0,11,560.0,11.914893617021276,7.298030380119935,0,0.0,1.0,9,369.0,0.2694052575370577,2,203.0,0.32552441444121544,0,0.0,0.9605195069632255,11,572.0
2600.0,3,213.0,4.953488372093023,6.569297154077052,0,0.0,1.0,0,71.0,0.4954281387719417,2,213.0,0.319986076353917,0,0.0,0.9442328273725983,2,284.0
2605.0,3,222.0,4.826086956521739,7.500477126108156,0,0.0,1.0,0,21.0,0.6449840955494002,3,224.0,0.12455167771872029,0,0.0,0.8927158944219462,3,245.0
2610.0,2,9.0,0.1875,8.520687059187887,0,0.0,1.0,0,17.0,0.8307750784541269,2,131.0,0.49078995525980756,0,0.0,0.8810990203356166,2,148.0
2615.0,4,25.0,0.5208333333333334,8.487955356509085,0,0.0,1.0,1,6.0,0.6353504852508589,2,28.0,0.6064563576244535,0,0.0,0.977445951931505,3,34.0
2620.0,7,43.0,0.8958333333333334,7.797306497304679,0,0.0,1.0,1,5.0,0.588579545316867,5,46.0,0.4570313758803076,0,0.0,0.9977105095204729,6,51.0
2625.0,8,81.0,1.6875,8.135727853403653,0,0.0,1.0,2,13.0,0.5893851891252436,5,71.0,0.513489363795075,0,0.0,0.9474635287102128,7,84.0
2630.0,6,52.0,1.1063829787234043,7.297114975855767,0,0.0,1.0,2,23.0,0.6597210486579731,1,35.0,0.59471891486965,0,0.0,0.9528878800599447,3,58.0
2635.0,8,77.0,1.673913043478261,7.214608489427168,0,0.0,1.0,3,45.0,0.546530477421556,1,24.0,0.6767109488387045,0,0.0,0.9384997607534312,4,69.0
2640.0,4,36.0,0.782608695652174,8.173441705681242,0,0.0,1.0,0,12.0,0.8885858597811328,2,14.0,0.6833914295540746,0,0.0,0.990104600003032,2,26.0
2645.0,5,58.0,1.3181818181818181,8.469929442796035,0,0.0,0.9527548572499009,0,12.0,0.8966825268191392,2,21.0,0.4872842363547022,0,0.0,0.977282134764276,2,33.0
2650.0,7,88.0,1.9130434782608696,7.752031423563012,0,0.0,1.0,2,14.0,0.7261957157660939,2,37.0,0.7062507916851315,0,0.0,0.9633380777508082,4,51.0
2655.0,6,96.0,2.0425531914893615,7.420075168126743,0,0.0,1.0,2,24.0,0.7149578566623539,2,47.0,0.5984155335780578,0,0.0,0.9667885972449775,4,71.0
2660.0,3,56.0,1.2173913043478262,8.630428102210182,0,0.0,1.0,0,6.0,0.7510864529612704,3,62.0,0.623015104581192,0,0.0,0.9868974139694742,3,68.0
2665.0,5,78.0,1.6956521739130435,8.498258232548702,0,0.0,1.0,2,10.0,0.4837680746663329,3,74.0,0.5855081185952676,0,0.0,0.969263632423227,5,84.0
2670.0,8,111.0,2.5813953488372094,7.959804738741205,0,0.0,1.0,4,27.0,0.3177764188391356,3,92.0,0.6365261376547081,0,0.0,0.9560450505273704,7,119.0
2675.0,8,75.0,1.7045454545454546,6.727372007432461,0,0.0,1.0,4,49.0,0.3074790632241979,2,66.0,0.47876648284182616,0,0.0,0.943181578884446,6,115.0
2680.0,9,109.0,2.5348837209302326,6.362994767615395,0,0.0,1.0,4,69.0,0.38015868335303005,5,51.0,0.33967321941892437,0,0.0,0.9569958623865361,9,120.0
2685.0,10,155.0,3.369565217391304,6.656661268545663,0,0.0,1.0,4,89.0,0.45495398019652034,6,77.0,0.2872941060505238,0,0.0,0.9401203269060585,10,166.0
2690.0,13,215.0,4.777777777777778,5.94924198771731,0,0.0,1.0,6,115.0,0.371378229568979,7,110.0,0.34587600833819016,0,0.0,0.9598771543034041,13,225.0
2695.0,8,166.0,3.688888888888889,5.795301092588234,0,0.0,1.0,7,150.0,0.3204686572262415,1,40.0,0.38894194370905955,0,0.0,0.9300207607208268,8,190.0
2700.0,4,43.0,0.9772727272727273,6.379031868213101,0,3.0,0.5826146489464603,2,34.0,0.535545271152106,2,28.0,0.2883330102069086,0,0.0,0.9455084233445593,4,65.0
2705.0,5,68.0,1.446808510638298,7.3938690829617775,0,6.0,0.22467127207478002,3,49.0,0.6652213113357518,2,38.0,0.2998022620087312,0,0.0,0.9777337995950206,5,93.0
2710.0,8,102.0,2.125,7.843010242398748,2,14.0,0.01850057090292167,4,52.0,0.5729875018306662,2,54.0,0.6825277019952242,0,0.0,0.9280922591202224,8,120.0
2715.0,8,142.0,2.84,7.590929746573836,2,24.0,0.003839963515199597,4,72.0,0.5298132259191477,2,64.0,0.7120016324060878,0,0.0,0.9325321133624347,8,160.0
2720.0,8,160.0,3.076923076923077,7.22938880707683,0,4.0,0.031713015976658064,5,96.0,0.5250676072574829,3,76.0,0.5330837775186505,0,0.0,0.9456350040213718,8,176.0
2725.0,7,101.0,1.8703703703703705,7.28506703282621,0,4.0,0.3061944687635552,2,56.0,0.48320807668681365,3,91.0,0.4116663745873731,0,0.0,0.943309326734745,5,151.0
2730.0,12,140.0,2.7450980392156863,7.318917923565365,0,0.0,1.0,4,20.0,0.4617935615406728,4,111.0,0.45604118541450533,0,0.0,0.929389097052729,8,131.0
2735.0,10,87.0,1.6730769230769231,6.826472629948625,0,0.0,1.0,4,40.0,0.41000836220604536,3,67.0,0.38636824265328246,0,0.0,0.9368556245453455,7,107.0
2740.0,8,72.0,1.3846153846153846,7.219789159295143,0,0.0,1.0,4,60.0,0.2135208830413426,4,27.0,0.40056740720264294,0,0.0,0.9479918185441093,8,87.0
2745.0,9,117.0,2.2941176470588234,7.301722311701862,0,0.0,1.0,5,85.0,0.20008942384596412,4,47.0,0.2826681581160708,0,0.0,0.9704689717414366,9,132.0
2750.0,11,167.0,3.2745098039215685,6.801072840393068,0,0.0,1.0,6,111.0,0.1211733439289063,4,67.0,0.3169125966900511,0,0.0,0.975296618346436,10,178.0
2755.0,10,169.0,3.188679245283019,6.302008610456585,0,0.0,1.0,7,146.0,0.2119323779877798,1,24.0,0.5921887044325308,0,0.0,0.966174998218088,8,170.0
2760.0,10,205.0,3.9423076923076925,6.364008455358446,0,3.0,0.5443902048538338,7,183.0,0.24505408636139542,1,23.0,0.6497421635236836,0,0.0,0.981191232842747,8,209.0
2765.0,6,68.0,1.2830188679245282,6.844718189522749,0,0.0,0.869124482189672,1,35.0,0.48737109777905835,1,28.0,0.37592850456642957,0,0.0,0.9392429635533754,2,63.0
2770.0,7,102.0,1.8888888888888888,7.4422708972464635,0,0.0,1.0,1,25.0,0.779965354584357,2,37.0,0.2402446732113697,0,0.0,0.9991398765702563,3,62.0
2775.0,7,103.0,1.9074074074074074,7.641769689929607,0,0.0,1.0,1,30.0,0.7564150726394457,1,15.0,0.7412286304909134,0,0.0,0.9527661698710952,2,45.0
2780.0,7,138.0,2.6037735849056602,7.762928733475762,0,3.0,0.96218643930207,1,35.0,0.7621822145945473,1,20.0,0.81742903633783,0,0.0,0.9649521798405744,2,58.0
2785.0,9,175.0,3.240740740740741,6.951345568698276,0,0.0,1.0,1,40.0,0.752631634057893,2,26.0,0.5349952118882487,0,0.0,0.9778745569431206,3,66.0
2790.0,15,242.0,4.566037735849057,6.8319458460372,0,0.0,1.0,1,45.0,0.8048756388563768,4,45.0,0.47381894998950835,0,0.0,0.9645718781900049,5,90.0
2795.0,16,282.0,5.423076923076923,5.719658607641061,0,0.0,1.0,3,52.0,0.30740159096572495,2,35.0,0.5754298772220727,0,0.0,0.9693308886057478,5,87.0
2800.0,14,236.0,4.72,6.043282539538444,0,0.0,1.0,5,76.0,0.15188402975699636,1,21.0,0.7686886933806175,0,0.0,0.9649977335773118,6,97.0
2805.0,19,260.0,5.2,4.722856014632144,0,0.0,1.0,3,38.0,0.3230430855314497,5,35.0,0.20659937566545905,0,0.0,0.9530223081466881,8,73.0
2810.0,23,368.0,7.076923076923077,4.8808033527988846,0,0.0,1.0,4,52.0,0.41432096789020634,7,67.0,0.19156711693774853,0,0.0,0.9545358076971177,11,119.0
2815.0,24,484.0,9.132075471698114,4.462661639673572,0,0.0,1.0,4,72.0,0.2781466327373138,8,103.0,0.09789513073949854,0,0.0,0.9972038015208314,12,175.0
2820.0,25,590.0,11.346153846153847,3.906534369891698,0,0.0,1.0,5,95.0,0.1632086608769281,7,132.0,0.10812560243870828,0,0.0,0.9913181643268675,12,227.0
2825.0,21,530.0,10.192307692307692,4.058614654923816,0,0.0,1.0,0,19.0,0.6814254876579771,9,161.0,0.00027960899593836095,0,0.0,0.9330767969544496,9,180.0
2830.0,16,398.0,7.107142857142857,5.009232223767029,0,0.0,1.0,0,3.0,0.9184096919365848,9,206.0,0.09023419484028886,0,0.0,0.9889524598401589,9,209.0
2835.0,12,289.0,5.0701754385964914,5.6014091384478535,0,0.0,1.0,0,3.0,0.9305821925002258,9,257.0,0.33953651902412896,0,0.0,0.9424791796442863,9,260.0
2840.0,1,17.0,0.288135593220339,5.999734189818562,0,0.0,1.0,0,3.0,0.9793633332635356,1,126.0,0.5764287734122701,0,0.0,0.9462366703836875,1,129.0
2845.0,4,26.0,0.4406779661016949,6.623964724464041,0,6.0,0.597672257375391,0,12.0,0.8175044891457679,3,85.0,0.4877354790711737,0,0.0,0.985420381971402,3,103.0
2850.0,8,51.0,0.8793103448275862,6.478225000452948,2,11.0,0.14374334842813338,1,10.0,0.8192385674593052,4,99.0,0.4027261334289408,0,0.0,0.9454207021208045,7,120.0
2855.0,9,96.0,1.7777777777777777,6.626384975191891,3,26.0,0.01185116935028344,1,53.0,0.8414396223858951,4,119.0,0.4818565199458835,0,0.0,0.9513486632673733,8,198.0
2860.0,9,92.0,1.7692307692307692,6.347779645152802,4,43.0,0.002065322436466759,1,20.0,0.8150187295626105,3,145.0,0.3857752112485338,0,0.0,0.9046901234545048,8,208.0
2865.0,7,75.0,1.3888888888888888,5.993373495481286,0,5.0,0.027978468202226863,1,32.0,0.6612286881880725,4,133.0,0.15265615558989556,0,0.0,0.9441435806064508,5,170.0
2870.0,13,131.0,2.381818181818182,5.964687765918126,0,5.0,0.26276653886081786,2,35.0,0.7037481844271491,6,162.0,0.13403647270749933,0,0.0,0.9376207845867133,8,202.0
2875.0,11,138.0,2.4210526315789473,5.130869611862447,0,0.0,1.0,4,52.0,0.36177806021530234,6,221.0,0.16131443302601645,0,0.0,0.939253669726342,10,273.0
2880.0,19,216.0,3.7241379310344827,4.8010544519932425,0,0.0,1.0,6,81.0,0.19933003081960138,10,265.0,0.09010896606594959,0,0.0,0.9452277967142769,16,346.0
2885.0,15,170.0,2.7868852459016393,5.279669380800899,0,0.0,1.0,1,20.0,0.37528544754746,8,219.0,0.10043042596608234,0,0.0,0.96818293273689,9,239.0
2890.0,11,182.0,3.1379310344827585,5.918899234005605,0,0.0,1.0,2,29.0,0.49990117990512734,7,154.0,0.09224212965752056,0,0.0,0.7667952435664915,9,183.0
2895.0,9,217.0,4.018518518518518,7.4150169419731355,0,0.0,1.0,2,39.0,0.5694554623290664,7,195.0,0.2721637593881335,0,0.0,0.9619710591409478,9,234.0
2900.0,10,264.0,4.8,7.117406385053255,0,0.0,1.0,2,49.0,0.48094935105032094,8,245.0,0.3155438516249407,0,0.0,0.9268812713785803,10,294.0
2905.0,4,81.0,1.5,7.243151468889176,0,0.0,1.0,3,61.0,0.37974489945892315,1,102.0,0.5538210505944455,0,0.0,0.8237332026635293,4,163.0
2910.0,3,68.0,1.2830188679245282,8.020232144659094,0,6.0,0.6450236340601696,3,85.0,0.4939749171565439,0,34.0,0.7890909474009695,0,0.0,0.6728730185520003,3,125.0
2915.0,8,96.0,1.8823529411764706,7.5157134557694985,1,7.0,0.15928487801243615,3,100.0,0.5994740075710747,0,6.0,0.9057029647077188,0,0.0,0.9933146313962986,4,113.0
2920.0,12,147.0,2.826923076923077,6.380922190157786,2,16.0,0.012051112363626203,4,116.0,0.46031053403306216,0,6.0,0.96184301675283,0,0.0,0.966670105764715,6,138.0
2925.0,9,47.0,0.9038461538461539,6.295599761177395,0,1.0,0.4883907674524222,2,43.0,0.692599519913589,2,5.0,0.4295210425862576,0,0.0,0.9942460589901473,4,49.0
2930.0,11,47.0,0.9215686274509803,6.221482151647599,0,0.0,1.0,2,29.0,0.7193441018488793,4,19.0,0.06344311074829453,0,0.0,0.9857335981801173,6,48.0
2935.0,10,83.0,1.509090909090909,6.77852873040197,0,0.0,1.0,2,39.0,0.6492480268887484,4,39.0,0.1568255644588423,0,0.0,0.9809026541339589,6,78.0
2940.0,10,104.0,1.8909090909090909,6.774259712449647,0,0.0,1.0,4,55.0,0.4415662349687068,4,59.0,0.1528827525362017,0,0.0,0.939879312351952,8,114.0
2945.0,4,63.0,1.0862068965517242,6.3904665959143925,0,0.0,1.0,4,75.0,0.2777669304996947,0,19.0,0.09440167080565658,0,0.0,0.9744972394006556,4,94.0
2950.0,7,93.0,1.6607142857142858,6.697020340229054,0,3.0,0.5878709799630557,6,105.0,0.2869767911267634,1,37.0,0.500739989161283,0,0.0,0.9882815626970239,7,145.0
2955.0,10,137.0,2.3220338983050848,6.471659726897965,0,6.0,0.156437703238036,8,141.0,0.259811043947415,2,45.0,0.008192990101631568,0,0.0,0.9343742700936333,10,192.0
2960.0,13,199.0,3.4310344827586206,6.241497254301684,2,14.0,0.01819592524460194,8,181.0,0.2001332464357698,3,59.0,0.2442183836197458,0,0.0,0.9293703322313942,13,254.0
2965.0,9,52.0,0.896551724137931,5.929745668133297,3,25.0,0.0016886677099440476,0,48.0,0.430635604374234,3,70.0,0.3317482572489564,0,0.0,0.9837284204820522,6,143.0
2970.0,13,111.0,1.85,6.166092941449639,3,40.0,0.0007509099964520951,0,3.0,0.964339855963332,4,88.0,0.3128506524229399,0,0.0,0.9496883070757137,7,131.0
2975.0,12,134.0,2.161290322580645,6.564051252759746,0,10.0,0.015226930313352195,0,0.0,0.9566876232806143,4,114.0,0.46048510097137285,0,0.0,0.9649261320293597,4,124.0
2980.0,10,177.0,2.8095238095238093,6.648477096050125,0,0.0,1.0,0,68.0,0.9414937799269385,4,132.0,0.47940892500187504,0,0.0,0.9416728128365017,4,200.0
2985.0,15,246.0,3.84375,6.688903150881576,0,0.0,1.0,0,68.0,0.9189234032909592,6,160.0,0.396424759884728,0,0.0,0.9831475533765358,6,228.0
2990.0,16,299.0,4.462686567164179,6.589111097301519,0,0.0,1.0,0,0.0,0.6810134934003392,7,195.0,0.4124356140065292,0,0.0,0.9452016921845705,7,195.0
2995.0,13,265.0,4.344262295081967,6.738390026911374,0,0.0,1.0,1,3.0,0.7184314468689496,6,171.0,0.3595323882200561,0,0.0,0.9482715133091408,7,174.0
3000.0,7,188.0,3.2982456140350878,7.33031061047399,0,0.0,1.0,1,11.0,0.7131957576051158,3,95.0,0.3446809121746547,0,0.0,0.9564181366116695,4,106.0
3005.0,7,102.0,1.8545454545454545,6.7149267729397355,0,0.0,0.701211249610099,0,3.0,0.6799147710009686,6,106.0,0.1348203170911099,0,0.0,0.9636153472738507,6,109.0
3010.0,9,142.0,2.6296296296296298,6.840809279244457,1,2.0,0.0018196646666279394,1,6.0,0.729670968510192,6,136.0,0.047573101255693986,0,0.0,0.9603869200165152,8,144.0
3015.0,1,8.0,0.1568627450980392,7.285190337509343,0,0.0,1.0,1,11.0,0.7621036211491241,0,38.0,0.46484936422762546,0,0.0,0.9994743758344857,1,49.0
3020.0,1,13.0,0.2549019607843137,8.363700711260233,0,3.0,0.5249231991632669,1,19.0,0.7419299187703939,0,39.0,0.9697050935058096,0,0.0,0.9436412803408769,1,61.0
3025.0,1,18.0,0.35294117647058826,9.346653492239868,0,0.0,0.6496761584876835,1,30.0,0.8207547066374943,0,3.0,0.9624105421060026,0,0.0,0.989679717227679,1,33.0
3030.0,2,25.0,0.5,8.432108216133756,0,0.0,1.0,2,34.0,0.7240703752842237,0,3.0,0.8024013074848347,0,0.0,0.9935538955149346,2,37.0
3035.0,8,50.0,1.0204081632653061,7.419215654164112,0,0.0,1.0,2,44.0,0.7227266360224036,2,9.0,0.5765057308666447,0,0.0,0.9588815842180703,4,53.0
3040.0,9,94.0,1.8431372549019607,7.691018372294812,0,0.0,0.9431904290865843,2,54.0,0.7187172940327943,2,16.0,0.4811641887735667,0,0.0,0.9903066392494669,4,70.0
3045.0,7,76.0,1.4339622641509433,7.261364485794386,0,0.0,1.0,1,26.0,0.817289500703571,1,11.0,0.49017061810242557,0,0.0,0.9829085403114723,2,37.0
3050.0,11,107.0,2.14,6.789695801918295,0,0.0,1.0,5,36.0,0.37108597160002443,2,21.0,0.5505842357796291,0,0.0,0.9646719885331531,7,57.0
3055.0,12,164.0,3.4166666666666665,6.51626271327645,0,0.0,1.0,5,61.0,0.3169841527989785,3,33.0,0.36394934279601465,0,0.0,0.9450869258813758,8,94.0
3060.0,12,147.0,2.8823529411764706,6.7738250818948424,0,0.0,1.0,7,110.0,0.26341692377803166,4,49.0,0.19659508262079134,0,0.0,0.9361881274549937,11,159.0
3065.0,7,104.0,2.122448979591837,6.8826735118115945,0,0.0,1.0,6,108.0,0.2622846435567803,1,31.0,0.4573507666844529,0,0.0,0.932900257310204,7,139.0
3070.0,10,148.0,3.148936170212766,6.607259562952556,0,0.0,1.0,8,140.0,0.23160250298473975,1,39.0,0.4089454067791207,0,0.0,0.9507389708604209,9,179.0
3075.0,11,195.0,4.148936170212766,6.9966800623665515,0,0.0,0.743976020279048,9,182.0,0.23525055824216834,2,56.0,0.5875130551285757,0,0.0,0.9988851169714786,11,238.0
3080.0,12,251.0,4.921568627450981,6.791181327088114,0,0.0,1.0,9,227.0,0.22461107556282453,3,67.0,0.36951548875600065,0,0.0,0.9754772642197751,12,294.0
3085.0,11,295.0,5.566037735849057,6.667488046673146,0,0.0,1.0,10,290.0,0.2189797389944363,1,69.0,0.6010568895764892,0,0.0,0.9555001073415068,11,359.0
3090.0,3,99.0,1.9038461538461537,6.949514609598648,0,0.0,1.0,2,137.0,0.5488766022484719,1,59.0,0.6345230813555662,0,0.0,0.970215417393036,3,196.0
3095.0,4,118.0,2.185185185185185,7.247335518709132,0,0.0,1.0,2,93.0,0.6477954414796885,2,68.0,0.35973250437191123,0,0.0,0.9508597277369663,4,161.0
3100.0,8,149.0,2.759259259259259,7.6328648178208995,0,0.0,1.0,4,103.0,0.5244672298606892,4,95.0,0.41133738125565156,0,0.0,0.970938470994884,8,198.0
3105.0,6,109.0,2.0185185185185186,7.582744763412694,0,0.0,1.0,4,123.0,0.42406559300258995,2,43.0,0.4285683357092915,0,0.0,0.9908957372007371,6,166.0
3110.0,4,49.0,0.9245283018867925,8.232022306210588,0,0.0,1.0,1,44.0,0.5578647788687218,3,50.0,0.5514606640726362,0,0.0,0.9187970904041909,4,94.0
3115.0,5,55.0,1.0,8.114654366270013,0,0.0,1.0,0,3.0,0.522468939225112,3,65.0,0.5471544760857271,0,0.0,0.9878493567066134,3,68.0
3120.0,8,88.0,1.6923076923076923,7.399825699876552,0,0.0,1.0,3,13.0,0.3990159216390221,3,80.0,0.5850711095589556,0,0.0,0.9334902682721509,6,93.0
3125.0,12,126.0,2.5714285714285716,6.5760723318747445,0,0.0,1.0,3,81.0,0.45076215892197086,6,96.0,0.4452451490403582,0,0.0,0.9441621115920705,9,177.0
3130.0,7,42.0,0.9130434782608695,6.314032641175497,0,0.0,1.0,0,53.0,0.9663841481049172,1,17.0,0.5841359535631936,0,0.0,0.9457115306409237,1,70.0
3135.0,5,58.0,1.3181818181818181,7.124380975638768,0,3.0,0.4934337370762634,0,6.0,0.7507024326603219,0,6.0,0.8749065857256879,0,0.0,0.981241363306568,0,15.0
3140.0,5,83.0,1.8863636363636365,7.406564312780893,0,0.0,0.3692881186624948,0,9.0,0.9189192904604703,0,3.0,0.9304400627981769,0,0.0,0.9823603686106416,0,12.0
3145.0,1,25.0,0.5681818181818182,8.06272516025772,0,0.0,1.0,0,9.0,0.957157481576394,0,3.0,0.9279590274306014,0,0.0,0.9475372701324,0,12.0
3150.0,2,34.0,0.7727272727272727,8.256678979053076,0,0.0,1.0,0,9.0,0.9675585092490373,0,3.0,0.9360758839586539,0,0.0,0.9787869541152066,0,12.0
3155.0,3,45.0,0.9574468085106383,7.641095081563969,0,0.0,1.0,0,6.0,0.951415497419789,0,3.0,0.9477707785080048,0,0.0,0.9201518828720142,0,9.0
3160.0,7,73.0,1.5208333333333333,7.001421265026686,0,0.0,1.0,0,3.0,0.9773705459574866,1,1.0,0.6616510336699108,0,0.0,0.9275445694263121,1,4.0
3165.0,6,86.0,1.8695652173913044,6.684428078295665,0,0.0,1.0,0,0.0,0.942952714844163,3,13.0,0.4844298483514842,0,0.0,0.9417671582451079,3,13.0
3170.0,7,74.0,1.574468085106383,6.513648634233033,0,0.0,1.0,0,0.0,0.45084931957336005,3,28.0,0.4691017617211472,0,0.0,0.9457656343407987,3,28.0
3175.0,2,7.0,0.14893617021276595,6.3678471948342485,0,0.0,1.0,2,7.0,0.27924826633819744,0,0.0,0.6469131961324893,0,0.0,0.9641398374066772,2,7.0
3180.0,4,24.0,0.5,6.816602710497006,0,0.0,1.0,3,22.0,0.3003319662228062,1,5.0,0.6136939284173798,0,0.0,0.9927759444617459,4,27.0
3185.0,4,44.0,0.9166666666666666,6.623700960619843,0,3.0,0.5568315645054259,3,37.0,0.4907010963606202,1,10.0,0.0,0,0.0,0.9718416742050403,4,50.0
3190.0,7,75.0,1.530612244897959,6.167242960033204,3,14.0,9.664404075457305e-05,3,52.0,0.40922261955913414,1,15.0,0.0,0,0.0,0.9551601050953905,7,81.0
3195.0,8,113.0,2.306122448979592,6.488432235597373,3,29.0,0.0,4,70.0,0.4702619558579239,1,20.0,0.0,0,0.0,0.9682504931890222,8,119.0
3200.0,5,88.0,1.76,7.026457228089227,0,0.0,1.0,4,112.0,0.5466585364004937,1,1.0,0.4872919975555735,0,0.0,0.943546328200211,5,113.0
3205.0,6,113.0,2.173076923076923,7.509861973426641,0,0.0,1.0,5,151.0,0.493391813032969,1,7.0,0.6313229268199768,0,0.0,0.9764321329160746,6,158.0
3210.0,7,56.0,1.0980392156862746,6.890682034506619,0,0.0,1.0,4,85.0,0.47159247793479886,2,13.0,0.4728867045011932,0,0.0,0.9682731383882645,6,98.0
3215.0,10,99.0,1.8333333333333333,6.477995463042425,0,0.0,1.0,6,111.0,0.4382441655477886,3,25.0,0.06720453096588544,0,0.0,0.938793227860286,9,136.0
3220.0,11,153.0,2.8867924528301887,7.207621245288962,0,0.0,1.0,6,122.0,0.2964404673377114,4,50.0,0.3702215060976088,0,0.0,0.9486394638218976,10,172.0
3225.0,13,201.0,3.5892857142857144,7.298182434039035,0,0.0,1.0,9,161.0,0.17741088363753524,3,52.0,0.4764728368015219,0,0.0,0.978597915625704,12,213.0
3230.0,12,226.0,4.185185185185185,7.090714479677829,0,0.0,1.0,9,190.0,0.2888554410239675,3,67.0,0.5982083755899616,0,0.0,0.9920757336018964,12,257.0
3235.0,13,287.0,5.519230769230769,6.717374093919148,0,0.0,1.0,9,232.0,0.18654774055209034,3,85.0,0.5981399557160026,0,0.0,0.9303968520343336,12,317.0
3240.0,14,352.0,7.04,7.013809440013627,0,0.0,1.0,10,279.0,0.21307655281102728,4,104.0,0.5715424708653566,0,0.0,0.9922199123414082,14,383.0
3245.0,16,426.0,8.352941176470589,6.325741106878223,0,0.0,1.0,11,331.0,0.18539914513952066,5,126.0,0.24884337675983664,0,0.0,0.940131657954187,16,457.0
3250.0,7,165.0,3.3,5.641438574778753,0,0.0,1.0,7,265.0,0.2871148426800595,0,36.0,0.564891503779052,0,0.0,0.9817101635710148,7,301.0
3255.0,5,26.0,0.52,6.717738496800052,0,3.0,0.7826762632221489,1,120.0,0.5373882984822016,0,3.0,0.45961085241729405,0,0.0,0.9787082312721793,1,126.0
3260.0,3,31.0,0.5849056603773585,8.532345232263218,0,0.0,0.5564828326093808,1,31.0,0.6122137137588574,1,5.0,0.46425255338904364,0,0.0,0.9550821925271022,2,36.0
3265.0,5,52.0,0.9811320754716981,9.080248188463365,0,0.0,1.0,3,42.0,0.6282430353429438,1,10.0,0.7447172472463011,0,0.0,0.983798026137367,4,52.0
3270.0,6,69.0,1.2545454545454546,8.311479405028788,0,0.0,1.0,2,48.0,0.762653703446797,1,15.0,0.4994812808470652,0,0.0,0.9504097777615628,3,63.0
3275.0,7,101.0,1.9803921568627452,8.324703737618984,0,0.0,1.0,3,60.0,0.6452319454458147,2,28.0,0.42160877022446813,0,0.0,0.9458164088007831,5,88.0
3280.0,8,137.0,3.1136363636363638,6.810787641404593,0,0.0,1.0,3,72.0,0.6064925340411393,2,38.0,0.5373286977632743,0,0.0,0.975184569572686,5,110.0
3285.0,8,132.0,3.142857142857143,6.155970076796841,0,0.0,1.0,4,89.0,0.4260385330974506,3,51.0,0.3107848404292941,0,0.0,0.9314851089706313,7,140.0
3290.0,5,89.0,2.1707317073170733,5.99519543737979,0,0.0,1.0,4,90.0,0.21463706042535965,1,15.0,0.4702113278037292,0,0.0,0.9692165392385257,5,105.0
3295.0,8,123.0,2.86046511627907,6.793409571748587,0,0.0,1.0,7,119.0,0.20520246662596814,1,5.0,0.693549154813119,0,0.0,0.9486988106243219,8,124.0
3300.0,9,162.0,3.7674418604651163,5.783350295438072,0,0.0,1.0,7,153.0,0.16970405201828132,2,15.0,0.3750772960530555,0,0.0,0.9521457792512269,9,168.0
3305.0,12,214.0,4.863636363636363,5.557501919491035,0,0.0,1.0,8,190.0,0.17259984371638584,3,30.0,0.18784002998202093,0,0.0,0.9998689368310097,11,220.0
3310.0,1,5.0,0.11627906976744186,6.370842252383685,0,0.0,1.0,0,39.0,0.37287746198949934,1,8.0,0.6193089720992943,0,0.0,0.937493840477555,1,47.0
3315.0,2,11.0,0.2391304347826087,8.001677717617907,0,3.0,0.994880884418101,1,4.0,0.6121291003369026,1,13.0,0.6101283817561933,0,0.0,0.9679802140599549,2,20.0
3320.0,2,21.0,0.45652173913043476,8.640592532808585,0,0.0,1.0,1,6.0,0.7238822637971702,1,27.0,0.663222110631166,0,0.0,0.9670767214986393,2,33.0
3325.0,3,35.0,0.7608695652173914,8.836717079598028,0,0.0,1.0,1,11.0,0.7760945107060582,2,36.0,0.7426748678716275,0,0.0,0.9764699030012198,3,47.0
3330.0,2,34.0,0.7083333333333334,8.610053095736392,0,0.0,1.0,0,0.0,0.9559224094954064,2,46.0,0.6736536606276997,0,0.0,0.9586469584316755,2,46.0
3335.0,3,45.0,0.9183673469387755,8.767574550784312,0,0.0,1.0,1,1.0,0.7942620183483063,2,53.0,0.667999761585676,0,0.0,0.9396538989316917,3,54.0
3340.0,3,60.0,1.25,8.883626827359167,0,0.0,1.0,1,10.0,0.7751648024059862,2,63.0,0.7253690694631156,0,0.0,0.952562274131713,3,73.0
3345.0,5,81.0,1.7608695652173914,7.9560366036633505,0,0.0,1.0,2,15.0,0.6029531374395136,3,76.0,0.33151519796538526,0,0.0,0.9959300261551103,5,91.0
3350.0,9,103.0,2.2888888888888888,6.6466153975269995,0,0.0,1.0,1,3.0,0.6423242218088813,8,110.0,0.10436162194476037,0,0.0,0.9562936691540249,9,113.0
3355.0,4,98.0,2.1777777777777776,6.893734130345604,0,0.0,1.0,1,8.0,0.6215432981917463,3,100.0,0.29582051172012525,0,0.0,0.9178463797932155,4,108.0
3360.0,6,123.0,2.6739130434782608,7.632155138844976,0,6.0,0.613437158315715,2,18.0,0.6294572280602847,4,112.0,0.30455835561569344,0,0.0,0.9626842267316404,6,136.0
3365.0,6,153.0,3.25531914893617,8.62245433627718,0,0.0,0.7436961993691475,2,28.0,0.6709263398797989,4,132.0,0.3212710923794471,0,0.0,0.8854293536918468,6,160.0
3370.0,5,161.0,3.3541666666666665,8.723057414824556,0,0.0,1.0,1,15.0,0.726299280665982,4,152.0,0.41964466807670736,0,0.0,0.8063975863162931,5,167.0
3375.0,7,191.0,3.8979591836734695,8.382999630352021,0,0.0,1.0,1,20.0,0.6887675270646684,4,175.0,0.4795722152686033,0,0.0,0.7808579940807905,5,195.0
3380.0,6,216.0,4.5,7.675071599320089,0,0.0,1.0,2,30.0,0.48895346432065295,4,192.0,0.3846192619665858,0,0.0,0.7498247789526408,6,222.0
3385.0,8,256.0,5.333333333333333,7.387809238528985,0,0.0,1.0,3,45.0,0.32315903347766944,5,217.0,0.3398599574097136,0,0.0,0.9538292964943034,8,262.0
3390.0,12,307.0,6.673913043478261,6.479747216679622,0,0.0,1.0,3,57.0,0.15266555586901326,9,253.0,0.19056958362816956,0,0.0,0.9724655904337056,12,310.0
3395.0,8,327.0,7.266666666666667,6.957981892238297,0,0.0,1.0,3,72.0,0.2409513789627111,5,264.0,0.29197614588408916,0,0.0,0.9895155670776072,8,336.0
3400.0,7,356.0,7.739130434782608,7.6487553832193536,0,3.0,0.5785079967765686,3,90.0,0.4372243677681382,4,281.0,0.40600478033504944,0,0.0,0.982527249716684,7,374.0
3405.0,8,393.0,8.020408163265307,8.294604575793628,0,0.0,0.6852177620446498,3,105.0,0.557399527761038,5,294.0,0.2749028295664809,0,0.0,0.9728216477793084,8,399.0
3410.0,8,433.0,8.66,8.632063877784603,0,0.0,1.0,3,120.0,0.48307167977315646,5,319.0,0.3540926790508504,0,0.0,0.9601364656785796,8,439.0
3415.0,9,475.0,9.895833333333334,7.201186002030693,0,0.0,1.0,3,135.0,0.4828813478889549,6,346.0,0.23464592942518492,0,0.0,0.9622330988314256,9,481.0
3420.0,11,524.0,10.916666666666666,7.122990439500687,0,0.0,1.0,3,153.0,0.5925632610980737,6,374.0,0.2416150005673391,0,0.0,0.9707160067667631,9,527.0
3425.0,12,581.0,11.62,6.376853386694531,0,0.0,1.0,3,168.0,0.44629676656029177,7,403.0,0.12297379583870546,0,0.0,0.9139050047436802,10,571.0
3430.0,13,644.0,14.0,5.874973398528037,0,0.0,1.0,4,186.0,0.4607931208387829,7,438.0,0.20920868693592673,0,0.0,0.9607934432615983,11,624.0
3435.0,11,437.0,9.104166666666666,6.672895209485151,0,0.0,1.0,4,206.0,0.46961158958072313,6,346.0,0.2674313779248274,0,0.0,0.8818165096513058,10,552.0
3440.0,10,281.0,5.9787234042553195,6.7442370612937275,0,0.0,1.0,6,229.0,0.1499392579684808,4,169.0,0.4019336127466293,0,0.0,0.9564658035342423,10,398.0
3445.0,11,336.0,7.0,7.625343631009199,0,0.0,1.0,7,264.0,0.1793444479126498,4,76.0,0.4208937197870989,0,0.0,0.944142794215176,11,340.0
3450.0,10,372.0,8.651162790697674,6.898136914073981,0,0.0,1.0,5,274.0,0.15646623945232066,5,99.0,0.13714351617484039,0,0.0,0.9659698432520454,10,373.0
3455.0,11,427.0,9.704545454545455,6.441126529638467,0,0.0,1.0,5,299.0,0.16409491723345207,6,129.0,0.20364285716232128,0,0.0,0.9274295169902276,11,428.0
3460.0,8,330.0,6.73469387755102,6.523341633476706,0,0.0,1.0,5,324.0,0.27540676540813863,1,32.0,0.45801622389575297,1,2.0,0.633238090480415,7,358.0
3465.0,8,358.0,7.3061224489795915,6.727473016425128,0,3.0,0.5127073995495228,5,355.0,0.3526215737578401,2,14.0,0.5445977257700197,0,0.0,0.9393342833603109,7,372.0
3470.0,5,61.0,1.22,7.958184021925628,0,0.0,0.8283628101777721,1,174.0,0.6647246371541589,3,21.0,0.39221432084475555,0,0.0,0.974368512256199,4,195.0
3475.0,5,54.0,1.0,8.669434388309968,0,0.0,1.0,0,9.0,0.8926829342296925,3,36.0,0.3943400108868184,0,0.0,0.9991998183219623,3,45.0
3480.0,5,48.0,0.8727272727272727,7.895868844249544,0,0.0,1.0,1,10.0,0.834722545747058,2,37.0,0.4913962056347068,0,0.0,0.9742504491785181,3,47.0
3485.0,7,72.0,1.3584905660377358,8.383837721958711,0,0.0,1.0,1,18.0,0.8406626855600023,3,28.0,0.3968517952498792,0,0.0,0.9707295394565655,4,46.0
3490.0,8,100.0,2.0833333333333335,7.4555913558580995,0,0.0,1.0,2,25.0,0.7803182517437541,3,43.0,0.43782146795454846,0,0.0,0.959230881021678,5,68.0
3495.0,9,137.0,2.6346153846153846,7.224980377161497,0,0.0,0.9545186786773631,2,12.0,0.7222604274123119,4,60.0,0.32696446828087883,0,0.0,0.9316939573214618,6,72.0
3500.0,8,143.0,2.9183673469387754,6.706565597300222,0,0.0,0.012645127484240723,2,22.0,0.7108864334742971,1,36.0,0.7830738481353157,0,0.0,0.9352075519296977,3,58.0
3505.0,8,178.0,3.4901960784313726,6.915926931513687,0,3.0,0.509823766131467,3,33.0,0.6268872185798121,1,41.0,0.7534899420056951,0,0.0,0.9894771609849595,4,77.0
3510.0,2,45.0,0.9,7.501441085541276,0,0.0,1.0,1,17.0,0.677839934954272,1,43.0,0.7705229655154656,0,0.0,0.9860968580126428,2,60.0
3515.0,2,49.0,0.9607843137254902,8.253873597271866,0,0.0,1.0,0,10.0,0.7628656894781687,1,48.0,0.7715286690530453,0,0.0,0.9796593370369795,1,58.0
3520.0,6,72.0,1.411764705882353,7.8515644123146355,0,0.0,1.0,1,7.0,0.7676349549162257,1,53.0,0.8026967037096903,0,0.0,0.953185736595606,2,60.0
3525.0,7,103.0,2.06,7.729163202877746,0,0.0,1.0,1,12.0,0.7829351690936217,2,59.0,0.5764349974779542,0,0.0,0.9804678681994012,3,71.0
3530.0,10,150.0,2.9411764705882355,7.23909043285345,0,0.0,1.0,1,17.0,0.6765890202529192,4,77.0,0.44371916066221573,0,0.0,0.9704504341200841,5,94.0
3535.0,17,219.0,4.866666666666666,5.413969363781091,0,0.0,1.0,7,36.0,0.27675804135549537,5,102.0,0.35314772056179866,0,0.0,0.9483229154895904,12,138.0
3540.0,19,283.0,6.288888888888889,4.945837401569329,0,0.0,1.0,8,72.0,0.23248932769956107,7,131.0,0.32827996645078644,0,0.0,0.9530610694059921,15,203.0
3545.0,12,218.0,4.954545454545454,5.253518385011417,0,0.0,1.0,9,115.0,0.16050030486798536,3,106.0,0.45820958698678815,0,0.0,0.9525432885862174,12,221.0
3550.0,9,197.0,4.377777777777778,5.779745489513798,0,3.0,0.6758490922368996,6,76.0,0.06919164720063198,3,121.0,0.3794789931040533,0,0.0,0.9551479088482211,9,200.0
3555.0,10,245.0,5.568181818181818,6.387675862250532,0,0.0,1.0,7,111.0,0.2670837089179414,3,136.0,0.0,0,0.0,0.956341262440497,10,247.0
3560.0,11,297.0,6.906976744186046,6.7152096591834205,0,0.0,1.0,7,146.0,0.3407865595854325,3,158.0,0.4638784932427891,0,0.0,0.9395940569947179,10,304.0
3565.0,10,211.0,4.48936170212766,7.318038016787598,0,0.0,1.0,7,181.0,0.43303565382752285,1,74.0,0.7167586049566994,0,0.0,0.9087598721153609,8,255.0
3570.0,7,214.0,4.553191489361702,7.912210563007694,0,0.0,1.0,7,213.0,0.44359528176464724,0,7.0,0.7871090324978741,0,0.0,0.9476586201084309,7,220.0
3575.0,6,93.0,1.9787234042553192,7.554807088205135,0,0.0,1.0,4,160.0,0.4315437020712532,2,14.0,0.49353946214709116,0,0.0,0.9490173038231007,6,174.0
3580.0,5,28.0,0.6222222222222222,8.22805873783238,0,0.0,1.0,2,16.0,0.48615575737183925,3,26.0,0.47689873078434236,0,0.0,0.9807509829626362,5,42.0
3585.0,7,50.0,1.1627906976744187,7.561849240867319,0,0.0,1.0,4,27.0,0.2547031334008338,2,26.0,0.32752070752112433,0,0.0,0.9346386571310794,6,53.0
3590.0,10,95.0,2.159090909090909,7.029614125177955,0,0.0,0.9544516742990214,5,51.0,0.23770497982092553,2,33.0,0.4575148325593348,0,0.0,0.9884418547538768,7,84.0
3595.0,10,123.0,3.0,6.610515495163992,0,0.0,1.0,6,81.0,0.3772960454694562,3,44.0,0.23007244434402374,0,0.0,0.9770229806177717,9,125.0
3600.0,11,177.0,4.317073170731708,6.947528757646953,0,0.0,1.0,6,111.0,0.43465239040376974,3,59.0,0.37401423345926404,0,0.0,0.9931633007262565,9,170.0
