step,system_total_stopped,system_total_waiting_time,system_mean_waiting_time,system_mean_speed,cluster_10564135163_13571629282_5146149679_stopped,cluster_10564135163_13571629282_5146149679_accumulated_waiting_time,cluster_10564135163_13571629282_5146149679_average_speed,cluster_10564135205_11749189839_3266988437_5129187741_#3more_stopped,cluster_10564135205_11749189839_3266988437_5129187741_#3more_accumulated_waiting_time,cluster_10564135205_11749189839_3266988437_5129187741_#3more_average_speed,cluster_10564135211_11749189838_12136544949_12136544951_#7more_stopped,cluster_10564135211_11749189838_12136544949_12136544951_#7more_accumulated_waiting_time,cluster_10564135211_11749189838_12136544949_12136544951_#7more_average_speed,cluster_10564135212_13571629279_13571629299_stopped,cluster_10564135212_13571629279_13571629299_accumulated_waiting_time,cluster_10564135212_13571629279_13571629299_average_speed,agents_total_stopped,agents_total_accumulated_waiting_time
0.0,0,0.0,0.0,0.0,0,0.0,1.0,0,0.0,1.0,0,0.0,1.0,0,0.0,1.0,0,0.0
5.0,0,0.0,0.0,10.139186546589794,0,0.0,1.0,0,0.0,0.961800533577271,0,0.0,1.0,0,0.0,0.9632590086254168,0,0.0
10.0,0,0.0,0.0,8.562657404415635,0,0.0,1.0,0,0.0,0.9666765959770369,0,0.0,1.0,0,0.0,0.9679489004838311,0,0.0
15.0,0,0.0,0.0,8.474319784994998,0,0.0,1.0,0,0.0,0.9726940470282897,0,0.0,1.0,0,0.0,0.973736602194751,0,0.0
20.0,0,0.0,0.0,9.266016756525474,0,0.0,1.0,0,0.0,0.970280797864963,0,0.0,1.0,0,0.0,0.978676625334713,0,0.0
25.0,1,2.0,0.18181818181818182,8.427002454508607,0,0.0,1.0,1,2.0,0.49780716294356553,0,0.0,0.6533737104614167,0,0.0,0.9954018438864287,1,2.0
30.0,2,9.0,0.75,6.695381530445374,0,0.0,1.0,1,7.0,0.498035710444122,1,2.0,0.013998322768188255,0,0.0,0.9807648834820523,2,9.0
35.0,3,24.0,1.7142857142857142,6.444935678688631,0,0.0,1.0,1,12.0,0.3943204761410483,2,12.0,0.0,0,0.0,0.9898069521442094,3,24.0
40.0,4,41.0,2.2777777777777777,5.706893912629273,0,0.0,1.0,2,19.0,0.08866553773675595,2,22.0,0.0,0,0.0,0.9713283869568735,4,41.0
45.0,5,62.0,3.4444444444444446,5.473064331348541,0,0.0,1.0,2,29.0,0.22246027773975321,3,33.0,0.0012474854833419012,0,0.0,0.9911495486751224,5,62.0
50.0,3,61.0,3.210526315789474,6.3371964016083195,0,0.0,1.0,2,39.0,0.3257101447326389,1,22.0,0.5,0,0.0,0.9773458685101878,3,61.0
55.0,4,76.0,3.4545454545454546,6.931173122976764,0,0.0,1.0,3,55.0,0.3587109249175258,1,27.0,0.4969351739230283,0,0.0,0.9506615557603912,4,82.0
60.0,4,94.0,4.086956521739131,7.232809363033576,0,0.0,1.0,2,65.0,0.5473763615813138,1,32.0,0.4544336958060926,0,0.0,0.9877866813610068,3,97.0
65.0,4,107.0,4.6521739130434785,6.699407556727885,0,0.0,1.0,2,75.0,0.49080520690675167,2,38.0,0.0036791008961004484,0,0.0,0.9859672960716427,4,113.0
70.0,1,6.0,0.25,7.77412040391597,0,0.0,1.0,0,6.0,0.807993665498074,1,6.0,7.843827424622629e-06,0,0.0,0.9403019734063328,1,12.0
75.0,2,11.0,0.4230769230769231,8.20073959703849,0,0.0,1.0,0,6.0,0.9710409015463487,2,11.0,0.0,0,0.0,0.9571209270760592,2,17.0
80.0,1,16.0,0.5714285714285714,8.646401965230313,0,0.0,1.0,0,3.0,0.9376561802971966,1,22.0,0.6982473223242259,0,0.0,0.9583173078684787,1,25.0
85.0,2,24.0,0.8,8.908689410349409,0,0.0,1.0,0,0.0,0.9195255688034996,2,30.0,0.7093875126859552,0,0.0,0.9403340808736679,2,30.0
90.0,1,26.0,0.9285714285714286,8.308864753070722,0,0.0,1.0,0,0.0,0.8154612609852707,1,32.0,0.7275357162926872,0,0.0,0.9780352096716753,1,32.0
95.0,4,40.0,1.25,7.513894400163398,0,0.0,1.0,1,6.0,0.39876758262157,3,40.0,0.4960709943889863,0,0.0,0.9481845320984936,4,46.0
100.0,6,67.0,1.9705882352941178,8.143591075157035,0,0.0,1.0,2,14.0,0.5583801915194841,4,59.0,0.5361190790554625,0,0.0,0.91257165197343,6,73.0
105.0,6,97.0,2.8529411764705883,8.11206518125833,0,0.0,0.8200720072735617,2,24.0,0.576407855657192,4,79.0,0.5240361633063684,0,0.0,0.8681786779422456,6,103.0
110.0,10,135.0,3.75,6.902102950210876,1,1.0,0.27245164936120736,2,34.0,0.6375806895516434,5,97.0,0.27468990593512066,0,0.0,0.8934836763511141,8,132.0
115.0,6,144.0,3.891891891891892,6.958615260478163,1,6.0,0.1825524444653163,2,44.0,0.6766580219215577,3,102.0,0.22571670362761456,0,0.0,0.9077063329593277,6,152.0
120.0,7,170.0,4.473684210526316,7.151292016984371,0,3.0,0.2483073976440642,3,54.0,0.5521505904054637,4,116.0,0.28981859674665505,0,0.0,0.9681410577402002,7,173.0
125.0,10,212.0,5.435897435897436,6.438241079115591,0,0.0,0.4879275195058216,4,71.0,0.462594088581298,6,141.0,0.036397195574798945,0,0.0,0.9909327102042816,10,212.0
130.0,12,268.0,7.052631578947368,5.9751270427913274,0,0.0,1.0,4,91.0,0.22798525792368257,8,177.0,0.07649219506289905,0,0.0,0.9550243881596283,12,268.0
135.0,12,218.0,5.7368421052631575,5.880638272352686,0,0.0,1.0,6,117.0,0.09013242852570084,6,145.0,0.22211569608663542,0,0.0,0.9856880255734358,12,262.0
140.0,11,232.0,6.105263157894737,7.1962665773511105,0,0.0,1.0,6,147.0,0.14198572429594009,5,85.0,0.31239159596197974,0,0.0,0.93348781172792,11,232.0
145.0,13,292.0,6.9523809523809526,7.113161333893321,0,0.0,1.0,7,177.0,0.12158119376030291,6,115.0,0.30990090695831757,0,0.0,0.9352596256492501,13,292.0
150.0,12,352.0,8.585365853658537,6.941272365614704,0,0.0,1.0,6,207.0,0.09294327064433623,6,145.0,0.23454309513117022,0,0.0,0.9331155170526889,12,352.0
155.0,7,263.0,6.414634146341464,6.55652146093169,0,0.0,1.0,6,237.0,0.09141212814849276,1,55.0,0.5359893508962144,0,0.0,0.9502280034978855,7,292.0
160.0,8,269.0,6.560975609756097,6.810600615666097,0,3.0,0.6417978122235733,6,273.0,0.29651360617532807,1,27.0,0.5416012298527424,0,0.0,0.940963621329184,7,303.0
165.0,11,319.0,7.4186046511627906,7.01658506303025,0,0.0,1.0,7,308.0,0.3702218220103512,1,6.0,0.0,0,0.0,0.9625666795774811,8,314.0
170.0,12,375.0,8.720930232558139,6.9585578760859015,0,0.0,1.0,7,343.0,0.3441961862817417,1,11.0,0.6502693922042043,0,0.0,0.9546945832988077,8,354.0
175.0,13,436.0,9.909090909090908,6.1218869966112175,0,0.0,1.0,7,378.0,0.37609412236163886,1,16.0,0.4823991451575715,0,0.0,0.9708916756400581,8,394.0
180.0,15,507.0,11.522727272727273,5.9778195730927415,0,0.0,1.0,7,413.0,0.37569235287529856,1,21.0,0.4826720725938797,0,0.0,0.9567695032778476,8,434.0
185.0,16,587.0,13.044444444444444,5.7584916480845445,0,0.0,1.0,8,453.0,0.29623292391710676,1,26.0,0.4600277032320142,0,0.0,0.94176672124375,9,479.0
190.0,19,674.0,14.652173913043478,5.155802567670831,0,0.0,1.0,9,495.0,0.16906498473696976,1,31.0,0.6436124102636297,0,0.0,0.9452352819535202,10,526.0
195.0,12,240.0,5.217391304347826,4.789405604191262,0,0.0,1.0,1,118.0,0.26936033415182137,2,37.0,0.0019835919787945105,0,0.0,0.9468830985418061,3,155.0
200.0,11,256.0,5.446808510638298,5.91617508548576,0,0.0,1.0,0,7.0,0.6447049174083025,1,6.0,0.0,0,0.0,0.9669980659406517,1,13.0
205.0,12,261.0,5.326530612244898,5.758334642948526,0,0.0,1.0,1,4.0,0.7337466047152006,1,20.0,0.6209691258946223,0,0.0,0.9448071033118237,2,24.0
210.0,11,280.0,5.6,6.736132841142997,0,0.0,1.0,1,9.0,0.7176857423258922,2,29.0,0.66400340613173,0,0.0,0.9512183342349039,3,38.0
215.0,13,332.0,6.64,6.8132957226064335,0,0.0,1.0,0,3.0,0.9622033232591706,4,45.0,0.629281436831052,0,0.0,0.9510787379272351,4,48.0
220.0,7,121.0,2.326923076923077,7.046357186261507,0,0.0,1.0,1,4.0,0.6181655637608209,1,28.0,0.757117065546444,0,0.0,0.9391874959353832,2,32.0
225.0,2,11.0,0.22448979591836735,7.709375869079972,0,0.0,1.0,1,15.0,0.6255655641151121,0,15.0,0.8920898288866776,0,0.0,0.96862220701493,1,30.0
230.0,2,12.0,0.26666666666666666,8.055012200727187,0,0.0,0.9491363164743815,2,21.0,0.6429798523953817,0,3.0,0.9467040906020597,0,0.0,0.9541911796132287,2,24.0
235.0,0,0.0,0.0,8.303342741769116,0,0.0,0.9655678194370658,0,6.0,0.9313854364251619,0,3.0,0.9544814447377785,0,0.0,0.9698379427356607,0,9.0
240.0,3,6.0,0.125,7.6328620159210985,0,0.0,1.0,0,6.0,0.9592379532516233,2,6.0,0.2982334094691064,0,0.0,0.9755557356461058,2,12.0
245.0,3,21.0,0.44680851063829785,7.291978164870098,0,0.0,1.0,0,6.0,0.7783950872619594,2,65.0,0.5395732533547706,0,0.0,0.9429617538687479,2,71.0
250.0,7,47.0,1.0,6.814754496736891,0,0.0,1.0,1,38.0,0.7133434526770338,5,117.0,0.4288680097799303,0,0.0,0.9342537348033333,6,155.0
255.0,8,57.0,1.163265306122449,6.548918371535672,0,0.0,1.0,1,60.0,0.7235788329293847,7,144.0,0.21865215392698226,0,0.0,0.9361224383472071,8,204.0
260.0,6,33.0,0.6875,6.432549835501352,0,0.0,1.0,3,16.0,0.37639864634208,3,122.0,0.4071615406070472,0,0.0,0.9560834922838821,6,138.0
265.0,5,52.0,1.1063829787234043,6.9796633590587085,0,6.0,0.6365674325488898,3,34.0,0.48697088524769344,2,124.0,0.49799489321143,0,0.0,0.9708731580388625,5,164.0
270.0,5,77.0,1.6041666666666667,7.8919286102313935,0,0.0,0.7803018965413573,3,49.0,0.5117317079061431,2,122.0,0.46269229560963354,0,0.0,0.9704032287165133,5,171.0
275.0,3,48.0,1.0,7.507006156351864,1,1.0,0.19279343123555845,0,5.0,0.7448984730400083,2,137.0,0.5137059832313714,0,0.0,0.9731680577146591,3,143.0
280.0,5,71.0,1.5106382978723405,8.181239351385399,2,9.0,0.202582234955188,0,5.0,0.8990386515893813,3,152.0,0.22444795215332783,0,0.0,0.9563495059357469,5,166.0
285.0,5,96.0,1.9591836734693877,8.164086038360711,2,19.0,0.02220564055125321,0,3.0,0.7504970052083294,3,170.0,0.4846076300905571,0,0.0,0.9992027202232608,5,192.0
290.0,8,132.0,2.5384615384615383,7.817797570910477,2,29.0,0.005301918690159713,1,8.0,0.6526588259947724,5,188.0,0.4260690581932858,0,0.0,0.958839629848776,8,225.0
295.0,5,123.0,2.3653846153846154,7.522221194479697,0,4.0,0.037752108698444746,0,4.0,0.4468746832201488,5,213.0,0.48465091783657943,0,0.0,0.9943538866850635,5,221.0
300.0,9,161.0,3.0961538461538463,8.071102826468678,0,0.0,1.0,3,16.0,0.4310007214222296,6,239.0,0.3719879028023021,0,0.0,0.9718520380423616,9,255.0
305.0,7,181.0,3.693877551020408,7.666023059334603,0,0.0,1.0,3,30.0,0.3883548012979313,4,244.0,0.4522924514507645,0,0.0,0.9957731854949518,7,274.0
310.0,9,218.0,4.1923076923076925,7.119677348495082,0,0.0,0.971379554041106,4,52.0,0.3148186761026512,5,282.0,0.1698186985005613,0,0.0,0.9718908795120361,9,334.0
315.0,11,270.0,5.294117647058823,6.844696543645913,0,0.0,1.0,4,72.0,0.41049902340329075,7,311.0,0.11191072320001151,0,0.0,0.9756191971789543,11,383.0
320.0,12,328.0,6.431372549019608,6.791056728993064,0,0.0,1.0,5,95.0,0.4307623295365616,7,346.0,0.11798678974788314,0,0.0,0.9847526374420745,12,441.0
325.0,10,241.0,4.7254901960784315,6.887009115872853,0,0.0,1.0,5,120.0,0.42506313723355876,5,258.0,0.14324114078029201,0,0.0,0.9924504492989985,10,378.0
330.0,9,181.0,3.693877551020408,7.238179052148531,0,0.0,1.0,5,145.0,0.4833774107861186,2,110.0,0.36625157727389723,0,0.0,0.9284296729889555,7,255.0
335.0,8,90.0,1.836734693877551,6.812330807553277,0,0.0,1.0,1,21.0,0.718347672731847,3,52.0,0.23795223663755424,0,0.0,0.9077755920720257,4,73.0
340.0,8,130.0,2.6530612244897958,7.306966588190434,0,0.0,1.0,1,23.0,0.7303914722515165,3,64.0,0.223233778303188,0,0.0,0.9674558198472625,4,87.0
345.0,6,126.0,2.5714285714285716,7.5477754849102565,0,0.0,1.0,1,28.0,0.686934123056815,2,75.0,0.4496585677929454,0,0.0,0.960381853295562,3,103.0
350.0,7,160.0,3.2653061224489797,7.084182766471505,0,0.0,1.0,2,40.0,0.5733893357556559,2,85.0,0.6419942498793975,0,0.0,0.9336975551973489,4,125.0
355.0,10,201.0,3.9411764705882355,6.736931416218581,0,0.0,1.0,3,53.0,0.5289291507800163,2,95.0,0.7258298322911386,0,0.0,0.9899395343014363,5,148.0
360.0,10,251.0,5.229166666666667,6.832361495470856,0,0.0,1.0,3,68.0,0.534304148009201,2,105.0,0.6448152450951117,0,0.0,0.9677857137813484,5,173.0
365.0,8,245.0,4.9,7.109723926142873,0,0.0,1.0,3,83.0,0.5223420003580177,2,115.0,0.6402038826911584,0,0.0,0.950275720057388,5,198.0
370.0,13,300.0,6.0,6.124209784423836,0,0.0,1.0,3,98.0,0.5614826400775568,3,127.0,0.38443225770963624,0,0.0,0.9942606143594924,6,225.0
375.0,10,221.0,4.42,6.158070395949299,0,0.0,1.0,2,84.0,0.5007617229434908,5,151.0,0.26271173646921814,0,0.0,0.9873486294452488,7,235.0
380.0,11,270.0,5.1923076923076925,6.000661468626799,0,0.0,1.0,2,70.0,0.4145712746485061,6,177.0,0.12239628216312776,0,0.0,0.9644191238095683,8,247.0
385.0,8,135.0,2.5961538461538463,6.7273689549269085,0,0.0,1.0,3,84.0,0.3968278287048754,5,136.0,0.27055941128430777,0,0.0,0.9448962412884546,8,220.0
390.0,10,182.0,3.64,6.238847553696162,0,0.0,1.0,3,99.0,0.24824147334150135,6,112.0,0.3626508343647458,0,0.0,0.9059398785349022,9,211.0
395.0,10,207.0,3.980769230769231,6.109537564772852,0,0.0,1.0,1,78.0,0.4833980160552813,8,150.0,0.23060508331198148,0,0.0,0.9352686528069921,9,228.0
400.0,9,245.0,4.537037037037037,6.858289107941963,0,0.0,1.0,1,83.0,0.7048579288438082,8,190.0,0.23137114265768174,0,0.0,0.9530793358641444,9,273.0
405.0,11,294.0,5.345454545454546,6.156215700167695,0,0.0,1.0,1,88.0,0.6019082591462014,9,237.0,0.3392014023251907,0,0.0,0.9604271230334167,10,325.0
410.0,8,134.0,2.4814814814814814,5.611626334499429,0,0.0,1.0,2,96.0,0.2657342466678404,2,105.0,0.41049232181843437,0,0.0,0.9982550433652035,4,201.0
415.0,8,165.0,2.8947368421052633,5.860248528910022,0,6.0,0.5607797404911423,1,104.0,0.547837957558584,1,51.0,0.39884512800813965,0,0.0,0.9172827403885813,2,161.0
420.0,5,155.0,2.8181818181818183,7.542405930608867,0,0.0,0.6930127403274571,1,135.0,0.7140556720260701,1,50.0,0.6840098699919628,0,0.0,0.9716316213465767,2,185.0
425.0,3,145.0,2.6363636363636362,8.465874231561477,0,0.0,1.0,2,164.0,0.741371906076878,1,58.0,0.6854721105676134,0,0.0,0.9929999152162681,3,222.0
430.0,3,160.0,2.857142857142857,8.571748802604946,0,0.0,0.9425477949178065,2,157.0,0.7385220172846569,1,60.0,0.7063137976048899,0,0.0,0.9973990387383582,3,217.0
435.0,4,129.0,2.263157894736842,8.478291628308126,0,0.0,1.0,1,144.0,0.7602185398531914,0,11.0,0.8949173797340447,0,0.0,0.9514073315305026,1,155.0
440.0,6,146.0,2.92,7.807485712257377,0,0.0,1.0,1,129.0,0.7446452656148782,2,5.0,0.6792339875591961,0,0.0,0.982483433519612,3,134.0
445.0,8,182.0,3.872340425531915,7.743548529817073,0,0.0,0.95568257739422,1,128.0,0.7185639783733857,2,15.0,0.6677227126474351,0,0.0,0.9829791139268099,3,143.0
450.0,11,227.0,4.934782608695652,6.813500094113307,0,0.0,1.0,1,133.0,0.7123559238552742,4,46.0,0.5348700848126328,0,0.0,0.9946679633558299,5,179.0
455.0,11,142.0,3.021276595744681,6.251084064432894,0,0.0,1.0,0,0.0,0.6199887068588732,4,43.0,0.40005703270110576,0,0.0,0.9649185100573634,4,43.0
460.0,10,132.0,2.8085106382978724,6.759196900637395,0,0.0,1.0,1,20.0,0.5731870747917445,5,67.0,0.42824719213256973,0,0.0,0.9514266251323619,6,87.0
465.0,7,99.0,2.106382978723404,7.346992124412055,0,0.0,1.0,1,37.0,0.7496794624973908,5,92.0,0.42034280438701477,0,0.0,0.9756022924148926,6,129.0
470.0,6,126.0,2.5714285714285716,7.280460767815469,0,0.0,1.0,1,42.0,0.5380330607488998,5,117.0,0.3060256883121166,0,0.0,0.9758111124207846,6,159.0
475.0,1,3.0,0.0625,6.710157184028309,0,0.0,1.0,1,18.0,0.44933956193728897,0,34.0,0.545789524097435,0,0.0,0.9663412380091807,1,52.0
480.0,2,11.0,0.25,7.038632114368499,0,3.0,0.7241196064687969,2,32.0,0.408351963812901,0,3.0,0.4628858380691829,0,0.0,0.9676768960453969,2,38.0
485.0,4,29.0,0.6744186046511628,7.464171678247984,0,0.0,0.9913211705300536,2,42.0,0.5877733641704772,2,11.0,0.4911941133175113,0,0.0,0.9539065557218954,4,53.0
490.0,4,49.0,1.1136363636363635,8.211353867304645,0,0.0,1.0,2,52.0,0.7224615590408274,2,21.0,0.4881943980872344,0,0.0,0.9711966263533385,4,73.0
495.0,4,30.0,0.6666666666666666,7.833019924605989,0,0.0,1.0,0,6.0,0.814045203341867,2,31.0,0.47775485619163177,0,0.0,0.9932881763756521,2,37.0
500.0,8,64.0,1.4545454545454546,7.691941313306851,0,0.0,1.0,1,10.0,0.7986540534664943,2,41.0,0.475140479853273,0,0.0,0.9966481728480738,3,51.0
505.0,9,98.0,2.0851063829787235,7.239009524500664,0,0.0,1.0,2,15.0,0.6081130157257623,2,54.0,0.5843767532247417,0,0.0,1.0,4,69.0
510.0,5,78.0,1.6595744680851063,7.0281994234975524,0,0.0,1.0,3,44.0,0.47527025098219877,2,64.0,0.3743359046814975,0,0.0,0.9421671425955648,5,108.0
515.0,5,77.0,1.673913043478261,6.500442971725845,0,0.0,1.0,0,18.0,0.5740049850971818,5,83.0,0.157942223332777,0,0.0,0.9375282773640431,5,101.0
520.0,4,29.0,0.6041666666666666,6.344035057008276,0,0.0,1.0,1,23.0,0.490300053753781,3,67.0,0.2151418679590822,0,0.0,0.9316972446596814,4,90.0
525.0,6,56.0,1.12,7.222078126832912,0,0.0,1.0,2,32.0,0.5770144673922222,4,54.0,0.39652294033964,0,0.0,0.9913675396442596,6,86.0
530.0,8,92.0,1.84,7.238483798501214,0,0.0,1.0,2,42.0,0.5827295058140924,5,73.0,0.3531313858543002,0,0.0,0.9597794222589938,7,115.0
535.0,8,103.0,2.1458333333333335,6.992505372840188,0,0.0,1.0,1,34.0,0.49908895708000506,6,100.0,0.2406283942505022,0,0.0,0.9869022190173973,7,134.0
540.0,7,129.0,2.8043478260869565,7.037114702728477,0,0.0,1.0,1,8.0,0.6229363740699775,6,130.0,0.31814168959439093,0,0.0,0.9818661108472483,7,138.0
545.0,2,15.0,0.32608695652173914,7.078061048711678,0,0.0,1.0,2,15.0,0.42275937954321446,0,47.0,0.5197013404988297,0,0.0,0.9551849556904367,2,62.0
550.0,3,29.0,0.6444444444444445,7.521092222052216,0,3.0,0.7914437717342397,2,31.0,0.5984952046850778,1,10.0,0.7545763290837737,0,0.0,0.9771368640547593,3,44.0
555.0,1,9.0,0.20454545454545456,8.336613317853185,0,0.0,0.8818663344737168,0,6.0,0.8650841688841809,1,12.0,0.6446886927636167,0,0.0,0.963303795066017,1,18.0
560.0,3,18.0,0.391304347826087,8.531859848674326,0,0.0,1.0,1,7.0,0.805804483473037,1,17.0,0.6019989698153317,0,0.0,0.9284666767745539,2,24.0
565.0,5,38.0,0.8085106382978723,8.285443599888854,0,0.0,1.0,1,12.0,0.7812872905666717,1,28.0,0.8078190033216007,0,0.0,0.9557289344590693,2,40.0
570.0,6,65.0,1.3829787234042554,7.567614356789493,0,0.0,1.0,1,17.0,0.8110431635481737,1,33.0,0.6042321118746612,0,0.0,0.9579131411807383,2,50.0
575.0,8,103.0,2.1914893617021276,7.112005395919602,0,0.0,1.0,1,16.0,0.6220862014430465,3,46.0,0.6561798436590605,0,0.0,0.9782558132841277,4,62.0
580.0,9,147.0,3.127659574468085,7.257233664873696,0,0.0,1.0,2,25.0,0.6537347536387413,3,61.0,0.5512975258255681,0,0.0,0.9330864154410151,5,86.0
585.0,8,159.0,3.533333333333333,7.047249098759605,0,0.0,1.0,0,8.0,0.5526057010427993,4,78.0,0.5728683270968186,0,0.0,0.9187308678375677,4,86.0
590.0,9,162.0,3.6,5.8747091922229755,0,0.0,1.0,2,7.0,0.637930641038101,3,54.0,0.19072401314371568,0,0.0,0.981543851537491,5,61.0
595.0,12,154.0,3.5,5.762256493662787,0,3.0,0.9291160816941606,3,17.0,0.46660199231564764,6,86.0,0.24897249669160856,0,0.0,0.8236759501065798,9,106.0
600.0,12,143.0,3.108695652173913,6.027672374689205,0,0.0,1.0,3,30.0,0.3772406993399618,7,117.0,0.3020833631018739,0,0.0,0.9630340931481406,10,147.0
605.0,8,144.0,3.2,5.847247136036206,0,0.0,1.0,0,0.0,0.5581984526732537,8,156.0,0.303499934176571,0,0.0,0.9605557143202359,8,156.0
610.0,1,5.0,0.10869565217391304,6.675801187888719,0,0.0,1.0,1,5.0,0.6606219289368198,0,50.0,0.4130711658145414,0,0.0,0.9442323310542986,1,55.0
615.0,2,15.0,0.3191489361702128,8.227010809961754,0,6.0,0.525645663618765,1,16.0,0.6913577889953277,1,14.0,0.8050920927746094,0,0.0,0.9426533124951919,2,36.0
620.0,3,28.0,0.5957446808510638,8.15870827572191,1,12.0,0.20648664422112104,1,18.0,0.806208082106851,1,16.0,0.8046712560496635,0,0.0,0.9389353237426422,3,46.0
625.0,5,49.0,1.0208333333333333,8.016341972807588,3,23.0,0.04963464833427622,1,23.0,0.7777160032857855,1,21.0,0.7599406279424924,0,0.0,0.941483704964541,5,67.0
630.0,8,62.0,1.3191489361702127,7.349665118520391,5,42.0,0.0005686828355808477,1,28.0,0.8036928182440691,0,8.0,0.80498295333208,0,0.0,0.95944939487147,6,78.0
635.0,4,45.0,0.9183673469387755,7.547864969322953,0,15.0,0.03944428404318563,1,33.0,0.7957526620240465,0,6.0,0.8415287593117714,0,0.0,0.9634364846083407,1,54.0
640.0,4,52.0,1.1304347826086956,7.56004612349648,0,0.0,1.0,1,49.0,0.7868807779250933,1,6.0,0.560698370319101,0,0.0,0.9391493861507273,2,55.0
645.0,7,86.0,1.9111111111111112,7.338517476733538,0,0.0,1.0,1,43.0,0.49075372558402564,3,17.0,0.471594364588118,0,0.0,0.9670058657266137,4,60.0
650.0,10,134.0,2.7916666666666665,6.510092676322958,0,0.0,1.0,4,61.0,0.2724374162591259,3,32.0,0.2566335322160111,0,0.0,0.9403359852245177,7,93.0
655.0,9,145.0,2.9591836734693877,6.245113871000315,0,0.0,1.0,6,89.0,0.13029215524338977,0,0.0,0.5229075986114052,0,0.0,0.9698575236053479,6,89.0
660.0,6,116.0,2.32,7.1660372712655285,0,3.0,0.763218054909639,6,122.0,0.24387281065843122,0,0.0,0.9608606929790452,0,0.0,0.9956847472786602,6,125.0
665.0,2,75.0,1.530612244897959,7.371521980759428,0,6.0,0.3219737016849238,2,81.0,0.4895665693730213,0,0.0,1.0,0,0.0,0.9469033806322679,2,87.0
670.0,5,95.0,1.9387755102040816,7.462446225957214,3,16.0,0.017435359792341818,2,88.0,0.5883829782954525,0,0.0,1.0,0,0.0,0.9472462097484886,5,104.0
675.0,3,96.0,1.92,7.962791436264614,0,0.0,0.027262063460482967,2,98.0,0.6197814485687284,0,50.0,0.8723326031734432,0,0.0,0.9609834830668443,2,148.0
680.0,4,111.0,2.22,8.283924004974443,0,0.0,1.0,2,108.0,0.6263630125054326,1,6.0,0.6496432567664708,0,0.0,0.9437005330549713,3,114.0
685.0,3,123.0,2.3207547169811322,8.622210021153423,0,0.0,1.0,2,118.0,0.5517168179620356,1,11.0,0.7265411588112738,0,0.0,0.9360249617298143,3,129.0
690.0,4,142.0,2.6792452830188678,8.342915995615343,0,0.0,1.0,3,129.0,0.29372788280933,1,18.0,0.6683902990286594,0,0.0,0.9688046480942832,4,147.0
695.0,6,155.0,2.980769230769231,7.856320933524851,0,0.0,1.0,3,144.0,0.3673743784273052,1,11.0,0.762052559223781,0,0.0,0.9595122119314783,4,155.0
700.0,5,30.0,0.5882352941176471,7.249322622648567,0,0.0,0.9634284089061057,0,13.0,0.589136538423955,2,19.0,0.38416042023184116,0,0.0,0.9526106754637524,2,32.0
705.0,3,26.0,0.5306122448979592,8.458583882328846,0,0.0,1.0,0,3.0,0.9433567522057174,3,31.0,0.2492479626482625,0,0.0,0.9270959676973957,3,34.0
710.0,4,43.0,0.9347826086956522,8.597295856766614,0,0.0,1.0,1,8.0,0.7989997135279387,3,49.0,0.49382462087698403,0,0.0,0.9683245473014317,4,57.0
715.0,4,63.0,1.3125,8.267129871462496,0,0.0,1.0,1,13.0,0.7971509977987253,3,66.0,0.4340795868495591,0,0.0,0.9716259944864265,4,79.0
720.0,4,56.0,1.1914893617021276,7.842489544686593,0,0.0,1.0,1,7.0,0.7743771750222538,3,65.0,0.5320231476366627,0,0.0,0.9737371555016179,4,72.0
725.0,5,77.0,1.5714285714285714,8.45016156681895,0,0.0,1.0,1,15.0,0.8128077027831765,4,81.0,0.4035412813343866,0,0.0,0.9652407360438833,5,96.0
730.0,5,102.0,2.1702127659574466,7.626616891978913,0,0.0,1.0,1,17.0,0.7191047702907949,4,104.0,0.43864987528947,0,0.0,0.9807476081020571,5,121.0
735.0,7,137.0,2.9782608695652173,7.726738462260214,0,0.0,1.0,1,19.0,0.625651033216202,6,134.0,0.3360874552256385,0,0.0,0.9774572173171547,7,153.0
740.0,5,119.0,2.5319148936170213,6.534616341334139,0,0.0,1.0,0,0.0,0.6714361673757816,3,130.0,0.31685183847433235,0,0.0,0.9723198743925693,3,130.0
745.0,10,163.0,3.4680851063829787,7.047379410410227,0,3.0,0.6087701591127161,1,7.0,0.5794634077539268,4,144.0,0.40458735690423964,0,0.0,0.9370134038785635,5,154.0
750.0,13,223.0,4.551020408163265,6.792939335558823,0,0.0,1.0,2,17.0,0.5503947204582892,5,169.0,0.41207572081417854,0,0.0,0.9418904454742639,7,186.0
755.0,16,294.0,6.25531914893617,5.817328814736331,0,0.0,1.0,2,27.0,0.4922839407413285,5,194.0,0.35344855784140367,0,0.0,0.9794296097697099,7,221.0
760.0,13,211.0,4.395833333333333,5.923429203555322,0,0.0,1.0,0,3.0,0.8802907844701211,4,150.0,0.23710663745226723,0,0.0,0.9593594382318016,4,153.0
765.0,11,189.0,4.2,6.167125669239166,0,0.0,1.0,0,3.0,0.8838217296706745,2,53.0,0.47205436538148715,0,0.0,0.9765270073221634,2,56.0
770.0,8,151.0,3.5952380952380953,7.257907591342128,0,0.0,1.0,0,3.0,0.9566195369195282,3,36.0,0.5789242562507085,0,0.0,0.926270885782832,3,39.0
775.0,8,155.0,3.522727272727273,6.785132282628902,0,0.0,1.0,0,0.0,0.6265979552301545,4,52.0,0.3096063127244016,0,0.0,0.980003856884165,4,52.0
780.0,8,76.0,1.8095238095238095,7.052426755531253,0,0.0,1.0,1,5.0,0.6369017440790686,6,82.0,0.40813131828768423,0,0.0,0.9438915180363372,7,87.0
785.0,2,20.0,0.46511627906976744,6.891795642544929,0,0.0,1.0,1,10.0,0.4086390453672991,1,38.0,0.5840501899594862,0,0.0,0.940556047303133,2,48.0
790.0,4,24.0,0.5853658536585366,7.296891736263175,0,3.0,0.6844650080355021,2,20.0,0.5790252220364647,0,50.0,0.7679237593902697,0,0.0,0.9588559000780951,2,73.0
795.0,3,31.0,0.775,7.87899143141247,0,0.0,1.0,2,33.0,0.41202632340593126,1,38.0,0.8029499533181567,0,0.0,0.9747863180023226,3,71.0
800.0,5,28.0,0.6511627906976745,7.616616709144421,0,0.0,0.9712572425209117,2,23.0,0.5923048497423268,2,44.0,0.47315752630872676,1,1.0,0.5010799026706708,5,68.0
805.0,6,48.0,1.1162790697674418,7.8648095703581,0,0.0,0.9862017460437337,2,33.0,0.6372716925274938,0,5.0,0.5264350404645576,1,6.0,0.49413749766390563,3,44.0
810.0,8,81.0,1.8837209302325582,8.175628908906548,1,5.0,0.4621702945492553,2,43.0,0.663173553317857,0,0.0,0.4124353070488427,1,11.0,0.6336161117355535,4,59.0
815.0,4,61.0,1.3555555555555556,8.026878949078112,1,7.0,0.18892947624310508,2,53.0,0.2771348737722154,1,4.0,0.4803900132501304,0,0.0,0.9412294974149534,4,64.0
820.0,2,21.0,0.4666666666666667,8.648410488795342,1,12.0,0.0,0,3.0,0.45801349183995566,1,12.0,0.6071316910675669,0,0.0,0.9511996036020667,2,27.0
825.0,1,17.0,0.4358974358974359,8.500605148351712,1,17.0,0.0,0,0.0,0.7489231162492744,0,0.0,0.9364326514553002,0,0.0,0.9204514056253941,1,17.0
830.0,0,0.0,0.0,9.506909906811808,0,0.0,1.0,0,0.0,0.8926886521446651,0,5.0,0.9040935828638456,0,0.0,0.9640855605261734,0,5.0
835.0,0,0.0,0.0,9.710460738877206,0,0.0,1.0,0,20.0,0.8747177980779401,0,5.0,0.9671850909680548,0,0.0,0.9376164138152752,0,25.0
840.0,1,3.0,0.06818181818181818,9.60026447118443,0,0.0,1.0,1,23.0,0.7976552505019562,0,5.0,0.8665033233685401,0,0.0,0.9400599827768521,1,28.0
845.0,2,10.0,0.23255813953488372,8.602309733296392,0,0.0,1.0,1,8.0,0.7248491584339031,0,5.0,0.5828864760958946,0,0.0,0.9840313987287391,1,13.0
850.0,5,31.0,0.7380952380952381,7.283408496073853,0,0.0,1.0,1,13.0,0.43769684729692904,2,14.0,0.4015371828048514,0,0.0,0.9618914680622028,3,27.0
855.0,10,75.0,1.744186046511628,6.70211657899956,0,0.0,1.0,2,23.0,0.5723681562813611,4,29.0,0.0035995367888051978,0,0.0,0.9434773191677798,6,52.0
860.0,15,139.0,3.159090909090909,5.889016901131651,0,0.0,1.0,4,37.0,0.3198541923039935,5,53.0,0.06175002551726133,0,0.0,0.9452096225253473,9,90.0
865.0,15,185.0,4.3023255813953485,5.889681049833116,0,0.0,1.0,5,58.0,0.2719191007563071,4,61.0,0.026044106792551695,0,0.0,0.9155356672656932,9,119.0
870.0,16,261.0,6.365853658536586,5.9561037627449505,0,0.0,1.0,5,83.0,0.3074875114490488,4,68.0,0.08051650893493648,0,0.0,0.9724974448272509,9,151.0
875.0,16,341.0,8.119047619047619,5.934194575462111,0,0.0,1.0,5,108.0,0.26409534437420606,4,88.0,0.008425106304825836,0,0.0,0.9719800609096839,9,196.0
880.0,13,306.0,7.116279069767442,5.448230838896609,0,0.0,1.0,1,16.0,0.3367697269039307,5,110.0,0.0010816321685180744,0,0.0,0.9884174513611399,6,126.0
885.0,16,378.0,8.217391304347826,5.643980591021365,0,0.0,1.0,2,25.0,0.14705667786008603,5,135.0,0.2766062876874649,0,0.0,0.965617282016961,7,160.0
890.0,16,458.0,9.74468085106383,6.256511618988796,0,0.0,1.0,2,35.0,0.40601575270147017,5,166.0,0.4838243495506609,0,0.0,0.9520044289523041,7,201.0
895.0,17,541.0,12.581395348837209,5.845330139942605,0,0.0,1.0,2,45.0,0.44137344483622154,6,194.0,0.48322780216534955,0,0.0,0.9029842423892847,8,239.0
900.0,16,607.0,13.795454545454545,5.793361706234108,0,0.0,1.0,1,36.0,0.5403806447816073,6,224.0,0.480011310116263,0,0.0,0.9509530294218482,7,260.0
905.0,12,394.0,8.208333333333334,5.617392459929074,0,0.0,1.0,1,41.0,0.7274798997518571,3,37.0,0.43885699458424293,0,0.0,0.925833116388456,4,78.0
910.0,11,351.0,7.8,5.47846302402073,0,6.0,0.5455105936073634,2,51.0,0.359517046002707,4,32.0,0.5256239097664424,0,0.0,0.9503406322493769,6,89.0
915.0,12,410.0,8.91304347826087,6.604921335490984,0,0.0,0.9783770155386737,2,67.0,0.6365484790520564,4,49.0,0.4219040767681885,0,0.0,0.9502297929508767,6,116.0
920.0,11,458.0,9.74468085106383,6.928775255993801,0,0.0,0.9455946671712083,1,102.0,0.7966599010377907,4,66.0,0.19195988625865287,0,0.0,0.9724274698448773,5,168.0
925.0,6,236.0,4.916666666666667,6.990256583032043,0,0.0,1.0,1,104.0,0.8350854413067716,2,62.0,0.23223365336195645,0,0.0,0.9551939280687916,3,166.0
930.0,4,98.0,2.130434782608696,7.2811844572286875,0,0.0,1.0,1,109.0,0.7097273251853314,3,38.0,0.47476765587923264,0,0.0,0.9775842777194642,4,147.0
935.0,5,123.0,2.86046511627907,7.42871102515125,0,0.0,0.9643052127325946,2,82.0,0.7248347878835453,3,50.0,0.38246122564468393,0,0.0,0.9663126008644912,5,132.0
940.0,5,140.0,3.1818181818181817,7.275899116798943,0,0.0,1.0,1,90.0,0.6793909423599094,3,65.0,0.39709702699591154,0,0.0,0.9279346596781458,4,155.0
945.0,8,172.0,4.095238095238095,6.7081464021328525,0,0.0,1.0,4,94.0,0.38798614053751146,3,80.0,0.3861082189216747,0,0.0,0.9733237297583394,7,174.0
950.0,8,171.0,4.071428571428571,6.689504997630172,0,0.0,1.0,5,119.0,0.31646636702621317,2,109.0,0.5714475097468507,0,0.0,0.9625780598393798,7,228.0
955.0,10,202.0,4.6976744186046515,7.096749544750838,0,0.0,1.0,6,202.0,0.36234287031902207,4,123.0,0.41929618667248125,0,0.0,0.982155739205335,10,325.0
960.0,8,182.0,4.136363636363637,6.545306313009338,0,0.0,1.0,1,154.0,0.539318451615019,6,146.0,0.12568823208321953,0,0.0,0.9750259792981645,7,300.0
965.0,8,215.0,5.375,6.3596702566447645,0,0.0,1.0,2,152.0,0.3447878518064889,6,176.0,0.259221503257257,0,0.0,0.9802771358664758,8,328.0
970.0,10,249.0,5.928571428571429,6.8159323447337385,0,0.0,1.0,4,169.0,0.39305595126535,6,139.0,0.31416716075975526,0,0.0,0.9669044030081066,10,308.0
975.0,11,302.0,6.711111111111111,7.122473850222851,0,0.0,1.0,4,192.0,0.4943729659081105,6,169.0,0.3803893773907519,0,0.0,0.95941252662605,10,361.0
980.0,14,360.0,7.826086956521739,6.56409340050693,0,0.0,1.0,6,214.0,0.3797899414324754,7,197.0,0.40614439851519646,0,0.0,0.9501276797229501,13,411.0
985.0,13,417.0,8.872340425531915,6.412261973480494,0,0.0,1.0,6,244.0,0.3558660038068462,7,232.0,0.3421431401002414,0,0.0,0.9726048780815452,13,476.0
990.0,7,226.0,5.136363636363637,5.9872145747828,0,0.0,1.0,7,279.0,0.31318901979143265,0,74.0,0.44494354924465407,0,0.0,0.9767271833788481,7,353.0
995.0,9,269.0,5.723404255319149,6.837072565102946,0,3.0,0.5671042695090991,8,329.0,0.3281857995718249,1,3.0,0.6548164998760069,0,0.0,0.9512733315035199,9,335.0
1000.0,7,196.0,4.083333333333333,7.680627859338256,0,0.0,0.9601039993837637,6,254.0,0.4737080640451769,1,8.0,0.6456456769907589,0,0.0,0.9626878373171562,7,262.0
1005.0,3,155.0,3.297872340425532,8.550969226060122,0,0.0,1.0,1,171.0,0.727045956226665,1,13.0,0.47567855996145303,0,0.0,0.9783471168930702,2,184.0
1010.0,2,148.0,2.9019607843137254,9.431925939822994,0,0.0,1.0,1,152.0,0.8202670049006832,0,0.0,0.8508555246045537,0,0.0,0.9503792038629603,1,152.0
1015.0,3,155.0,3.163265306122449,9.130491263733056,0,0.0,1.0,2,159.0,0.7722183734327086,1,2.0,0.6272425141696871,0,0.0,0.9372093081077061,3,161.0
1020.0,3,166.0,3.3877551020408165,8.996481128978854,0,0.0,1.0,1,165.0,0.8279591487176104,2,10.0,0.5619809364080993,0,0.0,0.9490488874340604,3,175.0
1025.0,3,181.0,3.851063829787234,8.774770721412816,0,0.0,1.0,1,164.0,0.7775483935472839,2,20.0,0.6279079425302413,0,0.0,0.939129179701266,3,184.0
1030.0,3,170.0,3.617021276595745,7.761484900784944,0,0.0,1.0,2,168.0,0.38470961175324714,0,3.0,0.7835473071883102,0,0.0,0.9325762824579835,2,171.0
1035.0,4,189.0,4.295454545454546,8.301519950575972,0,3.0,0.5305912570772713,3,185.0,0.4996032721392009,0,3.0,0.962140711622539,0,0.0,0.9313669383694976,3,191.0
1040.0,3,191.0,4.340909090909091,8.545560138516093,0,0.0,1.0,2,182.0,0.6623369523328629,0,3.0,0.9379491122264753,0,0.0,0.9697187307203159,2,185.0
1045.0,3,190.0,4.222222222222222,9.094153250191454,0,0.0,1.0,3,193.0,0.6554877543808932,0,3.0,0.9430444820357321,0,0.0,0.9687812276226784,3,196.0
1050.0,5,209.0,5.225,8.68541931088757,0,0.0,1.0,4,211.0,0.5359640602940691,0,3.0,0.9860255996812803,0,0.0,0.9460545124483996,4,214.0
1055.0,6,236.0,6.051282051282051,7.235003595281917,0,0.0,1.0,4,228.0,0.34588813937983526,1,5.0,0.19093831060764446,0,0.0,0.9600702344721883,5,233.0
1060.0,8,247.0,6.675675675675675,6.0957361421687235,0,0.0,1.0,3,217.0,0.38474074312044204,3,18.0,0.002800665569913518,0,0.0,0.948755059521846,6,235.0
1065.0,9,292.0,7.487179487179487,6.194654731932826,0,0.0,1.0,3,232.0,0.470657607263991,4,38.0,0.0,0,0.0,0.9550949631256329,7,270.0
1070.0,8,316.0,7.7073170731707314,6.034213994639871,0,0.0,1.0,3,247.0,0.23656975362192953,4,61.0,0.29375491101454,0,0.0,0.9406339133355621,7,308.0
1075.0,9,347.0,9.131578947368421,6.326823744636464,0,0.0,1.0,3,262.0,0.24510360790121621,5,86.0,0.35447273270079893,0,0.0,0.9384208429188492,8,348.0
1080.0,10,394.0,10.368421052631579,6.463308640342108,0,0.0,1.0,3,277.0,0.38454681892054426,6,113.0,0.24689591128771268,0,0.0,0.9739820935364001,9,390.0
1085.0,8,153.0,3.825,6.7030581368289575,0,0.0,1.0,1,30.0,0.5585951323076719,6,143.0,0.23488519487352316,0,0.0,0.958729575301776,7,173.0
1090.0,2,26.0,0.6666666666666666,7.390061029594829,0,0.0,1.0,1,6.0,0.47563515880856166,1,55.0,0.6152061692572949,0,0.0,0.9421324664726093,2,61.0
1095.0,2,15.0,0.38461538461538464,7.993156234279117,0,6.0,0.513910402702668,2,15.0,0.4962015215632012,0,26.0,0.7547410523449024,0,0.0,0.9665134390974042,2,47.0
1100.0,3,27.0,0.627906976744186,8.585940880015421,0,0.0,0.8445277926122052,3,33.0,0.5969057572290869,0,3.0,0.9320721336858133,0,0.0,0.9649437448056735,3,36.0
1105.0,3,22.0,0.5116279069767442,8.454966908619527,0,0.0,1.0,3,28.0,0.5499570254569036,0,3.0,0.9924544205951642,0,0.0,0.962859228080841,3,31.0
1110.0,3,37.0,0.8604651162790697,7.9840921586392986,0,0.0,1.0,3,43.0,0.6534109146030507,0,3.0,0.9164530796591228,0,0.0,0.935348679275646,3,46.0
1115.0,4,55.0,1.2790697674418605,8.013275833004094,0,0.0,1.0,3,58.0,0.6259967989226906,1,11.0,0.6917861428465178,0,0.0,0.8731006424321315,4,69.0
1120.0,4,75.0,1.7045454545454546,7.9066721420391906,0,0.0,1.0,3,73.0,0.4830241406123476,1,16.0,0.5908781786695654,0,0.0,0.9726460137984716,4,89.0
1125.0,3,22.0,0.5116279069767442,7.973406512355853,0,0.0,1.0,1,31.0,0.5538721996632396,2,25.0,0.492549235402086,0,0.0,0.9706770883188847,3,56.0
1130.0,3,16.0,0.38095238095238093,7.665160944436254,0,0.0,1.0,3,22.0,0.39534226513944454,0,5.0,0.9621934369160491,0,0.0,0.9771401797644207,3,27.0
1135.0,3,31.0,0.7045454545454546,8.152971434647624,0,6.0,0.9259010124447512,3,40.0,0.36522367043760007,0,8.0,0.9103829111250418,0,0.0,0.9413575814353731,3,54.0
1140.0,5,48.0,1.1162790697674418,8.060867117991013,1,1.0,0.0067399123633248926,4,56.0,0.26957147772584045,0,3.0,0.8967723558392736,0,0.0,0.9276741920846958,5,60.0
1145.0,2,31.0,0.7380952380952381,8.476845000003388,1,6.0,0.0,1,32.0,0.6364481367373208,0,3.0,0.910070227942183,0,0.0,0.9486302009155336,2,41.0
1150.0,3,43.0,1.0238095238095237,8.029655112144948,1,11.0,0.0,1,33.0,0.763125995360121,1,5.0,0.636559005636208,0,0.0,0.965854909742568,3,49.0
1155.0,6,68.0,1.4782608695652173,8.025356117633443,1,16.0,0.0,2,40.0,0.5054876818809347,3,21.0,0.6023778037456194,0,0.0,0.970534533332836,6,77.0
1160.0,8,103.0,2.239130434782609,7.366647786713442,1,21.0,0.0,3,54.0,0.38073908808284906,4,37.0,0.49747848990615806,0,0.0,0.9612028860873114,8,112.0
1165.0,8,132.0,2.933333333333333,7.554593174931869,1,26.0,0.0,3,58.0,0.4152376610188519,4,54.0,0.35877902461434313,0,0.0,0.9899603296096183,8,138.0
1170.0,6,131.0,3.046511627906977,8.146782682060232,1,31.0,0.0,3,73.0,0.4741846169430854,2,33.0,0.417005292288677,0,0.0,0.9814592682546079,6,137.0
1175.0,9,166.0,4.048780487804878,7.455620112708093,1,36.0,0.0,4,97.0,0.4501702710780333,2,46.0,0.6325315975009906,0,0.0,0.9507849208561964,7,179.0
1180.0,7,199.0,4.853658536585366,7.772812468331786,1,41.0,0.0,4,117.0,0.5175806464912913,2,53.0,0.4851593459307709,0,0.0,0.9523579609204392,7,211.0
1185.0,5,200.0,5.128205128205129,8.072128878914478,1,46.0,0.0,2,100.0,0.7020497582882661,2,63.0,0.5158728798924639,0,0.0,0.9562824316598051,5,209.0
1190.0,4,156.0,3.8048780487804876,8.275943785921974,1,51.0,0.0,2,110.0,0.6666856057848551,1,34.0,0.3444830450415879,0,0.0,0.9561327448369452,4,195.0
1195.0,5,180.0,4.285714285714286,8.522938493316477,1,59.0,0.4643316978749619,3,124.0,0.5732613799626132,1,12.0,0.5929885106940888,0,0.0,0.8215771727586179,5,195.0
1200.0,5,205.0,5.0,8.391519798159282,1,61.0,0.0,3,154.0,0.6106408544893596,1,14.0,0.5050097489378089,0,0.0,0.824182305429574,5,229.0
1205.0,5,105.0,2.625,7.342415205156921,1,66.0,0.0,1,83.0,0.5149255186728092,2,23.0,0.4954978495205417,0,0.0,0.8330057749464381,4,172.0
1210.0,7,115.0,2.875,6.7352344624757,1,71.0,0.0,4,47.0,0.2698327834461637,0,6.0,0.9402477235964964,0,0.0,0.8747215758330568,5,124.0
1215.0,9,155.0,3.6904761904761907,6.5007470034469055,1,76.0,0.0,6,75.0,0.1764468666276628,0,6.0,0.9439861586345789,0,0.0,0.8601610612894867,7,157.0
1220.0,11,208.0,4.9523809523809526,6.680764246070659,1,81.0,0.0,7,110.0,0.2101936971143079,0,3.0,0.9192548208188001,0,0.0,0.9786938196903744,8,194.0
1225.0,5,146.0,3.3181818181818183,7.02435321518055,1,86.0,0.0,2,78.0,0.5662439141219465,0,3.0,0.76938081114253,0,0.0,0.9852961364341346,3,167.0
1230.0,6,175.0,3.888888888888889,7.304225551100785,1,91.0,0.0,2,79.0,0.5742913427468604,0,3.0,0.5959225136513874,0,0.0,0.9545342240261877,3,173.0
1235.0,8,197.0,4.191489361702128,7.061524015130571,1,96.0,0.0,2,89.0,0.5758328741310923,3,16.0,0.41951826951714705,0,0.0,0.9803206280373437,6,201.0
1240.0,7,212.0,4.416666666666667,7.363486709546777,1,101.0,0.0,2,99.0,0.5768182591932617,4,36.0,0.3975024501627651,0,0.0,0.9350881158742252,7,236.0
1245.0,8,248.0,5.061224489795919,7.207737591429678,1,106.0,0.0,2,109.0,0.4662851422213687,5,57.0,0.280036048040501,0,0.0,0.9405259652714841,8,272.0
1250.0,11,298.0,6.478260869565218,6.774026005385261,1,111.0,0.0,4,125.0,0.32557934955082907,5,82.0,0.2763270995809793,0,0.0,0.9447515978200656,10,318.0
1255.0,7,276.0,6.133333333333334,7.049725860918075,1,116.0,0.0,4,145.0,0.3866229127999065,1,61.0,0.600690927742113,0,0.0,0.9644766530616393,6,322.0
1260.0,8,303.0,7.046511627906977,7.196452986769763,1,124.0,0.3170247173438391,5,171.0,0.41717281917524324,2,45.0,0.46221785980150065,0,0.0,0.9366546979757965,8,340.0
1265.0,6,175.0,3.888888888888889,6.668008988626933,1,4.0,0.014087047077834624,2,149.0,0.4756543176619376,3,53.0,0.000910043331695449,0,0.0,0.9496595089401499,6,206.0
1270.0,9,215.0,4.574468085106383,7.311650658655882,2,13.0,0.07867734457735236,4,165.0,0.4957592910074688,3,68.0,0.23566319701773653,0,0.0,0.9459810980038993,9,246.0
1275.0,11,265.0,5.638297872340425,7.2332202966689625,3,26.0,0.00017069770872254637,5,187.0,0.48264813378041216,3,88.0,0.4457266118297949,0,0.0,0.9628112089676646,11,301.0
1280.0,10,282.0,5.755102040816326,7.116086154482612,3,41.0,0.0,5,231.0,0.5578601743269711,1,69.0,0.6406520480002474,0,0.0,0.9643209149037151,9,341.0
1285.0,7,279.0,5.8125,7.507950037740836,0,3.0,0.8046544744631665,5,256.0,0.5566382698659014,1,59.0,0.7924504722120277,0,0.0,0.9301672892726203,6,318.0
1290.0,8,115.0,2.5,6.728491567381642,0,0.0,1.0,5,90.0,0.2817962012563218,2,65.0,0.6347783649023012,0,0.0,0.9351933126281586,7,155.0
1295.0,7,91.0,2.022222222222222,7.092959501322716,0,0.0,1.0,4,66.0,0.34424205317832496,2,73.0,0.4968444705180732,0,0.0,0.9766721070586244,6,139.0
1300.0,8,124.0,2.6382978723404253,7.6036776832055475,0,0.0,1.0,4,48.0,0.43364000453918566,2,77.0,0.5320715959145612,0,0.0,0.9524041073520104,6,125.0
1305.0,8,164.0,3.5652173913043477,6.630653421635708,0,0.0,0.4096591115582932,4,65.0,0.20787364617660947,2,84.0,0.42625066916702864,0,0.0,0.9242255926589217,6,149.0
1310.0,12,220.0,4.583333333333333,6.408325479401133,1,4.0,0.005014520680457407,5,88.0,0.32356212872037915,3,99.0,0.45731108830130357,0,0.0,0.9402395410285053,9,191.0
1315.0,16,292.0,6.083333333333333,6.240935883987021,2,14.0,0.0,7,118.0,0.26086644515850915,3,114.0,0.4960236924628556,0,0.0,0.9605312873736652,12,246.0
1320.0,15,338.0,7.511111111111111,5.680011589310503,2,24.0,0.0,7,150.0,0.29554788169573637,3,129.0,0.5095216852572406,0,0.0,0.9460309972702544,12,303.0
1325.0,8,199.0,4.326086956521739,6.601823927890427,0,0.0,1.0,7,185.0,0.403466872124102,1,49.0,0.6564001598936468,0,0.0,0.922494049325601,8,234.0
1330.0,1,25.0,0.5434782608695652,7.3237265980411275,0,0.0,1.0,0,41.0,0.6286490240121854,1,25.0,0.6814561407604978,0,0.0,0.9976737682876518,1,66.0
1335.0,4,40.0,0.8333333333333334,7.556228987464814,0,0.0,1.0,1,4.0,0.7702340422657677,3,39.0,0.3609144632806641,0,0.0,0.9740172351006062,4,43.0
1340.0,10,78.0,1.625,7.112545183414789,0,0.0,1.0,2,12.0,0.6500840756421278,5,69.0,0.3921970788648846,0,0.0,0.9273873081647194,7,81.0
1345.0,11,122.0,2.44,7.260834794081316,0,0.0,1.0,2,24.0,0.5403374851356731,7,98.0,0.34443263927584583,0,0.0,0.9612778822632053,9,122.0
1350.0,2,46.0,0.92,7.761653817644324,0,0.0,1.0,0,17.0,0.7047094238969921,2,82.0,0.5535773184387924,0,0.0,0.9798682403156646,2,99.0
1355.0,1,50.0,0.9803921568627451,8.882730869378866,0,0.0,1.0,0,8.0,0.7602357688282076,1,59.0,0.7950467839412334,0,0.0,0.9756387806462627,1,67.0
1360.0,2,59.0,1.2291666666666667,8.798068350242193,0,0.0,1.0,1,7.0,0.6950175806127992,1,67.0,0.8070831138695187,0,0.0,0.9352298586531991,2,74.0
1365.0,4,77.0,1.711111111111111,8.47993004598373,0,0.0,1.0,1,12.0,0.8381841595031216,1,66.0,0.786305056154155,0,0.0,0.9400943240532775,2,78.0
1370.0,3,83.0,1.7659574468085106,7.756756060480369,0,0.0,1.0,0,27.0,0.6657506931960058,1,71.0,0.6886898784160486,0,0.0,0.9500877045164341,1,98.0
1375.0,5,82.0,1.7446808510638299,6.800609962049383,0,0.0,1.0,3,34.0,0.4412064374860739,2,81.0,0.5194303674061602,0,0.0,0.9262321037983572,5,115.0
1380.0,8,114.0,2.375,6.992226220059059,0,0.0,1.0,5,52.0,0.35879676569108476,3,98.0,0.5400029019640352,0,0.0,0.9952814729214419,8,150.0
1385.0,9,154.0,3.2083333333333335,6.975812946546267,0,0.0,1.0,4,69.0,0.38159663587474674,5,118.0,0.4382107800908958,0,0.0,0.9631747574682658,9,187.0
1390.0,5,54.0,1.0588235294117647,7.828589642068219,0,0.0,1.0,0,51.0,0.6891592706900065,5,60.0,0.42767970955681117,0,0.0,0.9859703307719535,5,111.0
1395.0,8,84.0,1.7142857142857142,7.745453323048939,0,0.0,1.0,0,0.0,0.6456245701362994,8,90.0,0.2626660368893997,0,0.0,0.9726615437534554,8,90.0
1400.0,13,133.0,2.66,6.907368686572612,0,0.0,1.0,2,6.0,0.32257399421719796,9,131.0,0.31778413180558773,0,0.0,0.9408415415486955,11,137.0
1405.0,13,198.0,3.96,6.702896003928305,0,0.0,0.9260542816537577,2,16.0,0.3421125722679511,9,173.0,0.2973704993098942,0,0.0,0.9759095388263658,11,189.0
1410.0,14,266.0,5.32,5.788181378903769,0,0.0,1.0,3,29.0,0.24269315722386145,9,218.0,0.2100653378801081,0,0.0,0.974033273808362,12,247.0
1415.0,8,96.0,1.92,4.9681656402582295,0,0.0,1.0,3,44.0,0.33518924785648707,3,102.0,0.27238920298353597,0,0.0,0.9861756081982503,6,146.0
1420.0,8,119.0,2.4285714285714284,6.050009584884476,0,3.0,0.701207388299794,3,65.0,0.5577120208967368,2,30.0,0.4157689462885825,0,0.0,0.9687308848313239,5,98.0
1425.0,3,27.0,0.54,7.068060392825849,0,0.0,0.7986504523314178,0,6.0,0.7989253096542894,2,24.0,0.4565384150810352,0,0.0,0.9445147184418028,2,30.0
1430.0,3,35.0,0.6862745098039216,7.740023748580724,0,0.0,0.8787671913562224,1,7.0,0.6537417006013414,2,34.0,0.30947121033640507,0,0.0,0.9385911265799755,3,41.0
1435.0,2,10.0,0.19607843137254902,8.393333055592953,0,0.0,0.8342962972475017,2,16.0,0.6475044751733606,0,26.0,0.7090803085072167,0,0.0,0.9553744627320034,2,42.0
1440.0,5,27.0,0.5192307692307693,8.690456560574319,1,2.0,0.0008229409617336442,2,23.0,0.644256829558368,1,9.0,0.7182429796914558,0,0.0,0.9778103791079013,4,34.0
1445.0,2,15.0,0.2830188679245283,8.676416225347454,1,7.0,0.0,0,29.0,0.8168202341945788,1,14.0,0.7398216174728258,0,0.0,0.9892754388959775,2,50.0
1450.0,6,31.0,0.5849056603773585,7.63536454665635,1,12.0,0.0,3,34.0,0.35369689313036506,2,20.0,0.631748387689835,0,0.0,0.9494721798463499,6,66.0
1455.0,8,65.0,1.3829787234042554,7.116191653389766,1,17.0,0.0,3,23.0,0.2021629506712784,4,34.0,0.36526874318120683,0,0.0,0.9838436660209439,8,74.0
1460.0,10,110.0,2.4444444444444446,6.596119336060255,1,22.0,0.0,4,39.0,0.12520200048259103,5,58.0,0.18517865095614713,0,0.0,0.9553072058747162,10,119.0
1465.0,7,109.0,2.3191489361702127,6.844076334723895,1,27.0,0.0,0,8.0,0.5582104545695632,6,88.0,0.22773441565360317,0,0.0,0.9934421283950348,7,123.0
1470.0,7,144.0,3.0638297872340425,6.665975496600741,1,32.0,0.0,0,0.0,0.843813574977674,6,118.0,0.14117211097503538,0,0.0,0.9445412007386691,7,150.0
1475.0,10,192.0,4.085106382978723,6.717217024011558,1,37.0,0.0,0,0.0,0.9616596704291368,9,165.0,0.19051976849552094,0,0.0,0.9214701629607912,10,202.0
1480.0,5,84.0,1.6470588235294117,7.109396627616722,1,42.0,0.0,0,0.0,0.7192417075614891,4,88.0,0.2523851492345478,0,0.0,0.9663925162944192,5,130.0
1485.0,5,81.0,1.588235294117647,8.376110195003722,1,53.0,0.35602584345905486,1,14.0,0.5724408077753519,3,61.0,0.4707042065889776,0,0.0,0.9402673784756519,5,128.0
1490.0,6,109.0,2.0961538461538463,8.660430883705459,1,52.0,0.3914384464774236,2,22.0,0.6866494363704444,3,48.0,0.4861193632515783,0,0.0,0.9851603916357301,6,122.0
1495.0,6,139.0,2.673076923076923,8.06765191397859,1,57.0,0.0,2,32.0,0.7270910235526689,3,63.0,0.5088450805382909,0,0.0,0.9237764543742868,6,152.0
1500.0,5,146.0,2.8076923076923075,7.6977124555435505,1,62.0,0.0,2,53.0,0.6828918203030164,2,55.0,0.39560935337934783,0,0.0,0.9125625869098811,5,170.0
1505.0,8,183.0,3.519230769230769,8.570560973808032,1,67.0,0.0,2,63.0,0.7316981806769408,5,77.0,0.2805092720602752,0,0.0,0.9601721144755575,8,207.0
1510.0,9,225.0,4.166666666666667,7.942145410415907,1,72.0,0.0,3,75.0,0.5708250965908355,5,102.0,0.2172776675067731,0,0.0,0.9604604954166236,9,249.0
1515.0,12,277.0,5.12962962962963,6.690029557144033,1,77.0,0.0,4,94.0,0.40970672606998715,5,127.0,0.14917968023177625,0,0.0,0.9446378002542082,10,298.0
1520.0,14,257.0,4.849056603773585,6.122282058894261,1,82.0,0.0,8,125.0,0.10065266561269734,3,103.0,0.4342174865469166,0,0.0,0.9337411903412072,12,310.0
1525.0,19,339.0,6.519230769230769,5.6912576893370606,1,87.0,0.0,8,165.0,0.10102626314468795,6,84.0,0.08959383365728205,0,0.0,0.9719417361640804,15,336.0
1530.0,15,295.0,5.673076923076923,5.690203405359446,0,0.0,1.0,4,148.0,0.08737389945834821,6,114.0,0.12016104093764231,0,0.0,0.9720597670940879,10,262.0
1535.0,16,374.0,6.925925925925926,6.3788804242042865,0,0.0,1.0,4,165.0,0.35437899306459986,7,148.0,0.26113710001566237,0,0.0,0.9261303278184974,11,313.0
1540.0,12,280.0,5.090909090909091,5.996650485444454,0,0.0,1.0,4,185.0,0.406919571997717,0,37.0,0.46985846807328785,0,0.0,0.9572438733875127,4,222.0
1545.0,16,351.0,6.381818181818182,6.477001307935621,0,6.0,0.5729771299355194,5,210.0,0.4336749293391586,1,6.0,0.6490496070928262,0,0.0,0.9455801098297452,6,222.0
1550.0,12,217.0,3.7413793103448274,6.993611510906928,0,0.0,0.569187662926997,1,113.0,0.6389685285427084,1,11.0,0.7172707657687583,0,0.0,0.9513094408462007,2,124.0
1555.0,10,209.0,3.6666666666666665,7.246805871885325,0,0.0,1.0,0,6.0,0.8182076115518024,1,16.0,0.770500438128904,0,0.0,0.9342678542173657,1,22.0
1560.0,15,275.0,5.092592592592593,6.965977793902457,0,0.0,1.0,1,10.0,0.74562319295694,2,23.0,0.45139871868549175,0,0.0,0.9815859726768594,3,33.0
1565.0,14,204.0,3.7777777777777777,6.921030623091543,0,0.0,1.0,2,17.0,0.6223032703859203,3,34.0,0.23854357398412687,0,0.0,0.9635936093962219,5,51.0
1570.0,11,221.0,4.25,6.4879259501619835,0,0.0,1.0,0,7.0,0.515137735040852,3,49.0,0.16318975668033966,0,0.0,0.956870687936268,3,56.0
1575.0,15,288.0,6.127659574468085,5.970485872965697,0,0.0,1.0,0,1.0,0.8491791635703588,5,72.0,0.20306628995070128,0,0.0,0.9379421016060565,5,73.0
1580.0,18,370.0,7.708333333333333,6.157932916232707,0,0.0,1.0,0,0.0,0.9486915303193221,7,103.0,0.24802613455835484,0,0.0,0.9669882567932351,7,103.0
1585.0,17,396.0,8.25,5.495774996856962,0,0.0,1.0,0,0.0,0.6807859280451363,6,94.0,0.22031941144199083,0,0.0,0.6421734866090647,6,94.0
1590.0,17,479.0,10.644444444444444,5.581281058428446,0,0.0,1.0,0,0.0,0.816676631591546,5,97.0,0.3421131575381308,1,5.0,0.4740945446119323,6,102.0
1595.0,21,576.0,13.090909090909092,5.1713569095434755,0,0.0,1.0,1,4.0,0.7045946171761335,6,123.0,0.23843990903100976,1,10.0,0.487870247560038,8,137.0
1600.0,22,683.0,16.261904761904763,4.140990180767969,0,0.0,1.0,2,11.0,0.47991066362843326,6,153.0,0.2379763829840636,1,15.0,0.48988355748325096,9,179.0
1605.0,15,548.0,12.177777777777777,3.8802568379762667,0,0.0,1.0,3,23.0,0.30242093600866377,1,60.0,0.327771359724778,1,20.0,0.38240852008321385,5,103.0
1610.0,11,544.0,11.826086956521738,5.012065660193821,0,3.0,0.6261284635401184,1,18.0,0.602183820547259,0,23.0,0.38628991007789165,0,0.0,0.5190529769733088,1,44.0
1615.0,12,601.0,12.520833333333334,6.299947233463006,0,0.0,0.8463908453478535,1,26.0,0.7571840352605754,0,1.0,0.5025321121501368,0,0.0,0.9268274512232888,1,27.0
1620.0,12,658.0,14.0,7.100131509008814,0,0.0,1.0,2,35.0,0.7447374456894538,0,6.0,0.8703719984266274,0,0.0,0.9632301035792485,2,41.0
1625.0,13,719.0,14.098039215686274,6.625942285548113,0,0.0,1.0,3,46.0,0.6289590062247993,0,6.0,0.9732798318993556,0,0.0,0.962867541910852,3,52.0
1630.0,11,764.0,14.980392156862745,6.510738331097635,0,0.0,1.0,1,42.0,0.6432127663854583,0,6.0,0.9701833050775457,0,0.0,0.9176165589224992,1,48.0
1635.0,13,826.0,16.19607843137255,6.628401196361073,0,0.0,1.0,2,51.0,0.6957791312290844,0,6.0,0.7381892610324675,0,0.0,0.9366527468509329,2,57.0
1640.0,11,474.0,8.943396226415095,5.959990105394048,0,0.0,1.0,3,63.0,0.29055711855338995,2,15.0,0.5051533607680851,0,0.0,0.9877464363780033,5,78.0
1645.0,10,195.0,3.823529411764706,5.699041537454366,0,0.0,1.0,6,91.0,0.2691418081109352,0,9.0,0.7045300080777538,0,0.0,0.9327459811202666,6,100.0
1650.0,2,56.0,1.12,6.494388173136556,0,0.0,0.6573779938589978,1,56.0,0.5810102680236725,0,3.0,0.9083074673499487,0,0.0,0.9307916432888641,1,59.0
1655.0,3,71.0,1.4791666666666667,7.177476137375325,0,0.0,1.0,1,60.0,0.6792574377306806,0,3.0,0.9577319473834498,0,0.0,0.9496429031412641,1,63.0
1660.0,7,97.0,1.8653846153846154,7.389293273261502,0,0.0,1.0,2,69.0,0.5868232290412392,0,9.0,0.9206837823839867,0,0.0,0.9706654873795308,2,78.0
1665.0,7,93.0,1.8235294117647058,7.748883472512655,0,0.0,1.0,2,116.0,0.6515945621667923,0,6.0,0.9071298264260544,0,0.0,0.9896551062566217,2,122.0
1670.0,2,75.0,1.4150943396226414,8.233752271994554,0,0.0,1.0,1,112.0,0.7896832263929501,1,9.0,0.7796172769556936,0,0.0,0.960589297941887,2,121.0
1675.0,2,85.0,1.5740740740740742,8.315182873547517,0,0.0,1.0,1,77.0,0.5591518914309553,1,14.0,0.67897774956379,0,0.0,0.9552734322357884,2,91.0
1680.0,5,106.0,2.25531914893617,7.68889168656051,0,0.0,1.0,3,88.0,0.3530012054581074,2,24.0,0.679094496579962,0,0.0,0.9947793198181198,5,112.0
1685.0,5,109.0,2.3191489361702127,7.8072620371845565,0,0.0,1.0,4,108.0,0.41453118663298316,0,99.0,0.7307285210618223,0,0.0,0.9730945822442096,4,207.0
1690.0,6,110.0,2.391304347826087,6.901975183879002,0,0.0,0.5959451061551898,1,95.0,0.5206689561802843,1,88.0,0.002023037722205957,0,0.0,0.9417812552842133,2,183.0
1695.0,11,154.0,3.142857142857143,6.802078014271602,3,7.0,0.001083987043820536,2,105.0,0.6558240739804899,1,152.0,0.021639801592193083,0,0.0,0.9373178131187188,6,264.0
1700.0,11,206.0,4.291666666666667,7.190234392955632,3,22.0,0.0,2,115.0,0.6604208042255539,2,164.0,0.32597334794926086,0,0.0,0.938557250516372,7,301.0
1705.0,8,224.0,4.76595744680851,6.787176750718595,0,0.0,1.0,2,125.0,0.6468433490135101,2,174.0,0.48703685907768995,0,0.0,0.9787212418540853,4,299.0
1710.0,4,140.0,2.978723404255319,6.894787085283753,0,0.0,1.0,3,138.0,0.48355847276635094,1,80.0,0.46308164953640923,0,0.0,0.9338897261832624,4,218.0
1715.0,4,154.0,3.142857142857143,7.945420195784132,0,0.0,1.0,4,157.0,0.45047555850018706,0,4.0,0.6825421415461275,0,0.0,0.930808873293682,4,161.0
1720.0,4,174.0,3.625,8.80856688019801,0,0.0,1.0,4,174.0,0.40200801167252553,0,3.0,0.974092701112519,0,0.0,0.8920512361241837,4,177.0
1725.0,4,194.0,4.217391304347826,8.212207542632568,0,0.0,1.0,4,194.0,0.27891492667539836,0,3.0,0.9521139834796764,0,0.0,0.9799009959284455,4,197.0
1730.0,6,148.0,3.0833333333333335,7.310807612584452,0,0.0,1.0,1,153.0,0.3434179655411959,0,0.0,0.8136225431965514,0,0.0,0.916125954242019,1,153.0
1735.0,9,187.0,4.25,6.948659801655612,0,0.0,0.8722524869269199,3,144.0,0.48802774697564494,0,0.0,0.9390815873744216,0,0.0,0.956561421330259,3,144.0
1740.0,8,211.0,5.023809523809524,7.183833951230996,0,0.0,1.0,3,159.0,0.5519715612058285,0,3.0,0.895901387375233,0,0.0,0.9673807067684347,3,162.0
1745.0,8,251.0,5.976190476190476,7.156127994584473,0,0.0,1.0,3,174.0,0.553796097459396,0,3.0,0.9189011044817217,0,0.0,0.9557871831937844,3,177.0
1750.0,10,150.0,3.409090909090909,6.6072933175447615,0,0.0,1.0,2,37.0,0.6192735017379772,0,3.0,0.7824938704801189,0,0.0,0.9494354958448122,2,40.0
1755.0,12,159.0,3.697674418604651,5.7416704552616045,0,0.0,1.0,3,49.0,0.42955336988831544,1,9.0,0.7055514538053446,0,0.0,0.9858203941765742,4,58.0
1760.0,11,203.0,4.72093023255814,6.773475489219887,0,0.0,1.0,4,69.0,0.4149824161816576,1,14.0,0.7099632900861068,0,0.0,0.9898428499297832,5,83.0
1765.0,12,258.0,5.863636363636363,6.293182549391275,0,0.0,1.0,5,89.0,0.2890471063771366,1,19.0,0.4702471838256036,0,0.0,0.9797641959234844,6,108.0
1770.0,5,118.0,2.8095238095238093,5.712393725800339,0,0.0,1.0,1,17.0,0.17828053135542032,0,3.0,0.9171559098235349,0,0.0,0.9310519751579099,1,20.0
1775.0,1,22.0,0.5116279069767442,7.022820112571123,0,2.0,0.9587927561508685,1,25.0,0.4136716013664336,0,3.0,0.9688876349371562,0,0.0,0.991466243458799,1,30.0
1780.0,1,27.0,0.6428571428571429,8.27562866010516,0,0.0,1.0,1,30.0,0.5663147106085162,0,11.0,0.956072438731355,0,0.0,0.9632876215986697,1,41.0
1785.0,3,35.0,0.7777777777777778,7.984047327388781,0,0.0,1.0,1,35.0,0.7608193488559574,0,8.0,0.9419079157788933,0,0.0,0.9678023734796263,1,43.0
1790.0,7,60.0,1.3333333333333333,7.528111580638567,0,0.0,1.0,1,40.0,0.7305641712283911,0,43.0,0.9552459655883994,0,0.0,0.9883900602477018,1,83.0
1795.0,10,104.0,2.3636363636363638,7.009337264304156,0,0.0,1.0,2,48.0,0.6417707510373599,0,6.0,0.7233690833590425,0,0.0,0.9531265947797621,2,54.0
1800.0,8,114.0,2.7804878048780486,6.885649719162436,0,0.0,1.0,2,58.0,0.4737627713939519,1,8.0,0.7361322446288054,0,0.0,0.9333183521560879,3,66.0
1805.0,8,87.0,2.0232558139534884,6.049547117770749,0,0.0,1.0,4,75.0,0.25858015574013343,2,11.0,0.46515161700112584,0,0.0,0.9683024421271297,6,86.0
1810.0,9,95.0,2.2093023255813953,5.708676303154976,0,0.0,1.0,1,57.0,0.4936020750357157,3,23.0,0.09882871299062225,0,0.0,0.9768536453149869,4,80.0
1815.0,9,112.0,2.604651162790698,6.123706197113793,0,0.0,1.0,1,71.0,0.590292380977531,5,45.0,0.01034247140722359,0,0.0,0.9666465649016577,6,116.0
1820.0,11,152.0,3.3043478260869565,7.111134850844568,0,0.0,1.0,1,95.0,0.7821950353417753,6,78.0,0.31174116070215224,0,0.0,0.9762182105153699,7,173.0
1825.0,8,176.0,3.74468085106383,7.362805908123379,0,0.0,1.0,1,91.0,0.6211279336214226,6,110.0,0.3792541690811012,0,0.0,0.9826665522833251,7,201.0
1830.0,2,79.0,1.6458333333333333,7.503400574904103,0,0.0,1.0,2,98.0,0.48922120024332555,0,37.0,0.598958646699592,0,0.0,0.9587370879268525,2,135.0
1835.0,3,92.0,1.9166666666666667,7.934895140757484,0,3.0,0.5789360333103791,2,111.0,0.637097286376159,1,34.0,0.7539798903398681,0,0.0,0.9787421344534059,3,148.0
1840.0,5,110.0,2.2916666666666665,7.7184422530327055,1,7.0,0.2008207919666374,2,124.0,0.7257874044815502,2,61.0,0.5536588567263026,0,0.0,0.982909222939826,5,192.0
1845.0,9,150.0,3.0,6.518330200792416,2,17.0,0.02361172996883111,4,148.0,0.5506747402279637,3,72.0,0.33828085579661343,0,0.0,0.9722255662123314,9,237.0
1850.0,9,179.0,3.58,6.26600320359099,0,0.0,0.19681471078502286,5,169.0,0.40681642096104914,4,88.0,0.1877283501766056,0,0.0,0.967989066175506,9,257.0
1855.0,7,88.0,1.6603773584905661,7.115105640264366,0,0.0,1.0,3,52.0,0.5209416313737535,4,108.0,0.3098644623851895,0,0.0,0.94383667580681,7,160.0
1860.0,9,116.0,2.188679245283019,7.4390564762699904,0,0.0,1.0,3,34.0,0.5493715355970604,6,130.0,0.0005131686772424342,0,0.0,0.953070235148781,9,164.0
1865.0,12,169.0,3.25,6.9241654009774845,0,0.0,1.0,5,56.0,0.4065823094285398,6,163.0,0.12086719122181735,0,0.0,0.9398355764181932,11,219.0
1870.0,12,172.0,3.2452830188679247,6.778085280717945,0,0.0,1.0,5,81.0,0.32548353905339017,5,157.0,0.1572819853663266,0,0.0,0.9983920121243411,10,238.0
1875.0,6,86.0,1.5925925925925926,6.79219600967863,0,3.0,0.8955309331598443,0,7.0,0.45940237450685956,3,78.0,0.31005616175949535,0,0.0,0.9722766168743504,3,88.0
1880.0,7,120.0,2.4,7.755470209973766,0,0.0,1.0,1,4.0,0.5964636891519806,3,81.0,0.3645522784198558,0,0.0,0.9876143204210261,4,85.0
1885.0,10,162.0,3.176470588235294,7.449406765458443,0,0.0,1.0,2,12.0,0.6042935830000428,3,99.0,0.4738198997008993,0,0.0,0.9855495739721353,5,111.0
1890.0,11,167.0,3.7111111111111112,6.644537136131744,0,0.0,1.0,2,22.0,0.4659586653833319,1,58.0,0.7235124219492801,0,0.0,0.9603391139202816,3,80.0
1895.0,11,197.0,4.191489361702128,6.877121150986611,0,3.0,0.607027948452833,2,22.0,0.4561188876850405,1,63.0,0.7265277740299447,0,0.0,0.9899017583345434,3,88.0
1900.0,7,144.0,3.2,6.76719178139519,0,3.0,0.013042692843628512,1,13.0,0.7319519465090911,1,68.0,0.7179749635940638,0,0.0,0.9590384671757112,2,84.0
1905.0,7,168.0,4.2,6.429706812057918,1,8.0,0.0,1,18.0,0.7397091124285242,1,73.0,0.7408724518605281,0,0.0,0.9843928168370458,3,99.0
1910.0,9,209.0,5.097560975609756,6.274853528697019,1,13.0,0.0,2,26.0,0.45809281557781106,1,75.0,0.7271414208505633,0,0.0,0.9935976489522002,4,114.0
1915.0,8,194.0,4.85,6.619442667941499,1,18.0,0.0,0,6.0,0.9068926252328655,3,86.0,0.5528042976514664,0,0.0,0.9882396897407649,4,110.0
1920.0,8,216.0,5.2682926829268295,6.938973179887082,0,0.0,1.0,0,20.0,0.9701901734320592,4,103.0,0.42964665670011787,0,0.0,0.9636932729390247,4,123.0
1925.0,8,215.0,5.119047619047619,6.792082191479427,0,0.0,1.0,1,15.0,0.6774583124020843,4,128.0,0.5096724770105392,0,0.0,0.9557944546329026,5,143.0
1930.0,3,101.0,2.2444444444444445,7.259998152663412,0,0.0,1.0,2,23.0,0.5727951181232432,1,101.0,0.6688990420618273,0,0.0,0.9981507714724988,3,124.0
1935.0,2,98.0,2.1777777777777776,7.992664951457285,0,3.0,0.5968883019694757,0,0.0,0.8282813413443589,1,102.0,0.726057635501481,0,0.0,0.9788693635811799,1,105.0
1940.0,5,115.0,2.5,7.920094491253954,0,0.0,0.9718364903900284,1,5.0,0.5922627327425636,1,107.0,0.7317496397828809,0,0.0,0.93761948161614,2,112.0
1945.0,7,141.0,3.0,8.13579323184732,0,0.0,1.0,3,15.0,0.5033828525221183,2,116.0,0.5838610865113883,0,0.0,0.9916705400860575,5,131.0
1950.0,9,175.0,4.166666666666667,7.54293675317015,0,0.0,1.0,3,27.0,0.3877263027317562,4,128.0,0.19391994104186058,0,0.0,0.9386612264660621,7,155.0
1955.0,6,181.0,4.309523809523809,7.520508681009951,0,0.0,1.0,0,3.0,0.8921726335179868,4,148.0,0.17431114707515913,0,0.0,0.9418523545958022,4,151.0
1960.0,7,212.0,5.170731707317073,7.208708042802701,0,0.0,1.0,0,3.0,0.9472340092011983,4,168.0,0.1736532072460801,0,0.0,0.9278747485562286,4,171.0
1965.0,8,220.0,5.238095238095238,7.241233181412621,0,0.0,1.0,0,28.0,0.7461275158139862,5,198.0,0.34659254287185715,0,0.0,0.9307316770070599,5,226.0
1970.0,4,55.0,1.375,7.928000056673923,0,0.0,1.0,1,32.0,0.7409973136989852,3,119.0,0.49850198899634485,0,0.0,0.9754326243401502,4,151.0
1975.0,6,77.0,1.925,7.054724988654937,0,0.0,1.0,1,44.0,0.41996613690380985,5,79.0,0.32781831850058696,0,0.0,0.958019710942066,6,123.0
1980.0,6,98.0,2.5128205128205128,7.266318206614774,0,0.0,1.0,0,9.0,0.648282204135417,6,109.0,0.32251122206466687,0,0.0,0.9457976155956695,6,118.0
1985.0,6,128.0,3.0476190476190474,7.754312193909755,0,0.0,1.0,0,0.0,0.70518044561491,6,142.0,0.3881200529588686,0,0.0,0.953423705738399,6,142.0
1990.0,2,5.0,0.125,7.475883117413739,0,0.0,1.0,1,4.0,0.6206080898699393,1,37.0,0.3991008240514119,0,0.0,0.981508597274757,2,41.0
1995.0,2,15.0,0.375,8.81077081666204,0,6.0,0.5841348373382295,1,12.0,0.6705957959373617,1,9.0,0.6286654493568474,0,0.0,0.9504330331022999,2,27.0
2000.0,1,11.0,0.2682926829268293,9.087502914628043,0,0.0,0.9143939550828378,0,6.0,0.7867244397952823,1,11.0,0.614841435891087,0,0.0,0.9564168409328802,1,17.0
2005.0,3,22.0,0.55,9.567361491086867,0,0.0,1.0,2,12.0,0.6999231978948606,1,16.0,0.7331449638675147,0,0.0,0.9861319813449572,3,28.0
2010.0,5,43.0,1.048780487804878,8.649063410411735,0,0.0,1.0,2,22.0,0.6907659828583698,1,24.0,0.744697560490913,0,0.0,0.9408868705659548,3,46.0
2015.0,6,69.0,1.7692307692307692,8.523868166683833,0,0.0,1.0,3,33.0,0.6023633100926855,1,29.0,0.7875517367318265,0,0.0,0.9462242617904325,4,62.0
2020.0,6,99.0,2.475,8.39432485210921,0,0.0,1.0,3,48.0,0.5915745712480995,1,34.0,0.7939684419595202,0,0.0,0.9684111726933538,4,82.0
2025.0,3,72.0,1.8461538461538463,8.526687919506012,0,0.0,1.0,0,16.0,0.8036902541862271,1,39.0,0.6430515241795882,0,0.0,0.9537112953704043,1,55.0
2030.0,5,90.0,2.25,8.402462115449605,0,0.0,1.0,1,8.0,0.5793763705634755,1,44.0,0.7005820605618329,0,0.0,0.9579604042442917,2,52.0
2035.0,6,94.0,2.35,7.189750685977975,0,0.0,0.9710134441895951,2,16.0,0.1395893425005891,1,49.0,0.6404131562174245,0,0.0,0.956802143559262,3,65.0
2040.0,4,74.0,1.9473684210526316,7.710707257253906,0,0.0,0.9458547459973621,3,32.0,0.29215979168397027,1,51.0,0.6782826357162245,0,0.0,0.956919791694212,4,83.0
2045.0,7,99.0,2.5384615384615383,7.897237986829145,0,0.0,0.9540898867565388,4,51.0,0.410730152561582,1,56.0,0.647289332387793,0,0.0,0.98023250035098,5,107.0
2050.0,8,127.0,3.097560975609756,7.841180570227496,0,0.0,1.0,4,71.0,0.32394451688076853,2,62.0,0.46696612321003383,0,0.0,0.9704719624629844,6,133.0
2055.0,9,165.0,3.75,7.4970109557828275,0,0.0,1.0,5,95.0,0.3695196199249286,3,83.0,0.3496450289506428,0,0.0,0.9605551621849402,8,178.0
2060.0,10,204.0,4.434782608695652,7.040951207483295,0,0.0,1.0,6,160.0,0.35395259703772963,4,103.0,0.3618297924109335,0,0.0,0.9617775263866176,10,263.0
2065.0,8,135.0,3.0,6.516376933241699,0,0.0,0.9296863658270651,1,79.0,0.4212409585403405,7,136.0,0.1589588966401299,0,0.0,0.9573130421526151,8,215.0
2070.0,7,136.0,3.022222222222222,6.517651963833503,0,0.0,1.0,2,63.0,0.25021761489388383,5,145.0,0.15342335476161817,0,0.0,0.9394688655568959,7,208.0
2075.0,8,176.0,3.911111111111111,7.697834229514244,0,0.0,0.9903927782455596,3,84.0,0.37774277693826397,5,161.0,0.40138677828266683,0,0.0,0.9521611774978129,8,245.0
2080.0,8,216.0,4.8,7.8050104505605935,0,0.0,1.0,3,99.0,0.5989739477233142,5,186.0,0.3717104038680833,0,0.0,0.9507296179961935,8,285.0
2085.0,8,256.0,5.688888888888889,7.524180506236447,0,0.0,1.0,3,140.0,0.5293975391662422,5,211.0,0.3650156990383285,0,0.0,0.9909770411564858,8,351.0
2090.0,9,300.0,6.382978723404255,7.485410009978054,0,0.0,1.0,4,159.0,0.5691015588537691,5,236.0,0.35910994278788205,0,0.0,0.9356214925797566,9,395.0
2095.0,9,345.0,7.666666666666667,7.184846535549103,0,0.0,1.0,4,179.0,0.41593571397171464,5,261.0,0.42964817143097295,0,0.0,0.9711729098241673,9,440.0
2100.0,12,396.0,8.8,6.7017367548416376,0,0.0,1.0,5,203.0,0.5144445412202064,7,288.0,0.1051134448199754,0,0.0,0.9407159729834619,12,491.0
2105.0,11,322.0,7.0,6.239125807122833,0,0.0,1.0,2,137.0,0.3251473494493192,9,332.0,0.09457709913285914,0,0.0,0.9402441709954275,11,469.0
2110.0,13,374.0,7.957446808510638,7.030521575542273,0,0.0,1.0,4,24.0,0.293783083575899,9,377.0,0.0970757949185074,0,0.0,0.8748643483213723,13,401.0
2115.0,13,439.0,9.340425531914894,7.087050410630932,0,0.0,1.0,4,44.0,0.32131379894640194,9,422.0,0.1569118934681776,0,0.0,0.9199999623869446,13,466.0
2120.0,14,507.0,10.787234042553191,6.887953231410172,0,0.0,1.0,4,64.0,0.18923835761720026,10,470.0,0.21305980524088536,0,0.0,0.9591766415818286,14,534.0
2125.0,10,499.0,10.617021276595745,6.542425854166588,0,0.0,1.0,0,0.0,0.9269778568706541,10,520.0,0.2543478029007538,0,0.0,0.9701997795838017,10,520.0
2130.0,6,419.0,8.551020408163266,7.037419773553842,0,0.0,1.0,0,0.0,0.8295836057393754,6,434.0,0.30870737171988044,0,0.0,0.9434991679896874,6,434.0
2135.0,6,449.0,9.16326530612245,8.109339349492135,0,6.0,0.5673161487392052,0,6.0,0.7495062831748552,6,467.0,0.42918841031841787,0,0.0,0.9840839655960517,6,479.0
2140.0,7,481.0,9.62,8.649538405672516,0,0.0,0.8101076894731506,1,8.0,0.6547908542246987,6,497.0,0.46696574164546845,0,0.0,0.9792947896995389,7,505.0
2145.0,8,518.0,10.571428571428571,8.48365509324023,0,0.0,1.0,2,15.0,0.5371481125594791,6,527.0,0.4260655134557673,0,0.0,0.9507980124668789,8,542.0
2150.0,10,564.0,11.28,8.0028320371081,0,0.0,1.0,3,30.0,0.553017447888191,7,558.0,0.3437059130981441,0,0.0,0.9818153711846538,10,588.0
2155.0,11,618.0,12.875,7.663477917866875,0,0.0,1.0,3,45.0,0.5549542261087995,8,597.0,0.26073548808096175,0,0.0,0.9930752881463082,11,642.0
2160.0,12,675.0,13.775510204081632,7.333502605959644,0,0.0,1.0,3,60.0,0.4852743778676543,9,639.0,0.0022042135894462206,0,0.0,0.9298132602552867,12,699.0
2165.0,12,719.0,14.673469387755102,5.831754207398591,0,0.0,1.0,2,49.0,0.07967649997699203,10,688.0,5.025570363505382e-06,0,0.0,0.9727542941633214,12,737.0
2170.0,15,791.0,16.829787234042552,5.713524998489209,0,0.0,1.0,2,59.0,0.20406583185637892,10,738.0,0.08196267696041107,0,0.0,0.9688518586108746,12,797.0
2175.0,16,563.0,11.26,5.864601746545674,0,0.0,1.0,3,69.0,0.24701030368993626,9,608.0,0.14980886647850253,0,0.0,0.9616673480806257,12,677.0
2180.0,11,207.0,4.0588235294117645,6.871643833636716,0,0.0,1.0,2,79.0,0.534760552040112,4,394.0,0.28531786802061393,0,0.0,0.9805567177142704,6,473.0
2185.0,9,235.0,4.7,7.555345150209194,0,0.0,1.0,2,89.0,0.6077172907227363,4,201.0,0.4939154812062874,0,0.0,0.9355158856584247,6,290.0
2190.0,10,281.0,6.108695652173913,7.274099897975427,0,0.0,1.0,3,100.0,0.4714299755760812,4,129.0,0.4941074537487998,0,0.0,0.9792276540352562,7,229.0
2195.0,11,333.0,7.4,6.9200838259837205,0,0.0,1.0,3,115.0,0.5426841058059841,4,143.0,0.4698973679907363,0,0.0,0.9597278789229152,7,258.0
2200.0,15,397.0,8.10204081632653,6.118926155410482,0,0.0,0.5592917004192323,4,133.0,0.5272852479418386,7,170.0,0.2762663916545049,0,0.0,0.9697033018102694,11,303.0
2205.0,17,474.0,9.875,5.501928410225685,1,1.0,0.008361181805339617,4,153.0,0.53462342241614,7,205.0,0.31229198921167695,0,0.0,0.914983730195956,12,359.0
2210.0,19,564.0,12.0,5.588716372093826,1,6.0,0.0,4,173.0,0.5171657554407257,9,245.0,0.24392602596380342,0,0.0,0.9710630290387586,14,424.0
2215.0,12,317.0,6.469387755102041,5.729915563077047,0,0.0,1.0,0,42.0,0.7017499771726581,9,290.0,0.10809307401847587,0,0.0,0.9384449414679121,9,332.0
2220.0,3,65.0,1.3265306122448979,6.738869741104271,0,0.0,1.0,0,0.0,0.816932208522998,1,59.0,0.21601109119329642,0,0.0,0.9555455436335039,1,59.0
2225.0,4,84.0,1.75,7.15159088871048,0,3.0,0.6196354825615096,1,10.0,0.5495896378639348,1,30.0,0.529897264255203,0,0.0,0.9844992299921381,2,43.0
2230.0,3,46.0,0.9387755102040817,8.575889894660392,0,0.0,0.6695038363838826,2,23.0,0.6800903604451437,1,35.0,0.46711816337689904,0,0.0,0.9515203089620493,3,58.0
2235.0,1,37.0,0.74,8.43589234733238,0,0.0,1.0,0,9.0,0.7146336936489338,1,40.0,0.49039722376753236,0,0.0,0.8853691140895726,1,49.0
2240.0,2,45.0,0.8823529411764706,8.852282347495189,0,0.0,1.0,1,12.0,0.7959509628981827,1,45.0,0.7132055243704479,0,0.0,0.9301159738860475,2,57.0
2245.0,2,55.0,1.1458333333333333,9.126507928705719,0,0.0,1.0,1,17.0,0.8569526125083374,1,53.0,0.7950435286651006,0,0.0,0.8478482183605888,2,70.0
2250.0,4,70.0,1.4285714285714286,8.359036514127686,0,0.0,1.0,1,22.0,0.8598892769042419,3,63.0,0.4939611328170203,0,0.0,0.8851303231658711,4,85.0
2255.0,5,93.0,1.9375,7.9345833162366395,0,0.0,1.0,1,18.0,0.8297076431367844,4,81.0,0.28388373531772126,0,0.0,0.9747073582987198,5,99.0
2260.0,7,123.0,2.6739130434782608,7.001694019712931,0,0.0,1.0,1,23.0,0.7256859835103047,6,106.0,0.29116339950341913,0,0.0,0.9429873792572863,7,129.0
2265.0,8,162.0,3.5217391304347827,6.325910999356646,0,0.0,1.0,1,28.0,0.5230308602152561,7,140.0,0.2618218068214615,0,0.0,0.9403254481241529,8,168.0
2270.0,11,215.0,4.777777777777778,6.453368118882376,0,0.0,1.0,2,38.0,0.5004707951286724,9,183.0,0.17156941881832338,0,0.0,0.976154718853592,11,221.0
2275.0,12,274.0,6.088888888888889,5.7907759738085725,0,0.0,1.0,3,52.0,0.19685193116285524,9,228.0,0.14651419214950714,0,0.0,0.9416131696253944,12,280.0
2280.0,8,233.0,5.5476190476190474,5.851306909402767,0,0.0,1.0,4,72.0,0.35663254942078243,4,185.0,0.15649243787980716,0,0.0,0.9827619094595098,8,257.0
2285.0,6,215.0,5.375,7.0460136498780175,0,6.0,0.6029836587223997,2,37.0,0.5712445959369926,4,181.0,0.19246096786589253,0,0.0,0.9923494621088317,6,224.0
2290.0,8,248.0,5.904761904761905,6.888492320827377,1,8.0,0.12596618275920074,3,45.0,0.5551369279078119,4,201.0,0.011731287061465178,0,0.0,0.9756518109172758,8,254.0
2295.0,11,297.0,7.2439024390243905,6.411170700900803,2,17.0,0.14184655145578895,4,62.0,0.4150977229921353,5,227.0,0.36145837130824643,0,0.0,0.9499971932028948,11,306.0
2300.0,13,206.0,5.024390243902439,6.131798161916157,4,31.0,0.0025700335112143527,4,82.0,0.40780871594927326,4,152.0,0.2886699116863222,0,0.0,0.9731362324980549,12,265.0
2305.0,2,24.0,0.5217391304347826,7.081326368369895,0,5.0,0.06627684287148565,1,16.0,0.7085663382615826,1,61.0,0.3343143281344904,0,0.0,0.930290568240832,2,82.0
2310.0,3,37.0,0.8409090909090909,8.106576903669001,0,0.0,0.9239191647954065,1,21.0,0.7173391810525267,2,59.0,0.6513038678970761,0,0.0,0.9539948275806894,3,80.0
2315.0,4,53.0,1.1777777777777778,8.630565327350794,0,0.0,1.0,1,26.0,0.6385809333375025,3,36.0,0.5264178721715558,0,0.0,0.9822440521754686,4,62.0
2320.0,5,76.0,1.7272727272727273,8.176903056575355,0,0.0,0.9539392495745306,1,31.0,0.6475217261074037,4,54.0,0.47074521891164534,0,0.0,0.9709457816600705,5,85.0
2325.0,4,83.0,1.7291666666666667,8.218921490635013,0,0.0,1.0,1,36.0,0.5998251959732903,3,56.0,0.4168943492383342,0,0.0,0.9754920520314321,4,92.0
2330.0,5,108.0,2.4,7.894126909266594,0,0.0,1.0,1,44.0,0.6511805590485581,4,76.0,0.49683957962081465,0,0.0,0.9829777100658728,5,120.0
2335.0,7,137.0,3.261904761904762,7.667366056926439,0,0.0,1.0,1,49.0,0.6418421879532628,5,97.0,0.3872155924249777,0,0.0,0.928278506429671,6,146.0
2340.0,7,168.0,4.2,7.228980003501138,0,0.0,1.0,1,54.0,0.602106077096154,6,123.0,0.36224558756005054,0,0.0,0.959917623757762,7,177.0
2345.0,3,80.0,1.9047619047619047,7.5409927886472286,0,0.0,1.0,2,63.0,0.5548380360575436,1,31.0,0.33514924225068166,0,0.0,0.9539958089549315,3,94.0
2350.0,4,100.0,2.4390243902439024,7.664035949082817,0,6.0,0.759261832194187,2,109.0,0.6130641668137482,2,30.0,0.22890791694858545,0,0.0,0.9671787085424401,4,145.0
2355.0,4,111.0,2.707317073170732,8.41655361613551,0,0.0,0.7372284635599883,1,105.0,0.7581302457954808,3,45.0,0.23443186767180849,0,0.0,0.9671038392503197,4,150.0
2360.0,4,131.0,2.977272727272727,8.923931530807714,0,0.0,1.0,1,77.0,0.7433767110907522,3,60.0,0.3776115631674798,0,0.0,0.9594095771070363,4,137.0
2365.0,5,125.0,2.9761904761904763,7.803115293320027,0,0.0,1.0,2,86.0,0.7275812700021906,2,59.0,0.402727741119426,0,0.0,0.9972546687674146,4,145.0
2370.0,7,154.0,3.6666666666666665,7.995577428142752,0,0.0,1.0,2,96.0,0.7086318921748191,4,59.0,0.4149188598163824,0,0.0,0.9758200854803974,6,155.0
2375.0,5,90.0,2.1951219512195124,8.34064881092014,0,0.0,1.0,1,20.0,0.7330668595553126,4,79.0,0.471952167117632,0,0.0,0.9498126537384981,5,99.0
2380.0,7,119.0,2.975,7.022364117454481,0,0.0,1.0,3,29.0,0.3441353640037265,4,102.0,0.40703352160817247,0,0.0,0.9692408855756103,7,131.0
2385.0,8,68.0,1.6585365853658536,6.819000622828325,0,0.0,1.0,7,56.0,0.11338582107124275,1,39.0,0.6063518460496152,0,0.0,0.9537452153700321,8,95.0
2390.0,9,109.0,2.658536585365854,6.784923886414182,0,0.0,1.0,7,95.0,0.1879648571254129,2,30.0,0.5389368812716977,0,0.0,0.9253519236800443,9,125.0
2395.0,6,97.0,2.1555555555555554,7.153458327571272,0,0.0,1.0,3,65.0,0.41014627067539233,3,45.0,0.469575125550102,0,0.0,0.9660006565832217,6,110.0
2400.0,6,127.0,2.8222222222222224,7.5148202531335935,0,0.0,0.9709094752498107,3,76.0,0.4909372863649558,3,57.0,0.45304190211656076,0,0.0,0.9601855793162579,6,133.0
2405.0,3,88.0,2.046511627906977,7.3919110941416974,0,0.0,1.0,3,91.0,0.5444292401475437,0,3.0,0.5436815097382678,0,0.0,0.92946344741283,3,94.0
2410.0,4,104.0,2.3636363636363638,7.709338062676892,0,0.0,1.0,4,110.0,0.4523300284931413,0,3.0,0.8315235842033845,0,0.0,0.9645298423439083,4,113.0
2415.0,6,126.0,2.8636363636363638,7.660463065461733,1,4.0,0.0702777409560203,5,131.0,0.408060131428838,0,3.0,0.9256691161825517,0,0.0,0.9355689224486193,6,138.0
2420.0,8,161.0,3.5,7.592897688804325,2,12.0,0.00010640474222608701,6,158.0,0.4287685938146511,0,3.0,0.948213181012504,0,0.0,0.9015287139037358,8,173.0
2425.0,6,41.0,0.9534883720930233,7.200554560472023,3,23.0,0.0013039598559345294,2,79.0,0.5583601561832319,0,3.0,0.9771682460242244,0,0.0,0.9652893385303273,5,105.0
2430.0,7,63.0,1.5,7.143043875275297,3,38.0,0.0,1,19.0,0.7327599585099128,1,4.0,0.7100863442424737,0,0.0,0.9516686144514995,5,61.0
2435.0,8,93.0,2.2142857142857144,6.606421818327133,3,53.0,0.0,2,25.0,0.5485510264712041,2,14.0,0.3895600068504712,0,0.0,0.9346747784009862,7,92.0
2440.0,10,126.0,2.9302325581395348,5.677137875721861,3,68.0,0.0,3,36.0,0.21855951293912754,3,29.0,0.3373904137190767,0,0.0,0.9513661881761544,9,133.0
2445.0,8,151.0,3.5952380952380953,5.4263040052505245,3,83.0,0.0,1,34.0,0.44264312265512873,4,46.0,0.19431212613138635,0,0.0,0.971177946885652,8,163.0
2450.0,5,132.0,3.0,6.526604202808678,3,98.0,0.0,1,36.0,0.7540970374944744,1,7.0,0.24119323709155596,0,0.0,0.9670316809323356,5,141.0
2455.0,2,43.0,0.9772727272727273,7.23357316791525,0,30.0,0.12777349786711556,2,46.0,0.37728224756299833,0,7.0,0.8329186399047457,0,0.0,0.9641309240921525,2,83.0
2460.0,3,56.0,1.2727272727272727,7.9647211390012735,0,3.0,0.48104828840949565,3,62.0,0.46744899562845976,0,6.0,0.9238115869553204,0,0.0,0.9438639932199324,3,71.0
2465.0,3,57.0,1.2666666666666666,8.094884911189967,0,0.0,1.0,1,64.0,0.6543185413439473,0,3.0,0.9643881273389907,0,0.0,0.9292052231107057,1,67.0
2470.0,3,66.0,1.4042553191489362,8.636806586981423,0,0.0,1.0,2,65.0,0.6135682044634898,0,3.0,0.953253101348472,0,0.0,0.9342342367139409,2,68.0
2475.0,3,81.0,1.6875,8.727583204448486,0,0.0,1.0,2,75.0,0.6817287171963474,0,3.0,0.9697025814616922,0,0.0,0.9542572706920135,2,78.0
2480.0,4,97.0,2.0208333333333335,8.217082487235743,0,0.0,1.0,2,80.0,0.6764417283594587,1,4.0,0.5803140350668027,0,0.0,0.9504351378721188,3,84.0
2485.0,4,83.0,1.7659574468085106,7.741848395060211,0,0.0,1.0,1,74.0,0.8208965597355883,3,18.0,0.18568045513723241,0,0.0,0.9808000135749892,4,92.0
2490.0,5,108.0,2.4,8.201182413356282,0,0.0,1.0,1,76.0,0.765236376074418,4,35.0,0.15656598243697897,0,0.0,0.960150177777089,5,111.0
2495.0,2,94.0,2.186046511627907,7.9761173624732065,0,0.0,0.9966529057780668,1,81.0,0.6416860457836999,1,16.0,0.697261750427844,0,0.0,0.9140464537855635,2,97.0
2500.0,3,107.0,2.488372093023256,8.104134608709131,0,6.0,0.5879315672262188,2,89.0,0.5834608402276169,1,21.0,0.6530923779923644,0,0.0,0.9413752310498477,3,116.0
2505.0,2,114.0,2.590909090909091,8.71655357446871,0,0.0,1.0,1,94.0,0.7918138790492044,1,26.0,0.6581381178018612,0,0.0,0.9869455311521818,2,120.0
2510.0,4,126.0,2.8636363636363638,8.310989225613637,0,0.0,1.0,2,100.0,0.6472906420070735,1,31.0,0.728975196811662,0,0.0,0.9273051930707064,3,131.0
2515.0,4,146.0,3.395348837209302,7.765816875186373,0,0.0,1.0,2,110.0,0.6983442937674427,1,36.0,0.741981561902089,0,0.0,0.9833859981532322,3,146.0
2520.0,5,169.0,4.121951219512195,6.893956503068795,0,0.0,1.0,2,120.0,0.6366047974810193,1,41.0,0.23919764200863108,0,0.0,0.9724549799891142,3,161.0
2525.0,11,219.0,5.093023255813954,6.794417473002083,0,0.0,1.0,3,134.0,0.5547207695075543,5,62.0,0.00019990366893288678,0,0.0,0.9722921936927494,8,196.0
2530.0,9,233.0,5.682926829268292,6.557930833642958,0,0.0,1.0,4,149.0,0.3210750606875221,5,87.0,0.1637449203389861,0,0.0,0.9457470469249675,9,236.0
2535.0,9,246.0,5.857142857142857,6.188521250781352,0,0.0,1.0,6,177.0,0.2384788054602739,2,68.0,0.0,0,0.0,0.9477520028855723,8,245.0
2540.0,10,292.0,6.790697674418604,5.7705775773416805,0,3.0,0.5337716690127935,6,211.0,0.15595827540270119,2,78.0,0.0,0,0.0,0.8897889470611346,8,292.0
2545.0,9,330.0,7.674418604651163,6.7838215907575,0,0.0,1.0,7,246.0,0.3095699388471166,2,88.0,0.31700586830362315,0,0.0,0.9546158900723185,9,334.0
2550.0,9,375.0,8.333333333333334,6.855931934434604,0,0.0,1.0,7,281.0,0.39321432799492245,2,98.0,0.0,0,0.0,0.9611504535392554,9,379.0
2555.0,9,420.0,10.0,6.698865453748836,0,0.0,1.0,7,316.0,0.3500593786559434,2,108.0,0.0,0,0.0,0.966182496156643,9,424.0
2560.0,9,465.0,10.108695652173912,6.53717537675684,0,0.0,1.0,7,351.0,0.3404605223568093,2,118.0,0.3347158999517261,0,0.0,0.9711180350902717,9,469.0
2565.0,8,325.0,7.065217391304348,6.762536823192404,0,0.0,1.0,5,234.0,0.41204733119033254,3,132.0,0.2291584806259258,0,0.0,0.9323824101249689,8,366.0
2570.0,8,365.0,8.11111111111111,6.898869729905802,0,0.0,1.0,5,221.0,0.3636598676054778,3,150.0,0.41106730216360216,0,0.0,0.9780058922281191,8,371.0
2575.0,9,396.0,8.8,6.101995782190009,0,0.0,1.0,7,251.0,0.23948211998354987,2,151.0,0.4819987034189343,0,0.0,0.9935980583720602,9,402.0
2580.0,11,449.0,9.977777777777778,6.218023911291156,0,0.0,1.0,7,289.0,0.2362597351537869,2,161.0,0.6063079227553255,0,0.0,0.9614784853417363,9,450.0
2585.0,13,500.0,10.638297872340425,6.430290683821904,0,0.0,1.0,10,332.0,0.25957662055723024,2,171.0,0.445479349686989,0,0.0,0.9527982248895553,12,503.0
2590.0,13,553.0,11.520833333333334,6.7978739211136165,0,0.0,1.0,11,383.0,0.2940268616330632,2,181.0,0.47079022547340366,0,0.0,0.9608291643614203,13,564.0
2595.0,12,430.0,8.431372549019608,6.04642096825937,0,0.0,1.0,11,435.0,0.2121406662032308,0,77.0,0.6890233164572713,0,0.0,0.9551194717635099,11,512.0
2600.0,13,490.0,10.208333333333334,5.80292331692124,0,0.0,1.0,13,497.0,0.1610148697536581,0,0.0,0.5759475322736644,0,0.0,0.9535516729004373,13,497.0
2605.0,5,44.0,0.8979591836734694,5.968793588449713,0,0.0,1.0,3,131.0,0.24590903960690388,2,6.0,0.34828599488560585,0,0.0,0.9846374574008991,5,137.0
2610.0,6,47.0,0.9791666666666666,6.827420991321858,0,0.0,1.0,2,51.0,0.2914952207617259,4,20.0,0.0011508958631305946,0,0.0,0.9495943797433668,6,71.0
2615.0,5,47.0,0.9591836734693877,7.600913832113035,0,0.0,1.0,3,40.0,0.31789912593608516,0,14.0,0.6677901342207785,0,0.0,0.9389827414748028,3,54.0
2620.0,6,76.0,1.4901960784313726,8.355805806889196,0,0.0,1.0,3,58.0,0.48161563595068135,0,9.0,0.8134962450665252,0,0.0,0.9601390994218649,3,67.0
2625.0,3,36.0,0.6923076923076923,8.912403987890894,0,0.0,1.0,0,15.0,0.7696758494131699,0,6.0,0.9653587391210067,0,0.0,0.9270002792350958,0,21.0
2630.0,4,52.0,0.9629629629629629,8.786606825278442,0,0.0,1.0,0,3.0,0.9498391157488679,1,7.0,0.8439807771771339,0,0.0,0.9394698053703996,1,10.0
2635.0,6,79.0,1.5192307692307692,7.770938920690055,0,0.0,1.0,0,3.0,0.776461286941673,1,9.0,0.8482464528483648,0,0.0,0.9509362104043138,1,12.0
2640.0,10,109.0,2.1372549019607843,6.989345293390408,0,0.0,1.0,1,4.0,0.7772638840897871,3,7.0,0.6486998483730564,0,0.0,0.9529240042835846,4,11.0
2645.0,7,96.0,2.0869565217391304,6.418112652289317,0,0.0,1.0,0,0.0,0.8104250807885585,4,24.0,0.2679543583866969,0,0.0,0.9900028807462502,4,24.0
2650.0,11,137.0,2.9148936170212765,6.333588275147375,0,0.0,1.0,2,8.0,0.589017243994688,4,44.0,0.22089494686783961,0,0.0,0.9704962041936485,6,52.0
2655.0,12,99.0,2.0625,5.9733534408038835,0,0.0,1.0,3,19.0,0.391713461909924,7,74.0,0.2907818145644032,0,0.0,0.9723895123897076,10,93.0
2660.0,5,43.0,0.8958333333333334,6.583488379510382,0,0.0,1.0,3,34.0,0.37339584133125936,2,34.0,0.4307974549315653,0,0.0,0.9589871639834819,5,68.0
2665.0,2,11.0,0.21568627450980393,7.648381889298458,0,6.0,0.5223592464824773,0,13.0,0.6649856143520999,1,58.0,0.5734265137364031,0,0.0,0.9677510280061211,1,77.0
2670.0,6,29.0,0.6041666666666666,7.332155427185829,2,11.0,0.26895724826647677,1,6.0,0.7318798759319435,2,64.0,0.5615977504121759,0,0.0,0.9539278923931883,5,81.0
2675.0,10,70.0,1.4285714285714286,6.169238486789392,3,26.0,0.05493154210901984,1,11.0,0.7945236359080831,3,81.0,0.421938927360802,0,0.0,0.9334056626592651,7,118.0
2680.0,8,74.0,1.574468085106383,6.171473630611462,4,43.0,0.011627973112353638,1,14.0,0.7479192938521554,2,77.0,0.6060838045586753,0,0.0,0.9474362247774333,7,134.0
2685.0,13,118.0,2.3137254901960786,6.896705123674971,6,71.0,0.0041489142719723865,1,19.0,0.819892610977058,5,70.0,0.41346625051080516,0,0.0,0.9515580701509117,12,160.0
2690.0,12,138.0,2.6538461538461537,6.677147584909495,7,103.0,0.001127976185475121,0,3.0,0.8197046420486613,5,95.0,0.3962912020758106,0,0.0,0.9412839394691646,12,201.0
2695.0,8,83.0,1.5961538461538463,6.817579495123002,1,49.0,0.01755161930116237,2,5.0,0.4898221970239453,5,120.0,0.4836734804158352,0,0.0,0.9751676161744203,8,174.0
2700.0,10,118.0,2.3137254901960786,6.555044012143745,0,8.0,0.16235479526818636,3,19.0,0.41075578786208505,7,151.0,0.3379504448975961,0,0.0,0.9962820864355086,10,178.0
2705.0,6,93.0,1.7547169811320755,7.48566395429974,0,0.0,1.0,4,38.0,0.18635736399291383,2,109.0,0.5686550034655646,0,0.0,0.9631167829528604,6,147.0
2710.0,5,106.0,2.0384615384615383,8.043050124224838,0,3.0,0.5258184916986348,3,44.0,0.44214458888472313,2,111.0,0.5970560515632682,0,0.0,0.9362302289788988,5,158.0
2715.0,6,132.0,2.490566037735849,8.187350042016606,0,0.0,1.0,3,59.0,0.5626161868274641,2,124.0,0.6897509767131134,0,0.0,0.9996497865910681,5,183.0
2720.0,7,159.0,2.9444444444444446,8.01983138929819,0,0.0,1.0,3,74.0,0.4927375572943759,3,135.0,0.5432610138914781,0,0.0,0.9729852806766797,6,209.0
2725.0,7,99.0,1.9411764705882353,7.964636385646499,0,0.0,1.0,5,91.0,0.36666560127533915,1,54.0,0.6855016977565602,0,0.0,0.9514727656653017,6,145.0
2730.0,9,133.0,2.8297872340425534,7.331347174551979,0,0.0,1.0,5,119.0,0.48821630668913757,4,23.0,0.25902241023369793,0,0.0,0.9444142995912989,9,142.0
2735.0,11,186.0,3.9574468085106385,7.041802736477768,0,0.0,1.0,5,144.0,0.4956300307398922,4,43.0,0.16971193883354121,0,0.0,0.9503527423626587,9,187.0
2740.0,11,227.0,4.54,6.786641527881791,0,0.0,1.0,7,176.0,0.41309300958511846,4,63.0,0.1386728438824022,0,0.0,0.9853033629303767,11,239.0
2745.0,15,294.0,6.125,5.873095505643092,0,0.0,1.0,9,216.0,0.23018869647179094,6,82.0,0.007081006652455066,0,0.0,0.9669861896376565,15,298.0
2750.0,12,157.0,3.204081632653061,6.421020375564088,0,0.0,0.9716786273856197,6,156.0,0.2859026791152965,6,86.0,0.0003203439807253998,0,0.0,0.9940852539118591,12,242.0
2755.0,13,197.0,3.8627450980392157,6.116766978494442,0,0.0,1.0,5,80.0,0.21125961444932026,6,116.0,0.13867262133393013,0,0.0,0.9691158728175626,11,196.0
2760.0,14,261.0,5.019230769230769,6.510992791207818,0,0.0,1.0,6,107.0,0.15737970562562145,6,149.0,0.29550528869501036,0,0.0,0.9598000386257335,12,256.0
2765.0,13,313.0,5.90566037735849,6.463147254872292,0,0.0,1.0,7,141.0,0.16988455143537715,6,179.0,0.26002237586276744,0,0.0,0.9425599555371509,13,320.0
2770.0,2,31.0,0.5740740740740741,6.466652617001335,0,0.0,1.0,0,15.0,0.3259140821017697,1,62.0,0.49484086029729424,0,0.0,0.9479698502470628,1,77.0
2775.0,2,12.0,0.21818181818181817,8.22686568510719,0,6.0,0.6510686978722352,1,10.0,0.6068267364627186,0,34.0,0.819778523295682,0,0.0,0.9730868567618884,1,50.0
2780.0,1,9.0,0.16071428571428573,9.132735914106906,0,0.0,0.7026240294390319,1,54.0,0.7120036259921628,0,12.0,0.8287982481329882,0,0.0,0.9900665782429028,1,66.0
2785.0,3,21.0,0.3888888888888889,9.212701211257924,0,0.0,0.8922639757815063,2,22.0,0.7304704691672635,1,18.0,0.7017258140832389,0,0.0,0.9611262808596659,3,40.0
2790.0,3,16.0,0.2962962962962963,8.76565733105317,0,0.0,1.0,0,12.0,0.7104056072503065,3,26.0,0.5510340621904839,0,0.0,0.9641077279299799,3,38.0
2795.0,1,6.0,0.1111111111111111,9.249893241556158,0,0.0,1.0,0,6.0,0.8159888124340706,1,25.0,0.6516255620005837,0,0.0,0.9253685827966898,1,31.0
2800.0,3,17.0,0.3333333333333333,8.86961633302283,0,0.0,1.0,1,11.0,0.8067304774890935,2,22.0,0.6182303723946261,0,0.0,0.9461253050132998,3,33.0
2805.0,8,43.0,0.8958333333333334,7.864354600820044,0,0.0,1.0,3,20.0,0.5452376808203104,5,39.0,0.3392205793598085,0,0.0,0.9990886676469334,8,59.0
2810.0,10,90.0,1.836734693877551,6.102531051696626,0,0.0,1.0,3,35.0,0.26470257170937905,7,71.0,0.08918905816702202,0,0.0,0.9404456769063297,10,106.0
2815.0,15,155.0,3.369565217391304,5.052452419527243,0,0.0,0.9425237412310904,6,57.0,0.06116030686143101,9,114.0,0.11733086780798806,0,0.0,0.9185915335927275,15,171.0
2820.0,17,237.0,5.1521739130434785,4.819096725872159,0,0.0,1.0,7,90.0,0.10988886611606001,10,163.0,0.08016873244408211,0,0.0,0.9442361826945183,17,253.0
2825.0,15,262.0,5.458333333333333,5.131611781819507,0,0.0,1.0,7,125.0,0.11931648649859573,8,172.0,0.023035235026504074,0,0.0,0.9948737470063157,15,297.0
2830.0,9,164.0,3.215686274509804,6.2118432195970605,0,0.0,1.0,1,33.0,0.5606238913312589,8,166.0,0.14949248187018346,0,0.0,0.9387455751563947,9,199.0
2835.0,9,209.0,4.098039215686274,7.16905804305419,0,0.0,1.0,1,26.0,0.6851079889178004,8,192.0,0.19004047600343307,0,0.0,0.980032092100632,9,218.0
2840.0,11,258.0,4.867924528301887,6.905228616489204,0,0.0,1.0,2,34.0,0.6429495680255775,8,238.0,0.3911885288092893,0,0.0,0.9423988958770144,10,272.0
2845.0,5,63.0,1.1454545454545455,7.232632212638848,0,0.0,1.0,2,48.0,0.7107844448856747,2,75.0,0.46541149225220807,0,0.0,0.9792785353837591,4,123.0
2850.0,6,85.0,1.5454545454545454,7.7669744508242475,0,0.0,1.0,2,64.0,0.7092313546047111,3,38.0,0.47141795018467175,0,0.0,0.9663838241865554,5,102.0
2855.0,9,122.0,2.2181818181818183,7.693504747011344,0,0.0,0.748895337655164,3,68.0,0.6509685445119474,3,53.0,0.6016782872238262,0,0.0,0.934752661150574,6,121.0
2860.0,9,162.0,3.24,7.30001620696928,0,0.0,1.0,3,83.0,0.6685119323570702,3,68.0,0.5502592828760794,0,0.0,0.9554826081292136,6,151.0
2865.0,6,169.0,3.3137254901960786,7.5924065868429045,0,0.0,0.9459614169767031,3,110.0,0.6693291873936583,3,77.0,0.38397584760919823,0,0.0,0.9411614747659223,6,187.0
2870.0,5,95.0,1.8627450980392157,8.20257256150679,0,0.0,1.0,1,35.0,0.767755944337588,4,93.0,0.4102559682517834,0,0.0,0.9439045931045094,5,128.0
2875.0,6,121.0,2.5208333333333335,8.334499016266637,0,0.0,1.0,1,13.0,0.7056485682334694,5,114.0,0.28313301367398447,0,0.0,0.9463915194973039,6,127.0
2880.0,8,156.0,3.25,7.981295144356953,0,0.0,1.0,3,23.0,0.4379207696548236,5,141.0,0.28276506968909976,0,0.0,0.9498221477485825,8,164.0
2885.0,9,197.0,4.020408163265306,7.140417880414882,0,0.0,1.0,3,38.0,0.21376775412005672,6,167.0,0.20179623060603072,0,0.0,0.9952104476471778,9,205.0
2890.0,9,211.0,4.586956521739131,6.910493667533813,0,0.0,1.0,6,65.0,0.21693467168200928,3,155.0,0.23104227890593848,0,0.0,0.9457771567581581,9,220.0
2895.0,9,256.0,6.095238095238095,7.135954412289719,0,0.0,1.0,6,99.0,0.2145377399198976,3,170.0,0.24288145983402554,0,0.0,0.9538120702123625,9,269.0
2900.0,10,306.0,6.954545454545454,6.856490583791546,0,0.0,1.0,7,134.0,0.18114532749245948,3,185.0,0.24851170069426637,0,0.0,0.9852942887046262,10,319.0
2905.0,11,361.0,8.022222222222222,6.676898679630198,0,0.0,1.0,8,182.0,0.25584779799514873,3,197.0,0.0,0,0.0,0.8868350561255137,11,379.0
2910.0,3,212.0,4.711111111111111,7.496837773493928,0,0.0,1.0,0,46.0,0.6233497536004088,3,212.0,0.4234383962798684,0,0.0,0.998560924964035,3,258.0
2915.0,4,229.0,5.088888888888889,7.762595893605981,0,0.0,1.0,0,11.0,0.8794923456717898,4,229.0,0.16486446998644952,0,0.0,0.9744869575110451,4,240.0
2920.0,6,255.0,5.1,8.692042698857763,0,0.0,0.9795455594478818,1,5.0,0.818240476660402,5,262.0,0.34289412317311774,0,0.0,0.9738812178881294,6,267.0
2925.0,6,285.0,5.9375,8.503967972802174,0,0.0,1.0,1,7.0,0.7254356346734141,5,287.0,0.35168657365518885,0,0.0,0.9530459212852568,6,294.0
2930.0,6,288.0,6.0,8.028551807961117,0,0.0,1.0,2,14.0,0.5659419357205766,4,296.0,0.44295717484651065,0,0.0,0.9428129344981124,6,310.0
2935.0,5,311.0,6.22,8.73998665301589,0,0.0,1.0,2,24.0,0.5642495824828478,3,295.0,0.5277526351311703,0,0.0,0.998011098246119,5,319.0
2940.0,5,336.0,7.148936170212766,8.762545788996247,0,0.0,1.0,2,37.0,0.5826617961015016,3,308.0,0.6506547386744326,0,0.0,0.9888400313567537,5,345.0
2945.0,7,367.0,7.978260869565218,8.400784014246655,0,0.0,0.9541615940393394,2,47.0,0.6819987985849126,4,326.0,0.43882938889361367,0,0.0,0.9432625683507551,6,373.0
2950.0,8,182.0,4.044444444444444,7.476618706570562,0,0.0,1.0,2,57.0,0.6767628648725731,5,231.0,0.2523533716188737,0,0.0,0.8373929603932944,7,288.0
2955.0,9,111.0,2.3125,7.229560686983409,0,0.0,1.0,3,69.0,0.5669728206838066,5,44.0,0.20220988723341685,0,0.0,0.9684348436076723,8,113.0
2960.0,9,156.0,3.3191489361702127,6.647081992348036,0,0.0,1.0,3,84.0,0.5301749763273069,5,63.0,0.1266047811762062,0,0.0,0.9149844424674263,8,147.0
2965.0,14,214.0,4.458333333333333,5.889378497224693,0,0.0,1.0,5,99.0,0.3625701562397452,6,91.0,0.12322426339876327,0,0.0,0.9629858268296836,11,190.0
2970.0,14,222.0,4.826086956521739,4.722840181312292,0,0.0,1.0,6,126.0,0.1609044155908641,2,47.0,0.23391141150653272,0,0.0,0.937303685366808,8,173.0
2975.0,7,203.0,4.229166666666667,5.862862408763324,0,9.0,0.6125581238533034,2,107.0,0.21663312088924166,2,56.0,0.30514224457956324,0,0.0,0.9737639932815667,4,172.0
2980.0,6,229.0,4.58,7.265005009171299,0,0.0,0.5687699647124335,2,117.0,0.43063317353922814,2,69.0,0.39796561332546415,0,0.0,0.976276589270215,4,186.0
2985.0,7,263.0,5.36734693877551,7.525150803023162,0,0.0,1.0,2,127.0,0.5903572884235031,3,86.0,0.4652116967515821,0,0.0,0.9865636073200807,5,213.0
2990.0,8,220.0,4.150943396226415,8.088486214853427,0,0.0,1.0,2,137.0,0.6777160753381111,1,52.0,0.6004074486261172,0,0.0,0.9813050675079293,3,189.0
2995.0,8,260.0,4.814814814814815,8.257873704183668,0,3.0,0.9011554174846239,2,147.0,0.6855567951714413,1,20.0,0.6623792649720921,0,0.0,0.9739698252380427,3,170.0
3000.0,8,269.0,5.173076923076923,7.622476498865279,0,3.0,0.017859689856621234,3,159.0,0.6017597240527798,2,28.0,0.63673838707966,0,0.0,0.9574132613542967,5,190.0
3005.0,9,314.0,6.541666666666667,7.13618448335783,1,8.0,0.0,3,171.0,0.44137294556123585,2,35.0,0.5997635132648566,0,0.0,0.9908479404542174,6,214.0
3010.0,11,357.0,7.4375,6.29977476369604,1,13.0,0.0,5,192.0,0.3513914727923597,1,29.0,0.7206514655966014,0,0.0,0.9796410824793134,7,234.0
3015.0,9,208.0,4.244897959183674,6.119282919883308,1,18.0,0.4500357962874458,2,37.0,0.33024338990380364,1,34.0,0.7125046728567742,0,0.0,0.9346654363001914,4,89.0
3020.0,6,195.0,3.979591836734694,7.325056599706779,0,0.0,0.14605579100878308,1,8.0,0.7869992309297027,1,39.0,0.7263398595935436,0,0.0,0.9755615207838997,2,47.0
3025.0,2,54.0,1.0384615384615385,7.918447204802602,0,0.0,1.0,1,13.0,0.5654240787667456,1,44.0,0.6374436343574961,0,0.0,0.9981458723657498,2,57.0
3030.0,2,20.0,0.39215686274509803,7.882597908550332,0,0.0,1.0,2,23.0,0.46972596959349877,0,0.0,0.8524783482833589,0,0.0,0.9519067713699092,2,23.0
3035.0,2,9.0,0.19148936170212766,7.891019073634888,0,0.0,1.0,1,8.0,0.7031679056060651,0,53.0,0.7428529918496216,0,0.0,0.9320528569946679,1,61.0
3040.0,4,24.0,0.5106382978723404,8.095117362485732,0,0.0,1.0,1,22.0,0.7723471851795102,2,23.0,0.3085941355658463,0,0.0,0.9790174930561668,3,45.0
3045.0,8,53.0,1.127659574468085,7.623655661605906,0,0.0,1.0,1,24.0,0.7176170255425378,3,37.0,0.3289366595509019,0,0.0,0.9566636745776661,4,61.0
3050.0,5,50.0,1.1111111111111112,7.272249658485716,0,0.0,1.0,2,23.0,0.5559764000321371,2,28.0,0.5219616013478782,0,0.0,0.9538892375478519,4,51.0
3055.0,12,72.0,1.6363636363636365,6.855388748237354,0,0.0,1.0,1,8.0,0.7226129924122657,3,43.0,0.5387704316201573,0,0.0,0.9759747191159075,4,51.0
3060.0,11,117.0,2.6,6.584587987499953,0,0.0,1.0,2,14.0,0.46651533016462327,3,57.0,0.5368057693579932,0,0.0,0.9446674024018332,5,71.0
3065.0,13,175.0,3.723404255319149,6.9105896398556625,0,0.0,1.0,3,25.0,0.3718298944562825,3,69.0,0.5897068992499025,0,0.0,0.9609206753285178,6,94.0
3070.0,11,161.0,3.659090909090909,5.686879610893053,0,0.0,1.0,4,42.0,0.1878816805170432,0,3.0,0.7908143261557206,0,0.0,0.943053764264809,4,45.0
3075.0,10,173.0,3.9318181818181817,6.57672782622258,0,0.0,1.0,1,38.0,0.5185704346731516,0,3.0,0.950124979480891,0,0.0,0.9398853052308467,1,41.0
3080.0,9,215.0,4.574468085106383,7.575309880423351,0,0.0,0.9207711942485199,1,40.0,0.7828788591957024,0,3.0,0.930206476257887,0,0.0,0.9841948499508368,1,43.0
3085.0,7,146.0,2.979591836734694,8.06637211836845,1,2.0,0.0013582439327887756,2,30.0,0.71048971110886,0,0.0,0.9543289572612946,0,0.0,0.9857975962251874,3,32.0
3090.0,9,184.0,3.9148936170212765,7.165457116874684,1,7.0,0.0361652943937686,2,40.0,0.6403373319636688,1,1.0,0.22523322307202037,0,0.0,0.8374774631316462,4,48.0
3095.0,10,111.0,2.466666666666667,6.81921206529321,2,15.0,0.0,3,50.0,0.5552784715781572,2,9.0,0.20723498788255545,0,0.0,0.939602231468794,7,74.0
3100.0,4,44.0,0.9565217391304348,7.159392518554679,2,25.0,0.0,0,6.0,0.8238496684500423,2,19.0,0.4301329098134881,0,0.0,0.944519637851904,4,50.0
3105.0,3,32.0,0.7272727272727273,7.398532672748436,0,0.0,1.0,0,3.0,0.9230795975414411,2,29.0,0.46723228594101235,0,0.0,0.9450459075768646,2,32.0
3110.0,3,47.0,1.0444444444444445,8.627751385457652,0,0.0,1.0,0,0.0,0.8795841685647138,2,45.0,0.6262651288813137,0,0.0,0.9803321135127425,2,45.0
3115.0,3,52.0,1.1063829787234043,9.207569133305851,0,0.0,1.0,0,0.0,0.9581455726602016,3,98.0,0.628661588800287,0,0.0,0.9691730799500737,3,98.0
3120.0,7,74.0,1.608695652173913,7.926149685203402,0,0.0,1.0,1,1.0,0.7249069633734189,6,119.0,0.3808057642145775,0,0.0,0.9924779680218773,7,120.0
3125.0,7,104.0,2.2127659574468086,7.773937872202947,0,0.0,1.0,1,1.0,0.6301999488506995,6,149.0,0.34852925262393836,0,0.0,0.9550159365121568,7,150.0
3130.0,4,67.0,1.5227272727272727,7.603106635499717,0,0.0,1.0,1,6.0,0.4640455846983985,3,119.0,0.4201054600646074,0,0.0,0.9888457236215394,4,125.0
3135.0,3,71.0,1.6136363636363635,8.358869124997192,0,0.0,1.0,1,14.0,0.5560282730521161,2,114.0,0.4666917676298509,0,0.0,0.9839070296214105,3,128.0
3140.0,5,91.0,2.116279069767442,8.488013127686127,0,0.0,0.9894285704686867,2,29.0,0.6454743501666632,2,110.0,0.474565003031122,0,0.0,0.9863918589031891,4,139.0
3145.0,3,86.0,2.0,8.496198920571924,0,0.0,1.0,0,9.0,0.9577438904874656,2,120.0,0.31761408223475424,0,0.0,0.9741857462597551,2,129.0
3150.0,2,33.0,0.7857142857142857,8.809341211990423,0,0.0,1.0,0,37.0,0.9427845207352147,1,72.0,0.0,0,0.0,0.9828236054827679,1,109.0
3155.0,1,37.0,0.8043478260869565,9.340773094300184,0,0.0,1.0,0,37.0,0.9113317090809069,1,83.0,0.6412033235462479,0,0.0,0.943687502906111,1,120.0
3160.0,5,54.0,1.148936170212766,8.495803202474296,0,0.0,1.0,1,5.0,0.7918660854007235,1,118.0,0.6692756390343425,1,1.0,0.4685839455797693,3,124.0
3165.0,7,81.0,1.6875,7.085273730265075,0,0.0,1.0,2,12.0,0.5091846331517017,2,127.0,0.633940985945136,0,0.0,0.9420684282022206,4,139.0
3170.0,11,132.0,2.75,6.867618111122006,0,0.0,1.0,3,27.0,0.4117978088258366,2,140.0,0.6383609985261351,0,0.0,0.9417886253434629,5,167.0
3175.0,13,182.0,3.64,6.312396483986511,0,0.0,1.0,5,48.0,0.39445528527201096,3,148.0,0.5566224352417436,0,0.0,0.96418303032543,8,196.0
3180.0,16,257.0,4.9423076923076925,5.720043724860554,0,0.0,1.0,8,83.0,0.32358340078849024,3,163.0,0.4795639949950164,0,0.0,0.9728658404136804,11,246.0
3185.0,14,269.0,5.2745098039215685,5.651576424118709,0,0.0,0.9662184189658355,5,59.0,0.3131398819186081,3,172.0,0.0,0,0.0,0.9816584714838618,8,231.0
3190.0,15,329.0,6.092592592592593,6.148039493864111,0,0.0,1.0,5,76.0,0.35695039772549275,2,171.0,0.0,0,0.0,0.9843723304200757,7,247.0
3195.0,16,405.0,7.363636363636363,6.288701937936802,0,0.0,1.0,5,104.0,0.42907525249593775,2,184.0,0.42597467403987305,0,0.0,0.9420258949594268,7,288.0
3200.0,17,488.0,8.56140350877193,6.022746810580901,0,0.0,1.0,5,129.0,0.4913926523538764,3,197.0,0.48839073336791655,0,0.0,0.9391683650821837,8,326.0
3205.0,17,454.0,7.827586206896552,5.701192791772965,0,0.0,1.0,2,81.0,0.5181115185402788,3,212.0,0.4770756984396016,0,0.0,0.9111754445763879,5,293.0
3210.0,12,287.0,5.218181818181818,6.239416296317192,0,0.0,1.0,3,17.0,0.4435492456757751,2,214.0,0.6423749093054206,0,0.0,0.9651727554703952,5,231.0
3215.0,8,209.0,4.26530612244898,6.709460986494235,0,0.0,1.0,4,40.0,0.464258584968763,2,224.0,0.39398390281966933,0,0.0,0.9750562797985998,6,264.0
3220.0,8,221.0,4.510204081632653,7.3856271906270115,0,0.0,1.0,4,104.0,0.5154183693794107,3,238.0,0.2973968514642021,0,0.0,0.9825153491747626,7,342.0
3225.0,4,195.0,3.979591836734694,7.239950768453309,0,0.0,0.9563736719224885,1,65.0,0.575366099540351,3,250.0,0.2475367471221607,0,0.0,0.9497793172937126,4,315.0
3230.0,5,204.0,4.340425531914893,6.800200962097952,0,0.0,1.0,2,69.0,0.43870339474062275,2,251.0,0.3765623721572168,0,0.0,0.9811857943986951,4,320.0
3235.0,9,242.0,5.260869565217392,6.631399306462466,0,0.0,1.0,3,82.0,0.47842999951256715,3,297.0,0.45972030768418054,0,0.0,0.9717952150425644,6,379.0
3240.0,8,264.0,5.617021276595745,6.824500523434139,0,0.0,1.0,3,97.0,0.3877361089946865,4,314.0,0.42090206336006053,0,0.0,0.9453448358933202,7,411.0
3245.0,6,269.0,5.489795918367347,7.331800113449978,0,0.0,1.0,2,40.0,0.5349092537742262,4,334.0,0.414176904912555,0,0.0,0.9813839674400777,6,374.0
3250.0,7,86.0,1.7916666666666667,7.036010406544595,0,0.0,1.0,2,50.0,0.4953590548799843,2,181.0,0.4407033028804873,0,0.0,0.9439454465268924,4,231.0
3255.0,9,108.0,2.4,6.763964741539862,0,0.0,1.0,3,67.0,0.5356696704519176,3,34.0,0.22317498706868596,0,0.0,0.942282561223163,6,101.0
3260.0,7,127.0,2.8222222222222224,6.963984904805874,0,0.0,1.0,3,82.0,0.5591431503281408,4,54.0,0.17341597443616344,0,0.0,0.9389617355980884,7,136.0
3265.0,6,127.0,2.8863636363636362,6.890235679995533,0,0.0,1.0,2,59.0,0.5629507144837361,4,74.0,0.2684174516411521,0,0.0,0.9439183908725176,6,133.0
3270.0,2,66.0,1.4666666666666666,7.334837986564103,0,0.0,1.0,2,69.0,0.5652636488987548,0,31.0,0.3894832172213087,0,0.0,0.9609624200353385,2,100.0
3275.0,4,81.0,1.8409090909090908,7.550295395216491,0,3.0,0.9162348980316365,2,82.0,0.5595025732933551,2,43.0,0.5878686703430794,0,0.0,0.9399448133285719,4,128.0
3280.0,6,105.0,2.234042553191489,7.661552052324566,0,0.0,1.0,2,95.0,0.6729964928154387,2,53.0,0.5995946654434412,0,0.0,0.9532116119504566,4,148.0
3285.0,8,141.0,2.9375,7.554005831803391,0,0.0,1.0,2,102.0,0.7166177199895007,3,66.0,0.47738445157513065,0,0.0,0.9545525844577011,5,168.0
3290.0,7,159.0,3.3125,7.448700549438651,0,0.0,1.0,2,112.0,0.6848866056096277,2,40.0,0.562178427436765,0,0.0,0.9486448895785861,4,152.0
3295.0,6,75.0,1.5625,7.884380005233074,0,0.0,1.0,0,39.0,0.8565703066738342,1,24.0,0.7605663349083449,0,0.0,0.9715226571129891,1,63.0
3300.0,8,114.0,2.425531914893617,7.261168258056122,0,0.0,1.0,0,9.0,0.9534177144518291,1,32.0,0.6800216537978064,0,0.0,0.9580360679358182,1,41.0
3305.0,12,164.0,3.5652173913043477,6.034887409483528,0,0.0,1.0,1,11.0,0.6379261611555629,4,45.0,0.428437157881335,0,0.0,0.9346873649068642,5,56.0
3310.0,15,218.0,4.739130434782608,5.300150270947201,0,0.0,1.0,4,24.0,0.2899333917536472,2,42.0,0.4942636030431696,0,0.0,0.9744313809154137,6,66.0
3315.0,13,235.0,5.222222222222222,4.880675807761775,0,0.0,1.0,4,44.0,0.09621210525262648,2,52.0,0.5557162469346034,0,0.0,0.9429793306161738,6,96.0
3320.0,14,177.0,3.847826086956522,4.798096389878728,0,6.0,0.19017611166774043,7,74.0,0.16904545389872175,2,62.0,0.4909121826336645,0,0.0,0.9939132911743918,9,142.0
3325.0,12,182.0,3.872340425531915,5.305587478465823,2,15.0,0.01837137442555337,7,109.0,0.2901490688552195,3,77.0,0.39153601339774136,0,0.0,0.9286306581219048,12,201.0
3330.0,9,145.0,3.0208333333333335,5.401382317575284,0,0.0,0.02484156752322338,7,144.0,0.28895309603718183,2,33.0,0.027206439290546596,0,0.0,0.9865835701677328,9,177.0
3335.0,1,6.0,0.11764705882352941,6.716821843792636,0,0.0,1.0,0,38.0,0.6939990183296979,1,6.0,0.28338842828733063,0,0.0,0.9319397044294316,1,44.0
3340.0,2,14.0,0.28,7.601408550129102,0,0.0,1.0,0,0.0,0.8050218975368147,2,14.0,0.30783499519259666,0,0.0,0.9163181365295932,2,14.0
3345.0,2,24.0,0.47058823529411764,8.429779763575524,0,0.0,1.0,0,0.0,0.716332769876967,2,30.0,0.4921379200400909,0,0.0,0.9351419550716555,2,30.0
3350.0,2,6.0,0.11320754716981132,8.441528942482703,0,0.0,1.0,2,6.0,0.47850235780589445,0,3.0,0.8609786634351408,0,0.0,0.9628857839026408,2,9.0
3355.0,5,25.0,0.4716981132075472,8.08488584037157,0,0.0,1.0,2,15.0,0.31458550225971266,0,22.0,0.8336755573182323,0,0.0,0.9344711055135205,2,37.0
3360.0,5,36.0,0.75,7.473033978816235,0,0.0,1.0,1,13.0,0.5556060266377799,1,23.0,0.5796632060014701,0,0.0,0.9436488837460749,2,36.0
3365.0,7,68.0,1.4782608695652173,7.5620704390394735,0,0.0,1.0,1,53.0,0.6747468382333666,3,38.0,0.5868450285435123,0,0.0,0.9355898270287405,4,91.0
3370.0,7,89.0,1.8541666666666667,7.041672876545854,0,0.0,1.0,2,59.0,0.6473680867343079,1,28.0,0.5806522659705787,0,0.0,0.9285673849532023,3,87.0
3375.0,6,52.0,1.1063829787234043,7.474162671522332,0,0.0,1.0,3,73.0,0.6254292441190965,2,23.0,0.6441471109477863,0,0.0,0.9619730094835587,5,96.0
3380.0,7,71.0,1.5434782608695652,6.803231017241175,0,0.0,1.0,3,78.0,0.5336176991246163,4,36.0,0.22560496351342096,0,0.0,0.9491847518875527,7,114.0
3385.0,11,116.0,2.4166666666666665,6.881640612874125,0,0.0,1.0,5,99.0,0.49132653604845744,6,80.0,0.24286349225808773,0,0.0,0.9787101931493004,11,179.0
3390.0,12,151.0,3.02,6.96342578220311,0,0.0,1.0,5,124.0,0.4227814171760425,7,93.0,0.1821751922327314,0,0.0,0.9760955460257583,12,217.0
3395.0,15,221.0,4.510204081632653,6.987031690732591,0,0.0,1.0,5,149.0,0.36213206183544017,10,138.0,0.2193092705614226,0,0.0,0.9859694297635041,15,287.0
3400.0,14,280.0,5.6,7.03664265710929,0,0.0,1.0,4,158.0,0.4109320079185364,10,188.0,0.22103818843134013,0,0.0,0.957712624557018,14,346.0
3405.0,14,350.0,6.862745098039215,6.851533303770705,0,0.0,1.0,4,175.0,0.23286072626461907,10,241.0,0.2748564962005572,0,0.0,0.9549703523050417,14,416.0
3410.0,9,228.0,4.30188679245283,6.558005709987509,0,0.0,1.0,5,198.0,0.16369585957643765,3,140.0,0.3504779943726074,0,0.0,0.9504754404623662,8,338.0
3415.0,8,219.0,3.981818181818182,6.977330179509596,0,3.0,0.8351586063781756,5,229.0,0.326739077602453,3,100.0,0.43385058006556704,0,0.0,0.9623495692771282,8,332.0
3420.0,4,58.0,1.1153846153846154,7.906270895170862,0,0.0,0.7779379845295615,1,136.0,0.6213415244603959,3,68.0,0.3828503563536506,0,0.0,0.9668481583728088,4,204.0
3425.0,4,78.0,1.368421052631579,8.224204974938448,0,0.0,0.8932707457897346,1,21.0,0.5831548956978115,3,83.0,0.2482388438127123,0,0.0,0.9558650691321321,4,104.0
3430.0,4,82.0,1.4385964912280702,8.380663479692757,0,0.0,1.0,2,30.0,0.6459940760429159,2,81.0,0.37390744409877863,0,0.0,0.9480081543817267,4,111.0
3435.0,5,107.0,1.8448275862068966,8.520362763149828,0,0.0,1.0,2,40.0,0.6413488462085212,3,96.0,0.4691058432894119,0,0.0,0.9537976911487488,5,136.0
3440.0,8,138.0,2.3389830508474576,7.760980331695732,0,0.0,1.0,3,51.0,0.38185105653589224,4,110.0,0.3206043885619234,0,0.0,0.962414828012102,7,161.0
3445.0,8,173.0,3.1454545454545455,7.251687245258829,0,0.0,1.0,4,103.0,0.41920611808207514,4,130.0,0.40800868622948255,0,0.0,0.9458819223323948,8,233.0
3450.0,6,118.0,2.185185185185185,7.326488283049657,0,0.0,1.0,4,123.0,0.34558244833778806,2,70.0,0.3575366632942583,0,0.0,0.9547397147122278,6,193.0
3455.0,11,166.0,3.1923076923076925,7.119096880769595,0,3.0,0.9856781038362351,7,116.0,0.21097741558425487,4,53.0,0.3414230770513589,0,0.0,0.945289561460328,11,172.0
3460.0,7,81.0,1.588235294117647,6.3603749223497905,0,0.0,1.0,1,6.0,0.5522515910616922,5,76.0,0.16660069290295623,0,0.0,0.6955832528452853,6,82.0
3465.0,8,120.0,2.4489795918367347,6.498594795156187,0,0.0,1.0,1,11.0,0.6808363516699708,5,101.0,0.04112218938649833,1,4.0,0.4884612456871471,7,116.0
3470.0,7,62.0,1.2653061224489797,7.325197021415545,0,0.0,1.0,1,40.0,0.719573082817873,2,65.0,0.5990532746723791,1,9.0,0.4969682620845159,4,114.0
3475.0,6,61.0,1.196078431372549,7.890340712592772,0,0.0,1.0,2,52.0,0.6993865206387648,1,40.0,0.6721913807370834,0,0.0,0.9502660652934567,3,92.0
3480.0,5,62.0,1.2156862745098038,8.057030224104118,0,0.0,1.0,0,27.0,0.8511538554985653,2,26.0,0.6101459957177657,0,0.0,0.9701927262278476,2,53.0
3485.0,7,96.0,2.0,8.129493504015773,0,0.0,1.0,1,7.0,0.821401777524045,3,41.0,0.5330152442335494,0,0.0,0.9490277230136316,4,48.0
3490.0,5,108.0,2.4,7.881219032583753,0,0.0,1.0,1,12.0,0.8413034947729956,1,42.0,0.6720880073047631,0,0.0,0.9617833866663105,2,54.0
3495.0,6,50.0,1.0416666666666667,7.315414333462955,0,0.0,1.0,2,21.0,0.7181589173398093,2,37.0,0.49697860767989716,0,0.0,0.9571248626438795,4,58.0
3500.0,6,51.0,1.0625,7.000556948551673,0,0.0,0.9311899713258472,0,6.0,0.9174078972828179,4,53.0,0.2641250868139406,0,0.0,0.979946914167497,4,59.0
3505.0,10,94.0,1.9183673469387754,6.413857259594235,1,1.0,0.0035736049154919316,0,3.0,0.7036168863899146,5,76.0,0.14236058045879893,0,0.0,0.9862451243211962,6,80.0
3510.0,11,101.0,2.02,6.542126000620589,1,6.0,2.534247308723895e-05,2,16.0,0.5436739204812499,5,66.0,0.3977516815191365,0,0.0,0.9864962437172233,8,88.0
3515.0,10,145.0,2.843137254901961,7.249483335804396,0,0.0,1.0,2,28.0,0.6860986948017874,5,91.0,0.39423006703722685,0,0.0,0.9568728534637739,7,119.0
3520.0,12,200.0,3.9215686274509802,6.588992144399216,0,0.0,1.0,2,38.0,0.5712374374932135,6,118.0,0.3341558552238224,0,0.0,0.96020489413308,8,156.0
3525.0,18,276.0,5.52,6.013628501252881,0,0.0,1.0,5,53.0,0.412595325882467,7,150.0,0.2832206218425579,0,0.0,0.9601850929640645,12,203.0
3530.0,13,207.0,4.0588235294117645,4.945048012446212,0,0.0,1.0,6,80.0,0.11490116998603775,1,43.0,0.43860704303069264,0,0.0,0.9628873238544201,7,123.0
3535.0,15,266.0,5.32,5.26131403491245,0,9.0,0.6154648053171335,9,127.0,0.20492373851039497,0,15.0,0.37131491431703334,0,0.0,0.9482729356091395,9,151.0
3540.0,12,92.0,1.84,5.631608916057546,3,12.0,0.15193061958645745,6,104.0,0.3845952185945939,1,2.0,0.0038558606255046208,0,0.0,0.9410277694093956,10,118.0
3545.0,6,63.0,1.3404255319148937,6.126997773530698,3,27.0,0.06688277714605272,2,60.0,0.5492327942730104,1,7.0,0.0,0,0.0,0.9585126511166946,6,94.0
3550.0,8,85.0,1.7346938775510203,7.153877541579311,5,45.0,0.00790571189978677,2,56.0,0.6919230079087333,0,3.0,0.9000039387800621,0,0.0,0.9669135515316301,7,104.0
3555.0,2,58.0,1.183673469387755,8.12616209511019,0,12.0,0.017471961589689267,2,66.0,0.6736842902870143,0,3.0,0.7276191126795821,0,0.0,0.9630684616272037,2,81.0
3560.0,1,5.0,0.10638297872340426,7.819004865584315,0,5.0,0.22475579217365269,0,6.0,0.7101899244222132,1,8.0,0.6795120790223182,0,0.0,0.9567307353293552,1,19.0
3565.0,4,23.0,0.4791666666666667,8.342246218243682,0,0.0,1.0,1,4.0,0.7184120987913897,1,13.0,0.807156668897839,0,0.0,0.9664696289790384,2,17.0
3570.0,2,10.0,0.21739130434782608,8.67363684109534,0,0.0,1.0,1,9.0,0.6222771609869224,1,10.0,0.8345240539822526,0,0.0,0.9538350413023841,2,19.0
3575.0,3,21.0,0.4666666666666667,8.929392740628414,0,0.0,1.0,2,15.0,0.4952884421883601,1,15.0,0.8386052183171202,0,0.0,0.8793058027603862,3,30.0
3580.0,3,20.0,0.45454545454545453,8.434733447602024,0,0.0,1.0,1,9.0,0.695819307609825,2,20.0,0.5973832402195529,0,0.0,0.8787287656231961,3,29.0
3585.0,4,40.0,0.9523809523809523,8.474733278585953,0,0.0,1.0,1,14.0,0.7645138440791869,3,32.0,0.542917702900681,0,0.0,0.8952909586777942,4,46.0
3590.0,2,29.0,0.7631578947368421,8.175828122376283,0,0.0,1.0,1,19.0,0.6003430282579963,1,25.0,0.6405956492279639,0,0.0,0.9116702565572624,2,44.0
3595.0,4,46.0,1.2432432432432432,8.048191014013042,0,0.0,1.0,2,32.0,0.6769278477124338,2,23.0,0.5558844471545534,0,0.0,0.998834566575669,4,55.0
3600.0,6,65.0,1.8055555555555556,6.919201820252683,0,0.0,1.0,1,32.0,0.7088727504742396,5,42.0,0.2539443596826556,0,0.0,0.9826744494631062,6,74.0
