step,system_total_stopped,system_total_waiting_time,system_mean_waiting_time,system_mean_speed,cluster_10564135163_13571629282_5146149679_stopped,cluster_10564135163_13571629282_5146149679_accumulated_waiting_time,cluster_10564135163_13571629282_5146149679_average_speed,cluster_10564135205_11749189839_3266988437_5129187741_#3more_stopped,cluster_10564135205_11749189839_3266988437_5129187741_#3more_accumulated_waiting_time,cluster_10564135205_11749189839_3266988437_5129187741_#3more_average_speed,cluster_10564135211_11749189838_12136544949_12136544951_#7more_stopped,cluster_10564135211_11749189838_12136544949_12136544951_#7more_accumulated_waiting_time,cluster_10564135211_11749189838_12136544949_12136544951_#7more_average_speed,cluster_10564135212_13571629279_13571629299_stopped,cluster_10564135212_13571629279_13571629299_accumulated_waiting_time,cluster_10564135212_13571629279_13571629299_average_speed,agents_total_stopped,agents_total_accumulated_waiting_time
0.0,0,0.0,0.0,0.0,0,0.0,1.0,0,0.0,1.0,0,0.0,1.0,0,0.0,1.0,0,0.0
5.0,0,0.0,0.0,11.220703960887363,0,0.0,1.0,0,0.0,0.9916185870806451,0,0.0,1.0,0,0.0,0.9923012955039778,0,0.0
10.0,0,0.0,0.0,9.362432169638911,0,0.0,1.0,0,0.0,0.9886984897397209,0,0.0,1.0,0,0.0,0.9896190548431603,0,0.0
15.0,0,0.0,0.0,8.945839603160982,0,0.0,1.0,0,0.0,0.9356615369871242,0,0.0,1.0,0,0.0,0.9409022298232613,0,0.0
20.0,0,0.0,0.0,9.064636367838625,0,0.0,1.0,0,0.0,0.9326280893475988,0,0.0,1.0,0,0.0,0.9512738925263765,0,0.0
25.0,0,0.0,0.0,7.9507615120083415,0,0.0,1.0,0,0.0,0.9463957698239632,0,0.0,0.5942503614961193,0,0.0,0.920404766990432,0,0.0
30.0,2,7.0,0.5833333333333334,7.302913528337381,0,0.0,1.0,0,0.0,0.9679503902426524,2,7.0,0.3328690804855033,0,0.0,0.9483317460893496,2,7.0
35.0,2,17.0,1.2142857142857142,7.317935090534791,0,0.0,1.0,0,0.0,0.9390804437698388,2,17.0,0.3214962063577828,0,0.0,0.9716365739007289,2,17.0
40.0,2,27.0,1.6875,7.106018767424729,0,0.0,1.0,0,0.0,0.977200973305956,2,27.0,0.4856015704914408,0,0.0,0.9324759616200651,2,27.0
45.0,1,18.0,1.0,7.930911988526358,0,0.0,1.0,0,0.0,0.9562937089592111,1,18.0,0.6630856122892416,0,0.0,0.9594367598101784,1,18.0
50.0,1,23.0,1.2105263157894737,8.874642274005785,0,0.0,1.0,0,3.0,0.7316438780237762,1,23.0,0.666166700435824,0,0.0,0.9957406906573104,1,26.0
55.0,1,28.0,1.2727272727272727,8.715161711556403,0,0.0,0.03924922368297095,0,3.0,0.9263862292789599,1,28.0,0.6329600664152701,0,0.0,0.9861222254451273,1,31.0
60.0,2,38.0,1.6521739130434783,8.223939703666915,1,5.0,0.0,0,3.0,0.9522748716880794,1,33.0,0.7769049084102415,0,0.0,0.9888516253065102,2,41.0
65.0,1,38.0,1.6521739130434783,7.549308047786531,0,0.0,1.0,0,3.0,0.9575008826841696,1,38.0,0.34164604229558065,0,0.0,0.9595989428101183,1,41.0
70.0,2,48.0,2.0869565217391304,8.454429676662047,0,0.0,1.0,0,3.0,0.9583237617245915,2,48.0,0.3295099867901386,0,0.0,0.9402113697165407,2,51.0
75.0,2,58.0,2.230769230769231,8.332310463800484,0,0.0,1.0,0,3.0,0.9627243438855428,2,58.0,0.47668963715158125,0,0.0,0.9688869955638472,2,61.0
80.0,2,68.0,2.4285714285714284,7.999193417667668,0,0.0,1.0,0,0.0,0.8750947293632443,2,68.0,0.5673459524225419,0,0.0,0.4991719443178191,2,68.0
85.0,3,81.0,2.7,8.210975833825007,0,0.0,1.0,0,0.0,0.956667845543371,2,78.0,0.6222573175727032,1,3.0,0.4632665859003046,3,81.0
90.0,3,72.0,2.4,7.485899579609708,0,0.0,1.0,0,0.0,0.59578338156075,2,64.0,0.4698352450934328,1,8.0,0.48481451026626166,3,72.0
95.0,4,78.0,2.4375,7.472185439609616,0,3.0,0.5910320462149086,1,3.0,0.481383450282588,3,75.0,0.43225241767663186,0,0.0,0.8307235632284069,4,81.0
100.0,5,100.0,3.125,8.35632940752647,0,0.0,1.0,1,8.0,0.47167452698846896,4,95.0,0.4384421940408098,0,0.0,0.9181433521703612,5,103.0
105.0,5,125.0,4.032258064516129,8.749429862955049,0,0.0,1.0,1,13.0,0.7321633645518724,4,112.0,0.39502492452819354,0,0.0,0.9473012524731761,5,125.0
110.0,7,152.0,4.470588235294118,7.387946979442631,0,0.0,1.0,1,18.0,0.7639603853276404,5,133.0,0.27886381498975166,0,0.0,0.9282544122416801,6,151.0
115.0,6,141.0,4.0285714285714285,7.541912310961436,0,0.0,1.0,1,23.0,0.7273609374864451,4,132.0,0.1687808963876809,0,0.0,0.9156684293602466,5,155.0
120.0,6,161.0,4.6,7.686791455964487,0,0.0,1.0,1,28.0,0.6937637124994518,5,133.0,0.16633066263883398,0,0.0,0.9401507153109521,6,161.0
125.0,6,191.0,5.617647058823529,7.434076675189378,0,0.0,1.0,1,33.0,0.6312151977533683,5,158.0,0.27883973768242565,0,0.0,0.9783984340457301,6,191.0
130.0,9,230.0,6.764705882352941,6.497599464313723,0,0.0,1.0,2,42.0,0.4835547673974948,7,188.0,0.10997361544171441,0,0.0,0.957023861411483,9,230.0
135.0,10,139.0,3.9714285714285715,6.5519734646000565,0,0.0,1.0,3,56.0,0.23533150425049335,7,119.0,0.2695309288149695,0,0.0,0.9337490865088642,10,175.0
140.0,9,158.0,4.388888888888889,7.317932818484043,0,0.0,1.0,3,71.0,0.24601160641815406,6,87.0,0.3204116845254841,0,0.0,0.9726150105019662,9,158.0
145.0,9,203.0,5.342105263157895,7.466058229712967,0,0.0,0.9309650351729861,3,86.0,0.3976460226961497,6,117.0,0.2389751568689323,0,0.0,0.9608631038300276,9,203.0
150.0,10,249.0,6.384615384615385,6.877721978358843,0,0.0,1.0,3,101.0,0.24295584166714457,7,148.0,0.11379514496085791,0,0.0,0.9388059634242487,10,249.0
155.0,10,295.0,7.7631578947368425,6.579618501115994,0,0.0,1.0,3,116.0,0.2420738399510935,7,180.0,0.34704387598381864,0,0.0,0.9203958786302668,10,296.0
160.0,12,348.0,9.405405405405405,5.48410555482218,0,0.0,1.0,3,131.0,0.23570937576342912,9,218.0,0.16604182865512723,0,0.0,0.9364511755078806,12,349.0
165.0,13,410.0,10.0,5.645992949166176,0,0.0,1.0,3,146.0,0.3826168357001653,10,265.0,0.08545774228464958,0,0.0,0.8600088786339423,13,411.0
170.0,14,478.0,11.95,5.811640280148916,0,0.0,1.0,3,161.0,0.24047060491925415,10,315.0,0.21806947829554055,1,3.0,0.49944041107777554,14,479.0
175.0,6,244.0,5.809523809523809,5.902654753178626,0,0.0,1.0,3,176.0,0.2459995589673873,2,127.0,0.3909411428890604,1,8.0,0.4943669309020592,6,311.0
180.0,4,212.0,4.711111111111111,6.7857002816196665,0,6.0,0.5767902914116851,3,197.0,0.3797878305449669,1,66.0,0.3828304828948584,0,0.0,0.9601568021870934,4,269.0
185.0,7,240.0,5.1063829787234045,7.352131986923446,1,10.0,0.2957911020190794,4,217.0,0.5204390334984041,2,32.0,0.4863892605443841,0,0.0,0.9533214870907375,7,259.0
190.0,12,294.0,6.391304347826087,7.156171386882843,3,24.0,0.04052819603116126,4,234.0,0.5841554757322159,2,41.0,0.5706776096441867,1,2.0,0.7163968331189015,10,301.0
195.0,8,296.0,6.297872340425532,6.771415736011599,0,0.0,0.0377353996329573,4,254.0,0.5550884806328905,2,37.0,0.35452965650628154,1,7.0,0.7074929799708274,7,298.0
200.0,7,156.0,3.12,7.217004709493846,0,0.0,1.0,2,173.0,0.6113026669117054,3,49.0,0.14242122290307097,1,12.0,0.5394427821439418,6,234.0
205.0,8,112.0,2.196078431372549,7.608821983431234,0,0.0,1.0,1,35.0,0.6916610477675705,4,67.0,0.0,3,23.0,0.3841321316114001,8,125.0
210.0,10,161.0,3.156862745098039,7.131902631448064,0,0.0,1.0,3,42.0,0.5209491488841301,4,90.0,0.2957569673742452,3,38.0,0.22243801999876264,10,170.0
215.0,11,160.0,3.1372549019607843,6.024111089668505,0,0.0,1.0,4,60.0,0.16090693129869335,3,97.0,0.5520567039823134,1,16.0,0.3311546143952781,8,173.0
220.0,8,137.0,2.5849056603773586,6.467390864170434,0,0.0,1.0,0,3.0,0.39914991016676,3,118.0,0.5850116968979772,0,4.0,0.8344674658896457,3,125.0
225.0,10,181.0,3.62,6.839611948515943,0,0.0,1.0,0,0.0,0.8202851366532916,3,127.0,0.5364450521018196,0,0.0,0.9420758405583302,3,127.0
230.0,10,231.0,4.714285714285714,7.179951775873401,0,0.0,1.0,0,0.0,0.9529430666755405,3,148.0,0.6188758251643004,0,0.0,0.9402155664555942,3,148.0
235.0,8,164.0,3.215686274509804,7.109109485583215,0,0.0,1.0,0,0.0,0.9091046405357802,1,86.0,0.6363935278284302,0,0.0,0.9783950433225852,1,86.0
240.0,8,114.0,2.1923076923076925,6.787102672554498,0,0.0,1.0,0,3.0,0.960153315587094,2,15.0,0.5516502119276129,0,0.0,0.4986353800213599,2,18.0
245.0,10,158.0,3.0980392156862746,6.536336512577132,0,0.0,1.0,0,3.0,0.7667670985548941,4,30.0,0.42079121709719847,1,5.0,0.487464191768306,5,38.0
250.0,15,221.0,4.42,5.435698236198136,0,0.0,1.0,2,11.0,0.608802337407939,4,50.0,0.4044156995270764,1,10.0,0.48562140925151837,7,71.0
255.0,17,294.0,6.0,5.264552819246208,0,0.0,1.0,3,24.0,0.49202225593744425,4,64.0,0.28941672828417636,0,0.0,0.8682894878589513,7,88.0
260.0,12,294.0,5.88,4.99835037134043,0,0.0,1.0,1,15.0,0.5297949503106446,1,37.0,0.46698781343066914,0,0.0,0.9639468773260184,2,52.0
265.0,12,259.0,5.18,5.9814927647994525,0,3.0,0.9869252577893288,4,27.0,0.45705150770922187,0,0.0,0.9463313646697042,0,0.0,0.9689038348055456,4,30.0
270.0,7,97.0,2.108695652173913,6.896288348581484,0,0.0,0.9207197877015517,4,47.0,0.41263259697216614,0,5.0,0.9641466468971243,0,0.0,0.9480837092224542,4,52.0
275.0,4,67.0,1.3673469387755102,7.568614030136608,0,0.0,1.0,4,67.0,0.4823669514830375,0,5.0,0.9635628578887815,0,0.0,0.9494623803829881,4,72.0
280.0,5,88.0,1.872340425531915,7.50969215867288,0,0.0,1.0,4,87.0,0.413228973028147,1,4.0,0.6277172331606385,0,0.0,0.9864560064510326,5,91.0
285.0,5,113.0,2.404255319148936,7.355180486815488,0,0.0,1.0,4,107.0,0.4158855146663892,1,9.0,0.8028943184890531,0,0.0,0.975612843143801,5,116.0
290.0,6,140.0,2.8,7.5351478088848,0,0.0,1.0,4,127.0,0.4121018307643863,2,16.0,0.7253698357423837,0,0.0,0.7524049756814256,6,143.0
295.0,9,175.0,3.5714285714285716,6.73873999505438,0,0.0,1.0,4,147.0,0.2569338219034829,3,72.0,0.46243552521366765,1,3.0,0.49314069155080575,8,222.0
300.0,8,60.0,1.2244897959183674,6.658029578834531,0,0.0,1.0,1,103.0,0.4279793749605412,5,92.0,0.4395336351582319,1,8.0,0.4785720089176068,7,203.0
305.0,5,34.0,0.7083333333333334,7.315157097587253,0,0.0,1.0,0,27.0,0.979584576756755,2,85.0,0.5806668353354121,1,13.0,0.4819438095205468,3,125.0
310.0,4,37.0,0.74,7.883569814937002,0,1.0,0.7107668045029172,0,15.0,0.7117805719937147,3,101.0,0.3688447168138846,0,0.0,0.9750132859748081,3,117.0
315.0,7,57.0,1.1875,7.822648940085011,1,5.0,0.3243623762130548,1,32.0,0.7986014583764782,5,124.0,0.2933864350940337,0,0.0,0.9223153753351321,7,161.0
320.0,7,87.0,1.8125,7.488218782661858,0,0.0,1.0,2,26.0,0.6693092657379125,5,146.0,0.27414602191773213,0,0.0,0.9615844751601536,7,172.0
325.0,7,116.0,2.4166666666666665,8.018063447135793,0,0.0,1.0,2,30.0,0.6040471381591266,5,171.0,0.1617004953713093,0,0.0,0.9592442898606144,7,201.0
330.0,6,111.0,2.3125,8.07977411746056,0,0.0,1.0,3,39.0,0.4716771326366794,3,175.0,0.3426852251204502,0,0.0,0.9591567554700882,6,214.0
335.0,8,145.0,3.0851063829787235,7.642009162793522,0,0.0,1.0,3,54.0,0.5413236980087659,3,172.0,0.3695068437883676,0,0.0,0.9379681542649013,6,226.0
340.0,12,197.0,4.191489361702128,7.316984999982768,0,0.0,1.0,3,69.0,0.4736633252892931,4,189.0,0.18577301393495507,0,0.0,0.9321406331458271,7,258.0
345.0,10,205.0,4.019607843137255,6.914962841640965,0,0.0,1.0,1,29.0,0.4780173664204054,4,209.0,0.18541491635093527,0,0.0,0.9833871040469768,5,238.0
350.0,10,153.0,3.1875,6.5108626288807825,0,0.0,1.0,1,34.0,0.687686458416642,2,173.0,0.30117535837146203,0,0.0,0.9683052305282775,3,207.0
355.0,12,171.0,3.6382978723404253,6.247248048527557,0,0.0,1.0,1,39.0,0.33990111708354287,2,28.0,0.5668566195745579,0,0.0,0.9660924737369468,3,67.0
360.0,15,244.0,5.191489361702128,6.144622100433972,0,0.0,1.0,3,52.0,0.46177224598386496,2,38.0,0.5429439573725242,0,0.0,0.9989134399417696,5,90.0
365.0,17,284.0,5.795918367346939,5.689082305847071,0,0.0,1.0,1,17.0,0.5758174739124632,4,56.0,0.42464735124455066,0,0.0,0.9245479283482356,5,73.0
370.0,9,199.0,3.98,5.807935074266566,0,0.0,1.0,0,0.0,0.5257719353137353,0,13.0,0.7502277073974335,0,0.0,0.9525263563035088,0,13.0
375.0,10,241.0,4.918367346938775,6.519299401128738,0,0.0,1.0,1,11.0,0.6704575385117625,0,9.0,0.9425391482727175,0,0.0,0.9195589515464616,1,20.0
380.0,12,250.0,4.8076923076923075,6.218714047443199,0,0.0,1.0,1,16.0,0.5379381862008313,0,6.0,0.9294731650013546,0,0.0,0.9558295474131501,1,22.0
385.0,13,203.0,3.980392156862745,6.601000113953495,0,0.0,0.9468168742483284,2,25.0,0.6543346621818315,0,3.0,0.8762023466025685,0,0.0,0.9823044873954069,2,28.0
390.0,14,235.0,4.433962264150943,6.21028716918781,0,0.0,0.9402618321191996,3,36.0,0.6208254491969529,0,3.0,0.8211356290276918,0,0.0,0.9380395290027499,3,39.0
395.0,18,292.0,5.509433962264151,5.289670967516233,0,0.0,1.0,3,48.0,0.5865392547858811,1,7.0,0.5656626918645754,0,0.0,0.9458690066271649,4,55.0
400.0,20,375.0,6.696428571428571,5.081352421168325,0,0.0,1.0,3,63.0,0.49576994569938215,2,13.0,0.5496633222487175,0,0.0,0.9341858290982096,5,76.0
405.0,9,229.0,4.089285714285714,5.442210018064535,0,0.0,1.0,0,0.0,0.5999029328074623,2,20.0,0.4686551976890067,0,0.0,0.6701279091626038,2,20.0
410.0,6,45.0,0.8333333333333334,6.210696112185099,0,0.0,1.0,0,0.0,0.7227621581393384,2,21.0,0.4887939233055923,1,4.0,0.48826901152217345,3,25.0
415.0,6,46.0,0.8363636363636363,6.561783642336563,0,0.0,1.0,1,3.0,0.6366665005656935,2,37.0,0.46559077578967223,1,9.0,0.5911489405104255,4,49.0
420.0,8,76.0,1.3818181818181818,6.979501305363557,0,0.0,1.0,1,8.0,0.4808114609332405,6,60.0,0.3814230663734598,1,14.0,0.6348508910809554,8,82.0
425.0,7,85.0,1.5740740740740742,7.498872806935974,0,0.0,1.0,0,0.0,0.9199486999787758,6,146.0,0.48572994596504815,1,1.0,0.48950988782662685,7,147.0
430.0,7,96.0,1.8823529411764706,7.0666017314824146,0,0.0,1.0,0,0.0,0.970075830368438,5,164.0,0.4355222535257596,1,6.0,0.4706991668686857,6,170.0
435.0,6,105.0,2.0588235294117645,7.121517215791236,0,0.0,1.0,0,46.0,0.5735807586843875,5,165.0,0.4728986337263817,0,0.0,0.9850425352745564,5,211.0
440.0,9,146.0,2.979591836734694,6.767224320540088,0,0.0,1.0,1,51.0,0.6382034500892187,6,197.0,0.3520832363472877,0,0.0,0.9926106963395369,7,248.0
445.0,14,196.0,4.083333333333333,6.080022130331652,0,0.0,1.0,1,47.0,0.640595932660716,10,241.0,0.20948949936688188,0,0.0,0.9723455712397943,11,288.0
450.0,11,216.0,4.408163265306122,5.8731635218516764,0,0.0,1.0,1,57.0,0.6440635918348824,9,222.0,0.10063690437062789,0,0.0,0.973294868889155,10,279.0
455.0,14,281.0,5.854166666666667,5.85182056852054,0,0.0,1.0,1,62.0,0.7120196927709402,10,254.0,0.1444878451688183,0,0.0,0.7237369571446496,11,316.0
460.0,17,356.0,7.911111111111111,5.534846053431103,0,0.0,1.0,1,67.0,0.3289185768521387,11,303.0,0.1342238114502226,1,3.0,0.6497666738761801,13,373.0
465.0,14,371.0,7.8936170212765955,6.116920213236119,0,0.0,1.0,2,86.0,0.45854959472619206,12,360.0,0.13407199269213727,0,0.0,0.9357663951819326,14,446.0
470.0,13,421.0,8.254901960784315,7.125412101614694,0,0.0,1.0,2,160.0,0.64993086423904,11,418.0,0.21565389193270118,0,0.0,0.8971206994733394,13,578.0
475.0,15,491.0,9.442307692307692,6.0090210213897155,0,3.0,0.9416066049541781,2,160.0,0.3684476161685701,12,474.0,0.11763273559747295,0,0.0,0.9346842054848928,14,637.0
480.0,15,559.0,10.96078431372549,5.626732785821252,0,0.0,1.0,3,109.0,0.3293438710932801,12,534.0,0.13556491586138403,0,0.0,0.5092709353858074,15,643.0
485.0,17,577.0,11.096153846153847,5.8076947049697045,0,0.0,1.0,1,31.0,0.4097752680618221,15,603.0,0.10649998970739545,1,4.0,0.4706660459171971,17,638.0
490.0,17,659.0,11.981818181818182,5.902136802549214,0,0.0,1.0,0,6.0,0.6460436470222471,16,682.0,0.10011390540430594,1,9.0,0.6230411243197032,17,697.0
495.0,18,745.0,13.796296296296296,5.960394551981592,0,0.0,1.0,1,1.0,0.5815132102520298,16,765.0,0.15203539767845292,1,14.0,0.47593312375061647,18,780.0
500.0,18,835.0,14.910714285714286,6.386517215301544,0,0.0,1.0,1,6.0,0.6810135273941791,16,855.0,0.17152952653098094,1,19.0,0.46785341265882946,18,880.0
505.0,20,922.0,16.17543859649123,6.097004749485023,0,0.0,1.0,0,0.0,0.8383185960733321,19,943.0,0.1102840774029303,1,24.0,0.6543183986956872,20,967.0
510.0,10,258.0,4.526315789473684,5.5887700663788715,0,0.0,1.0,2,6.0,0.33115086451226927,7,557.0,0.18361144510149086,1,29.0,0.6531746666523993,10,592.0
515.0,5,102.0,1.8214285714285714,6.947604524556175,0,6.0,0.6045236739265182,2,22.0,0.4221288430043593,3,274.0,0.41307367315492177,0,0.0,0.971996025309104,5,302.0
520.0,7,129.0,2.3035714285714284,7.462490531718666,2,11.0,0.22457589661472296,2,35.0,0.6743564500493734,3,126.0,0.5563130431835455,0,0.0,0.9670705060654962,7,172.0
525.0,6,132.0,2.3157894736842106,7.499751821167748,3,25.0,0.07124071595707064,0,9.0,0.8310111536333453,3,141.0,0.47410472003596227,0,0.0,0.9489397051373845,6,175.0
530.0,9,170.0,2.8813559322033897,6.780721589416234,3,40.0,0.012395855140812912,1,10.0,0.8345605443972298,4,158.0,0.4491398903430856,0,0.0,0.9933490774872146,8,208.0
535.0,11,187.0,3.1166666666666667,6.251761368932068,0,7.0,0.02853635034536687,1,15.0,0.8446480760449147,6,187.0,0.3075409669388518,0,0.0,0.9414311098249791,7,209.0
540.0,14,250.0,4.237288135593221,6.1528690808004045,0,3.0,0.1555143377174356,1,20.0,0.7483199786066053,7,218.0,0.2097880528660122,0,0.0,0.9930562543854762,8,241.0
545.0,18,333.0,5.459016393442623,5.650716908452973,0,0.0,1.0,3,120.0,0.5870496853054974,7,253.0,0.1079903360919309,0,0.0,0.922052493811728,10,373.0
550.0,18,359.0,6.084745762711864,5.698499323371005,0,0.0,1.0,5,86.0,0.4348540098049341,9,293.0,0.08858629303789563,0,0.0,0.9653547157696456,14,379.0
555.0,20,438.0,7.180327868852459,5.485162169957083,0,0.0,1.0,6,80.0,0.3124520686636108,10,340.0,0.05528538117152328,0,0.0,0.96785204851868,16,420.0
560.0,20,478.0,7.587301587301587,5.825116708074594,0,0.0,1.0,8,111.0,0.19807297177286348,11,391.0,0.18883705296327888,0,0.0,0.9455519009100112,19,502.0
565.0,14,438.0,7.3,5.9138620826242025,0,0.0,1.0,1,24.0,0.40652504212955565,11,446.0,0.2489323881817182,0,0.0,0.9553424273180352,12,470.0
570.0,12,318.0,5.578947368421052,5.984549849737565,0,0.0,1.0,0,3.0,0.5653555983040506,9,389.0,0.27581599482908403,0,0.0,0.9520892740105417,9,392.0
575.0,10,238.0,4.175438596491228,6.932378754699075,0,0.0,1.0,0,3.0,0.7699919076420405,6,264.0,0.48684520672224885,0,0.0,0.9695498347194553,6,267.0
580.0,10,274.0,4.6440677966101696,7.319212764537231,0,0.0,1.0,1,6.0,0.790660625803061,7,233.0,0.45925134147527163,0,0.0,0.9512176051084607,8,239.0
585.0,10,274.0,4.6440677966101696,7.323121895462624,0,0.0,1.0,2,12.0,0.5589338557561256,8,272.0,0.36826921242724076,0,0.0,0.9686282377555402,10,284.0
590.0,6,43.0,0.7413793103448276,7.051146059306078,0,0.0,1.0,2,22.0,0.5758269811259209,4,80.0,0.44037639833051434,0,0.0,0.9604653362457718,6,102.0
595.0,4,55.0,1.0377358490566038,7.635547077407017,0,6.0,0.8360903677972563,2,38.0,0.5701708547337492,2,41.0,0.5854207722274922,0,0.0,0.9488626101998716,4,85.0
600.0,4,75.0,1.5957446808510638,8.433898200452898,0,0.0,0.9507688782073793,2,64.0,0.7151647850764671,2,36.0,0.6584461887746806,0,0.0,0.9173443633601863,4,100.0
605.0,2,46.0,1.0222222222222221,8.708398418545675,0,0.0,1.0,0,45.0,0.8552720719029023,2,46.0,0.6350727949642356,0,0.0,0.9425025367876905,2,91.0
610.0,3,57.0,1.2391304347826086,8.819961895219455,0,0.0,1.0,0,6.0,0.961430759371206,3,57.0,0.41565501612229194,0,0.0,0.9776135768436167,3,63.0
615.0,4,73.0,1.489795918367347,8.849199879977126,0,0.0,1.0,0,6.0,0.924152419108067,4,76.0,0.4920264670216189,0,0.0,0.9570382145701363,4,82.0
620.0,7,98.0,2.0416666666666665,7.7206578529270615,0,0.0,1.0,1,9.0,0.7996338861984458,5,97.0,0.42102506984026017,1,1.0,0.6427671402406464,7,107.0
625.0,11,140.0,2.9166666666666665,6.575873892541171,0,0.0,1.0,3,17.0,0.5298604942510627,6,123.0,0.23415448639816316,2,9.0,0.47541434957085776,11,149.0
630.0,11,195.0,4.239130434782608,5.826951503388925,0,0.0,1.0,3,32.0,0.10675077463315111,6,153.0,0.21910828152112402,2,19.0,0.4770379809421583,11,204.0
635.0,14,238.0,4.76,5.2250786503896345,0,0.0,1.0,6,58.0,0.10882158189135818,7,187.0,0.20234928414351627,1,14.0,0.36317787121493333,14,259.0
640.0,15,307.0,6.019607843137255,5.446335444729695,0,0.0,1.0,8,95.0,0.10908997583815218,7,225.0,0.20505019849571782,0,2.0,0.7830131239973355,15,322.0
645.0,13,296.0,5.803921568627451,5.48039769927337,0,0.0,1.0,7,121.0,0.11956165773073393,6,198.0,0.028559345968496005,0,0.0,0.9552107726017502,13,319.0
650.0,12,349.0,6.462962962962963,6.576904089142299,0,3.0,0.6306455667475344,8,160.0,0.12131231983024221,4,223.0,0.21928797294013042,0,0.0,0.9495391556072952,12,386.0
655.0,12,409.0,7.574074074074074,6.948734608280931,0,0.0,0.6132053540083012,8,200.0,0.21591096473594504,4,218.0,0.1972028970745449,0,0.0,0.9394310007051079,12,418.0
660.0,13,473.0,8.75925925925926,7.064680603991878,0,0.0,1.0,8,240.0,0.3140127783899636,4,238.0,0.0,0,0.0,0.9936914067075804,12,478.0
665.0,13,376.0,7.230769230769231,6.191286184404752,0,0.0,1.0,8,280.0,0.3194753858079572,2,167.0,0.02688302535680974,0,0.0,0.9504394388340416,10,447.0
670.0,11,335.0,6.568627450980392,6.4864059658567355,0,0.0,1.0,8,320.0,0.35041419044690125,0,42.0,0.2399210658040817,0,0.0,0.9375798927153557,8,362.0
675.0,12,395.0,8.061224489795919,5.6041584953716335,0,0.0,1.0,8,358.0,0.2948542993123123,1,5.0,0.054497027488619926,0,0.0,0.9248854653078549,9,363.0
680.0,11,407.0,7.980392156862745,5.654559663441043,0,0.0,1.0,9,402.0,0.1983224867696142,2,12.0,0.3328295591397535,0,0.0,0.9385659940987008,11,414.0
685.0,4,34.0,0.68,5.9312146855613515,0,0.0,1.0,2,110.0,0.3175874259900591,2,22.0,0.23956292408469382,0,0.0,0.96085515633443,4,132.0
690.0,3,21.0,0.42857142857142855,7.08069723129413,0,0.0,1.0,1,64.0,0.5231951700540065,1,5.0,0.452579540771142,0,0.0,0.9517149704232141,2,69.0
695.0,3,32.0,0.6530612244897959,8.163531285399424,0,0.0,1.0,1,22.0,0.6421032676424744,2,22.0,0.6052542445792033,0,0.0,0.6496630311848771,3,44.0
700.0,5,50.0,0.9803921568627451,8.27776730235412,0,0.0,1.0,2,29.0,0.5685108863778122,3,33.0,0.6017472999018896,0,0.0,0.9232310957721133,5,62.0
705.0,7,78.0,1.4181818181818182,7.870668105072195,0,0.0,1.0,3,40.0,0.4563715394810909,3,51.0,0.5953119705441424,0,0.0,0.9643248851022589,6,91.0
710.0,7,101.0,1.8363636363636364,7.646652822162411,0,0.0,1.0,4,59.0,0.4263445560637174,3,51.0,0.5376330104856124,0,0.0,0.9329493440313448,7,110.0
715.0,9,140.0,2.5454545454545454,7.372773288666716,0,0.0,1.0,5,80.0,0.433131410604103,4,69.0,0.4178397478373503,0,0.0,0.9775452403770896,9,149.0
720.0,13,200.0,3.9215686274509802,5.754844986029097,0,0.0,1.0,5,102.0,0.28034213916744527,8,104.0,0.26255687742007366,0,0.0,0.943043181031233,13,206.0
725.0,14,187.0,3.5961538461538463,4.6780857772610265,0,0.0,1.0,4,58.0,0.2685530993972274,9,145.0,0.09716671106941528,0,0.0,0.9458569313225488,13,203.0
730.0,13,165.0,3.173076923076923,4.41790246301155,0,0.0,1.0,4,59.0,0.18830591013864365,7,144.0,0.0748655919191593,0,0.0,0.5050152590645725,11,203.0
735.0,20,256.0,4.923076923076923,5.3517823339190524,0,0.0,1.0,4,79.0,0.3132045390429012,11,158.0,0.1255256241505114,1,4.0,0.4677601660118515,16,241.0
740.0,18,313.0,5.6909090909090905,5.282156998784537,0,0.0,1.0,4,112.0,0.41887450488107764,11,213.0,0.14348612378258047,2,9.0,0.4755979845351206,17,334.0
745.0,16,392.0,7.2592592592592595,5.454672260271366,0,0.0,1.0,4,132.0,0.35511199215061867,11,268.0,0.15003380637041588,1,14.0,0.48831421641696515,16,414.0
750.0,13,334.0,6.816326530612245,5.352622217353304,0,0.0,1.0,1,14.0,0.5654557048578509,11,323.0,0.14118493757226097,1,19.0,0.6436848068378014,13,356.0
755.0,13,399.0,8.3125,6.191218047199424,0,0.0,1.0,1,5.0,0.49893823720518976,11,388.0,0.2178557041900458,1,24.0,0.7204525533477487,13,417.0
760.0,17,472.0,9.63265306122449,6.093549634201138,0,0.0,1.0,1,10.0,0.648515100959696,12,445.0,0.25797396362328884,1,29.0,0.7249012813267981,14,484.0
765.0,18,558.0,11.16,5.866301294812192,0,0.0,1.0,1,15.0,0.4715544460922584,13,520.0,0.2737573452311436,1,34.0,0.6310590714214721,15,569.0
770.0,18,619.0,12.63265306122449,5.396592269931512,0,0.0,1.0,0,0.0,0.9847480298457328,14,573.0,0.2364724719270872,2,41.0,0.4678015085092837,16,614.0
775.0,18,678.0,13.038461538461538,5.343383966461497,0,0.0,1.0,0,0.0,0.9262641377037097,15,643.0,0.23567416390514037,2,51.0,0.20432795102684603,17,694.0
780.0,22,778.0,14.961538461538462,5.364337926590273,0,0.0,1.0,1,3.0,0.6321671652001665,15,715.0,0.2986019693378305,4,68.0,0.08781581708339405,20,786.0
785.0,22,888.0,16.754716981132077,5.1304888487827265,0,0.0,1.0,1,8.0,0.7222610349144007,15,790.0,0.16404199554876653,4,88.0,0.16622765186934896,20,886.0
790.0,19,906.0,17.423076923076923,5.2963500151264835,0,14.0,0.9026486281417226,1,12.0,0.6749022183443238,15,812.0,0.10180114741245701,3,96.0,0.24407590774333038,19,934.0
795.0,24,1010.0,19.056603773584907,4.832247178417761,0,0.0,1.0,2,18.0,0.28663395335900677,17,894.0,0.07747420935231467,3,111.0,0.3909957821289102,22,1023.0
800.0,25,1132.0,20.962962962962962,4.953975038325144,0,0.0,1.0,2,28.0,0.39086552766001503,18,982.0,0.050728072866961155,3,126.0,0.3762397523994812,23,1136.0
805.0,27,1260.0,23.77358490566038,4.417404881553419,0,0.0,1.0,2,38.0,0.323719722744683,19,1076.0,0.04802662123354476,3,141.0,0.23475279809646368,24,1255.0
810.0,20,482.0,9.09433962264151,4.014085006293154,0,0.0,1.0,2,48.0,0.32310051851438576,9,622.0,0.07398536372175692,3,156.0,0.3848300642732737,14,826.0
815.0,8,135.0,2.4107142857142856,5.181184860273635,0,3.0,0.5104259791316812,2,67.0,0.4862534810625951,0,254.0,0.31823927596885615,0,82.0,0.48417673141887735,2,406.0
820.0,7,124.0,2.2142857142857144,7.4488040018312995,0,0.0,0.7783077254687534,2,77.0,0.6494827880647344,0,53.0,0.5160588679320697,0,0.0,0.9783249302494601,2,130.0
825.0,9,164.0,2.981818181818182,7.7231167051291365,0,0.0,0.8681429663800148,3,88.0,0.6170369108977306,1,4.0,0.4746055033791868,0,0.0,0.9514634663530694,4,92.0
830.0,13,182.0,3.192982456140351,6.988069771383527,3,7.0,0.04501755828328284,5,109.0,0.5945157193573738,1,9.0,0.0,0,0.0,0.961341513568946,9,125.0
835.0,12,232.0,4.0,6.800184886153297,3,22.0,0.0032630913422873505,3,118.0,0.6272869456698907,1,14.0,0.3553029429831334,0,0.0,0.9876913716068015,7,154.0
840.0,15,302.0,5.298245614035087,7.236968822705407,4,40.0,0.0013369369864264288,4,136.0,0.6269760134848039,2,23.0,0.510295043288672,0,0.0,0.9965560321028305,10,199.0
845.0,17,382.0,7.074074074074074,6.451920966347269,4,60.0,0.00019511504207575102,5,157.0,0.4464082289796641,3,37.0,0.2463726788899376,0,0.0,0.9436601222443908,12,254.0
850.0,17,401.0,7.425925925925926,5.319770240584965,0,12.0,0.027852276660659626,7,190.0,0.1392212369947802,3,52.0,0.0,0,0.0,0.9792391043791441,10,254.0
855.0,18,491.0,9.264150943396226,4.440242480524978,0,0.0,1.0,7,225.0,0.1477093437143506,3,67.0,0.04736672418552971,0,0.0,0.9887185839062121,10,292.0
860.0,14,337.0,6.2407407407407405,4.617606453928296,0,0.0,1.0,0,40.0,0.22032773115040094,3,82.0,0.008227690409445697,0,0.0,0.9931832859000166,3,122.0
865.0,15,409.0,7.175438596491228,5.58715341586199,0,0.0,1.0,0,0.0,0.49372667851015795,4,100.0,0.0009432247413037001,0,0.0,0.9736206595020116,4,100.0
870.0,13,418.0,7.464285714285714,6.517603228913559,0,0.0,1.0,1,4.0,0.6473351402235668,1,65.0,0.6631160222507474,0,0.0,0.998611664130382,2,69.0
875.0,14,485.0,8.660714285714286,7.236910089722975,0,0.0,1.0,1,36.0,0.6883604870585257,1,63.0,0.8177811354096233,0,0.0,0.991409934606927,2,99.0
880.0,13,541.0,9.836363636363636,7.2599092854056595,0,0.0,1.0,0,3.0,0.7385237065724836,1,68.0,0.8306476049989827,0,0.0,0.98028579571838,1,71.0
885.0,13,549.0,10.166666666666666,7.081296710733928,0,0.0,1.0,1,8.0,0.6174676491800745,1,73.0,0.8682538793821285,0,0.0,0.904332943621881,2,81.0
890.0,14,586.0,11.26923076923077,6.961899152036214,0,0.0,1.0,3,21.0,0.5470996779941116,1,78.0,0.8462679469454745,1,3.0,0.4904076606626923,5,102.0
895.0,16,660.0,13.75,6.032044033673429,0,0.0,1.0,3,36.0,0.5557654341460395,3,87.0,0.5627077947957115,1,8.0,0.6066438212970023,7,131.0
900.0,14,599.0,12.479166666666666,5.617603469391241,0,0.0,1.0,2,15.0,0.5967221116035699,4,103.0,0.34124607190215583,0,0.0,0.9183598127516319,6,118.0
905.0,10,276.0,5.411764705882353,5.85714020882529,0,0.0,1.0,2,39.0,0.3019767878126511,5,147.0,0.33058624979012435,0,0.0,0.9619877226883897,7,186.0
910.0,17,204.0,4.08,5.193490858408759,0,0.0,1.0,4,57.0,0.3306121115944777,8,182.0,0.19898033272847027,0,0.0,0.9488134148912578,12,239.0
915.0,23,309.0,6.18,4.437947189826985,0,0.0,1.0,5,64.0,0.3332155959631132,9,224.0,0.1971564347502244,0,0.0,0.9251829949148858,14,288.0
920.0,21,331.0,6.245283018867925,3.9529099100129743,0,0.0,1.0,1,6.0,0.5829238281379442,10,273.0,0.08679693776912246,0,0.0,0.9210531905085548,11,279.0
925.0,24,447.0,7.982142857142857,4.552853828962978,0,0.0,1.0,1,7.0,0.5777901085371049,13,336.0,0.13564571611423884,0,0.0,0.9409383701644637,14,343.0
930.0,16,278.0,4.87719298245614,5.007050891986106,0,0.0,1.0,2,49.0,0.5413953118903658,6,252.0,0.32799652054716777,0,0.0,0.986714986432111,8,301.0
935.0,10,233.0,4.087719298245614,5.874378055809953,0,6.0,0.5688555122888114,2,65.0,0.6037842605006083,5,214.0,0.32959905581847637,0,0.0,0.9514536711666735,7,285.0
940.0,9,240.0,4.0,6.234745128170735,1,10.0,0.22034216856223507,3,110.0,0.6468349408873884,5,227.0,0.36886906475173736,0,0.0,0.5012185798954853,9,347.0
945.0,13,303.0,5.05,6.033969128407215,4,28.0,0.04696037160201471,3,119.0,0.6356013061282204,5,350.0,0.41172770539609316,1,5.0,0.48349020944120275,13,502.0
950.0,14,206.0,3.6785714285714284,5.4995999743447745,4,48.0,0.010206838228945561,5,139.0,0.492960057828575,4,249.0,0.4418944972373102,1,10.0,0.48082177079142785,14,446.0
955.0,7,113.0,1.9482758620689655,6.054789388447236,0,19.0,0.039928002356434976,6,165.0,0.4389601760866468,0,165.0,0.5942969266074044,1,15.0,0.469220719935898,7,364.0
960.0,9,134.0,2.310344827586207,6.637623010263945,0,3.0,0.33626473466076634,7,197.0,0.3962060677838102,2,115.0,0.3262572296767011,0,0.0,0.9187266387349065,9,315.0
965.0,13,190.0,3.4545454545454546,6.263080221779565,0,0.0,1.0,9,237.0,0.11879064918635207,4,29.0,0.2383121684493382,0,0.0,0.9755111437713205,13,266.0
970.0,17,266.0,4.836363636363636,6.207410078561213,0,0.0,1.0,11,294.0,0.20618389179653426,5,102.0,0.15967893906694758,0,0.0,0.9467972793998894,16,396.0
975.0,12,285.0,5.277777777777778,5.853280148771376,0,0.0,1.0,11,352.0,0.17181563969250266,0,52.0,0.03442063039445067,0,0.0,0.9492677551688244,11,404.0
980.0,12,166.0,3.074074074074074,6.164417287044323,0,6.0,0.6394429620817439,10,301.0,0.14129585951891907,1,56.0,0.6394673157757608,0,0.0,0.9286348284338333,11,363.0
985.0,6,110.0,2.156862745098039,8.191994590111262,0,0.0,0.8652104520725927,5,144.0,0.42904854005702897,1,61.0,0.49914291793027793,0,0.0,0.9600117833131708,6,205.0
990.0,6,140.0,2.8,9.261439199806746,0,0.0,1.0,5,138.0,0.5628933641508351,1,69.0,0.7160848642465235,0,0.0,0.9936156153159837,6,207.0
995.0,7,171.0,3.3529411764705883,8.743912756216842,0,0.0,1.0,5,163.0,0.5522766594212711,2,75.0,0.2587505169258457,0,0.0,0.9510951565558338,7,238.0
1000.0,1,4.0,0.07692307692307693,8.793367276949073,0,0.0,1.0,0,6.0,0.7272976894082899,1,12.0,0.6314262361676625,0,0.0,0.9364835335610391,1,18.0
1005.0,3,15.0,0.28846153846153844,8.501500542546465,0,0.0,1.0,1,14.0,0.742479163760737,2,13.0,0.5533597393806629,0,0.0,0.9878275608153984,3,27.0
1010.0,3,30.0,0.5769230769230769,8.978018425441613,0,0.0,1.0,1,108.0,0.7776508553796063,2,28.0,0.6843022351526484,0,0.0,0.9533337282375459,3,136.0
1015.0,3,45.0,0.9375,9.018136883909493,0,0.0,1.0,1,18.0,0.7690445694483419,2,38.0,0.7663103975222814,0,0.0,0.9356023996498124,3,56.0
1020.0,5,63.0,1.3125,8.189675410064991,0,0.0,1.0,1,23.0,0.5852744781735593,4,51.0,0.5680076354343644,0,0.0,0.9608431202006238,5,74.0
1025.0,2,28.0,0.56,8.196874488001974,0,0.0,1.0,0,3.0,0.8104047762558276,2,33.0,0.6821789268548861,0,0.0,0.9942372193314335,2,36.0
1030.0,3,39.0,0.8478260869565217,7.911918472273831,0,0.0,1.0,0,3.0,0.7204464133853218,3,44.0,0.485026740080044,0,0.0,0.9552047471305,3,47.0
1035.0,6,65.0,1.4444444444444444,7.360526155882424,0,0.0,1.0,2,9.0,0.5635741081789621,4,64.0,0.46734273349187294,0,0.0,0.9340645170451993,6,73.0
1040.0,9,104.0,2.4761904761904763,6.867554044484918,0,0.0,1.0,2,16.0,0.6196090091504267,7,93.0,0.15032517307192003,0,0.0,0.9320596086319413,9,109.0
1045.0,7,123.0,3.0,6.753183214688674,0,0.0,1.0,0,0.0,0.864141815334495,7,128.0,0.10518343226035295,0,0.0,0.949718107566917,7,128.0
1050.0,11,166.0,3.9523809523809526,6.242810782555476,0,0.0,1.0,2,3.0,0.4983495504738751,9,168.0,0.09420469140276767,0,0.0,0.6994711931357379,11,171.0
1055.0,13,227.0,5.27906976744186,5.869825594586485,0,0.0,1.0,4,19.0,0.1931479232920947,9,216.0,0.2334766269045145,0,0.0,0.9266186287020624,13,235.0
1060.0,13,292.0,6.636363636363637,5.940583400948856,0,0.0,1.0,4,39.0,0.19324600487406254,9,264.0,0.25028076518943193,0,0.0,0.8595445752565279,13,303.0
1065.0,6,62.0,1.3191489361702127,6.100731036152383,0,0.0,1.0,4,59.0,0.18853745796794236,1,78.0,0.31072765071295866,0,0.0,0.772275520134337,5,137.0
1070.0,6,87.0,1.9772727272727273,6.571725226579934,0,6.0,0.6273377680062966,4,85.0,0.3125633820684787,0,3.0,0.8291741815497029,0,0.0,0.9668087350040793,4,94.0
1075.0,6,117.0,2.659090909090909,7.428763600815945,0,0.0,0.7757288734859936,4,108.0,0.5497175810589519,0,3.0,0.8329373691900801,0,0.0,0.9780483506667488,4,111.0
1080.0,6,147.0,3.1956521739130435,7.698193419414926,0,0.0,0.983770901118133,4,129.0,0.6033660404797405,0,3.0,0.9375981231866746,0,0.0,0.9594756255954444,4,132.0
1085.0,3,70.0,1.5217391304347827,7.974822375830209,0,0.0,0.9351592910040887,2,79.0,0.6978926421094114,0,0.0,0.9734102718333977,0,0.0,0.9335393103718435,2,79.0
1090.0,4,89.0,1.8936170212765957,8.535480115493314,0,0.0,1.0,2,85.0,0.7431283553472119,0,0.0,0.9676960629237396,0,0.0,0.9784988892705754,2,85.0
1095.0,4,99.0,2.152173913043478,8.711720791985071,0,0.0,1.0,2,95.0,0.7381679750259228,0,0.0,0.9765739234899503,0,0.0,0.9792258966885836,2,95.0
1100.0,6,109.0,2.369565217391304,7.2541530129523,0,0.0,1.0,4,108.0,0.4180724613007893,1,1.0,0.6079545092040236,0,0.0,0.9909613702411251,5,109.0
1105.0,7,135.0,3.0,7.214644347844898,0,0.0,1.0,6,135.0,0.26774322943624057,1,6.0,0.6172372996701495,0,0.0,0.9655914488875321,7,141.0
1110.0,8,55.0,1.25,6.664521724501115,0,0.0,1.0,7,50.0,0.26748448789637974,1,11.0,0.5925900796033934,0,0.0,0.9452311376708133,8,61.0
1115.0,9,98.0,2.3333333333333335,6.711698612685298,0,0.0,1.0,7,85.0,0.314115365714372,2,22.0,0.3783540071293764,0,0.0,0.9842702994747927,9,107.0
1120.0,8,116.0,2.577777777777778,6.254912122198229,0,0.0,1.0,8,122.0,0.12212714745939855,0,3.0,0.9175272537412601,0,0.0,0.9903301934337071,8,125.0
1125.0,9,159.0,3.4565217391304346,6.57605121672965,0,3.0,0.6179319381659162,9,165.0,0.06796416499671085,0,3.0,0.8793620966967453,0,0.0,0.9419085866631612,9,171.0
1130.0,8,178.0,3.869565217391304,6.943700510424059,0,0.0,1.0,8,193.0,0.24360528800200343,0,3.0,0.9416835640101467,0,0.0,0.9908917799008323,8,196.0
1135.0,9,218.0,4.541666666666667,7.024993010057739,0,0.0,0.913468044003769,9,226.0,0.24156936343041482,0,3.0,0.9295253541585234,0,0.0,0.9856652220839925,9,229.0
1140.0,9,262.0,5.574468085106383,6.6735789339896145,0,0.0,1.0,8,266.0,0.32869169988473007,0,6.0,0.6830840919475736,0,0.0,0.9640763302027138,8,272.0
1145.0,10,304.0,6.468085106382978,6.926953354632203,0,0.0,1.0,8,306.0,0.3470306915269122,2,12.0,0.6007638192920288,0,0.0,0.9734280667249477,10,318.0
1150.0,12,360.0,7.659574468085107,6.657150653661965,0,0.0,1.0,8,346.0,0.28450774299394993,4,28.0,0.47276688962537994,0,0.0,0.9405155689702595,12,374.0
1155.0,15,426.0,8.693877551020408,5.760877635982585,0,0.0,1.0,10,390.0,0.2193729122806778,5,50.0,0.3260109694150699,0,0.0,0.8733654650057812,15,440.0
1160.0,13,449.0,8.98,5.3255337173948165,0,0.0,1.0,10,440.0,0.11380326719223524,2,25.0,0.499199188582853,0,0.0,0.9069045080968834,12,465.0
1165.0,13,510.0,10.0,6.484192782179982,0,3.0,0.9103765518744155,11,500.0,0.15718811559425713,1,21.0,0.6086601816242654,0,0.0,0.8982393823402735,12,524.0
1170.0,13,554.0,11.306122448979592,6.919978991657644,0,0.0,1.0,12,545.0,0.2859443266358164,1,34.0,0.506528076243675,0,0.0,0.8386896968458835,13,579.0
1175.0,15,624.0,12.73469387755102,6.650660019582931,0,0.0,1.0,12,605.0,0.2812585379233945,2,40.0,0.32541852438365904,0,0.0,0.8963791584956896,14,645.0
1180.0,15,694.0,14.16326530612245,6.2344312631729935,0,0.0,1.0,12,665.0,0.20917302900923473,3,54.0,0.2498358528661364,0,0.0,0.8364582774940913,15,719.0
1185.0,16,770.0,16.382978723404257,6.318093549236483,0,0.0,1.0,13,726.0,0.282303624268303,3,69.0,0.32117016170680285,0,0.0,0.9871326588889305,16,795.0
1190.0,8,128.0,2.6122448979591835,6.393236717982923,0,0.0,1.0,3,321.0,0.30583241062021443,5,90.0,0.1512645601591537,0,0.0,0.9787862863791945,8,411.0
1195.0,6,105.0,2.142857142857143,6.928705937879042,0,0.0,1.0,1,58.0,0.2681666737751087,5,115.0,0.2625976564547717,0,0.0,0.9410213937019374,6,173.0
1200.0,6,59.0,1.18,7.8798557283808295,0,0.0,1.0,2,18.0,0.3429327639852893,4,96.0,0.4297518337076661,0,0.0,0.9676367114227473,6,114.0
1205.0,6,89.0,1.816326530612245,8.401069055063887,0,3.0,0.9089707467590696,2,21.0,0.32164888475096015,4,77.0,0.5620657618190471,0,0.0,0.9443286835519716,6,101.0
1210.0,5,93.0,1.86,8.583543618569259,0,0.0,1.0,0,0.0,0.9589370635068912,4,97.0,0.5685378987445506,0,0.0,0.941689519164536,4,97.0
1215.0,5,118.0,2.269230769230769,8.689041930519071,0,0.0,1.0,0,0.0,0.861943194618271,4,117.0,0.5200902802237128,0,0.0,0.9143219358403625,4,117.0
1220.0,9,155.0,3.2291666666666665,6.964119149296612,0,0.0,1.0,1,3.0,0.4717957286659689,5,142.0,0.5728759937874298,1,2.0,0.49419472823282,7,147.0
1225.0,14,209.0,4.543478260869565,5.620609469806703,0,0.0,1.0,1,8.0,0.5395913460808454,6,168.0,0.2902363872938836,2,7.0,0.3133420887378536,9,183.0
1230.0,14,270.0,6.136363636363637,4.746449374137598,0,0.0,1.0,0,0.0,0.9426966864194984,8,207.0,0.07415469434492224,1,12.0,0.13056496719079916,9,219.0
1235.0,14,295.0,6.555555555555555,4.947619286266013,0,0.0,1.0,0,0.0,0.9405052020994615,10,249.0,0.0076829400071660656,0,0.0,0.7966761256648599,10,249.0
1240.0,17,372.0,8.08695652173913,5.216139931818793,0,0.0,1.0,0,0.0,0.9808646449445548,12,312.0,0.1535674297619382,0,0.0,0.952323593976981,12,312.0
1245.0,8,110.0,2.2448979591836733,5.391252327828541,0,0.0,1.0,0,0.0,0.9964905176500035,3,122.0,0.2799346421424424,0,0.0,0.9387821248145121,3,122.0
1250.0,3,30.0,0.6382978723404256,6.93357405185622,0,0.0,1.0,0,3.0,0.7676919309375376,1,40.0,0.5629590391376914,0,0.0,0.9655675103806094,1,43.0
1255.0,2,37.0,0.7551020408163265,7.8137225954639735,0,6.0,0.32990726403292564,0,9.0,0.9155392159887131,1,33.0,0.7610076241654006,0,0.0,0.927588983071733,1,48.0
1260.0,1,35.0,0.7291666666666666,8.020809860376415,0,0.0,0.11027899952019309,0,9.0,0.9830846087915208,1,38.0,0.7322396726430942,0,0.0,0.9506327256727648,1,47.0
1265.0,3,44.0,0.8979591836734694,7.504672712125039,0,0.0,1.0,0,9.0,0.8214599764141001,1,66.0,0.5092817344961978,0,0.0,0.9252397369434998,1,75.0
1270.0,4,55.0,1.0784313725490196,7.431823312836563,0,0.0,1.0,0,3.0,0.9646222963537227,4,93.0,0.20582401824675187,0,0.0,0.7175342554890444,4,96.0
1275.0,7,88.0,1.7254901960784315,7.970171976894258,0,0.0,1.0,0,3.0,0.9350012339061704,6,121.0,0.21984204524113865,1,5.0,0.584218640615647,7,129.0
1280.0,11,137.0,2.6346153846153846,7.3090425275257465,0,0.0,1.0,1,5.0,0.63515538751413,7,155.0,0.3504200216723514,2,14.0,0.5132835157669722,10,174.0
1285.0,12,178.0,3.423076923076923,6.779828671881119,0,0.0,1.0,4,48.0,0.2948027475048187,7,190.0,0.3895065288370718,0,0.0,0.5247254504212471,11,238.0
1290.0,13,243.0,4.86,6.349746407510979,0,0.0,1.0,5,73.0,0.22292091711634487,7,231.0,0.30563270330189585,0,0.0,0.9879127999857966,12,304.0
1295.0,20,319.0,6.787234042553192,5.272546133851603,0,0.0,1.0,7,72.0,0.1187134418276904,12,282.0,0.23276713717474692,0,0.0,0.9570794841499359,19,354.0
1300.0,12,268.0,5.36,5.611347117559278,0,0.0,1.0,7,107.0,0.17758522108644698,4,220.0,0.4218758501412884,0,0.0,0.9006382902921787,11,327.0
1305.0,12,320.0,6.4,6.278748413897404,0,9.0,0.546356664501133,7,145.0,0.25788070611381203,3,189.0,0.5449402971108055,0,0.0,0.9746520226416865,10,343.0
1310.0,12,339.0,6.918367346938775,6.822465311120043,1,10.0,0.12309574760206088,8,185.0,0.3976012154128362,3,204.0,0.38200392132423816,0,0.0,0.9919669560713124,12,399.0
1315.0,15,409.0,8.019607843137255,6.611012191385714,3,25.0,0.011175154881995527,9,222.0,0.34106159305317935,3,219.0,0.3732237311400396,0,0.0,0.9719341607200472,15,466.0
1320.0,14,479.0,9.392156862745098,7.043645107139439,3,42.0,0.0029515195170216227,8,262.0,0.3594460084489503,3,234.0,0.38836504538523453,0,0.0,0.9297280956391971,14,538.0
1325.0,16,556.0,10.901960784313726,7.088941006225774,4,62.0,0.00030624315237936167,9,304.0,0.39900288530809447,3,249.0,0.3736023090135018,0,0.0,0.9250668751868174,16,615.0
1330.0,7,300.0,6.25,6.926369651758701,4,82.0,5.788295424396879e-05,0,101.0,0.550015420776117,3,264.0,0.3876903457914933,0,0.0,0.9194479737714115,7,447.0
1335.0,8,338.0,6.76,7.01226992660761,4,102.0,7.826369721580441e-06,1,6.0,0.606836417450987,3,282.0,0.4220039322861463,0,0.0,0.9680691317210233,8,390.0
1340.0,13,392.0,7.538461538461538,6.804640889930119,4,122.0,0.0,3,14.0,0.4322585204326798,6,311.0,0.37435642162680155,0,0.0,0.9661698164222022,13,447.0
1345.0,14,457.0,8.96078431372549,6.818150609159306,4,142.0,0.0,3,30.0,0.5038309023696599,7,341.0,0.37762527758514897,0,0.0,0.9523650434350742,14,513.0
1350.0,11,483.0,9.11320754716981,6.720918819834117,4,162.0,0.0,0,15.0,0.48741406601900045,7,376.0,0.4008616779639917,0,0.0,0.9695440776492686,11,553.0
1355.0,11,516.0,9.381818181818181,6.65369508874764,4,182.0,0.0,1,5.0,0.3611331094739903,6,387.0,0.4074609857930877,0,0.0,0.9561986686389207,11,574.0
1360.0,9,386.0,7.283018867924528,6.96702493384349,0,41.0,0.02764864510678209,2,17.0,0.3950577951765506,6,417.0,0.4757627767806922,1,2.0,0.639761601567859,9,477.0
1365.0,9,431.0,8.795918367346939,7.0898195796719845,0,0.0,1.0,2,27.0,0.6120093865721118,6,444.0,0.5114645724697634,1,7.0,0.6282683120371773,9,478.0
1370.0,8,464.0,8.754716981132075,8.09401597650585,0,0.0,0.9956039252659004,2,37.0,0.7191996173932199,6,468.0,0.3199276677289682,0,0.0,0.9279627511012234,8,505.0
1375.0,8,250.0,4.62962962962963,7.325475277017536,0,0.0,0.9906346899930693,3,50.0,0.334595226869551,4,350.0,0.4685456553790598,0,0.0,0.931139001754348,7,400.0
1380.0,12,169.0,3.0727272727272728,7.365911999085567,0,0.0,1.0,7,76.0,0.2128002392583815,4,117.0,0.38868394158109765,0,0.0,0.9921062553623485,11,193.0
1385.0,11,224.0,4.072727272727272,7.319677945159206,0,0.0,0.8333160150559243,6,115.0,0.29363176022808823,4,115.0,0.35232616379738113,0,0.0,0.9703813803081188,10,230.0
1390.0,12,200.0,3.8461538461538463,5.780851547389276,1,2.0,0.0030708105583593646,3,53.0,0.3131013151517053,5,140.0,0.13605355687621307,0,0.0,0.9852664875085546,9,195.0
1395.0,9,213.0,4.176470588235294,5.818920110165346,1,7.0,0.0,3,75.0,0.24198704482922448,2,125.0,0.2136643124840139,0,0.0,0.9597126704270821,6,207.0
1400.0,13,263.0,5.595744680851064,5.6475630509619315,0,0.0,1.0,5,92.0,0.3225414157683858,2,131.0,0.5316125741657104,0,0.0,0.9750571552390804,7,223.0
1405.0,10,253.0,5.382978723404255,7.126622101994665,0,0.0,1.0,6,124.0,0.4794162871850143,2,141.0,0.6425131592183531,0,0.0,0.9390893552975748,8,265.0
1410.0,7,179.0,3.7291666666666665,7.481872871564707,0,0.0,1.0,2,83.0,0.5967090768187298,2,151.0,0.6828106069334646,1,1.0,0.4879582578780959,5,235.0
1415.0,6,172.0,3.510204081632653,7.988313290082745,0,0.0,1.0,1,7.0,0.7575462366384045,3,163.0,0.4331257251291764,1,6.0,0.49906171025679413,5,176.0
1420.0,10,206.0,4.204081632653061,7.452677877728982,0,0.0,1.0,1,12.0,0.7049755680490619,4,197.0,0.4807982766916683,0,0.0,0.987528581025326,5,209.0
1425.0,12,259.0,5.18,6.621837868362989,0,0.0,1.0,2,21.0,0.41932471860144144,6,225.0,0.3706469363777274,0,0.0,0.7885796319160768,8,246.0
1430.0,12,296.0,5.92,5.2284633149481206,0,0.0,1.0,0,0.0,0.4601522756314595,7,256.0,0.16286949399457645,0,0.0,0.9430003451317783,7,256.0
1435.0,10,336.0,7.0,5.668255291080499,0,0.0,0.9908005454294567,0,0.0,0.9239573318300282,5,265.0,0.22594967581956152,0,0.0,0.950440635411567,5,265.0
1440.0,11,358.0,7.3061224489795915,6.11034358412907,0,3.0,0.7833680573343791,0,2.0,0.7361926420188039,5,292.0,0.4208522203118338,0,0.0,0.9358608569337474,5,297.0
1445.0,7,306.0,6.12,7.003569347868073,1,2.0,0.38971006056009566,0,5.0,0.924898602988159,5,317.0,0.4087377729063958,0,0.0,0.8933017350718571,6,324.0
1450.0,6,329.0,6.58,7.188235437987902,1,7.0,0.0,0,5.0,0.8112769447504273,5,339.0,0.2740294098730841,0,0.0,0.839294858160109,6,351.0
1455.0,8,336.0,6.588235294117647,6.766328608063827,1,12.0,1.3036326387061003e-05,1,7.0,0.7424823067576614,4,321.0,0.4089906934671283,0,0.0,0.9750299613962843,6,340.0
1460.0,8,351.0,6.882352941176471,7.009134610654868,0,3.0,0.9478238916438922,1,12.0,0.7595225741578523,7,349.0,0.33387472350660496,0,0.0,0.9642769026596121,8,364.0
1465.0,8,391.0,7.979591836734694,7.222888728834056,0,0.0,1.0,1,17.0,0.7824681681455165,7,384.0,0.3997279008863434,0,0.0,0.9372597591674798,8,401.0
1470.0,11,442.0,9.208333333333334,6.551626731462736,0,0.0,1.0,1,17.0,0.641688292055632,10,430.0,0.20184110975275765,0,0.0,0.9331614874628169,11,447.0
1475.0,12,502.0,10.458333333333334,6.3166582268610485,0,0.0,1.0,1,22.0,0.5947962099254818,11,485.0,0.13943686537298347,0,0.0,0.9634769016153137,12,507.0
1480.0,13,567.0,11.571428571428571,6.888573679038087,0,0.0,1.0,1,27.0,0.6306418678459805,12,545.0,0.19131212426378308,0,0.0,0.8556728075146403,13,572.0
1485.0,13,632.0,12.64,6.366703590541627,0,0.0,1.0,1,32.0,0.41135962641348417,12,605.0,0.15809749581972665,0,0.0,0.9551490009518272,13,637.0
1490.0,17,710.0,14.791666666666666,5.7564475013891885,0,0.0,1.0,2,42.0,0.47781888752925084,14,671.0,0.06218870811274086,1,2.0,0.49739707579298986,17,715.0
1495.0,10,616.0,12.07843137254902,5.77891122362406,0,0.0,1.0,2,52.0,0.3812705865171896,7,595.0,0.15346534138615378,1,7.0,0.6692381775158655,10,654.0
1500.0,11,633.0,12.66,6.472200457718883,0,6.0,0.5792737914854033,3,72.0,0.3602499590092443,7,591.0,0.22833576367089084,1,12.0,0.6408928780780774,11,681.0
1505.0,12,690.0,13.8,7.494654524202994,0,0.0,0.9213980951772853,3,90.0,0.5351706073845519,7,590.0,0.12058588168627864,2,19.0,0.4715985559682023,12,699.0
1510.0,10,721.0,13.865384615384615,7.455860553351588,0,0.0,1.0,3,105.0,0.5418056697688122,7,625.0,0.12328932761739603,0,0.0,0.9724773008838659,10,730.0
1515.0,9,752.0,13.428571428571429,7.466706785593303,0,0.0,1.0,3,114.0,0.4904995057169494,6,644.0,0.20463412623970784,0,0.0,0.9505164711339665,9,758.0
1520.0,15,814.0,14.8,7.409371728688265,0,0.0,1.0,4,133.0,0.4857321387778777,7,672.0,0.2050352712732661,0,0.0,0.9244333085319362,11,805.0
1525.0,13,861.0,15.105263157894736,6.8550914311292095,0,0.0,1.0,4,153.0,0.4483080439801156,8,709.0,0.04320242233825848,0,0.0,0.9782201841937941,12,862.0
1530.0,18,941.0,17.425925925925927,6.104712281119005,0,0.0,1.0,6,178.0,0.2905061886594773,10,756.0,0.08726705715964418,0,0.0,0.9441553357284798,16,934.0
1535.0,16,1002.0,18.21818181818182,5.985222684905681,0,0.0,1.0,3,190.0,0.3220766166981611,10,810.0,0.08683249252474101,0,0.0,0.6529046503599504,13,1000.0
1540.0,19,1093.0,21.01923076923077,5.73776549848324,0,0.0,1.0,3,202.0,0.5056830092400979,11,860.0,0.07000787936103185,1,5.0,0.47436694225575826,15,1067.0
1545.0,18,1150.0,21.69811320754717,6.227761706760043,0,0.0,1.0,4,219.0,0.4804146469746356,11,918.0,0.148255516387068,1,10.0,0.6597946996968432,16,1147.0
1550.0,18,1226.0,22.703703703703702,5.841360972728757,0,0.0,1.0,5,240.0,0.4517690606869847,11,973.0,0.20413801436077997,0,0.0,0.9744998758637013,16,1213.0
1555.0,14,643.0,11.280701754385966,5.725626897303468,0,0.0,1.0,2,104.0,0.4774627612077018,9,812.0,0.24355077543144046,0,0.0,0.968131263625355,11,916.0
1560.0,11,211.0,3.7017543859649122,6.521747630933913,0,0.0,1.0,2,6.0,0.553604715698032,6,487.0,0.2366623238333164,0,0.0,0.9551245745710298,8,493.0
1565.0,12,266.0,4.836363636363636,7.307789117435098,0,0.0,1.0,2,13.0,0.6198019148823254,5,285.0,0.307053983327414,0,0.0,0.9577239961112163,7,298.0
1570.0,14,291.0,5.196428571428571,6.729220190601592,0,0.0,1.0,3,24.0,0.5633759429920219,6,204.0,0.0694150711185563,0,0.0,0.9054152420069027,9,228.0
1575.0,10,122.0,2.1403508771929824,6.073896323329135,0,0.0,1.0,3,39.0,0.4018115701804868,1,59.0,0.22128699315273662,0,0.0,0.9602369401678059,4,98.0
1580.0,6,75.0,1.3888888888888888,6.750292154780716,0,6.0,0.5890868053374372,4,81.0,0.48969138240726545,0,5.0,0.5963942730835514,0,0.0,0.9139413714935065,4,92.0
1585.0,5,78.0,1.5,7.7507956350997205,0,0.0,0.8079663988107539,5,87.0,0.5314456670108207,0,0.0,0.07295820714792582,0,0.0,0.9474428643267226,5,87.0
1590.0,10,115.0,2.2115384615384617,6.395401312715824,0,0.0,1.0,5,112.0,0.44185574389047083,1,4.0,3.839597942938506e-05,0,0.0,0.9537046564260713,6,116.0
1595.0,17,195.0,3.75,6.234470475035673,0,0.0,1.0,7,147.0,0.4598719962006695,1,9.0,0.0,0,0.0,0.941606476731526,8,156.0
1600.0,19,285.0,5.480769230769231,5.616296343751065,0,0.0,1.0,7,179.0,0.48035904713506267,1,14.0,0.5110396486675503,0,0.0,0.9687320542863993,8,193.0
1605.0,21,376.0,6.962962962962963,5.34417556764503,0,0.0,1.0,6,202.0,0.47124048991843254,1,19.0,0.4430613153510919,0,0.0,0.9530726706229218,7,221.0
1610.0,23,486.0,9.169811320754716,4.403600624546653,0,0.0,1.0,7,236.0,0.23910994858011358,1,24.0,0.6278766449973656,0,0.0,0.968161400214188,8,260.0
1615.0,19,485.0,9.326923076923077,4.287814600323882,0,0.0,1.0,7,271.0,0.22103004671400642,2,32.0,0.328413742814293,0,0.0,0.9428489628950979,9,303.0
1620.0,19,520.0,10.0,4.561013561043959,0,0.0,1.0,11,316.0,0.23307260652664413,2,42.0,0.3019816490068596,0,0.0,0.9434535622396494,13,358.0
1625.0,8,241.0,4.462962962962963,5.077003470084687,0,0.0,1.0,1,88.0,0.271890610809616,1,39.0,0.6035365478801568,0,0.0,0.9478014836802121,2,127.0
1630.0,8,279.0,5.166666666666667,6.135873725183352,0,0.0,1.0,1,5.0,0.5186376042392821,1,44.0,0.4345365082730351,0,0.0,0.9581643979467768,2,49.0
1635.0,8,277.0,5.12962962962963,7.254529582514347,0,0.0,1.0,2,17.0,0.5053980996273313,1,58.0,0.7530292323906276,0,0.0,0.9517303927813987,3,75.0
1640.0,6,86.0,1.4827586206896552,7.651173992026705,0,0.0,0.028917674147113003,4,34.0,0.5363906507717172,1,63.0,0.8028291586629906,0,0.0,0.9614433010589336,5,97.0
1645.0,2,64.0,1.1228070175438596,7.894033690867228,1,5.0,0.0,0,18.0,0.6467407735654657,1,68.0,0.7789004047105917,0,0.0,0.9828227915454038,2,91.0
1650.0,3,71.0,1.290909090909091,8.038901011948436,0,0.0,1.0,1,7.0,0.788022034429423,2,73.0,0.7053987403328696,0,0.0,0.9677114787524822,3,80.0
1655.0,5,91.0,1.7169811320754718,7.702687066636244,0,0.0,1.0,1,12.0,0.5219522490757903,2,86.0,0.7091163884053082,0,0.0,0.9285092455793504,3,98.0
1660.0,10,125.0,2.4038461538461537,6.544122004797421,0,0.0,1.0,3,23.0,0.21906999595972546,4,154.0,0.5363847000985044,0,0.0,0.980770581815441,7,177.0
1665.0,2,82.0,1.5769230769230769,6.3676318706927715,0,0.0,1.0,0,9.0,0.5265477382320085,2,142.0,0.536772822335741,0,0.0,0.516949784005255,2,151.0
1670.0,2,92.0,1.7692307692307692,7.800001830886274,0,3.0,0.5656177208083518,0,0.0,0.9587643282272338,2,152.0,0.5723549180525485,0,0.0,0.9986539439080799,2,155.0
1675.0,6,108.0,2.0,7.756071936997166,3,8.0,0.1488046946089268,0,23.0,0.8635290466820765,2,212.0,0.6805791786162189,0,0.0,0.9649181216608164,5,243.0
1680.0,6,134.0,2.4814814814814814,8.048815737785871,3,23.0,0.02012832488432944,0,40.0,0.9245923543267976,3,222.0,0.5786308833099365,0,0.0,0.9554926887734032,6,285.0
1685.0,8,170.0,3.1481481481481484,7.597277044425898,4,41.0,0.003394571255532451,0,40.0,0.8598672767463968,4,239.0,0.5246664234480246,0,0.0,0.9533928127749924,8,320.0
1690.0,4,123.0,2.3653846153846154,7.534119286303575,0,11.0,0.035617639806834106,1,24.0,0.6922509265450603,3,176.0,0.49966868689141036,0,0.0,0.9280632870717302,4,211.0
1695.0,5,146.0,2.8076923076923075,8.397756645782835,0,0.0,1.0,2,32.0,0.6847597566875298,3,139.0,0.581836068676368,0,0.0,0.9744196521027197,5,171.0
1700.0,5,171.0,3.2884615384615383,8.527453612395037,0,0.0,1.0,2,39.0,0.5691355473422653,3,154.0,0.5035900452562134,0,0.0,0.9445606806852533,5,193.0
1705.0,7,202.0,3.8846153846153846,8.20555847047078,0,0.0,1.0,2,49.0,0.6572932742934777,5,175.0,0.11975592018397999,0,0.0,0.9656004825045769,7,224.0
1710.0,10,246.0,4.823529411764706,7.478988911989133,0,0.0,1.0,2,59.0,0.4425400305977702,8,237.0,0.2441731509342581,0,0.0,0.9465264326316147,10,296.0
1715.0,15,306.0,5.773584905660377,6.813626444436374,0,0.0,1.0,4,73.0,0.27796395340596786,11,283.0,0.14178394628766514,0,0.0,0.9794233486020159,15,356.0
1720.0,17,386.0,7.72,5.510776586619736,0,0.0,1.0,4,93.0,0.32026935754506924,13,343.0,0.12132143315353795,0,0.0,0.8205878850341919,17,436.0
1725.0,20,481.0,10.23404255319149,4.943431458148867,0,0.0,1.0,5,114.0,0.1557628910309025,14,413.0,0.11707032070264448,1,4.0,0.4863789444642943,20,531.0
1730.0,16,319.0,6.510204081632653,5.534311136188589,0,0.0,1.0,5,139.0,0.26755040562440485,10,294.0,0.09933927537097872,1,9.0,0.5083363561753109,16,442.0
1735.0,17,375.0,7.9787234042553195,6.019678461120074,0,0.0,1.0,5,167.0,0.36176285687956355,10,289.0,0.08422693036808486,2,15.0,0.31166253351853873,17,471.0
1740.0,19,465.0,9.893617021276595,5.810770100681279,0,0.0,1.0,5,192.0,0.34864921820573197,12,344.0,0.15609682475198294,2,25.0,0.32049234093237833,19,561.0
1745.0,20,562.0,11.46938775510204,5.427831937583347,0,0.0,1.0,6,219.0,0.23624504243638045,12,404.0,0.06715640088037282,2,35.0,0.3129749217776069,20,658.0
1750.0,8,215.0,4.3,5.378756817613391,0,0.0,1.0,2,108.0,0.2907687121825738,5,250.0,0.11529553859270317,1,29.0,0.6490790331318693,8,387.0
1755.0,7,146.0,2.8627450980392157,6.700825410236542,0,6.0,0.568498269419585,1,10.0,0.6183326179566414,4,195.0,0.3355582727007135,0,0.0,0.9584486525059053,5,211.0
1760.0,5,162.0,3.375,7.7852165573088525,0,0.0,0.8185160172970247,1,18.0,0.7696246674619439,4,181.0,0.29359506020362064,0,0.0,0.9915840371430268,5,199.0
1765.0,5,187.0,3.6666666666666665,8.528972770933512,0,0.0,1.0,1,20.0,0.8045886251310789,4,201.0,0.39629551862500795,0,0.0,0.9859349305517704,5,221.0
1770.0,6,196.0,3.92,8.000112703819946,0,0.0,1.0,0,6.0,0.9631742214678727,4,221.0,0.318927509118313,0,0.0,0.9727613752381506,4,227.0
1775.0,7,110.0,2.2448979591836733,7.59148552601788,0,0.0,1.0,0,6.0,0.9678970516805855,2,159.0,0.393645054100464,0,0.0,0.9813599322401119,2,165.0
1780.0,6,52.0,1.1063829787234043,8.570200955051133,0,0.0,1.0,0,6.0,0.9642763735492467,0,33.0,0.8722643988345714,0,0.0,0.9309174118922185,0,39.0
1785.0,6,82.0,1.8222222222222222,7.988119928006541,0,0.0,1.0,0,0.0,0.9784185084628307,0,3.0,0.8464201861090003,0,0.0,0.9464395262417008,0,3.0
1790.0,8,118.0,2.8780487804878048,7.407576534187515,0,0.0,1.0,0,0.0,0.8269017966679574,1,6.0,0.7335319727018471,0,0.0,0.9729986446921349,1,6.0
1795.0,8,153.0,3.642857142857143,6.906282730654245,0,0.0,1.0,1,3.0,0.6924809292916589,0,3.0,0.9832668003849522,0,0.0,0.965222285154004,1,6.0
1800.0,7,90.0,2.1951219512195124,7.422236930776157,0,4.0,0.797780863003466,2,11.0,0.5721009530520675,0,3.0,0.9745680417612954,0,0.0,0.9797112472504671,2,18.0
1805.0,9,117.0,3.0,7.235125940185942,1,7.0,0.0,3,22.0,0.47853089522431436,0,0.0,0.9781144417793847,0,0.0,0.9779544543948386,4,29.0
1810.0,8,153.0,4.135135135135135,7.063251704209788,0,0.0,0.38609818338670193,3,37.0,0.4622228069150324,0,0.0,0.9504213754654498,0,0.0,0.9285241991539877,3,37.0
1815.0,8,148.0,3.8947368421052633,7.197912372640909,0,0.0,0.8512391256333253,3,52.0,0.4852407805010732,0,0.0,1.0,0,0.0,0.9476587188376958,3,52.0
1820.0,4,69.0,1.6428571428571428,7.701813739364435,0,0.0,1.0,3,67.0,0.5474308217717151,0,0.0,1.0,0,0.0,0.970208248444294,3,67.0
1825.0,5,85.0,1.9767441860465116,7.004040142089352,0,0.0,1.0,4,83.0,0.32507352113452176,0,0.0,1.0,0,0.0,0.9699657756573264,4,83.0
1830.0,6,109.0,2.477272727272727,7.280336417806722,0,0.0,1.0,4,103.0,0.36315548801314435,0,43.0,0.8370866325571912,0,0.0,0.9516696039547462,4,146.0
1835.0,5,126.0,2.9302325581395348,7.516863919704861,0,0.0,1.0,4,123.0,0.3820611147334697,1,3.0,0.6126116455043871,0,0.0,0.9813876646565891,5,126.0
1840.0,7,151.0,3.282608695652174,7.1244820803674624,0,0.0,1.0,6,150.0,0.33622481885335914,1,23.0,0.4621577675020689,0,0.0,0.9599887006215322,7,173.0
1845.0,11,196.0,4.454545454545454,6.4657296940928655,0,0.0,1.0,9,191.0,0.21544327864893567,2,30.0,0.24902971197876358,0,0.0,0.9498943671697675,11,221.0
1850.0,6,43.0,1.0,6.1843160334438325,0,0.0,1.0,3,63.0,0.5278677352929597,3,43.0,4.638708572017981e-06,0,0.0,0.9726195217381461,6,106.0
1855.0,6,73.0,1.5869565217391304,7.067065706818039,0,0.0,1.0,3,78.0,0.6252526339394483,3,58.0,0.0756341410494291,0,0.0,0.9910269007989435,6,136.0
1860.0,5,76.0,1.5833333333333333,7.696377525664256,0,0.0,1.0,3,93.0,0.6228016441921174,2,45.0,0.5811434142161069,0,0.0,0.9550067061547983,5,138.0
1865.0,6,98.0,2.0416666666666665,7.904743588031972,0,0.0,1.0,4,115.0,0.5284891583400888,2,36.0,0.6428846675169787,0,0.0,0.9761738989867437,6,151.0
1870.0,7,131.0,2.5686274509803924,7.887205822730865,0,0.0,1.0,5,138.0,0.4436175209044172,2,46.0,0.644903055223999,0,0.0,0.9436503250521309,7,184.0
1875.0,8,167.0,3.2115384615384617,7.8389982803129294,0,0.0,1.0,5,160.0,0.4230889844430296,2,56.0,0.6434520529766881,0,0.0,0.972578903585044,7,216.0
1880.0,10,202.0,4.122448979591836,7.413523108695931,0,0.0,1.0,5,185.0,0.2856374622302242,1,50.0,0.8012291158027857,0,0.0,0.9425819204843975,6,235.0
1885.0,15,270.0,5.625,6.686970925358186,0,0.0,1.0,7,221.0,0.37692393188708206,1,49.0,0.7306527425788225,0,0.0,0.9492070747595537,8,270.0
1890.0,13,184.0,3.8333333333333335,6.406979985595875,0,0.0,0.9355903968211221,3,155.0,0.3953701347470864,1,51.0,0.6362698734148157,0,0.0,0.9560283446915582,4,206.0
1895.0,13,203.0,4.319148936170213,6.818946515223749,0,0.0,0.93992353713525,2,32.0,0.5211868041375483,1,56.0,0.479257431654412,0,0.0,0.5220145857761047,3,88.0
1900.0,11,176.0,3.911111111111111,6.855008755775575,1,1.0,0.0017648590625834414,2,21.0,0.6711350439732539,1,64.0,0.6441658528749905,1,4.0,0.4869918493052613,5,90.0
1905.0,9,109.0,2.477272727272727,6.091036747318588,1,6.0,0.0,2,31.0,0.6518907970334962,1,5.0,0.6004054772775097,1,9.0,0.48674289209279925,5,51.0
1910.0,11,154.0,3.5,5.99083726379446,1,14.0,0.28247706182847576,3,42.0,0.5001044023826136,1,10.0,0.739123787601129,1,5.0,0.6332492014937788,6,71.0
1915.0,10,153.0,3.825,5.759741887808225,1,16.0,0.0,4,60.0,0.25148037624681324,2,18.0,0.6383783204941674,0,0.0,0.9633925042739612,7,94.0
1920.0,8,124.0,3.1794871794871793,6.128689404648776,1,21.0,0.0,5,84.0,0.22667884646729855,2,31.0,0.5346934381074692,0,0.0,0.9898718868649207,8,136.0
1925.0,11,162.0,4.153846153846154,6.082596829168333,1,26.0,0.0,7,132.0,0.21125997367272634,3,31.0,0.4861571545740677,0,0.0,0.9715423774721271,11,189.0
1930.0,11,194.0,4.511627906976744,6.213991993501029,1,31.0,0.0,6,129.0,0.05494199685741826,3,46.0,0.34640639086743147,0,0.0,0.9637194943579561,10,206.0
1935.0,14,261.0,5.931818181818182,6.574984277098244,1,36.0,0.0,6,154.0,0.21288088790239473,4,46.0,0.39735615099092925,1,3.0,0.4926725538114639,12,239.0
1940.0,16,332.0,7.377777777777778,5.907900340027927,1,41.0,0.0,6,184.0,0.23858911241074668,4,69.0,0.4037548622549056,1,8.0,0.49232009707955743,12,302.0
1945.0,12,305.0,6.777777777777778,5.406334955221711,1,46.0,0.0,7,214.0,0.18315429330453017,0,18.0,0.4093080016505487,1,5.0,0.6591926454826752,9,283.0
1950.0,5,115.0,2.5555555555555554,6.543479290733705,1,55.0,0.4438900897478382,0,37.0,0.5395051779736554,1,7.0,0.6427129564304049,1,10.0,0.6742208663963272,3,109.0
1955.0,3,61.0,1.3555555555555556,6.9811349185329945,0,3.0,0.08491436752628911,0,6.0,0.8511859414410431,1,12.0,0.6011858169684947,0,0.0,0.8609860115906274,1,21.0
1960.0,1,14.0,0.3333333333333333,8.022119076724797,0,0.0,1.0,0,6.0,0.9278368229311718,1,29.0,0.7258995436972813,0,0.0,0.8638486614617901,1,35.0
1965.0,3,22.0,0.4782608695652174,8.470034647988511,0,0.0,1.0,0,32.0,0.9077434096813898,3,37.0,0.5447915830700409,0,0.0,0.902326315449412,3,69.0
1970.0,5,41.0,0.8913043478260869,8.470273776408222,0,0.0,1.0,1,33.0,0.7443984543686516,4,82.0,0.5546894740499828,0,0.0,0.9555334712885717,5,115.0
1975.0,6,67.0,1.488888888888889,8.038087768290175,0,0.0,1.0,1,38.0,0.6365012207732302,5,76.0,0.4783907869484967,0,0.0,0.9717675595106648,6,114.0
1980.0,7,102.0,2.372093023255814,7.550969488019332,0,0.0,1.0,2,42.0,0.3368225973357103,5,101.0,0.39486175151331376,0,0.0,0.9804368726223373,7,143.0
1985.0,4,70.0,1.627906976744186,7.621779892480035,0,0.0,1.0,3,57.0,0.49267747276110807,1,49.0,0.3287097298519483,0,0.0,0.9766593844806761,4,106.0
1990.0,5,91.0,2.1666666666666665,7.889510223710237,0,0.0,0.6120284031282076,3,88.0,0.4548334490928228,1,44.0,0.6186640132771409,1,1.0,0.4864548736512756,5,133.0
1995.0,7,123.0,2.9285714285714284,7.84769650431868,0,0.0,0.8720009616353255,5,110.0,0.4884508063197391,1,49.0,0.6994470651116418,1,6.0,0.4707123515908297,7,165.0
2000.0,10,156.0,3.5454545454545454,7.3216821275247375,0,0.0,1.0,8,142.0,0.37851882732878317,2,56.0,0.3289707913149434,0,0.0,0.953513497059786,10,198.0
2005.0,10,200.0,4.651162790697675,6.937375880311617,0,0.0,1.0,9,183.0,0.2985488681436309,1,62.0,0.4162634058953995,0,0.0,0.9145882570637149,10,245.0
2010.0,10,245.0,5.6976744186046515,7.178012165924426,0,0.0,1.0,8,222.0,0.3293144672001188,2,68.0,0.522304403199833,0,0.0,0.9681838067878711,10,290.0
2015.0,11,299.0,7.119047619047619,7.294585319741716,0,0.0,1.0,8,262.0,0.3849064756477384,3,82.0,0.39137605689405525,0,0.0,0.9773291633580966,11,344.0
2020.0,12,355.0,8.068181818181818,6.627677945223416,0,0.0,1.0,8,296.0,0.2805079981237392,4,101.0,0.2794294402535971,0,0.0,0.9530377714049663,12,397.0
2025.0,12,389.0,9.046511627906977,6.194605556978294,0,0.0,1.0,10,342.0,0.2180303352156589,2,86.0,0.44776903493233783,0,0.0,0.9841007167016843,12,428.0
2030.0,13,453.0,10.534883720930232,6.065794103105356,0,3.0,0.6585812083306168,11,402.0,0.15759894980400932,2,96.0,0.48081042374922023,0,0.0,0.9670797659570682,13,501.0
2035.0,14,521.0,11.085106382978724,6.153607530368863,0,3.0,0.02272457613755889,12,460.0,0.2179193130464288,2,106.0,0.4795780197074371,0,0.0,0.9761495049416107,14,569.0
2040.0,15,595.0,12.395833333333334,6.475984261654385,1,7.0,1.132627083234791e-05,12,520.0,0.26837033613367145,2,116.0,0.6314203041907704,0,0.0,0.9605098882135886,15,643.0
2045.0,13,547.0,11.16326530612245,6.1842957561797025,1,12.0,0.0,12,580.0,0.24443455539758427,0,26.0,0.4882528655619905,0,0.0,0.9523513708478879,13,618.0
2050.0,16,613.0,12.510204081632653,6.415325195146341,0,0.0,1.0,13,677.0,0.26119185500204845,3,14.0,0.4402801189480983,0,0.0,0.9780461216783871,16,691.0
2055.0,17,695.0,13.627450980392156,6.2044847756498065,0,0.0,1.0,13,742.0,0.23950117559448292,4,31.0,0.40424393185786833,0,0.0,0.9606390458341372,17,773.0
2060.0,20,786.0,14.830188679245284,5.71671525299149,0,0.0,1.0,13,771.0,0.22061251346601987,6,56.0,0.3282541868731725,0,0.0,0.963062813480483,19,827.0
2065.0,22,890.0,16.48148148148148,4.998540818243016,0,0.0,0.9632583026703766,15,840.0,0.06250020667882855,7,89.0,0.1943861919081268,0,0.0,0.9363981724406303,22,929.0
2070.0,18,912.0,16.581818181818182,5.244683219875863,0,0.0,1.0,15,915.0,0.05788540283852674,3,49.0,0.15591946375856353,0,0.0,0.973278545733608,18,964.0
2075.0,20,1012.0,18.4,5.863041148978575,0,6.0,0.5963108927364447,16,995.0,0.05549158307521848,4,53.0,0.3202991110978029,0,0.0,0.984810986187247,20,1054.0
2080.0,16,709.0,12.43859649122807,6.371626879620672,0,0.0,0.799456611477515,12,836.0,0.2157133744745381,4,73.0,0.3231679971417384,0,0.0,0.981935829823211,16,909.0
2085.0,7,131.0,2.3392857142857144,7.371547339009394,0,0.0,1.0,3,507.0,0.3592831077219329,4,93.0,0.33301520664829504,0,0.0,0.9583982056267464,7,600.0
2090.0,5,114.0,2.0727272727272728,8.186281637443589,0,0.0,1.0,0,217.0,0.6338742093606243,5,114.0,0.2528982310016095,0,0.0,0.9715967774386465,5,331.0
2095.0,6,143.0,2.6481481481481484,8.836207949487543,0,0.0,1.0,1,11.0,0.8005712670799088,5,139.0,0.27827612339353724,0,0.0,0.979991907391301,6,150.0
2100.0,6,173.0,3.326923076923077,8.277507088399373,0,0.0,1.0,1,14.0,0.808182032167507,5,164.0,0.24626249576544668,0,0.0,0.9600382458966902,6,178.0
2105.0,8,212.0,4.326530612244898,7.746294441345337,0,0.0,1.0,1,19.0,0.6906675916333963,7,198.0,0.2809260076666339,0,0.0,0.9283810628776046,8,217.0
2110.0,11,261.0,5.117647058823529,6.681092213786481,0,0.0,1.0,4,33.0,0.06338469429640219,7,233.0,0.34664238284884713,0,0.0,0.9991454255532535,11,266.0
2115.0,11,316.0,6.723404255319149,6.0229957114274475,0,0.0,1.0,4,53.0,0.21657607907024493,7,268.0,0.3394464064316274,0,0.0,0.6691066626823625,11,321.0
2120.0,14,382.0,8.304347826086957,6.2115239092277585,0,0.0,1.0,5,75.0,0.23408739364163914,8,307.0,0.2822530635157439,1,5.0,0.6477750328490507,14,387.0
2125.0,17,456.0,9.306122448979592,5.584007572140406,0,0.0,1.0,7,103.0,0.15410571070215384,9,348.0,0.25682971342916217,1,10.0,0.7121848305604936,17,461.0
2130.0,16,524.0,10.48,5.568608225898459,0,0.0,1.0,6,133.0,0.2128526688212174,10,396.0,0.15493997261735265,0,0.0,0.9577041537431589,16,529.0
2135.0,17,608.0,11.92156862745098,5.646820192082775,0,0.0,1.0,6,163.0,0.22943816123081254,11,453.0,0.22676730784955584,0,0.0,0.9177664591261829,17,616.0
2140.0,16,535.0,10.288461538461538,5.824206217115204,0,0.0,1.0,2,42.0,0.41391396169670536,14,517.0,0.06419438102072986,0,0.0,0.9717438985033231,16,559.0
2145.0,16,615.0,11.181818181818182,5.967390254100891,0,0.0,1.0,2,31.0,0.2984918684760132,14,587.0,0.12635030600277164,0,0.0,0.9384944297275204,16,618.0
2150.0,12,451.0,8.053571428571429,6.115593086269276,0,0.0,1.0,3,46.0,0.19087660249135305,9,455.0,0.21286983204058615,0,0.0,0.9729979244555664,12,501.0
2155.0,11,479.0,9.037735849056604,6.800202216259491,0,3.0,0.5252696072335385,4,72.0,0.3974990773808411,7,434.0,0.3369062448996058,0,0.0,0.9998820196608195,11,509.0
2160.0,8,453.0,8.547169811320755,7.704015842392195,0,0.0,1.0,0,29.0,0.7035898949154057,8,459.0,0.3240047688264334,0,0.0,0.9249310458142785,8,488.0
2165.0,9,494.0,8.981818181818182,7.769188990227951,0,0.0,1.0,1,7.0,0.8132065528178835,8,499.0,0.3235362721262109,0,0.0,0.9890542382660561,9,506.0
2170.0,10,544.0,10.074074074074074,7.466063817141765,0,0.0,1.0,1,12.0,0.8152532668347034,8,542.0,0.3823852613919422,0,0.0,0.9826171800699475,9,554.0
2175.0,10,366.0,7.038461538461538,6.712124881066275,0,0.0,1.0,1,17.0,0.8194579949320778,7,467.0,0.2129099423677637,0,0.0,0.990800289538175,8,484.0
2180.0,7,71.0,1.3396226415094339,7.163523949553074,0,0.0,1.0,0,6.0,0.9545313355266426,6,273.0,0.1482939987155721,0,0.0,0.9620913429836147,6,279.0
2185.0,6,99.0,2.106382978723404,7.263309393798033,0,0.0,1.0,0,0.0,0.7844425754704301,6,149.0,0.27184484741814485,0,0.0,0.9533936947206918,6,149.0
2190.0,9,140.0,2.9166666666666665,7.727120396415601,0,0.0,1.0,1,5.0,0.7202107955330651,8,150.0,0.31837235931923025,0,0.0,0.98784321607712,9,155.0
2195.0,4,97.0,2.0208333333333335,7.301587363362262,0,0.0,1.0,1,10.0,0.6891369275556222,3,94.0,0.3342956324352959,0,0.0,0.9538123388093037,4,104.0
2200.0,5,121.0,2.372549019607843,8.22719800634386,0,9.0,0.5351778101594805,1,18.0,0.7038085118186319,4,106.0,0.5731228151732288,0,0.0,0.9685297460329972,5,133.0
2205.0,5,146.0,3.0416666666666665,8.099193404062584,0,0.0,0.7592952059810946,1,26.0,0.7973457088092798,4,126.0,0.43706163711143103,0,0.0,0.9317770194298818,5,152.0
2210.0,7,181.0,4.022222222222222,8.001691499252189,0,0.0,1.0,1,31.0,0.8211256148857755,6,156.0,0.3849542374865432,0,0.0,0.9475759725430665,7,187.0
2215.0,8,218.0,4.844444444444444,7.753726339388537,0,0.0,0.9753405191988295,1,36.0,0.8387452518567162,7,188.0,0.12401886226689401,0,0.0,0.9403852487673686,8,224.0
2220.0,8,258.0,5.608695652173913,7.9205770492877905,0,0.0,1.0,1,41.0,0.8011036461045439,7,223.0,0.12145995778041109,0,0.0,0.9697081763852449,8,264.0
2225.0,8,298.0,6.340425531914893,7.864217702185351,0,0.0,1.0,1,43.0,0.7756369594996123,7,258.0,0.12212106220753983,0,0.0,0.9432265198288082,8,301.0
2230.0,9,339.0,7.883720930232558,7.369741247117074,0,0.0,1.0,2,49.0,0.638225184619248,7,293.0,0.21232423945537954,0,0.0,0.9784580951170421,9,342.0
2235.0,8,220.0,4.782608695652174,7.6888181910303715,0,0.0,1.0,2,56.0,0.64450397950065,5,242.0,0.155910920386187,0,0.0,0.9555448189677811,7,298.0
2240.0,7,200.0,4.3478260869565215,7.915229954363485,0,0.0,1.0,2,66.0,0.5687097878578153,3,149.0,0.4266387619847845,0,0.0,0.9601398112132614,5,215.0
2245.0,7,219.0,5.214285714285714,7.83112186549423,0,0.0,1.0,2,76.0,0.6007918955569299,5,143.0,0.41347807841628514,0,0.0,0.9722279157875502,7,219.0
2250.0,8,255.0,5.930232558139535,7.229272107540609,0,0.0,1.0,2,86.0,0.6301146385405897,6,169.0,0.33771284117329203,0,0.0,0.9876020772186267,8,255.0
2255.0,9,287.0,6.377777777777778,6.353231451982956,0,0.0,1.0,2,96.0,0.4025024213229059,6,193.0,0.2692215001953535,0,0.0,0.9717343737108255,8,289.0
2260.0,9,230.0,5.111111111111111,6.13281769387944,0,0.0,0.936416462529074,0,6.0,0.6705064128384849,7,220.0,0.2343378207775591,0,0.0,0.958554480010517,7,226.0
2265.0,10,280.0,6.363636363636363,6.973552981052009,0,0.0,0.9811902063095769,0,3.0,0.8631635880495713,7,254.0,0.11754080686673156,0,0.0,0.9792801613714675,7,257.0
2270.0,10,330.0,7.333333333333333,7.1506669768132,0,0.0,1.0,0,3.0,0.7082419399595579,7,289.0,0.29003782051149535,0,0.0,0.9462629349232329,7,292.0
2275.0,12,368.0,8.0,5.9758250413020635,0,0.0,1.0,1,6.0,0.7735240249487407,7,306.0,0.21610514806582204,0,0.0,0.9660883596650439,8,312.0
2280.0,10,376.0,8.0,6.000232548857958,0,0.0,1.0,0,3.0,0.7731849444511056,7,341.0,0.12001343226363821,0,0.0,0.9439444787709127,7,344.0
2285.0,11,422.0,9.173913043478262,5.816217891438214,0,0.0,1.0,1,8.0,0.7670842339684694,8,380.0,0.0991690088632399,0,0.0,0.9854263839497157,9,388.0
2290.0,14,487.0,9.74,5.868144899179259,0,0.0,1.0,1,10.0,0.7081486042395989,8,423.0,0.18229326149536554,0,0.0,0.9165906455115238,9,433.0
2295.0,14,507.0,10.5625,5.459032985557788,0,0.0,1.0,1,15.0,0.34148922144893046,8,463.0,0.2560394369185683,0,0.0,0.9954405993020774,9,478.0
2300.0,9,316.0,7.022222222222222,5.924647719279441,0,0.0,1.0,2,24.0,0.32045887999637107,7,398.0,0.28592311719922553,0,0.0,0.9909062589192933,9,422.0
2305.0,5,97.0,2.0638297872340425,7.214023315697485,0,3.0,0.9880964114176364,2,34.0,0.5880321260217695,3,221.0,0.36160607982485754,0,0.0,0.9814797567958116,5,258.0
2310.0,8,129.0,2.74468085106383,7.359289426550233,1,4.0,0.0068222806124646,2,44.0,0.5962409739157509,5,133.0,0.3472451786463792,0,0.0,0.9532585733067712,8,181.0
2315.0,9,171.0,3.6382978723404253,6.8897159500042315,1,9.0,0.3799510853897372,3,56.0,0.37264800203132803,5,121.0,0.2406808056106338,0,0.0,0.9827003971966783,9,186.0
2320.0,14,233.0,5.177777777777778,5.399149468717677,2,17.0,0.019238067397498594,3,71.0,0.39189392622121727,5,137.0,0.22044361233765558,0,0.0,0.9570739747255828,10,225.0
2325.0,9,200.0,4.166666666666667,6.431465894283147,0,3.0,0.12783021232283986,1,40.0,0.5900818533468842,7,167.0,0.2901281309691581,0,0.0,0.9700932140803407,8,210.0
2330.0,10,237.0,4.9375,6.328665554179295,0,0.0,1.0,2,36.0,0.45796563963903797,8,204.0,0.10680627273598824,0,0.0,0.9258500278465371,10,240.0
2335.0,10,287.0,6.239130434782608,6.295861634479167,0,0.0,1.0,2,46.0,0.46686859605481246,8,244.0,0.16811997452415003,0,0.0,0.9379703374804456,10,290.0
2340.0,12,341.0,7.930232558139535,6.578407403235204,0,0.0,1.0,2,56.0,0.32379321798915767,9,287.0,0.23987957692472048,0,0.0,0.9145284728834042,11,343.0
2345.0,11,384.0,8.727272727272727,6.139021793497114,0,0.0,1.0,1,49.0,0.3979748274137565,9,332.0,0.1955684465359442,0,0.0,0.9472025234138327,10,381.0
2350.0,13,443.0,9.844444444444445,6.355113669040521,0,0.0,1.0,1,59.0,0.6242969013772094,11,381.0,0.09975536317028427,0,0.0,0.9225083410473875,12,440.0
2355.0,15,510.0,12.142857142857142,5.888602838912734,0,0.0,1.0,2,68.0,0.6108951643890187,11,439.0,0.18740437192625783,0,0.0,0.9801117446603356,13,507.0
2360.0,15,561.0,12.195652173913043,7.02156772063253,0,0.0,1.0,2,75.0,0.723221827440428,13,497.0,0.12189077754066033,0,0.0,0.9445792426804129,15,572.0
2365.0,7,178.0,3.9555555555555557,6.318664594379049,0,0.0,1.0,3,86.0,0.5778371697456014,4,193.0,0.2742097260559277,0,0.0,0.9508322188491094,7,279.0
2370.0,13,218.0,4.739130434782608,6.308855702632396,0,6.0,0.8151757767205001,6,113.0,0.31886036675005913,4,159.0,0.4192009362249265,1,3.0,0.48707723723517077,11,281.0
2375.0,13,283.0,5.895833333333333,7.01046172039397,0,0.0,0.8049548399800794,6,146.0,0.4609189563051754,4,129.0,0.4808756034390794,1,8.0,0.49946735825401006,11,283.0
2380.0,12,333.0,6.66,7.269312063737858,0,0.0,1.0,6,178.0,0.5195915371613269,4,149.0,0.40960951895508446,1,13.0,0.2465637990556828,11,340.0
2385.0,9,247.0,5.040816326530612,7.5526045064488425,0,0.0,1.0,6,208.0,0.5076327739247084,3,95.0,0.2978337773229602,0,0.0,0.6375386144735913,9,303.0
2390.0,8,248.0,5.166666666666667,7.847510761056995,0,0.0,1.0,6,234.0,0.5028755806121432,2,38.0,0.4732248853377363,0,0.0,0.9045246116810777,8,272.0
2395.0,11,296.0,5.803921568627451,7.620187163537074,0,0.0,1.0,7,264.0,0.48065097430911125,4,49.0,0.2701069451051046,0,0.0,0.9803169759643003,11,313.0
2400.0,14,361.0,7.078431372549019,7.161967808372945,0,0.0,1.0,7,293.0,0.3969554156407081,7,79.0,0.09189504677088307,0,0.0,0.9694594999271398,14,372.0
2405.0,15,432.0,8.816326530612244,6.216508398061955,0,0.0,1.0,7,328.0,0.38974323111564774,7,114.0,0.10138255897373216,0,0.0,0.9661635946673385,14,442.0
2410.0,14,443.0,9.425531914893616,5.50522662001488,0,0.0,1.0,8,366.0,0.23181010932906676,3,71.0,0.17868421022359526,0,0.0,0.9285989279148412,11,437.0
2415.0,17,524.0,10.693877551020408,5.637908321192428,0,6.0,0.6160107625235889,10,415.0,0.2363633539990903,3,82.0,0.2517545820537248,0,0.0,0.9391239195466937,13,503.0
2420.0,18,610.0,12.448979591836734,5.546676283204545,1,7.0,0.12209143255451028,10,465.0,0.2670737629940997,3,97.0,0.3865130645970388,0,0.0,0.959541253811885,14,569.0
2425.0,17,694.0,14.458333333333334,5.813888765655478,0,0.0,0.06503160652327353,10,512.0,0.2761920595129836,3,112.0,0.3870375033917532,0,0.0,0.9651906001469411,13,624.0
2430.0,11,442.0,9.404255319148936,5.440317618212668,0,0.0,1.0,6,432.0,0.41779625749192645,1,65.0,0.3643084620548777,0,0.0,0.9785383445150869,7,497.0
2435.0,6,267.0,5.680851063829787,7.040272667735173,0,3.0,0.9074008432020656,3,271.0,0.5620056888302248,1,4.0,0.4978992646396772,0,0.0,0.931690980198454,4,278.0
2440.0,7,302.0,6.425531914893617,7.514901200904106,0,0.0,0.9896668065553864,4,261.0,0.4916697887241772,1,12.0,0.5533579319376991,0,0.0,0.944591828684822,5,273.0
2445.0,10,346.0,7.521739130434782,6.862660251912174,0,0.0,1.0,6,287.0,0.2928203510087855,2,20.0,0.5789897406485383,0,0.0,0.9333863999962284,8,307.0
2450.0,7,134.0,2.7346938775510203,6.474336721337185,0,0.0,1.0,4,162.0,0.33982874932320134,0,3.0,0.8070541317696723,0,0.0,0.9619421158536063,4,165.0
2455.0,3,46.0,1.0,6.694133735084832,0,6.0,0.6007535421839849,3,52.0,0.26646355349240614,0,6.0,0.8974288443979261,0,0.0,0.9925387412943579,3,64.0
2460.0,8,74.0,1.608695652173913,7.156419813418609,0,0.0,1.0,5,74.0,0.3256116272357734,0,6.0,0.9642448681980208,0,0.0,0.93826044692158,5,80.0
2465.0,8,110.0,2.391304347826087,6.77784463994859,0,0.0,1.0,6,104.0,0.3090623876893243,0,6.0,0.7885727027103048,0,0.0,0.9572645466251386,6,110.0
2470.0,3,18.0,0.391304347826087,6.557298756659779,0,0.0,1.0,0,14.0,0.5546247552876531,1,8.0,0.7086938982837774,0,0.0,0.951368535292674,1,22.0
2475.0,1,10.0,0.2127659574468085,6.874393399359506,0,0.0,1.0,0,0.0,0.8238309673773356,1,13.0,0.7274005165966079,0,0.0,0.49074276700046776,1,13.0
2480.0,2,20.0,0.425531914893617,8.344900698612589,0,0.0,1.0,0,0.0,0.9366438256524574,1,24.0,0.8054238722387614,1,5.0,0.48669059166726814,2,29.0
2485.0,3,32.0,0.6666666666666666,8.031876492254568,0,0.0,1.0,0,0.0,0.950599969775252,2,31.0,0.6548690016089715,1,10.0,0.6075539273390013,3,41.0
2490.0,2,32.0,0.6666666666666666,8.297535927209,0,0.0,1.0,0,50.0,0.782700409250663,2,43.0,0.6467978152675005,0,0.0,0.9318456209700653,2,93.0
2495.0,3,45.0,0.9375,8.54349355131805,0,0.0,0.9636015563267182,1,53.0,0.6946834965016906,2,60.0,0.6323180781750345,0,0.0,0.9895020861456235,3,113.0
2500.0,8,71.0,1.4791666666666667,7.509071347089278,0,0.0,1.0,3,37.0,0.4689320521580731,4,73.0,0.48137038628890083,0,0.0,0.941253773955191,7,110.0
2505.0,9,110.0,2.2916666666666665,7.252799796060164,0,0.0,0.6937513222526552,5,57.0,0.311466062946793,4,93.0,0.47484831263020433,0,0.0,0.9522645386818626,9,150.0
2510.0,9,100.0,2.0833333333333335,6.929629359741585,1,3.0,0.3963324206507432,5,82.0,0.36074238251818225,3,62.0,0.30699417808119034,0,0.0,0.9660619205393062,9,147.0
2515.0,10,135.0,2.7,7.102479134448029,2,14.0,0.27693887029909947,5,107.0,0.44913821985167146,3,41.0,0.3725411187228611,0,0.0,0.991029607987114,10,162.0
2520.0,11,174.0,3.48,6.949668445667937,3,25.0,0.001969485390092917,4,116.0,0.5695161308091083,3,56.0,0.18710093561002888,0,0.0,0.9793253078988893,10,197.0
2525.0,9,190.0,3.8,6.999237419661776,0,8.0,0.052403370720348126,4,136.0,0.5582664624907984,5,69.0,0.0006131769320354287,0,0.0,0.9586751168619531,9,213.0
2530.0,9,199.0,4.061224489795919,6.560934030682048,0,0.0,1.0,5,159.0,0.37470593033186744,2,60.0,0.4719846472950631,0,0.0,0.9402799799107188,7,219.0
2535.0,12,252.0,4.9411764705882355,6.6013802377332675,0,3.0,0.5534697395346238,6,188.0,0.4413083634271016,2,70.0,0.4971621754997023,0,0.0,0.9407684048468063,8,261.0
2540.0,11,295.0,5.673076923076923,7.059490705534871,0,0.0,1.0,5,208.0,0.48709619193658654,2,80.0,0.48056651775239784,0,0.0,0.9500415584068964,7,288.0
2545.0,11,335.0,6.568627450980392,7.147948939091498,0,0.0,1.0,5,233.0,0.41951092367705894,2,93.0,0.5803297935130272,0,0.0,0.4909108340851773,7,326.0
2550.0,11,341.0,6.82,7.429805957094876,0,0.0,1.0,8,268.0,0.25974996910594944,2,103.0,0.5783138496691913,1,4.0,0.5293076050618924,11,375.0
2555.0,10,387.0,8.41304347826087,7.153335764663953,0,0.0,1.0,8,308.0,0.2617601022388824,2,113.0,0.3556189401501287,0,0.0,0.9417994423732233,10,421.0
2560.0,12,430.0,8.775510204081632,6.523375238288414,0,0.0,1.0,7,330.0,0.13304633857999,4,133.0,0.3506168704464356,0,0.0,0.9629588851660995,11,463.0
2565.0,13,486.0,10.340425531914894,6.4298992413430005,0,0.0,1.0,7,365.0,0.13972154102092393,6,155.0,0.21405862293017544,0,0.0,0.9315673928372123,13,520.0
2570.0,13,551.0,12.244444444444444,5.842536126064512,0,0.0,1.0,7,400.0,0.20566511936635454,6,188.0,0.22892822921801528,0,0.0,0.9522688111449,13,588.0
2575.0,9,557.0,11.36734693877551,6.115712895107522,0,0.0,1.0,7,435.0,0.3336466320467186,2,157.0,0.3393092506553573,0,0.0,0.9935684617359501,9,592.0
2580.0,9,602.0,11.803921568627452,6.607781894785266,0,0.0,1.0,7,473.0,0.3051346315103148,2,160.0,0.48919228440458457,0,0.0,0.9631670036465032,9,633.0
2585.0,9,647.0,13.204081632653061,6.8801020850868255,0,0.0,1.0,7,511.0,0.23658131203881672,2,170.0,0.4795102056559255,0,0.0,0.6606982424189918,9,681.0
2590.0,11,699.0,13.705882352941176,6.818759023083325,0,0.0,1.0,8,549.0,0.2658174448279744,2,180.0,0.5890519433594246,1,4.0,0.6856508730725883,11,733.0
2595.0,13,758.0,14.576923076923077,6.649927707173344,0,0.0,0.7457337514262389,8,589.0,0.3242913439871261,2,190.0,0.4886682492029445,1,9.0,0.7618509904093048,11,788.0
2600.0,13,801.0,15.705882352941176,6.409312582742514,1,3.0,0.00014356803330133858,8,656.0,0.2885593615718176,2,200.0,0.567448912593322,0,0.0,0.9337886542797276,11,859.0
2605.0,12,855.0,17.1,6.431220267450126,1,8.0,0.0,8,696.0,0.3468893047917541,3,215.0,0.423201999971565,0,0.0,0.9709497012750379,12,919.0
2610.0,14,909.0,18.551020408163264,5.949835158723185,0,0.0,1.0,9,733.0,0.17531193889525143,5,234.0,0.32034782442668247,0,0.0,0.9809624681107054,14,967.0
2615.0,17,987.0,19.74,5.21101693644846,0,0.0,1.0,9,778.0,0.17138107778266526,6,264.0,0.14183606449857442,0,0.0,0.9585812791434665,15,1042.0
2620.0,17,1069.0,20.557692307692307,5.873466010608393,0,0.0,1.0,9,823.0,0.1752801789889296,8,304.0,0.24505607031942553,0,0.0,0.9315975979742184,17,1127.0
2625.0,8,562.0,10.60377358490566,6.308119380855907,0,0.0,1.0,5,580.0,0.2703772017704067,3,271.0,0.32441989258045595,0,0.0,0.9422023608299773,8,851.0
2630.0,2,257.0,4.589285714285714,7.750006388330048,0,0.0,1.0,0,169.0,0.6202016169419875,2,271.0,0.5369879052118699,0,0.0,0.9965932269708362,2,440.0
2635.0,5,273.0,5.25,7.866965392263607,1,7.0,0.0743714547633474,1,7.0,0.7447597873401676,3,272.0,0.3869170926123818,0,0.0,0.9437199050241385,5,286.0
2640.0,7,303.0,5.826923076923077,8.575006020949639,2,17.0,0.0,1,12.0,0.8518283039765175,4,287.0,0.38183646507726265,0,0.0,0.9904798683498718,7,316.0
2645.0,4,46.0,0.92,8.176348817256327,2,27.0,0.1562435259884882,1,20.0,0.8429343411640162,1,139.0,0.5944572103745428,0,0.0,0.9869717119267603,4,186.0
2650.0,2,35.0,0.7446808510638298,8.385076724148718,0,0.0,0.06687630244648553,1,25.0,0.8399503165241772,1,20.0,0.6345384761437456,0,0.0,0.9850722443709381,2,45.0
2655.0,2,25.0,0.5319148936170213,8.571871570828867,0,0.0,1.0,0,9.0,0.9673423056670466,2,29.0,0.6714396297307239,0,0.0,0.9870370011441578,2,38.0
2660.0,3,38.0,0.8260869565217391,8.957177805926788,0,0.0,1.0,0,9.0,0.9127780033568499,3,42.0,0.587058387001214,0,0.0,0.941657923505905,3,51.0
2665.0,1,31.0,0.6458333333333334,9.328139447203519,0,0.0,1.0,0,0.0,0.9812644892905896,1,38.0,0.7528261116923848,0,0.0,0.9772305151587375,1,38.0
2670.0,1,36.0,0.75,9.275182201386775,0,3.0,0.6423592433787522,0,3.0,0.49986289110842314,1,43.0,0.8231438453657857,0,0.0,0.9631646328695962,1,49.0
2675.0,2,42.0,0.8571428571428571,7.689321761782856,0,3.0,0.022064877648239563,0,3.0,0.9521095453544475,1,48.0,0.5577754260471762,0,0.0,0.9361935432233774,1,54.0
2680.0,8,75.0,1.530612244897959,7.680422596823668,1,8.0,2.6832902160890646e-05,0,3.0,0.962309414562961,3,62.0,0.5875299100191009,0,0.0,0.9931149063203387,4,73.0
2685.0,8,115.0,2.4468085106382977,7.88045679101783,1,13.0,0.0,0,3.0,0.836770564200015,3,76.0,0.6009427242184961,0,0.0,0.989724013266694,4,92.0
2690.0,8,145.0,3.2222222222222223,7.7632427696044335,0,0.0,0.9342671590692196,1,8.0,0.8105594999615433,3,91.0,0.540989207794808,0,0.0,0.9442916360564726,4,99.0
2695.0,9,187.0,4.25,6.680565038393407,0,0.0,0.942689225162524,1,13.0,0.7420035693906504,3,106.0,0.5300215106084595,0,0.0,0.9333456916549976,4,119.0
2700.0,10,212.0,4.608695652173913,6.00280140796075,0,0.0,1.0,1,18.0,0.35757891569247024,3,97.0,0.40645142886520824,0,0.0,0.9974919565883271,4,115.0
2705.0,14,274.0,5.829787234042553,6.350906346577454,0,0.0,1.0,5,37.0,0.25568486294653303,3,111.0,0.5461406311715471,0,0.0,0.9775538769302159,8,148.0
2710.0,11,228.0,4.851063829787234,6.543965873117532,0,0.0,1.0,5,62.0,0.24902395443701048,3,124.0,0.4616941818536538,0,0.0,0.9554180922769953,8,186.0
2715.0,8,200.0,4.25531914893617,6.56383111919962,0,0.0,1.0,1,15.0,0.4827892122099491,3,139.0,0.38602137142802384,0,0.0,0.9963175080002199,4,154.0
2720.0,7,221.0,4.604166666666667,6.90671881881962,0,0.0,1.0,1,20.0,0.6189018655194785,2,134.0,0.3662190298382007,0,0.0,0.9572380673225833,3,154.0
2725.0,10,263.0,5.844444444444444,6.534269457242624,0,0.0,0.889046002201713,1,25.0,0.4807333202693426,2,150.0,0.446350806715314,0,0.0,0.9380560431297401,3,175.0
2730.0,8,300.0,6.818181818181818,6.986298483549941,0,0.0,1.0,1,35.0,0.7604634498376176,2,160.0,0.6452640483458226,0,0.0,0.9865658814569733,3,195.0
2735.0,9,341.0,7.5777777777777775,7.189105235803662,0,0.0,1.0,1,40.0,0.8192338633350307,3,171.0,0.4913140196655956,0,0.0,0.9895490371410608,4,211.0
2740.0,7,262.0,5.458333333333333,7.020642258822022,0,0.0,1.0,1,45.0,0.7466381474861251,3,183.0,0.4806179521313834,0,0.0,0.7825646146492244,4,228.0
2745.0,8,244.0,5.083333333333333,6.188868140993125,0,0.0,1.0,2,53.0,0.5403372569673889,3,198.0,0.4495127795313163,1,2.0,0.48404239806310495,6,253.0
2750.0,10,281.0,5.854166666666667,5.938287094757304,0,0.0,1.0,3,68.0,0.5576222598868744,4,212.0,0.351877980081234,1,7.0,0.4958227888596636,8,287.0
2755.0,10,317.0,6.34,5.493751870477284,0,0.0,1.0,3,83.0,0.5970512209650807,5,234.0,0.25120706519757496,0,0.0,0.9214287869335391,8,317.0
2760.0,6,117.0,2.2941176470588234,5.925711350318006,0,0.0,1.0,2,66.0,0.3758864671637667,3,131.0,0.391564896435572,0,0.0,0.9593219981082977,5,197.0
2765.0,8,107.0,2.0980392156862746,6.2881452757089145,0,0.0,1.0,3,82.0,0.45393045431400497,4,36.0,0.30420094652649904,0,0.0,0.9826263967043158,7,118.0
2770.0,9,148.0,2.8461538461538463,7.11866198464203,0,0.0,0.9682163850207887,3,97.0,0.4688331591445465,6,63.0,0.2960880272544484,0,0.0,0.968438321180057,9,160.0
2775.0,9,193.0,3.784313725490196,7.409727298173287,0,0.0,1.0,3,112.0,0.39913991744122124,6,93.0,0.38529009539089903,0,0.0,0.9640328235842976,9,205.0
2780.0,2,92.0,1.7692307692307692,7.031946200011982,0,0.0,1.0,1,90.0,0.7289087944003733,1,29.0,0.37088641043544807,0,0.0,0.9676966970119006,2,119.0
2785.0,4,107.0,2.0980392156862746,7.354183595452494,0,3.0,0.46630998775268834,1,101.0,0.7037001008546361,3,22.0,0.22543887441065028,0,0.0,0.9550708889378854,4,126.0
2790.0,7,134.0,2.627450980392157,7.3097567577840294,1,11.0,0.19618083072118134,1,99.0,0.7073574429936037,3,40.0,0.1951992360056227,0,0.0,0.9305851362251811,5,150.0
2795.0,8,170.0,3.1481481481481484,7.80519808080843,3,25.0,0.014321634632862235,2,105.0,0.7220804023765142,3,55.0,0.38606710897884305,0,0.0,0.9397815153672593,8,185.0
2800.0,5,169.0,3.188679245283019,7.6938536043569865,0,1.0,0.03948817918716353,1,106.0,0.7112369744603978,3,72.0,0.6127355543258882,0,0.0,0.9410609794924306,4,179.0
2805.0,4,187.0,3.462962962962963,8.862724634991324,0,0.0,0.2329310754391964,1,111.0,0.838096597102403,3,85.0,0.5382873590265203,0,0.0,0.9512701728540953,4,196.0
2810.0,6,211.0,3.7017543859649122,8.523916990312413,0,0.0,1.0,1,116.0,0.7052974547592901,4,101.0,0.4807549813460411,1,3.0,0.6392325357916376,6,220.0
2815.0,9,248.0,4.509090909090909,7.339650488627841,0,0.0,1.0,3,127.0,0.4631534457793845,5,122.0,0.2759716403376566,1,8.0,0.47335290721459167,9,257.0
2820.0,9,285.0,5.377358490566038,7.345947728830131,0,0.0,1.0,4,147.0,0.38458133386385357,5,147.0,0.1815201143148062,0,0.0,0.9748167710019072,9,294.0
2825.0,6,287.0,5.314814814814815,7.480041638992124,0,0.0,1.0,1,126.0,0.6302076918266183,5,163.0,0.2597332801791666,0,0.0,0.9595200065553445,6,289.0
2830.0,7,319.0,5.8,7.685003306571319,0,3.0,0.5451205729451851,1,133.0,0.8113279189334057,6,189.0,0.24544141725268676,0,0.0,0.9800514899144375,7,325.0
2835.0,7,354.0,6.8076923076923075,7.799039515055973,0,6.0,0.02340055528756666,1,138.0,0.7554451965017449,6,222.0,0.47549816572627224,0,0.0,0.9567879594545201,7,366.0
2840.0,7,389.0,7.627450980392157,7.452190687127159,0,0.0,1.0,1,143.0,0.7710378471071809,6,252.0,0.35273407955236624,0,0.0,0.8987862984063066,7,395.0
2845.0,6,266.0,5.215686274509804,7.573084254631516,0,0.0,1.0,0,3.0,0.9758211346023374,6,269.0,0.24368286737476874,0,0.0,0.9495562716391716,6,272.0
2850.0,8,300.0,6.0,7.789258987458608,0,0.0,1.0,1,4.0,0.7750203320807963,7,305.0,0.3145086920308677,0,0.0,0.9145773489596626,8,309.0
2855.0,9,344.0,7.478260869565218,7.340894843287337,0,0.0,1.0,1,9.0,0.7062369671642051,8,344.0,0.2945272531312332,0,0.0,0.9139963502753959,9,353.0
2860.0,11,395.0,8.977272727272727,6.130220581195605,0,0.0,1.0,2,17.0,0.38177930682061506,9,387.0,0.08745152215467417,0,0.0,0.9347690196753278,11,404.0
2865.0,8,250.0,5.319148936170213,6.605594593897141,0,0.0,1.0,0,0.0,0.7813647191570832,8,339.0,0.17631024544798993,0,0.0,0.9292461040256456,8,339.0
2870.0,5,44.0,1.0476190476190477,7.008640699045843,0,0.0,1.0,0,0.0,0.9965570646272125,4,201.0,0.18242013000847213,0,0.0,0.8614044789431765,4,201.0
2875.0,4,63.0,1.4318181818181819,7.7849759290000184,0,0.0,0.9458516235537068,0,0.0,0.9854408557238862,4,121.0,0.40051891575085585,0,0.0,0.9911777771185653,4,121.0
2880.0,8,99.0,2.25,7.305175766907836,0,0.0,1.0,0,0.0,0.9934832026515029,6,101.0,0.3068269012632857,0,0.0,0.9954808748273375,6,101.0
2885.0,11,147.0,3.1956521739130435,6.60402857682824,0,0.0,1.0,0,0.0,0.9644568405637076,7,135.0,0.2882693193654593,0,0.0,0.5975197613142353,7,135.0
2890.0,13,208.0,4.622222222222222,5.6410847929763825,0,0.0,1.0,0,0.0,0.9167505583981064,7,170.0,0.2848787381999211,1,5.0,0.6599839494357927,8,175.0
2895.0,11,248.0,5.511111111111111,5.8828636537918255,0,0.0,1.0,0,33.0,0.7731454466238045,7,205.0,0.28797138669117406,1,10.0,0.6487466775498391,8,248.0
2900.0,12,306.0,6.375,5.717078238116883,0,0.0,1.0,0,33.0,0.9740483314734597,7,237.0,0.24511095380426187,1,15.0,0.7298730448180992,8,285.0
2905.0,10,289.0,5.8979591836734695,5.201714693408852,0,0.0,1.0,0,0.0,0.6754812839770583,8,274.0,0.0781625867118058,1,20.0,0.4577954670116628,9,294.0
2910.0,11,314.0,6.541666666666667,5.237034960615311,0,0.0,1.0,1,4.0,0.4678237223148525,9,315.0,0.08914631645288514,0,0.0,0.7661269176064707,10,319.0
2915.0,4,52.0,1.1304347826086956,5.190272324851092,0,0.0,1.0,1,9.0,0.49541270364426737,1,131.0,0.2651961507110756,1,2.0,0.4853339905107993,3,142.0
2920.0,2,15.0,0.29411764705882354,7.151077612160086,0,6.0,0.5139637460771397,1,43.0,0.6828250604176023,0,40.0,0.5750109592481024,0,0.0,0.9658496918335864,1,89.0
2925.0,3,21.0,0.40384615384615385,7.952274168697451,2,11.0,0.1682709020358294,1,48.0,0.7531404914410508,0,0.0,0.9534878939900958,0,0.0,0.9940753534232475,3,59.0
2930.0,5,44.0,0.8627450980392157,7.433468533360515,3,26.0,0.03364326127910294,2,56.0,0.6047505269204903,0,0.0,0.9644110936977617,0,0.0,0.9838299478981565,5,82.0
2935.0,9,80.0,1.4814814814814814,7.040514673483316,4,42.0,0.004041865381571095,5,76.0,0.49004687857440554,0,4.0,0.9489466405166836,0,0.0,0.9530102762608783,9,122.0
2940.0,17,153.0,2.9423076923076925,5.989474477348835,5,65.0,0.0013004773272144666,7,104.0,0.4441844509142123,0,5.0,0.7312089266814986,0,0.0,0.9545955399554453,12,174.0
2945.0,13,136.0,2.4727272727272727,5.309687061779616,0,17.0,0.0940362778991628,4,121.0,0.5900905892733355,2,9.0,0.3166896099053333,0,0.0,0.9726812858485911,6,147.0
2950.0,12,184.0,3.2280701754385963,5.949646086238288,0,7.0,0.20686415995211865,4,133.0,0.4656941227663045,2,19.0,0.005104797114246474,0,0.0,0.7982866664992084,6,159.0
2955.0,14,251.0,4.183333333333334,7.168718415006326,0,0.0,1.0,5,144.0,0.42039922437095506,3,40.0,0.3732060189418479,0,0.0,0.9529505679927305,8,184.0
2960.0,14,321.0,5.17741935483871,7.321315770739172,0,0.0,1.0,5,169.0,0.1563209351368611,3,52.0,0.5321053995250412,0,0.0,0.9608198487179542,8,221.0
2965.0,12,318.0,5.0476190476190474,7.204373301601072,0,0.0,1.0,5,194.0,0.1652907948102693,2,40.0,0.546036011592864,0,0.0,0.9625932732789724,7,234.0
2970.0,7,222.0,3.7,7.4602799136608695,0,0.0,1.0,5,222.0,0.2798637129766078,2,29.0,0.6902493148198776,0,0.0,0.9683544686633515,7,251.0
2975.0,7,257.0,4.3559322033898304,7.540395397051044,0,0.0,1.0,5,247.0,0.2758204184316811,2,39.0,0.6485664617139966,0,0.0,0.9517712494918897,7,286.0
2980.0,10,299.0,5.4363636363636365,6.913297728803161,0,0.0,1.0,5,272.0,0.2728014812021377,5,56.0,0.42992154369347285,0,0.0,0.952949013979836,10,328.0
2985.0,8,280.0,5.490196078431373,6.684242032864388,0,0.0,1.0,5,297.0,0.35357116306279146,1,45.0,0.5291101891457873,0,0.0,0.9505884944416008,6,342.0
2990.0,9,324.0,6.0,7.6381059572045595,0,3.0,0.5100373072076603,5,325.0,0.4891801351464398,2,45.0,0.49540472203410374,0,0.0,0.9706577730436661,7,373.0
2995.0,11,351.0,6.622641509433962,6.824512361420549,1,4.0,0.024010050706667653,6,354.0,0.4084051109868322,2,55.0,0.5178405430455093,1,2.0,0.4881511154100491,10,415.0
3000.0,15,418.0,8.038461538461538,6.510444178246323,2,14.0,0.0,8,390.0,0.3023115231652863,3,91.0,0.37980989306437296,1,7.0,0.4970089617400368,14,502.0
3005.0,15,461.0,8.69811320754717,5.281254495182361,2,24.0,0.047063516598196915,9,429.0,0.2989098667992867,2,57.0,0.02527143639682332,0,0.0,0.9970939392880543,13,510.0
3010.0,15,524.0,9.88679245283019,5.8348934352032575,2,37.0,0.19862722238779898,8,459.0,0.29390085615866235,2,39.0,0.18299060519102847,0,0.0,0.9480573198189404,12,535.0
3015.0,14,560.0,10.37037037037037,6.36143878586487,0,3.0,0.030502387237859876,8,499.0,0.3369139353826026,3,51.0,0.448684430224433,0,0.0,0.9998859753140252,11,553.0
3020.0,12,578.0,10.50909090909091,6.625863681501838,0,0.0,1.0,8,539.0,0.3635579361724356,4,71.0,0.4080041448449413,0,0.0,0.9881851529618698,12,610.0
3025.0,10,603.0,10.39655172413793,7.3243050175874,0,0.0,1.0,8,576.0,0.31150603508580627,1,49.0,0.7170004292602071,0,0.0,0.9667357474927118,9,625.0
3030.0,7,230.0,3.9655172413793105,7.612591306599026,0,3.0,0.564202805119091,6,378.0,0.31225640274588334,1,54.0,0.7343362023668454,0,0.0,0.9506745175867304,7,435.0
3035.0,2,62.0,1.0689655172413792,8.344290659991133,0,0.0,1.0,1,107.0,0.5235725598131971,1,59.0,0.5780824417380342,0,0.0,0.9471749897130094,2,166.0
3040.0,4,82.0,1.5769230769230769,9.281178615734909,0,0.0,1.0,2,48.0,0.7218413005136114,2,69.0,0.3330620371918244,0,0.0,0.9346910964462217,4,117.0
3045.0,2,26.0,0.52,8.554806796081918,0,0.0,0.1813924036517342,2,32.0,0.5442764865925176,0,12.0,0.6790813161156097,0,0.0,0.9420592839510972,2,44.0
3050.0,2,25.0,0.5,8.332341242285983,1,4.0,4.340671798069162e-05,1,27.0,0.7267305671019059,0,3.0,0.5602330560290659,0,0.0,0.9878760993415652,2,34.0
3055.0,4,44.0,0.9777777777777777,8.292727694578671,1,9.0,0.0,1,32.0,0.6533124848294745,2,12.0,0.30179001829589924,0,0.0,0.9540219308648463,4,53.0
3060.0,5,69.0,1.5681818181818181,8.288768471284524,1,14.0,0.0,2,36.0,0.4954746592460758,2,27.0,0.5568795110123045,0,0.0,0.9417247392872546,5,77.0
3065.0,5,76.0,1.6888888888888889,7.729313876518236,0,0.0,1.0,2,46.0,0.4829454160197073,2,37.0,0.6020510861733416,1,1.0,0.49748632528024916,5,84.0
3070.0,5,65.0,1.4444444444444444,7.45032912592086,0,0.0,1.0,2,77.0,0.3860505372123123,1,7.0,0.68263009718767,1,6.0,0.48145835866196324,4,90.0
3075.0,3,73.0,1.5869565217391304,7.979425290194727,0,0.0,0.9714684702110117,2,90.0,0.502681508941525,1,12.0,0.7309313206777839,0,0.0,0.960960811282401,3,102.0
3080.0,3,88.0,1.872340425531915,8.285448802312159,0,0.0,1.0,2,100.0,0.5265726637184515,1,20.0,0.7211019623664251,0,0.0,0.979486487917266,3,120.0
3085.0,4,106.0,2.25531914893617,8.519510941951559,0,0.0,1.0,3,92.0,0.5442941956587447,1,17.0,0.6270324341771775,0,0.0,0.937551953620227,4,109.0
3090.0,4,126.0,2.739130434782609,7.950179115245668,0,0.0,0.2853986899347309,3,107.0,0.5742110022293194,1,22.0,0.6761110723621827,0,0.0,0.8384981134485436,4,129.0
3095.0,8,156.0,3.3191489361702127,7.4511029164202105,2,7.0,9.291397001347723e-05,5,155.0,0.48602003364338464,1,27.0,0.6535142919396129,0,0.0,0.9468617101971477,8,189.0
3100.0,7,82.0,1.64,7.751518707840221,2,17.0,0.0,3,137.0,0.5973682314444023,2,34.0,0.30969667612714313,0,0.0,0.9354195947389056,7,188.0
3105.0,9,121.0,2.42,7.248763628281047,2,27.0,0.0,5,112.0,0.4116655567133006,2,47.0,0.44703614551299853,0,0.0,0.9813403821703063,9,186.0
3110.0,11,168.0,3.5,6.3906865667696815,2,37.0,0.0,6,108.0,0.26614930193692765,3,58.0,0.5485577713974631,0,0.0,0.9076236601934915,11,203.0
3115.0,15,237.0,4.647058823529412,5.72866965179526,2,47.0,0.0,8,147.0,0.21781845198587071,3,73.0,0.4137273281721779,0,0.0,0.954484913236821,13,267.0
3120.0,12,187.0,3.6666666666666665,5.81732699065028,2,57.0,0.0,6,123.0,0.17159027111164182,2,60.0,0.5198387002084207,0,0.0,0.9870179646904992,10,240.0
3125.0,8,142.0,2.84,6.824299861673015,0,0.0,1.0,5,78.0,0.4080254676033283,3,73.0,0.45818084342169263,0,0.0,0.9953240346324463,8,151.0
3130.0,11,190.0,3.877551020408163,7.38757247320984,0,0.0,1.0,6,105.0,0.32381933837811183,3,85.0,0.47713782040360336,0,0.0,0.9996051176072688,9,190.0
3135.0,11,245.0,4.803921568627451,7.741724959512908,0,0.0,1.0,6,135.0,0.36866902471534035,3,100.0,0.3882740528933587,0,0.0,0.9633792660832924,9,235.0
3140.0,9,274.0,5.48,7.088198644930333,0,0.0,1.0,6,165.0,0.30508910589325544,3,115.0,0.381765234745734,0,0.0,0.955161814390801,9,280.0
3145.0,13,330.0,6.346153846153846,6.776857250669192,0,0.0,1.0,7,200.0,0.29159779416520637,3,130.0,0.3777764450249367,1,1.0,0.4941379732372169,11,331.0
3150.0,12,389.0,7.938775510204081,6.263359354580257,0,0.0,1.0,7,235.0,0.1786990341290437,3,145.0,0.30865502385616017,0,0.0,0.9485753046922383,10,380.0
3155.0,16,460.0,9.583333333333334,5.516391047836365,0,0.0,1.0,8,269.0,0.1215468134263832,3,163.0,0.3562630363240716,0,0.0,0.9602081698999512,11,432.0
3160.0,9,235.0,4.895833333333333,5.393750935588428,0,0.0,1.0,0,74.0,0.3152697445391709,3,175.0,0.23581026004161995,0,0.0,0.9817257248421065,3,249.0
3165.0,7,226.0,4.52,6.390005576073387,0,0.0,1.0,0,0.0,0.6727928663333252,3,190.0,0.24190517592683144,0,0.0,0.9766990382112665,3,190.0
3170.0,9,237.0,4.74,7.155943096760727,0,0.0,1.0,1,4.0,0.7682433397551518,3,214.0,0.4970784017630886,0,0.0,0.9874399252262123,4,218.0
3175.0,5,232.0,4.461538461538462,7.500528962595557,0,0.0,1.0,1,9.0,0.7443736760512513,4,232.0,0.5070400066108415,0,0.0,0.9943701097111899,5,241.0
3180.0,4,236.0,4.452830188679245,7.836435800934308,0,0.0,1.0,0,0.0,0.843860159096098,3,244.0,0.5125899343118315,0,0.0,0.9875504886382093,3,244.0
3185.0,6,262.0,5.24,7.727591558375771,0,0.0,1.0,1,7.0,0.733634201851653,3,259.0,0.5272800222301858,0,0.0,0.9794326774729111,4,266.0
3190.0,7,290.0,5.686274509803922,7.011474128877248,0,0.0,1.0,2,15.0,0.5521830425749228,3,271.0,0.5346486741827686,0,0.0,0.960230798491641,5,286.0
3195.0,7,310.0,6.2,7.191537988243006,0,0.0,1.0,3,43.0,0.4594656420797156,3,286.0,0.4071224982742684,1,3.0,0.4922105557762156,7,332.0
3200.0,9,350.0,6.730769230769231,7.007915845344363,0,0.0,1.0,3,58.0,0.5251976192824043,5,307.0,0.22838022601313032,1,8.0,0.4801622449451939,9,373.0
3205.0,6,116.0,2.188679245283019,6.384520349268361,0,0.0,1.0,0,13.0,0.7288800522396675,5,199.0,0.13681116547811906,1,13.0,0.6045574120578994,6,225.0
3210.0,7,47.0,0.9215686274509803,6.984839344949997,0,0.0,1.0,2,8.0,0.7076563809995176,4,47.0,0.23924631255745632,0,0.0,0.9292279977111084,6,55.0
3215.0,8,83.0,1.6274509803921569,7.178224077365478,0,0.0,1.0,2,18.0,0.7055810844128674,5,74.0,0.36697273207964987,0,0.0,0.9656021220178599,7,92.0
3220.0,11,128.0,2.5098039215686274,7.469002654365904,0,0.0,1.0,3,47.0,0.516116802843613,7,103.0,0.34693015601880195,0,0.0,0.9767316529533818,10,150.0
3225.0,2,28.0,0.5384615384615384,7.882236153896733,0,0.0,1.0,1,40.0,0.7156697158341585,1,38.0,0.5477869023450804,0,0.0,0.9235842298630756,2,78.0
3230.0,3,41.0,0.7884615384615384,8.280809081638928,0,9.0,0.6287454805009715,1,28.0,0.6800885000369835,2,25.0,0.5727410088307441,0,0.0,0.9654201855514989,3,62.0
3235.0,4,61.0,1.22,8.932440381349698,0,0.0,0.8342714103108577,2,41.0,0.69633456781802,2,38.0,0.6345670613564535,0,0.0,0.9559869443868056,4,79.0
3240.0,5,83.0,1.7291666666666667,8.802954222148232,0,0.0,1.0,3,53.0,0.6375732230474873,2,45.0,0.5381035121460318,0,0.0,0.9586971510836703,5,98.0
3245.0,2,68.0,1.446808510638298,8.838426050691877,0,0.0,1.0,1,43.0,0.7064065628161237,1,40.0,0.41757852292320957,0,0.0,0.954238899054191,2,83.0
3250.0,4,86.0,1.8297872340425532,8.573851432620232,0,0.0,1.0,1,51.0,0.7977090285454107,3,50.0,0.48086668548871647,0,0.0,0.7306132065274391,4,101.0
3255.0,7,113.0,2.511111111111111,7.585816517744205,0,0.0,1.0,1,56.0,0.6690383657793754,3,68.0,0.4554124307470773,1,3.0,0.48346638844832746,5,127.0
3260.0,8,146.0,3.106382978723404,7.204893485449072,0,0.0,1.0,2,69.0,0.6681201055420518,4,83.0,0.40075168438768677,1,8.0,0.3612582174104823,7,160.0
3265.0,8,173.0,3.8444444444444446,7.1603401919309215,0,0.0,1.0,2,70.0,0.6775356333370729,3,98.0,0.4623670853375728,2,14.0,0.16409138343906232,7,182.0
3270.0,11,220.0,5.0,6.569726663891306,0,0.0,1.0,4,74.0,0.32361378960352943,4,117.0,0.4110881619714433,2,24.0,0.30485922055179976,10,215.0
3275.0,6,174.0,3.9545454545454546,6.9267693765671075,0,0.0,1.0,4,94.0,0.3306998470038595,1,78.0,0.6035417823449806,0,0.0,0.9817847143418781,5,172.0
3280.0,10,211.0,4.906976744186046,6.503935516924298,0,6.0,0.6723645214451781,5,112.0,0.2616066529297289,2,80.0,0.5837346626746819,0,0.0,0.9765842939971174,7,198.0
3285.0,8,192.0,4.571428571428571,6.092267212986163,0,0.0,0.6405398262262688,2,94.0,0.5521807083267141,3,82.0,0.23195647286977567,0,0.0,0.9563672092362187,5,176.0
3290.0,6,209.0,5.097560975609756,6.730969475834038,0,0.0,1.0,2,104.0,0.5631048717156089,3,97.0,0.3848686276792878,0,0.0,0.9554613110833412,5,201.0
3295.0,5,223.0,5.309523809523809,7.592186810189423,0,0.0,1.0,2,114.0,0.6310974713991083,3,118.0,0.5469633148011526,0,0.0,0.9879521635722454,5,232.0
3300.0,4,232.0,5.395348837209302,7.675378867590958,0,0.0,1.0,2,124.0,0.6398143264595975,2,117.0,0.7174758579134285,0,0.0,0.9513043316966994,4,241.0
3305.0,5,255.0,5.930232558139535,7.563524076144266,0,0.0,1.0,2,134.0,0.6469256385040386,3,127.0,0.41529557092882896,0,0.0,0.9461541091749939,5,261.0
3310.0,6,283.0,6.5813953488372094,7.543959496912039,0,0.0,1.0,2,144.0,0.5942806287282439,4,145.0,0.47934320624875415,0,0.0,0.9618190937931765,6,289.0
3315.0,7,316.0,7.181818181818182,8.029729557027563,0,0.0,1.0,3,157.0,0.5450305742856719,4,162.0,0.45926743674084686,0,0.0,0.9823125582236939,7,319.0
3320.0,9,337.0,8.21951219512195,7.058832894186438,0,0.0,1.0,5,174.0,0.24284556064310178,4,169.0,0.41436537406810237,0,0.0,0.9780810746351595,9,343.0
3325.0,7,208.0,5.073170731707317,6.919966941036176,0,0.0,0.9716864047214238,3,84.0,0.34296912807950053,4,186.0,0.0020137040133153027,0,0.0,0.9637365464171496,7,270.0
3330.0,9,249.0,5.790697674418604,7.015385585818197,0,0.0,1.0,4,44.0,0.4170948941240163,5,214.0,0.2718819699427702,0,0.0,0.9475533563430316,9,258.0
3335.0,10,293.0,6.369565217391305,6.884055220704265,0,0.0,1.0,5,64.0,0.357111150084817,5,239.0,0.32029364298358975,0,0.0,0.9813799108738739,10,303.0
3340.0,10,330.0,6.875,6.913892141225371,0,0.0,1.0,5,89.0,0.42537270137090205,4,249.0,0.36285739996414845,0,0.0,0.9408726342050093,9,338.0
3345.0,10,380.0,7.916666666666667,7.6848195361700675,0,0.0,1.0,5,125.0,0.5097735332216304,4,266.0,0.5308964433095471,0,0.0,0.94396133555811,9,391.0
3350.0,11,431.0,8.795918367346939,6.901305099204631,0,0.0,1.0,5,147.0,0.463506338504601,5,287.0,0.4190861210885583,0,0.0,0.20263929785666232,10,434.0
3355.0,13,481.0,10.23404255319149,6.3210189294987575,0,0.0,1.0,6,169.0,0.4151857742528069,5,312.0,0.25883541938681165,2,7.0,0.21569686943756644,13,488.0
3360.0,13,321.0,6.829787234042553,6.574541003145732,0,0.0,1.0,7,200.0,0.3199599331008448,4,189.0,0.2959349412876339,2,17.0,0.48226808778620534,13,406.0
3365.0,3,28.0,0.5714285714285714,7.3318260684563255,0,0.0,1.0,0,42.0,0.4868333113076758,1,62.0,0.3787713463160575,2,27.0,0.5668531893770204,3,131.0
3370.0,2,7.0,0.1346153846153846,8.384053848992169,0,0.0,1.0,0,0.0,0.6805891477663897,2,7.0,0.0022699702849493966,0,0.0,0.9463865830371079,2,7.0
3375.0,3,21.0,0.4375,8.563489544662502,0,0.0,1.0,1,4.0,0.6952785918946948,2,29.0,0.44332960783760766,0,0.0,0.9687994107722941,3,33.0
3380.0,7,44.0,0.9166666666666666,7.165925979289035,0,0.0,1.0,1,9.0,0.34832073626428733,3,37.0,0.48395497691146133,0,0.0,0.9084078112918241,4,46.0
3385.0,11,89.0,1.816326530612245,6.560488846993897,0,0.0,1.0,2,17.0,0.49360398923685234,3,49.0,0.4282019361253456,0,0.0,0.9491569977339381,5,66.0
3390.0,16,161.0,3.0961538461538463,6.47109339115589,0,0.0,1.0,3,28.0,0.2411100606629579,6,78.0,0.4299347078659304,0,0.0,0.922825445224793,9,106.0
3395.0,17,244.0,5.191489361702128,5.771759850002642,0,0.0,1.0,3,43.0,0.2372121335266066,6,111.0,0.4748901574049381,0,0.0,0.9449998509195514,9,154.0
3400.0,12,212.0,4.711111111111111,5.376269765638822,0,0.0,1.0,3,58.0,0.23572015643089983,1,61.0,0.6240736225605439,0,0.0,0.9727672089123838,4,119.0
3405.0,10,239.0,4.979166666666667,6.065009632334821,0,0.0,0.46729415074373676,2,61.0,0.4210305747350797,0,18.0,0.6425824880741402,0,0.0,0.9516519260566053,2,79.0
3410.0,12,296.0,6.166666666666667,6.242482518195993,1,3.0,0.397872655830745,2,74.0,0.5873077468277826,1,7.0,0.7117898418720067,0,0.0,0.9503619448802558,4,84.0
3415.0,7,188.0,3.9166666666666665,6.1834294159190835,0,0.0,0.17279770625441576,2,84.0,0.6889467700891307,1,15.0,0.551346508191144,0,0.0,0.86693978718704,3,99.0
3420.0,7,196.0,4.170212765957447,6.3959958039628395,0,0.0,1.0,2,94.0,0.6281253579798771,1,17.0,0.6391880149307562,0,0.0,0.8391980418413447,3,111.0
3425.0,9,238.0,4.666666666666667,7.5345020921322305,0,0.0,1.0,3,110.0,0.6309347858846783,1,22.0,0.7215545775143064,0,0.0,0.8839231275132757,4,132.0
3430.0,9,283.0,5.549019607843137,7.423287732519588,0,0.0,1.0,3,121.0,0.5973118352242224,1,27.0,0.7168963108753481,0,0.0,0.8212251404929839,4,148.0
3435.0,5,165.0,3.235294117647059,7.45245438157359,0,0.0,1.0,3,133.0,0.502562244112193,1,32.0,0.6018080632004735,0,0.0,0.9259324755248398,4,165.0
3440.0,7,188.0,3.4814814814814814,7.934211548999177,0,0.0,1.0,3,148.0,0.6265540387600076,4,42.0,0.38530836531652113,0,0.0,0.9008970413137938,7,190.0
3445.0,8,226.0,4.264150943396227,7.444701716575902,0,0.0,1.0,3,163.0,0.5029223504969911,5,65.0,0.2586420257682879,0,0.0,0.9373318942885103,8,228.0
3450.0,14,281.0,5.62,6.191582360301511,0,0.0,1.0,6,185.0,0.21432679816829525,7,95.0,0.02267887853095439,0,0.0,0.9506346334154328,13,280.0
3455.0,16,359.0,7.804347826086956,5.5127352162552095,0,0.0,1.0,7,217.0,0.12051050666068146,8,134.0,0.0404242056820706,0,0.0,0.9873819753542901,15,351.0
3460.0,11,336.0,7.0,5.962266355080346,0,0.0,1.0,7,252.0,0.17248147274907266,3,103.0,0.185366635440811,0,0.0,0.9353918702952672,10,355.0
3465.0,8,133.0,2.7708333333333335,6.490673871019866,0,3.0,0.6056410086369262,4,115.0,0.22263303185876174,2,78.0,0.41976996738654526,2,2.0,0.3192594769460336,8,198.0
3470.0,9,156.0,3.12,7.212408729724298,0,6.0,0.1730858154219325,3,60.0,0.5104037238858594,4,90.0,0.0017220562309115833,2,12.0,0.3329026435082022,9,168.0
3475.0,9,189.0,3.5,7.0230650275507465,2,16.0,0.011954796511443743,3,75.0,0.6072119737828534,4,119.0,0.19879330259839145,0,0.0,0.927036524428478,9,210.0
3480.0,12,245.0,4.454545454545454,6.910085504948715,3,28.0,0.0021973698756125606,3,90.0,0.5134909720916105,5,147.0,0.38422899976456354,0,0.0,0.9877766039032111,11,265.0
3485.0,9,206.0,3.8867924528301887,7.106350074310057,3,43.0,0.00043667009528645804,0,6.0,0.8263379178576186,5,169.0,0.2831338288446915,0,0.0,0.9811937280747873,8,218.0
3490.0,8,237.0,4.471698113207547,7.710880183661775,3,58.0,2.469743472133828e-05,0,6.0,0.9709835950943347,5,194.0,0.3509166906860193,0,0.0,0.9478633659313394,8,258.0
3495.0,4,73.0,1.3272727272727274,7.389545822446816,0,16.0,0.015645406366362108,1,4.0,0.6942982900971948,3,135.0,0.3959868284490594,0,0.0,0.9696940127534803,4,155.0
3500.0,9,83.0,1.4821428571428572,6.99236399629168,0,0.0,1.0,3,12.0,0.48204469983377946,4,77.0,0.4569510157427833,0,0.0,0.9950115490478457,7,89.0
3505.0,13,142.0,2.581818181818182,7.037475953137857,0,0.0,1.0,3,27.0,0.5039094807349318,5,123.0,0.43667422038084897,0,0.0,0.9383713891606834,8,150.0
3510.0,13,189.0,3.375,6.960600126708694,0,0.0,1.0,3,42.0,0.47874262317774013,6,150.0,0.42080027861100366,0,0.0,0.9697143477626242,9,192.0
3515.0,15,260.0,4.642857142857143,6.142380238205397,0,0.0,1.0,3,57.0,0.3283156696419823,6,180.0,0.41828858225190346,0,0.0,0.9635615663686843,9,237.0
3520.0,18,349.0,6.8431372549019605,5.810775879935079,0,0.0,1.0,4,77.0,0.36022820736159095,6,210.0,0.45987448543093773,0,0.0,0.9601390967081352,10,287.0
3525.0,14,328.0,6.56,5.44611225160816,0,0.0,1.0,1,36.0,0.6222422761224865,5,216.0,0.42128728194871373,0,0.0,0.9902159988278848,6,252.0
3530.0,10,293.0,5.745098039215686,6.56755971063418,0,0.0,0.6557308452695555,0,4.0,0.7878212759666026,6,242.0,0.23853345377991525,0,0.0,0.9783205372833657,6,246.0
3535.0,11,348.0,6.823529411764706,6.6191623790110565,0,0.0,0.8347204723812971,0,4.0,0.801638669632943,6,272.0,0.23488638383923335,0,0.0,0.9571379608413317,6,276.0
3540.0,11,344.0,7.020408163265306,7.491205815485897,0,0.0,1.0,1,9.0,0.8064057900388799,7,306.0,0.28326525665061647,0,0.0,0.9489156888478903,8,315.0
3545.0,8,219.0,4.5625,7.609216013062588,0,0.0,1.0,1,14.0,0.8315871951501451,5,264.0,0.32824950716951784,0,0.0,0.9357851176691987,6,278.0
3550.0,2,38.0,0.7755102040816326,8.283252028667889,0,0.0,1.0,0,60.0,0.7725793714254311,2,152.0,0.480767141223344,0,0.0,0.9721618053635981,2,212.0
3555.0,4,54.0,1.148936170212766,8.63044526835518,0,0.0,1.0,1,64.0,0.7378075361336109,2,48.0,0.38028729147715773,1,2.0,0.4773318849559964,4,114.0
3560.0,6,82.0,1.8636363636363635,8.273096575799748,0,0.0,1.0,2,68.0,0.6157721725948931,3,66.0,0.5265180589793359,1,7.0,0.4663624005598227,6,141.0
3565.0,5,102.0,2.3181818181818183,8.20525843470923,0,0.0,1.0,2,78.0,0.6987352947496847,2,72.0,0.5524793390532722,1,12.0,0.4861767157521177,5,162.0
3570.0,2,78.0,1.8571428571428572,8.309630114176018,0,3.0,0.629226016079352,0,3.0,0.90336835401146,2,81.0,0.48806178249116683,0,0.0,0.9488063346461594,2,87.0
3575.0,6,99.0,2.357142857142857,7.895423348439094,1,4.0,0.007485548618898362,2,5.0,0.5592702623099055,3,99.0,0.506840655904744,0,0.0,0.9486950178306442,6,108.0
3580.0,8,133.0,3.5,7.70134303060419,1,9.0,6.975097244710608e-05,2,15.0,0.6921207936537327,5,118.0,0.35590444076996375,0,0.0,0.9377443116218704,8,142.0
3585.0,6,65.0,1.6666666666666667,7.630187541940541,1,14.0,0.0,2,25.0,0.639710564410268,3,83.0,0.3686571489535036,0,0.0,0.9303047346298418,6,122.0
3590.0,5,69.0,1.8157894736842106,7.349125729375634,1,19.0,0.0,1,17.0,0.7083566303477713,3,39.0,0.20189411918774822,0,0.0,0.9270918723548283,5,75.0
3595.0,6,83.0,2.128205128205128,8.054352980278392,0,0.0,1.0,1,22.0,0.7680344406793183,5,64.0,0.28746810265912803,0,0.0,0.997463123793851,6,86.0
3600.0,7,117.0,3.0,8.031789016189322,0,0.0,1.0,1,27.0,0.6348431635294643,6,98.0,0.3573105924924093,0,0.0,0.9814236160110615,7,125.0
