step,system_total_stopped,system_total_waiting_time,system_mean_waiting_time,system_mean_speed,cluster_10564135163_13571629282_5146149679_stopped,cluster_10564135163_13571629282_5146149679_accumulated_waiting_time,cluster_10564135163_13571629282_5146149679_average_speed,cluster_10564135205_11749189839_3266988437_5129187741_#3more_stopped,cluster_10564135205_11749189839_3266988437_5129187741_#3more_accumulated_waiting_time,cluster_10564135205_11749189839_3266988437_5129187741_#3more_average_speed,cluster_10564135211_11749189838_12136544949_12136544951_#7more_stopped,cluster_10564135211_11749189838_12136544949_12136544951_#7more_accumulated_waiting_time,cluster_10564135211_11749189838_12136544949_12136544951_#7more_average_speed,cluster_10564135212_13571629279_13571629299_stopped,cluster_10564135212_13571629279_13571629299_accumulated_waiting_time,cluster_10564135212_13571629279_13571629299_average_speed,agents_total_stopped,agents_total_accumulated_waiting_time
0.0,0,0.0,0.0,0.0,0,0.0,1.0,0,0.0,1.0,0,0.0,1.0,0,0.0,1.0,0,0.0
5.0,0,0.0,0.0,10.317829767280685,0,0.0,1.0,0,0.0,0.9299050469973758,0,0.0,1.0,0,0.0,0.930019522780579,0,0.0
10.0,0,0.0,0.0,8.82912476674839,0,0.0,1.0,0,0.0,0.9720908657672221,0,0.0,1.0,0,0.0,0.97213644565369,0,0.0
15.0,0,0.0,0.0,8.629164677684692,0,0.0,1.0,0,0.0,0.9494618585874275,0,0.0,1.0,0,0.0,0.9495443951049942,0,0.0
20.0,0,0.0,0.0,8.775222648422993,0,0.0,1.0,0,0.0,0.9820472864380548,0,0.0,1.0,0,0.0,0.9688514313307187,0,0.0
25.0,0,0.0,0.0,9.146572198683636,0,0.0,1.0,0,0.0,0.9900497669609203,0,0.0,0.8912240711377191,0,0.0,0.9430355736720413,0,0.0
30.0,1,1.0,0.08333333333333333,7.612185374485917,0,0.0,1.0,0,0.0,0.9896217921348824,1,1.0,0.47039478428121523,0,0.0,0.9286351796986245,1,1.0
35.0,1,6.0,0.42857142857142855,8.134623255831915,0,0.0,1.0,0,0.0,0.8201706161962189,1,6.0,0.48651728390158366,0,0.0,0.9929813188359793,1,6.0
40.0,2,12.0,0.75,7.018800380583833,0,0.0,1.0,1,1.0,0.1941621798518239,1,11.0,0.4877767133926386,0,0.0,0.9586964641609275,2,12.0
45.0,2,22.0,1.2222222222222223,7.252386669889341,0,0.0,1.0,1,6.0,0.38752427417081853,1,16.0,0.48577889507762256,0,0.0,0.9686106612047382,2,22.0
50.0,1,11.0,0.5789473684210527,7.98069378610931,0,0.0,1.0,1,11.0,0.4879686876179643,0,0.0,0.9979051102777184,0,0.0,0.951790762742511,1,11.0
55.0,1,16.0,0.7619047619047619,8.408345753246579,0,0.0,0.9895250911332,1,16.0,0.6014020284663613,0,0.0,0.9930294334955064,0,0.0,0.977651095544406,1,16.0
60.0,1,21.0,0.9545454545454546,7.970025100950267,0,0.0,1.0,1,24.0,0.6800390781693493,0,0.0,0.9528845173397755,0,0.0,0.9605190723966606,1,24.0
65.0,1,1.0,0.045454545454545456,7.207996574182587,0,0.0,1.0,0,3.0,0.9775785199859692,1,1.0,0.0013806814162626601,0,0.0,0.9699135092379477,1,4.0
70.0,1,6.0,0.2608695652173913,7.928602102695547,0,0.0,1.0,0,3.0,0.9438016344609995,1,6.0,0.0,0,0.0,0.9447620352431726,1,9.0
75.0,2,11.0,0.4074074074074074,7.941540344632553,0,0.0,1.0,0,3.0,0.9664816894546053,2,16.0,0.44602299595358075,0,0.0,0.9667522709514729,2,19.0
80.0,1,16.0,0.5925925925925926,8.309782681003558,0,0.0,1.0,0,3.0,0.9781464508114334,1,21.0,0.6589312299849254,0,0.0,0.9487438070590201,1,24.0
85.0,2,24.0,0.8571428571428571,7.97758605219727,0,0.0,1.0,0,3.0,0.8165320788181955,1,26.0,0.7623606822546541,0,0.0,0.9842307908052327,1,29.0
90.0,5,42.0,1.4482758620689655,6.7329636713873695,0,0.0,0.9076315579715971,2,9.0,0.13408323359007357,1,31.0,0.7002018131206545,0,0.0,0.9603139059370653,3,40.0
95.0,5,54.0,1.7419354838709677,6.662259528227645,0,0.0,1.0,3,28.0,0.2763750445963606,2,39.0,0.5330387194121423,0,0.0,0.9470106564525782,5,67.0
100.0,7,85.0,2.5757575757575757,7.262709956423976,0,0.0,0.9768600726164923,3,43.0,0.3902797306483493,4,50.0,0.3211844023117926,0,0.0,0.9455312919570684,7,93.0
105.0,8,124.0,4.0,7.198488004196118,0,0.0,1.0,4,59.0,0.40955489899054115,4,70.0,0.18599322989142064,0,0.0,0.9429274192841411,8,129.0
110.0,8,154.0,4.529411764705882,6.719590084102839,0,0.0,1.0,4,79.0,0.4766072577175052,3,79.0,0.3318077177500404,0,0.0,0.9605259870641409,7,158.0
115.0,8,189.0,5.25,6.577621110371991,0,3.0,0.8991682240425649,4,99.0,0.46481460797527285,4,95.0,0.16090349893038583,0,0.0,0.9670597863580274,8,197.0
120.0,9,234.0,6.685714285714286,6.646034449698297,0,0.0,1.0,4,119.0,0.40065428900761546,5,120.0,0.16259590233518934,0,0.0,0.991145905214666,9,239.0
125.0,10,284.0,8.114285714285714,6.5045356512193,0,0.0,1.0,5,144.0,0.4345591940070812,5,145.0,0.15768211250636688,0,0.0,0.9431292996254581,10,289.0
130.0,5,72.0,1.945945945945946,6.272920989803302,0,0.0,1.0,0,28.0,0.39923879288215486,5,109.0,0.1520093412877487,0,0.0,0.9709471144335275,5,137.0
135.0,5,61.0,1.6486486486486487,7.591760030226158,0,0.0,1.0,1,4.0,0.24435999975770217,4,57.0,0.4546189163878508,0,0.0,0.9623552216397226,5,61.0
140.0,7,91.0,2.4594594594594597,7.95499670899153,0,0.0,1.0,2,11.0,0.3257684467184675,5,86.0,0.4614873104039242,0,0.0,0.9550350589691134,7,97.0
145.0,8,128.0,3.2,8.182930543704481,0,0.0,1.0,2,21.0,0.45130589229038987,6,113.0,0.38403305704365437,0,0.0,0.964600215886605,8,134.0
150.0,6,137.0,3.261904761904762,7.5601166187996585,0,0.0,1.0,0,11.0,0.5102383430738446,6,140.0,0.3230715181592738,0,0.0,0.8646747878924969,6,151.0
155.0,8,174.0,4.35,7.657086273250064,0,0.0,1.0,1,3.0,0.48035716900555925,6,170.0,0.4042938381867323,0,0.0,0.9528422845414379,7,173.0
160.0,10,209.0,5.097560975609756,6.430484125339794,0,0.0,1.0,1,8.0,0.5781730991508022,7,205.0,0.31277190926141335,1,1.0,0.4744218991516988,9,214.0
165.0,12,260.0,6.5,5.362642770443233,0,0.0,1.0,2,15.0,0.26623715943276344,8,247.0,0.22925961704381045,1,6.0,0.11757691481716927,11,268.0
170.0,4,78.0,1.8571428571428572,6.034624148205788,0,0.0,1.0,2,25.0,0.36304893689610257,1,95.0,0.3998366336196567,1,11.0,0.3422982448677127,4,131.0
175.0,2,35.0,0.8333333333333334,8.031311379336769,0,9.0,0.738658215449762,2,38.0,0.4802747978838083,0,46.0,0.7902606478588174,0,0.0,0.9905524077526296,2,93.0
180.0,2,45.0,1.0227272727272727,8.568786412741673,0,0.0,0.5309677259436262,2,54.0,0.6336303227549109,0,3.0,0.5389472685087496,0,0.0,0.9678445572918926,2,57.0
185.0,3,59.0,1.2826086956521738,8.808916864959892,0,0.0,1.0,2,64.0,0.6544188864218511,1,7.0,0.603754649563929,0,0.0,0.9398180159202832,3,71.0
190.0,4,77.0,1.6041666666666667,8.678287874632717,0,0.0,1.0,2,74.0,0.5729069541144045,2,12.0,0.32308714615443956,0,0.0,0.9693839769261697,4,86.0
195.0,5,96.0,2.0,7.940914719563357,0,0.0,1.0,3,88.0,0.58332416131878,1,14.0,0.06180137851722123,0,0.0,0.9600142055311607,4,102.0
200.0,6,41.0,0.8367346938775511,7.477280899633775,0,0.0,1.0,0,8.0,0.6921129263687936,3,24.0,0.0021724451844394744,0,0.0,0.9565194877302354,3,32.0
205.0,8,77.0,1.6041666666666667,7.469840024077688,0,0.0,1.0,1,3.0,0.6433952016765172,3,39.0,0.2530200763732725,0,0.0,0.983382973644419,4,42.0
210.0,6,69.0,1.6046511627906976,7.938461323370361,0,0.0,1.0,1,8.0,0.6286098619658863,5,67.0,0.43081929951095843,0,0.0,0.9583249312520726,6,75.0
215.0,4,69.0,1.6046511627906976,8.147212834927315,0,0.0,1.0,1,13.0,0.6218821611732376,3,70.0,0.4977395224242119,0,0.0,0.9890835594870525,4,83.0
220.0,3,81.0,1.8,8.373938981988099,0,0.0,1.0,1,18.0,0.5358217626550721,2,72.0,0.6497633521734779,0,0.0,0.9739702897180923,3,90.0
225.0,4,97.0,2.0638297872340425,8.537308919408423,0,0.0,1.0,2,30.0,0.6377625296520949,2,79.0,0.6592088737745156,0,0.0,0.9611544272586734,4,109.0
230.0,5,120.0,2.7906976744186047,7.7342785787344805,0,0.0,1.0,2,40.0,0.6308457753967007,3,92.0,0.6031565615710527,0,0.0,0.9944807654356632,5,132.0
235.0,6,57.0,1.2666666666666666,7.2288153195721065,0,0.0,0.5896877884492968,2,47.0,0.6799587160379241,2,48.0,0.4082544533677722,0,0.0,0.9487642994661152,4,95.0
240.0,10,93.0,2.0217391304347827,6.813507408709837,2,6.0,0.0010109146769272902,2,57.0,0.634974675065213,1,5.0,0.48170020197285146,0,0.0,0.9481609630305805,5,68.0
245.0,11,148.0,3.217391304347826,6.2138133452261055,2,16.0,0.0,2,67.0,0.6455226538424091,2,15.0,0.3386530735181192,0,0.0,0.9722406425722573,6,98.0
250.0,14,216.0,4.909090909090909,5.4378043253892425,2,26.0,0.0,2,77.0,0.552518557458267,4,33.0,0.3184270964636802,0,0.0,0.9578585853698987,8,136.0
255.0,17,267.0,5.680851063829787,5.302479051954732,0,0.0,1.0,2,84.0,0.577778280333826,4,53.0,0.18901779502659774,0,0.0,0.9609497357241559,6,137.0
260.0,16,254.0,5.183673469387755,4.9084341059684915,0,0.0,1.0,3,95.0,0.33562701190348154,1,15.0,0.5748770993299358,0,0.0,0.9553146252953945,4,110.0
265.0,13,284.0,5.68,6.2348748448392755,0,3.0,0.5715555854131891,4,139.0,0.4362105166861235,1,20.0,0.626257656044132,0,0.0,0.9712854909088794,5,162.0
270.0,13,349.0,7.122448979591836,6.672500647878121,0,0.0,0.8417468656530518,4,159.0,0.5438671321331108,1,25.0,0.6523742329406033,0,0.0,0.9534741713159145,5,184.0
275.0,16,425.0,8.333333333333334,6.162602517474674,0,0.0,1.0,5,181.0,0.3589593668276974,1,30.0,0.70316050940143,0,0.0,0.9501360831224759,6,211.0
280.0,15,490.0,9.607843137254902,6.30462839373762,0,0.0,1.0,6,210.0,0.43439562894134537,1,46.0,0.7317702539749322,0,0.0,0.9281845659554868,7,256.0
285.0,11,336.0,6.72,5.788168308610747,0,0.0,1.0,2,94.0,0.4532845954108873,0,11.0,0.5286429060129532,0,0.0,0.9292414058947388,2,105.0
290.0,9,308.0,6.03921568627451,7.300833599096917,0,0.0,1.0,0,7.0,0.8117990825040625,1,5.0,0.7299211913822153,0,0.0,0.9385784501056331,1,12.0
295.0,3,51.0,1.0625,7.765921809246076,0,0.0,1.0,1,7.0,0.6293195731535927,1,13.0,0.7247327509230475,0,0.0,0.9445494120175725,2,20.0
300.0,5,29.0,0.6041666666666666,7.2998047921625755,0,0.0,1.0,3,19.0,0.4847994231533648,2,19.0,0.5937148379544036,0,0.0,0.9541433196277508,5,38.0
305.0,3,10.0,0.2127659574468085,7.182300503288432,0,0.0,1.0,0,3.0,0.9829119183414535,2,11.0,0.6304229552325916,0,0.0,0.9843601153799099,2,14.0
310.0,3,25.0,0.5208333333333334,7.4473273778461575,0,6.0,0.5745545040010651,0,3.0,0.8824955748806984,2,21.0,0.43142953859596106,0,0.0,0.9557574618703365,2,30.0
315.0,6,51.0,1.0851063829787233,7.788221369554969,0,0.0,1.0,0,48.0,0.9048763750226299,4,85.0,0.5094331061463541,0,0.0,0.994592681814202,4,133.0
320.0,5,58.0,1.2083333333333333,7.948905965304949,0,0.0,1.0,1,49.0,0.7887965872352751,4,105.0,0.40144518847275523,0,0.0,0.9614229818534239,5,154.0
325.0,4,39.0,0.78,8.19814127754113,0,0.0,1.0,1,28.0,0.6783953305100647,3,99.0,0.3386410378082855,0,0.0,0.929427798296727,4,127.0
330.0,3,21.0,0.42857142857142855,8.752001432186976,0,0.0,1.0,2,12.0,0.5907201031604986,1,69.0,0.602054887659807,0,0.0,0.9487158012236406,3,81.0
335.0,4,40.0,0.8888888888888888,8.85394959812682,0,0.0,1.0,2,40.0,0.6357725877746233,1,59.0,0.5631593195877226,0,0.0,0.9130562795260802,3,99.0
340.0,6,66.0,1.6097560975609757,8.289573305041197,0,0.0,1.0,2,50.0,0.5352856674464352,3,70.0,0.3723175291897642,0,0.0,0.943331258137867,5,120.0
345.0,9,105.0,2.3863636363636362,7.520587084502437,0,0.0,1.0,5,51.0,0.3618113717964753,3,82.0,0.3667683139044944,0,0.0,0.9814857626557609,8,133.0
350.0,8,111.0,2.5813953488372094,5.962005865980116,0,0.0,1.0,2,32.0,0.37955759651896737,4,98.0,0.17227439157915334,0,0.0,0.9108915703564255,6,130.0
355.0,10,130.0,2.9545454545454546,6.267329311600974,0,0.0,1.0,3,45.0,0.23812238156400053,5,121.0,0.16554668210871845,0,0.0,0.9277130726645639,8,166.0
360.0,9,165.0,3.75,6.910385269924833,0,0.0,1.0,3,60.0,0.24911927911980572,6,153.0,0.34394872837411505,0,0.0,0.9701775969765644,9,213.0
365.0,10,212.0,4.51063829787234,7.0197109025192725,0,0.0,1.0,3,75.0,0.38213444484369796,7,185.0,0.26333423303331627,0,0.0,0.9772820878085273,10,260.0
370.0,9,228.0,4.653061224489796,7.032645171543642,0,0.0,1.0,1,68.0,0.3650904449959008,8,225.0,0.2996885044233179,0,0.0,0.9722049257125097,9,293.0
375.0,12,277.0,5.54,6.856648159759509,0,0.0,1.0,1,56.0,0.5508613053826275,9,269.0,0.28817882229350916,0,0.0,0.9335966096144067,10,325.0
380.0,15,346.0,6.784313725490196,6.338480730380713,0,0.0,1.0,1,61.0,0.7217092037130197,10,316.0,0.2671196348132954,0,0.0,0.9495513604355478,11,377.0
385.0,10,199.0,3.98,6.197609046177292,0,0.0,1.0,2,67.0,0.47733018923656856,4,189.0,0.35896109765962764,0,0.0,0.9225735974196876,6,256.0
390.0,8,237.0,4.5576923076923075,7.153973465874458,0,3.0,0.4522423008068499,1,80.0,0.6035839108428418,3,155.0,0.49256016010532083,0,0.0,0.9691007794235246,4,238.0
395.0,11,283.0,5.339622641509434,7.270671423542405,2,11.0,0.10792464825827933,2,86.0,0.6689591012016259,3,169.0,0.4827045309889688,0,0.0,0.9615724325888473,7,266.0
400.0,13,345.0,6.2727272727272725,6.742827085137446,3,26.0,0.011005665828234456,2,96.0,0.6591633082786907,3,187.0,0.6087102631378218,0,0.0,0.9714832984486841,8,309.0
405.0,8,287.0,5.218181818181818,6.496771262573546,0,3.0,0.028424275945476852,3,110.0,0.5789038511757927,3,199.0,0.5435013041673268,0,0.0,0.9633193405121352,6,312.0
410.0,5,150.0,2.830188679245283,7.670826198291303,0,0.0,1.0,3,125.0,0.645224072231511,2,84.0,0.566577891913446,0,0.0,0.9696996801683653,5,209.0
415.0,7,143.0,2.508771929824561,7.869940361870865,0,0.0,1.0,4,138.0,0.605840068208309,3,14.0,0.3196231998861137,0,0.0,0.9414675415047555,7,152.0
420.0,8,182.0,3.309090909090909,7.729101118049952,0,0.0,1.0,4,155.0,0.5183844850277549,4,33.0,0.4149365426708044,0,0.0,0.9492243561075466,8,188.0
425.0,9,227.0,4.127272727272727,7.7490505661843185,0,0.0,1.0,4,175.0,0.39978868026482567,4,50.0,0.4270663301688697,0,0.0,0.9628893023811268,8,225.0
430.0,2,127.0,2.3518518518518516,7.586464692778053,0,0.0,1.0,2,158.0,0.40107652540465255,0,28.0,0.37643076110744866,0,0.0,0.9922450982747266,2,186.0
435.0,3,120.0,2.2222222222222223,8.147751743830119,0,0.0,0.9100370045705393,1,122.0,0.5395312481929015,0,0.0,0.799628883586804,0,0.0,0.9645429792973811,1,122.0
440.0,5,142.0,2.730769230769231,8.042812975979357,0,0.0,1.0,2,132.0,0.5430383761586164,1,5.0,0.6806642699754282,0,0.0,0.9505391748127936,3,137.0
445.0,7,175.0,3.5,7.446165427706221,0,0.0,1.0,3,147.0,0.6125503946491525,1,10.0,0.7902444185468145,0,0.0,0.9879497836886504,4,157.0
450.0,7,188.0,4.0,6.728434637096682,0,0.0,1.0,1,135.0,0.798612904953488,2,17.0,0.574467534158539,0,0.0,0.9921408188667006,3,152.0
455.0,8,224.0,4.571428571428571,7.227031500884187,0,0.0,1.0,1,140.0,0.7863718196799717,1,20.0,0.7553824714282125,0,0.0,0.8207863865913363,2,160.0
460.0,8,249.0,5.297872340425532,7.409147562192882,0,3.0,0.9313258165252095,1,145.0,0.739357737596921,2,29.0,0.6779274087900554,0,0.0,0.9796226185454419,3,177.0
465.0,4,182.0,4.136363636363637,7.797153424947115,0,0.0,1.0,2,162.0,0.6442124025467649,2,36.0,0.6331899607170269,0,0.0,0.9718421288848709,4,198.0
470.0,7,213.0,4.4375,7.694277623026814,0,0.0,1.0,2,175.0,0.5873454072909224,2,74.0,0.4430229466921773,0,0.0,0.9443429315780817,4,249.0
475.0,10,259.0,5.51063829787234,7.216167548828787,0,0.0,1.0,2,170.0,0.45034109800782424,4,90.0,0.3139877586751452,0,0.0,0.9941742213071502,6,260.0
480.0,10,268.0,5.702127659574468,6.206692600858058,0,0.0,1.0,3,184.0,0.3030518739590206,3,71.0,0.301155331615421,0,0.0,0.9833333495315978,6,255.0
485.0,13,326.0,7.086956521739131,5.317097080611279,0,3.0,0.9788729664789614,4,204.0,0.32004826693270055,3,48.0,0.2353660428590123,0,0.0,0.9390827478301229,7,255.0
490.0,14,384.0,8.347826086956522,5.639011150981719,0,0.0,1.0,5,228.0,0.3870732731792089,5,69.0,0.24129682951617912,0,0.0,0.985014312884376,10,297.0
495.0,15,457.0,9.72340425531915,5.75717119738645,0,0.0,1.0,5,253.0,0.4352374801579399,6,97.0,0.302095732230083,0,0.0,0.9425066537302313,11,350.0
500.0,17,540.0,11.25,5.660078053984279,0,0.0,1.0,5,282.0,0.3815999423576043,7,130.0,0.2127262947684662,0,0.0,0.9992097520038689,12,412.0
505.0,19,633.0,12.66,5.902990413882353,0,0.0,1.0,6,312.0,0.42680461105158546,7,165.0,0.21641881176560082,0,0.0,0.9967966162426641,13,477.0
510.0,17,562.0,11.019607843137255,5.8275199922993615,0,0.0,1.0,7,345.0,0.34416233641265787,7,200.0,0.21270451829929557,0,0.0,0.9652577786416058,14,545.0
515.0,12,455.0,9.285714285714286,5.783026362292086,0,0.0,1.0,4,288.0,0.23122135723866027,8,236.0,0.1037537246599754,0,0.0,0.9669195039741851,12,524.0
520.0,2,202.0,3.9607843137254903,6.712687332631067,0,0.0,1.0,1,205.0,0.44036762158349585,1,65.0,0.18519535090385986,0,0.0,0.9779703709419441,2,270.0
525.0,2,207.0,3.980769230769231,7.553558717236168,0,3.0,0.6245666671203486,1,215.0,0.37679449316509245,0,4.0,0.794458163420594,0,0.0,0.9710074503676034,1,222.0
530.0,2,216.0,4.153846153846154,8.637597135452245,0,0.0,0.8489430696887654,2,225.0,0.6217169394331558,0,3.0,0.922678542872101,0,0.0,0.9960607195409928,2,228.0
535.0,3,222.0,4.44,8.216525004381381,2,6.0,0.0001458491123936972,1,225.0,0.8238363757384628,0,3.0,0.9274616998013747,0,0.0,0.9578631910490915,3,234.0
540.0,3,237.0,4.5576923076923075,7.83291412308129,2,16.0,6.217850642220009e-06,1,230.0,0.8080826290958604,0,3.0,0.7113399635831932,0,0.0,0.9946737269357631,3,249.0
545.0,4,257.0,5.03921568627451,7.899042189985323,2,26.0,0.2694458839272132,1,235.0,0.837746122608768,1,11.0,0.80875505398543,0,0.0,0.8944896860343291,4,272.0
550.0,6,281.0,5.403846153846154,7.5736071005943035,3,39.0,2.6046675966880565e-05,1,237.0,0.8065004449500455,2,17.0,0.7135151920506884,0,0.0,0.9337770022329572,6,293.0
555.0,4,258.0,5.26530612244898,7.617365886059311,0,7.0,0.06382855827953085,2,237.0,0.6331741269119104,2,27.0,0.6553727133767245,0,0.0,0.9745819703361323,4,271.0
560.0,5,255.0,5.204081632653061,7.9790547457449135,0,0.0,1.0,4,254.0,0.449933897383201,0,3.0,0.957213146304661,0,0.0,0.9292391077801986,4,257.0
565.0,8,286.0,6.085106382978723,7.456167066941965,0,3.0,0.8552917558308432,5,279.0,0.27442211003961703,0,3.0,0.8881684933252787,0,0.0,0.9754686011053286,5,285.0
570.0,8,322.0,7.318181818181818,7.186365245273915,0,0.0,0.9695522707722302,6,306.0,0.20287107342048646,0,0.0,0.9400531415515333,0,0.0,0.9593072046848459,6,306.0
575.0,2,257.0,5.711111111111111,7.679110520873719,0,0.0,1.0,1,269.0,0.5399758784097825,1,1.0,0.7567177497348011,0,0.0,0.9582996798926576,2,270.0
580.0,2,263.0,5.479166666666667,8.193264544605116,0,0.0,1.0,1,270.0,0.7149831163835838,1,5.0,0.5033126714844647,0,0.0,0.9416164792110101,2,275.0
585.0,5,282.0,6.409090909090909,8.141219327256362,0,0.0,1.0,2,278.0,0.43171756507206493,3,16.0,0.6228824228382227,0,0.0,0.9633660159849642,5,294.0
590.0,7,311.0,6.911111111111111,7.663027491488372,0,0.0,1.0,3,291.0,0.4719933100147004,4,32.0,0.4805154216668385,0,0.0,0.9457121991304878,7,323.0
595.0,6,326.0,7.409090909090909,7.208841708389946,0,0.0,1.0,2,289.0,0.49540524225721816,4,52.0,0.3584268635548689,0,0.0,0.8339021852373131,6,341.0
600.0,2,287.0,6.674418604651163,7.555974101866255,0,0.0,1.0,2,290.0,0.39767577843844476,0,18.0,0.7809752036065564,0,0.0,0.9604530027676059,2,308.0
605.0,3,302.0,7.947368421052632,8.432611893936453,0,3.0,0.985124503515458,3,308.0,0.48831463783080514,0,6.0,0.9004989503420542,0,0.0,0.9520188096481239,3,317.0
610.0,5,318.0,8.368421052631579,8.070735159307972,0,3.0,0.4977763108951797,3,326.0,0.6095878693391581,2,7.0,0.5697106547812082,0,0.0,0.9295350446842514,5,336.0
615.0,5,49.0,1.1951219512195121,8.096425706543348,2,10.0,0.29147985652519554,2,45.0,0.6464431925913583,1,9.0,0.6517575926346741,0,0.0,0.9349181104871617,5,64.0
620.0,5,63.0,1.5,7.577963123425441,0,0.0,1.0,3,59.0,0.4875411808189014,1,17.0,0.7896098391970628,0,0.0,0.9731251835751086,4,76.0
625.0,7,92.0,2.13953488372093,7.15862323120533,0,0.0,1.0,4,77.0,0.49025588293398986,1,22.0,0.6216651657719251,0,0.0,0.9645228072293919,5,99.0
630.0,10,134.0,3.0454545454545454,6.198130556378248,0,0.0,1.0,4,97.0,0.47747960358061065,4,34.0,0.19606143207991414,0,0.0,0.9101940435609783,8,131.0
635.0,15,185.0,3.8541666666666665,5.322066797115568,0,0.0,1.0,6,120.0,0.16397578675490784,5,57.0,0.22083627737176575,0,0.0,0.9421683929667914,11,177.0
640.0,8,185.0,3.7755102040816326,5.660027273662244,0,0.0,1.0,6,150.0,0.09724690586072103,2,55.0,0.35033104112278646,0,0.0,0.9981404243679377,8,205.0
645.0,8,225.0,4.411764705882353,6.630577884398777,0,0.0,1.0,6,181.0,0.19999543644569656,2,54.0,0.0,0,0.0,0.9843115845876066,8,235.0
650.0,10,275.0,5.612244897959184,7.0895333499365245,0,0.0,1.0,8,224.0,0.2522918703839505,2,64.0,0.0,0,0.0,0.9566924369609116,10,288.0
655.0,12,329.0,6.854166666666667,6.515130634836915,0,0.0,1.0,8,264.0,0.23187315634138883,2,92.0,0.33153075566626244,0,0.0,0.9347858950234541,10,356.0
660.0,15,399.0,8.48936170212766,5.578245044490981,0,0.0,1.0,8,304.0,0.28567528824124255,2,84.0,0.0,0,0.0,0.9716269646253141,10,388.0
665.0,16,475.0,10.106382978723405,5.609125899941804,0,0.0,1.0,8,344.0,0.3437971630423858,2,94.0,0.0,0,0.0,0.9264773885278205,10,438.0
670.0,15,527.0,10.54,5.675168155737131,0,0.0,1.0,9,389.0,0.35491780871478035,2,104.0,0.0,0,0.0,0.9666690069136368,11,493.0
675.0,16,605.0,11.634615384615385,5.308571616328193,0,0.0,1.0,9,434.0,0.21233740025472006,2,114.0,0.3237465507352346,0,0.0,0.9882065074525264,11,548.0
680.0,17,687.0,12.962264150943396,4.6423201644571925,0,0.0,1.0,9,479.0,0.11102058710756632,2,124.0,0.0,0,0.0,0.937381078185774,11,603.0
685.0,23,786.0,14.555555555555555,4.191160644468329,0,0.0,1.0,13,533.0,0.1238508713974081,2,134.0,0.03800967819022211,0,0.0,0.9608493879264882,15,667.0
690.0,20,829.0,15.072727272727272,4.778958068881845,0,0.0,1.0,12,593.0,0.14636991163124258,2,144.0,0.4496118358335425,0,0.0,0.9749072544319066,14,737.0
695.0,9,300.0,5.454545454545454,5.5790408056827125,0,0.0,1.0,2,179.0,0.3696491342637025,2,154.0,0.3103454982148239,0,0.0,0.9634211833549589,4,333.0
700.0,8,238.0,4.407407407407407,6.361818183907025,0,0.0,1.0,1,25.0,0.552987058173651,3,165.0,0.002136663805151884,0,0.0,0.9375424871411271,4,190.0
705.0,4,186.0,3.381818181818182,7.64664515813247,0,0.0,1.0,1,6.0,0.7709716093631894,3,189.0,0.4723504421697247,0,0.0,0.9665232999054955,4,195.0
710.0,4,206.0,3.6785714285714284,8.327894067392874,0,0.0,1.0,1,16.0,0.7731820978014708,3,204.0,0.6364122163694895,0,0.0,0.9793026390863582,4,220.0
715.0,5,229.0,4.163636363636364,8.295737710305565,0,0.0,1.0,1,21.0,0.5792669817526019,4,250.0,0.6192773059639156,0,0.0,0.9318332165793305,5,271.0
720.0,10,265.0,4.907407407407407,7.235651834347972,0,0.0,1.0,3,31.0,0.39525705347717377,5,267.0,0.5558055805679112,0,0.0,0.9339673997518942,8,298.0
725.0,10,300.0,5.555555555555555,7.085530302554526,0,0.0,1.0,3,46.0,0.24090604084202114,3,278.0,0.6022424746690979,0,0.0,0.9693489011940685,6,324.0
730.0,12,354.0,6.9411764705882355,6.495189034568008,0,0.0,1.0,3,64.0,0.3088729812591432,4,287.0,0.6326340105817332,0,0.0,0.9452560369109066,7,351.0
735.0,8,326.0,6.791666666666667,6.708565393891331,0,0.0,0.9084611153868072,0,24.0,0.7622608919812418,4,301.0,0.36892272703933243,0,0.0,0.9929551026530365,4,325.0
740.0,10,374.0,7.63265306122449,7.6409695869603,0,0.0,1.0,0,3.0,0.9000664548097359,5,326.0,0.15915102279220086,0,0.0,0.987254567134045,5,329.0
745.0,9,172.0,3.6595744680851063,7.275365601900615,0,0.0,1.0,1,34.0,0.7721636342554116,3,217.0,0.3759932406860344,0,0.0,0.9313787673127693,4,251.0
750.0,5,51.0,1.0408163265306123,8.414653849945253,0,0.0,1.0,1,39.0,0.7894228227295752,1,60.0,0.6966143822785372,0,0.0,0.9444858778659005,2,99.0
755.0,2,31.0,0.6326530612244898,8.335719522483927,0,0.0,1.0,0,32.0,0.7352587379398107,2,57.0,0.43019207978261953,0,0.0,0.9683616107147658,2,89.0
760.0,4,49.0,1.0425531914893618,8.112007835414033,0,0.0,1.0,1,4.0,0.6477157050436547,3,71.0,0.4542832050509358,0,0.0,0.9379038826558171,4,75.0
765.0,3,31.0,0.6595744680851063,8.052071256367018,0,0.0,1.0,1,9.0,0.4895126443769044,2,28.0,0.6520137367300157,0,0.0,0.9627661350196304,3,37.0
770.0,4,49.0,1.1136363636363635,7.844866497898843,0,0.0,1.0,1,14.0,0.4798821885534853,3,41.0,0.547928929376067,0,0.0,0.9603015888422833,4,55.0
775.0,9,69.0,1.5681818181818181,6.780162363984268,0,0.0,1.0,0,0.0,0.6258839053237686,6,65.0,0.2865033309145454,0,0.0,0.9940711403342553,6,65.0
780.0,11,117.0,2.659090909090909,6.68157466622325,0,0.0,1.0,1,13.0,0.5100797072456967,7,100.0,0.34004170814374324,0,0.0,0.7845719159643724,8,113.0
785.0,6,31.0,0.7045454545454546,6.4088682000259665,0,16.0,0.9038241117440271,1,18.0,0.6350598077575997,1,26.0,0.5392517920965868,0,0.0,0.9627107915303373,2,60.0
790.0,3,22.0,0.5641025641025641,7.812747826388788,0,0.0,0.9712546498064994,1,21.0,0.6837758165917742,0,10.0,0.6824746184362541,0,0.0,0.9434954102155899,1,31.0
795.0,3,21.0,0.5121951219512195,8.515670545158018,0,0.0,1.0,0,6.0,0.9086081370687444,0,0.0,0.5038205154072044,0,0.0,0.9523127588575843,0,6.0
800.0,6,44.0,1.0232558139534884,8.333492443763161,0,0.0,1.0,1,8.0,0.7452348391794432,1,4.0,0.6286218903151999,0,0.0,0.9608063895751753,2,12.0
805.0,3,19.0,0.4318181818181818,8.879831116865889,0,0.0,1.0,2,13.0,0.6646129030363566,1,12.0,0.7700189894393589,0,0.0,0.956140207760594,3,25.0
810.0,4,26.0,0.5777777777777777,8.058632940423971,0,0.0,1.0,3,25.0,0.5531251475604181,0,3.0,0.4968566328363131,0,0.0,0.9318220411544471,3,28.0
815.0,9,67.0,1.425531914893617,7.766305082459556,0,0.0,1.0,3,44.0,0.5098604905449516,2,12.0,0.5791967312044062,0,0.0,0.9331606129336492,5,56.0
820.0,2,19.0,0.41304347826086957,7.425412624899326,0,0.0,1.0,0,18.0,0.5182930390622001,2,19.0,0.48639529882039406,0,0.0,0.9407479814976103,2,37.0
825.0,5,40.0,0.9090909090909091,8.303412856972237,0,0.0,1.0,1,10.0,0.3556129410518185,3,34.0,0.46529732948837976,0,0.0,0.9433112413717909,4,44.0
830.0,2,14.0,0.30434782608695654,8.39083130342715,0,0.0,1.0,2,27.0,0.42801333956641074,0,3.0,0.5182024237636252,0,0.0,0.9566081643484559,2,30.0
835.0,4,33.0,0.717391304347826,9.073800924451376,0,0.0,1.0,3,47.0,0.4496260533976297,1,8.0,0.7105072339756929,0,0.0,0.9570820201772836,4,55.0
840.0,1,10.0,0.21739130434782608,8.964252061451031,0,0.0,0.9679803880637072,0,6.0,0.7789815472787159,1,13.0,0.7743180018719571,0,0.0,0.9311652564885148,1,19.0
845.0,4,21.0,0.4666666666666667,8.081167726471783,0,0.0,1.0,1,9.0,0.76858637345591,2,20.0,0.5118519119025733,0,0.0,0.9574805374671824,3,29.0
850.0,4,16.0,0.3404255319148936,8.192488008538323,0,0.0,1.0,1,11.0,0.7575857060993595,3,20.0,0.3300116849347767,0,0.0,0.935407169557875,4,31.0
855.0,3,29.0,0.6170212765957447,8.264859771302445,0,0.0,1.0,1,16.0,0.7800815761267209,2,19.0,0.5638792742539888,0,0.0,0.994325614791866,3,35.0
860.0,2,26.0,0.5777777777777777,8.451123744368584,0,0.0,1.0,0,3.0,0.9509389954985126,2,29.0,0.3880277798357203,0,0.0,0.957953740761948,2,32.0
865.0,4,42.0,0.9130434782608695,8.064629594003032,0,0.0,1.0,1,5.0,0.690038475691828,3,43.0,0.3870695897928721,0,0.0,0.8967212377929801,4,48.0
870.0,5,22.0,0.5116279069767442,7.945382284811441,0,0.0,1.0,4,16.0,0.2582225368008653,1,32.0,0.4969657976177014,0,0.0,0.9899329550610487,5,48.0
875.0,6,48.0,1.1428571428571428,8.484103323223147,0,0.0,1.0,4,36.0,0.28455118488613046,2,18.0,0.34477575339646754,0,0.0,0.9880806403170036,6,54.0
880.0,4,41.0,0.9761904761904762,8.416279348985768,0,0.0,1.0,1,20.0,0.32563140046655337,3,30.0,0.36457700137845483,0,0.0,0.9628191308898753,4,50.0
885.0,6,64.0,1.4883720930232558,7.246207645996225,0,0.0,1.0,2,21.0,0.3302027936010188,3,45.0,0.3757439026485392,0,0.0,0.9468237895708433,5,66.0
890.0,8,102.0,2.3181818181818183,7.027740633312002,0,0.0,1.0,2,31.0,0.3160486257790317,5,71.0,0.4522461931588694,0,0.0,0.9434808419191081,7,102.0
895.0,6,67.0,1.558139534883721,6.947052208718595,0,0.0,1.0,2,41.0,0.4159174287582369,2,13.0,0.48400140015424414,0,0.0,0.9900768668010453,4,54.0
900.0,7,100.0,2.272727272727273,7.715029930121999,0,0.0,1.0,2,54.0,0.6128723246604942,3,26.0,0.4819207797897868,0,0.0,0.9354850689786057,5,80.0
905.0,9,137.0,2.9148936170212765,7.481917599596972,0,0.0,1.0,3,68.0,0.6066073210671327,4,42.0,0.369220200928405,0,0.0,0.9513395676261801,7,110.0
910.0,12,186.0,4.133333333333334,6.8466092698635155,0,0.0,0.9993073062406748,5,87.0,0.49489307443843594,5,64.0,0.45482587270236896,0,0.0,0.987065561084123,10,151.0
915.0,12,161.0,3.425531914893617,6.007333546488584,0,0.0,1.0,6,115.0,0.4515401843700014,5,62.0,0.17280513787810625,0,0.0,0.9164926249996707,11,177.0
920.0,10,144.0,3.0638297872340425,6.4942753222305285,0,0.0,1.0,4,98.0,0.48725432276276304,5,80.0,0.2586939430837885,0,0.0,0.9852983378059207,9,178.0
925.0,8,165.0,3.5869565217391304,7.4201734220937015,0,0.0,0.9899518115062216,2,74.0,0.6721152327027536,6,106.0,0.24824853588248794,0,0.0,0.955366732194999,8,180.0
930.0,9,206.0,4.681818181818182,6.73540361341598,0,0.0,1.0,2,81.0,0.46039244974624394,7,140.0,0.21468960143134025,0,0.0,0.9834588564304659,9,221.0
935.0,8,206.0,5.024390243902439,6.467866193280484,0,0.0,1.0,5,105.0,0.3535396138304186,3,124.0,0.3148372154817958,0,0.0,0.9420370540467335,8,229.0
940.0,4,199.0,5.102564102564102,6.613737819017325,0,3.0,0.3584550982249409,1,80.0,0.7387053581346635,3,128.0,0.3644235306344651,0,0.0,0.9765691346696337,4,211.0
945.0,5,224.0,5.6,7.362344602077021,0,0.0,1.0,1,88.0,0.7809958542927835,3,143.0,0.3975556700386991,0,0.0,0.9481614287203587,4,231.0
950.0,5,249.0,6.225,8.129134708899912,0,0.0,1.0,1,110.0,0.7810482506739086,3,161.0,0.5372896128566546,0,0.0,0.9867507024749228,4,271.0
955.0,4,259.0,6.475,8.49273778581358,0,0.0,1.0,1,115.0,0.8536344170552702,3,173.0,0.4763038144521488,0,0.0,0.9681013469753152,4,288.0
960.0,2,150.0,3.8461538461538463,8.831415122968487,0,0.0,1.0,1,100.0,0.8088372265942511,1,121.0,0.597129990930853,0,0.0,0.978787743459017,2,221.0
965.0,2,100.0,2.7027027027027026,9.164440030029153,0,0.0,1.0,1,102.0,0.8102748713736189,1,4.0,0.7451787536027259,0,0.0,0.9679292074279939,2,106.0
970.0,3,112.0,3.2,9.122000046702432,0,0.0,1.0,1,107.0,0.5549630686453574,1,9.0,0.7358426123625166,0,0.0,0.9864946746936039,2,116.0
975.0,4,132.0,4.0,7.513872070909667,0,0.0,1.0,2,118.0,0.4470185540361832,1,14.0,0.7091124584529022,0,0.0,0.9797394643930168,3,132.0
980.0,6,145.0,4.027777777777778,7.2773486480332235,0,0.0,1.0,4,135.0,0.28544891598599526,1,2.0,0.7246927115307414,0,0.0,0.9837767688046725,5,137.0
985.0,7,180.0,4.864864864864865,7.69433775512117,0,0.0,0.6873181277154098,5,163.0,0.4248713754333022,1,7.0,0.6302913376384033,0,0.0,0.9765114469376619,6,170.0
990.0,6,193.0,5.216216216216216,7.691932633617228,0,0.0,0.9594094710348047,5,187.0,0.5208259519225984,1,12.0,0.4631116667327217,0,0.0,0.9513697744510252,6,199.0
995.0,6,223.0,5.439024390243903,7.631744992941027,0,0.0,1.0,5,212.0,0.4877088480177088,1,17.0,0.3602317938959949,0,0.0,0.9624960206831236,6,229.0
1000.0,8,261.0,6.365853658536586,7.35426383993832,0,0.0,1.0,6,242.0,0.3866041103840424,2,25.0,0.5248814057756962,0,0.0,0.9486373922684005,8,267.0
1005.0,7,274.0,6.682926829268292,7.398700783159258,0,0.0,1.0,6,272.0,0.4368798624175534,1,8.0,0.6898863597465223,0,0.0,0.964225590605877,7,280.0
1010.0,7,309.0,7.0227272727272725,7.278561153279572,0,0.0,1.0,6,302.0,0.39523376558392764,1,13.0,0.6982994273021588,0,0.0,0.9403472667751355,7,315.0
1015.0,9,349.0,8.512195121951219,6.809908931986219,0,0.0,1.0,8,337.0,0.26539346835488903,1,18.0,0.6852976848403933,0,0.0,0.9739537255733439,9,355.0
1020.0,3,178.0,4.45,6.351142697964791,0,0.0,1.0,2,202.0,0.4298128874139887,1,23.0,0.5855346982176093,0,0.0,0.9683521051580226,3,225.0
1025.0,3,192.0,4.923076923076923,7.15811666284284,0,0.0,1.0,1,163.0,0.6638774885396506,2,33.0,0.4547970863442522,0,0.0,0.9278116784897609,3,196.0
1030.0,4,208.0,4.9523809523809526,7.804605248536278,0,0.0,1.0,1,167.0,0.7535349682663799,3,53.0,0.4058383067436622,0,0.0,0.9688667383250832,4,220.0
1035.0,6,200.0,4.545454545454546,7.673953843980894,0,0.0,1.0,2,172.0,0.5414428974033126,4,37.0,0.4854213890000708,0,0.0,0.9755709489603941,6,209.0
1040.0,8,62.0,1.441860465116279,7.343009862618564,0,0.0,1.0,3,13.0,0.5595372527672324,5,58.0,0.35808066434366126,0,0.0,0.9258446134835747,8,71.0
1045.0,9,102.0,2.1702127659574466,7.119809597013135,0,0.0,1.0,4,28.0,0.38389853831847626,5,86.0,0.4285303823863825,0,0.0,0.9403188977640781,9,114.0
1050.0,11,150.0,3.409090909090909,6.3346168472642574,0,0.0,1.0,6,51.0,0.17558501026697465,5,111.0,0.43100511898049976,0,0.0,0.951562515597344,11,162.0
1055.0,12,210.0,4.7727272727272725,6.158648636048668,0,0.0,1.0,7,87.0,0.16319868884290492,5,136.0,0.39433460385389896,0,0.0,0.9092022229239349,12,223.0
1060.0,12,204.0,4.857142857142857,5.614501336226094,0,0.0,1.0,5,75.0,0.15134205972518586,7,165.0,0.1936844621472533,0,0.0,0.9536229983355444,12,240.0
1065.0,11,240.0,5.5813953488372094,6.3314055746280875,0,0.0,1.0,3,49.0,0.36137903250373976,8,203.0,0.09242699950051057,0,0.0,0.9531372835151052,11,252.0
1070.0,14,305.0,7.093023255813954,6.171495295317137,0,0.0,1.0,3,64.0,0.25819127163598765,10,252.0,0.08139281082769184,0,0.0,0.7647646572352942,13,316.0
1075.0,6,101.0,2.4047619047619047,5.383530541593602,0,0.0,1.0,3,79.0,0.20445870543650715,1,80.0,0.1155264242921033,1,3.0,0.4871131216961984,5,162.0
1080.0,5,106.0,2.65,6.615300826145261,0,0.0,1.0,4,103.0,0.3385817652952779,0,14.0,0.6180639203660434,0,0.0,0.8059973538403966,4,117.0
1085.0,5,131.0,3.275,7.820430404416513,0,0.0,0.9205909821356059,4,125.0,0.5456722566189819,0,0.0,1.0,0,0.0,0.9433973172309555,4,125.0
1090.0,5,137.0,3.425,7.933029425500496,0,0.0,1.0,5,147.0,0.5350482900185364,0,0.0,1.0,0,0.0,0.9497347455592147,5,147.0
1095.0,5,162.0,3.951219512195122,7.851459270286536,0,0.0,1.0,5,171.0,0.5401161815163168,0,0.0,1.0,0,0.0,0.9476344497203926,5,171.0
1100.0,3,47.0,1.0444444444444445,7.6274780073982305,0,0.0,1.0,1,70.0,0.7040345483640746,0,0.0,0.8560334115474135,0,0.0,0.9425346230946603,1,70.0
1105.0,4,53.0,1.1521739130434783,7.661371264833898,0,0.0,1.0,1,55.0,0.6636176182406617,1,2.0,0.46913908188318176,0,0.0,0.9858245462088264,2,57.0
1110.0,5,77.0,1.75,7.685857125220361,0,0.0,1.0,2,58.0,0.6135336306734219,1,16.0,0.7688618640737567,0,0.0,0.9449471956835611,3,74.0
1115.0,6,104.0,2.4186046511627906,7.558850501798371,0,0.0,1.0,2,65.0,0.4552205770375708,2,23.0,0.6877634821685801,0,0.0,0.9611256690731889,4,88.0
1120.0,6,124.0,2.8181818181818183,7.574735648076603,0,0.0,1.0,1,61.0,0.7310868143123994,2,33.0,0.6996025064040832,0,0.0,0.97960519736301,3,94.0
1125.0,6,137.0,3.186046511627907,6.686197005156881,0,0.0,1.0,1,66.0,0.41290069169628507,1,18.0,0.6382389635490224,0,0.0,0.9271605340567481,2,84.0
1130.0,6,101.0,2.3488372093023258,7.212630956004269,0,0.0,1.0,3,80.0,0.3924560013071873,3,33.0,0.6513199385405756,0,0.0,0.9769775311625943,6,113.0
1135.0,7,131.0,2.847826086956522,7.008072651971147,0,0.0,0.9931213919284696,4,95.0,0.18229882347573745,3,48.0,0.5255515646542956,0,0.0,0.9355677054057098,7,143.0
1140.0,6,151.0,3.5952380952380953,6.337459341389609,0,0.0,0.10488517096031245,2,95.0,0.3809754444667974,4,68.0,0.4033436416145238,0,0.0,0.9821712083627594,6,163.0
1145.0,8,174.0,4.2439024390243905,6.316507754442344,1,5.0,5.597551986791253e-05,2,105.0,0.5411290224940382,5,76.0,0.24498332233473422,0,0.0,0.981427175174839,8,186.0
1150.0,10,222.0,5.285714285714286,6.218545897461398,1,10.0,0.0,2,115.0,0.2539259614787388,7,112.0,0.31619192228981713,0,0.0,0.9867346037202507,10,237.0
1155.0,15,293.0,6.511111111111111,6.350853430493341,1,15.0,0.0,4,135.0,0.316602469810292,10,158.0,0.26780885090481754,0,0.0,0.8390518660921683,15,308.0
1160.0,14,358.0,7.782608695652174,6.203550755102617,1,20.0,0.0,3,145.0,0.21919219778017413,10,208.0,0.2514224297886335,0,0.0,0.9840027403673164,14,373.0
1165.0,8,214.0,4.7555555555555555,5.80589115803576,1,25.0,0.0,4,164.0,0.3056607814728897,3,79.0,0.33751532287822866,0,0.0,0.9546185771529185,8,268.0
1170.0,7,221.0,4.804347826086956,6.815158670126649,1,36.0,0.43627438475453983,4,190.0,0.4268402225921405,2,21.0,0.5375906650728527,0,0.0,0.9789574030156885,7,247.0
1175.0,9,258.0,5.375,7.473460705475351,1,35.0,0.47474164892726395,4,213.0,0.4826954912334196,2,23.0,0.5174612868209204,0,0.0,0.9395367898539506,7,271.0
1180.0,7,126.0,2.625,7.703576597849594,1,40.0,0.4671485999135795,3,139.0,0.560305511399556,2,33.0,0.4770216089040853,0,0.0,0.9477015820950994,6,212.0
1185.0,4,83.0,1.6274509803921569,8.576830201568278,1,45.0,0.0,3,71.0,0.725015639888269,0,24.0,0.6651373173949949,0,0.0,0.932317712958761,4,140.0
1190.0,4,103.0,2.019607843137255,8.912978652333761,1,53.0,0.4502459003537214,3,86.0,0.6296902778885863,0,6.0,0.8684425784638948,0,0.0,0.984987709335148,4,145.0
1195.0,6,130.0,2.549019607843137,8.8020882332151,1,55.0,0.0,5,105.0,0.5188281990174178,0,3.0,0.934980309172955,0,0.0,0.9796720819705959,6,163.0
1200.0,6,103.0,2.019607843137255,7.969487006666917,1,60.0,0.0,3,64.0,0.519870622622388,0,3.0,0.7009905731370791,0,0.0,0.9591896705929073,4,127.0
1205.0,6,133.0,2.8297872340425534,7.848724889135718,1,65.0,0.0,3,76.0,0.3692795336185442,0,3.0,0.947526032982967,0,0.0,0.9375619258228067,4,144.0
1210.0,7,168.0,3.7333333333333334,7.985705134168875,1,70.0,0.0,3,91.0,0.3923637903455896,0,9.0,0.9214272219926544,0,0.0,0.9250230658875563,4,170.0
1215.0,8,206.0,4.5777777777777775,7.909928704618526,1,75.0,0.0,3,109.0,0.38232626243244666,0,9.0,0.9551527835171745,0,0.0,0.9762842163761628,4,193.0
1220.0,8,170.0,3.6956521739130435,7.38581960265336,0,0.0,0.8841398984965854,3,124.0,0.4833850370807273,0,6.0,0.9482724553949963,0,0.0,0.9612982923124634,3,130.0
1225.0,9,212.0,4.818181818181818,7.082487086034061,1,2.0,0.0022958336014910325,3,139.0,0.4669323553392437,0,6.0,0.7226166474450972,0,0.0,0.9556443333798459,4,147.0
1230.0,10,212.0,4.818181818181818,6.898772087358304,1,7.0,0.0,3,154.0,0.48149491086558976,2,15.0,0.7291434513420645,0,0.0,0.970031503307297,6,176.0
1235.0,10,187.0,4.348837209302325,6.199384105601156,1,12.0,0.0,3,169.0,0.4834638089684901,4,27.0,0.4489010407410967,0,0.0,0.9488908356705636,8,208.0
1240.0,8,199.0,4.5227272727272725,6.8026167554432595,0,0.0,1.0,3,181.0,0.3855560286633323,5,48.0,0.25106757303779886,0,0.0,0.9458225854413399,8,229.0
1245.0,5,202.0,4.488888888888889,7.1883785304995635,0,0.0,1.0,3,196.0,0.39262085753860904,2,30.0,0.43497962216905056,0,0.0,0.9825033841151075,5,226.0
1250.0,6,229.0,4.978260869565218,7.6396694730031305,0,6.0,0.6043346242192396,3,211.0,0.38273381084867836,2,40.0,0.3584968076258457,0,0.0,0.9660237893524486,5,257.0
1255.0,5,252.0,5.361702127659575,8.131454388869427,0,0.0,0.8057336053698715,3,237.0,0.45955105144831454,2,63.0,0.35968324123006534,0,0.0,0.9414122984241107,5,300.0
1260.0,7,282.0,6.0,7.798728181803199,0,0.0,1.0,3,252.0,0.4679144469128725,4,78.0,0.1895656111110809,0,0.0,0.9649320731790337,7,330.0
1265.0,8,292.0,6.083333333333333,7.681658796588441,0,0.0,1.0,5,273.0,0.39585576250325816,3,67.0,0.38583612314961774,0,0.0,0.9410733400610928,8,340.0
1270.0,9,333.0,6.9375,7.083834635599209,0,0.0,1.0,5,298.0,0.4760549274278503,4,83.0,0.11926783001418435,0,0.0,0.9405222860179586,9,381.0
1275.0,12,389.0,8.456521739130435,6.595765618941053,0,0.0,1.0,6,326.0,0.41461350807588865,6,111.0,0.1406979745534641,0,0.0,0.9727180222266105,12,437.0
1280.0,13,451.0,9.804347826086957,6.424759250919167,0,0.0,1.0,6,380.0,0.46977714141893834,7,143.0,0.20870056560569722,0,0.0,0.921209224037868,13,523.0
1285.0,13,496.0,11.022222222222222,5.990156295250145,0,0.0,1.0,5,387.0,0.34762934012384356,7,178.0,0.21234520443818605,1,3.0,0.6380690369939941,13,568.0
1290.0,14,472.0,10.26086956521739,5.535749770346997,0,0.0,1.0,7,418.0,0.11873603265909256,5,148.0,0.24945448079199223,1,8.0,0.4676045217982627,13,574.0
1295.0,15,514.0,11.173913043478262,5.6377196244656655,0,0.0,1.0,7,453.0,0.25193748090873724,6,103.0,0.3833534127666892,1,13.0,0.42514930127624656,14,569.0
1300.0,14,577.0,11.775510204081632,6.633944029982403,0,0.0,0.915455057563235,7,493.0,0.2559034574829831,6,109.0,0.385846260841938,1,18.0,0.7117947495790262,14,620.0
1305.0,15,651.0,13.285714285714286,6.097100021167967,0,0.0,1.0,8,527.0,0.10128434718930256,6,134.0,0.4034479151334149,1,23.0,0.6357898913975689,15,684.0
1310.0,8,176.0,3.5918367346938775,6.462749269224853,0,0.0,1.0,5,296.0,0.15339486496360963,2,92.0,0.5683414625032783,1,28.0,0.7052357155272478,8,416.0
1315.0,1,24.0,0.4897959183673469,8.196753395360005,0,0.0,1.0,0,89.0,0.47488040110842067,1,60.0,0.7108188323898881,0,0.0,0.9115245820305673,1,149.0
1320.0,2,32.0,0.64,9.283653308051809,0,0.0,0.9999831199022051,1,22.0,0.7806403773474656,1,29.0,0.608969392742156,0,0.0,0.9706430745200127,2,51.0
1325.0,2,42.0,0.875,9.277916194100568,0,0.0,1.0,1,15.0,0.7853691575789611,1,34.0,0.7567814648324657,0,0.0,0.9518771545424441,2,49.0
1330.0,1,5.0,0.10416666666666667,9.310704254473242,0,0.0,1.0,0,18.0,0.8181228357060163,0,0.0,0.8705781869891664,0,0.0,0.9438450197239447,0,18.0
1335.0,2,13.0,0.2708333333333333,8.787983720352706,0,0.0,1.0,0,7.0,0.8767479133054639,1,3.0,0.7402806936993827,0,0.0,0.9650366040768232,1,10.0
1340.0,5,35.0,0.7291666666666666,8.407338964859496,0,0.0,1.0,1,10.0,0.8053367252848974,2,12.0,0.7041075501632666,0,0.0,0.9892507541239234,3,22.0
1345.0,8,65.0,1.3829787234042554,7.212011430282643,0,0.0,1.0,2,10.0,0.5758388988789506,4,27.0,0.6028009408675744,0,0.0,0.9949916499971705,6,37.0
1350.0,6,73.0,1.553191489361702,6.8003282614519796,0,0.0,1.0,0,2.0,0.4373603233964659,2,28.0,0.6757883563428967,0,0.0,0.9839543238508941,2,30.0
1355.0,8,86.0,1.7916666666666667,7.128407193745382,0,0.0,1.0,2,44.0,0.530494932011205,3,43.0,0.6066117918317321,0,0.0,0.9443473834559386,5,87.0
1360.0,9,118.0,2.5106382978723403,7.544269549283283,0,0.0,1.0,2,49.0,0.6240134508825758,5,50.0,0.46193080036428913,0,0.0,0.9627396874023374,7,99.0
1365.0,11,166.0,3.688888888888889,6.500029349994515,0,0.0,1.0,2,22.0,0.5525011373548354,6,76.0,0.31794502289301135,0,0.0,0.9673527356333032,8,98.0
1370.0,10,161.0,3.425531914893617,6.50478839619447,0,0.0,1.0,2,32.0,0.6649025601573868,7,107.0,0.20225274490613832,0,0.0,0.9287649897068802,9,139.0
1375.0,5,60.0,1.2244897959183674,6.323000488484722,0,0.0,1.0,4,44.0,0.39486037634632,1,32.0,0.3683554444222467,0,0.0,0.97372332369214,5,76.0
1380.0,5,73.0,1.553191489361702,6.760361106363798,0,3.0,0.5790084571585379,5,74.0,0.35171643466259633,0,14.0,0.8482355751308877,0,0.0,0.908086887516935,5,91.0
1385.0,7,104.0,2.2127659574468086,7.205177106140956,0,0.0,0.8211002614642804,6,102.0,0.3969933319246716,0,3.0,0.9226324249907509,0,0.0,0.9377838976182604,6,105.0
1390.0,4,36.0,0.7346938775510204,7.359309667987388,0,0.0,0.9611917058198901,3,34.0,0.4520063464024898,0,0.0,1.0,0,0.0,0.9945228072152181,3,34.0
1395.0,4,45.0,0.9,7.899395159532155,0,0.0,1.0,4,51.0,0.49552977279476995,0,0.0,0.9579999464483862,0,0.0,0.9349244254685822,4,51.0
1400.0,4,65.0,1.3829787234042554,7.8469864943696574,0,0.0,1.0,4,68.0,0.5232753872181136,0,6.0,0.7962531921676572,0,0.0,0.9782102576215501,4,74.0
1405.0,8,101.0,2.061224489795918,7.496262201483035,0,0.0,1.0,5,92.0,0.48713677030603725,1,10.0,0.8080617257265926,0,0.0,0.9682288506189245,6,102.0
1410.0,4,30.0,0.625,7.469963008149345,0,0.0,1.0,3,55.0,0.5067346323728998,1,15.0,0.7643934175672993,0,0.0,0.9766563371882603,4,70.0
1415.0,3,22.0,0.4782608695652174,7.965283719328009,0,0.0,1.0,2,22.0,0.4233462778133504,1,20.0,0.5755604211572112,0,0.0,0.9794395269884618,3,42.0
1420.0,6,50.0,1.0869565217391304,6.965476712249034,0,0.0,1.0,3,26.0,0.3200454655231505,2,30.0,0.5774731184733312,0,0.0,0.9359977300458479,5,56.0
1425.0,5,65.0,1.4130434782608696,7.0499239302901655,0,0.0,1.0,4,45.0,0.41819339814660605,1,30.0,0.6120524914101063,0,0.0,0.9428311702396684,5,75.0
1430.0,6,91.0,1.9782608695652173,6.791891672101125,0,0.0,0.7722083799068853,5,69.0,0.25442732592064976,1,29.0,0.6399911356377935,0,0.0,0.9621162715696161,6,98.0
1435.0,1,34.0,0.7555555555555555,8.060850108813627,0,0.0,0.8951540651339263,0,16.0,0.7338383424704673,1,34.0,0.6578822941793018,0,0.0,0.9773093456651637,1,50.0
1440.0,1,39.0,0.8863636363636364,8.950442056867296,0,0.0,1.0,0,3.0,0.9699859208700345,1,39.0,0.651553749480793,0,0.0,0.9270870287400003,1,42.0
1445.0,3,49.0,1.0,9.11733081623259,0,0.0,0.8449619254384834,1,5.0,0.7298730854584662,1,50.0,0.7652284263282024,0,0.0,0.8575031316027454,2,55.0
1450.0,3,58.0,1.1372549019607843,8.715934820190531,0,0.0,0.8435935561464735,1,10.0,0.7059436160425592,2,57.0,0.6407057977253,0,0.0,0.8527175510267797,3,67.0
1455.0,4,63.0,1.2352941176470589,8.506854180238129,1,1.0,0.011290413152793916,0,7.0,0.9452245081448548,3,68.0,0.4818862383199132,0,0.0,0.9385656431456755,4,76.0
1460.0,5,87.0,1.7058823529411764,8.343581221059278,1,6.0,1.5759084442373015e-05,0,3.0,0.6807619112047556,4,87.0,0.48277940313188616,0,0.0,0.9530187610155432,5,96.0
1465.0,5,90.0,1.836734693877551,8.02927350702919,1,11.0,0.0,2,9.0,0.48646242382346444,2,89.0,0.6437743071195822,0,0.0,0.9525783769115346,5,109.0
1470.0,5,105.0,2.1875,7.733570050666889,1,16.0,0.0,3,26.0,0.49730929826236137,1,84.0,0.5852573458950833,0,0.0,0.9515017415647262,5,126.0
1475.0,6,135.0,2.8125,7.8572441098696615,1,21.0,0.4899383190044485,3,41.0,0.5247458806092762,2,79.0,0.08503034621323789,0,0.0,0.9372141290712014,6,141.0
1480.0,7,168.0,3.36,7.755968051640959,1,26.0,0.0,3,56.0,0.4629462034689664,3,92.0,0.3815763088889737,0,0.0,0.9462858979577553,7,174.0
1485.0,10,129.0,2.480769230769231,7.122474781639345,1,31.0,0.0,5,79.0,0.40583633403973707,3,24.0,0.02449722559163088,0,0.0,0.9847443792491994,9,134.0
1490.0,12,187.0,3.6666666666666665,7.4449466073861394,1,39.0,0.49001707786654647,5,104.0,0.35891129488840556,3,39.0,0.0034857819253958765,0,0.0,0.9420018077007204,9,182.0
1495.0,15,253.0,4.865384615384615,6.5273248980384215,1,41.0,0.0,6,129.0,0.2474184452611731,4,59.0,0.0,0,0.0,0.9336459894665599,11,229.0
1500.0,17,332.0,6.264150943396227,5.79018292409326,1,46.0,0.0,7,158.0,0.04429845697219217,4,79.0,0.0,0,0.0,0.9667543904266231,12,283.0
1505.0,18,420.0,8.4,5.32496593195636,1,51.0,0.0,7,193.0,0.0793783650387729,4,99.0,0.03156046811185396,0,0.0,0.9717410271921925,12,343.0
1510.0,18,474.0,10.085106382978724,4.725837450452124,1,56.0,0.0,8,233.0,0.1059559775105408,2,92.0,0.02141357530203596,0,0.0,0.9636915515977222,11,381.0
1515.0,19,567.0,11.571428571428571,5.135098533535617,1,61.0,0.0,8,278.0,0.17867599033550605,2,83.0,0.0,0,0.0,0.9743998422886191,11,422.0
1520.0,13,362.0,7.24,4.992334585123491,1,66.0,0.0,0,61.0,0.4242799410509346,2,93.0,0.3038763184938626,0,0.0,0.9522705182359742,3,220.0
1525.0,19,443.0,8.686274509803921,5.495275536269727,1,71.0,0.0,0,5.0,0.963301408912839,2,103.0,0.29923076685027716,0,0.0,0.9859840034635016,3,179.0
1530.0,14,398.0,7.803921568627451,6.870354836928308,1,76.0,0.0,0,14.0,0.8731081153034301,2,122.0,0.6459927252122813,0,0.0,0.9930714076093297,3,212.0
1535.0,12,437.0,8.092592592592593,7.763733060190178,1,81.0,0.0,0,16.0,0.9126944953360959,2,132.0,0.6674433655823648,0,0.0,0.9507648949488846,3,229.0
1540.0,13,498.0,9.222222222222221,7.224951425520367,1,86.0,0.0,0,7.0,0.9322299526099077,2,142.0,0.6222675840498181,0,0.0,0.8520400436476598,3,235.0
1545.0,16,528.0,9.6,6.90084684467991,1,91.0,0.0,1,7.0,0.5469319205642876,4,158.0,0.523410603997872,0,0.0,0.9564129821121872,6,256.0
1550.0,17,613.0,11.566037735849056,6.703664183917219,1,96.0,0.0,2,17.0,0.6669407993665548,4,178.0,0.5719503268799946,0,0.0,0.9559032638301801,7,291.0
1555.0,18,671.0,12.2,5.490437971526254,1,101.0,0.0,3,27.0,0.4705540960419234,4,198.0,0.4010648409616157,0,0.0,0.9490805863158562,8,326.0
1560.0,15,640.0,12.075471698113208,4.723558444864924,1,106.0,0.0,0,0.0,0.7137374845651049,4,195.0,0.1049448783782201,0,0.0,0.9918811906637699,5,301.0
1565.0,10,424.0,8.153846153846153,6.339046688081469,1,113.0,0.4248052699548788,0,0.0,0.8483700412097847,4,215.0,0.0,0,0.0,0.918344466996415,5,328.0
1570.0,5,351.0,6.75,7.693337284166161,1,116.0,0.4421662574649375,0,3.0,0.9424205324389967,4,238.0,0.19480641357686618,0,0.0,0.9333253035530291,5,357.0
1575.0,5,376.0,7.52,8.464721629267398,1,121.0,0.0,0,3.0,0.8835645699498771,4,258.0,0.3993757207845355,0,0.0,0.9371781434436168,5,382.0
1580.0,5,276.0,5.52,8.27185145900538,0,0.0,1.0,0,3.0,0.966608065373741,4,278.0,0.47952247503796996,0,0.0,0.9490436026938072,4,281.0
1585.0,9,313.0,6.137254901960785,8.003930108701132,0,0.0,1.0,0,38.0,0.9122328716358985,4,298.0,0.28846736877702056,0,0.0,0.9431134177061411,4,336.0
1590.0,10,333.0,6.66,7.79940269070704,0,0.0,1.0,2,40.0,0.7023708448844509,5,323.0,0.3600294319067318,0,0.0,0.9657617757568181,7,363.0
1595.0,8,359.0,7.804347826086956,6.931375323104304,0,0.0,1.0,3,14.0,0.49242896737539477,5,348.0,0.35966167338863375,0,0.0,0.951490087665442,8,362.0
1600.0,10,403.0,9.159090909090908,5.803750481654317,0,0.0,1.0,4,31.0,0.3347754261324483,6,375.0,0.10928412998653791,0,0.0,0.9747641918546931,10,406.0
1605.0,13,443.0,9.630434782608695,5.455477277198784,0,0.0,1.0,4,48.0,0.3195905994175304,5,398.0,0.14221610795709846,0,0.0,0.980860977164981,9,446.0
1610.0,17,519.0,11.042553191489361,5.6796037221611355,0,3.0,0.5169883727521626,4,71.0,0.31491844718741263,5,420.0,0.15359157151042033,0,0.0,0.9304652979224444,9,494.0
1615.0,18,609.0,12.6875,5.578223549660287,0,0.0,1.0,5,84.0,0.27569263697297713,5,445.0,0.15174378994902002,0,0.0,0.8716136251693849,10,529.0
1620.0,18,699.0,14.26530612244898,5.585154405587236,0,0.0,1.0,5,109.0,0.4253027172980121,5,470.0,0.14970615778768878,0,0.0,0.8293242494016129,10,579.0
1625.0,12,358.0,7.16,5.765018315131699,0,0.0,1.0,0,17.0,0.7345537297272784,3,339.0,0.14233346626650817,0,0.0,0.8704823079255996,3,356.0
1630.0,10,188.0,3.9166666666666665,5.998675403140723,0,0.0,1.0,1,5.0,0.6224293383767351,1,112.0,0.19244406560606306,0,0.0,0.874267395806623,2,117.0
1635.0,9,204.0,4.08,7.436262083185778,0,0.0,1.0,2,15.0,0.5472947589277795,1,15.0,0.6611651430656676,0,0.0,0.9868112205381864,3,30.0
1640.0,12,259.0,4.980769230769231,7.170164286598988,0,0.0,0.03950248166646292,3,30.0,0.6358967666839986,3,25.0,0.4825934923209239,0,0.0,0.9715690209652152,6,55.0
1645.0,8,252.0,5.04,6.738240545586538,1,5.0,5.391735066285625e-05,1,14.0,0.6333685120025192,0,14.0,0.7563160128987102,0,0.0,0.9797906968940584,2,33.0
1650.0,10,289.0,5.78,6.5751380555141825,0,0.0,1.0,3,16.0,0.49517891976852585,0,8.0,0.9598711642092314,0,0.0,0.98384136000886,3,24.0
1655.0,13,348.0,7.404255319148936,6.68250113972934,0,0.0,1.0,4,32.0,0.5244362020499005,0,11.0,0.8828551252458332,0,0.0,0.9755398182955828,4,43.0
1660.0,12,404.0,8.244897959183673,6.647559272004408,0,0.0,0.9659430327275682,4,52.0,0.48060331270475193,0,3.0,0.9487301953058309,0,0.0,0.983623963229781,4,55.0
1665.0,6,270.0,5.869565217391305,6.512221343561165,0,0.0,1.0,0,13.0,0.777123946345476,0,3.0,0.7720352907292221,0,0.0,0.941692868750542,0,16.0
1670.0,2,23.0,0.48936170212765956,7.304049230827552,0,0.0,1.0,0,3.0,0.9523313209230927,1,7.0,0.6922551401101402,0,0.0,0.9863413582886575,1,10.0
1675.0,1,9.0,0.1875,7.966480171630502,0,0.0,1.0,0,3.0,0.9124252364604243,1,16.0,0.610201635216024,0,0.0,0.9585396782036312,1,19.0
1680.0,3,22.0,0.4888888888888889,8.266081603313417,0,0.0,1.0,0,3.0,0.9105891320624016,3,29.0,0.615836065127193,0,0.0,0.9458952518898814,3,32.0
1685.0,2,28.0,0.6363636363636364,7.75555810227346,0,0.0,1.0,0,26.0,0.9541327691429955,2,32.0,0.559110238890136,0,0.0,0.9647116403946652,2,58.0
1690.0,3,41.0,0.9318181818181818,8.596707943844558,0,0.0,1.0,0,26.0,0.9754783233962794,3,45.0,0.5427917032576822,0,0.0,0.9457117997628187,3,71.0
1695.0,5,59.0,1.372093023255814,8.318704964623024,0,0.0,1.0,0,26.0,0.5028105506197782,3,60.0,0.5949553500485935,0,0.0,0.9678137722065243,3,86.0
1700.0,7,80.0,1.8181818181818181,7.927486940016684,0,0.0,1.0,1,4.0,0.6270004449764321,4,138.0,0.44021257574833295,0,0.0,0.9269328861573425,5,142.0
1705.0,3,21.0,0.5,7.333533945688471,0,0.0,1.0,1,9.0,0.62203708696189,2,109.0,0.342550787861233,0,0.0,0.9606165934375577,3,118.0
1710.0,2,23.0,0.5476190476190477,7.508819970122322,0,3.0,0.55147166055281,1,17.0,0.47397629942930947,1,86.0,0.3439654900876694,0,0.0,0.9353621498682834,2,106.0
1715.0,4,25.0,0.5681818181818182,8.64291776990301,0,0.0,1.0,1,9.0,0.7520716090064324,3,91.0,0.3895717946249114,0,0.0,0.9379577768916529,4,100.0
1720.0,4,45.0,0.9782608695652174,8.549577943951238,0,0.0,0.9825307686190783,1,14.0,0.820635743152762,3,106.0,0.0,0,0.0,0.9467096931995231,4,120.0
1725.0,2,26.0,0.5909090909090909,8.523438902459878,0,0.0,1.0,1,19.0,0.7654397747881099,1,39.0,0.5158915243228126,0,0.0,0.9377214808840525,2,58.0
1730.0,1,18.0,0.4,9.128726384840952,0,0.0,1.0,1,24.0,0.6977450649181701,0,3.0,0.8850617359117425,0,0.0,0.9768263829523129,1,27.0
1735.0,2,26.0,0.6046511627906976,9.212951680537678,0,0.0,1.0,2,32.0,0.6742968882381435,0,3.0,0.9560642007305002,0,0.0,0.9738521203048477,2,35.0
1740.0,4,38.0,0.9047619047619048,7.6659917413725145,0,0.0,1.0,3,43.0,0.3316861261956061,1,4.0,0.6092887475914908,0,0.0,0.9390584755421428,4,47.0
1745.0,6,68.0,1.6585365853658536,6.851213644826647,0,0.0,1.0,5,68.0,0.14951405689725578,1,9.0,0.6195947464138702,0,0.0,0.9865712261927144,6,77.0
1750.0,5,87.0,2.0232558139534884,7.197416002495144,0,0.0,1.0,5,93.0,0.15932760426537912,0,3.0,0.9787231013764741,0,0.0,0.9774453282515034,5,96.0
1755.0,9,124.0,2.9523809523809526,6.605269457643865,0,0.0,1.0,6,121.0,0.12603917080161084,0,0.0,0.9300209111500535,0,0.0,0.9420596954274991,6,121.0
1760.0,4,8.0,0.19047619047619047,6.350253250194712,0,0.0,0.06402991590642651,0,17.0,0.5951142530351208,0,0.0,1.0,0,0.0,0.9793789407621981,0,17.0
1765.0,4,25.0,0.5434782608695652,7.698853390690258,0,0.0,1.0,0,10.0,0.9692504852773307,0,0.0,1.0,0,0.0,0.9854932707270394,0,10.0
1770.0,4,45.0,0.9782608695652174,8.074441708203167,0,0.0,1.0,0,10.0,0.8844318981252526,0,6.0,0.9300396080389532,0,0.0,0.938728752210109,0,16.0
1775.0,8,76.0,1.6888888888888889,7.48269352836767,0,0.0,1.0,1,6.0,0.7199404473401743,1,7.0,0.6072334018009136,0,0.0,0.9630655493651984,2,13.0
1780.0,9,121.0,2.688888888888889,7.417883723613664,0,0.0,1.0,1,11.0,0.6981537245927081,2,17.0,0.636370003752684,0,0.0,0.9530054112268243,3,28.0
1785.0,9,166.0,3.688888888888889,6.774915579287186,0,0.0,1.0,1,16.0,0.5591307822485351,2,27.0,0.6443336757122,0,0.0,0.9528554809589272,3,43.0
1790.0,8,136.0,3.317073170731707,6.354902025674448,0,0.0,1.0,4,29.0,0.28499516262293945,0,20.0,0.8174021560490781,0,0.0,0.9353428598533635,4,49.0
1795.0,4,46.0,1.1794871794871795,7.0845758494179,0,0.0,1.0,4,52.0,0.4931885810763852,0,0.0,0.9749586259164911,0,0.0,0.9646361248738116,4,52.0
1800.0,3,38.0,0.9047619047619048,7.9295963301892805,0,0.0,1.0,3,44.0,0.5279646691614303,0,0.0,0.9731455114377883,0,0.0,0.958855055816577,3,44.0
1805.0,8,67.0,1.6341463414634145,7.450967408649522,0,0.0,0.9953375601000866,4,60.0,0.4152077343122917,0,0.0,0.9903199984391908,0,0.0,0.963948453087881,4,60.0
1810.0,8,80.0,1.951219512195122,6.940865387548694,0,0.0,0.9857710407437235,4,80.0,0.407612282188968,0,0.0,0.9362750799337674,0,0.0,0.9362046866444175,4,80.0
1815.0,6,99.0,2.302325581395349,7.3215745046084475,0,0.0,1.0,4,100.0,0.4547808962424309,1,2.0,0.0003488900778488451,0,0.0,0.9836492355201596,5,102.0
1820.0,9,132.0,3.0,7.159497377643796,0,0.0,1.0,4,120.0,0.28284241558580936,1,35.0,0.4598509115061244,0,0.0,0.9587883425460133,5,155.0
1825.0,6,46.0,1.0454545454545454,6.69364007807456,0,0.0,1.0,0,3.0,0.3613594422954663,1,21.0,0.7036901055209391,0,0.0,0.9672695945154862,1,24.0
1830.0,9,86.0,2.0,6.98741143591958,0,0.0,1.0,1,3.0,0.5893165706178092,2,19.0,0.474422640713283,0,0.0,0.9456103129538795,3,22.0
1835.0,7,102.0,2.3181818181818183,7.580897199162748,0,0.0,1.0,1,8.0,0.7306406525167278,0,9.0,0.8132520119039268,0,0.0,0.987377166028284,1,17.0
1840.0,10,144.0,3.130434782608696,6.651429897759352,0,0.0,1.0,1,16.0,0.654276959331719,2,15.0,0.5782473144852401,0,0.0,0.964503423568956,3,31.0
1845.0,8,118.0,2.5652173913043477,6.762709285248536,0,0.0,1.0,2,28.0,0.5622558857786089,2,25.0,0.637091436721645,0,0.0,0.9618922717679986,4,53.0
1850.0,6,65.0,1.3541666666666667,7.4225542208903095,0,0.0,1.0,4,45.0,0.553378972556228,2,35.0,0.5790363522123245,0,0.0,0.9529170488693062,6,80.0
1855.0,5,79.0,1.6808510638297873,7.678358423910036,0,0.0,1.0,4,65.0,0.5438740385453563,1,23.0,0.7025431838692033,0,0.0,0.9651785836856557,5,88.0
1860.0,9,114.0,2.425531914893617,6.628152772757897,0,0.0,1.0,7,92.0,0.40172688062629286,2,31.0,0.4098136903977275,0,0.0,0.9388523991004412,9,123.0
1865.0,8,129.0,2.6875,6.577330721926638,0,0.0,1.0,4,92.0,0.5609974666876292,4,46.0,0.01878418019192754,0,0.0,0.9960331992503106,8,138.0
1870.0,9,174.0,3.5510204081632653,7.2169392698778045,0,0.0,1.0,4,106.0,0.4278757030701603,5,93.0,0.07511534948051461,0,0.0,0.9480066494966215,9,199.0
1875.0,7,180.0,3.5294117647058822,7.218443647722332,0,0.0,1.0,4,126.0,0.3258057793871953,3,88.0,0.32706934269958743,0,0.0,0.9586696865284521,7,214.0
1880.0,12,229.0,4.58,6.9277622128387115,0,6.0,0.5206718982354038,6,157.0,0.29832386656337223,3,97.0,0.5434179314018097,0,0.0,0.9749542211626394,9,260.0
1885.0,5,102.0,2.0816326530612246,6.950947187297117,0,0.0,0.9728076208603463,2,83.0,0.4926897526331445,3,112.0,0.4886216194754245,0,0.0,0.9414448605707956,5,195.0
1890.0,6,112.0,2.4347826086956523,7.813727441913168,0,0.0,1.0,0,12.0,0.6915682108044566,3,127.0,0.47142713500461736,0,0.0,0.9852049912589141,3,139.0
1895.0,7,143.0,3.108695652173913,7.844325315400804,0,0.0,1.0,0,3.0,0.7209178818615259,3,145.0,0.5899493428124098,0,0.0,0.9454003547539184,3,148.0
1900.0,8,177.0,4.116279069767442,7.369638635739176,0,0.0,1.0,1,7.0,0.7365970096584061,4,161.0,0.498036685960908,0,0.0,0.9467574336200463,5,168.0
1905.0,10,224.0,5.209302325581396,7.116773582499894,0,0.0,1.0,1,14.0,0.7397479824198795,6,188.0,0.4279228888085169,0,0.0,0.9508071808049764,7,202.0
1910.0,10,274.0,6.523809523809524,6.292345770900836,0,0.0,1.0,1,19.0,0.4772480313951321,6,218.0,0.3431298267885082,0,0.0,0.9932682481334985,7,237.0
1915.0,15,339.0,8.071428571428571,5.515857164653314,0,0.0,1.0,4,34.0,0.18234200955434057,7,249.0,0.3616103371866944,0,0.0,0.9933523488419607,11,283.0
1920.0,13,359.0,8.547619047619047,4.804981927478458,0,0.0,1.0,6,63.0,0.14216586277616286,3,218.0,0.3828206371501323,0,0.0,0.9887988089818162,9,281.0
1925.0,10,320.0,7.804878048780488,5.37513657970404,0,6.0,0.6242621624640359,3,27.0,0.3711322253385149,3,226.0,0.23441024860633125,0,0.0,0.9382732162411432,6,259.0
1930.0,7,275.0,6.395348837209302,6.995647282136199,0,0.0,0.9024634247811346,3,42.0,0.5499163472563701,3,241.0,0.0,0,0.0,0.9629555977429463,6,283.0
1935.0,6,286.0,6.5,7.595582445341349,0,0.0,1.0,3,57.0,0.44334066564743974,3,262.0,0.46732947899569083,0,0.0,0.9617090789263935,6,319.0
1940.0,8,152.0,3.4545454545454546,7.323700881955134,0,0.0,1.0,3,72.0,0.6069977350128734,1,171.0,0.6569217065805052,0,0.0,0.9834413944702092,4,243.0
1945.0,5,42.0,0.9333333333333333,8.046916434869926,0,0.0,1.0,0,28.0,0.8328945664695808,0,6.0,0.8883411456553164,0,0.0,0.9752259688971636,0,34.0
1950.0,7,73.0,1.6222222222222222,7.927697572421176,0,0.0,1.0,0,6.0,0.7670216527465378,1,7.0,0.6189917083979651,0,0.0,0.9311408999682298,1,13.0
1955.0,11,120.0,2.926829268292683,6.921877881632322,0,0.0,1.0,3,14.0,0.5472569644601658,2,19.0,0.6379832713913185,0,0.0,0.9298969507131858,5,33.0
1960.0,9,111.0,2.8461538461538463,6.418128276981358,0,0.0,1.0,3,29.0,0.5213469015006653,1,17.0,0.7525022046963229,0,0.0,0.9632701656176741,4,46.0
1965.0,2,23.0,0.575,6.719391905725888,0,0.0,0.9309130673544562,0,6.0,0.5186901079134866,1,19.0,0.6511125877892275,0,0.0,0.9708884755539229,1,25.0
1970.0,2,26.0,0.6341463414634146,8.147632435082683,0,0.0,0.9985413247385896,1,9.0,0.7042417395853803,1,24.0,0.7333376444996831,0,0.0,0.9486707042827873,2,33.0
1975.0,2,36.0,0.8181818181818182,8.910434770795307,0,0.0,1.0,1,14.0,0.7279012913375305,1,32.0,0.718173590538082,0,0.0,0.9754693473831215,2,46.0
1980.0,2,46.0,1.1219512195121952,8.920738946167258,0,0.0,1.0,1,57.0,0.454872400607262,1,68.0,0.7659478918157814,0,0.0,0.9707101838572301,2,125.0
1985.0,3,4.0,0.08888888888888889,8.881687124215592,0,0.0,1.0,0,45.0,0.7990050738974855,0,3.0,0.9758931935255024,0,0.0,0.9585260648942792,0,48.0
1990.0,2,8.0,0.18604651162790697,8.689573437144265,0,0.0,1.0,0,41.0,0.7207790796993504,0,3.0,0.8339861769652982,0,0.0,0.9565567907657785,0,44.0
1995.0,2,9.0,0.225,9.190117925834107,0,0.0,1.0,1,9.0,0.7625024117448267,1,7.0,0.5590397811004523,0,0.0,0.9706824945648013,2,16.0
2000.0,3,23.0,0.6216216216216216,8.57933829360131,0,0.0,1.0,1,14.0,0.7586861047051924,2,21.0,0.5899290557974316,0,0.0,0.9643619075522728,3,35.0
2005.0,7,45.0,1.2162162162162162,7.173769650322209,0,0.0,1.0,2,21.0,0.4729722789190522,2,31.0,0.3279842563108416,0,0.0,0.9787669075296117,4,52.0
2010.0,9,88.0,2.4444444444444446,6.656722323936703,0,0.0,1.0,2,31.0,0.4758660481813957,4,49.0,0.2525079398293243,0,0.0,0.9481422891391774,6,80.0
2015.0,11,142.0,4.176470588235294,6.3258575583402585,0,0.0,1.0,2,63.0,0.529593476880761,6,78.0,0.2289350045861173,0,0.0,0.9486145071491138,8,141.0
2020.0,8,138.0,3.8333333333333335,7.728147070841083,0,0.0,1.0,3,76.0,0.6110720132013202,5,90.0,0.16103496201042536,0,0.0,0.9796771608725574,8,166.0
2025.0,6,113.0,2.8974358974358974,7.40922757110872,0,0.0,1.0,1,5.0,0.6154174327003578,5,115.0,0.15328658418023808,0,0.0,0.996905645074309,6,120.0
2030.0,7,144.0,3.6,6.639061856676785,0,0.0,1.0,2,11.0,0.17524432590912167,5,140.0,0.11580094564157882,0,0.0,0.9685275959697079,7,151.0
2035.0,11,193.0,4.386363636363637,7.256569085252985,0,0.0,1.0,5,33.0,0.2649880891926217,6,170.0,0.22152114818005814,0,0.0,0.9135283782011842,11,203.0
2040.0,12,253.0,5.75,7.111578952169725,0,0.0,1.0,5,58.0,0.25477740413632816,7,205.0,0.2770806698059353,0,0.0,0.961175341669924,12,263.0
2045.0,3,19.0,0.41304347826086957,7.361144078532795,0,0.0,1.0,2,44.0,0.29559444551430825,1,53.0,0.5646526132260716,0,0.0,0.9769665186077794,3,97.0
2050.0,0,0.0,0.0,8.808461231605541,0,6.0,0.5278838877435651,0,48.0,0.7149605527351854,0,5.0,0.6314390307835743,0,0.0,0.6920887530319328,0,59.0
2055.0,3,8.0,0.1702127659574468,8.672314346373598,0,0.0,0.7584060485539553,1,52.0,0.7367490171594964,1,7.0,0.803777380671267,1,3.0,0.059521497279895835,3,62.0
2060.0,5,30.0,0.6521739130434783,8.878307259988885,0,0.0,1.0,1,12.0,0.8312238184975953,1,12.0,0.6784448920826744,2,12.0,0.15653921497874168,4,36.0
2065.0,5,40.0,0.9090909090909091,8.378908326372013,0,0.0,0.9847047313711265,1,17.0,0.7989909562995307,3,21.0,0.4044278928118819,0,0.0,0.8101318439360353,4,38.0
2070.0,6,58.0,1.288888888888889,7.970055657046133,0,0.0,0.8917503135337653,1,22.0,0.6913299208368221,4,44.0,0.2878401615221446,0,0.0,0.9985657981866909,5,66.0
2075.0,7,83.0,1.8444444444444446,7.769640188485907,0,0.0,1.0,2,32.0,0.5565411130200065,5,57.0,0.2643060048052485,0,0.0,0.9573083855913248,7,89.0
2080.0,9,127.0,2.702127659574468,7.828568042642276,0,0.0,1.0,4,51.0,0.36660027104696696,5,82.0,0.26195187224230365,0,0.0,0.9943679492901245,9,133.0
2085.0,9,126.0,2.739130434782609,6.247871533141887,0,0.0,1.0,1,18.0,0.2584062077147185,6,108.0,0.033846841855287545,0,0.0,0.9812272559248626,7,126.0
2090.0,13,186.0,3.9574468085106385,6.3123595089787425,0,0.0,1.0,2,24.0,0.29010325582370083,7,143.0,0.12070198271950616,0,0.0,0.9562933727194114,9,167.0
2095.0,14,254.0,5.521739130434782,6.616044270963588,0,0.0,1.0,2,34.0,0.4826182645451321,7,184.0,0.2875680417047076,0,0.0,0.9759352673663528,9,218.0
2100.0,12,268.0,5.955555555555556,6.098248947887661,0,0.0,1.0,2,44.0,0.5686282498408463,4,162.0,0.4397154202213622,0,0.0,0.9681618726689126,6,206.0
2105.0,14,334.0,7.1063829787234045,6.3586965359515935,0,3.0,0.910579993337271,3,61.0,0.3880079996872477,4,182.0,0.4145712958545726,0,0.0,0.9934268568275992,7,246.0
2110.0,16,409.0,8.520833333333334,5.769819058293829,0,0.0,1.0,5,81.0,0.3031850435753251,4,202.0,0.4861682386360528,0,0.0,0.8461750470314342,9,283.0
2115.0,15,424.0,8.833333333333334,5.806241374173169,0,0.0,0.9539370000161608,6,110.0,0.40619987673681274,4,219.0,0.3242242001126013,0,0.0,0.9651609035912598,10,329.0
2120.0,15,338.0,7.191489361702128,5.331822806641993,1,3.0,6.218705656554666e-05,6,140.0,0.4386736147539381,3,173.0,0.2132218888406599,0,0.0,0.92039989768281,10,316.0
2125.0,12,173.0,3.5306122448979593,6.158418005785052,1,8.0,0.0,5,148.0,0.5332516800648684,2,66.0,0.24461445060764503,0,0.0,0.8648083999555042,8,222.0
2130.0,8,202.0,4.208333333333333,7.313470799673547,1,13.0,0.0,5,178.0,0.5685062964557529,2,25.0,0.0,0,0.0,0.927188957344276,8,216.0
2135.0,8,242.0,5.041666666666667,7.558575251674955,1,18.0,0.0,5,195.0,0.4330360368801619,2,38.0,0.6098495364422811,0,0.0,0.9961850156890414,8,251.0
2140.0,11,291.0,6.191489361702128,7.342918693002759,1,23.0,0.0,7,227.0,0.2117723243971367,3,50.0,0.4185694715500469,0,0.0,0.9591329170682127,11,300.0
2145.0,11,321.0,6.551020408163265,7.4584874139657575,0,0.0,1.0,7,262.0,0.21801719937129868,4,68.0,0.4383013070770145,0,0.0,0.937887341134672,11,330.0
2150.0,14,383.0,8.326086956521738,6.877818762710575,0,0.0,1.0,7,297.0,0.21720004450922065,5,90.0,0.4913329770108489,0,0.0,0.9431760057635239,12,387.0
2155.0,8,339.0,7.533333333333333,6.127305384112886,0,0.0,1.0,7,332.0,0.1176931876094013,1,22.0,0.39744606810967137,0,0.0,0.9858512399170695,8,354.0
2160.0,9,384.0,8.347826086956522,6.45863598356554,0,3.0,0.7935400735080537,7,370.0,0.19484695401106944,2,17.0,0.3258767247071917,0,0.0,0.9363934341696739,9,390.0
2165.0,11,431.0,8.979166666666666,7.007065814701267,2,8.0,0.10520183586326763,7,435.0,0.3472334073725906,2,27.0,0.4832088030030707,0,0.0,0.9910732396587941,11,470.0
2170.0,8,179.0,3.8085106382978724,6.739581000649348,3,22.0,0.01211022762442897,3,302.0,0.3957588961023535,2,42.0,0.42191010259045447,0,0.0,0.981272472190641,8,366.0
2175.0,5,35.0,0.7142857142857143,6.960393045074855,3,37.0,0.002681891028048542,0,67.0,0.7232095865495222,2,28.0,0.3613865190615731,0,0.0,0.9548971929133578,5,132.0
2180.0,7,68.0,1.3076923076923077,7.925703076081196,4,56.0,0.0002656431147556558,0,4.0,0.9227036434878766,3,26.0,0.35294184122778666,0,0.0,0.9769053698072019,7,86.0
2185.0,5,40.0,0.7407407407407407,8.168234533645151,0,8.0,0.018510304615572046,1,6.0,0.7728958879760898,4,46.0,0.508784310484534,0,0.0,0.9836622138292392,5,60.0
2190.0,6,66.0,1.2452830188679245,7.551772054241821,0,0.0,1.0,1,11.0,0.5876206233154132,5,67.0,0.463731297835936,0,0.0,0.9491289921778086,6,78.0
2195.0,8,83.0,1.6274509803921569,7.198760005447284,0,0.0,1.0,3,24.0,0.33519517865813186,4,68.0,0.4890974815462882,0,0.0,0.9478164535619558,7,92.0
2200.0,9,126.0,2.423076923076923,7.977439947366703,0,4.0,0.5329836960705241,3,42.0,0.40985565976440275,4,88.0,0.5183204775874111,0,0.0,0.9476871662993839,7,134.0
2205.0,9,154.0,3.08,8.125118537066207,0,0.0,1.0,4,60.0,0.3606673359123737,5,106.0,0.36123117273240085,0,0.0,0.9493399882153408,9,166.0
2210.0,10,203.0,4.06,7.622558542323906,0,0.0,1.0,5,84.0,0.36469855093959935,5,144.0,0.0736533025703819,0,0.0,0.9728134506388273,10,228.0
2215.0,12,179.0,3.7291666666666665,7.144150789719813,0,0.0,1.0,6,109.0,0.35911441104119957,6,128.0,0.017784568842025252,0,0.0,0.915181203444957,12,237.0
2220.0,8,153.0,3.06,7.576446302217676,0,0.0,1.0,6,136.0,0.35980384137522076,2,71.0,0.157284936891527,0,0.0,0.9548195676913424,8,207.0
2225.0,8,193.0,4.195652173913044,7.922961796661755,0,0.0,1.0,6,163.0,0.411379342348213,2,38.0,0.4587730980180549,0,0.0,0.9538134538164096,8,201.0
2230.0,11,239.0,5.311111111111111,7.032785972868247,0,0.0,0.9364113254464828,7,194.0,0.35797785748187777,4,49.0,0.00013793096555667346,0,0.0,0.9619359426633434,11,243.0
2235.0,9,279.0,5.9361702127659575,6.214598093866363,0,0.0,1.0,7,229.0,0.3102539580067585,2,54.0,0.0,0,0.0,0.947444970016866,9,283.0
2240.0,13,334.0,6.958333333333333,6.096866294272174,0,0.0,1.0,7,270.0,0.3515998557092806,2,64.0,0.3241067578668657,0,0.0,0.9478458147052624,9,334.0
2245.0,12,385.0,8.020833333333334,6.328189731766945,0,0.0,1.0,8,310.0,0.42214867125839534,2,74.0,0.4878906845507677,0,0.0,0.9486466865789228,10,384.0
2250.0,4,87.0,1.8125,6.317494358348149,0,0.0,1.0,1,63.0,0.5328983064465608,2,84.0,0.31613762558837283,0,0.0,0.9802999017841987,3,147.0
2255.0,2,11.0,0.21568627450980393,7.6112739651820664,0,0.0,1.0,0,9.0,0.8455866192086374,1,46.0,0.2932452390295719,0,0.0,0.950257159396458,1,55.0
2260.0,1,9.0,0.18,8.414826409635198,0,0.0,1.0,0,8.0,0.8446213569295707,1,18.0,0.6355338577166365,0,0.0,0.9738268565069408,1,26.0
2265.0,6,27.0,0.5510204081632653,7.485569956564515,0,0.0,1.0,1,11.0,0.6961100690805532,4,32.0,0.5519300127824447,0,0.0,0.9844417884506166,5,43.0
2270.0,7,58.0,1.0943396226415094,7.12705272576059,0,0.0,1.0,0,3.0,0.778642455608009,4,63.0,0.48961155598503814,0,0.0,0.9306927651824437,4,66.0
2275.0,11,88.0,1.6603773584905661,6.023005191334845,0,0.0,1.0,2,11.0,0.38768948178823925,4,63.0,0.5181667939145249,0,0.0,0.9770132154382423,6,74.0
2280.0,16,162.0,3.24,5.844151336254965,0,0.0,1.0,3,29.0,0.3302739024613509,4,83.0,0.6095435733450366,0,0.0,0.9426914942984806,7,112.0
2285.0,18,246.0,5.125,4.92353698313134,0,0.0,1.0,3,44.0,0.530216250158898,4,100.0,0.46828047404963546,0,0.0,0.9542367124171903,7,144.0
2290.0,13,215.0,4.215686274509804,5.465126682787906,0,0.0,0.954385320573134,0,8.0,0.8989160806328644,4,117.0,0.1984898435287315,0,0.0,0.9595163756994397,4,125.0
2295.0,12,257.0,5.03921568627451,6.5116463514844645,0,0.0,1.0,0,3.0,0.9619088066450786,4,137.0,0.4714609358968513,0,0.0,0.9645775986721055,4,140.0
2300.0,14,322.0,6.708333333333333,6.002772738141727,0,0.0,1.0,1,5.0,0.5882182187500653,5,163.0,0.42213449387148544,0,0.0,0.9407512671649116,6,168.0
2305.0,13,263.0,5.26,6.372908995155435,0,0.0,1.0,2,15.0,0.5765596183419491,5,188.0,0.4156822990826516,0,0.0,0.949739177515518,7,203.0
2310.0,7,215.0,4.3,6.788998225028642,0,0.0,1.0,1,15.0,0.7260857507177888,5,213.0,0.42965042398247094,0,0.0,0.9899247676056692,6,228.0
2315.0,6,222.0,4.826086956521739,7.2277105888469455,0,0.0,1.0,2,33.0,0.4583508950071162,4,217.0,0.4136354866743507,0,0.0,0.9869135692940123,6,250.0
2320.0,8,257.0,5.840909090909091,6.714890199662912,0,0.0,0.9609610695252588,3,36.0,0.5423984106191833,4,237.0,0.3656946395104445,0,0.0,0.9514235161502831,7,273.0
2325.0,8,296.0,6.434782608695652,6.421263498593958,0,0.0,1.0,3,54.0,0.4511270427498678,5,259.0,0.16112004725005755,0,0.0,0.9847097841614922,8,313.0
2330.0,8,308.0,6.416666666666667,7.149319699206721,0,0.0,1.0,3,41.0,0.5483905916808975,5,284.0,0.36554736840704544,0,0.0,0.9516979099122793,8,325.0
2335.0,7,193.0,4.195652173913044,6.857695895443722,0,0.0,1.0,3,56.0,0.5463471000614621,4,250.0,0.24596271070120385,0,0.0,0.9308987708169585,7,306.0
2340.0,4,72.0,1.6363636363636365,6.977372310688,0,0.0,1.0,3,71.0,0.42094423981577417,1,147.0,0.43041403424259816,0,0.0,0.9577296076416457,4,218.0
2345.0,6,98.0,2.130434782608696,6.730456145789965,0,0.0,0.9846752220203927,4,90.0,0.16177643857006221,2,72.0,0.4720010268056271,0,0.0,0.9409350870758271,6,162.0
2350.0,3,26.0,0.5531914893617021,7.304632965909286,0,0.0,0.984586832480317,0,8.0,0.3535000518649398,3,29.0,0.3781994686784086,0,0.0,0.9788430721586294,3,37.0
2355.0,2,19.0,0.4418604651162791,8.33663865189877,0,0.0,1.0,0,13.0,0.9010222121805176,2,22.0,0.304879899817365,0,0.0,0.9647141466797133,2,35.0
2360.0,2,29.0,0.6590909090909091,9.42454926004699,0,0.0,1.0,0,13.0,0.8361732626052236,2,38.0,0.6140487108754712,0,0.0,0.9672705413423182,2,51.0
2365.0,2,39.0,0.9285714285714286,9.108720482094427,0,0.0,1.0,0,16.0,0.7304993704730621,2,48.0,0.6363833510843092,0,0.0,0.9364420540546082,2,64.0
2370.0,3,53.0,1.2325581395348837,8.328826843189605,0,0.0,1.0,1,7.0,0.6210296233067762,2,55.0,0.6662216522161559,0,0.0,0.9950925312673105,3,62.0
2375.0,3,68.0,1.5454545454545454,9.292504256689067,0,0.0,0.9249232828888188,1,12.0,0.8116227730653671,2,65.0,0.6362718886723316,0,0.0,0.9188547780626897,3,77.0
2380.0,4,85.0,2.0238095238095237,8.562633587037828,1,2.0,0.44839974090083384,1,17.0,0.7858163591741215,2,76.0,0.627582063038684,0,0.0,0.9379239979519318,4,95.0
2385.0,7,111.0,2.9210526315789473,7.775418331060127,2,8.0,0.00224741445314724,2,25.0,0.6420596329039717,3,88.0,0.4144987165775692,0,0.0,0.9733173846135991,7,121.0
2390.0,8,128.0,3.3684210526315788,7.049206153581233,2,18.0,0.0,1,11.0,0.45032240723493155,5,109.0,0.5064495060193347,0,0.0,0.9354513078945988,8,138.0
2395.0,8,148.0,3.6097560975609757,6.582181860719155,0,0.0,1.0,3,24.0,0.35346744735218,5,137.0,0.3167036770577577,0,0.0,0.9876731347545545,8,161.0
2400.0,6,162.0,3.951219512195122,6.726044933969807,0,0.0,1.0,3,39.0,0.33011151665601124,3,130.0,0.4791051470463119,0,0.0,0.9598147048858521,6,169.0
2405.0,8,200.0,4.878048780487805,7.428447157417098,0,6.0,0.61935304080851,5,65.0,0.4466636815816386,3,145.0,0.480052536408327,0,0.0,0.9233384519332883,8,216.0
2410.0,4,157.0,3.8292682926829267,7.491156962369616,0,0.0,0.7029219382755412,1,11.0,0.5839292019646191,3,160.0,0.4873819614122694,0,0.0,0.8612373628711762,4,171.0
2415.0,5,181.0,4.209302325581396,8.04914422625482,0,0.0,1.0,2,13.0,0.6896256383269321,3,174.0,0.231386486856787,0,0.0,0.9575288716694038,5,187.0
2420.0,4,59.0,1.3111111111111111,7.887891033122334,0,0.0,1.0,2,23.0,0.6526525019410893,1,117.0,0.5145736766344586,0,0.0,0.954931911022824,3,140.0
2425.0,6,45.0,1.0,7.599480235697829,0,0.0,1.0,3,35.0,0.4196095648077422,1,13.0,0.7228655053503776,0,0.0,0.9259410377122688,4,48.0
2430.0,7,56.0,1.2727272727272727,7.305081634680858,0,0.0,1.0,2,28.0,0.4157249386102192,2,19.0,0.59045118836142,0,0.0,0.9179426590999565,4,47.0
2435.0,6,74.0,1.7619047619047619,6.987351633610144,0,0.0,1.0,2,35.0,0.38099646579716195,2,29.0,0.5775828473654295,0,0.0,0.9339505704771475,4,64.0
2440.0,5,68.0,1.7435897435897436,7.015822337833423,0,0.0,1.0,3,47.0,0.3136067033981808,0,6.0,0.9618243512154766,0,0.0,0.9802600987810104,3,53.0
2445.0,6,96.0,2.526315789473684,7.087420467171472,0,0.0,0.9601754589053481,4,65.0,0.3273642321353237,0,6.0,0.9546651432122978,0,0.0,0.9866539048112295,4,71.0
2450.0,6,86.0,2.15,6.543350195422522,0,0.0,0.9387456660694465,3,47.0,0.416958382452902,0,0.0,0.7427710241665525,0,0.0,0.9837489147058474,3,47.0
2455.0,7,117.0,2.7857142857142856,7.109953541381675,0,0.0,1.0,4,63.0,0.3541274349396358,0,3.0,0.938952043930555,0,0.0,0.9762430436645392,4,66.0
2460.0,7,142.0,3.4634146341463414,7.072940215754713,0,0.0,1.0,4,83.0,0.47310383901357345,0,3.0,0.9561214186984792,0,0.0,0.9365673338204488,4,86.0
2465.0,8,181.0,4.414634146341464,6.435139717763388,0,0.0,1.0,4,103.0,0.4775977424461707,0,3.0,0.9414056915532193,0,0.0,0.9823518328347093,4,106.0
2470.0,3,10.0,0.23809523809523808,7.033240207922127,0,0.0,0.9620364835693873,0,3.0,0.9561368143467144,0,3.0,0.9544979407643625,0,0.0,0.958259081887284,0,6.0
2475.0,0,0.0,0.0,7.716260768184062,0,0.0,1.0,0,3.0,0.861937049407575,0,3.0,0.9867242820575118,0,0.0,0.9796995951227128,0,6.0
2480.0,0,0.0,0.0,7.839918723064352,0,0.0,1.0,0,3.0,0.9552800384736063,0,6.0,0.7327139900644496,0,0.0,0.9898901159680321,0,9.0
2485.0,2,6.0,0.13333333333333333,7.741715237533853,0,0.0,1.0,0,0.0,0.9077114022870564,2,12.0,0.5870682285054537,0,0.0,0.9761933579066646,2,12.0
2490.0,3,12.0,0.2608695652173913,8.137773121714043,0,0.0,1.0,1,2.0,0.7094310718473361,1,15.0,0.7136736859290589,0,0.0,0.959454673804309,2,17.0
2495.0,4,28.0,0.6086956521739131,8.112943497392298,0,0.0,1.0,1,7.0,0.7180061784839874,2,26.0,0.6414318559029207,0,0.0,0.968278299819321,3,33.0
2500.0,5,53.0,1.2045454545454546,7.954411170324156,0,0.0,1.0,1,12.0,0.714415939644884,2,40.0,0.6155842980716566,0,0.0,0.9081404858846924,3,52.0
2505.0,6,81.0,1.7608695652173914,7.41584408733599,0,0.0,1.0,1,17.0,0.6336346566391129,3,53.0,0.41595339966266565,0,0.0,0.9654305824817295,4,70.0
2510.0,7,63.0,1.4,6.459705374631853,0,0.0,1.0,1,1.0,0.48820509638697374,6,77.0,0.17963062455815185,0,0.0,0.9369527277901706,7,78.0
2515.0,7,98.0,2.130434782608696,6.02942930604699,0,0.0,1.0,1,6.0,0.6108167002998872,6,107.0,0.12553442292993097,0,0.0,0.9544239217268367,7,113.0
2520.0,4,49.0,1.1136363636363635,6.63085655379418,0,0.0,1.0,1,11.0,0.44961513250224616,2,47.0,0.3708394752375746,0,0.0,0.9507810864005755,3,58.0
2525.0,4,69.0,1.4375,7.352733329600826,0,6.0,0.6551601263316089,1,22.0,0.6248053127843064,2,56.0,0.5723530184301884,0,0.0,0.9677713369476806,3,84.0
2530.0,4,78.0,1.6595744680851063,8.37503190610791,0,0.0,0.7633732485626985,2,31.0,0.6837595655049585,2,66.0,0.5667119015541152,0,0.0,0.9684287463100626,4,97.0
2535.0,5,100.0,2.127659574468085,8.089301665412103,0,0.0,1.0,3,43.0,0.6087927302122506,2,76.0,0.5671360627315563,0,0.0,0.989159726656177,5,119.0
2540.0,4,54.0,1.125,7.93248211926758,0,0.0,1.0,4,57.0,0.5851217071261656,0,42.0,0.7625903104028261,0,0.0,0.9386296139410996,4,99.0
2545.0,6,82.0,1.6734693877551021,7.481917977067761,0,0.0,1.0,4,80.0,0.5899431328818071,0,4.0,0.8462830723271468,0,0.0,0.9831181472882246,4,84.0
2550.0,6,99.0,1.98,7.007040643558618,0,0.0,1.0,4,100.0,0.6224511218418313,2,9.0,0.19952844117392773,0,0.0,0.9436228537034683,6,109.0
2555.0,8,138.0,2.9361702127659575,6.974783791464183,0,0.0,1.0,4,120.0,0.6020183024232257,4,28.0,0.18975926925907444,0,0.0,0.9377729434000013,8,148.0
2560.0,10,181.0,3.549019607843137,6.893260375244002,0,0.0,1.0,5,138.0,0.4717891362952904,4,48.0,0.19221960800012167,0,0.0,0.9458359027048117,9,186.0
2565.0,6,109.0,2.1372549019607843,6.998906626462506,0,0.0,1.0,2,74.0,0.5653573499403634,4,68.0,0.3129578673057271,0,0.0,0.9239635251345797,6,142.0
2570.0,6,131.0,2.62,7.598452550323067,0,0.0,1.0,2,50.0,0.6141483779931393,4,88.0,0.31228322679508347,0,0.0,0.9829896819333634,6,138.0
2575.0,8,168.0,3.2941176470588234,7.077762591004798,0,0.0,1.0,2,60.0,0.5934463213379273,6,115.0,0.14274985150053887,0,0.0,0.9821448892996678,8,175.0
2580.0,9,211.0,4.395833333333333,7.13001531500183,0,0.0,1.0,3,70.0,0.394075833250133,6,145.0,0.21526066790211726,0,0.0,0.9685960213542265,9,215.0
2585.0,3,28.0,0.6222222222222222,6.921169025589696,0,0.0,1.0,3,28.0,0.23507314688777986,0,14.0,0.5055484686742506,0,0.0,0.9451068831958417,3,42.0
2590.0,3,43.0,0.9772727272727273,7.280930723447971,0,6.0,0.5614416193040839,3,46.0,0.4473571945309912,0,3.0,0.9669762743551384,0,0.0,0.934234087981855,3,55.0
2595.0,4,59.0,1.2291666666666667,8.450427442409108,0,0.0,0.8512352988400212,4,65.0,0.4381471738146607,0,3.0,0.9408898015480874,0,0.0,0.9607257127631555,4,68.0
2600.0,4,79.0,1.6808510638297873,8.266478268228987,0,0.0,0.9486170212677658,4,85.0,0.48631327202465424,0,3.0,0.9380135712330514,0,0.0,0.955212767362836,4,88.0
2605.0,5,100.0,2.127659574468085,8.169862357743206,0,0.0,1.0,5,106.0,0.4788339282201327,0,3.0,0.7322219356750687,0,0.0,0.9605968469102553,5,109.0
2610.0,3,12.0,0.25,7.310415761903076,0,0.0,1.0,1,69.0,0.7331378635521796,1,8.0,0.23579452780101987,0,0.0,0.9715032366949341,2,77.0
2615.0,4,30.0,0.6122448979591837,7.808143178370586,0,0.0,1.0,1,48.0,0.8151858800421818,3,22.0,0.10503840077672594,0,0.0,0.9775567987033379,4,70.0
2620.0,10,73.0,1.5208333333333333,7.550347238370286,0,0.0,1.0,1,50.0,0.5997178349796822,4,46.0,0.27104654349550444,0,0.0,0.934692210666184,5,96.0
2625.0,12,132.0,2.869565217391304,7.123331857455817,0,0.0,1.0,2,56.0,0.4867977063682186,5,71.0,0.4255862557809741,0,0.0,0.9478625535900178,7,127.0
2630.0,10,126.0,2.6808510638297873,6.355213991369563,0,0.0,1.0,2,76.0,0.5447600776299493,2,45.0,0.5044681091214479,0,0.0,0.9441131363007235,4,121.0
2635.0,9,137.0,2.9782608695652173,6.744566855182017,0,0.0,1.0,2,92.0,0.5563883549701727,1,12.0,0.7241031845497949,0,0.0,0.9576540139714145,3,104.0
2640.0,10,186.0,3.875,7.162236209716383,0,0.0,1.0,2,92.0,0.6256030638868753,1,17.0,0.8016143891233178,0,0.0,0.9417642068117239,3,109.0
2645.0,9,210.0,4.565217391304348,7.38164681297895,0,0.0,0.9425784786704063,3,107.0,0.6145919376514523,1,16.0,0.7611402068485298,0,0.0,0.9681687296430276,4,123.0
2650.0,13,264.0,5.866666666666666,6.567441665872716,0,0.0,1.0,5,127.0,0.45143454557314794,1,21.0,0.8087958751007874,0,0.0,0.9720131423649652,6,148.0
2655.0,12,229.0,4.872340425531915,5.908366664533855,0,0.0,1.0,3,39.0,0.49561966841792293,1,26.0,0.5798127706283615,0,0.0,0.976007848842246,4,65.0
2660.0,14,263.0,5.479166666666667,6.711310641433644,0,0.0,1.0,1,8.0,0.6766987753264325,4,41.0,0.3228703962056573,0,0.0,0.9275988786374101,5,49.0
2665.0,15,319.0,6.38,6.816342312765499,0,0.0,1.0,3,8.0,0.4396012440645336,4,61.0,0.39678455743859037,0,0.0,0.9700580569276728,7,69.0
2670.0,16,396.0,8.081632653061224,6.576238757320958,0,0.0,1.0,4,25.0,0.33843832866695095,4,81.0,0.5216676037353362,0,0.0,0.9967112491860503,8,106.0
2675.0,15,423.0,8.46,5.580090829478578,0,0.0,1.0,4,45.0,0.36630724848956714,2,47.0,0.4072092079494977,0,0.0,0.983368812432494,6,92.0
2680.0,16,502.0,10.458333333333334,5.3802522734672,0,6.0,0.6164331162917414,4,66.0,0.4495113478197142,2,57.0,0.5497868030564341,0,0.0,0.9554803672046288,6,129.0
2685.0,16,582.0,11.64,6.2864820455165935,0,0.0,0.7126520500046687,4,89.0,0.5542358602519051,2,67.0,0.6072699717438116,0,0.0,0.9748336594782305,6,156.0
2690.0,17,664.0,13.019607843137255,6.3667588744885535,0,0.0,1.0,4,109.0,0.4493511409511981,2,77.0,0.6847968805482125,0,0.0,0.9886302228597312,6,186.0
2695.0,17,731.0,14.333333333333334,5.049967398690211,0,0.0,1.0,5,132.0,0.35362660095212367,2,87.0,0.5299327550472791,0,0.0,0.9826731071150854,7,219.0
2700.0,21,777.0,15.235294117647058,4.89911189436458,0,0.0,1.0,7,164.0,0.4235219246058645,1,75.0,0.6003677263839962,0,0.0,0.9489658733262746,8,239.0
2705.0,19,614.0,11.807692307692308,5.4497209235640005,0,0.0,1.0,8,198.0,0.34312531817779235,1,76.0,0.7746645811119091,0,0.0,0.959428733982068,9,274.0
2710.0,17,388.0,7.607843137254902,5.1875649956988,0,0.0,1.0,10,242.0,0.15271022193803305,1,81.0,0.7598943186313049,1,2.0,0.49585976860196534,12,325.0
2715.0,3,112.0,2.382978723404255,6.208370123617356,0,0.0,1.0,2,64.0,0.2719612821095955,1,175.0,0.7901876556805162,0,0.0,0.9349473777413876,3,239.0
2720.0,4,128.0,2.6122448979591835,6.844589669006253,0,0.0,1.0,2,36.0,0.4392670905438707,2,184.0,0.3922414567545648,0,0.0,0.9716897740673192,4,220.0
2725.0,4,148.0,2.96,7.78371065423311,0,0.0,1.0,2,46.0,0.5700550406455506,2,197.0,0.5835141615895169,0,0.0,0.9746490858186376,4,243.0
2730.0,4,168.0,3.4285714285714284,7.501610653562276,0,0.0,1.0,2,56.0,0.4804451939077069,2,259.0,0.5848085957618068,0,0.0,0.9661124863107334,4,315.0
2735.0,8,197.0,3.8627450980392157,7.21413453336494,0,0.0,1.0,2,66.0,0.576392914933508,3,279.0,0.598460462657256,0,0.0,0.9925626228375507,5,345.0
2740.0,3,9.0,0.16666666666666666,7.208203720981739,0,0.0,1.0,1,1.0,0.7523031053466677,2,183.0,0.5754209638351246,0,0.0,0.9558746391910025,3,184.0
2745.0,1,6.0,0.11764705882352941,8.304942483772026,0,0.0,1.0,1,6.0,0.7901659796927061,0,16.0,0.7494387179661893,0,0.0,0.9935087268828328,1,22.0
2750.0,2,15.0,0.30612244897959184,7.6784184553657076,0,0.0,0.9157417980172288,1,11.0,0.8008520185668301,1,10.0,0.454061845140823,0,0.0,0.9915847245778288,2,21.0
2755.0,7,37.0,0.74,6.551569326811977,0,0.0,1.0,2,16.0,0.5077783187085191,3,25.0,0.42873986395372377,0,0.0,0.9859519030210554,5,41.0
2760.0,3,34.0,0.6666666666666666,6.769405743485863,0,0.0,1.0,0,3.0,0.8217004161172922,3,40.0,0.40152325020484536,0,0.0,0.943429479789833,3,43.0
2765.0,4,53.0,1.0,7.59847965621127,0,0.0,1.0,0,3.0,0.9534221019750455,4,59.0,0.17181538302275617,0,0.0,0.9242855242050259,4,62.0
2770.0,6,81.0,1.528301886792453,8.162487788931733,0,0.0,1.0,0,3.0,0.8053710292640164,6,91.0,0.378293985861444,0,0.0,0.9814440078572214,6,94.0
2775.0,7,115.0,2.0535714285714284,7.760507303618222,0,0.0,1.0,1,4.0,0.6162920018178171,6,121.0,0.3634859702944789,0,0.0,0.9773836791803983,7,125.0
2780.0,3,16.0,0.2909090909090909,7.203843019941181,0,0.0,1.0,2,12.0,0.4448456847298494,1,29.0,0.46876522870018816,0,0.0,0.9638197810484159,3,41.0
2785.0,5,31.0,0.5849056603773585,7.333193856079731,0,6.0,0.5967343936655445,3,31.0,0.3549620007525034,2,17.0,0.5218206642098128,0,0.0,0.9593778999840588,5,54.0
2790.0,6,58.0,1.16,7.899336314111828,0,0.0,0.759652195277661,3,47.0,0.5724791567068264,2,20.0,0.4810030554162733,0,0.0,0.9449077971574147,5,67.0
2795.0,5,81.0,1.528301886792453,8.043358612238645,0,0.0,0.9949113599642931,3,62.0,0.46781217474140724,2,26.0,0.29703210691356224,0,0.0,0.9533316543740589,5,88.0
2800.0,5,60.0,1.1538461538461537,8.053202567828917,1,1.0,0.01555602596651448,2,51.0,0.6060029479908745,2,36.0,0.5117209354045061,0,0.0,0.9167306221125473,5,88.0
2805.0,7,92.0,1.803921568627451,8.476977907242325,2,11.0,5.198630314495385e-06,2,39.0,0.7443110960382314,3,48.0,0.2475390844203909,0,0.0,0.9706284010069903,7,98.0
2810.0,8,128.0,2.3703703703703702,7.949097902169439,2,21.0,0.0,2,49.0,0.736207859475881,4,64.0,0.018811035011875702,0,0.0,0.965248725090794,8,134.0
2815.0,10,174.0,3.48,7.529471350350772,2,31.0,0.0,3,60.0,0.5186137553347636,5,89.0,0.34239831498088247,0,0.0,0.9435514447486605,10,180.0
2820.0,3,87.0,1.8125,7.286667536881613,0,0.0,1.0,0,0.0,0.7828887659082957,3,87.0,0.356737805332886,0,0.0,0.952387721529132,3,87.0
2825.0,3,102.0,2.1702127659574466,7.972549190747138,0,0.0,1.0,0,6.0,0.9141105917735342,3,102.0,0.32876001881555533,0,0.0,0.9570846189885199,3,108.0
2830.0,4,122.0,2.44,8.153217015626671,0,0.0,1.0,0,6.0,0.8649531610749868,4,128.0,0.522964570519333,0,0.0,0.9802339030858549,4,134.0
2835.0,8,153.0,3.06,8.039014305257568,0,0.0,1.0,1,9.0,0.810667199275738,5,152.0,0.5189986825362849,0,0.0,0.995045041970843,6,161.0
2840.0,7,178.0,3.56,7.2347500474829864,0,0.0,1.0,0,6.0,0.9645923523649529,4,168.0,0.4801941604365828,0,0.0,0.9312219800780743,4,174.0
2845.0,9,221.0,4.169811320754717,7.2390937597746925,0,0.0,1.0,0,6.0,0.7085274324198175,5,192.0,0.398214322096279,0,0.0,0.9700442841866689,5,198.0
2850.0,11,276.0,5.411764705882353,7.018022753431344,0,0.0,1.0,1,11.0,0.704315013304325,6,222.0,0.40400858572275555,0,0.0,0.9400395172976556,7,233.0
2855.0,15,343.0,7.0,5.454795582767296,0,0.0,1.0,2,19.0,0.4804991380990127,7,256.0,0.31315240334953115,0,0.0,0.9634084052087394,9,275.0
2860.0,15,386.0,8.041666666666666,4.995514254292367,0,0.0,1.0,3,30.0,0.2678650931695922,6,276.0,0.13786130368725957,0,0.0,0.945996867704984,9,306.0
2865.0,8,319.0,6.645833333333333,5.716362900640884,0,0.0,0.6272478360465523,0,4.0,0.66222970433155,6,306.0,0.13145114289293977,0,0.0,0.9660000137166999,6,310.0
2870.0,6,336.0,7.148936170212766,6.970648920529072,0,0.0,1.0,0,3.0,0.8951569410239053,6,336.0,0.2403668336337909,0,0.0,0.980001064117568,6,339.0
2875.0,6,366.0,7.469387755102041,7.157715505041558,0,0.0,0.9809033323397289,0,3.0,0.9700211796569951,6,369.0,0.2389635498456898,0,0.0,0.9857676388287631,6,372.0
2880.0,5,202.0,4.04,7.221130219737409,0,0.0,1.0,0,3.0,0.9711716359025101,4,310.0,0.3398580798029869,0,0.0,0.9959694913917807,4,313.0
2885.0,1,5.0,0.09615384615384616,7.656859693360477,0,0.0,1.0,0,3.0,0.7270042615237188,1,143.0,0.47820627353673645,0,0.0,0.9664133497173953,1,146.0
2890.0,3,17.0,0.3541666666666667,8.12874917841851,0,0.0,1.0,1,25.0,0.7349797679814741,1,51.0,0.5342458298494225,0,0.0,0.9315501622139966,2,76.0
2895.0,4,33.0,0.7333333333333333,7.747142226673879,0,0.0,1.0,2,30.0,0.6509994798452151,2,23.0,0.44590023161107034,0,0.0,0.9578645028961188,4,53.0
2900.0,9,67.0,1.425531914893617,6.628737479590843,0,0.0,1.0,2,26.0,0.35193731321246513,3,36.0,0.23063667191560552,0,0.0,0.9221490968479692,5,62.0
2905.0,8,59.0,1.2826086956521738,6.144124298340479,0,0.0,1.0,0,0.0,0.23075536027732504,2,26.0,0.3280368978476526,0,0.0,0.9341334853782255,2,26.0
2910.0,11,106.0,2.409090909090909,5.635819557999905,0,0.0,1.0,1,3.0,0.421702648564431,3,37.0,0.004470061612322159,0,0.0,0.9605435769977506,4,40.0
2915.0,12,133.0,3.022727272727273,5.812875063939644,0,0.0,1.0,1,8.0,0.5823523749671867,4,62.0,0.40204374054324626,0,0.0,0.9951988074154671,5,70.0
2920.0,9,107.0,2.2291666666666665,6.274005700975546,0,0.0,1.0,1,13.0,0.7193136791045002,5,84.0,0.27501968578441055,0,0.0,0.9472815457040136,6,97.0
2925.0,0,0.0,0.0,6.945278081953501,0,0.0,1.0,0,0.0,0.9137179416243355,0,11.0,0.6366917533229132,0,0.0,0.9865947799635394,0,11.0
2930.0,1,3.0,0.06382978723404255,7.906955713453784,0,0.0,1.0,1,6.0,0.7022175340469514,0,5.0,0.8284192582226497,0,0.0,0.9774971611899271,1,11.0
2935.0,1,8.0,0.16666666666666666,8.683673173275844,0,0.0,1.0,1,14.0,0.7600633915768482,0,5.0,0.9586570940617408,0,0.0,0.9820250931472579,1,19.0
2940.0,1,13.0,0.2653061224489796,8.820709137729676,0,0.0,0.9677739695272917,1,19.0,0.6803895697882567,0,19.0,0.9656888446645899,0,0.0,0.9250745543761605,1,38.0
2945.0,2,4.0,0.08163265306122448,7.526909319104557,0,0.0,0.8318848866592733,0,3.0,0.8293080130174992,0,30.0,0.36365952479951386,0,0.0,0.9512172554165073,0,33.0
2950.0,3,10.0,0.2,7.997298131967315,0,0.0,1.0,0,3.0,0.9445803527137798,2,38.0,0.03360271674668118,0,0.0,0.9855051750032191,2,41.0
2955.0,4,26.0,0.5,8.227693926580388,0,0.0,1.0,0,3.0,0.9806324203104865,3,58.0,0.385156709959477,0,0.0,0.952364965814155,3,61.0
2960.0,4,38.0,0.7169811320754716,7.052555564577457,0,0.0,1.0,0,0.0,0.9755922832172869,3,73.0,0.37736076163792676,0,0.0,0.9303730949046628,3,73.0
2965.0,9,59.0,1.1132075471698113,7.057945649886854,0,0.0,1.0,0,0.0,0.9490087536110295,2,68.0,0.7157195317030208,0,0.0,0.9686694357188326,2,68.0
2970.0,9,104.0,2.0,7.141903013621179,0,0.0,1.0,0,0.0,0.9828139713001407,2,78.0,0.6398140389326264,0,0.0,0.9834130496231603,2,78.0
2975.0,7,112.0,2.196078431372549,7.5756989411147115,0,0.0,1.0,0,3.0,0.9404578726748793,3,91.0,0.6391162936275224,0,0.0,0.9342245431074486,3,94.0
2980.0,7,147.0,2.826923076923077,7.613192975470683,0,0.0,1.0,0,3.0,0.9930357870260286,3,106.0,0.5777445528859902,0,0.0,0.9945623503664873,3,109.0
2985.0,5,24.0,0.47058823529411764,7.183239419773929,0,0.0,0.8314200152972728,0,3.0,0.9473966271219189,3,66.0,0.46182501255353314,0,0.0,0.9712029623487184,3,69.0
2990.0,6,36.0,0.6666666666666666,7.869620720763918,1,1.0,0.0028241851875551133,0,6.0,0.921157022811319,2,16.0,0.5779541038921607,0,0.0,0.9917509623847756,3,23.0
2995.0,4,33.0,0.6111111111111112,8.468082207108072,1,6.0,0.008157809583376452,0,6.0,0.8695093105740983,2,57.0,0.5379175241416515,0,0.0,0.9723117457600412,3,69.0
3000.0,5,56.0,1.12,8.318055005436692,1,11.0,0.0,1,7.0,0.7264788109140344,3,41.0,0.3367282501287449,0,0.0,0.9959073509474676,5,59.0
3005.0,4,40.0,0.7692307692307693,7.800671259961946,0,0.0,1.0,3,18.0,0.5933009053186954,1,45.0,0.49964381144946884,0,0.0,0.9335785085938854,4,63.0
3010.0,1,30.0,0.6,7.79669169994963,0,6.0,0.7278436852276718,0,8.0,0.5577146290688473,1,30.0,0.4966252824458883,0,0.0,0.9380188727398675,1,44.0
3015.0,3,45.0,0.9183673469387755,8.598876557106765,0,0.0,0.8022312189567731,2,10.0,0.579484719831808,1,35.0,0.6327081657240506,0,0.0,0.9402170178302437,3,45.0
3020.0,3,60.0,1.2765957446808511,8.144169851811867,0,0.0,1.0,2,20.0,0.5676296496932243,1,40.0,0.35113297037765534,0,0.0,0.9754592013528085,3,60.0
3025.0,3,75.0,1.5,8.61874326271607,0,0.0,1.0,2,42.0,0.6991893400500281,1,45.0,0.4639540745266969,0,0.0,0.9450129152852855,3,87.0
3030.0,1,50.0,1.0416666666666667,8.776774304151365,0,0.0,1.0,0,12.0,0.968299570418593,1,50.0,0.5929684609550979,0,0.0,0.9769899283731789,1,62.0
3035.0,2,56.0,1.2727272727272727,8.211553066532762,0,0.0,1.0,0,0.0,0.7110637514472339,2,56.0,0.24663495351955425,0,0.0,0.998514268779597,2,56.0
3040.0,4,76.0,1.853658536585366,8.475109929806917,0,0.0,1.0,1,5.0,0.7147414944747161,3,74.0,0.36622269944989777,0,0.0,0.9929848301783846,4,79.0
3045.0,2,21.0,0.5121951219512195,8.223669261061456,0,0.0,1.0,1,10.0,0.6471335052620214,1,23.0,0.5974774219690981,0,0.0,0.967833125988852,2,33.0
3050.0,2,31.0,0.7380952380952381,9.026873707087347,0,0.0,1.0,1,15.0,0.6148549631512589,1,19.0,0.7576900288912066,0,0.0,0.9986549311064237,2,34.0
3055.0,3,45.0,1.0465116279069768,8.997219089211134,0,0.0,1.0,1,20.0,0.6741953735854835,2,28.0,0.6130502736209024,0,0.0,0.942633761285081,3,48.0
3060.0,5,66.0,1.5348837209302326,8.027781370312129,0,0.0,1.0,2,28.0,0.4841479625650077,3,41.0,0.5467462614844348,0,0.0,0.9815010194909295,5,69.0
3065.0,4,47.0,1.0444444444444445,7.812799007590969,0,0.0,1.0,3,58.0,0.37524998403791876,1,19.0,0.7689294948227829,0,0.0,0.9771685168218297,4,77.0
3070.0,7,71.0,1.6904761904761905,7.110132241238686,0,0.0,0.9402910161998201,2,85.0,0.5188409451201548,2,26.0,0.5869047937441751,0,0.0,0.9971249165469636,4,111.0
3075.0,9,110.0,2.558139534883721,7.077791471616213,0,0.0,0.9995203638291073,2,79.0,0.5224579966962952,2,36.0,0.3189993251311642,0,0.0,0.9508207800128766,4,115.0
3080.0,7,129.0,2.8043478260869565,7.816611356396572,0,0.0,0.9446867928835541,3,94.0,0.5966704106787789,2,49.0,0.47542281778469275,0,0.0,0.9440751745423224,5,143.0
3085.0,6,124.0,2.5833333333333335,7.258272349091875,0,0.0,1.0,4,114.0,0.541136259630581,0,30.0,0.5840083589004788,0,0.0,0.9956606864155216,4,144.0
3090.0,5,37.0,0.7872340425531915,7.777236224921366,0,0.0,1.0,4,88.0,0.4966556341080075,1,8.0,0.646800945445532,0,0.0,0.7973509460649593,5,96.0
3095.0,9,68.0,1.4166666666666667,7.272949201971184,0,0.0,1.0,5,76.0,0.48266354868149774,2,17.0,0.4659273989864936,0,0.0,0.9548350859604093,7,93.0
3100.0,8,96.0,1.8823529411764706,7.289801612250853,0,0.0,1.0,6,99.0,0.38637963422608906,2,27.0,0.6196009860678591,0,0.0,0.9622232209612689,8,126.0
3105.0,8,121.0,2.574468085106383,6.651080319193692,0,0.0,1.0,7,134.0,0.3630543464590304,1,17.0,0.7781070421310792,0,0.0,0.9900091317940305,8,151.0
3110.0,7,115.0,2.3958333333333335,6.646359640209282,0,0.0,0.9371325142027684,4,140.0,0.42380680158491946,1,19.0,0.509775237636412,0,0.0,0.9842909613657569,5,159.0
3115.0,9,154.0,3.08,6.887857603539726,0,0.0,1.0,4,160.0,0.5233291810275473,2,27.0,0.5473911437038129,0,0.0,0.9797972065661981,6,187.0
3120.0,9,196.0,3.92,7.235124103743682,0,0.0,1.0,4,148.0,0.3936683529143837,2,43.0,0.6577729755665062,0,0.0,0.9849700323652425,6,191.0
3125.0,9,225.0,4.591836734693878,7.32444813488302,0,0.0,1.0,5,175.0,0.4015266406697097,1,40.0,0.5809083621755549,0,0.0,0.9407892757299788,6,215.0
3130.0,10,232.0,4.73469387755102,6.933605589461903,0,0.0,1.0,5,203.0,0.4811337436401238,4,53.0,0.4748769316120767,0,0.0,0.9364837433176394,9,256.0
3135.0,11,276.0,5.411764705882353,6.315486904754742,0,0.0,1.0,5,245.0,0.2766061367044958,4,73.0,0.4842846424715184,0,0.0,0.9808128611590736,9,318.0
3140.0,13,330.0,6.875,6.159005481921217,0,0.0,1.0,9,285.0,0.24062836772256493,4,93.0,0.4822994956313813,0,0.0,0.9614624626872361,13,378.0
3145.0,14,396.0,8.25,5.515118928649431,0,0.0,1.0,10,331.0,0.15781395485460034,4,113.0,0.3314329445115608,0,0.0,0.952624632154963,14,444.0
3150.0,11,180.0,3.75,5.400958727276169,0,0.0,1.0,6,219.0,0.19735408699024487,5,80.0,0.2290778657825331,0,0.0,0.973353031863784,11,299.0
3155.0,11,167.0,3.34,6.0114343945311,0,0.0,1.0,4,93.0,0.2318336763485882,6,108.0,0.004150814975383065,0,0.0,0.9909214727669222,10,201.0
3160.0,13,225.0,4.411764705882353,6.496090956574846,0,0.0,1.0,4,85.0,0.2636545916988879,9,149.0,0.00045160835231084683,0,0.0,0.9387971563578706,13,234.0
3165.0,14,294.0,5.88,6.75863613141457,0,0.0,1.0,5,110.0,0.3599356988754202,9,194.0,0.16739734873283102,0,0.0,0.9564991841178143,14,304.0
3170.0,1,15.0,0.28846153846153844,6.863217047655368,0,0.0,1.0,0,12.0,0.7213648110439442,1,74.0,0.40646141987030016,0,0.0,0.9514729959837537,1,86.0
3175.0,0,0.0,0.0,7.761913209253838,0,9.0,0.7616713096246371,0,10.0,0.5898870772464266,0,15.0,0.6008632262047359,0,0.0,0.9797631946636003,0,34.0
3180.0,2,8.0,0.1568627450980392,9.14686396380394,0,0.0,0.8600983410711978,1,14.0,0.7748424313872463,1,10.0,0.7510795203818101,0,0.0,0.9575933548179959,2,24.0
3185.0,4,23.0,0.46,8.64512451892852,0,0.0,1.0,1,19.0,0.8180649564611217,1,15.0,0.7605959563257253,0,0.0,0.9340398652366577,2,34.0
3190.0,6,50.0,0.9259259259259259,7.629286414652074,0,0.0,1.0,1,24.0,0.6189693533799162,1,20.0,0.75790434224027,0,0.0,0.9816357157987722,2,44.0
3195.0,8,88.0,1.6603773584905661,7.52420598678626,0,0.0,1.0,3,35.0,0.6017690881801684,1,25.0,0.8395107831331424,0,0.0,0.9390475006475831,4,60.0
3200.0,11,131.0,2.519230769230769,7.068432289608102,0,0.0,1.0,3,50.0,0.6831007806190558,3,31.0,0.5556341094178452,0,0.0,0.9510405176696166,6,81.0
3205.0,13,188.0,3.6862745098039214,6.14066993013405,0,0.0,1.0,3,59.0,0.5239952961730231,3,42.0,0.3472224369465339,0,0.0,0.9857077615931116,6,101.0
3210.0,13,239.0,4.78,5.961778478828678,0,0.0,1.0,4,74.0,0.3623186705751124,1,34.0,0.6180333267819901,0,0.0,0.9699794691512051,5,108.0
3215.0,14,302.0,6.291666666666667,5.868248354613539,0,5.0,0.5704207172286793,5,95.0,0.33882290730147424,1,39.0,0.6123309601899498,0,0.0,0.9911913835666786,6,139.0
3220.0,15,374.0,7.63265306122449,6.372974830193331,0,0.0,0.8337391772462175,5,120.0,0.3295158976170842,2,49.0,0.4689212911020688,0,0.0,0.9738542202986014,7,169.0
3225.0,14,377.0,7.392156862745098,6.291575583653251,0,0.0,1.0,6,150.0,0.2955322907244049,2,59.0,0.4649914930716125,0,0.0,0.9716504058654204,8,209.0
3230.0,16,453.0,9.06,5.907476578111764,0,0.0,1.0,7,184.0,0.3507674626417128,2,69.0,0.44654632686260975,0,0.0,0.9515972009892003,9,253.0
3235.0,17,530.0,10.6,5.763569490012226,0,0.0,1.0,6,210.0,0.46517597826738116,2,79.0,0.4206589056514436,0,0.0,0.9786767392415976,8,289.0
3240.0,19,619.0,12.38,5.674222083405696,0,0.0,1.0,7,242.0,0.3340011940253735,2,89.0,0.42940963650976316,0,0.0,0.9382312055932333,9,331.0
3245.0,20,715.0,14.895833333333334,5.50570992579027,0,0.0,1.0,8,278.0,0.26146865050390056,2,102.0,0.5991721502586665,0,0.0,0.9787193058878636,10,380.0
3250.0,23,819.0,16.714285714285715,4.117919244284079,0,0.0,1.0,8,315.0,0.1941036519879754,4,114.0,0.3659475254863198,0,0.0,0.9794247310449742,12,429.0
3255.0,15,519.0,10.591836734693878,4.743791038958262,0,0.0,1.0,4,208.0,0.35025846112244025,3,58.0,0.3255663146482139,0,0.0,0.9461416670944732,7,266.0
3260.0,11,393.0,7.705882352941177,6.387321094573473,0,0.0,1.0,1,34.0,0.6583979551336858,3,31.0,0.4822095894992278,0,0.0,0.9417303285702772,4,65.0
3265.0,9,123.0,2.46,6.64168375006842,0,0.0,1.0,3,12.0,0.38957144636255164,3,46.0,0.5618428697647083,0,0.0,0.9849483641783928,6,58.0
3270.0,6,85.0,1.6346153846153846,6.782776223428543,0,0.0,1.0,3,27.0,0.4614208132340105,3,58.0,0.42179563980624124,0,0.0,0.9454841716674766,6,85.0
3275.0,8,115.0,2.3,6.464577163297671,0,0.0,1.0,2,30.0,0.5822115583613326,6,85.0,0.30289585761305554,0,0.0,0.9821229991862834,8,115.0
3280.0,3,38.0,0.76,6.566373265539944,0,0.0,1.0,3,77.0,0.4575176595299884,0,105.0,0.6670526109944822,0,0.0,0.9660583741413835,3,182.0
3285.0,4,58.0,1.2083333333333333,6.705869765348022,0,6.0,0.6463170470831707,4,103.0,0.4020462572657501,0,128.0,0.7242669807146848,0,0.0,0.9908889849438876,4,237.0
3290.0,7,86.0,1.7916666666666667,7.610530448785276,0,0.0,1.0,5,123.0,0.4656519248057373,2,133.0,0.5671290198361467,0,0.0,0.9917623802515387,7,256.0
3295.0,6,97.0,1.9795918367346939,7.611051007712975,0,0.0,1.0,4,88.0,0.4769567424022387,2,143.0,0.4846813048036407,0,0.0,0.9781444856671524,6,231.0
3300.0,4,100.0,2.0408163265306123,6.873873241809837,0,0.0,1.0,4,106.0,0.4045288715152035,0,112.0,0.5981041985668779,0,0.0,0.9756174498452226,4,218.0
3305.0,4,120.0,2.3529411764705883,7.371458606322205,0,0.0,1.0,4,129.0,0.538196696872023,0,9.0,0.4440300410715919,0,0.0,0.995216285944546,4,138.0
3310.0,7,151.0,3.0816326530612246,7.781288922356669,0,0.0,0.932158720986238,4,149.0,0.5489925242937185,3,14.0,0.24726931567169658,0,0.0,0.9465619727920743,7,163.0
3315.0,3,26.0,0.5306122448979592,7.713370371677504,0,0.0,1.0,0,6.0,0.6728349806987074,3,29.0,0.2423152656774487,0,0.0,0.9574243735903882,3,35.0
3320.0,1,13.0,0.2653061224489796,7.415038704593208,0,0.0,1.0,0,3.0,0.7564105141248467,1,18.0,0.30954606313564426,0,0.0,0.9619527914683833,1,21.0
3325.0,2,23.0,0.48936170212765956,8.62969537056855,0,0.0,1.0,0,6.0,0.8544027068934845,2,37.0,0.574582026347846,0,0.0,0.9478814019572024,2,43.0
3330.0,4,39.0,0.8125,8.23332397173475,0,0.0,1.0,0,6.0,0.9890380241139827,3,51.0,0.5368196009705598,0,0.0,0.9822447338761096,3,57.0
3335.0,6,66.0,1.375,8.505537339611818,0,0.0,1.0,0,6.0,0.949435935166563,3,66.0,0.5680366643939208,0,0.0,0.9479350501080014,3,72.0
3340.0,4,68.0,1.4166666666666667,8.19371753017609,0,0.0,1.0,1,4.0,0.8237676085494191,3,81.0,0.5396598672173547,0,0.0,0.9744439480646854,4,85.0
3345.0,4,70.0,1.5217391304347827,8.174815036280824,0,0.0,1.0,1,9.0,0.7292540808760114,3,76.0,0.4964426628235345,0,0.0,0.9814086012855471,4,85.0
3350.0,6,95.0,1.9791666666666667,7.937243505625211,0,0.0,1.0,2,21.0,0.5655269476112659,4,89.0,0.3713197135221633,0,0.0,0.9791241294935631,6,110.0
3355.0,10,128.0,2.723404255319149,6.540807078753364,0,0.0,1.0,2,24.0,0.49594808395492046,8,119.0,0.13730335135266572,0,0.0,0.9182428853847946,10,143.0
3360.0,14,190.0,4.130434782608695,6.06832676905313,0,0.0,1.0,3,39.0,0.5643392806758266,11,169.0,0.07369382031298677,0,0.0,0.9460992279402919,14,208.0
3365.0,8,183.0,3.8125,6.411519276518438,0,0.0,1.0,3,54.0,0.49726805757918124,5,154.0,0.13182359922910425,0,0.0,0.9632308699123788,8,208.0
3370.0,9,215.0,4.3,7.0770411574171375,0,6.0,0.6190595230081694,5,78.0,0.5188771218206041,4,158.0,0.1994500711470214,0,0.0,0.9317206971493833,9,242.0
3375.0,8,252.0,5.142857142857143,7.576866566631733,0,0.0,0.6117228163074989,4,98.0,0.45664920206277543,4,169.0,0.39173476064189167,0,0.0,0.9610090444460135,8,267.0
3380.0,9,296.0,6.166666666666667,7.450571450477104,0,0.0,1.0,5,122.0,0.39493038447525247,4,189.0,0.3319196283037606,0,0.0,0.9441536205784937,9,311.0
3385.0,12,207.0,4.14,7.054437441103887,0,0.0,1.0,8,151.0,0.3043334751511828,3,134.0,0.42341503336228575,0,0.0,0.9968357271574237,11,285.0
3390.0,12,195.0,3.823529411764706,7.047190583860119,0,0.0,1.0,8,189.0,0.28626184363832435,2,38.0,0.36212334470940255,0,0.0,0.9721865567905581,10,227.0
3395.0,6,54.0,1.08,7.406657310234358,0,0.0,1.0,1,50.0,0.5595427746876904,2,21.0,0.562701033490636,0,0.0,0.9987718579585211,3,71.0
3400.0,7,85.0,1.7708333333333333,7.516271502898821,0,0.0,1.0,1,23.0,0.7202686515034273,3,32.0,0.3888053579600825,0,0.0,0.9435895387350127,4,55.0
3405.0,8,86.0,1.7551020408163265,6.986116312527924,0,0.0,1.0,1,25.0,0.6416954674813725,0,28.0,0.7454994482751859,0,0.0,0.9455975144438775,1,53.0
3410.0,10,134.0,2.68,7.063127046424941,0,0.0,1.0,1,33.0,0.644562428513678,1,13.0,0.8157856261147963,0,0.0,0.937718438999793,2,46.0
3415.0,9,147.0,2.94,7.047656077548891,0,0.0,1.0,1,35.0,0.6971939974205448,2,19.0,0.6527386368608549,0,0.0,0.9216229544254894,3,54.0
3420.0,8,147.0,3.0625,6.901632647493776,0,0.0,1.0,1,40.0,0.7071413509395155,2,29.0,0.6816714607036474,0,0.0,0.9528659639538823,3,69.0
3425.0,8,182.0,3.64,7.409263075692431,0,0.0,1.0,2,46.0,0.514124222250097,2,39.0,0.6898419369731313,0,0.0,0.8913287572164754,4,85.0
3430.0,8,208.0,4.333333333333333,6.87899869834565,0,0.0,1.0,2,56.0,0.579756541142814,1,33.0,0.5697380855250422,0,0.0,0.938231195098581,3,89.0
3435.0,14,264.0,5.28,6.411218546388774,0,0.0,1.0,2,69.0,0.6224379918133456,5,47.0,0.2916481598877456,0,0.0,0.9313296467843634,7,116.0
3440.0,16,341.0,6.433962264150943,6.239596290356594,0,0.0,1.0,2,79.0,0.614584893939961,6,75.0,0.20845570067758448,0,0.0,0.9445523946168437,8,154.0
3445.0,18,350.0,6.60377358490566,4.591310067907263,0,0.0,1.0,3,28.0,0.311817930355215,7,107.0,0.07616723279308998,1,1.0,0.7110137742742253,11,136.0
3450.0,17,372.0,7.018867924528302,4.508804343105242,0,0.0,1.0,5,53.0,0.3591346605646637,2,70.0,0.19785664673665762,1,6.0,0.4952408056156822,8,129.0
3455.0,16,410.0,7.884615384615385,4.975851144046535,0,9.0,0.5979901838831039,5,81.0,0.3058013799984274,2,62.0,0.3153987410934864,2,15.0,0.4127403812823798,9,167.0
3460.0,19,499.0,9.24074074074074,5.138510265424118,0,0.0,0.7885175875932298,6,111.0,0.2882340345921192,2,72.0,0.5594964091887165,3,27.0,0.2719883205470663,11,210.0
3465.0,8,220.0,4.150943396226415,5.8705463720924635,0,0.0,1.0,2,39.0,0.471503879733944,2,82.0,0.5592857006282722,0,6.0,0.503358216464965,4,127.0
3470.0,5,130.0,2.4074074074074074,6.546172741351212,0,0.0,1.0,2,43.0,0.6452446632001081,3,96.0,0.36662591731502603,0,0.0,0.9712639517960472,5,139.0
3475.0,10,167.0,3.036363636363636,6.8574868452300874,0,0.0,1.0,2,75.0,0.5274522511960391,4,117.0,0.4611852722370269,0,0.0,0.965537466740558,6,192.0
3480.0,13,125.0,2.232142857142857,6.9862268458404975,0,0.0,1.0,3,89.0,0.5892490924145345,2,59.0,0.5612499638242352,0,0.0,0.9559057681942831,5,148.0
3485.0,9,95.0,1.7592592592592593,6.898121229157701,0,0.0,1.0,0,33.0,0.5885200383575677,1,19.0,0.7645649204242158,0,0.0,0.9970707722108755,1,52.0
3490.0,10,145.0,2.843137254901961,7.466981082633589,0,0.0,1.0,1,8.0,0.790236154045573,1,24.0,0.6596885496824149,0,0.0,0.9330525574918681,2,32.0
3495.0,12,204.0,3.923076923076923,7.340044184637687,0,0.0,1.0,1,13.0,0.6470855294312164,2,34.0,0.674812642684865,0,0.0,0.9511594421432819,3,47.0
3500.0,12,258.0,5.0588235294117645,6.409030252159407,0,0.0,1.0,2,22.0,0.4297602835213971,1,28.0,0.7027581513320966,0,0.0,0.972863544283215,3,50.0
3505.0,12,258.0,4.867924528301887,6.569667626992914,0,0.0,0.6977197531419645,3,39.0,0.4416704763098035,1,33.0,0.6246360589645311,0,0.0,0.9686944089143498,4,72.0
3510.0,4,48.0,0.9411764705882353,7.162880201458908,0,0.0,1.0,1,6.0,0.5801179876862015,1,38.0,0.7214626444993346,0,0.0,0.965772506313014,2,44.0
3515.0,3,51.0,0.9622641509433962,7.9280033035827,0,0.0,1.0,2,11.0,0.5759516103878403,1,43.0,0.7618992870253322,0,0.0,0.9753921271896978,3,54.0
3520.0,3,66.0,1.2222222222222223,8.105056801013175,0,0.0,1.0,2,21.0,0.6657171560375365,1,51.0,0.724801198075349,0,0.0,0.9354305693948228,3,72.0
3525.0,6,90.0,1.6981132075471699,7.396064018749112,0,0.0,1.0,2,31.0,0.5859959767101703,2,162.0,0.5543229049809181,0,0.0,0.9431541669772656,4,193.0
3530.0,12,142.0,2.6296296296296298,6.866651581611608,0,0.0,1.0,3,44.0,0.5643070267570606,5,214.0,0.3373318989523049,0,0.0,0.9488833778024148,8,258.0
3535.0,16,216.0,4.0,6.304693302542603,0,0.0,1.0,4,63.0,0.48386973185048743,8,249.0,0.2871647421358938,0,0.0,0.9282697720351432,12,312.0
3540.0,19,226.0,4.52,5.86464172905871,0,0.0,1.0,7,88.0,0.2695393861048601,7,223.0,0.3061773545679284,0,0.0,0.9245436603532324,14,311.0
3545.0,17,275.0,5.978260869565218,5.38179434472715,0,0.0,1.0,7,126.0,0.29073601593122916,6,123.0,0.18193068219685332,0,0.0,0.9888768869726144,13,249.0
3550.0,13,169.0,3.38,6.327036158884156,0,0.0,0.9029722354982358,5,102.0,0.44283827229462874,8,124.0,0.10668678907322421,0,0.0,0.9785877203132969,13,226.0
3555.0,9,168.0,3.2941176470588234,7.077501618331875,0,0.0,1.0,1,30.0,0.5627111898190328,8,164.0,0.03601181549476482,0,0.0,0.9929733441247613,9,194.0
3560.0,5,93.0,1.86,7.279888178773936,0,0.0,1.0,1,12.0,0.7393383210996902,4,138.0,0.16616510469867632,0,0.0,0.9584483247530886,5,150.0
3565.0,7,126.0,2.4705882352941178,8.714503744301469,0,0.0,1.0,1,17.0,0.7916132726617239,4,89.0,0.45330211003480386,0,0.0,0.9620072181444165,5,106.0
3570.0,8,150.0,3.125,7.972331854927038,0,0.0,1.0,2,21.0,0.6148185799881576,6,114.0,0.3865389533209261,0,0.0,0.9503897393781475,8,135.0
3575.0,11,196.0,4.355555555555555,7.237226094821976,0,0.0,1.0,3,32.0,0.38565645474235044,8,149.0,0.17257981327442964,0,0.0,0.9712780511351382,11,181.0
3580.0,5,62.0,1.5897435897435896,6.926241772683729,0,0.0,1.0,3,47.0,0.24206806475166634,2,30.0,0.369946657119619,0,0.0,0.9404062872287962,5,77.0
3585.0,6,89.0,2.1707317073170733,7.39805791163257,0,6.0,0.5105610512326662,4,70.0,0.19995166758861974,2,28.0,0.4385846002308108,0,0.0,0.9421749414264206,6,104.0
3590.0,6,105.0,2.625,6.564821049702664,0,9.0,0.03039342763783004,3,76.0,0.5202069395560565,2,35.0,0.0,1,2.0,0.6518518483750838,6,122.0
3595.0,10,147.0,3.5853658536585367,6.559097029478613,0,0.0,1.0,3,91.0,0.6310117256475032,2,48.0,0.4151124558779761,2,8.0,0.3340149241307741,7,147.0
3600.0,9,146.0,3.395348837209302,6.929573543201559,0,0.0,1.0,3,106.0,0.6311099148435544,1,32.0,0.5990677293880575,2,18.0,0.31507414886697815,6,156.0
