step,system_total_stopped,system_total_waiting_time,system_mean_waiting_time,system_mean_speed,cluster_10564135163_13571629282_5146149679_stopped,cluster_10564135163_13571629282_5146149679_accumulated_waiting_time,cluster_10564135163_13571629282_5146149679_average_speed,cluster_10564135205_11749189839_3266988437_5129187741_#3more_stopped,cluster_10564135205_11749189839_3266988437_5129187741_#3more_accumulated_waiting_time,cluster_10564135205_11749189839_3266988437_5129187741_#3more_average_speed,cluster_10564135211_11749189838_12136544949_12136544951_#7more_stopped,cluster_10564135211_11749189838_12136544949_12136544951_#7more_accumulated_waiting_time,cluster_10564135211_11749189838_12136544949_12136544951_#7more_average_speed,cluster_10564135212_13571629279_13571629299_stopped,cluster_10564135212_13571629279_13571629299_accumulated_waiting_time,cluster_10564135212_13571629279_13571629299_average_speed,agents_total_stopped,agents_total_accumulated_waiting_time
0.0,0,0.0,0.0,0.0,0,0.0,1.0,0,0.0,1.0,0,0.0,1.0,0,0.0,1.0,0,0.0
5.0,0,0.0,0.0,10.779336471559628,0,0.0,1.0,0,0.0,0.9214784490979282,0,0.0,1.0,0,0.0,0.9377958106945091,0,0.0
10.0,0,0.0,0.0,9.141267456083721,0,0.0,1.0,0,0.0,0.9512722978877389,0,0.0,1.0,0,0.0,0.9613982763739237,0,0.0
15.0,0,0.0,0.0,8.731575053943756,0,0.0,1.0,0,0.0,0.9739844942107264,0,0.0,1.0,0,0.0,0.9793907095771415,0,0.0
20.0,0,0.0,0.0,9.226111546520794,0,0.0,1.0,0,0.0,0.9544530508675858,0,0.0,1.0,0,0.0,0.9573654936943297,0,0.0
25.0,0,0.0,0.0,8.6923238993298,0,0.0,1.0,0,0.0,0.9587663257858007,0,0.0,0.5416753990730679,0,0.0,0.9593938585635354,0,0.0
30.0,2,4.0,0.3333333333333333,7.3540846916760385,0,0.0,1.0,0,0.0,0.9793614516734288,2,4.0,0.3329694503028905,0,0.0,0.9562516094684178,2,4.0
35.0,2,14.0,1.0,7.581501718832177,0,0.0,1.0,0,0.0,0.9400461413048378,2,14.0,0.3155024032777531,0,0.0,0.9431251939520546,2,14.0
40.0,2,24.0,1.411764705882353,7.167112822556188,0,0.0,1.0,0,0.0,0.9921361575311632,2,24.0,0.4719343267709177,0,0.0,0.654641622068231,2,24.0
45.0,2,22.0,1.2222222222222223,7.196027911554357,0,0.0,1.0,0,0.0,0.9590103926660283,1,17.0,0.6439175031108747,1,5.0,0.4926047543720387,2,22.0
50.0,2,32.0,1.6842105263157894,8.366507447919318,0,0.0,1.0,0,0.0,0.9798726107891964,1,22.0,0.7309681337649203,1,10.0,0.4891376757123497,2,32.0
55.0,3,42.0,1.9090909090909092,8.245213978421003,0,0.0,1.0,0,0.0,1.0,1,27.0,0.7060573206534584,2,15.0,0.3130131274515184,3,42.0
60.0,3,53.0,2.3043478260869565,7.369490214140521,0,0.0,1.0,0,0.0,0.9633793673464858,2,33.0,0.5806712145626042,1,20.0,0.28098098218892864,3,53.0
65.0,4,72.0,3.272727272727273,6.754307278026258,0,0.0,1.0,0,0.0,0.9703201829102881,2,43.0,0.32597299803270424,2,29.0,0.2658235695754467,4,72.0
70.0,6,101.0,4.391304347826087,6.484948278922375,0,0.0,1.0,0,0.0,0.9316292697833473,4,62.0,0.18834982183298507,2,39.0,0.320965350696046,6,101.0
75.0,7,131.0,5.24,6.106488968684036,0,0.0,1.0,0,0.0,0.9860150950037316,5,82.0,0.1615933503193593,2,49.0,0.40088709211536677,7,131.0
80.0,7,163.0,6.037037037037037,6.018362953609049,0,0.0,1.0,0,0.0,0.9398144799174143,4,102.0,0.39282894618753883,2,59.0,0.4977289457747772,6,161.0
85.0,6,191.0,6.586206896551724,6.28873749625766,0,0.0,1.0,0,0.0,0.9835489406512776,4,122.0,0.37537807335867773,2,69.0,0.2757607304647637,6,191.0
90.0,5,196.0,7.0,6.165564867366157,0,0.0,1.0,0,0.0,0.8381252298224924,3,117.0,0.34157579934513765,2,79.0,0.24735670146845867,5,196.0
95.0,5,137.0,4.566666666666666,6.703852054015693,0,0.0,1.0,1,3.0,0.5922309243832924,4,134.0,0.31587702754422103,0,3.0,0.47065172168033376,5,140.0
100.0,6,164.0,5.290322580645161,7.201815627194683,0,0.0,1.0,2,10.0,0.32550830807176845,4,160.0,0.3258720743538837,0,0.0,0.754047543614777,6,170.0
105.0,8,190.0,5.9375,7.234089451593744,0,0.0,1.0,1,7.0,0.46590309177313066,7,189.0,0.13364216947043678,0,0.0,0.9419689994440424,8,196.0
110.0,8,230.0,6.571428571428571,6.023400431898893,0,0.0,1.0,1,12.0,0.6255143503905106,7,225.0,0.10243459494914639,0,0.0,0.9836149514934114,8,237.0
115.0,12,274.0,7.405405405405405,5.660183264228643,0,0.0,1.0,2,19.0,0.41638953971778714,8,258.0,0.14494040775607803,0,0.0,0.8105781659197165,10,277.0
120.0,14,340.0,8.717948717948717,6.112117981189762,0,3.0,0.9243301378975797,2,29.0,0.608607795690615,9,298.0,0.09055982998205744,1,3.0,0.4314845987766855,12,333.0
125.0,11,345.0,9.324324324324325,5.243531518009771,0,0.0,1.0,0,0.0,0.8850613762347204,9,343.0,0.10622101072790636,2,12.0,0.3069032468941733,11,355.0
130.0,13,405.0,10.657894736842104,5.402063243971927,0,0.0,1.0,1,2.0,0.5589868655605438,10,391.0,0.15730310388759877,2,22.0,0.4555051572012838,13,415.0
135.0,4,47.0,1.205128205128205,6.180651787397761,0,0.0,1.0,1,7.0,0.3216860440483909,1,107.0,0.5327187782954597,2,32.0,0.37574717789113377,4,146.0
140.0,2,17.0,0.4358974358974359,7.445190758762708,0,6.0,0.596143067259911,2,26.0,0.4445803595645164,0,14.0,0.8193953275386365,0,0.0,0.7953608462152382,2,46.0
145.0,2,2.0,0.047619047619047616,8.312624306478243,2,11.0,0.13315324881703788,0,18.0,0.7894257751920069,0,13.0,0.7986949021883758,0,0.0,0.9174064656690352,2,42.0
150.0,5,20.0,0.45454545454545453,8.525302051244658,4,28.0,0.0066946911181620635,0,9.0,0.8531702936055773,1,7.0,0.7101196258065582,0,0.0,0.9706099860517896,5,44.0
155.0,7,51.0,1.1333333333333333,8.239577693535743,5,49.0,0.0014966010415561853,1,14.0,0.8580108081444139,1,15.0,0.6820135952336531,0,0.0,0.9697738130824902,7,78.0
160.0,8,90.0,1.9565217391304348,7.434367633930205,5,74.0,0.00038067293830941604,1,19.0,0.8643782357014649,2,24.0,0.6239106099095478,0,0.0,0.5781190386853338,8,117.0
165.0,12,140.0,2.857142857142857,6.542810815298192,5,99.0,0.00011076185608284034,2,25.0,0.7447525500485933,3,36.0,0.348641540815047,2,7.0,0.4377683386705469,12,167.0
170.0,10,174.0,3.411764705882353,6.367147706903035,5,124.0,7.826287845462786e-06,0,0.0,0.8259035222012664,3,51.0,0.35042617144592453,2,17.0,0.2571386639306729,10,192.0
175.0,12,231.0,4.4423076923076925,6.928927138451564,5,149.0,2.1681650704720222e-06,0,0.0,0.9697704332971868,4,68.0,0.4086262967884021,3,32.0,0.24786165218307457,12,249.0
180.0,12,291.0,5.596153846153846,7.314215440643995,5,174.0,0.0,0,0.0,0.7597448243987136,4,94.0,0.41009039971686967,3,47.0,0.31785812220228205,12,315.0
185.0,16,361.0,6.685185185185185,6.994529466091824,5,199.0,0.0,1,3.0,0.48694280417083174,7,121.0,0.3548278146450169,3,62.0,0.3476196887106671,16,385.0
190.0,12,229.0,4.089285714285714,7.2654954361105855,0,76.0,0.03138746535042121,1,8.0,0.6288817138090889,7,156.0,0.34642276375813447,4,80.0,0.3961364985533586,12,320.0
195.0,10,231.0,4.2,7.3889755639586685,0,0.0,1.0,1,13.0,0.6374452600690406,5,144.0,0.3657181386656108,4,100.0,0.4045482504564086,10,257.0
200.0,7,162.0,3.0,7.611635465962207,0,0.0,1.0,2,19.0,0.4822102476047071,5,158.0,0.3221493556174207,0,36.0,0.6652172530694881,7,213.0
205.0,8,201.0,3.9411764705882355,7.944018161907702,0,0.0,1.0,2,29.0,0.46150103309290075,6,196.0,0.33062693529113135,0,0.0,0.8184467212092328,8,225.0
210.0,9,207.0,4.14,6.443378818069636,0,0.0,1.0,0,0.0,0.8481650208160152,9,228.0,0.17680780448787015,0,0.0,0.9367582763562641,9,228.0
215.0,13,255.0,5.0,6.193956379231599,0,0.0,1.0,0,0.0,0.9334278451669655,11,268.0,0.12588220630665256,0,0.0,0.9882357448095844,11,268.0
220.0,15,324.0,6.352941176470588,5.74948988217677,0,0.0,1.0,0,0.0,0.6546650386991955,11,324.0,0.16860715329266462,1,2.0,0.2729012362352935,12,326.0
225.0,21,427.0,8.895833333333334,4.896143919357957,0,0.0,1.0,1,5.0,0.6906439899911713,14,394.0,0.11517733106607816,1,7.0,0.47916412653752527,16,406.0
230.0,15,452.0,9.224489795918368,5.038285931024966,0,0.0,1.0,0,0.0,0.7050403764754752,14,464.0,0.0844311290636758,1,12.0,0.47819251393457585,15,476.0
235.0,17,533.0,10.877551020408163,5.497906135826012,0,0.0,1.0,1,4.0,0.7397592781015375,15,537.0,0.06131978871709154,1,17.0,0.6432397160889385,17,558.0
240.0,18,619.0,12.63265306122449,5.697843949785839,0,0.0,1.0,1,9.0,0.7196792160177061,16,616.0,0.09514518286077439,1,22.0,0.6326430252330857,18,647.0
245.0,22,715.0,14.895833333333334,4.831394551847787,0,0.0,1.0,1,14.0,0.6853205094166945,17,705.0,0.14327030517863626,1,27.0,0.4752704503813521,19,746.0
250.0,24,832.0,17.333333333333332,4.203767963783754,0,0.0,1.0,2,21.0,0.4739976858723617,17,782.0,0.09770478802838739,1,32.0,0.47979851683200764,20,835.0
255.0,13,295.0,5.9,4.825337306538429,0,0.0,1.0,2,31.0,0.5261971243238509,5,447.0,0.14890089685144972,1,37.0,0.6450322394253599,8,515.0
260.0,8,119.0,2.38,6.006446150819155,0,6.0,0.5979939777328475,3,53.0,0.3945553230465382,0,154.0,0.4608526903971624,0,0.0,0.9435680192028151,3,213.0
265.0,9,163.0,3.196078431372549,6.736397172248838,0,0.0,0.7977582630029005,4,72.0,0.5625423849040145,0,35.0,0.5668507325928914,0,0.0,0.9979627106759691,4,107.0
270.0,9,199.0,3.826923076923077,7.376136182148015,0,0.0,0.8855021329252806,3,79.0,0.7045527805138292,0,0.0,1.0,0,0.0,0.9978750061553914,3,79.0
275.0,9,213.0,4.096153846153846,7.810247460440985,0,0.0,1.0,4,89.0,0.6583376153135917,0,0.0,0.9502449361656138,0,0.0,0.6052624593931853,4,89.0
280.0,11,263.0,4.962264150943396,7.740644302620717,0,0.0,1.0,4,109.0,0.6381198512088686,1,4.0,0.6497540767509715,1,4.0,0.47402942123049346,6,117.0
285.0,7,145.0,2.685185185185185,7.62252289441674,0,0.0,1.0,5,133.0,0.5607217094452971,1,9.0,0.7096178768851835,1,9.0,0.47929917438335534,7,151.0
290.0,3,34.0,0.6296296296296297,7.313647011687253,0,0.0,1.0,1,55.0,0.4150639531393126,1,14.0,0.7649843882360072,1,14.0,0.6242945025221205,3,83.0
295.0,6,38.0,0.7307692307692307,7.737561944653374,0,0.0,1.0,4,19.0,0.23629182107599275,0,3.0,0.9647018710479479,2,22.0,0.3098633712906708,6,44.0
300.0,8,70.0,1.4285714285714286,7.342182024005559,0,0.0,1.0,5,40.0,0.12742507219823296,1,7.0,0.703886046032797,2,32.0,0.30890255386452437,8,79.0
305.0,10,75.0,1.5,7.1467778504737955,0,0.0,0.47089346994294573,8,69.0,0.11176823765777735,2,48.0,0.5482930532255871,0,0.0,0.9982414690183431,10,117.0
310.0,6,33.0,0.6346153846153846,6.088168950364574,1,3.0,0.32524918436398614,1,30.0,0.1801199338100987,4,66.0,0.24556825982287517,0,0.0,0.9685364866029407,6,99.0
315.0,5,49.0,0.9423076923076923,7.182453339074842,0,0.0,1.0,0,6.0,0.6896317738195148,5,85.0,0.31760873343235163,0,0.0,0.9795730732187258,5,91.0
320.0,6,75.0,1.4423076923076923,7.238349834607733,0,0.0,1.0,1,1.0,0.7744506761090508,5,113.0,0.3480308218776419,0,0.0,0.9657833391593135,6,114.0
325.0,7,98.0,1.8846153846153846,7.731839109791943,0,0.0,1.0,1,6.0,0.8019268949797139,4,89.0,0.34097706167076375,0,0.0,0.9736464221261754,5,95.0
330.0,9,133.0,2.462962962962963,8.181249374480123,0,0.0,1.0,0,3.0,0.9578202342490806,5,112.0,0.27238328420212393,0,0.0,0.6852338120481067,5,115.0
335.0,11,184.0,3.4716981132075473,7.865492238134102,0,0.0,1.0,1,4.0,0.8268360089661325,5,140.0,0.3577819943391126,1,5.0,0.5190384868020937,7,149.0
340.0,13,244.0,4.784313725490196,6.84831711648345,0,0.0,1.0,2,11.0,0.5413158052716849,5,165.0,0.35899380443905593,1,10.0,0.6349743835996465,8,186.0
345.0,13,278.0,5.450980392156863,6.137203214434353,0,0.0,1.0,5,31.0,0.2892015932255966,4,169.0,0.2055689640749193,0,0.0,0.9429217386550036,9,200.0
350.0,10,309.0,6.18,6.769906017932545,0,0.0,0.4931556941951373,2,22.0,0.4944932345956152,4,189.0,0.42748302404191285,0,0.0,0.9653482522046501,6,211.0
355.0,9,291.0,5.705882352941177,6.221267498211761,0,0.0,0.1118458271969261,3,33.0,0.5508964660066168,4,206.0,0.16947740907145745,0,0.0,0.9744607035701643,7,239.0
360.0,11,283.0,5.4423076923076925,6.92407574141289,2,8.0,8.857102288362676e-05,4,47.0,0.4770149197835308,5,235.0,0.4159157227129564,0,0.0,0.9995678368735846,11,290.0
365.0,11,338.0,6.2592592592592595,7.17279415338671,2,18.0,0.0,4,67.0,0.4322885411430701,5,257.0,0.3597197710841779,0,0.0,0.9460695282071122,11,342.0
370.0,10,259.0,4.886792452830188,7.171679662344783,2,28.0,0.0,5,92.0,0.365142684315187,3,210.0,0.31404481252411615,0,0.0,0.9825978472625431,10,330.0
375.0,9,179.0,3.4423076923076925,7.516637402654667,2,38.0,0.0,5,117.0,0.36034709275856047,2,89.0,0.47716176823951656,0,0.0,0.9488743104681922,9,244.0
380.0,8,181.0,3.480769230769231,7.492875841415489,0,0.0,1.0,5,142.0,0.48223009241863074,3,46.0,0.5012277056978616,0,0.0,0.9894857279376598,8,188.0
385.0,9,222.0,4.269230769230769,7.123409437862796,0,0.0,1.0,5,167.0,0.233835737245445,4,62.0,0.1292403032432855,0,0.0,0.8616398025898522,9,229.0
390.0,11,152.0,2.923076923076923,6.336633088564937,0,0.0,1.0,2,93.0,0.24063476899996292,7,96.0,0.22085664474482833,1,4.0,0.6359411123801343,10,193.0
395.0,8,96.0,1.8461538461538463,6.707446577074264,0,0.0,1.0,0,26.0,0.7006212344594076,3,87.0,0.3395968603165794,1,9.0,0.6382614691301883,4,122.0
400.0,9,118.0,2.1454545454545455,7.264198529863883,0,3.0,0.6659931939811,1,5.0,0.6533339922112747,3,95.0,0.5466999924345265,0,0.0,0.809963683042616,4,103.0
405.0,10,167.0,3.0925925925925926,7.40644137019844,0,6.0,0.3326859191989871,1,10.0,0.7146900145158452,3,113.0,0.5975128257394785,0,0.0,0.9938521202516968,4,129.0
410.0,14,228.0,4.56,6.454967518839371,3,16.0,0.0003039865807149959,1,15.0,0.7737349520105546,3,125.0,0.6009383753667525,0,0.0,0.9405813434613871,7,156.0
415.0,13,197.0,3.7884615384615383,5.538746116295967,3,31.0,0.0,1,20.0,0.8142525914457552,1,79.0,0.6117300397313726,0,0.0,0.9129578103427671,5,130.0
420.0,10,147.0,2.94,6.895003651833176,3,46.0,0.0,1,25.0,0.8258984602002112,1,6.0,0.777760700663313,0,0.0,0.9738139525539394,5,77.0
425.0,12,191.0,3.8979591836734695,6.611428577594968,3,61.0,0.0,2,31.0,0.6729419350108279,3,13.0,0.5544993540813853,0,0.0,0.9780198023117646,8,105.0
430.0,14,257.0,5.354166666666667,5.858074336960352,3,76.0,0.0,2,41.0,0.6409329199864479,3,28.0,0.5903560591891697,0,0.0,0.947215942256137,8,145.0
435.0,18,341.0,6.82,5.356474913586466,3,91.0,0.0,3,53.0,0.3909268667962225,3,43.0,0.4678777966952977,0,0.0,0.9925746209690569,9,187.0
440.0,25,445.0,9.081632653061224,3.4933510235323397,3,106.0,0.0,5,71.0,0.14916330707115796,6,66.0,0.28709791504373766,0,0.0,0.986167159051097,14,243.0
445.0,28,579.0,11.816326530612244,3.2794165192158578,3,121.0,0.0,5,96.0,0.23587278260747685,8,102.0,0.10479077206872803,0,0.0,0.9322369340121819,16,319.0
450.0,23,511.0,10.22,3.7502844529880672,0,0.0,0.8089247389329256,6,129.0,0.23546550288558504,8,142.0,0.0,0,0.0,0.9454861102496005,14,271.0
455.0,19,419.0,8.215686274509803,4.379060209733585,0,0.0,1.0,6,159.0,0.24972924788172504,8,182.0,0.0,0,0.0,0.8706184360009466,14,341.0
460.0,19,468.0,9.0,4.443804076267169,0,0.0,1.0,6,186.0,0.12445775417177349,8,222.0,0.0,1,2.0,0.6207204900179301,15,410.0
465.0,17,536.0,10.11320754716981,5.00503827850503,0,0.0,1.0,6,216.0,0.12025822423390871,8,262.0,0.1827739678596081,0,0.0,0.9353283591081564,14,478.0
470.0,19,628.0,11.017543859649123,5.3302284912820825,0,0.0,1.0,7,263.0,0.2288999901656689,8,305.0,0.12983314000387633,0,0.0,0.9526355201777825,15,568.0
475.0,16,624.0,10.758620689655173,5.784929926135546,0,0.0,1.0,7,302.0,0.30576015832629727,9,392.0,0.2234902519018882,0,0.0,0.9507071272729061,16,694.0
480.0,15,458.0,8.327272727272728,5.307504256856454,0,0.0,1.0,8,321.0,0.19092902523076757,5,241.0,0.12262502026435909,0,0.0,0.965054736112837,13,562.0
485.0,14,399.0,7.388888888888889,5.596697699745345,0,3.0,0.7166439804944985,9,368.0,0.23950179659221263,3,178.0,0.32914048284265307,0,0.0,0.9371109694414577,12,549.0
490.0,16,474.0,8.618181818181819,5.987282108528539,0,3.0,0.010203161075866073,10,417.0,0.35124806235479383,4,110.0,0.1801605065165026,0,0.0,0.9475899229530798,14,530.0
495.0,17,559.0,9.807017543859649,6.505660097392172,1,8.0,6.93974302899531e-05,10,467.0,0.35548074752311765,4,130.0,0.17806384198262154,0,0.0,0.7288526561083393,15,605.0
500.0,11,179.0,3.086206896551724,6.7040523682248585,1,13.0,0.3256034745230496,3,146.0,0.475324965763097,4,150.0,0.0,1,2.0,0.4748939329952971,9,311.0
505.0,10,178.0,3.1228070175438596,6.9625574193622315,1,18.0,0.0,5,66.0,0.5408435989018103,4,193.0,0.0022925751281889875,0,0.0,0.9522584887853864,10,277.0
510.0,10,213.0,3.736842105263158,7.616501588668494,0,0.0,1.0,5,88.0,0.45387107765195134,5,230.0,0.4339879619487689,0,0.0,0.9935581398835415,10,318.0
515.0,12,269.0,4.719298245614035,7.1426451639418955,0,0.0,1.0,6,115.0,0.2302151611740899,6,256.0,0.5407956008788495,0,0.0,0.9807934163586323,12,371.0
520.0,14,335.0,5.677966101694915,7.086811499182754,0,0.0,1.0,7,148.0,0.11818529318085298,7,289.0,0.47721068652056764,0,0.0,0.9844838431221594,14,437.0
525.0,15,410.0,6.612903225806452,7.064151293582906,0,0.0,1.0,7,183.0,0.16594242110740837,8,323.0,0.4524190151110189,0,0.0,0.9749182743965386,15,506.0
530.0,13,449.0,7.360655737704918,7.139925750938771,0,0.0,1.0,8,221.0,0.10715333970591903,5,330.0,0.5561246840353881,0,0.0,0.9307735633827198,13,551.0
535.0,13,514.0,8.862068965517242,7.054651673565672,0,0.0,1.0,8,264.0,0.23163556973817895,5,343.0,0.4422139384525277,0,0.0,0.9523577985218319,13,607.0
540.0,14,582.0,10.210526315789474,6.9817023378462775,0,0.0,0.9631100144412832,8,307.0,0.2874896960316869,6,371.0,0.31270778820106393,0,0.0,0.963896973730041,14,678.0
545.0,15,656.0,10.933333333333334,6.4692056490772405,0,0.0,0.9669026259407749,9,351.0,0.2565299256940889,6,401.0,0.11588595392744994,0,0.0,0.9706633541844258,15,752.0
550.0,18,740.0,12.542372881355933,6.174619665257459,0,0.0,0.9341539299918941,10,399.0,0.31109181263265906,7,436.0,0.0,0,0.0,0.7753034763073425,17,835.0
555.0,17,668.0,11.517241379310345,6.298337416469116,1,2.0,0.0007282643778737585,10,449.0,0.32974473507812624,5,386.0,0.015614967100873588,1,4.0,0.629871150928423,17,841.0
560.0,12,509.0,8.483333333333333,6.677100908015158,1,10.0,0.4536276073877,10,499.0,0.35838242401033127,0,201.0,0.3326334469786104,1,9.0,0.6271662719590133,12,719.0
565.0,8,260.0,4.406779661016949,6.794180416428227,1,12.0,0.21869491244703035,7,396.0,0.38085962178847893,0,35.0,0.7661367152815227,0,0.0,0.49604411485524585,8,443.0
570.0,7,106.0,1.962962962962963,6.916619527976536,1,17.0,0.0,5,161.0,0.3240841485088083,0,3.0,0.7512835996521033,0,0.0,0.973557423804058,6,181.0
575.0,7,124.0,2.2545454545454544,7.146022257898501,0,0.0,1.0,5,121.0,0.30815552974283816,0,3.0,0.6162904147993506,0,0.0,0.9802005554381743,5,124.0
580.0,9,163.0,2.963636363636364,7.178699621798168,0,0.0,1.0,7,155.0,0.34196073013095535,1,8.0,0.7680330598081326,0,0.0,0.9631721131384448,8,163.0
585.0,10,209.0,4.26530612244898,6.963042275300031,0,0.0,1.0,8,188.0,0.3842594517501658,1,13.0,0.7740187334937585,0,0.0,0.9511362306836093,9,201.0
590.0,10,238.0,5.173913043478261,6.750321934423644,0,0.0,1.0,8,228.0,0.33138787320212704,2,20.0,0.6138999363016886,0,0.0,0.9792204671701941,10,248.0
595.0,10,288.0,6.0,7.0320424302567845,0,0.0,1.0,8,268.0,0.3217640591425963,2,30.0,0.6859135099365457,0,0.0,0.8363440810606549,10,298.0
600.0,10,338.0,7.511111111111111,6.9042587900997985,0,0.0,1.0,8,308.0,0.3224119570742832,2,40.0,0.6530113262089574,0,0.0,0.9703299510648269,10,348.0
605.0,10,388.0,8.434782608695652,6.325922086655823,0,0.0,1.0,8,348.0,0.2922216041077609,2,47.0,0.4982137749663354,0,0.0,0.9434145204734943,10,395.0
610.0,13,448.0,9.53191489361702,5.813530535508615,0,0.0,1.0,9,390.0,0.19799329029868565,4,65.0,0.37556745817987225,0,0.0,0.9414712736365427,13,455.0
615.0,16,520.0,10.612244897959183,5.530110982845463,0,0.0,1.0,10,438.0,0.13188102265972312,6,89.0,0.30639468379801377,0,0.0,0.8520156169113423,16,527.0
620.0,15,526.0,10.52,5.117699893244248,0,0.0,1.0,10,488.0,0.05398816147293528,4,73.0,0.37399629358122854,1,3.0,0.4742040446959024,15,564.0
625.0,16,598.0,12.204081632653061,5.4517935444921,0,0.0,1.0,11,543.0,0.058721809311464986,3,49.0,0.24350059902408852,2,13.0,0.48948637634417247,16,605.0
630.0,17,667.0,13.07843137254902,5.965499574369092,0,0.0,1.0,13,606.0,0.13058195475937542,4,68.0,0.18595438702743744,0,0.0,0.960264445578705,17,674.0
635.0,17,752.0,14.18867924528302,5.893193908805692,0,0.0,1.0,13,671.0,0.15796055607084958,4,94.0,0.22045462557771023,0,0.0,0.9843164852036849,17,765.0
640.0,17,740.0,13.962264150943396,5.526923050447822,0,0.0,1.0,13,736.0,0.14149686963422053,2,21.0,0.2162673988900415,0,0.0,0.9881050183621597,15,757.0
645.0,4,50.0,0.9090909090909091,6.2809001161352835,0,6.0,0.8745335128594303,3,300.0,0.2992571391756684,0,8.0,0.6159527501873068,0,0.0,0.9403146830539041,3,314.0
650.0,1,7.0,0.12727272727272726,7.415646273503185,0,0.0,1.0,1,50.0,0.5562873138278113,0,3.0,0.9588759717715863,0,0.0,0.9321978495270609,1,53.0
655.0,2,15.0,0.26785714285714285,8.2017201060516,0,0.0,1.0,1,15.0,0.7257695068296074,0,9.0,0.8891293247211397,0,0.0,0.8941962715092334,1,24.0
660.0,4,30.0,0.5357142857142857,8.845657577998,0,0.0,1.0,1,20.0,0.7821754460889017,1,10.0,0.8166481966663943,0,0.0,0.9914028639162666,2,30.0
665.0,2,28.0,0.5283018867924528,8.862005730936207,0,0.0,1.0,1,25.0,0.7747748446300483,1,12.0,0.8473379589375124,0,0.0,0.9649950397881507,2,37.0
670.0,2,38.0,0.7037037037037037,9.151064620007386,0,0.0,1.0,1,30.0,0.7897752389961338,1,17.0,0.7792906104796832,0,0.0,0.9468075660663089,2,47.0
675.0,3,52.0,0.9811320754716981,9.002132332042386,0,0.0,1.0,1,32.0,0.35225325830319626,2,26.0,0.7949949505914757,0,0.0,0.9634364638577233,3,58.0
680.0,4,71.0,1.42,8.264835907556488,0,0.0,1.0,2,41.0,0.3217483173459627,2,36.0,0.6443033534210137,0,0.0,0.9109271468212756,4,77.0
685.0,7,101.0,1.9803921568627452,7.117826225260712,0,0.0,1.0,2,51.0,0.4955760213824076,5,56.0,0.3687971483577053,0,0.0,0.978488415639655,7,107.0
690.0,9,142.0,2.84,5.978376350668165,0,0.0,1.0,2,61.0,0.391972918763018,5,81.0,0.22480467372592228,0,0.0,0.9468713214623936,7,142.0
695.0,16,197.0,3.94,5.627684551845859,0,0.0,1.0,3,75.0,0.4074561181752296,10,117.0,0.11360688536891068,0,0.0,0.9258937948845111,13,192.0
700.0,19,283.0,5.775510204081633,5.085377412690776,0,0.0,1.0,4,93.0,0.3223538987655757,12,171.0,0.016063134515383812,0,0.0,0.9551546966553011,16,264.0
705.0,20,367.0,7.196078431372549,4.568024814083395,0,0.0,1.0,3,99.0,0.06471472495861234,12,229.0,0.06761843208111955,0,0.0,0.9223314201549657,15,328.0
710.0,21,435.0,8.365384615384615,4.597488078512029,0,0.0,1.0,4,118.0,0.19460630079198418,14,293.0,0.09133407446759109,0,0.0,0.9327719795090987,18,411.0
715.0,18,494.0,9.5,5.2659321801415615,0,0.0,1.0,4,138.0,0.32284338044623645,14,366.0,0.11799822340485129,0,0.0,0.9395202107648528,18,504.0
720.0,18,584.0,11.018867924528301,5.226431445666637,0,0.0,1.0,4,174.0,0.2574472167613721,14,436.0,0.1640106218760089,0,0.0,0.9323140629014778,18,610.0
725.0,22,691.0,12.563636363636364,5.0809239304580895,0,0.0,1.0,5,199.0,0.33321571941599865,15,511.0,0.1610898062675533,0,0.0,0.8662060591461964,20,710.0
730.0,25,811.0,14.482142857142858,4.274333157900619,0,0.0,1.0,6,227.0,0.1671474047645832,15,586.0,0.17496049603650304,1,2.0,0.4077886463205529,22,815.0
735.0,24,907.0,16.196428571428573,4.484770981273795,0,0.0,1.0,6,257.0,0.22511853682912747,16,665.0,0.15164185988965,2,11.0,0.32094905070111795,24,933.0
740.0,25,1030.0,17.45762711864407,4.780833264897264,0,0.0,1.0,7,290.0,0.2499141209877631,16,742.0,0.0702679560037548,2,21.0,0.22720759007792962,25,1053.0
745.0,20,883.0,15.224137931034482,4.886227917730888,0,0.0,1.0,3,173.0,0.38937032142648464,16,832.0,0.13672637966140808,1,17.0,0.3309508248745934,20,1022.0
750.0,18,922.0,16.464285714285715,5.43900831692937,0,0.0,1.0,0,35.0,0.5190967651428235,17,911.0,0.11644645588123437,1,22.0,0.5731742815778479,18,968.0
755.0,9,273.0,4.963636363636364,5.827485288576852,0,0.0,1.0,1,2.0,0.3631594230402287,7,553.0,0.2180962734668549,1,27.0,0.6236372541657627,9,582.0
760.0,4,41.0,0.7454545454545455,6.518946565686053,0,9.0,0.5420607844050122,2,13.0,0.2804232905105011,2,265.0,0.3589642954685851,0,0.0,0.8168220836743142,4,287.0
765.0,4,61.0,1.1296296296296295,8.01709174114129,0,0.0,0.702089265161027,2,29.0,0.5902062010164321,2,67.0,0.5134815220541028,0,0.0,0.8084938216468469,4,96.0
770.0,4,81.0,1.528301886792453,8.704467844317518,0,0.0,0.8144472069281585,2,33.0,0.6741106019399867,2,54.0,0.5622286128541346,0,0.0,0.8280695078384758,4,87.0
775.0,5,101.0,1.8363636363636364,8.338736769957654,0,0.0,0.16460929867886576,3,43.0,0.6530906572464447,2,64.0,0.4712038475198455,0,0.0,0.7342497857578744,5,107.0
780.0,7,87.0,1.5818181818181818,7.60821490091225,3,12.0,0.01783199422138445,2,53.0,0.6542334803308134,1,22.0,0.430478639389573,1,3.0,0.3053346217186363,7,90.0
785.0,12,145.0,2.685185185185185,7.198150969807081,3,27.0,0.006346081773903628,2,73.0,0.6636193135970165,3,35.0,0.23046596741714415,3,18.0,0.23659653215241755,11,153.0
790.0,12,199.0,3.98,6.701776977484467,4,46.0,0.0004384214904939861,2,83.0,0.5588254926481686,3,47.0,0.224228980480209,3,33.0,0.24603660550896345,12,209.0
795.0,17,277.0,5.653061224489796,5.363432635876337,4,66.0,0.0001468445028762488,6,98.0,0.23453725151736718,3,62.0,0.2415366462699518,3,48.0,0.19974189258496827,16,274.0
800.0,16,270.0,5.625,5.184279126079311,4,86.0,5.150055330300816e-05,8,137.0,0.20510468869321793,1,42.0,0.46877615998551025,0,19.0,0.3605393464518487,13,284.0
805.0,19,357.0,7.595744680851064,5.397771311919678,4,106.0,6.527880801889783e-06,11,188.0,0.28462430278985884,1,50.0,0.631843779054251,0,0.0,0.9538502703587788,16,344.0
810.0,12,253.0,5.163265306122449,5.6445698044352515,4,126.0,0.0,3,68.0,0.3783946497004519,1,52.0,0.2615289123932411,0,0.0,0.9774631234252535,8,246.0
815.0,9,145.0,2.843137254901961,6.461907031453396,0,28.0,0.017940282492554024,4,52.0,0.45777887546373003,2,61.0,0.315684467988987,0,0.0,0.9370214324283985,6,141.0
820.0,10,195.0,3.75,7.239822390705419,0,0.0,1.0,5,76.0,0.4228728593266114,2,77.0,0.5854867787218664,0,0.0,0.9367307447629288,7,153.0
825.0,10,171.0,3.3529411764705883,7.690609546222109,0,0.0,1.0,5,101.0,0.4925481723677216,0,19.0,0.8191096531680605,1,2.0,0.613108970921223,6,122.0
830.0,10,221.0,4.0181818181818185,8.098825939631274,0,3.0,0.9826552367747288,5,126.0,0.464659976867303,0,6.0,0.9473374312543088,1,7.0,0.7222101652021173,6,142.0
835.0,14,279.0,5.072727272727272,7.721231012005612,0,0.0,1.0,7,155.0,0.29134332890254583,0,3.0,0.9735936643212122,1,12.0,0.6578901338291003,8,170.0
840.0,14,333.0,6.166666666666667,6.893868991437531,0,0.0,1.0,7,193.0,0.2711392799269133,1,4.0,0.7995301108973,0,2.0,0.5021631471268719,8,199.0
845.0,14,400.0,8.0,5.261752668675103,0,0.0,1.0,7,225.0,0.19247945321204016,0,3.0,0.6338092396937496,0,0.0,0.9567952607251132,7,228.0
850.0,19,489.0,9.403846153846153,5.314901774486392,0,3.0,0.7154977323746722,8,263.0,0.18501923899300923,1,5.0,0.5537751069115143,0,0.0,0.9564980665073413,9,271.0
855.0,21,592.0,11.169811320754716,5.191532036774115,0,0.0,0.33267086542832197,9,307.0,0.2947451985814577,2,14.0,0.3304984295228642,0,0.0,0.9716340388796335,11,321.0
860.0,21,663.0,13.0,5.2634852951247355,0,0.0,1.0,9,352.0,0.3401449161025876,2,24.0,0.0,0,0.0,0.9891274723618381,11,376.0
865.0,21,743.0,14.288461538461538,5.037273290245243,0,0.0,1.0,10,397.0,0.24031224952408808,2,34.0,0.3776102501925987,0,0.0,0.9596649408284302,12,431.0
870.0,22,765.0,15.3,4.779956897982305,0,0.0,1.0,8,423.0,0.2903944490983206,4,49.0,0.20009284690512552,0,0.0,0.9606800822111778,12,472.0
875.0,14,589.0,11.78,5.7218562544163145,0,0.0,1.0,8,463.0,0.3562201886239992,2,60.0,0.40877998178518304,0,0.0,0.9467837106574813,10,523.0
880.0,15,573.0,11.235294117647058,5.98131772432402,0,0.0,1.0,9,504.0,0.2314990467883956,2,68.0,0.4669240517869753,0,0.0,0.9501391235923901,11,572.0
885.0,17,642.0,12.588235294117647,6.0151837061278695,0,0.0,1.0,9,549.0,0.19047018510970237,3,86.0,0.6218493920675306,0,0.0,0.9625423349940685,12,635.0
890.0,15,693.0,13.86,6.075158788026732,0,0.0,0.987582685371647,10,597.0,0.1596088104593653,3,98.0,0.5912040282509516,1,2.0,0.473798447326649,14,697.0
895.0,14,745.0,14.9,5.932609625101835,0,0.0,1.0,10,647.0,0.08899274561508487,3,101.0,0.5916546086124598,1,7.0,0.6084133158416369,14,755.0
900.0,15,818.0,16.36,5.686609478024821,0,0.0,0.8775354848099569,10,700.0,0.18721923253068443,4,118.0,0.3836110167080447,1,12.0,0.6387015711345176,15,830.0
905.0,15,879.0,16.903846153846153,5.754293768928608,0,0.0,0.520417142114949,10,750.0,0.18456390390876987,5,188.0,0.40108667381813295,0,0.0,0.608174322923235,15,938.0
910.0,15,540.0,10.8,5.4596004716948325,2,6.0,0.14777474017585426,7,572.0,0.20079689990343155,6,215.0,0.2604673758618357,0,0.0,0.8878786241889574,15,793.0
915.0,6,189.0,3.7058823529411766,6.589277604489579,0,0.0,0.10007918293836021,0,227.0,0.5735255506350678,6,189.0,0.24307190566035353,0,0.0,0.9473825128796982,6,416.0
920.0,6,219.0,4.211538461538462,7.985311235125208,0,0.0,1.0,0,52.0,0.7038979651827398,6,222.0,0.32996936384155884,0,0.0,0.9450846931115636,6,274.0
925.0,8,255.0,5.1,7.726510138698107,0,0.0,1.0,1,8.0,0.7738605680302083,6,252.0,0.2121137040165949,0,0.0,0.9808753378677596,7,260.0
930.0,8,285.0,5.7,7.703201471517996,0,0.0,1.0,1,4.0,0.771659081302896,7,287.0,0.25979662091108824,0,0.0,0.9824897168333477,8,291.0
935.0,7,154.0,3.019607843137255,8.009780494017871,0,0.0,1.0,1,27.0,0.8063760280200105,6,221.0,0.2608524567159857,0,0.0,0.9718621799671348,7,248.0
940.0,6,66.0,1.2452830188679245,7.512315476404572,0,0.0,1.0,2,34.0,0.47187103644041895,4,120.0,0.3118071729894488,0,0.0,0.9599559483272293,6,154.0
945.0,9,107.0,2.183673469387755,7.451144445218522,0,0.0,1.0,4,52.0,0.41851560443456226,5,69.0,0.3740443828863147,0,0.0,0.996231995136966,9,121.0
950.0,8,116.0,2.4166666666666665,7.4576777845985065,0,0.0,1.0,1,38.0,0.6431603504426504,7,101.0,0.2863216022448899,0,0.0,0.9776345507626379,8,139.0
955.0,1,2.0,0.04081632653061224,7.659271137456779,0,0.0,1.0,0,21.0,0.972622373420441,0,26.0,0.5866814246996046,0,0.0,0.996367512620758,0,47.0
960.0,6,20.0,0.425531914893617,7.649164709105064,0,0.0,1.0,1,29.0,0.6555778607038554,0,3.0,0.9512668672696536,0,0.0,0.955349797615693,1,32.0
965.0,8,56.0,1.302325581395349,7.851345049241715,1,7.0,0.018871019346843463,1,13.0,0.8130540525501747,0,0.0,0.9693579406854478,0,0.0,0.9319273280995247,2,20.0
970.0,6,58.0,1.45,7.176137625116331,2,17.0,0.026099362049081726,0,0.0,0.9628875151720521,0,0.0,0.9946007843439885,0,0.0,0.9864260659403226,2,17.0
975.0,3,33.0,0.7674418604651163,7.91387074210974,0,0.0,0.03511908954883677,1,1.0,0.8426284536079247,0,0.0,0.9235594266506618,0,0.0,0.9657419371047662,1,1.0
980.0,6,52.0,1.1818181818181819,7.437540277790106,0,0.0,1.0,2,7.0,0.6860819082691364,0,3.0,0.9205830748365181,0,0.0,0.7970962984576385,2,10.0
985.0,8,89.0,1.9777777777777779,7.273195578677883,0,0.0,1.0,2,17.0,0.7340734693822927,0,3.0,0.7728459492954622,1,3.0,0.47124925695807696,3,23.0
990.0,8,102.0,2.372093023255814,6.639015322005694,0,0.0,1.0,1,2.0,0.596981764737111,2,9.0,0.5764761539457113,0,0.0,0.9381656401481112,3,11.0
995.0,11,152.0,3.234042553191489,6.119840411895018,0,0.0,1.0,2,12.0,0.5376515029925784,2,22.0,0.4859525612181372,0,0.0,0.9600294139939407,4,34.0
1000.0,15,222.0,4.826086956521739,5.579535718380606,0,0.0,1.0,3,25.0,0.3197331746191803,4,42.0,0.38382243567160224,0,0.0,0.9697113159075543,7,67.0
1005.0,17,300.0,6.976744186046512,5.198485915462644,0,0.0,1.0,5,43.0,0.1586733819192114,4,59.0,0.4765303649224343,0,0.0,0.9662897495393015,9,102.0
1010.0,12,265.0,5.760869565217392,5.361399631507192,0,0.0,1.0,0,5.0,0.6495492648618301,6,87.0,0.3485523519012886,0,0.0,0.9425625190268869,6,92.0
1015.0,8,152.0,3.234042553191489,6.071146017931925,0,0.0,1.0,0,0.0,0.9648616202412286,6,117.0,0.32743277464623693,0,0.0,0.943804161555727,6,117.0
1020.0,1,25.0,0.5434782608695652,7.090042853818386,0,0.0,1.0,0,0.0,0.9835319265297987,1,48.0,0.5938480467232595,0,0.0,0.9697050539044447,1,48.0
1025.0,1,30.0,0.6382978723404256,8.183078069244731,0,3.0,0.7211476978252968,0,19.0,0.8589935372614733,1,88.0,0.7846727385812777,0,0.0,0.9459048255133027,1,110.0
1030.0,2,36.0,0.7346938775510204,8.139968184902411,0,0.0,0.9438172170302573,0,19.0,0.8517263412647141,2,91.0,0.5838287681947762,0,0.0,0.7491044624017583,2,110.0
1035.0,4,54.0,1.1020408163265305,7.990178613174843,0,0.0,1.0,1,10.0,0.8016850327511708,2,101.0,0.48720217008197325,1,4.0,0.47002194630039357,4,115.0
1040.0,5,77.0,1.7906976744186047,8.323470372394477,0,0.0,1.0,1,15.0,0.8348702579307945,2,111.0,0.47467260362252073,2,12.0,0.46403040021333203,5,138.0
1045.0,6,103.0,2.239130434782609,8.018046985947773,0,0.0,1.0,2,21.0,0.7623742337882647,2,121.0,0.4842981681557499,2,22.0,0.5807762277443164,6,164.0
1050.0,4,80.0,1.8604651162790697,7.8395327340345675,0,0.0,1.0,2,27.0,0.6303022858345458,1,58.0,0.5010472328790244,0,0.0,0.9640272752705531,3,85.0
1055.0,11,118.0,2.8780487804878048,6.53656746826243,0,0.0,1.0,6,53.0,0.3574684848606224,4,71.0,0.09981194539237662,0,0.0,0.9492969584932963,10,124.0
1060.0,12,163.0,3.880952380952381,6.2793318324310325,0,0.0,1.0,7,127.0,0.3047455309219481,5,91.0,0.15728043213378645,0,0.0,0.8180516003928765,12,218.0
1065.0,14,227.0,5.27906976744186,5.524809360804641,0,0.0,1.0,9,166.0,0.1537933344980019,5,116.0,0.26297740854804014,0,0.0,0.7928117096267228,14,282.0
1070.0,13,195.0,4.534883720930233,5.375959619775736,0,0.0,1.0,7,140.0,0.17678532669771557,5,67.0,0.15141437628187263,1,4.0,0.3434735184101334,13,211.0
1075.0,15,267.0,6.209302325581396,5.519258845461363,0,0.0,1.0,7,170.0,0.18449253371441596,5,92.0,0.15816676019557874,2,12.0,0.32071946797035183,14,274.0
1080.0,16,345.0,8.214285714285714,5.873044970335281,0,0.0,1.0,8,208.0,0.19787115622112267,5,117.0,0.15923969559622278,2,22.0,0.4492284795317822,15,347.0
1085.0,15,411.0,9.133333333333333,5.355196695014007,0,0.0,1.0,8,248.0,0.19719971322973542,5,142.0,0.003935981594818216,2,32.0,0.31844782037333597,15,422.0
1090.0,1,2.0,0.0425531914893617,5.689914096926624,0,0.0,1.0,0,51.0,0.33188266495798724,0,24.0,0.07871471131580529,0,0.0,0.8096825189456356,0,75.0
1095.0,1,2.0,0.043478260869565216,7.29563070554437,0,3.0,0.744479960221933,1,8.0,0.5565900077092848,0,7.0,0.42378240154503805,0,0.0,0.9541378840434954,1,18.0
1100.0,2,9.0,0.18,8.317300856082902,0,6.0,0.0916520329428816,1,13.0,0.8054591097801865,0,9.0,0.9116638861067581,0,0.0,0.9462494552172873,1,28.0
1105.0,2,19.0,0.3958333333333333,8.477974011825536,0,0.0,1.0,1,18.0,0.7581596309807365,0,9.0,0.9509572364373543,0,0.0,0.9726228891517688,1,27.0
1110.0,3,24.0,0.5,7.980770145980791,0,0.0,1.0,2,28.0,0.7037202521691119,0,9.0,0.9198313814387759,0,0.0,0.9782866529875159,2,37.0
1115.0,8,50.0,1.0204081632653061,7.810102798932887,0,0.0,1.0,2,38.0,0.7252071126874174,1,10.0,0.7955338686505614,0,0.0,0.9893266950088895,3,48.0
1120.0,8,90.0,2.0,7.530976422429059,0,0.0,1.0,2,48.0,0.7440520595602251,1,12.0,0.8146391693240848,0,0.0,0.9474916545643493,3,60.0
1125.0,12,139.0,3.0217391304347827,6.207787569693861,0,0.0,1.0,4,61.0,0.4102617173112134,2,17.0,0.5932133012254593,0,0.0,0.9572677875951316,6,78.0
1130.0,8,162.0,3.6818181818181817,5.659348695686813,0,0.0,1.0,2,62.0,0.3906770841122987,0,0.0,0.7993876103684125,0,0.0,0.9325869696641462,2,62.0
1135.0,8,180.0,3.8297872340425534,6.107958692022631,0,1.0,0.7297707633042548,3,77.0,0.45021752043876756,0,0.0,0.9570837631211665,0,0.0,0.9331081690223618,3,78.0
1140.0,8,122.0,2.7111111111111112,6.425779467771142,2,6.0,0.19201279709296676,3,92.0,0.563612238157479,0,3.0,0.9472830841829001,0,0.0,0.9958324883036661,5,101.0
1145.0,3,103.0,2.1914893617021276,6.886082589443302,0,0.0,0.08229448565860153,3,107.0,0.6272690603245608,0,3.0,0.9538397337177608,0,0.0,0.9832032109750279,3,110.0
1150.0,2,18.0,0.3673469387755102,7.716300197051181,0,0.0,1.0,2,66.0,0.660552662714632,0,3.0,0.9092890518048624,0,0.0,0.9786542230405831,2,69.0
1155.0,2,4.0,0.08,8.27326936956218,0,0.0,1.0,1,8.0,0.7729324530956712,1,6.0,0.6996333371797216,0,0.0,0.702968653117818,2,14.0
1160.0,5,20.0,0.425531914893617,7.695523207087961,0,0.0,1.0,2,11.0,0.6597209934579541,2,21.0,0.6454323392073459,1,3.0,0.6325502829580952,5,35.0
1165.0,7,48.0,1.0212765957446808,7.94288655969794,0,0.0,1.0,4,24.0,0.35622453062676057,2,26.0,0.6690400461812667,1,8.0,0.6214473265563663,7,58.0
1170.0,8,59.0,1.2553191489361701,7.651303530861004,0,0.0,0.9793750013531402,6,49.0,0.08686914632799837,1,15.0,0.6442289240180513,1,13.0,0.6432403309007656,8,77.0
1175.0,8,64.0,1.4545454545454546,7.677177981426476,0,0.0,1.0,6,61.0,0.052124948408632306,2,17.0,0.6772242873204642,0,0.0,0.9628518377488048,8,78.0
1180.0,8,104.0,2.6,7.482799045988384,0,0.0,1.0,6,91.0,0.10563930537338725,2,24.0,0.6348832413545864,0,0.0,0.9552083654365089,8,115.0
1185.0,11,151.0,3.775,6.05675057668506,0,0.0,1.0,6,121.0,0.30115648471800593,5,41.0,0.356471592366066,0,0.0,0.9363494547330272,11,162.0
1190.0,12,211.0,5.146341463414634,6.34954722615709,0,0.0,1.0,6,151.0,0.3069724236476517,6,71.0,0.34637309047740994,0,0.0,0.9498319796088933,12,222.0
1195.0,14,273.0,6.5,5.838787246688026,0,0.0,1.0,6,181.0,0.17851610696698098,7,102.0,0.11727568099669784,1,1.0,0.627678340347657,14,284.0
1200.0,15,347.0,8.069767441860465,6.385623620668992,0,0.0,1.0,6,232.0,0.1722524167731674,8,141.0,0.10860661579732477,1,6.0,0.6136466452292034,15,379.0
1205.0,16,423.0,9.613636363636363,6.256141716627595,0,0.0,1.0,7,242.0,0.21574391153684824,8,178.0,0.10824985325297785,1,11.0,0.6341803564603438,16,431.0
1210.0,19,510.0,10.625,6.186750240902032,0,0.0,1.0,7,277.0,0.1692320985919788,9,220.0,0.00011140484139694355,1,16.0,0.7119332858303857,17,513.0
1215.0,19,586.0,11.959183673469388,5.56000292184741,0,0.0,1.0,8,314.0,0.11060610016112099,9,265.0,0.0,0,0.0,0.9957534397077539,17,579.0
1220.0,22,687.0,13.74,4.993216570386857,0,0.0,1.0,8,354.0,0.10966381515360274,10,314.0,0.20740297003879324,0,0.0,0.9831767457735868,18,668.0
1225.0,24,798.0,15.056603773584905,4.029767897368469,0,0.0,1.0,9,394.0,0.09307952791065835,11,365.0,0.07534857984214063,0,0.0,0.93127559397921,20,759.0
1230.0,24,917.0,16.98148148148148,4.471416250957578,0,0.0,1.0,8,434.0,0.0909224839793217,11,419.0,0.05721503947303542,0,0.0,0.9757074975573977,19,853.0
1235.0,18,575.0,10.267857142857142,4.359955731225288,0,0.0,1.0,0,97.0,0.25566821803973244,13,482.0,0.015634195376408987,0,0.0,0.9395669595780451,13,579.0
1240.0,19,670.0,11.75438596491228,4.968697282178127,0,0.0,1.0,0,0.0,0.9410848670838303,13,547.0,0.0020609315202381926,0,0.0,0.9676634776488328,13,547.0
1245.0,19,698.0,12.24561403508772,5.810921009260564,0,0.0,1.0,0,0.0,0.974096508183043,14,624.0,0.16500058597715012,0,0.0,0.8334977433073345,14,624.0
1250.0,6,111.0,1.9821428571428572,6.151267051248256,0,0.0,1.0,0,0.0,0.9765395213759882,3,278.0,0.3876433710910047,1,2.0,0.49860884347523343,4,280.0
1255.0,3,31.0,0.5535714285714286,7.6102055697431945,0,6.0,0.7528791632400207,0,6.0,0.7015507909326574,1,60.0,0.7602188987796203,1,7.0,0.6329261947092504,2,79.0
1260.0,2,40.0,0.7547169811320755,8.949208032953747,0,0.0,1.0,0,9.0,0.876296465929704,1,31.0,0.8237755323828032,1,12.0,0.7321403820163757,2,52.0
1265.0,2,35.0,0.6363636363636364,8.528678508904157,0,0.0,1.0,0,9.0,0.8447309162439752,1,58.0,0.8113879191150323,0,0.0,0.7477647682130667,1,67.0
1270.0,4,46.0,0.8679245283018868,8.09075852499021,0,0.0,0.9819590945386303,1,13.0,0.8586067543424857,2,82.0,0.6510998648532742,0,0.0,0.8715529749852616,3,95.0
1275.0,5,64.0,1.1851851851851851,7.743109821127466,0,0.0,1.0,1,18.0,0.858180686250666,4,96.0,0.34614235191396997,0,0.0,0.9560238016983588,5,114.0
1280.0,10,105.0,1.8421052631578947,7.725724301606119,0,0.0,1.0,1,23.0,0.815331362895339,8,128.0,0.3060542116395078,0,0.0,0.9335237189703919,9,151.0
1285.0,16,170.0,3.207547169811321,6.080065121777858,0,0.0,1.0,5,64.0,0.4361757243747013,10,173.0,0.1806920317545684,0,0.0,0.6781590442176881,15,237.0
1290.0,20,262.0,5.137254901960785,4.704970282159956,0,0.0,1.0,8,97.0,0.19119063570993552,10,223.0,0.09821681701055225,1,4.0,0.4706871326241646,19,324.0
1295.0,11,207.0,4.14,4.731487177008878,0,0.0,1.0,3,85.0,0.26469827053118555,6,195.0,0.11078307562166693,1,9.0,0.6521798878124083,10,289.0
1300.0,9,218.0,4.037037037037037,6.2740124608021,0,9.0,0.6852585827842687,4,104.0,0.3970577474730663,4,187.0,0.3020931443788107,1,14.0,0.6954631058318044,9,314.0
1305.0,12,269.0,5.0754716981132075,6.410890753592334,1,10.0,0.21014149264029208,5,130.0,0.3501538821513626,4,196.0,0.4112485857609243,2,21.0,0.4575358536586091,12,357.0
1310.0,12,326.0,6.037037037037037,6.191286709953473,0,0.0,0.08428054484935886,6,158.0,0.3164235665733327,4,213.0,0.41784101418975766,2,31.0,0.5716679704121809,12,402.0
1315.0,13,391.0,6.859649122807017,6.838360939519949,0,0.0,0.1816368225189711,6,188.0,0.42669750015129443,4,233.0,0.40765368107042493,2,41.0,0.5695138350328527,12,462.0
1320.0,12,333.0,5.741379310344827,7.279079111298736,0,0.0,1.0,7,217.0,0.39439810083708565,2,164.0,0.47399464308341877,3,52.0,0.3917194614220319,12,433.0
1325.0,13,397.0,7.089285714285714,7.408609018699634,0,0.0,1.0,7,252.0,0.30211773878770093,2,147.0,0.6579133783010641,4,71.0,0.3243765219071443,13,470.0
1330.0,17,470.0,8.703703703703704,6.3508454129699325,0,0.0,1.0,10,298.0,0.20043679651246454,3,158.0,0.3817564841943516,4,91.0,0.28497699637041557,17,547.0
1335.0,22,570.0,10.0,5.262068686810547,0,0.0,1.0,12,353.0,0.015920503331949293,5,180.0,0.2694211874095621,5,114.0,0.15050782104953322,22,647.0
1340.0,20,425.0,7.456140350877193,4.750784027271867,0,0.0,1.0,15,428.0,0.09209422104839432,3,109.0,0.031161475854433563,1,28.0,0.24524240365787142,19,565.0
1345.0,17,295.0,5.784313725490196,5.422414000604981,0,3.0,0.9141256693840855,11,373.0,0.13723042345266676,4,55.0,0.2988074019395914,0,0.0,0.6164765684823424,15,431.0
1350.0,12,185.0,3.627450980392157,5.311804295029975,0,0.0,0.2485393442712375,4,234.0,0.20484725548062813,5,76.0,0.22382926423058505,0,0.0,0.9837206705729679,9,310.0
1355.0,15,258.0,4.867924528301887,6.062950886626668,1,4.0,5.9241177127725936e-05,4,129.0,0.40786512896875116,6,108.0,0.1743635867319892,0,0.0,0.9539549518752333,11,241.0
1360.0,15,333.0,6.166666666666667,5.751063351210532,1,9.0,0.0,4,132.0,0.2542682669453257,6,138.0,0.28468430255638844,0,0.0,0.9447988415907038,11,279.0
1365.0,17,368.0,6.814814814814815,5.402614793551655,1,14.0,0.0,4,152.0,0.360008652726983,7,172.0,0.36385144100046946,0,0.0,0.9315446807452603,12,338.0
1370.0,15,421.0,7.517857142857143,5.871586877984691,1,19.0,0.0,5,175.0,0.3300056409593976,7,207.0,0.4134997841008599,0,0.0,0.9641166965596186,13,401.0
1375.0,18,503.0,9.145454545454545,5.810953760083831,1,24.0,0.0,6,204.0,0.24043641911287156,8,244.0,0.43943934653321026,1,2.0,0.6361932898712168,16,474.0
1380.0,19,552.0,9.68421052631579,5.397456875569685,1,29.0,0.0,8,243.0,0.25312345445146867,8,281.0,0.3804786033085393,1,7.0,0.33958739645842634,18,560.0
1385.0,10,354.0,6.0,5.286918587979723,1,34.0,0.0,6,268.0,0.15123561927169213,1,111.0,0.5011506574683554,2,17.0,0.32270514189603333,10,430.0
1390.0,10,404.0,6.8474576271186445,6.247628375686615,1,39.0,0.0,6,301.0,0.17347090492074893,1,50.0,0.6521373567218077,2,27.0,0.2895135086884316,10,417.0
1395.0,11,455.0,7.583333333333333,6.772199591450925,1,50.0,0.04828463594520107,7,338.0,0.3923866880964452,1,55.0,0.7216286650644088,2,37.0,0.2063947230157418,11,480.0
1400.0,13,514.0,9.017543859649123,6.554548602381177,2,58.0,0.1957802902431863,7,368.0,0.4283016955076936,1,60.0,0.5287388577556262,2,47.0,0.2483955190200484,12,533.0
1405.0,14,523.0,8.573770491803279,6.531231444966351,0,4.0,0.05054673676629139,8,403.0,0.4039056784179019,1,65.0,0.7724184573477059,3,59.0,0.26429080452921366,12,531.0
1410.0,11,568.0,9.627118644067796,6.816742237411917,0,0.0,1.0,7,434.0,0.42651243485265616,1,70.0,0.7336643381125443,3,74.0,0.3552205635537737,11,578.0
1415.0,11,540.0,9.310344827586206,6.339484239000292,0,0.0,1.0,8,473.0,0.4027029367188723,2,76.0,0.4006181806271889,0,11.0,0.6160631698838831,10,560.0
1420.0,12,598.0,10.310344827586206,5.811506260066763,0,0.0,1.0,8,537.0,0.21376273907691765,3,92.0,0.38917753401325095,0,0.0,0.933313912161786,11,629.0
1425.0,6,34.0,0.576271186440678,5.904122814543146,0,0.0,1.0,3,140.0,0.17499391391837082,3,25.0,0.11699359781707837,0,0.0,0.9207866852588303,6,165.0
1430.0,6,54.0,0.9152542372881356,7.130670074300121,0,0.0,1.0,3,97.0,0.37891225735272804,3,20.0,0.000909967069269785,0,0.0,0.9456664634019853,6,117.0
1435.0,7,87.0,1.5818181818181818,8.270833310577917,0,0.0,1.0,4,58.0,0.3174099495042125,3,44.0,0.5279162009940404,0,0.0,0.9551677301101765,7,102.0
1440.0,7,122.0,2.2181818181818183,7.950302629021194,0,0.0,1.0,4,78.0,0.30391338667250806,3,59.0,0.5870616075575547,0,0.0,0.9334726037367377,7,137.0
1445.0,8,158.0,2.7719298245614037,7.881387151325727,0,0.0,0.8792703598174939,4,98.0,0.4082754010516337,3,71.0,0.5900548601993797,0,0.0,0.9214112694316434,7,169.0
1450.0,10,197.0,3.456140350877193,7.312554824754709,0,0.0,1.0,4,118.0,0.282528888302455,4,87.0,0.6052386700033047,2,2.0,0.48768349220838125,10,207.0
1455.0,11,252.0,4.666666666666667,7.336743666570959,0,0.0,1.0,5,143.0,0.35988211840217643,4,107.0,0.6405015417357438,2,12.0,0.24220145799678838,11,262.0
1460.0,13,312.0,5.672727272727273,6.607760627411829,0,0.0,1.0,6,169.0,0.2979753595181095,4,124.0,0.507082077309242,3,26.0,0.21230018698622652,13,319.0
1465.0,15,355.0,6.228070175438597,6.0162608154982005,0,0.0,1.0,8,207.0,0.1973473118266835,7,155.0,0.32259614902605627,0,8.0,0.2763145907442714,15,370.0
1470.0,13,239.0,4.192982456140351,5.527734306631736,0,0.0,1.0,4,136.0,0.25950222258120725,8,197.0,0.13262832995605328,1,11.0,0.47233630378066954,13,344.0
1475.0,15,297.0,5.303571428571429,6.439471230507427,0,0.0,1.0,3,57.0,0.4645160553986401,11,246.0,0.04004469556376543,1,16.0,0.631475537930927,15,319.0
1480.0,20,385.0,6.637931034482759,5.414117845105517,0,0.0,1.0,5,76.0,0.16620950606929846,14,311.0,0.017466551353424255,1,21.0,0.7157393269987116,20,408.0
1485.0,21,475.0,8.482142857142858,5.311271690437846,0,0.0,1.0,5,101.0,0.11710451894243622,15,378.0,0.007439941289898401,1,26.0,0.7030073495124264,21,505.0
1490.0,16,457.0,8.309090909090909,5.338825223613921,0,0.0,1.0,0,11.0,0.5274306379569802,15,446.0,0.00010762436140335699,1,31.0,0.4299525107632796,16,488.0
1495.0,19,543.0,9.526315789473685,5.526222240616965,0,0.0,1.0,0,0.0,0.9962468149447692,15,521.0,3.215864860679301e-05,4,42.0,0.26321313627670456,19,563.0
1500.0,18,633.0,10.728813559322035,6.030622520332081,0,0.0,1.0,0,0.0,0.9600036344959068,15,605.0,0.15772266112037506,3,57.0,0.3619451824919357,18,662.0
1505.0,17,699.0,12.051724137931034,5.781651445739637,0,0.0,1.0,0,18.0,0.8417484371259356,14,656.0,0.21435065584408364,3,72.0,0.3108198549730717,17,746.0
1510.0,18,771.0,13.293103448275861,5.973305203567207,0,0.0,1.0,0,0.0,0.9626685083060196,14,726.0,0.2160811627952136,2,67.0,0.48170728476634184,16,793.0
1515.0,18,861.0,15.375,5.902056147483634,0,0.0,1.0,0,0.0,0.7738145562274711,14,801.0,0.20873569328346492,2,77.0,0.5435979976741926,16,878.0
1520.0,20,959.0,16.25423728813559,5.474821753130818,0,0.0,1.0,1,3.0,0.46508393718207175,14,871.0,0.18307932052908246,2,87.0,0.47264580331613576,17,961.0
1525.0,14,259.0,4.389830508474576,3.9924528784276156,0,0.0,1.0,1,8.0,0.4815659915941177,3,443.0,0.12550970021013408,3,102.0,0.33173705231958384,7,553.0
1530.0,14,215.0,3.6440677966101696,4.705080411678391,0,3.0,0.4644047589941545,1,19.0,0.6317311286778085,0,124.0,0.291286450298866,4,122.0,0.30434835679871125,5,268.0
1535.0,13,272.0,4.459016393442623,5.881848713013872,0,9.0,0.3306839047158,1,32.0,0.7169314559487482,0,3.0,0.5691481962355446,4,142.0,0.32359414423109545,5,186.0
1540.0,17,355.0,5.819672131147541,5.468301841429466,3,22.0,0.10981702644192574,2,37.0,0.7719249605710934,0,0.0,0.018006679324521088,4,162.0,0.28945452059629234,9,221.0
1545.0,17,337.0,5.435483870967742,5.444979717895607,5,40.0,0.01955227378097262,3,49.0,0.7386580741436378,0,0.0,1.0,4,182.0,0.2840939116793013,12,271.0
1550.0,15,220.0,3.4375,5.732366043473816,7,72.0,0.009936023465532571,1,16.0,0.8084798686501654,0,0.0,0.9173204021341979,1,85.0,0.5492263191459119,9,173.0
1555.0,17,270.0,4.090909090909091,5.794418436186344,9,116.0,0.003973776562385962,1,21.0,0.7359366154090704,0,9.0,0.7579905167497157,0,0.0,0.9539854505021359,10,146.0
1560.0,27,387.0,5.776119402985074,5.304186490108002,11,168.0,0.0011283740350915559,3,26.0,0.718085097616934,3,21.0,0.36247669714053765,0,0.0,0.9316217105359612,17,215.0
1565.0,31,536.0,8.121212121212121,4.9517931388481395,11,223.0,0.00020918562294898783,3,41.0,0.6115082142260292,5,45.0,0.33505969002013924,0,0.0,0.9047191229219989,19,309.0
1570.0,29,600.0,8.823529411764707,4.2998194990644025,11,278.0,6.612006750137928e-05,4,26.0,0.3442640299528211,1,25.0,0.5158517117040701,1,2.0,0.7005634164891317,17,331.0
1575.0,28,724.0,10.969696969696969,4.943096025388102,11,333.0,1.3163482363655567e-05,3,22.0,0.37508247293002306,0,7.0,0.9049775574089866,0,0.0,0.9684254690127343,14,362.0
1580.0,27,817.0,12.194029850746269,5.5398128262767266,11,388.0,4.070242348568482e-06,4,45.0,0.5243512012339382,1,7.0,0.7662508221059351,0,0.0,0.9228009607484665,16,440.0
1585.0,22,682.0,10.333333333333334,5.3304704926025845,5,283.0,0.012134125828656552,5,65.0,0.47133082277230454,1,12.0,0.5501455086759942,0,0.0,0.8881740740853715,11,360.0
1590.0,13,523.0,8.046153846153846,5.008450103304154,0,169.0,0.1290362434479475,0,10.0,0.6693127481013222,1,17.0,0.019409543867813284,1,3.0,0.47663734024374743,2,199.0
1595.0,16,459.0,7.524590163934426,6.156567789375979,0,62.0,0.34964716757919634,1,7.0,0.7927091794861687,3,28.0,0.002229508377516763,2,11.0,0.31829154475611116,6,108.0
1600.0,11,224.0,3.7333333333333334,6.708599840200193,0,0.0,1.0,1,12.0,0.8252490013144467,3,46.0,0.35334319522882013,2,21.0,0.32805140825412166,6,79.0
1605.0,10,90.0,1.4285714285714286,6.610116799532999,0,0.0,1.0,1,14.0,0.8042178007467079,4,64.0,0.3202644248966402,0,0.0,0.5760867820149823,5,78.0
1610.0,9,59.0,0.9672131147540983,6.301534423946731,0,0.0,1.0,2,17.0,0.6192912085119617,0,27.0,0.5162881608599875,0,0.0,0.7689682033621781,2,44.0
1615.0,7,47.0,0.7833333333333333,7.3270916096818635,0,6.0,0.5972452534868821,3,30.0,0.5377108250726452,0,3.0,0.8571319564715423,0,0.0,0.9728298356210081,3,39.0
1620.0,7,52.0,0.896551724137931,6.830966143052451,2,8.0,0.1264423810073805,4,46.0,0.5116255846994213,0,78.0,0.8880011767738151,0,0.0,0.9264575331441857,6,132.0
1625.0,7,73.0,1.3518518518518519,6.543792927259286,0,0.0,0.07255812841217206,4,66.0,0.4305120028352465,0,0.0,0.9713539261529825,0,0.0,0.9693992542685188,4,66.0
1630.0,7,94.0,1.8431372549019607,6.23261178844691,0,0.0,1.0,5,90.0,0.45337175775064587,1,1.0,0.44582942139604925,0,0.0,0.9411433250073982,6,91.0
1635.0,4,49.0,0.9423076923076923,7.150774914325757,0,0.0,1.0,2,45.0,0.6021704875311656,1,6.0,0.45822451868751496,1,1.0,0.47514296472578427,4,52.0
1640.0,7,74.0,1.3962264150943395,6.9859473484599235,0,0.0,1.0,2,52.0,0.7153059496857215,1,11.0,0.44322528417163026,1,6.0,0.3316718029297185,4,69.0
1645.0,7,97.0,1.830188679245283,6.827953959995548,0,0.0,1.0,2,62.0,0.6042793215397765,1,22.0,0.7173187359136404,2,12.0,0.1784750863576735,5,96.0
1650.0,5,103.0,1.9433962264150944,7.275456445359906,0,0.0,1.0,3,75.0,0.47343615706355907,1,27.0,0.49272989542778567,0,0.0,0.9171644832318734,4,102.0
1655.0,5,121.0,2.326923076923077,7.168711589628687,0,0.0,1.0,3,90.0,0.19764992398563197,2,43.0,0.6271508546860023,0,0.0,0.9209097833574221,5,133.0
1660.0,8,151.0,2.7962962962962963,7.446256402185646,0,0.0,1.0,4,115.0,0.32439165112821605,3,111.0,0.5825721079760986,0,0.0,0.9632623545909658,7,226.0
1665.0,13,204.0,3.923076923076923,6.753767546399834,0,0.0,1.0,4,135.0,0.3099281119755802,5,132.0,0.47722234276270886,0,0.0,0.9341191719809868,9,267.0
1670.0,11,246.0,4.823529411764706,6.507019274192394,0,0.0,1.0,4,166.0,0.24239548517673734,6,161.0,0.40123499808499874,0,0.0,0.9803554963920648,10,327.0
1675.0,9,196.0,3.69811320754717,6.680401525206953,0,0.0,1.0,5,191.0,0.3563514215784808,3,102.0,0.4072180112250724,1,2.0,0.730072116103549,9,295.0
1680.0,10,245.0,4.537037037037037,5.9075832793113925,0,0.0,0.6463954616490893,5,222.0,0.2609880920257205,4,119.0,0.4575935069484631,1,7.0,0.5715997575117514,10,348.0
1685.0,13,308.0,5.6,6.781681959846607,0,3.0,0.5879751030298178,6,252.0,0.379991750404479,5,143.0,0.2738435862351416,2,16.0,0.4676602467280063,13,414.0
1690.0,13,373.0,7.037735849056604,7.0531597525871845,0,0.0,0.9549000233494078,6,282.0,0.301886087806774,5,168.0,0.15739828531165398,2,26.0,0.4579862781960716,13,476.0
1695.0,11,269.0,4.981481481481482,6.501959700372073,0,0.0,1.0,2,201.0,0.40987758574124805,5,193.0,0.1568610631098135,3,37.0,0.21034384405269982,10,431.0
1700.0,10,242.0,4.653846153846154,7.339984873786834,0,0.0,1.0,2,117.0,0.6623196791576171,3,127.0,0.20198356066875994,4,55.0,0.24527986246098077,9,299.0
1705.0,9,241.0,4.547169811320755,7.968364050456964,0,0.0,1.0,2,127.0,0.6360963343372127,1,79.0,0.4944318634920045,4,75.0,0.2966689672096483,7,281.0
1710.0,11,290.0,6.170212765957447,6.991625966749214,0,0.0,1.0,3,139.0,0.1951330471051755,2,41.0,0.6114976119543437,4,95.0,0.3250687906302707,9,275.0
1715.0,12,349.0,7.586956521739131,6.496507456225278,0,0.0,1.0,4,158.0,0.18592900213496005,2,51.0,0.568323865443429,4,115.0,0.3976637917458668,10,324.0
1720.0,13,413.0,9.604651162790697,6.395640317742753,0,0.0,1.0,5,182.0,0.2560768791053018,2,61.0,0.5702237420231203,4,135.0,0.2804961447957306,11,378.0
1725.0,12,425.0,10.365853658536585,5.748736332059704,0,0.0,1.0,5,207.0,0.15959037479005264,2,71.0,0.5486661012782099,5,156.0,0.14298791526127,12,434.0
1730.0,11,463.0,10.522727272727273,5.686374740522411,0,0.0,1.0,5,232.0,0.2682534616441357,1,59.0,0.5162152327088682,5,181.0,0.15659493529171692,11,472.0
1735.0,8,413.0,9.604651162790697,6.468419022982215,0,3.0,0.5420413149981254,1,141.0,0.5660236519695657,1,61.0,0.5786913462264551,6,211.0,0.14556411086404095,8,416.0
1740.0,8,453.0,10.295454545454545,7.303026880283697,0,0.0,0.9121158072173854,1,146.0,0.4860865339203791,1,66.0,0.0,6,241.0,0.11847366798871609,8,453.0
1745.0,9,494.0,11.227272727272727,6.937737827573818,0,0.0,1.0,2,152.0,0.001001925357911768,1,77.0,0.6571544444433647,6,271.0,0.1178989436913958,9,500.0
1750.0,9,468.0,10.173913043478262,6.7944742342550475,0,0.0,1.0,2,162.0,0.3218079560304745,0,6.0,0.9586985204208691,7,306.0,0.1309417827204377,9,474.0
1755.0,9,504.0,11.2,6.939873062530216,0,0.0,1.0,1,161.0,0.48811029911489795,0,6.0,0.9666408440003283,7,341.0,0.13658860316693705,8,508.0
1760.0,8,542.0,12.044444444444444,7.255336262781405,0,0.0,1.0,1,166.0,0.49841795296167873,0,6.0,0.9636400627272363,7,376.0,0.11015951564167299,8,548.0
1765.0,9,583.0,13.25,7.020084929855927,0,0.0,1.0,1,171.0,0.6283940815307828,0,6.0,0.9763869483340403,7,411.0,0.127417627579616,8,588.0
1770.0,12,630.0,14.651162790697674,5.077286115447981,0,0.0,1.0,1,176.0,0.33261048222783357,0,6.0,0.575962485255981,8,451.0,0.1471283433742434,9,633.0
1775.0,18,708.0,16.46511627906977,4.301190682783198,0,0.0,1.0,1,181.0,0.4875919790068408,3,15.0,0.03896285239485596,8,491.0,0.10948402504802032,12,687.0
1780.0,16,778.0,17.681818181818183,4.791571503925055,0,0.0,1.0,1,186.0,0.48156151708764583,3,30.0,0.00359124561521886,8,531.0,0.11760574840212859,12,747.0
1785.0,18,862.0,18.340425531914892,5.136100735062435,0,0.0,1.0,1,191.0,0.480846762931976,4,50.0,0.18715568322191417,9,574.0,0.2001280931964449,14,815.0
1790.0,16,910.0,18.958333333333332,5.592726903514296,0,0.0,1.0,1,196.0,0.6356664720928404,4,70.0,0.31961607847166834,9,619.0,0.22510600682292992,14,885.0
1795.0,14,945.0,20.106382978723403,5.430943954787349,0,0.0,1.0,1,201.0,0.49103359166323557,4,90.0,0.3238581054264926,9,664.0,0.16453579691618664,14,955.0
1800.0,8,435.0,9.0625,5.9672100308156635,0,0.0,1.0,1,206.0,0.4731433991479312,4,110.0,0.31656493627226895,3,357.0,0.16201241987795267,8,673.0
1805.0,6,335.0,6.7,6.693129019002462,0,0.0,1.0,2,213.0,0.3277509766617815,4,139.0,0.3969987136078378,0,131.0,0.3076275968743646,6,483.0
1810.0,2,223.0,4.372549019607843,6.742391682361219,0,0.0,1.0,2,223.0,0.31198784339298524,0,29.0,0.34212248622516467,0,0.0,0.609372422411819,2,252.0
1815.0,1,221.0,4.333333333333333,7.925334189157297,0,3.0,0.5573600095793766,1,221.0,0.7529691754996679,0,19.0,0.5102576658863538,0,0.0,0.9497512367482538,1,243.0
1820.0,2,229.0,4.403846153846154,9.073290838523269,0,0.0,0.6277191269817987,1,226.0,0.8564016492163946,1,20.0,0.27278198888508176,0,0.0,0.9682360179507205,2,246.0
1825.0,4,243.0,4.5,9.171012961845726,0,0.0,0.9207969790586159,1,231.0,0.8686405210579377,1,28.0,0.6944376322102089,0,0.0,0.9711722261315944,2,259.0
1830.0,7,270.0,5.09433962264151,7.955919722283012,0,0.0,1.0,1,236.0,0.8827417167597867,3,37.0,0.4563966835418646,0,0.0,0.7413444567233953,4,273.0
1835.0,9,74.0,1.3962264150943395,7.675490264859617,0,0.0,1.0,0,10.0,0.9465687846161739,4,56.0,0.3983770699652252,1,3.0,0.48015913870661675,5,69.0
1840.0,6,65.0,1.2037037037037037,7.538114697669141,0,0.0,1.0,0,10.0,0.6563596301672726,5,80.0,0.31011723564306837,1,8.0,0.6236878280219239,6,98.0
1845.0,9,58.0,1.0740740740740742,6.424435415704937,0,0.0,1.0,5,29.0,0.442870684056867,4,64.0,0.3725472869747728,0,0.0,0.9912678421389498,9,93.0
1850.0,8,60.0,1.1320754716981132,6.347046942911493,0,0.0,1.0,7,67.0,0.24888673680334122,1,42.0,0.49871863127128285,0,0.0,0.9722897422037311,8,109.0
1855.0,13,116.0,2.1481481481481484,6.334073023565076,0,0.0,0.9271048156220937,9,109.0,0.22958665890140662,4,31.0,0.31457209671211767,0,0.0,0.9701317525190178,13,140.0
1860.0,15,143.0,2.6,5.917851446718049,0,0.0,1.0,10,132.0,0.21636126595937885,5,54.0,0.23739174669493726,0,0.0,0.9488980806292328,15,186.0
1865.0,14,189.0,3.5,6.164568872135703,0,0.0,1.0,10,145.0,0.2537794324390429,4,53.0,0.05672928636037028,0,0.0,0.9438539381422943,14,198.0
1870.0,17,272.0,4.945454545454545,5.816189888271891,0,0.0,1.0,11,200.0,0.24944059795090429,5,80.0,0.1365997482086124,0,0.0,0.9518326530006924,16,280.0
1875.0,19,364.0,6.7407407407407405,5.845936356252941,0,0.0,1.0,12,258.0,0.3145482835076522,6,109.0,0.1373954968384763,0,0.0,0.92822541638598,18,367.0
1880.0,12,209.0,3.8,5.547162691825644,0,0.0,1.0,3,140.0,0.21037245848786632,6,139.0,0.12508455315700012,0,0.0,0.9991426206555288,9,279.0
1885.0,12,205.0,3.8679245283018866,5.1456626701532615,0,0.0,1.0,1,66.0,0.26457876321734963,6,169.0,0.12846767343260648,0,0.0,0.9301593955577433,7,235.0
1890.0,15,278.0,5.245283018867925,6.210577944514661,0,0.0,1.0,2,12.0,0.5081303450779439,7,210.0,0.329629232422173,0,0.0,0.9305399165493085,9,222.0
1895.0,9,250.0,4.545454545454546,7.311970268369716,0,0.0,1.0,2,20.0,0.45005082741721664,7,245.0,0.40399637248922016,0,0.0,0.9875888475118131,9,265.0
1900.0,12,302.0,5.69811320754717,6.633120320788134,0,0.0,1.0,3,31.0,0.23892611066966318,7,277.0,0.40295869063055495,0,0.0,0.9569570571628407,10,308.0
1905.0,3,42.0,0.875,6.990980589261658,0,0.0,1.0,3,42.0,0.36160957925096704,0,80.0,0.5746562557725116,0,0.0,0.9524758329600556,3,122.0
1910.0,6,64.0,1.391304347826087,7.348365877750223,0,3.0,0.5108139002116804,3,66.0,0.4690314255359074,0,6.0,0.9501429207119457,0,0.0,0.9425790490274769,3,75.0
1915.0,5,76.0,1.7272727272727273,7.88846415837396,0,6.0,0.09654050692549304,4,82.0,0.5978248204972308,0,3.0,0.9643932308638,0,0.0,0.9432281023561844,4,91.0
1920.0,6,100.0,2.4390243902439024,7.714812684838288,2,13.0,0.12299947552701238,4,112.0,0.5975118979286741,0,0.0,0.9634408075567118,0,0.0,0.960508826724806,6,125.0
1925.0,9,141.0,3.357142857142857,7.081962519727749,3,28.0,0.06885396981280148,5,137.0,0.6051658646662302,0,0.0,0.9474035728193129,0,0.0,0.993028223584408,8,165.0
1930.0,12,193.0,4.386363636363637,6.2925203377401635,5,46.0,0.011850344567435589,5,162.0,0.5182475162744443,0,0.0,0.9685115858098757,0,0.0,0.6669254988805655,10,208.0
1935.0,10,195.0,4.333333333333333,6.113298912622946,1,12.0,0.019931245946142002,6,190.0,0.49423453202969364,0,0.0,0.9491841432168385,1,3.0,0.48908367613376214,8,205.0
1940.0,9,239.0,5.195652173913044,6.768846240100633,0,1.0,0.10948103858555688,6,211.0,0.41644024743236874,0,0.0,0.6821163644687005,1,5.0,0.48633500235962585,7,217.0
1945.0,10,284.0,5.916666666666667,6.9679332581223745,0,0.0,1.0,6,246.0,0.29256879055144147,0,0.0,0.48413783129071736,2,10.0,0.3210965669582719,8,256.0
1950.0,12,341.0,6.959183673469388,6.935126564801188,0,2.0,0.5531354250920955,7,281.0,0.19187249979723303,1,5.0,0.632718465831337,1,15.0,0.5703163130182272,9,303.0
1955.0,10,335.0,6.836734693877551,7.511558568739865,0,0.0,0.9428310580108479,7,311.0,0.23295929239140353,1,10.0,0.49334899949325395,2,21.0,0.4558719180605507,10,342.0
1960.0,11,388.0,7.918367346938775,7.009655671861735,0,0.0,1.0,8,349.0,0.2079698499415465,1,15.0,0.4922285473001121,2,31.0,0.48619736872976815,11,395.0
1965.0,10,402.0,8.553191489361701,6.485518431951977,0,0.0,1.0,9,392.0,0.0910103601958963,1,20.0,0.49288465331151604,0,0.0,0.6690519771166358,10,412.0
1970.0,11,457.0,11.146341463414634,6.34895368613552,0,0.0,1.0,10,442.0,0.09075982769365247,1,55.0,0.6727206319322857,0,0.0,0.7388896738500466,11,497.0
1975.0,12,513.0,12.512195121951219,5.66313784424146,0,0.0,1.0,10,492.0,0.08711233184782768,2,37.0,0.17290197430511936,0,0.0,0.9425541835737473,12,529.0
1980.0,15,586.0,15.025641025641026,5.493621753724177,0,0.0,1.0,10,542.0,0.1313568074003987,5,60.0,0.208498091287754,0,0.0,0.9843783935780082,15,602.0
1985.0,12,623.0,14.833333333333334,5.843819280180289,0,0.0,1.0,10,592.0,0.20039374100799176,1,48.0,0.49856328661398014,0,0.0,0.9406762943171539,11,640.0
1990.0,9,367.0,8.738095238095237,5.936296274416611,0,3.0,0.5193080020208826,7,470.0,0.2323734197713052,2,46.0,0.4844569721013753,0,0.0,0.9571897171593808,9,519.0
1995.0,3,57.0,1.425,8.172797172857702,1,4.0,0.47215937031985983,0,222.0,0.5594940929266843,2,56.0,0.4750423506325785,0,0.0,0.9432916862753629,3,282.0
2000.0,4,74.0,1.6444444444444444,7.797132493712843,2,11.0,0.003010700367028507,0,10.0,0.7822250054135471,2,69.0,0.5607059261064516,0,0.0,0.9739426666248476,4,90.0
2005.0,4,80.0,1.8181818181818181,7.9510237184047075,2,21.0,0.0,1,31.0,0.7988885768142153,1,63.0,0.651132461020344,0,0.0,0.5064065414173705,4,115.0
2010.0,4,98.0,2.227272727272727,8.92592588745067,2,31.0,0.0,0,34.0,0.8410388048617994,1,68.0,0.8146180593562233,1,5.0,0.47751577546509055,4,138.0
2015.0,5,120.0,2.7906976744186047,8.30977273256167,2,41.0,0.0,0,29.0,0.7872774220970502,2,75.0,0.7198843357222523,1,10.0,0.49097438902528706,5,155.0
2020.0,7,150.0,3.488372093023256,7.705161284279541,2,51.0,0.0,1,7.0,0.7578485792164469,3,86.0,0.6575831600422191,1,15.0,0.2759049364057202,7,159.0
2025.0,5,80.0,1.8604651162790697,7.829016445072244,2,61.0,0.0,1,10.0,0.6822894682663038,2,21.0,0.659455764627119,0,0.0,0.7439609720755386,5,92.0
2030.0,7,107.0,2.4318181818181817,8.304384662843043,2,71.0,0.0,2,16.0,0.6299821366104291,3,32.0,0.5973627297778524,0,0.0,0.9741529029544187,7,119.0
2035.0,10,147.0,3.127659574468085,7.143942890322501,2,81.0,0.0,3,27.0,0.20960481478296303,5,51.0,0.430219958394363,0,0.0,0.9633201887301056,10,159.0
2040.0,12,121.0,2.574468085106383,6.436667745484903,0,0.0,1.0,6,51.0,0.1591023068256965,6,79.0,0.29011420209700345,0,0.0,0.9473312814154262,12,130.0
2045.0,15,191.0,3.8979591836734695,6.438258899753573,0,0.0,1.0,6,78.0,0.23572080802705847,9,119.0,0.1749147777665008,0,0.0,0.9830334356114602,15,197.0
2050.0,17,269.0,5.604166666666667,5.745199799719323,0,0.0,1.0,7,109.0,0.11495787496276709,9,164.0,0.1921293531195249,0,0.0,0.9303925266763428,16,273.0
2055.0,16,331.0,6.755102040816326,5.977304129468809,0,0.0,1.0,6,124.0,0.3652351996486928,10,213.0,0.19710078574293238,0,0.0,0.8123230681303264,16,337.0
2060.0,18,416.0,8.489795918367347,5.431044512097189,0,0.0,1.0,6,154.0,0.25676928721745296,11,266.0,0.11149603626648309,1,2.0,0.35745096035158475,18,422.0
2065.0,11,256.0,5.12,5.77636575552752,0,0.0,0.9747219280166146,7,189.0,0.21262319548500344,2,129.0,0.20062710847346904,2,12.0,0.32261223246636334,11,330.0
2070.0,10,233.0,4.854166666666667,6.145686083295719,1,7.0,0.3265621745267278,8,237.0,0.27476111123788816,1,59.0,0.5591620806533399,0,0.0,0.9738206066180092,10,303.0
2075.0,8,105.0,2.142857142857143,6.858955750478622,2,15.0,0.19508639809266842,5,171.0,0.4086709565030902,1,13.0,0.6192075420241986,0,0.0,0.9508903731607579,8,199.0
2080.0,2,18.0,0.36,8.403453405167092,0,3.0,0.04763881600513238,1,41.0,0.7024677786325138,1,15.0,0.6480404535940427,0,0.0,0.9877639884005682,2,59.0
2085.0,1,11.0,0.22,9.296406739045553,0,0.0,1.0,1,20.0,0.8449490158998496,0,6.0,0.745630356482584,0,0.0,0.9656657955421788,1,26.0
2090.0,5,24.0,0.47058823529411764,8.34609085088712,0,0.0,1.0,1,25.0,0.6116658698576235,2,12.0,0.5646044630481066,0,0.0,0.9874777919039914,3,37.0
2095.0,7,55.0,1.1224489795918366,8.318196020011326,0,0.0,1.0,2,35.0,0.6374592048362436,2,22.0,0.5850943603000474,1,1.0,0.5005191584374824,5,58.0
2100.0,9,94.0,1.9583333333333333,7.443867043303887,0,0.0,1.0,4,49.0,0.4481789524682006,2,32.0,0.5534611590822985,1,6.0,0.4822850176191201,7,87.0
2105.0,9,113.0,2.404255319148936,7.020550962873439,0,0.0,1.0,5,73.0,0.3849101159563976,2,42.0,0.38905312646302675,1,11.0,0.4720787638633626,8,126.0
2110.0,9,141.0,3.0,6.572339606662356,0,0.0,1.0,5,98.0,0.2954882280073383,3,57.0,0.3286614030843443,0,0.0,0.8267092361043009,8,155.0
2115.0,5,114.0,2.590909090909091,6.5175387590869,0,0.0,1.0,5,123.0,0.11413000221781383,0,8.0,0.568750505750846,0,0.0,0.969932487175985,5,131.0
2120.0,0,0.0,0.0,7.448849941763743,0,6.0,0.5558797848145547,0,5.0,0.5572325236325416,0,0.0,0.9611148813235844,0,0.0,0.9160740098765616,0,11.0
2125.0,0,0.0,0.0,8.625291534112565,0,0.0,0.6912755941293823,0,3.0,0.9155548481434237,0,0.0,0.8583940326370457,0,0.0,0.9800052843136529,0,3.0
2130.0,1,1.0,0.022222222222222223,9.409549811147302,0,0.0,1.0,0,3.0,0.9608566834818913,1,7.0,0.7442497974490381,0,0.0,0.9425840640909912,1,10.0
2135.0,1,1.0,0.022727272727272728,9.385946301524374,0,0.0,1.0,1,4.0,0.7681005478321815,0,6.0,0.8214283361299267,0,0.0,0.9365667580186692,1,10.0
2140.0,4,13.0,0.29545454545454547,9.21008782396547,0,0.0,1.0,1,9.0,0.7762441176833147,3,13.0,0.5959705555911834,0,0.0,0.9793784729138733,4,22.0
2145.0,4,33.0,0.7021276595744681,9.311620122367536,0,0.0,1.0,1,14.0,0.7719956128481552,3,28.0,0.632769424806534,0,0.0,0.985247392937764,4,42.0
2150.0,5,54.0,1.255813953488372,8.663894331515085,0,0.0,1.0,1,22.0,0.6785840811797083,4,44.0,0.5822304497846835,0,0.0,0.8028836311707596,5,66.0
2155.0,7,82.0,2.0,6.856908244167587,0,0.0,1.0,1,24.0,0.6348242994752985,5,65.0,0.36270035510583,1,2.0,0.4859357740719287,7,91.0
2160.0,8,115.0,2.875,7.187276339712801,0,0.0,1.0,1,26.0,0.494097869630556,7,95.0,0.1831339158622334,0,0.0,0.9738259453901958,8,121.0
2165.0,3,26.0,0.6046511627906976,7.308729254035398,0,0.0,1.0,1,1.0,0.499369016620835,2,57.0,0.34655011896834903,0,0.0,0.9307242951849849,3,58.0
2170.0,4,43.0,1.0,8.023510293301438,0,3.0,0.5052554317406545,1,9.0,0.6095918103388926,3,37.0,0.2746625309646674,0,0.0,0.9974305757716223,4,49.0
2175.0,4,63.0,1.4318181818181819,8.442339710199214,0,0.0,0.6854091707623755,1,14.0,0.789776819882167,3,55.0,0.4869097227411743,0,0.0,0.9885643381806278,4,69.0
2180.0,5,86.0,1.9111111111111112,8.267569519115506,0,0.0,1.0,1,19.0,0.7699392269996805,3,70.0,0.20773924870150026,0,0.0,0.9301533478479,4,89.0
2185.0,7,112.0,2.4347826086956523,7.94771555302361,0,0.0,0.031389883437415854,2,27.0,0.7285197072251195,4,89.0,0.32461231386386474,0,0.0,0.5647614357100463,6,116.0
2190.0,8,123.0,2.7333333333333334,7.509948708911371,1,5.0,0.0,0,3.0,0.9599197092817671,5,110.0,0.18579004494166845,1,4.0,0.4663282651770153,7,122.0
2195.0,9,166.0,3.772727272727273,6.640327942387785,1,10.0,0.0,0,3.0,0.9803942762015451,6,138.0,0.23183328063793346,1,9.0,0.4614579926183281,8,160.0
2200.0,10,207.0,4.704545454545454,6.899243519695411,1,15.0,0.0,0,0.0,0.9603376862914954,6,174.0,0.3413181502976794,0,0.0,0.964419352494666,7,189.0
2205.0,9,182.0,4.55,6.5325417964711034,0,0.0,1.0,0,0.0,0.9622765892523165,6,175.0,0.36168262018244385,0,0.0,0.9511606947466683,6,175.0
2210.0,5,132.0,3.2195121951219514,7.439721653624724,0,0.0,1.0,0,3.0,0.9473988080564751,5,159.0,0.3790201845309944,0,0.0,0.9531266512108633,5,162.0
2215.0,8,165.0,3.8372093023255816,7.85050060610198,0,0.0,0.8832937085648299,0,3.0,0.9581432329379969,7,175.0,0.28531479897894796,0,0.0,0.9407605313737809,7,178.0
2220.0,7,198.0,4.4,7.350748772099544,0,0.0,1.0,0,3.0,0.9137610513138584,7,210.0,0.2899400886741371,0,0.0,0.6397568982822054,7,213.0
2225.0,7,190.0,4.4186046511627906,7.074282616685539,0,0.0,1.0,1,6.0,0.7654873149341154,4,180.0,0.21089623083990747,1,5.0,0.6140072613878809,6,191.0
2230.0,6,217.0,5.166666666666667,7.148564240950536,0,3.0,0.9580227480636143,0,9.0,0.7390664752296434,4,200.0,0.0,1,10.0,0.589819850640575,5,222.0
2235.0,7,243.0,5.651162790697675,7.826362046353495,0,0.0,1.0,1,9.0,0.8231649630776702,4,220.0,0.0,2,20.0,0.6274061098379824,7,249.0
2240.0,5,248.0,5.767441860465116,7.711114829775552,0,0.0,1.0,1,14.0,0.7300838213642548,4,243.0,0.39021929371304365,0,0.0,0.9815206657833574,5,257.0
2245.0,6,275.0,6.5476190476190474,7.19933623794059,0,0.0,1.0,2,21.0,0.5750567389779272,4,266.0,0.38090475352551567,0,0.0,0.9720383080460715,6,287.0
2250.0,8,308.0,7.162790697674419,6.312946877133814,0,0.0,1.0,2,31.0,0.629949656596123,6,292.0,0.26025406810453167,0,0.0,0.9211147879475321,8,323.0
2255.0,9,351.0,8.162790697674419,6.940683425824485,0,0.0,1.0,2,41.0,0.6468111959257727,7,318.0,0.21186467345906224,0,0.0,0.9620086898091664,9,359.0
2260.0,9,396.0,9.428571428571429,6.362905050799534,0,0.0,0.21004249042227455,2,48.0,0.561974619397661,7,346.0,0.2863275858543581,0,0.0,0.6150529376861982,9,394.0
2265.0,10,444.0,10.571428571428571,6.066961653956779,0,0.0,1.0,2,58.0,0.48374947254975875,7,381.0,0.28428053921908447,1,3.0,0.4703731573677131,10,442.0
2270.0,7,195.0,4.431818181818182,6.5647063299593755,0,0.0,1.0,0,3.0,0.8424563717742897,6,295.0,0.1922516994407485,1,8.0,0.6579955297473943,7,306.0
2275.0,7,81.0,1.8837209302325582,7.1524390467789445,0,0.0,1.0,1,4.0,0.7147442084226712,4,137.0,0.29314896388366113,1,13.0,0.6511252170192502,6,154.0
2280.0,8,118.0,2.6818181818181817,7.51706424675939,0,0.0,1.0,1,6.0,0.468930680105124,4,80.0,0.301512860686461,2,20.0,0.3133047235498092,7,106.0
2285.0,9,147.0,3.5,7.1516807300863565,0,0.0,1.0,1,11.0,0.6652963013928559,5,103.0,0.16352093635319548,2,30.0,0.3174091042336257,8,144.0
2290.0,4,32.0,0.7272727272727273,5.98092161631865,0,0.0,1.0,1,16.0,0.5398275824461263,1,11.0,0.33369370294058237,0,0.0,0.2988109735285151,2,27.0
2295.0,5,39.0,0.9285714285714286,6.875260288304658,0,6.0,0.6707721893893563,0,6.0,0.6906433730748475,1,22.0,0.6535992079276586,0,0.0,0.8062962674488873,1,34.0
2300.0,4,39.0,0.9512195121951219,7.790488716408974,0,0.0,0.6841243378323068,1,9.0,0.7925041097867752,1,21.0,0.6278130850299852,0,0.0,0.932361472899054,2,30.0
2305.0,3,33.0,0.717391304347826,7.902738198643737,0,0.0,1.0,1,14.0,0.8423955338344365,1,30.0,0.6977000178815425,0,0.0,0.9429471923350436,2,44.0
2310.0,3,43.0,0.9347826086956522,8.250798692240446,0,0.0,0.9164688324315403,1,19.0,0.8471611016994938,2,34.0,0.4802768168018318,0,0.0,0.9723647884603668,3,53.0
2315.0,2,34.0,0.7391304347826086,8.1518774675679,0,0.0,1.0,0,6.0,0.8602831213518173,1,52.0,0.5744441568535953,0,0.0,0.9643206484518756,1,58.0
2320.0,6,51.0,1.0851063829787233,7.038807039114887,0,0.0,1.0,1,12.0,0.8075508362233732,3,76.0,0.4191181555279894,0,0.0,0.57938084694646,4,88.0
2325.0,9,80.0,1.6,6.720664453448081,0,0.0,1.0,4,25.0,0.5206188517932056,4,94.0,0.406271936070652,1,4.0,0.6401697814360446,9,123.0
2330.0,11,127.0,2.702127659574468,6.384856743474426,0,0.0,1.0,5,46.0,0.3001849197829118,4,114.0,0.4783817705883706,2,10.0,0.33346577920754267,11,170.0
2335.0,3,31.0,0.6595744680851063,6.308794947538886,0,0.0,1.0,0,17.0,0.5935871806984082,3,87.0,0.25313857499567627,0,0.0,0.8059092314247879,3,104.0
2340.0,2,12.0,0.2553191489361702,7.570800547975303,0,0.0,1.0,0,3.0,0.49431423259102586,2,58.0,0.49866029644535836,0,0.0,0.9701793592841695,2,61.0
2345.0,7,33.0,0.6875,8.231928040883254,0,0.0,0.9434581398875004,1,5.0,0.7064879784573083,5,46.0,0.5172456990035624,0,0.0,0.9755144082572638,6,51.0
2350.0,8,69.0,1.4081632653061225,8.108725788782511,0,0.0,1.0,1,7.0,0.62354257173515,6,72.0,0.3530341157149804,0,0.0,0.9341589848988924,7,79.0
2355.0,10,114.0,2.326530612244898,7.6207033681641025,0,0.0,1.0,2,15.0,0.5800923818265632,7,104.0,0.265375362329701,0,0.0,0.9486857753506064,9,119.0
2360.0,7,101.0,2.061224489795918,8.001583742099351,0,0.0,1.0,0,2.0,0.7973709495300746,6,124.0,0.3032521341212948,1,2.0,0.6573762483494744,7,128.0
2365.0,8,137.0,3.186046511627907,8.139513959781056,0,0.0,1.0,1,1.0,0.736222520879187,6,148.0,0.3901922725911985,1,7.0,0.32569583325496093,8,156.0
2370.0,10,183.0,4.6923076923076925,6.97678578886488,0,0.0,1.0,1,6.0,0.5833983758876832,7,182.0,0.3050139522222349,2,17.0,0.3173542438182245,10,205.0
2375.0,10,214.0,5.35,6.186758711240844,0,0.0,1.0,2,14.0,0.4740562552049633,8,222.0,0.24493552069604313,0,0.0,0.9421946978251415,10,236.0
2380.0,11,265.0,6.625,6.124293280720801,0,0.0,1.0,3,25.0,0.24262372782528852,8,268.0,0.16715856023650427,0,0.0,0.9481765640849622,11,293.0
2385.0,5,58.0,1.380952380952381,6.4911934618641824,0,0.0,1.0,3,40.0,0.24794537403449632,2,69.0,0.2481484746992336,0,0.0,0.9507353023309089,5,109.0
2390.0,4,75.0,1.829268292682927,7.864308356707515,0,9.0,0.6199993358115842,3,61.0,0.38558721091040815,1,26.0,0.6137040607167532,0,0.0,0.9520797407618946,4,96.0
2395.0,6,96.0,2.2325581395348837,6.929662565839698,1,10.0,0.1436770656124758,4,79.0,0.4097682115881633,1,25.0,0.25463736780829105,0,0.0,0.9326488121783293,6,114.0
2400.0,8,85.0,1.9767441860465116,6.7853702410472625,4,27.0,0.02710209911800499,1,37.0,0.7582780967477143,3,39.0,1.6636064279576204e-05,0,0.0,0.9604154419348712,8,103.0
2405.0,6,80.0,1.8181818181818181,6.910883560721354,4,47.0,0.004107329969124498,1,42.0,0.8174432155293795,1,18.0,0.15190122801336972,0,0.0,0.6480202483659935,6,107.0
2410.0,7,58.0,1.288888888888889,5.9101637359680455,1,25.0,0.10770986081778396,2,42.0,0.6719019289491313,3,36.0,0.38162194427919344,1,4.0,0.5847476456754748,7,107.0
2415.0,7,82.0,1.7446808510638299,7.062023543296163,0,5.0,0.22872311163963646,4,58.0,0.6122269790574749,2,26.0,0.5850260171990238,1,9.0,0.4953983734762642,7,98.0
2420.0,7,66.0,1.32,7.115133581870384,0,0.0,0.5480677517626348,3,30.0,0.41169420053726247,2,36.0,0.5860055209728885,2,19.0,0.45783372224320507,7,85.0
2425.0,9,79.0,1.58,7.075621991885265,0,0.0,1.0,7,44.0,0.1219199118816417,2,47.0,0.6373412746570443,0,0.0,0.9780128294148587,9,91.0
2430.0,9,124.0,2.48,7.014352810026754,0,0.0,1.0,7,79.0,0.10797162565185787,2,63.0,0.5814072936562782,0,0.0,0.9236450131534591,9,142.0
2435.0,13,181.0,3.480769230769231,6.359718625725268,0,0.0,1.0,8,117.0,0.16987461255219483,5,79.0,0.38469699970802135,0,0.0,0.9505236750282727,13,196.0
2440.0,13,181.0,3.9347826086956523,5.877769645744055,0,0.0,1.0,6,102.0,0.274888625099141,7,110.0,0.20934771605879118,0,0.0,0.9485405677021397,13,212.0
2445.0,14,250.0,5.681818181818182,6.3626438417845455,0,0.0,1.0,6,116.0,0.2351963266242011,8,149.0,0.18670650662097846,0,0.0,0.4760244508404418,14,265.0
2450.0,16,326.0,7.2444444444444445,5.41168531591079,0,0.0,1.0,6,146.0,0.12357138876604604,8,189.0,0.1831037454681,1,5.0,0.6358108888356399,15,340.0
2455.0,16,402.0,8.73913043478261,5.080469460005219,0,0.0,1.0,7,178.0,0.05841616163681648,8,229.0,0.04662675675391756,1,10.0,0.4806619678574195,16,417.0
2460.0,19,492.0,10.695652173913043,4.544835643214095,0,0.0,1.0,7,213.0,0.10226986509936671,10,278.0,0.004228260426384683,1,15.0,0.4754789812231441,18,506.0
2465.0,2,54.0,1.173913043478261,5.285687463480076,0,0.0,1.0,0,35.0,0.5554721455855781,1,114.0,0.05119771037053091,1,20.0,0.4822951699519289,2,169.0
2470.0,1,25.0,0.5102040816326531,7.664150830413208,0,6.0,0.6136985137928134,0,9.0,0.7409425606742235,0,37.0,0.7055502259964974,1,25.0,0.49197117400242146,1,77.0
2475.0,4,35.0,0.7142857142857143,7.843114173763589,2,11.0,0.023550875679191452,0,9.0,0.7047474725305266,0,9.0,0.749111431720327,2,33.0,0.3282850509635899,4,62.0
2480.0,5,51.0,1.02,7.959644382249113,0,3.0,0.09145207873522486,1,12.0,0.8280391587649012,2,14.0,0.6936570063734846,2,43.0,0.31839841020743687,5,72.0
2485.0,5,26.0,0.49056603773584906,7.469666170186846,0,0.0,1.0,1,17.0,0.7027403833053584,3,25.0,0.5312159510856874,0,0.0,0.9677974694295186,4,42.0
2490.0,9,64.0,1.1851851851851851,6.90368729253949,0,0.0,1.0,2,24.0,0.6819324669208855,3,46.0,0.5602769494592532,0,0.0,0.9738085359818404,5,70.0
2495.0,14,123.0,2.3653846153846154,6.511741077454352,0,0.0,1.0,2,34.0,0.6502112298252262,6,66.0,0.42440981941984535,0,0.0,0.9446219729248782,8,100.0
2500.0,15,195.0,3.6792452830188678,5.913659746508468,0,0.0,1.0,2,28.0,0.3149709792407908,6,96.0,0.4129260642681567,0,0.0,0.9655143846270596,8,124.0
2505.0,18,200.0,3.7037037037037037,5.228186797342847,0,0.0,1.0,2,35.0,0.4790764661783485,5,83.0,0.12793564422967224,0,0.0,0.980060907560047,7,118.0
2510.0,16,214.0,4.196078431372549,5.490021265499427,0,0.0,1.0,2,48.0,0.5437595013172128,5,61.0,0.23839801821137424,1,1.0,0.4792125516987673,8,110.0
2515.0,17,296.0,5.803921568627451,5.577229275536336,0,0.0,0.9882026509854802,2,58.0,0.6161879422163578,6,53.0,0.21907714823060315,1,6.0,0.4643328099638818,9,117.0
2520.0,18,346.0,7.061224489795919,4.73546976172918,0,0.0,1.0,2,68.0,0.6193008988414483,7,84.0,0.12023528259881285,1,11.0,0.4934815155481474,10,163.0
2525.0,15,281.0,5.854166666666667,5.057798431318396,0,0.0,1.0,3,79.0,0.5206139720644831,7,119.0,0.1156948348030899,1,16.0,0.5900318025831904,11,214.0
2530.0,11,279.0,5.8125,5.734432552270747,0,0.0,1.0,2,88.0,0.6710674355710993,7,154.0,0.216115374900906,1,21.0,0.32678025020657037,10,263.0
2535.0,13,335.0,7.444444444444445,5.475462307903569,0,0.0,1.0,3,96.0,0.36075615486706586,7,192.0,0.2786348101243052,2,31.0,0.327007647165764,12,319.0
2540.0,12,394.0,8.755555555555556,5.4335148414045555,0,0.0,1.0,3,111.0,0.3371815354103589,7,227.0,0.20832296815129164,2,41.0,0.25128017492200033,12,379.0
2545.0,8,179.0,3.977777777777778,5.322190778410657,0,0.0,1.0,5,130.0,0.2682723786301611,0,59.0,0.40159549345544665,2,51.0,0.13289584362535356,7,240.0
2550.0,7,209.0,4.354166666666667,6.497080119514315,0,6.0,0.6239187358817055,4,154.0,0.31273773554179063,0,3.0,0.6871012954025993,3,66.0,0.373054890986552,7,229.0
2555.0,8,247.0,5.25531914893617,7.2903350158468045,0,0.0,0.6818163557509301,5,177.0,0.3324466350499796,0,3.0,0.897863936021405,3,81.0,0.39113154070063627,8,261.0
2560.0,8,287.0,5.74,7.226787173768463,0,0.0,0.8894412685948664,5,202.0,0.43535461897962713,0,3.0,0.9949355719461381,3,96.0,0.3552149506816638,8,301.0
2565.0,8,327.0,6.411764705882353,7.046894888381559,0,0.0,1.0,5,227.0,0.4208086198280573,0,3.0,0.9397632747701101,3,111.0,0.3790363509719828,8,341.0
2570.0,8,367.0,7.34,6.6934092675422905,0,0.0,1.0,5,252.0,0.4304649264148251,0,3.0,0.9546099830155323,3,126.0,0.2158680679757932,8,381.0
2575.0,8,407.0,7.826923076923077,6.811399833124309,0,0.0,1.0,5,277.0,0.46487125266108853,0,3.0,0.9916375868258804,3,141.0,0.17716282275899006,8,421.0
2580.0,10,453.0,9.06,6.520071603326053,0,0.0,1.0,5,296.0,0.2630760245427255,0,3.0,0.9485889579857436,5,163.0,0.22738913814109982,10,462.0
2585.0,7,326.0,6.52,6.403964578004889,0,0.0,1.0,5,321.0,0.27058383528245644,0,3.0,0.8378438719824731,1,16.0,0.4502338042376377,6,340.0
2590.0,7,352.0,7.04,7.055672158410322,0,0.0,1.0,5,346.0,0.264777390840295,1,15.0,0.642789792278623,0,8.0,0.797712374911772,6,369.0
2595.0,8,379.0,7.150943396226415,7.267243992732378,0,0.0,1.0,5,371.0,0.359676797422875,3,25.0,0.31168831038583306,0,0.0,0.9484645686602807,8,396.0
2600.0,9,424.0,8.48,6.505040670255072,0,0.0,1.0,5,396.0,0.18239025332091668,4,45.0,0.22291481700388918,0,0.0,0.9700838844641502,9,441.0
2605.0,14,479.0,9.392156862745098,5.603427982685574,0,0.0,1.0,6,423.0,0.12459787175910152,8,75.0,0.15171536886537892,0,0.0,0.7684582731073664,14,498.0
2610.0,10,465.0,8.942307692307692,6.054317180399418,0,0.0,1.0,7,458.0,0.12182366243389162,2,21.0,0.17231537090492313,1,4.0,0.4601526654462109,10,483.0
2615.0,9,501.0,9.10909090909091,6.4441358509259254,0,3.0,0.5877025887769574,7,502.0,0.250001450969506,0,10.0,0.5301329367569038,2,13.0,0.1758025324382695,9,528.0
2620.0,13,561.0,10.017857142857142,6.84476972060442,0,0.0,0.7516787524366937,7,537.0,0.42843266270394725,0,0.0,0.9547739466107884,3,27.0,0.1900608698963785,10,564.0
2625.0,13,626.0,10.793103448275861,6.754123126901912,0,0.0,0.9846277040381853,7,572.0,0.4987345723274965,0,0.0,0.4763652432904204,3,42.0,0.24554648905717036,10,614.0
2630.0,13,691.0,11.711864406779661,6.706058454708934,0,0.0,1.0,7,607.0,0.535637585893479,0,0.0,0.9677958178590844,3,57.0,0.2709908561515434,10,664.0
2635.0,11,688.0,11.466666666666667,6.944796226599907,0,0.0,1.0,7,645.0,0.532897466001723,0,0.0,0.965606246074203,0,23.0,0.6161162496930938,7,668.0
2640.0,12,748.0,12.466666666666667,7.386268424746664,0,0.0,1.0,7,677.0,0.5855047352621225,0,3.0,0.7385769468261886,0,0.0,0.9939439730160023,7,680.0
2645.0,17,820.0,13.898305084745763,6.124933204840322,0,0.0,1.0,8,712.0,0.3916966712746415,3,8.0,0.38508677413784215,0,0.0,0.9350356774981894,11,720.0
2650.0,18,909.0,15.672413793103448,6.15816030019887,0,0.0,1.0,9,753.0,0.23877627087345918,3,22.0,0.5494286945437896,0,0.0,0.9472863144275818,12,775.0
2655.0,20,1006.0,17.649122807017545,5.473450265648949,0,0.0,1.0,9,798.0,0.23868823288682217,3,37.0,0.41608107895064356,0,0.0,0.8872064927915927,12,835.0
2660.0,18,1009.0,17.70175438596491,5.8821103379860915,0,0.0,1.0,9,840.0,0.1466754449733871,4,57.0,0.41032012241873544,1,2.0,0.6648904863168279,14,899.0
2665.0,19,1102.0,19.333333333333332,5.728546052619965,0,0.0,1.0,9,885.0,0.1595354409570534,5,80.0,0.2651905176183042,1,7.0,0.7078181761418141,15,972.0
2670.0,17,1012.0,17.75438596491228,5.446086583845986,0,0.0,1.0,10,963.0,0.1615952910509216,2,23.0,0.45000340188182164,1,12.0,0.580439790850559,13,998.0
2675.0,12,1009.0,18.017857142857142,5.567092668314041,0,2.0,0.6763483718924317,10,1041.0,0.1974083918831841,2,33.0,0.2502550165475021,0,0.0,0.9516019713614883,12,1076.0
2680.0,15,1080.0,19.636363636363637,6.1911990387338145,0,0.0,0.7583211873403471,12,1097.0,0.23079363839180783,3,52.0,0.35653875751284064,0,0.0,0.9832900846209803,15,1149.0
2685.0,15,1155.0,21.0,6.3717712646773705,0,0.0,1.0,12,1157.0,0.3993319131877923,3,84.0,0.48406398995693994,0,0.0,0.9684366498680781,15,1241.0
2690.0,14,1170.0,21.666666666666668,5.94457247298426,0,0.0,1.0,13,1221.0,0.32005392575836616,1,63.0,0.3942413944611247,0,0.0,0.9711575629724714,14,1284.0
2695.0,18,1237.0,22.490909090909092,5.878585790125556,0,0.0,1.0,15,1290.0,0.2613606542512098,3,34.0,0.3822386977393888,0,0.0,0.9588711156673968,18,1324.0
2700.0,21,1337.0,24.75925925925926,5.646229296762589,0,0.0,1.0,17,1371.0,0.21671529774648082,4,53.0,0.1971709409506029,0,0.0,0.9478200345650398,21,1424.0
2705.0,22,1443.0,25.767857142857142,5.48231278406726,0,0.0,1.0,17,1450.0,0.21164582217559919,4,73.0,0.3254989632012119,1,1.0,0.48002842766939446,22,1524.0
2710.0,19,1501.0,26.333333333333332,5.2211796574620735,0,0.0,1.0,17,1537.0,0.143380777224827,1,41.0,0.7122210721401556,1,6.0,0.4707535273431607,19,1584.0
2715.0,22,1578.0,27.20689655172414,4.693905839347578,0,3.0,0.4623244796262911,19,1615.0,0.08985316151881034,1,46.0,0.6492526757288152,0,0.0,0.9410727035624401,20,1664.0
2720.0,25,1697.0,28.283333333333335,4.982499111497183,0,3.0,0.015543355958321741,20,1711.0,0.12041156681085506,2,60.0,0.47388092710160434,0,0.0,0.9796374775925235,22,1774.0
2725.0,24,1798.0,29.966666666666665,4.4056458121120325,1,7.0,0.022877184969441734,21,1813.0,0.08420919386076284,2,67.0,0.4919347033972974,0,0.0,0.9824420604154585,24,1887.0
2730.0,25,1878.0,31.83050847457627,4.402293634563018,0,0.0,1.0,21,1918.0,0.132824787091657,1,16.0,0.47397994845335756,0,0.0,0.9628164087848405,22,1934.0
2735.0,21,1935.0,31.721311475409838,4.971574011129859,0,0.0,1.0,19,1977.0,0.18779929080801402,2,26.0,0.3541640483506784,0,0.0,0.988879056920001,21,2003.0
2740.0,22,2043.0,31.921875,5.524039288277612,0,0.0,1.0,19,2072.0,0.21355101885930777,3,39.0,0.2486341608682392,0,0.0,0.5796032525074193,22,2111.0
2745.0,24,2161.0,32.74242424242424,5.724468856960205,0,0.0,1.0,20,2170.0,0.15775046140008878,3,57.0,0.38675313133238054,1,5.0,0.47951767622668173,24,2232.0
2750.0,26,2267.0,34.34848484848485,5.655118122897913,0,0.0,1.0,21,2275.0,0.08246300807454338,1,39.0,0.5995632704941852,1,10.0,0.48881467899303166,23,2324.0
2755.0,28,2398.0,35.26470588235294,4.947262659888956,0,0.0,1.0,21,2383.0,0.14293168842079632,1,43.0,0.6542663206360173,2,15.0,0.3159976083285491,24,2441.0
2760.0,31,2546.0,36.89855072463768,4.815808202902747,0,3.0,0.12536914156388201,21,2485.0,0.08490982464679832,2,51.0,0.5868201251272639,1,20.0,0.21698455726741783,24,2559.0
2765.0,35,2715.0,39.9264705882353,4.45526753365893,1,7.0,0.0,21,2590.0,0.11372580755539723,2,61.0,0.5869154941453713,2,29.0,0.2445950617057088,26,2687.0
2770.0,34,2837.0,41.11594202898551,4.271629081842305,1,12.0,0.0,21,2695.0,0.0794654301170712,1,20.0,0.5675855940329645,2,39.0,0.31847454845596573,25,2766.0
2775.0,32,2931.0,42.47826086956522,4.5394751102599304,0,0.0,1.0,22,2805.0,0.11523771530528121,2,27.0,0.633676019895554,2,49.0,0.40855195247021314,26,2881.0
2780.0,23,1837.0,27.014705882352942,4.577313210995534,0,0.0,1.0,18,2328.0,0.09430410976655511,2,37.0,0.46087556762062865,0,0.0,0.7533504885555562,20,2365.0
2785.0,13,530.0,7.91044776119403,5.511876559766234,0,0.0,1.0,9,1509.0,0.13308979159352058,3,57.0,0.398330140573112,0,0.0,0.9504478690416631,12,1566.0
2790.0,7,79.0,1.196969696969697,6.637854131839683,0,0.0,1.0,2,940.0,0.31998758031807567,4,73.0,0.23922785323585366,0,0.0,0.9495922154801856,6,1013.0
2795.0,6,69.0,1.0147058823529411,7.388870670429748,0,0.0,1.0,3,356.0,0.44202055044061694,1,40.0,0.3834590218802983,0,0.0,0.9625430276854666,4,396.0
2800.0,6,49.0,0.7313432835820896,6.64776884051374,0,6.0,0.7273034158606078,3,356.0,0.20688035031635765,1,45.0,0.6806326462374304,0,0.0,0.9433038770868389,4,407.0
2805.0,13,92.0,1.4153846153846155,6.077916342949841,1,7.0,0.17265589645746485,6,339.0,0.3641260777553208,1,50.0,0.7553362054884049,0,0.0,0.8542729657491013,8,396.0
2810.0,20,184.0,2.875,5.438676874724132,2,17.0,0.03091308588012163,7,373.0,0.4436315544395771,2,59.0,0.6140223317615298,1,3.0,0.2204041655005402,12,452.0
2815.0,22,267.0,4.238095238095238,5.144011201119348,2,27.0,0.003400495552192784,5,414.0,0.45375702105736243,3,77.0,0.685222876610428,2,9.0,0.15974579889673088,12,527.0
2820.0,20,299.0,4.671875,5.55638462369094,3,43.0,0.04398534686053164,7,447.0,0.3848230874941437,3,92.0,0.6496464238624777,2,19.0,0.31428578946297514,15,601.0
2825.0,12,259.0,4.111111111111111,6.073869720492513,0,9.0,0.14067083268153838,8,486.0,0.3539817418296377,3,107.0,0.5434098014471909,0,0.0,0.9814717735174675,11,602.0
2830.0,16,313.0,4.742424242424242,5.466728499167882,0,0.0,1.0,10,547.0,0.14707826371712812,3,169.0,0.4678107605913951,0,0.0,0.9710819067784398,13,716.0
2835.0,19,392.0,6.125,5.402364592603568,0,0.0,1.0,12,605.0,0.13508883512312553,7,196.0,0.3491881549316371,0,0.0,0.963586681086797,19,801.0
2840.0,17,465.0,7.265625,5.71552721661891,0,0.0,1.0,13,667.0,0.10677766295899048,4,198.0,0.3797753035315513,0,0.0,0.9706596427534082,17,865.0
2845.0,19,558.0,8.454545454545455,5.714988530835321,0,3.0,0.9601155816849744,15,743.0,0.16124694004767642,4,218.0,0.15585558620356949,0,0.0,0.9693990346625322,19,964.0
2850.0,20,658.0,9.82089552238806,5.8253134961089925,0,0.0,1.0,15,821.0,0.22266714380274788,5,257.0,0.20469550991935181,0,0.0,0.9430606465843878,20,1078.0
2855.0,22,764.0,11.9375,5.281152370699255,0,0.0,1.0,15,896.0,0.23087107145415692,7,288.0,0.0001950554892583311,0,0.0,0.9308399795716462,22,1184.0
2860.0,20,850.0,14.166666666666666,5.198955792554045,0,0.0,1.0,15,971.0,0.22993083038815268,5,307.0,0.017804571287852202,0,0.0,0.6730391414714366,20,1278.0
2865.0,18,696.0,11.225806451612904,5.333879832537831,0,0.0,1.0,12,761.0,0.2530406629954338,5,336.0,0.04388626191402358,1,4.0,0.7406709119995674,18,1101.0
2870.0,15,559.0,9.016129032258064,5.913464842660344,0,0.0,1.0,8,400.0,0.2759649380565725,6,364.0,5.937150595891041e-06,1,9.0,0.6981844721056516,15,773.0
2875.0,19,641.0,10.015625,5.648665397366017,0,0.0,1.0,9,332.0,0.14652700101668265,7,398.0,0.12454618737808022,1,14.0,0.3660932896040569,17,744.0
2880.0,22,556.0,8.825396825396826,5.0565777252368305,0,0.0,1.0,9,352.0,0.08212709568433538,5,307.0,0.24163606307101906,3,26.0,0.24583358993980842,17,685.0
2885.0,7,68.0,1.0303030303030303,5.871040188680028,0,3.0,0.991696243916304,1,88.0,0.2346687083364938,0,175.0,0.45188786988464064,3,41.0,0.35464598193532426,4,307.0
2890.0,4,57.0,0.9047619047619048,6.5931157084446514,0,0.0,1.0,0,5.0,0.5461632372077694,0,41.0,0.7321423935008293,4,57.0,0.3199312874325217,4,103.0
2895.0,4,77.0,1.2222222222222223,7.984917886450706,0,0.0,1.0,0,0.0,0.9535933482560669,0,12.0,0.950349007166443,4,77.0,0.3176402059343432,4,89.0
2900.0,4,97.0,1.515625,8.600783644138893,0,0.0,1.0,0,0.0,0.9410137462595076,0,12.0,0.927970206353461,4,97.0,0.26005890171649954,4,109.0
2905.0,0,0.0,0.0,8.780326411149877,0,0.0,1.0,0,41.0,0.8931414460684289,0,9.0,0.9601000932584315,0,27.0,0.42070493115248075,0,77.0
2910.0,1,2.0,0.03389830508474576,8.681887653757334,0,0.0,1.0,1,78.0,0.7893356052096838,0,18.0,0.7938885930550437,0,0.0,0.8250516828752006,1,96.0
2915.0,6,17.0,0.3148148148148148,7.882480431288582,0,0.0,1.0,1,42.0,0.5671025183231893,4,27.0,0.4622941660702304,0,0.0,0.9537069332656263,5,69.0
2920.0,6,37.0,0.7115384615384616,7.804940934412603,0,0.0,1.0,3,20.0,0.36789128548594796,3,32.0,0.4528477343807014,0,0.0,0.963766997218963,6,52.0
2925.0,5,31.0,0.6458333333333334,7.205924971494027,0,0.0,1.0,0,0.0,0.618646169491885,5,31.0,0.3025427151137616,0,0.0,0.862249767040093,5,31.0
2930.0,7,57.0,1.163265306122449,7.039275329452434,0,0.0,1.0,1,2.0,0.713152786845948,5,55.0,0.07799300556778316,1,1.0,0.4894992242636175,7,58.0
2935.0,10,101.0,1.9803921568627452,7.112852445929166,0,0.0,1.0,1,7.0,0.7631450402130643,8,95.0,0.23445119806944692,1,5.0,0.643701939852609,10,107.0
2940.0,11,154.0,3.08,7.048882003977751,0,0.0,1.0,1,12.0,0.7499150586594602,9,138.0,0.23647284869929772,1,10.0,0.44144176257793655,11,160.0
2945.0,13,214.0,4.115384615384615,7.0251986815759215,0,0.0,1.0,2,19.0,0.48659293536601433,9,183.0,0.23944645617166463,2,18.0,0.31047740404176766,13,220.0
2950.0,14,283.0,5.4423076923076925,6.600592761801404,0,0.0,1.0,3,33.0,0.4660443055929931,9,228.0,0.16208570160243205,2,28.0,0.3254418944592395,14,289.0
2955.0,15,358.0,6.754716981132075,6.266252861834598,0,0.0,1.0,3,48.0,0.26292584937552865,10,275.0,0.12473168141830497,2,38.0,0.39571730693387397,15,361.0
2960.0,15,427.0,8.056603773584905,5.237058108165014,0,0.0,1.0,4,67.0,0.26236739826086536,9,315.0,0.0156503099826801,2,48.0,0.3692661116607465,15,430.0
2965.0,12,452.0,8.37037037037037,5.708486203453234,0,3.0,0.9425742304989945,1,55.0,0.35511573773588423,9,360.0,0.08040287334944844,2,58.0,0.3563483586475914,12,476.0
2970.0,14,516.0,9.381818181818181,6.263838559809364,0,0.0,1.0,1,42.0,0.47877487164918364,11,410.0,0.14740507102364286,2,68.0,0.3984862606072623,14,520.0
2975.0,15,591.0,10.016949152542374,6.473111431681722,0,0.0,1.0,1,47.0,0.6481490720299946,11,471.0,0.2907291192067826,3,83.0,0.47829289253205737,15,601.0
2980.0,7,165.0,2.75,6.144210875457067,0,0.0,1.0,1,52.0,0.48262837303251543,2,171.0,0.3492760467647721,4,99.0,0.31206926731277157,7,322.0
2985.0,9,134.0,2.2333333333333334,6.51448476867247,0,9.0,0.572971281948709,0,9.0,0.7152520488698995,2,32.0,0.6005551697233736,5,121.0,0.16192823471124654,7,171.0
2990.0,12,187.0,3.0161290322580645,6.638545383036778,0,9.0,0.25272460570565775,0,9.0,0.900847007608205,3,26.0,0.5412516273726451,5,146.0,0.08546407587686808,8,190.0
2995.0,15,244.0,3.935483870967742,6.211508541010548,3,21.0,0.047192909476694224,1,13.0,0.777626528590256,3,41.0,0.49743594281532316,5,171.0,0.06758469128433679,12,246.0
3000.0,8,230.0,4.035087719298246,5.969060743801628,0,1.0,0.038303187574744296,1,12.0,0.8137535988030831,2,40.0,0.26286563247662825,5,196.0,0.10820922621188367,8,249.0
3005.0,6,76.0,1.3571428571428572,6.549069521633051,0,0.0,0.15877713943518873,1,17.0,0.6465929677235902,3,39.0,0.2431759907751263,1,64.0,0.24968247088728399,5,120.0
3010.0,10,86.0,1.4576271186440677,6.474850577594538,0,0.0,1.0,3,29.0,0.5243214955885162,3,63.0,0.28602527780132736,0,26.0,0.5497023729676119,6,118.0
3015.0,16,151.0,2.559322033898305,5.700760950296797,0,0.0,1.0,6,51.0,0.31221246813893466,5,82.0,0.07259735458687755,0,0.0,0.8679917169867952,11,133.0
3020.0,18,222.0,3.7,5.308592432255488,0,0.0,1.0,6,87.0,0.29534234432879664,7,113.0,0.10509651814763186,0,0.0,0.928866421776883,13,200.0
3025.0,17,256.0,4.19672131147541,5.6675205647146845,0,0.0,1.0,5,80.0,0.359676367436904,8,151.0,0.08491318602465121,0,0.0,0.9746715296300379,13,231.0
3030.0,20,314.0,5.413793103448276,5.438768952022492,0,0.0,1.0,6,107.0,0.3235309897430768,11,201.0,0.05783078510723407,0,0.0,0.959620125828536,17,308.0
3035.0,19,371.0,6.745454545454545,5.050995583158184,0,0.0,1.0,7,141.0,0.21915366075501716,12,271.0,0.02714313826449722,0,0.0,0.586626523189552,19,412.0
3040.0,12,252.0,4.846153846153846,5.399441879626507,0,0.0,1.0,7,176.0,0.2913135604420285,4,160.0,0.011595152952701582,1,4.0,0.4673890500753188,12,340.0
3045.0,10,284.0,5.568627450980392,5.831362533308708,0,3.0,0.5954286503646973,6,209.0,0.24540517339589257,3,114.0,0.2511078948668387,1,9.0,0.6597143953132963,10,335.0
3050.0,13,342.0,6.84,5.929916388739937,1,7.0,0.2521833298577972,8,246.0,0.3928290658810891,3,118.0,0.3675593115586683,1,14.0,0.3304578634324071,13,385.0
3055.0,15,411.0,7.903846153846154,6.621716237269613,2,14.0,0.028672905184176894,8,286.0,0.46495877907045213,3,133.0,0.47493632838491856,2,22.0,0.33026498250121294,15,455.0
3060.0,17,489.0,9.055555555555555,6.351522454584127,2,24.0,0.004276882587535673,9,331.0,0.456540739752773,4,149.0,0.3183296564799857,2,32.0,0.31102936522654984,17,536.0
3065.0,9,194.0,3.5272727272727273,6.124208567596581,3,39.0,0.000534538470626081,2,105.0,0.5876877675819117,2,127.0,0.502978366408238,0,0.0,0.7066507414306037,7,271.0
3070.0,8,229.0,4.017543859649122,6.494887150248894,3,54.0,0.00012881622207875536,3,73.0,0.5823808073942434,2,138.0,0.4360023458980233,0,0.0,0.9629601382463342,8,265.0
3075.0,11,276.0,4.758620689655173,6.2551042916487605,3,69.0,1.749905284514319e-05,3,77.0,0.35330286289180707,5,164.0,0.45522496099046117,0,0.0,0.9599883153859323,11,310.0
3080.0,10,263.0,4.241935483870968,6.559456109016156,0,19.0,0.018693723560656465,5,102.0,0.35397971811699974,5,186.0,0.4219033451638789,0,0.0,0.9370063359357292,10,307.0
3085.0,11,318.0,5.129032258064516,7.0878711884227945,0,0.0,1.0,5,127.0,0.27114854630179736,6,216.0,0.47597025322320263,0,0.0,0.9841697993028025,11,343.0
3090.0,12,378.0,6.096774193548387,7.436906953447442,0,0.0,1.0,5,152.0,0.2776471782941618,7,251.0,0.475068243692876,0,0.0,0.808495622760682,12,403.0
3095.0,13,441.0,7.47457627118644,7.315805733837021,0,0.0,1.0,5,177.0,0.4159336858454968,8,289.0,0.3583608889138714,0,0.0,0.9685166879284275,13,466.0
3100.0,15,516.0,8.89655172413793,6.397850167240454,0,0.0,1.0,5,202.0,0.3271626409898546,10,339.0,0.17118591265253352,0,0.0,0.9481186942194864,15,541.0
3105.0,9,431.0,7.431034482758621,6.1361758162280164,0,0.0,1.0,6,232.0,0.21350007575485558,3,243.0,0.26121015906873274,0,0.0,0.9375819864709557,9,475.0
3110.0,10,480.0,8.571428571428571,6.79604480077013,0,5.0,0.7768655686331766,7,272.0,0.27717880700176384,3,227.0,0.2916239271840029,0,0.0,0.9350239516703518,10,504.0
3115.0,11,531.0,9.31578947368421,6.938782950022705,0,0.0,0.816746485863419,7,310.0,0.46018623996829194,3,239.0,0.2719432666342092,1,1.0,0.514705289139067,11,550.0
3120.0,12,589.0,10.709090909090909,6.886633393270822,0,0.0,0.8337510254717555,7,345.0,0.4404949399174567,3,254.0,0.2426332603629347,1,6.0,0.6484083705950551,11,605.0
3125.0,14,418.0,7.464285714285714,6.886655454660944,1,1.0,0.005900007417221668,7,380.0,0.48436937656242723,1,131.0,0.6023978160204595,2,13.0,0.3091466023218056,11,525.0
3130.0,15,457.0,8.160714285714286,6.787414455142213,1,5.0,1.3468955648478822e-05,8,416.0,0.4148688671863126,1,12.0,0.773395413180307,2,23.0,0.3078331469540078,12,456.0
3135.0,16,530.0,9.298245614035087,6.518048018927245,1,10.0,0.0,8,452.0,0.44436476273915615,1,17.0,0.46227181281192803,2,33.0,0.47816910745140306,12,512.0
3140.0,21,620.0,11.272727272727273,4.75426245170208,1,15.0,0.0,10,494.0,0.218809859469255,3,29.0,0.39328029497782896,2,43.0,0.47646964697266936,16,581.0
3145.0,17,620.0,11.69811320754717,4.020520475342577,0,0.0,1.0,12,548.0,0.0714926885394568,1,16.0,0.5300465802507677,2,53.0,0.36853135375957735,15,617.0
3150.0,13,332.0,6.384615384615385,4.865583410404278,0,0.0,1.0,8,393.0,0.1552102304796415,1,13.0,0.6395031120753494,2,63.0,0.26703562586162394,11,469.0
3155.0,12,135.0,2.5,5.446812135018707,0,0.0,1.0,6,147.0,0.26270599529721955,2,20.0,0.03843135918523861,0,0.0,0.48457379907730475,8,167.0
3160.0,17,218.0,3.824561403508772,6.019104977625921,0,0.0,1.0,7,113.0,0.2777345423482366,3,38.0,0.40837909194801564,0,0.0,0.822976240622702,10,151.0
3165.0,18,293.0,5.232142857142857,5.06870602520903,0,0.0,1.0,7,148.0,0.28569244682196737,4,54.0,0.28749051247370305,0,0.0,0.9881235751554106,11,202.0
3170.0,16,276.0,5.111111111111111,5.348967187500079,0,0.0,1.0,7,185.0,0.23935876108263907,6,82.0,0.23785620476248232,0,0.0,0.9610153674107179,13,267.0
3175.0,1,1.0,0.018867924528301886,5.27003223562224,0,0.0,1.0,0,53.0,0.41030412345076117,1,20.0,0.32255429816221487,0,0.0,0.9423037295092916,1,73.0
3180.0,4,11.0,0.2037037037037037,6.559015064043961,0,3.0,0.6127073833063249,1,11.0,0.5482370731148516,1,6.0,0.6453984845865923,0,0.0,0.9728162960923408,2,20.0
3185.0,6,35.0,0.6481481481481481,7.326475124483215,0,0.0,1.0,1,16.0,0.7564799615681961,1,18.0,0.7819931375748803,0,0.0,0.9756506190113344,2,34.0
3190.0,2,28.0,0.5,7.736040649111884,0,0.0,1.0,1,21.0,0.8325872897765276,1,23.0,0.7102679452003555,0,0.0,0.7446554284180338,2,44.0
3195.0,2,20.0,0.3508771929824561,7.598325964962766,0,0.0,1.0,1,20.0,0.8166160597092148,0,7.0,0.9764899197623028,1,3.0,0.48476343140417877,2,30.0
3200.0,2,30.0,0.5172413793103449,7.8588930893092845,0,0.0,1.0,1,28.0,0.8576996489775006,0,3.0,0.9637726520917441,1,8.0,0.46794305230138394,2,39.0
3205.0,1,27.0,0.46551724137931033,7.813965939725502,0,0.0,1.0,1,71.0,0.7537931291532272,0,3.0,0.962147264100223,0,0.0,0.8977115125807049,1,74.0
3210.0,3,41.0,0.7454545454545455,7.923357687543129,0,0.0,1.0,2,71.0,0.661419299895501,0,12.0,0.8832015397302672,0,0.0,0.9377517533853204,2,83.0
3215.0,5,63.0,1.1454545454545455,6.688807307599767,0,0.0,1.0,4,88.0,0.44047041636065637,0,9.0,0.6597302601155657,0,0.0,0.9736951745324467,4,97.0
3220.0,5,35.0,0.6481481481481481,6.897795599749132,0,0.0,1.0,2,61.0,0.39785589958797946,2,11.0,0.4912299417972688,0,0.0,0.9681642329124959,4,72.0
3225.0,4,39.0,0.6842105263157895,8.540206147621456,0,0.0,0.8467421529158082,2,44.0,0.5662619424094476,2,21.0,0.46703849719260293,0,0.0,0.9905470520155288,4,65.0
3230.0,6,64.0,1.1851851851851851,8.811492276268577,0,0.0,0.9311796116184939,3,55.0,0.5853663938051636,2,31.0,0.32391562175931354,0,0.0,0.9709680061896305,5,86.0
3235.0,5,88.0,1.6603773584905661,8.39791101236016,0,0.0,1.0,3,56.0,0.5541762033736379,2,41.0,0.25657041448681284,0,0.0,0.9375214576163532,5,97.0
3240.0,2,56.0,1.1428571428571428,8.722862929330601,0,0.0,1.0,1,34.0,0.7487476189978621,1,25.0,0.35082116313867,0,0.0,0.9636680618918417,2,59.0
3245.0,2,66.0,1.32,9.873944965064053,0,0.0,1.0,1,42.0,0.7705711753128991,1,27.0,0.44153643571707796,0,0.0,0.9857309465665453,2,69.0
3250.0,3,77.0,1.5714285714285714,8.376307953137648,0,0.0,1.0,1,47.0,0.6897752149223663,1,36.0,0.7595617609391944,0,0.0,0.9581043018882464,2,83.0
3255.0,3,88.0,1.872340425531915,8.757491284740492,0,0.0,0.9058268933356692,2,54.0,0.6898625457072013,1,40.0,0.7246766179002124,0,0.0,0.9848952797395457,3,94.0
3260.0,4,103.0,2.1020408163265305,8.422747699306193,0,0.0,1.0,2,64.0,0.6273912123493006,2,45.0,0.5858064167524027,0,0.0,0.9732036420741335,4,109.0
3265.0,4,120.0,2.608695652173913,8.79859070093559,0,0.0,1.0,3,76.0,0.4895394313604739,1,50.0,0.7797790597345972,0,0.0,0.9750460006103341,4,126.0
3270.0,2,69.0,1.5681818181818181,8.289448268901772,0,0.0,0.1842904627229542,1,26.0,0.707686735840853,1,55.0,0.7497371470616236,0,0.0,0.9757808967612176,2,81.0
3275.0,3,84.0,2.1,8.380626448479214,1,5.0,0.4766931528855433,1,22.0,0.7307340221600642,1,60.0,0.7049341733868495,0,0.0,0.9581000010225593,3,87.0
3280.0,7,106.0,2.65,7.045542066469315,2,13.0,0.00015328186858477364,1,27.0,0.6831145634912396,3,68.0,0.4776201695005102,0,0.0,0.7365327939046148,6,108.0
3285.0,8,142.0,3.4634146341463414,6.860863331293889,2,23.0,0.0,2,35.0,0.5607521264419679,3,83.0,0.4927905117753071,1,4.0,0.47197977222797494,8,145.0
3290.0,7,138.0,3.3658536585365852,6.789137183073757,2,33.0,0.0,1,8.0,0.7110222985388726,4,100.0,0.32655604583510117,0,0.0,0.9977690778221552,7,141.0
3295.0,8,174.0,3.782608695652174,6.710005681764048,2,43.0,0.0,2,14.0,0.41384467353731635,4,123.0,0.38914479372535593,0,0.0,0.9918631625406021,8,180.0
3300.0,6,134.0,2.977777777777778,6.637146128875091,0,0.0,1.0,4,30.0,0.19752803234027003,2,112.0,0.42582341156471565,0,0.0,0.9516152710675738,6,142.0
3305.0,6,164.0,3.5652173913043477,6.9643577453103545,0,0.0,1.0,4,50.0,0.2684161635212115,2,117.0,0.3792940134602654,0,0.0,0.9337361494113752,6,167.0
3310.0,3,129.0,2.8666666666666667,7.676469723580707,0,0.0,1.0,0,0.0,0.958317609456417,3,135.0,0.3944736784156228,0,0.0,0.9999027228729519,3,135.0
3315.0,4,147.0,3.1956521739130435,8.13652869561773,0,0.0,1.0,0,0.0,0.9736134881157361,4,153.0,0.3041306731810995,0,0.0,0.9445233107944744,4,153.0
3320.0,3,159.0,3.4565217391304346,8.010447029921558,0,0.0,1.0,0,0.0,0.9696496575660264,3,168.0,0.5952164846989274,0,0.0,0.49817082433103327,3,168.0
3325.0,4,179.0,3.891304347826087,8.220553364491066,0,0.0,1.0,0,3.0,0.9337366781617622,3,183.0,0.4709589179285464,1,5.0,0.6512575617961593,4,191.0
3330.0,6,207.0,4.6,7.792018636511748,0,0.0,1.0,0,3.0,0.9140475718912565,4,200.0,0.4069371586020853,1,10.0,0.6410731232017826,5,213.0
3335.0,7,227.0,5.044444444444444,7.301413481315775,0,0.0,1.0,2,8.0,0.6159614554408751,4,220.0,0.3947497075170985,0,0.0,0.9405174191009388,6,228.0
3340.0,6,249.0,5.659090909090909,7.918921183952127,0,0.0,1.0,2,18.0,0.5881147750061384,4,243.0,0.5367147461943785,0,0.0,0.9614376602831236,6,261.0
3345.0,7,284.0,6.454545454545454,8.419149844251397,0,0.0,1.0,3,33.0,0.6341515106005505,4,257.0,0.4207909193390114,0,0.0,0.9704538598422642,7,290.0
3350.0,6,279.0,6.2,6.914253044454737,0,0.0,0.9663462928044101,1,4.0,0.5176822699072768,5,278.0,0.2629479299971341,0,0.0,0.9691293796728752,6,282.0
3355.0,7,311.0,6.911111111111111,6.884957642859594,0,0.0,1.0,2,8.0,0.49279625975598407,5,303.0,0.11895706122248303,0,0.0,0.969602046814101,7,311.0
3360.0,9,349.0,7.586956521739131,7.488119065234388,0,0.0,1.0,2,18.0,0.628504329459102,6,334.0,0.2120285551234949,1,2.0,0.7246063092193081,9,354.0
3365.0,9,394.0,8.382978723404255,7.762386805526473,0,0.0,1.0,2,31.0,0.6050638474274272,6,362.0,0.24074421064670726,1,7.0,0.7398361797304978,9,400.0
3370.0,10,427.0,8.54,7.144219394804942,0,0.0,1.0,2,27.0,0.6612244162676467,6,392.0,0.24363391775620064,1,12.0,0.7652046344918533,9,431.0
3375.0,13,482.0,9.83673469387755,6.538597803968461,0,0.0,1.0,4,40.0,0.42381843591398494,6,425.0,0.31166655081870176,2,19.0,0.53761916736187,12,484.0
3380.0,14,526.0,11.434782608695652,5.905520715488528,0,0.0,1.0,5,65.0,0.4288990227818621,6,455.0,0.3223500259985291,0,0.0,0.6781545621586558,11,520.0
3385.0,16,600.0,12.5,5.624269885289583,0,0.0,1.0,6,92.0,0.29878959470074734,6,488.0,0.23620262515768026,0,0.0,0.8834705094421614,12,580.0
3390.0,14,610.0,12.448979591836734,6.0316210145810984,0,0.0,1.0,4,58.0,0.4332607598736992,6,512.0,0.2238839142322111,0,0.0,0.9451593282468189,10,570.0
3395.0,15,684.0,14.25,5.9749622725542855,0,0.0,1.0,4,72.0,0.49405085864958986,6,542.0,0.4002147293002972,0,0.0,0.9614842157913562,10,614.0
3400.0,18,766.0,15.63265306122449,5.738003374716808,0,0.0,1.0,5,93.0,0.41619492190731777,7,576.0,0.26870164338158276,0,0.0,0.9331828013863993,12,669.0
3405.0,19,816.0,16.0,5.247120508296522,0,0.0,1.0,6,120.0,0.22991119891442668,8,615.0,0.24113175403024084,0,0.0,0.9410472253675235,14,735.0
3410.0,18,905.0,17.403846153846153,5.459063610884168,0,0.0,1.0,6,150.0,0.2826798740975841,8,655.0,0.2407442880754398,0,0.0,0.9499878647122267,14,805.0
3415.0,20,1001.0,20.02,4.849624190087453,0,0.0,1.0,6,180.0,0.3279015878135958,9,699.0,0.13193812381247658,1,2.0,0.6217439272753053,16,881.0
3420.0,18,957.0,19.14,4.048909742973819,0,0.0,1.0,7,211.0,0.13629382519048958,10,748.0,0.12545698327908986,1,7.0,0.6088941635163069,18,966.0
3425.0,16,673.0,12.462962962962964,4.275543218335025,0,0.0,1.0,7,246.0,0.12677463532799269,7,573.0,0.17133088556292267,0,0.0,0.9183337107983265,14,819.0
3430.0,11,325.0,6.018518518518518,5.445888020653937,0,0.0,1.0,8,282.0,0.0879684405324364,2,330.0,0.28220911670729526,0,0.0,0.9440984042202314,10,612.0
3435.0,12,380.0,6.785714285714286,6.341477483990337,0,0.0,1.0,8,322.0,0.09760243896907216,4,161.0,0.25869926123190673,0,0.0,0.9431256946772161,12,483.0
3440.0,13,442.0,7.892857142857143,6.331952468002241,0,0.0,1.0,9,364.0,0.0925383637742223,4,84.0,0.13994043539594175,0,0.0,0.955289432749484,13,448.0
3445.0,16,518.0,9.087719298245615,6.001360238396259,0,0.0,1.0,9,409.0,0.07807233724565349,6,113.0,0.12957016763624277,0,0.0,0.9460088651025309,15,522.0
3450.0,8,76.0,1.3571428571428572,5.415712429717885,0,0.0,1.0,0,84.0,0.19662216832202808,4,73.0,0.0052634072745448655,1,2.0,0.49899297446122787,5,159.0
3455.0,8,106.0,2.0384615384615383,5.7723081482438365,0,0.0,1.0,0,3.0,0.8230050384072363,3,76.0,0.1386819737855548,2,11.0,0.4874738664400968,5,90.0
3460.0,8,131.0,2.381818181818182,7.087954057890822,0,0.0,1.0,0,41.0,0.8966622888129292,3,91.0,0.5601440132528503,2,21.0,0.39491567690132656,5,153.0
3465.0,9,149.0,2.709090909090909,7.81851582954754,0,0.0,1.0,0,42.0,0.8232895732102095,3,106.0,0.6727306771393688,3,36.0,0.3494623090304797,6,184.0
3470.0,3,24.0,0.42105263157894735,7.817315313576379,0,0.0,1.0,0,7.0,0.9559203819394287,3,68.0,0.5853482636285952,0,9.0,0.5764256668319595,3,84.0
3475.0,2,33.0,0.5689655172413793,8.850728745838733,0,0.0,1.0,0,9.0,0.9722363678467975,2,48.0,0.7485855844470547,0,0.0,0.9715635266094054,2,57.0
3480.0,6,55.0,0.9821428571428571,8.130321216584353,0,0.0,1.0,1,8.0,0.8258801461511356,3,59.0,0.5764143830605323,0,0.0,0.9816542098336161,4,67.0
3485.0,8,91.0,1.7169811320754718,7.535429030085242,0,0.0,1.0,1,10.0,0.6962007633948843,5,73.0,0.4247534543898508,0,0.0,0.9419175300626426,6,83.0
3490.0,4,90.0,1.6981132075471699,6.134548233177723,0,0.0,1.0,0,3.0,0.8433348401838642,2,63.0,0.3891361969476428,0,0.0,0.9359622405525564,2,66.0
3495.0,6,86.0,1.5636363636363637,6.13454331192415,0,4.0,0.5821611071526636,0,9.0,0.7491880276495482,3,77.0,0.21049956512672932,0,0.0,0.9508549512027098,3,90.0
3500.0,11,133.0,2.375,6.305730196889947,0,0.0,0.6371882681102842,1,12.0,0.7161796487160134,4,100.0,0.30921110492168125,0,0.0,0.7537959142230549,5,112.0
3505.0,12,181.0,3.290909090909091,6.385641837810212,0,0.0,1.0,3,22.0,0.6056122118806015,4,120.0,0.4066495220892333,1,3.0,0.49766098882173804,8,145.0
3510.0,13,242.0,4.321428571428571,6.658033453427971,0,0.0,1.0,3,37.0,0.6358217376244624,5,141.0,0.3575054304355819,1,8.0,0.47674353505289,9,186.0
3515.0,8,208.0,3.7818181818181817,6.581432838613099,0,0.0,1.0,3,52.0,0.5024162724534799,5,166.0,0.4759015531846916,0,0.0,0.3067046578676901,8,218.0
3520.0,10,252.0,4.9411764705882355,6.351511780806761,0,0.0,1.0,4,70.0,0.47745943349534126,6,195.0,0.3896624197452805,0,0.0,0.7059603158082021,10,265.0
3525.0,12,307.0,6.531914893617022,5.922314288877413,0,0.0,1.0,4,90.0,0.495129379444285,8,227.0,0.31340265125614947,0,0.0,0.9645609557455264,12,317.0
3530.0,13,369.0,7.530612244897959,5.838155797150071,0,0.0,1.0,4,104.0,0.5098833577192092,9,269.0,0.24575468645003515,0,0.0,0.9529542651020647,13,373.0
3535.0,15,436.0,8.72,5.442049418007644,0,0.0,1.0,5,125.0,0.3738883464014973,9,314.0,0.13642215104821007,0,0.0,0.9353731160303325,14,439.0
3540.0,18,433.0,8.490196078431373,4.956262546128286,0,0.0,1.0,6,187.0,0.3301502062022784,8,313.0,0.16501415793827565,0,0.0,0.5586836308327847,14,500.0
3545.0,21,533.0,10.450980392156863,4.91219744060625,0,0.0,1.0,7,224.0,0.29327958543191,9,312.0,0.09186769760435007,1,4.0,0.48402600518648803,17,540.0
3550.0,22,607.0,11.036363636363637,5.072031299197804,0,0.0,1.0,10,269.0,0.22935178969029119,10,361.0,0.08443836285713141,1,9.0,0.6313369106552015,21,639.0
3555.0,21,700.0,13.20754716981132,4.937764218821525,0,0.0,1.0,10,319.0,0.18260785388779074,10,411.0,0.15916323718564532,1,14.0,0.36132776999434624,21,744.0
3560.0,21,791.0,14.648148148148149,4.634178716233598,0,0.0,1.0,11,375.0,0.20097011086222258,10,461.0,0.162169780241818,0,0.0,0.9413085504945025,21,836.0
3565.0,22,899.0,16.053571428571427,5.168703151932356,0,0.0,1.0,12,433.0,0.17387200077265177,10,517.0,0.30137750151244297,0,0.0,0.9908798922317221,22,950.0
3570.0,23,1010.0,18.035714285714285,4.732168635601393,0,0.0,1.0,12,493.0,0.12885742580684367,11,568.0,0.25152344701201956,0,0.0,0.9362539786348608,23,1061.0
3575.0,26,1137.0,20.303571428571427,4.120033319031502,0,0.0,1.0,13,576.0,0.18001405002440152,13,630.0,0.08494472125171992,0,0.0,0.977261551146253,26,1206.0
3580.0,27,1264.0,22.571428571428573,3.9662691532532515,0,0.0,1.0,13,620.0,0.06728524320145933,14,696.0,0.10839617100860308,0,0.0,0.9543845084053543,27,1316.0
3585.0,29,1408.0,23.864406779661017,4.174425622366507,0,0.0,1.0,14,693.0,0.12133952866190933,15,766.0,0.10852421482681578,0,0.0,0.9437182532649323,29,1459.0
3590.0,26,1231.0,20.864406779661017,4.35391889284685,0,0.0,1.0,10,578.0,0.21028596216715661,16,845.0,0.09542902472647884,0,0.0,0.6654662909782693,26,1423.0
3595.0,18,945.0,16.29310344827586,5.734344456509873,0,0.0,1.0,1,333.0,0.39234706146063975,16,925.0,0.11412708019940397,1,5.0,0.3452327594750349,18,1263.0
3600.0,15,612.0,10.928571428571429,5.854823455872442,0,0.0,1.0,1,159.0,0.5821655320246835,12,760.0,0.16237546080703366,2,15.0,0.31657741676806617,15,934.0
