step,system_total_stopped,system_total_waiting_time,system_mean_waiting_time,system_mean_speed,cluster_10564135163_13571629282_5146149679_stopped,cluster_10564135163_13571629282_5146149679_accumulated_waiting_time,cluster_10564135163_13571629282_5146149679_average_speed,cluster_10564135205_11749189839_3266988437_5129187741_#3more_stopped,cluster_10564135205_11749189839_3266988437_5129187741_#3more_accumulated_waiting_time,cluster_10564135205_11749189839_3266988437_5129187741_#3more_average_speed,cluster_10564135211_11749189838_12136544949_12136544951_#7more_stopped,cluster_10564135211_11749189838_12136544949_12136544951_#7more_accumulated_waiting_time,cluster_10564135211_11749189838_12136544949_12136544951_#7more_average_speed,cluster_10564135212_13571629279_13571629299_stopped,cluster_10564135212_13571629279_13571629299_accumulated_waiting_time,cluster_10564135212_13571629279_13571629299_average_speed,agents_total_stopped,agents_total_accumulated_waiting_time
0.0,0,0.0,0.0,0.0,0,0.0,1.0,0,0.0,1.0,0,0.0,1.0,0,0.0,1.0,0,0.0
5.0,0,0.0,0.0,10.579214675779607,0,0.0,1.0,0,0.0,0.9834021538218148,0,0.0,1.0,0,0.0,0.9805956925178912,0,0.0
10.0,0,0.0,0.0,8.827527490615653,0,0.0,1.0,0,0.0,0.9461036779834792,0,0.0,1.0,0,0.0,0.9369905713466692,0,0.0
15.0,0,0.0,0.0,8.41362173926472,0,0.0,1.0,0,0.0,0.9926971357146168,0,0.0,1.0,0,0.0,0.9914623245346175,0,0.0
20.0,0,0.0,0.0,9.029169187507941,0,0.0,1.0,0,0.0,0.9215108548209998,0,0.0,1.0,0,0.0,0.9563080377283582,0,0.0
25.0,0,0.0,0.0,9.32596870384131,0,0.0,1.0,0,0.0,0.94976964080478,0,0.0,0.9195044683103863,0,0.0,0.9491745097985436,0,0.0
30.0,1,1.0,0.08333333333333333,8.190120150382564,0,0.0,1.0,0,0.0,0.9779794802894484,1,1.0,0.6403205575541264,0,0.0,0.9364403186905182,1,1.0
35.0,0,0.0,0.0,7.8111074327132615,0,0.0,1.0,0,0.0,0.7672324252923445,0,0.0,0.9750409065284346,0,0.0,0.9692034074903111,0,0.0
40.0,1,3.0,0.17647058823529413,7.478265567998446,0,0.0,1.0,1,3.0,0.4200318238314827,0,0.0,0.9349171818060005,0,0.0,0.9502465295246951,1,3.0
45.0,1,8.0,0.4444444444444444,7.458525289505534,0,0.0,1.0,1,8.0,0.5520729592487511,0,0.0,0.7870158492934057,0,0.0,0.9743692585772904,1,8.0
50.0,2,16.0,0.8421052631578947,7.501434568334028,0,0.0,1.0,1,13.0,0.6536624675919535,1,3.0,0.29485281675026004,0,0.0,0.9997958366771689,2,16.0
55.0,1,18.0,0.8181818181818182,8.567510200672935,0,0.0,1.0,1,18.0,0.7161288678256924,0,0.0,0.9473963816885476,0,0.0,0.9167685457908981,1,18.0
60.0,1,23.0,1.0454545454545454,7.368395314667319,0,2.0,0.5577774706500129,1,26.0,0.6365175926156004,0,0.0,0.5415803702074745,0,0.0,0.4868532460930242,1,28.0
65.0,4,37.0,1.7619047619047619,6.691361317201201,0,0.0,1.0,2,32.0,0.4118370981053939,1,4.0,0.00014557745833954037,1,4.0,0.4956082177921359,4,40.0
70.0,5,62.0,2.6956521739130435,6.951088184946399,0,0.0,1.0,3,47.0,0.47461868978130756,1,9.0,0.0,1,9.0,0.4823965000835624,5,65.0
75.0,6,87.0,3.48,5.3229032727594445,0,0.0,1.0,3,62.0,0.2252381690796894,2,14.0,0.0,1,14.0,0.19962300959325394,6,90.0
80.0,5,97.0,3.5925925925925926,5.502726759377742,0,0.0,1.0,4,81.0,0.27726966470158015,1,19.0,0.5353284521263555,0,0.0,0.4189375599504975,5,100.0
85.0,5,122.0,4.206896551724138,6.998949600660594,0,0.0,1.0,4,98.0,0.3044212004536603,1,27.0,0.5494669321038596,0,0.0,0.7758235968031159,5,125.0
90.0,8,151.0,5.392857142857143,5.901755939510458,0,0.0,1.0,5,119.0,0.15831816196166823,3,35.0,0.4244514955700969,0,0.0,0.9917317637526679,8,154.0
95.0,3,14.0,0.45161290322580644,5.904492335802888,0,0.0,1.0,0,0.0,0.5750376563222076,3,17.0,0.03837316690846426,0,0.0,0.9413349441675352,3,17.0
100.0,3,29.0,0.9354838709677419,8.114372583430528,0,0.0,1.0,0,0.0,0.7928147462994906,3,32.0,0.0,0,0.0,0.9412204798557194,3,32.0
105.0,3,44.0,1.4193548387096775,9.025996086942602,0,0.0,1.0,0,0.0,0.9195730770672235,3,56.0,0.45949913790537245,0,0.0,0.8810167957053292,3,56.0
110.0,5,62.0,1.7714285714285714,7.808405252247108,0,0.0,1.0,1,2.0,0.6416975230548548,4,72.0,0.43382301393762984,0,0.0,0.9706468380173862,5,74.0
115.0,9,99.0,2.75,6.680568298009713,0,0.0,1.0,1,7.0,0.6810009145628192,5,91.0,0.4281906442014321,0,0.0,0.9547474175263726,6,98.0
120.0,10,148.0,3.8947368421052633,6.650412894176736,0,0.0,1.0,1,12.0,0.6688073112190706,5,113.0,0.4090468411837323,0,0.0,0.48988533866866046,6,125.0
125.0,8,118.0,3.3714285714285714,5.528017651518644,0,0.0,1.0,1,17.0,0.43288115021180795,2,61.0,0.5510091327726988,1,5.0,0.49385463864913814,4,83.0
130.0,10,153.0,4.135135135135135,5.471199680929473,0,0.0,0.4613369373242532,2,33.0,0.43542387540619454,2,57.0,0.5369793824177042,1,10.0,0.6523893910167131,5,100.0
135.0,12,187.0,4.921052631578948,5.882151917794987,1,3.0,0.3002947594294504,3,50.0,0.5291624368000127,2,67.0,0.6409580261767143,2,16.0,0.31989530165173696,8,136.0
140.0,10,197.0,5.051282051282051,6.245944645307023,2,13.0,0.2503851035715906,3,65.0,0.6034499347113217,2,77.0,0.5690799175037082,0,0.0,0.6653847531588304,7,155.0
145.0,8,99.0,2.302325581395349,6.72196141367957,4,26.0,0.0028694519006671705,3,80.0,0.6549467386096733,0,38.0,0.6997167736936986,0,0.0,0.9793215087437671,7,144.0
150.0,10,107.0,2.488372093023256,6.319221091869616,0,7.0,0.32706814356217273,4,96.0,0.5292128071987322,2,5.0,0.48732316110890056,0,0.0,0.9675262163959442,6,108.0
155.0,11,153.0,3.477272727272727,6.011596959713223,0,3.0,0.12731532576444549,4,114.0,0.5121095830435085,4,20.0,0.3317024280178664,0,0.0,0.9798491585431499,8,137.0
160.0,12,107.0,2.488372093023256,5.82098707860724,0,0.0,1.0,4,87.0,0.31776941207300535,5,42.0,0.15694351507573737,0,0.0,0.9706727517412305,9,129.0
165.0,5,50.0,1.0638297872340425,6.600995252427217,0,0.0,1.0,4,42.0,0.3668628090718187,1,24.0,0.2697856697855213,0,0.0,0.954389783330347,5,66.0
170.0,7,77.0,1.6041666666666667,7.179167468573041,0,3.0,0.8362158633076311,6,70.0,0.3074999972135357,1,24.0,0.45136233742659615,0,0.0,0.9833179376136852,7,97.0
175.0,7,112.0,2.3333333333333335,7.860764435269513,0,0.0,1.0,6,100.0,0.3742000929929301,1,29.0,0.7295037121362233,0,0.0,0.960060373361902,7,129.0
180.0,1,31.0,0.6326530612244898,8.15718465921396,0,0.0,1.0,0,30.0,0.782641506150603,1,34.0,0.5925729378143,0,0.0,0.9496472201324015,1,64.0
185.0,6,48.0,0.96,8.173846169997624,0,0.0,1.0,0,20.0,0.9729785052105795,2,42.0,0.6291559368271372,0,0.0,0.9497968390590154,2,62.0
190.0,8,84.0,1.68,7.864283755802967,0,0.0,1.0,0,20.0,0.7703721901396201,2,58.0,0.7472074670724307,1,1.0,0.7324034476951776,3,79.0
195.0,10,114.0,2.235294117647059,7.8365859899438535,0,0.0,1.0,1,11.0,0.7845193735025912,3,70.0,0.5924450130117129,1,6.0,0.70871274913449,5,87.0
200.0,2,18.0,0.3673469387755102,7.70452685474888,0,0.0,1.0,0,5.0,0.7757385186148937,1,33.0,0.6185017311341588,1,11.0,0.6122727041670007,2,49.0
205.0,4,10.0,0.2127659574468085,8.337656001515588,0,0.0,1.0,2,11.0,0.5724123287461992,2,13.0,0.5886947538452739,0,3.0,0.7269577722499955,4,27.0
210.0,5,32.0,0.7111111111111111,8.582983214705747,0,0.0,1.0,3,19.0,0.24087061912506225,2,41.0,0.632928844313203,0,0.0,0.8942486148378082,5,60.0
215.0,8,61.0,1.3555555555555556,7.970136358733435,0,0.0,1.0,3,34.0,0.24977561780803775,5,55.0,0.35262402059222336,0,0.0,0.9893719172385266,8,89.0
220.0,8,62.0,1.3478260869565217,6.649805568366746,0,0.0,1.0,3,49.0,0.26737774204408565,2,47.0,0.4625921225409194,0,0.0,0.9919769765217508,5,96.0
225.0,5,33.0,0.75,7.113996377659683,0,3.0,0.7612893495449629,0,6.0,0.813916405629423,1,34.0,0.3525380426312902,0,0.0,0.9329008728650793,1,43.0
230.0,8,68.0,1.5454545454545454,7.506633055452374,1,2.0,0.25377065636082463,0,6.0,0.9486142730224167,2,41.0,0.30701728038918263,0,0.0,0.9277759364849751,3,49.0
235.0,10,115.0,2.3469387755102042,7.736613639470214,3,14.0,0.000647618205822145,0,6.0,0.9520363153316129,2,55.0,0.555755555870308,0,0.0,0.9689979884280038,5,75.0
240.0,11,167.0,3.630434782608696,6.314856259373146,3,29.0,0.0,0,13.0,0.8992898023619702,2,65.0,0.6408797616552977,0,0.0,0.9534767918037896,5,107.0
245.0,12,193.0,4.195652173913044,6.296870081819169,0,0.0,1.0,0,13.0,0.895136835627719,2,75.0,0.6333826579295616,0,0.0,0.9600321136214658,2,88.0
250.0,15,263.0,5.36734693877551,6.124014100750816,0,0.0,1.0,1,7.0,0.712775563026551,3,89.0,0.489041284984634,0,0.0,0.9616855262572919,4,96.0
255.0,17,346.0,6.92,5.6194954072254975,0,0.0,1.0,2,15.0,0.38422758114989364,3,104.0,0.48337455143934593,0,0.0,0.9644450621972368,5,119.0
260.0,17,356.0,7.12,5.620089842352658,0,0.0,1.0,3,28.0,0.14183227629829942,1,57.0,0.6599449908983571,1,2.0,0.4874546804980591,5,87.0
265.0,12,332.0,6.775510204081633,5.854914075899923,0,0.0,1.0,0,3.0,0.6217295910046737,2,30.0,0.40563764773451433,1,7.0,0.4743461690314798,3,40.0
270.0,11,244.0,5.083333333333333,6.36935038967698,0,0.0,1.0,0,0.0,0.9575676258173097,4,42.0,0.19362453590349732,1,12.0,0.4925736302098297,5,54.0
275.0,5,83.0,1.8043478260869565,6.5434996528113745,0,0.0,1.0,0,0.0,0.9078738758117163,4,65.0,0.26439676306521864,0,0.0,0.9319989343850373,4,65.0
280.0,4,78.0,1.7727272727272727,7.07506967265409,0,0.0,1.0,0,0.0,0.9515869153445716,4,88.0,0.26264630668464173,0,0.0,0.9494999769141671,4,88.0
285.0,7,103.0,2.239130434782609,6.966257312253615,0,0.0,1.0,0,0.0,0.9327842180848672,6,112.0,0.2717529871659011,0,0.0,0.9330206168564832,6,112.0
290.0,10,143.0,3.0425531914893615,7.134500712472221,0,0.0,1.0,0,0.0,0.8130073956933503,8,193.0,0.37852763777125353,0,0.0,0.967403268513711,8,193.0
295.0,10,188.0,4.2727272727272725,6.870015470593628,0,0.0,1.0,1,2.0,0.47030431268907724,8,184.0,0.2946613483746262,0,0.0,0.9883877125616926,9,186.0
300.0,3,34.0,0.8095238095238095,7.062028075430102,0,0.0,1.0,1,13.0,0.5917035911234002,1,41.0,0.4218065933345913,0,0.0,0.9441334524711346,2,54.0
305.0,4,37.0,0.8604651162790697,7.194491691531392,0,6.0,0.6020769889998834,1,24.0,0.6718253108673736,1,44.0,0.5998692904427473,0,0.0,0.9817540565848508,2,74.0
310.0,5,59.0,1.2553191489361701,6.465071869734802,0,9.0,0.10866100971767244,1,23.0,0.5952362821562946,2,39.0,0.32779597360211465,0,0.0,0.9525246502230268,3,71.0
315.0,12,113.0,2.3541666666666665,6.188864873038642,3,23.0,0.1059249281471281,3,36.0,0.5987570516701476,4,56.0,0.1895526291330829,0,0.0,0.9885921820414291,10,115.0
320.0,10,116.0,2.36734693877551,6.685004839701602,3,38.0,0.01345489788041633,3,95.0,0.6883130366119392,3,37.0,0.14028718929984413,0,0.0,0.9723350709169357,9,170.0
325.0,8,113.0,2.26,7.532076528384811,4,58.0,0.0024085331298572287,1,66.0,0.8547466911552379,3,52.0,0.23589169054580705,0,0.0,0.949343626756608,8,176.0
330.0,13,166.0,3.3877551020408165,6.553466987640431,5,83.0,0.00029090275833030296,3,75.0,0.670548391069528,3,67.0,0.24306969370964188,0,0.0,0.9810475469293546,11,225.0
335.0,14,235.0,4.795918367346939,6.6764417577195,5,108.0,8.310536032228477e-05,3,84.0,0.5524293971255232,3,88.0,0.5300532663721623,0,0.0,0.9174921663219382,11,280.0
340.0,15,295.0,5.9,6.2363615691767675,5,133.0,1.7630021150992225e-05,3,99.0,0.5437952159623941,4,105.0,0.4765017917131732,0,0.0,0.900160028275776,12,337.0
345.0,13,265.0,5.0,6.567596230546848,5,158.0,0.0,4,115.0,0.37964919654830737,2,81.0,0.5584912595650209,0,0.0,0.951534322752102,11,354.0
350.0,9,128.0,2.3703703703703702,6.2613870026167415,0,53.0,0.01884673165380194,6,140.0,0.11571000747165633,1,18.0,0.5889842919023602,0,0.0,0.9508788541842103,7,211.0
355.0,15,195.0,3.611111111111111,6.036183492654999,0,0.0,1.0,8,180.0,0.10327805118492933,2,27.0,0.5881835960907631,1,1.0,0.626974784491494,11,208.0
360.0,14,249.0,4.882352941176471,5.701295157795493,0,0.0,1.0,8,220.0,0.14892509420488048,2,37.0,0.4269487620780654,1,6.0,0.3253293061037145,11,263.0
365.0,8,116.0,2.1481481481481484,6.142844910618675,0,0.0,1.0,5,145.0,0.14717838761588778,0,3.0,0.5398957488365399,2,15.0,0.42963442652587847,7,163.0
370.0,5,77.0,1.4259259259259258,7.031538679344841,0,0.0,0.8037803194932664,4,91.0,0.20496888203764999,0,0.0,1.0,0,8.0,0.488462775463516,4,99.0
375.0,6,104.0,1.8909090909090909,6.8680471928108835,1,2.0,0.24943671583293858,4,98.0,0.38278592362362573,0,3.0,0.6424409094724594,0,0.0,0.923371738566724,5,103.0
380.0,8,141.0,2.517857142857143,7.365944246074709,3,14.0,0.00029290220697536523,4,118.0,0.4412832776133516,0,0.0,0.7885914950654822,0,0.0,0.9368490728748683,7,132.0
385.0,5,47.0,0.8703703703703703,7.009274883030449,3,29.0,0.0,1,4.0,0.7016347447633707,0,12.0,0.6990398130763249,0,0.0,0.917005402157648,4,45.0
390.0,7,81.0,1.5,7.340724976184277,3,44.0,0.0,1,9.0,0.8054860892369778,2,21.0,0.5895453345048735,0,0.0,0.938985586374044,6,74.0
395.0,4,57.0,1.0363636363636364,7.2844297123092145,0,0.0,1.0,1,14.0,0.7048092916151578,2,37.0,0.6427342611470881,0,0.0,0.9732201472572586,3,51.0
400.0,5,51.0,0.864406779661017,7.9278782487747534,0,0.0,1.0,2,21.0,0.685372965839069,3,51.0,0.6416354637556594,0,0.0,0.9644307323381414,5,72.0
405.0,4,49.0,0.8448275862068966,7.344248481653307,0,0.0,1.0,1,4.0,0.6640547171823273,3,66.0,0.5980538832968844,0,0.0,0.9368327255891215,4,70.0
410.0,5,74.0,1.2982456140350878,7.2746467649362,0,0.0,1.0,1,26.0,0.4448319680603995,4,86.0,0.515001549240071,0,0.0,0.9287786647117519,5,112.0
415.0,4,45.0,0.7627118644067796,7.60304459265562,0,0.0,1.0,2,38.0,0.3997211055264363,2,60.0,0.5478999092018797,0,0.0,0.994111495038192,4,98.0
420.0,5,67.0,1.1551724137931034,8.56282542102685,0,0.0,1.0,3,36.0,0.4540244086778468,2,55.0,0.6898740488242346,0,0.0,0.9587015801342595,5,91.0
425.0,6,95.0,1.7924528301886793,8.300488983773363,0,0.0,0.4477302993394689,4,54.0,0.4837183019470275,2,65.0,0.6733000478988045,0,0.0,0.9217790243679416,6,119.0
430.0,10,135.0,2.8125,7.058974125870944,3,9.0,0.00012622512655823665,4,71.0,0.40760181722538025,3,76.0,0.529022834642176,0,0.0,0.9968943847790397,10,156.0
435.0,15,194.0,3.730769230769231,6.378293731601886,3,24.0,0.0,4,91.0,0.41902217624467775,6,96.0,0.37746991421703197,0,0.0,0.9551364091570231,13,211.0
440.0,16,272.0,5.44,5.7036862015607666,3,39.0,0.0,5,114.0,0.42245621331681926,6,123.0,0.2510556076536916,0,0.0,0.9844160587521233,14,276.0
445.0,17,356.0,7.26530612244898,5.8307958867189225,3,54.0,0.0,5,139.0,0.5257399989235737,7,157.0,0.19159354629352057,0,0.0,0.9317924941016467,15,350.0
450.0,20,449.0,8.803921568627452,4.867716276132728,3,69.0,0.16922542152390752,5,164.0,0.45033114330640955,9,198.0,5.2925598768762524e-05,0,0.0,0.9484463073897264,17,431.0
455.0,17,363.0,6.722222222222222,5.107482279234933,0,3.0,0.04045183072164823,6,193.0,0.3022468349847837,7,161.0,0.01164638848131453,0,0.0,0.9718143481435827,13,357.0
460.0,14,364.0,6.7407407407407405,6.118834782828229,0,0.0,1.0,6,223.0,0.2722532953036,4,118.0,0.22119509450916805,0,0.0,0.981047687295754,10,341.0
465.0,14,392.0,7.39622641509434,6.201915455769695,0,0.0,1.0,7,258.0,0.19323288784597248,4,92.0,0.31645820293891663,0,0.0,0.909086204314768,11,350.0
470.0,12,402.0,7.178571428571429,6.695668408012622,0,0.0,1.0,7,307.0,0.21221093283066744,5,115.0,0.16656149908987194,0,0.0,0.9441113193672432,12,422.0
475.0,10,332.0,5.824561403508772,6.4635050979685875,0,0.0,1.0,10,352.0,0.15997667958027034,0,33.0,0.6417371851554937,0,0.0,0.9561407757103035,10,385.0
480.0,13,393.0,7.1454545454545455,6.617894661763861,0,3.0,0.532527751570583,11,394.0,0.20773987463606977,0,0.0,0.4985886539158889,1,3.0,0.6360905673282852,12,400.0
485.0,7,46.0,0.9019607843137255,6.315179228048267,0,0.0,1.0,2,127.0,0.4814684859451065,1,3.0,0.41957195221558646,2,9.0,0.31201258391663433,5,139.0
490.0,8,68.0,1.3333333333333333,6.661966809206114,0,0.0,0.9350756822139125,1,34.0,0.6915716684937543,2,11.0,1.2201268869863194e-05,2,19.0,0.2703716653648595,5,64.0
495.0,5,53.0,1.06,7.546056962556744,0,0.0,1.0,2,41.0,0.593427158414412,0,16.0,0.7711331562624202,3,32.0,0.21395073477524854,5,89.0
500.0,4,36.0,0.7058823529411765,7.961557509835134,0,0.0,1.0,4,59.0,0.5347112671746894,0,9.0,0.9721731772019477,0,15.0,0.5324408657393919,4,83.0
505.0,1,6.0,0.1111111111111111,8.046177937246751,0,0.0,1.0,1,37.0,0.56929409470833,0,15.0,0.8594329722311448,0,0.0,0.9878529591546378,1,52.0
510.0,3,6.0,0.11320754716981132,8.373630512664102,0,0.0,1.0,1,13.0,0.7463612116716127,2,17.0,0.5907649879684547,0,0.0,0.946360215684776,3,30.0
515.0,6,28.0,0.5714285714285714,8.091516628447499,0,0.0,1.0,3,20.0,0.4222935490032029,3,32.0,0.6143984447325336,0,0.0,0.9503686092386909,6,52.0
520.0,9,66.0,1.434782608695652,7.37837132912697,0,0.0,1.0,3,35.0,0.47984133274662816,4,48.0,0.5057334107797016,0,0.0,0.9974116417857325,7,83.0
525.0,13,111.0,2.3617021276595747,6.336248786611735,0,0.0,1.0,4,52.0,0.30477717195405857,8,78.0,0.3054997479800955,0,0.0,0.9646383832504044,12,130.0
530.0,9,104.0,2.260869565217391,6.002805503403273,0,0.0,1.0,0,9.0,0.5191552338597092,8,118.0,0.2370207279210965,0,0.0,0.952080094171542,8,127.0
535.0,11,156.0,3.391304347826087,6.443391515859657,0,0.0,1.0,0,0.0,0.9969728678254486,9,162.0,0.26698429215633895,0,0.0,0.953298304473864,9,162.0
540.0,3,36.0,0.75,6.497531136429274,0,0.0,1.0,0,0.0,0.9712684906045195,1,57.0,0.44469830353194867,0,0.0,0.9642414725088905,1,57.0
545.0,1,3.0,0.061224489795918366,7.484331292816505,0,9.0,0.5842953963344609,0,9.0,0.7357500498233791,1,23.0,0.6326934476160088,0,0.0,0.9375178900963174,1,41.0
550.0,1,8.0,0.16666666666666666,8.766650857722992,0,0.0,0.8353967029096008,0,9.0,0.9477791318932935,1,11.0,0.8144103086439651,0,0.0,0.9399311751280408,1,20.0
555.0,1,13.0,0.2653061224489796,8.928222264756212,0,0.0,1.0,0,9.0,0.9582962574815227,1,16.0,0.7691975126556865,0,0.0,0.9216584884002528,1,25.0
560.0,1,18.0,0.3673469387755102,9.023987279942281,0,0.0,1.0,0,9.0,0.8613242440948617,1,21.0,0.7058589743086124,0,0.0,0.8933973286591345,1,30.0
565.0,4,33.0,0.6875,8.61406276741125,0,0.0,0.9645130617460466,1,11.0,0.7627957550891495,1,23.0,0.7091102074890767,1,2.0,0.654284317127392,3,36.0
570.0,6,60.0,1.2765957446808511,8.25659878150571,0,0.0,1.0,2,20.0,0.7449679038182502,2,31.0,0.48591877507642,1,7.0,0.4902034331988201,5,58.0
575.0,4,58.0,1.3181818181818181,7.552888830176841,0,0.0,1.0,0,6.0,0.858020571171339,2,41.0,0.5173086377856255,0,0.0,0.9676318834024488,2,47.0
580.0,4,57.0,1.3571428571428572,8.004480187651598,0,0.0,1.0,1,6.0,0.6444660832442506,3,62.0,0.4724086055164907,0,0.0,0.9524544202556394,4,68.0
585.0,5,78.0,1.813953488372093,8.048024927706338,0,0.0,1.0,1,11.0,0.6282127231327883,4,81.0,0.4398690567071086,0,0.0,0.9907079744045317,5,92.0
590.0,2,59.0,1.372093023255814,7.3846302235099115,0,0.0,1.0,1,16.0,0.6657506986639184,1,56.0,0.634129715819279,0,0.0,0.9339560624742058,2,72.0
595.0,1,53.0,1.2619047619047619,7.629771620639401,0,3.0,0.6308793445783819,0,12.0,0.43072178186302956,1,59.0,0.7879745839494705,0,0.0,0.878641072005724,1,74.0
600.0,2,62.0,1.441860465116279,8.762221884833346,0,0.0,1.0,1,10.0,0.6883191663542413,1,64.0,0.8200479473147795,0,0.0,0.9297451359462303,2,74.0
605.0,2,72.0,1.7560975609756098,9.114575938478382,0,0.0,1.0,1,15.0,0.798852226250831,1,72.0,0.8238496361784025,0,0.0,0.9307506009602036,2,87.0
610.0,5,86.0,2.263157894736842,8.234627465292998,0,0.0,0.9450575093920596,1,20.0,0.8208527411759254,3,72.0,0.3691661285344995,0,0.0,0.9621934704214651,4,92.0
615.0,1,6.0,0.14285714285714285,9.044034629431023,0,0.0,1.0,0,6.0,0.9749091378237301,1,9.0,0.6503645882932587,0,0.0,0.958759628665385,1,15.0
620.0,1,11.0,0.2619047619047619,9.2564971985193,0,3.0,0.9305738870597312,0,6.0,0.9555440611206711,1,14.0,0.651859623564096,0,0.0,0.9271585377945244,1,23.0
625.0,2,19.0,0.4418604651162791,8.303304006826954,0,0.0,1.0,0,0.0,0.9562683590482657,2,25.0,0.502199367647857,0,0.0,0.9820888432826314,2,25.0
630.0,4,37.0,0.8809523809523809,8.003152458956427,0,0.0,1.0,0,0.0,0.9404703758382434,4,43.0,0.43257368857428535,0,0.0,0.9477044404513538,4,43.0
635.0,4,38.0,0.8636363636363636,7.34214501659994,0,0.0,1.0,1,1.0,0.5128516255385642,3,48.0,0.41922968478427763,0,0.0,0.9450976110903926,4,49.0
640.0,3,51.0,1.1590909090909092,8.189795884372636,0,0.0,1.0,1,6.0,0.7113452171705675,2,65.0,0.5309924178981941,0,0.0,0.9327688645998454,3,71.0
645.0,3,66.0,1.5714285714285714,8.697823866530618,0,0.0,1.0,1,14.0,0.7233878062346939,2,58.0,0.4756922175057341,0,0.0,0.9437874738210249,3,72.0
650.0,3,81.0,1.8837209302325582,8.696788209167435,0,0.0,0.9414771205060467,1,19.0,0.4025848869316609,2,65.0,0.31427977373337895,0,0.0,0.96280217801618,3,84.0
655.0,2,24.0,0.5714285714285714,7.806848436198382,0,0.0,0.9967856961531419,2,27.0,0.4674388280898957,0,28.0,0.13339753587604936,0,0.0,0.9905474533084796,2,55.0
660.0,5,44.0,1.0476190476190477,7.678871894930673,0,0.0,1.0,2,37.0,0.5572449158162057,0,0.0,0.4604706878205512,0,0.0,0.9242230843017002,2,37.0
665.0,4,50.0,1.2195121951219512,7.597056085795741,0,0.0,1.0,2,47.0,0.5700756478989747,1,2.0,0.00011791173766485589,0,0.0,0.9258929759174098,3,49.0
670.0,6,70.0,1.7073170731707317,7.079682841844315,0,0.0,1.0,3,61.0,0.4097530316755146,1,7.0,0.10696173875042125,0,0.0,0.9489767464557834,4,68.0
675.0,9,104.0,2.5365853658536586,6.7245087170072875,0,0.0,1.0,4,81.0,0.18676351380362163,2,17.0,0.0,0,0.0,0.9539710688923899,6,98.0
680.0,6,125.0,2.9761904761904763,6.6111974852377315,0,0.0,1.0,4,101.0,0.17069324282006185,2,27.0,0.26818131367586384,0,0.0,0.9618268451281269,6,128.0
685.0,11,166.0,3.86046511627907,6.769509226000016,0,0.0,1.0,6,122.0,0.13531642897477386,3,42.0,0.3677841853074335,0,0.0,0.9717694229696713,9,164.0
690.0,12,223.0,5.186046511627907,6.677002712806519,0,0.0,1.0,5,147.0,0.29446497120994,3,57.0,0.34427471982959795,0,0.0,0.9647843352929752,8,204.0
695.0,14,286.0,6.651162790697675,6.05468485216697,0,0.0,1.0,6,173.0,0.21876440558209734,4,74.0,0.1750015773954812,0,0.0,0.9609419829328898,10,247.0
700.0,15,360.0,8.181818181818182,5.675935292790798,0,0.0,1.0,6,203.0,0.19528357251784134,4,94.0,0.0,0,0.0,0.9785573251727642,10,297.0
705.0,15,435.0,9.666666666666666,5.681999116583937,0,0.0,1.0,6,233.0,0.28077065975542104,4,114.0,0.2054204517417296,0,0.0,0.9580171265503221,10,347.0
710.0,13,433.0,9.212765957446809,5.800108754235189,0,0.0,1.0,6,263.0,0.27903094755270264,5,137.0,0.19852341276297966,0,0.0,0.9575621828918941,11,400.0
715.0,5,162.0,3.4468085106382977,5.958133697068222,0,0.0,1.0,0,30.0,0.5114902580244349,5,162.0,0.13583582684644385,0,0.0,0.9563299436875131,5,192.0
720.0,5,187.0,4.065217391304348,6.789249909164245,0,0.0,1.0,0,30.0,0.4759615873216763,5,187.0,0.24499731602382444,0,0.0,0.9348052133292983,5,217.0
725.0,3,23.0,0.46938775510204084,7.282274179909389,0,0.0,1.0,1,19.0,0.7139534639041769,1,83.0,0.5759073281723994,0,0.0,0.6433161085753532,2,102.0
730.0,5,26.0,0.52,7.597001166908536,0,0.0,1.0,1,27.0,0.49605639476348784,0,27.0,0.8261076217849055,2,6.0,0.31924620646451196,3,60.0
735.0,6,42.0,0.875,7.516358042873857,0,0.0,1.0,2,41.0,0.6796064044152245,1,10.0,0.7306854776073106,0,0.0,0.9525158577522018,3,51.0
740.0,6,50.0,0.9803921568627451,8.021045051324084,0,0.0,1.0,0,9.0,0.8804034381641515,2,22.0,0.7027798159843219,0,0.0,0.9027862901870369,2,31.0
745.0,8,76.0,1.5510204081632653,8.185805821682326,0,0.0,1.0,1,8.0,0.8488738867315504,2,22.0,0.724665203293322,0,0.0,0.9731671389316144,3,30.0
750.0,9,117.0,2.4893617021276597,7.258898561023369,0,0.0,1.0,1,13.0,0.8126093557806778,2,35.0,0.5086784743196832,0,0.0,0.9420689881116983,3,48.0
755.0,15,183.0,3.893617021276596,5.646164340475617,0,0.0,1.0,1,18.0,0.6928955299043639,6,61.0,0.3029247499047267,0,0.0,0.983886449522806,7,79.0
760.0,17,256.0,5.224489795918367,4.971377770518953,0,0.0,1.0,3,30.0,0.5490758019912129,7,94.0,0.10531811263715625,0,0.0,0.9408373496291077,10,124.0
765.0,18,267.0,5.5625,4.091126092594684,0,0.0,1.0,5,49.0,0.14917458434664435,7,104.0,0.09732226389029143,0,0.0,0.969565200135077,12,153.0
770.0,17,207.0,4.224489795918367,4.616107600188111,0,0.0,1.0,6,76.0,0.12860414728624445,10,134.0,0.11268860391975878,0,0.0,0.9386535737305319,16,210.0
775.0,20,280.0,5.283018867924528,4.923925916056279,0,0.0,1.0,8,113.0,0.1286482147438084,12,188.0,0.0009424901236694329,0,0.0,0.6390964645200038,20,301.0
780.0,14,250.0,4.716981132075472,4.856217649486516,0,0.0,1.0,1,62.0,0.31663959036786055,12,289.0,0.08621665224845046,1,5.0,0.3519057456969112,14,356.0
785.0,5,48.0,0.9230769230769231,5.629841141152641,0,0.0,1.0,1,4.0,0.5208227692910692,2,104.0,0.2649295385603834,2,15.0,0.31470668521096473,5,123.0
790.0,2,11.0,0.22916666666666666,7.647460940529409,0,6.0,0.590358571101166,2,17.0,0.5044053413112858,0,62.0,0.7582858661535345,0,0.0,0.9757689183641436,2,85.0
795.0,2,21.0,0.4117647058823529,8.950575528468283,0,0.0,0.7713760609328933,2,30.0,0.6881454156576963,0,34.0,0.7753995591549414,0,0.0,0.9666128186752514,2,64.0
800.0,3,7.0,0.1346153846153846,8.941756844457204,0,0.0,1.0,0,9.0,0.8354442130035975,1,36.0,0.8019487451195397,0,0.0,0.9964636076197426,1,45.0
805.0,5,29.0,0.5471698113207547,9.044942738095324,0,0.0,1.0,1,11.0,0.8206584924197577,1,41.0,0.7918895647936287,0,0.0,0.9431463202249117,2,52.0
810.0,7,62.0,1.1923076923076923,8.561730546485084,0,0.0,1.0,1,16.0,0.8403486586145902,1,46.0,0.7571349220169665,0,0.0,0.9395809683440683,2,62.0
815.0,9,101.0,1.9056603773584906,8.200959919954473,0,0.0,1.0,2,26.0,0.637997454357776,2,53.0,0.5220720159574712,0,0.0,0.9820293260865551,4,79.0
820.0,9,116.0,2.32,7.30686325607525,0,0.0,1.0,1,5.0,0.7620683489322695,4,69.0,0.2622180531457012,0,0.0,0.9727627367092075,5,74.0
825.0,6,69.0,1.5,7.222091141409919,0,0.0,1.0,1,5.0,0.5477052869576838,5,93.0,0.2350016452272748,0,0.0,0.9206968003863801,6,98.0
830.0,4,60.0,1.25,8.056774040222907,0,0.0,1.0,2,14.0,0.502050425960233,2,81.0,0.47770412283177655,0,0.0,0.9377645910452538,4,95.0
835.0,6,88.0,1.76,7.80808298291284,0,6.0,0.6000390813697015,3,31.0,0.3075626501935606,3,92.0,0.5926527612711172,0,0.0,0.984314474572216,6,129.0
840.0,7,82.0,1.6734693877551021,8.128412911762332,3,13.0,0.07057196510679338,1,18.0,0.5523413548684503,3,107.0,0.592713507811447,0,0.0,0.9440005643240484,7,138.0
845.0,6,110.0,2.2,8.47446879094815,3,28.0,0.010171818820512752,0,3.0,0.954927605435893,3,122.0,0.48475570711938976,0,0.0,0.9656054808485829,6,153.0
850.0,10,151.0,3.2127659574468086,7.650331306362304,4,45.0,0.0014054844105748452,0,3.0,0.7375365613469183,3,137.0,0.5651207642385349,0,0.0,0.9330977787789301,7,185.0
855.0,15,217.0,4.428571428571429,6.58092733565771,4,65.0,0.00021863346966638782,1,7.0,0.7763010845425953,4,154.0,0.2946533807513087,0,0.0,0.9864442802649648,9,226.0
860.0,14,224.0,4.571428571428571,6.052374616683345,0,11.0,0.06131071421245531,1,12.0,0.7548517652325707,6,182.0,0.12446938990216462,0,0.0,0.9835034855717752,7,205.0
865.0,17,300.0,6.122448979591836,5.21094190433043,0,0.0,1.0,3,18.0,0.00824991459251447,7,217.0,0.054555016820957696,0,0.0,0.9806394266774787,10,235.0
870.0,18,362.0,7.098039215686274,4.811360422222578,0,0.0,1.0,5,43.0,0.05977312279787727,4,208.0,0.010870743076649344,0,0.0,0.9349390421130319,9,251.0
875.0,18,426.0,8.693877551020408,5.401856880970755,0,3.0,0.5828199934491328,5,71.0,0.2784570211367389,4,228.0,0.1772360744704652,0,0.0,0.972918588635617,9,302.0
880.0,14,444.0,8.88,6.614659049742494,0,0.0,0.7838711728688298,4,81.0,0.45890216668515454,4,248.0,0.1524836350305388,0,0.0,0.9399460281414413,8,329.0
885.0,17,523.0,9.867924528301886,6.249631061522364,0,0.0,1.0,4,101.0,0.40677916589404284,5,273.0,0.3474197057592421,0,0.0,0.9784014145277881,9,374.0
890.0,19,617.0,11.641509433962264,5.8391874801948545,0,0.0,1.0,5,125.0,0.34471787806812815,5,298.0,0.4754629877733734,0,0.0,0.9306554821514944,10,423.0
895.0,21,715.0,14.019607843137255,5.3336581479105485,0,0.0,1.0,5,150.0,0.3245035149080825,7,326.0,0.2867766736914481,0,0.0,0.966627125144685,12,476.0
900.0,22,810.0,16.2,4.849659801929907,0,0.0,1.0,5,163.0,0.3428838796959981,8,363.0,0.18950173676283316,0,0.0,0.9777507910879581,13,526.0
905.0,22,920.0,17.692307692307693,4.841571282141211,0,0.0,1.0,5,188.0,0.24595499429098103,8,403.0,0.10181886171349176,0,0.0,0.955902197144663,13,591.0
910.0,26,1038.0,20.76,3.9276564493504327,0,0.0,1.0,7,244.0,0.19387503402821527,8,446.0,0.19244510360301975,1,3.0,0.6427346225266988,16,693.0
915.0,26,1083.0,21.66,3.538815585342353,0,0.0,1.0,8,284.0,0.1914129248698867,7,462.0,0.11109399205706516,0,0.0,0.9515238327717879,15,746.0
920.0,14,861.0,16.88235294117647,4.159112144273937,0,0.0,0.9950230650432134,0,33.0,0.3504385591805857,7,500.0,0.2493683736697081,0,0.0,0.9720030639224199,7,533.0
925.0,16,934.0,17.96153846153846,5.201954808049332,0,0.0,1.0,0,3.0,0.8997246128813581,7,532.0,0.12148324337021298,0,0.0,0.9656532014206992,7,535.0
930.0,18,1019.0,19.596153846153847,5.9273623171670335,0,0.0,1.0,0,52.0,0.9097068951532484,7,576.0,0.32838633324525507,0,0.0,0.9324415730333712,7,628.0
935.0,15,756.0,14.823529411764707,5.658555245602463,0,0.0,1.0,1,53.0,0.7265209371249841,5,442.0,0.48399847641300003,0,0.0,0.9901367692522386,6,495.0
940.0,6,70.0,1.320754716981132,6.984571762342367,0,3.0,0.8925323928084309,1,75.0,0.8096739751093115,0,232.0,0.6284038101331512,0,0.0,0.9759828176355387,1,310.0
945.0,0,0.0,0.0,8.409784415110485,0,0.0,1.0,0,34.0,0.7751014628198155,0,89.0,0.8776035777037129,0,0.0,0.9412086346967112,0,123.0
950.0,2,6.0,0.1276595744680851,8.098886199842168,0,0.0,1.0,1,7.0,0.6215276519803662,1,8.0,0.779637082866345,0,0.0,0.9902158700670598,2,15.0
955.0,2,13.0,0.2765957446808511,7.357708232836069,0,0.0,1.0,2,16.0,0.1958848268131735,0,9.0,0.9192833167257589,0,0.0,0.9830759264233804,2,25.0
960.0,4,31.0,0.7209302325581395,7.245916830021619,0,1.0,0.8056977660921808,4,37.0,0.32108327380993446,0,3.0,0.9103467783965957,0,0.0,0.9486742162219657,4,41.0
965.0,0,0.0,0.0,7.749828955647945,0,0.0,0.999181528709848,0,5.0,0.7016858857010986,0,74.0,0.8165794491193559,0,0.0,0.9297528993252391,0,79.0
970.0,2,3.0,0.07142857142857142,8.110208116523829,0,0.0,1.0,1,56.0,0.7134502784363461,1,75.0,0.43739784628535816,0,0.0,0.9676324772343889,2,131.0
975.0,1,7.0,0.16279069767441862,8.845299522692061,0,0.0,1.0,1,61.0,0.7209887981519425,0,9.0,0.9473833598644702,0,0.0,0.9851224773709897,1,70.0
980.0,3,16.0,0.35555555555555557,8.581747121454173,0,0.0,1.0,2,72.0,0.548664464411018,1,10.0,0.7553836109659422,0,0.0,0.939241311865882,3,82.0
985.0,4,36.0,0.8181818181818182,9.104052239444373,0,0.0,1.0,3,97.0,0.6253718698147359,1,15.0,0.779166327733938,0,0.0,0.979053609255201,4,112.0
990.0,6,61.0,1.4186046511627908,8.12433533956231,0,0.0,1.0,3,110.0,0.5988818421400564,3,25.0,0.6087288550716334,0,0.0,0.9700026516105624,6,135.0
995.0,4,62.0,1.5121951219512195,7.228783901167452,0,0.0,1.0,4,124.0,0.5090253415258569,0,6.0,0.5862850973484591,0,0.0,0.7648370987014368,4,130.0
1000.0,9,102.0,2.55,7.243789133386363,0,0.0,0.9651496085224506,6,157.0,0.46444142482016765,2,13.0,0.47294547806989584,1,2.0,0.49019243555466335,9,172.0
1005.0,7,49.0,1.225,6.97320041410771,0,0.0,0.945175842099557,4,76.0,0.2827777434908777,2,20.0,0.313755571157615,1,7.0,0.6369953870522794,7,103.0
1010.0,3,35.0,0.7954545454545454,8.545626648689556,0,0.0,1.0,1,23.0,0.63790564312718,2,30.0,0.30769176775715484,0,0.0,0.9646610145975026,3,53.0
1015.0,3,31.0,0.7380952380952381,8.77119854401937,0,0.0,1.0,2,17.0,0.5713310048960818,1,23.0,0.5787562957793633,0,0.0,0.9588994650785002,3,40.0
1020.0,4,47.0,1.0930232558139534,8.89631122333029,0,0.0,1.0,2,30.0,0.6436642410348888,2,29.0,0.635461735832042,0,0.0,0.9494036445536911,4,59.0
1025.0,3,38.0,0.8837209302325582,8.5919321565032,0,0.0,1.0,0,6.0,0.9478356367873806,3,41.0,0.5321148000944615,0,0.0,0.9469875732929771,3,47.0
1030.0,3,53.0,1.2325581395348837,8.084221090122615,0,0.0,1.0,0,6.0,0.9285656194541669,3,56.0,0.5693968953087792,0,0.0,0.979419980407805,3,62.0
1035.0,2,41.0,0.9534883720930233,8.077857468722012,0,0.0,1.0,1,4.0,0.6807301548080282,1,43.0,0.650839031879074,0,0.0,0.9394351273960199,2,47.0
1040.0,2,51.0,1.2142857142857142,8.283277256412676,0,0.0,0.8629977085227578,1,12.0,0.7745447692111391,1,48.0,0.8004600173003675,0,0.0,0.939269212940361,2,60.0
1045.0,3,62.0,1.441860465116279,8.26890280017389,1,1.0,0.0005488653583328864,1,17.0,0.7434599853894863,1,53.0,0.7537302662424629,0,0.0,0.9131163580113666,3,71.0
1050.0,5,79.0,1.880952380952381,7.223409782975109,0,0.0,1.0,4,30.0,0.5276583935662861,1,58.0,0.7459232813239818,0,0.0,0.9426115538152768,5,88.0
1055.0,5,104.0,2.5365853658536586,7.25763961118074,0,0.0,1.0,4,50.0,0.5067661719522286,1,63.0,0.7331675356841809,0,0.0,0.9345563364425579,5,113.0
1060.0,6,133.0,3.2439024390243905,7.232739079206001,0,0.0,1.0,5,74.0,0.4286410511997346,1,68.0,0.7737082092752713,0,0.0,0.9686409276545913,6,142.0
1065.0,8,166.0,4.15,6.231729502686638,0,0.0,1.0,5,99.0,0.5250057935561606,3,76.0,0.3864882836047542,0,0.0,0.9476362982842942,8,175.0
1070.0,7,129.0,3.225,5.972986432467732,0,0.0,1.0,3,65.0,0.44774521046550014,4,93.0,0.25686594373432686,0,0.0,0.9804988231119854,7,158.0
1075.0,10,172.0,4.095238095238095,5.701445478162737,0,0.0,1.0,5,65.0,0.2931502632069776,5,116.0,0.14673532250906987,0,0.0,0.9730037314250604,10,181.0
1080.0,13,235.0,5.465116279069767,5.811895223313034,0,0.0,1.0,6,95.0,0.19140184275121166,6,145.0,0.1427071782069299,0,0.0,0.9869189027105955,12,240.0
1085.0,8,212.0,4.711111111111111,5.811593570995156,0,0.0,1.0,7,128.0,0.25322631943285784,1,98.0,0.1298083449304793,0,0.0,0.9758408743761658,8,226.0
1090.0,6,174.0,3.8666666666666667,7.2862350219596,0,6.0,0.6735842405780095,5,88.0,0.4297083861881311,1,95.0,0.0,0,0.0,0.971609814186094,6,189.0
1095.0,7,205.0,4.659090909090909,6.9955564056826915,0,0.0,0.8917945445910932,6,114.0,0.2931037175439922,1,103.0,0.6336894685046566,0,0.0,0.9607672465547581,7,217.0
1100.0,8,243.0,5.0625,7.063774084381421,0,0.0,1.0,7,147.0,0.3720529893504216,1,108.0,0.44561108241777886,0,0.0,0.9670385360409438,8,255.0
1105.0,9,287.0,5.857142857142857,6.996103000429317,0,0.0,1.0,8,186.0,0.28432605673941824,1,113.0,0.48196455277858335,0,0.0,0.9607888281982393,9,299.0
1110.0,6,152.0,3.3043478260869565,6.384221401654782,0,0.0,1.0,3,44.0,0.3888295290859383,2,119.0,0.31815840647268673,0,0.0,0.9733808204285617,5,163.0
1115.0,5,174.0,3.625,7.202070660091262,0,0.0,1.0,3,48.0,0.5778583039402748,2,129.0,0.31192356987319214,0,0.0,0.9699844546984029,5,177.0
1120.0,5,199.0,4.145833333333333,7.786786261426445,0,0.0,1.0,3,63.0,0.45412986665096805,2,145.0,0.6113875277524463,0,0.0,0.9583354620205213,5,208.0
1125.0,7,229.0,4.872340425531915,7.515350356893018,0,0.0,1.0,5,83.0,0.2729916710564444,2,155.0,0.6040424986355628,0,0.0,0.982634900628508,7,238.0
1130.0,6,243.0,5.170212765957447,7.176963846088476,0,0.0,1.0,5,108.0,0.2747606522992067,1,141.0,0.7821421838082999,0,0.0,0.9575267420664169,6,249.0
1135.0,4,167.0,3.4081632653061225,7.73780738087959,0,3.0,0.900640812732505,3,55.0,0.3654610830249254,1,143.0,0.8360016478405115,0,0.0,0.9981140321525941,4,201.0
1140.0,3,169.0,3.7555555555555555,8.36459729900606,0,0.0,0.8084412790485936,2,27.0,0.5531108718645023,1,148.0,0.8130948244999737,0,0.0,0.9260388243069866,3,175.0
1145.0,6,194.0,4.511627906976744,7.881104137486253,1,4.0,0.6460535213647277,3,42.0,0.6233980635054203,2,157.0,0.6859582346551951,0,0.0,0.933604764542038,6,203.0
1150.0,6,70.0,1.5555555555555556,7.781287143180249,1,9.0,0.0,3,57.0,0.6322321200740065,2,13.0,0.6457662499065261,0,0.0,0.9759469996698484,6,79.0
1155.0,8,70.0,1.5217391304347827,6.6311616444493025,1,14.0,0.0,3,71.0,0.3494692528895633,4,27.0,0.4645915073587849,0,0.0,0.8685719709966864,8,112.0
1160.0,7,104.0,2.2127659574468086,7.187357251954592,1,19.0,0.0,2,47.0,0.6468967515397357,4,47.0,0.5565098236728067,0,0.0,0.9835164111835746,7,113.0
1165.0,9,143.0,3.108695652173913,7.662252162295504,1,24.0,0.0,2,54.0,0.5656236765891111,6,71.0,0.4550714014798931,0,0.0,0.9151697754536099,9,149.0
1170.0,10,189.0,4.395348837209302,7.269283168506908,1,29.0,0.0,3,65.0,0.2282075065183548,6,101.0,0.43155897440042196,0,0.0,0.9616747518416138,10,195.0
1175.0,11,204.0,4.533333333333333,6.778084838648221,0,0.0,1.0,2,74.0,0.4888438877664911,8,135.0,0.26883772618457313,0,0.0,0.9693606958837145,10,209.0
1180.0,10,221.0,4.804347826086956,7.470176777695618,0,0.0,1.0,2,84.0,0.3416859648483851,8,143.0,0.2527436998549368,0,0.0,0.9747246114822852,10,227.0
1185.0,12,276.0,5.872340425531915,7.296239611068898,0,3.0,0.9448786926961948,3,98.0,0.4789133612044254,9,184.0,0.1410539665642145,0,0.0,0.983482995952915,12,285.0
1190.0,14,338.0,7.511111111111111,6.491467754883122,0,0.0,1.0,4,114.0,0.011585094082797894,10,230.0,0.07165226884522026,0,0.0,0.9403964095853983,14,344.0
1195.0,15,413.0,8.978260869565217,6.1658995343106096,0,0.0,1.0,4,134.0,0.10749908985655506,11,285.0,0.006866257923449291,0,0.0,0.9464638263843705,15,419.0
1200.0,7,216.0,4.695652173913044,6.721595421011365,0,0.0,1.0,4,154.0,0.1990631510816266,3,128.0,0.0291772277527333,0,0.0,0.9292506648659231,7,282.0
1205.0,4,174.0,3.9545454545454546,6.94396348558428,0,9.0,0.5345550037837253,4,180.0,0.41405568467934056,0,66.0,0.41551527038856867,0,0.0,0.9919043783231855,4,255.0
1210.0,7,205.0,4.555555555555555,6.917027342114771,1,8.0,0.31271891937322327,4,200.0,0.5290448113379623,0,0.0,1.0,0,0.0,0.9529073550699736,5,208.0
1215.0,11,254.0,5.521739130434782,6.6203463578393045,3,21.0,0.01862423214010417,4,220.0,0.4955382965435827,0,0.0,0.9092288555054222,0,0.0,0.952403767770802,7,241.0
1220.0,10,241.0,5.020833333333333,6.734771693749857,4,38.0,0.0032806488962627916,2,170.0,0.6544018488890992,0,0.0,0.9843426663082727,0,0.0,0.9346132998756076,6,208.0
1225.0,8,243.0,5.0625,6.2300904967682555,0,9.0,0.03700770769431233,2,180.0,0.7391116061045504,0,0.0,0.4934533490428148,0,0.0,0.959257656560536,2,189.0
1230.0,10,289.0,6.148936170212766,6.395697791070805,0,0.0,1.0,2,190.0,0.6809367670866469,1,9.0,0.5481559968949329,0,0.0,0.9800271023066994,3,199.0
1235.0,10,339.0,7.0625,6.976046426442548,0,0.0,1.0,2,197.0,0.6420707324876077,1,14.0,0.6563221187911225,0,0.0,0.9876281751071275,3,211.0
1240.0,12,395.0,7.9,6.560817732140232,0,0.0,1.0,2,204.0,0.48488172328125817,2,21.0,0.6219951568083703,0,0.0,0.94344347483247,4,225.0
1245.0,11,383.0,7.509803921568627,6.741887662250423,0,0.0,1.0,2,214.0,0.488370237368569,2,31.0,0.6932127115014272,0,0.0,0.9825510691596071,4,245.0
1250.0,10,409.0,8.18,6.728809134428587,0,0.0,1.0,2,224.0,0.4020803418587343,1,18.0,0.7768507593139793,0,0.0,0.5014681671208999,3,242.0
1255.0,8,298.0,5.96,7.332225900339823,0,0.0,1.0,2,234.0,0.47121322507328744,2,25.0,0.625285022185854,1,4.0,0.5416315655259255,5,263.0
1260.0,5,285.0,6.333333333333333,7.22543200914183,0,0.0,1.0,2,244.0,0.27399971267665424,2,32.0,0.41867043814614396,1,9.0,0.6951324019680474,5,285.0
1265.0,6,303.0,6.586956521739131,7.041761517153202,0,0.0,1.0,3,258.0,0.4147365596500722,3,45.0,0.1302627634410212,0,0.0,0.7457505281554653,6,303.0
1270.0,7,337.0,7.170212765957447,7.2519339874675826,0,0.0,1.0,3,273.0,0.5361899200040253,4,98.0,0.30351709108242203,0,0.0,0.8448007799433036,7,371.0
1275.0,9,108.0,2.297872340425532,6.612500824313672,0,0.0,1.0,1,135.0,0.4580082013847802,8,144.0,0.22798804243653453,0,0.0,0.912374322471365,9,279.0
1280.0,14,171.0,3.717391304347826,6.338539164078099,0,0.0,1.0,3,26.0,0.45279142919067333,11,198.0,0.24241333971847623,0,0.0,0.9646776188504459,14,224.0
1285.0,18,253.0,5.382978723404255,5.383488520092558,0,0.0,1.0,6,48.0,0.13690825327431788,12,258.0,0.27068813776235023,0,0.0,0.6665673571078222,18,306.0
1290.0,10,117.0,2.4893617021276597,5.216794477440221,0,0.0,1.0,5,75.0,0.15749264285001555,3,133.0,0.3806156433370127,1,5.0,0.47242447103364626,9,213.0
1295.0,7,121.0,2.574468085106383,6.470479042800247,0,6.0,0.6084447440810238,4,128.0,0.37649413041121416,3,102.0,0.4785076841507359,0,0.0,0.9673388383835584,7,236.0
1300.0,8,157.0,3.204081632653061,7.257025803793208,1,10.0,0.15676726109235986,4,148.0,0.5049799135108053,3,104.0,0.5502637906609793,0,0.0,0.9644683611550487,8,262.0
1305.0,8,195.0,4.0625,6.948052747406784,0,0.0,0.101981319572864,5,172.0,0.4842253465832606,3,122.0,0.6283251530448063,0,0.0,0.9668403754899961,8,294.0
1310.0,9,238.0,4.857142857142857,7.207930563114994,0,0.0,0.26456064587132194,6,200.0,0.4858435634840175,3,134.0,0.5521611289199598,0,0.0,0.9422193693297579,9,334.0
1315.0,8,210.0,4.117647058823529,8.060428857403142,0,0.0,1.0,6,227.0,0.47497624900168917,1,77.0,0.661117317842133,0,0.0,0.9861729529880846,7,304.0
1320.0,7,243.0,4.673076923076923,8.525044234212796,0,3.0,0.9277050440340993,6,257.0,0.4687929150253837,1,49.0,0.795022366828667,0,0.0,0.6590903834986012,7,309.0
1325.0,9,283.0,5.549019607843137,8.198702266264954,0,0.0,1.0,6,281.0,0.32143006342535285,2,38.0,0.6256298214175297,1,4.0,0.6149237224335317,9,323.0
1330.0,10,332.0,6.775510204081633,6.9336368636239385,0,0.0,1.0,7,315.0,0.23608226900385634,2,48.0,0.4440242687048273,1,9.0,0.334112827278455,10,372.0
1335.0,11,380.0,7.450980392156863,6.91897278519041,0,0.0,1.0,8,357.0,0.17860786892728883,1,47.0,0.5468495729269544,2,19.0,0.4712053270395337,11,423.0
1340.0,6,170.0,3.4693877551020407,6.374249788231949,0,3.0,0.564219355946971,4,251.0,0.3216530529647835,2,52.0,0.39093203275347965,0,9.0,0.658661370281709,6,315.0
1345.0,5,73.0,1.5208333333333333,7.683746797611924,0,0.0,0.8209165534651308,0,105.0,0.5418794848262415,3,70.0,0.41709276224566194,0,0.0,0.9471763486405981,3,175.0
1350.0,5,94.0,2.0,7.6658075593519515,0,0.0,1.0,0,12.0,0.722537686583581,3,85.0,0.4793658995757295,0,0.0,0.9747512819307778,3,97.0
1355.0,2,16.0,0.32653061224489793,8.366024726598488,0,0.0,1.0,0,8.0,0.7503131885579923,2,36.0,0.5416245991705065,0,0.0,0.977176220005755,2,44.0
1360.0,1,6.0,0.125,8.68131857405986,0,0.0,1.0,0,9.0,0.7769645194113,1,9.0,0.7288524835058053,0,0.0,0.9257592580182221,1,18.0
1365.0,5,19.0,0.3958333333333333,8.747050699126047,0,0.0,1.0,1,11.0,0.8127138484337123,3,19.0,0.6387107160757243,0,0.0,0.9617941674287951,4,30.0
1370.0,4,37.0,0.7551020408163265,8.515432974976378,0,0.0,1.0,1,16.0,0.7889893098367963,3,35.0,0.5987777088603135,0,0.0,0.9537012707830058,4,51.0
1375.0,7,46.0,0.9387755102040817,7.79556548914895,0,0.0,1.0,3,25.0,0.588150686171906,3,33.0,0.6711473603503493,0,0.0,0.9320014087811227,6,58.0
1380.0,8,76.0,1.5510204081632653,7.2083651936842355,0,0.0,1.0,5,42.0,0.36798183660308653,3,48.0,0.6475627929017863,0,0.0,0.9371013397404837,8,90.0
1385.0,11,119.0,2.4791666666666665,6.935506573467447,0,0.0,1.0,4,77.0,0.393200062712167,6,70.0,0.36230568399759594,0,0.0,0.9261100375053255,10,147.0
1390.0,11,170.0,3.3333333333333335,6.71977818778002,0,0.0,1.0,4,107.0,0.4930626621371752,7,102.0,0.23412405219722285,0,0.0,0.9651536660071094,11,209.0
1395.0,14,231.0,4.3584905660377355,6.33720647396406,0,0.0,1.0,6,120.0,0.19030972712130453,8,140.0,0.24571551001755235,0,0.0,0.9751252496659627,14,260.0
1400.0,15,302.0,5.8076923076923075,5.522494979508751,0,0.0,1.0,7,151.0,0.12115716326541388,8,180.0,0.31906141365883467,0,0.0,0.9892372122767698,15,331.0
1405.0,19,384.0,7.245283018867925,5.6272130026267995,0,0.0,1.0,7,165.0,0.1201230059581011,10,223.0,0.19826514500694298,0,0.0,0.981353235903133,17,388.0
1410.0,18,470.0,9.038461538461538,5.577996095956302,0,0.0,1.0,7,200.0,0.21211516687216223,11,278.0,0.2588001811104443,0,0.0,0.9874210210194877,18,478.0
1415.0,20,564.0,10.444444444444445,5.189699216057788,0,0.0,1.0,7,235.0,0.2083251528900811,12,334.0,0.13218122319126943,0,0.0,0.9546834792681003,19,569.0
1420.0,7,115.0,2.169811320754717,5.584663227701566,0,0.0,1.0,4,163.0,0.2442656637759097,2,150.0,0.16640573135010986,0,0.0,0.9897238940313225,6,313.0
1425.0,1,20.0,0.39215686274509803,8.07148186853673,0,3.0,0.5219143658170271,0,36.0,0.6298753220201784,1,37.0,0.4260038474639464,0,0.0,0.9343149971186525,1,76.0
1430.0,2,30.0,0.5882352941176471,8.935477753456482,0,0.0,0.9072486854937059,1,14.0,0.7545702187644313,1,28.0,0.6186010043145791,0,0.0,0.9452208077450437,2,42.0
1435.0,2,40.0,0.7843137254901961,9.117254923093485,0,0.0,0.03470304765092378,1,19.0,0.8002157145623389,1,33.0,0.7107548805923461,0,0.0,0.9798631907722357,2,52.0
1440.0,2,20.0,0.4,8.751551205564159,1,5.0,2.4536890003432423e-05,1,24.0,0.8064883222442949,0,3.0,0.937998819181702,0,0.0,0.9389540064732834,2,32.0
1445.0,1,20.0,0.4,8.94479766300201,0,3.0,0.9923397826229358,1,29.0,0.7547997663664529,0,3.0,0.965536749576749,0,0.0,0.9590095248758206,1,35.0
1450.0,2,30.0,0.5769230769230769,8.677241832588313,0,0.0,1.0,2,39.0,0.690668034865046,0,3.0,0.7603897258599286,0,0.0,0.9257178684804183,2,42.0
1455.0,3,45.0,0.9,8.286653680335066,0,0.0,1.0,2,49.0,0.6211738516538732,1,8.0,0.5717039026179437,0,0.0,0.9361100885506491,3,57.0
1460.0,1,1.0,0.02040816326530612,7.098417228736653,0,0.0,1.0,0,0.0,0.4123017586555209,0,0.0,0.5374379730605364,0,0.0,0.9342017017049619,0,0.0
1465.0,2,6.0,0.12,8.203526640952578,0,2.0,0.5972174638209667,1,7.0,0.7513388396077761,0,0.0,0.9812388803842665,0,0.0,0.9227857328881788,1,9.0
1470.0,2,13.0,0.26,8.492041038901517,1,6.0,3.446854077328616e-05,1,12.0,0.7794287520236267,0,6.0,0.7988882040191919,0,0.0,0.8459517094077413,2,24.0
1475.0,4,30.0,0.6382978723404256,7.910487589808317,1,11.0,0.0,2,19.0,0.6471861206548428,1,11.0,0.5891088370434345,0,0.0,0.7637805944738125,4,41.0
1480.0,3,29.0,0.5918367346938775,8.235879256290604,1,16.0,0.0,0,3.0,0.8004409093561833,2,21.0,0.5775651805725722,0,0.0,0.8021726242143875,3,40.0
1485.0,4,48.0,0.96,8.783755326889544,1,21.0,0.0,1,7.0,0.611610623632124,2,28.0,0.5854456841545557,0,0.0,0.820575785594599,4,56.0
1490.0,5,50.0,1.0204081632653061,8.809737543491757,0,0.0,1.0,2,17.0,0.5898177479950052,3,36.0,0.35967141634505884,0,0.0,0.8504966758411404,5,53.0
1495.0,7,77.0,1.6041666666666667,7.590806131660277,0,0.0,1.0,4,34.0,0.2739210690251817,3,51.0,0.15607635651939014,0,0.0,0.8456697310493094,7,85.0
1500.0,7,103.0,2.1914893617021276,7.640622884377896,0,0.0,1.0,4,55.0,0.4100882072816056,2,55.0,0.032775608713769666,1,3.0,0.5475880946790597,7,113.0
1505.0,9,144.0,3.272727272727273,7.149170750362475,0,3.0,0.5223818550941945,4,68.0,0.40295557689307077,2,65.0,0.0,3,14.0,0.3727005301193792,9,150.0
1510.0,7,161.0,3.577777777777778,7.5384468437219745,0,0.0,0.7785638631260072,5,89.0,0.1591033426303005,2,75.0,0.0,0,9.0,0.6576493186487196,7,173.0
1515.0,7,196.0,4.170212765957447,7.416745144037153,0,0.0,1.0,5,114.0,0.24103285517239018,2,91.0,0.3941596284769169,0,0.0,0.954259021394515,7,205.0
1520.0,7,231.0,5.021739130434782,7.045176942266182,0,0.0,1.0,5,139.0,0.2707163226278197,2,95.0,0.22605914434491434,0,0.0,0.9757214528408942,7,234.0
1525.0,7,164.0,3.6444444444444444,7.632622417048816,0,0.0,1.0,5,164.0,0.3196263180943269,1,50.0,0.34220845801281957,0,0.0,0.9457620875052668,6,214.0
1530.0,9,204.0,4.533333333333333,8.237098531132478,0,0.0,1.0,6,191.0,0.3880241462874985,2,9.0,0.48709420681935445,0,0.0,0.9929321338395056,8,200.0
1535.0,9,249.0,5.659090909090909,7.403007125911676,0,0.0,1.0,6,221.0,0.3453632421732587,2,19.0,0.3058293925600482,0,0.0,0.9551242278179903,8,240.0
1540.0,9,282.0,6.558139534883721,7.325699781868436,0,0.0,1.0,6,251.0,0.37968519928507966,2,29.0,0.2274732623149599,0,0.0,0.839743830145798,8,280.0
1545.0,11,331.0,7.195652173913044,6.854472096324703,0,0.0,1.0,6,282.0,0.3303650053841955,2,39.0,0.017764179897070964,0,0.0,0.9513893839073346,8,321.0
1550.0,12,391.0,8.145833333333334,6.424087858542855,0,0.0,1.0,7,317.0,0.34486874543642715,2,49.0,0.24954739564952114,0,0.0,0.9583989986316325,9,366.0
1555.0,16,460.0,9.019607843137255,5.07888566420013,0,0.0,1.0,8,352.0,0.2766301301153495,3,63.0,0.3538066750940024,0,0.0,0.9529396920505678,11,415.0
1560.0,15,487.0,10.361702127659575,4.947758685515855,0,0.0,1.0,9,395.0,0.3032348408618885,4,81.0,0.030842847472671575,0,0.0,0.9623054609407367,13,476.0
1565.0,12,445.0,9.46808510638298,5.360677249203699,0,0.0,1.0,10,441.0,0.24849396610871424,2,21.0,0.01881169317214722,0,0.0,0.9061663752676006,12,462.0
1570.0,13,507.0,10.346938775510203,5.974486086757925,0,0.0,1.0,11,493.0,0.2222253370784334,2,18.0,0.09444327609022111,0,0.0,0.9257917415267941,13,511.0
1575.0,14,574.0,11.958333333333334,6.4218923560186525,0,0.0,1.0,12,556.0,0.31631650305035947,2,28.0,0.31090699295479896,0,0.0,0.9391610569355742,14,584.0
1580.0,5,53.0,1.127659574468085,6.215711042046958,0,0.0,1.0,1,147.0,0.43110416787907424,2,38.0,0.4838724881226929,0,0.0,0.9098540796650836,3,185.0
1585.0,7,69.0,1.4375,6.958952623217667,0,0.0,1.0,1,23.0,0.6805463146183045,3,50.0,0.0038878817589699066,0,0.0,0.9605792358837996,4,73.0
1590.0,7,88.0,1.76,7.946108122627854,0,0.0,1.0,1,13.0,0.8151685614334646,4,76.0,0.3854649848010639,1,1.0,0.6223826764850643,6,90.0
1595.0,6,111.0,2.176470588235294,8.100199592552404,0,0.0,1.0,1,18.0,0.6856352912572738,4,96.0,0.6046221523592966,1,6.0,0.43872740808822003,6,120.0
1600.0,8,148.0,3.0833333333333335,7.81011389455715,0,0.0,1.0,2,27.0,0.6606589768739181,4,116.0,0.6065828394321198,2,14.0,0.3156056243033744,8,157.0
1605.0,7,128.0,2.5098039215686274,7.769496718508423,0,0.0,1.0,2,34.0,0.5187644035636285,3,92.0,0.6136259384164061,2,24.0,0.26443417461480145,7,150.0
1610.0,5,129.0,2.63265306122449,8.231945190216685,0,0.0,1.0,2,44.0,0.44421434229823437,3,97.0,0.7276857024526867,0,0.0,0.6962817836170985,5,141.0
1615.0,10,167.0,3.4081632653061225,7.326184641558548,0,0.0,1.0,3,59.0,0.3929043095923728,6,121.0,0.49938570799065035,0,0.0,0.937444220378866,9,180.0
1620.0,15,208.0,4.16,5.64444504995924,0,0.0,1.0,4,56.0,0.30520227742881245,10,160.0,0.1898985346999788,0,0.0,0.7662172055453179,14,216.0
1625.0,9,171.0,3.42,5.895663105889216,0,0.0,1.0,4,76.0,0.4453577457955221,4,131.0,0.21579487619656285,0,0.0,0.9591113900926088,8,207.0
1630.0,7,194.0,4.041666666666667,7.191030033133706,0,9.0,0.6019147658757621,4,105.0,0.44800463069726104,3,110.0,0.2747788244225304,0,0.0,0.9621922513942298,7,224.0
1635.0,11,237.0,4.74,6.370031891542079,3,12.0,0.2236812952354993,5,124.0,0.3650586953297405,3,125.0,0.2353053778499095,0,0.0,0.9654278335310458,11,261.0
1640.0,13,289.0,5.78,5.741816867799023,3,27.0,0.04679389408139102,6,141.0,0.38135195645107633,3,140.0,0.38043594498137534,0,0.0,0.9423189515199133,12,308.0
1645.0,15,245.0,4.803921568627451,5.57064445018595,5,45.0,0.012352834923419185,6,171.0,0.4393932873231876,1,69.0,0.5953944131502105,0,0.0,0.9442864419554472,12,285.0
1650.0,17,291.0,5.705882352941177,5.442788221543224,6,75.0,0.003931590989978232,6,201.0,0.47843056209879126,1,7.0,0.7104273230224245,0,0.0,0.9889822666699971,13,283.0
1655.0,15,294.0,5.764705882352941,5.336557292421902,2,38.0,0.016526386621745857,6,232.0,0.3555010596089049,2,14.0,0.48044286135027703,0,0.0,0.9817111335237325,10,284.0
1660.0,12,148.0,2.792452830188679,5.723378876521023,0,19.0,0.20129756793188613,4,137.0,0.34774553927010377,2,24.0,0.6448529782669096,0,0.0,0.9596709901142993,6,180.0
1665.0,9,123.0,2.2777777777777777,7.1002813910444855,0,0.0,0.5552437554722565,2,18.0,0.449044130804025,0,3.0,0.9591515589343945,0,0.0,0.935319803651268,2,21.0
1670.0,8,136.0,2.6153846153846154,7.7940581855810755,0,0.0,1.0,2,24.0,0.5715634525203024,0,3.0,0.950959937622701,0,0.0,0.9414849353364416,2,27.0
1675.0,6,78.0,1.56,7.946503020134386,0,0.0,1.0,3,34.0,0.49494276572500706,1,4.0,0.7556324481366186,0,0.0,0.9453638540425752,4,38.0
1680.0,7,108.0,2.1176470588235294,7.4926189456009125,0,0.0,1.0,4,49.0,0.42117712364246473,1,9.0,0.7326484084386485,0,0.0,0.9754786094185884,5,58.0
1685.0,8,146.0,3.3181818181818183,6.840741574101006,0,0.0,1.0,4,69.0,0.4643109653144705,1,14.0,0.6249870129326192,0,0.0,0.970670831251197,5,83.0
1690.0,9,120.0,3.0,6.129596828979206,0,0.0,1.0,4,89.0,0.41352143284145104,4,29.0,0.4152385128579711,0,0.0,0.9884982918223979,8,118.0
1695.0,8,152.0,3.707317073170732,6.156010716743605,0,0.0,1.0,4,106.0,0.33671606839654666,4,49.0,0.23395834923354006,0,0.0,0.9649410195972419,8,155.0
1700.0,10,200.0,5.0,5.995245626415563,0,0.0,1.0,4,126.0,0.28173846269064035,6,77.0,0.18043209038907473,0,0.0,0.9541265954108202,10,203.0
1705.0,9,193.0,4.7073170731707314,6.0551737557566145,0,0.0,1.0,6,154.0,0.2697516994273283,3,67.0,0.02300702816797859,0,0.0,0.9422605241316169,9,221.0
1710.0,8,221.0,5.261904761904762,6.721700626530041,0,3.0,0.8322372171735801,7,190.0,0.22447707482823692,1,47.0,0.5317722736205532,0,0.0,0.9775743665134027,8,240.0
1715.0,9,262.0,6.093023255813954,6.972336561754218,0,0.0,1.0,7,225.0,0.3046633747195107,1,41.0,0.6518757407964606,0,0.0,0.9615499057253712,8,266.0
1720.0,1,46.0,1.0454545454545454,7.8622292978366515,0,0.0,1.0,0,32.0,0.6693829164469847,1,46.0,0.6398518515239536,0,0.0,0.9158347885491264,1,78.0
1725.0,0,0.0,0.0,8.311410113167046,0,0.0,1.0,0,3.0,0.77555032249401,0,0.0,0.9134466398167097,0,0.0,0.9282780431749744,0,3.0
1730.0,2,7.0,0.16279069767441862,8.27234948171626,0,0.0,1.0,1,8.0,0.7647159292732769,1,10.0,0.7791913250443906,0,0.0,0.9575793852590702,2,18.0
1735.0,2,17.0,0.38636363636363635,8.562220654350035,0,0.0,1.0,1,13.0,0.8297919650856826,1,15.0,0.8161646249818412,0,0.0,0.9529140586422233,2,28.0
1740.0,2,27.0,0.6,8.242103968731515,0,0.0,1.0,1,18.0,0.5948207220251964,1,20.0,0.7777333666287418,0,0.0,0.9685542689052488,2,38.0
1745.0,3,6.0,0.13333333333333333,8.057134542269429,0,0.0,1.0,1,5.0,0.34540288897990695,2,12.0,0.5953661633923192,0,0.0,0.9659696133653909,3,17.0
1750.0,5,27.0,0.6,8.172704886941576,0,0.0,1.0,1,7.0,0.33619871272513807,3,27.0,0.6520733582672287,0,0.0,0.9806676883614531,4,34.0
1755.0,7,58.0,1.3181818181818181,7.448394652357413,0,0.0,1.0,2,10.0,0.32520333407066854,4,43.0,0.4602170134834637,0,0.0,0.9803172016983616,6,53.0
1760.0,9,97.0,2.255813953488372,6.357790648130902,0,0.0,1.0,2,20.0,0.3118292344629149,5,94.0,0.24196888103952624,0,0.0,0.9783610645350507,7,114.0
1765.0,2,22.0,0.4782608695652174,6.222766505958137,0,0.0,1.0,0,0.0,0.9521797804538457,0,6.0,0.2643475685968598,0,0.0,0.9836260230578557,0,6.0
1770.0,5,38.0,0.9047619047619048,5.94713250392087,0,6.0,0.806136144310122,0,0.0,0.9864827279839595,0,0.0,0.41517199541799615,0,0.0,0.9783957154880204,0,6.0
1775.0,6,48.0,1.1428571428571428,6.335590039753778,0,3.0,0.4573902617984646,0,6.0,0.8887699775919953,0,3.0,0.8740167692790131,1,1.0,0.4638309669790363,1,13.0
1780.0,3,10.0,0.23255813953488372,6.468884652025855,3,13.0,0.03726289648460734,0,6.0,0.96440687559401,0,3.0,0.9476720252915621,0,0.0,0.9478975320351715,3,22.0
1785.0,5,28.0,0.5957446808510638,7.0086488591226965,4,30.0,0.00590454268210346,0,3.0,0.9435806022683685,0,6.0,0.8530928202037035,0,0.0,0.9441291754493558,4,39.0
1790.0,6,53.0,1.1777777777777778,7.210357587252501,5,55.0,0.0008818122604442085,0,3.0,0.9653079065786992,0,3.0,0.9732039469888129,0,0.0,0.9335370992194486,5,61.0
1795.0,0,0.0,0.0,7.228447657857148,0,20.0,0.014471759014399413,0,6.0,0.9050067059990686,0,3.0,0.9223715619075425,0,0.0,0.9491028582813943,0,29.0
1800.0,1,4.0,0.08333333333333333,8.065808560789693,0,0.0,1.0,0,3.0,0.9519845572709452,1,7.0,0.6525273047092801,0,0.0,0.9752405299720699,1,10.0
1805.0,2,11.0,0.22,8.376450773103016,0,0.0,1.0,0,3.0,0.7373588102512617,2,14.0,0.3969075970628582,0,0.0,0.9663512356958437,2,17.0
1810.0,6,36.0,0.7058823529411765,8.130451614046464,0,0.0,1.0,1,4.0,0.6851232053153187,3,34.0,0.4829738971724386,0,0.0,0.9789623144718892,4,38.0
1815.0,2,11.0,0.23404255319148937,7.583570103278659,0,0.0,1.0,1,9.0,0.7215173667393768,1,10.0,0.39854767416687686,0,0.0,0.9478360389770039,2,19.0
1820.0,4,25.0,0.49019607843137253,8.062235592249472,0,3.0,0.6679506333568125,1,16.0,0.6344713317705079,2,15.0,0.3160673331719467,0,0.0,0.9699016847226679,3,34.0
1825.0,3,39.0,0.78,8.71672851769876,0,0.0,0.8123370544152633,1,39.0,0.6545675472893854,2,25.0,0.5868210488659251,0,0.0,0.9010081547725053,3,64.0
1830.0,5,62.0,1.3478260869565217,8.448910109732743,0,0.0,0.9697744213025107,2,49.0,0.6654816266579615,2,35.0,0.5084124773690645,1,3.0,0.47757971773270613,5,87.0
1835.0,7,91.0,2.116279069767442,7.336856300418135,0,0.0,1.0,3,61.0,0.5482600456224579,3,47.0,0.35322072970490237,1,8.0,0.469097971358523,7,116.0
1840.0,8,130.0,2.8260869565217392,6.785114550238208,0,0.0,1.0,3,74.0,0.43722380900677765,4,66.0,0.1990541704726973,1,13.0,0.6461025412185329,8,153.0
1845.0,4,81.0,1.7234042553191489,7.391143523978446,0,0.0,1.0,0,32.0,0.6524984967508412,4,86.0,0.318227199699543,0,0.0,0.9818790568883555,4,118.0
1850.0,4,101.0,2.1956521739130435,7.498191122984549,0,0.0,1.0,0,0.0,0.7957788063966359,4,109.0,0.24262494622039688,0,0.0,0.9690485292932388,4,109.0
1855.0,8,60.0,1.3636363636363635,7.358008866404358,0,0.0,1.0,2,6.0,0.633769699212334,6,97.0,0.22182086770122925,0,0.0,0.9127927875021925,8,103.0
1860.0,6,43.0,1.0,7.572804944999272,0,0.0,1.0,3,18.0,0.448956111848049,3,56.0,0.3755056998277341,0,0.0,0.992988071497446,6,74.0
1865.0,6,73.0,1.7380952380952381,7.426551745819289,0,0.0,0.9048880437776181,3,33.0,0.5135734606569688,3,37.0,0.3308571292513401,0,0.0,0.9439481384121056,6,70.0
1870.0,9,114.0,2.6511627906976742,6.027083172726666,0,0.0,1.0,4,50.0,0.39978383007099244,3,52.0,0.15676418934178202,0,0.0,0.9780740491724442,7,102.0
1875.0,11,162.0,3.6818181818181817,5.73907173225871,0,0.0,1.0,4,72.0,0.3566486733692557,5,77.0,0.14873492421226486,0,0.0,0.9334798628470141,9,149.0
1880.0,5,94.0,2.1363636363636362,6.930455209840607,0,0.0,1.0,5,96.0,0.49629924617486326,0,12.0,0.16795051620871607,0,0.0,0.9571387669929645,5,108.0
1885.0,8,130.0,3.0232558139534884,6.533637873179419,0,6.0,0.5477351969747202,6,126.0,0.3752723381444593,0,0.0,1.0,0,0.0,0.9374173074761938,6,132.0
1890.0,2,11.0,0.2682926829268293,7.433071526460241,0,0.0,1.0,2,40.0,0.5999028953461722,0,0.0,1.0,0,0.0,0.9732574861899038,2,40.0
1895.0,3,22.0,0.5,7.768128627136423,0,0.0,1.0,2,29.0,0.6670706424641819,0,0.0,1.0,0,0.0,0.9740218227778993,2,29.0
1900.0,4,41.0,0.9534883720930233,9.018695404390321,0,0.0,1.0,2,39.0,0.6829967538097405,0,6.0,0.9069316980302453,0,0.0,0.9817632581484214,2,45.0
1905.0,4,61.0,1.4523809523809523,8.297980956153937,0,0.0,1.0,2,49.0,0.7098644586859306,0,6.0,0.9521434829240958,0,0.0,0.9460668177275303,2,55.0
1910.0,2,30.0,0.6976744186046512,9.085135618489824,0,0.0,1.0,0,31.0,0.7522942735108274,0,6.0,0.953965907089795,0,0.0,0.9897643913923293,0,37.0
1915.0,4,43.0,1.0238095238095237,8.904796772281001,0,0.0,1.0,1,8.0,0.7898067506912458,1,7.0,0.7323157872293731,0,0.0,0.9707119155320453,2,15.0
1920.0,7,66.0,1.5714285714285714,7.940622655600087,0,0.0,1.0,4,16.0,0.4127980401678874,1,15.0,0.6960077944840078,0,0.0,0.9641503385776949,5,31.0
1925.0,9,98.0,2.5128205128205128,6.596717116328273,0,0.0,1.0,4,36.0,0.3538010879407813,1,13.0,0.5725775847179762,0,0.0,0.9581600683440968,5,49.0
1930.0,3,18.0,0.42857142857142855,6.688863431446089,0,0.0,1.0,0,0.0,0.4035534466040238,3,27.0,0.6084851577128669,0,0.0,0.9383522437318053,3,27.0
1935.0,4,36.0,0.8780487804878049,7.661043512554587,0,0.0,1.0,0,0.0,0.8696832663616876,3,33.0,0.5888070288377892,0,0.0,0.9829470084166033,3,33.0
1940.0,5,53.0,1.2619047619047619,7.267228775134591,0,0.0,1.0,1,1.0,0.6078678586304651,4,55.0,0.5689462113076523,0,0.0,0.9943172387878222,5,56.0
1945.0,3,10.0,0.23809523809523808,6.881147077452355,0,0.0,1.0,2,42.0,0.5674756704251017,0,8.0,0.5753091133684276,0,0.0,0.9662989189748774,2,50.0
1950.0,3,20.0,0.47619047619047616,7.597115933819985,0,3.0,0.5694655045114352,2,55.0,0.5183610919303362,1,17.0,0.7093673994446128,0,0.0,0.932431579032958,3,75.0
1955.0,4,39.0,0.9285714285714286,8.04516056488741,0,0.0,0.7953160210937454,3,72.0,0.5214836437349466,1,10.0,0.7654735598964357,0,0.0,0.9772715764659832,4,82.0
1960.0,5,62.0,1.55,7.679145635840558,0,0.0,1.0,4,90.0,0.4796135588513839,1,15.0,0.7394780012863256,0,0.0,0.9537278208401196,5,105.0
1965.0,7,93.0,2.1627906976744184,6.863854307642282,0,0.0,1.0,4,110.0,0.5649141730344892,2,21.0,0.26279625485958885,0,0.0,0.9528002488165205,6,131.0
1970.0,6,61.0,1.4186046511627908,6.81506092197,0,0.0,1.0,1,71.0,0.7003956204680392,3,36.0,0.3375946899076236,0,0.0,0.9641690933517992,4,107.0
1975.0,8,82.0,1.9069767441860466,7.2204231740789675,0,0.0,1.0,0,6.0,0.8642746015831001,5,55.0,0.3584660887917618,0,0.0,0.9403508762982962,5,61.0
1980.0,11,125.0,3.125,6.269691358957225,0,0.0,1.0,1,7.0,0.5919704805867845,6,81.0,0.20591278265993151,0,0.0,0.9822750480981906,7,88.0
1985.0,11,117.0,2.7857142857142856,5.493599600893769,0,0.0,1.0,3,15.0,0.4976681075820625,3,52.0,0.16982382877090063,0,0.0,0.947425868663787,6,67.0
1990.0,15,158.0,4.157894736842105,5.094661021727323,0,0.0,1.0,4,35.0,0.39776177116703043,5,73.0,0.16172492467019223,1,2.0,0.4864951375309795,10,110.0
1995.0,15,189.0,5.108108108108108,5.362395993500326,0,0.0,1.0,4,63.0,0.46943721238218633,5,98.0,0.1600512596492836,1,7.0,0.48569416565163487,10,168.0
2000.0,10,177.0,4.425,4.688102399830247,0,0.0,1.0,5,73.0,0.19938543870409978,5,123.0,0.037969316487350004,0,0.0,0.9272115690345846,10,196.0
2005.0,9,102.0,2.6153846153846154,4.666530584758777,0,0.0,1.0,8,107.0,0.07475746534301057,0,28.0,0.4107554772874862,0,0.0,0.9836430237096715,8,135.0
2010.0,10,146.0,3.65,5.813089560396417,0,6.0,0.5372004238257678,9,151.0,0.17450744463024576,0,0.0,0.9403738826459516,0,0.0,0.9605176097827729,9,157.0
2015.0,4,50.0,1.2195121951219512,6.936428444836709,0,0.0,0.7771809563084652,4,53.0,0.4726363263854121,0,17.0,0.9410952359917466,0,0.0,0.9487401826685826,4,70.0
2020.0,5,72.0,1.6363636363636365,7.0748767777278365,0,0.0,1.0,4,74.0,0.5551888212060062,1,19.0,0.008508966080716626,0,0.0,0.9657835608692111,5,93.0
2025.0,6,96.0,2.1333333333333333,7.594978770178004,0,0.0,1.0,4,94.0,0.5402236994677421,1,28.0,0.6997862238044487,0,0.0,0.9697228483612198,5,122.0
2030.0,6,121.0,2.630434782608696,8.074453604119963,0,0.0,1.0,4,114.0,0.563631805158389,2,34.0,0.5768238928607938,0,0.0,0.9119392889367093,6,148.0
2035.0,7,155.0,3.1,8.475574779924786,0,0.0,1.0,5,138.0,0.5488523930274412,2,44.0,0.579307441075434,0,0.0,0.9604758805642982,7,182.0
2040.0,10,193.0,4.1063829787234045,6.9370107833858325,0,0.0,1.0,8,189.0,0.18775837766224504,2,51.0,0.5833111929533408,0,0.0,0.9834776912189992,10,240.0
2045.0,12,240.0,5.333333333333333,6.173146241291362,0,0.0,1.0,11,242.0,0.1690109166623696,1,46.0,0.5912666490159558,0,0.0,0.9187973523023452,12,288.0
2050.0,13,302.0,6.565217391304348,6.394084037140712,0,0.0,0.966322352244827,12,302.0,0.1629572118359499,1,50.0,0.713944457595494,0,0.0,0.9648344461875697,13,352.0
2055.0,11,163.0,3.326530612244898,6.101545500180313,0,0.0,1.0,9,255.0,0.18042041161869296,2,53.0,0.564701478122279,0,0.0,0.9476215543030502,11,308.0
2060.0,8,120.0,2.4489795918367347,7.346532972410222,0,0.0,1.0,5,146.0,0.3529969938418815,3,68.0,0.41278910436285404,0,0.0,0.9743134285413417,8,214.0
2065.0,11,166.0,3.2549019607843137,7.7817109654272665,0,0.0,0.9059107724070355,5,105.0,0.36756498079140265,6,92.0,0.1336096794099661,0,0.0,0.9559172000548591,11,197.0
2070.0,11,221.0,4.333333333333333,7.269013055975831,0,0.0,0.009496883286191296,5,130.0,0.35638182447605554,6,122.0,0.2201645645887421,0,0.0,0.9775568033948739,11,252.0
2075.0,8,134.0,2.68,7.092526380184888,1,5.0,0.0,0,27.0,0.7571139174375947,6,152.0,0.2263881985121613,0,0.0,0.9756003748382709,7,184.0
2080.0,7,168.0,3.2941176470588234,7.386300299685404,1,10.0,0.0,0,0.0,0.6659153736034579,6,182.0,0.3020974495582215,0,0.0,0.9463004866839775,7,192.0
2085.0,9,207.0,4.14,7.420506427067114,1,15.0,0.0,1,3.0,0.6381328834767034,7,219.0,0.32295986349830075,0,0.0,0.9961442244867337,9,237.0
2090.0,7,219.0,4.38,7.711730466096565,1,20.0,0.0,1,8.0,0.6472863924533954,5,221.0,0.4777624317700357,0,0.0,0.9439078343883642,7,249.0
2095.0,8,255.0,5.0,7.374570168018124,1,25.0,0.0,2,20.0,0.47661379177054997,5,246.0,0.4710612534279803,0,0.0,0.9800242328459486,8,291.0
2100.0,8,295.0,6.020408163265306,8.121762673685264,1,30.0,0.0,2,30.0,0.6284843200500779,5,268.0,0.4763357044335055,0,0.0,0.9893814737061188,8,328.0
2105.0,8,335.0,7.127659574468085,7.6884674379627995,1,35.0,0.4900932265773354,2,40.0,0.6245494898984557,5,290.0,0.42873094965052627,0,0.0,0.9365196906600405,8,365.0
2110.0,9,339.0,7.0625,7.119443632748229,0,0.0,0.35902728160307734,4,54.0,0.4326888797725397,5,315.0,0.3601927786566774,0,0.0,0.8753812058857805,9,369.0
2115.0,10,389.0,7.938775510204081,6.630763678829003,0,0.0,0.9780003454409767,5,79.0,0.43144793202511694,5,337.0,0.2797839621934446,0,0.0,0.8184057675730694,10,416.0
2120.0,10,439.0,8.78,6.994505186547856,0,0.0,0.9992406147067483,5,104.0,0.4724256254225249,5,362.0,0.16361761542502193,0,0.0,0.9926408721611385,10,466.0
2125.0,9,398.0,7.803921568627451,6.5537085923474265,0,0.0,1.0,4,55.0,0.377463164370822,5,388.0,0.2203974072378203,0,0.0,0.9829317280911133,9,443.0
2130.0,10,424.0,8.153846153846153,6.780802559027526,0,0.0,1.0,4,36.0,0.31407829844872764,6,417.0,0.13953426168704286,0,0.0,0.9227902512350965,10,453.0
2135.0,13,484.0,9.132075471698114,7.1277084016983885,0,0.0,1.0,4,55.0,0.27772514861925374,9,460.0,0.28459839320958863,0,0.0,0.9939462368056473,13,515.0
2140.0,13,346.0,6.653846153846154,7.060645927568202,0,0.0,1.0,5,77.0,0.1611727856379919,8,368.0,0.2932033325297156,0,0.0,0.9636752228464294,13,445.0
2145.0,9,142.0,2.730769230769231,7.733774583496232,0,0.0,1.0,5,102.0,0.23638065403403674,4,228.0,0.4722634672201686,0,0.0,0.9594142156376035,9,330.0
2150.0,10,188.0,4.0,7.312817591072855,0,0.0,1.0,5,137.0,0.34160315809416886,5,88.0,0.514128632502338,0,0.0,0.9690206077971791,10,225.0
2155.0,11,240.0,5.333333333333333,7.316742663740722,0,0.0,1.0,5,152.0,0.3235540693990013,6,98.0,0.3307399181582347,0,0.0,0.994319209429475,11,250.0
2160.0,13,301.0,6.840909090909091,6.734236203374585,0,0.0,1.0,6,179.0,0.2450716303665962,7,132.0,0.37724877706075755,0,0.0,0.9355742581278511,13,311.0
2165.0,6,139.0,3.159090909090909,6.442279821237658,0,0.0,1.0,0,32.0,0.5594890004599588,6,148.0,0.12396367069322355,0,0.0,0.9446850624828964,6,180.0
2170.0,7,174.0,4.046511627906977,6.609040521841133,0,0.0,1.0,0,0.0,0.9326514194595121,7,175.0,0.0445996721066472,0,0.0,0.9732151946283031,7,175.0
2175.0,8,214.0,4.863636363636363,7.007685099151458,0,0.0,1.0,0,0.0,0.9713896762207462,8,221.0,0.23678838635849864,0,0.0,0.937892230097201,8,221.0
2180.0,8,254.0,5.521739130434782,7.324691441614611,0,0.0,1.0,0,0.0,0.9378013742318753,8,261.0,0.319881522018588,0,0.0,0.9548618360918957,8,261.0
2185.0,2,23.0,0.48936170212765956,7.59830334343199,0,0.0,1.0,0,0.0,0.9621980157628229,2,97.0,0.5061782169939207,0,0.0,0.9499878427874963,2,97.0
2190.0,3,35.0,0.7142857142857143,7.945331400948306,0,3.0,0.5553070973363224,0,9.0,0.7438405923494016,3,41.0,0.5746260634980875,0,0.0,0.98531571552528,3,53.0
2195.0,5,56.0,1.2444444444444445,7.879938919066086,1,9.0,0.00632597413371384,0,9.0,0.8886009828768477,4,59.0,0.5797759140214847,0,0.0,0.9648181720945076,5,77.0
2200.0,6,86.0,1.8297872340425532,8.140596787853541,2,19.0,0.0,0,9.0,0.8431205677433085,4,73.0,0.4889555622973885,0,0.0,0.9475103322036659,6,101.0
2205.0,6,35.0,0.7608695652173914,6.988721228338839,0,0.0,0.24375750059971144,0,3.0,0.9493768213375264,3,52.0,0.37116030334992267,1,1.0,0.6221532363227114,4,56.0
2210.0,6,32.0,0.6956521739130435,7.546361605765545,0,0.0,1.0,0,6.0,0.909235725901564,3,27.0,0.22486981366246825,1,6.0,0.6045542954910367,4,39.0
2215.0,7,66.0,1.346938775510204,7.8129061412402265,0,0.0,0.9506003527777703,0,6.0,0.9291178797290052,4,34.0,0.2894830000215345,1,11.0,0.6731309995975108,5,51.0
2220.0,6,70.0,1.3725490196078431,7.625428284903351,0,0.0,1.0,1,7.0,0.8119780117113619,4,54.0,0.28065229631957633,0,0.0,0.9271919353304844,5,61.0
2225.0,7,79.0,1.5192307692307692,7.4259164651793235,0,0.0,1.0,2,10.0,0.5558878665957913,5,81.0,0.2863651345571003,0,0.0,0.9430439110532262,7,91.0
2230.0,7,75.0,1.4705882352941178,7.46228626576715,0,0.0,1.0,2,20.0,0.5429264116289626,5,85.0,0.25276503924260985,0,0.0,0.9380064694495844,7,105.0
2235.0,9,113.0,2.306122448979592,7.446660727795855,0,0.0,1.0,3,29.0,0.3719674806849051,5,92.0,0.389949381816075,0,0.0,0.9766317445569367,8,121.0
2240.0,12,166.0,3.4583333333333335,6.587447993579665,0,0.0,1.0,4,48.0,0.37763275850760436,6,116.0,0.2612540899250158,0,0.0,0.9563375702403416,10,164.0
2245.0,14,223.0,4.645833333333333,5.749097946378885,0,0.0,1.0,4,68.0,0.35006901631641796,9,154.0,0.1578671747816172,0,0.0,0.9737565807480123,13,222.0
2250.0,3,21.0,0.44680851063829785,5.418993771081155,0,0.0,1.0,0,16.0,0.7507072443559295,2,45.0,0.13269715594020365,0,0.0,0.4841898251228325,2,61.0
2255.0,4,24.0,0.48,6.50753100236166,0,6.0,0.6836246236499826,0,3.0,0.7773244787782251,3,20.0,0.09351158658007054,1,4.0,0.6549284027090114,4,33.0
2260.0,6,48.0,0.9795918367346939,7.5097688035797345,0,0.0,0.7618301650074231,1,11.0,0.7553013313979458,3,38.0,0.4326594307749075,2,11.0,0.32023138690867686,6,60.0
2265.0,6,78.0,1.5918367346938775,7.48518746392494,0,0.0,1.0,1,16.0,0.8151502250490187,3,53.0,0.32140300798005156,2,21.0,0.3152013463386161,6,90.0
2270.0,7,85.0,1.6346153846153846,7.592373063344746,0,0.0,1.0,1,21.0,0.8033123365854541,4,73.0,0.3870230748163331,0,0.0,0.9284963659752086,5,94.0
2275.0,8,123.0,2.46,7.709190493839877,0,0.0,1.0,1,23.0,0.8379490698350098,5,102.0,0.41945882460480527,0,0.0,0.999076241988093,6,125.0
2280.0,11,158.0,3.3617021276595747,6.74949143258075,0,0.0,1.0,2,29.0,0.6252243041874046,7,132.0,0.27115210449671895,0,0.0,0.9619750106135395,9,161.0
2285.0,14,223.0,4.955555555555556,5.8652887774767475,0,0.0,1.0,4,41.0,0.44876986187536655,8,172.0,0.17818049986972434,0,0.0,0.9679424628033837,12,213.0
2290.0,13,172.0,3.739130434782609,4.779448289874336,0,0.0,1.0,5,66.0,0.2094721883922163,7,155.0,0.2184932257749258,0,0.0,0.9559048341412272,12,221.0
2295.0,11,152.0,3.3777777777777778,5.092906615630539,0,0.0,1.0,3,58.0,0.21309815629100562,6,116.0,0.2575751360403057,0,0.0,0.9961000988651139,9,174.0
2300.0,13,213.0,5.071428571428571,5.5620661504708035,0,0.0,1.0,3,72.0,0.23593520608821011,6,127.0,0.23558078039442032,0,0.0,0.962651815040367,9,199.0
2305.0,14,279.0,6.488372093023256,5.972873311070549,0,0.0,1.0,3,87.0,0.386317137998199,6,160.0,0.2765407884904555,0,0.0,0.955684444966818,9,247.0
2310.0,10,228.0,5.181818181818182,5.932310667133707,0,0.0,1.0,3,102.0,0.2489753520368426,1,61.0,0.4575012051885685,0,0.0,0.9327264769008682,4,163.0
2315.0,12,286.0,6.355555555555555,6.235690640883769,0,6.0,0.593226789747765,3,120.0,0.3139171077717814,2,69.0,0.5713068243615407,0,0.0,0.9731745426465601,5,195.0
2320.0,11,306.0,6.954545454545454,6.550467605448284,0,0.0,0.7813118728754115,3,141.0,0.5509022423565878,2,79.0,0.4807312138445249,0,0.0,0.9841824820797278,5,220.0
2325.0,11,336.0,7.636363636363637,6.910777351038914,0,0.0,1.0,3,156.0,0.5987124898927466,2,89.0,0.4772317564388123,0,0.0,0.9644680361995501,5,245.0
2330.0,6,266.0,5.782608695652174,6.773434261647464,0,0.0,1.0,3,190.0,0.6023816261791856,2,99.0,0.4000361420237345,0,0.0,0.9798600134175274,5,289.0
2335.0,7,290.0,6.304347826086956,7.126029914370952,0,0.0,1.0,3,205.0,0.6389350124301225,4,116.0,0.390214919584723,0,0.0,0.9638978128106455,7,321.0
2340.0,8,326.0,7.2444444444444445,6.794007741646952,0,0.0,1.0,4,199.0,0.5109799589270687,4,174.0,0.4431530180521431,0,0.0,0.9313070242051736,8,373.0
2345.0,9,370.0,8.604651162790697,6.108198141416958,0,0.0,1.0,4,219.0,0.3297297043902133,5,189.0,0.4127291434249832,0,0.0,0.9314257612750989,9,408.0
2350.0,17,441.0,10.255813953488373,4.453049990060858,0,0.0,1.0,9,256.0,0.0967526038203187,8,244.0,0.08873917770185001,0,0.0,0.9485440123044053,17,500.0
2355.0,17,526.0,11.954545454545455,4.825421662067952,0,2.0,0.9436945815350252,9,301.0,0.09600747269664088,8,234.0,0.10245283904670639,0,0.0,0.971856392566981,17,537.0
2360.0,20,614.0,13.347826086956522,5.169740215567165,1,3.0,0.006289229779974657,10,347.0,0.21188141733487262,9,275.0,0.0014633252055627286,0,0.0,0.9819964904394101,20,625.0
2365.0,17,637.0,14.155555555555555,4.758372448311288,1,8.0,1.8386416992457606e-05,5,310.0,0.3243271400810571,10,323.0,0.08811244837165395,0,0.0,0.926572100998938,16,641.0
2370.0,17,712.0,15.478260869565217,5.616097745009834,0,0.0,1.0,6,336.0,0.27822371978914956,10,373.0,0.14810034353435556,0,0.0,0.9221722199204515,16,709.0
2375.0,12,617.0,13.127659574468085,6.150904563629408,0,0.0,1.0,7,370.0,0.2860062787200658,4,276.0,0.31399253248107073,0,0.0,0.9610118830931376,11,646.0
2380.0,11,668.0,13.36,6.800050166281117,0,3.0,0.5703389425264113,7,408.0,0.3612895841954923,4,269.0,0.29835045493709245,0,0.0,0.9681157046328206,11,680.0
2385.0,9,357.0,7.0,7.3168449529216835,0,0.0,0.757539881985709,4,216.0,0.39243503999220314,5,291.0,0.2795214342272755,0,0.0,0.960076677516656,9,507.0
2390.0,8,337.0,6.74,8.537576717815073,1,1.0,0.004921528237313016,2,39.0,0.5686892945770947,5,313.0,0.35155294904949863,0,0.0,0.9517760563263338,8,353.0
2395.0,7,153.0,3.1875,8.10926683292326,1,6.0,0.0,2,39.0,0.7250341751740061,4,200.0,0.34627801238906447,0,0.0,0.9582312733342615,7,245.0
2400.0,6,69.0,1.5,7.907728591475157,1,11.0,0.0,2,49.0,0.6185257464565765,3,77.0,0.4487117092839368,0,0.0,0.9259703622154871,6,137.0
2405.0,8,105.0,2.3333333333333335,7.557019554395921,1,16.0,0.0,3,64.0,0.6089891206041547,4,31.0,0.3654977363643185,0,0.0,0.9315846366532672,8,111.0
2410.0,12,143.0,3.1777777777777776,7.101324577878919,0,0.0,1.0,5,88.0,0.4665174902564974,7,61.0,0.2776919982510578,0,0.0,0.9381965963150736,12,149.0
2415.0,15,212.0,4.416666666666667,6.294263593674468,0,0.0,1.0,7,118.0,0.24868815214947512,7,96.0,0.28140528715069346,0,0.0,0.9415739050662295,14,214.0
2420.0,13,209.0,4.354166666666667,5.580234043394611,0,0.0,1.0,2,70.0,0.4313857069761616,7,131.0,0.34177629572307305,0,0.0,0.9830841644828731,9,201.0
2425.0,13,274.0,5.708333333333333,5.3789479926976185,0,0.0,1.0,2,76.0,0.4625426467086936,7,166.0,0.189845467654384,0,0.0,0.9403974286810312,9,242.0
2430.0,15,349.0,7.7555555555555555,5.6583325582612405,0,0.0,1.0,2,86.0,0.473878529274686,8,215.0,0.2696618290629657,0,0.0,0.9630016383042035,10,301.0
2435.0,14,348.0,7.1020408163265305,5.945312501083606,0,0.0,1.0,2,96.0,0.48435641780103283,7,216.0,0.2703588109695534,0,0.0,0.9416684948404636,9,312.0
2440.0,15,401.0,8.02,5.755193405908389,0,0.0,1.0,3,107.0,0.24652422220428696,7,214.0,0.2680539155630097,0,0.0,0.9417521483385811,10,321.0
2445.0,14,428.0,8.916666666666666,6.098877830307113,0,0.0,1.0,3,122.0,0.2468071967997957,8,251.0,0.2630794021651624,0,0.0,0.5028126723510922,11,373.0
2450.0,15,503.0,10.934782608695652,5.36240879973835,0,0.0,1.0,3,137.0,0.14432366426549437,8,294.0,0.24773576818531715,1,5.0,0.6247249268023526,12,436.0
2455.0,6,212.0,4.608695652173913,5.475942813363047,0,0.0,1.0,4,156.0,0.11996684836088087,1,123.0,0.3012076460716944,1,10.0,0.4956423004840352,6,289.0
2460.0,4,176.0,3.911111111111111,6.4776639942242165,0,6.0,0.4671087159121976,4,179.0,0.26041692208494144,0,50.0,0.4613485683883996,0,0.0,0.9672617055254824,4,235.0
2465.0,4,160.0,3.404255319148936,6.797936113705916,2,10.0,0.12472869951504532,2,168.0,0.6725169486539413,0,0.0,0.8564012244212684,0,0.0,0.9394896791001515,4,178.0
2470.0,2,166.0,3.32,7.220101110155401,0,2.0,0.05703518761177481,2,175.0,0.7460337007193902,0,0.0,0.4726645074021702,0,0.0,0.6793706361562668,2,177.0
2475.0,5,185.0,3.627450980392157,7.323790620855523,0,0.0,1.0,3,186.0,0.6068563239922339,1,11.0,0.7592664869286698,1,3.0,0.48189704644417747,5,200.0
2480.0,8,221.0,4.25,7.269971827845666,0,0.0,1.0,3,201.0,0.6114167742007437,1,16.0,0.6317574575810708,1,8.0,0.4663540176963534,5,225.0
2485.0,8,244.0,4.60377358490566,7.308083686930635,0,0.0,1.0,3,216.0,0.6072233351509886,3,28.0,0.4702040458234881,1,13.0,0.6346951683826164,7,257.0
2490.0,6,259.0,4.796296296296297,7.639712200760014,0,0.0,1.0,3,222.0,0.38360589255863575,3,43.0,0.5414219338979108,0,0.0,0.9505857467115542,6,265.0
2495.0,7,290.0,5.37037037037037,7.147229503088177,0,0.0,1.0,3,238.0,0.3736670046266157,3,61.0,0.5351136619968382,0,0.0,0.9612108817075449,6,299.0
2500.0,7,302.0,5.69811320754717,7.584280488789228,0,0.0,1.0,2,227.0,0.6656511096591735,3,67.0,0.38724266732491075,0,0.0,0.97198474710179,5,294.0
2505.0,6,327.0,6.169811320754717,7.924058309791444,0,0.0,0.3001212205716471,2,281.0,0.6276314383938932,3,82.0,0.3784237993160849,0,0.0,0.9344558112099455,5,363.0
2510.0,7,348.0,6.566037735849057,7.9606391025553265,0,0.0,0.9649212442860424,3,272.0,0.6029915035591464,3,97.0,0.39279810117905417,0,0.0,0.9631977536799714,6,369.0
2515.0,5,303.0,6.06,8.336039802598961,0,0.0,0.8842556165428579,3,265.0,0.6126572988497165,1,66.0,0.3282511512019363,0,0.0,0.9254502618726319,4,331.0
2520.0,5,292.0,5.84,8.61947294379143,0,3.0,0.9913930641887923,3,280.0,0.6386293784150713,0,0.0,1.0,0,0.0,0.9579940719333944,3,283.0
2525.0,7,320.0,6.037735849056604,7.561496116939412,0,0.0,1.0,5,298.0,0.4215784493554333,0,0.0,1.0,0,0.0,0.968626216431761,5,298.0
2530.0,7,332.0,6.509803921568627,7.281161374887077,0,0.0,1.0,7,332.0,0.4371878638575547,0,0.0,1.0,0,0.0,0.5081731700978394,7,332.0
2535.0,8,371.0,7.2745098039215685,7.169038849357749,0,0.0,1.0,7,367.0,0.4275106036660577,0,0.0,1.0,1,4.0,0.48376205001533074,8,371.0
2540.0,7,402.0,7.730769230769231,6.733037965191878,0,0.0,1.0,7,402.0,0.2215107286185312,0,0.0,0.9775146256025634,0,0.0,0.1362986674264452,7,402.0
2545.0,8,131.0,2.673469387755102,6.552482393322508,0,0.0,1.0,6,264.0,0.27875634225344176,0,3.0,0.5806256276802818,0,0.0,0.4962108259900115,6,267.0
2550.0,7,134.0,2.851063829787234,7.088587279614749,0,0.0,1.0,6,129.0,0.3153780812195997,0,3.0,0.9732776033524563,0,0.0,0.9583401722285394,6,132.0
2555.0,6,159.0,3.382978723404255,7.894987905932365,0,0.0,1.0,6,159.0,0.37933263149772933,0,3.0,0.884083972298761,0,0.0,0.941094046034498,6,162.0
2560.0,7,193.0,4.195652173913044,7.2356864183995695,0,0.0,1.0,6,189.0,0.39793161351606954,0,3.0,0.9337216455229772,0,0.0,0.9482797499129227,6,192.0
2565.0,1,1.0,0.020833333333333332,7.100914144283334,0,0.0,1.0,1,16.0,0.5848282264944223,0,3.0,0.9427803686798376,0,0.0,0.9769624526764642,1,19.0
2570.0,1,6.0,0.12244897959183673,7.655244666041571,0,0.0,1.0,1,6.0,0.7127683937971485,0,3.0,0.8145948194643371,0,0.0,0.9550534633761664,1,9.0
2575.0,2,14.0,0.2916666666666667,8.032861809518034,0,0.0,1.0,1,11.0,0.774806720453323,1,15.0,0.7348641156660803,0,0.0,0.9995707938050873,2,26.0
2580.0,2,17.0,0.3541666666666667,7.977913021856012,0,0.0,1.0,1,16.0,0.6984606106737322,0,11.0,0.7714225471273621,0,0.0,0.9567599786511735,1,27.0
2585.0,3,13.0,0.2826086956521739,8.19068032553682,0,0.0,1.0,0,3.0,0.774240570289215,0,9.0,0.956251442867314,0,0.0,0.9144442860698265,0,12.0
2590.0,4,29.0,0.6304347826086957,8.1563966104158,0,0.0,1.0,1,4.0,0.7158426389443132,0,9.0,0.9709611022583825,0,0.0,0.9441007850899287,1,13.0
2595.0,4,49.0,1.0425531914893618,8.484309518835083,0,0.0,1.0,1,9.0,0.8013328773982008,0,12.0,0.9560952637403998,0,0.0,0.9527453215544233,1,21.0
2600.0,3,14.0,0.2978723404255319,8.045019299522039,0,0.0,1.0,2,35.0,0.6873580171602846,0,12.0,0.873550660762453,0,0.0,0.9466780538388321,2,47.0
2605.0,5,13.0,0.29545454545454547,6.83548107768435,0,0.0,1.0,0,22.0,0.8325799624748592,5,25.0,0.27190690149821745,0,0.0,0.920041445507743,5,47.0
2610.0,8,49.0,1.065217391304348,6.821656180975279,0,0.0,1.0,2,28.0,0.577911238383529,6,55.0,0.21599745753997943,0,0.0,0.9221103255820562,8,83.0
2615.0,9,92.0,2.0,6.501352503848222,0,0.0,1.0,2,39.0,0.404083649175789,6,88.0,0.20576002308647903,0,0.0,0.9968652514437215,8,127.0
2620.0,4,44.0,0.9166666666666666,6.919038969041419,0,0.0,1.0,2,45.0,0.49725557705663964,2,31.0,0.3074853621019066,0,0.0,0.9654210616512446,4,76.0
2625.0,1,20.0,0.40816326530612246,8.103037339027006,0,3.0,0.6481889982906774,0,7.0,0.7451831017156892,1,29.0,0.4860031039116247,0,0.0,0.9869325461174999,1,39.0
2630.0,2,28.0,0.5384615384615384,8.823042300048263,0,0.0,0.8704872715819179,0,6.0,0.7846938668069036,2,31.0,0.47561392335915553,0,0.0,0.9390518255666448,2,37.0
2635.0,6,50.0,1.0,8.450534938006657,2,3.0,0.0008392858757685218,1,11.0,0.7756662783381101,2,41.0,0.5472172231051349,0,0.0,0.9807036560844127,5,55.0
2640.0,5,34.0,0.6938775510204082,8.353727650483227,2,13.0,0.0,1,16.0,0.8001526978909594,0,15.0,0.8140266214050256,0,0.0,0.953522957333692,3,44.0
2645.0,6,64.0,1.3333333333333333,7.6805685106564185,2,23.0,0.0,1,21.0,0.8098541692021403,0,3.0,0.6744718829302175,0,0.0,0.966988720635466,3,47.0
2650.0,8,72.0,1.6,7.277733210236548,2,33.0,0.0,3,24.0,0.5691526840915594,2,8.0,0.6125669894281469,0,0.0,0.7471361722192777,7,65.0
2655.0,7,57.0,1.3571428571428572,7.124298287164275,0,0.0,1.0,4,41.0,0.4901369475359885,2,18.0,0.5017633130211556,1,2.0,0.4907834015486337,7,61.0
2660.0,8,90.0,2.0930232558139537,6.087801076583219,0,0.0,1.0,5,62.0,0.33597268948614134,3,32.0,0.35711878887485105,0,0.0,0.9507284111782419,8,94.0
2665.0,2,12.0,0.26666666666666666,6.6426337647541,0,0.0,1.0,0,4.0,0.5577274685871675,2,19.0,0.41480398448797556,0,0.0,0.9806257428326942,2,23.0
2670.0,2,22.0,0.4888888888888889,7.902408345414531,0,6.0,0.6807057519508002,0,0.0,0.7012123506372716,2,22.0,0.45483820267803826,0,0.0,0.9631491588475442,2,28.0
2675.0,5,40.0,0.9090909090909091,7.7220270408900324,0,0.0,1.0,1,2.0,0.6722835664837045,3,41.0,0.4444782413957955,0,0.0,0.9270747562412583,4,43.0
2680.0,5,62.0,1.4090909090909092,8.041908373094316,0,0.0,1.0,1,7.0,0.7306527057038164,3,56.0,0.5057049532436343,0,0.0,0.9574754971887495,4,63.0
2685.0,3,24.0,0.5,8.397756357075268,0,0.0,1.0,0,0.0,0.926967232106831,2,42.0,0.5643366541300006,0,0.0,0.979986229534046,2,42.0
2690.0,3,25.0,0.5319148936170213,8.654701238604977,0,0.0,1.0,0,0.0,0.9122576172702029,2,16.0,0.6402719316619222,0,0.0,0.9743392652387719,2,16.0
2695.0,3,23.0,0.5111111111111111,8.419361501448739,0,0.0,1.0,1,3.0,0.5291877496676051,2,29.0,0.6574488233279219,0,0.0,0.9904454772152714,3,32.0
2700.0,9,53.0,1.2325581395348837,6.88191522712031,0,0.0,1.0,3,16.0,0.45163787646400966,5,45.0,0.31854336594142457,0,0.0,0.9495124038227537,8,61.0
2705.0,7,42.0,1.0,5.648926639221768,0,0.0,1.0,1,10.0,0.4546146922949258,3,30.0,0.46880151137763565,0,0.0,0.9674308979461365,4,40.0
2710.0,8,80.0,1.8604651162790697,6.2813100604979635,0,0.0,1.0,2,23.0,0.5361057706295235,3,45.0,0.5723273939847956,0,0.0,0.9441970224986893,5,68.0
2715.0,10,124.0,2.9523809523809526,6.28795857072136,0,0.0,1.0,2,33.0,0.4552384021639988,4,66.0,0.4415320776063006,0,0.0,0.99776399167798,6,99.0
2720.0,13,184.0,4.088888888888889,5.72795406217835,0,0.0,1.0,2,43.0,0.5650343296846122,7,96.0,0.33853872255109246,0,0.0,0.9710383487047527,9,139.0
2725.0,14,227.0,4.829787234042553,5.808588669451682,0,0.0,1.0,1,23.0,0.7049636951858935,8,134.0,0.3444263476031976,0,0.0,0.9700096937768705,9,157.0
2730.0,13,226.0,4.913043478260869,5.349928900030375,0,0.0,1.0,2,29.0,0.4822665359432509,8,164.0,0.2707670487463969,0,0.0,0.9480463717133729,10,193.0
2735.0,12,231.0,4.8125,5.575920649689589,0,0.0,1.0,2,39.0,0.589422811850201,10,220.0,0.2224150870033831,0,0.0,0.9672839756457576,12,259.0
2740.0,14,297.0,5.94,5.430928019625943,0,0.0,1.0,2,49.0,0.5708064731545823,10,267.0,0.11618514396880096,0,0.0,0.9299768791602453,12,316.0
2745.0,13,340.0,6.666666666666667,4.833349975387767,0,0.0,1.0,1,40.0,0.5138924921687715,11,321.0,0.08214747674912923,0,0.0,0.9415827657480649,12,361.0
2750.0,10,154.0,2.9615384615384617,5.030580376899294,0,0.0,1.0,2,49.0,0.25584845413595936,4,141.0,0.13073513283859517,0,0.0,0.9974165410237136,6,190.0
2755.0,12,126.0,2.3333333333333335,5.956350660195077,0,9.0,0.6742542224389628,3,69.0,0.44902382933755547,1,80.0,0.4916587428124321,0,0.0,0.9560106482230822,4,158.0
2760.0,8,124.0,2.2962962962962963,7.124075136726141,0,0.0,0.828378206169914,3,87.0,0.5542950887448201,1,35.0,0.6826861066156725,0,0.0,0.9543367584559206,4,122.0
2765.0,4,45.0,0.8490566037735849,7.452030704642997,2,5.0,5.64652934406667e-05,0,29.0,0.7820502064718923,1,37.0,0.6549461977462268,0,0.0,0.9448393183808469,3,71.0
2770.0,6,69.0,1.2321428571428572,8.481261839351678,2,15.0,0.0,0,15.0,0.9467701310641757,2,44.0,0.5726510843079379,0,0.0,0.9960123142626424,4,74.0
2775.0,5,68.0,1.2363636363636363,8.928367249992506,2,25.0,0.0,1,8.0,0.8221992591038626,2,54.0,0.700562785169385,0,0.0,0.969603715245873,5,87.0
2780.0,5,93.0,1.7547169811320755,8.595401761167377,2,35.0,0.0,1,13.0,0.7975928107422631,2,64.0,0.6843053753843286,0,0.0,0.9928394041504939,5,112.0
2785.0,9,126.0,2.52,7.031080808337931,2,45.0,0.0,2,19.0,0.4414773255699503,4,79.0,0.27167350320206723,0,0.0,0.9495153817907431,8,143.0
2790.0,11,175.0,3.4313725490196076,6.3323598869466515,2,55.0,0.0,4,35.0,0.0422836930252426,5,104.0,0.15251261470180683,0,0.0,0.9422542353149963,11,194.0
2795.0,13,240.0,4.528301886792453,6.409543547753749,2,65.0,0.0,5,60.0,0.1295913253396126,6,134.0,0.026363928365952628,0,0.0,0.9222992775566853,13,259.0
2800.0,15,309.0,5.722222222222222,5.889145439011601,2,75.0,0.0,6,88.0,0.22784775267107443,6,164.0,0.1525575548212427,0,0.0,0.9611744527544908,14,327.0
2805.0,16,302.0,5.490909090909091,5.3498415554742715,0,0.0,1.0,6,118.0,0.1365405336882319,9,202.0,0.08689705783533817,0,0.0,0.9647350503894105,15,320.0
2810.0,10,247.0,4.410714285714286,5.679098546250958,0,0.0,1.0,6,148.0,0.12410948398433862,4,122.0,0.2080718518509371,0,0.0,0.9938543015639958,10,270.0
2815.0,11,301.0,5.472727272727273,6.490850095200375,0,3.0,0.6413738889719209,6,181.0,0.3173363928164515,5,145.0,0.32844061601183117,0,0.0,0.9552813971352894,11,329.0
2820.0,12,357.0,6.375,7.459810381016995,0,0.0,0.7808910424989891,6,214.0,0.46167395825961144,6,168.0,0.2378348424300783,0,0.0,0.9364648884279411,12,382.0
2825.0,12,417.0,7.446428571428571,6.998899260089617,0,0.0,1.0,6,244.0,0.44626482866567,6,198.0,0.12451885081479315,0,0.0,0.9509582527344348,12,442.0
2830.0,13,359.0,6.084745762711864,6.7763370562367955,0,0.0,1.0,8,281.0,0.42378547460245947,5,133.0,0.2504680632584362,0,0.0,0.9705038422446137,13,414.0
2835.0,4,46.0,0.8070175438596491,7.260743838228343,0,3.0,0.9452976120576385,1,62.0,0.6781902513078149,2,77.0,0.43985772986347527,0,0.0,0.9381959117285794,3,142.0
2840.0,5,68.0,1.152542372881356,7.795210618452293,0,0.0,1.0,1,18.0,0.7608256307278773,3,46.0,0.4275247557091671,0,0.0,0.8728808744649734,4,64.0
2845.0,7,100.0,1.694915254237288,8.176346439777648,0,0.0,1.0,2,21.0,0.7070323736548425,4,70.0,0.386126527632585,0,0.0,0.9233658873426442,6,91.0
2850.0,6,74.0,1.2758620689655173,7.966867596952174,0,0.0,1.0,2,31.0,0.6404298749234077,3,50.0,0.5492156934024405,0,0.0,0.9639091030837892,5,81.0
2855.0,5,85.0,1.4912280701754386,8.427614862317622,0,3.0,0.9841265125609989,2,33.0,0.6316850158877225,2,26.0,0.6625775802073395,0,0.0,0.9622470216371869,4,62.0
2860.0,7,99.0,1.9038461538461537,7.90427311481175,0,0.0,1.0,2,39.0,0.5875323069923625,2,32.0,0.7169787969158281,0,0.0,0.9590043867944114,4,71.0
2865.0,10,143.0,2.75,7.202642472152385,0,0.0,1.0,3,51.0,0.42355541910223554,2,42.0,0.685086044573421,0,0.0,0.9029550285499481,5,93.0
2870.0,14,167.0,3.5531914893617023,5.195586426537713,0,0.0,1.0,4,71.0,0.1942856433706242,6,61.0,0.2174111605290898,0,0.0,0.9371177168805569,10,132.0
2875.0,14,225.0,5.113636363636363,5.247711393383363,0,0.0,1.0,2,69.0,0.3210066751139136,7,96.0,0.21489466798417448,0,0.0,0.9412381759349637,9,165.0
2880.0,11,228.0,5.066666666666666,5.131337843385159,0,0.0,1.0,2,79.0,0.328441447807402,7,131.0,0.07205015474143614,0,0.0,0.9600811881895455,9,210.0
2885.0,10,250.0,5.1020408163265305,5.96949186340795,0,0.0,1.0,2,89.0,0.3179892666348951,8,173.0,0.1719128000586054,0,0.0,0.9810849461513935,10,262.0
2890.0,11,304.0,6.468085106382978,5.9753947987615526,0,0.0,1.0,2,99.0,0.311532853729716,9,217.0,0.1644827310152485,0,0.0,0.8435986933374217,11,316.0
2895.0,4,119.0,2.4285714285714284,6.353736087253658,0,0.0,1.0,2,109.0,0.328613114091795,1,53.0,0.35893586080004514,0,0.0,0.9328134219452563,3,162.0
2900.0,1,7.0,0.1346153846153846,7.581008814840983,0,6.0,0.5572714732786164,0,35.0,0.7792169614280168,0,17.0,0.7865138664845067,0,0.0,0.962686640642232,0,58.0
2905.0,2,13.0,0.2549019607843137,8.22083261607288,0,9.0,0.217730614042109,1,10.0,0.7690688350316685,0,3.0,0.9678540242306126,0,0.0,0.9202357494997786,1,22.0
2910.0,5,34.0,0.6538461538461539,8.493668520332976,3,20.0,0.023958958965897923,1,45.0,0.7901339726614136,0,0.0,0.9786675368472172,0,0.0,0.9849362486292355,4,65.0
2915.0,7,63.0,1.2857142857142858,6.924832209504822,3,35.0,0.06227318163868556,1,50.0,0.8369286322818765,0,0.0,0.9782769749200061,0,0.0,0.4776051262054982,4,85.0
2920.0,8,88.0,1.6296296296296295,6.914398077401062,5,59.0,0.008964878025471953,0,17.0,0.8164829143693798,0,0.0,0.017108608386590417,1,5.0,0.3179159665555047,6,81.0
2925.0,6,31.0,0.5961538461538461,6.564609875791205,1,21.0,0.02611800588659446,2,20.0,0.663864248773811,1,5.0,0.6330110028821953,2,14.0,0.2553020055395587,6,60.0
2930.0,8,60.0,1.1320754716981132,6.991867069422892,0,3.0,0.17090675633087865,4,32.0,0.4777593873820438,2,15.0,0.4608297211277599,2,24.0,0.3293663960819495,8,74.0
2935.0,6,66.0,1.1578947368421053,7.980761014759393,0,0.0,1.0,4,52.0,0.4892814504460572,2,28.0,0.6333178654002055,0,0.0,0.9911976915977385,6,80.0
2940.0,6,96.0,1.6551724137931034,8.65402302800844,0,0.0,1.0,4,72.0,0.3056146091479424,2,44.0,0.5192037790497916,0,0.0,0.991550029912946,6,116.0
2945.0,7,115.0,1.9491525423728813,8.641850061273681,0,0.0,1.0,4,92.0,0.3178854062323901,3,43.0,0.48715656246001726,0,0.0,0.9603735379682232,7,135.0
2950.0,7,150.0,2.586206896551724,8.18827477082515,0,0.0,1.0,4,112.0,0.343892313910358,3,52.0,0.41418717487194684,0,0.0,0.8753851890557186,7,164.0
2955.0,8,188.0,3.2982456140350878,8.353142381220723,0,0.0,1.0,4,132.0,0.4723664427249725,4,70.0,0.41508119088984113,0,0.0,0.959833710191773,8,202.0
2960.0,8,228.0,4.30188679245283,7.6365020205573,0,0.0,0.9572829670249352,4,152.0,0.4263754896791031,4,87.0,0.3707186802582291,0,0.0,0.9801636616824247,8,239.0
2965.0,11,213.0,4.26,6.861056729293416,0,0.0,1.0,4,172.0,0.41170765533588854,4,67.0,0.3702573253191136,0,0.0,0.9667001887488037,8,239.0
2970.0,11,248.0,4.96,6.785430774686912,0,0.0,1.0,4,195.0,0.4820523977878517,3,42.0,0.47012730303568917,0,0.0,0.9486068276597419,7,237.0
2975.0,10,288.0,5.647058823529412,7.166230778529768,0,0.0,0.7460252731933394,4,215.0,0.47110446878500123,3,51.0,0.5552174233499639,0,0.0,0.9598063981300745,7,266.0
2980.0,5,70.0,1.320754716981132,7.150111307172914,0,0.0,1.0,1,108.0,0.493740840201174,4,68.0,0.3482953112034588,0,0.0,0.9434344698354886,5,176.0
2985.0,8,104.0,2.0,8.247505095721426,0,0.0,1.0,1,7.0,0.7599645227655936,6,96.0,0.3157753617125228,0,0.0,0.9880704449554488,7,103.0
2990.0,4,73.0,1.489795918367347,8.31929626397504,0,0.0,1.0,1,12.0,0.7140022394391489,2,63.0,0.2636311709774235,0,0.0,0.9502789116472563,3,75.0
2995.0,5,95.0,2.021276595744681,7.5545632276392105,0,3.0,0.5844011652860701,2,22.0,0.41942648091308965,2,65.0,0.5559256078364084,0,0.0,0.9437265397430336,4,90.0
3000.0,6,99.0,2.25,6.994709317770116,1,6.0,0.01987033776934362,0,6.0,0.7963327290561695,3,77.0,0.2347192959308536,0,0.0,0.9274741009283949,4,89.0
3005.0,6,124.0,3.024390243902439,7.169960751115888,0,0.0,1.0,1,9.0,0.7774039174383233,3,92.0,0.0,0,0.0,0.9493193716329739,4,101.0
3010.0,7,156.0,3.5454545454545454,7.19910873528168,0,0.0,0.5695400370437897,1,14.0,0.7694634385418527,3,110.0,0.23577566329103203,0,0.0,0.9350862218983568,4,124.0
3015.0,7,191.0,4.2444444444444445,6.913762798946199,0,0.0,1.0,1,19.0,0.7759960003980931,3,125.0,0.38896557867692444,0,0.0,0.9438433522864276,4,144.0
3020.0,9,216.0,4.695652173913044,6.153087335894498,0,0.0,1.0,0,3.0,0.8976398475470253,3,140.0,0.3805903916852513,0,0.0,0.9570672568169029,3,143.0
3025.0,16,278.0,5.56,5.412918314099865,0,0.0,1.0,1,6.0,0.3672377668756229,4,159.0,0.4679785113558072,0,0.0,0.9414767105423457,5,165.0
3030.0,10,210.0,4.285714285714286,5.6445588675930445,0,0.0,1.0,3,35.0,0.249314646624291,4,171.0,0.4784591817074944,0,0.0,0.9669316512959683,7,206.0
3035.0,11,251.0,5.340425531914893,5.9359759478947645,0,0.0,1.0,5,60.0,0.41014754429938544,4,188.0,0.17161331480181885,0,0.0,0.9759768256676256,9,248.0
3040.0,9,263.0,5.595744680851064,6.350640067232974,0,0.0,1.0,1,60.0,0.6412873386743058,5,213.0,4.753209303585266e-06,0,0.0,0.9790969394342514,6,273.0
3045.0,12,319.0,6.934782608695652,6.332762428334247,0,0.0,1.0,2,78.0,0.6305757412899015,5,238.0,0.1540864843586813,0,0.0,0.925996592137613,7,316.0
3050.0,8,128.0,2.782608695652174,6.422435863926012,0,0.0,1.0,4,93.0,0.5142118712688315,3,159.0,0.37594101851506306,0,0.0,0.9950865787014556,7,252.0
3055.0,8,142.0,3.021276595744681,7.009110673791259,0,0.0,1.0,5,109.0,0.3673669236192143,3,91.0,0.48805361624660876,0,0.0,0.9888253294950128,8,200.0
3060.0,7,141.0,2.82,7.172109121545464,0,0.0,1.0,3,73.0,0.2635003699621393,3,106.0,0.48202269384835034,0,0.0,0.9599820706807307,6,179.0
3065.0,8,166.0,3.32,7.9513692284714175,0,0.0,1.0,3,47.0,0.4431435499160777,3,121.0,0.486484685470524,0,0.0,0.9666227569762665,6,168.0
3070.0,12,200.0,4.081632653061225,7.276267826525513,0,0.0,1.0,5,68.0,0.270909518355589,2,116.0,0.5235940683126588,0,0.0,0.9750654326922593,7,184.0
3075.0,12,260.0,5.416666666666667,6.731007841324431,0,0.0,0.9250261762040722,5,95.0,0.3103677840437148,2,123.0,0.0,0,0.0,0.9381068389768821,7,218.0
3080.0,4,204.0,4.25,7.366732801345186,0,0.0,1.0,2,74.0,0.5508841396392488,2,133.0,0.3113161287679594,0,0.0,0.9663622056336565,4,207.0
3085.0,5,226.0,4.808510638297872,7.730792933060516,0,0.0,1.0,2,84.0,0.5805035762420616,2,143.0,0.4725289248852468,0,0.0,0.9907197389785414,4,227.0
3090.0,5,251.0,5.340425531914893,8.060935370245433,0,0.0,1.0,2,125.0,0.5571359201060629,2,176.0,0.4533172928610975,0,0.0,0.9882208595393329,4,301.0
3095.0,8,286.0,5.836734693877551,7.898061213582206,0,0.0,1.0,2,135.0,0.7026798701437785,5,196.0,0.27671235791032645,0,0.0,0.9660373892829375,7,331.0
3100.0,7,309.0,6.18,8.088717560521054,0,0.0,1.0,2,142.0,0.6646952906044394,5,221.0,0.36421951311686973,0,0.0,0.9105365699629452,7,363.0
3105.0,8,347.0,7.081632653061225,7.650266964123085,0,0.0,1.0,3,124.0,0.3537525973448008,5,246.0,0.41785193448068203,0,0.0,0.9308501917379742,8,370.0
3110.0,8,198.0,4.040816326530612,7.369502927893917,0,0.0,1.0,4,141.0,0.3248192843229361,4,160.0,0.24862216528291572,0,0.0,0.9249644820004497,8,301.0
3115.0,9,226.0,4.264150943396227,7.94104383717417,0,0.0,1.0,5,169.0,0.43877374115044887,4,71.0,0.37557019571121003,0,0.0,0.9193010873044495,9,240.0
3120.0,12,274.0,5.372549019607843,6.874357784368681,0,0.0,1.0,6,195.0,0.35691780204036244,5,81.0,0.24377686800747111,0,0.0,0.9822119153470377,11,276.0
3125.0,13,176.0,3.5918367346938775,6.227123633861561,0,0.0,1.0,4,126.0,0.4304588014218333,7,110.0,0.15096961255539987,0,0.0,0.9647552367595599,11,236.0
3130.0,15,211.0,4.3061224489795915,5.627277294185595,0,0.0,1.0,4,80.0,0.4634645578602075,6,110.0,0.2301002591182379,0,0.0,0.9747287222205975,10,190.0
3135.0,14,273.0,5.571428571428571,5.7580488839742845,0,0.0,1.0,4,100.0,0.4526906110429286,7,144.0,0.30961240417406494,0,0.0,0.94279379604317,11,244.0
3140.0,16,351.0,7.163265306122449,5.95430673543914,0,0.0,1.0,5,123.0,0.4177644326344446,8,184.0,0.3084072268809156,0,0.0,0.9651089747534289,13,307.0
3145.0,13,296.0,5.92,5.690974153467959,0,0.0,1.0,1,66.0,0.5190936321478528,8,227.0,0.33133151202017913,0,0.0,0.9689009984140424,9,293.0
3150.0,15,367.0,7.808510638297872,5.638011159694138,0,0.0,1.0,2,16.0,0.13479632657090693,9,267.0,0.28442508161811125,0,0.0,0.9411419628454828,11,283.0
3155.0,18,449.0,9.354166666666666,4.995908844340359,0,0.0,1.0,3,30.0,0.07589203626778598,9,312.0,0.2685976335366419,0,0.0,0.9489116013661163,12,342.0
3160.0,12,223.0,4.372549019607843,4.58166301708448,0,0.0,1.0,3,45.0,0.3568627525601233,2,115.0,0.26832670048532675,0,0.0,0.9420514671791327,5,160.0
3165.0,9,160.0,3.076923076923077,5.801807368365925,0,6.0,0.6084794754272739,3,66.0,0.43748789206733346,0,40.0,0.6549726261651632,0,0.0,0.9253969842126549,3,112.0
3170.0,5,82.0,1.607843137254902,6.454682827957793,0,6.0,0.11572247360502903,4,86.0,0.5390830609067032,0,3.0,0.9444430610769956,0,0.0,0.9718269231631549,4,95.0
3175.0,6,100.0,2.0408163265306123,6.184308947149783,0,2.0,0.06285887593881948,4,106.0,0.543384546673702,0,3.0,0.49654404510611927,0,0.0,0.9522890076865165,4,111.0
3180.0,10,146.0,2.92,6.383188332793943,0,0.0,1.0,4,126.0,0.5120931557221443,1,4.0,1.82114673383458e-05,0,0.0,0.9340002782051039,5,130.0
3185.0,7,76.0,1.4901960784313726,6.619064346097237,0,0.0,1.0,1,26.0,0.6820546556137203,1,9.0,0.0,0,0.0,0.966984099626837,2,35.0
3190.0,4,51.0,0.9444444444444444,7.0872386773706655,0,0.0,1.0,1,52.0,0.8107479031563458,1,14.0,0.0,0,0.0,0.9697400543537991,2,66.0
3195.0,3,47.0,0.8392857142857143,7.216863698724409,0,0.0,1.0,1,51.0,0.7402620819595986,1,25.0,0.7026632028205135,0,0.0,0.9940343721993466,2,76.0
3200.0,5,61.0,1.0517241379310345,7.128377611400373,0,0.0,1.0,2,57.0,0.5493564952819895,3,31.0,0.550209581996554,0,0.0,0.9661495735908403,5,88.0
3205.0,5,86.0,1.5636363636363637,7.35735619555548,0,0.0,1.0,3,74.0,0.5890473557003262,2,41.0,0.6421893694528223,0,0.0,0.9847949652762374,5,115.0
3210.0,6,112.0,2.1132075471698113,7.676247893389643,0,0.0,1.0,3,89.0,0.42098142961647295,2,51.0,0.7061068323549,0,0.0,0.9799523263020824,5,140.0
3215.0,5,123.0,2.3207547169811322,7.388082873478021,0,0.0,1.0,4,147.0,0.4175169843277483,1,58.0,0.6068416735250375,0,0.0,0.9679999699256386,5,205.0
3220.0,9,162.0,3.1153846153846154,7.191790538991212,0,0.0,1.0,6,135.0,0.3527934102552781,3,64.0,0.47384178006708116,0,0.0,0.963554310932799,9,199.0
3225.0,7,89.0,1.679245283018868,7.394126157905491,0,0.0,0.9925572230041833,4,80.0,0.27571765332437886,3,79.0,0.2332546165645128,0,0.0,0.975194430393123,7,159.0
3230.0,6,110.0,2.2,8.386325406625408,0,0.0,1.0,3,67.0,0.46242183443448664,3,94.0,0.37294987489467213,0,0.0,0.9903722694357098,6,161.0
3235.0,4,63.0,1.2352941176470589,8.383629877893803,0,0.0,1.0,3,82.0,0.588147811600655,1,49.0,0.37581986931726846,0,0.0,0.971323441715657,4,131.0
3240.0,6,92.0,1.84,8.776536947145873,0,0.0,1.0,3,100.0,0.6652936126542778,3,46.0,0.38251179080592373,0,0.0,0.9628830878713189,6,146.0
3245.0,4,49.0,0.9607843137254902,8.569446370743004,0,0.0,1.0,1,42.0,0.6865532146223021,3,61.0,0.5406102321449662,0,0.0,0.9263792078814886,4,103.0
3250.0,8,78.0,1.5918367346938775,7.071552345172059,0,0.0,1.0,3,51.0,0.4987054425425008,4,77.0,0.21946083656956558,0,0.0,0.9929982935391753,7,128.0
3255.0,11,126.0,2.5714285714285716,6.721963469909213,0,0.0,1.0,4,68.0,0.3948202681835532,6,111.0,0.3242234543625784,0,0.0,0.9290479687189749,10,179.0
3260.0,10,152.0,2.980392156862745,6.7872230702385545,0,0.0,1.0,4,88.0,0.3219811114017263,4,107.0,0.5913034170214663,0,0.0,0.9652954423503559,8,195.0
3265.0,8,147.0,2.8823529411764706,7.377057058109262,0,0.0,0.9241840074507857,2,40.0,0.4580131863836752,4,127.0,0.5742746346120361,0,0.0,0.9677713190858741,6,167.0
3270.0,8,170.0,3.269230769230769,8.033278944394478,0,0.0,1.0,1,17.0,0.7402800357258206,4,147.0,0.543839587027133,0,0.0,0.9623737040029264,5,164.0
3275.0,7,205.0,4.270833333333333,7.108729833497133,0,0.0,1.0,1,19.0,0.758404408657275,4,167.0,0.43007712593213826,0,0.0,0.9648466865940506,5,186.0
3280.0,5,87.0,1.851063829787234,6.801622357826168,0,0.0,1.0,1,21.0,0.6365027542141511,3,114.0,0.41028627450595395,0,0.0,0.9573406807987104,4,135.0
3285.0,5,29.0,0.6170212765957447,7.259558969173593,0,0.0,1.0,1,10.0,0.7982344928918007,3,51.0,0.3082201602626593,0,0.0,0.9457317454824016,4,61.0
3290.0,9,65.0,1.4130434782608696,6.913313270190732,0,0.0,0.9352862038181049,1,15.0,0.7926449614488279,5,46.0,0.23778070186111339,0,0.0,0.9659372145658063,6,61.0
3295.0,12,114.0,2.425531914893617,6.423016473809706,0,0.0,1.0,2,19.0,0.7062296560532457,6,72.0,0.32916174270400345,0,0.0,0.984977109605528,8,91.0
3300.0,10,113.0,2.3541666666666665,5.312340101857299,0,0.0,1.0,4,34.0,0.41953069629725276,1,33.0,0.6330040781751801,0,0.0,0.9586221565022117,5,67.0
3305.0,11,154.0,3.347826086956522,5.3403347117383335,0,3.0,0.6086552346688875,4,51.0,0.3891368743157412,1,33.0,0.41524659321254304,0,0.0,0.950868435900562,5,87.0
3310.0,7,116.0,2.6363636363636362,5.768258496162485,0,0.0,0.7104549510799172,4,76.0,0.41008425401205345,2,40.0,0.46113616519343165,0,0.0,0.966578821980979,6,116.0
3315.0,8,144.0,3.130434782608696,6.4626452419972455,0,0.0,1.0,6,102.0,0.23303949321254988,2,47.0,0.30746437877020155,0,0.0,0.9794417216295959,8,149.0
3320.0,6,127.0,2.702127659574468,6.695611808907428,0,0.0,1.0,6,132.0,0.28124263302295677,0,11.0,0.06305258195233995,0,0.0,0.9484255121244559,6,143.0
3325.0,0,0.0,0.0,7.746879783019577,0,0.0,1.0,0,19.0,0.7253172493438815,0,0.0,0.043879495263115666,0,0.0,0.9621230770049596,0,19.0
3330.0,1,4.0,0.0851063829787234,8.113172415033615,0,0.0,1.0,0,3.0,0.86861685301657,1,18.0,0.4551086812977164,0,0.0,0.872014364670711,1,21.0
3335.0,3,13.0,0.2708333333333333,8.426760437866395,0,0.0,1.0,0,3.0,0.9461801551517202,2,33.0,0.5967788342967955,0,0.0,0.8484927041126168,2,36.0
3340.0,5,24.0,0.5217391304347826,8.38836451478911,0,0.0,1.0,1,1.0,0.7374063327439939,1,29.0,0.7537345919219252,0,0.0,0.835305456724562,2,30.0
3345.0,6,51.0,1.1333333333333333,7.970108131916576,0,0.0,1.0,2,10.0,0.5093276151129054,1,34.0,0.7841941658229041,0,0.0,0.942595156667331,3,44.0
3350.0,7,67.0,1.4565217391304348,7.297512824457398,0,0.0,1.0,2,20.0,0.5793860242330727,3,43.0,0.5409908922162217,0,0.0,0.9655201178373224,5,63.0
3355.0,7,72.0,1.6363636363636365,7.568771629575358,0,0.0,1.0,3,35.0,0.5409067506797255,4,62.0,0.5722792681192643,0,0.0,0.9344821353692434,7,97.0
3360.0,8,100.0,2.2222222222222223,6.399988402057919,0,0.0,1.0,3,50.0,0.5458837179247731,5,75.0,0.22469841215624733,0,0.0,0.9361006684213026,8,125.0
3365.0,11,153.0,3.3260869565217392,7.148270940877013,0,0.0,1.0,3,65.0,0.48490472082964464,8,113.0,0.18879189018400805,0,0.0,0.9843246567439147,11,178.0
3370.0,12,213.0,4.346938775510204,7.135355197707898,0,0.0,1.0,4,85.0,0.38609337866387844,8,153.0,0.19335706886525428,0,0.0,0.942502047700325,12,238.0
3375.0,13,276.0,5.411764705882353,7.289111665151988,0,0.0,1.0,5,105.0,0.35924824801575567,8,193.0,0.2914340701963822,0,0.0,0.9718349146390274,13,298.0
3380.0,9,239.0,4.596153846153846,6.65533066918414,0,0.0,1.0,6,131.0,0.31359579934964027,3,139.0,0.3060720239468268,0,0.0,0.9549061137043221,9,270.0
3385.0,9,284.0,5.2592592592592595,7.392521580471611,0,9.0,0.5710366860538519,6,164.0,0.3476012771566156,3,136.0,0.47260083445557216,0,0.0,0.945768385156696,9,309.0
3390.0,10,331.0,6.0181818181818185,7.811537011447049,0,0.0,0.9763027076095454,7,198.0,0.27671663835249294,3,151.0,0.47316502534985583,0,0.0,0.9849167538297919,10,349.0
3395.0,10,381.0,6.927272727272728,7.925346367826646,0,0.0,0.996702183134986,7,233.0,0.3481112948115495,3,166.0,0.4912546482120969,0,0.0,0.9987691755807097,10,399.0
3400.0,10,431.0,7.56140350877193,8.064587090206732,0,0.0,1.0,7,268.0,0.3507414047423029,3,181.0,0.47654828537641064,0,0.0,0.9529808830960556,10,449.0
3405.0,11,482.0,8.456140350877194,7.208645413767169,0,0.0,1.0,7,303.0,0.39918069709140064,3,196.0,0.18955044286910866,0,0.0,0.9445497666835267,10,499.0
3410.0,15,551.0,10.203703703703704,6.662079210578795,0,0.0,1.0,7,338.0,0.3466241754027555,4,216.0,0.376232095907922,0,0.0,0.9525684502706623,11,554.0
3415.0,14,398.0,7.803921568627451,5.220691890029934,0,0.0,1.0,4,232.0,0.1477613586433123,6,241.0,0.24303568429254796,0,0.0,0.9695769521407187,10,473.0
3420.0,14,289.0,5.5576923076923075,5.328390830558409,0,0.0,1.0,5,137.0,0.15883210986501314,4,170.0,0.1712889546469639,0,0.0,0.9127240903737728,9,307.0
3425.0,11,224.0,4.072727272727272,6.513861778982774,0,0.0,1.0,5,165.0,0.38567848287549583,3,46.0,0.34965932818704887,0,0.0,0.9410242616462554,8,211.0
3430.0,9,236.0,4.452830188679245,6.5977957330329895,0,0.0,0.9340319348358866,6,192.0,0.37736510471327117,3,52.0,0.3593567173797249,0,0.0,0.9525774399816197,9,244.0
3435.0,6,220.0,4.230769230769231,7.1753587766794595,0,0.0,1.0,2,151.0,0.6497677279304338,4,72.0,0.4623641074387629,0,0.0,0.9455070333212898,6,223.0
3440.0,7,251.0,4.826923076923077,7.652129456482753,0,0.0,1.0,2,161.0,0.7140491631067492,5,93.0,0.3655044269329879,0,0.0,0.973414743213306,7,254.0
3445.0,7,286.0,5.296296296296297,7.479636425389372,0,0.0,1.0,2,179.0,0.5862373770127401,5,121.0,0.2558488063823733,0,0.0,0.7762497978214844,7,300.0
3450.0,10,332.0,6.148148148148148,6.927979328880447,0,0.0,1.0,3,194.0,0.5628955286006214,5,146.0,0.27741509069029896,2,6.0,0.4716696147646616,10,346.0
3455.0,13,386.0,7.283018867924528,6.360655156265486,0,0.0,1.0,4,207.0,0.30570787290961604,7,175.0,0.28222516060856695,2,16.0,0.4916517533827009,13,398.0
3460.0,8,233.0,4.314814814814815,5.8607039755526715,0,0.0,1.0,4,227.0,0.27169867772445694,1,36.0,0.4897512018217483,0,0.0,0.25202109906263137,5,263.0
3465.0,6,235.0,4.607843137254902,6.402270349559029,0,6.0,0.6110344473454312,2,211.0,0.568708240594833,0,15.0,0.5883511841442399,0,0.0,0.6906072567852691,2,232.0
3470.0,5,227.0,4.450980392156863,7.354515762604753,1,7.0,0.158869874510626,2,224.0,0.7428505930596442,2,11.0,0.5818019894229715,0,0.0,0.9709104563626861,5,242.0
3475.0,7,259.0,4.796296296296297,7.10648783262691,2,16.0,0.019364192245617976,2,234.0,0.7358308346140041,3,21.0,0.3870408862448894,0,0.0,0.9686162183623219,7,271.0
3480.0,12,308.0,5.703703703703703,6.292166610376922,3,27.0,0.14304465532623875,3,247.0,0.6113314451950551,3,36.0,0.24596275963151987,0,0.0,0.9495678607135144,9,310.0
3485.0,12,364.0,7.0,6.401466440045165,4,46.0,0.056145542613898945,2,271.0,0.7107072629784,3,51.0,0.45247157115633224,0,0.0,0.9564923908176665,9,368.0
3490.0,9,367.0,7.196078431372549,6.253341175455931,0,10.0,0.04508108327807665,2,281.0,0.6900332359243833,4,72.0,0.25599456379474655,0,0.0,0.9665078062437155,6,363.0
3495.0,11,418.0,7.6,6.600878747870248,0,0.0,1.0,2,285.0,0.6853371053438466,6,101.0,0.20846470142578952,0,0.0,0.95739342120321,8,386.0
3500.0,15,485.0,8.660714285714286,5.775376984203867,0,0.0,1.0,3,298.0,0.26782735024447735,7,136.0,0.21065527496446546,0,0.0,0.5029303996688981,10,434.0
3505.0,17,530.0,9.298245614035087,5.5145676198717295,0,0.0,1.0,5,322.0,0.15110519237112255,6,131.0,0.31817579899026893,1,5.0,0.4934315536542382,12,458.0
3510.0,14,507.0,8.894736842105264,6.173784189779576,0,0.0,1.0,6,356.0,0.2878332439493294,6,161.0,0.38314792358459293,0,0.0,0.9387424200161216,12,517.0
3515.0,13,549.0,9.305084745762711,6.084252719998781,0,0.0,1.0,6,386.0,0.27398357858326366,6,191.0,0.3472231166094378,0,0.0,0.9525515461402145,12,577.0
3520.0,19,633.0,11.303571428571429,5.414675147898843,0,0.0,1.0,7,417.0,0.2401291923381935,8,227.0,0.2341375199182848,0,0.0,0.9770473266011802,15,644.0
3525.0,17,296.0,5.6923076923076925,5.328845951825517,0,0.0,1.0,6,273.0,0.2876931710854848,7,211.0,0.2529901559584105,0,0.0,0.940886067257708,13,484.0
3530.0,17,316.0,5.851851851851852,5.855047160763721,0,0.0,1.0,7,165.0,0.3984441751882825,6,157.0,0.36371230482237865,0,0.0,0.9424920348461254,13,322.0
3535.0,23,416.0,7.703703703703703,5.1273637636346,0,0.0,0.9736972405862121,10,206.0,0.31224805826560487,7,157.0,0.42206695438652836,0,0.0,0.9729941110164282,17,363.0
3540.0,26,489.0,9.588235294117647,4.301938683563683,1,1.0,0.004754460822395878,12,263.0,0.27346098238335714,9,194.0,0.23429709810193566,0,0.0,0.9788047612182292,22,458.0
3545.0,11,137.0,2.6346153846153846,4.9333196775776,1,6.0,1.4818324874667525e-05,9,215.0,0.2805793573591916,1,55.0,0.3803088390163667,0,0.0,0.9649308373037694,11,276.0
3550.0,3,39.0,0.7090909090909091,6.703167912820673,1,20.0,0.45522816064673255,1,117.0,0.3797625834234271,1,14.0,0.6006737194185084,0,0.0,0.9529992816344148,3,151.0
3555.0,3,42.0,0.7636363636363637,7.688564865134542,0,3.0,0.3402990906852032,2,59.0,0.63708355574469,1,16.0,0.43849972609729404,0,0.0,0.9350658858646957,3,78.0
3560.0,3,57.0,1.0961538461538463,8.936109903094351,0,0.0,1.0,2,45.0,0.72797353083648,1,21.0,0.6290794002029366,0,0.0,0.9612926745891229,3,66.0
3565.0,2,27.0,0.4909090909090909,9.312575304569412,0,0.0,1.0,0,9.0,0.9457753056821198,1,26.0,0.7873112733323328,0,0.0,0.9109228518475607,1,35.0
3570.0,0,0.0,0.0,9.443078471443004,0,0.0,1.0,0,9.0,0.9494687176897134,0,0.0,0.7757477467286005,0,0.0,0.9416909016429758,0,9.0
3575.0,1,4.0,0.08333333333333333,9.49679320774542,0,0.0,1.0,0,9.0,0.9124413356225701,1,10.0,0.7496088652864817,0,0.0,0.9575654086479645,1,19.0
3580.0,3,17.0,0.38636363636363635,9.045147500259151,0,0.0,1.0,1,4.0,0.6587241126112968,2,19.0,0.6053079182191121,0,0.0,0.9622808223133192,3,23.0
3585.0,4,35.0,0.8333333333333334,8.465545562479457,0,0.0,1.0,1,9.0,0.41443847638071657,3,32.0,0.5548808787999615,0,0.0,0.7610456640041056,4,41.0
3590.0,4,37.0,0.9024390243902439,7.986844275908889,0,0.0,1.0,2,19.0,0.52846837486198,1,27.0,0.5135542086741315,1,4.0,0.5094677533455362,4,50.0
3595.0,7,57.0,1.4615384615384615,7.740394588710622,0,0.0,1.0,3,36.0,0.5194164086157668,1,25.0,0.7661590766114991,0,0.0,0.9990779430268782,4,61.0
3600.0,7,92.0,2.4210526315789473,7.675884169402231,0,0.0,1.0,3,51.0,0.3845053405390212,1,34.0,0.5536725229433626,0,0.0,0.9699770978513267,4,85.0
