step,system_total_stopped,system_total_waiting_time,system_mean_waiting_time,system_mean_speed,cluster_10564135163_13571629282_5146149679_stopped,cluster_10564135163_13571629282_5146149679_accumulated_waiting_time,cluster_10564135163_13571629282_5146149679_average_speed,cluster_10564135205_11749189839_3266988437_5129187741_#3more_stopped,cluster_10564135205_11749189839_3266988437_5129187741_#3more_accumulated_waiting_time,cluster_10564135205_11749189839_3266988437_5129187741_#3more_average_speed,cluster_10564135211_11749189838_12136544949_12136544951_#7more_stopped,cluster_10564135211_11749189838_12136544949_12136544951_#7more_accumulated_waiting_time,cluster_10564135211_11749189838_12136544949_12136544951_#7more_average_speed,cluster_10564135212_13571629279_13571629299_stopped,cluster_10564135212_13571629279_13571629299_accumulated_waiting_time,cluster_10564135212_13571629279_13571629299_average_speed,agents_total_stopped,agents_total_accumulated_waiting_time
0.0,0,0.0,0.0,0.0,0,0.0,1.0,0,0.0,1.0,0,0.0,1.0,0,0.0,1.0,0,0.0
5.0,0,0.0,0.0,11.682033180653747,0,0.0,1.0,0,0.0,0.9905776219175676,0,0.0,1.0,0,0.0,0.9901204233063572,0,0.0
10.0,0,0.0,0.0,9.208588709121619,0,0.0,1.0,0,0.0,0.9472860291828498,0,0.0,1.0,0,0.0,0.9447282084248476,0,0.0
15.0,0,0.0,0.0,8.721899013658014,0,0.0,1.0,0,0.0,0.9423845152379482,0,0.0,1.0,0,0.0,0.9395888601085344,0,0.0
20.0,0,0.0,0.0,9.011330350282224,0,0.0,1.0,0,0.0,0.9790400402809251,0,0.0,1.0,0,0.0,0.9562060072834657,0,0.0
25.0,0,0.0,0.0,9.10142269902698,0,0.0,1.0,0,0.0,0.9879530325240097,0,0.0,0.8402709826143306,0,0.0,0.946177331363552,0,0.0
30.0,1,1.0,0.08333333333333333,8.214662797257699,0,0.0,1.0,0,0.0,0.9641157205005328,1,1.0,0.4990990371255831,0,0.0,0.9401169028226143,1,1.0
35.0,0,0.0,0.0,8.30946555796441,0,0.0,1.0,0,0.0,0.9555292781132593,0,0.0,0.9632048712905223,0,0.0,0.9782258176302532,0,0.0
40.0,0,0.0,0.0,8.937793808339084,0,0.0,1.0,0,0.0,0.9592054525110946,0,0.0,0.9445762316653866,0,0.0,0.9787262175223523,0,0.0
45.0,0,0.0,0.0,8.389638643374177,0,0.0,1.0,0,0.0,0.9609384263902401,0,0.0,0.6122559192650346,0,0.0,0.9887507637328314,0,0.0
50.0,2,6.0,0.3,7.8031834759703855,0,0.0,1.0,0,0.0,0.9587067035774448,2,6.0,0.46507139741222836,0,0.0,0.9780520594037733,2,6.0
55.0,3,17.0,0.8095238095238095,7.718306308464313,0,0.0,1.0,1,1.0,0.4501883163842442,2,16.0,0.4729446671840136,0,0.0,0.9747341181673708,3,17.0
60.0,4,35.0,1.5909090909090908,7.3264309439613635,0,0.0,1.0,2,9.0,0.3329060204058147,2,26.0,0.5894348722422751,0,0.0,0.9661017686821434,4,35.0
65.0,5,57.0,2.590909090909091,6.427275740322381,0,0.0,1.0,2,19.0,0.3291744506010719,3,38.0,0.2417552966619823,0,0.0,0.9797490676488202,5,57.0
70.0,5,82.0,3.727272727272727,6.759478231322566,0,0.0,1.0,2,29.0,0.4584921775946519,3,53.0,0.22304079644469685,0,0.0,0.9601415218080753,5,82.0
75.0,5,107.0,4.115384615384615,5.871337844851791,0,0.0,1.0,2,39.0,0.29283307096303707,3,68.0,0.20662287755191663,0,0.0,0.9550060163375259,5,107.0
80.0,7,141.0,5.222222222222222,5.598057785643227,0,0.0,1.0,3,54.0,0.13834550906965773,4,87.0,0.2228473429559289,0,0.0,0.9833386638993088,7,141.0
85.0,0,0.0,0.0,6.67637222107257,0,0.0,1.0,0,0.0,0.8997104424658289,0,0.0,0.6574760072720146,0,0.0,0.9486832910326788,0,0.0
90.0,0,0.0,0.0,7.823586298725751,0,3.0,0.5933837223820232,0,6.0,0.7485070619928961,0,0.0,0.6464153957278782,0,0.0,0.9656229836124162,0,9.0
95.0,1,4.0,0.12903225806451613,8.663238422636608,0,0.0,1.0,0,6.0,0.7662828606454211,1,10.0,0.4502639435431117,0,0.0,0.9763849502578908,1,16.0
100.0,4,22.0,0.6875,9.127490068522528,0,0.0,1.0,1,11.0,0.7503835613473104,3,23.0,0.4710742435918546,0,0.0,0.952007953351311,4,34.0
105.0,2,23.0,0.71875,8.944888210064203,0,0.0,1.0,0,6.0,0.969827837196036,2,29.0,0.5554105072619137,0,0.0,0.9578772508437188,2,35.0
110.0,3,38.0,1.0857142857142856,8.84923382818322,0,3.0,0.9676172021137096,0,6.0,0.8744436218069958,3,44.0,0.4752479381840799,0,0.0,0.9353586472078765,3,53.0
115.0,4,55.0,1.5714285714285714,8.579576362290492,0,0.0,0.9548447551619078,1,8.0,0.7666151411353679,3,62.0,0.5762248404541652,0,0.0,0.9570094010581325,4,70.0
120.0,7,80.0,2.4242424242424243,6.5260576350560555,0,0.0,1.0,2,15.0,0.4319539165303011,5,80.0,0.2783860528519757,0,0.0,0.9443348419863706,7,95.0
125.0,2,63.0,1.8529411764705883,6.7960597478506735,0,0.0,1.0,0,0.0,0.7977385835747817,2,72.0,0.31419796268491457,0,0.0,0.9805336702177632,2,72.0
130.0,2,73.0,2.0277777777777777,8.063075843870442,0,3.0,0.6262298272309886,0,6.0,0.6963049120710989,2,76.0,0.3580159050728505,0,0.0,0.9692280355683638,2,85.0
135.0,3,86.0,2.324324324324324,8.419779358277914,0,0.0,0.7684762854422558,1,9.0,0.5458212807033139,2,89.0,0.49715673658005244,0,0.0,0.9332461634432587,3,98.0
140.0,4,102.0,2.7567567567567566,9.239386738012811,0,0.0,1.0,2,15.0,0.5709358373075704,2,96.0,0.5617791119281307,0,0.0,0.9512880699449344,4,111.0
145.0,0,0.0,0.0,8.968596537497723,0,0.0,1.0,0,11.0,0.6519421390889888,0,51.0,0.747630862705777,0,0.0,0.9162942009450324,0,62.0
150.0,3,10.0,0.25,9.23817726897995,0,0.0,1.0,1,8.0,0.770212353458233,0,3.0,0.9791059547993485,0,0.0,0.9429824598045724,1,11.0
155.0,3,25.0,0.6578947368421053,8.274039863133865,0,0.0,1.0,1,13.0,0.7623110269320268,0,6.0,0.7471796433116059,0,0.0,0.9361223977863661,1,19.0
160.0,7,53.0,1.4722222222222223,7.210018172436039,0,0.0,1.0,1,18.0,0.6386899631572109,3,15.0,0.47772827024828757,0,0.0,0.9121920014717269,4,33.0
165.0,7,72.0,1.894736842105263,6.117596307214252,0,0.0,1.0,0,0.0,0.5495062239616743,3,27.0,0.5146332585403347,0,0.0,0.9366244881314563,3,27.0
170.0,9,87.0,2.175,5.252437748535664,0,0.0,1.0,0,3.0,0.7262744800498554,4,44.0,0.4777948967670994,0,0.0,0.9422482898464613,4,47.0
175.0,12,135.0,3.292682926829268,5.942390765858851,0,0.0,1.0,0,3.0,0.9394433012609669,6,73.0,0.4380089167210357,0,0.0,0.9534739846147641,6,76.0
180.0,9,101.0,2.4047619047619047,6.11820017084577,0,0.0,1.0,0,3.0,0.918186415756066,8,101.0,0.31711634875578804,0,0.0,0.9604211875936179,8,104.0
185.0,2,23.0,0.5227272727272727,7.099355112846689,0,0.0,1.0,0,3.0,0.9328538028079721,2,52.0,0.41323432635170426,0,0.0,0.9663176724512923,2,55.0
190.0,1,11.0,0.24444444444444444,8.543944823544287,0,6.0,0.6559607106927268,0,9.0,0.7613557996186752,1,28.0,0.6768078995782812,0,0.0,0.9428922197025739,1,43.0
195.0,2,20.0,0.47619047619047616,8.654661195643744,0,6.0,0.0199281011664203,1,13.0,0.6678466132422131,1,16.0,0.6433963723892715,0,0.0,0.956631369081471,2,35.0
200.0,6,46.0,1.0454545454545454,7.987828244606908,2,16.0,0.295887389295247,2,23.0,0.5053246931700505,2,22.0,0.3001965752875284,0,0.0,0.964276463146874,6,61.0
205.0,5,33.0,0.7333333333333333,7.5044603169978785,0,0.0,0.060170481614651376,3,37.0,0.4817417046319318,1,8.0,0.31510120996703767,0,0.0,0.9684530164213442,4,45.0
210.0,5,58.0,1.2608695652173914,7.705644137978746,0,0.0,1.0,3,52.0,0.5321875437088611,1,14.0,0.7112559804949332,0,0.0,0.9676574280224386,4,66.0
215.0,6,86.0,1.9111111111111112,7.515166509072978,0,0.0,1.0,3,67.0,0.5278781541116901,2,22.0,0.46918355420532515,0,0.0,0.9389171346809996,5,89.0
220.0,10,127.0,2.760869565217391,6.6948928350131665,0,0.0,1.0,5,108.0,0.30286671754116923,4,40.0,0.31057240218977006,0,0.0,0.9598210493961122,9,148.0
225.0,3,34.0,0.723404255319149,6.669309586726179,0,0.0,1.0,0,26.0,0.5319363506431852,1,23.0,0.5449173682135918,0,0.0,0.9804710176129149,1,49.0
230.0,1,15.0,0.32608695652173914,7.184910247544227,0,0.0,1.0,0,3.0,0.9763083206539878,1,21.0,0.0,0,0.0,0.9320639824613095,1,24.0
235.0,1,20.0,0.425531914893617,8.241779318316501,0,0.0,1.0,0,6.0,0.9628649311800451,1,32.0,0.6327021120714471,0,0.0,0.9394097808087662,1,38.0
240.0,6,35.0,0.7446808510638298,8.1490303184276,0,0.0,1.0,0,3.0,0.757176067958207,1,37.0,0.7175762662106338,0,0.0,0.9460294052880591,1,40.0
245.0,6,37.0,0.8043478260869565,7.532304085817095,0,0.0,1.0,0,3.0,0.9619510579677774,0,6.0,0.9616351193080933,0,0.0,0.9855392901475996,0,9.0
250.0,1,2.0,0.045454545454545456,8.330630424297366,0,0.0,1.0,0,3.0,0.9325752547522757,1,8.0,0.7709691476558729,0,0.0,0.9884756546491286,1,11.0
255.0,1,7.0,0.15555555555555556,8.35991271602769,0,0.0,1.0,0,3.0,0.6572771187838627,1,8.0,0.8115780390085084,0,0.0,0.9785990296527999,1,11.0
260.0,3,20.0,0.4444444444444444,8.444020629596054,0,0.0,1.0,2,8.0,0.624102590962585,1,22.0,0.7259329510647033,0,0.0,0.9416410742360823,3,30.0
265.0,3,20.0,0.45454545454545453,7.545691685361596,0,0.0,1.0,3,20.0,0.3838582937481557,0,0.0,0.7486019805161405,0,0.0,0.9500995374012143,3,20.0
270.0,0,0.0,0.0,8.147433631239952,0,0.0,1.0,0,3.0,0.7956640461355233,0,0.0,0.8731716764344067,0,0.0,0.9407147561901658,0,3.0
275.0,1,1.0,0.023255813953488372,8.222364839397887,0,0.0,0.8838429360696107,0,3.0,0.9380637022016151,1,1.0,0.619908869600932,0,0.0,0.9425001480670232,1,4.0
280.0,1,6.0,0.13636363636363635,8.44241271526618,0,0.0,1.0,0,3.0,0.8946223676308419,1,9.0,0.7092483984921558,0,0.0,0.9502609788809792,1,12.0
285.0,2,6.0,0.13953488372093023,8.56519698938393,0,0.0,1.0,0,3.0,0.9546142577813739,1,6.0,0.742403072148139,0,0.0,0.9908399447517522,1,9.0
290.0,2,16.0,0.34782608695652173,8.658141396374168,0,0.0,1.0,0,6.0,0.7923291021625624,1,11.0,0.8038506100091246,0,0.0,0.9284393246063933,1,17.0
295.0,2,26.0,0.5531914893617021,8.7607413085659,0,0.0,1.0,0,3.0,0.972083038685133,1,16.0,0.7664092781604737,0,0.0,0.9893228403788369,1,19.0
300.0,5,41.0,0.9534883720930233,7.627394693126426,0,0.0,1.0,1,13.0,0.7279232275070898,2,19.0,0.5667080123009542,0,0.0,0.9975425537121084,3,32.0
305.0,8,77.0,1.8780487804878048,6.864927515435563,0,0.0,1.0,2,21.0,0.4482589271557152,4,37.0,0.3919101769984485,0,0.0,0.9615672082877563,6,58.0
310.0,6,41.0,0.8913043478260869,6.4751032990106125,0,0.0,1.0,3,37.0,0.35584823526852594,3,25.0,0.21808494008746018,0,0.0,0.9737825715111716,6,62.0
315.0,2,25.0,0.5555555555555556,7.337341429902287,0,0.0,1.0,0,12.0,0.734605485764137,2,25.0,0.2790055191879707,0,0.0,0.9917400635111996,2,37.0
320.0,3,40.0,0.9523809523809523,7.7376980528312265,0,0.0,1.0,0,11.0,0.6193973764240353,3,40.0,0.08090396627139966,0,0.0,0.9962329441832045,3,51.0
325.0,6,67.0,1.5227272727272727,7.707670009213587,0,0.0,1.0,2,15.0,0.4895434488049003,4,63.0,0.14738573194814933,0,0.0,0.9815154592221575,6,78.0
330.0,6,97.0,2.1555555555555554,6.450832551302106,0,0.0,1.0,2,25.0,0.46406278322970823,4,83.0,0.18585031899626445,0,0.0,0.9750309230364625,6,108.0
335.0,8,125.0,2.7777777777777777,6.385048737219434,0,0.0,1.0,2,15.0,0.32552489114172084,5,108.0,0.141695508466059,0,0.0,0.9456922586993521,7,123.0
340.0,9,167.0,3.7954545454545454,6.448376400582481,0,0.0,1.0,2,25.0,0.3075677995815515,5,133.0,0.13991939022970107,0,0.0,0.9770294123226441,7,158.0
345.0,8,195.0,4.431818181818182,6.614414971919632,0,0.0,1.0,2,35.0,0.5579064319525499,6,163.0,0.20965330872054644,0,0.0,0.9559893708817085,8,198.0
350.0,2,45.0,1.0227272727272727,6.7795397152308245,0,0.0,1.0,2,45.0,0.5833236895334426,0,31.0,0.4285511378150772,0,0.0,0.9613406923034613,2,76.0
355.0,2,35.0,0.7608695652173914,6.735561308834425,0,3.0,0.6218337942650036,2,58.0,0.38195397490923433,0,12.0,0.5730484653242252,0,0.0,0.9751627347564142,2,73.0
360.0,2,43.0,0.9148936170212766,8.1821805115174,0,0.0,0.7134739264916082,2,49.0,0.6675577556114628,0,3.0,0.9130210031032324,0,0.0,0.9357764546138915,2,52.0
365.0,2,53.0,1.1041666666666667,8.709698926210391,0,0.0,1.0,2,59.0,0.7137045329029095,0,5.0,0.8401758255924623,0,0.0,0.9690498684239466,2,64.0
370.0,4,67.0,1.3673469387755102,8.020894203468226,0,0.0,1.0,2,69.0,0.5796461305957722,1,7.0,0.7641081866076777,0,0.0,0.9437789168929749,3,76.0
375.0,5,77.0,1.6041666666666667,7.77256206673102,0,0.0,1.0,1,64.0,0.6635161443565881,2,13.0,0.5903278083851331,0,0.0,0.9577768880336917,3,77.0
380.0,7,107.0,2.0980392156862746,7.329938201362451,0,0.0,1.0,1,65.0,0.7978858582683587,3,27.0,0.5079632215487058,0,0.0,0.9444818525686998,4,92.0
385.0,11,151.0,2.9038461538461537,6.915586426505249,0,0.0,1.0,3,69.0,0.4775532527760025,3,44.0,0.5317453538538198,0,0.0,0.9633321598530351,6,113.0
390.0,14,215.0,4.134615384615385,6.166683561176692,0,0.0,1.0,5,88.0,0.2862635874474037,4,64.0,0.4805653369787929,0,0.0,0.9733090809905527,9,152.0
395.0,11,254.0,4.884615384615385,5.835586766756861,0,0.0,1.0,1,74.0,0.5582770129322856,5,89.0,0.3637799563604356,0,0.0,0.9700870123051352,6,163.0
400.0,13,317.0,5.660714285714286,6.470656880537914,0,0.0,1.0,1,79.0,0.5970005928746317,7,122.0,0.2776961667500688,0,0.0,0.9566978682760439,8,201.0
405.0,11,222.0,4.269230769230769,6.380592631601483,0,0.0,1.0,2,86.0,0.5734915717045878,7,124.0,0.29805036181482575,0,0.0,0.9362493220793365,9,210.0
410.0,12,224.0,4.48,6.629430585699373,0,0.0,1.0,3,97.0,0.35241641999401924,9,135.0,0.23886095812517824,0,0.0,0.9774092353869221,12,232.0
415.0,11,267.0,4.944444444444445,6.578643520444075,0,0.0,1.0,1,95.0,0.39672833080348086,10,181.0,0.1600370140431128,0,0.0,0.9315683612105532,11,276.0
420.0,12,324.0,6.113207547169812,7.07462759469096,0,0.0,1.0,2,101.0,0.4544833866957578,10,231.0,0.15859040464496552,0,0.0,0.9462616115619159,12,332.0
425.0,5,159.0,3.1176470588235294,6.974858677952948,0,0.0,1.0,2,111.0,0.47827802886243953,3,113.0,0.4401847062445608,0,0.0,0.949485126422271,5,224.0
430.0,2,121.0,2.574468085106383,7.433501388907898,0,6.0,0.6088709245556658,2,127.0,0.4164140719018203,0,57.0,0.6023840351902476,0,0.0,0.9975059309401317,2,190.0
435.0,2,131.0,2.673469387755102,7.983952472900744,0,0.0,0.932271586505194,2,140.0,0.4554888299784406,0,3.0,0.7992059566717686,0,0.0,0.9491042305662379,2,143.0
440.0,4,149.0,3.1041666666666665,8.895598098461125,0,0.0,0.9388830524735884,3,155.0,0.5867600112302984,1,6.0,0.7382168775487992,0,0.0,0.969725409610557,4,161.0
445.0,1,124.0,2.5833333333333335,9.222003470012103,0,0.0,1.0,1,133.0,0.8365481009702318,0,3.0,0.9560764453300792,0,0.0,0.9928184678982073,1,136.0
450.0,3,134.0,2.9130434782608696,7.842332306905804,0,3.0,0.9176018932305549,2,141.0,0.678346385041841,0,3.0,0.678448446619227,0,0.0,0.9941077693725318,2,147.0
455.0,8,165.0,3.75,7.132833769939944,0,0.0,1.0,2,148.0,0.6778248103361557,2,14.0,0.5145054025752108,0,0.0,0.9575164349682881,4,162.0
460.0,10,213.0,4.953488372093023,7.2372625703850355,0,0.0,1.0,3,157.0,0.5467719314209011,2,24.0,0.5588374139710132,0,0.0,0.9189187479691424,5,181.0
465.0,8,221.0,5.1395348837209305,6.570361008592783,0,0.0,1.0,2,145.0,0.47295783386380597,1,19.0,0.6169789292046559,0,0.0,0.9349745464908671,3,164.0
470.0,12,273.0,6.066666666666666,6.173364139163431,0,3.0,0.4477853500037069,3,156.0,0.3439178401552636,4,35.0,0.4075285089082363,0,0.0,0.9267737844472922,7,194.0
475.0,13,313.0,6.804347826086956,5.882451455389331,1,5.0,0.0008631277108026908,4,174.0,0.1950295540737827,4,58.0,0.4007523962252615,0,0.0,0.919169333204115,9,237.0
480.0,17,391.0,8.886363636363637,5.076684683677093,1,10.0,0.0,4,194.0,0.31493669268915975,5,77.0,0.32302983796690593,0,0.0,0.9586490806707652,10,281.0
485.0,17,362.0,8.619047619047619,4.724887301595853,1,15.0,0.0,4,214.0,0.4110216465543614,7,108.0,0.21507607376195348,0,0.0,0.9964509420907475,12,337.0
490.0,12,348.0,7.909090909090909,4.991627928061195,0,0.0,1.0,1,228.0,0.3212358852664359,8,143.0,0.18898133843978257,0,0.0,0.9630682744131855,9,371.0
495.0,7,268.0,5.702127659574468,5.76154238342197,0,0.0,1.0,2,175.0,0.4810499680616782,2,68.0,0.4023240875436562,0,0.0,0.9844634340196384,4,243.0
500.0,7,303.0,6.586956521739131,6.701023107574019,0,6.0,0.5274231216976535,2,191.0,0.5716107788377182,2,51.0,0.47577016475819384,0,0.0,0.9500513947489522,4,248.0
505.0,8,312.0,6.36734693877551,7.435853691408003,0,0.0,0.8858663953904098,3,204.0,0.6072580255495541,2,112.0,0.5383122460363016,0,0.0,0.9822683409678896,5,316.0
510.0,4,261.0,5.22,7.5123579447939495,0,0.0,1.0,1,197.0,0.6577573799420224,3,125.0,0.6000131370358144,0,0.0,0.9493885775106415,4,322.0
515.0,3,203.0,4.06,8.131116599684708,0,0.0,1.0,1,200.0,0.7893249413166968,2,94.0,0.5742277741636351,0,0.0,0.9646864207368545,3,294.0
520.0,2,203.0,4.06,8.414341564275382,0,0.0,1.0,1,205.0,0.7894543921435652,1,7.0,0.7121808637012874,0,0.0,0.9713842892914789,2,212.0
525.0,4,219.0,4.38,8.750674508731274,0,0.0,1.0,1,210.0,0.8068475524635936,2,16.0,0.6565408309399542,0,0.0,0.9540015332171272,3,226.0
530.0,5,30.0,0.6122448979591837,7.411458544492931,0,0.0,1.0,2,10.0,0.6720146331131854,3,29.0,0.407039417226246,0,0.0,0.53579846907565,5,39.0
535.0,7,64.0,1.3333333333333333,7.203603770244878,0,0.0,1.0,2,20.0,0.4321747241473008,4,52.0,0.45302738919477537,1,4.0,0.49791054313555094,7,76.0
540.0,9,104.0,2.1666666666666665,6.778087528884321,0,0.0,1.0,3,34.0,0.39815288434851803,4,72.0,0.32396860511501024,1,9.0,0.4814217827969475,8,115.0
545.0,11,142.0,2.84,6.506219575522362,0,0.0,1.0,5,55.0,0.3346412343602175,6,101.0,0.24602313369113185,0,0.0,0.9616097795181263,11,156.0
550.0,7,127.0,2.5918367346938775,7.0701803930147245,0,0.0,1.0,0,11.0,0.7752413496995125,7,138.0,0.23722763492121135,0,0.0,0.9437024141582451,7,149.0
555.0,10,167.0,3.4791666666666665,6.807363845653626,0,0.0,1.0,1,1.0,0.5793383855857285,9,177.0,0.13032543612876146,0,0.0,0.9421160399838298,10,178.0
560.0,11,221.0,4.333333333333333,6.789591026565894,0,0.0,1.0,1,5.0,0.5329214864843528,10,229.0,0.2679709974990554,0,0.0,0.9302823751502592,11,234.0
565.0,16,290.0,5.576923076923077,6.697123606518452,0,0.0,1.0,2,13.0,0.3933980745993491,11,280.0,0.27933389917384793,0,0.0,0.9798484213729192,13,293.0
570.0,16,350.0,6.862745098039215,6.0430329369145355,0,0.0,1.0,0,0.0,0.9702215161933674,11,335.0,0.28414700179906593,0,0.0,0.9828253930161148,11,335.0
575.0,9,116.0,2.230769230769231,6.327182316305102,0,0.0,1.0,0,0.0,0.940335938234724,3,167.0,0.4053046567619678,0,0.0,0.9277804189608124,3,167.0
580.0,6,106.0,2.0784313725490198,7.314518957762198,0,9.0,0.7094319993141944,0,9.0,0.8052549812324348,3,90.0,0.6590917617347455,0,0.0,0.9814127106525936,3,108.0
585.0,7,139.0,2.8958333333333335,7.818309934579936,0,0.0,0.6875393805692935,1,18.0,0.7634488586859736,3,102.0,0.5615572076956991,0,0.0,0.9920340359442885,4,120.0
590.0,9,181.0,3.7708333333333335,7.7637642216963245,0,0.0,0.9557288619783939,1,17.0,0.7863864256120214,4,116.0,0.31784485598190937,0,0.0,0.9369840500804824,5,133.0
595.0,12,231.0,4.62,6.673795551930275,0,0.0,1.0,2,22.0,0.6706111810905645,4,136.0,0.3814625959214374,0,0.0,0.9561290170072798,6,158.0
600.0,12,183.0,3.519230769230769,6.568669209125711,0,0.0,1.0,2,31.0,0.6416970894430416,2,96.0,0.4950700508915781,0,0.0,0.9568874471415011,4,127.0
605.0,14,248.0,4.862745098039215,6.466612952634509,0,3.0,0.889790697142564,2,41.0,0.703404470474724,3,52.0,0.419517292359113,0,0.0,0.981813623759233,5,96.0
610.0,14,281.0,5.62,5.801290053555144,0,0.0,1.0,0,0.0,0.9485871767398751,5,72.0,0.20821671375387257,0,0.0,0.9261211450159648,5,72.0
615.0,16,354.0,7.08,5.705548859664145,0,0.0,1.0,0,0.0,0.9623317916021641,6,99.0,0.22100812171422396,0,0.0,0.9182706333051247,6,99.0
620.0,12,257.0,5.354166666666667,6.059212915517812,0,0.0,1.0,0,0.0,0.9672235364994416,4,88.0,0.42862566188378554,0,0.0,0.9680816230713086,4,88.0
625.0,11,254.0,5.521739130434782,5.924373553055128,0,0.0,1.0,0,0.0,0.9887141837353461,3,65.0,0.4208592633103538,0,0.0,0.9318695998026034,3,65.0
630.0,9,118.0,2.4583333333333335,6.40804539879813,0,0.0,1.0,0,0.0,0.9660975493147925,5,84.0,0.37544173680528725,0,0.0,0.9380785660373403,5,84.0
635.0,7,107.0,2.3260869565217392,6.1731713366828105,0,0.0,1.0,0,0.0,0.6383206591498843,6,112.0,0.30636564925392573,0,0.0,0.9957321060467824,6,112.0
640.0,3,21.0,0.45652173913043476,6.056519308859788,0,0.0,1.0,1,5.0,0.6440894177909859,2,67.0,0.4313624851163404,0,0.0,0.7411689803294044,3,72.0
645.0,1,10.0,0.2222222222222222,6.833313009773194,0,0.0,1.0,1,16.0,0.633149176620312,0,7.0,0.7865274227542428,0,0.0,0.9704934951528628,1,23.0
650.0,1,1.0,0.021739130434782608,7.9059688448313015,0,0.0,1.0,0,6.0,0.9627531999590453,0,0.0,0.929629002511076,0,0.0,0.9711086159082012,0,6.0
655.0,1,2.0,0.043478260869565216,8.244805117769038,0,0.0,1.0,0,10.0,0.9316783176879504,0,0.0,0.9542116663416408,0,0.0,0.995482342690408,0,10.0
660.0,4,9.0,0.1956521739130435,7.921977871367502,0,0.0,0.959898355284189,0,10.0,0.9634946229683814,0,3.0,0.9711308427835845,0,0.0,0.9932329745624385,0,13.0
665.0,2,5.0,0.10869565217391304,7.700115891697944,0,0.0,1.0,0,6.0,0.7935312104364485,0,3.0,0.9790951881281479,0,0.0,0.9861987277645821,0,9.0
670.0,0,0.0,0.0,7.620836615100074,0,0.0,1.0,0,6.0,0.8066034594945871,0,3.0,0.6602624870680277,0,0.0,0.9369213304993991,0,9.0
675.0,4,17.0,0.3541666666666667,7.83204628982822,0,0.0,1.0,1,11.0,0.7339949430306002,1,8.0,0.7288043349529362,0,0.0,0.9719770505266866,2,19.0
680.0,7,43.0,0.8958333333333334,6.580105882418475,0,0.0,1.0,3,20.0,0.5442217313402012,1,13.0,0.37518245033697195,0,0.0,0.9588564548510823,4,33.0
685.0,8,65.0,1.2745098039215685,6.6290456585874695,0,0.0,1.0,4,35.0,0.3034646489749371,0,0.0,0.9089493629328567,0,0.0,0.9266124288046337,4,35.0
690.0,3,46.0,0.9583333333333334,7.713527372158523,0,0.0,0.520259160693118,0,3.0,0.5055552213513254,0,0.0,0.9739006561708428,0,0.0,0.97618459927899,0,3.0
695.0,1,4.0,0.0851063829787234,8.25616372989477,0,0.0,1.0,1,4.0,0.6538768827536264,0,0.0,0.7152027837666999,0,0.0,0.9471633518992655,1,4.0
700.0,3,13.0,0.2708333333333333,8.417901002703823,0,0.0,1.0,2,11.0,0.5926367689422803,1,7.0,0.5670151355146668,0,0.0,0.9615423865993523,3,18.0
705.0,4,25.0,0.4716981132075472,8.40808115395787,0,0.0,1.0,2,21.0,0.6707853824424198,0,6.0,0.7703121152360725,0,0.0,0.9310674047626815,2,27.0
710.0,4,20.0,0.38461538461538464,8.261768655352219,0,0.0,1.0,0,0.0,0.6738170755869423,2,13.0,0.4354406123567211,0,0.0,0.9539729193356635,2,13.0
715.0,5,27.0,0.5294117647058824,8.515318282042386,0,0.0,1.0,1,5.0,0.8079347113910464,4,29.0,0.3588897141152384,0,0.0,0.9289949515435214,5,34.0
720.0,6,54.0,1.125,8.327434374050059,0,0.0,1.0,1,17.0,0.6705380470958748,5,54.0,0.43000656877756743,0,0.0,0.9697578694316968,6,71.0
725.0,8,54.0,1.125,7.343917387709773,0,0.0,1.0,4,29.0,0.22933689660405857,2,40.0,0.543910321062759,0,0.0,0.9308278910721756,6,69.0
730.0,5,53.0,1.0816326530612246,7.368111522938185,0,0.0,1.0,0,37.0,0.34364117846130376,2,41.0,0.512745986168046,0,0.0,0.958183051282521,2,78.0
735.0,8,85.0,1.7,7.768046643198386,0,0.0,1.0,0,3.0,0.9160541530819727,5,58.0,0.2703829297389639,0,0.0,0.9613811119791672,5,61.0
740.0,9,127.0,2.54,7.25282982094212,0,0.0,1.0,0,3.0,0.9411526791534346,5,85.0,0.3227112557565429,0,0.0,0.950717956818036,5,88.0
745.0,16,197.0,4.104166666666667,6.562210164418843,0,0.0,1.0,0,0.0,0.9674637608035423,6,112.0,0.38121605827541155,0,0.0,0.8787762481074607,6,112.0
750.0,16,179.0,3.58,6.165798611946426,0,0.0,1.0,1,2.0,0.7179679388537747,5,102.0,0.30679396589348457,0,0.0,0.9094252931274852,6,104.0
755.0,10,95.0,2.021276595744681,6.3083449791605775,0,0.0,1.0,3,10.0,0.15623782645458795,2,63.0,0.4740345814809503,0,0.0,0.9153060829075453,5,73.0
760.0,10,133.0,2.891304347826087,7.169287112131696,0,0.0,1.0,4,29.0,0.0870076339543804,2,43.0,0.5703425284118621,0,0.0,0.927745397338912,6,72.0
765.0,13,190.0,4.222222222222222,6.013359335057343,0,0.0,0.9743787891057003,4,49.0,0.14723278615480598,3,50.0,0.38061305510253923,0,0.0,0.9496977390059412,7,99.0
770.0,16,229.0,5.325581395348837,5.05655953191158,0,0.0,1.0,5,73.0,0.15492507932292446,4,31.0,0.04445935211628118,0,0.0,0.9373935418362349,9,104.0
775.0,15,220.0,4.888888888888889,5.191797364933318,0,0.0,1.0,0,8.0,0.6774882371276022,6,61.0,0.0014328859856412646,2,1.0,0.3205775450220866,8,70.0
780.0,14,278.0,6.465116279069767,5.2871694066393955,0,0.0,1.0,0,0.0,0.9738590701575169,7,99.0,0.16515566973479348,1,6.0,0.24932415128198177,8,105.0
785.0,15,332.0,7.72093023255814,5.500878961454664,0,0.0,1.0,0,0.0,0.7146212750582871,8,139.0,0.18904389065744603,1,11.0,0.48052037957768173,9,150.0
790.0,13,263.0,6.116279069767442,5.861101102091948,0,0.0,1.0,0,0.0,0.962412010015934,8,179.0,0.33951183541128793,1,16.0,0.46484980609220555,9,195.0
795.0,9,230.0,5.0,5.9554773265867125,0,0.0,1.0,0,0.0,0.6616109436088077,8,219.0,0.3616111576853597,1,21.0,0.660023558296272,9,240.0
800.0,10,279.0,6.065217391304348,6.138987016330179,0,0.0,1.0,1,4.0,0.4691239290458513,8,259.0,0.36810439331124734,1,26.0,0.6422496021271892,10,289.0
805.0,11,331.0,7.5227272727272725,6.455958468208641,0,0.0,1.0,1,36.0,0.5489282034021916,8,296.0,0.36335114200882096,1,31.0,0.6434359383243877,10,363.0
810.0,12,388.0,8.622222222222222,6.453789158893083,0,0.0,1.0,1,63.0,0.6640542118638038,9,338.0,0.2971668308330725,1,36.0,0.6282483276338341,11,437.0
815.0,5,116.0,2.4680851063829787,6.330327302416721,0,0.0,1.0,2,20.0,0.47915340357696734,1,133.0,0.2270556158761303,1,41.0,0.693271324177692,4,194.0
820.0,1,17.0,0.3541666666666667,8.13995245219927,0,6.0,0.7561319647293991,0,3.0,0.7181813740295967,0,47.0,0.5440487655040891,0,0.0,0.9723737823626639,0,56.0
825.0,1,2.0,0.041666666666666664,9.219251469635955,0,0.0,0.8082584846558832,1,11.0,0.7387002440991833,0,0.0,0.49239177134257983,0,0.0,0.9538627240617736,1,11.0
830.0,2,9.0,0.1836734693877551,9.789138033242963,0,0.0,1.0,2,18.0,0.6985950192324504,0,6.0,0.89973615847933,0,0.0,0.950066097606299,2,24.0
835.0,4,25.0,0.5,9.26688137856503,0,0.0,1.0,4,34.0,0.6166583267230997,0,6.0,0.9468057995201054,0,0.0,0.9554591796544696,4,40.0
840.0,5,46.0,0.9019607843137255,9.500097175062075,0,0.0,1.0,4,51.0,0.5786626113961721,1,37.0,0.7977258389265798,0,0.0,0.9626021504805803,5,88.0
845.0,7,73.0,1.46,8.182221080268329,0,0.0,1.0,4,74.0,0.6113129899875702,3,45.0,0.5070989286809456,0,0.0,0.934996760407809,7,119.0
850.0,5,27.0,0.5510204081632653,7.791159889021598,0,0.0,1.0,0,43.0,0.5162225683795717,5,61.0,0.359416039711967,0,0.0,0.9369945553736693,5,104.0
855.0,6,34.0,0.7083333333333334,7.774224425714761,0,0.0,1.0,3,20.0,0.42425986062763904,2,41.0,0.3544810018002247,0,0.0,0.969099534243982,5,61.0
860.0,8,64.0,1.3617021276595744,8.101598110849958,0,0.0,1.0,4,38.0,0.2699946548603692,3,25.0,0.20031788647263085,0,0.0,0.9502926083068941,7,63.0
865.0,11,111.0,2.3125,7.6596311077656205,0,0.0,1.0,5,59.0,0.23600093870979133,4,44.0,0.19721525921410082,0,0.0,0.9770338003484595,9,103.0
870.0,8,93.0,1.9375,6.8479668658882105,0,0.0,1.0,1,9.0,0.3902034197302897,4,64.0,0.043534867235682964,0,0.0,0.9456089375314114,5,73.0
875.0,9,138.0,3.066666666666667,7.095089856951557,0,0.0,1.0,1,9.0,0.6499370019701468,4,84.0,0.1998104750718491,0,0.0,0.9838959317454341,5,93.0
880.0,10,185.0,4.111111111111111,7.2555515170861655,0,0.0,1.0,1,14.0,0.4234139362126023,5,109.0,0.23736596006066796,0,0.0,0.9782636021908517,6,123.0
885.0,12,239.0,5.195652173913044,6.6249137797755235,0,0.0,1.0,2,22.0,0.31196330218251483,6,135.0,0.438857948828816,0,0.0,0.9635261647605227,8,157.0
890.0,12,295.0,6.145833333333333,7.139277228753907,0,0.0,1.0,1,24.0,0.5532945134866344,6,165.0,0.5078293551541522,0,0.0,0.9341666407179808,7,189.0
895.0,6,164.0,3.3469387755102042,6.903392402625442,0,0.0,1.0,1,29.0,0.6409519031312682,0,29.0,0.6505372043128095,0,0.0,0.9342314112553032,1,58.0
900.0,9,202.0,4.488888888888889,6.556692821228825,0,6.0,0.5969413283514902,1,38.0,0.6260284347518188,3,14.0,0.5363401176233881,0,0.0,0.9514699521211931,4,58.0
905.0,10,249.0,5.297872340425532,6.798570306299855,0,0.0,0.8212100180394412,1,46.0,0.6807157261721657,4,28.0,0.32316009890547076,0,0.0,0.9416609575110634,5,74.0
910.0,7,187.0,4.155555555555556,7.203600973900916,0,0.0,1.0,1,51.0,0.737466488868749,4,48.0,0.32567668220176843,0,0.0,0.9328663407603088,5,99.0
915.0,7,191.0,4.1521739130434785,7.131369577879017,0,0.0,1.0,1,56.0,0.8047646570384138,3,49.0,0.22958306119291283,0,0.0,0.9377385554732405,4,105.0
920.0,6,144.0,3.0638297872340425,7.618416956543272,0,0.0,1.0,1,61.0,0.7084120257315976,3,38.0,0.4516035163721012,0,0.0,0.9826454891851277,4,99.0
925.0,7,115.0,2.5,7.24791528370171,0,0.0,1.0,3,71.0,0.5878214779506407,4,53.0,0.4731601999867381,0,0.0,0.9467857462597161,7,124.0
930.0,8,138.0,3.1363636363636362,6.74511986714503,0,0.0,1.0,3,73.0,0.5370255491002917,5,75.0,0.2514165586229593,0,0.0,0.9731851436047109,8,148.0
935.0,9,158.0,3.761904761904762,6.127587789996203,0,0.0,1.0,4,87.0,0.28901869055445706,3,127.0,0.3170887987743823,0,0.0,0.9559406548754864,7,214.0
940.0,8,191.0,4.441860465116279,6.2802902769101205,0,0.0,1.0,4,157.0,0.35956623201994803,4,140.0,0.41022248392753863,0,0.0,0.9757068752612243,8,297.0
945.0,10,237.0,5.386363636363637,6.640331923452362,0,0.0,1.0,6,183.0,0.45755448527245024,4,157.0,0.4086243953664276,0,0.0,0.9627496390367448,10,340.0
950.0,6,213.0,4.840909090909091,6.966813145864151,0,0.0,1.0,1,96.0,0.7216472745036576,4,177.0,0.18498831476707972,0,0.0,0.9626728958144257,5,273.0
955.0,4,142.0,3.227272727272727,7.114696674366585,0,0.0,1.0,2,96.0,0.6479086399821935,2,139.0,0.25022503414876646,0,0.0,0.9397058569822239,4,235.0
960.0,2,100.0,2.2222222222222223,8.238936666458141,0,3.0,0.9969956162411308,2,106.0,0.6700992752985009,0,73.0,0.7758768639409677,0,0.0,0.9821361602201008,2,182.0
965.0,2,110.0,2.619047619047619,9.005845130876613,0,0.0,1.0,2,157.0,0.731288132394718,0,3.0,0.8352248153308397,0,0.0,0.9819844605544757,2,160.0
970.0,4,127.0,3.0238095238095237,8.712267286779374,0,0.0,1.0,2,120.0,0.6011763110885235,2,10.0,0.48512568208983775,0,0.0,0.9473731037362334,4,130.0
975.0,4,135.0,3.2142857142857144,8.12503628769917,0,0.0,1.0,4,135.0,0.5179344287834075,0,3.0,0.9891658739954513,0,0.0,0.970772137937339,4,138.0
980.0,7,163.0,4.2894736842105265,7.769025570130376,0,0.0,1.0,5,161.0,0.2816192447516144,1,4.0,0.6611788618655092,0,0.0,0.9847139195056903,6,165.0
985.0,8,203.0,5.486486486486487,7.832889561416115,0,0.0,1.0,6,191.0,0.40559389422185566,1,9.0,0.7172224800161373,0,0.0,0.9664541139342826,7,200.0
990.0,4,162.0,4.153846153846154,7.817211766563128,0,0.0,0.9770040197507811,2,164.0,0.6000737348505373,1,11.0,0.6528590857313514,0,0.0,0.9427067826277836,3,175.0
995.0,4,165.0,4.230769230769231,8.385714158797157,0,0.0,1.0,2,133.0,0.7098867981989126,1,16.0,0.5416642736699252,0,0.0,0.991726607438855,3,149.0
1000.0,4,163.0,4.075,8.93152386819352,0,0.0,1.0,2,143.0,0.7408978360224574,2,23.0,0.4118464684718042,0,0.0,0.9764726179759085,4,166.0
1005.0,4,183.0,4.6923076923076925,9.024780809093373,0,0.0,1.0,2,153.0,0.6781329733594508,2,33.0,0.4738598360847954,0,0.0,0.9798063101824221,4,186.0
1010.0,4,203.0,4.72093023255814,7.752906161550548,0,0.0,1.0,2,163.0,0.33252702888511626,2,43.0,0.5811020737909259,0,0.0,0.9490438457156177,4,206.0
1015.0,6,218.0,5.317073170731708,7.504449257344435,0,0.0,1.0,5,185.0,0.1182114114022349,1,36.0,0.7620190980471203,0,0.0,0.9692502782958328,6,221.0
1020.0,8,254.0,6.195121951219512,7.436467264676691,0,0.0,0.9654575745292469,6,215.0,0.11900343131619294,1,41.0,0.6843408741812981,0,0.0,0.9393983582130594,7,256.0
1025.0,7,288.0,6.857142857142857,7.516504260058187,0,0.0,1.0,6,248.0,0.35271435167796483,1,46.0,0.6948928453598191,0,0.0,0.9891816092405001,7,294.0
1030.0,8,325.0,7.558139534883721,7.447784614025562,0,0.0,1.0,6,278.0,0.4730565362159614,1,51.0,0.6354916408922692,0,0.0,0.9504777164546749,7,329.0
1035.0,8,365.0,8.295454545454545,7.567276431883434,0,0.0,1.0,6,308.0,0.41144792909447364,1,56.0,0.6574964522603975,0,0.0,0.9771380457110795,7,364.0
1040.0,3,247.0,5.744186046511628,6.738680163928446,0,0.0,1.0,1,201.0,0.6071706764396128,1,61.0,0.02045110805685827,0,0.0,0.9567990047623169,2,262.0
1045.0,5,258.0,6.2926829268292686,7.427690175109705,0,0.0,1.0,2,185.0,0.6512739861439987,3,76.0,9.183243436645904e-06,0,0.0,0.9649057990453953,5,261.0
1050.0,6,287.0,7.358974358974359,7.7943168237031095,0,0.0,1.0,3,196.0,0.5882021657145781,3,97.0,0.47419366646390904,0,0.0,0.9389258255172505,6,293.0
1055.0,8,324.0,8.1,7.310319045866836,0,0.0,1.0,4,215.0,0.3566442173855546,4,115.0,0.4065284406157802,0,0.0,0.9203733484199755,8,330.0
1060.0,4,302.0,7.55,7.274944700642631,0,0.0,1.0,3,221.0,0.3835825609407304,1,87.0,0.7092226950124706,0,0.0,0.9532934679589931,4,308.0
1065.0,5,325.0,7.926829268292683,7.291986630464596,0,0.0,1.0,4,242.0,0.19690505250846507,1,92.0,0.7597207093343336,0,0.0,0.9638034888720183,5,334.0
1070.0,7,356.0,9.368421052631579,7.1802653697079695,0,0.0,1.0,5,267.0,0.2748337917369378,1,97.0,0.8289288832976439,0,0.0,0.9746014349822328,6,364.0
1075.0,7,391.0,10.289473684210526,6.967421774512412,0,0.0,1.0,5,292.0,0.3678326811815757,1,99.0,0.6992314287357453,0,0.0,0.9850504854108435,6,391.0
1080.0,6,396.0,10.421052631578947,6.948465199044983,0,0.0,0.9905836886997947,3,284.0,0.5118631734803,1,101.0,0.39078045767369324,0,0.0,0.9822241075204278,4,385.0
1085.0,6,415.0,10.375,7.238827481128652,0,0.0,1.0,3,299.0,0.5705142991353073,2,111.0,0.3235311529697167,0,0.0,0.9105452010496176,5,410.0
1090.0,9,454.0,10.80952380952381,6.5952823939676035,0,0.0,1.0,4,315.0,0.4822543589801771,2,124.0,0.4795918881361572,0,0.0,0.9365057049593342,6,439.0
1095.0,10,504.0,12.0,6.479606095563915,0,0.0,1.0,4,332.0,0.33718751073044617,3,139.0,0.45973570574964295,0,0.0,0.9265322933942555,7,471.0
1100.0,7,513.0,11.4,6.753750019686591,0,0.0,1.0,3,341.0,0.4373602411033845,1,124.0,0.6553831981025088,0,0.0,0.9163736646695829,4,465.0
1105.0,8,508.0,11.28888888888889,6.47599959840052,0,0.0,0.9122756517281901,5,363.0,0.21226756272115183,1,129.0,0.7509513952894464,0,0.0,0.9516480013060072,6,492.0
1110.0,6,516.0,12.285714285714286,6.944515002861571,0,0.0,1.0,5,388.0,0.36001012502008706,1,137.0,0.7008745837174473,0,0.0,0.9833275041187266,6,525.0
1115.0,6,546.0,12.69767441860465,7.576014294436026,0,0.0,0.9573633227838355,5,413.0,0.42570500503897546,1,139.0,0.6341481648685886,0,0.0,0.9134518063727808,6,552.0
1120.0,4,542.0,12.044444444444444,7.956960771178023,0,0.0,1.0,3,404.0,0.5770371273773607,1,144.0,0.628518541649768,0,0.0,0.9502385596970823,4,548.0
1125.0,4,562.0,12.772727272727273,8.308681685263013,0,0.0,1.0,3,419.0,0.4765262023396688,1,149.0,0.7778927742680906,0,0.0,0.9784440440397738,4,568.0
1130.0,6,589.0,13.088888888888889,7.835040176333475,0,0.0,1.0,4,439.0,0.3643651775809287,2,159.0,0.6947799433704868,0,0.0,0.9818307739904488,6,598.0
1135.0,7,624.0,13.27659574468085,7.5610168728892315,0,0.0,0.8553175619706456,5,461.0,0.2834937765973935,2,166.0,0.6106757385190379,0,0.0,0.9816512474115137,7,627.0
1140.0,5,488.0,10.608695652173912,7.701574105205777,0,0.0,1.0,4,476.0,0.3126526872041691,1,15.0,0.5986766411889805,0,0.0,0.967059975073225,5,491.0
1145.0,8,526.0,11.954545454545455,7.692532417444666,0,0.0,1.0,4,499.0,0.40799144929103054,4,33.0,0.5622038656149977,0,0.0,0.9722564584298493,8,532.0
1150.0,9,567.0,13.186046511627907,6.794066473432019,0,0.0,1.0,5,520.0,0.3640817785416427,4,56.0,0.513862616630664,0,0.0,0.9292274853913498,9,576.0
1155.0,12,623.0,14.488372093023257,6.551064746121277,0,0.0,1.0,5,545.0,0.42505642250426773,5,78.0,0.39770237699676864,0,0.0,0.8565881896890298,10,623.0
1160.0,5,567.0,13.5,6.692151497206926,0,0.0,1.0,5,586.0,0.35364812604614815,0,25.0,0.5753981755493234,0,0.0,0.8394222293546139,5,611.0
1165.0,5,592.0,13.454545454545455,7.7002504778544525,0,0.0,1.0,5,595.0,0.4193768604200796,0,3.0,0.780371784537055,0,0.0,0.86042827995891,5,598.0
1170.0,7,621.0,14.785714285714286,7.262315945797987,1,4.0,0.1945754526896174,6,626.0,0.367058634437386,0,3.0,0.940875039588484,0,0.0,0.8302419280191021,7,633.0
1175.0,10,669.0,15.204545454545455,7.354887560211531,3,17.0,3.693330647188949e-05,7,661.0,0.3972184287070892,0,0.0,0.9512104456721013,0,0.0,0.8632907997603828,10,678.0
1180.0,6,669.0,15.204545454545455,7.246233271335407,0,0.0,0.09623246540651148,5,673.0,0.47580392503878316,0,0.0,0.9360559493157169,0,0.0,0.900491001547803,5,673.0
1185.0,7,704.0,15.644444444444444,7.993730273403023,0,0.0,1.0,5,698.0,0.513640221022032,0,0.0,0.8271457140926882,0,0.0,0.9629402585712545,5,698.0
1190.0,10,747.0,16.23913043478261,7.936033645400699,0,0.0,1.0,5,723.0,0.5532430858697385,2,4.0,0.5752965427684283,0,0.0,0.9456854630557066,7,727.0
1195.0,12,800.0,17.77777777777778,7.332243812491099,0,0.0,1.0,7,751.0,0.2559317360383494,2,14.0,0.5749639210938431,0,0.0,0.9246269002760382,9,765.0
1200.0,8,823.0,17.891304347826086,6.797297510638385,0,0.0,1.0,5,769.0,0.1421664099951523,0,10.0,0.6587115639900007,0,0.0,0.914680937106249,5,779.0
1205.0,9,864.0,19.636363636363637,6.690997853826942,0,0.0,0.9981663886761921,5,792.0,0.2486086434939711,0,0.0,1.0,0,0.0,0.9576671783388179,5,792.0
1210.0,9,909.0,20.2,7.635915321789163,0,0.0,1.0,5,820.0,0.38380297457655466,0,3.0,0.9268951819979331,0,0.0,0.9805648936966689,5,823.0
1215.0,9,954.0,20.73913043478261,7.105211853743788,0,0.0,1.0,5,845.0,0.46848072749756237,0,3.0,0.9779133334966168,0,0.0,0.9411693696338131,5,848.0
1220.0,12,971.0,20.229166666666668,6.627055906533303,0,0.0,1.0,5,870.0,0.482318207096396,0,3.0,0.9611507253589264,0,0.0,0.9362879690113831,5,873.0
1225.0,11,1005.0,20.510204081632654,7.3361994562129365,0,0.0,1.0,5,895.0,0.48436739631360803,0,3.0,0.9477354459454389,0,0.0,0.9774064911319189,5,898.0
1230.0,12,1061.0,24.113636363636363,6.769104659698803,0,0.0,1.0,6,921.0,0.3575757105548337,0,3.0,0.9097479097573012,0,0.0,0.9365428836989812,6,924.0
1235.0,13,1004.0,22.31111111111111,5.878622026361145,0,0.0,1.0,7,953.0,0.29284524436212095,2,7.0,0.48865964364698206,0,0.0,0.9950879456453398,9,960.0
1240.0,10,1001.0,23.27906976744186,5.184860763935617,0,0.0,1.0,7,988.0,0.17722018907980744,3,19.0,0.009866396256386707,0,0.0,0.9663712152593349,10,1007.0
1245.0,6,1004.0,21.82608695652174,6.170098680034635,0,0.0,1.0,5,995.0,0.24539933871311337,1,12.0,0.0,0,0.0,0.9633373390857561,6,1007.0
1250.0,6,1034.0,22.977777777777778,7.279197837975754,0,6.0,0.6362321999726319,5,1017.0,0.1576633244064086,1,17.0,0.48819870704749696,0,0.0,0.9785739872242212,6,1040.0
1255.0,8,1070.0,23.77777777777778,7.426165033826428,1,7.0,0.006576244634861806,6,1050.0,0.22389281666477467,1,25.0,0.6410713465538592,0,0.0,0.9658105116534235,8,1082.0
1260.0,7,1104.0,24.0,7.77076054664908,0,0.0,1.0,6,1080.0,0.3273585230393518,1,46.0,0.6313699726629489,0,0.0,0.9260824447954006,7,1126.0
1265.0,7,1126.0,23.458333333333332,7.395860629075595,0,0.0,1.0,6,1097.0,0.33755138507516513,1,39.0,0.6206899403446211,0,0.0,0.9567185751895627,7,1136.0
1270.0,7,1161.0,23.693877551020407,8.03643331171173,0,0.0,0.9436968816534591,6,1127.0,0.41443060287481576,1,40.0,0.6141246931803278,0,0.0,0.9385377437532516,7,1167.0
1275.0,9,1202.0,25.041666666666668,8.149557959811087,0,0.0,1.0,6,1173.0,0.48922966861383294,3,51.0,0.4786004751003215,0,0.0,0.9519098427718733,9,1224.0
1280.0,11,1251.0,26.617021276595743,7.475952717711337,0,0.0,1.0,7,1205.0,0.4560083283658262,4,68.0,0.2849818787856244,0,0.0,0.7962456149380852,11,1273.0
1285.0,14,1269.0,27.58695652173913,6.672705518971486,0,0.0,1.0,8,1227.0,0.2798211842612472,5,45.0,0.3392479894343762,1,3.0,0.46043248048657465,14,1275.0
1290.0,16,1345.0,29.23913043478261,6.409057824755044,0,0.0,1.0,10,1273.0,0.20801841071985383,5,70.0,0.3392560686620264,1,8.0,0.48099643378218637,16,1351.0
1295.0,17,1429.0,30.404255319148938,6.3744751976200185,0,0.0,1.0,10,1323.0,0.08561103521001928,6,99.0,0.4109083312838932,1,13.0,0.577678714940874,17,1435.0
1300.0,18,1516.0,30.93877551020408,6.1784033417521185,0,0.0,1.0,11,1375.0,0.023723615798821998,6,129.0,0.41769864624929975,1,18.0,0.7344138231127676,18,1522.0
1305.0,14,1477.0,30.142857142857142,5.604760001963292,0,0.0,1.0,11,1430.0,0.059038670325741095,1,56.0,0.5562681837269379,1,23.0,0.6231851327326083,13,1509.0
1310.0,7,1328.0,26.03921568627451,6.482558911902145,0,0.0,1.0,5,1346.0,0.25243653609238215,0,26.0,0.8264428488042839,0,0.0,0.9472008424888454,5,1372.0
1315.0,10,1371.0,27.979591836734695,7.1230273809747136,1,7.0,0.06974678489523743,5,1348.0,0.4836548053012681,1,2.0,0.465118929030597,0,0.0,0.9380659205636913,7,1357.0
1320.0,12,1427.0,29.729166666666668,7.464042967526748,2,17.0,1.495450425085114e-05,5,1373.0,0.5054098120728068,1,16.0,0.7869930790073286,0,0.0,0.9651335952576614,8,1406.0
1325.0,14,1477.0,32.108695652173914,6.5805088200554245,0,0.0,1.0,5,1398.0,0.4854790430979842,3,27.0,0.5867522451756416,0,0.0,0.9303525664454484,8,1425.0
1330.0,12,519.0,11.042553191489361,6.253340071211836,0,0.0,1.0,2,670.0,0.5095063526430048,3,42.0,0.6539199369697236,0,0.0,0.9909372174956395,5,712.0
1335.0,10,179.0,3.5098039215686274,6.599314099677649,0,0.0,1.0,1,397.0,0.6419109022663604,3,60.0,0.6385830109333631,0,0.0,0.9704799173420066,4,457.0
1340.0,9,119.0,2.4285714285714284,6.919118912816178,0,0.0,1.0,3,23.0,0.45451455650336775,4,78.0,0.6234901098932131,0,0.0,0.9629850932644121,7,101.0
1345.0,11,128.0,2.4615384615384617,6.752426889249912,0,0.0,1.0,4,43.0,0.47394561837051796,4,65.0,0.5208420805797117,0,0.0,0.9471102959994878,8,108.0
1350.0,6,73.0,1.4038461538461537,6.554080136947015,1,1.0,0.1157971189224641,2,76.0,0.34381036898809664,2,44.0,0.6194957549213852,0,0.0,0.9220189140564755,5,121.0
1355.0,10,107.0,2.0576923076923075,7.1669129554604485,3,15.0,0.0,5,98.0,0.3416585477296384,2,54.0,0.6766377990458509,0,0.0,0.9776084402776409,10,167.0
1360.0,10,157.0,3.019230769230769,7.169792204784421,3,30.0,0.01846063681034062,5,70.0,0.3260655302229738,2,67.0,0.7108164374860798,0,0.0,0.9601675479473604,10,167.0
1365.0,11,175.0,3.3653846153846154,6.024370724032083,0,0.0,0.3766590712648868,6,100.0,0.3175709885056522,2,74.0,0.6341127683174191,0,0.0,0.793312561858629,8,174.0
1370.0,8,128.0,2.327272727272727,6.424695199510066,0,0.0,1.0,3,70.0,0.4482285150019921,2,84.0,0.6283917256781497,0,0.0,0.7776044730153617,5,154.0
1375.0,5,88.0,1.6296296296296295,8.15278426354696,0,0.0,1.0,1,6.0,0.7490555794755263,1,65.0,0.6328444427431033,0,0.0,0.8719199578209276,2,71.0
1380.0,4,82.0,1.5471698113207548,8.497704482202286,0,0.0,1.0,3,18.0,0.5558315543640853,1,73.0,0.7281080745804249,0,0.0,0.8108403710094617,4,91.0
1385.0,6,106.0,1.962962962962963,8.317461266637778,0,0.0,1.0,3,33.0,0.5802678229623821,2,76.0,0.5699438590352004,0,0.0,0.9870727670839051,5,109.0
1390.0,8,107.0,1.9454545454545455,7.474311899032479,0,0.0,1.0,0,33.0,0.7793032586078444,5,98.0,0.3532168726722757,0,0.0,0.9481692095332015,5,131.0
1395.0,10,152.0,2.980392156862745,6.598823706327685,0,0.0,1.0,2,38.0,0.5707622840739727,5,123.0,0.36177077053036094,0,0.0,0.928015656457482,7,161.0
1400.0,4,105.0,2.142857142857143,7.353604418612191,0,0.0,1.0,3,65.0,0.5381507925259549,1,105.0,0.7337339073431434,0,0.0,0.9733231475016322,4,170.0
1405.0,4,125.0,2.358490566037736,8.113364067800171,0,3.0,0.6112158830124933,3,83.0,0.49355232536932014,1,98.0,0.7521853878478951,0,0.0,0.9789312669127945,4,184.0
1410.0,4,105.0,2.0588235294117645,7.591382429081692,0,0.0,1.0,2,67.0,0.3917991124183722,2,104.0,0.604701303637831,0,0.0,0.9622508411678472,4,171.0
1415.0,5,124.0,2.3846153846153846,7.896687232467651,0,0.0,0.8876727552320376,2,17.0,0.571382952872087,3,117.0,0.4172730958798412,0,0.0,0.9913201693972494,5,134.0
1420.0,5,142.0,2.8979591836734695,7.488955742173706,0,0.0,1.0,2,27.0,0.5824050635495901,3,132.0,0.4134601501145629,0,0.0,0.9587363842079843,5,159.0
1425.0,7,173.0,3.46,7.375489163831389,0,0.0,1.0,2,37.0,0.5078264610751407,4,144.0,0.3408851734642622,0,0.0,0.9201809651386116,6,181.0
1430.0,9,216.0,4.235294117647059,7.703203124290506,0,0.0,1.0,3,52.0,0.5523638468606445,5,167.0,0.3312588855710821,0,0.0,0.9548473869348646,8,219.0
1435.0,10,248.0,5.061224489795919,6.969610099340864,0,0.0,0.9391421020442742,4,68.0,0.35264539660931055,6,193.0,0.23844836142701611,0,0.0,0.9256031186093873,10,261.0
1440.0,7,245.0,4.9,6.778149412992539,0,0.0,0.955766746502816,5,91.0,0.14702444561947886,2,164.0,0.36441035955413065,0,0.0,0.9797467661521608,7,255.0
1445.0,8,283.0,5.549019607843137,7.080886592539574,0,6.0,0.5942316767646014,6,122.0,0.11273032403471642,2,171.0,0.29737151733981915,0,0.0,0.9638340837153027,8,299.0
1450.0,3,194.0,3.88,7.8356446650433735,0,0.0,1.0,1,25.0,0.5267766607178035,2,181.0,0.3009888436347944,0,0.0,0.9305782573028825,3,206.0
1455.0,4,210.0,4.285714285714286,8.720627270410624,0,0.0,1.0,1,24.0,0.7560855442650828,2,191.0,0.32789962026367964,0,0.0,0.9787709468960194,3,215.0
1460.0,1,23.0,0.46938775510204084,9.313078146998919,0,0.0,1.0,1,29.0,0.7942689531494961,0,62.0,0.7874561319405506,0,0.0,0.9383073673234915,1,91.0
1465.0,2,30.0,0.5882352941176471,9.32149058097367,0,0.0,1.0,1,34.0,0.8559509520089382,0,9.0,0.8139402742352265,0,0.0,0.9163975560817295,1,43.0
1470.0,4,48.0,0.96,8.609606469740463,0,0.0,1.0,1,39.0,0.7164950912154328,2,17.0,0.6954686666260178,0,0.0,0.968480529714118,3,56.0
1475.0,6,73.0,1.489795918367347,8.027426924250323,0,0.0,1.0,2,45.0,0.5957642858964485,2,24.0,0.5654688920934755,0,0.0,0.8358965532882662,4,69.0
1480.0,5,75.0,1.5625,7.822867688631928,0,0.0,1.0,2,52.0,0.4050911933017069,2,20.0,0.6432664284496622,0,0.0,0.854882464116074,4,72.0
1485.0,6,95.0,1.9791666666666667,7.695711005520878,0,0.0,0.9367393148268823,4,71.0,0.23110773443977636,2,30.0,0.49763541220945806,0,0.0,0.830295858325402,6,101.0
1490.0,7,130.0,2.8260869565217392,8.297151434426983,0,0.0,1.0,5,96.0,0.26975886328529036,2,37.0,0.41364784835810653,0,0.0,0.9570134984089993,7,133.0
1495.0,9,167.0,3.5531914893617023,7.646578863521724,0,0.0,0.04845560666079783,6,121.0,0.2945767859860876,2,47.0,0.32597346733687776,0,0.0,0.8707677433642644,8,168.0
1500.0,7,108.0,2.204081632653061,7.622552871745549,1,5.0,0.47866618451827875,3,56.0,0.3582117321727126,2,57.0,0.0,0,0.0,0.9587530726910398,6,118.0
1505.0,12,153.0,3.25531914893617,6.784255955693494,1,10.0,0.009307292308220227,3,57.0,0.4696826072563039,3,68.0,0.0023027439139013763,0,0.0,0.9309172806143048,7,135.0
1510.0,12,212.0,4.51063829787234,6.596414510645366,2,20.0,0.0,3,80.0,0.4473356794436353,3,83.0,3.63122983280117e-06,0,0.0,0.9511926976713211,8,183.0
1515.0,12,249.0,5.413043478260869,6.152551896204976,0,0.0,1.0,4,98.0,0.4606821959765291,3,98.0,0.0,0,0.0,0.9206443634919781,7,196.0
1520.0,11,211.0,4.48936170212766,5.32863209432984,0,0.0,1.0,0,0.0,0.4627561409597634,3,113.0,0.0971576495694353,0,0.0,0.9736667441138421,3,113.0
1525.0,14,280.0,6.086956521739131,5.448092182181661,0,0.0,1.0,1,8.0,0.5575561801567878,4,132.0,0.20000432646576716,0,0.0,0.9734365688582225,5,140.0
1530.0,15,351.0,7.468085106382978,5.6904836877676,0,0.0,1.0,1,10.0,0.691498483036313,5,159.0,0.34590592958837485,0,0.0,0.9526780709093772,6,169.0
1535.0,15,357.0,7.14,5.928929157709377,0,0.0,1.0,2,16.0,0.553877696166104,5,184.0,0.45341114638312174,0,0.0,0.9513248224567993,7,200.0
1540.0,14,354.0,7.08,5.814412214596149,0,0.0,1.0,1,7.0,0.4895296722275974,6,211.0,0.29464749672692986,0,0.0,0.8117617395837449,7,218.0
1545.0,12,308.0,6.16,6.786519334549979,0,0.0,1.0,1,7.0,0.7074094913996867,7,246.0,0.2942099231914094,0,0.0,0.974354587476453,8,253.0
1550.0,4,181.0,3.693877551020408,7.58756015812221,0,0.0,1.0,1,12.0,0.7792606453421679,3,203.0,0.47769847764890716,0,0.0,0.9467447561006989,4,215.0
1555.0,6,203.0,4.229166666666667,7.797666421293349,0,0.0,0.9817405851735362,3,19.0,0.6147066047518418,3,184.0,0.45515901526233926,0,0.0,0.9604905181608266,6,203.0
1560.0,7,235.0,5.108695652173913,8.032611708585407,0,0.0,0.9662157945010102,3,43.0,0.6275103674684526,4,235.0,0.18998964744189475,0,0.0,0.9777897179983441,7,278.0
1565.0,7,270.0,5.869565217391305,8.095366386788877,0,0.0,1.0,3,58.0,0.5890560548973998,4,221.0,0.0,0,0.0,0.9670958439172574,7,279.0
1570.0,12,316.0,6.583333333333333,7.446431689037797,0,0.0,1.0,5,80.0,0.4688730718341141,4,241.0,0.0,0,0.0,0.9638598376999884,9,321.0
1575.0,12,376.0,8.173913043478262,7.228012012009689,0,0.0,1.0,5,105.0,0.5167774887330885,4,261.0,0.3195350914073101,0,0.0,0.9559217528292924,9,366.0
1580.0,16,443.0,9.630434782608695,6.3057483894474675,0,0.0,1.0,5,127.0,0.5251163604396257,6,283.0,0.17601528468451577,0,0.0,0.9232545931741596,11,410.0
1585.0,18,524.0,11.391304347826088,5.091634818607323,0,0.0,1.0,6,193.0,0.403844855090093,6,310.0,0.005786840108863606,0,0.0,0.9373523388316537,12,503.0
1590.0,19,386.0,8.391304347826088,4.732806993553525,0,0.0,1.0,7,226.0,0.2913340549868809,6,222.0,0.021285808975797762,0,0.0,0.9979694856257136,13,448.0
1595.0,11,163.0,3.7045454545454546,4.690581215679986,0,0.0,1.0,1,33.0,0.17701526211208168,3,75.0,0.11756051013894521,0,0.0,0.9886088118090938,4,108.0
1600.0,11,175.0,3.888888888888889,6.452654048380931,0,0.0,1.0,1,6.0,0.4451029030797587,4,50.0,0.0001160247940724536,0,0.0,0.9988662170935066,5,56.0
1605.0,11,230.0,4.791666666666667,7.3926446439371505,0,0.0,1.0,1,10.0,0.7272711855458771,4,79.0,0.3747342109428105,0,0.0,0.8927461273476621,5,89.0
1610.0,14,291.0,6.0625,6.803638035140193,0,0.0,1.0,1,15.0,0.7241848418917263,4,99.0,0.45771929492916047,0,0.0,0.9134227484135999,5,114.0
1615.0,12,279.0,5.58,6.649120426738632,0,0.0,1.0,1,20.0,0.7352092518187818,1,64.0,0.698531539468071,0,0.0,0.9402933524451673,2,84.0
1620.0,12,288.0,5.76,5.651355043728079,0,0.0,1.0,1,6.0,0.49477919147172783,0,35.0,0.7976054583409817,0,0.0,0.9071948398965708,1,41.0
1625.0,11,315.0,6.428571428571429,6.392891993202562,0,0.0,1.0,2,28.0,0.608628006546142,0,9.0,0.9709597578581294,0,0.0,0.9628988983408991,2,37.0
1630.0,9,327.0,6.673469387755102,7.112872381883593,0,0.0,0.4479780950809842,3,42.0,0.6358808057838848,0,9.0,0.9498472820461382,0,0.0,0.9049862525430346,3,51.0
1635.0,9,372.0,7.44,5.993919458528267,0,0.0,1.0,3,57.0,0.49187947967464807,0,9.0,0.47492145473270997,0,0.0,0.9340300323725882,3,66.0
1640.0,10,387.0,7.588235294117647,6.162743668357749,0,0.0,1.0,1,35.0,0.6116828762211466,3,22.0,0.47288031762766175,0,0.0,0.973913427376388,4,57.0
1645.0,11,161.0,3.22,6.509713076670225,0,0.0,1.0,2,57.0,0.7039827580141911,4,39.0,0.19024115327074279,0,0.0,0.9669307511718115,6,96.0
1650.0,8,96.0,1.92,6.54810453488706,0,0.0,1.0,2,67.0,0.49678392196153315,4,59.0,0.2844457782266091,0,0.0,0.9593712114024217,6,126.0
1655.0,5,55.0,1.0784313725490196,6.210799983146859,0,0.0,1.0,5,62.0,0.25296117295354725,0,80.0,0.5191632515350967,0,0.0,0.9939379225603788,5,142.0
1660.0,3,8.0,0.1568627450980392,7.063787816539969,0,6.0,0.7247941845956163,0,13.0,0.6438969676091073,1,77.0,0.7196615106520092,0,0.0,0.9766777559005199,1,96.0
1665.0,2,8.0,0.16666666666666666,7.611766412436558,1,11.0,0.19611405583077793,0,9.0,0.8836297856915455,1,82.0,0.7614824570409631,0,0.0,0.9612614174170393,2,102.0
1670.0,5,28.0,0.56,7.931193104431591,3,24.0,0.015857615518872863,1,11.0,0.5887365358791199,1,93.0,0.8070683398342292,0,0.0,0.9523271506803357,5,128.0
1675.0,10,51.0,0.9622641509433962,7.501589062361516,4,40.0,0.0016966605833793316,2,20.0,0.6455333808576064,1,66.0,0.7881624922113608,0,0.0,0.978864344585871,7,126.0
1680.0,4,23.0,0.4339622641509434,7.592976038439328,0,4.0,0.044530738685510086,0,0.0,0.9574324602248458,2,19.0,0.5927970101226212,0,0.0,0.9290125868774516,2,23.0
1685.0,3,25.0,0.45454545454545453,8.433023054442824,0,0.0,1.0,0,0.0,0.9295778360174997,3,34.0,0.4941924204053664,0,0.0,0.9524641897138009,3,34.0
1690.0,5,46.0,0.9787234042553191,8.175521171729686,0,0.0,1.0,0,0.0,0.8064437873219877,4,54.0,0.5698960450631401,0,0.0,0.9480205513345901,4,54.0
1695.0,3,32.0,0.6530612244897959,7.338564267135745,0,0.0,1.0,1,3.0,0.2650299383374063,1,38.0,0.47018710703140926,0,0.0,0.9750215427105485,2,41.0
1700.0,1,28.0,0.5833333333333334,8.22686433474657,0,0.0,0.8505018978872473,0,3.0,0.8383767525823043,1,28.0,0.48702874616729197,0,0.0,0.9844674982494869,1,31.0
1705.0,1,33.0,0.6875,9.50510377309175,0,0.0,1.0,0,3.0,0.9233165680565044,1,33.0,0.49573593677269945,0,0.0,0.9536386599884961,1,36.0
1710.0,3,42.0,0.875,9.291105871917166,0,0.0,1.0,2,7.0,0.5880326468873569,1,41.0,0.7336379238358459,0,0.0,0.9639261168716586,3,48.0
1715.0,3,57.0,1.2954545454545454,9.014277814856367,0,0.0,1.0,2,17.0,0.5812324421567567,1,46.0,0.6606190138365436,0,0.0,0.9694329047839848,3,63.0
1720.0,1,48.0,1.0909090909090908,8.560096342267267,0,0.0,1.0,0,13.0,0.7702255556093872,1,51.0,0.6000920418511443,0,0.0,0.9707596337887057,1,64.0
1725.0,3,56.0,1.3658536585365855,8.332658674307575,0,0.0,1.0,0,3.0,0.94989065083037,3,59.0,0.4362189479891388,0,0.0,0.9832707939227976,3,62.0
1730.0,4,74.0,1.8974358974358974,7.288134723558953,0,0.0,1.0,0,3.0,0.6479305852635552,4,80.0,0.4373008747267647,0,0.0,0.9601612393620922,4,83.0
1735.0,4,78.0,2.0526315789473686,7.105458489142717,0,0.0,1.0,2,10.0,0.5927834099564883,2,84.0,0.5436711327401154,0,0.0,0.9949750494129129,4,94.0
1740.0,1,68.0,1.7435897435897436,7.764316555375947,0,0.0,1.0,0,0.0,0.7224041261539068,1,79.0,0.6301085695866142,0,0.0,0.9433382054460682,1,79.0
1745.0,2,78.0,2.0,8.480162610546918,0,0.0,1.0,1,8.0,0.738375878370487,1,76.0,0.6209455228530593,0,0.0,0.9894780502675856,2,84.0
1750.0,4,90.0,2.142857142857143,8.785192854390575,0,0.0,1.0,1,13.0,0.7134974817359804,1,84.0,0.7270428248443399,0,0.0,0.9687080214190108,2,97.0
1755.0,3,24.0,0.5853658536585366,8.439034786193702,0,0.0,1.0,1,18.0,0.7095760087873836,0,6.0,0.9588680586494938,0,0.0,0.9893397442703351,1,24.0
1760.0,5,11.0,0.2682926829268293,8.514194436380949,0,0.0,1.0,0,3.0,0.9740147560148564,2,8.0,0.5874183043725562,0,0.0,0.9456211166539091,2,11.0
1765.0,5,29.0,0.6744186046511628,8.066523184237763,0,0.0,1.0,0,3.0,0.5751010209194264,3,19.0,0.3819674156349551,0,0.0,0.9841551028442082,3,22.0
1770.0,5,33.0,0.825,6.591229257837978,0,0.0,1.0,2,5.0,0.2878523522378896,3,34.0,0.33194640694194993,0,0.0,0.9662156413610005,5,39.0
1775.0,8,33.0,0.8048780487804879,6.267021637885069,0,0.0,1.0,3,18.0,0.23220356134238004,0,3.0,0.6874651968651752,0,0.0,0.933618407089682,3,21.0
1780.0,8,73.0,1.8717948717948718,6.835510868179201,0,3.0,0.9376023703457032,3,38.0,0.3575891469634953,0,0.0,1.0,0,0.0,0.9722468357969618,3,41.0
1785.0,6,88.0,2.2564102564102564,7.216715345462021,0,0.0,1.0,3,53.0,0.5043946703900851,0,0.0,1.0,0,0.0,0.9272749674792129,3,53.0
1790.0,7,119.0,3.051282051282051,7.31635458659722,0,0.0,1.0,4,69.0,0.41852775525882674,0,0.0,0.987720118768213,0,0.0,0.9689033118824075,4,69.0
1795.0,6,88.0,2.2,6.582745936185818,0,0.0,1.0,4,89.0,0.4552672571364125,1,3.0,0.0,0,0.0,0.9517491168259223,5,92.0
1800.0,1,8.0,0.20512820512820512,7.267921289089184,0,0.0,1.0,0,3.0,0.925798679006239,1,8.0,0.0,0,0.0,0.9336917818182107,1,11.0
1805.0,1,13.0,0.30952380952380953,8.55887920781495,0,0.0,1.0,0,3.0,0.8653141181691582,1,13.0,0.0,0,0.0,0.9613099083653522,1,16.0
1810.0,1,18.0,0.45,9.038434272626397,0,0.0,1.0,0,3.0,0.9778363494530895,1,44.0,0.6910075833063472,0,0.0,0.9845962845661503,1,47.0
1815.0,0,0.0,0.0,8.98692402678546,0,0.0,1.0,0,0.0,0.9507833216098175,0,28.0,0.5947957850859702,0,0.0,0.9351677109718244,0,28.0
1820.0,1,4.0,0.0975609756097561,9.148450335004544,0,0.0,1.0,0,0.0,0.8435907773651637,1,31.0,0.6399615697354284,0,0.0,0.9841031332677765,1,31.0
1825.0,2,13.0,0.325,9.214780046988645,0,0.0,1.0,0,3.0,0.7793117382229372,2,37.0,0.6870133300590823,0,0.0,0.9457945538641809,2,40.0
1830.0,3,27.0,0.675,8.89249811727517,0,0.0,1.0,1,9.0,0.8122853991354708,2,47.0,0.6196414395242191,0,0.0,0.956111348285236,3,56.0
1835.0,3,13.0,0.325,8.070859953480428,0,0.0,1.0,1,14.0,0.7890846974334874,2,22.0,0.4128588100335246,0,0.0,0.9609063737577004,3,36.0
1840.0,4,14.0,0.32558139534883723,8.297282001656166,0,0.0,1.0,1,18.0,0.8089764077604801,3,17.0,0.12605176661585285,0,0.0,0.9422887161985987,4,35.0
1845.0,4,34.0,0.7906976744186046,8.31536713241729,0,0.0,1.0,1,23.0,0.7879296668593506,3,31.0,0.32971596201627074,0,0.0,0.9606331567338767,4,54.0
1850.0,8,65.0,1.4444444444444444,7.181953723216501,0,0.0,0.15185255317233357,3,30.0,0.5457262029731954,5,55.0,0.28334952839841365,0,0.0,0.9961722286790485,8,85.0
1855.0,10,112.0,2.382978723404255,7.251394986109787,1,4.0,0.0001470765528616302,4,48.0,0.4755068734996879,5,80.0,0.27554095122295297,0,0.0,0.974220628584844,10,132.0
1860.0,2,30.0,0.6521739130434783,7.8109189483321675,1,9.0,0.0,0,31.0,0.6773734936267831,1,37.0,0.5829083681822425,0,0.0,0.978284676294763,2,77.0
1865.0,2,40.0,0.8695652173913043,8.777910419195507,1,20.0,0.3814514061617997,0,3.0,0.8669499259975477,1,29.0,0.7617486291051756,0,0.0,0.9477020112987881,2,52.0
1870.0,2,34.0,0.723404255319149,7.974794253721572,0,3.0,0.5049134328295496,0,3.0,0.5221758008726217,1,37.0,0.7152490462488752,0,0.0,0.9280574795311356,1,43.0
1875.0,5,54.0,1.173913043478261,7.8918791057775355,0,0.0,1.0,3,18.0,0.5912645797868455,1,42.0,0.7113701026972967,0,0.0,0.9690665811974278,4,60.0
1880.0,7,46.0,1.0222222222222221,7.500499403246394,0,0.0,1.0,4,40.0,0.42913586670272363,0,6.0,0.6862355432283979,0,0.0,0.9783396349993723,4,46.0
1885.0,14,98.0,2.227272727272727,6.524667310727907,0,3.0,0.8915843838184113,5,64.0,0.4274135249582757,2,11.0,0.46329016053561944,0,0.0,0.9980656342024589,7,78.0
1890.0,17,172.0,3.909090909090909,5.8638293252879174,0,0.0,1.0,6,90.0,0.3992286443580447,3,23.0,0.2420291096023355,0,0.0,0.9539932528993275,9,113.0
1895.0,15,235.0,5.108695652173913,5.236719196896793,0,0.0,1.0,6,120.0,0.26441743182911764,3,38.0,0.3702474444155972,0,0.0,0.9465355060513788,9,158.0
1900.0,14,285.0,6.4772727272727275,4.728279118794398,0,0.0,1.0,5,135.0,0.19932054971204938,3,53.0,0.007196811917967891,0,0.0,0.9991010120260564,8,188.0
1905.0,18,369.0,9.0,4.799055136659138,0,0.0,1.0,7,149.0,0.18168694797664886,5,78.0,2.347188946057826e-06,0,0.0,0.9990924647706155,12,227.0
1910.0,16,386.0,8.976744186046512,4.923024094649954,0,0.0,1.0,7,184.0,0.24828305827469413,5,106.0,0.2241433740409684,0,0.0,0.95657572021912,12,290.0
1915.0,13,339.0,7.704545454545454,5.560859049756282,0,0.0,1.0,7,219.0,0.32248087979251255,5,131.0,0.3183417380408633,0,0.0,0.9688851861212071,12,350.0
1920.0,8,153.0,3.4,5.874277494458532,0,0.0,1.0,1,194.0,0.2940027261475986,6,160.0,0.306756373117326,0,0.0,0.9557983075739306,7,354.0
1925.0,7,184.0,4.088888888888889,6.137543681453947,0,0.0,1.0,1,22.0,0.5282682758766624,6,190.0,0.33710795580817743,0,0.0,0.9571825852943291,7,212.0
1930.0,8,223.0,4.8478260869565215,6.674036605311995,0,0.0,1.0,1,8.0,0.6197528735643169,7,225.0,0.40811848467072276,0,0.0,0.9290009771336506,8,233.0
1935.0,10,267.0,6.068181818181818,6.669887618329989,0,0.0,1.0,1,13.0,0.6414009062059436,7,261.0,0.4365070487526394,0,0.0,0.9921472099564086,8,274.0
1940.0,6,30.0,0.6521739130434783,6.258595780472762,0,0.0,1.0,0,0.0,0.9606787884861446,1,75.0,0.5963790179651914,0,0.0,0.9634833782709175,1,75.0
1945.0,6,53.0,1.127659574468085,7.143986555574395,0,3.0,0.7010559775444379,0,17.0,0.7920973261138847,0,2.0,0.728870978170654,0,0.0,0.9989267295225801,0,22.0
1950.0,8,90.0,2.0,7.78533359901049,0,0.0,1.0,1,12.0,0.7426529329402597,1,8.0,0.827967983009229,0,0.0,0.9270531385308645,2,20.0
1955.0,4,47.0,1.0444444444444445,8.263015737706318,0,0.0,1.0,1,17.0,0.8408311633810763,1,13.0,0.7801802872816969,0,0.0,0.9569132692705062,2,30.0
1960.0,1,14.0,0.3181818181818182,8.057932194999005,0,0.0,0.9821484607034249,0,54.0,0.9730130660749468,1,18.0,0.7048155651015813,0,0.0,0.925390147433306,1,72.0
1965.0,3,9.0,0.20930232558139536,7.8067708127282245,0,0.0,1.0,0,54.0,0.789042106799082,1,6.0,0.5916607046974831,0,0.0,0.9433488150240162,1,60.0
1970.0,4,17.0,0.38636363636363635,8.345656075635508,0,0.0,1.0,2,64.0,0.7452567917904629,2,15.0,0.5772968670525491,0,0.0,0.9670924447904816,4,79.0
1975.0,5,39.0,0.8666666666666667,7.937658213108214,0,0.0,1.0,2,71.0,0.6494984793517217,3,27.0,0.3769573148426246,0,0.0,0.9665973277514919,5,98.0
1980.0,7,45.0,1.0465116279069768,6.692010015297379,0,0.0,1.0,2,68.0,0.3077541104535113,5,48.0,0.2756279897782752,0,0.0,0.9413946220917963,7,116.0
1985.0,2,11.0,0.25,7.2177516232389625,0,0.0,1.0,2,14.0,0.3903715332713088,0,20.0,0.6018071643338213,0,0.0,0.9953109849402485,2,34.0
1990.0,4,28.0,0.6363636363636364,8.242391462196773,0,3.0,0.6041882010634577,4,34.0,0.45412600456362484,0,3.0,0.9522482578709932,0,0.0,0.9330586092070741,4,40.0
1995.0,5,49.0,1.2564102564102564,8.074362654242377,1,7.0,0.024813447444042146,4,51.0,0.5185868582579577,0,0.0,0.9485202094078133,0,0.0,0.936219272234969,5,58.0
2000.0,2,11.0,0.2619047619047619,7.923354457047789,2,17.0,0.06038994919701333,0,14.0,0.7700260515401887,0,0.0,0.6773635545135641,0,0.0,0.9930777317383305,2,31.0
2005.0,6,31.0,0.775,7.847497743687777,2,27.0,0.00835251915097536,2,7.0,0.6279033682616655,2,6.0,0.5714207359107718,0,0.0,0.9846214134174885,6,40.0
2010.0,7,63.0,1.6153846153846154,7.172084595202801,3,39.0,0.0015250579063192289,2,17.0,0.4860720247043043,2,72.0,0.562961679260923,0,0.0,0.9588235892739518,7,128.0
2015.0,6,60.0,1.5,7.411845021925634,0,6.0,0.024692702871436316,3,32.0,0.44161524630944277,3,87.0,0.472056480164049,0,0.0,0.9592361876843419,6,125.0
2020.0,6,53.0,1.2045454545454546,7.994878740964392,0,0.0,1.0,2,15.0,0.5579521004714695,4,107.0,0.4162999980754835,0,0.0,0.9664321385932684,6,122.0
2025.0,4,50.0,1.1111111111111112,8.628998706780042,0,0.0,1.0,2,16.0,0.5902862379182904,2,103.0,0.4358757042348233,0,0.0,0.9378208793509848,4,119.0
2030.0,7,76.0,1.7272727272727273,8.34926855212764,0,0.0,1.0,2,25.0,0.48235802359711977,5,58.0,0.2572119264383079,0,0.0,0.9347207593702671,7,83.0
2035.0,10,117.0,2.7209302325581395,6.896019985485582,0,0.0,1.0,3,35.0,0.23196678061007056,5,80.0,0.27115185187477586,0,0.0,0.9669889484127205,8,115.0
2040.0,12,169.0,3.9302325581395348,6.572432466462868,0,0.0,1.0,3,46.0,0.12097419044064545,6,107.0,0.1299202937405972,0,0.0,0.9671314200303921,9,153.0
2045.0,8,98.0,2.3333333333333335,6.085392583364098,0,0.0,1.0,3,61.0,0.36602920769090985,0,17.0,0.3655153640144007,0,0.0,0.9798345982145509,3,78.0
2050.0,4,83.0,2.1842105263157894,6.882985589607243,0,9.0,0.5724326064923383,3,79.0,0.37926815769524086,0,0.0,0.678672045177057,0,0.0,0.9508386659828614,3,88.0
2055.0,5,91.0,2.275,7.218965191306663,1,10.0,0.01610117706422073,4,99.0,0.5058720884174629,0,0.0,0.9469178097708717,0,0.0,0.9545691804418008,5,109.0
2060.0,7,126.0,3.073170731707317,7.712716254190283,3,25.0,0.0028860804439000748,4,119.0,0.5076851932519307,0,0.0,0.768348817632989,0,0.0,0.9990767762502674,7,144.0
2065.0,10,157.0,3.6511627906976742,6.727440932574365,4,45.0,0.1701554987379377,3,127.0,0.5154424227839584,1,14.0,0.14325325395876762,0,0.0,0.9606528454013106,8,186.0
2070.0,13,215.0,4.886363636363637,6.741961186291612,5,66.0,0.001109299645622399,3,142.0,0.5926038650018106,2,11.0,0.0,0,0.0,0.9418494697661264,10,219.0
2075.0,10,198.0,4.5,6.089922323051327,0,19.0,0.0903844273394742,5,164.0,0.4162116611553226,2,21.0,4.787455020529648e-06,0,0.0,0.9575509705861946,7,204.0
2080.0,10,241.0,5.604651162790698,6.584893194347295,0,0.0,1.0,6,191.0,0.3350037577193682,2,31.0,0.5421388897164559,0,0.0,0.9904725372555414,8,222.0
2085.0,5,64.0,1.4883720930232558,6.141558829015451,0,0.0,1.0,0,15.0,0.5779107921974914,2,24.0,0.32546657129687134,0,0.0,0.9658562548293039,2,39.0
2090.0,8,98.0,2.130434782608696,6.999527770945387,0,0.0,1.0,1,1.0,0.7121350502930968,2,34.0,0.3143253733664481,0,0.0,0.9520118187933755,3,35.0
2095.0,7,111.0,2.522727272727273,7.799460873168727,0,0.0,1.0,1,6.0,0.7336119166431738,2,53.0,0.6592446918213184,0,0.0,0.9387188841403001,3,59.0
2100.0,7,146.0,3.2444444444444445,7.381746711440679,0,0.0,1.0,1,11.0,0.6269556447590603,2,63.0,0.6034450740373974,0,0.0,0.9585655603474871,3,74.0
2105.0,0,0.0,0.0,8.069060969077155,0,0.0,1.0,0,0.0,0.9597294329094828,0,9.0,0.8344377953930263,0,0.0,0.9502772650530505,0,9.0
2110.0,2,4.0,0.08695652173913043,8.383277120093299,0,0.0,1.0,1,6.0,0.44554772277296156,0,9.0,0.9314031709849939,0,0.0,0.9594700638862621,1,15.0
2115.0,4,13.0,0.3170731707317073,8.603608204995316,0,0.0,1.0,1,14.0,0.7717956730078708,0,9.0,0.8936918658566103,0,0.0,0.9641357729218962,1,23.0
2120.0,2,17.0,0.40476190476190477,8.275678508557874,0,0.0,0.9701216761887448,1,19.0,0.7895976628141058,0,0.0,0.9625340314503489,0,0.0,0.9463947171863902,1,19.0
2125.0,0,0.0,0.0,8.587694934185917,0,0.0,1.0,0,6.0,0.9671324288055677,0,0.0,0.9119525622529181,0,0.0,0.9330347050873522,0,6.0
2130.0,2,2.0,0.043478260869565216,8.402563709576167,0,0.0,1.0,0,6.0,0.9076691022260939,2,2.0,0.5191862697287615,0,0.0,0.7317061654330533,2,8.0
2135.0,4,20.0,0.47619047619047616,9.001977593220447,0,0.0,1.0,0,6.0,0.9359967576461552,3,18.0,0.55121467365999,1,5.0,0.6366101827938917,4,29.0
2140.0,5,42.0,0.9545454545454546,7.745813608355922,0,0.0,1.0,0,23.0,0.6307426086704709,3,33.0,0.4457433470691187,2,12.0,0.31637203011525983,5,68.0
2145.0,7,57.0,1.3255813953488371,7.575780681177697,0,0.0,1.0,1,25.0,0.6642556218757857,4,36.0,0.4846944225287148,2,22.0,0.1945760227361391,7,83.0
2150.0,6,64.0,1.4883720930232558,7.901723686139414,0,0.0,1.0,2,9.0,0.4469891079237134,4,56.0,0.36483751184398866,0,11.0,0.34477000858169393,6,76.0
2155.0,8,103.0,2.395348837209302,8.071327037430722,0,0.0,1.0,3,23.0,0.23508099742765007,5,86.0,0.36690470643989564,0,0.0,0.9748469757786318,8,109.0
2160.0,10,148.0,3.3636363636363638,6.952147269089166,0,0.0,1.0,3,38.0,0.11757591376870868,7,116.0,0.22772419755026574,0,0.0,0.9760242476174367,10,154.0
2165.0,3,44.0,0.9777777777777777,6.7972909008374955,0,0.0,1.0,0,0.0,0.38864214460502516,3,71.0,0.26483065245169524,0,0.0,0.9821801197961011,3,71.0
2170.0,3,36.0,0.8372093023255814,8.148774019500316,0,6.0,0.7313713734559395,0,0.0,0.8460579941264774,3,39.0,0.45544477663549454,0,0.0,0.9770385253881873,3,45.0
2175.0,6,54.0,1.173913043478261,7.913652961361206,1,10.0,0.18064028300904014,0,5.0,0.9194981841441016,4,60.0,0.4944858028614381,0,0.0,0.9448538650640746,5,75.0
2180.0,9,94.0,1.9583333333333333,7.37212551865169,3,23.0,0.01886493843717086,0,5.0,0.9564926837814492,5,79.0,0.2756355179521877,0,0.0,0.935089599725145,8,107.0
2185.0,3,70.0,1.4893617021276595,7.358440731751747,0,0.0,0.07453032629652012,0,5.0,0.8255312882872348,3,85.0,0.4449624560078701,0,0.0,0.9893825795951765,3,90.0
2190.0,4,79.0,1.6808510638297873,8.13966358265801,0,0.0,1.0,1,13.0,0.831870202071754,3,77.0,0.4311360194700608,0,0.0,0.9675476533570131,4,90.0
2195.0,4,99.0,2.25,8.697682427415167,0,0.0,1.0,1,18.0,0.8233092226477572,3,91.0,0.49140782239509384,0,0.0,0.9951694410160571,4,109.0
2200.0,6,123.0,2.617021276595745,8.81751509887705,0,0.0,1.0,1,18.0,0.760231425042828,4,102.0,0.426602754904333,0,0.0,0.9703149686496492,5,120.0
2205.0,3,123.0,2.6739130434782608,8.675197412303516,0,0.0,1.0,1,23.0,0.7581781481087643,2,103.0,0.5434139266875478,0,0.0,0.9314231081521746,3,126.0
2210.0,4,118.0,2.5106382978723403,8.214828335061448,0,0.0,0.5505224222789558,1,4.0,0.743352004072357,3,117.0,0.38245748940072044,0,0.0,0.921553121728252,4,121.0
2215.0,6,144.0,3.130434782608696,8.281263553858341,0,0.0,1.0,1,9.0,0.5402871276641689,5,138.0,0.27039424582204524,0,0.0,0.9802830001139095,6,147.0
2220.0,7,179.0,4.261904761904762,7.742642713500981,0,0.0,1.0,2,19.0,0.49367309352005767,5,163.0,0.1560631136459558,0,0.0,0.9693048022215178,7,182.0
2225.0,6,76.0,1.9,7.79064898149768,0,0.0,1.0,3,34.0,0.527060994445101,3,112.0,0.21225919666192147,0,0.0,0.9425211174358483,6,146.0
2230.0,1,17.0,0.4146341463414634,8.150831758877601,0,0.0,1.0,0,3.0,0.9815779005954113,1,32.0,0.22793890839795605,0,0.0,0.929976191990639,1,35.0
2235.0,3,28.0,0.6363636363636364,8.714992490090658,0,0.0,1.0,0,3.0,0.933124043170065,3,28.0,0.00015746711087357335,0,0.0,0.9615308991934589,3,31.0
2240.0,4,45.0,1.0465116279069768,8.812086381040446,0,0.0,1.0,0,0.0,0.8380995450065525,3,46.0,0.42009667930502936,0,0.0,0.9376396175625009,3,46.0
2245.0,5,61.0,1.326086956521739,8.35904808029069,0,0.0,1.0,1,2.0,0.49173854699443686,4,62.0,0.5258219802987458,0,0.0,0.9772218397438313,5,64.0
2250.0,2,39.0,0.8666666666666667,7.329033013951567,0,0.0,1.0,0,0.0,0.9668299594158253,2,43.0,0.3506362305727761,0,0.0,0.9371424156556893,2,43.0
2255.0,5,59.0,1.3111111111111111,7.801505403361009,0,3.0,0.6084004648068676,1,7.0,0.610417123403458,4,61.0,0.4724066371597674,0,0.0,0.9363227860319605,5,71.0
2260.0,5,84.0,1.9090909090909092,7.926863523173048,0,3.0,0.020978004927860474,1,12.0,0.750307247212173,4,84.0,0.4221005184295404,0,0.0,0.9481720096626608,5,99.0
2265.0,7,116.0,2.761904761904762,7.174570078542971,1,8.0,0.2754631589459709,1,17.0,0.7627390203733195,5,103.0,0.27945974893377074,0,0.0,0.9806953413984293,7,128.0
2270.0,9,141.0,3.2790697674418605,6.79880392994662,2,17.0,7.309411174056371e-06,1,22.0,0.7644689882687281,5,110.0,0.15700255605241556,0,0.0,0.966319833886867,8,149.0
2275.0,8,159.0,3.533333333333333,6.329857960819931,0,0.0,1.0,1,27.0,0.646399599548687,5,135.0,0.15152461627065453,0,0.0,0.9942461254571344,6,162.0
2280.0,10,205.0,4.659090909090909,6.171759972971731,0,0.0,1.0,2,36.0,0.7207042704236555,5,157.0,0.055921308105672245,0,0.0,0.9392082724190609,7,193.0
2285.0,12,239.0,5.558139534883721,5.671541084557372,0,0.0,1.0,4,47.0,0.46956821193129866,7,188.0,7.393199016414168e-06,0,0.0,0.9585483217647777,11,235.0
2290.0,9,226.0,5.022222222222222,5.9566384081422195,0,0.0,1.0,1,2.0,0.3921436014337705,7,223.0,0.0,0,0.0,0.9634993183622779,8,225.0
2295.0,6,136.0,2.893617021276596,7.152241795327309,0,0.0,1.0,1,7.0,0.4408037342312472,5,175.0,0.29435981524054927,0,0.0,0.9249559679656726,6,182.0
2300.0,6,86.0,1.8695652173913044,8.29829093693255,0,0.0,1.0,2,18.0,0.4883214364453823,4,110.0,0.47464275030610525,0,0.0,0.947354317679494,6,128.0
2305.0,6,116.0,2.5217391304347827,8.233044092465168,0,0.0,0.8729869048655053,2,28.0,0.5725119189866833,4,97.0,0.47150788181220804,0,0.0,0.9266993166444465,6,125.0
2310.0,8,151.0,3.3555555555555556,7.636241094557474,1,2.0,0.0024850315874173673,2,38.0,0.5813047189932965,5,120.0,0.424286590747089,0,0.0,0.9682790327910877,8,160.0
2315.0,3,42.0,0.9333333333333333,7.583488191326146,1,7.0,0.4430214859567642,1,30.0,0.4687747456226729,1,16.0,0.7411617686939884,0,0.0,0.9932829539543397,3,53.0
2320.0,7,70.0,1.5909090909090908,6.91173139926532,2,19.0,0.25162101801578723,2,47.0,0.5809877994099663,1,19.0,0.6676752574895523,0,0.0,0.9855919405083045,5,85.0
2325.0,6,86.0,1.8695652173913044,6.616910038330457,0,3.0,0.2157859452746258,2,56.0,0.7423621744234922,1,18.0,0.37484067948619026,0,0.0,0.9453388805000492,3,77.0
2330.0,10,129.0,3.0,6.616531159538638,0,0.0,0.45206287970343645,3,64.0,0.5996126961267376,3,30.0,0.03870480463643024,0,0.0,0.9884992862174267,6,94.0
2335.0,8,142.0,3.302325581395349,7.154631284398447,0,0.0,1.0,1,56.0,0.8309266029673271,1,34.0,0.3640571670353294,0,0.0,0.9670635462351792,2,90.0
2340.0,7,161.0,3.744186046511628,7.77963585651537,0,0.0,1.0,1,61.0,0.7876630558323492,1,33.0,0.6076137959869081,0,0.0,0.9718397857851988,2,94.0
2345.0,10,207.0,4.813953488372093,7.727147905223203,0,0.0,1.0,2,70.0,0.7515243031670212,1,44.0,0.6488540338020151,0,0.0,0.9324819966829122,3,114.0
2350.0,12,264.0,5.866666666666666,6.827833255030089,0,0.0,1.0,2,74.0,0.5543026635329278,3,56.0,0.5430858875008687,0,0.0,0.9940542772866854,5,130.0
2355.0,12,262.0,6.55,5.817930829441135,0,0.0,1.0,2,22.0,0.5026112118052816,3,71.0,0.4912613074291829,0,0.0,0.9122838646244811,5,93.0
2360.0,13,287.0,7.0,6.354069146784637,0,0.0,1.0,4,39.0,0.4408998762384845,3,89.0,0.5882061941811095,0,0.0,0.9305583396362347,7,128.0
2365.0,13,263.0,7.108108108108108,5.540989794455493,0,0.0,1.0,6,64.0,0.28965072281795606,3,104.0,0.5565999992619909,0,0.0,0.9700474358889879,9,168.0
2370.0,11,208.0,5.473684210526316,6.125726027957507,0,0.0,0.9483384635146086,7,99.0,0.27620003567640256,3,119.0,0.5327927104625062,0,0.0,0.9827647306966306,10,218.0
2375.0,6,195.0,5.416666666666667,6.60042122232056,0,0.0,0.9328838580023626,3,82.0,0.4850930003936556,3,128.0,0.4871897117693391,0,0.0,0.9916878963567747,6,210.0
2380.0,6,225.0,5.769230769230769,7.352637782182522,0,0.0,1.0,3,85.0,0.4092415879433736,3,143.0,0.501530806332699,0,0.0,0.9746846695053657,6,228.0
2385.0,8,264.0,6.439024390243903,7.942438577064447,0,0.0,1.0,4,105.0,0.41841328610450496,4,165.0,0.4753461541922842,0,0.0,0.9530202235000088,8,270.0
2390.0,9,307.0,7.309523809523809,7.898741937970863,0,0.0,1.0,4,125.0,0.32060465259123627,5,188.0,0.48717984353234733,0,0.0,0.9606349349370635,9,313.0
2395.0,7,223.0,4.955555555555556,7.8470499240100935,0,0.0,1.0,1,45.0,0.6086077765631082,6,214.0,0.3812608968065422,0,0.0,0.9592617326195062,7,259.0
2400.0,7,238.0,5.288888888888889,7.655719778909848,0,0.0,0.918839991487485,0,0.0,0.5395019945082875,7,244.0,0.33259373930440056,0,0.0,0.9357188768205268,7,244.0
2405.0,7,120.0,2.926829268292683,6.97198544329939,0,0.0,1.0,2,45.0,0.5476150968300565,5,177.0,0.20287082667472267,0,0.0,0.9347209646033502,7,222.0
2410.0,8,77.0,1.8333333333333333,6.8513983660878655,0,0.0,1.0,2,58.0,0.5648252492718178,6,90.0,0.20343486358505866,0,0.0,0.9711647501678142,8,148.0
2415.0,10,104.0,2.5365853658536586,7.370392172710234,0,0.0,1.0,2,9.0,0.6607297009569152,8,104.0,0.1866779876650158,0,0.0,0.9751373319642936,10,113.0
2420.0,11,155.0,3.604651162790698,6.86493994733172,0,0.0,1.0,3,20.0,0.40231697427877827,8,144.0,0.18869153359068974,0,0.0,0.9412708658442552,11,164.0
2425.0,5,50.0,1.1363636363636365,6.709612557914763,0,0.0,1.0,4,38.0,0.32221746293481107,1,61.0,0.5243942026601642,0,0.0,0.9468401054587083,5,99.0
2430.0,4,55.0,1.3095238095238095,7.518553454979181,0,6.0,0.7822862284547557,4,64.0,0.4675724041955392,0,18.0,0.829213957080633,0,0.0,0.9163871607623149,4,88.0
2435.0,1,25.0,0.5681818181818182,7.857607402974992,0,0.0,1.0,1,46.0,0.5082170555954819,0,3.0,0.91876035583603,0,0.0,0.9626266503968374,1,49.0
2440.0,3,38.0,0.8444444444444444,8.8179502088229,0,0.0,1.0,3,44.0,0.5457927035100484,0,3.0,0.9860848180371926,0,0.0,0.9899797727810907,3,47.0
2445.0,4,55.0,1.25,8.514572306073216,0,0.0,1.0,3,59.0,0.5565008869741442,1,5.0,0.49326897098282807,0,0.0,0.9268369357361266,4,64.0
2450.0,6,78.0,1.6956521739130435,7.461311778219011,0,0.0,1.0,3,74.0,0.39311075124880307,2,11.0,0.4555539476511984,0,0.0,0.9748455902956016,5,85.0
2455.0,7,77.0,1.6382978723404256,6.737542172597981,0,0.0,1.0,1,48.0,0.7011836200343241,4,27.0,0.19068593937466727,0,0.0,0.9876481144637355,5,75.0
2460.0,8,117.0,2.7209302325581395,6.985997529358657,0,0.0,1.0,1,53.0,0.6300974881359452,5,52.0,0.24570220555461836,0,0.0,0.983982618639988,6,105.0
2465.0,4,98.0,2.2790697674418605,7.015249072159274,0,0.0,1.0,1,55.0,0.49455311087245213,1,36.0,0.3699154890411966,0,0.0,0.9854529345444125,2,91.0
2470.0,5,106.0,2.3043478260869565,7.315051140552015,0,3.0,0.6485561446992947,1,66.0,0.6081938038332735,1,26.0,0.6648394430235186,0,0.0,0.9745554149703742,2,95.0
2475.0,8,139.0,3.088888888888889,7.064227630436412,1,5.0,0.017859837437980784,1,71.0,0.6552993950590021,1,16.0,0.723797587052072,0,0.0,0.9568145047587483,3,92.0
2480.0,10,188.0,4.177777777777778,6.867066882438236,2,14.0,1.8946209673326442e-05,2,81.0,0.7188293398004797,1,21.0,0.6640427019850792,0,0.0,0.9917317195882491,5,116.0
2485.0,11,202.0,4.391304347826087,6.390446986482604,2,24.0,0.0,3,91.0,0.558277085079332,1,26.0,0.6533806004666399,0,0.0,0.992176925428712,6,141.0
2490.0,8,169.0,3.5208333333333335,6.356457069028128,0,0.0,1.0,3,100.0,0.46074919292554517,1,31.0,0.41811330211593206,0,0.0,0.9258447127504577,4,131.0
2495.0,5,124.0,2.5833333333333335,6.104071054639458,0,0.0,1.0,1,88.0,0.6594980866886534,4,45.0,0.00043685114622132545,0,0.0,0.9343685551358956,5,133.0
2500.0,7,152.0,3.1020408163265305,5.930537833047757,0,0.0,1.0,1,90.0,0.6375557265635332,4,65.0,0.0,0,0.0,0.9733612428683273,5,155.0
2505.0,8,157.0,3.14,6.233564935955124,0,0.0,1.0,1,95.0,0.7074822987076296,1,68.0,0.6057340724025992,0,0.0,0.971348248591319,2,163.0
2510.0,10,187.0,3.816326530612245,6.460410647640906,0,3.0,0.6829699116679404,1,100.0,0.7125631314333531,2,76.0,0.5813908516946341,0,0.0,0.9501958730079129,3,179.0
2515.0,6,188.0,3.76,6.922545555766246,1,8.0,0.016775903896769976,1,108.0,0.6492960904273251,2,86.0,0.6580423211117393,0,0.0,0.9368369606358496,4,202.0
2520.0,9,231.0,4.8125,6.4803173289298615,2,18.0,4.8079424368831525e-06,1,113.0,0.7575050593511448,2,96.0,0.5669339540035164,0,0.0,0.9829088913286202,5,227.0
2525.0,9,204.0,4.08,6.861956077354253,2,28.0,0.0,2,120.0,0.6159641728166316,0,70.0,0.7739411532104551,0,0.0,0.934816418177898,4,218.0
2530.0,11,253.0,5.270833333333333,6.9491177948464715,2,41.0,0.31636437166986725,3,133.0,0.6351158680267106,1,1.0,0.505956436368911,0,0.0,0.9906743452475555,6,175.0
2535.0,10,260.0,5.2,6.001130797139387,0,3.0,0.08048984654664462,2,163.0,0.6070221180736013,2,9.0,0.246879226932906,0,0.0,0.9553822577292768,4,175.0
2540.0,14,326.0,6.392156862745098,6.501088567762691,0,0.0,1.0,4,178.0,0.5658005455118005,3,20.0,0.12852040933452352,0,0.0,0.9444585779611012,7,198.0
2545.0,9,273.0,5.150943396226415,6.790690916412858,0,0.0,1.0,4,198.0,0.44593457412595966,0,3.0,0.7141056589502349,0,0.0,0.9738177882367391,4,201.0
2550.0,5,196.0,3.6296296296296298,7.341488583294488,0,3.0,0.6213728534728993,5,226.0,0.46539542710931864,0,3.0,0.9476556194357526,0,0.0,0.9654341033144254,5,232.0
2555.0,7,227.0,4.203703703703703,7.49877154239151,0,0.0,0.6178539745484448,5,251.0,0.42503391503552307,0,3.0,0.9741068482271947,0,0.0,0.950227463708611,5,254.0
2560.0,7,251.0,4.5636363636363635,7.3668658458389755,0,0.0,1.0,6,280.0,0.4431666604274291,0,3.0,0.9604436276435384,0,0.0,0.960291129866364,6,283.0
2565.0,6,280.0,5.384615384615385,7.754244117345637,0,0.0,1.0,6,310.0,0.38001734118303915,0,3.0,0.89507887672271,0,0.0,0.9120891655135626,6,313.0
2570.0,9,315.0,6.3,7.2615461216148,0,0.0,1.0,7,341.0,0.3450736290573119,2,7.0,0.4538501385139607,0,0.0,0.9639334974377874,9,348.0
2575.0,11,365.0,7.019230769230769,7.124251137092873,0,0.0,1.0,7,376.0,0.40799131190433585,4,22.0,0.19189648380208316,0,0.0,0.9887102223255606,11,398.0
2580.0,11,420.0,8.235294117647058,6.840284875265003,0,0.0,1.0,7,408.0,0.21694754112017955,4,42.0,0.3186270601756516,0,0.0,0.9609594285171779,11,450.0
2585.0,8,421.0,8.591836734693878,6.91432705257437,0,0.0,1.0,7,443.0,0.12024952077861431,0,11.0,0.5917947508915822,0,0.0,0.9582744387431079,7,454.0
2590.0,7,451.0,9.204081632653061,7.914970634527615,0,6.0,0.5581194542973771,7,481.0,0.31686942443978205,0,0.0,0.9453972554495236,0,0.0,0.9640660002499192,7,487.0
2595.0,3,292.0,5.615384615384615,8.376461031728427,0,0.0,0.6980993288918182,3,396.0,0.4809709815655842,0,0.0,0.9989140237118433,0,0.0,0.9523663128583184,3,396.0
2600.0,3,265.0,5.408163265306122,8.650925243001115,0,0.0,1.0,3,268.0,0.47916562350073616,0,0.0,0.9700839000490136,0,0.0,0.954107520439261,3,268.0
2605.0,6,286.0,5.72,8.060864769485072,0,0.0,1.0,3,283.0,0.4766871125586695,1,1.0,0.32039214072732847,0,0.0,0.974858017043713,4,284.0
2610.0,10,328.0,6.6938775510204085,7.163089066244188,0,0.0,1.0,3,298.0,0.382344678566442,3,13.0,0.40766491036238145,0,0.0,0.9823234946883429,6,311.0
2615.0,12,358.0,7.16,6.3260284551505945,0,0.0,1.0,2,296.0,0.4406787544759635,5,33.0,0.15891531939044098,0,0.0,0.9612966003556555,7,329.0
2620.0,10,387.0,9.675,6.053456601849481,0,0.0,1.0,2,303.0,0.22742349911132695,5,58.0,0.2662171023126005,0,0.0,0.945629172255922,7,361.0
2625.0,4,325.0,7.926829268292683,7.078745552795085,0,0.0,1.0,2,313.0,0.3209413421295686,1,28.0,0.5646533499868056,0,0.0,0.9577139952790714,3,341.0
2630.0,3,324.0,7.043478260869565,7.7581008265328695,0,3.0,0.5791164850241481,2,329.0,0.5933438186260444,0,14.0,0.745109476318009,0,0.0,0.9640591115247039,2,346.0
2635.0,7,350.0,7.608695652173913,7.824008744149703,0,0.0,1.0,2,348.0,0.6291911848234781,0,3.0,0.9679409729391706,0,0.0,0.988147345655022,2,351.0
2640.0,5,42.0,0.8936170212765957,8.21001131131057,0,0.0,1.0,0,112.0,0.8240004114717164,0,3.0,0.9752379341705028,0,0.0,0.9963797238927354,0,115.0
2645.0,6,56.0,1.2444444444444445,7.591636296027081,0,0.0,1.0,1,9.0,0.7249566920665871,0,6.0,0.8870559292560529,0,0.0,0.9848045763201521,1,15.0
2650.0,11,102.0,2.1702127659574466,7.399558245982505,0,0.0,1.0,4,23.0,0.6161425331829539,1,5.0,0.8234109352048631,0,0.0,0.9408623213509802,5,28.0
2655.0,15,162.0,3.4468085106382977,6.242019458144469,0,0.0,1.0,5,44.0,0.5145776347675258,3,12.0,0.542351605272726,0,0.0,0.9450154631967456,8,56.0
2660.0,14,193.0,4.195652173913044,5.166575697901539,0,0.0,1.0,2,40.0,0.3180303010454243,3,27.0,0.567649917030945,0,0.0,0.9557549121126621,5,67.0
2665.0,18,242.0,4.938775510204081,4.651373200097462,0,0.0,1.0,5,36.0,0.2720174432508293,1,4.0,0.5775687282445578,0,0.0,0.9694491848462823,6,40.0
2670.0,17,247.0,5.040816326530612,5.499158506015156,0,0.0,1.0,6,62.0,0.22226751985580934,1,9.0,0.7554871066754852,0,0.0,0.9709176835676698,7,71.0
2675.0,16,323.0,6.333333333333333,5.674064912699421,0,6.0,0.18420527127369915,6,95.0,0.4259292449868437,1,14.0,0.45820542246044726,0,0.0,0.9279139996943053,7,115.0
2680.0,10,241.0,4.918367346938775,5.80418170536976,0,0.0,0.09383269229973537,0,24.0,0.8141176586836231,2,24.0,0.4700775877995317,0,0.0,0.9963216501644366,2,48.0
2685.0,4,76.0,1.4901960784313726,6.899177051100431,0,0.0,1.0,0,3.0,0.5991833315950535,2,34.0,0.4915551806383975,0,0.0,0.9731362443139584,2,37.0
2690.0,5,53.0,1.0192307692307692,8.02549712650227,0,0.0,1.0,2,10.0,0.5504332173142183,3,55.0,0.6231483951560197,0,0.0,0.921283586095799,5,65.0
2695.0,7,86.0,1.7916666666666667,8.144407602999133,0,0.0,1.0,3,25.0,0.5588167285961779,4,130.0,0.5339595072412722,0,0.0,0.960724994552924,7,155.0
2700.0,9,126.0,2.8636363636363638,6.582138706007556,0,0.0,1.0,4,42.0,0.1872137898052135,5,150.0,0.33433318707746135,0,0.0,0.9707916279748676,9,192.0
2705.0,9,156.0,3.25,6.69502817306487,0,0.0,1.0,5,67.0,0.2764654816107688,4,122.0,0.48974992027425895,0,0.0,0.9870640458878752,9,189.0
2710.0,9,201.0,4.674418604651163,6.933899135490122,0,0.0,1.0,5,94.0,0.35612447579054873,4,118.0,0.5368757124277102,0,0.0,0.9514204840598505,9,212.0
2715.0,10,251.0,5.837209302325581,6.521444141201963,0,0.0,1.0,6,124.0,0.4348594244705195,4,138.0,0.446265726927544,0,0.0,0.970142528864993,10,262.0
2720.0,16,315.0,6.8478260869565215,5.371117492470113,0,0.0,1.0,6,154.0,0.3320403417168088,9,171.0,0.08966358607411345,0,0.0,0.9666087431284089,15,325.0
2725.0,15,318.0,6.489795918367347,5.7556108886259025,0,0.0,1.0,5,146.0,0.27641605884498444,10,220.0,0.08924951733041532,0,0.0,0.9866745299340273,15,366.0
2730.0,13,233.0,4.755102040816326,6.080536104596272,0,0.0,1.0,4,94.0,0.3935071396089348,8,203.0,0.1290625158631271,0,0.0,0.9615906464098658,12,297.0
2735.0,11,239.0,4.78,6.865051405369609,0,0.0,1.0,4,114.0,0.25545332962117845,7,153.0,0.2459761986901034,0,0.0,0.9785273872771246,11,267.0
2740.0,14,305.0,5.754716981132075,7.254282828613901,0,0.0,1.0,6,144.0,0.37797288561353287,8,175.0,0.24559310004152823,0,0.0,0.9372627425793963,14,319.0
2745.0,8,206.0,3.8867924528301887,6.835494914064902,0,0.0,1.0,0,4.0,0.4937154172779352,8,215.0,0.24172872746665422,0,0.0,0.9556880002096823,8,219.0
2750.0,11,251.0,4.735849056603773,6.4553213068263355,0,0.0,1.0,1,2.0,0.47099293569883816,8,279.0,0.2921653932897494,0,0.0,0.9896789923305641,9,281.0
2755.0,7,29.0,0.5178571428571429,6.716454302402705,0,0.0,1.0,1,22.0,0.5803375720446818,1,85.0,0.5876064779854265,0,0.0,0.9605256283944501,2,107.0
2760.0,11,78.0,1.3448275862068966,7.180418890057545,0,6.0,0.57307593466419,1,33.0,0.6596824535465003,1,40.0,0.8316353715318748,0,0.0,0.9447723185456294,2,79.0
2765.0,10,116.0,2.0350877192982457,7.65562573395996,0,0.0,1.0,0,9.0,0.8776573660454907,1,45.0,0.7581897622791589,0,0.0,0.9613996653928246,1,54.0
2770.0,11,168.0,3.0545454545454547,7.594209377382701,0,0.0,1.0,0,9.0,0.9759286479882511,2,49.0,0.6275408767155682,0,0.0,0.9334352965589066,2,58.0
2775.0,12,210.0,3.888888888888889,7.742349750893174,0,0.0,1.0,0,6.0,0.8371657140440423,1,13.0,0.834075695284778,0,0.0,0.9611643106393126,1,19.0
2780.0,13,275.0,5.092592592592593,7.4067517410264125,0,3.0,0.9300715682785905,1,11.0,0.8247115427148327,1,18.0,0.6883565985886259,0,0.0,0.9766147538634461,2,32.0
2785.0,19,350.0,6.730769230769231,5.831574399907016,0,0.0,1.0,1,16.0,0.8208650100412064,7,33.0,0.034771618845824935,0,0.0,0.948954983777003,8,49.0
2790.0,20,434.0,8.857142857142858,5.048126098477532,0,0.0,1.0,0,3.0,0.9682237828961454,7,68.0,0.003269387588865355,0,0.0,0.9435993077000522,7,71.0
2795.0,17,488.0,9.384615384615385,5.51111492435109,0,0.0,1.0,0,0.0,0.9815797959858703,3,51.0,0.19901953072681883,0,0.0,0.9784824195246523,3,51.0
2800.0,18,574.0,10.830188679245284,5.527124668018841,0,3.0,0.6303867059180017,0,3.0,0.8086480509910757,3,68.0,0.5517242426447244,0,0.0,0.9840189081689916,3,74.0
2805.0,19,558.0,10.528301886792454,5.316616950991716,0,0.0,0.791882143541965,0,3.0,0.9621640982369932,4,85.0,0.36176264059983443,0,0.0,0.9699933564684,4,88.0
2810.0,18,407.0,7.267857142857143,5.770465698305398,1,2.0,0.00018446482165311747,0,3.0,0.9381997388649588,5,110.0,0.40093383356204043,0,0.0,0.9595204061402991,6,115.0
2815.0,19,426.0,8.192307692307692,4.9012235093994025,1,5.0,0.0,1,6.0,0.7758590753244763,4,91.0,0.374942712050379,0,0.0,0.9465908483624392,6,102.0
2820.0,16,470.0,8.867924528301886,5.391374753642185,1,10.0,0.0,1,11.0,0.7769762107991784,2,37.0,0.28325406244215173,0,0.0,0.9942042791683813,4,58.0
2825.0,18,556.0,10.692307692307692,5.35116272729543,1,15.0,0.42350808414013724,1,16.0,0.7573364732235136,4,48.0,0.002834730803406094,0,0.0,0.964838072202618,6,79.0
2830.0,13,328.0,6.188679245283019,5.2218720727003705,0,0.0,0.25191380126386065,0,0.0,0.7415770948291702,5,72.0,0.16305582681407113,0,0.0,0.978769688788482,5,72.0
2835.0,9,134.0,2.576923076923077,5.734992772474626,0,0.0,1.0,0,0.0,0.8357277414235077,3,64.0,0.35198737195181273,0,0.0,0.9598492343482132,3,64.0
2840.0,9,80.0,1.4814814814814814,6.075774910781842,0,0.0,1.0,0,3.0,0.9663367351172404,3,54.0,0.47978243002161197,0,0.0,0.9129487658357851,3,57.0
2845.0,10,89.0,1.6181818181818182,6.075267809948093,0,0.0,1.0,0,3.0,0.9606893659557779,4,74.0,0.36162412377656383,0,0.0,0.9412703217402484,4,77.0
2850.0,11,119.0,2.087719298245614,6.2308026667351015,0,0.0,1.0,0,4.0,0.8965373221171745,6,100.0,0.24098622331393604,0,0.0,0.9641932466757075,6,104.0
2855.0,5,33.0,0.5789473684210527,6.596340879247537,0,0.0,1.0,1,8.0,0.7926852831556556,2,99.0,0.42943468794071094,0,0.0,0.9543818138794601,3,107.0
2860.0,5,52.0,0.9454545454545454,6.706933215537231,0,3.0,0.5909262672798568,1,14.0,0.7054145678344064,3,112.0,0.38522353475992643,0,0.0,0.9715486788439694,4,129.0
2865.0,6,80.0,1.4545454545454546,6.706193334143132,0,0.0,0.8917063013963247,1,76.0,0.6019434675430305,3,175.0,0.38965535725507755,0,0.0,0.9247790004328549,4,251.0
2870.0,6,97.0,1.8653846153846154,6.963399197952888,0,0.0,0.9364999367000879,0,6.0,0.8613353118927682,3,187.0,0.1903014561385133,0,0.0,0.9340805369636062,3,193.0
2875.0,7,80.0,1.509433962264151,6.674144266235157,0,0.0,1.0,1,61.0,0.7749713215229173,3,178.0,0.0395926401481974,0,0.0,0.9693367232192143,4,239.0
2880.0,8,119.0,2.2452830188679247,7.6189856495298525,0,0.0,1.0,1,105.0,0.7968753154901401,4,178.0,0.2996880049335117,0,0.0,0.9690769803295085,5,283.0
2885.0,8,122.0,2.103448275862069,7.380220881677134,0,0.0,1.0,1,110.0,0.8069843305881591,4,198.0,0.32316608213977976,0,0.0,0.945946408008051,5,308.0
2890.0,5,87.0,1.5818181818181818,7.09309469300007,0,0.0,1.0,0,9.0,0.6551663596758107,4,254.0,0.345009771511658,0,0.0,0.9611363693677345,4,263.0
2895.0,7,77.0,1.375,6.705318455697712,0,0.0,1.0,3,16.0,0.48357349131840155,3,252.0,0.33874056998635144,0,0.0,0.9364086662342656,6,268.0
2900.0,12,128.0,2.2857142857142856,6.61840700389448,0,0.0,1.0,4,35.0,0.2928800872164891,3,260.0,0.5186099975525601,0,0.0,0.9289009202341374,7,295.0
2905.0,17,201.0,3.6545454545454548,6.091941348936341,0,0.0,1.0,6,59.0,0.19107550372084042,4,275.0,0.31913550411510927,0,0.0,0.9451792059972743,10,334.0
2910.0,18,290.0,5.178571428571429,5.903019580155274,0,0.0,0.9633016455392065,6,89.0,0.24289874996970212,4,292.0,0.29984618794661405,0,0.0,0.9803672656013606,10,381.0
2915.0,11,152.0,2.7142857142857144,5.934034390776053,0,0.0,1.0,0,13.0,0.7203443842728022,2,173.0,0.25270631992594234,0,0.0,0.9366466609922988,2,186.0
2920.0,7,91.0,1.5423728813559323,7.625082055293285,0,0.0,1.0,0,5.0,0.9349796171091892,0,25.0,0.671728391454251,0,0.0,0.9640213860609179,0,30.0
2925.0,6,29.0,0.5,7.686391516347398,0,0.0,1.0,0,3.0,0.9510440016993869,0,7.0,0.9269443013695516,0,0.0,0.9652253533131577,0,10.0
2930.0,4,19.0,0.3333333333333333,7.598511292599169,0,0.0,1.0,0,3.0,0.764010578671021,0,6.0,0.6462814210478687,0,0.0,0.9911474514810263,0,9.0
2935.0,6,19.0,0.3275862068965517,7.6127004286830795,0,0.0,1.0,0,0.0,0.937165903848612,2,13.0,0.6441284930253611,0,0.0,0.96677256477168,2,13.0
2940.0,7,31.0,0.5535714285714286,7.0486693952173125,0,0.0,1.0,1,2.0,0.5419784480884245,2,23.0,0.6402434693865785,0,0.0,0.9602554963732186,3,25.0
2945.0,6,44.0,0.8,6.895010072786285,0,0.0,1.0,4,17.0,0.3168475168518377,2,33.0,0.5661815909604946,0,0.0,0.9402457184484413,6,50.0
2950.0,7,78.0,1.471698113207547,6.1079236460557285,0,0.0,1.0,4,37.0,0.305588995457812,3,47.0,0.3268029626512357,0,0.0,0.8131189033111594,7,84.0
2955.0,1,5.0,0.09259259259259259,6.419615854646264,0,0.0,1.0,0,13.0,0.6684080212195912,1,26.0,0.1833237956129904,0,0.0,0.9541743100285265,1,39.0
2960.0,1,10.0,0.18181818181818182,7.481912543138483,0,0.0,0.6388830181833987,0,3.0,0.8584411403477449,1,10.0,0.6423519048063077,0,0.0,0.9411907309546019,1,13.0
2965.0,2,17.0,0.30357142857142855,8.422731300420676,0,0.0,0.8691640209367447,0,6.0,0.9603371186075831,1,45.0,0.7294321880589484,0,0.0,0.9752630070834538,1,51.0
2970.0,8,49.0,0.8596491228070176,7.725232148463682,0,0.0,1.0,0,6.0,0.967413880490817,2,77.0,0.5611774221388808,0,0.0,0.9754098173091184,2,83.0
2975.0,6,30.0,0.5084745762711864,7.709053284960966,0,0.0,1.0,0,6.0,0.9464846754602858,1,65.0,0.698359075760619,0,0.0,0.9359130073987804,1,71.0
2980.0,4,18.0,0.3157894736842105,7.854310025986019,0,0.0,1.0,0,85.0,0.9230766680893211,2,4.0,0.6514546470616601,0,0.0,0.930550465726318,2,89.0
2985.0,5,43.0,0.7678571428571429,8.541347372247197,0,0.0,0.9029827267869317,0,85.0,0.9610835025428527,2,14.0,0.5189430049503013,0,0.0,0.9538551325322043,2,99.0
2990.0,7,75.0,1.3157894736842106,7.701193041737953,0,0.0,1.0,1,8.0,0.5307381610783841,3,55.0,0.4441580902003417,0,0.0,0.9499118742654629,4,63.0
2995.0,6,38.0,0.7037037037037037,7.028846155112768,0,0.0,1.0,0,0.0,0.8274944773267946,3,57.0,0.2019951991209572,0,0.0,0.9352365837443297,3,57.0
3000.0,7,62.0,1.1923076923076923,8.051724264771792,0,0.0,1.0,1,1.0,0.6436990730209255,4,76.0,0.27586945620257375,0,0.0,0.9981567821920616,5,77.0
3005.0,12,111.0,2.22,6.824622078859599,0,0.0,1.0,2,8.0,0.4621934551482657,5,102.0,0.10926957115677531,0,0.0,0.9576858463357635,7,110.0
3010.0,16,185.0,3.627450980392157,6.184537781968352,0,0.0,1.0,2,18.0,0.47857869114470375,7,133.0,0.12133259892099729,0,0.0,0.971603981628667,9,151.0
3015.0,15,241.0,4.547169811320755,6.044899283298129,0,0.0,1.0,0,0.0,0.5994096868616665,7,168.0,0.18524592613072616,0,0.0,0.9669205249900125,7,168.0
3020.0,17,323.0,5.981481481481482,5.996958321494619,0,0.0,1.0,1,5.0,0.7079733273976103,7,203.0,0.19745807737451765,0,0.0,0.9779673439502392,8,208.0
3025.0,13,245.0,4.537037037037037,5.760370379531042,0,0.0,1.0,2,10.0,0.2680251306713967,2,87.0,0.32634579833239563,0,0.0,0.9221652359728383,4,97.0
3030.0,14,311.0,5.980769230769231,5.853999838015673,0,3.0,0.5975352531476376,2,23.0,0.23295191272709936,2,81.0,0.31337144667093864,0,0.0,0.9879477695429828,4,107.0
3035.0,16,344.0,6.88,5.089926877837306,2,12.0,0.1409125888599183,2,36.0,0.5621423101527673,2,91.0,0.2644892955426327,0,0.0,0.9590763808377611,6,139.0
3040.0,16,343.0,7.145833333333333,5.647834060758086,3,27.0,0.01770807882379153,2,46.0,0.7189569135691584,3,107.0,0.17618863506876176,0,0.0,0.9415993503240174,8,180.0
3045.0,19,432.0,8.470588235294118,5.5623374816557005,3,42.0,0.004531151111321107,2,56.0,0.7244210061321004,4,127.0,0.3044818479182932,0,0.0,0.9559077618508083,9,225.0
3050.0,12,281.0,5.403846153846154,5.078296351041107,0,3.0,0.02774013177961649,2,63.0,0.5915563230261818,2,69.0,0.3543863628723096,0,0.0,0.9674062837712433,4,135.0
3055.0,6,69.0,1.3529411764705883,6.527364584402314,0,3.0,0.9681913800391082,1,5.0,0.6820470907216545,2,25.0,0.46396171010689913,0,0.0,0.9393768758991015,3,33.0
3060.0,3,42.0,0.7924528301886793,7.940246750304253,0,0.0,1.0,1,10.0,0.6566058331553378,2,35.0,0.4801543858220778,0,0.0,0.9589886316706272,3,45.0
3065.0,4,61.0,1.1090909090909091,8.04553816420401,0,0.0,1.0,2,19.0,0.49451394236226537,2,42.0,0.45556271662739384,0,0.0,0.9739635393249938,4,61.0
3070.0,3,62.0,1.1272727272727272,7.886608633443919,0,0.0,1.0,2,29.0,0.4594616342098047,1,85.0,0.7429881867156363,0,0.0,0.954990927549827,3,114.0
3075.0,4,68.0,1.2363636363636363,7.909934971614146,0,3.0,0.9178262054628383,1,25.0,0.6273879200587363,2,94.0,0.6443288152035853,0,0.0,0.9771204552430348,3,122.0
3080.0,3,82.0,1.490909090909091,8.23467276312704,0,0.0,1.0,1,65.0,0.750501849173991,2,107.0,0.6350828925079012,0,0.0,0.9622038521482967,3,172.0
3085.0,3,97.0,1.9019607843137254,8.647616382186643,0,0.0,1.0,1,70.0,0.6872568184671167,2,117.0,0.7455834652928858,0,0.0,0.9954508606280925,3,187.0
3090.0,6,101.0,2.1041666666666665,7.1838925898298625,0,0.0,1.0,3,81.0,0.447605728574926,3,64.0,0.49537054251953094,0,0.0,0.8367014331119047,6,145.0
3095.0,8,129.0,2.58,6.922163133866994,0,0.0,1.0,3,90.0,0.5261676957977643,5,83.0,0.2101849069329238,0,0.0,0.9503632555691703,8,173.0
3100.0,10,177.0,3.4705882352941178,7.067583987587925,0,0.0,1.0,3,159.0,0.6783393283052217,6,112.0,0.1188626593492703,0,0.0,0.9509730847537848,9,271.0
3105.0,12,233.0,4.568627450980392,7.450325318435267,0,0.0,1.0,3,199.0,0.6330730216912708,7,149.0,0.2902574947170382,0,0.0,0.9573298302471558,10,348.0
3110.0,14,296.0,5.92,6.911211445206805,0,0.0,1.0,3,197.0,0.5365962588687824,9,184.0,0.17920362314550575,0,0.0,0.9617276224530837,12,381.0
3115.0,5,133.0,2.5576923076923075,6.6628582893598045,0,0.0,1.0,1,91.0,0.428571183242468,2,120.0,0.3217631625183431,0,0.0,0.9898863835648679,3,211.0
3120.0,5,119.0,2.2452830188679247,8.322742600576946,0,3.0,0.5551465275454462,2,48.0,0.574469610578205,2,112.0,0.5220500798778964,0,0.0,0.9881316007548577,4,163.0
3125.0,5,144.0,2.769230769230769,8.32197241721035,0,9.0,0.1926905140272075,2,37.0,0.6885399321225842,2,139.0,0.6413686859727388,0,0.0,0.9977215381515394,4,185.0
3130.0,10,188.0,3.76,7.64826086371463,3,22.0,0.01062989397941243,2,47.0,0.5156505819707914,3,150.0,0.5361564756432782,0,0.0,0.9504345221148608,8,219.0
3135.0,9,200.0,4.081632653061225,6.548292028968367,3,37.0,0.0031576969199345935,0,6.0,0.7666840814319501,3,143.0,0.5399080000001341,0,0.0,0.9682514922577934,6,186.0
3140.0,11,254.0,5.291666666666667,6.441106508143434,4,57.0,0.0003648877962737039,0,9.0,0.8993356678966915,3,158.0,0.5407222695216704,0,0.0,0.9514260973414729,7,224.0
3145.0,9,245.0,5.0,6.30823923598312,0,9.0,0.01854120849473127,0,9.0,0.9482084957770016,4,179.0,0.42615419225617196,0,0.0,0.9544218391882848,4,197.0
3150.0,10,295.0,6.145833333333333,6.111469864987632,0,0.0,1.0,0,3.0,0.9666144846545229,5,204.0,0.3148967920183378,0,0.0,0.993883756267331,5,207.0
3155.0,10,309.0,6.3061224489795915,6.560502281168443,0,0.0,1.0,0,3.0,0.9501680172640001,2,186.0,0.45541246464252527,0,0.0,0.9611686337208253,2,189.0
3160.0,8,297.0,5.94,7.1447007862890315,0,3.0,0.6676462770410676,0,6.0,0.8737231714849152,2,192.0,0.5742868850650968,0,0.0,0.9362761778530122,2,201.0
3165.0,8,300.0,6.0,7.2601096954042195,0,0.0,1.0,1,6.0,0.6828839006047153,2,202.0,0.48422933537405066,0,0.0,0.967576928269976,3,208.0
3170.0,9,256.0,4.923076923076923,6.657840548220021,0,0.0,1.0,2,15.0,0.3442924033637949,2,209.0,0.18449024567920427,0,0.0,0.9641854236447397,4,224.0
3175.0,5,238.0,5.0638297872340425,6.7681168137162855,0,0.0,1.0,0,3.0,0.8778378714560946,3,221.0,0.2342833985335902,0,0.0,0.9737648121078983,3,224.0
3180.0,6,265.0,5.520833333333333,7.035960952397706,0,0.0,1.0,0,3.0,0.8977315048702255,4,238.0,0.00023198875104294607,0,0.0,0.9709677065791827,4,241.0
3185.0,6,295.0,6.020408163265306,7.272450787429606,0,0.0,1.0,0,3.0,0.7238571108758955,4,264.0,0.30649256059047364,0,0.0,0.9693892208806651,4,267.0
3190.0,7,330.0,6.346153846153846,7.6340031065894784,0,0.0,1.0,1,5.0,0.7238260428253386,4,284.0,0.3242763284554566,0,0.0,0.9551856147082786,5,289.0
3195.0,7,365.0,7.448979591836735,7.376842442937451,0,0.0,1.0,1,10.0,0.6067413663852064,4,301.0,0.3244984281023715,0,0.0,0.9776469399517375,5,311.0
3200.0,8,346.0,6.784313725490196,7.318000854505098,0,0.0,1.0,3,38.0,0.4946233828248235,4,299.0,0.41754950382112765,0,0.0,0.9386090438042298,7,337.0
3205.0,6,344.0,6.490566037735849,7.633239846113294,0,0.0,1.0,3,58.0,0.5736713787168384,3,314.0,0.39781078345168114,0,0.0,0.9053692320812075,6,372.0
3210.0,9,384.0,7.529411764705882,6.584292606723043,0,0.0,0.9819556392275536,4,75.0,0.36279190763286373,4,334.0,0.3121168595411834,0,0.0,0.9736616065924786,8,409.0
3215.0,10,417.0,8.176470588235293,6.574165272256608,0,0.0,1.0,5,116.0,0.4311112001332646,4,351.0,0.3370761650281476,0,0.0,0.9729470499772441,9,467.0
3220.0,10,457.0,8.96078431372549,6.708544646311106,0,0.0,1.0,5,141.0,0.47459939729932615,4,361.0,0.17417967756600508,0,0.0,0.9878734197591439,9,502.0
3225.0,11,511.0,9.462962962962964,7.690299513449871,0,0.0,1.0,5,161.0,0.5337377443157759,4,387.0,0.4061573315609267,0,0.0,0.9756944508793127,9,548.0
3230.0,15,572.0,10.592592592592593,7.037595051431946,0,0.0,1.0,6,188.0,0.5104181315930022,5,408.0,0.42214522725971154,0,0.0,0.9462503941094366,11,596.0
3235.0,14,636.0,11.563636363636364,6.99826376350886,0,0.0,1.0,7,215.0,0.36373358619745927,5,433.0,0.43028644750539663,0,0.0,0.9929395781649821,12,648.0
3240.0,12,645.0,12.169811320754716,7.526242223864448,0,0.0,1.0,8,252.0,0.3409531185819535,4,447.0,0.41003457501205137,0,0.0,0.9364563858027941,12,699.0
3245.0,13,707.0,13.339622641509434,7.514520273568523,0,0.0,1.0,9,297.0,0.30839149488099865,4,467.0,0.40024859241635297,0,0.0,0.9652552460598737,13,764.0
3250.0,10,580.0,10.943396226415095,7.216796564825187,0,0.0,1.0,6,224.0,0.32409162001121145,4,492.0,0.511793651523558,0,0.0,0.9811090643311942,10,716.0
3255.0,7,514.0,10.489795918367347,7.334085857188977,0,0.0,0.970415594280851,1,75.0,0.5682213155586493,5,508.0,0.2268086026975228,0,0.0,0.9667908645438826,6,583.0
3260.0,7,167.0,3.2115384615384617,7.351956053707828,0,0.0,1.0,1,16.0,0.8054094664213719,5,316.0,0.18104156010576178,0,0.0,0.9676715286041082,6,332.0
3265.0,7,62.0,1.2653061224489797,7.558671202451146,0,0.0,1.0,2,22.0,0.6247948471966035,4,81.0,0.41758650706964734,0,0.0,0.9755352506687189,6,103.0
3270.0,5,53.0,1.06,8.095057704539304,0,0.0,1.0,0,0.0,0.7662140273940276,5,58.0,0.41610455382961553,0,0.0,0.9387347615380657,5,58.0
3275.0,7,83.0,1.7659574468085106,7.652354443398432,0,0.0,1.0,1,4.0,0.7063764648514603,5,83.0,0.24133771110463798,0,0.0,0.9579927727896226,6,87.0
3280.0,4,67.0,1.4565217391304348,7.8665896388067145,0,0.0,1.0,1,9.0,0.7766999429111232,2,72.0,0.5586447904808501,0,0.0,0.9650312418087961,3,81.0
3285.0,4,77.0,1.6382978723404256,7.74408823284158,0,6.0,0.5809118171941066,1,17.0,0.5977575072035264,3,71.0,0.5942450958724761,0,0.0,0.9648296862400848,4,94.0
3290.0,4,97.0,2.255813953488372,7.993430532102127,0,0.0,1.0,1,22.0,0.7321429130823507,3,86.0,0.3809020049460414,0,0.0,0.9705488899857668,4,108.0
3295.0,4,117.0,2.6,8.455440141504791,0,0.0,1.0,1,27.0,0.7665862573694631,3,101.0,0.4859991589018731,0,0.0,0.9963384374465741,4,128.0
3300.0,4,137.0,3.1136363636363638,7.853353003409226,0,0.0,1.0,1,32.0,0.5738304038203678,3,116.0,0.48064935257096403,0,0.0,0.953820743983837,4,148.0
3305.0,7,168.0,3.7333333333333334,7.812091685518918,0,0.0,1.0,2,42.0,0.6272769598210202,5,137.0,0.2736398438695352,0,0.0,0.9438982737364432,7,179.0
3310.0,8,204.0,4.636363636363637,7.526793616453667,0,0.0,1.0,2,52.0,0.5513608402471553,6,163.0,0.2416431168016078,0,0.0,0.9539574174825046,8,215.0
3315.0,7,229.0,5.4523809523809526,6.683461508393658,0,0.0,1.0,1,44.0,0.2776219245443691,6,193.0,0.2294669650068094,0,0.0,0.9714168858719703,7,237.0
3320.0,6,242.0,5.627906976744186,6.888645640470001,0,0.0,1.0,2,54.0,0.207129605050666,4,193.0,0.3826962446255763,0,0.0,0.9748999565377521,6,247.0
3325.0,7,273.0,6.5,7.256643865051266,0,3.0,0.6586548255099189,2,67.0,0.49645859479636145,5,217.0,0.28002736458405936,0,0.0,0.9869135958497209,7,287.0
3330.0,8,312.0,7.090909090909091,7.998698438315109,0,0.0,1.0,2,80.0,0.5963920717308686,5,242.0,0.27651767242380115,0,0.0,0.9621474266913924,7,322.0
3335.0,9,347.0,7.382978723404255,7.671153289319156,0,0.0,1.0,2,90.0,0.7149218459643711,5,267.0,0.28355628638372765,0,0.0,0.950429678922021,7,357.0
3340.0,6,353.0,7.51063829787234,8.041882139357357,0,0.0,1.0,1,72.0,0.7053731347964861,5,292.0,0.4246136037761524,0,0.0,0.9538139702229467,6,364.0
3345.0,6,209.0,4.543478260869565,7.926483175481041,0,0.0,1.0,2,82.0,0.5890911345250919,4,222.0,0.31549546960126806,0,0.0,0.9701134439487153,6,304.0
3350.0,7,134.0,2.7346938775510203,7.632839027244206,0,3.0,0.9505915930477956,3,96.0,0.36588495297528595,4,87.0,0.27754884956954184,0,0.0,0.9418935128593264,7,186.0
3355.0,11,182.0,3.872340425531915,6.727447130005757,0,0.0,1.0,5,118.0,0.25643364794686235,6,67.0,0.16652853656340427,0,0.0,0.9509990388838319,11,185.0
3360.0,9,205.0,4.555555555555555,6.51765465949792,0,0.0,0.8905929975717483,2,103.0,0.581390458079922,7,102.0,0.013082868760494418,0,0.0,0.9563174643160096,9,205.0
3365.0,6,183.0,4.357142857142857,6.88550062610088,0,0.0,1.0,2,113.0,0.6404172381085184,4,87.0,0.008089449909028205,0,0.0,0.9695513034034163,6,200.0
3370.0,5,198.0,4.5,7.828529965060043,0,6.0,0.5968624670205752,2,126.0,0.5400348648583019,3,89.0,0.37661740974266317,0,0.0,0.9444537120320013,5,221.0
3375.0,6,227.0,4.934782608695652,8.502493503912202,0,0.0,1.0,3,143.0,0.6445500706192859,3,94.0,0.536311921699312,0,0.0,0.9302890105171384,6,237.0
3380.0,6,257.0,5.586956521739131,7.885813310666324,0,0.0,1.0,3,158.0,0.5237924143031836,3,109.0,0.5461265594302145,0,0.0,0.9527971671921944,6,267.0
3385.0,7,145.0,3.0851063829787235,7.845510403147505,0,0.0,1.0,3,68.0,0.5219464680572837,3,124.0,0.48006850966564424,0,0.0,0.9517656823420557,6,192.0
3390.0,7,174.0,4.046511627906977,8.05211638229821,0,0.0,1.0,3,39.0,0.5410080550368666,3,142.0,0.5445586303893165,0,0.0,0.97132600922223,6,181.0
3395.0,9,213.0,4.953488372093023,7.391725410247629,0,0.0,1.0,3,54.0,0.5517265848300634,3,156.0,0.6347144905305289,0,0.0,0.9951532051515118,6,210.0
3400.0,12,268.0,6.380952380952381,5.545430048419661,0,0.0,1.0,3,69.0,0.36134769841916803,5,179.0,0.3825015344090007,0,0.0,0.995453580231449,8,248.0
3405.0,13,186.0,4.043478260869565,5.426218150963878,0,0.0,1.0,2,59.0,0.4618590779184325,6,129.0,0.2594026160957948,0,0.0,0.9762945213727163,8,188.0
3410.0,11,195.0,4.148936170212766,6.352838065920197,0,0.0,1.0,2,69.0,0.32607079614442813,4,52.0,0.45497702997213835,0,0.0,0.95959010395758,6,121.0
3415.0,13,254.0,5.183673469387755,5.965196615798379,0,0.0,1.0,2,79.0,0.32986689138358777,6,77.0,0.393333052191182,0,0.0,0.9243551529925644,8,156.0
3420.0,14,323.0,6.872340425531915,5.421891928908325,0,0.0,1.0,2,89.0,0.32031620685140133,6,107.0,0.30733226100330313,0,0.0,0.9464757444064212,8,196.0
3425.0,13,219.0,4.294117647058823,5.457013772207506,0,0.0,1.0,1,1.0,0.4811050386469139,8,143.0,0.17374243615208,0,0.0,0.947950447215821,9,144.0
3430.0,14,289.0,5.5576923076923075,6.16529434453659,0,0.0,1.0,1,9.0,0.6276952374017049,9,188.0,0.1699932377839488,0,0.0,0.9374363745344484,10,197.0
3435.0,14,313.0,6.019230769230769,6.471888265813356,0,0.0,1.0,1,14.0,0.7289328882501772,9,233.0,0.28583118268206265,0,0.0,0.9660705978935203,10,247.0
3440.0,10,284.0,5.2592592592592595,6.534637232046111,0,0.0,1.0,1,16.0,0.5720863344346094,9,278.0,0.20331515587480448,0,0.0,0.9457993511807771,10,294.0
3445.0,13,344.0,6.615384615384615,6.793110850563361,0,0.0,1.0,2,25.0,0.4808481082046888,11,329.0,0.2123377972536557,0,0.0,0.9461977166338418,13,354.0
3450.0,7,134.0,2.576923076923077,5.583947964719811,0,0.0,1.0,2,35.0,0.25284679550043976,5,143.0,0.12060663212163107,0,0.0,0.6440673372157796,7,178.0
3455.0,6,104.0,2.0,6.742099349352078,0,6.0,0.596155203990561,3,53.0,0.37528001607328587,2,113.0,0.2620897205687072,0,0.0,0.9816019294133143,5,172.0
3460.0,8,137.0,2.537037037037037,7.715267338655427,0,0.0,0.8036349920500859,4,73.0,0.4553702150912985,2,62.0,0.3835900314925961,0,0.0,0.9554937501195274,6,135.0
3465.0,5,105.0,1.9444444444444444,8.368255702356223,0,0.0,1.0,1,21.0,0.7776516611276022,2,69.0,0.33219260240210957,0,0.0,0.978658286168472,3,90.0
3470.0,6,79.0,1.4363636363636363,8.247496074464316,0,0.0,1.0,1,52.0,0.735318645179509,2,29.0,0.25603760026854483,0,0.0,0.9758299756831893,3,81.0
3475.0,7,114.0,2.0357142857142856,7.670522471177242,0,0.0,1.0,2,65.0,0.7824758351298228,2,45.0,0.5339475923354827,0,0.0,0.9895232273339594,4,110.0
3480.0,8,153.0,2.7818181818181817,7.821133882802616,0,0.0,1.0,2,72.0,0.7253187713007561,2,55.0,0.6428824790789233,0,0.0,0.9891615863831791,4,127.0
3485.0,7,144.0,2.769230769230769,7.592302644479618,0,0.0,1.0,0,36.0,0.7233418425597585,3,66.0,0.5542373252647892,0,0.0,0.9737576511264052,3,102.0
3490.0,3,69.0,1.3529411764705883,7.847775265179312,0,0.0,0.0385335801225663,1,9.0,0.7745304900470366,2,75.0,0.638168683191014,0,0.0,0.9564184520136818,3,84.0
3495.0,6,91.0,1.6851851851851851,7.869445016439365,1,4.0,0.0,2,15.0,0.5696868836259558,2,88.0,0.6902016318111315,0,0.0,0.9502349332359696,5,107.0
3500.0,10,133.0,2.462962962962963,7.379873733324808,1,9.0,0.4829325905257906,3,29.0,0.5178047605943886,2,89.0,0.47279786719829553,0,0.0,0.962198482904268,6,127.0
3505.0,10,170.0,3.207547169811321,6.626955596125671,0,0.0,0.390567939756528,4,49.0,0.5238529035835906,2,99.0,0.4747498143692891,0,0.0,0.985333625854974,6,148.0
3510.0,6,53.0,1.0816326530612246,6.43439112284861,0,0.0,1.0,0,17.0,0.7191832875107078,1,46.0,0.5824660620806255,0,0.0,0.9883000477939184,1,63.0
3515.0,6,83.0,1.66,7.692054303305892,0,0.0,1.0,0,12.0,0.9201676784882304,1,9.0,0.7672439414141492,0,0.0,0.9673881464650178,1,21.0
3520.0,6,113.0,2.26,7.571042812379711,0,0.0,1.0,0,12.0,0.7354343868339458,1,17.0,0.690158705692803,0,0.0,0.9809671519120999,1,29.0
3525.0,11,158.0,3.16,7.476166041218197,0,0.0,1.0,2,13.0,0.6090218826937519,3,28.0,0.5484104398652603,0,0.0,0.9557744872512608,5,41.0
3530.0,8,164.0,3.215686274509804,7.192758906184486,0,0.0,1.0,0,9.0,0.6720065114948178,0,14.0,0.7740237394064308,0,0.0,0.9772220643734515,0,23.0
3535.0,10,208.0,4.244897959183674,7.113543115595194,0,3.0,0.5239689426902981,1,5.0,0.7190282969292007,0,3.0,0.9658696845661703,0,0.0,0.983943626244611,1,11.0
3540.0,6,77.0,1.6041666666666667,8.278548448690351,0,0.0,0.9636924413323734,2,11.0,0.6998263851433367,0,6.0,0.7524324290767749,0,0.0,0.9447424466775414,2,17.0
3545.0,3,21.0,0.45652173913043476,8.791079637694635,0,0.0,0.9620157107662264,2,21.0,0.6313499541374629,1,6.0,0.6316307630186552,0,0.0,0.9644823911908028,3,27.0
3550.0,0,0.0,0.0,9.102267679313046,0,0.0,1.0,0,3.0,0.7179192477864701,0,3.0,0.9398161424105849,0,0.0,0.9836848788647056,0,6.0
3555.0,0,0.0,0.0,9.196372824860402,0,0.0,1.0,0,3.0,0.9001244936855328,0,3.0,0.7005604556410792,0,0.0,0.9867396428322441,0,6.0
3560.0,1,4.0,0.10526315789473684,8.69479769150828,0,0.0,1.0,0,3.0,0.9732914771748972,1,10.0,0.7613747021343507,0,0.0,0.9563017713864035,1,13.0
3565.0,2,13.0,0.325,8.927362749623395,0,0.0,1.0,0,3.0,0.9284649987233404,1,15.0,0.8269064162403174,0,0.0,0.972531040254771,1,18.0
3570.0,0,0.0,0.0,9.039634556591999,0,0.0,1.0,0,0.0,0.9634247007584092,0,3.0,0.7155457715549756,0,0.0,0.9369043903000724,0,3.0
3575.0,1,5.0,0.1388888888888889,8.679963053168018,0,0.0,1.0,0,0.0,0.4992491357138169,1,8.0,0.6980401328732502,0,0.0,0.9464583220402192,1,8.0
3580.0,2,15.0,0.39473684210526316,8.140404561704152,0,0.0,1.0,1,8.0,0.7183928205160282,1,13.0,0.47157805008999193,0,0.0,0.9126843601901151,2,21.0
3585.0,4,35.0,0.9459459459459459,7.55425020918045,0,0.0,1.0,1,13.0,0.4263802188812992,3,28.0,0.4076467812710396,0,0.0,0.9162775099246262,4,41.0
3590.0,4,31.0,0.8378378378378378,7.246278004634578,0,0.0,1.0,2,23.0,0.49616509336988884,2,23.0,0.20806848245437098,0,0.0,0.9086389803266083,4,46.0
3595.0,2,20.0,0.5405405405405406,8.586274080481706,0,0.0,1.0,0,6.0,0.9293504522690836,2,23.0,0.4832588175246857,0,0.0,0.9186855064729187,2,29.0
3600.0,2,30.0,0.7894736842105263,8.588582510156485,0,0.0,1.0,0,6.0,0.8369691920915204,2,25.0,0.3279657168523245,0,0.0,0.9901231480467111,2,31.0
